t,S,E,I,R,births,deaths,vaccinated,infections,event,person
0.0,990,0,10,0,0,0,0,0,initial,0
0.04332493576701832,991,0,10,0,1,0,0,0,birth,1001
0.044720488977102776,990,0,10,0,1,1,0,0,death,508
0.048320380402592816,989,0,11,0,1,1,0,1,infection,970
0.06164564443386361,989,0,10,1,1,1,0,1,recovery,991
0.10755521519028159,990,0,10,1,2,1,0,1,birth,1002
0.11907289893289374,989,0,10,1,2,2,0,1,death,663
0.12949295137692032,990,0,10,1,3,2,0,1,birth,1003
0.13809246984385165,989,0,10,1,3,3,0,1,death,889
0.164317791230935,988,0,10,1,3,4,0,1,death,22
0.185672973565565,989,0,10,1,4,4,0,1,birth,1004
0.32197206466398454,990,0,10,1,5,4,0,1,birth,1005
0.32934864185792767,989,0,11,1,5,4,0,2,infection,444
0.33020414141158333,988,0,11,1,5,5,0,2,death,263
0.360586268807055,989,0,11,1,6,5,0,2,birth,1006
0.4699239295166334,988,0,11,1,6,6,0,2,death,247
0.48754828117063004,987,0,12,1,6,6,0,3,infection,644
0.5213520407534036,986,0,12,1,6,7,0,3,death,332
0.5847182736861881,985,0,12,1,6,8,0,3,death,747
0.6014581859873093,986,0,12,1,7,8,0,3,birth,1007
0.6479940544751177,985,0,13,1,7,8,0,4,infection,917
0.6681885427531065,986,0,13,1,8,8,0,4,birth,1008
0.69459972804356,987,0,13,1,9,8,0,4,birth,1009
0.703585233968217,986,0,13,1,9,9,0,4,death,569
0.7901456702905074,985,0,13,1,9,10,0,4,death,273
0.7982381962747193,986,0,13,1,10,10,0,4,birth,1010
0.8326080943445483,986,0,12,2,10,10,0,4,recovery,992
0.8831118155354857,985,0,12,2,10,11,0,4,death,314
1.0384337408171933,986,0,12,2,11,11,0,4,birth,1011
1.2035370548784345,986,0,11,3,11,11,0,4,recovery,917
1.2055109781052207,985,0,11,3,11,12,0,4,death,406
1.2317497793829115,985,0,10,4,11,12,0,4,recovery,644
1.2450969306419457,986,0,10,4,12,12,0,4,birth,1012
1.2965183973484768,986,0,9,5,12,12,0,4,recovery,998
1.3182106333920756,985,0,10,5,12,12,0,5,infection,963
1.3305677961219382,986,0,10,5,13,12,0,5,birth,1013
1.3676699359013333,985,0,10,5,13,13,0,5,death,405
1.4395806417654289,984,0,11,5,13,13,0,6,infection,268
1.4880833490102374,983,0,11,5,13,14,0,6,death,936
1.4913375493702938,983,0,10,6,13,14,0,6,recovery,996
1.6144830037360411,982,0,10,6,13,15,0,6,death,982
1.620160012818065,981,0,11,6,13,15,0,7,infection,238
1.6528833147710071,982,0,11,6,14,15,0,7,birth,1014
1.6978498906595574,981,0,11,6,14,16,0,7,death,842
1.7861184880352294,982,0,11,6,15,16,0,7,birth,1015
1.8071187198208931,981,0,11,6,15,17,0,7,death,591
1.8102307161038123,980,0,11,6,15,18,0,7,death,577
1.8166421714482501,981,0,11,6,16,18,0,7,birth,1016
1.8294384331612301,980,0,12,6,16,18,0,8,infection,941
1.856555221786448,981,0,12,6,17,18,0,8,birth,1017
1.9111544534732967,982,0,12,6,18,18,0,8,birth,1018
1.9305355462617881,981,0,12,6,18,19,0,8,death,884
1.9701827050633698,981,0,11,7,18,19,0,8,recovery,997
2.002089823591894,980,0,11,7,18,20,0,8,death,677
2.015173368881245,979,0,11,7,18,21,0,8,death,224
2.0566571947856676,978,0,11,7,18,22,0,8,death,212
2.0980360571012557,979,0,11,7,19,22,0,8,birth,1019
2.1804530269904965,978,0,11,7,19,23,0,8,death,1012
2.183213890294735,979,0,11,7,20,23,0,8,birth,1020
2.249696889625,980,0,11,7,21,23,0,8,birth,1021
2.2560491021556563,981,0,11,7,22,23,0,8,birth,1022
2.2582086516531774,980,0,11,7,22,24,0,8,death,390
2.299834561810546,979,0,11,7,22,25,0,8,death,796
2.322328712068998,978,0,11,7,22,26,0,8,death,104
2.344293215617557,979,0,11,7,23,26,0,8,birth,1023
2.3471320772593067,978,0,12,7,23,26,0,9,infection,52
2.358767573317216,979,0,12,7,24,26,0,9,birth,1024
2.3621141234258802,978,0,13,7,24,26,0,10,infection,552
2.3846151352591396,977,0,14,7,24,26,0,11,infection,372
2.425472954426683,976,0,15,7,24,26,0,12,infection,840
2.4353960681444518,977,0,15,7,25,26,0,12,birth,1025
2.441732778397758,976,0,15,7,25,27,0,12,death,732
2.4466654484649704,976,0,14,8,25,27,0,12,recovery,970
2.4663434211335384,977,0,14,8,26,27,0,12,birth,1026
2.4705314904741553,976,0,14,8,26,28,0,12,death,189
2.495144974818595,977,0,14,8,27,28,0,12,birth,1027
2.52856753325004,976,0,14,8,27,29,0,12,death,708
2.5288843603477575,975,0,15,8,27,29,0,13,infection,175
2.538299201057796,974,0,15,8,27,30,0,13,death,389
2.6966913936087806,973,0,16,8,27,30,0,14,infection,274
2.729812391686253,972,0,16,8,27,31,0,14,death,868
2.8564092706891517,971,0,17,8,27,31,0,15,infection,131
2.8703432339390256,971,0,16,9,27,31,0,15,recovery,1000
2.893340272104422,970,0,17,9,27,31,0,16,infection,79
2.9015982787288417,969,0,18,9,27,31,0,17,infection,1017
2.919698398237929,970,0,18,9,28,31,0,17,birth,1028
2.93008970767377,969,0,18,9,28,32,0,17,death,70
3.0056327002906573,968,0,18,9,28,33,0,17,death,811
3.017238459888269,967,0,18,9,28,34,0,17,death,317
3.066080514751932,967,0,17,10,28,34,0,17,recovery,993
3.108808522085716,968,0,17,10,29,34,0,17,birth,1029
3.1315323011701897,967,0,18,10,29,34,0,18,infection,378
3.2044971467228813,968,0,18,10,30,34,0,18,birth,1030
3.2059279291230394,967,0,19,10,30,34,0,19,infection,122
3.2261652432427574,966,0,19,10,30,35,0,19,death,261
3.25062862184633,966,0,18,10,30,36,0,19,death,378
3.2562314221526947,967,0,18,10,31,36,0,19,birth,1031
3.28851277798274,966,0,19,10,31,36,0,20,infection,85
3.2906731117344434,967,0,19,10,32,36,0,20,birth,1032
3.313067664592962,966,0,19,10,32,37,0,20,death,1011
3.3374020396029915,965,0,20,10,32,37,0,21,infection,601
3.3440814980388414,964,0,21,10,32,37,0,22,infection,369
3.4327922317975634,963,0,21,10,32,38,0,22,death,403
3.454093794635921,962,0,21,10,32,39,0,22,death,216
3.467375590958044,961,0,22,10,32,39,0,23,infection,160
3.491145385736047,960,0,23,10,32,39,0,24,infection,225
3.521632561111913,960,0,22,10,32,40,0,24,death,268
3.549326107779523,959,0,22,10,32,41,0,24,death,494
3.559853122780941,958,0,23,10,32,41,0,25,infection,164
3.5842860260502283,957,0,23,10,32,42,0,25,death,353
3.61273472795071,956,0,23,10,32,43,0,25,death,804
3.6634098727662088,955,0,23,10,32,44,0,25,death,270
3.7753813574357484,956,0,23,10,33,44,0,25,birth,1033
3.789360991553704,955,0,23,10,33,45,0,25,death,543
3.844255763312042,954,0,24,10,33,45,0,26,infection,448
3.853355852232438,953,0,24,10,33,46,0,26,death,354
3.858209059663915,952,0,25,10,33,46,0,27,infection,881
3.924973612442262,952,0,24,11,33,46,0,27,recovery,881
3.9338278594583143,953,0,24,11,34,46,0,27,birth,1034
4.011646833140903,953,0,23,12,34,46,0,27,recovery,444
4.032798049686013,952,0,24,12,34,46,0,28,infection,956
4.046945694225359,953,0,24,12,35,46,0,28,birth,1035
4.05486856176384,954,0,24,12,36,46,0,28,birth,1036
4.065946992753289,955,0,24,12,37,46,0,28,birth,1037
4.107379549248934,955,0,23,13,37,46,0,28,recovery,941
4.117778617387103,954,0,23,13,37,47,0,28,death,516
4.148249462190782,955,0,23,13,38,47,0,28,birth,1038
4.151650298127624,954,0,24,13,38,47,0,29,infection,75
4.212364965683329,953,0,25,13,38,47,0,30,infection,337
4.214888394425539,953,0,24,14,38,47,0,30,recovery,238
4.31519780197767,952,0,25,14,38,47,0,31,infection,306
4.319770247840128,951,0,25,14,38,48,0,31,death,674
4.352959073742884,951,0,24,15,38,48,0,31,recovery,840
4.3697811212568505,952,0,24,15,39,48,0,31,birth,1039
4.448691337904671,951,0,24,15,39,49,0,31,death,145
4.4497845887638965,950,0,25,15,39,49,0,32,infection,1037
4.460906779140116,949,0,25,15,39,50,0,32,death,714
4.4952349429232425,948,0,26,15,39,50,0,33,infection,573
4.526673688940068,947,0,26,15,39,51,0,33,death,600
4.5376022525682265,947,0,25,16,39,51,0,33,recovery,995
4.54230754955023,946,0,25,16,39,52,0,33,death,545
4.545367640751569,945,0,25,16,39,53,0,33,death,531
4.545376084346705,944,0,26,16,39,53,0,34,infection,950
4.562205096487972,944,0,25,16,39,54,0,34,death,337
4.565585193727994,943,0,25,16,39,55,0,34,death,753
4.580557567523096,944,0,25,16,40,55,0,34,birth,1040
4.619704582471573,943,0,25,16,40,56,0,34,death,713
4.6303734210020995,942,0,25,16,40,57,0,34,death,921
4.664845840964574,941,0,25,16,40,58,0,34,death,201
4.679416990682438,942,0,25,16,41,58,0,34,birth,1041
4.694651414998007,943,0,25,16,42,58,0,34,birth,1042
4.7050560221002105,942,0,26,16,42,58,0,35,infection,937
4.818022948914135,941,0,27,16,42,58,0,36,infection,204
4.819105188634007,941,0,26,17,42,58,0,36,recovery,274
4.848346575996327,942,0,26,17,43,58,0,36,birth,1043
4.854187060710249,941,0,26,17,43,59,0,36,death,319
4.930598533688609,940,0,27,17,43,59,0,37,infection,81
4.941695700212906,939,0,28,17,43,59,0,38,infection,312
4.942240268833509,938,0,29,17,43,59,0,39,infection,635
4.9527212622952685,937,0,30,17,43,59,0,40,infection,42
4.960054732558831,938,0,30,17,44,59,0,40,birth,1044
4.990582666198407,937,0,31,17,44,59,0,41,infection,693
5.068379477384014,936,0,32,17,44,59,0,42,infection,117
5.129028973734884,936,0,31,18,44,59,0,42,recovery,160
5.130012457519909,936,0,30,19,44,59,0,42,recovery,369
5.26265601690125,936,0,29,20,44,59,0,42,recovery,81
5.263769360417014,935,0,30,20,44,59,0,43,infection,839
5.270425992989105,934,0,30,20,44,60,0,43,death,870
5.295978668669278,934,0,29,21,44,60,0,43,recovery,42
5.3494597861007795,933,0,30,21,44,60,0,44,infection,895
5.359559519157246,933,0,29,22,44,60,0,44,recovery,1017
5.363116940968149,932,0,29,22,44,61,0,44,death,16
5.370789863436407,931,0,30,22,44,61,0,45,infection,413
5.38310714847003,930,0,30,22,44,62,0,45,death,812
5.438630047226168,929,0,31,22,44,62,0,46,infection,186
5.576111833311168,928,0,31,22,44,63,0,46,death,368
5.579090201587517,929,0,31,22,45,63,0,46,birth,1045
5.619149386529074,929,0,30,23,45,63,0,46,recovery,186
5.695481338044134,930,0,30,23,46,63,0,46,birth,1046
5.719086540414185,930,0,29,24,46,63,0,46,recovery,635
5.728235871093423,929,0,30,24,46,63,0,47,infection,214
5.74703588829435,928,0,30,24,46,64,0,47,death,782
5.767508997089713,929,0,30,24,47,64,0,47,birth,1047
5.785257547224001,928,0,30,24,47,65,0,47,death,898
5.809777977806563,929,0,30,24,48,65,0,47,birth,1048
5.8210869532746425,928,0,30,24,48,66,0,47,death,705
5.9298890498587395,927,0,31,24,48,66,0,48,infection,394
5.932940780027267,926,0,32,24,48,66,0,49,infection,298
5.95694087154063,927,0,32,24,49,66,0,49,birth,1049
5.968214757267423,928,0,32,24,50,66,0,49,birth,1050
5.976575214996385,927,0,32,24,50,67,0,49,death,142
5.988080544955863,926,0,33,24,50,67,0,50,infection,43
6.031928239661876,925,0,33,24,50,68,0,50,death,549
6.042052358603451,925,0,32,25,50,68,0,50,recovery,131
6.0466979070635976,924,0,33,25,50,68,0,51,infection,943
6.059395651782724,923,0,34,25,50,68,0,52,infection,453
6.095163677706795,923,0,33,26,50,68,0,52,recovery,52
6.116635778915457,922,0,34,26,50,68,0,53,infection,607
6.12735941476772,921,0,34,26,50,69,0,53,death,432
6.210699633407748,922,0,34,26,51,69,0,53,birth,1051
6.2237179048029745,921,0,35,26,51,69,0,54,infection,191
6.230892226452589,920,0,36,26,51,69,0,55,infection,661
6.233034151366914,919,0,36,26,51,70,0,55,death,687
6.292242192137531,920,0,36,26,52,70,0,55,birth,1052
6.294088417115274,920,0,35,27,52,70,0,55,recovery,607
6.368792363267756,919,0,36,27,52,70,0,56,infection,464
6.3714473545670245,919,0,35,28,52,70,0,56,recovery,75
6.416331020831952,920,0,35,28,53,70,0,56,birth,1053
6.422584773135373,919,0,36,28,53,70,0,57,infection,824
6.42271130447682,918,0,36,28,53,71,0,57,death,589
6.487075363278019,917,0,37,28,53,71,0,58,infection,662
6.49274683816448,918,0,37,28,54,71,0,58,birth,1054
6.500610176342977,919,0,37,28,55,71,0,58,birth,1055
6.521671620861079,920,0,37,28,56,71,0,58,birth,1056
6.5305911053726495,921,0,37,28,57,71,0,58,birth,1057
6.608162770828095,922,0,37,28,58,71,0,58,birth,1058
6.629511833444523,922,0,36,29,58,71,0,58,recovery,225
6.631251656028301,921,0,37,29,58,71,0,59,infection,537
6.645473869929583,920,0,37,29,58,72,0,59,death,1046
6.654962739028178,921,0,37,29,59,72,0,59,birth,1059
6.680646692284413,921,0,36,30,59,72,0,59,recovery,537
6.7575718508950295,920,0,36,30,59,73,0,59,death,802
6.767073942044178,921,0,36,30,60,73,0,59,birth,1060
6.80173746525648,920,0,37,30,60,73,0,60,infection,723
6.855913735371326,919,0,37,30,60,74,0,60,death,769
6.912690105442077,919,0,36,31,60,74,0,60,recovery,839
6.952675434882917,918,0,37,31,60,74,0,61,infection,381
6.965410802751887,917,0,37,31,60,75,0,61,death,540
7.0112877619079885,917,0,36,32,60,75,0,61,recovery,117
7.039705466214415,916,0,37,32,60,75,0,62,infection,793
7.052367449236683,917,0,37,32,61,75,0,62,birth,1061
7.109816395245387,916,0,38,32,61,75,0,63,infection,596
7.124017628601237,915,0,38,32,61,76,0,63,death,1058
7.131147419317234,914,0,39,32,61,76,0,64,infection,748
7.13557307729729,913,0,40,32,61,76,0,65,infection,612
7.1471862738308065,914,0,40,32,62,76,0,65,birth,1062
7.154227834161203,913,0,40,32,62,77,0,65,death,69
7.174882036332872,912,0,41,32,62,77,0,66,infection,437
7.206203863748536,911,0,42,32,62,77,0,67,infection,115
7.2880733864396525,910,0,42,32,62,78,0,67,death,906
7.291726807890368,911,0,42,32,63,78,0,67,birth,1063
7.29888089714152,910,0,43,32,63,78,0,68,infection,193
7.300846917182577,910,0,42,33,63,78,0,68,recovery,895
7.308808304229219,910,0,41,34,63,78,0,68,recovery,573
7.331691503004624,911,0,41,34,64,78,0,68,birth,1064
7.3505135971282005,911,0,40,35,64,78,0,68,recovery,464
7.425070665985252,910,0,40,35,64,79,0,68,death,174
7.425218502655498,909,0,40,35,64,80,0,68,death,133
7.429928958799993,909,0,39,36,64,80,0,68,recovery,793
7.4314465865413,909,0,38,37,64,80,0,68,recovery,191
7.4322537620447315,908,0,39,37,64,80,0,69,infection,65
7.5392427998683065,908,0,38,38,64,80,0,69,recovery,65
7.541222875161728,909,0,38,38,65,80,0,69,birth,1065
7.596288931518277,908,0,39,38,65,80,0,70,infection,651
7.610515970645531,907,0,39,38,65,81,0,70,death,423
7.658794843293838,908,0,39,38,66,81,0,70,birth,1066
7.658878339051447,907,0,40,38,66,81,0,71,infection,945
7.669074572268594,907,0,39,39,66,81,0,71,recovery,193
7.687517247366463,908,0,39,39,67,81,0,71,birth,1067
7.695995936878573,909,0,39,39,68,81,0,71,birth,1068
7.759926087205969,908,0,40,39,68,81,0,72,infection,462
7.763523183038581,907,0,41,39,68,81,0,73,infection,1007
7.7673215521548835,908,0,41,39,69,81,0,73,birth,1069
7.840621909820099,909,0,41,39,70,81,0,73,birth,1070
7.867294389256808,908,0,42,39,70,81,0,74,infection,864
7.872084067958276,907,0,43,39,70,81,0,75,infection,856
7.877335166057739,908,0,43,39,71,81,0,75,birth,1071
7.878596973926305,907,0,44,39,71,81,0,76,infection,965
7.91281131583486,907,0,43,40,71,81,0,76,recovery,122
7.925934490338599,907,0,43,39,71,82,0,76,death,644
7.9361666323622995,907,0,42,40,71,82,0,76,recovery,612
7.947840336242371,908,0,42,40,72,82,0,76,birth,1072
7.962910932459044,907,0,43,40,72,82,0,77,infection,559
7.976613067730353,906,0,44,40,72,82,0,78,infection,283
8.027489245481787,905,0,44,40,72,83,0,78,death,367
8.031828769119139,904,0,45,40,72,83,0,79,infection,878
8.040161342487677,905,0,45,40,73,83,0,79,birth,1073
8.062087073206232,904,0,46,40,73,83,0,80,infection,195
8.066271301002306,904,0,45,41,73,83,0,80,recovery,462
8.129406280849686,903,0,45,41,73,84,0,80,death,597
8.134799370709231,902,0,46,41,73,84,0,81,infection,299
8.136569453850884,901,0,47,41,73,84,0,82,infection,727
8.145291383277163,902,0,47,41,74,84,0,82,birth,1074
8.160137690363758,902,0,46,42,74,84,0,82,recovery,381
8.173919505691252,901,0,47,42,74,84,0,83,infection,522
8.205039784585397,902,0,47,42,75,84,0,83,birth,1075
8.243534777713032,903,0,47,42,76,84,0,83,birth,1076
8.261817868140506,903,0,46,43,76,84,0,83,recovery,298
8.280450036956154,904,0,46,43,77,84,0,83,birth,1077
8.299698088492406,903,0,47,43,77,84,0,84,infection,187
8.30553200201476,904,0,47,43,78,84,0,84,birth,1078
8.326831980133386,905,0,47,43,79,84,0,84,birth,1079
8.347684557440276,904,0,48,43,79,84,0,85,infection,143
8.379968724895619,905,0,48,43,80,84,0,85,birth,1080
8.395390408668748,904,0,49,43,80,84,0,86,infection,221
8.419718446733597,904,0,48,44,80,84,0,86,recovery,283
8.451030066836767,903,0,49,44,80,84,0,87,infection,1070
8.464475192944958,903,0,48,45,80,84,0,87,recovery,175
8.46696337872742,902,0,48,45,80,85,0,87,death,904
8.472115472256323,901,0,48,45,80,86,0,87,death,911
8.496131920587372,900,0,49,45,80,86,0,88,infection,566
8.515212293442303,899,0,49,45,80,87,0,88,death,420
8.53464749129647,898,0,50,45,80,87,0,89,infection,194
8.549617981055023,899,0,50,45,81,87,0,89,birth,1081
8.562635430662223,898,0,51,45,81,87,0,90,infection,767
8.580840965764446,897,0,52,45,81,87,0,91,infection,952
8.632537756028075,896,0,53,45,81,87,0,92,infection,962
8.634937209197167,895,0,54,45,81,87,0,93,infection,256
8.651302559818909,894,0,55,45,81,87,0,94,infection,837
8.653611656080843,894,0,54,46,81,87,0,94,recovery,187
8.662542720931786,893,0,54,46,81,88,0,94,death,54
8.68214098454354,894,0,54,46,82,88,0,94,birth,1082
8.735755054624036,894,0,53,47,82,88,0,94,recovery,115
8.748066993399078,893,0,53,47,82,89,0,94,death,668
8.749242767088836,893,0,52,48,82,89,0,94,recovery,837
8.760947652381962,892,0,52,48,82,90,0,94,death,947
8.801954891177452,892,0,51,49,82,90,0,94,recovery,950
8.809073004377169,891,0,52,49,82,90,0,95,infection,813
8.824287777451586,890,0,53,49,82,90,0,96,infection,879
8.829281300258526,890,0,52,50,82,90,0,96,recovery,813
8.837181915906301,890,0,51,51,82,90,0,96,recovery,437
8.881381257669833,889,0,52,51,82,90,0,97,infection,712
8.908580700022457,888,0,52,51,82,91,0,97,death,409
8.910404470486196,889,0,52,51,83,91,0,97,birth,1083
8.961129174334655,889,0,51,52,83,91,0,97,recovery,748
8.967496011460105,888,0,51,52,83,92,0,97,death,262
8.981957577256647,887,0,51,52,83,93,0,97,death,290
9.00293038684814,886,0,52,52,83,93,0,98,infection,71
9.025274731381158,887,0,52,52,84,93,0,98,birth,1084
9.028083309835345,886,0,53,52,84,93,0,99,infection,457
9.066591952097962,886,0,52,53,84,93,0,99,recovery,878
9.072857435352542,885,0,52,53,84,94,0,99,death,1061
9.078621135543537,884,0,53,53,84,94,0,100,infection,240
9.110778530098663,883,0,54,53,84,94,0,101,infection,407
9.11560014202864,883,0,53,54,84,94,0,101,recovery,194
9.15306882973753,882,0,54,54,84,94,0,102,infection,789
9.154724399647137,881,0,55,54,84,94,0,103,infection,380
9.159615595335064,880,0,56,54,84,94,0,104,infection,707
9.169599794089594,880,0,55,55,84,94,0,104,recovery,372
9.190221472764,879,0,56,55,84,94,0,105,infection,178
9.200915222293569,880,0,56,55,85,94,0,105,birth,1085
9.206749210265126,880,0,55,56,85,94,0,105,recovery,221
9.20948370578852,881,0,55,56,86,94,0,105,birth,1086
9.228898975301407,880,0,55,56,86,95,0,105,death,846
9.236122207219251,879,0,56,56,86,95,0,106,infection,127
9.281408777631972,878,0,57,56,86,95,0,107,infection,1031
9.286917349138566,877,0,58,56,86,95,0,108,infection,24
9.29670202777331,876,0,58,56,86,96,0,108,death,422
9.31031940260647,875,0,59,56,86,96,0,109,infection,295
9.310650735135425,874,0,60,56,86,96,0,110,infection,757
9.320961891301057,875,0,60,56,87,96,0,110,birth,1087
9.344173509449346,875,0,59,57,87,96,0,110,recovery,962
9.360547956843812,874,0,60,57,87,96,0,111,infection,815
9.375114744365634,873,0,61,57,87,96,0,112,infection,294
9.402691397691006,872,0,61,57,87,97,0,112,death,931
9.413315190562315,872,0,60,58,87,97,0,112,recovery,661
9.416237547237754,872,0,59,59,87,97,0,112,recovery,1007
9.428003178168568,871,0,60,59,87,97,0,113,infection,1064
9.435075288181014,872,0,60,59,88,97,0,113,birth,1088
9.444930664405334,871,0,61,59,88,97,0,114,infection,869
9.455153287408422,872,0,61,59,89,97,0,114,birth,1089
9.461879914740669,872,0,60,60,89,97,0,114,recovery,299
9.464279633573337,872,0,59,61,89,97,0,114,recovery,945
9.480961010857358,871,0,60,61,89,97,0,115,infection,866
9.49952787899945,870,0,60,61,89,98,0,115,death,1068
9.508390321324775,869,0,61,61,89,98,0,116,infection,156
9.52015471270633,869,0,60,62,89,98,0,116,recovery,864
9.520411302635907,870,0,60,62,90,98,0,116,birth,1090
9.535462236340347,870,0,59,63,90,98,0,116,recovery,727
9.543562181360576,871,0,59,63,91,98,0,116,birth,1091
9.624753232812882,870,0,60,63,91,98,0,117,infection,984
9.627893911873663,870,0,59,64,91,98,0,117,recovery,1031
9.630572721268045,869,0,60,64,91,98,0,118,infection,711
9.675118064225261,870,0,60,64,92,98,0,118,birth,1092
9.688398300728734,869,0,61,64,92,98,0,119,infection,685
9.708043466065359,868,0,62,64,92,98,0,120,infection,455
9.708136602628683,869,0,62,64,93,98,0,120,birth,1093
9.712997837376438,868,0,63,64,93,98,0,121,infection,1081
9.715579833870901,869,0,63,64,94,98,0,121,birth,1094
9.736149051522641,869,0,63,63,94,99,0,121,death,840
9.740422297354318,869,0,62,64,94,99,0,121,recovery,24
9.749538351749791,870,0,62,64,95,99,0,121,birth,1095
9.757245755244657,869,0,62,64,95,100,0,121,death,1027
9.780145149964758,869,0,61,65,95,100,0,121,recovery,240
9.785769530717507,870,0,61,65,96,100,0,121,birth,1096
9.787777856316875,871,0,61,65,97,100,0,121,birth,1097
9.804503801149785,871,0,60,66,97,100,0,121,recovery,407
9.816036337423823,870,0,61,66,97,100,0,122,infection,166
9.826453331299733,869,0,62,66,97,100,0,123,infection,146
9.842717601939974,868,0,63,66,97,100,0,124,infection,694
9.844334623219881,867,0,64,66,97,100,0,125,infection,546
9.848421516018893,866,0,65,66,97,100,0,126,infection,865
9.849231065007135,865,0,65,66,97,101,0,126,death,474
9.899120803110272,866,0,65,66,98,101,0,126,birth,1098
9.916137398639476,865,0,66,66,98,101,0,127,infection,1055
9.91837670751334,864,0,66,66,98,102,0,127,death,907
10.010189884288637,863,0,66,66,98,103,0,127,death,179
10.017562297130588,863,0,65,67,98,103,0,127,recovery,178
10.02303739591693,862,0,66,67,98,103,0,128,infection,417
10.023064056477311,863,0,66,67,99,103,0,128,birth,1099
10.026453706021444,863,0,65,68,99,103,0,128,recovery,711
10.056079919841642,864,0,65,68,100,103,0,128,birth,1100
10.088455450323718,863,0,66,68,100,103,0,129,infection,535
10.097506332655508,862,0,66,68,100,104,0,129,death,330
10.12368200963982,863,0,66,68,101,104,0,129,birth,1101
10.154508912859608,863,0,66,67,101,105,0,129,death,998
10.18530853107632,864,0,66,67,102,105,0,129,birth,1102
10.207013749672084,863,0,67,67,102,105,0,130,infection,513
10.231309572307003,863,0,66,68,102,105,0,130,recovery,457
10.25218608305138,862,0,67,68,102,105,0,131,infection,1045
10.267670200968338,861,0,68,68,102,105,0,132,infection,665
10.282765522829722,860,0,69,68,102,105,0,133,infection,138
10.291713820598538,859,0,70,68,102,105,0,134,infection,255
10.319965624440126,859,0,69,69,102,105,0,134,recovery,295
10.325477493195766,858,0,70,69,102,105,0,135,infection,249
10.329639985287733,857,0,71,69,102,105,0,136,infection,112
10.338385513779825,858,0,71,69,103,105,0,136,birth,1103
10.340067838268528,857,0,72,69,103,105,0,137,infection,983
10.344499174585376,856,0,73,69,103,105,0,138,infection,872
10.356653395256988,855,0,74,69,103,105,0,139,infection,696
10.385575901854985,854,0,75,69,103,105,0,140,infection,557
10.386479570121619,853,0,76,69,103,105,0,141,infection,80
10.416688561034247,852,0,77,69,103,105,0,142,infection,384
10.436571900346896,851,0,78,69,103,105,0,143,infection,809
10.448417109731079,850,0,78,69,103,106,0,143,death,388
10.454018177741135,850,0,77,70,103,106,0,143,recovery,866
10.461593641806754,849,0,77,70,103,107,0,143,death,198
10.471484378807894,849,0,76,71,103,107,0,143,recovery,665
10.490530004454635,849,0,75,72,103,107,0,143,recovery,696
10.497653324233706,849,0,74,73,103,107,0,143,recovery,937
10.513421318321498,848,0,75,73,103,107,0,144,infection,301
10.515960645132562,847,0,76,73,103,107,0,145,infection,239
10.530911910353005,846,0,77,73,103,107,0,146,infection,1039
10.535150473878732,845,0,78,73,103,107,0,147,infection,1023
10.5431073557689,846,0,78,73,104,107,0,147,birth,1104
10.557601515432086,845,0,79,73,104,107,0,148,infection,798
10.56465417310061,846,0,79,73,105,107,0,148,birth,1105
10.575596804807786,845,0,80,73,105,107,0,149,infection,715
10.613341454559784,844,0,81,73,105,107,0,150,infection,754
10.621484577897093,843,0,81,73,105,108,0,150,death,843
10.624552105309922,843,0,80,74,105,108,0,150,recovery,693
10.62635824745855,842,0,81,74,105,108,0,151,infection,350
10.640421019014905,841,0,81,74,105,109,0,151,death,498
10.644343253780317,840,0,82,74,105,109,0,152,infection,853
10.650325353318776,841,0,82,74,106,109,0,152,birth,1106
10.651903937223603,840,0,83,74,106,109,0,153,infection,492
10.653390520651849,839,0,84,74,106,109,0,154,infection,470
10.66935444526211,838,0,85,74,106,109,0,155,infection,468
10.671280841153822,837,0,86,74,106,109,0,156,infection,777
10.67343215114709,836,0,86,74,106,110,0,156,death,595
10.677458689218296,836,0,85,75,106,110,0,156,recovery,777
10.67970407890339,835,0,86,75,106,110,0,157,infection,293
10.695859426097705,836,0,86,75,107,110,0,157,birth,1107
10.703330198244998,836,0,85,76,107,110,0,157,recovery,306
10.706069166337537,835,0,86,76,107,110,0,158,infection,929
10.718525364979866,834,0,87,76,107,110,0,159,infection,617
10.72538806376717,835,0,87,76,108,110,0,159,birth,1108
10.725907357776126,835,0,86,77,108,110,0,159,recovery,694
10.728946290130809,834,0,86,77,108,111,0,159,death,15
10.763827689515738,834,0,85,78,108,111,0,159,recovery,789
10.775413846281456,833,0,86,78,108,111,0,160,infection,849
10.789396943829956,832,0,86,78,108,112,0,160,death,772
10.800609025784674,831,0,87,78,108,112,0,161,infection,930
10.858357924447652,832,0,87,78,109,112,0,161,birth,1109
10.880080165022395,831,0,88,78,109,112,0,162,infection,953
10.883877166351326,831,0,87,79,109,112,0,162,recovery,929
10.91530402466342,832,0,87,79,110,112,0,162,birth,1110
10.932178384176618,832,0,86,80,110,112,0,162,recovery,195
10.933023179206817,832,0,85,81,110,112,0,162,recovery,522
10.938218358575556,831,0,86,81,110,112,0,163,infection,497
10.948747153486492,830,0,87,81,110,112,0,164,infection,647
10.955327005001955,829,0,88,81,110,112,0,165,infection,167
10.974579498833322,828,0,89,81,110,112,0,166,infection,672
10.974799028969771,828,0,88,82,110,112,0,166,recovery,1045
10.987802528850889,828,0,87,83,110,112,0,166,recovery,853
10.992328329262717,829,0,87,83,111,112,0,166,birth,1111
11.081318869685454,829,0,86,84,111,112,0,166,recovery,239
11.084176730574281,829,0,85,85,111,112,0,166,recovery,856
11.086130495602648,828,0,86,85,111,112,0,167,infection,621
11.08935130813938,827,0,87,85,111,112,0,168,infection,633
11.110452964748488,828,0,87,85,112,112,0,168,birth,1112
11.134637736282675,828,0,86,86,112,112,0,168,recovery,470
11.141466920688783,827,0,87,86,112,112,0,169,infection,1075
11.149435268451066,827,0,86,87,112,112,0,169,recovery,953
11.150779329428898,826,0,87,87,112,112,0,170,infection,1089
11.150980314378513,827,0,87,87,113,112,0,170,birth,1113
11.153010670554828,828,0,87,87,114,112,0,170,birth,1114
11.161932348630772,829,0,87,87,115,112,0,170,birth,1115
11.162821689843398,828,0,87,87,115,113,0,170,death,988
11.164518526964326,828,0,86,88,115,113,0,170,recovery,956
11.19507505697098,827,0,87,88,115,113,0,171,infection,640
11.195793590502735,826,0,88,88,115,113,0,172,infection,51
11.201947060389067,825,0,89,88,115,113,0,173,infection,472
11.208221654343266,825,0,88,89,115,113,0,173,recovery,879
11.237381422287498,824,0,89,89,115,113,0,174,infection,675
11.247866232187315,824,0,88,90,115,113,0,174,recovery,672
11.249262980703786,823,0,89,90,115,113,0,175,infection,910
11.258471611619836,823,0,88,91,115,113,0,175,recovery,112
11.26405697351387,822,0,89,91,115,113,0,176,infection,471
11.27051470090747,821,0,90,91,115,113,0,177,infection,698
11.284636247817705,820,0,91,91,115,113,0,178,infection,14
11.291281562981899,821,0,91,91,116,113,0,178,birth,1116
11.326811843810626,821,0,90,92,116,113,0,178,recovery,1075
11.32799689042422,821,0,89,93,116,113,0,178,recovery,80
11.341073513606428,821,0,88,94,116,113,0,178,recovery,865
11.36122178637884,820,0,89,94,116,113,0,179,infection,538
11.366120365639794,819,0,90,94,116,113,0,180,infection,20
11.376209307178534,819,0,89,95,116,113,0,180,recovery,984
11.376246730039332,818,0,90,95,116,113,0,181,infection,749
11.38856518014499,817,0,91,95,116,113,0,182,infection,450
11.39261357275648,816,0,92,95,116,113,0,183,infection,439
11.400661458547912,816,0,91,96,116,113,0,183,recovery,798
11.403678254945357,817,0,91,96,117,113,0,183,birth,1117
11.415899609061878,817,0,90,97,117,113,0,183,recovery,535
11.415976287818303,816,0,91,97,117,113,0,184,infection,752
11.426639504861006,817,0,91,97,118,113,0,184,birth,1118
11.431915035866641,816,0,91,97,118,114,0,184,death,1016
11.441648361635199,816,0,90,98,118,114,0,184,recovery,621
11.447319513038133,815,0,91,98,118,114,0,185,infection,863
11.453037099610036,815,0,90,99,118,114,0,185,recovery,559
11.464269216981604,816,0,90,99,119,114,0,185,birth,1119
11.471618723213437,816,0,89,100,119,114,0,185,recovery,513
11.508886947343523,816,0,88,101,119,114,0,185,recovery,849
11.511653491400503,815,0,89,101,119,114,0,186,infection,1110
11.513756242998449,814,0,89,101,119,115,0,186,death,902
11.526494648630226,815,0,89,101,120,115,0,186,birth,1120
11.56981103450437,814,0,90,101,120,115,0,187,infection,841
11.571659648027282,813,0,91,101,120,115,0,188,infection,831
11.58733509543071,812,0,92,101,120,115,0,189,infection,587
11.597259579982174,812,0,91,102,120,115,0,189,recovery,994
11.599305684077335,811,0,92,102,120,115,0,190,infection,281
11.604180293008874,811,0,91,103,120,115,0,190,recovery,815
11.609888688393788,810,0,92,103,120,115,0,191,infection,1052
11.63375844436266,809,0,93,103,120,115,0,192,infection,469
11.639957869821753,809,0,92,104,120,115,0,192,recovery,1039
11.658809422271116,808,0,93,104,120,115,0,193,infection,461
11.676249270486101,807,0,93,104,120,116,0,193,death,36
11.692128892265035,806,0,94,104,120,116,0,194,infection,165
11.697003586005296,806,0,93,105,120,116,0,194,recovery,1055
11.70191155193115,806,0,92,105,120,117,0,194,death,43
11.704562252027445,805,0,93,105,120,117,0,195,infection,94
11.723756715655767,805,0,92,106,120,117,0,195,recovery,417
11.728660820561863,806,0,92,106,121,117,0,195,birth,1121
11.744091774600193,806,0,91,107,121,117,0,195,recovery,394
11.74606512142155,805,0,92,107,121,117,0,196,infection,861
11.795835184635795,804,0,93,107,121,117,0,197,infection,836
11.823430861833492,803,0,94,107,121,117,0,198,infection,480
11.825604808371038,803,0,93,108,121,117,0,198,recovery,146
11.839354749055666,802,0,94,108,121,117,0,199,infection,463
11.850980985357266,801,0,95,108,121,117,0,200,infection,440
11.858236063542387,801,0,94,109,121,117,0,200,recovery,685
11.866405661683046,801,0,93,110,121,117,0,200,recovery,214
11.869391536751335,800,0,94,110,121,117,0,201,infection,50
11.871850007923738,799,0,95,110,121,117,0,202,infection,98
11.915783672960249,799,0,94,111,121,117,0,202,recovery,469
11.916901787606333,798,0,95,111,121,117,0,203,infection,850
11.921520227694002,798,0,94,112,121,117,0,203,recovery,546
11.93324215412842,799,0,94,112,122,117,0,203,birth,1122
11.96779671509116,798,0,95,112,122,117,0,204,infection,620
11.984602308867776,797,0,96,112,122,117,0,205,infection,592
11.9850891255563,796,0,97,112,122,117,0,206,infection,385
12.013641773296383,795,0,98,112,122,117,0,207,infection,822
12.014492998516895,794,0,99,112,122,117,0,208,infection,223
12.042748715636165,793,0,100,112,122,117,0,209,infection,264
12.087207003625064,794,0,100,112,123,117,0,209,birth,1123
12.088999887329345,793,0,101,112,123,117,0,210,infection,47
12.121322112723142,793,0,100,113,123,117,0,210,recovery,384
12.122219296706335,792,0,101,113,123,117,0,211,infection,691
12.128751855730524,791,0,102,113,123,117,0,212,infection,231
12.133933049535928,791,0,101,114,123,117,0,212,recovery,461
12.140343584969605,791,0,100,115,123,117,0,212,recovery,1081
12.156349693795311,790,0,101,115,123,117,0,213,infection,787
12.165436917766081,789,0,102,115,123,117,0,214,infection,915
12.168499691939322,788,0,103,115,123,117,0,215,infection,859
12.213578412229952,788,0,102,116,123,117,0,215,recovery,440
12.223912331366291,787,0,103,116,123,117,0,216,infection,102
12.226165899934498,786,0,104,116,123,117,0,217,infection,909
12.241717442813462,785,0,105,116,123,117,0,218,infection,393
12.248951824917055,784,0,106,116,123,117,0,219,infection,1048
12.255327450220689,784,0,105,117,123,117,0,219,recovery,662
12.266694553021688,783,0,106,117,123,117,0,220,infection,61
12.276271444703562,782,0,107,117,123,117,0,221,infection,759
12.283234079526233,781,0,107,117,123,118,0,221,death,830
12.284275122102182,782,0,107,117,124,118,0,221,birth,1124
12.291792369729832,781,0,108,117,124,118,0,222,infection,1098
12.305301706127933,780,0,108,117,124,119,0,222,death,763
12.309215654319718,779,0,109,117,124,119,0,223,infection,618
12.313128801369531,780,0,109,117,125,119,0,223,birth,1125
12.32796287144135,781,0,109,117,126,119,0,223,birth,1126
12.332055320264084,782,0,109,117,127,119,0,223,birth,1127
12.35628683868721,782,0,108,118,127,119,0,223,recovery,831
12.362594532125062,781,0,109,118,127,119,0,224,infection,206
12.36771720916535,780,0,110,118,127,119,0,225,infection,1073
12.368989984769865,779,0,111,118,127,119,0,226,infection,973
12.411187616312228,778,0,112,118,127,119,0,227,infection,489
12.413662432829078,778,0,111,119,127,119,0,227,recovery,754
12.416401484341836,777,0,112,119,127,119,0,228,infection,140
12.423792870713593,777,0,111,120,127,119,0,228,recovery,601
12.430388511607049,776,0,112,120,127,119,0,229,infection,623
12.439812992875861,777,0,112,120,128,119,0,229,birth,1128
12.457593039565367,778,0,112,120,129,119,0,229,birth,1129
12.458880108241873,778,0,111,121,129,119,0,229,recovery,256
12.475194516838593,779,0,111,121,130,119,0,229,birth,1130
12.488353702559357,778,0,112,121,130,119,0,230,infection,951
12.497224274913425,777,0,113,121,130,119,0,231,infection,233
12.516200236356072,776,0,114,121,130,119,0,232,infection,103
12.527219796257864,775,0,115,121,130,119,0,233,infection,321
12.527369357752873,774,0,116,121,130,119,0,234,infection,700
12.536534047008796,773,0,116,121,130,120,0,234,death,129
12.561307420674748,772,0,117,121,130,120,0,235,infection,292
12.607999961304683,773,0,117,121,131,120,0,235,birth,1131
12.615784837053052,772,0,118,121,131,120,0,236,infection,1010
12.628877976561887,772,0,117,122,131,120,0,236,recovery,140
12.63881290944038,771,0,118,122,131,120,0,237,infection,8
12.68345384335028,770,0,119,122,131,120,0,238,infection,786
12.705776276315715,769,0,120,122,131,120,0,239,infection,887
12.70611925781216,769,0,119,123,131,120,0,239,recovery,103
12.70820442003616,768,0,120,123,131,120,0,240,infection,602
12.713485034333182,769,0,120,123,132,120,0,240,birth,1132
12.718023726188964,769,0,119,124,132,120,0,240,recovery,293
12.724504171894313,769,0,118,125,132,120,0,240,recovery,930
12.729308047714639,769,0,117,126,132,120,0,240,recovery,204
12.735249826409188,769,0,116,127,132,120,0,240,recovery,850
12.742986443207407,768,0,116,127,132,121,0,240,death,184
12.745395546541893,767,0,117,127,132,121,0,241,infection,1008
12.763808276673283,766,0,118,127,132,121,0,242,infection,374
12.76456682697206,765,0,119,127,132,121,0,243,infection,144
12.77517456415114,765,0,118,128,132,121,0,243,recovery,869
12.77829600263408,764,0,119,128,132,121,0,244,infection,1003
12.800638693559618,763,0,120,128,132,121,0,245,infection,251
12.80357311351294,763,0,119,129,132,121,0,245,recovery,1070
12.805450566712876,762,0,120,129,132,121,0,246,infection,1051
12.809208730776444,761,0,121,129,132,121,0,247,infection,91
12.813349601575533,760,0,122,129,132,121,0,248,infection,404
12.829678142990089,761,0,122,129,133,121,0,248,birth,1133
12.839326125830166,760,0,123,129,133,121,0,249,infection,728
12.852514515724927,759,0,123,129,133,122,0,249,death,1118
12.855312122639148,758,0,124,129,133,122,0,250,infection,978
12.875262971212067,757,0,125,129,133,122,0,251,infection,670
12.875703121545468,756,0,126,129,133,122,0,252,infection,630
12.887372450352885,755,0,127,129,133,122,0,253,infection,740
12.915778192172594,755,0,126,130,133,122,0,253,recovery,700
12.937409825682037,754,0,127,130,133,122,0,254,infection,716
12.949053382961452,753,0,128,130,133,122,0,255,infection,322
12.950143517413727,754,0,128,130,134,122,0,255,birth,1134
12.953628163247963,754,0,128,129,134,123,0,255,death,992
12.958564710579045,753,0,129,129,134,123,0,256,infection,626
12.968417487293845,753,0,128,130,134,123,0,256,recovery,566
12.96915458885815,752,0,129,130,134,123,0,257,infection,1026
12.973297250543162,751,0,130,130,134,123,0,258,infection,717
12.973637260818332,750,0,130,130,134,124,0,258,death,926
12.974294921992147,751,0,130,130,135,124,0,258,birth,1135
13.002799451569032,750,0,131,130,135,124,0,259,infection,285
13.005133003355727,751,0,131,130,136,124,0,259,birth,1136
13.021420587589654,750,0,132,130,136,124,0,260,infection,151
13.030972869160228,749,0,132,130,136,125,0,260,death,897
13.045434499341107,749,0,131,131,136,125,0,260,recovery,472
13.04853349272284,748,0,132,131,136,125,0,261,infection,1085
13.06464779810473,748,0,131,132,136,125,0,261,recovery,14
13.069983328727721,748,0,130,133,136,125,0,261,recovery,404
13.079930166020706,747,0,131,133,136,125,0,262,infection,229
13.082001419344833,747,0,130,134,136,125,0,262,recovery,1010
13.090752625508209,746,0,131,134,136,125,0,263,infection,452
13.093675952383048,745,0,132,134,136,125,0,264,infection,959
13.106802742617697,744,0,133,134,136,125,0,265,infection,1062
13.109884832613512,744,0,132,135,136,125,0,265,recovery,321
13.138181562863348,744,0,131,135,136,126,0,265,death,951
13.144575942943654,743,0,132,135,136,126,0,266,infection,900
13.148204232340534,742,0,133,135,136,126,0,267,infection,598
13.153106281626354,741,0,134,135,136,126,0,268,infection,862
13.173675449855361,740,0,135,135,136,126,0,269,infection,1033
13.175502606716586,740,0,134,136,136,126,0,269,recovery,959
13.176075131296914,739,0,135,136,136,126,0,270,infection,556
13.181598935200835,738,0,136,136,136,126,0,271,infection,986
13.19018512253806,737,0,137,136,136,126,0,272,infection,1124
13.195256982453737,736,0,138,136,136,126,0,273,infection,345
13.201649646172994,735,0,139,136,136,126,0,274,infection,371
13.20592080428459,735,0,139,135,136,127,0,274,death,204
13.21311440910341,734,0,140,135,136,127,0,275,infection,944
13.219275743830435,733,0,141,135,136,127,0,276,infection,659
13.232995638029157,733,0,140,136,136,127,0,276,recovery,872
13.280681667176262,732,0,141,136,136,127,0,277,infection,642
13.297871217639939,731,0,142,136,136,127,0,278,infection,852
13.305903355727093,731,0,141,137,136,127,0,278,recovery,723
13.313141628202445,731,0,140,138,136,127,0,278,recovery,127
13.323770122970084,730,0,141,138,136,127,0,279,infection,903
13.331820080820268,730,0,140,139,136,127,0,279,recovery,691
13.333866230805748,729,0,141,139,136,127,0,280,infection,228
13.358204214594204,728,0,142,139,136,127,0,281,infection,1127
13.358712486783885,727,0,143,139,136,127,0,282,infection,260
13.364551855704143,727,0,142,140,136,127,0,282,recovery,757
13.366869579433095,726,0,143,140,136,127,0,283,infection,928
13.37113841486141,726,0,142,141,136,127,0,283,recovery,51
13.371254422626867,725,0,143,141,136,127,0,284,infection,632
13.382099631118242,726,0,143,141,137,127,0,284,birth,1137
13.403816982325493,726,0,142,142,137,127,0,284,recovery,952
13.418056672074211,726,0,141,143,137,127,0,284,recovery,740
13.431276889312095,726,0,140,144,137,127,0,284,recovery,312
13.465679296105602,726,0,139,145,137,127,0,284,recovery,292
13.476547486242765,725,0,140,145,137,127,0,285,infection,419
13.492226845526849,725,0,139,146,137,127,0,285,recovery,862
13.495060084926338,726,0,139,146,138,127,0,285,birth,1138
13.509971895710333,725,0,139,146,138,128,0,285,death,435
13.517246433589467,725,0,138,147,138,128,0,285,recovery,538
13.521438048520448,726,0,138,147,139,128,0,285,birth,1139
13.540778632852467,726,0,137,148,139,128,0,285,recovery,715
13.551689920106204,726,0,136,149,139,128,0,285,recovery,824
13.600413791246595,725,0,137,149,139,128,0,286,infection,778
13.619195742871765,724,0,138,149,139,128,0,287,infection,87
13.632224671475676,724,0,137,150,139,128,0,287,recovery,1064
13.642614245093755,723,0,138,150,139,128,0,288,infection,398
13.646677547391795,722,0,139,150,139,128,0,289,infection,170
13.652068242427024,722,0,138,151,139,128,0,289,recovery,1051
13.657460253625542,723,0,138,151,140,128,0,289,birth,1140
13.657523183433678,722,0,139,151,140,128,0,290,infection,181
13.66222932200244,721,0,140,151,140,128,0,291,infection,499
13.675859407855844,722,0,140,151,141,128,0,291,birth,1141
13.698829671960556,721,0,141,151,141,128,0,292,infection,539
13.712895738649085,720,0,142,151,141,128,0,293,infection,73
13.726934438942905,720,0,141,152,141,128,0,293,recovery,47
13.728199881391975,719,0,142,152,141,128,0,294,infection,185
13.732044135374714,720,0,142,152,142,128,0,294,birth,1142
13.736482806650441,719,0,143,152,142,128,0,295,infection,352
13.76743538492607,718,0,144,152,142,128,0,296,infection,130
13.769246654160936,718,0,143,153,142,128,0,296,recovery,617
13.770968815710667,717,0,144,153,142,128,0,297,infection,529
13.783168990414762,717,0,143,154,142,128,0,297,recovery,371
13.791843452951607,717,0,142,155,142,128,0,297,recovery,887
13.807228975766945,716,0,142,155,142,129,0,297,death,736
13.81777589670671,716,0,141,156,142,129,0,297,recovery,963
13.826267444179122,715,0,142,156,142,129,0,298,infection,202
13.833361408030687,714,0,143,156,142,129,0,299,infection,703
13.84686390533496,714,0,142,157,142,129,0,299,recovery,556
13.85251385140247,714,0,141,158,142,129,0,299,recovery,587
13.855820757594966,714,0,140,159,142,129,0,299,recovery,910
13.866578076040419,713,0,141,159,142,129,0,300,infection,867
13.876027638701927,714,0,141,159,143,129,0,300,birth,1143
13.879109243946743,713,0,142,159,143,129,0,301,infection,58
13.887062619644789,714,0,142,159,144,129,0,301,birth,1144
13.891328928309468,714,0,141,160,144,129,0,301,recovery,185
13.891476684136999,713,0,142,160,144,129,0,302,infection,764
13.893825142773839,713,0,141,161,144,129,0,302,recovery,529
13.895933411038289,712,0,142,161,144,129,0,303,infection,958
13.898147533827544,711,0,142,161,144,130,0,303,death,200
13.905905652134962,710,0,143,161,144,130,0,304,infection,551
13.90881770337819,710,0,142,162,144,130,0,304,recovery,50
13.910412942498374,710,0,141,163,144,130,0,304,recovery,165
13.9148922466547,709,0,142,163,144,130,0,305,infection,504
13.916976967389996,708,0,143,163,144,130,0,306,infection,519
13.926783828645128,708,0,142,164,144,130,0,306,recovery,264
13.927486703500072,707,0,143,164,144,130,0,307,infection,563
13.930385831440603,706,0,144,164,144,130,0,308,infection,643
13.931023385300556,705,0,145,164,144,130,0,309,infection,585
13.936202404097273,704,0,146,164,144,130,0,310,infection,1042
13.952450588277742,704,0,145,165,144,130,0,310,recovery,8
13.958841382300507,703,0,146,165,144,130,0,311,infection,636
13.981502929880097,702,0,147,165,144,130,0,312,infection,308
14.012103038649496,703,0,147,165,145,130,0,312,birth,1145
14.017975716535751,702,0,148,165,145,130,0,313,infection,975
14.027098182094871,702,0,147,166,145,130,0,313,recovery,448
14.03832056949259,701,0,148,166,145,130,0,314,infection,222
14.054059479144412,702,0,148,166,146,130,0,314,birth,1146
14.066580756126953,702,0,147,167,146,130,0,314,recovery,965
14.080697926312357,701,0,147,167,146,131,0,314,death,139
14.083731777460326,701,0,146,168,146,131,0,314,recovery,61
14.113613133818047,701,0,145,169,146,131,0,314,recovery,202
14.117143840327486,701,0,144,170,146,131,0,314,recovery,712
14.1217889630535,700,0,144,170,146,132,0,314,death,733
14.136370316139805,699,0,145,170,146,132,0,315,infection,1005
14.146941155724743,698,0,146,170,146,132,0,316,infection,171
14.154685089025426,698,0,145,171,146,132,0,316,recovery,642
14.168392071835022,699,0,145,171,147,132,0,316,birth,1147
14.171925967142622,698,0,146,171,147,132,0,317,infection,1022
14.174352017146868,698,0,145,172,147,132,0,317,recovery,504
14.190058204746068,697,0,146,172,147,132,0,318,infection,1141
14.22196454069525,697,0,145,172,147,133,0,318,death,557
14.254586364900936,697,0,144,173,147,133,0,318,recovery,623
14.261510792530895,696,0,145,173,147,133,0,319,infection,119
14.266915142509193,696,0,144,173,147,134,0,319,death,322
14.269061348624616,695,0,145,173,147,134,0,320,infection,518
14.275091197171356,695,0,144,174,147,134,0,320,recovery,480
14.278791207537294,694,0,145,174,147,134,0,321,infection,710
14.287559768433571,693,0,146,174,147,134,0,322,infection,814
14.290846107048171,693,0,145,175,147,134,0,322,recovery,958
14.30764295316951,693,0,144,176,147,134,0,322,recovery,94
14.336391704364312,692,0,145,176,147,134,0,323,infection,526
14.353162332558961,691,0,145,176,147,135,0,323,death,265
14.363978268636561,691,0,144,177,147,135,0,323,recovery,859
14.373883526181363,690,0,144,177,147,136,0,323,death,686
14.379082617079607,689,0,145,177,147,136,0,324,infection,250
14.39082671018971,688,0,145,177,147,137,0,324,death,974
14.396437903449778,687,0,146,177,147,137,0,325,infection,605
14.412831534675908,688,0,146,177,148,137,0,325,birth,1148
14.433485065382163,688,0,145,178,148,137,0,325,recovery,398
14.439202053585735,688,0,144,179,148,137,0,325,recovery,787
14.441620928641743,689,0,144,179,149,137,0,325,birth,1149
14.455393336493382,689,0,143,180,149,137,0,325,recovery,626
14.468849244581023,689,0,142,181,149,137,0,325,recovery,350
14.471291419339753,690,0,142,181,150,137,0,325,birth,1150
14.49636401705026,690,0,141,182,150,137,0,325,recovery,596
14.49929940838649,691,0,141,182,151,137,0,325,birth,1151
14.50032943975821,692,0,141,182,152,137,0,325,birth,1152
14.505294034704777,692,0,140,183,152,137,0,325,recovery,973
14.528550235003712,693,0,140,183,153,137,0,325,birth,1153
14.528828010501787,693,0,139,183,153,138,0,325,death,492
14.538049214346989,693,0,138,184,153,138,0,325,recovery,620
14.559903514658808,693,0,137,185,153,138,0,325,recovery,413
14.56650761734264,693,0,136,186,153,138,0,325,recovery,636
14.569677580426292,693,0,135,187,153,138,0,325,recovery,1022
14.605436034513017,692,0,136,187,153,138,0,326,infection,737
14.612119535709958,692,0,135,188,153,138,0,326,recovery,453
14.63311264851715,691,0,136,188,153,138,0,327,infection,583
14.637541785017543,692,0,136,188,154,138,0,327,birth,1154
14.643181763881149,692,0,135,189,154,138,0,327,recovery,659
14.648416378118288,691,0,135,189,154,139,0,327,death,1112
14.663637884701906,691,0,134,190,154,139,0,327,recovery,374
14.664341536205082,690,0,135,190,154,139,0,328,infection,134
14.672693884581212,690,0,134,191,154,139,0,328,recovery,764
14.680949646919334,690,0,133,192,154,139,0,328,recovery,717
14.693979037052522,690,0,133,191,154,140,0,328,death,941
14.697534377041444,689,0,134,191,154,140,0,329,infection,159
14.701876601731591,689,0,133,192,154,140,0,329,recovery,1042
14.722915034161828,688,0,134,192,154,140,0,330,infection,1071
14.738277218214556,689,0,134,192,155,140,0,330,birth,1155
14.747307844133614,688,0,134,192,155,141,0,330,death,316
14.765707216190922,688,0,133,193,155,141,0,330,recovery,836
14.772161364208504,688,0,132,194,155,141,0,330,recovery,728
14.776785010172693,687,0,133,194,155,141,0,331,infection,805
14.793705850494607,687,0,132,195,155,141,0,331,recovery,159
14.823514397979173,688,0,132,195,156,141,0,331,birth,1156
14.832614408463789,688,0,131,196,156,141,0,331,recovery,102
14.843389610293737,688,0,130,197,156,141,0,331,recovery,841
14.862711085848181,688,0,129,198,156,141,0,331,recovery,786
14.868917822897991,689,0,129,198,157,141,0,331,birth,1157
14.871399852935133,689,0,128,199,157,141,0,331,recovery,778
14.892843147386786,689,0,127,200,157,141,0,331,recovery,156
14.90650282113427,689,0,126,201,157,141,0,331,recovery,439
14.91325731643448,688,0,127,201,157,141,0,332,infection,857
14.913334835922816,688,0,126,202,157,141,0,332,recovery,452
14.922807095959122,687,0,127,202,157,141,0,333,infection,655
14.923916118275486,688,0,127,202,158,141,0,333,birth,1158
14.92441793520124,688,0,126,203,158,141,0,333,recovery,737
14.9298134418195,688,0,125,204,158,141,0,333,recovery,857
14.937577574561583,687,0,126,204,158,141,0,334,infection,803
14.949438495539054,687,0,125,205,158,141,0,334,recovery,463
14.953171490675267,687,0,124,206,158,141,0,334,recovery,130
14.955148466040399,687,0,123,207,158,141,0,334,recovery,767
14.959697458676787,686,0,123,207,158,142,0,334,death,303
14.973899348202494,685,0,123,207,158,143,0,334,death,83
15.01271086149055,685,0,122,208,158,143,0,334,recovery,809
15.016236020919328,684,0,123,208,158,143,0,335,infection,90
15.017890884225984,685,0,123,208,159,143,0,335,birth,1159
15.019544010849463,686,0,123,208,160,143,0,335,birth,1160
15.021734360499549,687,0,123,208,161,143,0,335,birth,1161
15.024865417147067,687,0,122,209,161,143,0,335,recovery,138
15.025105322146112,687,0,122,208,161,144,0,335,death,836
15.028928576140526,686,0,122,208,161,145,0,335,death,554
15.065006698476836,685,0,123,208,161,145,0,336,infection,886
15.066799385905709,684,0,124,208,161,145,0,337,infection,30
15.083928408408411,683,0,125,208,161,145,0,338,infection,1139
15.089177857665709,682,0,126,208,161,145,0,339,infection,137
15.091175672989781,681,0,127,208,161,145,0,340,infection,243
15.093330083250493,681,0,126,209,161,145,0,340,recovery,1124
15.096832452314771,680,0,127,209,161,145,0,341,infection,418
15.104525837099208,679,0,128,209,161,145,0,342,infection,86
15.115902799073652,680,0,128,209,162,145,0,342,birth,1162
15.127969292730839,679,0,129,209,162,145,0,343,infection,436
15.128093537330967,680,0,129,209,163,145,0,343,birth,1163
15.128462956540055,680,0,128,210,163,145,0,343,recovery,900
15.131464293469755,680,0,127,211,163,145,0,343,recovery,166
15.132950031802297,680,0,126,212,163,145,0,343,recovery,471
15.150690630800039,679,0,127,212,163,145,0,344,infection,113
15.17014095969348,679,0,126,213,163,145,0,344,recovery,86
15.174697450613078,680,0,126,213,164,145,0,344,birth,1164
15.183272330813669,680,0,125,214,164,145,0,344,recovery,137
15.192169586690078,680,0,124,215,164,145,0,344,recovery,592
15.199712703092056,679,0,125,215,164,145,0,345,infection,276
15.204852580783701,678,0,126,215,164,145,0,346,infection,1040
15.212675558842413,677,0,127,215,164,145,0,347,infection,478
15.217451967744003,676,0,128,215,164,145,0,348,infection,774
15.223709360222626,676,0,127,216,164,145,0,348,recovery,113
15.232191474048157,675,0,128,216,164,145,0,349,infection,532
15.244121486524415,675,0,127,217,164,145,0,349,recovery,91
15.25811733682855,674,0,128,217,164,145,0,350,infection,1053
15.260887430795623,673,0,129,217,164,145,0,351,infection,567
15.270443062270823,674,0,129,217,165,145,0,351,birth,1165
15.28328623599432,673,0,130,217,165,145,0,352,infection,1134
15.28841795005738,672,0,131,217,165,145,0,353,infection,689
15.290690111697625,672,0,130,218,165,145,0,353,recovery,633
15.309148882210772,671,0,131,218,165,145,0,354,infection,987
15.315056203394425,670,0,132,218,165,145,0,355,infection,657
15.31591069225909,669,0,133,218,165,145,0,356,infection,323
15.342553214779903,668,0,134,218,165,145,0,357,infection,21
15.3441155317249,668,0,133,219,165,145,0,357,recovery,87
15.344420284903524,668,0,132,220,165,145,0,357,recovery,640
15.344949009085184,667,0,133,220,165,145,0,358,infection,1154
15.345106645877651,667,0,132,221,165,145,0,358,recovery,478
15.350556898308177,666,0,133,221,165,145,0,359,infection,213
15.388700043392504,665,0,133,221,165,146,0,359,death,153
15.400327457908675,664,0,134,221,165,146,0,360,infection,730
15.425612447700466,664,0,133,221,165,147,0,360,death,585
15.42745694033873,663,0,134,221,165,147,0,361,infection,680
15.43503565182691,663,0,133,222,165,147,0,361,recovery,822
15.436191601583277,662,0,134,222,165,147,0,362,infection,57
15.437481306641208,661,0,135,222,165,147,0,363,infection,744
15.444430490008134,662,0,135,222,166,147,0,363,birth,1166
15.447355913662943,662,0,134,223,166,147,0,363,recovery,552
15.447924370067156,661,0,135,223,166,147,0,364,infection,379
15.458570996722719,660,0,136,223,166,147,0,365,infection,180
15.486479452738115,660,0,135,224,166,147,0,365,recovery,1139
15.504639976441297,659,0,136,224,166,147,0,366,infection,1018
15.529096576927397,659,0,135,224,166,148,0,366,death,1005
15.54613079147366,660,0,135,224,167,148,0,366,birth,1167
15.548774592441903,659,0,136,224,167,148,0,367,infection,594
15.583957647691077,658,0,136,224,167,149,0,367,death,746
15.589712184856793,657,0,137,224,167,149,0,368,infection,259
15.603476412865277,656,0,138,224,167,149,0,369,infection,614
15.605921944262427,655,0,139,224,167,149,0,370,infection,722
15.607043492804307,655,0,138,225,167,149,0,370,recovery,352
15.611665534916916,655,0,137,226,167,149,0,370,recovery,814
15.628228787184211,655,0,136,227,167,149,0,370,recovery,598
15.63786884798224,655,0,135,228,167,149,0,370,recovery,928
15.648726339956767,655,0,134,229,167,149,0,370,recovery,285
15.650968995037923,654,0,135,229,167,149,0,371,infection,397
15.6787104275007,653,0,136,229,167,149,0,372,infection,1125
15.688259883167555,652,0,137,229,167,149,0,373,infection,1117
15.69672468893691,652,0,137,228,167,150,0,373,death,950
15.70392159797613,651,0,138,228,167,150,0,374,infection,791
15.741858802926858,651,0,137,229,167,150,0,374,recovery,978
15.742410098301638,651,0,136,230,167,150,0,374,recovery,379
15.744844991207257,650,0,137,230,167,150,0,375,infection,946
15.752363736701344,650,0,136,231,167,150,0,375,recovery,722
15.761072939364922,651,0,136,231,168,150,0,375,birth,1168
15.77290908273009,651,0,135,232,168,150,0,375,recovery,551
15.77817380430868,651,0,134,233,168,150,0,375,recovery,519
15.781136344221492,652,0,134,233,169,150,0,375,birth,1169
15.804248761455485,652,0,133,234,169,150,0,375,recovery,393
15.807089103276407,652,0,132,235,169,150,0,375,recovery,1085
15.824176004699156,652,0,131,236,169,150,0,375,recovery,518
15.841578871402117,651,0,132,236,169,150,0,376,infection,634
15.851599414021633,650,0,133,236,169,150,0,377,infection,416
15.869058006051617,650,0,132,237,169,150,0,377,recovery,455
15.905505286030438,649,0,133,237,169,150,0,378,infection,980
15.918033904807348,648,0,134,237,169,150,0,379,infection,441
15.926977330278055,648,0,133,238,169,150,0,379,recovery,675
15.932938882019522,648,0,132,239,169,150,0,379,recovery,774
15.969238260331016,647,0,133,239,169,150,0,380,infection,364
15.982899504623955,647,0,132,240,169,150,0,380,recovery,441
15.984766341565349,646,0,132,240,169,151,0,380,death,1108
16.007830127373825,645,0,133,240,169,151,0,381,infection,176
16.03284394299443,644,0,134,240,169,151,0,382,infection,1049
16.054777586180442,643,0,135,240,169,151,0,383,infection,838
16.06724442549241,642,0,136,240,169,151,0,384,infection,1119
16.0884414714552,642,0,135,241,169,151,0,384,recovery,260
16.110235543387876,641,0,135,241,169,152,0,384,death,918
16.122286917403,640,0,136,241,169,152,0,385,infection,920
16.145964333976945,640,0,135,242,169,152,0,385,recovery,999
16.15497552436348,640,0,134,243,169,152,0,385,recovery,276
16.163778553248342,640,0,133,244,169,152,0,385,recovery,698
16.165331420372887,640,0,132,245,169,152,0,385,recovery,1008
16.17114060258711,639,0,133,245,169,152,0,386,infection,1088
16.195720359275487,638,0,134,245,169,152,0,387,infection,562
16.204415759974626,637,0,135,245,169,152,0,388,infection,807
16.20728748076635,636,0,136,245,169,152,0,389,infection,1029
16.208583581554873,635,0,137,245,169,152,0,390,infection,6
16.230121329937415,636,0,137,245,170,152,0,390,birth,1170
16.23202399836326,636,0,136,246,170,152,0,390,recovery,1141
16.24913811419756,635,0,137,246,170,152,0,391,infection,1143
16.25234241632005,634,0,138,246,170,152,0,392,infection,172
16.275700325566056,633,0,139,246,170,152,0,393,infection,82
16.292523957089006,632,0,140,246,170,152,0,394,infection,252
16.312497060238083,632,0,140,245,170,153,0,394,death,321
16.32605606344053,631,0,141,245,170,153,0,395,infection,485
16.328797103352773,630,0,142,245,170,153,0,396,infection,313
16.331983311881366,629,0,143,245,170,153,0,397,infection,1074
16.341125094847683,629,0,142,246,170,153,0,397,recovery,583
16.34607175258985,628,0,143,246,170,153,0,398,infection,289
16.34924289823491,628,0,142,247,170,153,0,398,recovery,1127
16.37165872147991,627,0,143,247,170,153,0,399,infection,590
16.372304722816832,628,0,143,247,171,153,0,399,birth,1171
16.388861072935597,627,0,144,247,171,153,0,400,infection,199
16.419699234841573,626,0,145,247,171,153,0,401,infection,280
16.42031767707237,626,0,144,248,171,153,0,401,recovery,1088
16.42522533249594,626,0,143,249,171,153,0,401,recovery,749
16.434040936062004,625,0,143,249,171,154,0,401,death,447
16.434293242689066,625,0,142,250,171,154,0,401,recovery,345
16.43874077257672,625,0,141,251,171,154,0,401,recovery,1029
16.439985166006622,624,0,142,251,171,154,0,402,infection,4
16.44495738997606,623,0,143,251,171,154,0,403,infection,628
16.449408427493086,622,0,144,251,171,154,0,404,infection,12
16.457297068946183,622,0,143,252,171,154,0,404,recovery,680
16.46131189589726,622,0,142,253,171,154,0,404,recovery,252
16.473365643733104,621,0,143,253,171,154,0,405,infection,1158
16.483488797795623,620,0,144,253,171,154,0,406,infection,33
16.48489239567696,619,0,145,253,171,154,0,407,infection,248
16.502595202244752,618,0,146,253,171,154,0,408,infection,401
16.513808102422608,617,0,147,253,171,154,0,409,infection,534
16.518162800983937,616,0,147,253,171,155,0,409,death,326
16.532375769675124,615,0,148,253,171,155,0,410,infection,631
16.557509601251187,614,0,148,253,171,156,0,410,death,49
16.565121132066903,614,0,147,254,171,156,0,410,recovery,647
16.572506838065014,613,0,148,254,171,156,0,411,infection,770
16.57342661926012,613,0,147,255,171,156,0,411,recovery,436
16.574585728383145,612,0,148,255,171,156,0,412,infection,45
16.584347208968538,611,0,149,255,171,156,0,413,infection,1057
16.586434046312473,611,0,148,256,171,156,0,413,recovery,364
16.586796154898686,610,0,149,256,171,156,0,414,infection,756
16.591576925767633,609,0,150,256,171,156,0,415,infection,969
16.61470570722926,609,0,149,257,171,156,0,415,recovery,249
16.616722023290208,609,0,148,258,171,156,0,415,recovery,618
16.628152247859894,609,0,147,259,171,156,0,415,recovery,499
16.636418660485678,609,0,146,260,171,156,0,415,recovery,58
16.663757491975968,608,0,146,260,171,157,0,415,death,773
16.664574160626167,608,0,145,261,171,157,0,415,recovery,144
16.671171773329565,607,0,146,261,171,157,0,416,infection,1065
16.67680818584546,607,0,145,262,171,157,0,416,recovery,643
16.67926960724065,607,0,144,263,171,157,0,416,recovery,630
16.680046381446008,606,0,145,263,171,157,0,417,infection,182
16.693085985110066,607,0,145,263,172,157,0,417,birth,1172
16.697542458574627,607,0,144,264,172,157,0,417,recovery,85
16.703318807159732,607,0,143,264,172,158,0,417,death,534
16.713426939376554,606,0,144,264,172,158,0,418,infection,1149
16.721945408939867,606,0,143,265,172,158,0,418,recovery,1053
16.7255723894339,605,0,144,265,172,158,0,419,infection,760
16.73959031388235,604,0,145,265,172,158,0,420,infection,1091
16.755151872463582,603,0,146,265,172,158,0,421,infection,968
16.755545339345357,602,0,147,265,172,158,0,422,infection,66
16.780607290302324,601,0,148,265,172,158,0,423,infection,800
16.784612406170066,601,0,147,266,172,158,0,423,recovery,172
16.82977731467924,600,0,147,266,172,159,0,423,death,279
16.880817614237127,600,0,146,267,172,159,0,423,recovery,280
16.89149956151206,601,0,146,267,173,159,0,423,birth,1173
16.89625063176438,601,0,145,268,173,159,0,423,recovery,98
16.90125247586375,600,0,146,268,173,159,0,424,infection,400
16.91079439791363,601,0,146,268,174,159,0,424,birth,1174
16.924602891023554,601,0,145,269,174,159,0,424,recovery,400
16.930708439385022,600,0,146,269,174,159,0,425,infection,1035
16.936884629234886,599,0,147,269,174,159,0,426,infection,553
16.942503555337062,598,0,148,269,174,159,0,427,infection,775
16.957448827280416,598,0,147,270,174,159,0,427,recovery,594
16.96128194807527,597,0,147,270,174,160,0,427,death,434
16.968943365092738,596,0,148,270,174,160,0,428,infection,734
16.96931273756408,596,0,147,271,174,160,0,428,recovery,968
16.973779781115898,595,0,148,271,174,160,0,429,infection,679
16.977576830797265,595,0,147,272,174,160,0,429,recovery,983
16.994550147764045,595,0,146,273,174,160,0,429,recovery,943
17.0008355020908,594,0,147,273,174,160,0,430,infection,876
17.00292191611605,593,0,148,273,174,160,0,431,infection,459
17.071060771656718,593,0,147,274,174,160,0,431,recovery,563
17.084468609736895,592,0,148,274,174,160,0,432,infection,1067
17.102007530296028,592,0,147,275,174,160,0,432,recovery,397
17.104533371412092,593,0,147,275,175,160,0,432,birth,1175
17.114328589410533,593,0,146,276,175,160,0,432,recovery,450
17.116273105006886,593,0,145,277,175,160,0,432,recovery,33
17.117412525445115,592,0,146,277,175,160,0,433,infection,481
17.136390177803943,593,0,146,277,176,160,0,433,birth,1176
17.145208797656945,594,0,146,277,177,160,0,433,birth,1177
17.147375702154612,593,0,147,277,177,160,0,434,infection,721
17.19872075280527,594,0,147,277,178,160,0,434,birth,1178
17.206923781685045,594,0,146,278,178,160,0,434,recovery,920
17.226567258643417,594,0,145,279,178,160,0,434,recovery,228
17.253931886412087,593,0,146,279,178,160,0,435,infection,77
17.254001633006826,592,0,147,279,178,160,0,436,infection,629
17.25527698493145,592,0,146,280,178,160,0,436,recovery,1119
17.26092438145854,591,0,147,280,178,160,0,437,infection,288
17.261531868399434,591,0,146,281,178,160,0,437,recovery,716
17.278660533754362,592,0,146,281,179,160,0,437,birth,1179
17.280208649614675,593,0,146,281,180,160,0,437,birth,1180
17.299635732045882,593,0,145,282,180,160,0,437,recovery,631
17.31524358701596,593,0,144,283,180,160,0,437,recovery,1158
17.331766807756914,593,0,143,284,180,160,0,437,recovery,497
17.34109260600036,593,0,142,285,180,160,0,437,recovery,1065
17.367760180654205,592,0,143,285,180,160,0,438,infection,1066
17.374681405896254,593,0,143,285,181,160,0,438,birth,1181
17.380686479271052,592,0,144,285,181,160,0,439,infection,340
17.382401531229835,591,0,145,285,181,160,0,440,infection,981
17.40772056068935,590,0,146,285,181,160,0,441,infection,442
17.41832760833884,590,0,145,286,181,160,0,441,recovery,1134
17.419519722295323,591,0,145,286,182,160,0,441,birth,1182
17.44846654475564,591,0,144,287,182,160,0,441,recovery,289
17.461359397964753,592,0,144,287,183,160,0,441,birth,1183
17.48639788256221,591,0,144,287,183,161,0,441,death,706
17.500687700237958,592,0,144,287,184,161,0,441,birth,1184
17.51022817459597,591,0,145,287,184,161,0,442,infection,501
17.543731907517785,590,0,146,287,184,161,0,443,infection,738
17.546150394819545,590,0,145,288,184,161,0,443,recovery,1057
17.547717141018087,590,0,144,289,184,161,0,443,recovery,863
17.557275689291313,590,0,143,290,184,161,0,443,recovery,213
17.57246415615099,590,0,142,291,184,161,0,443,recovery,1117
17.574894322894295,590,0,141,292,184,161,0,443,recovery,562
17.579868636314984,590,0,140,293,184,161,0,443,recovery,1066
17.609086439544658,590,0,139,294,184,161,0,443,recovery,30
17.614182592493364,590,0,138,295,184,161,0,443,recovery,90
17.61418459982501,589,0,139,295,184,161,0,444,infection,5
17.619507445926217,589,0,138,296,184,161,0,444,recovery,657
17.628922230722708,588,0,139,296,184,161,0,445,infection,875
17.633187700944767,588,0,138,297,184,161,0,445,recovery,670
17.642230248899583,588,0,138,296,184,162,0,445,death,962
17.648125990460382,588,0,137,297,184,162,0,445,recovery,838
17.650235158131228,588,0,137,296,184,163,0,445,death,857
17.655585886474668,587,0,138,296,184,163,0,446,infection,966
17.66029595379362,588,0,138,296,185,163,0,446,birth,1185
17.668013416400605,587,0,139,296,185,163,0,447,infection,1024
17.687204141172543,587,0,138,297,185,163,0,447,recovery,301
17.692259755471607,587,0,137,298,185,163,0,447,recovery,251
17.692420215210454,587,0,136,299,185,163,0,447,recovery,651
17.70501268377402,586,0,137,299,185,163,0,448,infection,1077
17.71369467202772,586,0,136,300,185,163,0,448,recovery,1024
17.7203041135383,586,0,135,301,185,163,0,448,recovery,886
17.729524406753328,586,0,134,302,185,163,0,448,recovery,71
17.73620465549824,586,0,133,303,185,163,0,448,recovery,419
17.747881993087155,585,0,134,303,185,163,0,449,infection,267
17.759211015528678,584,0,135,303,185,163,0,450,infection,414
17.768636661886685,583,0,136,303,185,163,0,451,infection,1093
17.777035539930896,583,0,135,304,185,163,0,451,recovery,206
17.78198024436191,583,0,134,305,185,163,0,451,recovery,876
17.785418920869073,583,0,133,306,185,163,0,451,recovery,605
17.788133510793205,583,0,132,307,185,163,0,451,recovery,255
17.80994288612838,582,0,133,307,185,163,0,452,infection,215
17.83105101979864,581,0,133,307,185,164,0,452,death,226
17.872253023555402,580,0,134,307,185,164,0,453,infection,977
17.881696416286676,580,0,133,308,185,164,0,453,recovery,4
17.9199191847625,580,0,133,307,185,165,0,453,death,249
17.920196235466452,579,0,134,307,185,165,0,454,infection,797
17.9240178491416,578,0,135,307,185,165,0,455,infection,645
17.935888091086845,578,0,134,308,185,165,0,455,recovery,721
17.937180388197543,578,0,133,309,185,165,0,455,recovery,980
17.94885748080244,577,0,133,309,185,166,0,455,death,848
17.963432316270687,577,0,132,310,185,166,0,455,recovery,1091
17.967613457151423,578,0,132,310,186,166,0,455,birth,1186
17.971348267975706,577,0,133,310,186,166,0,456,infection,120
17.990938352150543,578,0,133,310,187,166,0,456,birth,1187
17.99143705496891,577,0,134,310,187,166,0,457,infection,912
17.994279536769756,576,0,135,310,187,166,0,458,infection,395
18.01357800696985,575,0,136,310,187,166,0,459,infection,217
18.017873104101305,574,0,137,310,187,166,0,460,infection,515
18.02930225835363,573,0,137,310,187,167,0,460,death,56
18.035011488689577,573,0,137,309,187,168,0,460,death,685
18.037007446680917,573,0,136,310,187,168,0,460,recovery,385
18.04022396354022,572,0,137,310,187,168,0,461,infection,1106
18.05599410593108,571,0,138,310,187,168,0,462,infection,1160
18.067832933347848,570,0,139,310,187,168,0,463,infection,765
18.072711169312107,570,0,139,309,187,169,0,463,death,178
18.122456857440234,569,0,140,309,187,169,0,464,infection,302
18.137879203658642,568,0,141,309,187,169,0,465,infection,246
18.14293024861717,568,0,140,310,187,169,0,465,recovery,1035
18.17078650293508,569,0,140,310,188,169,0,465,birth,1188
18.216879026608485,569,0,139,311,188,169,0,465,recovery,1093
18.225911486328677,569,0,138,312,188,169,0,465,recovery,243
18.226101222502553,568,0,139,312,188,169,0,466,infection,571
18.24196891103687,567,0,140,312,188,169,0,467,infection,835
18.243422488194682,567,0,139,313,188,169,0,467,recovery,199
18.244449904551207,566,0,140,313,188,169,0,468,infection,277
18.253881387845556,566,0,139,314,188,169,0,468,recovery,760
18.27989938277275,565,0,139,314,188,170,0,468,death,154
18.285640029119563,564,0,139,314,188,171,0,468,death,147
18.308132919138995,564,0,138,314,188,172,0,468,death,987
18.315625884445893,564,0,137,315,188,172,0,468,recovery,1098
18.333358299786877,564,0,136,316,188,172,0,468,recovery,861
18.334268409791274,563,0,137,316,188,172,0,469,infection,1129
18.338381336127238,563,0,137,315,188,173,0,469,death,159
18.34189858029852,563,0,136,316,188,173,0,469,recovery,459
18.350619179943774,563,0,135,316,188,174,0,469,death,805
18.354263611859622,564,0,135,316,189,174,0,469,birth,1189
18.36803671627127,563,0,136,316,189,174,0,470,infection,242
18.39081867214454,562,0,137,316,189,174,0,471,infection,74
18.401427497276405,561,0,138,316,189,174,0,472,infection,121
18.40375194288178,560,0,139,316,189,174,0,473,infection,1002
18.417101554719263,560,0,138,317,189,174,0,473,recovery,1018
18.436484499629476,559,0,139,317,189,174,0,474,infection,639
18.44505682887857,559,0,138,318,189,174,0,474,recovery,489
18.446170215958286,558,0,139,318,189,174,0,475,infection,149
18.452465469310845,557,0,140,318,189,174,0,476,infection,106
18.478766544544705,557,0,139,319,189,174,0,476,recovery,1160
18.484334672925407,556,0,140,319,189,174,0,477,infection,1188
18.48784093010617,555,0,141,319,189,174,0,478,infection,795
18.4975230538121,555,0,140,320,189,174,0,478,recovery,5
18.499705336295605,555,0,139,321,189,174,0,478,recovery,1073
18.50051639874939,555,0,138,322,189,174,0,478,recovery,248
18.501641732834464,555,0,137,323,189,174,0,478,recovery,233
18.511856280123315,554,0,138,323,189,174,0,479,infection,799
18.5238773564455,554,0,137,324,189,174,0,479,recovery,151
18.564353751024587,553,0,138,324,189,174,0,480,infection,916
18.575225572783587,552,0,139,324,189,174,0,481,infection,114
18.591345331655585,551,0,140,324,189,174,0,482,infection,495
18.63199601590284,550,0,141,324,189,174,0,483,infection,449
18.635324126511296,549,0,142,324,189,174,0,484,infection,664
18.63950461215616,548,0,143,324,189,174,0,485,infection,207
18.649065377573827,547,0,144,324,189,174,0,486,infection,402
18.67394543710445,546,0,145,324,189,174,0,487,infection,565
18.682273706572765,546,0,145,323,189,175,0,487,death,61
18.699064813802497,546,0,145,322,189,176,0,487,death,80
18.703374010109915,545,0,146,322,189,176,0,488,infection,989
18.710732737980464,545,0,145,323,189,176,0,488,recovery,797
18.716002217129375,544,0,146,323,189,176,0,489,infection,386
18.716326516050373,545,0,146,323,190,176,0,489,birth,1190
18.720209919776295,545,0,145,324,190,176,0,489,recovery,703
18.72171488168502,546,0,145,324,191,176,0,489,birth,1191
18.728722730214148,546,0,145,323,191,177,0,489,death,1098
18.733912625995046,546,0,144,324,191,177,0,489,recovery,74
18.738062805711348,546,0,143,325,191,177,0,489,recovery,602
18.742115979699307,546,0,142,326,191,177,0,489,recovery,217
18.7613737495201,546,0,141,327,191,177,0,489,recovery,632
18.763600021321114,546,0,140,328,191,177,0,489,recovery,1002
18.76582922517068,546,0,139,328,191,178,0,489,death,1048
18.766915217604836,545,0,140,328,191,178,0,490,infection,443
18.770971439231147,544,0,140,328,191,179,0,490,death,1043
18.77869805138609,543,0,141,328,191,179,0,491,infection,1157
18.789512823566955,544,0,141,328,192,179,0,491,birth,1192
18.79360201105506,544,0,140,329,192,179,0,491,recovery,386
18.79423659871941,545,0,140,329,193,179,0,491,birth,1193
18.803292264036436,545,0,139,330,193,179,0,491,recovery,903
18.812430946543977,545,0,138,331,193,179,0,491,recovery,281
18.828662730496966,544,0,138,331,193,180,0,491,death,190
18.829731576613586,543,0,139,331,193,180,0,492,infection,729
18.88785534499147,543,0,138,332,193,180,0,492,recovery,875
18.907954290298708,543,0,137,333,193,180,0,492,recovery,207
18.924552582719812,543,0,136,334,193,180,0,492,recovery,571
18.92724954466379,542,0,137,334,193,180,0,493,infection,1032
18.931694859097238,541,0,138,334,193,180,0,494,infection,648
18.935026299770126,540,0,139,334,193,180,0,495,infection,671
18.935589652719376,539,0,140,334,193,180,0,496,infection,913
18.943956444899282,538,0,141,334,193,180,0,497,infection,78
18.950624471139484,538,0,140,335,193,180,0,497,recovery,909
18.951574397508928,537,0,141,335,193,180,0,498,infection,162
18.95700199980446,536,0,142,335,193,180,0,499,infection,1094
18.957579956336563,536,0,141,336,193,180,0,499,recovery,1040
18.9655399783438,536,0,140,337,193,180,0,499,recovery,495
18.970789276938593,537,0,140,337,194,180,0,499,birth,1194
18.996877931596803,537,0,139,338,194,180,0,499,recovery,443
19.01548618969531,537,0,138,339,194,180,0,499,recovery,1110
19.023799585129492,537,0,137,340,194,180,0,499,recovery,162
19.053747512647888,537,0,136,341,194,180,0,499,recovery,79
19.056984220750675,537,0,135,342,194,180,0,499,recovery,21
19.06127907124984,536,0,136,342,194,180,0,500,infection,11
19.078220089010003,537,0,136,342,195,180,0,500,birth,1195
19.12153272256488,537,0,135,343,195,180,0,500,recovery,639
19.12459689303629,536,0,136,343,195,180,0,501,infection,168
19.142560036171037,536,0,135,344,195,180,0,501,recovery,442
19.145740761935713,535,0,136,344,195,180,0,502,infection,161
19.171946071086307,535,0,135,345,195,180,0,502,recovery,648
19.172085822355232,535,0,134,346,195,180,0,502,recovery,6
19.178271850410827,535,0,133,347,195,180,0,502,recovery,835
19.191046807517438,535,0,132,348,195,180,0,502,recovery,628
19.195906343536883,534,0,133,348,195,180,0,503,infection,421
19.20663894467024,534,0,132,349,195,180,0,503,recovery,421
19.219942226864582,533,0,133,349,195,180,0,504,infection,536
19.2390419066131,534,0,133,349,196,180,0,504,birth,1196
19.239149730601635,534,0,132,350,196,180,0,504,recovery,1033
19.241337134851495,535,0,132,350,197,180,0,504,birth,1197
19.24603858336083,534,0,133,350,197,180,0,505,infection,493
19.268245315116967,535,0,133,350,198,180,0,505,birth,1198
19.28428937991197,535,0,132,351,198,180,0,505,recovery,946
19.296069656291785,534,0,133,351,198,180,0,506,infection,1038
19.304371924836225,533,0,134,351,198,180,0,507,infection,550
19.311725763867944,532,0,135,351,198,180,0,508,infection,768
19.31760315170223,531,0,136,351,198,180,0,509,infection,933
19.325437318126347,530,0,137,351,198,180,0,510,infection,616
19.331116904308107,530,0,136,352,198,180,0,510,recovery,181
19.35408518255013,530,0,135,353,198,180,0,510,recovery,57
19.37423206199563,529,0,136,353,198,180,0,511,infection,410
19.374578755028924,528,0,137,353,198,180,0,512,infection,220
19.3921695437063,528,0,136,354,198,180,0,512,recovery,553
19.392439950424595,527,0,137,354,198,180,0,513,infection,1015
19.416767561754664,526,0,138,354,198,180,0,514,infection,1150
19.42086542544358,525,0,139,354,198,180,0,515,infection,755
19.43972688975901,524,0,140,354,198,180,0,516,infection,1193
19.44900918490858,523,0,141,354,198,180,0,517,infection,938
19.46111490540854,523,0,140,355,198,180,0,517,recovery,729
19.463963812983447,523,0,140,354,198,181,0,517,death,463
19.505863249411746,522,0,141,354,198,181,0,518,infection,1090
19.526919524574236,522,0,141,353,198,182,0,518,death,633
19.560152266563037,521,0,142,353,198,182,0,519,infection,669
19.56322014564627,522,0,142,353,199,182,0,519,birth,1199
19.565925257847205,521,0,143,353,199,182,0,520,infection,460
19.580414885331148,520,0,144,353,199,182,0,521,infection,68
19.582814948407993,519,0,145,353,199,182,0,522,infection,1178
19.60024033101488,520,0,145,353,200,182,0,522,birth,1200
19.603004672840086,521,0,145,353,201,182,0,522,birth,1201
19.615339317181622,522,0,145,353,202,182,0,522,birth,1202
19.622073955312352,522,0,145,352,202,183,0,522,death,529
19.642063305730794,522,0,144,353,202,183,0,522,recovery,176
19.651038129970168,522,0,143,354,202,183,0,522,recovery,120
19.666864177971757,521,0,144,354,202,183,0,523,infection,564
19.668191893619344,521,0,143,355,202,183,0,523,recovery,752
19.673383386001415,521,0,142,356,202,183,0,523,recovery,799
19.713404025852324,520,0,143,356,202,183,0,524,infection,34
19.7148586980914,519,0,143,356,202,184,0,524,death,48
19.744304644257582,519,0,142,357,202,184,0,524,recovery,1023
19.76880788462384,520,0,142,357,203,184,0,524,birth,1203
19.773235871386976,519,0,143,357,203,184,0,525,infection,438
19.779005700614835,519,0,142,358,203,184,0,525,recovery,1149
19.78292772970105,519,0,141,359,203,184,0,525,recovery,468
19.81781826489181,518,0,142,359,203,184,0,526,infection,60
19.83702719221773,518,0,142,358,203,185,0,526,death,859
19.84233052087101,518,0,141,359,203,185,0,526,recovery,215
19.90461666920996,518,0,140,360,203,185,0,526,recovery,1106
19.914229014674497,517,0,141,360,203,185,0,527,infection,1047
19.920206737302447,517,0,140,361,203,185,0,527,recovery,302
19.921376187664528,517,0,139,361,203,186,0,527,death,1094
19.924656782611937,516,0,140,361,203,186,0,528,infection,173
19.94395800474554,515,0,141,361,203,186,0,529,infection,399
19.95966080792791,515,0,140,362,203,186,0,529,recovery,1026
19.967593621945596,515,0,139,363,203,186,0,529,recovery,755
19.97350260869999,514,0,140,363,203,186,0,530,infection,1169
19.975731506754926,513,0,141,363,203,186,0,531,infection,1014
19.978271300053343,512,0,142,363,203,186,0,532,infection,527
19.97858528895148,511,0,143,363,203,186,0,533,infection,336
19.9808283688264,512,0,143,363,204,186,0,533,birth,1204
19.98780121283697,512,0,142,364,204,186,0,533,recovery,277
20.010061668069156,513,0,142,364,205,186,0,533,birth,1205
20.01893313500246,512,0,142,364,205,187,0,533,death,521
20.019660876996905,512,0,141,365,205,187,0,533,recovery,1157
20.02100634876917,512,0,141,364,205,188,0,533,death,716
20.02659645399425,511,0,142,364,205,188,0,534,infection,18
20.034346198704352,511,0,141,365,205,188,0,534,recovery,975
20.038871259434206,511,0,140,366,205,188,0,534,recovery,966
20.058120725378565,511,0,139,367,205,188,0,534,recovery,119
20.06477524834993,510,0,140,367,205,188,0,535,infection,325
20.0871191473278,510,0,139,368,205,188,0,535,recovery,913
20.088945479536047,509,0,140,368,205,188,0,536,infection,1204
20.096022893261743,509,0,139,369,205,188,0,536,recovery,679
20.10832542887232,508,0,140,369,205,188,0,537,infection,697
20.10926500876892,507,0,141,369,205,188,0,538,infection,383
20.11640821504091,506,0,142,369,205,188,0,539,infection,244
20.11987889775498,507,0,142,369,206,188,0,539,birth,1206
20.1241361647956,506,0,142,369,206,189,0,539,death,627
20.13522445026924,506,0,141,370,206,189,0,539,recovery,171
20.13530057387606,506,0,140,371,206,189,0,539,recovery,170
20.135577704935034,507,0,140,371,207,189,0,539,birth,1207
20.156128664154487,506,0,141,371,207,189,0,540,infection,790
20.168776500055518,506,0,140,372,207,189,0,540,recovery,164
20.173282284692036,506,0,139,373,207,189,0,540,recovery,1052
20.174348180516045,505,0,140,373,207,189,0,541,infection,575
20.178326409925354,505,0,140,372,207,190,0,541,death,612
20.18680680519753,505,0,139,373,207,190,0,541,recovery,1188
20.19583598619392,506,0,139,373,208,190,0,541,birth,1208
20.22226425004373,506,0,138,374,208,190,0,541,recovery,380
20.231911270292667,505,0,139,374,208,190,0,542,infection,1126
20.25239679138961,504,0,139,374,208,191,0,542,death,310
20.257353875908258,504,0,138,375,208,191,0,542,recovery,20
20.263006119394845,503,0,139,375,208,191,0,543,infection,638
20.264386607335865,503,0,138,376,208,191,0,543,recovery,114
20.285128171020478,503,0,138,375,208,192,0,543,death,469
20.287351949047913,502,0,139,375,208,192,0,544,infection,927
20.289321192506307,502,0,138,376,208,192,0,544,recovery,1154
20.290870174927864,501,0,139,376,208,192,0,545,infection,177
20.302817571152918,500,0,140,376,208,192,0,546,infection,1096
20.309825871219704,500,0,139,377,208,192,0,546,recovery,575
20.323312280843165,500,0,138,378,208,192,0,546,recovery,981
20.344554923296,501,0,138,378,209,192,0,546,birth,1209
20.36013125584156,502,0,138,378,210,192,0,546,birth,1210
20.38385265684154,501,0,139,378,210,192,0,547,infection,157
20.39864831952401,501,0,138,379,210,192,0,547,recovery,1014
20.405254162873593,501,0,137,380,210,192,0,547,recovery,11
20.41408633394939,500,0,138,380,210,192,0,548,infection,241
20.42379696672382,500,0,137,381,210,192,0,548,recovery,246
20.434370609440013,499,0,138,381,210,192,0,549,infection,40
20.445036954508208,498,0,139,381,210,192,0,550,infection,62
20.446630530617163,498,0,139,380,210,193,0,550,death,1091
20.450164581769222,498,0,138,381,210,193,0,550,recovery,68
20.45386921885049,497,0,139,381,210,193,0,551,infection,342
20.458660128718382,497,0,138,382,210,193,0,551,recovery,402
20.47480725812528,496,0,139,382,210,193,0,552,infection,1207
20.488476404986187,496,0,138,383,210,193,0,552,recovery,915
20.498607490998033,496,0,138,382,210,194,0,552,death,217
20.504946356462384,495,0,139,382,210,194,0,553,infection,1192
20.529268514610855,494,0,140,382,210,194,0,554,infection,1205
20.533079704478485,493,0,141,382,210,194,0,555,infection,923
20.534683052737833,493,0,140,383,210,194,0,555,recovery,1074
20.558267372648587,493,0,139,384,210,194,0,555,recovery,168
20.55997309035309,493,0,138,385,210,194,0,555,recovery,795
20.599759448584507,493,0,137,386,210,194,0,555,recovery,669
20.601435887590938,493,0,136,387,210,194,0,555,recovery,933
20.622010117799615,493,0,135,388,210,194,0,555,recovery,532
20.6230508385894,492,0,136,388,210,194,0,556,infection,1132
20.636636151880985,492,0,135,389,210,194,0,556,recovery,986
20.642405956323742,492,0,134,390,210,194,0,556,recovery,1207
20.651187931556375,491,0,135,390,210,194,0,557,infection,362
20.657138286403814,492,0,135,390,211,194,0,557,birth,1211
20.664749634705974,492,0,134,391,211,194,0,557,recovery,616
20.66902151233402,492,0,133,392,211,194,0,557,recovery,1090
20.673202997407333,492,0,132,393,211,194,0,557,recovery,294
20.67753367989558,491,0,133,393,211,194,0,558,infection,339
20.683073839789806,490,0,134,393,211,194,0,559,infection,808
20.725499180956945,489,0,135,393,211,194,0,560,infection,855
20.729781896736,489,0,134,394,211,194,0,560,recovery,416
20.73345657177868,490,0,134,394,212,194,0,560,birth,1212
20.735094898982464,489,0,135,394,212,194,0,561,infection,46
20.75641143442308,488,0,136,394,212,194,0,562,infection,641
20.757158668103198,487,0,137,394,212,194,0,563,infection,490
20.773968248388957,486,0,138,394,212,194,0,564,infection,1155
20.77919663200394,485,0,139,394,212,194,0,565,infection,1004
20.790044820026864,484,0,140,394,212,194,0,566,infection,125
20.795675666758562,483,0,141,394,212,194,0,567,infection,899
20.800022045864534,484,0,141,394,213,194,0,567,birth,1213
20.81251637804552,483,0,142,394,213,194,0,568,infection,431
20.825036275945454,482,0,143,394,213,194,0,569,infection,801
20.846513424415804,481,0,143,394,213,195,0,569,death,505
20.888976092841443,481,0,142,395,213,195,0,569,recovery,45
20.89272982658162,480,0,142,395,213,196,0,569,death,93
20.89287666889317,481,0,142,395,214,196,0,569,birth,1214
20.899148936527812,480,0,143,395,214,196,0,570,infection,429
20.900769041697266,480,0,142,396,214,196,0,570,recovery,1169
20.915590240524125,479,0,143,396,214,196,0,571,infection,7
20.92761599839269,479,0,142,397,214,196,0,571,recovery,1155
20.94165163163055,478,0,143,397,214,196,0,572,infection,924
20.99209434894045,478,0,142,398,214,196,0,572,recovery,143
21.013899117526275,478,0,141,399,214,196,0,572,recovery,501
21.039243001599058,477,0,142,399,214,196,0,573,infection,1211
21.041871771731614,477,0,141,400,214,196,0,573,recovery,770
21.090032461258843,476,0,142,400,214,196,0,574,infection,579
21.108408550389083,475,0,143,400,214,196,0,575,infection,1151
21.11240165929562,475,0,142,401,214,196,0,575,recovery,1192
21.132310782427762,475,0,142,400,214,197,0,575,death,551
21.16714327032378,475,0,141,401,214,197,0,575,recovery,401
21.17196602864271,475,0,140,402,214,197,0,575,recovery,173
21.172674983763716,476,0,140,402,215,197,0,575,birth,1215
21.17862087823649,476,0,139,403,215,197,0,575,recovery,267
21.179549684339577,475,0,140,403,215,197,0,576,infection,1187
21.219943370339703,474,0,141,403,215,197,0,577,infection,874
21.226848680792084,473,0,142,403,215,197,0,578,infection,780
21.22706987217409,474,0,142,403,216,197,0,578,birth,1216
21.22915235647576,474,0,141,404,216,197,0,578,recovery,1143
21.22951539967752,473,0,142,404,216,197,0,579,infection,810
21.249478861818936,474,0,142,404,217,197,0,579,birth,1217
21.2659103612501,474,0,142,403,217,198,0,579,death,878
21.27244771701764,474,0,141,404,217,198,0,579,recovery,490
21.27381357494579,473,0,142,404,217,198,0,580,infection,92
21.30998531129072,472,0,143,404,217,198,0,581,infection,328
21.385703948805855,472,0,143,403,217,199,0,581,death,651
21.441597919375404,472,0,142,404,217,199,0,581,recovery,336
21.44862877889438,471,0,143,404,217,199,0,582,infection,1146
21.45759343136279,471,0,142,405,217,199,0,582,recovery,989
21.463802499731514,470,0,143,405,217,199,0,583,infection,880
21.478443422184867,470,0,142,406,217,199,0,583,recovery,1096
21.482455538818396,470,0,141,407,217,199,0,583,recovery,1047
21.483982034455384,470,0,140,408,217,199,0,583,recovery,383
21.503214567118945,470,0,139,408,217,200,0,583,death,223
21.5089824991727,470,0,138,409,217,200,0,583,recovery,1129
21.509423782252593,469,0,138,409,217,201,0,583,death,253
21.520651528114964,469,0,137,410,217,201,0,583,recovery,645
21.524435481307147,469,0,136,411,217,201,0,583,recovery,308
21.52681278111774,469,0,136,410,217,202,0,583,death,749
21.533377127832697,468,0,137,410,217,202,0,584,infection,208
21.54300303799979,467,0,138,410,217,202,0,585,infection,1168
21.563771915619036,468,0,138,410,218,202,0,585,birth,1218
21.57420914607548,468,0,137,411,218,202,0,585,recovery,550
21.586994679742467,467,0,138,411,218,202,0,586,infection,203
21.599713171590963,467,0,137,412,218,202,0,586,recovery,73
21.610273180235424,467,0,136,413,218,202,0,586,recovery,121
21.626611528784952,467,0,135,414,218,202,0,586,recovery,77
21.63349374419444,467,0,134,415,218,202,0,586,recovery,944
21.64020461324574,467,0,133,416,218,202,0,586,recovery,7
21.64167476213188,468,0,133,416,219,202,0,586,birth,1219
21.65479856995033,468,0,132,417,219,202,0,586,recovery,1205
21.65784410803835,468,0,131,418,219,202,0,586,recovery,810
21.675055578940718,468,0,130,419,219,202,0,586,recovery,18
21.700694893277735,468,0,129,420,219,202,0,586,recovery,1193
21.706377584487903,468,0,128,421,219,202,0,586,recovery,664
21.73549934345835,468,0,127,422,219,202,0,586,recovery,1125
21.754473048586714,468,0,127,421,219,203,0,586,death,519
21.803349443137957,469,0,127,421,220,203,0,586,birth,1220
21.83101506972328,469,0,126,422,220,203,0,586,recovery,730
21.83443402704748,468,0,127,422,220,203,0,587,infection,1006
21.85026756778057,468,0,126,423,220,203,0,587,recovery,66
21.8567653717823,469,0,126,423,221,203,0,587,birth,1221
21.875034661356594,469,0,126,422,221,204,0,587,death,243
21.875067469095292,468,0,127,422,221,204,0,588,infection,724
21.880640420991373,468,0,126,423,221,204,0,588,recovery,431
21.90110130936145,468,0,125,424,221,204,0,588,recovery,1006
21.92214977101908,467,0,126,424,221,204,0,589,infection,520
21.933318505809474,467,0,125,424,221,205,0,589,death,744
21.9375294813833,466,0,125,424,221,206,0,589,death,1190
21.955921539037597,465,0,126,424,221,206,0,590,infection,502
21.959246248713384,465,0,125,425,221,206,0,590,recovery,167
21.96374020370957,464,0,125,425,221,207,0,590,death,1156
21.969574919188627,464,0,124,426,221,207,0,590,recovery,242
21.98839118276974,463,0,125,426,221,207,0,591,infection,318
21.990727675211872,462,0,125,426,221,208,0,591,death,673
22.015453306992374,461,0,126,426,221,208,0,592,infection,576
22.01934263197776,460,0,127,426,221,208,0,593,infection,942
22.028758636848735,461,0,127,426,222,208,0,593,birth,1222
22.03716208124106,460,0,127,426,222,209,0,593,death,739
22.042998705838592,459,0,127,426,222,210,0,593,death,816
22.0504471633872,458,0,128,426,222,210,0,594,infection,1044
22.065702756031964,459,0,128,426,223,210,0,594,birth,1223
22.06571161069458,458,0,129,426,223,210,0,595,infection,305
22.073989276283317,457,0,130,426,223,210,0,596,infection,1175
22.082169021206365,458,0,130,426,224,210,0,596,birth,1224
22.086571499943986,457,0,131,426,224,210,0,597,infection,720
22.08900896814132,458,0,131,426,225,210,0,597,birth,1225
22.093348231048477,457,0,132,426,225,210,0,598,infection,286
22.097575804551244,457,0,131,427,225,210,0,598,recovery,1037
22.097917324338287,457,0,130,428,225,210,0,598,recovery,288
22.120803996665536,457,0,129,429,225,210,0,598,recovery,780
22.164133293142054,456,0,130,429,225,210,0,599,infection,64
22.166773600817645,455,0,131,429,225,210,0,600,infection,158
22.17704950392541,455,0,131,428,225,211,0,600,death,11
22.17771897952926,455,0,130,429,225,211,0,600,recovery,1049
22.178693270875037,456,0,130,429,226,211,0,600,birth,1226
22.17988232953053,456,0,129,430,226,211,0,600,recovery,182
22.188988686917288,456,0,128,431,226,211,0,600,recovery,325
22.226338366925738,455,0,129,431,226,211,0,601,infection,609
22.23060548616078,455,0,128,432,226,211,0,601,recovery,1151
22.23162148846334,454,0,129,432,226,211,0,602,infection,1054
22.242498186741503,454,0,128,433,226,211,0,602,recovery,180
22.24764196930153,453,0,129,433,226,211,0,603,infection,363
22.254009840672058,452,0,129,433,226,212,0,603,death,356
22.260273954498917,451,0,130,433,226,212,0,604,infection,1120
22.278271660756168,450,0,131,433,226,212,0,605,infection,883
22.28574282262574,449,0,132,433,226,212,0,606,infection,908
22.298131185871018,448,0,133,433,226,212,0,607,infection,967
22.300787460992122,448,0,132,434,226,212,0,607,recovery,707
22.315972922774897,448,0,131,435,226,212,0,607,recovery,460
22.320488758933564,448,0,130,436,226,212,0,607,recovery,161
22.324623552987777,447,0,131,436,226,212,0,608,infection,210
22.325925558819602,446,0,132,436,226,212,0,609,infection,17
22.326475148853365,445,0,132,436,226,213,0,609,death,116
22.332226624775103,445,0,131,437,226,213,0,609,recovery,565
22.336364064756527,444,0,132,437,226,213,0,610,infection,1111
22.344888585202597,444,0,131,438,226,213,0,610,recovery,1126
22.362486171728065,443,0,132,438,226,213,0,611,infection,451
22.37861848466543,443,0,131,439,226,213,0,611,recovery,82
22.38168851296909,444,0,131,439,227,213,0,611,birth,1227
22.392725606596763,443,0,132,439,227,213,0,612,infection,304
22.39571425338457,443,0,131,440,227,213,0,612,recovery,710
22.396948115152526,442,0,131,440,227,214,0,612,death,357
22.406873602064497,442,0,131,439,227,215,0,612,death,970
22.411528026631892,442,0,130,440,227,215,0,612,recovery,720
22.418459535831722,442,0,129,441,227,215,0,612,recovery,1168
22.419265693057238,441,0,130,441,227,215,0,613,infection,257
22.421180816178797,440,0,130,441,227,216,0,613,death,932
22.421572194209798,439,0,131,441,227,216,0,614,infection,584
22.426633401764597,438,0,132,441,227,216,0,615,infection,396
22.4417606940182,438,0,131,442,227,216,0,615,recovery,634
22.444344776599017,438,0,130,443,227,216,0,615,recovery,590
22.44542346857668,437,0,131,443,227,216,0,616,infection,1162
22.462892341959684,438,0,131,443,228,216,0,616,birth,1228
22.47892507896,438,0,130,444,228,216,0,616,recovery,259
22.486340140145472,438,0,130,443,228,217,0,616,death,850
22.492625981864656,438,0,129,444,228,217,0,616,recovery,1067
22.530775841636324,438,0,128,445,228,217,0,616,recovery,210
22.53242119025611,438,0,127,446,228,217,0,616,recovery,1146
22.537394680587163,438,0,126,447,228,217,0,616,recovery,1089
22.53948087032488,438,0,125,448,228,217,0,616,recovery,286
22.540714026888473,437,0,126,448,228,217,0,617,infection,622
22.55977016287367,437,0,125,449,228,217,0,617,recovery,1187
22.577296203244273,437,0,124,450,228,217,0,617,recovery,671
22.577689182853966,438,0,124,450,229,217,0,617,birth,1229
22.58463408397905,438,0,123,451,229,217,0,617,recovery,429
22.600041864237653,437,0,124,451,229,217,0,618,infection,28
22.649054002993577,436,0,125,451,229,217,0,619,infection,428
22.6677171273502,437,0,125,451,230,217,0,619,birth,1230
22.672393372928966,437,0,124,452,230,217,0,619,recovery,808
22.677101126958473,437,0,123,453,230,217,0,619,recovery,1111
22.690175946457167,436,0,123,453,230,218,0,619,death,1104
22.723000303837022,437,0,123,453,231,218,0,619,birth,1231
22.726292099943137,436,0,124,453,231,218,0,620,infection,922
22.746626379516115,437,0,124,453,232,218,0,620,birth,1232
22.74997372658425,438,0,124,453,233,218,0,620,birth,1233
22.75650541673716,437,0,125,453,233,218,0,621,infection,1121
22.75836388781221,437,0,125,452,233,219,0,621,death,285
22.78620449601658,437,0,124,453,233,219,0,621,recovery,410
22.786458791192405,437,0,123,454,233,219,0,621,recovery,1150
22.7946138323271,436,0,124,454,233,219,0,622,infection,135
22.812377932110426,436,0,123,455,233,219,0,622,recovery,1204
22.824257540365593,436,0,122,456,233,219,0,622,recovery,231
22.855682068391463,435,0,123,456,233,219,0,623,infection,560
22.87490232937665,435,0,122,457,233,219,0,623,recovery,969
22.889179269084483,434,0,123,457,233,219,0,624,infection,624
22.905139410121254,434,0,123,456,233,220,0,624,death,669
22.927737712999573,433,0,124,456,233,220,0,625,infection,391
22.942702485915618,432,0,125,456,233,220,0,626,infection,315
22.9495135496285,432,0,125,455,233,221,0,626,death,372
23.009893162024817,432,0,124,456,233,221,0,626,recovery,106
23.016769296002977,432,0,123,457,233,221,0,626,recovery,855
23.040675569645444,432,0,122,458,233,221,0,626,recovery,485
23.057036847729663,432,0,121,459,233,221,0,626,recovery,40
23.093037059825857,431,0,122,459,233,221,0,627,infection,613
23.108212345242773,431,0,122,458,233,222,0,627,death,1067
23.11781648257933,430,0,123,458,233,222,0,628,infection,542
23.128762424448382,429,0,124,458,233,222,0,629,infection,678
23.145949090400016,429,0,124,457,233,223,0,629,death,1187
23.14980581630672,429,0,123,458,233,223,0,629,recovery,967
23.177378352690443,428,0,124,458,233,223,0,630,infection,209
23.212512644655753,427,0,125,458,233,223,0,631,infection,1001
23.248438371764617,426,0,126,458,233,223,0,632,infection,347
23.260155137083625,425,0,127,458,233,223,0,633,infection,656
23.27232522100484,425,0,126,459,233,223,0,633,recovery,399
23.28038534696421,425,0,125,460,233,223,0,633,recovery,1211
23.303873981418395,426,0,125,460,234,223,0,633,birth,1234
23.318301966937778,426,0,124,461,234,223,0,633,recovery,428
23.366190576761106,426,0,123,462,234,223,0,633,recovery,560
23.377921619699535,427,0,123,462,235,223,0,633,birth,1235
23.381143344170987,427,0,123,461,235,224,0,633,death,755
23.382968120556903,427,0,122,462,235,224,0,633,recovery,177
23.38952552952455,426,0,123,462,235,224,0,634,infection,858
23.437438361308526,426,0,123,461,235,225,0,634,death,943
23.437702749275665,425,0,124,461,235,225,0,635,infection,25
23.460812692767476,425,0,123,462,235,225,0,635,recovery,1003
23.467228307987103,425,0,122,463,235,225,0,635,recovery,800
23.478237487906853,425,0,121,464,235,225,0,635,recovery,134
23.484713066089093,425,0,120,465,235,225,0,635,recovery,414
23.485517628754145,424,0,121,465,235,225,0,636,infection,960
23.497464644601134,423,0,122,465,235,225,0,637,infection,297
23.505066788981978,423,0,121,466,235,225,0,637,recovery,62
23.52901843587032,422,0,121,466,235,226,0,637,death,925
23.559622123006058,421,0,122,466,235,226,0,638,infection,334
23.567082474967386,421,0,121,467,235,226,0,638,recovery,852
23.572747067376298,421,0,120,468,235,226,0,638,recovery,526
23.634929353479897,420,0,121,468,235,226,0,639,infection,415
23.656680747958323,421,0,121,468,236,226,0,639,birth,1236
23.65933812639074,420,0,122,468,236,226,0,640,infection,1184
23.681859231133707,421,0,122,468,237,226,0,640,birth,1237
23.68210526241279,420,0,122,468,237,227,0,640,death,430
23.685860247965277,420,0,122,467,237,228,0,640,death,983
23.6871384620722,419,0,123,467,237,228,0,641,infection,1130
23.688226350597432,419,0,122,468,237,228,0,641,recovery,1044
23.711689463211172,420,0,122,468,238,228,0,641,birth,1238
23.753264340665297,420,0,121,469,238,228,0,641,recovery,438
23.76765986877734,420,0,121,468,238,229,0,641,death,866
23.772575578900458,420,0,120,469,238,229,0,641,recovery,304
23.80379725678002,420,0,119,470,238,229,0,641,recovery,395
23.81625797692699,419,0,120,470,238,229,0,642,infection,510
23.827075032463203,419,0,119,471,238,229,0,642,recovery,203
23.82985602480246,419,0,118,472,238,229,0,642,recovery,493
23.838824867447073,419,0,117,473,238,229,0,642,recovery,1038
23.867917807083263,418,0,118,473,238,229,0,643,infection,183
23.873347915653135,418,0,117,474,238,229,0,643,recovery,342
23.873487727776098,417,0,118,474,238,229,0,644,infection,676
23.888357264643947,416,0,119,474,238,229,0,645,infection,39
23.90320834244505,416,0,118,475,238,229,0,645,recovery,391
23.917438034597716,416,0,117,476,238,229,0,645,recovery,656
23.941937395054733,416,0,116,477,238,229,0,645,recovery,220
23.943980288684013,415,0,116,477,238,230,0,645,death,528
23.96127804287775,415,0,115,478,238,230,0,645,recovery,768
23.97438572525595,415,0,114,479,238,230,0,645,recovery,614
23.99032230531816,415,0,113,480,238,230,0,645,recovery,157
23.99061396319694,414,0,114,480,238,230,0,646,infection,392
23.995745057081386,414,0,113,481,238,230,0,646,recovery,1032
24.003952094618807,414,0,113,480,238,231,0,646,death,77
24.052901364329834,415,0,113,480,239,231,0,646,birth,1239
24.068908827907006,414,0,114,480,239,231,0,647,infection,1063
24.07141645136444,415,0,114,480,240,231,0,647,birth,1240
24.08478938324656,414,0,115,480,240,231,0,648,infection,1135
24.092977072664482,414,0,114,481,240,231,0,648,recovery,807
24.1016277418601,414,0,113,482,240,231,0,648,recovery,297
24.111379113362695,414,0,112,483,240,231,0,648,recovery,135
24.13544515056279,415,0,112,483,241,231,0,648,birth,1241
24.140187446727573,414,0,113,483,241,231,0,649,infection,871
24.143418934318092,414,0,112,484,241,231,0,649,recovery,158
24.144555624235604,413,0,113,484,241,231,0,650,infection,355
24.165936357461597,413,0,112,485,241,231,0,650,recovery,340
24.187191605211872,413,0,112,484,241,232,0,650,death,379
24.194253493948324,413,0,111,485,241,232,0,650,recovery,520
24.20744195583221,412,0,112,485,241,232,0,651,infection,741
24.283791768907623,411,0,113,485,241,232,0,652,infection,586
24.291911296706157,411,0,112,486,241,232,0,652,recovery,1077
24.293910635863256,411,0,111,487,241,232,0,652,recovery,567
24.303277351455105,410,0,112,487,241,232,0,653,infection,574
24.313572185735087,409,0,113,487,241,232,0,654,infection,141
24.314365589936692,408,0,114,487,241,232,0,655,infection,118
24.314514108206886,408,0,113,488,241,232,0,655,recovery,942
24.31642385799017,407,0,114,488,241,232,0,656,infection,976
24.33469479502714,406,0,115,488,241,232,0,657,infection,1218
24.35063072399533,406,0,114,489,241,232,0,657,recovery,313
24.354871167850746,406,0,113,490,241,232,0,657,recovery,12
24.36897669587739,406,0,112,491,241,232,0,657,recovery,28
24.386189092840418,406,0,111,492,241,232,0,657,recovery,502
24.42074244531374,405,0,112,492,241,232,0,658,infection,425
24.44544875876345,405,0,111,493,241,232,0,658,recovery,912
24.473907151891087,405,0,110,494,241,232,0,658,recovery,527
24.47798372809828,405,0,109,495,241,232,0,658,recovery,638
24.480237719377307,406,0,109,495,242,232,0,658,birth,1242
24.493048426466835,405,0,110,495,242,232,0,659,infection,1219
24.51465940825723,405,0,110,494,242,233,0,659,death,71
24.5263996106656,405,0,110,493,242,234,0,659,death,937
24.53543087125373,406,0,110,493,243,234,0,659,birth,1243
24.570351076817786,405,0,111,493,243,234,0,660,infection,615
24.58520029424093,404,0,112,493,243,234,0,661,infection,1234
24.589781062511193,403,0,113,493,243,234,0,662,infection,1231
24.59258233652058,404,0,113,493,244,234,0,662,birth,1244
24.608654835250206,405,0,113,493,245,234,0,662,birth,1245
24.638840174799654,405,0,112,494,245,234,0,662,recovery,622
24.685585272224085,406,0,112,494,246,234,0,662,birth,1246
24.702331487067053,406,0,111,495,246,234,0,662,recovery,339
24.707053376336006,405,0,111,495,246,235,0,662,death,338
24.71446989146961,406,0,111,495,247,235,0,662,birth,1247
24.717777766984206,406,0,110,496,247,235,0,662,recovery,449
24.7577938576392,406,0,109,497,247,235,0,662,recovery,1234
24.761986570330738,406,0,108,498,247,235,0,662,recovery,78
24.794282758371438,406,0,107,499,247,235,0,662,recovery,64
24.80500962667209,406,0,106,500,247,235,0,662,recovery,1004
24.814280588438102,405,0,107,500,247,235,0,663,infection,1176
24.81477847440344,405,0,106,501,247,235,0,663,recovery,803
24.820768833336015,405,0,105,502,247,235,0,663,recovery,923
24.853053323645153,404,0,106,502,247,235,0,664,infection,1087
24.861983201485195,405,0,106,502,248,235,0,664,birth,1248
24.866239824602765,406,0,106,502,249,235,0,664,birth,1249
24.895758376776715,405,0,107,502,249,235,0,665,infection,794
24.91030395326365,405,0,106,503,249,235,0,665,recovery,1062
24.913400490328616,406,0,106,503,250,235,0,665,birth,1250
24.921938613815293,406,0,105,504,250,235,0,665,recovery,1063
24.924086037798652,406,0,104,505,250,235,0,665,recovery,396
24.929399564475418,406,0,103,506,250,235,0,665,recovery,46
24.932006080852958,406,0,102,507,250,235,0,665,recovery,415
24.943744532332747,406,0,101,508,250,235,0,665,recovery,257
24.983959909111363,407,0,101,508,251,235,0,665,birth,1251
24.987089942134215,406,0,102,508,251,235,0,666,infection,475
24.992730004582576,406,0,101,509,251,235,0,666,recovery,1054
24.99519963516774,406,0,100,510,251,235,0,666,recovery,328
24.997306411444974,407,0,100,510,252,235,0,666,birth,1252
25.00900967533906,406,0,101,510,252,235,0,667,infection,1060
25.01577428955014,406,0,101,509,252,236,0,667,death,171
25.080743801702525,405,0,102,509,252,236,0,668,infection,544
25.083627084993424,405,0,101,510,252,236,0,668,recovery,362
25.08393949617515,406,0,101,510,253,236,0,668,birth,1253
25.125510597695552,405,0,102,510,253,236,0,669,infection,667
25.12919180503941,405,0,101,511,253,236,0,669,recovery,734
25.129211620786254,404,0,102,511,253,236,0,670,infection,1114
25.134291885000177,403,0,103,511,253,236,0,671,infection,76
25.14379870982395,403,0,102,512,253,236,0,671,recovery,1162
25.149786054770253,402,0,102,512,253,237,0,671,death,652
25.15564761848973,402,0,101,513,253,237,0,671,recovery,1120
25.1657273849196,402,0,101,512,253,238,0,671,death,493
25.181657155041403,401,0,102,512,253,238,0,672,infection,456
25.186876300554903,400,0,103,512,253,238,0,673,infection,10
25.22629791687841,399,0,104,512,253,238,0,674,infection,650
25.229585478641884,398,0,105,512,253,238,0,675,infection,873
25.25620420498988,398,0,104,513,253,238,0,675,recovery,1184
25.275345374345846,398,0,104,512,253,239,0,675,death,518
25.289325910851968,398,0,103,513,253,239,0,675,recovery,738
25.292353716114608,398,0,103,512,253,240,0,675,death,239
25.312101612913303,397,0,104,512,253,240,0,676,infection,152
25.324270951291528,397,0,103,513,253,240,0,676,recovery,425
25.333129843000552,397,0,102,514,253,240,0,676,recovery,574
25.33642390693116,396,0,103,514,253,240,0,677,infection,219
25.35399158927705,395,0,104,514,253,240,0,678,infection,1097
25.356918149367097,396,0,104,514,254,240,0,678,birth,1254
25.358382164291935,396,0,103,514,254,241,0,678,death,1001
25.361567851731312,396,0,102,515,254,241,0,678,recovery,586
25.38089044171574,396,0,101,516,254,241,0,678,recovery,1132
25.38473835872561,395,0,102,516,254,241,0,679,infection,666
25.406212683682018,394,0,102,516,254,242,0,679,death,128
25.427552107582862,393,0,103,516,254,242,0,680,infection,1208
25.428072620277398,392,0,104,516,254,242,0,681,infection,234
25.43621497364324,392,0,104,515,254,243,0,681,death,1169
25.443602910459592,393,0,104,515,255,243,0,681,birth,1255
25.448148884103908,394,0,104,515,256,243,0,681,birth,1256
25.455916721274395,394,0,103,516,256,243,0,681,recovery,624
25.457676820764473,394,0,102,517,256,243,0,681,recovery,1060
25.49269775074876,395,0,102,517,257,243,0,681,birth,1257
25.569660781587423,394,0,103,517,257,243,0,682,infection,271
25.580801931628297,393,0,104,517,257,243,0,683,infection,776
25.587461516508533,394,0,104,517,258,243,0,683,birth,1258
25.601243585017368,393,0,105,517,258,243,0,684,infection,484
25.60400520805923,394,0,105,517,259,243,0,684,birth,1259
25.61381069804802,393,0,106,517,259,243,0,685,infection,725
25.644357391041,393,0,105,518,259,243,0,685,recovery,76
25.669485210243376,393,0,104,519,259,243,0,685,recovery,542
25.67290364755844,392,0,105,519,259,243,0,686,infection,487
25.67845406948463,392,0,104,520,259,243,0,686,recovery,916
25.679650572329198,391,0,105,520,259,243,0,687,infection,599
25.682758759660764,391,0,104,521,259,243,0,687,recovery,1097
25.691159154318147,392,0,104,521,260,243,0,687,birth,1260
25.721386524610377,391,0,105,521,260,243,0,688,infection,1170
25.726172998079903,390,0,105,521,260,244,0,688,death,1099
25.755107182667473,390,0,104,522,260,244,0,688,recovery,323
25.763246681643626,390,0,103,522,260,245,0,688,death,759
25.78395745542088,389,0,104,522,260,245,0,689,infection,845
25.790630948950422,389,0,103,523,260,245,0,689,recovery,1175
25.79710052191026,389,0,102,524,260,245,0,689,recovery,209
25.805228108259396,389,0,101,525,260,245,0,689,recovery,481
25.817293892449868,390,0,101,525,261,245,0,689,birth,1261
25.833715252418795,389,0,102,525,261,245,0,690,infection,1229
25.871596903198544,389,0,101,526,261,245,0,690,recovery,34
25.8732993485864,390,0,101,526,262,245,0,690,birth,1262
25.89195218796232,391,0,101,526,263,245,0,690,birth,1263
25.89452390116049,391,0,100,527,263,245,0,690,recovery,149
25.896658947175073,391,0,99,528,263,245,0,690,recovery,510
25.900839572746236,391,0,98,529,263,245,0,690,recovery,536
25.901012587703203,390,0,99,529,263,245,0,691,infection,44
25.92473697752754,391,0,99,529,264,245,0,691,birth,1264
25.94822897091135,391,0,98,530,264,245,0,691,recovery,776
25.954381240989274,390,0,99,530,264,245,0,692,infection,1225
25.968609893182823,390,0,98,531,264,245,0,692,recovery,118
25.968629790259865,389,0,98,531,264,246,0,692,death,1263
25.983834949966887,388,0,99,531,264,246,0,693,infection,341
25.9878719334105,388,0,99,530,264,247,0,693,death,91
25.989707329431138,388,0,98,531,264,247,0,693,recovery,564
26.04152203198518,388,0,97,532,264,247,0,693,recovery,883
26.049052092413163,388,0,96,533,264,247,0,693,recovery,539
26.08163967884538,387,0,97,533,264,247,0,694,infection,361
26.10929285425857,387,0,96,534,264,247,0,694,recovery,867
26.12359588646385,388,0,96,534,265,247,0,694,birth,1265
26.12424955591981,388,0,95,535,265,247,0,694,recovery,641
26.178988444680115,388,0,94,536,265,247,0,694,recovery,39
26.19984996137929,389,0,94,536,266,247,0,694,birth,1266
26.237768616276565,388,0,95,536,266,247,0,695,infection,1142
26.25876415282308,389,0,95,536,267,247,0,695,birth,1267
26.260414513592636,389,0,94,537,267,247,0,695,recovery,363
26.26930915461349,388,0,95,537,267,247,0,696,infection,1256
26.27252225311123,388,0,94,537,267,248,0,696,death,1256
26.29247010685851,388,0,93,538,267,248,0,696,recovery,1130
26.297294813016464,388,0,92,538,267,249,0,696,death,927
26.325405557138346,388,0,91,539,267,249,0,696,recovery,880
26.332430066391286,389,0,91,539,268,249,0,696,birth,1268
26.37506071609354,388,0,92,539,268,249,0,697,infection,132
26.385164396192977,388,0,92,538,268,250,0,697,death,980
26.388364081415958,388,0,91,539,268,250,0,697,recovery,1114
26.433938832672705,389,0,91,539,269,250,0,697,birth,1269
26.449737588786707,388,0,92,539,269,250,0,698,infection,107
26.459042839119334,388,0,91,540,269,250,0,698,recovery,234
26.472463392340007,387,0,92,540,269,250,0,699,infection,211
26.48910079245556,387,0,91,541,269,250,0,699,recovery,1071
26.523185806351528,387,0,91,540,269,251,0,699,death,51
26.552226516409743,387,0,90,541,269,251,0,699,recovery,355
26.574277463673287,386,0,91,541,269,251,0,700,infection,1267
26.576444479869675,387,0,91,541,270,251,0,700,birth,1270
26.602908110971722,387,0,90,542,270,251,0,700,recovery,908
26.619522017877166,387,0,89,543,270,251,0,700,recovery,584
26.62804248364677,388,0,89,543,271,251,0,700,birth,1271
26.639738241189338,388,0,88,544,271,251,0,700,recovery,765
26.644644465091787,389,0,88,544,272,251,0,700,birth,1272
26.665323475296134,388,0,89,544,272,251,0,701,infection,1237
26.671228138616495,387,0,90,544,272,251,0,702,infection,1116
26.75114100282193,386,0,91,544,272,251,0,703,infection,1084
26.754487297559205,385,0,91,544,272,252,0,703,death,488
26.767149366371537,384,0,91,544,272,253,0,703,death,1224
26.792102471890296,384,0,91,543,272,254,0,703,death,5
26.843892449834048,384,0,90,544,272,254,0,703,recovery,132
26.85436792236257,384,0,89,545,272,254,0,703,recovery,484
26.87159327189002,384,0,88,546,272,254,0,703,recovery,666
26.900505099128434,385,0,88,546,273,254,0,703,birth,1273
26.914433033512584,386,0,88,546,274,254,0,703,birth,1274
26.917349247451543,385,0,89,546,274,254,0,704,infection,683
26.921790333415913,384,0,90,546,274,254,0,705,infection,1248
26.922455844628207,383,0,91,546,274,254,0,706,infection,1253
26.93077794038618,383,0,90,547,274,254,0,706,recovery,208
26.935202474200942,384,0,90,547,275,254,0,706,birth,1275
26.935860869482948,385,0,90,547,276,254,0,706,birth,1276
26.949153762967974,385,0,89,548,276,254,0,706,recovery,125
26.965577954941608,386,0,89,548,277,254,0,706,birth,1277
26.96772592965574,385,0,90,548,277,254,0,707,infection,1036
26.983212394371094,385,0,89,549,277,254,0,707,recovery,141
27.001434000438792,386,0,89,549,278,254,0,707,birth,1278
27.049810693825524,385,0,90,549,278,254,0,708,infection,1137
27.074764243305072,386,0,90,549,279,254,0,708,birth,1279
27.14821993144526,385,0,91,549,279,254,0,709,infection,1276
27.20352241660191,385,0,90,550,279,254,0,709,recovery,1121
27.222396282359853,385,0,89,551,279,254,0,709,recovery,724
27.223688541158314,386,0,89,551,280,254,0,709,birth,1280
27.238143007010407,387,0,89,551,281,254,0,709,birth,1281
27.268497546427824,386,0,90,551,281,254,0,710,infection,235
27.290319056803124,385,0,90,551,281,255,0,710,death,296
27.302916596177322,384,0,90,551,281,256,0,710,death,245
27.308695720495795,383,0,91,551,281,256,0,711,infection,653
27.327272515723596,383,0,90,552,281,256,0,711,recovery,305
27.338385360232422,383,0,89,553,281,256,0,711,recovery,475
27.344579719322535,384,0,89,553,282,256,0,711,birth,1282
27.359241611720726,383,0,90,553,282,256,0,712,infection,854
27.362034377877347,382,0,91,553,282,256,0,713,infection,885
27.389721125659346,381,0,92,553,282,256,0,714,infection,424
27.435391690524398,382,0,92,553,283,256,0,714,birth,1283
27.43563258662769,383,0,92,553,284,256,0,714,birth,1284
27.438523515344485,383,0,91,554,284,256,0,714,recovery,1087
27.442300159478755,382,0,91,554,284,257,0,714,death,1147
27.45278732112248,382,0,90,555,284,257,0,714,recovery,1084
27.4942790903308,383,0,90,555,285,257,0,714,birth,1285
27.49593930510514,384,0,90,555,286,257,0,714,birth,1286
27.50228795210904,384,0,89,556,286,257,0,714,recovery,347
27.503994385277675,383,0,90,556,286,257,0,715,infection,41
27.513477359281616,382,0,91,556,286,257,0,716,infection,258
27.564070163629005,382,0,90,557,286,257,0,716,recovery,244
27.5849066827138,381,0,91,557,286,257,0,717,infection,1285
27.621343477116532,380,0,91,557,286,258,0,717,death,581
27.64353249296795,380,0,90,558,286,258,0,717,recovery,515
27.65403204290066,379,0,91,558,286,258,0,718,infection,37
27.65619344874924,379,0,90,559,286,258,0,718,recovery,871
27.659964385485658,379,0,89,560,286,258,0,718,recovery,222
27.677279577034877,378,0,90,560,286,258,0,719,infection,555
27.69979851168583,378,0,89,561,286,258,0,719,recovery,1218
27.70783128890248,377,0,90,561,286,258,0,720,infection,365
27.724519426440605,378,0,90,561,287,258,0,720,birth,1287
27.75722684180521,379,0,90,561,288,258,0,720,birth,1288
27.76547600487854,378,0,91,561,288,258,0,721,infection,1233
27.773416581779973,377,0,92,561,288,258,0,722,infection,500
27.796111898201424,377,0,91,562,288,258,0,722,recovery,653
27.803733386135978,378,0,91,562,289,258,0,722,birth,1289
27.819107673211455,377,0,91,562,289,259,0,722,death,1050
27.865256994680557,376,0,92,562,289,259,0,723,infection,1095
27.891514739791987,377,0,92,562,290,259,0,723,birth,1290
27.92285871538696,376,0,93,562,290,259,0,724,infection,309
27.926323455909397,376,0,92,563,290,259,0,724,recovery,1248
27.928620622300617,375,0,93,563,290,259,0,725,infection,3
27.929507614092966,376,0,93,563,291,259,0,725,birth,1291
27.93114567372444,376,0,93,562,291,260,0,725,death,415
27.996653087357345,376,0,92,563,291,260,0,725,recovery,873
27.99882156682287,375,0,93,563,291,260,0,726,infection,97
27.999934844054046,375,0,92,564,291,260,0,726,recovery,1095
28.012448178132175,375,0,91,565,291,260,0,726,recovery,97
28.032533843531322,376,0,91,565,292,260,0,726,birth,1292
28.068497261724872,375,0,91,565,292,261,0,726,death,1009
28.08942187703076,374,0,92,565,292,261,0,727,infection,893
28.122816246949995,373,0,93,565,292,261,0,728,infection,1122
28.157984109464916,372,0,94,565,292,261,0,729,infection,1200
28.170535411090704,372,0,93,566,292,261,0,729,recovery,1219
28.172560340292364,371,0,93,566,292,262,0,729,death,105
28.18723573059945,372,0,93,566,293,262,0,729,birth,1293
28.26805621175315,372,0,92,567,293,262,0,729,recovery,309
28.271198792304546,372,0,91,568,293,262,0,729,recovery,938
28.272429955562068,371,0,92,568,293,262,0,730,infection,412
28.273135257862393,371,0,92,567,293,263,0,730,death,721
28.295831263886733,372,0,92,567,294,263,0,730,birth,1294
28.30654559411665,373,0,92,567,295,263,0,730,birth,1295
28.321972816375048,373,0,91,568,295,263,0,730,recovery,10
28.3273833234997,374,0,91,568,296,263,0,730,birth,1296
28.35617080943732,374,0,90,569,296,263,0,730,recovery,1285
28.3648681564254,373,0,91,569,296,263,0,731,infection,466
28.373028596758758,374,0,91,569,297,263,0,731,birth,1297
28.37338073021314,373,0,92,569,297,263,0,732,infection,692
28.39858356401944,373,0,91,570,297,263,0,732,recovery,229
28.45318508861241,372,0,92,570,297,263,0,733,infection,9
28.49874008541645,372,0,91,571,297,263,0,733,recovery,791
28.49955279963575,373,0,91,571,298,263,0,733,birth,1298
28.52908072155746,373,0,90,572,298,263,0,733,recovery,235
28.574543535839503,373,0,89,572,298,264,0,733,death,1135
28.632320268786327,373,0,88,573,298,264,0,733,recovery,9
28.632759866751496,372,0,89,573,298,264,0,734,infection,580
28.63672561950814,373,0,89,573,299,264,0,734,birth,1299
28.66921843065545,373,0,88,574,299,264,0,734,recovery,183
28.691879171335607,373,0,87,574,299,265,0,734,death,1015
28.732008066315114,372,0,88,574,299,265,0,735,infection,1278
28.751824140338023,372,0,87,575,299,265,0,735,recovery,1142
28.758952414770512,371,0,87,575,299,266,0,735,death,588
28.76144806363256,370,0,88,575,299,266,0,736,infection,1086
28.762245160969833,370,0,88,574,299,267,0,736,death,623
28.783160967748305,370,0,88,573,299,268,0,736,death,355
28.78567851793905,371,0,88,573,300,268,0,736,birth,1300
28.865926574794933,371,0,87,574,300,268,0,736,recovery,1229
28.871171169832436,371,0,86,575,300,268,0,736,recovery,667
28.872462325280285,372,0,86,575,301,268,0,736,birth,1301
28.878769324232714,373,0,86,575,302,268,0,736,birth,1302
28.879653978592188,374,0,86,575,303,268,0,736,birth,1303
28.881281731884947,374,0,85,576,303,268,0,736,recovery,655
28.883084969471202,375,0,85,576,304,268,0,736,birth,1304
28.908203183904707,374,0,85,576,304,269,0,736,death,236
28.91055313662383,374,0,84,577,304,269,0,736,recovery,960
28.911660956594442,374,0,84,576,304,270,0,736,death,293
28.92129229405846,373,0,85,576,304,270,0,737,infection,1185
28.930547444130006,372,0,86,576,304,270,0,738,infection,1189
28.97871637233404,372,0,85,577,304,270,0,738,recovery,412
28.993091321308754,371,0,86,577,304,270,0,739,infection,832
29.030363441944733,371,0,85,578,304,270,0,739,recovery,725
29.03463446912542,371,0,84,579,304,270,0,739,recovery,1231
29.0407219589476,371,0,83,579,304,271,0,739,death,580
29.046995134868386,371,0,83,578,304,272,0,739,death,156
29.07833598683711,370,0,84,578,304,272,0,740,infection,136
29.085670722058925,369,0,85,578,304,272,0,741,infection,701
29.09796603309531,369,0,84,579,304,272,0,741,recovery,60
29.104663312434187,369,0,83,580,304,272,0,741,recovery,1185
29.121631299161812,369,0,83,579,304,273,0,741,death,1096
29.132489999099718,369,0,82,580,304,273,0,741,recovery,1253
29.151199768901375,368,0,83,580,304,273,0,742,infection,758
29.171538165011025,368,0,82,581,304,273,0,742,recovery,1233
29.172732793377737,369,0,82,581,305,273,0,742,birth,1305
29.176466767934077,368,0,83,581,305,273,0,743,infection,1210
29.212283402784813,368,0,83,580,305,274,0,743,death,455
29.232034217975663,367,0,84,580,305,274,0,744,infection,96
29.24445118922501,367,0,83,581,305,274,0,744,recovery,544
29.261574821727173,367,0,82,582,305,274,0,744,recovery,976
29.272190025181928,367,0,81,583,305,274,0,744,recovery,136
29.32454542960043,367,0,80,584,305,274,0,744,recovery,832
29.383383710490836,366,0,81,584,305,274,0,745,infection,1216
29.391322543047664,365,0,82,584,305,274,0,746,infection,783
29.39274221822028,365,0,81,585,305,274,0,746,recovery,258
29.41286748938438,364,0,82,585,305,274,0,747,infection,123
29.41604087001254,363,0,83,585,305,274,0,748,infection,124
29.426587951084695,362,0,83,585,305,275,0,748,death,1138
29.427662699772235,362,0,83,584,305,276,0,748,death,371
29.42964901423169,361,0,84,584,305,276,0,749,infection,1296
29.485228690860943,361,0,83,585,305,276,0,749,recovery,1296
29.50185360084506,360,0,84,585,305,276,0,750,infection,891
29.518857237158286,361,0,84,585,306,276,0,750,birth,1306
29.545018672313475,362,0,84,585,307,276,0,750,birth,1307
29.55121878155627,361,0,85,585,307,276,0,751,infection,1103
29.56096494351577,361,0,84,586,307,276,0,751,recovery,701
29.574105500201387,361,0,83,587,307,276,0,751,recovery,1237
29.579266621952204,361,0,83,586,307,277,0,751,death,140
29.579939853725662,361,0,82,587,307,277,0,751,recovery,775
29.609502185097597,361,0,81,588,307,277,0,751,recovery,341
29.61887552539284,361,0,80,589,307,277,0,751,recovery,977
29.644305085563964,361,0,79,590,307,277,0,751,recovery,41
29.655746269879163,362,0,79,590,308,277,0,751,birth,1308
29.676480706153026,361,0,80,590,308,277,0,752,infection,1113
29.703114292131982,362,0,80,590,309,277,0,752,birth,1309
29.704403923693423,362,0,79,591,309,277,0,752,recovery,1170
29.713467593014897,362,0,78,592,309,277,0,752,recovery,615
29.73435005649621,362,0,77,593,309,277,0,752,recovery,1178
29.74690263310994,361,0,78,593,309,277,0,753,infection,1069
29.77558482254018,360,0,79,593,309,277,0,754,infection,1235
29.780882855841693,359,0,80,593,309,277,0,755,infection,38
29.786811074779944,359,0,80,592,309,278,0,755,death,791
29.804471415706104,360,0,80,592,310,278,0,755,birth,1310
29.858119323741988,360,0,79,593,310,278,0,755,recovery,609
29.86091912509247,361,0,79,593,311,278,0,755,birth,1311
29.87159590923926,361,0,78,594,311,278,0,755,recovery,451
29.89515535935114,361,0,78,593,311,279,0,755,death,41
29.921173794748107,361,0,77,593,311,280,0,755,death,1235
29.92964154376713,360,0,78,593,311,280,0,756,infection,1236
30.03153193303823,360,0,77,594,311,280,0,756,recovery,124
30.035374354359845,359,0,77,594,311,281,0,756,death,411
30.035640313304135,359,0,77,593,311,282,0,756,death,560
30.038878295313204,359,0,76,593,311,283,0,756,death,44
30.075498441456077,359,0,75,594,311,283,0,756,recovery,1176
30.07680342259181,358,0,76,594,311,283,0,757,infection,1261
30.125622154549966,358,0,75,595,311,283,0,757,recovery,424
30.132586104254848,359,0,75,595,312,283,0,757,birth,1312
30.141671015697046,358,0,76,595,312,283,0,758,infection,1300
30.143333754629076,358,0,75,596,312,283,0,758,recovery,783
30.158165090089508,358,0,74,597,312,283,0,758,recovery,794
30.217083277543505,359,0,74,597,313,283,0,758,birth,1313
30.22182915068877,359,0,73,598,313,283,0,758,recovery,692
30.235213207698347,359,0,73,597,313,284,0,758,death,501
30.238416125067275,359,0,72,598,313,284,0,758,recovery,361
30.293688504406802,360,0,72,598,314,284,0,758,birth,1314
30.29482496565637,360,0,71,599,314,284,0,758,recovery,1116
30.34985193293437,360,0,71,598,314,285,0,758,death,1142
30.456006938282123,361,0,71,598,315,285,0,758,birth,1315
30.481398694695343,360,0,71,598,315,286,0,758,death,359
30.490678857126497,360,0,71,597,315,287,0,758,death,959
30.492246999861546,359,0,72,597,315,287,0,759,infection,1304
30.513661721036776,358,0,73,597,315,287,0,760,infection,1314
30.513978588531376,358,0,73,596,315,288,0,760,death,532
30.51993873140656,358,0,72,597,315,288,0,760,recovery,96
30.55092271642011,359,0,72,597,316,288,0,760,birth,1316
30.56717567724213,359,0,71,598,316,288,0,760,recovery,1236
30.575751769356724,359,0,71,597,316,289,0,760,death,221
30.653283493613376,360,0,71,597,317,289,0,760,birth,1317
30.69079691867816,360,0,70,598,317,289,0,760,recovery,500
30.6995061507497,359,0,71,598,317,289,0,761,infection,329
30.731477250361323,359,0,70,599,317,289,0,761,recovery,629
30.7368419836041,358,0,71,599,317,289,0,762,infection,275
30.75002362406153,358,0,70,600,317,289,0,762,recovery,801
30.76086653201748,357,0,70,600,317,290,0,762,death,1312
30.786598565525065,357,0,70,599,317,291,0,762,death,122
30.789306283127434,356,0,71,599,317,291,0,763,infection,939
30.803493215146705,355,0,72,599,317,291,0,764,infection,59
30.91099082633213,356,0,72,599,318,291,0,764,birth,1318
30.925035280047812,356,0,72,598,318,292,0,764,death,634
30.97082160760843,356,0,71,598,318,293,0,764,death,1200
30.980493757790125,356,0,70,599,318,293,0,764,recovery,211
30.99699622818688,357,0,70,599,319,293,0,764,birth,1319
31.01624109056924,357,0,69,599,319,294,0,764,death,1225
31.01970425969399,358,0,69,599,320,294,0,764,birth,1320
31.030545732865722,357,0,70,599,320,294,0,765,infection,1244
31.044738355259252,357,0,69,600,320,294,0,765,recovery,271
31.04947622688145,357,0,69,599,320,295,0,765,death,472
31.05332349283224,357,0,68,600,320,295,0,765,recovery,466
31.105462601868535,356,0,69,600,320,295,0,766,infection,735
31.128816277761963,356,0,69,599,320,296,0,766,death,391
31.129463777223243,356,0,68,600,320,296,0,766,recovery,758
31.154136422844676,357,0,68,600,321,296,0,766,birth,1321
31.159530924010763,358,0,68,600,322,296,0,766,birth,1322
31.186727724538812,357,0,69,600,322,296,0,767,infection,961
31.193478356998586,356,0,70,600,322,296,0,768,infection,742
31.193774825038297,355,0,71,600,322,296,0,769,infection,1076
31.20409763926399,355,0,71,599,322,297,0,769,death,801
31.22754856645069,355,0,70,600,322,297,0,769,recovery,1210
31.22964743428983,354,0,71,600,322,297,0,770,infection,100
31.230890750198075,355,0,71,600,323,297,0,770,birth,1323
31.23425789561126,356,0,71,600,324,297,0,770,birth,1324
31.264821493377262,356,0,70,600,324,298,0,770,death,1300
31.313017240329255,357,0,70,600,325,298,0,770,birth,1325
31.34125178914508,356,0,71,600,325,298,0,771,infection,1028
31.36334490662673,357,0,71,600,326,298,0,771,birth,1326
31.37655720275877,356,0,71,600,326,299,0,771,death,1199
31.38362531739292,355,0,72,600,326,299,0,772,infection,1241
31.384777917067687,355,0,72,599,326,300,0,772,death,399
31.396158172785675,355,0,71,600,326,300,0,772,recovery,1028
31.402149854627528,356,0,71,600,327,300,0,772,birth,1327
31.41798981204654,357,0,71,600,328,300,0,772,birth,1328
31.424143791022157,357,0,70,600,328,301,0,772,death,392
31.45815276182878,356,0,71,600,328,301,0,773,infection,349
31.48272775036389,356,0,70,601,328,301,0,773,recovery,742
31.485110482133198,357,0,70,601,329,301,0,773,birth,1329
31.48785303524252,357,0,70,600,329,302,0,773,death,622
31.49819408522807,356,0,71,600,329,302,0,774,infection,1243
31.50817250720422,355,0,71,600,329,303,0,774,death,817
31.542791492398536,355,0,70,601,329,303,0,774,recovery,650
31.548539739614593,355,0,70,600,329,304,0,774,death,39
31.556703688630943,355,0,70,599,329,305,0,774,death,680
31.580848995946496,355,0,69,600,329,305,0,774,recovery,1086
31.586462181748605,354,0,69,600,329,306,0,774,death,373
31.610897585180005,353,0,70,600,329,306,0,775,infection,719
31.61290882049715,353,0,69,601,329,306,0,775,recovery,1189
31.631399287005546,353,0,68,602,329,306,0,775,recovery,555
31.659399476874704,353,0,68,601,329,307,0,775,death,187
31.685064165778822,353,0,67,602,329,307,0,775,recovery,1208
31.698704145500898,353,0,66,603,329,307,0,775,recovery,1103
31.70020732356391,354,0,66,603,330,307,0,775,birth,1330
31.70422490265816,354,0,65,604,330,307,0,775,recovery,854
31.7072501568227,353,0,66,604,330,307,0,776,infection,847
31.715543331386176,352,0,67,604,330,307,0,777,infection,218
31.762411209860666,352,0,66,605,330,307,0,777,recovery,676
31.763477186029398,352,0,65,606,330,307,0,777,recovery,1267
31.78355662371755,352,0,65,605,330,308,0,777,death,864
31.795733546088513,353,0,65,605,331,308,0,777,birth,1331
31.81023614771821,354,0,65,605,332,308,0,777,birth,1332
31.847677322130874,354,0,64,606,332,308,0,777,recovery,1076
31.86533900248452,355,0,64,606,333,308,0,777,birth,1333
31.903516011200285,355,0,63,607,333,308,0,777,recovery,1304
31.926520380532214,355,0,63,606,333,309,0,777,death,757
31.983798359669997,355,0,63,605,333,310,0,777,death,305
31.999736022291962,354,0,64,605,333,310,0,778,infection,745
32.00815454840244,353,0,64,605,333,311,0,778,death,483
32.05036729854412,352,0,64,605,333,312,0,778,death,1182
32.086067132388045,353,0,64,605,334,312,0,778,birth,1334
32.09416260943081,353,0,63,606,334,312,0,778,recovery,318
32.11683606845891,353,0,62,607,334,312,0,778,recovery,845
32.12504076412482,353,0,61,608,334,312,0,778,recovery,92
32.133941139781676,353,0,60,609,334,312,0,778,recovery,1278
32.16781508851179,352,0,61,609,334,312,0,779,infection,731
32.18378755358887,351,0,62,609,334,312,0,780,infection,382
32.18711044821192,350,0,63,609,334,312,0,781,infection,26
32.19874454245544,350,0,63,608,334,313,0,781,death,956
32.1999403568838,351,0,63,608,335,313,0,781,birth,1335
32.20424030011424,351,0,62,609,335,313,0,781,recovery,922
32.208908037202804,351,0,62,608,335,314,0,781,death,1114
32.21649045951225,351,0,62,607,335,315,0,781,death,803
32.231265883845516,350,0,63,607,335,315,0,782,infection,1252
32.23289323806937,350,0,62,607,335,316,0,782,death,152
32.27386924719274,350,0,61,608,335,316,0,782,recovery,250
32.307744503578874,350,0,61,607,335,317,0,782,death,234
32.346557631863135,350,0,60,608,335,317,0,782,recovery,1113
32.35370147734069,349,0,61,608,335,317,0,783,infection,335
32.38248268596313,348,0,62,608,335,317,0,784,infection,387
32.38654259816365,347,0,63,608,335,317,0,785,infection,954
32.43422682768075,348,0,63,608,336,317,0,785,birth,1336
32.48334601135954,348,0,63,607,336,318,0,785,death,395
32.52757659383629,348,0,62,608,336,318,0,785,recovery,1261
32.58403649735879,347,0,63,608,336,318,0,786,infection,1179
32.58869202910536,347,0,63,607,336,319,0,786,death,394
32.62989043227796,348,0,63,607,337,319,0,786,birth,1337
32.71211491834342,348,0,63,606,337,320,0,786,death,1023
32.72080736392904,348,0,62,607,337,320,0,786,recovery,893
32.74921911285192,348,0,61,608,337,320,0,786,recovery,1244
32.756192369152686,349,0,61,608,338,320,0,786,birth,1338
32.76380748970119,350,0,61,608,339,320,0,786,birth,1339
32.771091766488226,350,0,61,607,339,321,0,786,death,96
32.825220821204375,351,0,61,607,340,321,0,786,birth,1340
32.83649419263083,350,0,61,607,340,322,0,786,death,1078
32.90053465176088,349,0,62,607,340,322,0,787,infection,1283
32.9194036713539,350,0,62,607,341,322,0,787,birth,1341
32.95760269017334,351,0,62,607,342,322,0,787,birth,1342
32.98240281525189,351,0,61,608,342,322,0,787,recovery,961
32.984243589188665,350,0,62,608,342,322,0,788,infection,282
33.01909238867343,350,0,61,609,342,322,0,788,recovery,899
33.022376057713146,350,0,61,608,342,323,0,788,death,113
33.02977338033604,349,0,61,608,342,324,0,788,death,1268
33.031266115532006,348,0,61,608,342,325,0,788,death,582
33.03162472783445,347,0,62,608,342,325,0,789,infection,1326
33.04293797197847,348,0,62,608,343,325,0,789,birth,1343
33.05880049132258,348,0,61,609,343,325,0,789,recovery,1252
33.06002105864394,348,0,61,608,343,326,0,789,death,838
33.066136469571944,347,0,62,608,343,326,0,790,infection,1145
33.071670858466646,347,0,61,609,343,326,0,790,recovery,123
33.08096325179868,347,0,60,610,343,326,0,790,recovery,1145
33.08157687833583,347,0,59,611,343,326,0,790,recovery,282
33.12805680999774,347,0,58,612,343,326,0,790,recovery,1069
33.13467295652316,348,0,58,612,344,326,0,790,birth,1344
33.14212219857855,348,0,58,611,344,327,0,790,death,215
33.150328885274426,347,0,59,611,344,327,0,791,infection,1258
33.155395123658224,347,0,58,612,344,327,0,791,recovery,1179
33.18070283975542,347,0,58,611,344,328,0,791,death,289
33.205079060028574,348,0,58,611,345,328,0,791,birth,1345
33.20794565472064,347,0,59,611,345,328,0,792,infection,31
33.22233597007873,347,0,59,610,345,329,0,792,death,573
33.27961590371603,346,0,60,610,345,329,0,793,infection,637
33.30247188479934,346,0,60,609,345,330,0,793,death,127
33.345713613568236,346,0,59,610,345,330,0,793,recovery,241
33.375036209698116,346,0,58,611,345,330,0,793,recovery,3
33.37860599777919,345,0,59,611,345,330,0,794,infection,821
33.38378088510614,346,0,59,611,346,330,0,794,birth,1346
33.385592199771544,347,0,59,611,347,330,0,794,birth,1347
33.41736160297062,346,0,60,611,347,330,0,795,infection,1270
33.45214780671565,345,0,60,611,347,331,0,795,death,291
33.455179051966994,345,0,59,612,347,331,0,795,recovery,349
33.458394215248326,346,0,59,612,348,331,0,795,birth,1348
33.50067544043128,345,0,60,612,348,331,0,796,infection,1183
33.54451172123188,345,0,59,613,348,331,0,796,recovery,387
33.54758312712576,345,0,58,614,348,331,0,796,recovery,17
33.559195371453505,346,0,58,614,349,331,0,796,birth,1349
33.627927982329766,346,0,58,613,349,332,0,796,death,1088
33.66423534295479,346,0,57,614,349,332,0,796,recovery,954
33.72360774643843,347,0,57,614,350,332,0,796,birth,1350
33.75493320365738,347,0,56,615,350,332,0,796,recovery,1241
33.76358394830877,348,0,56,615,351,332,0,796,birth,1351
33.78316410991098,348,0,56,614,351,333,0,796,death,1065
33.78928102760214,349,0,56,614,352,333,0,796,birth,1352
33.842020755071985,350,0,56,614,353,333,0,796,birth,1353
33.865418298640556,350,0,55,615,353,333,0,796,recovery,719
33.87320554234982,349,0,56,615,353,333,0,797,infection,894
33.88880570648088,349,0,55,616,353,333,0,797,recovery,731
33.90751090894708,350,0,55,616,354,333,0,797,birth,1354
33.91134576828584,350,0,55,615,354,334,0,797,death,1168
33.91254874745637,350,0,54,616,354,334,0,797,recovery,858
33.91833830279383,351,0,54,616,355,334,0,797,birth,1355
33.9426472859706,351,0,53,617,355,334,0,797,recovery,745
33.97607600538882,352,0,53,617,356,334,0,797,birth,1356
33.980052230496625,352,0,52,618,356,334,0,797,recovery,1036
34.008584444998746,353,0,52,618,357,334,0,797,birth,1357
34.04053686265184,353,0,52,617,357,335,0,797,death,831
34.04423233818965,353,0,51,618,357,335,0,797,recovery,365
34.046706306602886,352,0,51,618,357,336,0,797,death,111
34.076269418949664,352,0,50,619,357,336,0,797,recovery,1216
34.077961155155904,353,0,50,619,358,336,0,797,birth,1358
34.10921238963924,353,0,49,620,358,336,0,797,recovery,1258
34.12128031487313,352,0,50,620,358,336,0,798,infection,1336
34.15554353496124,352,0,49,621,358,336,0,798,recovery,59
34.17756805492583,352,0,49,620,358,337,0,798,death,765
34.227225443572095,351,0,50,620,358,337,0,799,infection,1
34.239171224901156,351,0,49,621,358,337,0,799,recovery,456
34.3145395876308,350,0,50,621,358,337,0,800,infection,833
34.33885662760202,351,0,50,621,359,337,0,800,birth,1359
34.339343800149656,351,0,49,621,359,338,0,800,death,1183
34.35971744209781,351,0,48,622,359,338,0,800,recovery,847
34.4302824606198,350,0,48,622,359,339,0,800,death,27
34.430584260083435,351,0,48,622,360,339,0,800,birth,1360
34.45418181940565,350,0,49,622,360,339,0,801,infection,348
34.45586080221291,350,0,49,621,360,340,0,801,death,542
34.499166110467506,349,0,50,621,360,340,0,802,infection,514
34.64103395044459,350,0,50,621,361,340,0,802,birth,1361
34.647964005936736,349,0,51,621,361,340,0,803,infection,95
34.650431781048894,350,0,51,621,362,340,0,803,birth,1362
34.66846297554608,349,0,52,621,362,340,0,804,infection,1164
34.697673658622094,348,0,53,621,362,340,0,805,infection,625
34.70533412234596,349,0,53,621,363,340,0,805,birth,1363
34.705371665844034,348,0,53,621,363,341,0,805,death,882
34.73192354936931,347,0,54,621,363,341,0,806,infection,1166
34.73577735968144,348,0,54,621,364,341,0,806,birth,1364
34.745460044351326,347,0,54,621,364,342,0,806,death,1240
34.753424927552345,348,0,54,621,365,342,0,806,birth,1365
34.765434076294866,349,0,54,621,366,342,0,806,birth,1366
34.78814241946831,350,0,54,621,367,342,0,806,birth,1367
34.80124217970672,349,0,54,621,367,343,0,806,death,1334
34.86231751049188,349,0,53,622,367,343,0,806,recovery,683
34.926587292875105,350,0,53,622,368,343,0,806,birth,1368
34.937852857241054,349,0,54,622,368,343,0,807,infection,1368
34.939596920890814,348,0,55,622,368,343,0,808,infection,1213
34.939747029147455,349,0,55,622,369,343,0,808,birth,1369
34.94292703346584,350,0,55,622,370,343,0,808,birth,1370
34.94746210546333,350,0,55,621,370,344,0,808,death,1110
34.955739077569625,351,0,55,621,371,344,0,808,birth,1371
34.95650545174922,350,0,56,621,371,344,0,809,infection,1302
34.95763748350254,350,0,55,622,371,344,0,809,recovery,1137
34.99007899750323,350,0,54,623,371,344,0,809,recovery,219
35.01418965589598,349,0,54,623,371,345,0,809,death,964
35.022567148226706,349,0,53,624,371,345,0,809,recovery,31
35.039701337218176,348,0,53,624,371,346,0,809,death,1140
35.05555578434551,348,0,52,625,371,346,0,809,recovery,939
35.07578270188674,347,0,53,625,371,346,0,810,infection,509
35.117976500215775,347,0,52,626,371,346,0,810,recovery,885
35.12930637337829,347,0,52,625,371,347,0,810,death,635
35.183666576942876,348,0,52,625,372,347,0,810,birth,1372
35.18692172431886,349,0,52,625,373,347,0,810,birth,1373
35.1961531199613,349,0,52,624,373,348,0,810,death,172
35.1964193967262,348,0,53,624,373,348,0,811,infection,101
35.23211952984032,347,0,54,624,373,348,0,812,infection,525
35.23402548302344,347,0,53,625,373,348,0,812,recovery,37
35.24047684729442,347,0,52,626,373,348,0,812,recovery,697
35.26918799046199,346,0,53,626,373,348,0,813,infection,1294
35.30020579558651,346,0,52,627,373,348,0,813,recovery,599
35.30990056428002,345,0,53,627,373,348,0,814,infection,940
35.342538857616645,345,0,53,626,373,349,0,814,death,393
35.45447319926507,346,0,53,626,374,349,0,814,birth,1374
35.456742336475834,346,0,53,625,374,350,0,814,death,298
35.46522837899161,346,0,52,626,374,350,0,814,recovery,1276
35.47771136045024,345,0,53,626,374,350,0,815,infection,1365
35.48934409107572,345,0,52,627,374,350,0,815,recovery,689
35.4993006994178,345,0,51,628,374,350,0,815,recovery,874
35.526587741020855,345,0,50,629,374,350,0,815,recovery,38
35.548111763235475,346,0,50,629,375,350,0,815,birth,1375
35.552922332360644,346,0,49,630,375,350,0,815,recovery,514
35.578164736256404,346,0,48,631,375,350,0,815,recovery,894
35.629784778854486,346,0,48,630,375,351,0,815,death,624
35.6453979823308,346,0,47,631,375,351,0,815,recovery,756
35.67679806887686,346,0,46,632,375,351,0,815,recovery,741
35.696933119891966,346,0,45,633,375,351,0,815,recovery,678
35.70496603757315,346,0,45,632,375,352,0,815,death,1018
35.72608806777984,347,0,45,632,376,352,0,815,birth,1376
35.76416659002487,348,0,45,632,377,352,0,815,birth,1377
35.778290749964505,348,0,44,633,377,352,0,815,recovery,335
35.78328819045929,348,0,43,634,377,352,0,815,recovery,382
35.81593400652539,348,0,42,635,377,352,0,815,recovery,348
35.82957159641118,349,0,42,635,378,352,0,815,birth,1378
35.84266587065289,349,0,41,636,378,352,0,815,recovery,940
35.87850865866408,349,0,41,635,378,353,0,815,death,125
35.92399671544936,350,0,41,635,379,353,0,815,birth,1379
35.924885145326385,350,0,40,636,379,353,0,815,recovery,1365
35.931831304333826,350,0,39,637,379,353,0,815,recovery,1270
35.94652449545047,350,0,38,638,379,353,0,815,recovery,1164
35.95223740624867,350,0,38,637,379,354,0,815,death,729
35.96002966149946,351,0,38,637,380,354,0,815,birth,1380
35.96643261013409,351,0,38,636,380,355,0,815,death,119
35.98091413680134,351,0,37,637,380,355,0,815,recovery,821
35.9959567640124,351,0,36,638,380,355,0,815,recovery,1368
36.00563284878794,350,0,37,638,380,355,0,816,infection,690
36.009670230433265,349,0,38,638,380,355,0,817,infection,29
36.01370159807831,349,0,37,639,380,355,0,817,recovery,579
36.01853939006498,348,0,38,639,380,355,0,818,infection,1363
36.05112384114935,348,0,38,638,380,356,0,818,death,1095
36.05804519910834,348,0,37,639,380,356,0,818,recovery,1
36.070506318281545,349,0,37,639,381,356,0,818,birth,1381
36.15429003632052,350,0,37,639,382,356,0,818,birth,1382
36.17641939845732,349,0,38,639,382,356,0,819,infection,1109
36.192806955836964,350,0,38,639,383,356,0,819,birth,1383
36.259907139181074,351,0,38,639,384,356,0,819,birth,1384
36.3079103617968,350,0,39,639,384,356,0,820,infection,1287
36.3587412531013,351,0,39,639,385,356,0,820,birth,1385
36.40702949399308,352,0,39,639,386,356,0,820,birth,1386
36.4401247727814,352,0,39,638,386,357,0,820,death,397
36.46312511000281,352,0,39,637,386,358,0,820,death,1084
36.46317082350115,353,0,39,637,387,358,0,820,birth,1387
36.496350764865184,353,0,39,636,387,359,0,820,death,910
36.52869310816328,353,0,38,637,387,359,0,820,recovery,1283
36.53384455816658,353,0,37,638,387,359,0,820,recovery,525
36.53693332728092,353,0,37,637,387,360,0,820,death,976
36.55378377030795,354,0,37,637,388,360,0,820,birth,1388
36.56749234970705,353,0,38,637,388,360,0,821,infection,1159
36.5737212664762,352,0,38,637,388,361,0,821,death,1284
36.57439584753321,352,0,37,638,388,361,0,821,recovery,790
36.589033988604776,352,0,36,639,388,361,0,821,recovery,107
36.5931065465541,353,0,36,639,389,361,0,821,birth,1389
36.59899280576064,353,0,36,638,389,362,0,821,death,195
36.62204346549993,354,0,36,638,390,362,0,821,birth,1390
36.62591346191662,354,0,36,637,390,363,0,821,death,1253
36.70990542370267,354,0,35,638,390,363,0,821,recovery,1159
36.75599813857634,353,0,36,638,390,363,0,822,infection,1319
36.76867140894241,353,0,36,637,390,364,0,822,death,242
36.78777282627937,353,0,36,636,390,365,0,822,death,912
36.79696607812091,352,0,37,636,390,365,0,823,infection,1376
36.84012035638911,352,0,36,637,390,365,0,823,recovery,101
36.85812509540395,353,0,36,637,391,365,0,823,birth,1391
36.86474269605614,353,0,36,636,391,366,0,823,death,1304
36.87892308182955,352,0,37,636,391,366,0,824,infection,88
36.88644152746499,352,0,37,635,391,367,0,824,death,546
36.927770842887696,353,0,37,635,392,367,0,824,birth,1392
36.93363815313064,354,0,37,635,393,367,0,824,birth,1393
36.94285919819361,353,0,38,635,393,367,0,825,infection,1247
37.023937220917084,353,0,37,635,393,368,0,825,death,833
37.041651980749016,353,0,36,636,393,368,0,825,recovery,625
37.060079132552644,353,0,35,637,393,368,0,825,recovery,891
37.074947336933285,352,0,35,637,393,369,0,825,death,578
37.090300394550525,353,0,35,637,394,369,0,825,birth,1394
37.094157472105465,353,0,34,638,394,369,0,825,recovery,487
37.141805091144484,353,0,34,637,394,370,0,825,death,676
37.185416074064825,354,0,34,637,395,370,0,825,birth,1395
37.204874479955514,354,0,34,636,395,371,0,825,death,815
37.227434837315144,354,0,34,635,395,372,0,825,death,1158
37.25568890138897,354,0,34,634,395,373,0,825,death,586
37.375493789426244,353,0,34,634,395,374,0,825,death,1092
37.423892161256894,353,0,34,633,395,375,0,825,death,742
37.42818137106312,352,0,34,633,395,376,0,825,death,1034
37.45469668405459,353,0,34,633,396,376,0,825,birth,1396
37.47098302003779,352,0,34,633,396,377,0,825,death,572
37.49449072602624,353,0,34,633,397,377,0,825,birth,1397
37.52717056508092,353,0,33,634,397,377,0,825,recovery,613
37.61812233340939,354,0,33,634,398,377,0,825,birth,1398
37.70594309324506,353,0,33,634,398,378,0,825,death,949
37.715006481982414,353,0,32,635,398,378,0,825,recovery,1243
37.71541342259341,353,0,31,636,398,378,0,825,recovery,334
37.7591724178318,352,0,32,636,398,378,0,826,infection,568
37.81970618728879,351,0,32,636,398,379,0,826,death,934
37.8722273871234,351,0,31,636,398,380,0,826,death,1166
37.87497868152217,350,0,32,636,398,380,0,827,infection,1221
37.91665064896941,349,0,32,636,398,381,0,827,death,1214
37.924327454529326,349,0,31,637,398,381,0,827,recovery,1221
37.9386498491746,350,0,31,637,399,381,0,827,birth,1399
37.95696045013119,349,0,31,637,399,382,0,827,death,699
38.0173939643768,350,0,31,637,400,382,0,827,birth,1400
38.15422009682659,350,0,31,636,400,383,0,827,death,944
38.163557649997216,351,0,31,636,401,383,0,827,birth,1401
38.17543806138228,351,0,31,635,401,384,0,827,death,513
38.19751882346023,352,0,31,635,402,384,0,827,birth,1402
38.250526362653495,353,0,31,635,403,384,0,827,birth,1403
38.312975053929236,354,0,31,635,404,384,0,827,birth,1404
38.357781835707314,353,0,31,635,404,385,0,827,death,823
38.38189210790804,353,0,30,636,404,385,0,827,recovery,690
38.424444790104985,354,0,30,636,405,385,0,827,birth,1405
38.426785970596825,354,0,30,635,405,386,0,827,death,78
38.476129885236986,353,0,30,635,405,387,0,827,death,232
38.48254152005564,352,0,31,635,405,387,0,828,infection,1382
38.48444611050161,353,0,31,635,406,387,0,828,birth,1406
38.52568519519304,353,0,30,636,406,387,0,828,recovery,1109
38.55103922827128,352,0,31,636,406,387,0,829,infection,486
38.62275072530935,352,0,30,637,406,387,0,829,recovery,315
38.650799251186896,352,0,29,638,406,387,0,829,recovery,637
38.68953087422202,352,0,29,637,406,388,0,829,death,504
38.72324384520127,353,0,29,637,407,388,0,829,birth,1407
38.80201733254903,353,0,28,638,407,388,0,829,recovery,218
38.81944928295645,354,0,28,638,408,388,0,829,birth,1408
38.88646664637318,354,0,27,639,408,388,0,829,recovery,1319
38.902348115634865,353,0,27,639,408,389,0,829,death,1385
38.908730840516874,353,0,27,638,408,390,0,829,death,157
38.960832107795994,352,0,27,638,408,391,0,829,death,1115
39.06185165649043,353,0,27,638,409,391,0,829,birth,1409
39.08618167031856,353,0,26,639,409,391,0,829,recovery,100
39.14091457344041,352,0,27,639,409,391,0,830,infection,896
39.34385789400983,353,0,27,639,410,391,0,830,birth,1410
39.39845877114857,352,0,27,639,410,392,0,830,death,1197
39.403042000816725,353,0,27,639,411,392,0,830,birth,1411
39.40745005287749,353,0,27,638,411,393,0,830,death,1008
39.428527450105214,354,0,27,638,412,393,0,830,birth,1412
39.4328467261782,353,0,27,638,412,394,0,830,death,269
39.43369554592887,354,0,27,638,413,394,0,830,birth,1413
39.45156860886476,355,0,27,638,414,394,0,830,birth,1414
39.4606270544166,355,0,26,639,414,394,0,830,recovery,1213
39.50863116441632,356,0,26,639,415,394,0,830,birth,1415
39.551257294544804,356,0,25,640,415,394,0,830,recovery,1122
39.55449111623013,357,0,25,640,416,394,0,830,birth,1416
39.56304028260591,358,0,25,640,417,394,0,830,birth,1417
39.5869060720917,359,0,25,640,418,394,0,830,birth,1418
39.5898867717516,360,0,25,640,419,394,0,830,birth,1419
39.64205127048567,361,0,25,640,420,394,0,830,birth,1420
39.65609970875034,361,0,25,639,420,395,0,830,death,961
39.6635074220718,361,0,24,640,420,395,0,830,recovery,1382
39.753617731873454,362,0,24,640,421,395,0,830,birth,1421
39.77757667665116,363,0,24,640,422,395,0,830,birth,1422
39.80322952104531,363,0,23,640,422,396,0,830,death,1294
39.81040190467588,364,0,23,640,423,396,0,830,birth,1423
39.818486365389816,365,0,23,640,424,396,0,830,birth,1424
39.86686194454387,364,0,24,640,424,396,0,831,infection,148
39.87022369605067,365,0,24,640,425,396,0,831,birth,1425
39.92591727134467,365,0,24,639,425,397,0,831,death,510
39.95643125111239,364,0,25,639,425,397,0,832,infection,1401
40.11025063715393,365,0,25,639,426,397,0,832,birth,1426
40.13225496655908,366,0,25,639,427,397,0,832,birth,1427
40.16212500434266,366,0,25,638,427,398,0,832,death,727
40.30694359304861,366,0,25,637,427,399,0,832,death,124
40.36103507060481,365,0,25,637,427,400,0,832,death,826
40.43229427459251,365,0,24,638,427,400,0,832,recovery,896
40.47122676975524,364,0,25,638,427,400,0,833,infection,1420
40.480130643694544,363,0,26,638,427,400,0,834,infection,1265
40.55157337281439,364,0,26,638,428,400,0,834,birth,1428
40.58959718050576,365,0,26,638,429,400,0,834,birth,1429
40.592262761184614,366,0,26,638,430,400,0,834,birth,1430
40.595038570271456,367,0,26,638,431,400,0,834,birth,1431
40.60743089758935,367,0,26,637,431,401,0,834,death,282
40.62244458091189,367,0,25,638,431,401,0,834,recovery,418
40.652580201902225,366,0,26,638,431,401,0,835,infection,1177
40.6773862362236,366,0,26,637,431,402,0,835,death,1106
40.68444947811695,367,0,26,637,432,402,0,835,birth,1432
40.71147086170402,368,0,26,637,433,402,0,835,birth,1433
40.730064610820776,367,0,27,637,433,402,0,836,infection,761
40.77435995029007,366,0,28,637,433,402,0,837,infection,311
40.81270742776068,367,0,28,637,434,402,0,837,birth,1434
40.872766560774906,367,0,27,638,434,402,0,837,recovery,95
40.873895935245244,367,0,26,639,434,402,0,837,recovery,1302
40.88084385492553,366,0,27,639,434,402,0,838,infection,1386
40.91233809244455,366,0,26,640,434,402,0,838,recovery,1376
40.968861595527784,367,0,26,640,435,402,0,838,birth,1435
40.97638668865512,367,0,26,639,435,403,0,838,death,464
41.051711852841706,367,0,25,640,435,403,0,838,recovery,924
41.18192000446514,367,0,25,639,435,404,0,838,death,908
41.25138826220066,366,0,25,639,435,405,0,838,death,1102
41.28812895515896,366,0,24,640,435,405,0,838,recovery,25
41.30548298205098,365,0,24,640,435,406,0,838,death,1424
41.32456959605224,366,0,24,640,436,406,0,838,birth,1436
41.341128002872765,365,0,25,640,436,406,0,839,infection,1375
41.44105169239612,365,0,25,639,436,407,0,839,death,613
41.468505344123315,365,0,25,638,436,408,0,839,death,301
41.473136042798004,365,0,25,637,436,409,0,839,death,334
41.48166309394865,366,0,25,637,437,409,0,839,birth,1437
41.48661324309749,367,0,25,637,438,409,0,839,birth,1438
41.494536580082325,366,0,25,637,438,410,0,839,death,1357
41.497573896684955,367,0,25,637,439,410,0,839,birth,1439
41.5341967497694,367,0,24,638,439,410,0,839,recovery,1375
41.534554031604046,368,0,24,638,440,410,0,839,birth,1440
41.57099652901841,367,0,24,638,440,411,0,839,death,784
41.61428874754045,367,0,23,639,440,411,0,839,recovery,1363
41.61920131690748,366,0,23,639,440,412,0,839,death,1399
41.65719049480039,366,0,23,638,440,413,0,839,death,693
41.68599134171625,365,0,23,638,440,414,0,839,death,1394
41.72740892947652,364,0,24,638,440,414,0,840,infection,446
41.73480951282269,363,0,24,638,440,415,0,840,death,1307
41.76438796490634,364,0,24,638,441,415,0,840,birth,1441
41.781962711791536,365,0,24,638,442,415,0,840,birth,1442
41.79172723962251,365,0,23,639,442,415,0,840,recovery,29
41.82638954015982,366,0,23,639,443,415,0,840,birth,1443
41.8312574139611,366,0,22,640,443,415,0,840,recovery,1401
41.85447529888533,365,0,22,640,443,416,0,840,death,320
41.86389072076815,366,0,22,640,444,416,0,840,birth,1444
41.905448628216895,366,0,22,639,444,417,0,840,death,1074
42.060078676152074,367,0,22,639,445,417,0,840,birth,1445
42.08629113926176,367,0,21,640,445,417,0,840,recovery,148
42.17581882835042,366,0,21,640,445,418,0,840,death,1433
42.33059936743788,366,0,20,641,445,418,0,840,recovery,26
42.35860709695498,366,0,19,642,445,418,0,840,recovery,509
42.37126857679534,365,0,20,642,445,418,0,841,infection,1266
42.387050111792476,366,0,20,642,446,418,0,841,birth,1446
42.440847346237184,365,0,20,642,446,419,0,841,death,108
42.488363338606625,364,0,21,642,446,419,0,842,infection,1080
42.50576966645442,364,0,21,641,446,420,0,842,death,238
42.53301064136711,364,0,21,640,446,421,0,842,death,252
42.593320698883595,365,0,21,640,447,421,0,842,birth,1447
42.6116215469683,364,0,21,640,447,422,0,842,death,851
42.63557950481653,365,0,21,640,448,422,0,842,birth,1448
42.6913516522818,365,0,20,641,448,422,0,842,recovery,1326
42.74705995260881,365,0,20,640,448,423,0,842,death,62
42.82665823990918,364,0,20,640,448,424,0,842,death,1293
42.82723505261784,365,0,20,640,449,424,0,842,birth,1449
42.92136507709259,366,0,20,640,450,424,0,842,birth,1450
42.93566052294307,365,0,21,640,450,424,0,843,infection,1291
42.98194859132285,366,0,21,640,451,424,0,843,birth,1451
42.99064727628042,366,0,21,639,451,425,0,843,death,349
43.010632129014255,365,0,21,639,451,426,0,843,death,1245
43.08939124671598,365,0,21,638,451,427,0,843,death,1130
43.21977344330331,365,0,20,639,451,427,0,843,recovery,1314
43.319264714415944,364,0,21,639,451,427,0,844,infection,561
43.428267670780016,363,0,21,639,451,428,0,844,death,1202
43.46880523901959,364,0,21,639,452,428,0,844,birth,1452
43.47416924979302,363,0,22,639,452,428,0,845,infection,524
43.47604147747212,364,0,22,639,453,428,0,845,birth,1453
43.494897394063045,365,0,22,639,454,428,0,845,birth,1454
43.5316765033439,366,0,22,639,455,428,0,845,birth,1455
43.5380965990027,365,0,23,639,455,428,0,846,infection,491
43.54688701614464,365,0,22,640,455,428,0,846,recovery,1266
43.583320760323524,364,0,22,640,455,429,0,846,death,919
43.63206359093561,364,0,21,641,455,429,0,846,recovery,275
43.681109814237345,364,0,21,640,455,430,0,846,death,425
43.68429118095713,363,0,22,640,455,430,0,847,infection,1194
43.71344806507808,363,0,22,639,455,431,0,847,death,281
43.72542610533395,363,0,22,638,455,432,0,847,death,250
43.80190227379649,363,0,21,639,455,432,0,847,recovery,561
43.803035652217915,364,0,21,639,456,432,0,847,birth,1456
43.81306105979544,365,0,21,639,457,432,0,847,birth,1457
43.83398971134519,366,0,21,639,458,432,0,847,birth,1458
43.860391640713516,367,0,21,639,459,432,0,847,birth,1459
43.943583566470934,366,0,22,639,459,432,0,848,infection,482
43.96593020628328,367,0,22,639,460,432,0,848,birth,1460
44.029211903158945,368,0,22,639,461,432,0,848,birth,1461
44.07224237295217,369,0,22,639,462,432,0,848,birth,1462
44.12137153793366,368,0,23,639,462,432,0,849,infection,1325
44.151425775168136,368,0,22,640,462,432,0,849,recovery,329
44.172926556141746,367,0,23,640,462,432,0,850,infection,99
44.181449405539624,366,0,23,640,462,433,0,850,death,1079
44.20839554391889,367,0,23,640,463,433,0,850,birth,1463
44.22795684897559,367,0,22,640,463,434,0,850,death,1420
44.247277824268025,367,0,22,639,463,435,0,850,death,924
44.38039312127452,367,0,21,640,463,435,0,850,recovery,576
44.428281978558054,366,0,21,640,463,436,0,850,death,1201
44.463423389109515,367,0,21,640,464,436,0,850,birth,1464
44.470233238349266,367,0,21,639,464,437,0,850,death,1160
44.53614573712545,367,0,20,640,464,437,0,850,recovery,88
44.54419049697172,366,0,20,640,464,438,0,850,death,358
44.569205965480485,365,0,20,640,464,439,0,850,death,1338
44.5861000474184,366,0,20,640,465,439,0,850,birth,1465
44.651231005903995,366,0,20,639,465,440,0,850,death,76
44.77143580379909,367,0,20,639,466,440,0,850,birth,1466
44.78980565549422,368,0,20,639,467,440,0,850,birth,1467
44.799327190031306,369,0,20,639,468,440,0,850,birth,1468
44.80894953263295,368,0,21,639,468,440,0,851,infection,1167
44.82169895323926,368,0,20,640,468,440,0,851,recovery,311
44.85597256883835,368,0,19,641,468,440,0,851,recovery,1291
44.87468127428841,369,0,19,641,469,440,0,851,birth,1469
44.91463953984469,368,0,20,641,469,440,0,852,infection,1387
44.99892094096897,367,0,21,641,469,440,0,853,infection,1339
45.03130280040154,368,0,21,641,470,440,0,853,birth,1470
45.06288156850475,369,0,21,641,471,440,0,853,birth,1471
45.08203357814042,369,0,20,642,471,440,0,853,recovery,486
45.128510924731685,370,0,20,642,472,440,0,853,birth,1472
45.15559688212142,371,0,20,642,473,440,0,853,birth,1473
45.25514049221934,371,0,20,641,473,441,0,853,death,299
45.26467234301221,371,0,20,640,473,442,0,853,death,661
45.35408714399753,370,0,20,640,473,443,0,853,death,1411
45.51728123001683,371,0,20,640,474,443,0,853,birth,1474
45.53202035941989,372,0,20,640,475,443,0,853,birth,1475
45.61446394182645,372,0,20,639,475,444,0,853,death,869
45.642689439949805,373,0,20,639,476,444,0,853,birth,1476
45.779349804826396,373,0,19,640,476,444,0,853,recovery,99
45.79130272860426,374,0,19,640,477,444,0,853,birth,1477
45.82024607226351,375,0,19,640,478,444,0,853,birth,1478
45.824136278402854,376,0,19,640,479,444,0,853,birth,1479
45.83730477270941,376,0,18,641,479,444,0,853,recovery,1325
45.87979471287784,377,0,18,641,480,444,0,853,birth,1480
45.92503548980957,376,0,18,641,480,445,0,853,death,860
46.15966142293898,377,0,18,641,481,445,0,853,birth,1481
46.198039050526525,377,0,18,640,481,446,0,853,death,915
46.22249894732687,377,0,17,641,481,446,0,853,recovery,446
46.35716567049243,378,0,17,641,482,446,0,853,birth,1482
46.3644840856074,378,0,16,642,482,446,0,853,recovery,482
46.46160558686845,378,0,16,641,482,447,0,853,death,592
46.54362034285954,378,0,16,640,482,448,0,853,death,9
46.571298290841696,378,0,16,639,482,449,0,853,death,1031
46.61394895011577,379,0,16,639,483,449,0,853,birth,1483
46.68653474855774,379,0,16,638,483,450,0,853,death,8
46.75202492458883,380,0,16,638,484,450,0,853,birth,1484
46.756097753562315,379,0,17,638,484,450,0,854,infection,89
46.77091661484017,378,0,17,638,484,451,0,854,death,1448
46.80065035701724,379,0,17,638,485,451,0,854,birth,1485
46.87716845622194,379,0,16,639,485,451,0,854,recovery,761
46.87954922707281,380,0,16,639,486,451,0,854,birth,1486
46.88756427937354,379,0,17,639,486,451,0,855,infection,1274
46.89213435701242,380,0,17,639,487,451,0,855,birth,1487
46.91723556874466,381,0,17,639,488,451,0,855,birth,1488
46.94177512281237,381,0,16,640,488,451,0,855,recovery,1167
46.95234078131315,381,0,16,639,488,452,0,855,death,489
46.96068715098392,381,0,16,638,488,453,0,855,death,1122
47.03322171026756,381,0,16,637,488,454,0,855,death,893
47.04785019842699,381,0,16,636,488,455,0,855,death,1029
47.054820209758205,381,0,15,637,488,455,0,855,recovery,1339
47.1023330406296,381,0,14,638,488,455,0,855,recovery,1247
47.12490900321881,382,0,14,638,489,455,0,855,birth,1489
47.140754664899895,381,0,14,638,489,456,0,855,death,343
47.16903998114375,381,0,14,637,489,457,0,855,death,625
47.230042898714466,380,0,14,637,489,458,0,855,death,1446
47.238247780969594,380,0,14,636,489,459,0,855,death,311
47.245946540219805,381,0,14,636,490,459,0,855,birth,1490
47.27067044909339,382,0,14,636,491,459,0,855,birth,1491
47.27873710488915,383,0,14,636,492,459,0,855,birth,1492
47.35871888431081,384,0,14,636,493,459,0,855,birth,1493
47.445507342572796,383,0,14,636,493,460,0,855,death,1356
47.46970712103054,384,0,14,636,494,460,0,855,birth,1494
47.48234116860148,384,0,14,635,494,461,0,855,death,1204
47.501021643187535,384,0,14,634,494,462,0,855,death,564
47.54067422395817,383,0,15,634,494,462,0,856,infection,1275
47.55440026384194,383,0,15,633,494,463,0,856,death,101
47.7896124098527,384,0,15,633,495,463,0,856,birth,1495
47.79498289636943,383,0,16,633,495,463,0,857,infection,957
47.82804226903568,384,0,16,633,496,463,0,857,birth,1496
47.84690516517958,385,0,16,633,497,463,0,857,birth,1497
47.88375674584183,384,0,16,633,497,464,0,857,death,1246
47.891349106597914,384,0,15,634,497,464,0,857,recovery,1336
47.9228734591549,385,0,15,634,498,464,0,857,birth,1498
47.98774487072447,385,0,14,634,498,465,0,857,death,524
48.029705396125806,386,0,14,634,499,465,0,857,birth,1499
48.05387916015975,386,0,13,635,499,465,0,857,recovery,1274
48.17899198189606,386,0,13,634,499,466,0,857,death,790
48.19762642498245,386,0,13,633,499,467,0,857,death,29
48.21805060903811,386,0,13,632,499,468,0,857,death,158
48.287316762025306,385,0,14,632,499,468,0,858,infection,914
48.2931490746255,386,0,14,632,500,468,0,858,birth,1500
48.30943261535111,385,0,14,632,500,469,0,858,death,654
48.32207175536882,386,0,14,632,501,469,0,858,birth,1501
48.429847805363806,385,0,14,632,501,470,0,858,death,1460
48.44156489402361,386,0,14,632,502,470,0,858,birth,1502
48.446305243632416,385,0,14,632,502,471,0,858,death,506
48.45729243644765,386,0,14,632,503,471,0,858,birth,1503
48.48641757356587,385,0,15,632,503,471,0,859,infection,972
48.55256512321791,385,0,15,631,503,472,0,859,death,1270
48.55971163567374,386,0,15,631,504,472,0,859,birth,1504
48.569180530581576,386,0,14,632,504,472,0,859,recovery,1194
48.58283922607097,387,0,14,632,505,472,0,859,birth,1505
48.6695339305593,386,0,14,632,505,473,0,859,death,1372
48.69861557229421,386,0,14,631,505,474,0,859,death,626
48.75651149055743,386,0,13,632,505,474,0,859,recovery,568
48.76588976793322,386,0,13,631,505,475,0,859,death,468
48.79121670938659,385,0,13,631,505,476,0,859,death,619
48.82221380590248,386,0,13,631,506,476,0,859,birth,1506
48.85438320022534,386,0,13,630,506,477,0,859,death,1376
48.88555285285778,386,0,13,629,506,478,0,859,death,837
48.90319586262904,387,0,13,629,507,478,0,859,birth,1507
48.919951825794584,387,0,13,628,507,479,0,859,death,539
48.94094673004062,387,0,13,627,507,480,0,859,death,643
48.952444504263504,387,0,13,626,507,481,0,859,death,137
48.954753737650954,388,0,13,626,508,481,0,859,birth,1508
49.037046904712206,389,0,13,626,509,481,0,859,birth,1509
49.1187980002244,389,0,13,625,509,482,0,859,death,881
49.13651552606032,390,0,13,625,510,482,0,859,birth,1510
49.226991099130075,391,0,13,625,511,482,0,859,birth,1511
49.240108805206496,392,0,13,625,512,482,0,859,birth,1512
49.2675538446079,391,0,13,625,512,483,0,859,death,1435
49.280286659880616,392,0,13,625,513,483,0,859,birth,1513
49.29215388757511,393,0,13,625,514,483,0,859,birth,1514
49.29641448006158,394,0,13,625,515,483,0,859,birth,1515
49.313051618997854,395,0,13,625,516,483,0,859,birth,1516
49.319024984242496,395,0,13,624,516,484,0,859,death,602
49.40557068713109,396,0,13,624,517,484,0,859,birth,1517
49.45737574244491,395,0,13,624,517,485,0,859,death,327
49.47075814389187,396,0,13,624,518,485,0,859,birth,1518
49.52511864841782,396,0,13,623,518,486,0,859,death,97
49.575487810279476,396,0,13,622,518,487,0,859,death,1326
49.5769524302536,397,0,13,622,519,487,0,859,birth,1519
49.63479609617284,397,0,12,623,519,487,0,859,recovery,972
49.65917167240949,396,0,13,623,519,487,0,860,infection,1383
49.6659554964972,395,0,13,623,519,488,0,860,death,1480
49.71684723854571,395,0,12,624,519,488,0,860,recovery,1386
49.75833408110989,396,0,12,624,520,488,0,860,birth,1520
49.785847888722834,397,0,12,624,521,488,0,860,birth,1521
49.86657891116165,398,0,12,624,522,488,0,860,birth,1522
49.88943344966851,397,0,13,624,522,488,0,861,infection,1347
49.97892441402223,397,0,12,625,522,488,0,861,recovery,1287
50.022960713310646,397,0,11,626,522,488,0,861,recovery,914
50.04570012812505,397,0,10,627,522,488,0,861,recovery,735
50.06252132215668,398,0,10,627,523,488,0,861,birth,1523
50.092499824761234,399,0,10,627,524,488,0,861,birth,1524
50.108743415434425,398,0,10,627,524,489,0,861,death,1409
50.10945719767718,399,0,10,627,525,489,0,861,birth,1525
50.11018855802561,399,0,10,626,525,490,0,861,death,981
50.17183086225375,398,0,10,626,525,491,0,861,death,1397
50.17467495921855,399,0,10,626,526,491,0,861,birth,1526
50.27581104952598,399,0,9,627,526,491,0,861,recovery,1080
50.286916809876104,400,0,9,627,527,491,0,861,birth,1527
50.31456755825633,400,0,9,626,527,492,0,861,death,6
50.33971699500794,400,0,8,627,527,492,0,861,recovery,89
50.37169508559585,401,0,8,627,528,492,0,861,birth,1528
50.37360810252552,402,0,8,627,529,492,0,861,birth,1529
50.45202045100856,403,0,8,627,530,492,0,861,birth,1530
50.56937207366313,403,0,8,626,530,493,0,861,death,380
50.58613076528229,403,0,8,625,530,494,0,861,death,1120
50.60749966133845,403,0,8,624,530,495,0,861,death,313
50.60963238379821,402,0,9,624,530,495,0,862,infection,1271
50.70479193895905,402,0,9,623,530,496,0,862,death,717
50.866265204440225,403,0,9,623,531,496,0,862,birth,1531
50.972223378145095,402,0,9,623,531,497,0,862,death,370
50.978967525970795,402,0,9,622,531,498,0,862,death,741
50.99933096274003,402,0,9,621,531,499,0,862,death,1071
51.03462464449671,402,0,9,620,531,500,0,862,death,499
51.140756005230976,402,0,8,621,531,500,0,862,recovery,1275
51.26067533969183,403,0,8,621,532,500,0,862,birth,1532
51.26396367241015,404,0,8,621,533,500,0,862,birth,1533
51.29013113049971,404,0,8,620,533,501,0,862,death,1159
51.29144219669148,405,0,8,620,534,501,0,862,birth,1534
51.29540122053543,405,0,8,619,534,502,0,862,death,176
51.30632916617169,406,0,8,619,535,502,0,862,birth,1535
51.35854007470284,407,0,8,619,536,502,0,862,birth,1536
51.37038744969389,407,0,8,618,536,503,0,862,death,453
51.45448482702083,408,0,8,618,537,503,0,862,birth,1537
51.49342828899349,408,0,8,617,537,504,0,862,death,584
51.50608694023574,407,0,8,617,537,505,0,862,death,1343
51.56165856875293,406,0,9,617,537,505,0,863,infection,1403
51.56694439853901,406,0,9,616,537,506,0,863,death,1219
51.6332935667326,407,0,9,616,538,506,0,863,birth,1538
51.64175973770042,407,0,9,615,538,507,0,863,death,446
51.71936594357416,407,0,9,614,538,508,0,863,death,929
51.74783516196304,408,0,9,614,539,508,0,863,birth,1539
51.807160625487214,408,0,9,613,539,509,0,863,death,173
51.82793237990212,409,0,9,613,540,509,0,863,birth,1540
51.90440599398263,409,0,9,612,540,510,0,863,death,1042
52.00559760794491,410,0,9,612,541,510,0,863,birth,1541
52.02861292841613,411,0,9,612,542,510,0,863,birth,1542
52.033012740960395,410,0,10,612,542,510,0,864,infection,1203
52.069623874602975,409,0,10,612,542,511,0,864,death,32
52.07707150241193,410,0,10,612,543,511,0,864,birth,1543
52.11752877749579,410,0,10,611,543,512,0,864,death,667
52.1397733406675,409,0,10,611,543,513,0,864,death,1059
52.316549980309155,408,0,11,611,543,513,0,865,infection,473
52.33955468343275,408,0,11,610,543,514,0,865,death,1205
52.36042005857962,407,0,12,610,543,514,0,866,infection,1373
52.377423518462784,408,0,12,610,544,514,0,866,birth,1544
52.43781657003094,409,0,12,610,545,514,0,866,birth,1545
52.45200030265115,409,0,11,611,545,514,0,866,recovery,1403
52.484768703686406,409,0,10,612,545,514,0,866,recovery,1177
52.50416218487995,410,0,10,612,546,514,0,866,birth,1546
52.57033792646483,409,0,10,612,546,515,0,866,death,1366
52.60946408061078,409,0,10,611,546,516,0,866,death,899
52.61391967110332,410,0,10,611,547,516,0,866,birth,1547
52.61838213604031,410,0,10,610,547,517,0,866,death,208
52.62732230592224,410,0,10,609,547,518,0,866,death,450
52.66216971262106,409,0,10,609,547,519,0,866,death,1542
52.720884210068434,408,0,10,609,547,520,0,866,death,1321
52.84013339761246,409,0,10,609,548,520,0,866,birth,1548
52.85787164391728,408,0,10,609,548,521,0,866,death,84
52.86138187165424,409,0,10,609,549,521,0,866,birth,1549
52.88132020292817,409,0,10,608,549,522,0,866,death,849
52.909439763802524,408,0,10,608,549,523,0,866,death,1297
52.952654826610456,408,0,10,607,549,524,0,866,death,211
52.95697895694366,407,0,10,607,549,525,0,866,death,197
52.97802345441222,407,0,10,606,549,526,0,866,death,653
53.08366564450269,408,0,10,606,550,526,0,866,birth,1550
53.087077066184875,409,0,10,606,551,526,0,866,birth,1551
53.17512907485285,408,0,10,606,551,527,0,866,death,709
53.17540214295288,408,0,9,607,551,527,0,866,recovery,491
53.22600573256703,407,0,9,607,551,528,0,866,death,1550
53.23788083578371,407,0,9,606,551,529,0,866,death,1069
53.2415894288362,408,0,9,606,552,529,0,866,birth,1552
53.260101217778306,409,0,9,606,553,529,0,866,birth,1553
53.3907083014499,409,0,9,605,553,530,0,866,death,294
53.39963829998836,408,0,9,605,553,531,0,866,death,1148
53.40643046953159,407,0,9,605,553,532,0,866,death,1472
53.52059907625172,408,0,9,605,554,532,0,866,birth,1554
53.5235643414177,409,0,9,605,555,532,0,866,birth,1555
53.583106119726864,409,0,9,604,555,533,0,866,death,335
53.65192326649299,410,0,9,604,556,533,0,866,birth,1556
53.65539404402522,410,0,9,603,556,534,0,866,death,1040
53.68867474123747,411,0,9,603,557,534,0,866,birth,1557
53.69636260492969,410,0,9,603,557,535,0,866,death,1310
53.709757486556335,409,0,10,603,557,535,0,867,infection,1153
53.74020897974705,408,0,10,603,557,536,0,867,death,1471
53.888119364331196,408,0,9,604,557,536,0,867,recovery,1271
53.908801343014076,409,0,9,604,558,536,0,867,birth,1558
53.919920906696404,409,0,9,603,558,537,0,867,death,407
53.920405114827254,408,0,9,603,558,538,0,867,death,1455
53.997443809176566,409,0,9,603,559,538,0,867,birth,1559
54.02698405456124,410,0,9,603,560,538,0,867,birth,1560
54.11715935912471,410,0,9,602,560,539,0,867,death,576
54.15057948487269,409,0,9,602,560,540,0,867,death,1364
54.217732675572556,410,0,9,602,561,540,0,867,birth,1561
54.23346090272979,410,0,9,601,561,541,0,867,death,740
54.24478613200759,409,0,10,601,561,541,0,868,infection,1377
54.25652175429414,409,0,10,600,561,542,0,868,death,670
54.348110143470244,409,0,9,601,561,542,0,868,recovery,1153
54.366458942759635,409,0,9,600,561,543,0,868,death,984
54.37633213158863,410,0,9,600,562,543,0,868,birth,1562
54.39761348180251,411,0,9,600,563,543,0,868,birth,1563
54.41007055370301,410,0,9,600,563,544,0,868,death,1172
54.421793711627174,409,0,10,600,563,544,0,869,infection,1465
54.42415283571889,410,0,10,600,564,544,0,869,birth,1564
54.44549255864548,411,0,10,600,565,544,0,869,birth,1565
54.45941483804857,411,0,9,601,565,544,0,869,recovery,1347
54.524075175648804,411,0,9,600,565,545,0,869,death,720
54.52881198585,410,0,9,600,565,546,0,869,death,1361
54.6714670702186,411,0,9,600,566,546,0,869,birth,1566
54.68860023852801,412,0,9,600,567,546,0,869,birth,1567
54.697911748370856,413,0,9,600,568,546,0,869,birth,1568
54.71555533454636,412,0,9,600,568,547,0,869,death,1484
54.74390136018441,413,0,9,600,569,547,0,869,birth,1569
54.765793077663695,413,0,9,599,569,548,0,869,death,703
54.822576417886246,413,0,9,598,569,549,0,869,death,82
54.83064413313225,413,0,9,597,569,550,0,869,death,914
54.832297127539874,412,0,9,597,569,551,0,869,death,1323
54.90143156054336,413,0,9,597,570,551,0,869,birth,1570
54.905336573369944,413,0,9,596,570,552,0,869,death,544
54.91387352981047,412,0,9,596,570,553,0,869,death,892
54.91463758346535,412,0,9,595,570,554,0,869,death,1086
54.94403167054003,413,0,9,595,571,554,0,869,birth,1571
55.13084180680646,414,0,9,595,572,554,0,869,birth,1572
55.19993185862605,413,0,9,595,572,555,0,869,death,63
55.20510702119417,412,0,9,595,572,556,0,869,death,1227
55.206478930178775,413,0,9,595,573,556,0,869,birth,1573
55.21576684463584,412,0,9,595,573,557,0,869,death,1329
55.2419963363029,412,0,9,594,573,558,0,869,death,1051
55.29613380028415,412,0,8,595,573,558,0,869,recovery,1465
55.346212010274996,412,0,7,596,573,558,0,869,recovery,1383
55.34994240150153,412,0,7,595,573,559,0,869,death,89
55.36861631903267,413,0,7,595,574,559,0,869,birth,1574
55.42072724672814,414,0,7,595,575,559,0,869,birth,1575
55.42516044060253,415,0,7,595,576,559,0,869,birth,1576
55.54607167444697,416,0,7,595,577,559,0,869,birth,1577
55.610254206461356,416,0,6,596,577,559,0,869,recovery,1377
55.61415684791717,417,0,6,596,578,559,0,869,birth,1578
55.692930694588945,418,0,6,596,579,559,0,869,birth,1579
55.706285614997455,418,0,6,595,579,560,0,869,death,220
55.742045369877324,418,0,6,594,579,561,0,869,death,692
55.75319757498889,419,0,6,594,580,561,0,869,birth,1580
55.80208814586112,420,0,6,594,581,561,0,869,birth,1581
55.87445177671454,420,0,6,593,581,562,0,869,death,515
56.059755264924156,421,0,6,593,582,562,0,869,birth,1582
56.09186218872173,420,0,7,593,582,562,0,870,infection,1510
56.132327682983735,420,0,6,594,582,562,0,870,recovery,957
56.15122558324415,419,0,6,594,582,563,0,870,death,819
56.22845864533399,419,0,6,593,582,564,0,870,death,275
56.23784218336562,420,0,6,593,583,564,0,870,birth,1583
56.246792689201975,419,0,6,593,583,565,0,870,death,726
56.393735162589195,419,0,6,592,583,566,0,870,death,1375
56.43302317229671,419,0,6,591,583,567,0,870,death,1278
56.54452493511357,420,0,6,591,584,567,0,870,birth,1584
56.56581928393149,420,0,5,592,584,567,0,870,recovery,1510
56.58627045405166,420,0,4,593,584,567,0,870,recovery,1203
56.65317887980802,421,0,4,593,585,567,0,870,birth,1585
56.707585410548745,421,0,4,592,585,568,0,870,death,1266
56.71074131938961,421,0,4,591,585,569,0,870,death,170
56.7339477970803,422,0,4,591,586,569,0,870,birth,1586
56.81602128578225,421,0,4,591,586,570,0,870,death,658
56.847674999130206,422,0,4,591,587,570,0,870,birth,1587
56.89834304547854,421,0,4,591,587,571,0,870,death,1379
56.99427547415559,422,0,4,591,588,571,0,870,birth,1588
57.02930639527936,421,0,4,591,588,572,0,870,death,1567
57.05722432379782,421,0,4,590,588,573,0,870,death,587
57.07130201292536,420,0,4,590,588,574,0,870,death,1019
57.11123318544875,421,0,4,590,589,574,0,870,birth,1589
57.16156661801275,420,0,4,590,589,575,0,870,death,684
57.26889867479284,419,0,4,590,589,576,0,870,death,1576
57.392990120267676,419,0,4,589,589,577,0,870,death,292
57.44022318630621,418,0,4,589,589,578,0,870,death,1434
57.47338678016155,419,0,4,589,590,578,0,870,birth,1590
57.605106103068955,420,0,4,589,591,578,0,870,birth,1591
57.684778061331066,421,0,4,589,592,578,0,870,birth,1592
57.68631694804296,421,0,3,590,592,578,0,870,recovery,473
57.72989745715156,422,0,3,590,593,578,0,870,birth,1593
57.734842873247416,421,0,3,590,593,579,0,870,death,1508
57.75619804090051,421,0,3,589,593,580,0,870,death,183
57.817072318079255,422,0,3,589,594,580,0,870,birth,1594
57.8625912166391,423,0,3,589,595,580,0,870,birth,1595
57.96456766039978,422,0,3,589,595,581,0,870,death,1560
58.016359718873666,423,0,3,589,596,581,0,870,birth,1596
58.033768596821595,422,0,3,589,596,582,0,870,death,1226
58.04026553452031,423,0,3,589,597,582,0,870,birth,1597
58.066411203875546,424,0,3,589,598,582,0,870,birth,1598
58.096642048344705,423,0,3,589,598,583,0,870,death,792
58.10246550717342,424,0,3,589,599,583,0,870,birth,1599
58.198991942852395,425,0,3,589,600,583,0,870,birth,1600
58.21413064072673,426,0,3,589,601,583,0,870,birth,1601
58.24501513258548,427,0,3,589,602,583,0,870,birth,1602
58.368325564458374,426,0,4,589,602,583,0,871,infection,1487
58.378701920809576,426,0,4,588,602,584,0,871,death,186
58.440362112665554,427,0,4,588,603,584,0,871,birth,1603
58.47377211956316,428,0,4,588,604,584,0,871,birth,1604
58.479985902173674,429,0,4,588,605,584,0,871,birth,1605
58.52986847791992,430,0,4,588,606,584,0,871,birth,1606
58.56839020673392,431,0,4,588,607,584,0,871,birth,1607
58.61445153118427,431,0,4,587,607,585,0,871,death,807
58.62767012696993,432,0,4,587,608,585,0,871,birth,1608
58.62838038076017,432,0,4,586,608,586,0,871,death,856
58.6382286089757,433,0,4,586,609,586,0,871,birth,1609
58.70115904162648,433,0,4,585,609,587,0,871,death,798
58.782442608984695,433,0,4,584,609,588,0,871,death,813
58.838475331384124,434,0,4,584,610,588,0,871,birth,1610
58.904987298584125,435,0,4,584,611,588,0,871,birth,1611
59.02553478573754,435,0,3,585,611,588,0,871,recovery,1373
59.09212850414312,436,0,3,585,612,588,0,871,birth,1612
59.12395209120032,437,0,3,585,613,588,0,871,birth,1613
59.255539915953335,438,0,3,585,614,588,0,871,birth,1614
59.29886721033707,437,0,3,585,614,589,0,871,death,1583
59.40504680565634,436,0,3,585,614,590,0,871,death,1181
59.452983862199694,436,0,3,584,614,591,0,871,death,1054
59.493994510450804,435,0,3,584,614,592,0,871,death,1580
59.7279864574987,436,0,3,584,615,592,0,871,birth,1615
59.766903437715285,437,0,3,584,616,592,0,871,birth,1616
59.92752792347275,438,0,3,584,617,592,0,871,birth,1617
60.00139477690001,439,0,3,584,618,592,0,871,birth,1618
60.0050955584308,440,0,3,584,619,592,0,871,birth,1619
60.06957398779221,440,0,3,583,619,593,0,871,death,734
60.206289441775745,439,0,3,583,619,594,0,871,death,1578
60.22261370847766,440,0,3,583,620,594,0,871,birth,1620
60.3209473769869,440,0,3,582,620,595,0,871,death,632
60.398175433467394,441,0,3,582,621,595,0,871,birth,1621
60.422439207355154,442,0,3,582,622,595,0,871,birth,1622
60.428222954813805,442,0,3,581,622,596,0,871,death,117
60.43517935920148,441,0,3,581,622,597,0,871,death,155
60.43949521268573,442,0,3,581,623,597,0,871,birth,1623
60.443127876656014,443,0,3,581,624,597,0,871,birth,1624
60.44788877392311,443,0,3,580,624,598,0,871,death,555
60.477241401218905,443,0,3,579,624,599,0,871,death,60
60.47783280269727,443,0,3,578,624,600,0,871,death,1063
60.50599341001538,443,0,3,577,624,601,0,871,death,1077
60.54116091654473,444,0,3,577,625,601,0,871,birth,1625
60.57961213384687,445,0,3,577,626,601,0,871,birth,1626
60.59445160161131,444,0,3,577,626,602,0,871,death,1100
60.64131202941214,445,0,3,577,627,602,0,871,birth,1627
60.67799056349118,445,0,3,576,627,603,0,871,death,963
60.70232184904591,445,0,3,575,627,604,0,871,death,1044
60.78877068804664,445,0,3,574,627,605,0,871,death,1382
60.82668714446289,444,0,3,574,627,606,0,871,death,300
61.137844824245015,445,0,3,574,628,606,0,871,birth,1628
61.16335669156127,445,0,3,573,628,607,0,871,death,177
61.29769176164423,446,0,3,573,629,607,0,871,birth,1629
61.30825350672874,447,0,3,573,630,607,0,871,birth,1630
61.31992223376272,448,0,3,573,631,607,0,871,birth,1631
61.37786431527589,449,0,3,573,632,607,0,871,birth,1632
61.4020392872407,450,0,3,573,633,607,0,871,birth,1633
61.42695622614143,451,0,3,573,634,607,0,871,birth,1634
61.547346275230744,452,0,3,573,635,607,0,871,birth,1635
61.56982266919346,453,0,3,573,636,607,0,871,birth,1636
61.58146055588038,453,0,3,572,636,608,0,871,death,795
61.59603658239136,454,0,3,572,637,608,0,871,birth,1637
61.73235162090427,455,0,3,572,638,608,0,871,birth,1638
61.76915549608079,456,0,3,572,639,608,0,871,birth,1639
61.796017995126455,457,0,3,572,640,608,0,871,birth,1640
61.81646489383541,458,0,3,572,641,608,0,871,birth,1641
61.9789203642317,459,0,3,572,642,608,0,871,birth,1642
61.97914469776873,459,0,3,571,642,609,0,871,death,1192
62.01875345308565,460,0,3,571,643,609,0,871,birth,1643
62.01966877793399,461,0,3,571,644,609,0,871,birth,1644
62.09729655848076,462,0,3,571,645,609,0,871,birth,1645
62.115258834260736,462,0,3,570,645,610,0,871,death,774
62.170364275383925,462,0,3,569,645,611,0,871,death,457
62.337213160364804,462,0,3,568,645,612,0,871,death,1010
62.38074404914122,461,0,3,568,645,613,0,871,death,1545
62.438413141738835,460,0,3,568,645,614,0,871,death,1345
62.515594405436865,461,0,3,568,646,614,0,871,birth,1646
62.58294689260235,462,0,3,568,647,614,0,871,birth,1647
62.66039752517713,461,0,3,568,647,615,0,871,death,1640
62.77032874828545,460,0,3,568,647,616,0,871,death,1476
62.77171430486026,460,0,3,567,647,617,0,871,death,847
62.77244740004292,460,0,3,566,647,618,0,871,death,972
62.81188347760194,461,0,3,566,648,618,0,871,birth,1648
62.87268254156872,462,0,3,566,649,618,0,871,birth,1649
62.90755804761876,462,0,3,565,649,619,0,871,death,1155
62.99301065095335,462,0,3,564,649,620,0,871,death,1363
63.01893067373959,463,0,3,564,650,620,0,871,birth,1650
63.067893773295545,462,0,3,564,650,621,0,871,death,1503
63.107271186368976,462,0,3,563,650,622,0,871,death,728
63.2036246761506,463,0,3,563,651,622,0,871,birth,1651
63.22837444515429,464,0,3,563,652,622,0,871,birth,1652
63.24338539416926,465,0,3,563,653,622,0,871,birth,1653
63.27468604415693,464,0,4,563,653,622,0,872,infection,1317
63.304014950041925,465,0,4,563,654,622,0,872,birth,1654
63.313537578342725,465,0,4,562,654,623,0,872,death,502
63.33277342327085,464,0,4,562,654,624,0,872,death,1507
63.356483917102615,463,0,5,562,654,624,0,873,infection,1553
63.374471644342464,464,0,5,562,655,624,0,873,birth,1655
63.49257517581628,465,0,5,562,656,624,0,873,birth,1656
63.53148277168208,464,0,5,562,656,625,0,873,death,1429
63.533715378514074,464,0,5,561,656,626,0,873,death,421
63.54323283091517,463,0,6,561,656,626,0,874,infection,1371
63.59108422933358,464,0,6,561,657,626,0,874,birth,1657
63.62243698423222,463,0,6,561,657,627,0,874,death,1415
63.62395986510926,462,0,7,561,657,627,0,875,infection,1358
63.758261575032726,461,0,8,561,657,627,0,876,infection,1335
63.816234067498414,462,0,8,561,658,627,0,876,birth,1658
63.841531184209984,463,0,8,561,659,627,0,876,birth,1659
63.85773698267971,464,0,8,561,660,627,0,876,birth,1660
63.86168129869296,464,0,8,560,660,628,0,876,death,1213
63.943736513585606,465,0,8,560,661,628,0,876,birth,1661
63.95951223505158,465,0,8,559,661,629,0,876,death,1275
63.99788885931285,464,0,8,559,661,630,0,876,death,1257
64.07147195431094,463,0,8,559,661,631,0,876,death,1495
64.10142288040703,463,0,8,558,661,632,0,876,death,456
64.13493851212922,462,0,9,558,661,632,0,877,infection,1238
64.15961172615137,461,0,9,558,661,633,0,877,death,1548
64.17158800387045,461,0,9,557,661,634,0,877,death,1189
64.19044082711441,460,0,10,557,661,634,0,878,infection,1161
64.27552333328865,460,0,10,556,661,635,0,878,death,615
64.27676246813525,460,0,10,555,661,636,0,878,death,797
64.29720739469974,461,0,10,555,662,636,0,878,birth,1662
64.31534372542123,461,0,10,554,662,637,0,878,death,1229
64.31714631766197,461,0,10,553,662,638,0,878,death,583
64.40678254619179,461,0,9,554,662,638,0,878,recovery,1371
64.40795057682948,460,0,10,554,662,638,0,879,infection,1538
64.46275979880738,461,0,10,554,663,638,0,879,birth,1663
64.46561827039714,460,0,11,554,663,638,0,880,infection,1389
64.48806020273813,459,0,11,554,663,639,0,880,death,53
64.50632602688198,460,0,11,554,664,639,0,880,birth,1664
64.52064820649254,461,0,11,554,665,639,0,880,birth,1665
64.65990604653273,461,0,11,553,665,640,0,880,death,616
64.69176343728407,461,0,10,554,665,640,0,880,recovery,1335
64.75391505693881,461,0,10,553,665,641,0,880,death,121
64.80707269057508,462,0,10,553,666,641,0,880,birth,1666
64.9158741051729,462,0,10,552,666,642,0,880,death,852
65.14757033327729,462,0,10,551,666,643,0,880,death,146
65.23106220958086,462,0,9,552,666,643,0,880,recovery,1389
65.26291280300404,462,0,9,551,666,644,0,880,death,855
65.27611344659628,462,0,8,552,666,644,0,880,recovery,1538
65.28927081521361,462,0,8,551,666,645,0,880,death,276
65.29370169751505,462,0,8,550,666,646,0,880,death,244
65.30856047966745,462,0,8,549,666,647,0,880,death,1244
65.32168426891398,461,0,8,549,666,648,0,880,death,1350
65.336716168478,461,0,8,548,666,649,0,880,death,1076
65.33766133873247,461,0,8,547,666,650,0,880,death,1141
65.3776763546714,461,0,8,546,666,651,0,880,death,304
65.3837307570843,461,0,7,547,666,651,0,880,recovery,1553
65.38920526547966,461,0,7,546,666,652,0,880,death,1003
65.4458562428782,461,0,7,545,666,653,0,880,death,312
65.46773999623969,461,0,7,544,666,654,0,880,death,86
65.51008405303998,460,0,7,544,666,655,0,880,death,1572
65.52718008801959,460,0,7,543,666,656,0,880,death,730
65.64630796556924,461,0,7,543,667,656,0,880,birth,1667
65.71180827447313,462,0,7,543,668,656,0,880,birth,1668
65.73365240893744,461,0,7,543,668,657,0,880,death,19
65.84206556099235,462,0,7,543,669,657,0,880,birth,1669
65.90315418098876,463,0,7,543,670,657,0,880,birth,1670
65.97445600761704,463,0,6,544,670,657,0,880,recovery,1317
66.00047824939791,464,0,6,544,671,657,0,880,birth,1671
66.00682192643625,464,0,6,543,671,658,0,880,death,462
66.0120442360157,463,0,6,543,671,659,0,880,death,1551
66.10647565997826,464,0,6,543,672,659,0,880,birth,1672
66.1443160518411,463,0,6,543,672,660,0,880,death,1668
66.17036305113734,463,0,6,542,672,661,0,880,death,999
66.184587766004,464,0,6,542,673,661,0,880,birth,1673
66.24207001960873,464,0,6,541,673,662,0,880,death,191
66.34460764135251,463,0,6,541,673,663,0,880,death,507
66.38292340514725,464,0,6,541,674,663,0,880,birth,1674
66.4271689399256,464,0,6,540,674,664,0,880,death,525
66.51511901875358,465,0,6,540,675,664,0,880,birth,1675
66.52002581220135,464,0,6,540,675,665,0,880,death,1418
66.58117692841584,465,0,6,540,676,665,0,880,birth,1676
66.65590142874704,464,0,6,540,676,666,0,880,death,695
66.66502834998575,465,0,6,540,677,666,0,880,birth,1677
66.81712912817564,466,0,6,540,678,666,0,880,birth,1678
66.87677742513345,466,0,6,539,678,667,0,880,death,47
66.93077068478021,466,0,6,538,678,668,0,880,death,895
66.99139652817776,467,0,6,538,679,668,0,880,birth,1679
66.99278296644967,468,0,6,538,680,668,0,880,birth,1680
67.0514431269763,468,0,6,537,680,669,0,880,death,1287
67.18256095784459,467,0,6,537,680,670,0,880,death,1473
67.23481924310202,467,0,6,536,680,671,0,880,death,671
67.29617182319187,467,0,6,535,680,672,0,880,death,264
67.32286669865012,468,0,6,535,681,672,0,880,birth,1681
67.46618197950826,469,0,6,535,682,672,0,880,birth,1682
67.49019537444542,469,0,5,536,682,672,0,880,recovery,1387
67.56529885622025,470,0,5,536,683,672,0,880,birth,1683
67.69562660346769,469,0,5,536,683,673,0,880,death,1485
67.71147894259052,469,0,4,537,683,673,0,880,recovery,1238
67.91248487948192,470,0,4,537,684,673,0,880,birth,1684
67.91432543476635,470,0,4,536,684,674,0,880,death,1238
67.91631282014393,470,0,4,535,684,675,0,880,death,222
67.93653135850842,471,0,4,535,685,675,0,880,birth,1685
67.93839431304997,470,0,4,535,685,676,0,880,death,1486
67.96314115474547,469,0,4,535,685,677,0,880,death,1665
68.04588322578893,470,0,4,535,686,677,0,880,birth,1686
68.04919635910252,471,0,4,535,687,677,0,880,birth,1687
68.071326249087,472,0,4,535,688,677,0,880,birth,1688
68.10446717371576,473,0,4,535,689,677,0,880,birth,1689
68.1381617029216,472,0,4,535,689,678,0,880,death,1603
68.18785360285345,471,0,4,535,689,679,0,880,death,1579
68.24537821226966,471,0,4,534,689,680,0,880,death,969
68.24972175234375,471,0,4,533,689,681,0,880,death,161
68.2544154084003,472,0,4,533,690,681,0,880,birth,1690
68.26335588447294,473,0,4,533,691,681,0,880,birth,1691
68.26413305974253,472,0,4,533,691,682,0,880,death,1646
68.32564676856464,471,0,4,533,691,683,0,880,death,1625
68.35844622187801,472,0,4,533,692,683,0,880,birth,1692
68.37184486684092,473,0,4,533,693,683,0,880,birth,1693
68.37722878054682,472,0,4,533,693,684,0,880,death,1683
68.40518651247467,473,0,4,533,694,684,0,880,birth,1694
68.40536488139085,472,0,4,533,694,685,0,880,death,35
68.48174159301375,471,0,4,533,694,686,0,880,death,1324
68.49832172910263,472,0,4,533,695,686,0,880,birth,1695
68.5078599801204,472,0,4,532,695,687,0,880,death,42
68.51902121146372,473,0,4,532,696,687,0,880,birth,1696
68.55367385644963,474,0,4,532,697,687,0,880,birth,1697
68.64803821140809,474,0,4,531,697,688,0,880,death,59
68.66088031656946,474,0,4,530,697,689,0,880,death,758
68.66477809887182,475,0,4,530,698,689,0,880,birth,1698
68.69858627986906,476,0,4,530,699,689,0,880,birth,1699
68.90531483646467,476,0,4,529,699,690,0,880,death,347
68.9387156249837,477,0,4,529,700,690,0,880,birth,1700
68.97541723098702,478,0,4,529,701,690,0,880,birth,1701
68.97816187532639,479,0,4,529,702,690,0,880,birth,1702
68.98025742605809,480,0,4,529,703,690,0,880,birth,1703
69.0247849038045,481,0,4,529,704,690,0,880,birth,1704
69.02736320221656,480,0,4,529,704,691,0,880,death,511
69.06971126491158,479,0,4,529,704,692,0,880,death,1352
69.07485302879361,479,0,4,528,704,693,0,880,death,480
69.20199500431643,480,0,4,528,705,693,0,880,birth,1705
69.22600483989541,480,0,4,527,705,694,0,880,death,1403
69.23431329011093,479,0,4,527,705,695,0,880,death,1652
69.25933469050271,480,0,4,527,706,695,0,880,birth,1706
69.28239773161826,480,0,4,526,706,696,0,880,death,210
69.28463904834909,481,0,4,526,707,696,0,880,birth,1707
69.3123883318112,480,0,4,526,707,697,0,880,death,1295
69.36631895767616,479,0,4,526,707,698,0,880,death,1562
69.37896688582659,480,0,4,526,708,698,0,880,birth,1708
69.38248512682559,479,0,4,526,708,699,0,880,death,512
69.49448214739247,478,0,4,526,708,700,0,880,death,530
69.62853866921684,479,0,4,526,709,700,0,880,birth,1709
69.81375789596947,478,0,4,526,709,701,0,880,death,278
69.8583348574779,479,0,4,526,710,701,0,880,birth,1710
69.90431767930147,479,0,3,527,710,701,0,880,recovery,1161
69.95133283404107,480,0,3,527,711,701,0,880,birth,1711
70.20450571941585,480,0,3,526,711,702,0,880,death,182
70.23798246688429,479,0,3,526,711,703,0,880,death,1449
70.25581181540265,478,0,3,526,711,704,0,880,death,593
70.29730122412798,479,0,3,526,712,704,0,880,birth,1712
70.29972630438587,479,0,3,525,712,705,0,880,death,876
70.32675884813527,479,0,3,524,712,706,0,880,death,1132
70.33890707423363,480,0,3,524,713,706,0,880,birth,1713
70.36238135210706,481,0,3,524,714,706,0,880,birth,1714
70.37829379361196,482,0,3,524,715,706,0,880,birth,1715
70.47595942154464,483,0,3,524,716,706,0,880,birth,1716
70.65413166101533,482,0,3,524,716,707,0,880,death,1647
70.6754082195573,483,0,3,524,717,707,0,880,birth,1717
70.72801777786135,483,0,3,523,717,708,0,880,death,1170
70.74526182147655,484,0,3,523,718,708,0,880,birth,1718
70.88696816063381,483,0,3,523,718,709,0,880,death,1131
70.89555612153508,484,0,3,523,719,709,0,880,birth,1719
70.89885379366783,483,0,3,523,719,710,0,880,death,1412
71.02272671497423,484,0,3,523,720,710,0,880,birth,1720
71.06231826639022,484,0,2,524,720,710,0,880,recovery,1487
71.10771218960835,485,0,2,524,721,710,0,880,birth,1721
71.29329519734965,485,0,2,523,721,711,0,880,death,1276
71.29859668274263,484,0,2,523,721,712,0,880,death,1163
71.38441895415342,485,0,2,523,722,712,0,880,birth,1722
71.38884842516048,486,0,2,523,723,712,0,880,birth,1723
71.3992098742683,487,0,2,523,724,712,0,880,birth,1724
71.50226416640139,488,0,2,523,725,712,0,880,birth,1725
71.55343281695856,488,0,2,522,725,713,0,880,death,1317
71.556880618815,489,0,2,522,726,713,0,880,birth,1726
71.57397065735188,490,0,2,522,727,713,0,880,birth,1727
71.66784164819892,490,0,2,521,727,714,0,880,death,832
71.75137691041131,491,0,2,521,728,714,0,880,birth,1728
71.80275576339695,492,0,2,521,729,714,0,880,birth,1729
71.80459659272437,493,0,2,521,730,714,0,880,birth,1730
71.90301587418797,492,0,3,521,730,714,0,881,infection,1605
71.91068535682722,492,0,3,520,730,715,0,881,death,527
71.99415863758713,491,0,3,520,730,716,0,881,death,1459
72.03117595672346,492,0,3,520,731,716,0,881,birth,1731
72.06472709169182,493,0,3,520,732,716,0,881,birth,1732
72.06818595094828,492,0,3,520,732,717,0,881,death,1186
72.21705777198463,491,0,3,520,732,718,0,881,death,1614
72.2716856356974,490,0,3,520,732,719,0,881,death,1408
72.28197080436881,491,0,3,520,733,719,0,881,birth,1733
72.42729042428923,492,0,3,520,734,719,0,881,birth,1734
72.4405856670893,493,0,3,520,735,719,0,881,birth,1735
72.50152219363005,494,0,3,520,736,719,0,881,birth,1736
72.50637868653043,495,0,3,520,737,719,0,881,birth,1737
72.51207123170998,494,0,3,520,737,720,0,881,death,377
72.54225599214666,493,0,4,520,737,720,0,882,infection,1669
72.57089837531927,492,0,4,520,737,721,0,882,death,266
72.63416176658713,491,0,4,520,737,722,0,882,death,1569
72.63609553149598,490,0,5,520,737,722,0,883,infection,1262
72.66073290698219,491,0,5,520,738,722,0,883,birth,1738
72.68548082367332,491,0,5,519,738,723,0,883,death,167
72.7150199048634,492,0,5,519,739,723,0,883,birth,1739
72.78648527970803,493,0,5,519,740,723,0,883,birth,1740
72.92801284175064,494,0,5,519,741,723,0,883,birth,1741
72.95565247704737,495,0,5,519,742,723,0,883,birth,1742
72.99810723296086,494,0,5,519,742,724,0,883,death,1289
73.0066207156903,493,0,5,519,742,725,0,883,death,375
73.19948384735888,494,0,5,519,743,725,0,883,birth,1743
73.24619572326593,495,0,5,519,744,725,0,883,birth,1744
73.25500856175825,494,0,5,519,744,726,0,883,death,1712
73.2863761081561,493,0,5,519,744,727,0,883,death,1512
73.39223588647502,493,0,5,518,744,728,0,883,death,1296
73.40285451624152,492,0,5,518,744,729,0,883,death,1489
73.459867827781,491,0,5,518,744,730,0,883,death,1671
73.46297438319613,490,0,5,518,744,731,0,883,death,1632
73.59835606005613,490,0,5,517,744,732,0,883,death,24
73.74193501944386,489,0,5,517,744,733,0,883,death,1320
73.84588150928997,490,0,5,517,745,733,0,883,birth,1745
73.9088981016412,489,0,5,517,745,734,0,883,death,1745
73.94669376119606,490,0,5,517,746,734,0,883,birth,1746
73.95942542163073,491,0,5,517,747,734,0,883,birth,1747
73.98359173449113,490,0,5,517,747,735,0,883,death,1554
74.00726798920047,491,0,5,517,748,735,0,883,birth,1748
74.04270341637229,492,0,5,517,749,735,0,883,birth,1749
74.0474605059855,492,0,5,516,749,736,0,883,death,867
74.05603615345004,493,0,5,516,750,736,0,883,birth,1750
74.10589025884413,493,0,5,515,750,737,0,883,death,12
74.1384971181297,493,0,5,514,750,738,0,883,death,166
74.139202911555,493,0,4,515,750,738,0,883,recovery,1265
74.20630950109239,494,0,4,515,751,738,0,883,birth,1751
74.31652228353553,495,0,4,515,752,738,0,883,birth,1752
74.34036568589785,496,0,4,515,753,738,0,883,birth,1753
74.34545904395972,495,0,4,515,753,739,0,883,death,788
74.35777338374548,494,0,4,515,753,740,0,883,death,829
74.3812383579054,493,0,4,515,753,741,0,883,death,1404
74.42083275726422,494,0,4,515,754,741,0,883,birth,1754
74.58831420743616,495,0,4,515,755,741,0,883,birth,1755
74.60624695420944,495,0,4,514,755,742,0,883,death,735
74.62876628723791,496,0,4,514,756,742,0,883,birth,1756
74.64946404169228,496,0,4,513,756,743,0,883,death,1347
74.67712705935887,497,0,4,513,757,743,0,883,birth,1757
74.68200349086622,498,0,4,513,758,743,0,883,birth,1758
74.68858382261934,497,0,5,513,758,743,0,884,infection,1298
74.75626574808125,496,0,6,513,758,743,0,885,infection,1724
74.83252653999622,496,0,6,512,758,744,0,885,death,821
74.90586939419812,496,0,6,511,758,745,0,885,death,1185
74.93171531363791,496,0,6,510,758,746,0,885,death,946
74.94929254324009,496,0,6,509,758,747,0,885,death,756
74.95712513949866,497,0,6,509,759,747,0,885,birth,1759
75.00852383050992,498,0,6,509,760,747,0,885,birth,1760
75.02214935671653,497,0,7,509,760,747,0,886,infection,1445
75.02549452873747,498,0,7,509,761,747,0,886,birth,1761
75.02755122630265,498,0,7,508,761,748,0,886,death,295
75.04457087083475,498,0,7,507,761,749,0,886,death,723
75.06308335966933,498,0,7,506,761,750,0,886,death,960
75.11041191897826,499,0,7,506,762,750,0,886,birth,1762
75.15879587072153,500,0,7,506,763,750,0,886,birth,1763
75.19364377248576,499,0,7,506,763,751,0,886,death,169
75.19820119235276,498,0,8,506,763,751,0,887,infection,1555
75.32966952243093,499,0,8,506,764,751,0,887,birth,1764
75.38078993088,499,0,8,505,764,752,0,887,death,574
75.39587977283179,498,0,8,505,764,753,0,887,death,1367
75.56334881395375,498,0,8,504,764,754,0,887,death,738
75.57245374759745,499,0,8,504,765,754,0,887,birth,1765
75.5746113535918,500,0,8,504,766,754,0,887,birth,1766
75.74257274457386,500,0,8,503,766,755,0,887,death,478
75.74478530920307,501,0,8,503,767,755,0,887,birth,1767
75.82721424554254,502,0,8,503,768,755,0,887,birth,1768
75.85297680038941,501,0,8,503,768,756,0,887,death,1351
75.85773415170166,500,0,8,503,768,757,0,887,death,1318
75.86127245095985,500,0,7,504,768,757,0,887,recovery,1445
75.88436423603592,500,0,6,505,768,757,0,887,recovery,1724
75.94157006786575,500,0,6,504,768,758,0,887,death,413
75.99854434055635,501,0,6,504,769,758,0,887,birth,1769
76.00765476080909,502,0,6,504,770,758,0,887,birth,1770
76.10383158913609,503,0,6,504,771,758,0,887,birth,1771
76.18629481304545,504,0,6,504,772,758,0,887,birth,1772
76.19779698940802,503,0,6,504,772,759,0,887,death,1481
76.23271304826515,504,0,6,504,773,759,0,887,birth,1773
76.23432660468367,505,0,6,504,774,759,0,887,birth,1774
76.32636807046629,504,0,7,504,774,759,0,888,infection,751
76.35797526765977,504,0,7,503,774,760,0,888,death,181
76.36060891343276,505,0,7,503,775,760,0,888,birth,1775
76.38335955966696,506,0,7,503,776,760,0,888,birth,1776
76.38337409381606,507,0,7,503,777,760,0,888,birth,1777
76.38843561903676,508,0,7,503,778,760,0,888,birth,1778
76.44709368684461,509,0,7,503,779,760,0,888,birth,1779
76.51191777527924,508,0,7,503,779,761,0,888,death,1649
76.61806656345578,508,0,7,502,779,762,0,888,death,17
76.68113972789217,509,0,7,502,780,762,0,888,birth,1780
76.7072048462264,509,0,6,503,780,762,0,888,recovery,1555
76.73210451495602,510,0,6,503,781,762,0,888,birth,1781
76.75333772681604,510,0,6,502,781,763,0,888,death,526
76.7719263018054,511,0,6,502,782,763,0,888,birth,1782
76.775590928378,510,0,7,502,782,763,0,889,infection,1381
76.79125767591692,511,0,7,502,783,763,0,889,birth,1783
76.7971442912711,510,0,7,502,783,764,0,889,death,1173
76.8138947433904,511,0,7,502,784,764,0,889,birth,1784
76.86017682551882,512,0,7,502,785,764,0,889,birth,1785
76.89922979841235,511,0,7,502,785,765,0,889,death,1144
76.91933875615842,511,0,7,501,785,766,0,889,death,90
76.97038960775527,511,0,7,500,785,767,0,889,death,441
77.12554687916194,511,0,6,501,785,767,0,889,recovery,1669
77.12754836763531,510,0,6,501,785,768,0,889,death,1299
77.1865930782985,511,0,6,501,786,768,0,889,birth,1786
77.19680566828998,512,0,6,501,787,768,0,889,birth,1787
77.23034179246663,511,0,6,501,787,769,0,889,death,1467
77.24452470066942,510,0,7,501,787,769,0,890,infection,1747
77.2949893249937,510,0,7,500,787,770,0,890,death,1007
77.33501350446677,511,0,7,500,788,770,0,890,birth,1788
77.40459283730459,512,0,7,500,789,770,0,890,birth,1789
77.41663077724168,512,0,7,499,789,771,0,890,death,1368
77.42841729017398,513,0,7,499,790,771,0,890,birth,1790
77.500158967358,514,0,7,499,791,771,0,890,birth,1791
77.51624084791844,515,0,7,499,792,771,0,890,birth,1792
77.53721845673532,514,0,7,499,792,772,0,890,death,1206
77.56833749199649,514,0,6,500,792,772,0,890,recovery,1358
77.63689491644618,513,0,6,500,792,773,0,890,death,1250
77.66935267499028,512,0,6,500,792,774,0,890,death,681
77.71716081554419,511,0,7,500,792,774,0,891,infection,646
77.77621429410857,511,0,7,499,792,775,0,891,death,485
77.79289943940636,510,0,7,499,792,776,0,891,death,1438
77.87134296040605,509,0,8,499,792,776,0,892,infection,971
78.03608747638151,510,0,8,499,793,776,0,892,birth,1793
78.17298284631424,510,0,8,498,793,777,0,892,death,440
78.17489213938117,510,0,8,497,793,778,0,892,death,452
78.23253348779245,511,0,8,497,794,778,0,892,birth,1794
78.26872612469315,512,0,8,497,795,778,0,892,birth,1795
78.36743759942348,512,0,8,496,795,779,0,892,death,711
78.5573004377392,513,0,8,496,796,779,0,892,birth,1796
78.59347647400861,513,0,8,495,796,780,0,892,death,65
78.6079552097554,512,0,8,495,796,781,0,892,death,1729
78.62929043268531,513,0,8,495,797,781,0,892,birth,1797
78.65042964072511,514,0,8,495,798,781,0,892,birth,1798
78.70608571831143,515,0,8,495,799,781,0,892,birth,1799
78.78829537897283,515,0,8,494,799,782,0,892,death,683
78.838163852347,515,0,8,493,799,783,0,892,death,1085
78.86236355277889,516,0,8,493,800,783,0,892,birth,1800
78.89981392022796,517,0,8,493,801,783,0,892,birth,1801
78.95486724054001,517,0,8,492,801,784,0,892,death,777
79.00375558316335,516,0,8,492,801,785,0,892,death,1667
79.07351017541187,516,0,8,491,801,786,0,892,death,601
79.14199465518203,516,0,8,490,801,787,0,892,death,563
79.20085193413739,517,0,8,490,802,787,0,892,birth,1802
79.2018121522178,517,0,8,489,802,788,0,892,death,776
79.20973788342756,516,0,8,489,802,789,0,892,death,1682
79.3482341008667,515,0,9,489,802,789,0,893,infection,445
79.36779321487421,514,0,10,489,802,789,0,894,infection,1698
79.3746437615396,515,0,10,489,803,789,0,894,birth,1803
79.38023508148213,514,0,10,489,803,790,0,894,death,1629
79.38452302066416,513,0,11,489,803,790,0,895,infection,1741
79.41556112701674,512,0,12,489,803,790,0,896,infection,1788
79.41869439617092,513,0,12,489,804,790,0,896,birth,1804
79.42000952903358,513,0,11,490,804,790,0,896,recovery,1747
79.42539436774861,514,0,11,490,805,790,0,896,birth,1805
79.51074092031267,515,0,11,490,806,790,0,896,birth,1806
79.52427276811383,514,0,11,490,806,791,0,896,death,1303
79.58640067751865,515,0,11,490,807,791,0,896,birth,1807
79.60404268865295,514,0,11,490,807,792,0,896,death,806
79.65447532755424,513,0,12,490,807,792,0,897,infection,1774
79.73887956641855,514,0,12,490,808,792,0,897,birth,1808
79.74782859266745,514,0,12,489,808,793,0,897,death,1143
79.7662579443275,514,0,12,488,808,794,0,897,death,536
79.84503619028699,513,0,12,488,808,795,0,897,death,888
79.8574056094687,514,0,12,488,809,795,0,897,birth,1809
79.94141340474687,513,0,13,488,809,795,0,898,infection,1497
80.03357502395471,513,0,12,489,809,795,0,898,recovery,1381
80.03569508836915,512,0,13,489,809,795,0,899,infection,126
80.07099119596778,513,0,13,489,810,795,0,899,birth,1810
80.28110540746228,512,0,13,489,810,796,0,899,death,1212
80.32012210524779,513,0,13,489,811,796,0,899,birth,1811
80.36852024626067,512,0,14,489,811,796,0,900,infection,1332
80.37982912237129,511,0,14,489,811,797,0,900,death,1390
80.38893565365444,510,0,15,489,811,797,0,901,infection,1616
80.4043639563036,510,0,14,490,811,797,0,901,recovery,1605
80.41599084598131,509,0,15,490,811,797,0,902,infection,606
80.455577967574,508,0,16,490,811,797,0,903,infection,1384
80.45653193041026,509,0,16,490,812,797,0,903,birth,1812
80.4566773711645,509,0,16,489,812,798,0,903,death,387
80.47079218677041,509,0,15,490,812,798,0,903,recovery,1698
80.4725234613343,510,0,15,490,813,798,0,903,birth,1813
80.48680867633605,511,0,15,490,814,798,0,903,birth,1814
80.50318834131909,510,0,15,490,814,799,0,903,death,1612
80.53189199173165,509,0,16,490,814,799,0,904,infection,1713
80.60365915859184,509,0,16,489,814,800,0,904,death,94
80.61638067628178,510,0,16,489,815,800,0,904,birth,1815
80.71283134942621,510,0,15,490,815,800,0,904,recovery,1788
80.74776494523606,510,0,14,491,815,800,0,904,recovery,1384
80.752005294111,510,0,13,492,815,800,0,904,recovery,1713
80.83316977229089,510,0,13,491,815,801,0,904,death,209
80.93256331303007,511,0,13,491,816,801,0,904,birth,1816
80.94669308397816,511,0,12,492,816,801,0,904,recovery,1741
80.95122503268033,510,0,12,492,816,802,0,904,death,1707
80.9781138096388,511,0,12,492,817,802,0,904,birth,1817
81.0917919863877,510,0,12,492,817,803,0,904,death,1620
81.11312339364642,510,0,11,493,817,803,0,904,recovery,1262
81.18328217848747,511,0,11,493,818,803,0,904,birth,1818
81.18695772152556,510,0,12,493,818,803,0,905,infection,1686
81.21224761616186,511,0,12,493,819,803,0,905,birth,1819
81.22645062909041,511,0,12,492,819,804,0,905,death,647
81.23429519048484,512,0,12,492,820,804,0,905,birth,1820
81.26980182755955,513,0,12,492,821,804,0,905,birth,1821
81.31155799944233,514,0,12,492,822,804,0,905,birth,1822
81.33636768489968,515,0,12,492,823,804,0,905,birth,1823
81.36865946189867,515,0,11,493,823,804,0,905,recovery,1298
81.40030873390312,516,0,11,493,824,804,0,905,birth,1824
81.41254506727871,516,0,11,492,824,805,0,905,death,345
81.47991730936937,515,0,12,492,824,805,0,906,infection,1662
81.54674682180209,515,0,12,491,824,806,0,906,death,538
81.54933875429688,516,0,12,491,825,806,0,906,birth,1825
81.69618950237891,517,0,12,491,826,806,0,906,birth,1826
81.71746867601615,517,0,11,492,826,806,0,906,recovery,1332
81.7269730365637,516,0,12,492,826,806,0,907,infection,1133
81.76704756757454,515,0,13,492,826,806,0,908,infection,1656
81.81718228452179,515,0,12,493,826,806,0,908,recovery,606
81.87073891875652,515,0,12,492,826,807,0,908,death,657
81.92463105922505,516,0,12,492,827,807,0,908,birth,1827
81.93210857382935,517,0,12,492,828,807,0,908,birth,1828
81.93919561120724,518,0,12,492,829,807,0,908,birth,1829
81.95646257692327,517,0,12,492,829,808,0,908,death,1260
81.96002554558731,516,0,12,492,829,809,0,908,death,1272
81.96391755049747,515,0,13,492,829,809,0,909,infection,1534
81.9932125820655,515,0,13,491,829,810,0,909,death,862
82.01888735658537,514,0,13,491,829,811,0,909,death,1222
82.11407307238238,515,0,13,491,830,811,0,909,birth,1830
82.12862090004974,516,0,13,491,831,811,0,909,birth,1831
82.13820934724565,517,0,13,491,832,811,0,909,birth,1832
82.15521087948689,518,0,13,491,833,811,0,909,birth,1833
82.2186476467903,518,0,13,490,833,812,0,909,death,1137
82.23080134867872,519,0,13,490,834,812,0,909,birth,1834
82.2388535708108,520,0,13,490,835,812,0,909,birth,1835
82.24321887580341,519,0,13,490,835,813,0,909,death,1604
82.25388397365272,518,0,14,490,835,813,0,910,infection,1575
82.26505930241012,519,0,14,490,836,813,0,910,birth,1836
82.27349261132952,518,0,14,490,836,814,0,910,death,1425
82.31713162795698,519,0,14,490,837,814,0,910,birth,1837
82.3437725176223,519,0,14,489,837,815,0,910,death,256
82.34829470976925,518,0,14,489,837,816,0,910,death,558
82.38042341698771,518,0,14,488,837,817,0,910,death,1033
82.49602916811217,517,0,15,488,837,817,0,911,infection,1791
82.50911713153842,516,0,15,488,837,818,0,911,death,227
82.51869792851411,516,0,14,489,837,818,0,911,recovery,751
82.65159545038348,516,0,13,490,837,818,0,911,recovery,1774
82.67632078929337,517,0,13,490,838,818,0,911,birth,1838
82.72070209048205,518,0,13,490,839,818,0,911,birth,1839
82.81507801339298,517,0,13,490,839,819,0,911,death,1020
82.84683221350308,517,0,12,491,839,819,0,911,recovery,1656
82.9520023244661,517,0,11,492,839,819,0,911,recovery,646
82.95653184380404,517,0,11,491,839,820,0,911,death,106
83.04493531850713,518,0,11,491,840,820,0,911,birth,1840
83.05251178210142,519,0,11,491,841,820,0,911,birth,1841
83.12712138592379,518,0,11,491,841,821,0,911,death,1762
83.15787224325983,519,0,11,491,842,821,0,911,birth,1842
83.16421534081907,518,0,12,491,842,821,0,912,infection,718
83.16983193011086,518,0,11,492,842,821,0,912,recovery,1686
83.17534689911383,517,0,11,492,842,822,0,912,death,1458
83.17859026003332,516,0,12,492,842,822,0,913,infection,1655
83.27009412242133,517,0,12,492,843,822,0,913,birth,1843
83.2808124540071,518,0,12,492,844,822,0,913,birth,1844
83.32808114908207,518,0,11,493,844,822,0,913,recovery,1616
83.36165900877859,517,0,11,493,844,823,0,913,death,1540
83.40154858926752,518,0,11,493,845,823,0,913,birth,1845
83.46705302879072,518,0,10,494,845,823,0,913,recovery,1133
83.4673462227544,519,0,10,494,846,823,0,913,birth,1846
83.52390495928745,520,0,10,494,847,823,0,913,birth,1847
83.55745397661907,521,0,10,494,848,823,0,913,birth,1848
83.63747755683144,520,0,10,494,848,824,0,913,death,1349
83.682731953933,519,0,10,494,848,825,0,913,death,1793
83.68517894748734,519,0,9,495,848,825,0,913,recovery,718
83.70016454028405,520,0,9,495,849,825,0,913,birth,1849
83.71055531795612,519,0,10,495,849,825,0,914,infection,1771
83.71793658389363,520,0,10,495,850,825,0,914,birth,1850
83.75005859567496,519,0,11,495,850,825,0,915,infection,150
83.77454755589737,520,0,11,495,851,825,0,915,birth,1851
83.86896884687606,519,0,12,495,851,825,0,916,infection,287
83.89821270736918,520,0,12,495,852,825,0,916,birth,1852
84.00887756202056,519,0,13,495,852,825,0,917,infection,1105
84.01814926392476,520,0,13,495,853,825,0,917,birth,1853
84.02863674785054,520,0,13,494,853,826,0,917,death,1605
84.06791650868261,520,0,13,493,853,827,0,917,death,1262
84.19258061259467,521,0,13,493,854,827,0,917,birth,1854
84.26406214603686,520,0,13,493,854,828,0,917,death,1658
84.27777734026736,521,0,13,493,855,828,0,917,birth,1855
84.34026498668338,520,0,14,493,855,828,0,918,infection,1517
84.3469476799722,521,0,14,493,856,828,0,918,birth,1856
84.37589283034617,522,0,14,493,857,828,0,918,birth,1857
84.48408155962971,521,0,14,493,857,829,0,918,death,1355
84.59355346614961,521,0,13,494,857,829,0,918,recovery,1791
84.59455034161135,520,0,13,494,857,830,0,918,death,1702
84.65573332575424,521,0,13,494,858,830,0,918,birth,1858
84.68292737606345,522,0,13,494,859,830,0,918,birth,1859
84.73280331537111,522,0,13,493,859,831,0,918,death,135
84.78852807752249,523,0,13,493,860,831,0,918,birth,1860
84.79919735892939,522,0,13,493,860,832,0,918,death,477
84.82860462389597,522,0,13,492,860,833,0,918,death,874
84.87984450078474,521,0,14,492,860,833,0,919,infection,1813
84.99768445280542,522,0,14,492,861,833,0,919,birth,1861
85.0268315290628,521,0,14,492,861,834,0,919,death,785
85.07568875931761,520,0,14,492,861,835,0,919,death,1526
85.11017329593258,521,0,14,492,862,835,0,919,birth,1862
85.2771193271667,520,0,15,492,862,835,0,920,infection,1348
85.3845863771159,520,0,14,493,862,835,0,920,recovery,1105
85.49888320489985,519,0,15,493,862,835,0,921,infection,1215
85.5298649475069,518,0,15,493,862,836,0,921,death,1327
85.58717651076277,517,0,16,493,862,836,0,922,infection,1251
85.65374016528635,518,0,16,493,863,836,0,922,birth,1863
85.69871905146422,517,0,16,493,863,837,0,922,death,1541
85.7819042549228,517,0,16,492,863,838,0,922,death,1487
85.8119626008703,516,0,17,492,863,838,0,923,infection,985
85.91098012162159,515,0,17,492,863,839,0,923,death,1823
85.96696186839155,515,0,17,491,863,840,0,923,death,845
86.03597790721878,516,0,17,491,864,840,0,923,birth,1864
86.04978400055413,515,0,17,491,864,841,0,923,death,1013
86.11482625702247,516,0,17,491,865,841,0,923,birth,1865
86.12846243125706,516,0,17,490,865,842,0,923,death,679
86.13056205784514,516,0,16,491,865,842,0,923,recovery,1215
86.16393487044922,517,0,16,491,866,842,0,923,birth,1866
86.20441475051503,516,0,17,491,866,842,0,924,infection,230
86.28103974753174,516,0,16,492,866,842,0,924,recovery,1497
86.30207797654361,516,0,15,493,866,842,0,924,recovery,1251
86.30628697204712,516,0,15,492,866,843,0,924,death,1014
86.37434992436626,516,0,14,493,866,843,0,924,recovery,1575
86.4991219810338,516,0,14,492,866,844,0,924,death,404
86.52287939642783,515,0,15,492,866,844,0,925,infection,1699
86.5515717909475,516,0,15,492,867,844,0,925,birth,1867
86.58201167318221,517,0,15,492,868,844,0,925,birth,1868
86.60182877570169,518,0,15,492,869,844,0,925,birth,1869
86.60965882465555,517,0,15,492,869,845,0,925,death,1619
86.64591115357972,518,0,15,492,870,845,0,925,birth,1870
86.67101076563668,518,0,14,493,870,845,0,925,recovery,971
86.78401952100361,518,0,13,494,870,845,0,925,recovery,1517
86.8533294386125,519,0,13,494,871,845,0,925,birth,1871
86.91461574426548,520,0,13,494,872,845,0,925,birth,1872
87.0174142377527,520,0,12,495,872,845,0,925,recovery,1813
87.18519221922547,520,0,11,496,872,845,0,925,recovery,985
87.19495943836255,519,0,11,496,872,846,0,925,death,1725
87.2508570666416,520,0,11,496,873,846,0,925,birth,1873
87.2600133967393,521,0,11,496,874,846,0,925,birth,1874
87.26606739565821,521,0,10,497,874,846,0,925,recovery,287
87.28729678607303,521,0,10,496,874,847,0,925,death,1713
87.33221364866182,522,0,10,496,875,847,0,925,birth,1875
87.36199118591527,523,0,10,496,876,847,0,925,birth,1876
87.41614727249535,522,0,10,496,876,848,0,925,death,1610
87.45281731281142,521,0,10,496,876,849,0,925,death,1282
87.47676315611398,522,0,10,496,877,849,0,925,birth,1877
87.5230303753044,522,0,9,497,877,849,0,925,recovery,1699
87.52689935879384,523,0,9,497,878,849,0,925,birth,1878
87.61172901068424,522,0,9,497,878,850,0,925,death,1337
87.73998956623853,521,0,9,497,878,851,0,925,death,1220
87.76393452277217,522,0,9,497,879,851,0,925,birth,1879
87.80824580204107,523,0,9,497,880,851,0,925,birth,1880
87.81644393637552,524,0,9,497,881,851,0,925,birth,1881
87.82257612421661,525,0,9,497,882,851,0,925,birth,1882
87.8449490477113,525,0,9,496,882,852,0,925,death,7
87.86731247426543,526,0,9,496,883,852,0,925,birth,1883
87.90450349356294,527,0,9,496,884,852,0,925,birth,1884
87.92894662312295,527,0,8,497,884,852,0,925,recovery,1534
88.08837838223926,526,0,9,497,884,852,0,926,infection,1292
88.09202017374058,527,0,9,497,885,852,0,926,birth,1885
88.22287628005145,526,0,9,497,885,853,0,926,death,1469
88.24828770324368,525,0,9,497,885,854,0,926,death,1306
88.3486881320383,525,0,9,496,885,855,0,926,death,1105
88.51444031002643,525,0,8,497,885,855,0,926,recovery,1655
88.55242148079171,525,0,7,498,885,855,0,926,recovery,1348
88.56245010532163,525,0,7,497,885,856,0,926,death,1177
88.61626097384418,526,0,7,497,886,856,0,926,birth,1886
88.62336362716081,527,0,7,497,887,856,0,926,birth,1887
88.63216309259961,528,0,7,497,888,856,0,926,birth,1888
88.80074408262372,528,0,7,496,888,857,0,926,death,722
88.81147112145707,529,0,7,496,889,857,0,926,birth,1889
88.82871611322172,529,0,6,497,889,857,0,926,recovery,150
88.85059064820564,529,0,6,496,889,858,0,926,death,1575
88.90527947982456,528,0,6,496,889,859,0,926,death,346
88.97888329595489,529,0,6,496,890,859,0,926,birth,1890
88.99149982403704,530,0,6,496,891,859,0,926,birth,1891
89.01395183740699,531,0,6,496,892,859,0,926,birth,1892
89.08018844892958,532,0,6,496,893,859,0,926,birth,1893
89.09598503899466,531,0,6,496,893,860,0,926,death,1849
89.19808886275453,531,0,5,497,893,860,0,926,recovery,230
89.25658119732265,532,0,5,497,894,860,0,926,birth,1894
89.30201493789218,533,0,5,497,895,860,0,926,birth,1895
89.34689931340894,534,0,5,497,896,860,0,926,birth,1896
89.4020104856302,533,0,5,497,896,861,0,926,death,877
89.41094763586577,534,0,5,497,897,861,0,926,birth,1897
89.45707404996816,534,0,5,496,897,862,0,926,death,1149
89.50916859663585,535,0,5,496,898,862,0,926,birth,1898
89.54979130951374,536,0,5,496,899,862,0,926,birth,1899
89.5838360926215,537,0,5,496,900,862,0,926,birth,1900
89.83907869441128,536,0,5,496,900,863,0,926,death,1561
89.85287930724552,536,0,4,497,900,863,0,926,recovery,1292
89.85378322203982,537,0,4,497,901,863,0,926,birth,1901
89.87665373634296,537,0,4,496,901,864,0,926,death,482
89.89646041612484,538,0,4,496,902,864,0,926,birth,1902
89.93406292138641,539,0,4,496,903,864,0,926,birth,1903
89.97333428590471,538,0,4,496,903,865,0,926,death,1393
89.99736821758927,539,0,4,496,904,865,0,926,birth,1904
90.025051468551,538,0,4,496,904,866,0,926,death,1715
90.06047081038211,539,0,4,496,905,866,0,926,birth,1905
90.12594435416737,539,0,4,495,905,867,0,926,death,1291
90.16676189953266,539,0,3,496,905,867,0,926,recovery,1771
90.20646442222069,538,0,3,496,905,868,0,926,death,603
90.22589198058166,537,0,3,496,905,869,0,926,death,1860
90.271348323773,536,0,3,496,905,870,0,926,death,1726
90.3085247992915,535,0,3,496,905,871,0,926,death,1672
90.5144050049412,534,0,3,496,905,872,0,926,death,376
90.69286109988461,535,0,3,496,906,872,0,926,birth,1906
90.71463505163698,536,0,3,496,907,872,0,926,birth,1907
90.82441906872958,537,0,3,496,908,872,0,926,birth,1908
90.83439093616215,536,0,3,496,908,873,0,926,death,1500
90.92524801328148,535,0,3,496,908,874,0,926,death,1887
90.96568263210001,536,0,3,496,909,874,0,926,birth,1909
90.99211238739518,536,0,3,495,909,875,0,926,death,88
91.09362522390472,535,0,4,495,909,875,0,927,infection,1711
91.09554119794093,536,0,4,495,910,875,0,927,birth,1910
91.0958483579293,537,0,4,495,911,875,0,927,birth,1911
91.14644301360812,536,0,5,495,911,875,0,928,infection,1530
91.19484837989968,536,0,5,494,911,876,0,928,death,636
91.26794921412939,536,0,5,493,911,877,0,928,death,141
91.33615080728354,537,0,5,493,912,877,0,928,birth,1912
91.3565096875434,538,0,5,493,913,877,0,928,birth,1913
91.3718525806577,537,0,5,493,913,878,0,928,death,1700
91.4183346206994,538,0,5,493,914,878,0,928,birth,1914
91.43035874274949,537,0,5,493,914,879,0,928,death,1286
91.43731387196209,536,0,5,493,914,880,0,928,death,1775
91.58175992963203,536,0,5,492,914,881,0,928,death,1047
91.59160163263664,536,0,5,491,914,882,0,928,death,28
91.7494378982395,537,0,5,491,915,882,0,928,birth,1915
91.79983376107968,536,0,6,491,915,882,0,929,infection,1624
91.9458607867395,535,0,6,491,915,883,0,929,death,1305
91.95925266534121,535,0,6,490,915,884,0,929,death,339
92.03860931985072,534,0,7,490,915,884,0,930,infection,1496
92.08127875244507,533,0,7,490,915,885,0,930,death,1585
92.10476825486009,532,0,7,490,915,886,0,930,death,1595
92.11595690454129,531,0,7,490,915,887,0,930,death,1444
92.13881102060218,532,0,7,490,916,887,0,930,birth,1916
92.14665555589609,533,0,7,490,917,887,0,930,birth,1917
92.1694284191486,534,0,7,490,918,887,0,930,birth,1918
92.24497224293155,535,0,7,490,919,887,0,930,birth,1919
92.24735972131491,535,0,7,489,919,888,0,930,death,309
92.25479771603784,536,0,7,489,920,888,0,930,birth,1920
92.3002335638672,537,0,7,489,921,888,0,930,birth,1921
92.34341905149202,538,0,7,489,922,888,0,930,birth,1922
92.40125637733523,538,0,6,490,922,888,0,930,recovery,1711
92.49921305436207,539,0,6,490,923,888,0,930,birth,1923
92.57761609595224,540,0,6,490,924,888,0,930,birth,1924
92.64771831488355,539,0,6,490,924,889,0,930,death,1249
92.65841936236502,539,0,6,489,924,890,0,930,death,995
92.71407943709107,540,0,6,489,925,890,0,930,birth,1925
92.72388649086699,539,0,6,489,925,891,0,930,death,1506
92.74395607498822,539,0,5,490,925,891,0,930,recovery,1530
92.75112184750623,540,0,5,490,926,891,0,930,birth,1926
92.79391418267281,541,0,5,490,927,891,0,930,birth,1927
92.80288110390083,541,0,5,489,927,892,0,930,death,419
92.83290165977108,541,0,5,488,927,893,0,930,death,74
92.8528289688277,541,0,4,489,927,893,0,930,recovery,445
92.87601227286267,542,0,4,489,928,893,0,930,birth,1928
92.93141353766424,543,0,4,489,929,893,0,930,birth,1929
92.98847729855066,542,0,4,489,929,894,0,930,death,1704
92.99455209524784,541,0,4,489,929,895,0,930,death,1648
93.07323452443094,541,0,4,488,929,896,0,930,death,123
93.10377696149942,541,0,4,487,929,897,0,930,death,1139
93.22032311733511,541,0,3,488,929,897,0,930,recovery,1496
93.27040568503323,542,0,3,488,930,897,0,930,birth,1930
93.32007710286442,543,0,3,488,931,897,0,930,birth,1931
93.35914687880432,544,0,3,488,932,897,0,930,birth,1932
93.38805437184128,545,0,3,488,933,897,0,930,birth,1933
93.41960298386198,546,0,3,488,934,897,0,930,birth,1934
93.48043674996175,547,0,3,488,935,897,0,930,birth,1935
93.48462305694021,547,0,3,487,935,898,0,930,death,1103
93.51078169647137,548,0,3,487,936,898,0,930,birth,1936
93.5243380273183,548,0,3,486,936,899,0,930,death,900
93.53344071845915,549,0,3,486,937,899,0,930,birth,1937
93.59065904920519,550,0,3,486,938,899,0,930,birth,1938
93.6267575980997,551,0,3,486,939,899,0,930,birth,1939
93.70100799345408,551,0,3,485,939,900,0,930,death,107
93.71187571090724,552,0,3,485,940,900,0,930,birth,1940
93.78971999332597,553,0,3,485,941,900,0,930,birth,1941
93.79758387374129,552,0,3,485,941,901,0,930,death,1594
93.84369932085912,553,0,3,485,942,901,0,930,birth,1942
93.8957063908273,553,0,3,484,942,902,0,930,death,486
94.0373112810078,552,0,3,484,942,903,0,930,death,1839
94.0451407797196,553,0,3,484,943,903,0,930,birth,1943
94.0491329297781,552,0,3,484,943,904,0,930,death,1941
94.08558292305011,553,0,3,484,944,904,0,930,birth,1944
94.14527257723297,554,0,3,484,945,904,0,930,birth,1945
94.17183252980762,555,0,3,484,946,904,0,930,birth,1946
94.197922424158,555,0,3,483,946,905,0,930,death,1070
94.26704589515816,554,0,3,483,946,906,0,930,death,331
94.27100366514053,555,0,3,483,947,906,0,930,birth,1947
94.28974675502607,556,0,3,483,948,906,0,930,birth,1948
94.306090975779,557,0,3,483,949,906,0,930,birth,1949
94.31655575947113,557,0,3,482,949,907,0,930,death,1208
94.37869202094986,558,0,3,482,950,907,0,930,birth,1950
94.46136771327431,557,0,3,482,950,908,0,930,death,1453
94.49043147962811,558,0,3,482,951,908,0,930,birth,1951
94.5154610738463,557,0,3,482,951,909,0,930,death,237
94.56220832412303,557,0,3,481,951,910,0,930,death,1179
94.60106341394294,557,0,3,480,951,911,0,930,death,102
94.64506412469255,558,0,3,480,952,911,0,930,birth,1952
94.69642875792908,557,0,3,480,952,912,0,930,death,1588
94.80363659175487,558,0,3,480,953,912,0,930,birth,1953
94.81583894762043,559,0,3,480,954,912,0,930,birth,1954
94.83760496780556,560,0,3,480,955,912,0,930,birth,1955
94.85299307986934,561,0,3,480,956,912,0,930,birth,1956
94.87473306496936,560,0,4,480,956,912,0,931,infection,1897
94.88005687648598,560,0,4,479,956,913,0,931,death,1087
94.90407120242995,559,0,4,479,956,914,0,931,death,1030
94.91565804951884,560,0,4,479,957,914,0,931,birth,1957
94.99064354213007,561,0,4,479,958,914,0,931,birth,1958
95.05665739320128,560,0,4,479,958,915,0,931,death,1901
95.06606104770842,560,0,4,478,958,916,0,931,death,143
95.14836560591628,561,0,4,478,959,916,0,931,birth,1959
95.15457412443675,560,0,4,478,959,917,0,931,death,1421
95.1772266470974,560,0,4,477,959,918,0,931,death,858
95.21850588022419,561,0,4,477,960,918,0,931,birth,1960
95.22849617390426,561,0,4,476,960,919,0,931,death,1655
95.33124631082197,561,0,3,477,960,919,0,931,recovery,1897
95.34762475237041,561,0,3,476,960,920,0,931,death,1032
95.36142739009159,562,0,3,476,961,920,0,931,birth,1961
95.40994694444507,563,0,3,476,962,920,0,931,birth,1962
95.4589030669933,562,0,3,476,962,921,0,931,death,1528
95.57878269767212,563,0,3,476,963,921,0,931,birth,1963
95.73308748286948,562,0,3,476,963,922,0,931,death,1818
95.95894247058995,563,0,3,476,964,922,0,931,birth,1964
96.05487398929574,562,0,3,476,964,923,0,931,death,1608
96.19259853974158,562,0,3,475,964,924,0,931,death,398
96.22139713254995,562,0,3,474,964,925,0,931,death,85
96.44720746168527,562,0,3,473,964,926,0,931,death,1193
96.50918197175591,563,0,3,473,965,926,0,931,birth,1965
96.53005015612133,564,0,3,473,966,926,0,931,birth,1966
96.53398777769024,564,0,3,472,966,927,0,931,death,854
96.54776635577335,565,0,3,472,967,927,0,931,birth,1967
96.56136967189373,566,0,3,472,968,927,0,931,birth,1968
96.59737192106891,566,0,3,471,968,928,0,931,death,410
96.62190090155207,567,0,3,471,969,928,0,931,birth,1969
96.71908868676695,566,0,3,471,969,929,0,931,death,1733
96.75284740377379,565,0,3,471,969,930,0,931,death,955
96.758511351585,564,0,3,471,969,931,0,931,death,1881
96.81128261389912,564,0,3,470,969,932,0,931,death,1060
96.83743305620273,565,0,3,470,970,932,0,931,birth,1970
96.87347279894001,564,0,3,470,970,933,0,931,death,1254
96.96290599332997,564,0,3,469,970,934,0,931,death,185
97.02296376303431,565,0,3,469,971,934,0,931,birth,1971
97.12010189211136,565,0,3,468,971,935,0,931,death,535
97.15689809736827,566,0,3,468,972,935,0,931,birth,1972
97.18833217300697,567,0,3,468,973,935,0,931,birth,1973
97.24742309829311,566,0,3,468,973,936,0,931,death,1786
97.2614680220726,565,0,3,468,973,937,0,931,death,1281
97.34899800318131,566,0,3,468,974,937,0,931,birth,1974
97.37806187840296,567,0,3,468,975,937,0,931,birth,1975
97.38179970840615,568,0,3,468,976,937,0,931,birth,1976
97.3927749152408,569,0,3,468,977,937,0,931,birth,1977
97.41888447959792,568,0,3,468,977,938,0,931,death,1822
97.52007076669904,569,0,3,468,978,938,0,931,birth,1978
97.52813364719044,570,0,3,468,979,938,0,931,birth,1979
97.55563971966636,571,0,3,468,980,938,0,931,birth,1980
97.5792271128937,571,0,3,467,980,939,0,931,death,1064
97.63494509544182,571,0,2,468,980,939,0,931,recovery,1662
97.6760635409332,572,0,2,468,981,939,0,931,birth,1981
97.67934937691395,573,0,2,468,982,939,0,931,birth,1982
97.69238027342476,572,0,2,468,982,940,0,931,death,1468
97.71065947618787,573,0,2,468,983,940,0,931,birth,1983
97.71727619228436,574,0,2,468,984,940,0,931,birth,1984
97.74881129212145,575,0,2,468,985,940,0,931,birth,1985
97.75016240361248,574,0,2,468,985,941,0,931,death,1082
97.8035818242801,575,0,2,468,986,941,0,931,birth,1986
97.80965102297272,574,0,2,468,986,942,0,931,death,704
97.82097421250052,574,0,2,467,986,943,0,931,death,79
97.83000556826578,574,0,2,466,986,944,0,931,death,1
97.83377293551459,575,0,2,466,987,944,0,931,birth,1987
97.8799642956787,576,0,2,466,988,944,0,931,birth,1988
97.88984244970348,575,0,2,466,988,945,0,931,death,1965
97.89122056335106,574,0,2,466,988,946,0,931,death,1809
97.90186093573695,573,0,2,466,988,947,0,931,death,1746
97.906249154607,573,0,2,465,988,948,0,931,death,1292
97.9585919234051,574,0,2,465,989,948,0,931,birth,1989
97.97911209286022,573,0,2,465,989,949,0,931,death,1136
98.00291366981031,574,0,2,465,990,949,0,931,birth,1990
98.09671051253751,575,0,2,465,991,949,0,931,birth,1991
98.18993852411424,574,0,2,465,991,950,0,931,death,1792
98.23808711936427,574,0,2,464,991,951,0,931,death,646
98.41721257677955,574,0,2,463,991,952,0,931,death,1387
98.52333345192189,574,0,2,462,991,953,0,931,death,1119
98.59311653168602,573,0,2,462,991,954,0,931,death,1083
98.64391828242324,572,0,2,462,991,955,0,931,death,1765
98.77614034419388,573,0,2,462,992,955,0,931,birth,1992
98.83677942777913,572,0,2,462,992,956,0,931,death,1806
98.91359466374813,571,0,2,462,992,957,0,931,death,1730
98.94548006294684,572,0,2,462,993,957,0,931,birth,1993
98.96783197742062,571,0,2,462,993,958,0,931,death,1934
98.99403609913246,570,0,2,462,993,959,0,931,death,110
98.9945304249266,571,0,2,462,994,959,0,931,birth,1994
99.06680333513776,572,0,2,462,995,959,0,931,birth,1995
99.11505841014159,572,0,2,461,995,960,0,931,death,1510
99.12899867535859,573,0,2,461,996,960,0,931,birth,1996
99.16356647911633,572,0,2,461,996,961,0,931,death,458
99.17519196414574,573,0,2,461,997,961,0,931,birth,1997
99.20166355328999,574,0,2,461,998,961,0,931,birth,1998
99.21806416347648,575,0,2,461,999,961,0,931,birth,1999
99.22372376834225,576,0,2,461,1000,961,0,931,birth,2000
99.26405005907165,577,0,2,461,1001,961,0,931,birth,2001
99.319396240779,577,0,2,460,1001,962,0,931,death,656
99.45964337942146,578,0,2,460,1002,962,0,931,birth,2002
99.48296567500738,579,0,2,460,1003,962,0,931,birth,2003
99.56554187811801,578,0,2,460,1003,963,0,931,death,1593
99.57989729984192,579,0,2,460,1004,963,0,931,birth,2004
99.6211097315344,578,0,2,460,1004,964,0,931,death,1590
99.64022700195457,579,0,2,460,1005,964,0,931,birth,2005
99.6517689453161,579,0,2,459,1005,965,0,931,death,350
99.65412429863828,578,0,2,459,1005,966,0,931,death,1504
99.65553690467148,579,0,2,459,1006,966,0,931,birth,2006
99.70043006176353,580,0,2,459,1007,966,0,931,birth,2007
99.72870274206956,579,0,2,459,1007,967,0,931,death,1597
99.73525629539503,580,0,2,459,1008,967,0,931,birth,2008
99.7599525565587,579,0,2,459,1008,968,0,931,death,771
99.81792524132811,580,0,2,459,1009,968,0,931,birth,2009
99.81909817353593,581,0,2,459,1010,968,0,931,birth,2010
99.86214184516467,581,0,2,458,1010,969,0,931,death,996
99.8992011635817,580,0,2,458,1010,970,0,931,death,1642
99.92931368623142,581,0,2,458,1011,970,0,931,birth,2011
100.03046846096163,582,0,2,458,1012,970,0,931,birth,2012
100.03248391378565,583,0,2,458,1013,970,0,931,birth,2013
100.04783687902011,584,0,2,458,1014,970,0,931,birth,2014
100.05415640089409,585,0,2,458,1015,970,0,931,birth,2015
100.05622089100436,586,0,2,458,1016,970,0,931,birth,2016
100.06595164863397,587,0,2,458,1017,970,0,931,birth,2017
100.07469161142433,586,0,2,458,1017,971,0,931,death,1885
100.09432054305056,585,0,2,458,1017,972,0,931,death,503
100.14037812209693,586,0,2,458,1018,972,0,931,birth,2018
100.186257868895,587,0,2,458,1019,972,0,931,birth,2019
100.24203387130184,588,0,2,458,1020,972,0,931,birth,2020
100.2618152823928,587,0,2,458,1020,973,0,931,death,1844
100.27683867361323,588,0,2,458,1021,973,0,931,birth,2021
100.29880318869488,587,0,2,458,1021,974,0,931,death,1850
100.361895118209,587,0,2,457,1021,975,0,931,death,329
100.37593509148007,586,0,2,457,1021,976,0,931,death,1072
100.4084258093499,587,0,2,457,1022,976,0,931,birth,2022
100.50585080339745,587,0,2,456,1022,977,0,931,death,460
100.54597355810691,588,0,2,456,1023,977,0,931,birth,2023
100.83354332971477,587,0,2,456,1023,978,0,931,death,1998
101.01283668893315,587,0,2,455,1023,979,0,931,death,751
101.19908413902972,586,0,3,455,1023,979,0,932,infection,192
101.2237804421514,587,0,3,455,1024,979,0,932,birth,2024
101.25447663315909,588,0,3,455,1025,979,0,932,birth,2025
101.3417284983426,589,0,3,455,1026,979,0,932,birth,2026
101.34313428245905,590,0,3,455,1027,979,0,932,birth,2027
101.54423201917893,591,0,3,455,1028,979,0,932,birth,2028
101.72764813097444,590,0,3,455,1028,980,0,932,death,1673
101.7575876537004,589,0,3,455,1028,981,0,932,death,1894
101.75891250500163,590,0,3,455,1029,981,0,932,birth,2029
101.76019936885594,591,0,3,455,1030,981,0,932,birth,2030
101.8090608853125,590,0,3,455,1030,982,0,932,death,1694
101.82233378632347,591,0,3,455,1031,982,0,932,birth,2031
101.8289276434187,591,0,2,456,1031,982,0,932,recovery,126
101.86721632295603,592,0,2,456,1032,982,0,932,birth,2032
101.86958760261344,591,0,2,456,1032,983,0,932,death,1392
101.96036508608685,590,0,2,456,1032,984,0,932,death,825
102.01153219765253,589,0,3,456,1032,984,0,933,infection,1440
102.02745009830151,588,0,3,456,1032,985,0,933,death,1815
102.03391713269652,589,0,3,456,1033,985,0,933,birth,2033
102.08418193694524,588,0,4,456,1033,985,0,934,infection,649
102.35657420441142,589,0,4,456,1034,985,0,934,birth,2034
102.46858092200681,590,0,4,456,1035,985,0,934,birth,2035
102.50729868649967,590,0,4,455,1035,986,0,934,death,1121
102.52052628300328,590,0,4,454,1035,987,0,934,death,650
102.57185096207851,589,0,4,454,1035,988,0,934,death,1807
102.59133261746688,590,0,4,454,1036,988,0,934,birth,2036
102.62494629382175,589,0,4,454,1036,989,0,934,death,1313
102.65161458040211,588,0,4,454,1036,990,0,934,death,1739
102.65870454475476,587,0,4,454,1036,991,0,934,death,1798
102.72781488406581,586,0,5,454,1036,991,0,935,infection,1873
102.7349415652629,587,0,5,454,1037,991,0,935,birth,2037
102.85485900496982,588,0,5,454,1038,991,0,935,birth,2038
102.88116158514185,587,0,5,454,1038,992,0,935,death,1933
102.90875483466476,586,0,5,454,1038,993,0,935,death,1586
102.9846045617276,587,0,5,454,1039,993,0,935,birth,2039
103.02480630569725,586,0,5,454,1039,994,0,935,death,1431
103.0476450541396,586,0,5,453,1039,995,0,935,death,1089
103.08899345635508,585,0,5,453,1039,996,0,935,death,1963
103.09840665445982,586,0,5,453,1040,996,0,935,birth,2040
103.20573619610482,585,0,5,453,1040,997,0,935,death,2019
103.35804491410488,585,0,5,452,1040,998,0,935,death,1267
103.42411787937264,585,0,5,451,1040,999,0,935,death,1184
103.47497593696386,586,0,5,451,1041,999,0,935,birth,2041
103.48581510990333,587,0,5,451,1042,999,0,935,birth,2042
103.488171390072,586,0,5,451,1042,1000,0,935,death,1890
103.4892029622398,587,0,5,451,1043,1000,0,935,birth,2043
103.51652554006697,586,0,5,451,1043,1001,0,935,death,1217
103.68351172553916,586,0,5,450,1043,1002,0,935,death,1221
103.70159785887587,587,0,5,450,1044,1002,0,935,birth,2044
103.76038814892057,588,0,5,450,1045,1002,0,935,birth,2045
103.7633354206931,588,0,5,449,1045,1003,0,935,death,414
103.7738708342529,587,0,5,449,1045,1004,0,935,death,1463
103.87148057697082,588,0,5,449,1046,1004,0,935,birth,2046
103.92222368075504,588,0,5,448,1046,1005,0,935,death,151
103.92402695338818,588,0,5,447,1046,1006,0,935,death,73
104.08631819462207,587,0,6,447,1046,1006,0,936,infection,1056
104.15516589043368,588,0,6,447,1047,1006,0,936,birth,2047
104.19869331640342,589,0,6,447,1048,1006,0,936,birth,2048
104.23647333014647,590,0,6,447,1049,1006,0,936,birth,2049
104.24109006688484,590,0,5,448,1049,1006,0,936,recovery,1056
104.27959322451127,590,0,4,449,1049,1006,0,936,recovery,192
104.28869600611307,590,0,4,448,1049,1007,0,936,death,1724
104.30910712044302,591,0,4,448,1050,1007,0,936,birth,2050
104.32253565823964,591,0,3,449,1050,1007,0,936,recovery,649
104.41979164183552,592,0,3,449,1051,1007,0,936,birth,2051
104.44988679391685,591,0,3,449,1051,1008,0,936,death,935
104.45714476244633,592,0,3,449,1052,1008,0,936,birth,2052
104.45742562929186,593,0,3,449,1053,1008,0,936,birth,2053
104.58851222746043,592,0,3,449,1053,1009,0,936,death,1582
104.59773261324625,593,0,3,449,1054,1009,0,936,birth,2054
104.66240609710337,593,0,3,448,1054,1010,0,936,death,799
104.67943727953663,592,0,3,448,1054,1011,0,936,death,1180
104.68818012251693,592,0,3,447,1054,1012,0,936,death,114
104.71642365211389,591,0,3,447,1054,1013,0,936,death,1990
104.75875229775055,590,0,3,447,1054,1014,0,936,death,1301
104.76533684358695,591,0,3,447,1055,1014,0,936,birth,2055
104.7944668681231,590,0,3,447,1055,1015,0,936,death,1718
104.81849775388142,590,0,3,446,1055,1016,0,936,death,1000
104.87805166260608,590,0,3,445,1055,1017,0,936,death,933
104.9078969610426,591,0,3,445,1056,1017,0,936,birth,2056
104.93072403468675,591,0,3,444,1056,1018,0,936,death,417
104.98261756428558,591,0,3,443,1056,1019,0,936,death,1097
105.11853619617045,592,0,3,443,1057,1019,0,936,birth,2057
105.13520617407922,593,0,3,443,1058,1019,0,936,birth,2058
105.16614022120866,594,0,3,443,1059,1019,0,936,birth,2059
105.17479046280204,595,0,3,443,1060,1019,0,936,birth,2060
105.22218946708419,596,0,3,443,1061,1019,0,936,birth,2061
105.28774080176693,596,0,3,442,1061,1020,0,936,death,678
105.30338843982172,597,0,3,442,1062,1020,0,936,birth,2062
105.39244096178314,596,0,3,442,1062,1021,0,936,death,1974
105.43000825365824,597,0,3,442,1063,1021,0,936,birth,2063
105.45856167657801,598,0,3,442,1064,1021,0,936,birth,2064
105.51711076632411,597,0,3,442,1064,1022,0,936,death,1021
105.5492465246171,596,0,3,442,1064,1023,0,936,death,1757
105.6565516950003,596,0,3,441,1064,1024,0,936,death,965
105.75328718969028,596,0,3,440,1064,1025,0,936,death,144
105.93305106857892,597,0,3,440,1065,1025,0,936,birth,2065
105.97598483470193,597,0,2,441,1065,1025,0,936,recovery,1624
106.02599216306713,597,0,2,440,1065,1026,0,936,death,1162
106.02711803018437,596,0,2,440,1065,1027,0,936,death,1703
106.07710172746027,597,0,2,440,1066,1027,0,936,birth,2066
106.1893739106067,598,0,2,440,1067,1027,0,936,birth,2067
106.19463785379781,599,0,2,440,1068,1027,0,936,birth,2068
106.21579677887928,600,0,2,440,1069,1027,0,936,birth,2069
106.2450665009433,600,0,1,441,1069,1027,0,936,recovery,1873
106.40540862021996,599,0,1,441,1069,1028,0,936,death,1868
106.43393037575214,600,0,1,441,1070,1028,0,936,birth,2070
106.46136853022739,601,0,1,441,1071,1028,0,936,birth,2071
106.52639096118736,600,0,1,441,1071,1029,0,936,death,533
106.5406536079368,601,0,1,441,1072,1029,0,936,birth,2072
106.54338499695695,600,0,1,441,1072,1030,0,936,death,1677
106.57251000963325,601,0,1,441,1073,1030,0,936,birth,2073
106.59672134200049,602,0,1,441,1074,1030,0,936,birth,2074
106.62691923212249,601,0,1,441,1074,1031,0,936,death,762
106.63202642296328,602,0,1,441,1075,1031,0,936,birth,2075
106.65559159482288,601,0,1,441,1075,1032,0,936,death,1509
106.73172188689878,600,0,1,441,1075,1033,0,936,death,1903
106.75201672282597,599,0,1,441,1075,1034,0,936,death,1805
106.78232118695713,600,0,1,441,1076,1034,0,936,birth,2076
106.81751371939914,599,0,1,441,1076,1035,0,936,death,1636
106.83632806246698,600,0,1,441,1077,1035,0,936,birth,2077
106.97073415240033,600,0,1,440,1077,1036,0,936,death,418
106.97729893324893,601,0,1,440,1078,1036,0,936,birth,2078
106.98554072058718,602,0,1,440,1079,1036,0,936,birth,2079
106.98758243065012,603,0,1,440,1080,1036,0,936,birth,2080
107.01348674198135,604,0,1,440,1081,1036,0,936,birth,2081
107.10585945943788,605,0,1,440,1082,1036,0,936,birth,2082
107.11782200879027,604,0,1,440,1082,1037,0,936,death,67
107.16190283814896,603,0,1,440,1082,1038,0,936,death,1529
107.22554360623735,604,0,1,440,1083,1038,0,936,birth,2083
107.24242267704328,605,0,1,440,1084,1038,0,936,birth,2084
107.24524913532782,605,0,1,439,1084,1039,0,936,death,1251
107.33800063746298,604,0,1,439,1084,1040,0,936,death,1862
107.36893724482806,604,0,1,438,1084,1041,0,936,death,1530
107.41310670425355,605,0,1,438,1085,1041,0,936,birth,2085
107.49534778212804,606,0,1,438,1086,1041,0,936,birth,2086
107.53569548412058,606,0,1,437,1086,1042,0,936,death,778
107.53654168580059,607,0,1,437,1087,1042,0,936,birth,2087
107.82238733824278,608,0,1,437,1088,1042,0,936,birth,2088
107.84284722596529,608,0,1,436,1088,1043,0,936,death,132
107.86378096553129,607,0,1,436,1088,1044,0,936,death,1417
107.88663776891462,606,0,1,436,1088,1045,0,936,death,1837
108.06236151328747,606,0,1,435,1088,1046,0,936,death,968
108.06458037877856,607,0,1,435,1089,1046,0,936,birth,2089
108.09462058341525,608,0,1,435,1090,1046,0,936,birth,2090
108.1973680591071,608,0,1,434,1090,1047,0,936,death,213
108.22302207601177,608,0,1,433,1090,1048,0,936,death,445
108.23796643607596,608,0,1,432,1090,1049,0,936,death,20
108.30690362449833,607,0,1,432,1090,1050,0,936,death,2046
108.37222011425108,607,0,1,431,1090,1051,0,936,death,1534
108.45390447840023,606,0,1,431,1090,1052,0,936,death,2066
108.47373690926098,607,0,1,431,1091,1052,0,936,birth,2091
108.62347936293678,608,0,1,431,1092,1052,0,936,birth,2092
108.6298609987943,607,0,1,431,1092,1053,0,936,death,1973
108.651020895205,606,0,1,431,1092,1054,0,936,death,205
108.70857452264075,607,0,1,431,1093,1054,0,936,birth,2093
108.7618934990574,608,0,1,431,1094,1054,0,936,birth,2094
108.81061686681288,608,0,1,430,1094,1055,0,936,death,978
108.93311302110365,609,0,1,430,1095,1055,0,936,birth,2095
109.07473501515084,609,0,1,429,1095,1056,0,936,death,770
109.1363066082559,608,0,1,429,1095,1057,0,936,death,1962
109.14683077938338,609,0,1,429,1096,1057,0,936,birth,2096
109.219737059407,608,0,1,429,1096,1058,0,936,death,1498
109.34836860399034,607,0,1,429,1096,1059,0,936,death,1477
109.39146285000862,607,0,1,428,1096,1060,0,936,death,402
109.52547808477173,607,0,1,427,1096,1061,0,936,death,461
109.53009279919976,606,0,1,427,1096,1062,0,936,death,1854
109.56325518510837,607,0,1,427,1097,1062,0,936,birth,2097
109.57043332448795,608,0,1,427,1098,1062,0,936,birth,2098
109.57407158967528,607,0,1,427,1098,1063,0,936,death,2052
109.65935846758677,607,0,1,426,1098,1064,0,936,death,952
109.6603357792545,607,0,1,425,1098,1065,0,936,death,1873
109.71937860185864,606,0,1,425,1098,1066,0,936,death,2055
109.72325818338109,606,0,1,424,1098,1067,0,936,death,599
109.76802667385849,605,0,1,424,1098,1068,0,936,death,2008
109.771351573576,604,0,1,424,1098,1069,0,936,death,1107
109.80693399744601,605,0,1,424,1099,1069,0,936,birth,2099
109.92200262745223,606,0,1,424,1100,1069,0,936,birth,2100
109.92828157403956,605,0,1,424,1100,1070,0,936,death,1628
110.02716804963777,606,0,1,424,1101,1070,0,936,birth,2101
110.0842561573561,605,0,1,424,1101,1071,0,936,death,2073
110.12515786301464,605,0,1,423,1101,1072,0,936,death,1109
110.15430080329668,604,0,1,423,1101,1073,0,936,death,1804
110.32753872378733,605,0,1,423,1102,1073,0,936,birth,2102
110.35222264099033,605,0,1,422,1102,1074,0,936,death,824
110.35747904004349,606,0,1,422,1103,1074,0,936,birth,2103
110.37160252364534,607,0,1,422,1104,1074,0,936,birth,2104
110.40551184762845,606,0,1,422,1104,1075,0,936,death,1447
110.41051369275817,606,0,1,421,1104,1076,0,936,death,1188
110.43716501093137,607,0,1,421,1105,1076,0,936,birth,2105
110.47066874471918,608,0,1,421,1106,1076,0,936,birth,2106
110.54965572383135,607,0,1,421,1106,1077,0,936,death,1971
110.5814510802891,607,0,1,420,1106,1078,0,936,death,1302
110.64916532662751,608,0,1,420,1107,1078,0,936,birth,2107
110.6867307012903,609,0,1,420,1108,1078,0,936,birth,2108
110.69724708293322,610,0,1,420,1109,1078,0,936,birth,2109
110.72820338866444,609,0,1,420,1109,1079,0,936,death,1678
110.7676476243294,610,0,1,420,1110,1079,0,936,birth,2110
110.81418336812148,609,0,1,420,1110,1080,0,936,death,905
110.86106367831329,608,0,1,420,1110,1081,0,936,death,2076
111.0313487361023,609,0,1,420,1111,1081,0,936,birth,2111
111.13546926888793,608,0,1,420,1111,1082,0,936,death,1797
111.20276220716922,609,0,1,420,1112,1082,0,936,birth,2112
111.31586897606194,608,0,1,420,1112,1083,0,936,death,1191
111.40336671874562,607,0,1,420,1112,1084,0,936,death,1845
111.48299736160732,606,0,1,420,1112,1085,0,936,death,1879
111.51208879661549,607,0,1,420,1113,1085,0,936,birth,2113
111.59283380884864,608,0,1,420,1114,1085,0,936,birth,2114
111.61853417657429,607,0,1,420,1114,1086,0,936,death,1688
111.64841895443153,607,0,1,419,1114,1087,0,936,death,1283
111.81965164318562,608,0,1,419,1115,1087,0,936,birth,2115
111.89510604900995,607,0,1,419,1115,1088,0,936,death,2010
111.90405285509543,607,0,1,418,1115,1089,0,936,death,1002
111.90767225897626,607,0,1,417,1115,1090,0,936,death,1022
111.96996205663174,606,0,1,417,1115,1091,0,936,death,1623
112.00591895571556,607,0,1,417,1116,1091,0,936,birth,2116
112.07247361874572,608,0,1,417,1117,1091,0,936,birth,2117
112.07814264954895,607,0,1,417,1117,1092,0,936,death,1950
112.11115668764846,608,0,1,417,1118,1092,0,936,birth,2118
112.17181179818165,609,0,1,417,1119,1092,0,936,birth,2119
112.29833941355508,610,0,1,417,1120,1092,0,936,birth,2120
112.30712265397865,609,0,1,417,1120,1093,0,936,death,1830
112.3665385076101,610,0,1,417,1121,1093,0,936,birth,2121
112.37394641967514,609,0,1,417,1121,1094,0,936,death,1945
112.4020616476507,609,0,1,416,1121,1095,0,936,death,466
112.4023419598938,609,0,1,415,1121,1096,0,936,death,1445
112.48152063298816,609,0,1,414,1121,1097,0,936,death,1897
112.51367194196727,610,0,1,414,1122,1097,0,936,birth,2122
112.53255323267898,609,0,1,414,1122,1098,0,936,death,1931
112.54837786396817,608,0,1,414,1122,1099,0,936,death,496
112.5622490027357,609,0,1,414,1123,1099,0,936,birth,2123
112.59549294595247,610,0,1,414,1124,1099,0,936,birth,2124
112.63020280779853,610,0,0,414,1124,1100,0,936,death,1440
112.64246480504984,611,0,0,414,1125,1100,0,936,birth,2125
112.67388306183317,610,0,0,414,1125,1101,0,936,death,1980
112.83909516212387,611,0,0,414,1126,1101,0,936,birth,2126
112.84176342097497,612,0,0,414,1127,1101,0,936,birth,2127
112.90979940794877,612,0,0,413,1127,1102,0,936,death,283
112.95334739709287,613,0,0,413,1128,1102,0,936,birth,2128
112.95980306614442,614,0,0,413,1129,1102,0,936,birth,2129
113.07431679999397,615,0,0,413,1130,1102,0,936,birth,2130
113.08231706037472,615,0,0,412,1130,1103,0,936,death,18
113.09447045613528,616,0,0,412,1131,1103,0,936,birth,2131
113.09514141905865,615,0,0,412,1131,1104,0,936,death,2123
113.10629073602365,614,0,0,412,1131,1105,0,936,death,1814
113.116686140667,615,0,0,412,1132,1105,0,936,birth,2132
113.15318506546957,614,0,0,412,1132,1106,0,936,death,1872
113.19830185452861,615,0,0,412,1133,1106,0,936,birth,2133
113.24731746095813,615,0,0,411,1133,1107,0,936,death,1052
113.34547899531832,616,0,0,411,1134,1107,0,936,birth,2134
113.40400918676143,617,0,0,411,1135,1107,0,936,birth,2135
113.41214089327019,616,0,0,411,1135,1108,0,936,death,1970
113.46392375898438,617,0,0,411,1136,1108,0,936,birth,2136
113.48962876649176,618,0,0,411,1137,1108,0,936,birth,2137
113.50563822851186,618,0,0,410,1137,1109,0,936,death,768
113.54839228741166,617,0,0,410,1137,1110,0,936,death,1821
113.58398377805419,617,0,0,409,1137,1111,0,936,death,100
113.62427576804816,618,0,0,409,1138,1111,0,936,birth,2138
113.73665084545162,619,0,0,409,1139,1111,0,936,birth,2139
113.76993781076088,620,0,0,409,1140,1111,0,936,birth,2140
113.81843734586906,619,0,0,409,1140,1112,0,936,death,1846
113.83841303163518,618,0,0,409,1140,1113,0,936,death,1875
113.90927839681417,618,0,0,408,1140,1114,0,936,death,385
114.03783370815627,619,0,0,408,1141,1114,0,936,birth,2141
114.0613791134622,620,0,0,408,1142,1114,0,936,birth,2142
114.07178008346617,619,0,0,408,1142,1115,0,936,death,2100
114.0956268601141,620,0,0,408,1143,1115,0,936,birth,2143
114.12981112895132,621,0,0,408,1144,1115,0,936,birth,2144
114.17058144151824,621,0,0,407,1144,1116,0,936,death,1243
114.18563796297046,622,0,0,407,1145,1116,0,936,birth,2145
114.22491923383221,623,0,0,407,1146,1116,0,936,birth,2146
114.51811053619795,622,0,0,407,1146,1117,0,936,death,779
114.55211967475663,621,0,0,407,1146,1118,0,936,death,1907
114.55698845229034,621,0,0,406,1146,1119,0,936,death,1233
114.57834297413925,621,0,0,405,1146,1120,0,936,death,470
114.62760880073783,622,0,0,405,1147,1120,0,936,birth,2147
114.72738238013427,623,0,0,405,1148,1120,0,936,birth,2148
114.7289227964238,624,0,0,405,1149,1120,0,936,birth,2149
114.81874148676772,625,0,0,405,1150,1120,0,936,birth,2150
114.90602169196083,624,0,0,405,1150,1121,0,936,death,820
114.93678535093275,623,0,0,405,1150,1122,0,936,death,1571
114.97988463563213,624,0,0,405,1151,1122,0,936,birth,2151
115.00071191058606,623,0,0,405,1151,1123,0,936,death,1880
115.01093467578332,624,0,0,405,1152,1123,0,936,birth,2152
115.06238969958048,623,0,0,405,1152,1124,0,936,death,1171
115.07157923012136,624,0,0,405,1153,1124,0,936,birth,2153
115.09052654434933,624,0,0,404,1153,1125,0,936,death,1662
115.09899918727164,624,0,0,403,1153,1126,0,936,death,10
115.18765871095009,625,0,0,403,1154,1126,0,936,birth,2154
115.26387993758902,624,0,0,403,1154,1127,0,936,death,2096
115.26498602315075,625,0,0,403,1155,1127,0,936,birth,2155
115.27749270074659,626,0,0,403,1156,1127,0,936,birth,2156
115.36162001869212,626,0,0,402,1156,1128,0,936,death,571
115.42855790247572,626,0,0,401,1156,1129,0,936,death,1771
115.43690639861103,625,0,0,401,1156,1130,0,936,death,2034
115.437046114912,626,0,0,401,1157,1130,0,936,birth,2157
115.46910645258322,627,0,0,401,1158,1130,0,936,birth,2158
115.53338708174257,626,0,0,401,1158,1131,0,936,death,1803
115.56302388545811,625,0,0,401,1158,1132,0,936,death,1606
115.63492513249108,624,0,0,401,1158,1133,0,936,death,1969
115.63719451949885,623,0,0,401,1158,1134,0,936,death,1987
115.65360756402347,622,0,0,401,1158,1135,0,936,death,1535
115.69052735436895,623,0,0,401,1159,1135,0,936,birth,2159
115.6995499780443,622,0,0,401,1159,1136,0,936,death,272
115.71626400021198,621,0,0,401,1159,1137,0,936,death,611
115.72160776213903,620,0,0,401,1159,1138,0,936,death,2099
115.86728934408843,621,0,0,401,1160,1138,0,936,birth,2160
115.92178943048793,622,0,0,401,1161,1138,0,936,birth,2161
116.03157006420602,623,0,0,401,1162,1138,0,936,birth,2162
116.04152095083191,623,0,0,400,1162,1139,0,936,death,364
116.06253815899727,622,0,0,400,1162,1140,0,936,death,1331
116.08565820204748,623,0,0,400,1163,1140,0,936,birth,2163
116.10245375615919,624,0,0,400,1164,1140,0,936,birth,2164
116.10621429183391,625,0,0,400,1165,1140,0,936,birth,2165
116.13267140643113,624,0,0,400,1165,1141,0,936,death,1531
116.13866757971503,623,0,0,400,1165,1142,0,936,death,1952
116.1573164633737,622,0,0,400,1165,1143,0,936,death,844
116.16020150083816,623,0,0,400,1166,1143,0,936,birth,2166
116.19167452184183,623,0,0,399,1166,1144,0,936,death,193
116.2268092609804,622,0,0,399,1166,1145,0,936,death,1753
116.2412627382237,621,0,0,399,1166,1146,0,936,death,2114
116.32571172709658,620,0,0,399,1166,1147,0,936,death,1796
116.37545564943257,620,0,0,398,1166,1148,0,936,death,553
116.47484385903911,620,0,0,397,1166,1149,0,936,death,1325
116.49930249617394,619,0,0,397,1166,1150,0,936,death,2144
116.55484469323302,620,0,0,397,1167,1150,0,936,birth,2167
116.60499159907674,621,0,0,397,1168,1150,0,936,birth,2168
116.6376462812289,622,0,0,397,1169,1150,0,936,birth,2169
116.66885525123233,623,0,0,397,1170,1150,0,936,birth,2170
116.67381285264798,622,0,0,397,1170,1151,0,936,death,1607
116.72588748861894,623,0,0,397,1171,1151,0,936,birth,2171
116.76814412732413,622,0,0,397,1171,1152,0,936,death,2171
116.7909972183268,622,0,0,396,1171,1153,0,936,death,1339
117.09073710427505,623,0,0,396,1172,1153,0,936,birth,2172
117.12110329012614,624,0,0,396,1173,1153,0,936,birth,2173
117.13383056199179,625,0,0,396,1174,1153,0,936,birth,2174
117.17272518340971,624,0,0,396,1174,1154,0,936,death,1502
117.2323188434094,625,0,0,396,1175,1154,0,936,birth,2175
117.29201371615453,626,0,0,396,1176,1154,0,936,birth,2176
117.30428257942548,625,0,0,396,1176,1155,0,936,death,1928
117.31754893290835,626,0,0,396,1177,1155,0,936,birth,2177
117.35957130045952,625,0,0,396,1177,1156,0,936,death,1635
117.37171602271795,626,0,0,396,1178,1156,0,936,birth,2178
117.37804295016699,627,0,0,396,1179,1156,0,936,birth,2179
117.39924692769645,627,0,0,395,1179,1157,0,936,death,1686
117.42869084883576,628,0,0,395,1180,1157,0,936,birth,2180
117.44831592692829,629,0,0,395,1181,1157,0,936,birth,2181
117.54396809292751,630,0,0,395,1182,1157,0,936,birth,2182
117.54961568763595,631,0,0,395,1183,1157,0,936,birth,2183
117.56572843949255,630,0,0,395,1183,1158,0,936,death,1511
117.66853468250886,631,0,0,395,1184,1158,0,936,birth,2184
117.68208528425762,632,0,0,395,1185,1158,0,936,birth,2185
117.69195939600303,631,0,0,395,1185,1159,0,936,death,1977
117.69210240390305,630,0,0,395,1185,1160,0,936,death,2013
117.73968668958425,629,0,0,395,1185,1161,0,936,death,1742
117.80558268296794,628,0,0,395,1185,1162,0,936,death,2126
117.92726652791214,627,0,0,395,1185,1163,0,936,death,1919
117.98039277090794,628,0,0,395,1186,1163,0,936,birth,2186
118.12305507650242,627,0,0,395,1186,1164,0,936,death,2122
118.13637082402795,626,0,0,395,1186,1165,0,936,death,1643
118.1798186616994,625,0,0,395,1186,1166,0,936,death,2075
118.23024244032712,625,0,0,394,1186,1167,0,936,death,448
118.32489377398429,624,0,0,394,1186,1168,0,936,death,1784
118.36474151506116,623,0,0,394,1186,1169,0,936,death,2003
118.3853293751418,623,0,0,393,1186,1170,0,936,death,1381
118.4475447426619,622,0,0,393,1186,1171,0,936,death,1832
118.47148972974128,623,0,0,393,1187,1171,0,936,birth,2187
118.51256453595892,622,0,0,393,1187,1172,0,936,death,2057
118.58569597993609,623,0,0,393,1188,1172,0,936,birth,2188
118.73753303047955,624,0,0,393,1189,1172,0,936,birth,2189
118.77363297616017,624,0,0,392,1189,1173,0,936,death,596
118.84582568031416,623,0,0,392,1189,1174,0,936,death,1676
118.9942911826704,624,0,0,392,1190,1174,0,936,birth,2190
119.00538560939265,625,0,0,392,1191,1174,0,936,birth,2191
119.08735234051163,626,0,0,392,1192,1174,0,936,birth,2192
119.0941284394168,626,0,0,391,1192,1175,0,936,death,246
119.11235147102974,625,0,0,391,1192,1176,0,936,death,2166
119.14220893269425,624,0,0,391,1192,1177,0,936,death,2175
119.18547286104035,625,0,0,391,1193,1177,0,936,birth,2193
119.22698061831255,624,0,0,391,1193,1178,0,936,death,2079
119.23825620973714,625,0,0,391,1194,1178,0,936,birth,2194
119.24013842285706,626,0,0,391,1195,1178,0,936,birth,2195
119.29280908090439,627,0,0,391,1196,1178,0,936,birth,2196
119.29411999570868,626,0,0,391,1196,1179,0,936,death,1787
119.32150270003245,627,0,0,391,1197,1179,0,936,birth,2197
119.33795912390788,627,0,0,390,1197,1180,0,936,death,989
119.36951451356326,627,0,0,389,1197,1181,0,936,death,3
119.43472374416055,626,0,0,389,1197,1182,0,936,death,1359
119.46927346846014,627,0,0,389,1198,1182,0,936,birth,2198
119.54832745382659,628,0,0,389,1199,1182,0,936,birth,2199
119.57336545240184,629,0,0,389,1200,1182,0,936,birth,2200
119.68282941281787,630,0,0,389,1201,1182,0,936,birth,2201
119.70262249904711,629,0,0,389,1201,1183,0,936,death,608
119.82260018487418,630,0,0,389,1202,1183,0,936,birth,2202
119.8522250414437,631,0,0,389,1203,1183,0,936,birth,2203
119.85391308156652,630,0,0,389,1203,1184,0,936,death,1230
119.88277669366651,630,0,0,388,1203,1185,0,936,death,565
119.94754975417572,629,0,0,388,1203,1186,0,936,death,1681
120.02259100024166,628,0,0,388,1203,1187,0,936,death,433
120.05531196880032,629,0,0,388,1204,1187,0,936,birth,2204
120.22715256399621,628,0,0,388,1204,1188,0,936,death,2023
120.2394622401178,627,0,0,388,1204,1189,0,936,death,1986
120.27468728922148,627,0,0,387,1204,1190,0,936,death,287
120.30091733303854,628,0,0,387,1205,1190,0,936,birth,2205
120.40299008178856,628,0,0,386,1205,1191,0,936,death,648
120.41990971397067,628,0,0,385,1205,1192,0,936,death,930
120.4350925849619,627,0,0,385,1205,1193,0,936,death,1641
120.44552187787212,626,0,0,385,1205,1194,0,936,death,1443
120.44697584544275,627,0,0,385,1206,1194,0,936,birth,2206
120.52752309973191,626,0,0,385,1206,1195,0,936,death,1929
120.5540624099748,627,0,0,385,1207,1195,0,936,birth,2207
120.71866153528846,626,0,0,385,1207,1196,0,936,death,2022
120.74580670493741,627,0,0,385,1208,1196,0,936,birth,2208
120.76922976800235,628,0,0,385,1209,1196,0,936,birth,2209
120.83930729528299,627,0,0,385,1209,1197,0,936,death,1737
120.88184104166125,628,0,0,385,1210,1197,0,936,birth,2210
120.91988349591142,628,0,0,384,1210,1198,0,936,death,1237
120.93695757753697,627,0,0,384,1210,1199,0,936,death,570
120.95018373893132,628,0,0,384,1211,1199,0,936,birth,2211
121.02500004344583,629,0,0,384,1212,1199,0,936,birth,2212
121.07181571246971,628,0,0,384,1212,1200,0,936,death,1736
121.1577321521419,627,0,0,384,1212,1201,0,936,death,1354
121.2058234482027,628,0,0,384,1213,1201,0,936,birth,2213
121.24023940920132,628,0,0,383,1213,1202,0,936,death,46
121.31069339093555,627,0,0,383,1213,1203,0,936,death,2208
121.35207499585171,628,0,0,383,1214,1203,0,936,birth,2214
121.36596059211297,628,0,0,382,1214,1204,0,936,death,568
121.38601694655726,628,0,0,381,1214,1205,0,936,death,1247
121.56881321559092,629,0,0,381,1215,1205,0,936,birth,2215
121.67334863984995,630,0,0,381,1216,1205,0,936,birth,2216
121.7575035600564,631,0,0,381,1217,1205,0,936,birth,2217
121.78460352161284,632,0,0,381,1218,1205,0,936,birth,2218
121.79334063136787,631,0,0,381,1218,1206,0,936,death,1976
121.79830517524796,632,0,0,381,1219,1206,0,936,birth,2219
122.08745103479518,631,0,0,381,1219,1207,0,936,death,1462
122.18657747552967,632,0,0,381,1220,1207,0,936,birth,2220
122.22108044869111,633,0,0,381,1221,1207,0,936,birth,2221
122.23575399840811,634,0,0,381,1222,1207,0,936,birth,2222
122.29483333666815,633,0,0,381,1222,1208,0,936,death,1831
122.32386619930783,634,0,0,381,1223,1208,0,936,birth,2223
122.37561801145138,633,0,0,381,1223,1209,0,936,death,1935
122.4916298560106,632,0,0,381,1223,1210,0,936,death,1721
122.50551584653425,631,0,0,381,1223,1211,0,936,death,2021
122.51745096911492,630,0,0,381,1223,1212,0,936,death,1710
122.55510424811783,631,0,0,381,1224,1212,0,936,birth,2224
122.5818315470247,632,0,0,381,1225,1212,0,936,birth,2225
122.63692389746869,631,0,0,381,1225,1213,0,936,death,766
122.80750222622162,632,0,0,381,1226,1213,0,936,birth,2226
122.83585945536552,633,0,0,381,1227,1213,0,936,birth,2227
122.94343877554874,634,0,0,381,1228,1213,0,936,birth,2228
123.02748109365638,634,0,0,380,1228,1214,0,936,death,497
123.03874512171797,633,0,0,380,1228,1215,0,936,death,2050
123.07302735346377,634,0,0,380,1229,1215,0,936,birth,2229
123.10749129351527,635,0,0,380,1230,1215,0,936,birth,2230
123.1280280625264,636,0,0,380,1231,1215,0,936,birth,2231
123.21100892825143,635,0,0,380,1231,1216,0,936,death,2196
123.21650422266102,634,0,0,380,1231,1217,0,936,death,1722
123.24752912902912,633,0,0,380,1231,1218,0,936,death,1685
123.3541667003155,634,0,0,380,1232,1218,0,936,birth,2232
123.50885023267766,635,0,0,380,1233,1218,0,936,birth,2233
123.51564280271825,635,0,0,379,1233,1219,0,936,death,442
123.69292774288238,634,0,0,379,1233,1220,0,936,death,1634
123.73631850045948,634,0,0,378,1233,1221,0,936,death,809
123.75601103309677,635,0,0,378,1234,1221,0,936,birth,2234
123.76797501320873,636,0,0,378,1235,1221,0,936,birth,2235
123.82444253687316,636,0,0,377,1235,1222,0,936,death,95
123.86732516653616,635,0,0,377,1235,1223,0,936,death,2163
123.88084624588099,635,0,0,376,1235,1224,0,936,death,1153
123.99493164483397,636,0,0,376,1236,1224,0,936,birth,2236
124.10581818158283,636,0,0,375,1236,1225,0,936,death,1791
124.2129924477451,637,0,0,375,1237,1225,0,936,birth,2237
124.21609155672044,636,0,0,375,1237,1226,0,936,death,2236
124.22816387518097,637,0,0,375,1238,1226,0,936,birth,2238
124.24272861329746,638,0,0,375,1239,1226,0,936,birth,2239
124.24471933853569,637,0,0,375,1239,1227,0,936,death,2135
124.32906900911797,638,0,0,375,1240,1227,0,936,birth,2240
124.33028008690749,639,0,0,375,1241,1227,0,936,birth,2241
124.39818026595879,640,0,0,375,1242,1227,0,936,birth,2242
124.43859817722019,641,0,0,375,1243,1227,0,936,birth,2243
124.49246989234908,642,0,0,375,1244,1227,0,936,birth,2244
124.52776502164643,641,0,0,375,1244,1228,0,936,death,2090
124.53453360656181,641,0,0,374,1244,1229,0,936,death,659
124.6223928785777,641,0,0,373,1244,1230,0,936,death,953
124.6359150339514,642,0,0,373,1245,1230,0,936,birth,2245
124.64443252728331,641,0,0,373,1245,1231,0,936,death,1916
124.64766981649487,642,0,0,373,1246,1231,0,936,birth,2246
124.68170635936586,641,0,0,373,1246,1232,0,936,death,1174
124.7415861648013,640,0,0,373,1246,1233,0,936,death,2007
124.75589062918097,641,0,0,373,1247,1233,0,936,birth,2247
124.78000570858218,642,0,0,373,1248,1233,0,936,birth,2248
124.78436940985279,643,0,0,373,1249,1233,0,936,birth,2249
124.79749553581183,644,0,0,373,1250,1233,0,936,birth,2250
124.86179777077125,645,0,0,373,1251,1233,0,936,birth,2251
124.90229964032417,645,0,0,372,1251,1234,0,936,death,64
124.95720963481797,646,0,0,372,1252,1234,0,936,birth,2252
125.01306664897618,645,0,0,372,1252,1235,0,936,death,2202
125.04567508789023,644,0,0,372,1252,1236,0,936,death,2221
125.07982835765327,643,0,0,372,1252,1237,0,936,death,2062
125.1958226561698,644,0,0,372,1253,1237,0,936,birth,2253
125.23729100184637,643,0,0,372,1253,1238,0,936,death,1948
125.29398456067919,644,0,0,372,1254,1238,0,936,birth,2254
125.39322536821518,643,0,0,372,1254,1239,0,936,death,2016
125.4202915361423,642,0,0,372,1254,1240,0,936,death,1565
125.4236449859819,643,0,0,372,1255,1240,0,936,birth,2255
125.46303891365433,644,0,0,372,1256,1240,0,936,birth,2256
125.48517112807986,643,0,0,372,1256,1241,0,936,death,1414
125.53737432961847,644,0,0,372,1257,1241,0,936,birth,2257
125.60259184796682,645,0,0,372,1258,1241,0,936,birth,2258
125.62998142958828,644,0,0,372,1258,1242,0,936,death,2133
125.63286205477401,645,0,0,372,1259,1242,0,936,birth,2259
125.63858601905066,646,0,0,372,1260,1242,0,936,birth,2260
125.686020682875,646,0,0,371,1260,1243,0,936,death,985
125.8308009922776,645,0,0,371,1260,1244,0,936,death,1942
125.85452757096667,644,0,0,371,1260,1245,0,936,death,1370
125.87875394819501,644,0,0,370,1260,1246,0,936,death,938
125.90847206577641,643,0,0,370,1260,1247,0,936,death,1693
125.91435755714285,644,0,0,370,1261,1247,0,936,birth,2261
125.92999091044692,643,0,0,370,1261,1248,0,936,death,1955
125.99599698376726,644,0,0,370,1262,1248,0,936,birth,2262
126.00629299037105,645,0,0,370,1263,1248,0,936,birth,2263
126.15660506476705,646,0,0,370,1264,1248,0,936,birth,2264
126.2154222369284,647,0,0,370,1265,1248,0,936,birth,2265
126.22799559574194,648,0,0,370,1266,1248,0,936,birth,2266
126.35999426432662,647,0,0,370,1266,1249,0,936,death,1828
126.44057996548254,648,0,0,370,1267,1249,0,936,birth,2267
126.46653626343965,647,0,0,370,1267,1250,0,936,death,1674
126.47479028899087,646,0,0,370,1267,1251,0,936,death,1927
126.57044847216156,647,0,0,370,1268,1251,0,936,birth,2268
126.7771732755258,647,0,0,369,1268,1252,0,936,death,514
126.82115672080326,648,0,0,369,1269,1252,0,936,birth,2269
126.95212729372399,649,0,0,369,1270,1252,0,936,birth,2270
126.9805348384694,650,0,0,369,1271,1252,0,936,birth,2271
127.11450183637558,651,0,0,369,1272,1252,0,936,birth,2272
127.13063947402912,652,0,0,369,1273,1252,0,936,birth,2273
127.14396097828529,653,0,0,369,1274,1252,0,936,birth,2274
127.18904383916035,653,0,0,368,1274,1253,0,936,death,481
127.19705625100156,654,0,0,368,1275,1253,0,936,birth,2275
127.23087650650125,653,0,0,368,1275,1254,0,936,death,72
127.24498457263574,654,0,0,368,1276,1254,0,936,birth,2276
127.28651235983365,655,0,0,368,1277,1254,0,936,birth,2277
127.32434387369366,656,0,0,368,1278,1254,0,936,birth,2278
127.41616401096792,656,0,0,367,1278,1255,0,936,death,325
127.45289412194322,657,0,0,367,1279,1255,0,936,birth,2279
127.45396377670643,656,0,0,367,1279,1256,0,936,death,2118
127.49186229261127,655,0,0,367,1279,1257,0,936,death,1524
127.49812982449592,656,0,0,367,1280,1257,0,936,birth,2280
127.53469344686424,657,0,0,367,1281,1257,0,936,birth,2281
127.56975972638827,656,0,0,367,1281,1258,0,936,death,2212
127.589599542698,656,0,0,366,1281,1259,0,936,death,362
127.59064103701652,655,0,0,366,1281,1260,0,936,death,2067
127.64399317125354,655,0,0,365,1281,1261,0,936,death,977
127.81933439047998,656,0,0,365,1282,1261,0,936,birth,2282
127.84461270483641,655,0,0,365,1282,1262,0,936,death,1953
127.86504503717825,654,0,0,365,1282,1263,0,936,death,2185
127.87616890457065,653,0,0,365,1282,1264,0,936,death,2150
127.95986893676564,652,0,0,365,1282,1265,0,936,death,1886
128.072652033773,651,0,0,365,1282,1266,0,936,death,2278
128.09909533807192,652,0,0,365,1283,1266,0,936,birth,2283
128.1020414916971,651,0,0,365,1283,1267,0,936,death,1909
128.17816315413322,650,0,0,365,1283,1268,0,936,death,1478
128.22811286515912,650,0,0,364,1283,1269,0,936,death,280
128.40928062696756,649,0,0,364,1283,1270,0,936,death,1833
128.4483600972093,648,0,0,364,1283,1271,0,936,death,1939
128.5450432514272,647,0,0,364,1283,1272,0,936,death,2054
128.58771368141743,648,0,0,364,1284,1272,0,936,birth,2284
128.68954729686988,649,0,0,364,1285,1272,0,936,birth,2285
128.94087748925526,650,0,0,364,1286,1272,0,936,birth,2286
129.12997472727406,649,0,0,364,1286,1273,0,936,death,2005
129.13045210159677,649,0,0,363,1286,1274,0,936,death,1210
129.25947291230688,649,0,0,362,1286,1275,0,936,death,607
129.325714961608,650,0,0,362,1287,1275,0,936,birth,2287
129.3470830109329,651,0,0,362,1288,1275,0,936,birth,2288
129.35506160511272,652,0,0,362,1289,1275,0,936,birth,2289
129.42206573725085,653,0,0,362,1290,1275,0,936,birth,2290
129.50633325328002,654,0,0,362,1291,1275,0,936,birth,2291
129.50945287155707,654,0,0,361,1291,1276,0,936,death,1129
129.53987959555718,654,0,0,360,1291,1277,0,936,death,1037
129.54053064142613,655,0,0,360,1292,1277,0,936,birth,2292
129.5769147386171,654,0,0,360,1292,1278,0,936,death,1639
129.6050628828138,653,0,0,360,1292,1279,0,936,death,1995
129.64710684047714,652,0,0,360,1292,1280,0,936,death,2101
129.75782808011482,653,0,0,360,1293,1280,0,936,birth,2293
129.7684003184895,654,0,0,360,1294,1280,0,936,birth,2294
129.78036265484747,655,0,0,360,1295,1280,0,936,birth,2295
129.89808220144295,656,0,0,360,1296,1280,0,936,birth,2296
129.98128821805986,657,0,0,360,1297,1280,0,936,birth,2297
130.00368476297248,656,0,0,360,1297,1281,0,936,death,2205
130.04799385181764,657,0,0,360,1298,1281,0,936,birth,2298
130.1448666747753,658,0,0,360,1299,1281,0,936,birth,2299
130.26310613311927,659,0,0,360,1300,1281,0,936,birth,2300
130.3642018399618,658,0,0,360,1300,1282,0,936,death,948
130.41924652783905,657,0,0,360,1300,1283,0,936,death,1778
130.4195683910323,657,0,0,359,1300,1284,0,936,death,1049
130.43638115845985,658,0,0,359,1301,1284,0,936,birth,2301
130.4476974300864,657,0,0,359,1301,1285,0,936,death,1675
130.47057494143797,658,0,0,359,1302,1285,0,936,birth,2302
130.48716397354622,659,0,0,359,1303,1285,0,936,birth,2303
130.4894288562478,660,0,0,359,1304,1285,0,936,birth,2304
130.55044734922163,661,0,0,359,1305,1285,0,936,birth,2305
130.59673354363764,662,0,0,359,1306,1285,0,936,birth,2306
130.5970062010024,661,0,0,359,1306,1286,0,936,death,2160
130.60943320306302,662,0,0,359,1307,1286,0,936,birth,2307
130.61113596599657,663,0,0,359,1308,1286,0,936,birth,2308
130.73402303732638,662,0,0,359,1308,1287,0,936,death,1483
130.75057494433818,661,0,0,359,1308,1288,0,936,death,2265
130.82443702135973,660,0,0,359,1308,1289,0,936,death,1209
130.85303226405628,660,0,0,358,1308,1290,0,936,death,1151
130.9410320981895,660,0,0,357,1308,1291,0,936,death,609
130.95885183733196,661,0,0,357,1309,1291,0,936,birth,2309
130.97737549805228,660,0,0,357,1309,1292,0,936,death,2247
130.98182788601358,659,0,0,357,1309,1293,0,936,death,1922
131.00277232357183,659,0,0,356,1309,1294,0,936,death,431
131.04859634710922,660,0,0,356,1310,1294,0,936,birth,2310
131.13987257996206,661,0,0,356,1311,1294,0,936,birth,2311
131.1477718704455,661,0,0,355,1311,1295,0,936,death,731
131.16553247301331,660,0,0,355,1311,1296,0,936,death,2193
131.18879481856501,661,0,0,355,1312,1296,0,936,birth,2312
131.25847998515397,662,0,0,355,1313,1296,0,936,birth,2313
131.27064516873028,663,0,0,355,1314,1296,0,936,birth,2314
131.36361257594487,662,0,0,355,1314,1297,0,936,death,1416
131.37957539037703,663,0,0,355,1315,1297,0,936,birth,2315
131.4299945980925,664,0,0,355,1316,1297,0,936,birth,2316
131.4640725359547,665,0,0,355,1317,1297,0,936,birth,2317
131.4986559115922,666,0,0,355,1318,1297,0,936,birth,2318
131.50625666666755,667,0,0,355,1319,1297,0,936,birth,2319
131.52290139433978,666,0,0,355,1319,1298,0,936,death,2151
131.59049867634772,665,0,0,355,1319,1299,0,936,death,1861
131.6001867628237,664,0,0,355,1319,1300,0,936,death,2252
131.67445614600163,665,0,0,355,1320,1300,0,936,birth,2320
131.67782504061847,665,0,0,354,1320,1301,0,936,death,1006
131.7333184080024,666,0,0,354,1321,1301,0,936,birth,2321
131.74622650638247,666,0,0,353,1321,1302,0,936,death,206
131.79068351168613,665,0,0,353,1321,1303,0,936,death,1419
131.85745340249196,664,0,0,353,1321,1304,0,936,death,1557
131.98286381629896,665,0,0,353,1322,1304,0,936,birth,2322
132.16862204814575,665,0,0,352,1322,1305,0,936,death,767
132.30544646478123,664,0,0,352,1322,1306,0,936,death,2297
132.31124534429605,665,0,0,352,1323,1306,0,936,birth,2323
132.3826431789234,664,0,0,352,1323,1307,0,936,death,1944
132.39607687324488,665,0,0,352,1324,1307,0,936,birth,2324
132.41955636140702,665,0,0,351,1324,1308,0,936,death,92
132.4829761285236,664,0,0,351,1324,1309,0,936,death,2116
132.5066868662519,664,0,0,350,1324,1310,0,936,death,1699
132.5164183545786,663,0,0,350,1324,1311,0,936,death,2241
132.70423707084566,662,0,0,350,1324,1312,0,936,death,2024
132.7963150353793,663,0,0,350,1325,1312,0,936,birth,2325
132.80734930164118,663,0,0,349,1325,1313,0,936,death,288
132.91071115120465,664,0,0,349,1326,1313,0,936,birth,2326
132.91717533975947,665,0,0,349,1327,1313,0,936,birth,2327
132.924655988651,664,0,0,349,1327,1314,0,936,death,1841
132.92501996775536,663,0,0,349,1327,1315,0,936,death,1984
133.11554274549232,664,0,0,349,1328,1315,0,936,birth,2328
133.15851845168876,663,0,0,349,1328,1316,0,936,death,2059
133.20534705892848,664,0,0,349,1329,1316,0,936,birth,2329
133.2296148958131,663,0,0,349,1329,1317,0,936,death,1758
133.2976191805689,662,0,0,349,1329,1318,0,936,death,333
133.3161256105239,663,0,0,349,1330,1318,0,936,birth,2330
133.36343168708717,664,0,0,349,1331,1318,0,936,birth,2331
133.39614382083772,663,0,0,349,1331,1319,0,936,death,2032
133.40859116351882,664,0,0,349,1332,1319,0,936,birth,2332
133.50331630716914,664,0,0,348,1332,1320,0,936,death,1127
133.547235893549,665,0,0,348,1333,1320,0,936,birth,2333
133.55336393571426,666,0,0,348,1334,1320,0,936,birth,2334
133.62639672764234,667,0,0,348,1335,1320,0,936,birth,2335
133.72322279813295,667,0,0,347,1335,1321,0,936,death,1371
133.88483272089118,668,0,0,347,1336,1321,0,936,birth,2336
134.0678840505236,669,0,0,347,1337,1321,0,936,birth,2337
134.09770446629688,670,0,0,347,1338,1321,0,936,birth,2338
134.16036978021694,670,0,0,346,1338,1322,0,936,death,443
134.18005415643586,669,0,0,346,1338,1323,0,936,death,1756
134.29284800330865,670,0,0,346,1339,1323,0,936,birth,2339
134.39458917477145,669,0,0,346,1339,1324,0,936,death,1999
134.5679550722758,670,0,0,346,1340,1324,0,936,birth,2340
134.56981765406027,670,0,0,345,1340,1325,0,936,death,954
134.73530235893503,670,0,0,344,1340,1326,0,936,death,165
134.87104717634347,671,0,0,344,1341,1326,0,936,birth,2341
134.91451172323193,672,0,0,344,1342,1326,0,936,birth,2342
134.934083959129,673,0,0,344,1343,1326,0,936,birth,2343
135.0229902036757,672,0,0,344,1343,1327,0,936,death,1259
135.09750911692876,671,0,0,344,1343,1328,0,936,death,2340
135.16818782390033,671,0,0,343,1343,1329,0,936,death,920
135.20875113505895,672,0,0,343,1344,1329,0,936,birth,2344
135.25351701604518,671,0,0,343,1344,1330,0,936,death,1522
135.30023528936368,670,0,0,343,1344,1331,0,936,death,1902
135.38778421332088,669,0,0,343,1344,1332,0,936,death,1972
135.3948999577652,668,0,0,343,1344,1333,0,936,death,2077
135.4590623345226,667,0,0,343,1344,1334,0,936,death,1479
135.50826239209024,668,0,0,343,1345,1334,0,936,birth,2345
135.57004464380148,668,0,0,342,1345,1335,0,936,death,203
135.59470300947203,667,0,0,342,1345,1336,0,936,death,2002
135.65995420533667,666,0,0,342,1345,1337,0,936,death,2203
135.68022054095508,666,0,0,341,1345,1338,0,936,death,1066
135.69256642881828,667,0,0,341,1346,1338,0,936,birth,2346
135.82041419213618,668,0,0,341,1347,1338,0,936,birth,2347
135.85988212708247,669,0,0,341,1348,1338,0,936,birth,2348
135.89667029725794,670,0,0,341,1349,1338,0,936,birth,2349
135.93264325663984,671,0,0,341,1350,1338,0,936,birth,2350
136.0787859591921,672,0,0,341,1351,1338,0,936,birth,2351
136.14743913221818,671,0,0,341,1351,1339,0,936,death,427
136.2260614604803,672,0,0,341,1352,1339,0,936,birth,2352
136.28178344734386,673,0,0,341,1353,1339,0,936,birth,2353
136.35100711946404,674,0,0,341,1354,1339,0,936,birth,2354
136.4055129022952,675,0,0,341,1355,1339,0,936,birth,2355
136.42040502769296,674,0,0,341,1355,1340,0,936,death,2284
136.44903954831545,675,0,0,341,1356,1340,0,936,birth,2356
136.49057399354714,674,0,0,341,1356,1341,0,936,death,2248
136.51807612285162,673,0,0,341,1356,1342,0,936,death,1513
136.57051518536818,674,0,0,341,1357,1342,0,936,birth,2357
136.58187501989232,675,0,0,341,1358,1342,0,936,birth,2358
136.5822464600822,676,0,0,341,1359,1342,0,936,birth,2359
136.60186607230165,676,0,0,340,1359,1343,0,936,death,628
136.67593361044356,677,0,0,340,1360,1343,0,936,birth,2360
136.68974912438108,676,0,0,340,1360,1344,0,936,death,2234
136.69964969160628,677,0,0,340,1361,1344,0,936,birth,2361
136.82986065747681,678,0,0,340,1362,1344,0,936,birth,2362
136.8543067811399,678,0,0,339,1362,1345,0,936,death,352
136.88943327560324,679,0,0,339,1363,1345,0,936,birth,2363
136.90723803243628,679,0,0,338,1363,1346,0,936,death,451
136.93083482812904,678,0,0,338,1363,1347,0,936,death,1475
136.9479461343602,679,0,0,338,1364,1347,0,936,birth,2364
137.03505038683525,679,0,0,337,1364,1348,0,936,death,975
137.08057626793808,680,0,0,337,1365,1348,0,936,birth,2365
137.11670987021463,680,0,0,336,1365,1349,0,936,death,605
137.14724102007085,681,0,0,336,1366,1349,0,936,birth,2366
137.16935060846305,681,0,0,335,1366,1350,0,936,death,1377
137.1858713817765,680,0,0,335,1366,1351,0,936,death,2165
137.24092660187247,679,0,0,335,1366,1352,0,936,death,1482
137.3050598645493,680,0,0,335,1367,1352,0,936,birth,2367
137.3150823875822,681,0,0,335,1368,1352,0,936,birth,2368
137.36537992902677,682,0,0,335,1369,1352,0,936,birth,2369
137.40834346800978,683,0,0,335,1370,1352,0,936,birth,2370
137.49535302300302,684,0,0,335,1371,1352,0,936,birth,2371
137.56488918630023,685,0,0,335,1372,1352,0,936,birth,2372
137.5969532646581,684,0,0,335,1372,1353,0,936,death,1461
137.6058764612195,685,0,0,335,1373,1353,0,936,birth,2373
137.6300018601242,686,0,0,335,1374,1353,0,936,birth,2374
137.95580587722648,687,0,0,335,1375,1353,0,936,birth,2375
137.9715808336061,687,0,0,334,1375,1354,0,936,death,630
138.0300677824607,688,0,0,334,1376,1354,0,936,birth,2376
138.031019923748,689,0,0,334,1377,1354,0,936,birth,2377
138.06147906300973,690,0,0,334,1378,1354,0,936,birth,2378
138.07305678108642,689,0,0,334,1378,1355,0,936,death,2266
138.13405318291245,690,0,0,334,1379,1355,0,936,birth,2379
138.20053495681867,689,0,0,334,1379,1356,0,936,death,2260
138.20092038043376,689,0,0,333,1379,1357,0,936,death,675
138.21060301576097,689,0,0,332,1379,1358,0,936,death,598
138.21755894338708,690,0,0,332,1380,1358,0,936,birth,2380
138.2608966021718,690,0,0,331,1380,1359,0,936,death,416
138.50513077737563,691,0,0,331,1381,1359,0,936,birth,2381
138.55058329681918,692,0,0,331,1382,1359,0,936,birth,2382
138.71416627249585,691,0,0,331,1382,1360,0,936,death,1599
138.7384574602869,690,0,0,331,1382,1361,0,936,death,2277
138.75573125427246,691,0,0,331,1383,1361,0,936,birth,2383
138.95789253143886,690,0,0,331,1383,1362,0,936,death,1518
138.96176519812653,691,0,0,331,1384,1362,0,936,birth,2384
139.01584296032732,690,0,0,331,1384,1363,0,936,death,2240
139.01585745846248,690,0,0,330,1384,1364,0,936,death,689
139.05919254445428,690,0,0,329,1384,1365,0,936,death,725
139.11685796928825,690,0,0,328,1384,1366,0,936,death,916
139.1542212952011,689,0,0,328,1384,1367,0,936,death,2330
139.15627625822182,688,0,0,328,1384,1368,0,936,death,2029
139.16013465848025,687,0,0,328,1384,1369,0,936,death,2183
139.22020354124928,687,0,0,327,1384,1370,0,936,death,885
139.2346156556328,688,0,0,327,1385,1370,0,936,birth,2385
139.24444012171483,689,0,0,327,1386,1370,0,936,birth,2386
139.26093260364763,690,0,0,327,1387,1370,0,936,birth,2387
139.2805191187966,691,0,0,327,1388,1370,0,936,birth,2388
139.3590383569511,692,0,0,327,1389,1370,0,936,birth,2389
139.36108278978517,692,0,0,326,1389,1371,0,936,death,662
139.38978990673633,692,0,0,325,1389,1372,0,936,death,1111
139.404615260221,692,0,0,324,1389,1373,0,936,death,1161
139.41685818993966,693,0,0,324,1390,1373,0,936,birth,2390
139.51304950258282,692,0,0,324,1390,1374,0,936,death,2370
139.52226060451792,691,0,0,324,1390,1375,0,936,death,2030
139.53206305245843,690,0,0,324,1390,1376,0,936,death,1333
139.5659301424534,691,0,0,324,1391,1376,0,936,birth,2391
139.5893186973871,691,0,0,323,1391,1377,0,936,death,1788
139.59032479705758,692,0,0,323,1392,1377,0,936,birth,2392
139.6338052117793,691,0,0,323,1392,1378,0,936,death,1812
139.72878964894898,690,0,0,323,1392,1379,0,936,death,2130
139.7540734127939,691,0,0,323,1393,1379,0,936,birth,2393
139.75474010068098,690,0,0,323,1393,1380,0,936,death,1819
139.82286295675624,689,0,0,323,1393,1381,0,936,death,1501
139.8256076470053,690,0,0,323,1394,1381,0,936,birth,2394
139.828927681588,691,0,0,323,1395,1381,0,936,birth,2395
139.83053164624974,692,0,0,323,1396,1381,0,936,birth,2396
139.8412967747656,693,0,0,323,1397,1381,0,936,birth,2397
139.8421923469385,694,0,0,323,1398,1381,0,936,birth,2398
140.0716711142526,695,0,0,323,1399,1381,0,936,birth,2399
140.09902631235855,696,0,0,323,1400,1381,0,936,birth,2400
140.09945446554974,696,0,0,322,1400,1382,0,936,death,439
140.2392050798468,695,0,0,322,1400,1383,0,936,death,1564
140.24955029287767,694,0,0,322,1400,1384,0,936,death,1613
140.25186382852348,695,0,0,322,1401,1384,0,936,birth,2401
140.25852959755775,694,0,0,322,1401,1385,0,936,death,2235
140.27536644681854,695,0,0,322,1402,1385,0,936,birth,2402
140.37439039132985,696,0,0,322,1403,1385,0,936,birth,2403
140.3787044457127,695,0,0,322,1403,1386,0,936,death,2230
140.5358424262442,696,0,0,322,1404,1386,0,936,birth,2404
140.6349197809124,695,0,0,322,1404,1387,0,936,death,2098
140.63579836375303,694,0,0,322,1404,1388,0,936,death,2146
140.65770759608495,694,0,0,321,1404,1389,0,936,death,81
140.74578952188511,695,0,0,321,1405,1389,0,936,birth,2405
140.82059283408103,696,0,0,321,1406,1389,0,936,birth,2406
140.8246771953639,695,0,0,321,1406,1390,0,936,death,2033
140.83719091291908,694,0,0,321,1406,1391,0,936,death,2155
141.09860643014173,695,0,0,321,1407,1391,0,936,birth,2407
141.13128019662267,696,0,0,321,1408,1391,0,936,birth,2408
141.289816805544,697,0,0,321,1409,1391,0,936,birth,2409
141.43085634831039,698,0,0,321,1410,1391,0,936,birth,2410
141.5077648024529,699,0,0,321,1411,1391,0,936,birth,2411
141.56069181121143,700,0,0,321,1412,1391,0,936,birth,2412
141.57109565104892,701,0,0,321,1413,1391,0,936,birth,2413
141.58426824985125,700,0,0,321,1413,1392,0,936,death,1342
141.66687607290612,701,0,0,321,1414,1392,0,936,birth,2414
141.79790829225135,700,0,0,321,1414,1393,0,936,death,2026
141.84930824486423,699,0,0,321,1414,1394,0,936,death,2088
141.8513813415226,700,0,0,321,1415,1394,0,936,birth,2415
141.89773685110222,701,0,0,321,1416,1394,0,936,birth,2416
141.97307748100894,702,0,0,321,1417,1394,0,936,birth,2417
142.06014066423452,702,0,0,320,1417,1395,0,936,death,556
142.0702262676301,701,0,0,320,1417,1396,0,936,death,1720
142.10520764751385,700,0,0,320,1417,1397,0,936,death,1979
142.22509932873461,701,0,0,320,1418,1397,0,936,birth,2418
142.27736679919198,702,0,0,320,1419,1397,0,936,birth,2419
142.32709628745783,701,0,0,320,1419,1398,0,936,death,1949
142.38532222570345,700,0,0,320,1419,1399,0,936,death,1956
142.38942520928202,701,0,0,320,1420,1399,0,936,birth,2420
142.41751760053356,702,0,0,320,1421,1399,0,936,birth,2421
142.4652098398444,701,0,0,320,1421,1400,0,936,death,2292
142.60726974532517,702,0,0,320,1422,1400,0,936,birth,2422
142.6807512287815,703,0,0,320,1423,1400,0,936,birth,2423
142.71319516097125,702,0,0,320,1423,1401,0,936,death,890
142.76951009328792,701,0,0,320,1423,1402,0,936,death,465
142.7914511366248,702,0,0,320,1424,1402,0,936,birth,2424
142.80743379312796,703,0,0,320,1425,1402,0,936,birth,2425
142.89473100433645,702,0,0,320,1425,1403,0,936,death,1829
143.08624903359163,703,0,0,320,1426,1403,0,936,birth,2426
143.09312938229735,702,0,0,320,1426,1404,0,936,death,1869
143.11704267797904,702,0,0,319,1426,1405,0,936,death,1774
143.1628161598294,703,0,0,319,1427,1405,0,936,birth,2427
143.18781144981082,704,0,0,319,1428,1405,0,936,birth,2428
143.24950487593537,705,0,0,319,1429,1405,0,936,birth,2429
143.27730763478118,706,0,0,319,1430,1405,0,936,birth,2430
143.31483891061146,705,0,0,319,1430,1406,0,936,death,1598
143.31528828913002,704,0,0,319,1430,1407,0,936,death,1743
143.37555792158287,703,0,0,319,1430,1408,0,936,death,2329
143.40565800168955,704,0,0,319,1431,1408,0,936,birth,2431
143.4075543075989,705,0,0,319,1432,1408,0,936,birth,2432
143.43673934730853,704,0,0,319,1432,1409,0,936,death,1870
143.43986269878943,703,0,0,319,1432,1410,0,936,death,2310
143.45129042648682,702,0,0,319,1432,1411,0,936,death,1630
143.48661488605805,703,0,0,319,1433,1411,0,936,birth,2433
143.51897802167147,704,0,0,319,1434,1411,0,936,birth,2434
143.5290440022052,705,0,0,319,1435,1411,0,936,birth,2435
143.57413278508304,706,0,0,319,1436,1411,0,936,birth,2436
143.60041133718758,707,0,0,319,1437,1411,0,936,birth,2437
143.61472700993684,708,0,0,319,1438,1411,0,936,birth,2438
143.61662593013423,708,0,0,318,1438,1412,0,936,death,490
143.62097437933838,709,0,0,318,1439,1412,0,936,birth,2439
143.65518049171718,710,0,0,318,1440,1412,0,936,birth,2440
143.6595786048004,709,0,0,318,1440,1413,0,936,death,2395
143.66042887245075,710,0,0,318,1441,1413,0,936,birth,2441
143.70823939267208,711,0,0,318,1442,1413,0,936,birth,2442
143.71711209778965,712,0,0,318,1443,1413,0,936,birth,2443
143.74270654521916,711,0,0,318,1443,1414,0,936,death,1964
143.8387940759695,710,0,0,318,1443,1415,0,936,death,2405
143.9069303670167,709,0,0,318,1443,1416,0,936,death,1871
143.92853089509194,710,0,0,318,1444,1416,0,936,birth,2444
143.93811952897767,709,0,0,318,1444,1417,0,936,death,2424
144.05663675120906,710,0,0,318,1445,1417,0,936,birth,2445
144.0934821688197,710,0,0,317,1445,1418,0,936,death,887
144.12117906471036,711,0,0,317,1446,1418,0,936,birth,2446
144.1303653992851,710,0,0,317,1446,1419,0,936,death,2263
144.19862504751046,709,0,0,317,1446,1420,0,936,death,1914
144.2916624390366,708,0,0,317,1446,1421,0,936,death,1369
144.34665150911977,709,0,0,317,1447,1421,0,936,birth,2447
144.36540496750857,708,0,0,317,1447,1422,0,936,death,2211
144.37894440397986,707,0,0,317,1447,1423,0,936,death,1767
144.4095830949139,706,0,0,317,1447,1424,0,936,death,2368
144.46481988530874,705,0,0,317,1447,1425,0,936,death,1689
144.46737286565858,706,0,0,317,1448,1425,0,936,birth,2448
144.52965161226032,705,0,0,317,1448,1426,0,936,death,2224
144.62694586137025,706,0,0,317,1449,1426,0,936,birth,2449
144.6642290057631,705,0,0,317,1449,1427,0,936,death,1817
144.73796954238176,704,0,0,317,1449,1428,0,936,death,2085
144.7926849092813,705,0,0,317,1450,1428,0,936,birth,2450
144.96179187036049,705,0,0,316,1450,1429,0,936,death,808
144.96996008161778,704,0,0,316,1450,1430,0,936,death,1410
145.04499259691622,705,0,0,316,1451,1430,0,936,birth,2451
145.06321644958845,706,0,0,316,1452,1430,0,936,birth,2452
145.12930323952747,707,0,0,316,1453,1430,0,936,birth,2453
145.13504759153437,708,0,0,316,1454,1430,0,936,birth,2454
145.1456929281813,707,0,0,316,1454,1431,0,936,death,2443
145.24284481341854,707,0,0,315,1454,1432,0,936,death,429
145.25427856431472,708,0,0,315,1455,1432,0,936,birth,2455
145.2744419040632,707,0,0,315,1455,1433,0,936,death,2413
145.37170408416947,708,0,0,315,1456,1433,0,936,birth,2456
145.42580288977598,707,0,0,315,1456,1434,0,936,death,1996
145.4332144780172,706,0,0,315,1456,1435,0,936,death,2219
145.4558747976378,707,0,0,315,1457,1435,0,936,birth,2457
145.6356878503084,706,0,0,315,1457,1436,0,936,death,2315
145.80984243019196,707,0,0,315,1458,1436,0,936,birth,2458
145.86756990353783,708,0,0,315,1459,1436,0,936,birth,2459
145.98221847671826,708,0,0,314,1459,1437,0,936,death,618
145.9853166277759,709,0,0,314,1460,1437,0,936,birth,2460
146.07713236932238,710,0,0,314,1461,1437,0,936,birth,2461
146.13553497809005,709,0,0,314,1461,1438,0,936,death,2451
146.19803008026878,710,0,0,314,1462,1438,0,936,birth,2462
146.21006792347907,709,0,0,314,1462,1439,0,936,death,1988
146.24943155494782,709,0,0,313,1462,1440,0,936,death,958
146.3299283655586,708,0,0,313,1462,1441,0,936,death,2363
146.35092054677256,707,0,0,313,1462,1442,0,936,death,1853
146.43031670210976,706,0,0,313,1462,1443,0,936,death,2121
146.5256003676949,707,0,0,313,1463,1443,0,936,birth,2463
146.55385725001878,706,0,0,313,1463,1444,0,936,death,2255
146.61601296941544,707,0,0,313,1464,1444,0,936,birth,2464
146.6293603506812,706,0,0,313,1464,1445,0,936,death,2339
146.66342929332058,707,0,0,313,1465,1445,0,936,birth,2465
146.75481133658613,708,0,0,313,1466,1445,0,936,birth,2466
146.782392508981,709,0,0,313,1467,1445,0,936,birth,2467
146.79168382289967,710,0,0,313,1468,1445,0,936,birth,2468
146.797377803354,711,0,0,313,1469,1445,0,936,birth,2469
146.81185519881265,712,0,0,313,1470,1445,0,936,birth,2470
146.93176143917444,713,0,0,313,1471,1445,0,936,birth,2471
147.00764065283866,712,0,0,313,1471,1446,0,936,death,2455
147.03454531903847,711,0,0,313,1471,1447,0,936,death,2145
147.04987346559403,710,0,0,313,1471,1448,0,936,death,1858
147.07460521860185,709,0,0,313,1471,1449,0,936,death,1917
147.0785481212765,710,0,0,313,1472,1449,0,936,birth,2472
147.09982794245906,709,0,0,313,1472,1450,0,936,death,2460
147.1257225520743,710,0,0,313,1473,1450,0,936,birth,2473
147.14852832589617,711,0,0,313,1474,1450,0,936,birth,2474
147.1511563324501,710,0,0,313,1474,1451,0,936,death,1940
147.164011326747,711,0,0,313,1475,1451,0,936,birth,2475
147.18698523274077,712,0,0,313,1476,1451,0,936,birth,2476
147.23693819587285,713,0,0,313,1477,1451,0,936,birth,2477
147.33794989955834,714,0,0,313,1478,1451,0,936,birth,2478
147.34813103184348,713,0,0,313,1478,1452,0,936,death,1717
147.36509181429747,714,0,0,313,1479,1452,0,936,birth,2479
147.36551765362702,713,0,0,313,1479,1453,0,936,death,2253
147.39986469814923,714,0,0,313,1480,1453,0,936,birth,2480
147.584046360282,713,0,0,313,1480,1454,0,936,death,2104
147.61053062301562,714,0,0,313,1481,1454,0,936,birth,2481
147.6389723925732,714,0,0,312,1481,1455,0,936,death,522
147.64961270064407,715,0,0,312,1482,1455,0,936,birth,2482
147.7868334332641,714,0,0,312,1482,1456,0,936,death,1981
147.8869724183339,714,0,0,311,1482,1457,0,936,death,251
147.93448330774575,714,0,0,310,1482,1458,0,936,death,841
147.93804202919992,715,0,0,310,1483,1458,0,936,birth,2483
148.1025095805613,714,0,0,310,1483,1459,0,936,death,2452
148.15388547562185,715,0,0,310,1484,1459,0,936,birth,2484
148.17504507256857,714,0,0,310,1484,1460,0,936,death,2
148.3205744104563,713,0,0,310,1484,1461,0,936,death,1836
148.38969041881944,714,0,0,310,1485,1461,0,936,birth,2485
148.41962169350438,713,0,0,310,1485,1462,0,936,death,2349
148.55164437609534,714,0,0,310,1486,1462,0,936,birth,2486
148.56121248217303,713,0,0,310,1486,1463,0,936,death,2466
148.58016964809036,712,0,0,310,1486,1464,0,936,death,1430
148.61767218600812,711,0,0,310,1486,1465,0,936,death,743
148.63554999418432,712,0,0,310,1487,1465,0,936,birth,2487
148.68928362817877,711,0,0,310,1487,1466,0,936,death,2081
148.78800513059323,712,0,0,310,1488,1466,0,936,birth,2488
148.79892514128022,711,0,0,310,1488,1467,0,936,death,1835
148.9002761248191,712,0,0,310,1489,1467,0,936,birth,2489
148.95780686792256,711,0,0,310,1489,1468,0,936,death,2092
148.95921345073225,711,0,0,309,1489,1469,0,936,death,940
149.03780031245438,710,0,0,309,1489,1470,0,936,death,2475
149.06120898662246,711,0,0,309,1490,1470,0,936,birth,2490
149.07780771337198,712,0,0,309,1491,1470,0,936,birth,2491
149.12185447695873,713,0,0,309,1492,1470,0,936,birth,2492
149.18645003000702,714,0,0,309,1493,1470,0,936,birth,2493
149.23281163305816,715,0,0,309,1494,1470,0,936,birth,2494
149.27119067340493,714,0,0,309,1494,1471,0,936,death,1396
149.2886552397485,715,0,0,309,1495,1471,0,936,birth,2495
149.38233778050085,715,0,0,308,1495,1472,0,936,death,942
149.40384418291293,716,0,0,308,1496,1472,0,936,birth,2496
149.4382748856128,717,0,0,308,1497,1472,0,936,birth,2497
149.45188031692126,718,0,0,308,1498,1472,0,936,birth,2498
149.52043280437843,719,0,0,308,1499,1472,0,936,birth,2499
149.59791330606566,718,0,0,308,1499,1473,0,936,death,1679
149.73360285385743,718,0,0,307,1499,1474,0,936,death,928
149.76862305104024,719,0,0,307,1500,1474,0,936,birth,2500
149.79559420402018,718,0,0,307,1500,1475,0,936,death,2425
149.80646587201963,717,0,0,307,1500,1476,0,936,death,1719
149.8073532337821,718,0,0,307,1501,1476,0,936,birth,2501
149.88712206846654,717,0,0,307,1501,1477,0,936,death,1025
149.8976191477927,716,0,0,307,1501,1478,0,936,death,2397
149.93982585871495,716,0,0,306,1501,1479,0,936,death,863
149.98678487945938,715,0,0,306,1501,1480,0,936,death,1782
150.01913426779115,714,0,0,306,1501,1481,0,936,death,2388
150.2299205936052,715,0,0,306,1502,1481,0,936,birth,2502
150.27392910133028,714,0,0,306,1502,1482,0,936,death,2226
150.48846380804855,714,0,0,305,1502,1483,0,936,death,449
150.49364824565228,714,0,0,304,1502,1484,0,936,death,363
150.4942059643764,715,0,0,304,1503,1484,0,936,birth,2503
150.56432912866492,716,0,0,304,1504,1484,0,936,birth,2504
150.71827451328548,715,0,0,304,1504,1485,0,936,death,2249
150.7395031204775,715,0,0,303,1504,1486,0,936,death,1057
150.9114471071564,714,0,0,303,1504,1487,0,936,death,2106
150.93744042278237,715,0,0,303,1505,1487,0,936,birth,2505
150.9987331498116,716,0,0,303,1506,1487,0,936,birth,2506
151.15393048799598,715,0,0,303,1506,1488,0,936,death,1748
151.17320719730668,714,0,0,303,1506,1489,0,936,death,1779
151.2233876196409,715,0,0,303,1507,1489,0,936,birth,2507
151.2277674937126,715,0,0,302,1507,1490,0,936,death,1384
151.30039841643998,716,0,0,302,1508,1490,0,936,birth,2508
151.31156534062666,717,0,0,302,1509,1490,0,936,birth,2509
151.36982480617453,717,0,0,301,1509,1491,0,936,death,886
151.40237827787178,717,0,0,300,1509,1492,0,936,death,1517
151.41575672886884,716,0,0,300,1509,1493,0,936,death,2459
151.44011436970263,717,0,0,300,1510,1493,0,936,birth,2510
151.47982206396594,718,0,0,300,1511,1493,0,936,birth,2511
151.5699196504364,717,0,0,300,1511,1494,0,936,death,2352
151.5859422252273,716,0,0,300,1511,1495,0,936,death,1436
151.7000784350674,717,0,0,300,1512,1495,0,936,birth,2512
151.762108382177,717,0,0,299,1512,1496,0,936,death,621
151.7793736959912,716,0,0,299,1512,1497,0,936,death,188
151.87142203197808,717,0,0,299,1513,1497,0,936,birth,2513
151.90714568597872,716,0,0,299,1513,1498,0,936,death,1838
151.96172687624886,715,0,0,299,1513,1499,0,936,death,979
152.08923464663698,714,0,0,299,1513,1500,0,936,death,523
152.14678133689097,714,0,0,298,1513,1501,0,936,death,162
152.19074956646642,713,0,0,298,1513,1502,0,936,death,2056
152.23237019304716,712,0,0,298,1513,1503,0,936,death,1525
152.26777695133615,713,0,0,298,1514,1503,0,936,birth,2514
152.30074564725726,714,0,0,298,1515,1503,0,936,birth,2515
152.31052963819786,714,0,0,297,1515,1504,0,936,death,168
152.34598851631756,715,0,0,297,1516,1504,0,936,birth,2516
152.42408293004672,716,0,0,297,1517,1504,0,936,birth,2517
152.436363858058,717,0,0,297,1518,1504,0,936,birth,2518
152.4472928796578,716,0,0,297,1518,1505,0,936,death,2238
152.46319270063032,717,0,0,297,1519,1505,0,936,birth,2519
152.49676604934012,716,0,0,297,1519,1506,0,936,death,2408
152.686452231265,715,0,0,297,1519,1507,0,936,death,1552
152.74634836290642,716,0,0,297,1520,1507,0,936,birth,2520
152.83862137913675,717,0,0,297,1521,1507,0,936,birth,2521
152.97424670938005,716,0,0,297,1521,1508,0,936,death,1923
153.00140541934218,717,0,0,297,1522,1508,0,936,birth,2522
153.01419976731776,718,0,0,297,1523,1508,0,936,birth,2523
153.02939758128693,717,0,0,297,1523,1509,0,936,death,1533
153.08784611680576,718,0,0,297,1524,1509,0,936,birth,2524
153.0974701845241,719,0,0,297,1525,1509,0,936,birth,2525
153.2040829812952,720,0,0,297,1526,1509,0,936,birth,2526
153.31204900760656,719,0,0,297,1526,1510,0,936,death,2134
153.31269699206422,718,0,0,297,1526,1511,0,936,death,1706
153.31566678398033,719,0,0,297,1527,1511,0,936,birth,2527
153.3793848020247,720,0,0,297,1528,1511,0,936,birth,2528
153.38267303371666,721,0,0,297,1529,1511,0,936,birth,2529
153.42103019206579,721,0,0,296,1529,1512,0,936,death,192
153.5773362669009,720,0,0,296,1529,1513,0,936,death,2257
153.61602261194602,720,0,0,295,1529,1514,0,936,death,520
153.66025422215745,719,0,0,295,1529,1515,0,936,death,2256
153.7267979943487,720,0,0,295,1530,1515,0,936,birth,2530
153.76700950157553,719,0,0,295,1530,1516,0,936,death,2061
153.88083748156805,718,0,0,295,1530,1517,0,936,death,2481
153.93994880006557,717,0,0,295,1530,1518,0,936,death,2038
153.94274529541286,718,0,0,295,1531,1518,0,936,birth,2531
154.08827016779466,719,0,0,295,1532,1518,0,936,birth,2532
154.17891471518746,718,0,0,295,1532,1519,0,936,death,2501
154.20042947675068,718,0,0,294,1532,1520,0,936,death,754
154.20383017613634,719,0,0,294,1533,1520,0,936,birth,2533
154.26450379604495,720,0,0,294,1534,1520,0,936,birth,2534
154.32474531555252,721,0,0,294,1535,1520,0,936,birth,2535
154.47192954059844,720,0,0,294,1535,1521,0,936,death,2305
154.5117683477085,720,0,0,293,1535,1522,0,936,death,883
154.51969854603166,721,0,0,293,1536,1522,0,936,birth,2536
154.55641798388808,722,0,0,293,1537,1522,0,936,birth,2537
154.6809925588188,721,0,0,293,1537,1523,0,936,death,2143
154.7134497848843,722,0,0,293,1538,1523,0,936,birth,2538
154.77143768694057,721,0,0,293,1538,1524,0,936,death,2515
154.77546734622976,720,0,0,293,1538,1525,0,936,death,2138
154.7962215603698,721,0,0,293,1539,1525,0,936,birth,2539
154.80872838225184,722,0,0,293,1540,1525,0,936,birth,2540
154.86642385455355,722,0,0,292,1540,1526,0,936,death,707
154.9157336363608,722,0,0,291,1540,1527,0,936,death,1218
154.94900466156946,721,0,0,291,1540,1528,0,936,death,1954
155.00723888139484,720,0,0,291,1540,1529,0,936,death,2015
155.104747288291,719,0,0,291,1540,1530,0,936,death,2167
155.1069052122386,720,0,0,291,1541,1530,0,936,birth,2541
155.13078543354416,721,0,0,291,1542,1530,0,936,birth,2542
155.13329374153025,722,0,0,291,1543,1530,0,936,birth,2543
155.1814607409288,721,0,0,291,1543,1531,0,936,death,2436
155.23251766486757,720,0,0,291,1543,1532,0,936,death,1601
155.25436230329183,720,0,0,290,1543,1533,0,936,death,861
155.25569061890474,721,0,0,290,1544,1533,0,936,birth,2544
155.28229283727853,720,0,0,290,1544,1534,0,936,death,2191
155.31582822745128,719,0,0,290,1544,1535,0,936,death,1727
155.34371991877833,719,0,0,289,1544,1536,0,936,death,1538
155.45176513944676,718,0,0,289,1544,1537,0,936,death,1570
155.47718489916335,717,0,0,289,1544,1538,0,936,death,2374
155.52392111619815,718,0,0,289,1545,1538,0,936,birth,2545
155.5344776585328,717,0,0,289,1545,1539,0,936,death,1452
155.57171352201794,716,0,0,289,1545,1540,0,936,death,2371
155.64824479301865,717,0,0,289,1546,1540,0,936,birth,2546
155.64870403242145,718,0,0,289,1547,1540,0,936,birth,2547
155.76351807158082,719,0,0,289,1548,1540,0,936,birth,2548
155.85884389758954,718,0,0,289,1548,1541,0,936,death,1330
155.86429832707879,718,0,0,288,1548,1542,0,936,death,839
155.91865962201928,719,0,0,288,1549,1542,0,936,birth,2549
156.0212210068359,720,0,0,288,1550,1542,0,936,birth,2550
156.03412922377288,719,0,0,288,1550,1543,0,936,death,479
156.14580108385624,718,0,0,288,1550,1544,0,936,death,2461
156.14956163602739,717,0,0,288,1550,1545,0,936,death,1239
156.1738971644575,718,0,0,288,1551,1545,0,936,birth,2551
156.30673173291467,717,0,0,288,1551,1546,0,936,death,1802
156.38438214382262,718,0,0,288,1552,1546,0,936,birth,2552
156.466870241029,717,0,0,288,1552,1547,0,936,death,2404
156.50959542168178,716,0,0,288,1552,1548,0,936,death,1470
156.56219265279447,717,0,0,288,1553,1548,0,936,birth,2553
156.63584197718484,717,0,0,287,1553,1549,0,936,death,639
156.6430832214788,718,0,0,287,1554,1549,0,936,birth,2554
156.64333183163086,717,0,0,287,1554,1550,0,936,death,2433
156.65807300583188,718,0,0,287,1555,1550,0,936,birth,2555
156.69352237601004,718,0,0,286,1555,1551,0,936,death,1215
156.7122243745834,717,0,0,286,1555,1552,0,936,death,2181
156.73504745279897,716,0,0,286,1555,1553,0,936,death,2450
156.73864160105896,717,0,0,286,1556,1553,0,936,birth,2556
156.7459556369296,717,0,0,285,1556,1554,0,936,death,459
156.79084854697467,718,0,0,285,1557,1554,0,936,birth,2557
156.84091781995417,719,0,0,285,1558,1554,0,936,birth,2558
156.86536587664318,718,0,0,285,1558,1555,0,936,death,2522
156.94081281850055,717,0,0,285,1558,1556,0,936,death,1466
157.0732027448097,716,0,0,285,1558,1557,0,936,death,2261
157.0882739599882,717,0,0,285,1559,1557,0,936,birth,2559
157.12225552761296,718,0,0,285,1560,1557,0,936,birth,2560
157.17002047430577,719,0,0,285,1561,1557,0,936,birth,2561
157.1761028564115,718,0,0,285,1561,1558,0,936,death,1777
157.18459342369994,718,0,0,284,1561,1559,0,936,death,260
157.20235591346307,717,0,0,284,1561,1560,0,936,death,2544
157.25365567768793,718,0,0,284,1562,1560,0,936,birth,2562
157.28733504476853,717,0,0,284,1562,1561,0,936,death,1437
157.44170913717335,716,0,0,284,1562,1562,0,936,death,2223
157.46965521593174,716,0,0,283,1562,1563,0,936,death,428
157.4748894891174,717,0,0,283,1563,1563,0,936,birth,2563
157.48305911731575,716,0,0,283,1563,1564,0,936,death,2345
157.4939608685587,716,0,0,282,1563,1565,0,936,death,401
157.6007670866397,715,0,0,282,1563,1566,0,936,death,1997
157.70300532525155,715,0,0,281,1563,1567,0,936,death,715
157.75668015557673,715,0,0,280,1563,1568,0,936,death,112
157.80083068867492,714,0,0,280,1563,1569,0,936,death,2274
157.8304642317196,715,0,0,280,1564,1569,0,936,birth,2564
157.83295712855025,716,0,0,280,1565,1569,0,936,birth,2565
157.89295250535534,717,0,0,280,1566,1569,0,936,birth,2566
157.90135423145549,718,0,0,280,1567,1569,0,936,birth,2567
157.97574309705647,719,0,0,280,1568,1569,0,936,birth,2568
158.0104593360339,720,0,0,280,1569,1569,0,936,birth,2569
158.0130727754037,721,0,0,280,1570,1569,0,936,birth,2570
158.12819323800025,722,0,0,280,1571,1569,0,936,birth,2571
158.1417693726014,723,0,0,280,1572,1569,0,936,birth,2572
158.22747084747587,722,0,0,280,1572,1570,0,936,death,1766
158.29205040239916,723,0,0,280,1573,1570,0,936,birth,2573
158.33293265369284,722,0,0,280,1573,1571,0,936,death,2540
158.38311482095168,721,0,0,280,1573,1572,0,936,death,2113
158.41182896579878,722,0,0,280,1574,1572,0,936,birth,2574
158.41227562751197,722,0,0,279,1574,1573,0,936,death,1039
158.48432686208386,723,0,0,279,1575,1573,0,936,birth,2575
158.5350538958502,724,0,0,279,1576,1573,0,936,birth,2576
158.53946649190124,723,0,0,279,1576,1574,0,936,death,2301
158.5744938000119,722,0,0,279,1576,1575,0,936,death,284
158.59731540405465,721,0,0,279,1576,1576,0,936,death,1223
158.61243854426175,722,0,0,279,1577,1576,0,936,birth,2577
158.67654356686097,722,0,0,278,1577,1577,0,936,death,1145
158.69769829321433,721,0,0,278,1577,1578,0,936,death,2044
158.72032300110575,722,0,0,278,1578,1578,0,936,birth,2578
158.77464098030853,723,0,0,278,1579,1578,0,936,birth,2579
158.81813754973598,724,0,0,278,1580,1578,0,936,birth,2580
158.81888612146943,725,0,0,278,1581,1578,0,936,birth,2581
158.8997314716823,724,0,0,278,1581,1579,0,936,death,1985
158.96210944174626,725,0,0,278,1582,1579,0,936,birth,2582
158.99844590640438,724,0,0,278,1582,1580,0,936,death,2299
159.0510328103982,723,0,0,278,1582,1581,0,936,death,1709
159.09051251311402,722,0,0,278,1582,1582,0,936,death,2131
159.10233125909747,721,0,0,278,1582,1583,0,936,death,1993
159.16673609560365,720,0,0,278,1582,1584,0,936,death,2289
159.21658000837195,719,0,0,278,1582,1585,0,936,death,2517
159.36983908915576,718,0,0,278,1582,1586,0,936,death,1644
159.36989970488798,717,0,0,278,1582,1587,0,936,death,1544
159.44964907766126,718,0,0,278,1583,1587,0,936,birth,2583
159.545503550334,718,0,0,277,1583,1588,0,936,death,697
159.56664849962414,717,0,0,277,1583,1589,0,936,death,2378
159.6079435931437,718,0,0,277,1584,1589,0,936,birth,2584
159.63127530959548,719,0,0,277,1585,1589,0,936,birth,2585
159.67296056235608,719,0,0,276,1585,1590,0,936,death,103
159.70253770705636,720,0,0,276,1586,1590,0,936,birth,2586
159.896251971598,721,0,0,276,1587,1590,0,936,birth,2587
159.9318953435872,720,0,0,276,1587,1591,0,936,death,1391
159.9517495997511,719,0,0,276,1587,1592,0,936,death,2449
159.98631377027453,720,0,0,276,1588,1592,0,936,birth,2588
160.08170025294953,719,0,0,276,1588,1593,0,936,death,990
160.17058372245066,718,0,0,276,1588,1594,0,936,death,2553
160.19437734700293,719,0,0,276,1589,1594,0,936,birth,2589
160.20613598348072,718,0,0,276,1589,1595,0,936,death,1696
160.23124456713748,719,0,0,276,1590,1595,0,936,birth,2590
160.33247341277516,720,0,0,276,1591,1595,0,936,birth,2591
160.42905861079112,719,0,0,276,1591,1596,0,936,death,1464
160.49019540990776,720,0,0,276,1592,1596,0,936,birth,2592
160.6099946782488,720,0,0,275,1592,1597,0,936,death,1711
160.63596903142718,720,0,0,274,1592,1598,0,936,death,66
160.7125137766181,720,0,0,273,1592,1599,0,936,death,126
160.80140713157058,721,0,0,273,1593,1599,0,936,birth,2593
160.8195838993662,722,0,0,273,1594,1599,0,936,birth,2594
160.90311559061308,721,0,0,273,1594,1600,0,936,death,2269
160.9251982111717,722,0,0,273,1595,1600,0,936,birth,2595
160.96424555835523,721,0,0,273,1595,1601,0,936,death,1898
161.01089990098572,720,0,0,273,1595,1602,0,936,death,2581
161.1075171809957,721,0,0,273,1596,1602,0,936,birth,2596
161.16692375037894,722,0,0,273,1597,1602,0,936,birth,2597
161.1724233864404,723,0,0,273,1598,1602,0,936,birth,2598
161.17968739725453,724,0,0,273,1599,1602,0,936,birth,2599
161.18131584201785,724,0,0,272,1599,1603,0,936,death,1075
161.19496631064237,723,0,0,272,1599,1604,0,936,death,1701
161.31589396109834,722,0,0,272,1599,1605,0,936,death,1783
161.3281252068293,721,0,0,272,1599,1606,0,936,death,2095
161.34620568714405,720,0,0,272,1599,1607,0,936,death,2480
161.35799715486158,720,0,0,271,1599,1608,0,936,death,913
161.37230017268365,721,0,0,271,1600,1608,0,936,birth,2600
161.53627005784136,720,0,0,271,1600,1609,0,936,death,1360
161.5896614552774,719,0,0,271,1600,1610,0,936,death,1666
161.67273643704354,718,0,0,271,1600,1611,0,936,death,2192
161.69625357246503,717,0,0,271,1600,1612,0,936,death,2366
161.70723277109767,718,0,0,271,1601,1612,0,936,birth,2601
161.73806579209054,719,0,0,271,1602,1612,0,936,birth,2602
161.90899378601085,718,0,0,271,1602,1613,0,936,death,1789
161.99857500164453,719,0,0,271,1603,1613,0,936,birth,2603
162.04097706346494,718,0,0,271,1603,1614,0,936,death,2385
162.0592474047414,717,0,0,271,1603,1615,0,936,death,2509
162.07613362867224,717,0,0,270,1603,1616,0,936,death,26
162.10220790835822,716,0,0,270,1603,1617,0,936,death,2442
162.2878618310738,717,0,0,270,1604,1617,0,936,birth,2604
162.41325661334804,718,0,0,270,1605,1617,0,936,birth,2605
162.44727594913758,717,0,0,270,1605,1618,0,936,death,2499
162.45595370185313,718,0,0,270,1606,1618,0,936,birth,2606
162.46667478336124,719,0,0,270,1607,1618,0,936,birth,2607
162.56330088612418,720,0,0,270,1608,1618,0,936,birth,2608
162.61020265912953,719,0,0,270,1608,1619,0,936,death,1968
162.69619513389338,720,0,0,270,1609,1619,0,936,birth,2609
162.7199503114523,721,0,0,270,1610,1619,0,936,birth,2610
162.75644558577685,720,0,0,270,1610,1620,0,936,death,2348
162.82681619999457,719,0,0,270,1610,1621,0,936,death,1499
162.8627192221987,720,0,0,270,1611,1621,0,936,birth,2611
162.99496389936564,721,0,0,270,1612,1621,0,936,birth,2612
163.0237926528603,722,0,0,270,1613,1621,0,936,birth,2613
163.03860219100642,723,0,0,270,1614,1621,0,936,birth,2614
163.1197802411577,724,0,0,270,1615,1621,0,936,birth,2615
163.18009264036235,723,0,0,270,1615,1622,0,936,death,2545
163.1886959668467,724,0,0,270,1616,1622,0,936,birth,2616
163.37873570614207,723,0,0,270,1616,1623,0,936,death,2611
163.44665168200117,724,0,0,270,1617,1623,0,936,birth,2617
163.55244364355133,723,0,0,270,1617,1624,0,936,death,2280
163.6489699715283,722,0,0,270,1617,1625,0,936,death,1912
163.8247566555664,723,0,0,270,1618,1625,0,936,birth,2618
163.8526807294161,724,0,0,270,1619,1625,0,936,birth,2619
163.87264719105417,725,0,0,270,1620,1625,0,936,birth,2620
163.9155761853342,726,0,0,270,1621,1625,0,936,birth,2621
163.92805611836707,725,0,0,270,1621,1626,0,936,death,2084
163.9483576207995,724,0,0,270,1621,1627,0,936,death,2536
163.94893539247056,725,0,0,270,1622,1627,0,936,birth,2622
164.01484749238477,726,0,0,270,1623,1627,0,936,birth,2623
164.09966913502237,725,0,0,270,1623,1628,0,936,death,2580
164.13721962742673,726,0,0,270,1624,1628,0,936,birth,2624
164.15494661115574,727,0,0,270,1625,1628,0,936,birth,2625
164.16459705288565,728,0,0,270,1626,1628,0,936,birth,2626
164.1899438931991,729,0,0,270,1627,1628,0,936,birth,2627
164.20002860530764,728,0,0,270,1627,1629,0,936,death,2168
164.24410610325793,729,0,0,270,1628,1629,0,936,birth,2628
164.35618284709503,730,0,0,270,1629,1629,0,936,birth,2629
164.40216176048105,731,0,0,270,1630,1629,0,936,birth,2630
164.4874377361339,732,0,0,270,1631,1629,0,936,birth,2631
164.49861546755093,733,0,0,270,1632,1629,0,936,birth,2632
164.54167811635165,732,0,0,270,1632,1630,0,936,death,2303
164.56039406083036,731,0,0,270,1632,1631,0,936,death,2571
164.62185916637824,730,0,0,270,1632,1632,0,936,death,2589
164.66908825640886,729,0,0,270,1632,1633,0,936,death,1750
164.6761080220679,730,0,0,270,1633,1633,0,936,birth,2633
164.6789130256352,729,0,0,270,1633,1634,0,936,death,2369
164.6798036544617,728,0,0,270,1633,1635,0,936,death,1451
164.69621139727735,729,0,0,270,1634,1635,0,936,birth,2634
164.69850691957873,729,0,0,269,1634,1636,0,936,death,1348
164.72650185535946,729,0,0,268,1634,1637,0,936,death,1616
164.80540835414607,730,0,0,268,1635,1637,0,936,birth,2635
164.83852101014293,731,0,0,268,1636,1637,0,936,birth,2636
164.87784342911448,732,0,0,268,1637,1637,0,936,birth,2637
164.94362578191476,731,0,0,268,1637,1638,0,936,death,2562
164.99888135881793,731,0,0,267,1637,1639,0,936,death,561
165.18645401079306,732,0,0,267,1638,1639,0,936,birth,2638
165.2333744801662,733,0,0,267,1639,1639,0,936,birth,2639
165.26100324965495,732,0,0,267,1639,1640,0,936,death,2375
165.33986204437804,733,0,0,267,1640,1640,0,936,birth,2640
165.36524959416852,732,0,0,267,1640,1641,0,936,death,1705
165.41753875197725,731,0,0,267,1640,1642,0,936,death,1764
165.53893987609678,732,0,0,267,1641,1642,0,936,birth,2641
165.5733871612687,731,0,0,267,1641,1643,0,936,death,1441
165.58584089718462,732,0,0,267,1642,1643,0,936,birth,2642
165.59241090193012,733,0,0,267,1643,1643,0,936,birth,2643
165.59486468912863,734,0,0,267,1644,1643,0,936,birth,2644
165.59744056245916,735,0,0,267,1645,1643,0,936,birth,2645
165.60300525093643,736,0,0,267,1646,1643,0,936,birth,2646
165.6088840786434,737,0,0,267,1647,1643,0,936,birth,2647
165.6640714864907,738,0,0,267,1648,1643,0,936,birth,2648
165.7022347127546,739,0,0,267,1649,1643,0,936,birth,2649
165.76050637809374,740,0,0,267,1650,1643,0,936,birth,2650
165.80729977231886,739,0,0,267,1650,1644,0,936,death,1405
165.81183660107487,738,0,0,267,1650,1645,0,936,death,2153
165.83582658373794,739,0,0,267,1651,1645,0,936,birth,2651
166.003705256987,739,0,0,266,1651,1646,0,936,death,710
166.094054253612,738,0,0,266,1651,1647,0,936,death,2089
166.1081888510817,737,0,0,266,1651,1648,0,936,death,2431
166.11328497566356,738,0,0,266,1652,1648,0,936,birth,2652
166.1783919961259,739,0,0,266,1653,1648,0,936,birth,2653
166.18543258927062,740,0,0,266,1654,1648,0,936,birth,2654
166.20141918283875,741,0,0,266,1655,1648,0,936,birth,2655
166.25547325744,742,0,0,266,1656,1648,0,936,birth,2656
166.2695886542755,741,0,0,266,1656,1649,0,936,death,2469
166.4281259662222,741,0,0,265,1656,1650,0,936,death,235
166.50786872066192,740,0,0,265,1656,1651,0,936,death,2325
166.5848734707357,741,0,0,265,1657,1651,0,936,birth,2657
166.60628374421597,742,0,0,265,1658,1651,0,936,birth,2658
166.60739539970763,743,0,0,265,1659,1651,0,936,birth,2659
166.60998738630707,744,0,0,265,1660,1651,0,936,birth,2660
166.81982554080886,745,0,0,265,1661,1651,0,936,birth,2661
166.86970102619344,746,0,0,265,1662,1651,0,936,birth,2662
166.92570090876254,745,0,0,265,1662,1652,0,936,death,2533
166.94616133524343,746,0,0,265,1663,1652,0,936,birth,2663
166.9691044911111,745,0,0,265,1663,1653,0,936,death,2573
166.98689150096615,746,0,0,265,1664,1653,0,936,birth,2664
167.0534110249494,745,0,0,265,1664,1654,0,936,death,2338
167.1081803881468,744,0,0,265,1664,1655,0,936,death,1316
167.12759017804518,745,0,0,265,1665,1655,0,936,birth,2665
167.15452894648598,745,0,0,264,1665,1656,0,936,death,875
167.17722543209416,744,0,0,264,1665,1657,0,936,death,2426
167.1807009283458,743,0,0,264,1665,1658,0,936,death,2164
167.20622767852208,744,0,0,264,1666,1658,0,936,birth,2666
167.21357766570785,745,0,0,264,1667,1658,0,936,birth,2667
167.22043139853085,744,0,0,264,1667,1659,0,936,death,2575
167.35320071324506,745,0,0,264,1668,1659,0,936,birth,2668
167.49749562385182,746,0,0,264,1669,1659,0,936,birth,2669
167.5701619635475,745,0,0,264,1669,1660,0,936,death,1991
167.60208867001273,746,0,0,264,1670,1660,0,936,birth,2670
167.6455272012951,745,0,0,264,1670,1661,0,936,death,1587
167.65322782608652,745,0,0,263,1670,1662,0,936,death,835
167.68252735227387,746,0,0,263,1671,1662,0,936,birth,2671
167.76915715851996,745,0,0,263,1671,1663,0,936,death,2458
167.83522458405542,744,0,0,263,1671,1664,0,936,death,1780
167.85721847570622,744,0,0,262,1671,1665,0,936,death,1465
167.86077565992298,743,0,0,262,1671,1666,0,936,death,1865
167.8810024284192,744,0,0,262,1672,1666,0,936,birth,2672
168.01902516345663,745,0,0,262,1673,1666,0,936,birth,2673
168.28321311836308,745,0,0,261,1673,1667,0,936,death,1496
168.33261327029672,746,0,0,261,1674,1667,0,936,birth,2674
168.5341659913794,747,0,0,261,1675,1667,0,936,birth,2675
168.54907311711494,748,0,0,261,1676,1667,0,936,birth,2676
168.55333317602907,749,0,0,261,1677,1667,0,936,birth,2677
168.56361853405875,750,0,0,261,1678,1667,0,936,birth,2678
168.64501021057367,749,0,0,261,1678,1668,0,936,death,2275
168.683223838942,749,0,0,260,1678,1669,0,936,death,997
168.73350190192508,748,0,0,260,1678,1670,0,936,death,1546
168.79408009362734,749,0,0,260,1679,1670,0,936,birth,2679
168.8210259279452,749,0,0,259,1679,1671,0,936,death,1178
168.8567067316002,750,0,0,259,1680,1671,0,936,birth,2680
168.8738290896048,749,0,0,259,1680,1672,0,936,death,2386
168.89802020848538,750,0,0,259,1681,1672,0,936,birth,2681
168.90100763293796,751,0,0,259,1682,1672,0,936,birth,2682
168.92988432103667,751,0,0,258,1682,1673,0,936,death,259
168.94019250574334,752,0,0,258,1683,1673,0,936,birth,2683
168.94306647629452,753,0,0,258,1684,1673,0,936,birth,2684
168.94500650260224,754,0,0,258,1685,1673,0,936,birth,2685
169.0098223098997,755,0,0,258,1686,1673,0,936,birth,2686
169.04019008145596,754,0,0,258,1686,1674,0,936,death,2381
169.0942594896523,755,0,0,258,1687,1674,0,936,birth,2687
169.14549157169495,756,0,0,258,1688,1674,0,936,birth,2688
169.16900639436358,755,0,0,258,1688,1675,0,936,death,2035
169.2081369487367,754,0,0,258,1688,1676,0,936,death,1735
169.24087916599763,755,0,0,258,1689,1676,0,936,birth,2689
169.25572345828422,756,0,0,258,1690,1676,0,936,birth,2690
169.30640031343276,757,0,0,258,1691,1676,0,936,birth,2691
169.37149180315606,758,0,0,258,1692,1676,0,936,birth,2692
169.42033980921536,758,0,0,257,1692,1677,0,936,death,993
169.43922006297728,757,0,0,257,1692,1678,0,936,death,2637
169.61330085328112,758,0,0,257,1693,1678,0,936,birth,2693
169.64899009460902,759,0,0,257,1694,1678,0,936,birth,2694
169.66522063605987,758,0,0,257,1694,1679,0,936,death,2078
169.67698598617648,757,0,0,257,1694,1680,0,936,death,2047
169.68148270516812,758,0,0,257,1695,1680,0,936,birth,2695
169.8027583011439,759,0,0,257,1696,1680,0,936,birth,2696
169.82207777876764,758,0,0,257,1696,1681,0,936,death,1492
169.9418968467847,757,0,0,257,1696,1682,0,936,death,2520
169.99309677361165,758,0,0,257,1697,1682,0,936,birth,2697
170.01619721464698,759,0,0,257,1698,1682,0,936,birth,2698
170.16838296381272,760,0,0,257,1699,1682,0,936,birth,2699
170.21271997194384,759,0,0,257,1699,1683,0,936,death,2207
170.30472486192775,759,0,0,256,1699,1684,0,936,death,487
170.35797567685347,760,0,0,256,1700,1684,0,936,birth,2700
170.42309052302113,760,0,0,255,1700,1685,0,936,death,655
170.4330851497054,761,0,0,255,1701,1685,0,936,birth,2701
170.48096645609942,761,0,0,254,1701,1686,0,936,death,737
170.48594889981274,762,0,0,254,1702,1686,0,936,birth,2702
170.5445414148946,763,0,0,254,1703,1686,0,936,birth,2703
170.59989789220458,762,0,0,254,1703,1687,0,936,death,1888
170.60317479236923,763,0,0,254,1704,1687,0,936,birth,2704
170.64930838748427,764,0,0,254,1705,1687,0,936,birth,2705
170.72365137110884,763,0,0,254,1705,1688,0,936,death,2288
170.85719982019847,763,0,0,253,1705,1689,0,936,death,30
170.8671122248512,764,0,0,253,1706,1689,0,936,birth,2706
170.88646106329256,765,0,0,253,1707,1689,0,936,birth,2707
170.91390979920646,764,0,0,253,1707,1690,0,936,death,1684
170.9418760107646,763,0,0,253,1707,1691,0,936,death,2259
170.96145953242817,762,0,0,253,1707,1692,0,936,death,2647
170.97567696078409,763,0,0,253,1708,1692,0,936,birth,2708
171.00335428777322,764,0,0,253,1709,1692,0,936,birth,2709
171.00566879500954,765,0,0,253,1710,1692,0,936,birth,2710
171.12341774148234,766,0,0,253,1711,1692,0,936,birth,2711
171.15278377942062,767,0,0,253,1712,1692,0,936,birth,2712
171.18991084402566,768,0,0,253,1713,1692,0,936,birth,2713
171.2066016170369,767,0,0,253,1713,1693,0,936,death,2713
171.2656304904064,767,0,0,252,1713,1694,0,936,death,575
171.32283874050964,768,0,0,252,1714,1694,0,936,birth,2714
171.32497214491008,767,0,0,252,1714,1695,0,936,death,2264
171.3336518530187,766,0,0,252,1714,1696,0,936,death,2242
171.373050708876,765,0,0,252,1714,1697,0,936,death,2490
171.37644637392688,766,0,0,252,1715,1697,0,936,birth,2715
171.4676554658123,765,0,0,252,1715,1698,0,936,death,1878
171.48048896165642,766,0,0,252,1716,1698,0,936,birth,2716
171.52870847843872,765,0,0,252,1716,1699,0,936,death,2445
171.55952360752573,765,0,0,251,1716,1700,0,936,death,318
171.61309384455143,764,0,0,251,1716,1701,0,936,death,1857
171.65000363040824,765,0,0,251,1717,1701,0,936,birth,2717
171.6880796223123,766,0,0,251,1718,1701,0,936,birth,2718
171.71212804434415,765,0,0,251,1718,1702,0,936,death,2220
171.97168175660417,764,0,0,251,1718,1703,0,936,death,2682
171.98146759328296,764,0,0,250,1718,1704,0,936,death,696
172.00882159722227,764,0,0,249,1718,1705,0,936,death,274
172.11899769160007,765,0,0,249,1719,1705,0,936,birth,2719
172.15722767875926,764,0,0,249,1719,1706,0,936,death,2582
172.18999867201336,765,0,0,249,1720,1706,0,936,birth,2720
172.31429558722658,766,0,0,249,1721,1706,0,936,birth,2721
172.37764536046203,767,0,0,249,1722,1706,0,936,birth,2722
172.41507351015017,767,0,0,248,1722,1707,0,936,death,620
172.49714587951348,767,0,0,247,1722,1708,0,936,death,783
172.516356934358,767,0,0,246,1722,1709,0,936,death,1386
172.53354648133703,768,0,0,246,1723,1709,0,936,birth,2723
172.6309504188111,767,0,0,246,1723,1710,0,936,death,2357
172.72471735233603,766,0,0,246,1723,1711,0,936,death,1924
172.72940649626744,765,0,0,246,1723,1712,0,936,death,2516
172.74255437183993,765,0,0,245,1723,1713,0,936,death,361
172.8390170866834,765,0,0,244,1723,1714,0,936,death,666
172.93724838195817,766,0,0,244,1724,1714,0,936,birth,2724
172.99757910227547,767,0,0,244,1725,1714,0,936,birth,2725
173.1139264500224,766,0,0,244,1725,1715,0,936,death,1913
173.11519317408818,765,0,0,244,1725,1716,0,936,death,2508
173.26527617170413,764,0,0,244,1725,1717,0,936,death,1543
173.3218486495318,765,0,0,244,1726,1717,0,936,birth,2726
173.4092400111661,766,0,0,244,1727,1717,0,936,birth,2727
173.46868982287273,767,0,0,244,1728,1717,0,936,birth,2728
173.49387211250877,767,0,0,243,1728,1718,0,936,death,297
173.52895806743723,766,0,0,243,1728,1719,0,936,death,2279
173.60782121545134,765,0,0,243,1728,1720,0,936,death,2262
173.65116896677878,766,0,0,243,1729,1720,0,936,birth,2729
173.698888719342,767,0,0,243,1730,1720,0,936,birth,2730
173.72824074353423,768,0,0,243,1731,1720,0,936,birth,2731
173.76497092888735,768,0,0,242,1731,1721,0,936,death,99
173.82130349871565,769,0,0,242,1732,1721,0,936,birth,2732
173.84960922318677,770,0,0,242,1733,1721,0,936,birth,2733
173.85478290704125,771,0,0,242,1734,1721,0,936,birth,2734
173.89684301601676,770,0,0,242,1734,1722,0,936,death,2673
174.01560975193155,771,0,0,242,1735,1722,0,936,birth,2735
174.02646370631516,772,0,0,242,1736,1722,0,936,birth,2736
174.05318356691166,773,0,0,242,1737,1722,0,936,birth,2737
174.12356321828395,774,0,0,242,1738,1722,0,936,birth,2738
174.14337922384024,775,0,0,242,1739,1722,0,936,birth,2739
174.27906613580112,774,0,0,242,1739,1723,0,936,death,541
174.29960963127107,773,0,0,242,1739,1724,0,936,death,2364
174.5257438600496,774,0,0,242,1740,1724,0,936,birth,2740
174.58771332948004,775,0,0,242,1741,1724,0,936,birth,2741
174.73931682399893,776,0,0,242,1742,1724,0,936,birth,2742
174.8323782173652,777,0,0,242,1743,1724,0,936,birth,2743
174.8478836019062,776,0,0,242,1743,1725,0,936,death,610
174.99555921267822,777,0,0,242,1744,1725,0,936,birth,2744
175.0985050654038,778,0,0,242,1745,1725,0,936,birth,2745
175.1361843427244,779,0,0,242,1746,1725,0,936,birth,2746
175.1658497287588,780,0,0,242,1747,1725,0,936,birth,2747
175.20931382495775,781,0,0,242,1748,1725,0,936,birth,2748
175.26265570655082,780,0,0,242,1748,1726,0,936,death,750
175.27096614118398,779,0,0,242,1748,1727,0,936,death,2304
175.5380540590596,778,0,0,242,1748,1728,0,936,death,2302
175.5690618052978,779,0,0,242,1749,1728,0,936,birth,2749
175.57216826661698,778,0,0,242,1749,1729,0,936,death,2170
175.57668360648836,779,0,0,242,1750,1729,0,936,birth,2750
175.5930825129301,778,0,0,242,1750,1730,0,936,death,2117
175.60062440875623,777,0,0,242,1750,1731,0,936,death,1432
175.60651732448588,776,0,0,242,1750,1732,0,936,death,1967
175.6267607531279,775,0,0,242,1750,1733,0,936,death,2578
175.68695404373733,776,0,0,242,1751,1733,0,936,birth,2751
175.68725964224765,775,0,0,242,1751,1734,0,936,death,2749
175.6961929746395,774,0,0,242,1751,1735,0,936,death,2316
175.72389323297503,773,0,0,242,1751,1736,0,936,death,2514
175.74178585368483,772,0,0,242,1751,1737,0,936,death,1932
175.81816324899546,771,0,0,242,1751,1738,0,936,death,1439
175.8186292885416,770,0,0,242,1751,1739,0,936,death,1515
175.90295731900727,771,0,0,242,1752,1739,0,936,birth,2752
176.04903492846282,770,0,0,242,1752,1740,0,936,death,1800
176.05338546902686,769,0,0,242,1752,1741,0,936,death,2401
176.06306094236527,770,0,0,242,1753,1741,0,936,birth,2753
176.0692862159959,771,0,0,242,1754,1741,0,936,birth,2754
176.1011021615584,770,0,0,242,1754,1742,0,936,death,1457
176.13187169882937,771,0,0,242,1755,1742,0,936,birth,2755
176.20715588264153,772,0,0,242,1756,1742,0,936,birth,2756
176.20844594439095,773,0,0,242,1757,1742,0,936,birth,2757
176.2121856312973,774,0,0,242,1758,1742,0,936,birth,2758
176.23525583109853,775,0,0,242,1759,1742,0,936,birth,2759
176.2656783865596,776,0,0,242,1760,1742,0,936,birth,2760
176.44361610569612,777,0,0,242,1761,1742,0,936,birth,2761
176.73544647721607,776,0,0,242,1761,1743,0,936,death,2406
176.77319038644512,777,0,0,242,1762,1743,0,936,birth,2762
176.79282269234216,778,0,0,242,1763,1743,0,936,birth,2763
176.83316635276978,779,0,0,242,1764,1743,0,936,birth,2764
176.8549256683205,778,0,0,242,1764,1744,0,936,death,2607
176.91065330149758,777,0,0,242,1764,1745,0,936,death,2158
177.13797569676692,778,0,0,242,1765,1745,0,936,birth,2765
177.18402674880014,777,0,0,242,1765,1746,0,936,death,2612
177.2316815383017,776,0,0,242,1765,1747,0,936,death,2710
177.25940404755698,775,0,0,242,1765,1748,0,936,death,1255
177.25970531837538,776,0,0,242,1766,1748,0,936,birth,2766
177.32657443967045,777,0,0,242,1767,1748,0,936,birth,2767
177.4009578349913,776,0,0,242,1767,1749,0,936,death,2471
177.4225120900814,775,0,0,242,1767,1750,0,936,death,2379
177.43599167602432,776,0,0,242,1768,1750,0,936,birth,2768
177.44407228412592,775,0,0,242,1768,1751,0,936,death,2209
177.44682089212398,774,0,0,242,1768,1752,0,936,death,1128
177.4510021819125,773,0,0,242,1768,1753,0,936,death,2195
177.59417510866285,772,0,0,242,1768,1754,0,936,death,2132
177.6138607403177,771,0,0,242,1768,1755,0,936,death,1891
177.63275140242683,770,0,0,242,1768,1756,0,936,death,408
177.66215130869864,769,0,0,242,1768,1757,0,936,death,2108
177.7624122876273,768,0,0,242,1768,1758,0,936,death,2725
177.78083602106602,769,0,0,242,1769,1758,0,936,birth,2769
177.80583927692243,768,0,0,242,1769,1759,0,936,death,2272
177.83848179767315,769,0,0,242,1770,1759,0,936,birth,2770
177.83873219049008,770,0,0,242,1771,1759,0,936,birth,2771
177.9785176749391,769,0,0,242,1771,1760,0,936,death,2367
178.01141658674757,768,0,0,242,1771,1761,0,936,death,2111
178.0401647128007,769,0,0,242,1772,1761,0,936,birth,2772
178.0565072708135,769,0,0,241,1772,1762,0,936,death,1164
178.11141732550124,768,0,0,241,1772,1763,0,936,death,2670
178.2170849738444,767,0,0,241,1772,1764,0,936,death,2393
178.22168314017387,766,0,0,241,1772,1765,0,936,death,2318
178.27118190500616,767,0,0,241,1773,1765,0,936,birth,2773
178.28268350522586,766,0,0,241,1773,1766,0,936,death,2309
178.31389044152832,767,0,0,241,1774,1766,0,936,birth,2774
178.3682961787314,768,0,0,241,1775,1766,0,936,birth,2775
178.4033414961772,767,0,0,241,1775,1767,0,936,death,2646
178.4143379389406,766,0,0,241,1775,1768,0,936,death,1638
178.5075004617226,766,0,0,240,1775,1769,0,936,death,1401
178.59973503423865,767,0,0,240,1776,1769,0,936,birth,2776
178.60872716376008,766,0,0,240,1776,1770,0,936,death,2716
178.62009894587052,765,0,0,240,1776,1771,0,936,death,2697
178.6277244911982,765,0,0,239,1776,1772,0,936,death,871
178.6338631341407,765,0,0,238,1776,1773,0,936,death,1203
178.6621929463796,765,0,0,237,1776,1774,0,936,death,971
178.70141394717257,764,0,0,237,1776,1775,0,936,death,1596
178.72957984739506,763,0,0,237,1776,1776,0,936,death,1242
178.885300201499,763,0,0,236,1776,1777,0,936,death,271
178.9139482351419,762,0,0,236,1776,1778,0,936,death,1516
178.945953771842,763,0,0,236,1777,1778,0,936,birth,2777
178.96058844373133,762,0,0,236,1777,1779,0,936,death,1697
179.02708051254626,761,0,0,236,1777,1780,0,936,death,2346
179.14010614848337,760,0,0,236,1777,1781,0,936,death,1889
179.1616356222712,759,0,0,236,1777,1782,0,936,death,2524
179.1842984437867,760,0,0,236,1778,1782,0,936,birth,2778
179.20879921784717,761,0,0,236,1779,1782,0,936,birth,2779
179.23730595851688,762,0,0,236,1780,1782,0,936,birth,2780
179.37700127003268,763,0,0,236,1781,1782,0,936,birth,2781
179.4751922037056,762,0,0,236,1781,1783,0,936,death,360
179.48290008214798,761,0,0,236,1781,1784,0,936,death,2592
179.49303306480076,760,0,0,236,1781,1785,0,936,death,2736
179.69269483602721,759,0,0,236,1781,1786,0,936,death,1264
179.70340771096488,758,0,0,236,1781,1787,0,936,death,2532
179.7523342296052,757,0,0,236,1781,1788,0,936,death,2503
179.76968458696066,756,0,0,236,1781,1789,0,936,death,2569
179.86666478545018,755,0,0,236,1781,1790,0,936,death,2597
179.91146690479465,756,0,0,236,1782,1790,0,936,birth,2782
180.04356435488913,755,0,0,236,1782,1791,0,936,death,2389
180.0972594742112,756,0,0,236,1783,1791,0,936,birth,2783
180.1167334623718,757,0,0,236,1784,1791,0,936,birth,2784
180.11858593631047,756,0,0,236,1784,1792,0,936,death,2028
180.1187373089311,757,0,0,236,1785,1792,0,936,birth,2785
180.1351247685152,756,0,0,236,1785,1793,0,936,death,2638
180.1362084712227,757,0,0,236,1786,1793,0,936,birth,2786
180.21580482171163,758,0,0,236,1787,1793,0,936,birth,2787
180.25466897290988,758,0,0,235,1787,1794,0,936,death,614
180.31756965490897,759,0,0,235,1788,1794,0,936,birth,2788
180.4490495454855,760,0,0,235,1789,1794,0,936,birth,2789
180.72672283810738,761,0,0,235,1790,1794,0,936,birth,2790
180.74545497599578,762,0,0,235,1791,1794,0,936,birth,2791
180.76673180146017,761,0,0,235,1791,1795,0,936,death,2753
180.7941807243908,760,0,0,235,1791,1796,0,936,death,1716
180.79874390602225,761,0,0,235,1792,1796,0,936,birth,2792
180.85152173390026,760,0,0,235,1792,1797,0,936,death,2043
180.97767431363292,761,0,0,235,1793,1797,0,936,birth,2793
180.98433341823326,762,0,0,235,1794,1797,0,936,birth,2794
181.0307597073791,763,0,0,235,1795,1797,0,936,birth,2795
181.12297443449845,764,0,0,235,1796,1797,0,936,birth,2796
181.15332792601785,763,0,0,235,1796,1798,0,936,death,2206
181.24078556029718,762,0,0,235,1796,1799,0,936,death,2407
181.25345418944434,763,0,0,235,1797,1799,0,936,birth,2797
181.32084258583825,764,0,0,235,1798,1799,0,936,birth,2798
181.3250485835935,765,0,0,235,1799,1799,0,936,birth,2799
181.50715405624376,764,0,0,235,1799,1800,0,936,death,2620
181.55569951733133,765,0,0,235,1800,1800,0,936,birth,2800
181.56333673267386,764,0,0,235,1800,1801,0,936,death,2689
181.62202904132792,763,0,0,235,1800,1802,0,936,death,1341
181.62687553560622,762,0,0,235,1800,1803,0,936,death,2518
181.64843429373386,763,0,0,235,1801,1803,0,936,birth,2801
181.66397782905636,762,0,0,235,1801,1804,0,936,death,2757
181.69460176327033,761,0,0,235,1801,1805,0,936,death,2409
181.71783069924035,762,0,0,235,1802,1805,0,936,birth,2802
181.76586567107032,763,0,0,235,1803,1805,0,936,birth,2803
181.85884851025116,764,0,0,235,1804,1805,0,936,birth,2804
182.03092685895993,765,0,0,235,1805,1805,0,936,birth,2805
182.06263934920145,765,0,0,234,1805,1806,0,936,death,258
182.19391638579626,764,0,0,234,1805,1807,0,936,death,2506
182.2056892699977,763,0,0,234,1805,1808,0,936,death,1521
182.33747232688265,764,0,0,234,1806,1808,0,936,birth,2806
182.3975675526942,765,0,0,234,1807,1808,0,936,birth,2807
182.39909561877892,764,0,0,234,1807,1809,0,936,death,2685
182.40996067900147,765,0,0,234,1808,1809,0,936,birth,2808
182.4451023439151,764,0,0,234,1808,1810,0,936,death,2179
182.48197848498188,765,0,0,234,1809,1810,0,936,birth,2809
182.53356818352947,764,0,0,234,1809,1811,0,936,death,2188
182.57201387097055,763,0,0,234,1809,1812,0,936,death,2542
182.590281057618,764,0,0,234,1810,1812,0,936,birth,2810
182.62407622685407,763,0,0,234,1810,1813,0,936,death,23
182.64163542964033,762,0,0,234,1810,1814,0,936,death,2246
182.68058199931534,763,0,0,234,1811,1814,0,936,birth,2811
182.7043434577745,762,0,0,234,1811,1815,0,936,death,2004
182.72723297505945,761,0,0,234,1811,1816,0,936,death,2184
182.82655668340374,760,0,0,234,1811,1817,0,936,death,2169
182.8302552829872,759,0,0,234,1811,1818,0,936,death,1893
182.8557303192702,758,0,0,234,1811,1819,0,936,death,2360
182.9034734463771,759,0,0,234,1812,1819,0,936,birth,2812
182.91772227184126,760,0,0,234,1813,1819,0,936,birth,2813
183.03156555885766,761,0,0,234,1814,1819,0,936,birth,2814
183.14090389514504,761,0,0,233,1814,1820,0,936,death,207
183.1602925348793,761,0,0,232,1814,1821,0,936,death,75
183.23386324690267,760,0,0,232,1814,1822,0,936,death,2176
183.23390115920043,761,0,0,232,1815,1822,0,936,birth,2815
183.28904286021213,760,0,0,232,1815,1823,0,936,death,2470
183.2949235858297,759,0,0,232,1815,1824,0,936,death,366
183.3863979619407,758,0,0,232,1815,1825,0,936,death,2568
183.4203661575471,758,0,0,231,1815,1826,0,936,death,1497
183.48495828245885,759,0,0,231,1816,1826,0,936,birth,2816
183.52584195588608,758,0,0,231,1816,1827,0,936,death,2810
183.56634253678968,759,0,0,231,1817,1827,0,936,birth,2817
183.68635309042003,760,0,0,231,1818,1827,0,936,birth,2818
183.7095997123257,759,0,0,231,1818,1828,0,936,death,2343
183.73840515067738,759,0,0,230,1818,1829,0,936,death,664
183.73981104204887,758,0,0,230,1818,1830,0,936,death,1695
183.76864687715195,759,0,0,230,1819,1830,0,936,birth,2819
183.7917936622313,760,0,0,230,1820,1830,0,936,birth,2820
183.89605743111616,761,0,0,230,1821,1830,0,936,birth,2821
184.07064395004002,760,0,0,230,1821,1831,0,936,death,2394
184.10356599276253,761,0,0,230,1822,1831,0,936,birth,2822
184.1611131274361,760,0,0,230,1822,1832,0,936,death,2684
184.33335448467184,761,0,0,230,1823,1832,0,936,birth,2823
184.48802319142266,761,0,0,229,1823,1833,0,936,death,40
184.51839701129336,761,0,0,228,1823,1834,0,936,death,1236
184.57325509212615,762,0,0,228,1824,1834,0,936,birth,2824
184.62310740075756,763,0,0,228,1825,1834,0,936,birth,2825
184.63374252448207,764,0,0,228,1826,1834,0,936,birth,2826
184.7188883924766,765,0,0,228,1827,1834,0,936,birth,2827
184.7748073134955,766,0,0,228,1828,1834,0,936,birth,2828
184.82550901163253,767,0,0,228,1829,1834,0,936,birth,2829
184.89786565416046,766,0,0,228,1829,1835,0,936,death,2180
184.92277120805906,767,0,0,228,1830,1835,0,936,birth,2830
184.92922025104107,768,0,0,228,1831,1835,0,936,birth,2831
184.95890377866826,769,0,0,228,1832,1835,0,936,birth,2832
184.99029433760435,770,0,0,228,1833,1835,0,936,birth,2833
184.99663222164074,771,0,0,228,1834,1835,0,936,birth,2834
185.0009724563228,771,0,0,227,1834,1836,0,936,death,1231
185.00599861693527,772,0,0,227,1835,1836,0,936,birth,2835
185.14959082705892,771,0,0,227,1835,1837,0,936,death,2491
185.2080975327993,772,0,0,227,1836,1837,0,936,birth,2836
185.2388048343495,771,0,0,227,1836,1838,0,936,death,2717
185.24102500434904,772,0,0,227,1837,1838,0,936,birth,2837
185.24887386505316,773,0,0,227,1838,1838,0,936,birth,2838
185.34809139685294,772,0,0,227,1838,1839,0,936,death,2779
185.43346885459962,772,0,0,226,1838,1840,0,936,death,822
185.437956089068,773,0,0,226,1839,1840,0,936,birth,2839
185.45342922056554,772,0,0,226,1839,1841,0,936,death,2677
185.52931703645243,772,0,0,225,1839,1842,0,936,death,1024
185.5298027922524,773,0,0,225,1840,1842,0,936,birth,2840
185.54514363411022,774,0,0,225,1841,1842,0,936,birth,2841
185.6353932474542,775,0,0,225,1842,1842,0,936,birth,2842
185.72938393485862,774,0,0,225,1842,1843,0,936,death,1380
185.74603872043923,773,0,0,225,1842,1844,0,936,death,2719
185.9684195730247,774,0,0,225,1843,1844,0,936,birth,2843
186.1187975378047,773,0,0,225,1843,1845,0,936,death,1690
186.12142549078078,773,0,0,224,1843,1846,0,936,death,1157
186.1276557416184,773,0,0,223,1843,1847,0,936,death,764
186.21158654681835,774,0,0,223,1844,1847,0,936,birth,2844
186.23339739789662,775,0,0,223,1845,1847,0,936,birth,2845
186.24076755582377,774,0,0,223,1845,1848,0,936,death,2680
186.26077307060066,775,0,0,223,1846,1848,0,936,birth,2846
186.3214168268022,774,0,0,223,1846,1849,0,936,death,2674
186.32938778827187,775,0,0,223,1847,1849,0,936,birth,2847
186.4561882400965,776,0,0,223,1848,1849,0,936,birth,2848
186.58968426269362,777,0,0,223,1849,1849,0,936,birth,2849
186.59975339381162,776,0,0,223,1849,1850,0,936,death,1645
186.66835909429068,775,0,0,223,1849,1851,0,936,death,2025
186.72875762894168,774,0,0,223,1849,1852,0,936,death,1402
186.85597594522662,775,0,0,223,1850,1852,0,936,birth,2850
186.88184225428762,776,0,0,223,1851,1852,0,936,birth,2851
186.89413362133976,775,0,0,223,1851,1853,0,936,death,1493
186.92730608497322,774,0,0,223,1851,1854,0,936,death,2354
187.03596169668648,774,0,0,222,1851,1855,0,936,death,255
187.04945319945836,775,0,0,222,1852,1855,0,936,birth,2852
187.0549802050935,774,0,0,222,1852,1856,0,936,death,2712
187.0617864396573,775,0,0,222,1853,1856,0,936,birth,2853
187.09715494070878,774,0,0,222,1853,1857,0,936,death,2276
187.10139872238545,773,0,0,222,1853,1858,0,936,death,2412
187.22537006962312,774,0,0,222,1854,1858,0,936,birth,2854
187.3159064655238,774,0,0,221,1854,1859,0,936,death,38
187.46720778599027,773,0,0,221,1854,1860,0,936,death,2282
187.51567780157313,772,0,0,221,1854,1861,0,936,death,2579
187.63007370185366,771,0,0,221,1854,1862,0,936,death,2777
187.64231772352107,772,0,0,221,1855,1862,0,936,birth,2855
187.69507984468513,771,0,0,221,1855,1863,0,936,death,2472
187.70210050305172,772,0,0,221,1856,1863,0,936,birth,2856
187.71367669776004,773,0,0,221,1857,1863,0,936,birth,2857
187.82286881108882,774,0,0,221,1858,1863,0,936,birth,2858
187.8604745896437,775,0,0,221,1859,1863,0,936,birth,2859
187.8879884635534,774,0,0,221,1859,1864,0,936,death,1900
187.91164459798233,775,0,0,221,1860,1864,0,936,birth,2860
187.9489851296217,774,0,0,221,1860,1865,0,936,death,2018
188.0072234446314,773,0,0,221,1860,1866,0,936,death,2829
188.03265253529898,774,0,0,221,1861,1866,0,936,birth,2861
188.0490882461555,775,0,0,221,1862,1866,0,936,birth,2862
188.1484797342211,774,0,0,221,1862,1867,0,936,death,2830
188.16386118994853,775,0,0,221,1863,1867,0,936,birth,2863
188.1699330895181,776,0,0,221,1864,1867,0,936,birth,2864
188.3764967066067,777,0,0,221,1865,1867,0,936,birth,2865
188.38655299796943,778,0,0,221,1866,1867,0,936,birth,2866
188.40466193559067,778,0,0,220,1866,1868,0,936,death,590
188.4252642224981,779,0,0,220,1867,1868,0,936,birth,2867
188.4755813034655,780,0,0,220,1868,1868,0,936,birth,2868
188.50729248827474,781,0,0,220,1869,1868,0,936,birth,2869
188.52663100893858,780,0,0,220,1869,1869,0,936,death,1041
188.58013569041643,781,0,0,220,1870,1869,0,936,birth,2870
188.7913628716769,780,0,0,220,1870,1870,0,936,death,2529
188.88879325473278,779,0,0,220,1870,1871,0,936,death,1811
188.92232351113753,778,0,0,220,1870,1872,0,936,death,2287
188.93181475274267,778,0,0,219,1870,1873,0,936,death,606
189.01990283476826,777,0,0,219,1870,1874,0,936,death,2610
189.0514220914854,778,0,0,219,1871,1874,0,936,birth,2871
189.1613113790383,779,0,0,219,1872,1874,0,936,birth,2872
189.16266147498087,778,0,0,219,1872,1875,0,936,death,1752
189.1796803750938,777,0,0,219,1872,1876,0,936,death,682
189.23600639863503,778,0,0,219,1873,1876,0,936,birth,2873
189.2427859418148,777,0,0,219,1873,1877,0,936,death,2659
189.2934232687364,776,0,0,219,1873,1878,0,936,death,1407
189.3119344859569,777,0,0,219,1874,1878,0,936,birth,2874
189.32993515733384,776,0,0,219,1874,1879,0,936,death,2377
189.3805624470605,777,0,0,219,1875,1879,0,936,birth,2875
189.43081047117337,776,0,0,219,1875,1880,0,936,death,2500
189.46068014507082,777,0,0,219,1876,1880,0,936,birth,2876
189.52800398981282,778,0,0,219,1877,1880,0,936,birth,2877
189.56171205283005,777,0,0,219,1877,1881,0,936,death,2320
189.61766661216376,776,0,0,219,1877,1882,0,936,death,1664
189.65093829670997,775,0,0,219,1877,1883,0,936,death,2237
189.68712984978472,776,0,0,219,1878,1883,0,936,birth,2878
189.69431103841998,777,0,0,219,1879,1883,0,936,birth,2879
189.8049613464961,778,0,0,219,1880,1883,0,936,birth,2880
189.81640985307484,777,0,0,219,1880,1884,0,936,death,1851
189.84491581497687,778,0,0,219,1881,1884,0,936,birth,2881
189.87602027977738,778,0,0,218,1881,1885,0,936,death,58
189.8957170118257,778,0,0,217,1881,1886,0,936,death,365
189.90824369155445,779,0,0,217,1882,1886,0,936,birth,2882
189.92921641876492,780,0,0,217,1883,1886,0,936,birth,2883
189.94412128772245,779,0,0,217,1883,1887,0,936,death,2636
190.01550789133043,778,0,0,217,1883,1888,0,936,death,2660
190.04896565250465,777,0,0,217,1883,1889,0,936,death,2335
190.12712089828378,778,0,0,217,1884,1889,0,936,birth,2884
190.14626860058925,779,0,0,217,1885,1889,0,936,birth,2885
190.17559443190288,779,0,0,216,1885,1890,0,936,death,233
190.3085483014606,778,0,0,216,1885,1891,0,936,death,2285
190.39870206228517,779,0,0,216,1886,1891,0,936,birth,2886
190.41191702182917,780,0,0,216,1887,1891,0,936,birth,2887
190.4339130513656,781,0,0,216,1888,1891,0,936,birth,2888
190.46038767647337,782,0,0,216,1889,1891,0,936,birth,2889
190.5283115538826,783,0,0,216,1890,1891,0,936,birth,2890
190.57513245997256,782,0,0,216,1890,1892,0,936,death,2217
190.66648892980677,783,0,0,216,1891,1892,0,936,birth,2891
190.7008169347909,782,0,0,216,1891,1893,0,936,death,1527
190.7362394117028,781,0,0,216,1891,1894,0,936,death,1915
190.74392549903843,780,0,0,216,1891,1895,0,936,death,2593
190.79268470874163,781,0,0,216,1892,1895,0,936,birth,2892
190.8356561894724,782,0,0,216,1893,1895,0,936,birth,2893
190.9361458863754,781,0,0,216,1893,1896,0,936,death,2009
190.97259699658437,782,0,0,216,1894,1896,0,936,birth,2894
191.02805167403648,783,0,0,216,1895,1896,0,936,birth,2895
191.1038077346742,783,0,0,215,1895,1897,0,936,death,1080
191.11604886858444,784,0,0,215,1896,1897,0,936,birth,2896
191.12705609495129,783,0,0,215,1896,1898,0,936,death,2147
191.18809968667225,784,0,0,215,1897,1898,0,936,birth,2897
191.26215207072633,785,0,0,215,1898,1898,0,936,birth,2898
191.29163139144373,786,0,0,215,1899,1898,0,936,birth,2899
191.33032260520406,785,0,0,215,1899,1899,0,936,death,2477
191.3686884577349,786,0,0,215,1900,1899,0,936,birth,2900
191.41392781100254,786,0,0,214,1900,1900,0,936,death,640
191.53140838210356,787,0,0,214,1901,1900,0,936,birth,2901
191.53661244143774,786,0,0,214,1901,1901,0,936,death,2584
191.58986777928337,787,0,0,214,1902,1901,0,936,birth,2902
191.5902945812988,788,0,0,214,1903,1901,0,936,birth,2903
191.74208993152155,787,0,0,214,1903,1902,0,936,death,2306
191.8528342922384,786,0,0,214,1903,1903,0,936,death,2243
191.91208602370529,785,0,0,214,1903,1904,0,936,death,2619
191.92558670907093,784,0,0,214,1903,1905,0,936,death,2893
192.0079197705516,785,0,0,214,1904,1905,0,936,birth,2904
192.1487459560627,784,0,0,214,1904,1906,0,936,death,2531
192.27171744297758,784,0,0,213,1904,1907,0,936,death,786
192.31985234666413,785,0,0,213,1905,1907,0,936,birth,2905
192.35457336264747,784,0,0,213,1905,1908,0,936,death,2886
192.39248904500587,783,0,0,213,1905,1909,0,936,death,2726
192.43381094927702,784,0,0,213,1906,1909,0,936,birth,2906
192.63989362472498,785,0,0,213,1907,1909,0,936,birth,2907
192.6505563277601,786,0,0,213,1908,1909,0,936,birth,2908
192.69309652639856,786,0,0,212,1908,1910,0,936,death,4
192.74368481347352,785,0,0,212,1908,1911,0,936,death,1785
192.7585242193465,784,0,0,212,1908,1912,0,936,death,2291
192.77524667077884,785,0,0,212,1909,1912,0,936,birth,2909
192.79843850755867,786,0,0,212,1910,1912,0,936,birth,2910
192.80645095979912,785,0,0,212,1910,1913,0,936,death,1843
192.8191071808623,786,0,0,212,1911,1913,0,936,birth,2911
192.83787958091833,787,0,0,212,1912,1913,0,936,birth,2912
192.84803663944703,786,0,0,212,1912,1914,0,936,death,1622
192.86444085707382,785,0,0,212,1912,1915,0,936,death,2715
193.04940849551699,785,0,0,211,1912,1916,0,936,death,342
193.07243190961898,786,0,0,211,1913,1916,0,936,birth,2913
193.20587245065758,785,0,0,211,1913,1917,0,936,death,2907
193.274263075586,784,0,0,211,1913,1918,0,936,death,2634
193.32132101750938,785,0,0,211,1914,1918,0,936,birth,2914
193.36705055779498,786,0,0,211,1915,1918,0,936,birth,2915
193.58178176794843,785,0,0,211,1915,1919,0,936,death,1346
193.5875179643655,785,0,0,210,1915,1920,0,936,death,1055
193.66919817134414,786,0,0,210,1916,1920,0,936,birth,2916
193.69863706725056,787,0,0,210,1917,1920,0,936,birth,2917
193.73760041875363,788,0,0,210,1918,1920,0,936,birth,2918
193.74814824114011,788,0,0,209,1918,1921,0,936,death,131
193.80185714226917,787,0,0,209,1918,1922,0,936,death,2465
193.81643911110453,788,0,0,209,1919,1922,0,936,birth,2919
193.81698337955913,789,0,0,209,1920,1922,0,936,birth,2920
193.9954532509346,788,0,0,209,1920,1923,0,936,death,2157
193.99908060620118,787,0,0,209,1920,1924,0,936,death,2845
193.9997848865982,788,0,0,209,1921,1924,0,936,birth,2921
194.03254170888073,789,0,0,209,1922,1924,0,936,birth,2922
194.0847318654365,789,0,0,208,1922,1925,0,936,death,37
194.10335256451177,789,0,0,207,1922,1926,0,936,death,436
194.2635654863465,790,0,0,207,1923,1926,0,936,birth,2923
194.26534243394866,791,0,0,207,1924,1926,0,936,birth,2924
194.31105725501808,790,0,0,207,1924,1927,0,936,death,2583
194.4158099559375,791,0,0,207,1925,1927,0,936,birth,2925
194.50555249562424,792,0,0,207,1926,1927,0,936,birth,2926
194.5601976417909,791,0,0,207,1926,1928,0,936,death,2643
194.6864501522248,792,0,0,207,1927,1928,0,936,birth,2927
194.69224809601155,792,0,0,206,1927,1929,0,936,death,1216
194.74795071672014,793,0,0,206,1928,1929,0,936,birth,2928
194.82399286494103,792,0,0,206,1928,1930,0,936,death,2842
195.0342552292169,793,0,0,206,1929,1930,0,936,birth,2929
195.06494216131057,794,0,0,206,1930,1930,0,936,birth,2930
195.06799794326952,793,0,0,206,1930,1931,0,936,death,1960
195.23355723008353,794,0,0,206,1931,1931,0,936,birth,2931
195.36760434668244,795,0,0,206,1932,1931,0,936,birth,2932
195.39667046821282,796,0,0,206,1933,1931,0,936,birth,2933
195.44422226125815,797,0,0,206,1934,1931,0,936,birth,2934
195.52535977492016,796,0,0,206,1934,1932,0,936,death,2622
195.55243891107207,797,0,0,206,1935,1932,0,936,birth,2935
195.60636946312474,798,0,0,206,1936,1932,0,936,birth,2936
195.6225929111901,799,0,0,206,1937,1932,0,936,birth,2937
195.6622685967923,798,0,0,206,1937,1933,0,936,death,2799
195.66401145433784,799,0,0,206,1938,1933,0,936,birth,2938
195.67556751859462,798,0,0,206,1938,1934,0,936,death,2775
195.7270980394149,797,0,0,206,1938,1935,0,936,death,2926
195.82751482575122,798,0,0,206,1939,1935,0,936,birth,2939
195.90635254743577,799,0,0,206,1940,1935,0,936,birth,2940
195.97047150690167,798,0,0,206,1940,1936,0,936,death,2733
196.01273328513287,797,0,0,206,1940,1937,0,936,death,2298
196.0491004039937,796,0,0,206,1940,1938,0,936,death,2897
196.0890755268994,797,0,0,206,1941,1938,0,936,birth,2941
196.1579595206468,796,0,0,206,1941,1939,0,936,death,2495
196.29310474308113,795,0,0,206,1941,1940,0,936,death,2724
196.40516022337832,794,0,0,206,1941,1941,0,936,death,2250
196.4613305125356,795,0,0,206,1942,1941,0,936,birth,2942
196.46930329873916,796,0,0,206,1943,1941,0,936,birth,2943
196.47783697520185,797,0,0,206,1944,1941,0,936,birth,2944
196.5448861636954,797,0,0,205,1944,1942,0,936,death,1207
196.54495536508034,798,0,0,205,1945,1942,0,936,birth,2945
196.7624140945814,797,0,0,205,1945,1943,0,936,death,2228
196.77968066936842,797,0,0,204,1945,1944,0,936,death,1358
196.78056922473579,798,0,0,204,1946,1944,0,936,birth,2946
196.80999185513417,799,0,0,204,1947,1944,0,936,birth,2947
196.84075624625063,798,0,0,204,1947,1945,0,936,death,1400
196.89598192374527,797,0,0,204,1947,1946,0,936,death,2922
196.91211229378973,798,0,0,204,1948,1946,0,936,birth,2948
196.92290384236694,799,0,0,204,1949,1946,0,936,birth,2949
196.95199079650817,800,0,0,204,1950,1946,0,936,birth,2950
196.97701745764834,800,0,0,203,1950,1947,0,936,death,1261
197.0092736604263,801,0,0,203,1951,1947,0,936,birth,2951
197.04219406394526,800,0,0,203,1951,1948,0,936,death,426
197.0712546715535,799,0,0,203,1951,1949,0,936,death,1992
197.10990306381711,798,0,0,203,1951,1950,0,936,death,1568
197.12441653670624,797,0,0,203,1951,1951,0,936,death,1864
197.18009522659648,796,0,0,203,1951,1952,0,936,death,109
197.23003382435886,797,0,0,203,1952,1952,0,936,birth,2952
197.39104572692705,796,0,0,203,1952,1953,0,936,death,2766
197.40308531149995,795,0,0,203,1952,1954,0,936,death,2555
197.4073416477047,796,0,0,203,1953,1954,0,936,birth,2953
197.474036604292,797,0,0,203,1954,1954,0,936,birth,2954
197.52205700082393,796,0,0,203,1954,1955,0,936,death,2741
197.52471313113986,797,0,0,203,1955,1955,0,936,birth,2955
197.6094871940597,796,0,0,203,1955,1956,0,936,death,2494
197.70794458683196,797,0,0,203,1956,1956,0,936,birth,2956
197.72185632089713,796,0,0,203,1956,1957,0,936,death,1617
197.82786079738315,796,0,0,202,1956,1958,0,936,death,1126
197.88869919337256,795,0,0,202,1956,1959,0,936,death,2525
197.91394703258788,794,0,0,202,1956,1960,0,936,death,2094
197.9182958615,794,0,0,201,1956,1961,0,936,death,1258
198.01438748930252,793,0,0,201,1956,1962,0,936,death,1769
198.028825174531,794,0,0,201,1957,1962,0,936,birth,2957
198.04660737655874,795,0,0,201,1958,1962,0,936,birth,2958
198.15567164891218,794,0,0,201,1958,1963,0,936,death,351
198.18062362095378,795,0,0,201,1959,1963,0,936,birth,2959
198.2412419021966,794,0,0,201,1959,1964,0,936,death,547
198.25414111970989,795,0,0,201,1960,1964,0,936,birth,2960
198.30864798632186,796,0,0,201,1961,1964,0,936,birth,2961
198.33093532278778,796,0,0,200,1961,1965,0,936,death,475
198.33697655022624,797,0,0,200,1962,1965,0,936,birth,2962
198.40114998368114,796,0,0,200,1962,1966,0,936,death,2463
198.48756625006675,797,0,0,200,1963,1966,0,936,birth,2963
198.53354484170464,798,0,0,200,1964,1966,0,936,birth,2964
198.552962489409,799,0,0,200,1965,1966,0,936,birth,2965
198.56143186708726,798,0,0,200,1965,1967,0,936,death,2668
198.56156287985723,799,0,0,200,1966,1967,0,936,birth,2966
198.56273411854303,800,0,0,200,1967,1967,0,936,birth,2967
198.60492250611392,799,0,0,200,1967,1968,0,936,death,2702
198.62497493842244,799,0,0,199,1967,1969,0,936,death,175
198.6309541692504,800,0,0,199,1968,1969,0,936,birth,2968
198.64841969385313,800,0,0,198,1968,1970,0,936,death,315
198.65426261404946,799,0,0,198,1968,1971,0,936,death,2727
198.710155371383,800,0,0,198,1969,1971,0,936,birth,2969
198.7758309581441,799,0,0,198,1969,1972,0,936,death,2020
198.8680921756391,798,0,0,198,1969,1973,0,936,death,1776
198.91168162189706,799,0,0,198,1970,1973,0,936,birth,2970
199.00620083294766,799,0,0,197,1970,1974,0,936,death,562
199.05774216782876,798,0,0,197,1970,1975,0,936,death,2293
199.1265919176685,799,0,0,197,1971,1975,0,936,birth,2971
199.23420065958538,800,0,0,197,1972,1975,0,936,birth,2972
199.26625999141118,801,0,0,197,1973,1975,0,936,birth,2973
199.43913087213335,802,0,0,197,1974,1975,0,936,birth,2974
199.5600797772531,803,0,0,197,1975,1975,0,936,birth,2975
199.61414201705657,802,0,0,197,1975,1976,0,936,death,2960
199.70235465016785,801,0,0,197,1975,1977,0,936,death,2048
199.7529658118854,800,0,0,197,1975,1978,0,936,death,2521
199.81561028745622,801,0,0,197,1976,1978,0,936,birth,2976
199.90034774648922,800,0,0,197,1976,1979,0,936,death,467
199.90863768785553,799,0,0,197,1976,1980,0,936,death,2728
200.00312178788045,798,0,0,197,1976,1981,0,936,death,1840
200.00385303811578,799,0,0,197,1977,1981,0,936,birth,2977
200.05124621853182,800,0,0,197,1978,1981,0,936,birth,2978
200.0876850777854,799,0,0,197,1978,1982,0,936,death,1288
200.12683957893708,798,0,0,197,1978,1983,0,936,death,1591
200.21985567718374,798,0,0,196,1978,1984,0,936,death,115
200.23589964811737,797,0,0,196,1978,1985,0,936,death,2421
200.27171964925432,797,0,0,195,1978,1986,0,936,death,340
200.27926510823613,796,0,0,195,1978,1987,0,936,death,2254
200.35924186215124,795,0,0,195,1978,1988,0,936,death,2295
200.41487363871377,796,0,0,195,1979,1988,0,936,birth,2979
200.46408141432212,797,0,0,195,1980,1988,0,936,birth,2980
200.51085113278296,796,0,0,195,1980,1989,0,936,death,1474
200.5650905028699,795,0,0,195,1980,1990,0,936,death,2564
200.6386374923651,794,0,0,195,1980,1991,0,936,death,2797
200.65767219983027,795,0,0,195,1981,1991,0,936,birth,2981
200.68388359807327,796,0,0,195,1982,1991,0,936,birth,2982
200.74105376587283,795,0,0,195,1982,1992,0,936,death,1918
200.83220131598017,794,0,0,195,1982,1993,0,936,death,2618
200.93630770574893,794,0,0,194,1982,1994,0,936,death,752
200.95164865518578,793,0,0,194,1982,1995,0,936,death,2816
201.0367556351729,793,0,0,193,1982,1996,0,936,death,1248
201.04467699777857,794,0,0,193,1983,1996,0,936,birth,2983
201.05052554351008,793,0,0,193,1983,1997,0,936,death,1761
201.06460691842054,794,0,0,193,1984,1997,0,936,birth,2984
201.1289581766613,795,0,0,193,1985,1997,0,936,birth,2985
201.186808546118,796,0,0,193,1986,1997,0,936,birth,2986
201.1929382850525,795,0,0,193,1986,1998,0,936,death,2479
201.22000847951975,796,0,0,193,1987,1998,0,936,birth,2987
201.2505320485111,797,0,0,193,1988,1998,0,936,birth,2988
201.32442597810066,797,0,0,192,1988,1999,0,936,death,566
201.39992464518176,798,0,0,192,1989,1999,0,936,birth,2989
201.42024551616686,797,0,0,192,1989,2000,0,936,death,2880
201.466873360488,797,0,0,191,1989,2001,0,936,death,1813
201.476749779707,796,0,0,191,1989,2002,0,936,death,1755
201.4857678882259,795,0,0,191,1989,2003,0,936,death,1488
201.48739240998611,796,0,0,191,1990,2003,0,936,birth,2990
201.5948262736159,796,0,0,190,1990,2004,0,936,death,718
201.63109458416443,797,0,0,190,1991,2004,0,936,birth,2991
201.66227025445502,798,0,0,190,1992,2004,0,936,birth,2992
201.69500208113794,797,0,0,190,1992,2005,0,936,death,2467
201.7275965936235,798,0,0,190,1993,2005,0,936,birth,2993
201.9243279352165,799,0,0,190,1994,2005,0,936,birth,2994
201.9321898905225,799,0,0,189,1994,2006,0,936,death,31
201.94963433561995,800,0,0,189,1995,2006,0,936,birth,2995
201.9811123624423,801,0,0,189,1996,2006,0,936,birth,2996
201.99794771060587,802,0,0,189,1997,2006,0,936,birth,2997
202.11688415420386,802,0,0,188,1997,2007,0,936,death,148
202.13879193982663,801,0,0,188,1997,2008,0,936,death,2877
202.17596963091026,801,0,0,187,1997,2009,0,936,death,939
202.2128302187106,802,0,0,187,1998,2009,0,936,birth,2998
202.30623682452173,803,0,0,187,1999,2009,0,936,birth,2999
202.32736030473276,802,0,0,187,1999,2010,0,936,death,2504
202.36452199698343,801,0,0,187,1999,2011,0,936,death,2606
202.36545221297908,802,0,0,187,2000,2011,0,936,birth,3000
202.3891569215646,803,0,0,187,2001,2011,0,936,birth,3001
202.3975783611023,804,0,0,187,2002,2011,0,936,birth,3002
202.49261016639787,805,0,0,187,2003,2011,0,936,birth,3003
202.54240046077763,806,0,0,187,2004,2011,0,936,birth,3004
202.54279891267595,805,0,0,187,2004,2012,0,936,death,2567
202.60349244968765,806,0,0,187,2005,2012,0,936,birth,3005
202.61141536694626,805,0,0,187,2005,2013,0,936,death,2399
202.6371187936292,806,0,0,187,2006,2013,0,936,birth,3006
202.65648680492987,807,0,0,187,2007,2013,0,936,birth,3007
202.66401790202238,808,0,0,187,2008,2013,0,936,birth,3008
202.67317179748022,808,0,0,186,2008,2014,0,936,death,1252
202.6748248177366,809,0,0,186,2009,2014,0,936,birth,3009
202.74491478546935,808,0,0,186,2009,2015,0,936,death,2780
202.78832887217675,807,0,0,186,2009,2016,0,936,death,2987
202.9721794810386,808,0,0,186,2010,2016,0,936,birth,3010
202.98117881069433,809,0,0,186,2011,2016,0,936,birth,3011
203.2638474862563,810,0,0,186,2012,2016,0,936,birth,3012
203.30216005367294,809,0,0,186,2012,2017,0,936,death,2549
203.31013902103808,810,0,0,186,2013,2017,0,936,birth,3013
203.36039930518086,811,0,0,186,2014,2017,0,936,birth,3014
203.3965132997054,812,0,0,186,2015,2017,0,936,birth,3015
203.6020221035369,811,0,0,186,2015,2018,0,936,death,3006
203.6213007524018,810,0,0,186,2015,2019,0,936,death,1925
203.64961483682072,809,0,0,186,2015,2020,0,936,death,2312
203.68348731599315,810,0,0,186,2016,2020,0,936,birth,3016
203.691220660986,811,0,0,186,2017,2020,0,936,birth,3017
203.90879516933438,811,0,0,185,2017,2021,0,936,death,1555
204.00033351621073,810,0,0,185,2017,2022,0,936,death,2308
204.01015470719577,809,0,0,185,2017,2023,0,936,death,2798
204.12231896480083,808,0,0,185,2017,2024,0,936,death,2761
204.12337960177305,809,0,0,185,2018,2024,0,936,birth,3018
204.17749719785797,808,0,0,185,2018,2025,0,936,death,2331
204.18466840495327,807,0,0,185,2018,2026,0,936,death,2648
204.32544000119702,806,0,0,185,2018,2027,0,936,death,2201
204.35741105583944,805,0,0,185,2018,2028,0,936,death,2526
204.35812111752588,806,0,0,185,2019,2028,0,936,birth,3019
204.378339125093,805,0,0,185,2019,2029,0,936,death,1309
204.37929148438965,806,0,0,185,2020,2029,0,936,birth,3020
204.45505806851713,805,0,0,185,2020,2030,0,936,death,2956
204.49290968818602,804,0,0,185,2020,2031,0,936,death,604
204.52962308232497,805,0,0,185,2021,2031,0,936,birth,3021
204.5617101128281,806,0,0,185,2022,2031,0,936,birth,3022
204.59985325667913,807,0,0,185,2023,2031,0,936,birth,3023
204.65412278711284,808,0,0,185,2024,2031,0,936,birth,3024
204.69969886775846,809,0,0,185,2025,2031,0,936,birth,3025
204.71939416176644,808,0,0,185,2025,2032,0,936,death,2822
204.7351910838689,809,0,0,185,2026,2032,0,936,birth,3026
204.82877010080696,808,0,0,185,2026,2033,0,936,death,2838
204.874160557664,809,0,0,185,2027,2033,0,936,birth,3027
204.91696395578344,808,0,0,185,2027,2034,0,936,death,2040
204.91909212039025,807,0,0,185,2027,2035,0,936,death,454
204.97713286778549,808,0,0,185,2028,2035,0,936,birth,3028
204.99714585467711,809,0,0,185,2029,2035,0,936,birth,3029
205.01915386027326,810,0,0,185,2030,2035,0,936,birth,3030
205.1085500266879,809,0,0,185,2030,2036,0,936,death,3027
205.13308005036404,808,0,0,185,2030,2037,0,936,death,2864
205.15095451435982,807,0,0,185,2030,2038,0,936,death,3020
205.21411962900603,807,0,0,184,2030,2039,0,936,death,302
205.23985644333595,808,0,0,184,2031,2039,0,936,birth,3031
205.25678198022837,808,0,0,183,2031,2040,0,936,death,438
205.2628831566534,809,0,0,183,2032,2040,0,936,birth,3032
205.28240738860748,810,0,0,183,2033,2040,0,936,birth,3033
205.3413038783175,809,0,0,183,2033,2041,0,936,death,2187
205.38185566766512,810,0,0,183,2034,2041,0,936,birth,3034
205.47361232889727,811,0,0,183,2035,2041,0,936,birth,3035
205.5758505683592,812,0,0,183,2036,2041,0,936,birth,3036
205.67469431881997,813,0,0,183,2037,2041,0,936,birth,3037
205.68082862987106,812,0,0,183,2037,2042,0,936,death,2530
205.7171271578293,813,0,0,183,2038,2042,0,936,birth,3038
205.72521511633042,812,0,0,183,2038,2043,0,936,death,2334
205.74747616738088,813,0,0,183,2039,2043,0,936,birth,3039
205.7532348492948,812,0,0,183,2039,2044,0,936,death,2453
205.7715762090234,813,0,0,183,2040,2044,0,936,birth,3040
205.78799877940372,812,0,0,183,2040,2045,0,936,death,3007
205.79968345761753,813,0,0,183,2041,2045,0,936,birth,3041
205.8098078925769,812,0,0,183,2041,2046,0,936,death,2474
205.83181362735723,813,0,0,183,2042,2046,0,936,birth,3042
205.84274161843925,813,0,0,182,2042,2047,0,936,death,1038
205.99284094299995,814,0,0,182,2043,2047,0,936,birth,3043
206.00439372910463,813,0,0,182,2043,2048,0,936,death,2577
206.0125569476664,814,0,0,182,2044,2048,0,936,birth,3044
206.02796882287424,813,0,0,182,2044,2049,0,936,death,1520
206.09039751925667,813,0,0,181,2044,2050,0,936,death,1124
206.10000909435715,814,0,0,181,2045,2050,0,936,birth,3045
206.28763059708248,813,0,0,181,2045,2051,0,936,death,2755
206.35431608920325,814,0,0,181,2046,2051,0,936,birth,3046
206.42175529579814,815,0,0,181,2047,2051,0,936,birth,3047
206.45165309689747,814,0,0,181,2047,2052,0,936,death,2723
206.47038190178043,813,0,0,181,2047,2053,0,936,death,2615
206.51325204737628,814,0,0,181,2048,2053,0,936,birth,3048
206.5742162152268,813,0,0,181,2048,2054,0,936,death,1395
206.5960430640102,813,0,0,180,2048,2055,0,936,death,308
206.5963908051066,814,0,0,180,2049,2055,0,936,birth,3049
206.59821265605427,815,0,0,180,2050,2055,0,936,birth,3050
206.61793150089633,815,0,0,179,2050,2056,0,936,death,594
206.62624439642633,816,0,0,179,2051,2056,0,936,birth,3051
206.68385420744426,817,0,0,179,2052,2056,0,936,birth,3052
206.68716054406073,816,0,0,179,2052,2057,0,936,death,2796
206.71254513710466,817,0,0,179,2053,2057,0,936,birth,3053
206.74750191385323,818,0,0,179,2054,2057,0,936,birth,3054
206.79039206791617,819,0,0,179,2055,2057,0,936,birth,3055
206.79160646091708,820,0,0,179,2056,2057,0,936,birth,3056
206.84337678329587,819,0,0,179,2056,2058,0,936,death,2311
206.88010120199766,820,0,0,179,2057,2058,0,936,birth,3057
206.943691659917,821,0,0,179,2058,2058,0,936,birth,3058
206.99890176890278,820,0,0,179,2058,2059,0,936,death,2557
207.05574810384365,819,0,0,179,2058,2060,0,936,death,2053
207.0638033056068,818,0,0,179,2058,2061,0,936,death,2456
207.06594958517323,819,0,0,179,2059,2061,0,936,birth,3059
207.13027483800747,819,0,0,178,2059,2062,0,936,death,231
207.2778778120469,818,0,0,178,2059,2063,0,936,death,2695
207.34834360544457,819,0,0,178,2060,2063,0,936,birth,3060
207.51113726754207,820,0,0,178,2061,2063,0,936,birth,3061
207.54814364183596,819,0,0,178,2061,2064,0,936,death,2687
207.56953166720447,818,0,0,178,2061,2065,0,936,death,1152
207.57846313947917,819,0,0,178,2062,2065,0,936,birth,3062
207.62466566907418,820,0,0,178,2063,2065,0,936,birth,3063
207.63742905816738,821,0,0,178,2064,2065,0,936,birth,3064
207.67998929844538,822,0,0,178,2065,2065,0,936,birth,3065
207.68353607373422,821,0,0,178,2065,2066,0,936,death,1926
207.68629701196244,820,0,0,178,2065,2067,0,936,death,3000
207.72993668682486,821,0,0,178,2066,2067,0,936,birth,3066
207.84104686354272,820,0,0,178,2066,2068,0,936,death,1269
207.84179741725526,821,0,0,178,2067,2068,0,936,birth,3067
207.86253363485696,820,0,0,178,2067,2069,0,936,death,2831
207.9313288407815,819,0,0,178,2067,2070,0,936,death,2552
207.94929419344297,820,0,0,178,2068,2070,0,936,birth,3068
207.99139383406398,819,0,0,178,2068,2071,0,936,death,2182
208.04608602958862,820,0,0,178,2069,2071,0,936,birth,3069
208.06361946530848,819,0,0,178,2069,2072,0,936,death,2774
208.11970558307095,818,0,0,178,2069,2073,0,936,death,2924
208.1449795086503,817,0,0,178,2069,2074,0,936,death,2296
208.16990957352039,816,0,0,178,2069,2075,0,936,death,1937
208.1876369646746,815,0,0,178,2069,2076,0,936,death,2835
208.22285564990779,814,0,0,178,2069,2077,0,936,death,1946
208.23016891961893,815,0,0,178,2070,2077,0,936,birth,3070
208.23335993258902,814,0,0,178,2070,2078,0,936,death,1574
208.28746833865904,815,0,0,178,2071,2078,0,936,birth,3071
208.3116897969294,814,0,0,178,2071,2079,0,936,death,1884
208.31477035646574,815,0,0,178,2072,2079,0,936,birth,3072
208.3897568484436,814,0,0,178,2072,2080,0,936,death,1353
208.47082991554657,815,0,0,178,2073,2080,0,936,birth,3073
208.47605748986928,814,0,0,178,2073,2081,0,936,death,2745
208.4813290461268,813,0,0,178,2073,2082,0,936,death,3025
208.49913325869832,814,0,0,178,2074,2082,0,936,birth,3074
208.60971305315246,813,0,0,178,2074,2083,0,936,death,2691
208.66513070161696,814,0,0,178,2075,2083,0,936,birth,3075
208.69011796352132,815,0,0,178,2076,2083,0,936,birth,3076
208.70248763408574,814,0,0,178,2076,2084,0,936,death,1691
208.74118795890843,815,0,0,178,2077,2084,0,936,birth,3077
208.8135696818721,816,0,0,178,2078,2084,0,936,birth,3078
208.88977886140086,815,0,0,178,2078,2085,0,936,death,1618
208.92995885723073,816,0,0,178,2079,2085,0,936,birth,3079
208.98942210402976,815,0,0,178,2079,2086,0,936,death,2596
209.02118236828488,814,0,0,178,2079,2087,0,936,death,3059
209.06990737306828,813,0,0,178,2079,2088,0,936,death,2534
209.10844520297576,814,0,0,178,2080,2088,0,936,birth,3080
209.11923101857045,815,0,0,178,2081,2088,0,936,birth,3081
209.1592027390606,814,0,0,178,2081,2089,0,936,death,1816
209.18349991369652,815,0,0,178,2082,2089,0,936,birth,3082
209.18359923946159,816,0,0,178,2083,2089,0,936,birth,3083
209.23996135550718,817,0,0,178,2084,2089,0,936,birth,3084
209.34619456826533,816,0,0,178,2084,2090,0,936,death,2793
209.58125332359901,817,0,0,178,2085,2090,0,936,birth,3085
209.58801218910392,818,0,0,178,2086,2090,0,936,birth,3086
209.65945859820715,819,0,0,178,2087,2090,0,936,birth,3087
209.70433213593887,819,0,0,177,2087,2091,0,936,death,228
209.77728586431147,820,0,0,177,2088,2091,0,936,birth,3088
209.8262533057973,821,0,0,177,2089,2091,0,936,birth,3089
209.89695160992082,822,0,0,177,2090,2091,0,936,birth,3090
209.98247065330753,821,0,0,177,2090,2092,0,936,death,2867
210.0823048784388,822,0,0,177,2091,2092,0,936,birth,3091
210.14856182507836,822,0,0,176,2091,2093,0,936,death,87
210.3579479118452,821,0,0,176,2091,2094,0,936,death,2909
210.47269565917185,820,0,0,176,2091,2095,0,936,death,3072
210.4763941244013,821,0,0,176,2092,2095,0,936,birth,3092
210.50608675551823,820,0,0,176,2092,2096,0,936,death,2811
210.5095829337006,821,0,0,176,2093,2096,0,936,birth,3093
210.55292626599368,821,0,0,175,2093,2097,0,936,death,130
210.72574202102285,822,0,0,175,2094,2097,0,936,birth,3094
210.73699249821237,823,0,0,175,2095,2097,0,936,birth,3095
210.76049182040998,822,0,0,175,2095,2098,0,936,death,3019
210.87250493413518,821,0,0,175,2095,2099,0,936,death,2676
210.9855354059553,822,0,0,175,2096,2099,0,936,birth,3096
211.01442497767954,821,0,0,175,2096,2100,0,936,death,1904
211.04026173591262,820,0,0,175,2096,2101,0,936,death,2194
211.24799202012045,819,0,0,175,2096,2102,0,936,death,2846
211.28701153328103,818,0,0,175,2096,2103,0,936,death,1450
211.2995854330848,817,0,0,175,2096,2104,0,936,death,3048
211.33884354250594,818,0,0,175,2097,2104,0,936,birth,3097
211.34334853718144,817,0,0,175,2097,2105,0,936,death,1328
211.34630058812292,817,0,0,174,2097,2106,0,936,death,45
211.37440943664706,816,0,0,174,2097,2107,0,936,death,2708
211.45759130732165,817,0,0,174,2098,2107,0,936,birth,3098
211.48665769306507,816,0,0,174,2098,2108,0,936,death,2694
211.5022797336801,817,0,0,174,2099,2108,0,936,birth,3099
211.57002792497033,818,0,0,174,2100,2108,0,936,birth,3100
211.57365354959438,819,0,0,174,2101,2108,0,936,birth,3101
211.58926073076282,820,0,0,174,2102,2108,0,936,birth,3102
211.59227096308803,819,0,0,174,2102,2109,0,936,death,2608
211.6124382014859,818,0,0,174,2102,2110,0,936,death,2881
211.6599130410232,819,0,0,174,2103,2110,0,936,birth,3103
211.69130836139828,818,0,0,174,2103,2111,0,936,death,2478
211.8664169977084,817,0,0,174,2103,2112,0,936,death,3098
211.89208131921546,816,0,0,174,2103,2113,0,936,death,2704
211.92227863251094,815,0,0,174,2103,2114,0,936,death,2966
212.0715786352489,814,0,0,174,2103,2115,0,936,death,2707
212.1132020150194,813,0,0,174,2103,2116,0,936,death,2787
212.11828298872445,813,0,0,173,2103,2117,0,936,death,865
212.1321398374384,814,0,0,173,2104,2117,0,936,birth,3104
212.13865610158877,814,0,0,172,2104,2118,0,936,death,98
212.16027896010135,815,0,0,172,2105,2118,0,936,birth,3105
212.1709692097481,815,0,0,171,2105,2119,0,936,death,645
212.3142148510824,814,0,0,171,2105,2120,0,936,death,1490
212.32196595263926,813,0,0,171,2105,2121,0,936,death,1905
212.33217327106627,812,0,0,171,2105,2122,0,936,death,1532
212.38174788264854,813,0,0,171,2106,2122,0,936,birth,3106
212.4176744794671,814,0,0,171,2107,2122,0,936,birth,3107
212.47906073914606,813,0,0,171,2107,2123,0,936,death,2989
212.53736268842113,814,0,0,171,2108,2123,0,936,birth,3108
212.6604252541716,815,0,0,171,2109,2123,0,936,birth,3109
212.69791760846994,816,0,0,171,2110,2123,0,936,birth,3110
212.72609541201422,817,0,0,171,2111,2123,0,936,birth,3111
212.86681608201354,818,0,0,171,2112,2123,0,936,birth,3112
212.9018215203143,817,0,0,171,2112,2124,0,936,death,2543
212.90844544964062,818,0,0,171,2113,2124,0,936,birth,3113
212.90978708039475,819,0,0,171,2114,2124,0,936,birth,3114
213.0939968409716,819,0,0,170,2114,2125,0,936,death,1389
213.13797182983828,819,0,0,169,2114,2126,0,936,death,917
213.1933908470705,819,0,0,168,2114,2127,0,936,death,341
213.2176775105982,818,0,0,168,2114,2128,0,936,death,2093
213.2927443085613,819,0,0,168,2115,2128,0,936,birth,3115
213.33593522224973,818,0,0,168,2115,2129,0,936,death,2435
213.3377399191318,817,0,0,168,2115,2130,0,936,death,1896
213.35319060476417,816,0,0,168,2115,2131,0,936,death,2902
213.36602056423018,817,0,0,168,2116,2131,0,936,birth,3116
213.44547604696686,818,0,0,168,2117,2131,0,936,birth,3117
213.4735350749032,819,0,0,168,2118,2131,0,936,birth,3118
213.51585374818427,818,0,0,168,2118,2132,0,936,death,2872
213.66865085920836,817,0,0,168,2118,2133,0,936,death,1584
213.7835903681341,818,0,0,168,2119,2133,0,936,birth,3119
213.81658979140914,819,0,0,168,2120,2133,0,936,birth,3120
213.83017957536106,818,0,0,168,2120,2134,0,936,death,3039
213.89490308079652,819,0,0,168,2121,2134,0,936,birth,3121
213.9113479088076,820,0,0,168,2122,2134,0,936,birth,3122
214.01563139355915,819,0,0,168,2122,2135,0,936,death,2791
214.1907311760259,818,0,0,168,2122,2136,0,936,death,1938
214.26904267714855,819,0,0,168,2123,2136,0,936,birth,3123
214.28190135775623,818,0,0,168,2123,2137,0,936,death,1651
214.3691893286045,819,0,0,168,2124,2137,0,936,birth,3124
214.38430968517935,818,0,0,168,2124,2138,0,936,death,1975
214.44966151925092,817,0,0,168,2124,2139,0,936,death,2328
214.45493899351558,817,0,0,167,2124,2140,0,936,death,1285
214.63425001176154,816,0,0,167,2124,2141,0,936,death,2430
214.67389707929988,815,0,0,167,2124,2142,0,936,death,2245
214.69956898033698,816,0,0,167,2125,2142,0,936,birth,3125
214.73409742892358,817,0,0,167,2126,2142,0,936,birth,3126
214.73525604509362,818,0,0,167,2127,2142,0,936,birth,3127
214.7402672717168,819,0,0,167,2128,2142,0,936,birth,3128
214.82630095047318,818,0,0,167,2128,2143,0,936,death,3125
214.8628667929544,819,0,0,167,2129,2143,0,936,birth,3129
214.87979527948258,818,0,0,167,2129,2144,0,936,death,3129
214.94483948304688,819,0,0,167,2130,2144,0,936,birth,3130
214.9579696800992,818,0,0,167,2130,2145,0,936,death,2232
214.9727701266453,819,0,0,167,2131,2145,0,936,birth,3131
215.00919381068795,818,0,0,167,2131,2146,0,936,death,2200
215.01591832786514,819,0,0,167,2132,2146,0,936,birth,3132
215.13947830328607,820,0,0,167,2133,2146,0,936,birth,3133
215.1576369551675,821,0,0,167,2134,2146,0,936,birth,3134
215.1752407640991,820,0,0,167,2134,2147,0,936,death,1847
215.2264786423345,819,0,0,167,2134,2148,0,936,death,2324
215.25753957039188,820,0,0,167,2135,2148,0,936,birth,3135
215.31087818185296,821,0,0,167,2136,2148,0,936,birth,3136
215.34382139840727,820,0,0,167,2136,2149,0,936,death,2878
215.39587469647427,821,0,0,167,2137,2149,0,936,birth,3137
215.44300187705005,822,0,0,167,2138,2149,0,936,birth,3138
215.61431466614363,823,0,0,167,2139,2149,0,936,birth,3139
215.70539975361726,823,0,0,166,2139,2150,0,936,death,336
215.72936366813866,822,0,0,166,2139,2151,0,936,death,2060
215.7468029864132,823,0,0,166,2140,2151,0,936,birth,3140
215.77422171025694,824,0,0,166,2141,2151,0,936,birth,3141
215.81981630691286,824,0,0,165,2141,2152,0,936,death,760
215.82665468569692,825,0,0,165,2142,2152,0,936,birth,3142
215.8637481912975,824,0,0,165,2142,2153,0,936,death,2946
215.94955817954562,825,0,0,165,2143,2153,0,936,birth,3143
215.9869435337496,824,0,0,165,2143,2154,0,936,death,3116
216.0309851029039,823,0,0,165,2143,2155,0,936,death,2505
216.04786946245977,823,0,0,164,2143,2156,0,936,death,1125
216.07489457984798,822,0,0,164,2143,2157,0,936,death,1920
216.08324741499843,823,0,0,164,2144,2157,0,936,birth,3144
216.17914668220246,822,0,0,164,2144,2158,0,936,death,3028
216.26306726348943,823,0,0,164,2145,2158,0,936,birth,3145
216.27950239299747,822,0,0,164,2145,2159,0,936,death,2826
216.30766431478926,823,0,0,164,2146,2159,0,936,birth,3146
216.3827764876871,824,0,0,164,2147,2159,0,936,birth,3147
216.53898336333052,823,0,0,164,2147,2160,0,936,death,2760
216.61207937846888,822,0,0,164,2147,2161,0,936,death,2898
216.62865125808378,822,0,0,163,2147,2162,0,936,death,194
216.62983639162533,823,0,0,163,2148,2162,0,936,birth,3148
216.648531924129,824,0,0,163,2149,2162,0,936,birth,3149
216.65297165887938,825,0,0,163,2150,2162,0,936,birth,3150
216.66386756571438,824,0,0,163,2150,2163,0,936,death,2502
216.69567520013558,825,0,0,163,2151,2163,0,936,birth,3151
216.70264378559781,824,0,0,163,2151,2164,0,936,death,1661
216.7512180584368,823,0,0,163,2151,2165,0,936,death,2641
216.8757887953189,824,0,0,163,2152,2165,0,936,birth,3152
216.88925029452798,825,0,0,163,2153,2165,0,936,birth,3153
216.93108191697948,826,0,0,163,2154,2165,0,936,birth,3154
216.94394635249597,827,0,0,163,2155,2165,0,936,birth,3155
216.984598363558,826,0,0,163,2155,2166,0,936,death,1744
216.9994487539994,827,0,0,163,2156,2166,0,936,birth,3156
217.00141847271146,828,0,0,163,2157,2166,0,936,birth,3157
217.00944608271107,829,0,0,163,2158,2166,0,936,birth,3158
217.04778370675726,828,0,0,163,2158,2167,0,936,death,2896
217.0812627345934,829,0,0,163,2159,2167,0,936,birth,3159
217.1168934531389,830,0,0,163,2160,2167,0,936,birth,3160
217.23053066149728,829,0,0,163,2160,2168,0,936,death,3002
217.2734425811973,830,0,0,163,2161,2168,0,936,birth,3161
217.28621802430695,831,0,0,163,2162,2168,0,936,birth,3162
217.33322415525728,830,0,0,163,2162,2169,0,936,death,3146
217.4035540336412,831,0,0,163,2163,2169,0,936,birth,3163
217.43594296180981,832,0,0,163,2164,2169,0,936,birth,3164
217.44070465546847,831,0,0,163,2164,2170,0,936,death,2173
217.44176199496906,830,0,0,163,2164,2171,0,936,death,1738
217.48990179325173,829,0,0,163,2164,2172,0,936,death,3060
217.55188940557878,830,0,0,163,2165,2172,0,936,birth,3165
217.55464861542742,829,0,0,163,2165,2173,0,936,death,2656
217.59716909812576,828,0,0,163,2165,2174,0,936,death,2140
217.60479478272123,827,0,0,163,2165,2175,0,936,death,2510
217.64915243670248,828,0,0,163,2166,2175,0,936,birth,3166
217.8761567225974,827,0,0,163,2166,2176,0,936,death,3112
217.91439415663888,826,0,0,163,2166,2177,0,936,death,2655
217.95365551239462,827,0,0,163,2167,2177,0,936,birth,3167
218.0298375017512,826,0,0,163,2167,2178,0,936,death,3081
218.08800278533823,827,0,0,163,2168,2178,0,936,birth,3168
218.14690508299947,828,0,0,163,2169,2178,0,936,birth,3169
218.14814808996596,827,0,0,163,2169,2179,0,936,death,3158
218.16925946347885,826,0,0,163,2169,2180,0,936,death,2722
218.20063467582608,825,0,0,163,2169,2181,0,936,death,3030
218.2441080637609,824,0,0,163,2169,2182,0,936,death,3142
218.25125019147396,825,0,0,163,2170,2182,0,936,birth,3170
218.32136762686306,826,0,0,163,2171,2182,0,936,birth,3171
218.36087788749748,825,0,0,163,2171,2183,0,936,death,2547
218.4090471899943,824,0,0,163,2171,2184,0,936,death,2751
218.47841538229298,823,0,0,163,2171,2185,0,936,death,2885
218.53853854319578,823,0,0,162,2171,2186,0,936,death,1656
218.58395520279387,824,0,0,162,2172,2186,0,936,birth,3172
218.61116015765927,823,0,0,162,2172,2187,0,936,death,2464
218.67965286692922,824,0,0,162,2173,2187,0,936,birth,3173
218.71749028057638,823,0,0,162,2173,2188,0,936,death,2087
218.72470670058038,822,0,0,162,2173,2189,0,936,death,3071
218.75938928423616,821,0,0,162,2173,2190,0,936,death,3157
218.86150157363645,820,0,0,162,2173,2191,0,936,death,2882
218.8965882013599,821,0,0,162,2174,2191,0,936,birth,3174
218.9034870767884,820,0,0,162,2174,2192,0,936,death,1398
218.9362667167414,821,0,0,162,2175,2192,0,936,birth,3175
218.99790262640735,822,0,0,162,2176,2192,0,936,birth,3176
219.00498723769442,823,0,0,162,2177,2192,0,936,birth,3177
219.02894262428987,822,0,0,162,2177,2193,0,936,death,2639
219.05123534967467,823,0,0,162,2178,2193,0,936,birth,3178
219.0539177797409,824,0,0,162,2179,2193,0,936,birth,3179
219.13268985731332,825,0,0,162,2180,2193,0,936,birth,3180
219.16973604910675,824,0,0,162,2180,2194,0,936,death,2628
219.32715306705384,823,0,0,162,2180,2195,0,936,death,2759
219.33349602620765,822,0,0,162,2180,2196,0,936,death,2423
219.38598856705985,821,0,0,162,2180,2197,0,936,death,2951
219.399988633127,821,0,0,161,2180,2198,0,936,death,780
219.42502504102345,821,0,0,160,2180,2199,0,936,death,277
219.43728403810573,820,0,0,160,2180,2200,0,936,death,2563
219.48388790421697,819,0,0,160,2180,2201,0,936,death,2883
219.48402883714164,820,0,0,160,2181,2201,0,936,birth,3181
219.53161987035895,819,0,0,160,2181,2202,0,936,death,2630
219.5622912409068,819,0,0,159,2181,2203,0,936,death,701
219.5720418882951,820,0,0,159,2182,2203,0,936,birth,3182
219.62637284701248,821,0,0,159,2183,2203,0,936,birth,3183
219.69198449171256,820,0,0,159,2183,2204,0,936,death,1795
219.77980181974732,819,0,0,159,2183,2205,0,936,death,2590
219.78855486177827,820,0,0,159,2184,2205,0,936,birth,3184
219.7975700018599,821,0,0,159,2185,2205,0,936,birth,3185
219.84365657907117,820,0,0,159,2185,2206,0,936,death,3064
219.84595742435064,821,0,0,159,2186,2206,0,936,birth,3186
219.88859425772372,820,0,0,159,2186,2207,0,936,death,2398
219.92168785615175,821,0,0,159,2187,2207,0,936,birth,3187
219.96091581219034,821,0,0,158,2187,2208,0,936,death,218
219.9704136679515,820,0,0,158,2187,2209,0,936,death,1772
219.98017128410248,821,0,0,158,2188,2209,0,936,birth,3188
220.06916311990736,822,0,0,158,2189,2209,0,936,birth,3189
220.0861944419612,821,0,0,158,2189,2210,0,936,death,2991
220.20743689527717,822,0,0,158,2190,2210,0,936,birth,3190
220.23611300181648,821,0,0,158,2190,2211,0,936,death,1882
220.42721595712163,822,0,0,158,2191,2211,0,936,birth,3191
220.46425823096632,823,0,0,158,2192,2211,0,936,birth,3192
220.57766723238996,824,0,0,158,2193,2211,0,936,birth,3193
220.58267758827532,825,0,0,158,2194,2211,0,936,birth,3194
220.58628304185444,826,0,0,158,2195,2211,0,936,birth,3195
220.61567782353316,827,0,0,158,2196,2211,0,936,birth,3196
220.64214522877137,828,0,0,158,2197,2211,0,936,birth,3197
220.64217183107095,829,0,0,158,2198,2211,0,936,birth,3198
220.6676138236235,830,0,0,158,2199,2211,0,936,birth,3199
220.68869106002296,831,0,0,158,2200,2211,0,936,birth,3200
220.77785658474352,830,0,0,158,2200,2212,0,936,death,2827
220.91135737100382,831,0,0,158,2201,2212,0,936,birth,3201
220.9188678980859,830,0,0,158,2201,2213,0,936,death,163
220.96207897344308,831,0,0,158,2202,2213,0,936,birth,3202
220.97469963831043,830,0,0,158,2202,2214,0,936,death,2616
220.9875520692822,830,0,0,157,2202,2215,0,936,death,1056
221.01595549447762,831,0,0,157,2203,2215,0,936,birth,3203
221.28004463713262,832,0,0,157,2204,2215,0,936,birth,3204
221.32395098042676,833,0,0,157,2205,2215,0,936,birth,3205
221.3669869252085,832,0,0,157,2205,2216,0,936,death,3173
221.37633839926013,831,0,0,157,2205,2217,0,936,death,2931
221.38128913830627,832,0,0,157,2206,2217,0,936,birth,3206
221.4139278100682,833,0,0,157,2207,2217,0,936,birth,3207
221.43683391193434,834,0,0,157,2208,2217,0,936,birth,3208
221.5627710729825,835,0,0,157,2209,2217,0,936,birth,3209
221.59047886344158,836,0,0,157,2210,2217,0,936,birth,3210
221.60627579037444,835,0,0,157,2210,2218,0,936,death,2190
221.6220761804842,836,0,0,157,2211,2218,0,936,birth,3211
221.62433337842828,836,0,0,156,2211,2219,0,936,death,537
221.65581901915834,837,0,0,156,2212,2219,0,936,birth,3212
221.73988103101647,836,0,0,156,2212,2220,0,936,death,2336
221.85270185823734,837,0,0,156,2213,2220,0,936,birth,3213
221.873006010976,836,0,0,156,2213,2221,0,936,death,2742
221.88550989008743,837,0,0,156,2214,2221,0,936,birth,3214
221.9004278830102,836,0,0,156,2214,2222,0,936,death,2894
221.92642740816038,837,0,0,156,2215,2222,0,936,birth,3215
222.10650125521144,837,0,0,155,2215,2223,0,936,death,34
222.12427143553342,837,0,0,154,2215,2224,0,936,death,323
222.24643846332862,836,0,0,154,2215,2225,0,936,death,2239
222.28161785075196,835,0,0,154,2215,2226,0,936,death,2110
222.3747235843447,834,0,0,154,2215,2227,0,936,death,3196
222.48370929163713,833,0,0,154,2215,2228,0,936,death,2599
222.49055184783015,832,0,0,154,2215,2229,0,936,death,3110
222.50155007967544,833,0,0,154,2216,2229,0,936,birth,3216
222.51830009939704,834,0,0,154,2217,2229,0,936,birth,3217
222.70522957382417,833,0,0,154,2217,2230,0,936,death,2764
222.72589796175077,832,0,0,154,2217,2231,0,936,death,2984
222.8319055894101,833,0,0,154,2218,2231,0,936,birth,3218
222.8386171877868,832,0,0,154,2218,2232,0,936,death,3082
222.864049043341,831,0,0,154,2218,2233,0,936,death,2632
222.8682478400972,832,0,0,154,2219,2233,0,936,birth,3219
222.87622294459493,831,0,0,154,2219,2234,0,936,death,2853
223.06912890679013,830,0,0,154,2219,2235,0,936,death,2476
223.07067787987066,831,0,0,154,2220,2235,0,936,birth,3220
223.18178458145252,830,0,0,154,2220,2236,0,936,death,2958
223.2040129602763,829,0,0,154,2220,2237,0,936,death,307
223.20501146593153,830,0,0,154,2221,2237,0,936,birth,3221
223.22860221650905,831,0,0,154,2222,2237,0,936,birth,3222
223.24117529192154,830,0,0,154,2222,2238,0,936,death,2482
223.34203405575042,831,0,0,154,2223,2238,0,936,birth,3223
223.35114047317228,830,0,0,154,2223,2239,0,936,death,2914
223.35730300906727,829,0,0,154,2223,2240,0,936,death,2679
223.40180353113072,830,0,0,154,2224,2240,0,936,birth,3224
223.48243299236918,831,0,0,154,2225,2240,0,936,birth,3225
223.62356123804025,830,0,0,154,2225,2241,0,936,death,2955
223.71144569110322,830,0,0,153,2225,2242,0,936,death,629
223.72586746504578,831,0,0,153,2226,2242,0,936,birth,3226
223.8066152385191,830,0,0,153,2226,2243,0,936,death,3204
223.85550711818908,829,0,0,153,2226,2244,0,936,death,2387
223.8834853024839,830,0,0,153,2227,2244,0,936,birth,3227
223.96576682528996,829,0,0,153,2227,2245,0,936,death,2735
223.96810141150382,830,0,0,153,2228,2245,0,936,birth,3228
224.08679171672566,829,0,0,153,2228,2246,0,936,death,3224
224.1039597764297,829,0,0,152,2228,2247,0,936,death,1167
224.2513323780936,828,0,0,152,2228,2248,0,936,death,3097
224.25294538878975,829,0,0,152,2229,2248,0,936,birth,3229
224.32379506898516,830,0,0,152,2230,2248,0,936,birth,3230
224.41135656311758,831,0,0,152,2231,2248,0,936,birth,3231
224.4377412238409,830,0,0,152,2231,2249,0,936,death,3231
224.49936578835323,831,0,0,152,2232,2249,0,936,birth,3232
224.5465316337214,830,0,0,152,2232,2250,0,936,death,2820
224.66835699695707,829,0,0,152,2232,2251,0,936,death,2873
224.72175423347846,830,0,0,152,2233,2251,0,936,birth,3233
224.8820223750876,831,0,0,152,2234,2251,0,936,birth,3234
224.95612090678347,832,0,0,152,2235,2251,0,936,birth,3235
224.9687764316408,833,0,0,152,2236,2251,0,936,birth,3236
225.0062745799778,832,0,0,152,2236,2252,0,936,death,2429
225.0557476007311,833,0,0,152,2237,2252,0,936,birth,3237
225.1598854524151,832,0,0,152,2237,2253,0,936,death,3073
225.3035523872618,831,0,0,152,2237,2254,0,936,death,2139
225.40047408641826,830,0,0,152,2237,2255,0,936,death,2871
225.4071290334956,829,0,0,152,2237,2256,0,936,death,2968
225.42817566252688,830,0,0,152,2238,2256,0,936,birth,3238
225.44678331360046,829,0,0,152,2238,2257,0,936,death,2419
225.45301432866512,830,0,0,152,2239,2257,0,936,birth,3239
225.47114989376485,829,0,0,152,2239,2258,0,936,death,3088
225.49781391954707,828,0,0,152,2239,2259,0,936,death,2064
225.56196180519888,827,0,0,152,2239,2260,0,936,death,2688
225.58429334227586,828,0,0,152,2240,2260,0,936,birth,3240
225.6616451170375,827,0,0,152,2240,2261,0,936,death,1232
225.67467297691482,828,0,0,152,2241,2261,0,936,birth,3241
225.75977839323158,829,0,0,152,2242,2261,0,936,birth,3242
225.78589592870563,830,0,0,152,2243,2261,0,936,birth,3243
225.81504025927927,829,0,0,152,2243,2262,0,936,death,3211
225.84282593671784,828,0,0,152,2243,2263,0,936,death,2633
225.84418035815233,829,0,0,152,2244,2263,0,936,birth,3244
225.87574318496516,830,0,0,152,2245,2263,0,936,birth,3245
225.89075416137243,831,0,0,152,2246,2263,0,936,birth,3246
225.9661562431162,832,0,0,152,2247,2263,0,936,birth,3247
225.99548521527814,831,0,0,152,2247,2264,0,936,death,2976
226.00446399778943,832,0,0,152,2248,2264,0,936,birth,3248
226.09544803059507,833,0,0,152,2249,2264,0,936,birth,3249
226.19538172851344,832,0,0,152,2249,2265,0,936,death,2683
226.2831390785876,831,0,0,152,2249,2266,0,936,death,2961
226.3540942691585,830,0,0,152,2249,2267,0,936,death,1874
226.3767633866551,829,0,0,152,2249,2268,0,936,death,2814
226.41791881347552,830,0,0,152,2250,2268,0,936,birth,3250
226.42786029726824,831,0,0,152,2251,2268,0,936,birth,3251
226.514108065693,832,0,0,152,2252,2268,0,936,birth,3252
226.59988339898726,831,0,0,152,2252,2269,0,936,death,3241
226.67070964004031,832,0,0,152,2253,2269,0,936,birth,3253
226.71229162727482,831,0,0,152,2253,2270,0,936,death,3155
226.76961983263212,830,0,0,152,2253,2271,0,936,death,1123
226.80379417494606,831,0,0,152,2254,2271,0,936,birth,3254
226.82894087280195,830,0,0,152,2254,2272,0,936,death,2870
226.862805249894,831,0,0,152,2255,2272,0,936,birth,3255
226.90802075265532,831,0,0,151,2255,2273,0,936,death,552
226.91463526301948,830,0,0,151,2255,2274,0,936,death,1966
227.04047463367306,831,0,0,151,2256,2274,0,936,birth,3256
227.0529872157841,830,0,0,151,2256,2275,0,936,death,2006
227.05880684375526,831,0,0,151,2257,2275,0,936,birth,3257
227.11933648107097,832,0,0,151,2258,2275,0,936,birth,3258
227.2066406829704,833,0,0,151,2259,2275,0,936,birth,3259
227.2553236997703,832,0,0,151,2259,2276,0,936,death,1344
227.52262000675296,833,0,0,151,2260,2276,0,936,birth,3260
227.55433967990572,834,0,0,151,2261,2276,0,936,birth,3261
227.60447736398453,833,0,0,151,2261,2277,0,936,death,1426
227.6279952342611,834,0,0,151,2262,2277,0,936,birth,3262
227.79094851941932,835,0,0,151,2263,2277,0,936,birth,3263
227.8337577439266,836,0,0,151,2264,2277,0,936,birth,3264
228.00628964497184,835,0,0,151,2264,2278,0,936,death,2337
228.10527327674748,834,0,0,151,2264,2279,0,936,death,3131
228.1381043594899,835,0,0,151,2265,2279,0,936,birth,3265
228.14885585606427,836,0,0,151,2266,2279,0,936,birth,3266
228.19951859326207,837,0,0,151,2267,2279,0,936,birth,3267
228.19993211939416,836,0,0,151,2267,2280,0,936,death,2097
228.26217968118266,836,0,0,150,2267,2281,0,936,death,267
228.4013027342166,835,0,0,150,2267,2282,0,936,death,3228
228.42486174055327,836,0,0,150,2268,2282,0,936,birth,3268
228.4444683597061,835,0,0,150,2268,2283,0,936,death,2957
228.4569654836778,836,0,0,150,2269,2283,0,936,birth,3269
228.4672485240125,837,0,0,150,2270,2283,0,936,birth,3270
228.47752843748216,838,0,0,150,2271,2283,0,936,birth,3271
228.4846097903727,837,0,0,150,2271,2284,0,936,death,2981
228.5055793060929,838,0,0,150,2272,2284,0,936,birth,3272
228.5317051782508,838,0,0,149,2272,2285,0,936,death,1035
228.59239496351853,838,0,0,148,2272,2286,0,936,death,1113
228.61525660978347,837,0,0,148,2272,2287,0,936,death,3260
228.67562569918488,836,0,0,148,2272,2288,0,936,death,2258
228.6790666392304,836,0,0,147,2272,2289,0,936,death,966
228.71550935274436,835,0,0,147,2272,2290,0,936,death,2720
228.75083672281687,834,0,0,147,2272,2291,0,936,death,2519
228.86993997865744,833,0,0,147,2272,2292,0,936,death,1982
229.08109604898158,832,0,0,147,2272,2293,0,936,death,2837
229.1762978398199,831,0,0,147,2272,2294,0,936,death,2875
229.17844240999406,832,0,0,147,2273,2294,0,936,birth,3273
229.28441605846194,832,0,0,146,2273,2295,0,936,death,567
229.41981909354428,831,0,0,146,2273,2296,0,936,death,1602
229.48370658801744,832,0,0,146,2274,2296,0,936,birth,3274
229.49233672863363,833,0,0,146,2275,2296,0,936,birth,3275
229.49571582580398,832,0,0,146,2275,2297,0,936,death,2125
229.54997629349663,833,0,0,146,2276,2297,0,936,birth,3276
229.6330841008807,834,0,0,146,2277,2297,0,936,birth,3277
229.70905750026682,835,0,0,146,2278,2297,0,936,birth,3278
229.76326688790135,834,0,0,146,2278,2298,0,936,death,2323
229.83600788302098,833,0,0,146,2278,2299,0,936,death,2341
229.98110476546015,834,0,0,146,2279,2299,0,936,birth,3279
230.0820893204187,833,0,0,146,2279,2300,0,936,death,1549
230.12835949470468,832,0,0,146,2279,2301,0,936,death,2746
230.14824399922546,831,0,0,146,2279,2302,0,936,death,1273
230.15550382764283,830,0,0,146,2279,2303,0,936,death,2058
230.19213582191745,829,0,0,146,2279,2304,0,936,death,3230
230.2191068063955,830,0,0,146,2280,2304,0,936,birth,3280
230.26562574435187,831,0,0,146,2281,2304,0,936,birth,3281
230.30898812614703,830,0,0,146,2281,2305,0,936,death,1794
230.41193208024364,831,0,0,146,2282,2305,0,936,birth,3282
230.57412262692728,832,0,0,146,2283,2305,0,936,birth,3283
230.58600113602216,831,0,0,146,2283,2306,0,936,death,2988
230.73357109694538,832,0,0,146,2284,2306,0,936,birth,3284
230.76698028851078,831,0,0,146,2284,2307,0,936,death,2905
230.86792597705642,830,0,0,146,2284,2308,0,936,death,2847
230.92987640113927,829,0,0,146,2284,2309,0,936,death,3279
230.97567425308736,828,0,0,146,2284,2310,0,936,death,3172
230.97758453815086,827,0,0,146,2284,2311,0,936,death,2070
230.9794537523214,826,0,0,146,2284,2312,0,936,death,2294
230.99649355196541,825,0,0,146,2284,2313,0,936,death,3051
231.03813908235713,826,0,0,146,2285,2313,0,936,birth,3285
231.0452052951411,825,0,0,146,2285,2314,0,936,death,2283
231.09102753663947,826,0,0,146,2286,2314,0,936,birth,3286
231.11267526113502,827,0,0,146,2287,2314,0,936,birth,3287
231.274958557208,828,0,0,146,2288,2314,0,936,birth,3288
231.41403619575163,829,0,0,146,2289,2314,0,936,birth,3289
231.44571325490776,828,0,0,146,2289,2315,0,936,death,2730
231.4570210707292,827,0,0,146,2289,2316,0,936,death,3217
231.5129119064365,826,0,0,146,2289,2317,0,936,death,1855
231.51828372758936,825,0,0,146,2289,2318,0,936,death,2953
231.53470767442766,826,0,0,146,2290,2318,0,936,birth,3290
231.5507546174241,827,0,0,146,2291,2318,0,936,birth,3291
231.5912686660787,827,0,0,145,2291,2319,0,936,death,1265
231.6849898342804,826,0,0,145,2291,2320,0,936,death,3083
231.7146389059938,825,0,0,145,2291,2321,0,936,death,3159
231.7366869674796,826,0,0,145,2292,2321,0,936,birth,3292
231.80016551200634,825,0,0,145,2292,2322,0,936,death,2556
231.80700559620308,826,0,0,145,2293,2322,0,936,birth,3293
231.8658310327403,825,0,0,145,2293,2323,0,936,death,3206
231.87284193453314,824,0,0,145,2293,2324,0,936,death,2031
231.91739867592403,823,0,0,145,2293,2325,0,936,death,2486
232.05237384483348,822,0,0,145,2293,2326,0,936,death,2017
232.10212379419062,821,0,0,145,2293,2327,0,936,death,2698
232.12558076670348,822,0,0,145,2294,2327,0,936,birth,3294
232.15416342731888,823,0,0,145,2295,2327,0,936,birth,3295
232.17656893178696,822,0,0,145,2295,2328,0,936,death,2391
232.18349659228957,823,0,0,145,2296,2328,0,936,birth,3296
232.24108353373262,822,0,0,145,2296,2329,0,936,death,2983
232.3175211387525,821,0,0,145,2296,2330,0,936,death,2855
232.44113233172246,820,0,0,145,2296,2331,0,936,death,3128
232.54992473226372,819,0,0,145,2296,2332,0,936,death,2307
232.62371281194754,820,0,0,145,2297,2332,0,936,birth,3297
232.65542058685347,821,0,0,145,2298,2332,0,936,birth,3298
232.6632532161475,822,0,0,145,2299,2332,0,936,birth,3299
232.6727207201884,823,0,0,145,2300,2332,0,936,birth,3300
232.7794127163341,824,0,0,145,2301,2332,0,936,birth,3301
232.78369269711902,825,0,0,145,2302,2332,0,936,birth,3302
232.79358036180454,826,0,0,145,2303,2332,0,936,birth,3303
232.80031251450924,826,0,0,144,2303,2333,0,936,death,1747
232.879540853446,827,0,0,144,2304,2333,0,936,birth,3304
232.88713327583682,828,0,0,144,2305,2333,0,936,birth,3305
232.91790506376935,827,0,0,144,2305,2334,0,936,death,2920
232.93981436274882,827,0,0,143,2305,2335,0,936,death,1234
232.9798566715376,828,0,0,143,2306,2335,0,936,birth,3306
233.0354941158359,829,0,0,143,2307,2335,0,936,birth,3307
233.0855567904398,830,0,0,143,2308,2335,0,936,birth,3308
233.10652246171242,831,0,0,143,2309,2335,0,936,birth,3309
233.1546280139934,832,0,0,143,2310,2335,0,936,birth,3310
233.3476491899328,832,0,0,142,2310,2336,0,936,death,994
233.43369580075296,831,0,0,142,2310,2337,0,936,death,3187
233.43445059413173,832,0,0,142,2311,2337,0,936,birth,3311
233.5389594143465,832,0,0,141,2311,2338,0,936,death,638
233.56367861925057,831,0,0,141,2311,2339,0,936,death,3062
233.61778917157594,832,0,0,141,2312,2339,0,936,birth,3312
233.64276189006563,831,0,0,141,2312,2340,0,936,death,2773
233.6670576935277,830,0,0,141,2312,2341,0,936,death,3107
233.71887391908942,829,0,0,141,2312,2342,0,936,death,344
233.81274273738245,828,0,0,141,2312,2343,0,936,death,3058
233.81714501274098,829,0,0,141,2313,2343,0,936,birth,3313
233.93120904878757,830,0,0,141,2314,2343,0,936,birth,3314
233.93667190395496,829,0,0,141,2314,2344,0,936,death,3191
233.99338678568986,828,0,0,141,2314,2345,0,936,death,3069
234.1798688123975,829,0,0,141,2315,2345,0,936,birth,3315
234.2046469344752,828,0,0,141,2315,2346,0,936,death,2769
234.28703906296798,829,0,0,141,2316,2346,0,936,birth,3316
234.31290862047612,828,0,0,141,2316,2347,0,936,death,2690
234.40184953834788,829,0,0,141,2317,2347,0,936,birth,3317
234.5151131819104,828,0,0,141,2317,2348,0,936,death,2042
234.51738526039378,829,0,0,141,2318,2348,0,936,birth,3318
234.55668479272555,830,0,0,141,2319,2348,0,936,birth,3319
234.5713832396734,831,0,0,141,2320,2348,0,936,birth,3320
234.58628470288596,832,0,0,141,2321,2348,0,936,birth,3321
234.68140556447625,831,0,0,141,2321,2349,0,936,death,3198
234.70113431594808,832,0,0,141,2322,2349,0,936,birth,3322
234.82266345328057,833,0,0,141,2323,2349,0,936,birth,3323
234.8576405287388,833,0,0,140,2323,2350,0,936,death,230
234.87972387749707,832,0,0,140,2323,2351,0,936,death,2748
234.98466560940582,831,0,0,140,2323,2352,0,936,death,1422
234.98829440525904,830,0,0,140,2323,2353,0,936,death,1577
235.09011143644474,831,0,0,140,2324,2353,0,936,birth,3324
235.22145491252053,831,0,0,139,2324,2354,0,936,death,748
235.25565520350858,832,0,0,139,2325,2354,0,936,birth,3325
235.27465509409166,833,0,0,139,2326,2354,0,936,birth,3326
235.30264409040967,834,0,0,139,2327,2354,0,936,birth,3327
235.57347219266325,835,0,0,139,2328,2354,0,936,birth,3328
235.6258169696277,834,0,0,139,2328,2355,0,936,death,2383
235.80873718570473,833,0,0,139,2328,2356,0,936,death,2244
235.9823830031214,832,0,0,139,2328,2357,0,936,death,3290
236.02500405675272,831,0,0,139,2328,2358,0,936,death,3118
236.04898915050492,832,0,0,139,2329,2358,0,936,birth,3329
236.05171300368136,833,0,0,139,2330,2358,0,936,birth,3330
236.11192368880873,832,0,0,139,2330,2359,0,936,death,1692
236.15283074182616,833,0,0,139,2331,2359,0,936,birth,3331
236.1606510469024,832,0,0,139,2331,2360,0,936,death,2438
236.19036244318673,833,0,0,139,2332,2360,0,936,birth,3332
236.2085296037802,832,0,0,139,2332,2361,0,936,death,2109
236.22885306207118,831,0,0,139,2332,2362,0,936,death,3192
236.2389344117779,832,0,0,139,2333,2362,0,936,birth,3333
236.28464023316187,833,0,0,139,2334,2362,0,936,birth,3334
236.3367001345924,832,0,0,139,2334,2363,0,936,death,196
236.36563852603342,831,0,0,139,2334,2364,0,936,death,3086
236.38031717993488,830,0,0,139,2334,2365,0,936,death,2355
236.39923176633218,829,0,0,139,2334,2366,0,936,death,2817
236.54366893626607,830,0,0,139,2335,2366,0,936,birth,3335
236.58863130447307,831,0,0,139,2336,2366,0,936,birth,3336
236.76622279778155,832,0,0,139,2337,2366,0,936,birth,3337
236.78638627999618,831,0,0,139,2337,2367,0,936,death,2731
236.79722367891537,832,0,0,139,2338,2367,0,936,birth,3338
236.85317959025352,831,0,0,139,2338,2368,0,936,death,3248
236.87225794044033,832,0,0,139,2339,2368,0,936,birth,3339
236.88835182285447,832,0,0,138,2339,2369,0,936,death,873
236.90053499728572,831,0,0,138,2339,2370,0,936,death,2658
236.93524356557194,832,0,0,138,2340,2370,0,936,birth,3340
236.96880527308224,833,0,0,138,2341,2370,0,936,birth,3341
236.96929646939958,833,0,0,137,2341,2371,0,936,death,25
237.015934393414,832,0,0,137,2341,2372,0,936,death,2771
237.1122870465252,833,0,0,137,2342,2372,0,936,birth,3342
237.17449245813376,834,0,0,137,2343,2372,0,936,birth,3343
237.22979591483357,835,0,0,137,2344,2372,0,936,birth,3344
237.23197798555287,834,0,0,137,2344,2373,0,936,death,3111
237.3200767453988,833,0,0,137,2344,2374,0,936,death,2854
237.40191429691342,832,0,0,137,2344,2375,0,936,death,2152
237.54002008152995,833,0,0,137,2345,2375,0,936,birth,3345
237.6611521173815,834,0,0,137,2346,2375,0,936,birth,3346
237.67099204059187,835,0,0,137,2347,2375,0,936,birth,3347
237.71812849510002,834,0,0,137,2347,2376,0,936,death,1808
237.72135256004105,833,0,0,137,2347,2377,0,936,death,3075
237.7303892285119,832,0,0,137,2347,2378,0,936,death,548
237.73054309624044,833,0,0,137,2348,2378,0,936,birth,3348
237.77610027730998,832,0,0,137,2348,2379,0,936,death,2124
237.82610369111936,833,0,0,137,2349,2379,0,936,birth,3349
237.94297360152575,834,0,0,137,2350,2379,0,936,birth,3350
237.98659887702794,835,0,0,137,2351,2379,0,936,birth,3351
238.06402794112466,836,0,0,137,2352,2379,0,936,birth,3352
238.06546616604803,837,0,0,137,2353,2379,0,936,birth,3353
238.11499470969648,836,0,0,137,2353,2380,0,936,death,2107
238.18454206111912,835,0,0,137,2353,2381,0,936,death,1660
238.21461117002514,835,0,0,136,2353,2382,0,936,death,559
238.26943689930903,835,0,0,135,2353,2383,0,936,death,57
238.29610386325646,836,0,0,135,2354,2383,0,936,birth,3354
238.30288492074047,837,0,0,135,2355,2383,0,936,birth,3355
238.31080745561746,836,0,0,135,2355,2384,0,936,death,2963
238.34662324986112,837,0,0,135,2356,2384,0,936,birth,3356
238.47568175307953,836,0,0,135,2356,2385,0,936,death,3284
238.52569604276968,835,0,0,135,2356,2386,0,936,death,3265
238.52617911187548,836,0,0,135,2357,2386,0,936,birth,3357
238.54194278673756,837,0,0,135,2358,2386,0,936,birth,3358
238.66857042208233,836,0,0,135,2358,2387,0,936,death,1911
238.6977658650422,837,0,0,135,2359,2387,0,936,birth,3359
238.75601063073952,838,0,0,135,2360,2387,0,936,birth,3360
238.79627281628387,839,0,0,135,2361,2387,0,936,birth,3361
238.86786669073655,840,0,0,135,2362,2387,0,936,birth,3362
238.87750791723664,841,0,0,135,2363,2387,0,936,birth,3363
239.0873703012894,842,0,0,135,2364,2387,0,936,birth,3364
239.11669476071725,841,0,0,135,2364,2388,0,936,death,2432
239.16428832455966,840,0,0,135,2364,2389,0,936,death,2783
239.24421626858785,839,0,0,135,2364,2390,0,936,death,2884
239.26826478743266,840,0,0,135,2365,2390,0,936,birth,3365
239.29460174111722,841,0,0,135,2366,2390,0,936,birth,3366
239.3527798293981,840,0,0,135,2366,2391,0,936,death,3182
239.36462329326656,839,0,0,135,2366,2392,0,936,death,2086
239.4651069829473,838,0,0,135,2366,2393,0,936,death,3044
239.52347230981485,837,0,0,135,2366,2394,0,936,death,3320
239.55485095307318,836,0,0,135,2366,2395,0,936,death,2448
239.59338760441503,835,0,0,135,2366,2396,0,936,death,2908
239.70812692093256,836,0,0,135,2367,2396,0,936,birth,3367
239.77796977099226,837,0,0,135,2368,2396,0,936,birth,3368
239.87299918727047,838,0,0,135,2369,2396,0,936,birth,3369
239.92785616484056,839,0,0,135,2370,2396,0,936,birth,3370
240.0212189582915,838,0,0,135,2370,2397,0,936,death,3367
240.03621025278198,837,0,0,135,2370,2398,0,936,death,2843
240.08864551126737,838,0,0,135,2371,2398,0,936,birth,3371
240.08923340121447,837,0,0,135,2371,2399,0,936,death,3301
240.1671522556798,836,0,0,135,2371,2400,0,936,death,2888
240.3128253934361,837,0,0,135,2372,2400,0,936,birth,3372
240.33251350869554,838,0,0,135,2373,2400,0,936,birth,3373
240.33757075108625,837,0,0,135,2373,2401,0,936,death,3239
240.34234441867744,836,0,0,135,2373,2402,0,936,death,3087
240.34828074333075,837,0,0,135,2374,2402,0,936,birth,3374
240.35569085517292,838,0,0,135,2375,2402,0,936,birth,3375
240.53245088170036,837,0,0,135,2375,2403,0,936,death,1876
240.592472603631,836,0,0,135,2375,2404,0,936,death,3070
240.68320141791165,836,0,0,134,2375,2405,0,936,death,1624
240.70182895906828,837,0,0,134,2376,2405,0,936,birth,3376
240.7051258490068,836,0,0,134,2376,2406,0,936,death,2069
240.73616145966074,837,0,0,134,2377,2406,0,936,birth,3377
240.7533344725765,838,0,0,134,2378,2406,0,936,birth,3378
240.80222599415526,837,0,0,134,2378,2407,0,936,death,3103
240.859825002205,836,0,0,134,2378,2408,0,936,death,2860
240.9923198184557,837,0,0,134,2379,2408,0,936,birth,3379
241.04941675555384,838,0,0,134,2380,2408,0,936,birth,3380
241.08113715780783,839,0,0,134,2381,2408,0,936,birth,3381
241.210514068195,840,0,0,134,2382,2408,0,936,birth,3382
241.22083323438608,841,0,0,134,2383,2408,0,936,birth,3383
241.24000487954186,842,0,0,134,2384,2408,0,936,birth,3384
241.26917213264147,841,0,0,134,2384,2409,0,936,death,3258
241.27568284666356,840,0,0,134,2384,2410,0,936,death,2356
241.40577059556801,840,0,0,133,2384,2411,0,936,death,1150
241.52478696065418,839,0,0,133,2384,2412,0,936,death,2446
241.5342395465836,840,0,0,133,2385,2412,0,936,birth,3385
241.5586160344999,839,0,0,133,2385,2413,0,936,death,3351
241.5615706809249,840,0,0,133,2386,2413,0,936,birth,3386
241.62947419606314,841,0,0,133,2387,2413,0,936,birth,3387
241.6484772807972,842,0,0,133,2388,2413,0,936,birth,3388
241.6887881546322,841,0,0,133,2388,2414,0,936,death,2965
241.75403554401058,841,0,0,132,2388,2415,0,936,death,1073
241.77651342911184,841,0,0,131,2388,2416,0,936,death,138
241.78272526751147,841,0,0,130,2388,2417,0,936,death,794
241.82407832486288,840,0,0,130,2388,2418,0,936,death,2862
241.83269179949403,840,0,0,129,2388,2419,0,936,death,1036
241.88196725844142,841,0,0,129,2389,2419,0,936,birth,3389
241.94490994930916,842,0,0,129,2390,2419,0,936,birth,3390
241.94606891629132,841,0,0,129,2390,2420,0,936,death,3302
242.0698013216792,840,0,0,129,2390,2421,0,936,death,2887
242.14365873544457,839,0,0,129,2390,2422,0,936,death,1670
242.23608661834479,838,0,0,129,2390,2423,0,936,death,3378
242.25516175372078,839,0,0,129,2391,2423,0,936,birth,3391
242.26333205551956,838,0,0,129,2391,2424,0,936,death,3256
242.27319096308028,837,0,0,129,2391,2425,0,936,death,2300
242.3029742778611,838,0,0,129,2392,2425,0,936,birth,3392
242.32638096999847,839,0,0,129,2393,2425,0,936,birth,3393
242.42645914691198,838,0,0,129,2393,2426,0,936,death,781
242.44831213821573,837,0,0,129,2393,2427,0,936,death,2782
242.49960991800407,838,0,0,129,2394,2427,0,936,birth,3394
242.50955551145785,837,0,0,129,2394,2428,0,936,death,2174
242.6427129245484,836,0,0,129,2394,2429,0,936,death,3094
242.6658051458898,837,0,0,129,2395,2429,0,936,birth,3395
242.66909417946198,838,0,0,129,2396,2429,0,936,birth,3396
242.7244734170607,839,0,0,129,2397,2429,0,936,birth,3397
242.74591365874764,840,0,0,129,2398,2429,0,936,birth,3398
242.87456659509272,841,0,0,129,2399,2429,0,936,birth,3399
243.14205269352374,842,0,0,129,2400,2429,0,936,birth,3400
243.14584309157252,843,0,0,129,2401,2429,0,936,birth,3401
243.28918480208938,844,0,0,129,2402,2429,0,936,birth,3402
243.305089259611,845,0,0,129,2403,2429,0,936,birth,3403
243.3200067794316,844,0,0,129,2403,2430,0,936,death,3195
243.436498097052,843,0,0,129,2403,2431,0,936,death,1609
243.45745800244032,842,0,0,129,2403,2432,0,936,death,3106
243.50945401366346,841,0,0,129,2403,2433,0,936,death,3245
243.54504267839314,842,0,0,129,2404,2433,0,936,birth,3404
243.57902763285506,841,0,0,129,2404,2434,0,936,death,2832
243.59113561603792,842,0,0,129,2405,2434,0,936,birth,3405
243.68370886775412,843,0,0,129,2406,2434,0,936,birth,3406
243.7443895762977,842,0,0,129,2406,2435,0,936,death,2071
243.82214721920607,843,0,0,129,2407,2435,0,936,birth,3407
244.04134715227534,844,0,0,129,2408,2435,0,936,birth,3408
244.17082546024332,845,0,0,129,2409,2435,0,936,birth,3409
244.17706120195416,844,0,0,129,2409,2436,0,936,death,3205
244.19149261878172,843,0,0,129,2409,2437,0,936,death,3141
244.2598420432241,844,0,0,129,2410,2437,0,936,birth,3410
244.30952939697966,845,0,0,129,2411,2437,0,936,birth,3411
244.3183974465812,846,0,0,129,2412,2437,0,936,birth,3412
244.33320842276618,845,0,0,129,2412,2438,0,936,death,2750
244.34566490295424,844,0,0,129,2412,2439,0,936,death,1842
244.3529730902861,843,0,0,129,2412,2440,0,936,death,3370
244.35392089852093,844,0,0,129,2413,2440,0,936,birth,3413
244.46681146967813,845,0,0,129,2414,2440,0,936,birth,3414
244.55403032781092,844,0,0,129,2414,2441,0,936,death,3164
244.56559982904162,843,0,0,129,2414,2442,0,936,death,2091
244.64295958675166,842,0,0,129,2414,2443,0,936,death,2803
244.68336248176618,843,0,0,129,2415,2443,0,936,birth,3415
244.7725619339675,844,0,0,129,2416,2443,0,936,birth,3416
244.7904680368187,843,0,0,129,2416,2444,0,936,death,3222
244.81107093283396,842,0,0,129,2416,2445,0,936,death,3266
244.88580003172194,841,0,0,129,2416,2446,0,936,death,2447
244.90906678040105,842,0,0,129,2417,2446,0,936,birth,3417
244.9574009992706,843,0,0,129,2418,2446,0,936,birth,3418
244.96409834253595,844,0,0,129,2419,2446,0,936,birth,3419
244.97831934886756,843,0,0,129,2419,2447,0,936,death,1773
245.03657951710133,842,0,0,129,2419,2448,0,936,death,3303
245.11343696832395,843,0,0,129,2420,2448,0,936,birth,3420
245.1343827428578,842,0,0,129,2420,2449,0,936,death,3091
245.1383844361201,841,0,0,129,2420,2450,0,936,death,2669
245.35688227874073,840,0,0,129,2420,2451,0,936,death,2721
245.37933099117816,839,0,0,129,2420,2452,0,936,death,2154
245.39167157493577,838,0,0,129,2420,2453,0,936,death,3055
245.42760519558283,837,0,0,129,2420,2454,0,936,death,2416
245.4841500164125,836,0,0,129,2420,2455,0,936,death,2313
245.54502825969567,837,0,0,129,2421,2455,0,936,birth,3421
245.63384459156183,838,0,0,129,2422,2455,0,936,birth,3422
245.74092437028,839,0,0,129,2423,2455,0,936,birth,3423
245.82352147558535,838,0,0,129,2423,2456,0,936,death,2995
245.8387275497614,839,0,0,129,2424,2456,0,936,birth,3424
245.8863576404866,838,0,0,129,2424,2457,0,936,death,1731
245.8962206323699,839,0,0,129,2425,2457,0,936,birth,3425
245.95727705088697,838,0,0,129,2425,2458,0,936,death,3283
246.1427189842621,837,0,0,129,2425,2459,0,936,death,3037
246.14861844008044,838,0,0,129,2426,2459,0,936,birth,3426
246.19157360465377,839,0,0,129,2427,2459,0,936,birth,3427
246.2508350960111,838,0,0,129,2427,2460,0,936,death,3001
246.347998144054,838,0,0,128,2427,2461,0,936,death,761
246.44180903711865,837,0,0,128,2427,2462,0,936,death,2083
246.53777268121496,838,0,0,128,2428,2462,0,936,birth,3428
246.54059303442733,839,0,0,128,2429,2462,0,936,birth,3429
246.55699389239624,838,0,0,128,2429,2463,0,936,death,3288
246.60338092642223,839,0,0,128,2430,2463,0,936,birth,3430
246.62545362244455,840,0,0,128,2431,2463,0,936,birth,3431
246.62847658124537,839,0,0,128,2431,2464,0,936,death,2699
246.6322990170103,840,0,0,128,2432,2464,0,936,birth,3432
246.79335149632368,841,0,0,128,2433,2464,0,936,birth,3433
246.81912448743827,842,0,0,128,2434,2464,0,936,birth,3434
246.82949923216003,842,0,0,127,2434,2465,0,936,death,775
246.83997267717402,843,0,0,127,2435,2465,0,936,birth,3435
246.8411624743172,844,0,0,127,2436,2465,0,936,birth,3436
246.9064874310359,845,0,0,127,2437,2465,0,936,birth,3437
246.9834327071329,846,0,0,127,2438,2465,0,936,birth,3438
246.98840954226284,845,0,0,127,2438,2466,0,936,death,2794
247.02937535359337,844,0,0,127,2438,2467,0,936,death,2786
247.0318974658984,845,0,0,127,2439,2467,0,936,birth,3439
247.09490374573468,846,0,0,127,2440,2467,0,936,birth,3440
247.13489488943597,847,0,0,127,2441,2467,0,936,birth,3441
247.16341267467539,848,0,0,127,2442,2467,0,936,birth,3442
247.19951910925005,849,0,0,127,2443,2467,0,936,birth,3443
247.31004229024097,848,0,0,127,2443,2468,0,936,death,1537
247.39045893227149,849,0,0,127,2444,2468,0,936,birth,3444
247.43575474047856,848,0,0,127,2444,2469,0,936,death,1322
247.49088979541622,847,0,0,127,2444,2470,0,936,death,3329
247.49236839551713,848,0,0,127,2445,2470,0,936,birth,3445
247.5677433587116,847,0,0,127,2445,2471,0,936,death,3255
247.6028103305101,846,0,0,127,2445,2472,0,936,death,2420
247.63540953667655,847,0,0,127,2446,2472,0,936,birth,3446
247.6977612556745,846,0,0,127,2446,2473,0,936,death,3361
247.88262645421017,845,0,0,127,2446,2474,0,936,death,3197
247.95605670659566,846,0,0,127,2447,2474,0,936,birth,3447
247.95621592389918,847,0,0,127,2448,2474,0,936,birth,3448
248.0213523778474,848,0,0,127,2449,2474,0,936,birth,3449
248.04270060201048,849,0,0,127,2450,2474,0,936,birth,3450
248.0915543845374,850,0,0,127,2451,2474,0,936,birth,3451
248.1355364140893,849,0,0,127,2451,2475,0,936,death,2600
248.3036368327118,848,0,0,127,2451,2476,0,936,death,3400
248.36403033674713,847,0,0,127,2451,2477,0,936,death,3003
248.4010747644174,848,0,0,127,2452,2477,0,936,birth,3452
248.43134479272854,847,0,0,127,2452,2478,0,936,death,1827
248.46668750737706,846,0,0,127,2452,2479,0,936,death,3435
248.53942518087075,847,0,0,127,2453,2479,0,936,birth,3453
248.57391967334075,846,0,0,127,2453,2480,0,936,death,1906
248.57985796856588,847,0,0,127,2454,2480,0,936,birth,3454
248.5922303370553,846,0,0,127,2454,2481,0,936,death,3090
248.62959072249797,847,0,0,127,2455,2481,0,936,birth,3455
248.6373279899521,846,0,0,127,2455,2482,0,936,death,2558
248.66512376212026,847,0,0,127,2456,2482,0,936,birth,3456
248.6908887288682,848,0,0,127,2457,2482,0,936,birth,3457
248.89550686589936,849,0,0,127,2458,2482,0,936,birth,3458
248.8977543549171,850,0,0,127,2459,2482,0,936,birth,3459
248.9243457234834,849,0,0,127,2459,2483,0,936,death,1989
248.9301773582123,850,0,0,127,2460,2483,0,936,birth,3460
249.06929784636364,851,0,0,127,2461,2483,0,936,birth,3461
249.11476268151333,852,0,0,127,2462,2483,0,936,birth,3462
249.11487996623964,853,0,0,127,2463,2483,0,936,birth,3463
249.2030023387267,852,0,0,127,2463,2484,0,936,death,3348
249.31965288916916,851,0,0,127,2463,2485,0,936,death,2342
249.33043999466756,852,0,0,127,2464,2485,0,936,birth,3464
249.41127005107745,851,0,0,127,2464,2486,0,936,death,3356
249.4201364373387,852,0,0,127,2465,2486,0,936,birth,3465
249.43226778537212,851,0,0,127,2465,2487,0,936,death,1454
249.57706025674608,852,0,0,127,2466,2487,0,936,birth,3466
249.66394799592288,853,0,0,127,2467,2487,0,936,birth,3467
249.7237321204985,852,0,0,127,2467,2488,0,936,death,2585
249.7286131284648,853,0,0,127,2468,2488,0,936,birth,3468
249.83886035790843,853,0,0,126,2468,2489,0,936,death,348
249.87519440885163,854,0,0,126,2469,2489,0,936,birth,3469
249.93979767116556,853,0,0,126,2469,2490,0,936,death,2865
249.9432742871368,853,0,0,125,2469,2491,0,936,death,199
249.96752229573298,853,0,0,124,2469,2492,0,936,death,800
249.9877161537554,852,0,0,124,2469,2493,0,936,death,2903
250.0096516199025,851,0,0,124,2469,2494,0,936,death,3346
250.02988430079327,850,0,0,124,2469,2495,0,936,death,3220
250.2203694486273,849,0,0,124,2469,2496,0,936,death,2850
250.23871992080842,850,0,0,124,2470,2496,0,936,birth,3470
250.23900928081179,851,0,0,124,2471,2496,0,936,birth,3471
250.326963377495,852,0,0,124,2472,2496,0,936,birth,3472
250.34509327011708,853,0,0,124,2473,2496,0,936,birth,3473
250.34945878330322,854,0,0,124,2474,2496,0,936,birth,3474
250.39012916198047,855,0,0,124,2475,2496,0,936,birth,3475
250.44237836650478,856,0,0,124,2476,2496,0,936,birth,3476
250.4581112928103,855,0,0,124,2476,2497,0,936,death,1573
250.50565412996815,856,0,0,124,2477,2497,0,936,birth,3477
250.54455147207165,855,0,0,124,2477,2498,0,936,death,2930
250.5714644137025,856,0,0,124,2478,2498,0,936,birth,3478
250.60179246036148,857,0,0,124,2479,2498,0,936,birth,3479
250.60941770333116,856,0,0,124,2479,2499,0,936,death,2350
250.6360317354903,855,0,0,124,2479,2500,0,936,death,1754
250.70999904025217,854,0,0,124,2479,2501,0,936,death,2222
250.7228012471437,853,0,0,124,2479,2502,0,936,death,3113
250.81518574594452,854,0,0,124,2480,2502,0,936,birth,3480
250.84539459846087,853,0,0,124,2480,2503,0,936,death,1592
250.85309800852906,852,0,0,124,2480,2504,0,936,death,3127
250.8534473291438,851,0,0,124,2480,2505,0,936,death,3366
250.85473571728554,852,0,0,124,2481,2505,0,936,birth,3481
250.87280308248623,853,0,0,124,2482,2505,0,936,birth,3482
250.9125989735703,853,0,0,123,2482,2506,0,936,death,903
250.91629979704928,854,0,0,123,2483,2506,0,936,birth,3483
250.94776433507957,855,0,0,123,2484,2506,0,936,birth,3484
251.01134848554582,854,0,0,123,2484,2507,0,936,death,2546
251.0151693417157,853,0,0,123,2484,2508,0,936,death,1877
251.05716353201257,854,0,0,123,2485,2508,0,936,birth,3485
251.06712960002938,855,0,0,123,2486,2508,0,936,birth,3486
251.17979957018844,856,0,0,123,2487,2508,0,936,birth,3487
251.2412605815992,855,0,0,123,2487,2509,0,936,death,3318
251.27757817476868,854,0,0,123,2487,2510,0,936,death,3339
251.28402746287395,853,0,0,123,2487,2511,0,936,death,2700
251.34441948049223,852,0,0,123,2487,2512,0,936,death,2605
251.4099518579071,853,0,0,123,2488,2512,0,936,birth,3488
251.51214044824204,852,0,0,123,2488,2513,0,936,death,3093
251.61444344087576,853,0,0,123,2489,2513,0,936,birth,3489
251.6407245173746,853,0,0,122,2489,2514,0,936,death,1274
251.65993352281927,852,0,0,122,2489,2515,0,936,death,3229
251.67668654030933,852,0,0,121,2489,2516,0,936,death,21
251.73005570825325,851,0,0,121,2489,2517,0,936,death,1388
251.78625676866147,850,0,0,121,2489,2518,0,936,death,2112
251.83993489147028,851,0,0,121,2490,2518,0,936,birth,3490
251.97580194907786,852,0,0,121,2491,2518,0,936,birth,3491
252.0226136482528,852,0,0,120,2491,2519,0,936,death,1062
252.07171391324633,851,0,0,120,2491,2520,0,936,death,3439
252.08392781027865,851,0,0,119,2491,2521,0,936,death,495
252.1144002655104,850,0,0,119,2491,2522,0,936,death,2927
252.19429287574062,851,0,0,119,2492,2522,0,936,birth,3492
252.2312382617067,852,0,0,119,2493,2522,0,936,birth,3493
252.25579175852096,853,0,0,119,2494,2522,0,936,birth,3494
252.3020115929383,852,0,0,119,2494,2523,0,936,death,2653
252.33508305540767,853,0,0,119,2495,2523,0,936,birth,3495
252.35911309680947,852,0,0,119,2495,2524,0,936,death,3278
252.4409378087369,853,0,0,119,2496,2524,0,936,birth,3496
252.5558236917911,852,0,0,119,2496,2525,0,936,death,2559
252.58666513846708,853,0,0,119,2497,2525,0,936,birth,3497
252.6050500422718,852,0,0,119,2497,2526,0,936,death,3352
252.6610378677459,851,0,0,119,2497,2527,0,936,death,1810
252.70360039069337,852,0,0,119,2498,2527,0,936,birth,3498
252.71104137536037,851,0,0,119,2498,2528,0,936,death,3307
252.86324501383925,852,0,0,119,2499,2528,0,936,birth,3499
252.93876958043032,853,0,0,119,2500,2528,0,936,birth,3500
252.947326452806,854,0,0,119,2501,2528,0,936,birth,3501
253.0170223477489,855,0,0,119,2502,2528,0,936,birth,3502
253.01959214242962,856,0,0,119,2503,2528,0,936,birth,3503
253.092473292048,855,0,0,119,2503,2529,0,936,death,1867
253.15461223140406,854,0,0,119,2503,2530,0,936,death,2675
253.1630548069944,853,0,0,119,2503,2531,0,936,death,2743
253.1708575849693,852,0,0,119,2503,2532,0,936,death,2627
253.21872998682642,853,0,0,119,2504,2532,0,936,birth,3504
253.22544807662075,854,0,0,119,2505,2532,0,936,birth,3505
253.22817183631005,853,0,0,119,2505,2533,0,936,death,1734
253.25677061292112,852,0,0,119,2505,2534,0,936,death,2802
253.32651940669206,853,0,0,119,2506,2534,0,936,birth,3506
253.3650818280827,854,0,0,119,2507,2534,0,936,birth,3507
253.3740310973888,853,0,0,119,2507,2535,0,936,death,2665
253.42533096415784,854,0,0,119,2508,2535,0,936,birth,3508
253.44476792895895,855,0,0,119,2509,2535,0,936,birth,3509
253.45622680444842,854,0,0,119,2509,2536,0,936,death,3422
253.55932476728165,853,0,0,119,2509,2537,0,936,death,3263
253.56863729479966,852,0,0,119,2509,2538,0,936,death,2148
253.57325154704884,851,0,0,119,2509,2539,0,936,death,2917
253.57788923539422,852,0,0,119,2510,2539,0,936,birth,3510
253.61105762886754,853,0,0,119,2511,2539,0,936,birth,3511
253.62993918835627,852,0,0,119,2511,2540,0,936,death,3226
253.6612845722134,851,0,0,119,2511,2541,0,936,death,2663
253.76681106909453,850,0,0,119,2511,2542,0,936,death,3114
253.82706169255698,851,0,0,119,2512,2542,0,936,birth,3512
253.89275777337227,850,0,0,119,2512,2543,0,936,death,3291
253.91124762803855,849,0,0,119,2512,2544,0,936,death,2795
253.91456743312577,850,0,0,119,2513,2544,0,936,birth,3513
253.91487313130855,849,0,0,119,2513,2545,0,936,death,2833
253.98791727650507,848,0,0,119,2513,2546,0,936,death,2218
254.13044646342303,847,0,0,119,2513,2547,0,936,death,2216
254.1790304528401,846,0,0,119,2513,2548,0,936,death,2978
254.18511584350188,847,0,0,119,2514,2548,0,936,birth,3514
254.3141024358942,846,0,0,119,2514,2549,0,936,death,3395
254.31415418876657,846,0,0,118,2514,2550,0,936,death,1698
254.41225330102966,845,0,0,118,2514,2551,0,936,death,2915
254.4241020950918,846,0,0,118,2515,2551,0,936,birth,3515
254.4286658416957,846,0,0,117,2515,2552,0,936,death,642
254.47889903980874,847,0,0,117,2516,2552,0,936,birth,3516
254.57778248153045,848,0,0,117,2517,2552,0,936,birth,3517
254.61778640839913,847,0,0,117,2517,2553,0,936,death,2942
254.66645027016767,846,0,0,117,2517,2554,0,936,death,2103
254.71022104419387,845,0,0,117,2517,2555,0,936,death,2857
254.75401832157874,846,0,0,117,2518,2555,0,936,birth,3518
254.76578959119286,845,0,0,117,2518,2556,0,936,death,2074
254.92173619110685,844,0,0,117,2518,2557,0,936,death,2692
254.9566407375351,843,0,0,117,2518,2558,0,936,death,3021
254.97227114023428,844,0,0,117,2519,2558,0,936,birth,3519
254.97519224569197,843,0,0,117,2519,2559,0,936,death,2975
255.00521341586239,844,0,0,117,2520,2559,0,936,birth,3520
255.0442584583678,843,0,0,117,2520,2560,0,936,death,3445
255.05366306437247,843,0,0,116,2520,2561,0,936,death,1669
255.0913790680582,844,0,0,116,2521,2561,0,936,birth,3521
255.1608783284631,845,0,0,116,2522,2561,0,936,birth,3522
255.21250995378645,846,0,0,116,2523,2561,0,936,birth,3523
255.2788730254414,845,0,0,116,2523,2562,0,936,death,1654
255.28187976695065,846,0,0,116,2524,2562,0,936,birth,3524
255.3491055619664,847,0,0,116,2525,2562,0,936,birth,3525
255.37668298418595,846,0,0,116,2525,2563,0,936,death,2762
255.41884821311422,847,0,0,116,2526,2563,0,936,birth,3526
255.42767594197548,847,0,0,115,2526,2564,0,936,death,214
255.469136030739,848,0,0,115,2527,2564,0,936,birth,3527
255.4862022913686,848,0,0,114,2527,2565,0,936,death,879
255.57689226393512,847,0,0,114,2527,2566,0,936,death,3050
255.71344875995814,848,0,0,114,2528,2566,0,936,birth,3528
255.79870791116593,848,0,0,113,2528,2567,0,936,death,369
255.90683818233282,847,0,0,113,2528,2568,0,936,death,3409
256.04293655548804,848,0,0,113,2529,2568,0,936,birth,3529
256.04356906754003,847,0,0,113,2529,2569,0,936,death,3501
256.18907830793495,846,0,0,113,2529,2570,0,936,death,2362
256.24951889529734,847,0,0,113,2530,2570,0,936,birth,3530
256.362413481705,846,0,0,113,2530,2571,0,936,death,3316
256.404554871951,845,0,0,113,2530,2572,0,936,death,2768
256.50628523472255,844,0,0,113,2530,2573,0,936,death,2149
256.57159731576377,843,0,0,113,2530,2574,0,936,death,2940
256.66135924264984,844,0,0,113,2531,2574,0,936,birth,3531
256.6764440941924,843,0,0,113,2531,2575,0,936,death,2828
256.81103623824873,842,0,0,113,2531,2576,0,936,death,2439
256.8455075715408,843,0,0,113,2532,2576,0,936,birth,3532
256.85206136327804,843,0,0,112,2532,2577,0,936,death,1332
256.86326746376795,844,0,0,112,2533,2577,0,936,birth,3533
256.99188804251287,845,0,0,112,2534,2577,0,936,birth,3534
257.0451099003438,846,0,0,112,2535,2577,0,936,birth,3535
257.1346576037343,847,0,0,112,2536,2577,0,936,birth,3536
257.14394115457713,846,0,0,112,2536,2578,0,936,death,3461
257.15718798070463,845,0,0,112,2536,2579,0,936,death,2326
257.16319709360556,846,0,0,112,2537,2579,0,936,birth,3537
257.16342211454094,847,0,0,112,2538,2579,0,936,birth,3538
257.2773172826737,846,0,0,112,2538,2580,0,936,death,3463
257.30310718710155,845,0,0,112,2538,2581,0,936,death,1895
257.31492245818765,846,0,0,112,2539,2581,0,936,birth,3539
257.417798535367,847,0,0,112,2540,2581,0,936,birth,3540
257.467689505435,848,0,0,112,2541,2581,0,936,birth,3541
257.53418759714003,849,0,0,112,2542,2581,0,936,birth,3542
257.5913463537743,850,0,0,112,2543,2581,0,936,birth,3543
257.62477887829164,849,0,0,112,2543,2582,0,936,death,2789
257.66969651062544,850,0,0,112,2544,2582,0,936,birth,3544
257.7050598476868,851,0,0,112,2545,2582,0,936,birth,3545
257.9319341164953,850,0,0,112,2545,2583,0,936,death,3035
257.93394948559205,849,0,0,112,2545,2584,0,936,death,1943
257.9686949380052,850,0,0,112,2546,2584,0,936,birth,3546
257.98293590666043,851,0,0,112,2547,2584,0,936,birth,3547
258.02660207082977,850,0,0,112,2547,2585,0,936,death,2876
258.11466810925623,851,0,0,112,2548,2585,0,936,birth,3548
258.18909215636745,852,0,0,112,2549,2585,0,936,birth,3549
258.19297239681055,851,0,0,112,2549,2586,0,936,death,3170
258.3277520713448,850,0,0,112,2549,2587,0,936,death,2332
258.34559147861233,851,0,0,112,2550,2587,0,936,birth,3550
258.34848483998127,850,0,0,112,2550,2588,0,936,death,2609
258.35780556562685,849,0,0,112,2550,2589,0,936,death,3210
258.47241468391513,849,0,0,111,2550,2590,0,936,death,665
258.5218983637874,850,0,0,111,2551,2590,0,936,birth,3551
258.5778142775237,849,0,0,111,2551,2591,0,936,death,660
258.5980935925805,848,0,0,111,2551,2592,0,936,death,2214
258.6388773670163,847,0,0,111,2551,2593,0,936,death,3162
258.6789981948709,846,0,0,111,2551,2594,0,936,death,3251
258.70091865996676,846,0,0,110,2551,2595,0,936,death,986
258.7494014142355,847,0,0,110,2552,2595,0,936,birth,3552
258.7734160302302,847,0,0,109,2552,2596,0,936,death,550
259.000340307387,846,0,0,109,2552,2597,0,936,death,1505
259.1813968809085,847,0,0,109,2553,2597,0,936,birth,3553
259.1880463941333,848,0,0,109,2554,2597,0,936,birth,3554
259.24281460657124,847,0,0,109,2554,2598,0,936,death,3425
259.27939737341956,848,0,0,109,2555,2598,0,936,birth,3555
259.2909418823334,847,0,0,109,2555,2599,0,936,death,1763
259.32262109421896,848,0,0,109,2556,2599,0,936,birth,3556
259.3386582319836,847,0,0,109,2556,2600,0,936,death,3014
259.36318323517634,847,0,0,108,2556,2601,0,936,death,381
259.3665610941327,848,0,0,108,2557,2601,0,936,birth,3557
259.4805806672518,849,0,0,108,2558,2601,0,936,birth,3558
259.5589798898426,850,0,0,108,2559,2601,0,936,birth,3559
259.5979025330714,851,0,0,108,2560,2601,0,936,birth,3560
259.5996634344846,852,0,0,108,2561,2601,0,936,birth,3561
259.686709844139,851,0,0,108,2561,2602,0,936,death,3338
259.7383829983147,852,0,0,108,2562,2602,0,936,birth,3562
259.850322152352,851,0,0,108,2562,2603,0,936,death,3042
259.912029725902,850,0,0,108,2562,2604,0,936,death,1978
259.9249717940943,849,0,0,108,2562,2605,0,936,death,3078
259.9505277469523,850,0,0,108,2563,2605,0,936,birth,3563
260.08801171281556,849,0,0,108,2563,2606,0,936,death,3528
260.31601466214323,848,0,0,108,2563,2607,0,936,death,2977
260.40439832789457,847,0,0,108,2563,2608,0,936,death,3345
260.4867660311475,848,0,0,108,2564,2608,0,936,birth,3564
260.5429303878686,847,0,0,108,2564,2609,0,936,death,3353
260.56277211959525,848,0,0,108,2565,2609,0,936,birth,3565
260.63716021213787,847,0,0,108,2565,2610,0,936,death,1883
260.6538978859455,848,0,0,108,2566,2610,0,936,birth,3566
260.67422354436974,849,0,0,108,2567,2610,0,936,birth,3567
260.6843805200609,850,0,0,108,2568,2610,0,936,birth,3568
260.70917993957596,849,0,0,108,2568,2611,0,936,death,2327
260.7178938699982,850,0,0,108,2569,2611,0,936,birth,3569
260.87385973649583,849,0,0,108,2569,2612,0,936,death,2036
260.8759235208103,849,0,0,107,2569,2613,0,936,death,384
260.9201191302899,848,0,0,107,2569,2614,0,936,death,2890
260.9516474527193,849,0,0,107,2570,2614,0,936,birth,3570
261.03788592381295,850,0,0,107,2571,2614,0,936,birth,3571
261.087335546027,851,0,0,107,2572,2614,0,936,birth,3572
261.1475069490589,850,0,0,107,2572,2615,0,936,death,3095
261.1724643859456,851,0,0,107,2573,2615,0,936,birth,3573
261.2233919010198,850,0,0,107,2573,2616,0,936,death,2492
261.3255454765447,849,0,0,107,2573,2617,0,936,death,3216
261.39824427315267,850,0,0,107,2574,2617,0,936,birth,3574
261.703888095994,851,0,0,107,2575,2617,0,936,birth,3575
261.7123941382786,852,0,0,107,2576,2617,0,936,birth,3576
261.77906808126363,853,0,0,107,2577,2617,0,936,birth,3577
261.7820439673896,854,0,0,107,2578,2617,0,936,birth,3578
261.84001888707735,855,0,0,107,2579,2617,0,936,birth,3579
261.9916668345337,854,0,0,107,2579,2618,0,936,death,3429
262.05493367256776,855,0,0,107,2580,2618,0,936,birth,3580
262.0637990268477,854,0,0,107,2580,2619,0,936,death,3491
262.0985673538655,853,0,0,107,2580,2620,0,936,death,2868
262.25715761491387,854,0,0,107,2581,2620,0,936,birth,3581
262.27131358941034,853,0,0,107,2581,2621,0,936,death,3046
262.28986513828056,854,0,0,107,2582,2621,0,936,birth,3582
262.2908439395194,853,0,0,107,2582,2622,0,936,death,2572
262.30230735567,852,0,0,107,2582,2623,0,936,death,2900
262.3105601906604,853,0,0,107,2583,2623,0,936,birth,3583
262.3353025879359,852,0,0,107,2583,2624,0,936,death,2012
262.3460013645287,853,0,0,107,2584,2624,0,936,birth,3584
262.40771343700277,854,0,0,107,2585,2624,0,936,birth,3585
262.45529728815893,855,0,0,107,2586,2624,0,936,birth,3586
262.48426212993223,856,0,0,107,2587,2624,0,936,birth,3587
262.5275510280452,855,0,0,107,2587,2625,0,936,death,3469
262.54140293697884,854,0,0,107,2587,2626,0,936,death,3165
262.6025497477038,855,0,0,107,2588,2626,0,936,birth,3588
262.6162614092096,856,0,0,107,2589,2626,0,936,birth,3589
262.76342507289235,857,0,0,107,2590,2626,0,936,birth,3590
262.7978233098376,856,0,0,107,2590,2627,0,936,death,1983
262.88172075851656,857,0,0,107,2591,2627,0,936,birth,3591
262.9644118403995,858,0,0,107,2592,2627,0,936,birth,3592
262.97465052427714,859,0,0,107,2593,2627,0,936,birth,3593
263.0556638328446,858,0,0,107,2593,2628,0,936,death,1892
263.0722537889343,857,0,0,107,2593,2629,0,936,death,2969
263.079700135258,856,0,0,107,2593,2630,0,936,death,834
263.08980619704585,857,0,0,107,2594,2630,0,936,birth,3594
263.14267595283263,856,0,0,107,2594,2631,0,936,death,3564
263.14279841652905,855,0,0,107,2594,2632,0,936,death,3530
263.2111242185014,856,0,0,107,2595,2632,0,936,birth,3595
263.27041323198523,855,0,0,107,2595,2633,0,936,death,3408
263.2708618259886,854,0,0,107,2595,2634,0,936,death,1859
263.52267318985815,855,0,0,107,2596,2634,0,936,birth,3596
263.5294121216769,854,0,0,107,2596,2635,0,936,death,3041
263.60070105346375,853,0,0,107,2596,2636,0,936,death,3500
263.66082023779046,854,0,0,107,2597,2636,0,936,birth,3597
263.67208966325666,853,0,0,107,2597,2637,0,936,death,2231
263.68362526525095,854,0,0,107,2598,2637,0,936,birth,3598
263.7056123008732,853,0,0,107,2598,2638,0,936,death,2662
263.7064347381848,854,0,0,107,2599,2638,0,936,birth,3599
263.77401166181784,855,0,0,107,2600,2638,0,936,birth,3600
263.7927534512318,856,0,0,107,2601,2638,0,936,birth,3601
263.8533443344394,857,0,0,107,2602,2638,0,936,birth,3602
264.00755636768326,856,0,0,107,2602,2639,0,936,death,818
264.05165681657434,857,0,0,107,2603,2639,0,936,birth,3603
264.12035092119635,856,0,0,107,2603,2640,0,936,death,3416
264.18563686005746,857,0,0,107,2604,2640,0,936,birth,3604
264.2818288663846,858,0,0,107,2605,2640,0,936,birth,3605
264.42382196527075,857,0,0,107,2605,2641,0,936,death,3270
264.44238298692073,856,0,0,107,2605,2642,0,936,death,3536
264.492675435735,855,0,0,107,2605,2643,0,936,death,1760
264.5129806038018,854,0,0,107,2605,2644,0,936,death,3504
264.54078041777996,853,0,0,107,2605,2645,0,936,death,3237
264.6768381068515,854,0,0,107,2606,2645,0,936,birth,3606
264.69143260404314,853,0,0,107,2606,2646,0,936,death,3454
264.7392860199858,854,0,0,107,2607,2646,0,936,birth,3607
264.9636982203976,855,0,0,107,2608,2646,0,936,birth,3608
264.9671099037402,854,0,0,107,2608,2647,0,936,death,3359
265.20362851042984,853,0,0,107,2608,2648,0,936,death,3344
265.20987766804836,854,0,0,107,2609,2648,0,936,birth,3609
265.23148244560406,853,0,0,107,2609,2649,0,936,death,3306
265.28694642249656,852,0,0,107,2609,2650,0,936,death,1536
265.3159913653215,852,0,0,106,2609,2651,0,936,death,923
265.32030931651116,851,0,0,106,2609,2652,0,936,death,2156
265.5895762267579,852,0,0,106,2610,2652,0,936,birth,3610
265.59579555259165,851,0,0,106,2610,2653,0,936,death,3024
265.835009388024,852,0,0,106,2611,2653,0,936,birth,3611
265.97421155195406,853,0,0,106,2612,2653,0,936,birth,3612
266.01070243618875,854,0,0,106,2613,2653,0,936,birth,3613
266.0995999744484,855,0,0,106,2614,2653,0,936,birth,3614
266.10112011089495,856,0,0,106,2615,2653,0,936,birth,3615
266.1269481316673,857,0,0,106,2616,2653,0,936,birth,3616
266.146822612222,857,0,0,105,2616,2654,0,936,death,637
266.17618042834437,858,0,0,105,2617,2654,0,936,birth,3617
266.2047257221411,857,0,0,105,2617,2655,0,936,death,2844
266.2168847134938,858,0,0,105,2618,2655,0,936,birth,3618
266.2224508224083,857,0,0,105,2618,2656,0,936,death,3563
266.3430662443442,856,0,0,105,2618,2657,0,936,death,3010
266.36442114160195,856,0,0,104,2618,2658,0,936,death,880
266.38126801158023,857,0,0,104,2619,2658,0,936,birth,3619
266.53341459622004,858,0,0,104,2620,2658,0,936,birth,3620
266.53914795620943,859,0,0,104,2621,2658,0,936,birth,3621
266.5625959280574,860,0,0,104,2622,2658,0,936,birth,3622
266.5767885414366,861,0,0,104,2623,2658,0,936,birth,3623
266.6583386021641,862,0,0,104,2624,2658,0,936,birth,3624
266.67774916878176,863,0,0,104,2625,2658,0,936,birth,3625
266.6899208691612,864,0,0,104,2626,2658,0,936,birth,3626
266.9266847998039,865,0,0,104,2627,2658,0,936,birth,3627
267.1467252053126,864,0,0,104,2627,2659,0,936,death,2945
267.2492523815969,865,0,0,104,2628,2659,0,936,birth,3628
267.27654158929977,864,0,0,104,2628,2660,0,936,death,3121
267.3146629147341,865,0,0,104,2629,2660,0,936,birth,3629
267.33482375257904,864,0,0,104,2629,2661,0,936,death,3534
267.33812992779,865,0,0,104,2630,2661,0,936,birth,3630
267.43648382615794,866,0,0,104,2631,2661,0,936,birth,3631
267.52264289193124,865,0,0,104,2631,2662,0,936,death,3294
267.68718056586306,866,0,0,104,2632,2662,0,936,birth,3632
267.6893002608667,867,0,0,104,2633,2662,0,936,birth,3633
267.76120029847766,866,0,0,104,2633,2663,0,936,death,3065
267.77075484435176,865,0,0,104,2633,2664,0,936,death,3261
267.7879564852645,864,0,0,104,2633,2665,0,936,death,2468
267.80420409052647,865,0,0,104,2634,2665,0,936,birth,3634
267.8349505226342,866,0,0,104,2635,2665,0,936,birth,3635
267.8423139810494,867,0,0,104,2636,2665,0,936,birth,3636
267.87593650537696,866,0,0,104,2636,2666,0,936,death,2891
267.9790866809694,867,0,0,104,2637,2666,0,936,birth,3637
268.05221894969577,868,0,0,104,2638,2666,0,936,birth,3638
268.07648129205575,869,0,0,104,2639,2666,0,936,birth,3639
268.1239951371231,870,0,0,104,2640,2666,0,936,birth,3640
268.1268663021165,871,0,0,104,2641,2666,0,936,birth,3641
268.1730749315275,872,0,0,104,2642,2666,0,936,birth,3642
268.20774031913624,873,0,0,104,2643,2666,0,936,birth,3643
268.26202841809703,874,0,0,104,2644,2666,0,936,birth,3644
268.30124198064175,875,0,0,104,2645,2666,0,936,birth,3645
268.3102198917979,874,0,0,104,2645,2667,0,936,death,3630
268.32687655690745,873,0,0,104,2645,2668,0,936,death,3393
268.4011980394048,874,0,0,104,2646,2668,0,936,birth,3646
268.40344177942404,873,0,0,104,2646,2669,0,936,death,2756
268.40625443143637,872,0,0,104,2646,2670,0,936,death,3579
268.4242520670679,873,0,0,104,2647,2670,0,936,birth,3647
268.53175334655043,874,0,0,104,2648,2670,0,936,birth,3648
268.62283493617394,873,0,0,104,2648,2671,0,936,death,2538
268.6335693544863,874,0,0,104,2649,2671,0,936,birth,3649
268.69529076206607,875,0,0,104,2650,2671,0,936,birth,3650
268.7114210916526,876,0,0,104,2651,2671,0,936,birth,3651
268.8536419855813,875,0,0,104,2651,2672,0,936,death,3190
268.88553318886153,876,0,0,104,2652,2672,0,936,birth,3652
268.9468176222732,877,0,0,104,2653,2672,0,936,birth,3653
269.0660469945669,878,0,0,104,2654,2672,0,936,birth,3654
269.1355873430577,878,0,0,103,2654,2673,0,936,death,484
269.1381361456679,877,0,0,103,2654,2674,0,936,death,2912
269.13925263978746,876,0,0,103,2654,2675,0,936,death,1340
269.15015131719457,875,0,0,103,2654,2676,0,936,death,3374
269.18038337021164,876,0,0,103,2655,2676,0,936,birth,3655
269.20049056661423,875,0,0,103,2655,2677,0,936,death,3011
269.2447900582652,875,0,0,102,2655,2678,0,936,death,257
269.27045365082336,876,0,0,102,2656,2678,0,936,birth,3656
269.3698341727072,877,0,0,102,2657,2678,0,936,birth,3657
269.41230732750284,878,0,0,102,2658,2678,0,936,birth,3658
269.6124475357394,879,0,0,102,2659,2678,0,936,birth,3659
269.69464941263317,878,0,0,102,2659,2679,0,936,death,3641
269.6964087762939,877,0,0,102,2659,2680,0,936,death,2784
269.7548337183387,876,0,0,102,2659,2681,0,936,death,3154
269.8278464965749,875,0,0,102,2659,2682,0,936,death,3150
269.84776455822526,876,0,0,102,2660,2682,0,936,birth,3660
270.00368546958225,875,0,0,102,2660,2683,0,936,death,2001
270.00855789781275,876,0,0,102,2661,2683,0,936,birth,3661
270.09121647280887,875,0,0,102,2661,2684,0,936,death,3636
270.1228002217515,876,0,0,102,2662,2684,0,936,birth,3662
270.17110009245124,875,0,0,102,2662,2685,0,936,death,2321
270.18516524079973,876,0,0,102,2663,2685,0,936,birth,3663
270.2025565199754,875,0,0,102,2663,2686,0,936,death,3559
270.3341280168859,874,0,0,102,2663,2687,0,936,death,1825
270.36647238215556,875,0,0,102,2664,2687,0,936,birth,3664
270.3823886338343,875,0,0,101,2664,2688,0,936,death,896
270.414129363615,874,0,0,101,2664,2689,0,936,death,3518
270.4622168711844,875,0,0,101,2665,2689,0,936,birth,3665
270.4958206760726,876,0,0,101,2666,2689,0,936,birth,3666
270.50222237356195,875,0,0,101,2666,2690,0,936,death,2576
270.5696013432856,874,0,0,101,2666,2691,0,936,death,1824
270.59729220860936,873,0,0,101,2666,2692,0,936,death,1958
270.60743971698196,874,0,0,101,2667,2692,0,936,birth,3667
270.65686913509984,873,0,0,101,2667,2693,0,936,death,3545
270.6798504874244,874,0,0,101,2668,2693,0,936,birth,3668
270.73420385822925,873,0,0,101,2668,2694,0,936,death,2964
270.7407138860784,874,0,0,101,2669,2694,0,936,birth,3669
270.7831404646621,873,0,0,101,2669,2695,0,936,death,2929
270.8643733776375,872,0,0,101,2669,2696,0,936,death,2102
270.8655531982425,871,0,0,101,2669,2697,0,936,death,3362
271.03072327416004,872,0,0,101,2670,2697,0,936,birth,3670
271.08341881295263,871,0,0,101,2670,2698,0,936,death,3297
271.1776629425681,870,0,0,101,2670,2699,0,936,death,2933
271.2034269768519,871,0,0,101,2671,2699,0,936,birth,3671
271.20698636515186,872,0,0,101,2672,2699,0,936,birth,3672
271.2943351034613,871,0,0,101,2672,2700,0,936,death,1899
271.3544583747585,870,0,0,101,2672,2701,0,936,death,3013
271.36396212481174,869,0,0,101,2672,2702,0,936,death,3634
271.4382347573371,868,0,0,101,2672,2703,0,936,death,1378
271.53059982067765,869,0,0,101,2673,2703,0,936,birth,3673
271.55537421794867,870,0,0,101,2674,2703,0,936,birth,3674
271.610697951434,871,0,0,101,2675,2703,0,936,birth,3675
271.6557265343585,870,0,0,101,2675,2704,0,936,death,3633
271.69483247740516,869,0,0,101,2675,2705,0,936,death,3183
271.7179207989337,870,0,0,101,2676,2705,0,936,birth,3676
271.74399537571657,871,0,0,101,2677,2705,0,936,birth,3677
271.79187203347936,870,0,0,101,2677,2706,0,936,death,3421
271.8620549773823,871,0,0,101,2678,2706,0,936,birth,3678
271.92041898478647,870,0,0,101,2678,2707,0,936,death,2666
271.9514031381506,871,0,0,101,2679,2707,0,936,birth,3679
271.9962936541638,872,0,0,101,2680,2707,0,936,birth,3680
272.06820656998985,871,0,0,101,2680,2708,0,936,death,2941
272.1070814843781,870,0,0,101,2680,2709,0,936,death,688
272.2727972105908,871,0,0,101,2681,2709,0,936,birth,3681
272.3324685273931,872,0,0,101,2682,2709,0,936,birth,3682
272.4167280000524,873,0,0,101,2683,2709,0,936,birth,3683
272.5904906706315,874,0,0,101,2684,2709,0,936,birth,3684
272.6281007715675,875,0,0,101,2685,2709,0,936,birth,3685
272.8979805310223,876,0,0,101,2686,2709,0,936,birth,3686
272.9346327421557,877,0,0,101,2687,2709,0,936,birth,3687
272.9434476057783,876,0,0,101,2687,2710,0,936,death,3655
273.0128406226712,877,0,0,101,2688,2710,0,936,birth,3688
273.0736946851109,876,0,0,101,2688,2711,0,936,death,3390
273.13197381674433,875,0,0,101,2688,2712,0,936,death,3412
273.1429257018781,876,0,0,101,2689,2712,0,936,birth,3689
273.1505862458901,875,0,0,101,2689,2713,0,936,death,3512
273.2369925680459,874,0,0,101,2689,2714,0,936,death,3219
273.24705874977377,873,0,0,101,2689,2715,0,936,death,3562
273.24819307883007,872,0,0,101,2689,2716,0,936,death,3466
273.29038378769326,871,0,0,101,2689,2717,0,936,death,3554
273.3104060227379,870,0,0,101,2689,2718,0,936,death,2972
273.3120690133388,869,0,0,101,2689,2719,0,936,death,1653
273.3187307033754,870,0,0,101,2690,2719,0,936,birth,3690
273.35649296810675,871,0,0,101,2691,2719,0,936,birth,3691
273.3925561296211,872,0,0,101,2692,2719,0,936,birth,3692
273.3959905759653,872,0,0,100,2692,2720,0,936,death,1133
273.4547027234142,871,0,0,100,2692,2721,0,936,death,3326
273.45907407020354,872,0,0,100,2693,2721,0,936,birth,3693
273.49128871785774,873,0,0,100,2694,2721,0,936,birth,3694
273.5230876226501,872,0,0,100,2694,2722,0,936,death,1680
273.5556745277412,871,0,0,100,2694,2723,0,936,death,3508
273.60623229925835,870,0,0,100,2694,2724,0,936,death,2604
273.6278620673064,871,0,0,100,2695,2724,0,936,birth,3695
273.6446195211052,872,0,0,100,2696,2724,0,936,birth,3696
273.73661773136183,873,0,0,100,2697,2724,0,936,birth,3697
273.7585257435019,872,0,0,100,2697,2725,0,936,death,3169
273.81100715845287,873,0,0,100,2698,2725,0,936,birth,3698
273.85557467314266,874,0,0,100,2699,2725,0,936,birth,3699
273.89059181142363,875,0,0,100,2700,2725,0,936,birth,3700
273.93531641339143,876,0,0,100,2701,2725,0,936,birth,3701
273.9400837905221,877,0,0,100,2702,2725,0,936,birth,3702
273.96848526502333,876,0,0,100,2702,2726,0,936,death,3610
274.02949681446296,877,0,0,100,2703,2726,0,936,birth,3703
274.0950195921388,878,0,0,100,2704,2726,0,936,birth,3704
274.1862530428542,877,0,0,100,2704,2727,0,936,death,3691
274.24767877780556,876,0,0,100,2704,2728,0,936,death,2852
274.2840968952636,876,0,0,99,2704,2729,0,936,death,894
274.33024949067556,875,0,0,99,2704,2730,0,936,death,3236
274.5291558843701,876,0,0,99,2705,2730,0,936,birth,3705
274.61630463357795,877,0,0,99,2706,2730,0,936,birth,3706
274.63495592271164,878,0,0,99,2707,2730,0,936,birth,3707
274.6378574231375,879,0,0,99,2708,2730,0,936,birth,3708
274.7377647148964,878,0,0,99,2708,2731,0,936,death,3519
274.7781950735929,879,0,0,99,2709,2731,0,936,birth,3709
274.7950758077684,880,0,0,99,2710,2731,0,936,birth,3710
274.79767476280534,881,0,0,99,2711,2731,0,936,birth,3711
274.95733094525184,881,0,0,98,2711,2732,0,936,death,1146
274.96106525949375,882,0,0,98,2712,2732,0,936,birth,3712
275.0400575390788,883,0,0,98,2713,2732,0,936,birth,3713
275.05020836026574,882,0,0,98,2713,2733,0,936,death,1687
275.1649242912368,881,0,0,98,2713,2734,0,936,death,3314
275.1711012038529,882,0,0,98,2714,2734,0,936,birth,3714
275.17163436614237,881,0,0,98,2714,2735,0,936,death,3232
275.2296194206589,882,0,0,98,2715,2735,0,936,birth,3715
275.3385902633587,881,0,0,98,2715,2736,0,936,death,3566
275.3881285536638,882,0,0,98,2716,2736,0,936,birth,3716
275.4699117789566,881,0,0,98,2716,2737,0,936,death,2998
275.5123606583151,882,0,0,98,2717,2737,0,936,birth,3717
275.51461323032817,881,0,0,98,2717,2738,0,936,death,3077
275.5231481720251,882,0,0,98,2718,2738,0,936,birth,3718
275.52417731297857,881,0,0,98,2718,2739,0,936,death,2290
275.5552841050182,882,0,0,98,2719,2739,0,936,birth,3719
275.56798603710257,881,0,0,98,2719,2740,0,936,death,2225
275.67744713527725,880,0,0,98,2719,2741,0,936,death,3698
275.92054972692375,881,0,0,98,2720,2741,0,936,birth,3720
275.9879188705056,882,0,0,98,2721,2741,0,936,birth,3721
276.0300625976937,881,0,0,98,2721,2742,0,936,death,2537
276.1246965268668,880,0,0,98,2721,2743,0,936,death,3188
276.1984849373017,879,0,0,98,2721,2744,0,936,death,2932
276.21360673294043,880,0,0,98,2722,2744,0,936,birth,3722
276.25640801197534,881,0,0,98,2723,2744,0,936,birth,3723
276.28352176886705,880,0,0,98,2723,2745,0,936,death,2141
276.4714883195781,879,0,0,98,2723,2746,0,936,death,3286
276.5078544988645,879,0,0,97,2723,2747,0,936,death,641
276.60438389545516,880,0,0,97,2724,2747,0,936,birth,3724
276.6109073380645,879,0,0,97,2724,2748,0,936,death,2489
276.63937150148263,880,0,0,97,2725,2748,0,936,birth,3725
276.6443436436839,879,0,0,97,2725,2749,0,936,death,3022
276.71646021274535,878,0,0,97,2725,2750,0,936,death,3143
276.7406533652987,877,0,0,97,2725,2751,0,936,death,3700
276.75264634020107,878,0,0,97,2726,2751,0,936,birth,3726
276.77146136103164,877,0,0,97,2726,2752,0,936,death,2971
276.77368818699676,878,0,0,97,2727,2752,0,936,birth,3727
276.8122281917276,879,0,0,97,2728,2752,0,936,birth,3728
276.85587184789256,878,0,0,97,2728,2753,0,936,death,1195
276.8771887541675,879,0,0,97,2729,2753,0,936,birth,3729
276.8918843117128,880,0,0,97,2730,2753,0,936,birth,3730
276.9981575852546,879,0,0,97,2730,2754,0,936,death,3168
277.00992707394886,880,0,0,97,2731,2754,0,936,birth,3731
277.0521316803438,881,0,0,97,2732,2754,0,936,birth,3732
277.0542671889669,880,0,0,97,2732,2755,0,936,death,3513
277.06418632644153,880,0,0,96,2732,2756,0,936,death,672
277.09754520336645,881,0,0,96,2733,2756,0,936,birth,3733
277.1147494078717,882,0,0,96,2734,2756,0,936,birth,3734
277.23807259330204,883,0,0,96,2735,2756,0,936,birth,3735
277.40241439606706,884,0,0,96,2736,2756,0,936,birth,3736
277.4480701120129,885,0,0,96,2737,2756,0,936,birth,3737
277.5128025993702,886,0,0,96,2738,2756,0,936,birth,3738
277.5258606386043,887,0,0,96,2739,2756,0,936,birth,3739
277.5666015060693,888,0,0,96,2740,2756,0,936,birth,3740
277.5884937328014,889,0,0,96,2741,2756,0,936,birth,3741
277.6013786517689,888,0,0,96,2741,2757,0,936,death,3653
277.6369458300794,887,0,0,96,2741,2758,0,936,death,3493
277.63941722353127,886,0,0,96,2741,2759,0,936,death,2979
277.6553823799942,887,0,0,96,2742,2759,0,936,birth,3742
277.6645350163547,888,0,0,96,2743,2759,0,936,birth,3743
277.6800089817364,889,0,0,96,2744,2759,0,936,birth,3744
277.6933219013812,890,0,0,96,2745,2759,0,936,birth,3745
277.7062843549471,891,0,0,96,2746,2759,0,936,birth,3746
277.7321047256198,890,0,0,96,2746,2760,0,936,death,2921
277.74081686097463,889,0,0,96,2746,2761,0,936,death,2210
277.7440998456758,888,0,0,96,2746,2762,0,936,death,3708
277.7842834165511,889,0,0,96,2747,2762,0,936,birth,3747
277.93440016422426,890,0,0,96,2748,2762,0,936,birth,3748
277.9378593847026,891,0,0,96,2749,2762,0,936,birth,3749
277.97705640420907,890,0,0,96,2749,2763,0,936,death,3460
278.0185064217624,889,0,0,96,2749,2764,0,936,death,2801
278.0642655777026,888,0,0,96,2749,2765,0,936,death,3483
278.255510775362,887,0,0,96,2749,2766,0,936,death,1740
278.28804217198876,888,0,0,96,2750,2766,0,936,birth,3750
278.30386789561516,888,0,0,95,2750,2767,0,936,death,1741
278.40146880801893,889,0,0,95,2751,2767,0,936,birth,3751
278.4731940178184,888,0,0,95,2751,2768,0,936,death,2654
278.54383569569796,887,0,0,95,2751,2769,0,936,death,3275
278.6394200544118,888,0,0,95,2752,2769,0,936,birth,3752
278.65359950421924,888,0,0,94,2752,2770,0,936,death,973
278.6879151793452,889,0,0,94,2753,2770,0,936,birth,3753
278.76647745227615,890,0,0,94,2754,2770,0,936,birth,3754
278.7676626106775,891,0,0,94,2755,2770,0,936,birth,3755
278.79037914986606,892,0,0,94,2756,2770,0,936,birth,3756
278.832691310868,893,0,0,94,2757,2770,0,936,birth,3757
278.9984979045166,892,0,0,94,2757,2771,0,936,death,3677
279.084689742174,891,0,0,94,2757,2772,0,936,death,3244
279.11213228632533,891,0,0,93,2757,2773,0,936,death,118
279.15180841282574,890,0,0,93,2757,2774,0,936,death,3434
279.15432621057215,889,0,0,93,2757,2775,0,936,death,1631
279.17409273260165,889,0,0,92,2757,2776,0,936,death,491
279.1754309748177,890,0,0,92,2758,2776,0,936,birth,3758
279.2589508537463,891,0,0,92,2759,2776,0,936,birth,3759
279.37440150352035,892,0,0,92,2760,2776,0,936,birth,3760
279.43454019899025,893,0,0,92,2761,2776,0,936,birth,3761
279.4742704889081,894,0,0,92,2762,2776,0,936,birth,3762
279.61217052604485,895,0,0,92,2763,2776,0,936,birth,3763
279.6214258964675,894,0,0,92,2763,2777,0,936,death,2621
279.632177708662,895,0,0,92,2764,2777,0,936,birth,3764
279.6454740787428,896,0,0,92,2765,2777,0,936,birth,3765
279.6502710214915,895,0,0,92,2765,2778,0,936,death,2776
279.671492112079,895,0,0,91,2765,2779,0,936,death,649
279.7276701168263,894,0,0,91,2765,2780,0,936,death,2800
279.74487576786134,895,0,0,91,2766,2780,0,936,birth,3766
279.75288776382547,894,0,0,91,2766,2781,0,936,death,3666
279.8481000730129,893,0,0,91,2766,2782,0,936,death,3405
279.89532990662013,892,0,0,91,2766,2783,0,936,death,2233
279.9909595186391,893,0,0,91,2767,2783,0,936,birth,3767
280.05472243275176,892,0,0,91,2767,2784,0,936,death,3223
280.1354942831151,891,0,0,91,2767,2785,0,936,death,2204
280.1625169159122,892,0,0,91,2768,2785,0,936,birth,3768
280.1816282196241,891,0,0,91,2768,2786,0,936,death,3212
280.20356643158556,890,0,0,91,2768,2787,0,936,death,3675
280.27583890659963,891,0,0,91,2769,2787,0,936,birth,3769
280.32780783698513,892,0,0,91,2770,2787,0,936,birth,3770
280.4753901243123,893,0,0,91,2771,2787,0,936,birth,3771
280.4882382426276,894,0,0,91,2772,2787,0,936,birth,3772
280.4926718749509,893,0,0,91,2772,2788,0,936,death,1852
280.49691785673747,894,0,0,91,2773,2788,0,936,birth,3773
280.5245895460024,893,0,0,91,2773,2789,0,936,death,3743
280.5793810484379,892,0,0,91,2773,2790,0,936,death,3280
280.591478343253,891,0,0,91,2773,2791,0,936,death,2314
280.6109701153174,892,0,0,91,2774,2791,0,936,birth,3774
280.7145036043023,891,0,0,91,2774,2792,0,936,death,3012
280.75037373929433,892,0,0,91,2775,2792,0,936,birth,3775
280.77376131132746,891,0,0,91,2775,2793,0,936,death,1374
280.7838869406705,890,0,0,91,2775,2794,0,936,death,3176
280.8203521079976,889,0,0,91,2775,2795,0,936,death,1627
280.9586112533146,888,0,0,91,2775,2796,0,936,death,2624
280.9639638688208,888,0,0,90,2775,2797,0,936,death,1053
281.03099861917354,887,0,0,90,2775,2798,0,936,death,3612
281.0416141859198,886,0,0,90,2775,2799,0,936,death,3482
281.0890280153812,887,0,0,90,2776,2799,0,936,birth,3776
281.09512489242667,887,0,0,89,2776,2800,0,936,death,1134
281.11036009181885,888,0,0,89,2777,2800,0,936,birth,3777
281.1248603110542,889,0,0,89,2778,2800,0,936,birth,3778
281.2130311023958,888,0,0,89,2778,2801,0,936,death,2806
281.2264758954207,889,0,0,89,2779,2801,0,936,birth,3779
281.2280240184831,888,0,0,89,2779,2802,0,936,death,1456
281.33387334181884,889,0,0,89,2780,2802,0,936,birth,3780
281.4343981229914,890,0,0,89,2781,2802,0,936,birth,3781
281.45229794477876,889,0,0,89,2781,2803,0,936,death,1563
281.4585455468668,890,0,0,89,2782,2803,0,936,birth,3782
281.4875668163383,889,0,0,89,2782,2804,0,936,death,3768
281.5252335602738,890,0,0,89,2783,2804,0,936,birth,3783
281.52737744292585,891,0,0,89,2784,2804,0,936,birth,3784
281.5753463385142,892,0,0,89,2785,2804,0,936,birth,3785
281.6044582189613,893,0,0,89,2786,2804,0,936,birth,3786
281.698881862833,894,0,0,89,2787,2804,0,936,birth,3787
281.7155540640856,893,0,0,89,2787,2805,0,936,death,1723
281.8092763817002,892,0,0,89,2787,2806,0,936,death,2014
281.80973021249144,892,0,0,88,2787,2807,0,936,death,286
281.8148866040635,893,0,0,88,2788,2807,0,936,birth,3788
281.88959064176146,893,0,0,87,2788,2808,0,936,death,473
281.95385046057794,894,0,0,87,2789,2808,0,936,birth,3789
281.9783068010198,895,0,0,87,2790,2808,0,936,birth,3790
281.98405455853316,894,0,0,87,2790,2809,0,936,death,3177
282.0066236047266,894,0,0,86,2790,2810,0,936,death,1241
282.05841106255593,893,0,0,86,2790,2811,0,936,death,3492
282.09484755618087,892,0,0,86,2790,2812,0,936,death,3614
282.1258083616396,891,0,0,86,2790,2813,0,936,death,2792
282.134621749915,892,0,0,86,2791,2813,0,936,birth,3791
282.15620275381025,891,0,0,86,2791,2814,0,936,death,2992
282.18862130457495,890,0,0,86,2791,2815,0,936,death,3737
282.2472796288759,891,0,0,86,2792,2815,0,936,birth,3792
282.3036883103848,890,0,0,86,2792,2816,0,936,death,3373
282.32096844053325,889,0,0,86,2792,2817,0,936,death,3583
282.4096052795809,888,0,0,86,2792,2818,0,936,death,3606
282.4507525950262,889,0,0,86,2793,2818,0,936,birth,3793
282.65428408553316,890,0,0,86,2794,2818,0,936,birth,3794
282.66112670704666,891,0,0,86,2795,2818,0,936,birth,3795
282.6715791185601,890,0,0,86,2795,2819,0,936,death,3540
282.7033665717845,889,0,0,86,2795,2820,0,936,death,3243
282.7129857169062,890,0,0,86,2796,2820,0,936,birth,3796
282.7833706252363,889,0,0,86,2796,2821,0,936,death,3313
282.8167970862752,888,0,0,86,2796,2822,0,936,death,3031
282.82248663394404,887,0,0,86,2796,2823,0,936,death,3209
282.8226936360047,888,0,0,86,2797,2823,0,936,birth,3797
282.8546278877148,887,0,0,86,2797,2824,0,936,death,3582
282.9596607882835,887,0,0,85,2797,2825,0,936,death,1553
282.96726192670263,888,0,0,85,2798,2825,0,936,birth,3798
282.9701670765605,889,0,0,85,2799,2825,0,936,birth,3799
283.05425496346896,888,0,0,85,2799,2826,0,936,death,3175
283.0655745808833,889,0,0,85,2800,2826,0,936,birth,3800
283.0705358903648,888,0,0,85,2800,2827,0,936,death,3797
283.08416071414445,889,0,0,85,2801,2827,0,936,birth,3801
283.19572610841965,888,0,0,85,2801,2828,0,936,death,3773
283.30275545698225,889,0,0,85,2802,2828,0,936,birth,3802
283.4002028697303,888,0,0,85,2802,2829,0,936,death,3720
283.4888946671551,888,0,0,84,2802,2830,0,936,death,33
283.5029445152182,887,0,0,84,2802,2831,0,936,death,3660
283.5599811680937,887,0,0,83,2802,2832,0,936,death,241
283.57466484257395,888,0,0,83,2803,2832,0,936,birth,3803
283.59991567547064,889,0,0,83,2804,2832,0,936,birth,3804
283.7506685186009,888,0,0,83,2804,2833,0,936,death,2824
283.76452592269277,889,0,0,83,2805,2833,0,936,birth,3805
283.80440982736405,889,0,0,82,2805,2834,0,936,death,229
283.8632250440372,888,0,0,82,2805,2835,0,936,death,3785
283.8945778307299,889,0,0,82,2806,2835,0,936,birth,3806
283.9765097449011,890,0,0,82,2807,2835,0,936,birth,3807
284.1151183289163,889,0,0,82,2807,2836,0,936,death,2952
284.1562077665511,888,0,0,82,2807,2837,0,936,death,3269
284.1644488918473,887,0,0,82,2807,2838,0,936,death,3342
284.3446543291216,886,0,0,82,2807,2839,0,936,death,2664
284.34677506526987,885,0,0,82,2807,2840,0,936,death,2496
284.4186248064302,886,0,0,82,2808,2840,0,936,birth,3808
284.44367029159093,887,0,0,82,2809,2840,0,936,birth,3809
284.5196746314243,888,0,0,82,2810,2840,0,936,birth,3810
284.7430037331112,887,0,0,82,2810,2841,0,936,death,3392
284.8224812832855,886,0,0,82,2810,2842,0,936,death,3760
284.8447419702831,885,0,0,82,2810,2843,0,936,death,1494
284.8803146100522,886,0,0,82,2811,2843,0,936,birth,3811
284.90451064045067,887,0,0,82,2812,2843,0,936,birth,3812
284.988891068746,886,0,0,82,2812,2844,0,936,death,3271
285.09678049993414,887,0,0,82,2813,2844,0,936,birth,3813
285.2029695673204,888,0,0,82,2814,2844,0,936,birth,3814
285.2409340869965,887,0,0,82,2814,2845,0,936,death,2120
285.3056204263424,888,0,0,82,2815,2845,0,936,birth,3815
285.32487981403426,887,0,0,82,2815,2846,0,936,death,2483
285.3649161859291,886,0,0,82,2815,2847,0,936,death,3574
285.44776625669977,885,0,0,82,2815,2848,0,936,death,2082
285.4589812983498,884,0,0,82,2815,2849,0,936,death,3780
285.46765733351424,883,0,0,82,2815,2850,0,936,death,2671
285.536361571939,884,0,0,82,2816,2850,0,936,birth,3816
285.56314822441993,883,0,0,82,2816,2851,0,936,death,1626
285.5824800012358,882,0,0,82,2816,2852,0,936,death,3180
285.6179283972767,883,0,0,82,2817,2852,0,936,birth,3817
285.64002046676507,882,0,0,82,2817,2853,0,936,death,3299
285.71982147791323,881,0,0,82,2817,2854,0,936,death,2739
285.74289371849545,880,0,0,82,2817,2855,0,936,death,3664
285.75447283965343,881,0,0,82,2818,2855,0,936,birth,3818
285.78538258379257,882,0,0,82,2819,2855,0,936,birth,3819
286.0160251778529,883,0,0,82,2820,2855,0,936,birth,3820
286.10987371403075,882,0,0,82,2820,2856,0,936,death,3274
286.1578431948859,883,0,0,82,2821,2856,0,936,birth,3821
286.17653911708834,882,0,0,82,2821,2857,0,936,death,1165
286.2806100797167,883,0,0,82,2822,2857,0,936,birth,3822
286.37072422813594,884,0,0,82,2823,2857,0,936,birth,3823
286.3757428084586,885,0,0,82,2824,2857,0,936,birth,3824
286.41357658514687,884,0,0,82,2824,2858,0,936,death,3340
286.45419907260776,883,0,0,82,2824,2859,0,936,death,3646
286.47961942537984,882,0,0,82,2824,2860,0,936,death,3092
286.53920037846547,882,0,0,81,2824,2861,0,936,death,240
286.5435021646468,883,0,0,81,2825,2861,0,936,birth,3825
286.5523419859158,884,0,0,81,2826,2861,0,936,birth,3826
286.63436003430576,885,0,0,81,2827,2861,0,936,birth,3827
286.6964621209843,886,0,0,81,2828,2861,0,936,birth,3828
286.79631416466896,887,0,0,81,2829,2861,0,936,birth,3829
286.8489317098625,888,0,0,81,2830,2861,0,936,birth,3830
286.9029601921243,887,0,0,81,2830,2862,0,936,death,3459
286.92529543354254,888,0,0,81,2831,2862,0,936,birth,3831
286.9657926897307,887,0,0,81,2831,2863,0,936,death,3790
287.07013488255075,886,0,0,81,2831,2864,0,936,death,3674
287.0804640106161,887,0,0,81,2832,2864,0,936,birth,3832
287.1074588807822,886,0,0,81,2832,2865,0,936,death,1659
287.2691984432952,887,0,0,81,2833,2865,0,936,birth,3833
287.2982482693609,888,0,0,81,2834,2865,0,936,birth,3834
287.2991417771489,889,0,0,81,2835,2865,0,936,birth,3835
287.4571846035848,890,0,0,81,2836,2865,0,936,birth,3836
287.48784633896133,891,0,0,81,2837,2865,0,936,birth,3837
287.6287910101589,890,0,0,81,2837,2866,0,936,death,3816
287.64625874909206,891,0,0,81,2838,2866,0,936,birth,3838
287.6491115032525,892,0,0,81,2839,2866,0,936,birth,3839
287.6636253753702,893,0,0,81,2840,2866,0,936,birth,3840
287.8014007369776,894,0,0,81,2841,2866,0,936,birth,3841
287.8504346374008,893,0,0,81,2841,2867,0,936,death,2080
287.8963904767604,892,0,0,81,2841,2868,0,936,death,2744
287.90006492121904,893,0,0,81,2842,2868,0,936,birth,3842
287.96703846222266,892,0,0,81,2842,2869,0,936,death,3431
288.02903825967115,891,0,0,81,2842,2870,0,936,death,3565
288.07761496511614,892,0,0,81,2843,2870,0,936,birth,3843
288.1575063528951,891,0,0,81,2843,2871,0,936,death,2457
288.17441045318003,892,0,0,81,2844,2871,0,936,birth,3844
288.1754652427213,891,0,0,81,2844,2872,0,936,death,3327
288.2351176075937,892,0,0,81,2845,2872,0,936,birth,3845
288.2732676386586,893,0,0,81,2846,2872,0,936,birth,3846
288.3212049069719,894,0,0,81,2847,2872,0,936,birth,3847
288.36562972528395,893,0,0,81,2847,2873,0,936,death,2899
288.39756189399606,893,0,0,80,2847,2874,0,936,death,1319
288.4381250788001,892,0,0,80,2847,2875,0,936,death,1768
288.6121930851997,891,0,0,80,2847,2876,0,936,death,3486
288.81818032581714,892,0,0,80,2848,2876,0,936,birth,3848
288.84532678565597,893,0,0,80,2849,2876,0,936,birth,3849
288.9885936217897,894,0,0,80,2850,2876,0,936,birth,3850
289.0129740120168,895,0,0,80,2851,2876,0,936,birth,3851
289.0331140822851,896,0,0,80,2852,2876,0,936,birth,3852
289.0407852438772,897,0,0,80,2853,2876,0,936,birth,3853
289.06733730132754,898,0,0,80,2854,2876,0,936,birth,3854
289.21308206598394,899,0,0,80,2855,2876,0,936,birth,3855
289.22276231018645,900,0,0,80,2856,2876,0,936,birth,3856
289.2319591467348,901,0,0,80,2857,2876,0,936,birth,3857
289.27773542704784,902,0,0,80,2858,2876,0,936,birth,3858
289.50569600809865,901,0,0,80,2858,2877,0,936,death,3057
289.5063572583881,900,0,0,80,2858,2878,0,936,death,3781
289.5348481936032,899,0,0,80,2858,2879,0,936,death,3798
289.62584664997917,898,0,0,80,2858,2880,0,936,death,3784
289.8122355460417,897,0,0,80,2858,2881,0,936,death,1423
289.8438295463628,898,0,0,80,2859,2881,0,936,birth,3859
290.0256024444902,897,0,0,80,2859,2882,0,936,death,3585
290.1137336049974,896,0,0,80,2859,2883,0,936,death,2588
290.18345253628365,895,0,0,80,2859,2884,0,936,death,2513
290.2305125671844,894,0,0,80,2859,2885,0,936,death,1759
290.235047111955,893,0,0,80,2859,2886,0,936,death,3437
290.2364966851377,894,0,0,80,2860,2886,0,936,birth,3860
290.298969735194,893,0,0,80,2860,2887,0,936,death,3130
290.34170151567423,894,0,0,80,2861,2887,0,936,birth,3861
290.43876518730326,895,0,0,80,2862,2887,0,936,birth,3862
290.5092032739461,895,0,0,79,2862,2888,0,936,death,150
290.62513341965155,894,0,0,79,2862,2889,0,936,death,2428
290.6339477977592,893,0,0,79,2862,2890,0,936,death,3054
290.66528673988137,894,0,0,79,2863,2890,0,936,birth,3863
290.68796925983384,895,0,0,79,2864,2890,0,936,birth,3864
290.725321510283,896,0,0,79,2865,2890,0,936,birth,3865
290.7475580146331,896,0,0,78,2865,2891,0,936,death,225
290.76208719347323,895,0,0,78,2865,2892,0,936,death,3029
290.77498121148,896,0,0,78,2866,2892,0,936,birth,3866
290.77619478521103,895,0,0,78,2866,2893,0,936,death,3040
290.7890680670225,896,0,0,78,2867,2893,0,936,birth,3867
290.8246207190719,897,0,0,78,2868,2893,0,936,birth,3868
290.8525368261619,898,0,0,78,2869,2893,0,936,birth,3869
290.8940702437551,898,0,0,77,2869,2894,0,936,death,945
290.9076618533137,899,0,0,77,2870,2894,0,936,birth,3870
290.92284956269754,900,0,0,77,2871,2894,0,936,birth,3871
291.0577405366049,901,0,0,77,2872,2894,0,936,birth,3872
291.0630010175826,900,0,0,77,2872,2895,0,936,death,3835
291.1208129297904,899,0,0,77,2872,2896,0,936,death,3385
291.2003721653273,900,0,0,77,2873,2896,0,936,birth,3873
291.23523496976946,899,0,0,77,2873,2897,0,936,death,2959
291.24443997218697,900,0,0,77,2874,2897,0,936,birth,3874
291.2565551812212,899,0,0,77,2874,2898,0,936,death,3149
291.28004676540996,900,0,0,77,2875,2898,0,936,birth,3875
291.30667823719244,900,0,0,76,2875,2899,0,936,death,149
291.3272768406565,901,0,0,76,2876,2899,0,936,birth,3876
291.3456174709099,902,0,0,76,2877,2899,0,936,birth,3877
291.4644722202674,903,0,0,76,2878,2899,0,936,birth,3878
291.5015452736635,904,0,0,76,2879,2899,0,936,birth,3879
291.5705913803009,905,0,0,76,2880,2899,0,936,birth,3880
291.5964168500553,906,0,0,76,2881,2899,0,936,birth,3881
291.6632469811627,907,0,0,76,2882,2899,0,936,birth,3882
291.7421971099165,908,0,0,76,2883,2899,0,936,birth,3883
291.7587633689848,907,0,0,76,2883,2900,0,936,death,3053
291.81662977219617,906,0,0,76,2883,2901,0,936,death,1491
291.8186324070058,907,0,0,76,2884,2901,0,936,birth,3884
291.92252732279627,908,0,0,76,2885,2901,0,936,birth,3885
292.0225467197363,909,0,0,76,2886,2901,0,936,birth,3886
292.02347785130155,908,0,0,76,2886,2902,0,936,death,3603
292.0843111048113,907,0,0,76,2886,2903,0,936,death,3758
292.1424600439907,906,0,0,76,2886,2904,0,936,death,2693
292.1598730250585,907,0,0,76,2887,2904,0,936,birth,3887
292.16952636181344,908,0,0,76,2888,2904,0,936,birth,3888
292.25246069145146,907,0,0,76,2888,2905,0,936,death,3105
292.2988962212588,906,0,0,76,2888,2906,0,936,death,2851
292.4267855068668,907,0,0,76,2889,2906,0,936,birth,3889
292.4586139084785,908,0,0,76,2890,2906,0,936,birth,3890
292.5600587633983,909,0,0,76,2891,2906,0,936,birth,3891
292.5646955167645,910,0,0,76,2892,2906,0,936,birth,3892
292.6867055637201,910,0,0,75,2892,2907,0,936,death,690
292.69663118126135,909,0,0,75,2892,2908,0,936,death,3539
292.77601557787705,910,0,0,75,2893,2908,0,936,birth,3893
292.87407294525605,909,0,0,75,2893,2909,0,936,death,3264
292.9508428502907,908,0,0,75,2893,2910,0,936,death,3776
292.9643445738391,907,0,0,75,2893,2911,0,936,death,3369
293.06238698315167,906,0,0,75,2893,2912,0,936,death,3586
293.1190477630892,907,0,0,75,2894,2912,0,936,birth,3894
293.1923007484317,908,0,0,75,2895,2912,0,936,birth,3895
293.2173738240274,909,0,0,75,2896,2912,0,936,birth,3896
293.2556266550208,908,0,0,75,2896,2913,0,936,death,2437
293.3251380131785,909,0,0,75,2897,2913,0,936,birth,3897
293.34547380032024,908,0,0,75,2897,2914,0,936,death,3389
293.36118108658275,907,0,0,75,2897,2915,0,936,death,3796
293.4217174375005,908,0,0,75,2898,2915,0,936,birth,3898
293.47913691326954,909,0,0,75,2899,2915,0,936,birth,3899
293.55088272693575,908,0,0,75,2899,2916,0,936,death,3640
293.55753611598954,907,0,0,75,2899,2917,0,936,death,3420
293.6470433067254,906,0,0,75,2899,2918,0,936,death,2686
293.6525884073748,907,0,0,75,2900,2918,0,936,birth,3900
293.67063992964887,908,0,0,75,2901,2918,0,936,birth,3901
293.68383090684154,907,0,0,75,2901,2919,0,936,death,3246
293.6850048984323,908,0,0,75,2902,2919,0,936,birth,3902
293.8848264587296,909,0,0,75,2903,2919,0,936,birth,3903
293.9686659835244,910,0,0,75,2904,2919,0,936,birth,3904
294.0026739063742,911,0,0,75,2905,2919,0,936,birth,3905
294.0360987338243,910,0,0,75,2905,2920,0,936,death,3639
294.24595569313607,909,0,0,75,2905,2921,0,936,death,3836
294.3108658836241,908,0,0,75,2905,2922,0,936,death,3319
294.3684930881319,909,0,0,75,2906,2922,0,936,birth,3906
294.4295018689707,908,0,0,75,2906,2923,0,936,death,3383
294.4369838908251,909,0,0,75,2907,2923,0,936,birth,3907
294.48868730582006,910,0,0,75,2908,2923,0,936,birth,3908
294.5041433895776,909,0,0,75,2908,2924,0,936,death,2986
294.6481572913615,908,0,0,75,2908,2925,0,936,death,3330
294.6827742501952,907,0,0,75,2908,2926,0,936,death,3156
294.72254325689835,906,0,0,75,2908,2927,0,936,death,1633
294.72518605481946,907,0,0,75,2909,2927,0,936,birth,3909
294.8798561058155,906,0,0,75,2909,2928,0,936,death,3581
294.8879480829786,907,0,0,75,2910,2928,0,936,birth,3910
294.89615465271226,908,0,0,75,2911,2928,0,936,birth,3911
294.9032447568768,907,0,0,75,2911,2929,0,936,death,3767
294.99915423250826,908,0,0,75,2912,2929,0,936,birth,3912
295.11765311744927,909,0,0,75,2913,2929,0,936,birth,3913
295.1397406813254,910,0,0,75,2914,2929,0,936,birth,3914
295.2281266186017,909,0,0,75,2914,2930,0,936,death,3328
295.2989589475789,908,0,0,75,2914,2931,0,936,death,3560
295.3093507955049,909,0,0,75,2915,2931,0,936,birth,3915
295.3532272066397,910,0,0,75,2916,2931,0,936,birth,3916
295.3727324270526,909,0,0,75,2916,2932,0,936,death,2560
295.4205542530909,910,0,0,75,2917,2932,0,936,birth,3917
295.50127699954487,911,0,0,75,2918,2932,0,936,birth,3918
295.50963436039353,912,0,0,75,2919,2932,0,936,birth,3919
295.5347190574061,913,0,0,75,2920,2932,0,936,birth,3920
295.6418448131635,914,0,0,75,2921,2932,0,936,birth,3921
295.69395632101896,913,0,0,75,2921,2933,0,936,death,2497
295.7424083770161,912,0,0,75,2921,2934,0,936,death,3839
295.7444736159174,911,0,0,75,2921,2935,0,936,death,3343
295.75524621756995,910,0,0,75,2921,2936,0,936,death,3134
295.78516925298146,911,0,0,75,2922,2936,0,936,birth,3922
295.78526399961936,912,0,0,75,2923,2936,0,936,birth,3923
295.87462941019373,911,0,0,75,2923,2937,0,936,death,3391
295.94786215262957,910,0,0,75,2923,2938,0,936,death,2869
295.99208456516686,911,0,0,75,2924,2938,0,936,birth,3924
296.11458308864184,912,0,0,75,2925,2938,0,936,birth,3925
296.1271283331674,913,0,0,75,2926,2938,0,936,birth,3926
296.17167629736764,912,0,0,75,2926,2939,0,936,death,3632
296.2078645538565,911,0,0,75,2926,2940,0,936,death,3123
296.2325299541287,910,0,0,75,2926,2941,0,936,death,3889
296.26945118294316,909,0,0,75,2926,2942,0,936,death,3877
296.3175961412137,910,0,0,75,2927,2942,0,936,birth,3927
296.4114795866175,909,0,0,75,2927,2943,0,936,death,1799
296.4874338465866,908,0,0,75,2927,2944,0,936,death,3611
296.4933633245333,907,0,0,75,2927,2945,0,936,death,3571
296.5056878564762,906,0,0,75,2927,2946,0,936,death,3193
296.7008414942342,905,0,0,75,2927,2947,0,936,death,3656
296.7913423753775,904,0,0,75,2927,2948,0,936,death,3754
296.83371182605697,903,0,0,75,2927,2949,0,936,death,3647
296.88432136469953,904,0,0,75,2928,2949,0,936,birth,3928
296.9093347468397,903,0,0,75,2928,2950,0,936,death,1547
296.9877868943012,904,0,0,75,2929,2950,0,936,birth,3929
297.01135138585806,905,0,0,75,2930,2950,0,936,birth,3930
297.0237538968334,904,0,0,75,2930,2951,0,936,death,3805
297.162571558102,905,0,0,75,2931,2951,0,936,birth,3931
297.1807081093434,906,0,0,75,2932,2951,0,936,birth,3932
297.1977197877127,905,0,0,75,2932,2952,0,936,death,3331
297.3115393565013,904,0,0,75,2932,2953,0,936,death,3823
297.4436576111048,905,0,0,75,2933,2953,0,936,birth,3933
297.4641838469708,906,0,0,75,2934,2953,0,936,birth,3934
297.51237946399846,907,0,0,75,2935,2953,0,936,birth,3935
297.59984361665965,908,0,0,75,2936,2953,0,936,birth,3936
297.60621249402715,909,0,0,75,2937,2953,0,936,birth,3937
297.6086458056671,910,0,0,75,2938,2953,0,936,birth,3938
297.65053410234043,909,0,0,75,2938,2954,0,936,death,3453
297.6591992992932,909,0,0,74,2938,2955,0,936,death,1090
297.70223731391417,908,0,0,74,2938,2956,0,936,death,2938
297.733395173134,909,0,0,74,2939,2956,0,936,birth,3939
297.7803348531657,910,0,0,74,2940,2956,0,936,birth,3940
297.78089248895935,909,0,0,74,2940,2957,0,936,death,3711
297.8240531739274,908,0,0,74,2940,2958,0,936,death,3593
297.87062042845616,907,0,0,74,2940,2959,0,936,death,3829
297.90338181245573,906,0,0,74,2940,2960,0,936,death,3414
297.944022511541,905,0,0,74,2940,2961,0,936,death,2718
297.9566909039031,906,0,0,74,2941,2961,0,936,birth,3941
298.03641506877455,905,0,0,74,2941,2962,0,936,death,702
298.06487706701165,906,0,0,74,2942,2962,0,936,birth,3942
298.099380198244,905,0,0,74,2942,2963,0,936,death,1559
298.11681286907196,904,0,0,74,2942,2964,0,936,death,1413
298.1534909508659,905,0,0,74,2943,2964,0,936,birth,3943
298.2247301389231,906,0,0,74,2944,2964,0,936,birth,3944
298.24724152634,907,0,0,74,2945,2964,0,936,birth,3945
298.38007592930995,906,0,0,74,2945,2965,0,936,death,1936
298.46924547500726,905,0,0,74,2945,2966,0,936,death,3722
298.4745471473314,904,0,0,74,2945,2967,0,936,death,2825
298.617946302332,903,0,0,74,2945,2968,0,936,death,3473
298.66806817206475,902,0,0,74,2945,2969,0,936,death,2402
298.69424367138896,903,0,0,74,2946,2969,0,936,birth,3946
298.74531806530774,902,0,0,74,2946,2970,0,936,death,3281
298.7816363477259,903,0,0,74,2947,2970,0,936,birth,3947
298.7832502853728,904,0,0,74,2948,2970,0,936,birth,3948
298.86300274994255,905,0,0,74,2949,2970,0,936,birth,3949
298.8728199498646,904,0,0,74,2949,2971,0,936,death,3789
298.96260822969964,903,0,0,74,2949,2972,0,936,death,1801
298.9638526616233,904,0,0,74,2950,2972,0,936,birth,3950
298.9765336459516,903,0,0,74,2950,2973,0,936,death,1427
299.01421719023176,904,0,0,74,2951,2973,0,936,birth,3951
299.06691424000235,903,0,0,74,2951,2974,0,936,death,3676
299.1163271467914,902,0,0,74,2951,2975,0,936,death,3067
299.15402253147084,903,0,0,74,2952,2975,0,936,birth,3952
299.19045920353943,904,0,0,74,2953,2975,0,936,birth,3953
299.2298219379626,903,0,0,74,2953,2976,0,936,death,3043
299.25345303621975,904,0,0,74,2954,2976,0,936,birth,3954
299.2982498582423,903,0,0,74,2954,2977,0,936,death,3783
299.29937338861106,902,0,0,74,2954,2978,0,936,death,3813
299.3464992827838,901,0,0,74,2954,2979,0,936,death,1198
299.4100521697081,902,0,0,74,2955,2979,0,936,birth,3955
299.4131213226815,903,0,0,74,2956,2979,0,936,birth,3956
299.49244682758956,904,0,0,74,2957,2979,0,936,birth,3957
299.53497389895784,903,0,0,74,2957,2980,0,936,death,3717
299.54822013933165,902,0,0,74,2957,2981,0,936,death,3747
299.67623406118463,903,0,0,74,2958,2981,0,936,birth,3958
299.8263927184945,904,0,0,74,2959,2981,0,936,birth,3959
299.88014778182423,903,0,0,74,2959,2982,0,936,death,3939
299.9120283972408,902,0,0,74,2959,2983,0,936,death,3305
299.97236831526834,903,0,0,74,2960,2983,0,936,birth,3960
299.98081333878645,904,0,0,74,2961,2983,0,936,birth,3961
299.9904774404727,903,0,0,74,2961,2984,0,936,death,3598
299.99567258899526,902,0,0,74,2961,2985,0,936,death,2322
300.052612720433,903,0,0,74,2962,2985,0,936,birth,3962
300.13800980319854,902,0,0,74,2962,2986,0,936,death,3898
300.19652696187916,901,0,0,74,2962,2987,0,936,death,2614
300.28877201933454,902,0,0,74,2963,2987,0,936,birth,3963
300.5236523955932,902,0,0,73,2963,2988,0,936,death,383
300.57575427407494,901,0,0,73,2963,2989,0,936,death,3009
300.70504543899693,901,0,0,72,2963,2990,0,936,death,787
300.8146093984485,900,0,0,72,2963,2991,0,936,death,3194
300.8942955139834,899,0,0,72,2963,2992,0,936,death,3235
301.0542981072379,898,0,0,72,2963,2993,0,936,death,3911
301.0627034873082,899,0,0,72,2964,2993,0,936,birth,3964
301.1161721414748,898,0,0,72,2964,2994,0,936,death,3699
301.1176566463093,899,0,0,72,2965,2994,0,936,birth,3965
301.13190183465207,900,0,0,72,2966,2994,0,936,birth,3966
301.1509842665219,901,0,0,72,2967,2994,0,936,birth,3967
301.1555721554373,900,0,0,72,2967,2995,0,936,death,3771
301.1569344476814,899,0,0,72,2967,2996,0,936,death,3645
301.1684370723988,900,0,0,72,2968,2996,0,936,birth,3968
301.2723082830509,901,0,0,72,2969,2996,0,936,birth,3969
301.3873034596988,900,0,0,72,2969,2997,0,936,death,3879
301.52968886286504,899,0,0,72,2969,2998,0,936,death,3742
301.5752206919468,898,0,0,72,2969,2999,0,936,death,3004
301.599977043709,897,0,0,72,2969,3000,0,936,death,3907
301.7387858220501,896,0,0,72,2969,3001,0,936,death,1732
301.83104096135446,897,0,0,72,2970,3001,0,936,birth,3970
301.84036177467124,898,0,0,72,2971,3001,0,936,birth,3971
301.8739429595904,899,0,0,72,2972,3001,0,936,birth,3972
301.91817356637017,900,0,0,72,2973,3001,0,936,birth,3973
302.0710408936035,899,0,0,72,2973,3002,0,936,death,3635
302.1644042400703,898,0,0,72,2973,3003,0,936,death,2652
302.2359257058173,897,0,0,72,2973,3004,0,936,death,3401
302.2563221260423,896,0,0,72,2973,3005,0,936,death,3638
302.28031030348967,897,0,0,72,2974,3005,0,936,birth,3974
302.3846551851603,898,0,0,72,2975,3005,0,936,birth,3975
302.48997877853645,899,0,0,72,2976,3005,0,936,birth,3976
302.5445156273095,898,0,0,72,2976,3006,0,936,death,3682
302.63855409512075,899,0,0,72,2977,3006,0,936,birth,3977
302.6709949659753,898,0,0,72,2977,3007,0,936,death,3418
302.7074708614615,899,0,0,72,2978,3007,0,936,birth,3978
302.7207686775484,898,0,0,72,2978,3008,0,936,death,2999
302.77650303677945,899,0,0,72,2979,3008,0,936,birth,3979
302.78096769294865,898,0,0,72,2979,3009,0,936,death,3221
302.8148522315066,899,0,0,72,2980,3009,0,936,birth,3980
302.8152937225446,900,0,0,72,2981,3009,0,936,birth,3981
302.8854787257206,901,0,0,72,2982,3009,0,936,birth,3982
303.1252363530759,902,0,0,72,2983,3009,0,936,birth,3983
303.1372885209715,901,0,0,72,2983,3010,0,936,death,3762
303.37551568529375,900,0,0,72,2983,3011,0,936,death,2804
303.3849535505497,901,0,0,72,2984,3011,0,936,birth,3984
303.39054686288824,902,0,0,72,2985,3011,0,936,birth,3985
303.3911654828555,903,0,0,72,2986,3011,0,936,birth,3986
303.4129355345374,904,0,0,72,2987,3011,0,936,birth,3987
303.4310176938628,905,0,0,72,2988,3011,0,936,birth,3988
303.4348093734819,906,0,0,72,2989,3011,0,936,birth,3989
303.445010642577,907,0,0,72,2990,3011,0,936,birth,3990
303.64279767233666,908,0,0,72,2991,3011,0,936,birth,3991
303.65353995338404,907,0,0,72,2991,3012,0,936,death,3254
303.68978803435596,908,0,0,72,2992,3012,0,936,birth,3992
303.6904780225698,907,0,0,72,2992,3013,0,936,death,2913
303.733138014998,906,0,0,72,2992,3014,0,936,death,3186
303.7343527373327,907,0,0,72,2993,3014,0,936,birth,3993
303.75446493121564,908,0,0,72,2994,3014,0,936,birth,3994
303.80144113854743,907,0,0,72,2994,3015,0,936,death,3802
303.840058245811,908,0,0,72,2995,3015,0,936,birth,3995
303.8555537398624,907,0,0,72,2995,3016,0,936,death,3662
303.88042387255797,906,0,0,72,2995,3017,0,936,death,3038
304.0472733204406,906,0,0,71,2995,3018,0,936,death,745
304.05143774143426,907,0,0,71,2996,3018,0,936,birth,3996
304.06059845979246,908,0,0,71,2997,3018,0,936,birth,3997
304.0764809213472,909,0,0,71,2998,3018,0,936,birth,3998
304.13463005803555,908,0,0,71,2998,3019,0,936,death,2613
304.1389086479352,909,0,0,71,2999,3019,0,936,birth,3999
304.16008689278425,908,0,0,71,2999,3020,0,936,death,2186
304.16887333680376,909,0,0,71,3000,3020,0,936,birth,4000
304.18250034063055,910,0,0,71,3001,3020,0,936,birth,4001
304.31017239451637,911,0,0,71,3002,3020,0,936,birth,4002
304.3823081054489,912,0,0,71,3003,3020,0,936,birth,4003
304.38330273012104,913,0,0,71,3004,3020,0,936,birth,4004
304.41087308078033,912,0,0,71,3004,3021,0,936,death,3476
304.49483783655256,911,0,0,71,3004,3022,0,936,death,2227
304.5295470446202,910,0,0,71,3004,3023,0,936,death,1781
304.54761314162585,911,0,0,71,3005,3023,0,936,birth,4005
304.647806743346,912,0,0,71,3006,3023,0,936,birth,4006
304.8197882174628,911,0,0,71,3006,3024,0,936,death,3777
305.00204613837354,910,0,0,71,3006,3025,0,936,death,2617
305.03930989721533,911,0,0,71,3007,3025,0,936,birth,4007
305.04352103974503,912,0,0,71,3008,3025,0,936,birth,4008
305.08965217992136,911,0,0,71,3008,3026,0,936,death,3687
305.10003759996755,910,0,0,71,3008,3027,0,936,death,3712
305.11998154949043,909,0,0,71,3008,3028,0,936,death,3477
305.14118151558466,910,0,0,71,3009,3028,0,936,birth,4009
305.19429691021725,911,0,0,71,3010,3028,0,936,birth,4010
305.2071972543087,910,0,0,71,3010,3029,0,936,death,3472
305.23920846690123,909,0,0,71,3010,3030,0,936,death,3994
305.29799557347616,910,0,0,71,3011,3030,0,936,birth,4011
305.3559906690971,911,0,0,71,3012,3030,0,936,birth,4012
305.3995196409759,912,0,0,71,3013,3030,0,936,birth,4013
305.40070401033313,911,0,0,71,3013,3031,0,936,death,2162
305.4228979336038,910,0,0,71,3013,3032,0,936,death,3865
305.45111905656836,911,0,0,71,3014,3032,0,936,birth,4014
305.5364596552098,910,0,0,71,3014,3033,0,936,death,2836
305.61035939913086,909,0,0,71,3014,3034,0,936,death,2072
305.6381571750439,908,0,0,71,3014,3035,0,936,death,3252
305.7321125081245,909,0,0,71,3015,3035,0,936,birth,4015
305.73641034581453,910,0,0,71,3016,3035,0,936,birth,4016
305.8043048620788,911,0,0,71,3017,3035,0,936,birth,4017
305.8107741311967,912,0,0,71,3018,3035,0,936,birth,4018
305.8931461247329,911,0,0,71,3018,3036,0,936,death,2815
305.91487269582115,912,0,0,71,3019,3036,0,936,birth,4019
306.09100234805464,911,0,0,71,3019,3037,0,936,death,3869
306.20610631836274,912,0,0,71,3020,3037,0,936,birth,4020
306.2312469918564,911,0,0,71,3020,3038,0,936,death,3481
306.2820701896329,910,0,0,71,3020,3039,0,936,death,2651
306.28548108637654,909,0,0,71,3020,3040,0,936,death,3160
306.3760254556776,908,0,0,71,3020,3041,0,936,death,3484
306.4078984990534,907,0,0,71,3020,3042,0,936,death,3981
306.4283399021105,908,0,0,71,3021,3042,0,936,birth,4021
306.4389887424544,907,0,0,71,3021,3043,0,936,death,3670
306.4846007925427,908,0,0,71,3022,3043,0,936,birth,4022
306.4887643337544,909,0,0,71,3023,3043,0,936,birth,4023
306.52705375597054,908,0,0,71,3023,3044,0,936,death,324
306.5356349616711,907,0,0,71,3023,3045,0,936,death,3659
306.6053755203726,908,0,0,71,3024,3045,0,936,birth,4024
306.81322905664445,909,0,0,71,3025,3045,0,936,birth,4025
306.8803677714069,908,0,0,71,3025,3046,0,936,death,3542
306.8976978263174,909,0,0,71,3026,3046,0,936,birth,4026
306.898826298408,908,0,0,71,3026,3047,0,936,death,3100
306.95828579910057,909,0,0,71,3027,3047,0,936,birth,4027
306.9629973646995,908,0,0,71,3027,3048,0,936,death,828
306.9831642121664,907,0,0,71,3027,3049,0,936,death,3967
307.0088746990281,908,0,0,71,3028,3049,0,936,birth,4028
307.0952202557884,907,0,0,71,3028,3050,0,936,death,3631
307.1647016012442,906,0,0,71,3028,3051,0,936,death,3940
307.2180260525206,905,0,0,71,3028,3052,0,936,death,3423
307.3011316604211,906,0,0,71,3029,3052,0,936,birth,4029
307.3697354797007,905,0,0,71,3029,3053,0,936,death,3642
307.3700605822647,906,0,0,71,3030,3053,0,936,birth,4030
307.3703833014315,907,0,0,71,3031,3053,0,936,birth,4031
307.4335378095073,906,0,0,71,3031,3054,0,936,death,3999
307.43371403225643,905,0,0,71,3031,3055,0,936,death,2000
307.45663372548887,906,0,0,71,3032,3055,0,936,birth,4032
307.47035688124635,905,0,0,71,3032,3056,0,936,death,2512
307.4924061472987,906,0,0,71,3033,3056,0,936,birth,4033
307.49986074427875,905,0,0,71,3033,3057,0,936,death,3609
307.60897163605875,904,0,0,71,3033,3058,0,936,death,2273
307.68901399443104,905,0,0,71,3034,3058,0,936,birth,4034
307.7014800507234,904,0,0,71,3034,3059,0,936,death,3975
307.7564858383153,905,0,0,71,3035,3059,0,936,birth,4035
307.7661609210906,906,0,0,71,3036,3059,0,936,birth,4036
307.7931716451426,905,0,0,71,3036,3060,0,936,death,3178
307.7996720117408,906,0,0,71,3037,3060,0,936,birth,4037
307.91964483089293,907,0,0,71,3038,3060,0,936,birth,4038
307.9317800279993,908,0,0,71,3039,3060,0,936,birth,4039
308.1591332888924,907,0,0,71,3039,3061,0,936,death,3499
308.17215740994436,908,0,0,71,3040,3061,0,936,birth,4040
308.203803352429,909,0,0,71,3041,3061,0,936,birth,4041
308.2064843323044,908,0,0,71,3041,3062,0,936,death,3332
308.2451317541772,909,0,0,71,3042,3062,0,936,birth,4042
308.2582848009599,910,0,0,71,3043,3062,0,936,birth,4043
308.29371949381886,909,0,0,71,3043,3063,0,936,death,1657
308.3527226006417,908,0,0,71,3043,3064,0,936,death,2889
308.3619151842541,909,0,0,71,3044,3064,0,936,birth,4044
308.36788786658656,908,0,0,71,3044,3065,0,936,death,2805
308.3987559301384,909,0,0,71,3045,3065,0,936,birth,4045
308.4343701917044,908,0,0,71,3045,3066,0,936,death,3821
308.51858264886107,907,0,0,71,3045,3067,0,936,death,3808
308.5965816297631,906,0,0,71,3045,3068,0,936,death,3974
308.6760372902897,907,0,0,71,3046,3068,0,936,birth,4046
308.7806188904852,908,0,0,71,3047,3068,0,936,birth,4047
308.8263546329386,907,0,0,71,3047,3069,0,936,death,3570
308.874734412795,908,0,0,71,3048,3069,0,936,birth,4048
308.9175177779185,909,0,0,71,3049,3069,0,936,birth,4049
308.9415711192225,908,0,0,71,3049,3070,0,936,death,2937
308.96034426140454,909,0,0,71,3050,3070,0,936,birth,4050
308.9664870091723,908,0,0,71,3050,3071,0,936,death,3045
309.00215000462936,907,0,0,71,3050,3072,0,936,death,2879
309.0093115758848,908,0,0,71,3051,3072,0,936,birth,4051
309.13484083610064,909,0,0,71,3052,3072,0,936,birth,4052
309.1581816657258,908,0,0,71,3052,3073,0,936,death,3074
309.1677552669623,907,0,0,71,3052,3074,0,936,death,3971
309.1890530055589,908,0,0,71,3053,3074,0,936,birth,4053
309.24021718678665,909,0,0,71,3054,3074,0,936,birth,4054
309.2868447929358,908,0,0,71,3054,3075,0,936,death,3943
309.30957847899026,909,0,0,71,3055,3075,0,936,birth,4055
309.34032006256024,910,0,0,71,3056,3075,0,936,birth,4056
309.3783281228746,909,0,0,71,3056,3076,0,936,death,3828
309.45583147854586,910,0,0,71,3057,3076,0,936,birth,4057
309.4939707213684,911,0,0,71,3058,3076,0,936,birth,4058
309.6315561201348,912,0,0,71,3059,3076,0,936,birth,4059
309.68019468757865,913,0,0,71,3060,3076,0,936,birth,4060
309.690266319803,914,0,0,71,3061,3076,0,936,birth,4061
309.70901032990287,915,0,0,71,3062,3076,0,936,birth,4062
309.7845414908576,914,0,0,71,3062,3077,0,936,death,3552
309.79664245836057,913,0,0,71,3062,3078,0,936,death,3618
309.8063591746606,914,0,0,71,3063,3078,0,936,birth,4063
309.8662491009613,913,0,0,71,3063,3079,0,936,death,3703
309.8694516133886,914,0,0,71,3064,3079,0,936,birth,4064
309.9263303154927,915,0,0,71,3065,3079,0,936,birth,4065
309.9348501084067,916,0,0,71,3066,3079,0,936,birth,4066
310.04581957977996,917,0,0,71,3067,3079,0,936,birth,4067
310.103967975652,918,0,0,71,3068,3079,0,936,birth,4068
310.204499709523,919,0,0,71,3069,3079,0,936,birth,4069
310.2100595575005,920,0,0,71,3070,3079,0,936,birth,4070
310.2258541528676,919,0,0,71,3070,3080,0,936,death,4010
310.3694994139104,920,0,0,71,3071,3080,0,936,birth,4071
310.3732540044111,921,0,0,71,3072,3080,0,936,birth,4072
310.5780528073168,922,0,0,71,3073,3080,0,936,birth,4073
310.5867446386421,921,0,0,71,3073,3081,0,936,death,3417
310.5883698902968,922,0,0,71,3074,3081,0,936,birth,4074
310.5895018500789,921,0,0,71,3074,3082,0,936,death,3966
310.6784080579378,920,0,0,71,3074,3083,0,936,death,3355
310.68649018362174,921,0,0,71,3075,3083,0,936,birth,4075
310.7276319316767,922,0,0,71,3076,3083,0,936,birth,4076
310.73712316710163,921,0,0,71,3076,3084,0,936,death,4046
310.8603420318232,920,0,0,71,3076,3085,0,936,death,4076
310.8984545266344,921,0,0,71,3077,3085,0,936,birth,4077
310.99683229813814,922,0,0,71,3078,3085,0,936,birth,4078
311.0678031211621,921,0,0,71,3078,3086,0,936,death,3257
311.1227544802895,922,0,0,71,3079,3086,0,936,birth,4079
311.2118556746516,923,0,0,71,3080,3086,0,936,birth,4080
311.23307300269727,922,0,0,71,3080,3087,0,936,death,3506
311.23672362151876,921,0,0,71,3080,3088,0,936,death,3735
311.4491478988214,920,0,0,71,3080,3089,0,936,death,3516
311.50744982316144,921,0,0,71,3081,3089,0,936,birth,4081
311.60338554201593,922,0,0,71,3082,3089,0,936,birth,4082
311.6137454735761,921,0,0,71,3082,3090,0,936,death,3684
311.6365942356904,922,0,0,71,3083,3090,0,936,birth,4083
311.6456862830615,923,0,0,71,3084,3090,0,936,birth,4084
311.6954440477241,924,0,0,71,3085,3090,0,936,birth,4085
311.708159535153,923,0,0,71,3085,3091,0,936,death,3834
311.7712600264618,922,0,0,71,3085,3092,0,936,death,1961
311.80277990622113,923,0,0,71,3086,3092,0,936,birth,4086
311.80907200617986,924,0,0,71,3087,3092,0,936,birth,4087
311.8291913014487,925,0,0,71,3088,3092,0,936,birth,4088
311.8596981522837,924,0,0,71,3088,3093,0,936,death,2541
311.9501444066241,923,0,0,71,3088,3094,0,936,death,3008
312.05964453956176,924,0,0,71,3089,3094,0,936,birth,4089
312.0804930460034,923,0,0,71,3089,3095,0,936,death,2626
312.10692516117854,922,0,0,71,3089,3096,0,936,death,3341
312.1236905319227,921,0,0,71,3089,3097,0,936,death,3503
312.18325486047314,922,0,0,71,3090,3097,0,936,birth,4090
312.21040645921494,922,0,0,70,3090,3098,0,936,death,991
312.23281471028866,923,0,0,70,3091,3098,0,936,birth,4091
312.2842924206825,924,0,0,70,3092,3098,0,936,birth,4092
312.3139845744486,925,0,0,70,3093,3098,0,936,birth,4093
312.3378829045215,924,0,0,70,3093,3099,0,936,death,3608
312.37103428889986,923,0,0,70,3093,3100,0,936,death,3912
312.41734613514274,924,0,0,70,3094,3100,0,936,birth,4094
312.4249430868938,923,0,0,70,3094,3101,0,936,death,3474
312.5258072929072,924,0,0,70,3095,3101,0,936,birth,4095
312.5456238542822,925,0,0,70,3096,3101,0,936,birth,4096
312.57716551055785,926,0,0,70,3097,3101,0,936,birth,4097
312.59020779438765,925,0,0,70,3097,3102,0,936,death,2701
312.5914562348578,926,0,0,70,3098,3102,0,936,birth,4098
312.650846030495,925,0,0,70,3098,3103,0,936,death,3522
312.70563841946,926,0,0,70,3099,3103,0,936,birth,4099
312.74236711403796,927,0,0,70,3100,3103,0,936,birth,4100
312.8210678437257,928,0,0,70,3101,3103,0,936,birth,4101
312.8301412368306,927,0,0,70,3101,3104,0,936,death,3695
313.0805774576658,928,0,0,70,3102,3104,0,936,birth,4102
313.09760804935365,927,0,0,70,3102,3105,0,936,death,3837
313.1004959408514,926,0,0,70,3102,3106,0,936,death,3954
313.1534439565014,925,0,0,70,3102,3107,0,936,death,2661
313.3347410648352,926,0,0,70,3103,3107,0,936,birth,4103
313.35306423664673,925,0,0,70,3103,3108,0,936,death,3524
313.37821232374756,925,0,0,69,3103,3109,0,936,death,1175
313.4264045105235,924,0,0,69,3103,3110,0,936,death,4057
313.46819541165746,925,0,0,69,3104,3110,0,936,birth,4104
313.53273147247745,926,0,0,69,3105,3110,0,936,birth,4105
313.59334052994495,925,0,0,69,3105,3111,0,936,death,3649
313.74652321155384,926,0,0,69,3106,3111,0,936,birth,4106
313.8411007093126,927,0,0,69,3107,3111,0,936,birth,4107
313.8620601892059,926,0,0,69,3107,3112,0,936,death,3446
313.9302251810328,925,0,0,69,3107,3113,0,936,death,4084
313.97181771138827,926,0,0,69,3108,3113,0,936,birth,4108
314.1288712519902,926,0,0,68,3108,3114,0,936,death,180
314.2109288652091,926,0,0,67,3108,3115,0,936,death,1373
314.31045860829886,925,0,0,67,3108,3116,0,936,death,2487
314.3756906853103,924,0,0,67,3108,3117,0,936,death,3995
314.4135927925116,923,0,0,67,3108,3118,0,936,death,3145
314.44419487163105,922,0,0,67,3108,3119,0,936,death,2980
314.5111214369089,923,0,0,67,3109,3119,0,936,birth,4109
314.5548854176284,924,0,0,67,3110,3119,0,936,birth,4110
314.5686449234449,923,0,0,67,3110,3120,0,936,death,3779
314.61185641678264,922,0,0,67,3110,3121,0,936,death,3807
314.63922933521724,923,0,0,67,3111,3121,0,936,birth,4111
314.740630532047,923,0,0,66,3111,3122,0,936,death,437
314.76270268293666,922,0,0,66,3111,3123,0,936,death,3799
314.7801173359322,921,0,0,66,3111,3124,0,936,death,3736
314.8462449908164,921,0,0,65,3111,3125,0,936,death,967
314.9982585686874,920,0,0,65,3111,3126,0,936,death,3752
315.0133611522615,921,0,0,65,3112,3126,0,936,birth,4112
315.10809458161737,922,0,0,65,3113,3126,0,936,birth,4113
315.1135987071356,923,0,0,65,3114,3126,0,936,birth,4114
315.1396012566179,922,0,0,65,3114,3127,0,936,death,3725
315.15205602370474,921,0,0,65,3114,3128,0,936,death,4018
315.3089410711178,921,0,0,64,3114,3129,0,936,death,1028
315.4002562767643,922,0,0,64,3115,3129,0,936,birth,4115
315.5981765303507,923,0,0,64,3116,3129,0,936,birth,4116
315.6137022130728,922,0,0,64,3116,3130,0,936,death,3467
315.63639223638324,923,0,0,64,3117,3130,0,936,birth,4117
315.64490632513065,922,0,0,64,3117,3131,0,936,death,3403
315.73135670264185,923,0,0,64,3118,3131,0,936,birth,4118
315.7619342961305,924,0,0,64,3119,3131,0,936,birth,4119
315.77089778793237,923,0,0,64,3119,3132,0,936,death,3520
315.7851451473799,924,0,0,64,3120,3132,0,936,birth,4120
315.9726044861563,923,0,0,64,3120,3133,0,936,death,3859
316.00755600553373,922,0,0,64,3120,3134,0,936,death,2498
316.0123986504354,921,0,0,64,3120,3135,0,936,death,3763
316.03334589750943,920,0,0,64,3120,3136,0,936,death,2892
316.0606827073348,921,0,0,64,3121,3136,0,936,birth,4121
316.07316846195744,922,0,0,64,3122,3136,0,936,birth,4122
316.13338341469193,923,0,0,64,3123,3136,0,936,birth,4123
316.1529322429748,924,0,0,64,3124,3136,0,936,birth,4124
316.18943867782394,923,0,0,64,3124,3137,0,936,death,3875
316.2259496301136,922,0,0,64,3124,3138,0,936,death,3085
316.38029773465286,921,0,0,64,3124,3139,0,936,death,3496
316.45415652672887,920,0,0,64,3124,3140,0,936,death,1290
316.49832747291646,921,0,0,64,3125,3140,0,936,birth,4125
316.6079021196911,920,0,0,64,3125,3141,0,936,death,3620
316.6686931774703,919,0,0,64,3125,3142,0,936,death,3945
316.6971131876247,918,0,0,64,3125,3143,0,936,death,2392
316.74541150872,917,0,0,64,3125,3144,0,936,death,3282
316.78514860009113,918,0,0,64,3126,3144,0,936,birth,4126
316.87057727127285,917,0,0,64,3126,3145,0,936,death,2051
316.88639610615485,918,0,0,64,3127,3145,0,936,birth,4127
316.9703047355774,918,0,0,63,3127,3146,0,936,death,1314
317.2210912747537,919,0,0,63,3128,3146,0,936,birth,4128
317.3323893383736,918,0,0,63,3128,3147,0,936,death,3623
317.4139971785392,919,0,0,63,3129,3147,0,936,birth,4129
317.44101078003933,920,0,0,63,3130,3147,0,936,birth,4130
317.4521823233924,919,0,0,63,3130,3148,0,936,death,4101
317.45492206843915,918,0,0,63,3130,3149,0,936,death,3311
317.4730867038836,917,0,0,63,3130,3150,0,936,death,3599
317.76368942581513,916,0,0,63,3130,3151,0,936,death,3883
317.79322058126917,915,0,0,63,3130,3152,0,936,death,1406
317.8019564757124,916,0,0,63,3131,3152,0,936,birth,4131
317.8170200616642,915,0,0,63,3131,3153,0,936,death,2281
317.8854580607888,914,0,0,63,3131,3154,0,936,death,2973
317.98026617210934,915,0,0,63,3132,3154,0,936,birth,4132
318.0289231470231,914,0,0,63,3132,3155,0,936,death,3715
318.1501548592079,913,0,0,63,3132,3156,0,936,death,3544
318.2670117978743,914,0,0,63,3133,3156,0,936,birth,4133
318.2751706148794,913,0,0,63,3133,3157,0,936,death,2925
318.38800160623583,912,0,0,63,3133,3158,0,936,death,1428
318.44462145197843,911,0,0,63,3133,3159,0,936,death,4105
318.5226911650118,911,0,0,62,3133,3160,0,936,death,52
318.57119202111227,912,0,0,62,3134,3160,0,936,birth,4134
318.6262067163141,913,0,0,62,3135,3160,0,936,birth,4135
318.67542523834754,912,0,0,62,3135,3161,0,936,death,3607
318.67944191540545,913,0,0,62,3136,3161,0,936,birth,4136
318.695263732139,912,0,0,62,3136,3162,0,936,death,2548
318.7134437230492,913,0,0,62,3137,3162,0,936,birth,4137
318.78477141003464,912,0,0,62,3137,3163,0,936,death,2928
318.79035175009955,913,0,0,62,3138,3163,0,936,birth,4138
318.9217403148659,914,0,0,62,3139,3163,0,936,birth,4139
319.0181929278291,915,0,0,62,3140,3163,0,936,birth,4140
319.05334724062294,916,0,0,62,3141,3163,0,936,birth,4141
319.06300329058047,917,0,0,62,3142,3163,0,936,birth,4142
319.13046739993354,918,0,0,62,3143,3163,0,936,birth,4143
319.1466443206955,917,0,0,62,3143,3164,0,936,death,3181
319.14818622726256,918,0,0,62,3144,3164,0,936,birth,4144
319.1957920695019,919,0,0,62,3145,3164,0,936,birth,4145
319.2427817432004,920,0,0,62,3146,3164,0,936,birth,4146
319.2596370210401,921,0,0,62,3147,3164,0,936,birth,4147
319.4383777008153,922,0,0,62,3148,3164,0,936,birth,4148
319.47830111081305,921,0,0,62,3148,3165,0,936,death,1615
319.4994219479266,920,0,0,62,3148,3166,0,936,death,3480
319.54195089271764,921,0,0,62,3149,3166,0,936,birth,4149
319.5781734236703,922,0,0,62,3150,3166,0,936,birth,4150
319.5897299703306,921,0,0,62,3150,3167,0,936,death,3749
319.81751425593563,920,0,0,62,3150,3168,0,936,death,2785
319.9886527971044,921,0,0,62,3151,3168,0,936,birth,4151
319.9952925686733,920,0,0,62,3151,3169,0,936,death,3201
320.18768417396944,919,0,0,62,3151,3170,0,936,death,3056
320.2347996591559,920,0,0,62,3152,3170,0,936,birth,4152
320.385637263082,921,0,0,62,3153,3170,0,936,birth,4153
320.3970545744437,922,0,0,62,3154,3170,0,936,birth,4154
320.4381159810176,921,0,0,62,3154,3171,0,936,death,3989
320.59402826123056,920,0,0,62,3154,3172,0,936,death,3992
320.693598847218,919,0,0,62,3154,3173,0,936,death,1308
320.81309800405836,918,0,0,62,3154,3174,0,936,death,3144
320.8318111001622,918,0,0,61,3154,3175,0,936,death,202
320.8871705203748,917,0,0,61,3154,3176,0,936,death,2754
320.9311735533187,918,0,0,61,3155,3176,0,936,birth,4155
321.0626312626585,918,0,0,60,3155,3177,0,936,death,14
321.0897524015578,917,0,0,60,3155,3178,0,936,death,2866
321.16086003763036,916,0,0,60,3155,3179,0,936,death,2161
321.2450480683405,915,0,0,60,3155,3180,0,936,death,4059
321.2665947972174,914,0,0,60,3155,3181,0,936,death,3787
321.2731308898953,915,0,0,60,3156,3181,0,936,birth,4156
321.3587774979444,916,0,0,60,3157,3181,0,936,birth,4157
321.4312555953577,915,0,0,60,3157,3182,0,936,death,2229
321.4926076521991,916,0,0,60,3158,3182,0,936,birth,4158
321.5352068678293,917,0,0,60,3159,3182,0,936,birth,4159
321.6151286157645,916,0,0,60,3159,3183,0,936,death,1908
321.62134941404594,915,0,0,60,3159,3184,0,936,death,3733
321.65822107102014,916,0,0,60,3160,3184,0,936,birth,4160
321.7039563164733,915,0,0,60,3160,3185,0,936,death,4119
321.7160570450592,914,0,0,60,3160,3186,0,936,death,3555
321.7206239475429,915,0,0,60,3161,3186,0,936,birth,4161
321.7363254156638,916,0,0,60,3162,3186,0,936,birth,4162
321.7902887202273,915,0,0,60,3162,3187,0,936,death,3289
321.7929107714654,914,0,0,60,3162,3188,0,936,death,4156
321.8320095611572,913,0,0,60,3162,3189,0,936,death,4040
321.83783839571333,914,0,0,60,3163,3189,0,936,birth,4163
321.8621623522632,913,0,0,60,3163,3190,0,936,death,3960
321.93280894131095,912,0,0,60,3163,3191,0,936,death,2485
321.9645843956481,911,0,0,60,3163,3192,0,936,death,2949
321.9796450131534,910,0,0,60,3163,3193,0,936,death,3838
321.9834751609868,909,0,0,60,3163,3194,0,936,death,2901
321.99177530850375,908,0,0,60,3163,3195,0,936,death,2918
321.9922251512742,907,0,0,60,3163,3196,0,936,death,3846
322.0117135271905,906,0,0,60,3163,3197,0,936,death,3066
322.04004116341423,905,0,0,60,3163,3198,0,936,death,3605
322.04957703648074,904,0,0,60,3163,3199,0,936,death,2709
322.1451044479305,903,0,0,60,3163,3200,0,936,death,4017
322.26643261720216,904,0,0,60,3164,3200,0,936,birth,4164
322.2672084716708,905,0,0,60,3165,3200,0,936,birth,4165
322.2849235958606,904,0,0,60,3165,3201,0,936,death,2403
322.2927157069852,903,0,0,60,3165,3202,0,936,death,2347
322.4016312629918,902,0,0,60,3165,3203,0,936,death,3587
322.40710896491794,903,0,0,60,3166,3203,0,936,birth,4166
322.4097929093358,904,0,0,60,3167,3203,0,936,birth,4167
322.4745480297074,903,0,0,60,3167,3204,0,936,death,3368
322.4847059938932,904,0,0,60,3168,3204,0,936,birth,4168
322.5920980247606,905,0,0,60,3169,3204,0,936,birth,4169
322.60017088144895,906,0,0,60,3170,3204,0,936,birth,4170
322.61102970557926,905,0,0,60,3170,3205,0,936,death,4021
322.62122605327914,906,0,0,60,3171,3205,0,936,birth,4171
322.6595418208639,905,0,0,60,3171,3206,0,936,death,3704
322.6736796706358,906,0,0,60,3172,3206,0,936,birth,4172
322.69798702647194,907,0,0,60,3173,3206,0,936,birth,4173
322.7067682372952,906,0,0,60,3173,3207,0,936,death,4117
322.7716008191425,907,0,0,60,3174,3207,0,936,birth,4174
322.8441954050265,908,0,0,60,3175,3207,0,936,birth,4175
322.8914577766844,909,0,0,60,3176,3207,0,936,birth,4176
322.9140712415174,908,0,0,60,3176,3208,0,936,death,3273
323.024960908625,909,0,0,60,3177,3208,0,936,birth,4177
323.05795541368707,910,0,0,60,3178,3208,0,936,birth,4178
323.12512725273507,909,0,0,60,3178,3209,0,936,death,3017
323.12922853196136,909,0,0,59,3178,3210,0,936,death,1298
323.1666664371258,910,0,0,59,3179,3210,0,936,birth,4179
323.1959790602949,909,0,0,59,3179,3211,0,936,death,3376
323.2056792578102,910,0,0,59,3180,3211,0,936,birth,4180
323.21280974619606,909,0,0,59,3180,3212,0,936,death,3253
323.26614188542965,910,0,0,59,3181,3212,0,936,birth,4181
323.2816017094341,911,0,0,59,3182,3212,0,936,birth,4182
323.331010039153,912,0,0,59,3183,3212,0,936,birth,4183
323.3688559408748,913,0,0,59,3184,3212,0,936,birth,4184
323.3782587975146,912,0,0,59,3184,3213,0,936,death,3132
323.41115799225,911,0,0,59,3184,3214,0,936,death,3831
323.4518435172421,912,0,0,59,3185,3214,0,936,birth,4185
323.56615855888464,911,0,0,59,3185,3215,0,936,death,4144
323.568911263099,912,0,0,59,3186,3215,0,936,birth,4186
323.6733672824547,911,0,0,59,3186,3216,0,936,death,2861
323.7200949490716,912,0,0,59,3187,3216,0,936,birth,4187
323.72624803585165,911,0,0,59,3187,3217,0,936,death,3932
323.74955892750654,912,0,0,59,3188,3217,0,936,birth,4188
323.76945610556515,911,0,0,59,3188,3218,0,936,death,3716
323.833058614941,910,0,0,59,3188,3219,0,936,death,2587
323.84154217265757,911,0,0,59,3189,3219,0,936,birth,4189
323.8425465758428,910,0,0,59,3189,3220,0,936,death,4002
323.84340725080625,909,0,0,59,3189,3221,0,936,death,3199
323.9194160834969,908,0,0,59,3189,3222,0,936,death,2215
323.92786581258474,907,0,0,59,3189,3223,0,936,death,3049
323.9850259846879,908,0,0,59,3190,3223,0,936,birth,4190
324.00416159820946,909,0,0,59,3191,3223,0,936,birth,4191
324.0799513982367,910,0,0,59,3192,3223,0,936,birth,4192
324.1165940267259,909,0,0,59,3192,3224,0,936,death,2376
324.169362807777,908,0,0,59,3192,3225,0,936,death,3033
324.25778621796496,907,0,0,59,3192,3226,0,936,death,3842
324.29300380764494,906,0,0,59,3192,3227,0,936,death,3595
324.3123668453643,907,0,0,59,3193,3227,0,936,birth,4193
324.3252028223887,908,0,0,59,3194,3227,0,936,birth,4194
324.34710999563737,907,0,0,59,3194,3228,0,936,death,4023
324.37132163330244,908,0,0,59,3195,3228,0,936,birth,4195
324.4219774817882,909,0,0,59,3196,3228,0,936,birth,4196
324.4815114211545,908,0,0,59,3196,3229,0,936,death,4038
324.6618202803068,909,0,0,59,3197,3229,0,936,birth,4197
324.772504516548,910,0,0,59,3198,3229,0,936,birth,4198
324.7847263830365,909,0,0,59,3198,3230,0,936,death,3852
324.80975881386337,910,0,0,59,3199,3230,0,936,birth,4199
324.9464393367084,911,0,0,59,3200,3230,0,936,birth,4200
325.10395050917947,910,0,0,59,3200,3231,0,936,death,3596
325.14936071852804,909,0,0,59,3200,3232,0,936,death,3590
325.1924876734158,910,0,0,59,3201,3232,0,936,birth,4201
325.2318692413878,909,0,0,59,3201,3233,0,936,death,2734
325.25413526727056,908,0,0,59,3201,3234,0,936,death,4127
325.2684122012687,909,0,0,59,3202,3234,0,936,birth,4202
325.2722334758795,908,0,0,59,3202,3235,0,936,death,3896
325.2827195018287,909,0,0,59,3203,3235,0,936,birth,4203
325.3662798527447,910,0,0,59,3204,3235,0,936,birth,4204
325.38880289330854,911,0,0,59,3205,3235,0,936,birth,4205
325.4074122254093,912,0,0,59,3206,3235,0,936,birth,4206
325.44725786595393,911,0,0,59,3206,3236,0,936,death,3505
325.4675000979307,910,0,0,59,3206,3237,0,936,death,4143
325.51418994030314,911,0,0,59,3207,3237,0,936,birth,4207
325.582710296795,912,0,0,59,3208,3237,0,936,birth,4208
325.6441614985036,913,0,0,59,3209,3237,0,936,birth,4209
325.66845804448025,912,0,0,59,3209,3238,0,936,death,3930
325.71456485063385,912,0,0,58,3209,3239,0,936,death,698
325.82361079201814,911,0,0,58,3209,3240,0,936,death,2974
325.83575401506766,910,0,0,58,3209,3241,0,936,death,3613
325.950163792709,909,0,0,58,3209,3242,0,936,death,4202
325.96380626622374,910,0,0,58,3210,3242,0,936,birth,4210
326.1736050302941,911,0,0,58,3211,3242,0,936,birth,4211
326.26732528371815,910,0,0,58,3211,3243,0,936,death,3934
326.31011327759194,909,0,0,58,3211,3244,0,936,death,4079
326.356694074359,908,0,0,58,3211,3245,0,936,death,2919
326.38748818785547,907,0,0,58,3211,3246,0,936,death,4184
326.4641840298083,906,0,0,58,3211,3247,0,936,death,4150
326.5083850305442,905,0,0,58,3211,3248,0,936,death,3729
326.517199273959,904,0,0,58,3211,3249,0,936,death,3778
326.61346114226416,903,0,0,58,3211,3250,0,936,death,3844
326.6452362902499,902,0,0,58,3211,3251,0,936,death,3556
326.6810671114934,903,0,0,58,3212,3251,0,936,birth,4212
326.7358762413719,904,0,0,58,3213,3251,0,936,birth,4213
326.74468209984275,903,0,0,58,3213,3252,0,936,death,3442
326.76519743118996,904,0,0,58,3214,3252,0,936,birth,4214
326.88217123164804,905,0,0,58,3215,3252,0,936,birth,4215
326.88856213405126,906,0,0,58,3216,3252,0,936,birth,4216
326.9035442422931,907,0,0,58,3217,3252,0,936,birth,4217
326.9781790184128,906,0,0,58,3217,3253,0,936,death,4136
327.14982812665386,905,0,0,58,3217,3254,0,936,death,2177
327.1557511518486,906,0,0,58,3218,3254,0,936,birth,4218
327.170404634453,905,0,0,58,3218,3255,0,936,death,3387
327.24883018944126,906,0,0,58,3219,3255,0,936,birth,4219
327.320241317117,905,0,0,58,3219,3256,0,936,death,3968
327.4390500347236,904,0,0,58,3219,3257,0,936,death,2159
327.58943029385097,903,0,0,58,3219,3258,0,936,death,2039
327.7350794578272,902,0,0,58,3219,3259,0,936,death,3153
327.7577655184464,903,0,0,58,3220,3259,0,936,birth,4220
327.76106481640386,902,0,0,58,3220,3260,0,936,death,3108
327.7719261753524,901,0,0,58,3220,3261,0,936,death,3885
327.80577277908696,900,0,0,58,3220,3262,0,936,death,4035
327.9242390031384,901,0,0,58,3221,3262,0,936,birth,4221
327.9448225744343,902,0,0,58,3222,3262,0,936,birth,4222
327.95805730180547,903,0,0,58,3223,3262,0,936,birth,4223
327.96782397531666,904,0,0,58,3224,3262,0,936,birth,4224
327.9764602701095,903,0,0,58,3224,3263,0,936,death,3487
328.0411264429217,904,0,0,58,3225,3263,0,936,birth,4225
328.06726251886886,903,0,0,58,3225,3264,0,936,death,2778
328.11289432798935,903,0,0,57,3225,3265,0,936,death,789
328.131623832863,902,0,0,57,3225,3266,0,936,death,4116
328.1600961090019,903,0,0,57,3226,3266,0,936,birth,4226
328.1973739845687,902,0,0,57,3226,3267,0,936,death,3600
328.2366481218803,903,0,0,57,3227,3267,0,936,birth,4227
328.2502967193434,904,0,0,57,3228,3267,0,936,birth,4228
328.33058711113273,903,0,0,57,3228,3268,0,936,death,4210
328.54303062923833,902,0,0,57,3228,3269,0,936,death,4019
328.5519476510265,901,0,0,57,3228,3270,0,936,death,4089
328.5542024344878,900,0,0,57,3228,3271,0,936,death,3208
328.62211900827833,901,0,0,57,3229,3271,0,936,birth,4229
328.63938752215785,900,0,0,57,3229,3272,0,936,death,2418
328.6545439749275,901,0,0,57,3230,3272,0,936,birth,4230
328.69681255147975,902,0,0,57,3231,3272,0,936,birth,4231
328.77198811206364,901,0,0,57,3231,3273,0,936,death,3997
328.7825637503149,900,0,0,57,3231,3274,0,936,death,3886
328.8298151458933,901,0,0,57,3232,3274,0,936,birth,4232
328.8423450543021,900,0,0,57,3232,3275,0,936,death,3624
328.88163291061437,899,0,0,57,3232,3276,0,936,death,3402
328.9163459884583,900,0,0,57,3233,3276,0,936,birth,4233
328.94918191447846,899,0,0,57,3233,3277,0,936,death,4227
329.1892271176859,898,0,0,57,3233,3278,0,936,death,3667
329.21063800185254,899,0,0,57,3234,3278,0,936,birth,4234
329.24684583974636,898,0,0,57,3234,3279,0,936,death,3856
329.29102473857176,899,0,0,57,3235,3279,0,936,birth,4235
329.3155062753734,900,0,0,57,3236,3279,0,936,birth,4236
329.3661879683139,901,0,0,57,3237,3279,0,936,birth,4237
329.3972136162743,902,0,0,57,3238,3279,0,936,birth,4238
329.4493900068951,901,0,0,57,3238,3280,0,936,death,3906
329.45069474899793,902,0,0,57,3239,3280,0,936,birth,4239
329.45429375444303,903,0,0,57,3240,3280,0,936,birth,4240
329.50832858536546,902,0,0,57,3240,3281,0,936,death,3935
329.5155532616449,901,0,0,57,3240,3282,0,936,death,3721
329.52695870100484,900,0,0,57,3240,3283,0,936,death,4220
329.5284275352821,901,0,0,57,3241,3283,0,936,birth,4241
329.54874197396026,902,0,0,57,3242,3283,0,936,birth,4242
329.8348608210502,903,0,0,57,3243,3283,0,936,birth,4243
329.99281740089594,902,0,0,57,3243,3284,0,936,death,4095
329.99831154554886,903,0,0,57,3244,3284,0,936,birth,4244
330.1085864695961,902,0,0,57,3244,3285,0,936,death,4011
330.1663167912377,901,0,0,57,3244,3286,0,936,death,4243
330.2045953774468,902,0,0,57,3245,3286,0,936,birth,4245
330.27275993161277,903,0,0,57,3246,3286,0,936,birth,4246
330.3012106160158,902,0,0,57,3246,3287,0,936,death,3268
330.3696759460534,903,0,0,57,3247,3287,0,936,birth,4247
330.51748228876346,902,0,0,57,3247,3288,0,936,death,2129
330.5632573460054,903,0,0,57,3248,3288,0,936,birth,4248
330.8261285942901,902,0,0,57,3248,3289,0,936,death,4172
330.8538179973393,901,0,0,57,3248,3290,0,936,death,2982
330.8747669849148,902,0,0,57,3249,3290,0,936,birth,4249
330.8798516570308,903,0,0,57,3250,3290,0,936,birth,4250
330.8872551202329,902,0,0,57,3250,3291,0,936,death,1957
330.89329478001196,901,0,0,57,3250,3292,0,936,death,3567
330.91685044017964,901,0,0,56,3250,3293,0,936,death,219
330.92769062157635,902,0,0,56,3251,3293,0,936,birth,4251
330.9579885938194,903,0,0,56,3252,3293,0,936,birth,4252
331.1525392666814,902,0,0,56,3252,3294,0,936,death,3478
331.2077599127936,901,0,0,56,3252,3295,0,936,death,3652
331.22759173191736,902,0,0,56,3253,3295,0,936,birth,4253
331.2661636083263,903,0,0,56,3254,3295,0,936,birth,4254
331.32771263997273,902,0,0,56,3254,3296,0,936,death,4121
331.33853614650593,902,0,0,55,3254,3297,0,936,death,810
331.4350252011515,901,0,0,55,3254,3298,0,936,death,3845
331.46748989330854,900,0,0,55,3254,3299,0,936,death,3947
331.47237314107525,899,0,0,55,3254,3300,0,936,death,3133
331.48203621050277,900,0,0,55,3255,3300,0,936,birth,4255
331.6042710630042,901,0,0,55,3256,3300,0,936,birth,4256
331.61124727653026,902,0,0,55,3257,3300,0,936,birth,4257
331.63896875659515,903,0,0,55,3258,3300,0,936,birth,4258
331.88477686368907,903,0,0,54,3258,3301,0,936,death,382
331.9886077048174,902,0,0,54,3258,3302,0,936,death,2954
332.0654986541814,903,0,0,54,3259,3302,0,936,birth,4259
332.1050707186405,904,0,0,54,3260,3302,0,936,birth,4260
332.28957639093653,905,0,0,54,3261,3302,0,936,birth,4261
332.47829612431514,904,0,0,54,3261,3303,0,936,death,2729
332.52008255218095,903,0,0,54,3261,3304,0,936,death,2417
332.55789700330524,902,0,0,54,3261,3305,0,936,death,3957
332.5671634200913,903,0,0,54,3262,3305,0,936,birth,4262
332.6213591223524,902,0,0,54,3262,3306,0,936,death,3878
332.6408946943564,901,0,0,54,3262,3307,0,936,death,2807
332.74499782486106,902,0,0,54,3263,3307,0,936,birth,4263
332.8164327539516,901,0,0,54,3263,3308,0,936,death,3588
332.8439788779886,902,0,0,54,3264,3308,0,936,birth,4264
332.89772306161325,903,0,0,54,3265,3308,0,936,birth,4265
332.99951255446564,902,0,0,54,3265,3309,0,936,death,3969
333.00276812590744,903,0,0,54,3266,3309,0,936,birth,4266
333.2189345307016,902,0,0,54,3266,3310,0,936,death,3848
333.29897450586725,903,0,0,54,3267,3310,0,936,birth,4267
333.3239864024223,902,0,0,54,3267,3311,0,936,death,2528
333.3688782919256,903,0,0,54,3268,3311,0,936,birth,4268
333.3705409184295,902,0,0,54,3268,3312,0,936,death,55
333.5050844696341,903,0,0,54,3269,3312,0,936,birth,4269
333.5683034055783,904,0,0,54,3270,3312,0,936,birth,4270
333.59894010944333,903,0,0,54,3270,3313,0,936,death,4269
333.6487190230878,904,0,0,54,3271,3313,0,936,birth,4271
333.66294239226954,903,0,0,54,3271,3314,0,936,death,4032
333.6810558119125,902,0,0,54,3271,3315,0,936,death,4186
333.68195408515385,901,0,0,54,3271,3316,0,936,death,3669
333.70323557904385,901,0,0,53,3271,3317,0,936,death,374
333.7103717892447,900,0,0,53,3271,3318,0,936,death,3388
333.721504429962,899,0,0,53,3271,3319,0,936,death,2390
333.7460228055174,898,0,0,53,3271,3320,0,936,death,3592
333.77875549869907,899,0,0,53,3272,3320,0,936,birth,4272
333.7823195741314,898,0,0,53,3272,3321,0,936,death,3794
333.78735100649476,897,0,0,53,3272,3322,0,936,death,3184
333.8102560611521,896,0,0,53,3272,3323,0,936,death,3333
333.8266150028523,895,0,0,53,3272,3324,0,936,death,3904
333.87492934523283,894,0,0,53,3272,3325,0,936,death,3882
333.8828827730072,895,0,0,53,3273,3325,0,936,birth,4273
333.9945344330064,894,0,0,53,3273,3326,0,936,death,3546
334.0797496547396,895,0,0,53,3274,3326,0,936,birth,4274
334.0924814849047,896,0,0,53,3275,3326,0,936,birth,4275
334.14484682742165,895,0,0,53,3275,3327,0,936,death,1930
334.23711788916205,894,0,0,53,3275,3328,0,936,death,4201
334.23756202428876,893,0,0,53,3275,3329,0,936,death,3774
334.25715564538626,892,0,0,53,3275,3330,0,936,death,4232
334.2641011417344,893,0,0,53,3276,3330,0,936,birth,4276
334.2851748787776,894,0,0,53,3277,3330,0,936,birth,4277
334.3114299591623,893,0,0,53,3277,3331,0,936,death,3617
334.3118684872681,894,0,0,53,3278,3331,0,936,birth,4278
334.4069611684847,895,0,0,53,3279,3331,0,936,birth,4279
334.46079873089724,896,0,0,53,3280,3331,0,936,birth,4280
334.47718669450217,897,0,0,53,3281,3331,0,936,birth,4281
334.4988032145275,896,0,0,53,3281,3332,0,936,death,4004
334.5060524341788,895,0,0,53,3281,3333,0,936,death,4278
334.5390310762805,896,0,0,53,3282,3333,0,936,birth,4282
334.5528414242632,897,0,0,53,3283,3333,0,936,birth,4283
334.5888534158962,896,0,0,53,3283,3334,0,936,death,1708
334.6087109796,895,0,0,53,3283,3335,0,936,death,3464
334.63994829733684,896,0,0,53,3284,3335,0,936,birth,4284
334.68229310264485,895,0,0,53,3284,3336,0,936,death,2574
334.7514716995522,894,0,0,53,3284,3337,0,936,death,3117
334.91699264844146,895,0,0,53,3285,3337,0,936,birth,4285
334.9474682360754,896,0,0,53,3286,3337,0,936,birth,4286
335.0470577528134,895,0,0,53,3286,3338,0,936,death,3671
335.04914294426516,896,0,0,53,3287,3338,0,936,birth,4287
335.06019542147754,897,0,0,53,3288,3338,0,936,birth,4288
335.08373717418266,896,0,0,53,3288,3339,0,936,death,3551
335.1365283189236,895,0,0,53,3288,3340,0,936,death,4013
335.13997341320254,894,0,0,53,3288,3341,0,936,death,901
335.17375328722994,893,0,0,53,3288,3342,0,936,death,3137
335.24142519713905,894,0,0,53,3289,3342,0,936,birth,4289
335.26830580741694,895,0,0,53,3290,3342,0,936,birth,4290
335.27440232931565,894,0,0,53,3290,3343,0,936,death,3363
335.292792308182,895,0,0,53,3291,3343,0,936,birth,4291
335.37517857320967,894,0,0,53,3291,3344,0,936,death,2251
335.4139313864692,895,0,0,53,3292,3344,0,936,birth,4292
335.41420392930536,894,0,0,53,3292,3345,0,936,death,4112
335.42308315929927,895,0,0,53,3293,3345,0,936,birth,4293
335.45614993520013,894,0,0,53,3293,3346,0,936,death,4029
335.5972487210272,895,0,0,53,3294,3346,0,936,birth,4294
335.6310908185625,895,0,0,52,3294,3347,0,936,death,50
335.65394606701636,896,0,0,52,3295,3347,0,936,birth,4295
335.69003826947454,895,0,0,52,3295,3348,0,936,death,3899
335.6986877350449,894,0,0,52,3295,3349,0,936,death,2841
335.74927469275775,895,0,0,52,3296,3349,0,936,birth,4296
335.7621140312022,894,0,0,52,3296,3350,0,936,death,3079
335.81501705257887,893,0,0,52,3296,3351,0,936,death,3840
335.86499756529105,894,0,0,52,3297,3351,0,936,birth,4297
335.95032855727334,895,0,0,52,3298,3351,0,936,birth,4298
335.98525995405464,894,0,0,52,3298,3352,0,936,death,4041
336.0421710536936,895,0,0,52,3299,3352,0,936,birth,4299
336.09390394487536,896,0,0,52,3300,3352,0,936,birth,4300
336.10208136890043,896,0,0,51,3300,3353,0,936,death,471
336.1484263281061,897,0,0,51,3301,3353,0,936,birth,4301
336.2672091201399,898,0,0,51,3302,3353,0,936,birth,4302
336.31619355662923,897,0,0,51,3302,3354,0,936,death,1728
336.48324468868424,898,0,0,51,3303,3354,0,936,birth,4303
336.49216951674345,897,0,0,51,3303,3355,0,936,death,3723
336.52884106683643,896,0,0,51,3303,3356,0,936,death,4198
336.6067347389655,895,0,0,51,3303,3357,0,936,death,4229
336.6321761057121,896,0,0,51,3304,3357,0,936,birth,4304
336.70492447348056,897,0,0,51,3305,3357,0,936,birth,4305
336.7190038360524,896,0,0,51,3305,3358,0,936,death,2037
336.7612402802569,897,0,0,51,3306,3358,0,936,birth,4306
336.85283726914435,896,0,0,51,3306,3359,0,936,death,4289
336.9589628277948,895,0,0,51,3306,3360,0,936,death,3909
337.0079000933503,896,0,0,51,3307,3360,0,936,birth,4307
337.0536014407202,895,0,0,51,3307,3361,0,936,death,2904
337.10317078695056,894,0,0,51,3307,3362,0,936,death,3447
337.17964337317807,895,0,0,51,3308,3362,0,936,birth,4308
337.2612689263765,894,0,0,51,3308,3363,0,936,death,3240
337.2981733795758,895,0,0,51,3309,3363,0,936,birth,4309
337.31364493441504,896,0,0,51,3310,3363,0,936,birth,4310
337.4453229853988,895,0,0,51,3310,3364,0,936,death,2967
337.5058012050375,894,0,0,51,3310,3365,0,936,death,3740
337.6564720092713,893,0,0,51,3310,3366,0,936,death,2566
337.658534584884,892,0,0,51,3310,3367,0,936,death,4308
337.6990532441434,893,0,0,51,3311,3367,0,936,birth,4311
337.70785285428076,894,0,0,51,3312,3367,0,936,birth,4312
337.7113887427859,893,0,0,51,3312,3368,0,936,death,2840
337.7251768097546,892,0,0,51,3312,3369,0,936,death,3705
337.7350341987742,893,0,0,51,3313,3369,0,936,birth,4313
337.7378508560352,894,0,0,51,3314,3369,0,936,birth,4314
337.77189729516095,895,0,0,51,3315,3369,0,936,birth,4315
337.8203837788179,896,0,0,51,3316,3369,0,936,birth,4316
337.86142684051913,895,0,0,51,3316,3370,0,936,death,3163
337.9476537849026,896,0,0,51,3317,3370,0,936,birth,4317
337.9901956168594,897,0,0,51,3318,3370,0,936,birth,4318
338.0390886337601,898,0,0,51,3319,3370,0,936,birth,4319
338.1528524378026,899,0,0,51,3320,3370,0,936,birth,4320
338.2105205719899,900,0,0,51,3321,3370,0,936,birth,4321
338.32543590723174,899,0,0,51,3321,3371,0,936,death,3233
338.3311756320728,900,0,0,51,3322,3371,0,936,birth,4322
338.407180862215,901,0,0,51,3323,3371,0,936,birth,4323
338.4258121129735,902,0,0,51,3324,3371,0,936,birth,4324
338.43428436222626,903,0,0,51,3325,3371,0,936,birth,4325
338.5085306593518,904,0,0,51,3326,3371,0,936,birth,4326
338.60623390578417,905,0,0,51,3327,3371,0,936,birth,4327
338.61154544745864,906,0,0,51,3328,3371,0,936,birth,4328
338.64324514672825,907,0,0,51,3329,3371,0,936,birth,4329
338.65725773274426,908,0,0,51,3330,3371,0,936,birth,4330
338.7641265231363,909,0,0,51,3331,3371,0,936,birth,4331
338.77431916754665,910,0,0,51,3332,3371,0,936,birth,4332
338.78948437363243,909,0,0,51,3332,3372,0,936,death,1863
338.88651415042665,908,0,0,51,3332,3373,0,936,death,3922
339.0273208327249,909,0,0,51,3333,3373,0,936,birth,4333
339.11312722062416,910,0,0,51,3334,3373,0,936,birth,4334
339.12556505413187,909,0,0,51,3334,3374,0,936,death,4244
339.12581638966066,910,0,0,51,3335,3374,0,936,birth,4335
339.16179683395825,909,0,0,51,3335,3375,0,936,death,2319
339.1633823970571,910,0,0,51,3336,3375,0,936,birth,4336
339.26890666113496,909,0,0,51,3336,3376,0,936,death,4217
339.28455158880814,910,0,0,51,3337,3376,0,936,birth,4337
339.2911948145626,909,0,0,51,3337,3377,0,936,death,3929
339.29211937844616,910,0,0,51,3338,3377,0,936,birth,4338
339.380561851712,909,0,0,51,3338,3378,0,936,death,3532
339.4597317465484,908,0,0,51,3338,3379,0,936,death,13
339.6642411484036,909,0,0,51,3339,3379,0,936,birth,4339
339.757803918171,910,0,0,51,3340,3379,0,936,birth,4340
340.02311934093797,910,0,0,50,3340,3380,0,936,death,891
340.04142915316265,911,0,0,50,3341,3380,0,936,birth,4341
340.11209139186894,910,0,0,50,3341,3381,0,936,death,3668
340.1290045027875,909,0,0,50,3341,3382,0,936,death,4304
340.17143668466883,908,0,0,50,3341,3383,0,936,death,3996
340.201725476724,907,0,0,50,3341,3384,0,936,death,1539
340.2179156479343,906,0,0,50,3341,3385,0,936,death,3575
340.500197756925,905,0,0,50,3341,3386,0,936,death,2962
340.50890950108897,904,0,0,50,3341,3387,0,936,death,3511
340.5352932733506,903,0,0,50,3341,3388,0,936,death,3084
340.5374218194622,904,0,0,50,3342,3388,0,936,birth,4342
340.5640834451979,905,0,0,50,3343,3388,0,936,birth,4343
340.58049267895757,904,0,0,50,3343,3389,0,936,death,2554
340.64473054141513,903,0,0,50,3343,3390,0,936,death,3242
340.79069783872586,902,0,0,50,3343,3391,0,936,death,3561
340.80466542289156,903,0,0,50,3344,3391,0,936,birth,4344
340.8119828247143,902,0,0,50,3344,3392,0,936,death,3510
340.8222619253651,903,0,0,50,3345,3392,0,936,birth,4345
340.96684548827966,904,0,0,50,3346,3392,0,936,birth,4346
340.9737845110798,905,0,0,50,3347,3392,0,936,birth,4347
340.99485526990037,904,0,0,50,3347,3393,0,936,death,4070
341.027331066556,905,0,0,50,3348,3393,0,936,birth,4348
341.0563557624101,904,0,0,50,3348,3394,0,936,death,4052
341.09258437939883,903,0,0,50,3348,3395,0,936,death,3502
341.1041797083486,902,0,0,50,3348,3396,0,936,death,4316
341.1468975108967,901,0,0,50,3348,3397,0,936,death,4180
341.1566017921101,900,0,0,50,3348,3398,0,936,death,2286
341.19461587105786,899,0,0,50,3348,3399,0,936,death,4249
341.2576497116824,898,0,0,50,3348,3400,0,936,death,4171
341.2686667559952,897,0,0,50,3348,3401,0,936,death,3991
341.32062628931465,898,0,0,50,3349,3401,0,936,birth,4349
341.3491620245316,899,0,0,50,3350,3401,0,936,birth,4350
341.3792068000547,900,0,0,50,3351,3401,0,936,birth,4351
341.4595335332324,899,0,0,50,3351,3402,0,936,death,2414
341.49646890183993,900,0,0,50,3352,3402,0,936,birth,4352
341.57253812847557,899,0,0,50,3352,3403,0,936,death,3591
341.71638458177006,898,0,0,50,3352,3404,0,936,death,1856
341.73481785841557,898,0,0,49,3352,3405,0,936,death,68
341.84138360519063,899,0,0,49,3353,3405,0,936,birth,4353
341.8703783372879,900,0,0,49,3354,3405,0,936,birth,4354
341.9025940692285,901,0,0,49,3355,3405,0,936,birth,4355
341.91552539764183,900,0,0,49,3355,3406,0,936,death,2993
341.9715550129815,901,0,0,49,3356,3406,0,936,birth,4356
341.99092206172384,900,0,0,49,3356,3407,0,936,death,3692
342.0508888267994,899,0,0,49,3356,3408,0,936,death,3894
342.06176391625274,900,0,0,49,3357,3408,0,936,birth,4357
342.0919138888995,901,0,0,49,3358,3408,0,936,birth,4358
342.2198380370644,902,0,0,49,3359,3408,0,936,birth,4359
342.2250227383176,903,0,0,49,3360,3408,0,936,birth,4360
342.2318319460541,902,0,0,49,3360,3409,0,936,death,3973
342.28086656833693,901,0,0,49,3360,3410,0,936,death,3324
342.3515203852801,900,0,0,49,3360,3411,0,936,death,3440
342.37190410561084,901,0,0,49,3361,3411,0,936,birth,4361
342.4535559321503,902,0,0,49,3362,3411,0,936,birth,4362
342.5117020425999,903,0,0,49,3363,3411,0,936,birth,4363
342.81506507959153,902,0,0,49,3363,3412,0,936,death,3498
342.8469294718781,903,0,0,49,3364,3412,0,936,birth,4364
342.86715941261014,902,0,0,49,3364,3413,0,936,death,3946
342.9169447326099,901,0,0,49,3364,3414,0,936,death,4147
342.9878892046623,902,0,0,49,3365,3414,0,936,birth,4365
343.0405801988901,903,0,0,49,3366,3414,0,936,birth,4366
343.08732954536043,904,0,0,49,3367,3414,0,936,birth,4367
343.08762484681245,905,0,0,49,3368,3414,0,936,birth,4368
343.09155596449625,906,0,0,49,3369,3414,0,936,birth,4369
343.27162326279125,907,0,0,49,3370,3414,0,936,birth,4370
343.28655758856246,906,0,0,49,3370,3415,0,936,death,3572
343.3052041188828,907,0,0,49,3371,3415,0,936,birth,4371
343.3139500629882,906,0,0,49,3371,3416,0,936,death,3987
343.3143915099517,907,0,0,49,3372,3416,0,936,birth,4372
343.3235276939663,906,0,0,49,3372,3417,0,936,death,3047
343.33608395211365,905,0,0,49,3372,3418,0,936,death,3917
343.41218492972587,906,0,0,49,3373,3418,0,936,birth,4373
343.44080721858177,905,0,0,49,3373,3419,0,936,death,2535
343.46190951907624,904,0,0,49,3373,3420,0,936,death,4302
343.5196643764402,903,0,0,49,3373,3421,0,936,death,4325
343.61147672552863,902,0,0,49,3373,3422,0,936,death,3101
343.6334311693872,901,0,0,49,3373,3423,0,936,death,3827
343.6519421444046,901,0,0,48,3373,3424,0,936,death,1194
343.66406453071266,902,0,0,48,3374,3424,0,936,birth,4374
343.67446238798965,901,0,0,48,3374,3425,0,936,death,3276
343.7199563805709,902,0,0,48,3375,3425,0,936,birth,4375
343.85404586898784,901,0,0,48,3375,3426,0,936,death,2706
343.88205152684833,900,0,0,48,3375,3427,0,936,death,2462
343.94449547533213,899,0,0,48,3375,3428,0,936,death,4359
343.94561055342126,898,0,0,48,3375,3429,0,936,death,2667
343.9705647959524,897,0,0,48,3375,3430,0,936,death,2400
344.0800683483353,898,0,0,48,3376,3430,0,936,birth,4376
344.1264987638499,897,0,0,48,3376,3431,0,936,death,3140
344.37119967120066,896,0,0,48,3376,3432,0,936,death,3746
344.42147921845196,895,0,0,48,3376,3433,0,936,death,3616
344.56157671469157,896,0,0,48,3377,3433,0,936,birth,4377
344.57303848600003,897,0,0,48,3378,3433,0,936,birth,4378
344.58002208614784,896,0,0,48,3378,3434,0,936,death,4001
344.6621351457901,895,0,0,48,3378,3435,0,936,death,2950
344.7971795204241,896,0,0,48,3379,3435,0,936,birth,4379
344.8181461785323,895,0,0,48,3379,3436,0,936,death,3942
344.8274962405035,894,0,0,48,3379,3437,0,936,death,2678
344.8533728351702,895,0,0,48,3380,3437,0,936,birth,4380
344.94589256421773,896,0,0,48,3381,3437,0,936,birth,4381
344.9512088984536,897,0,0,48,3382,3437,0,936,birth,4382
344.9680723741099,898,0,0,48,3383,3437,0,936,birth,4383
345.00601159443187,897,0,0,48,3383,3438,0,936,death,4081
345.0165610157188,898,0,0,48,3384,3438,0,936,birth,4384
345.05118160273815,897,0,0,48,3384,3439,0,936,death,4337
345.1790360720698,896,0,0,48,3384,3440,0,936,death,3710
345.25328055591376,897,0,0,48,3385,3440,0,936,birth,4385
345.32662661134486,898,0,0,48,3386,3440,0,936,birth,4386
345.33385388589295,899,0,0,48,3387,3440,0,936,birth,4387
345.34834123858366,898,0,0,48,3387,3441,0,936,death,4301
345.4256998449774,899,0,0,48,3388,3441,0,936,birth,4388
345.5674125925398,900,0,0,48,3389,3441,0,936,birth,4389
346.00430815413637,899,0,0,48,3389,3442,0,936,death,3364
346.0216503937895,898,0,0,48,3389,3443,0,936,death,2752
346.02870123602776,897,0,0,48,3389,3444,0,936,death,3812
346.0772087213858,896,0,0,48,3389,3445,0,936,death,4072
346.0807165062159,897,0,0,48,3390,3445,0,936,birth,4390
346.1253962655277,896,0,0,48,3390,3446,0,936,death,3475
346.1575798732526,895,0,0,48,3390,3447,0,936,death,1994
346.16424868611944,895,0,0,47,3390,3448,0,936,death,617
346.24323406073125,896,0,0,47,3391,3448,0,936,birth,4391
346.25880059269133,897,0,0,47,3392,3448,0,936,birth,4392
346.27568398996027,898,0,0,47,3393,3448,0,936,birth,4393
346.4246400703861,897,0,0,47,3393,3449,0,936,death,3287
346.4584982644926,896,0,0,47,3393,3450,0,936,death,3543
346.59628124472505,897,0,0,47,3394,3450,0,936,birth,4394
346.67709586573903,896,0,0,47,3394,3451,0,936,death,4062
346.86128268839934,897,0,0,47,3395,3451,0,936,birth,4395
346.9362092977493,898,0,0,47,3396,3451,0,936,birth,4396
346.95614879752674,899,0,0,47,3397,3451,0,936,birth,4397
346.9729886717977,900,0,0,47,3398,3451,0,936,birth,4398
346.97460247728327,901,0,0,47,3399,3451,0,936,birth,4399
347.1299160242576,900,0,0,47,3399,3452,0,936,death,4238
347.1675031445162,899,0,0,47,3399,3453,0,936,death,1279
347.22143819431506,900,0,0,47,3400,3453,0,936,birth,4400
347.24162495486416,901,0,0,47,3401,3453,0,936,birth,4401
347.28372782016794,902,0,0,47,3402,3453,0,936,birth,4402
347.35082924325786,901,0,0,47,3402,3454,0,936,death,3938
347.3932569984757,902,0,0,47,3403,3454,0,936,birth,4403
347.4003195660028,903,0,0,47,3404,3454,0,936,birth,4404
347.4743800510132,904,0,0,47,3405,3454,0,936,birth,4405
347.4912858534701,903,0,0,47,3405,3455,0,936,death,3764
347.5756396251718,902,0,0,47,3405,3456,0,936,death,2714
347.58048577439547,901,0,0,47,3405,3457,0,936,death,4080
347.6004235161124,902,0,0,47,3406,3457,0,936,birth,4406
347.6455318173495,903,0,0,47,3407,3457,0,936,birth,4407
347.71740903499455,904,0,0,47,3408,3457,0,936,birth,4408
347.72134545263714,905,0,0,47,3409,3457,0,936,birth,4409
347.7389159451495,906,0,0,47,3410,3457,0,936,birth,4410
347.7533298768435,905,0,0,47,3410,3458,0,936,death,4003
347.7807409598157,904,0,0,47,3410,3459,0,936,death,4087
347.7885854887367,905,0,0,47,3411,3459,0,936,birth,4411
347.8089617593856,904,0,0,47,3411,3460,0,936,death,3147
347.84742046453187,903,0,0,47,3411,3461,0,936,death,3853
347.87586025447024,902,0,0,47,3411,3462,0,936,death,3531
347.95159435791095,903,0,0,47,3412,3462,0,936,birth,4412
347.95514215078515,902,0,0,47,3412,3463,0,936,death,3109
348.0189959140422,901,0,0,47,3412,3464,0,936,death,3509
348.05450560233777,902,0,0,47,3413,3464,0,936,birth,4413
348.0741137288785,903,0,0,47,3414,3464,0,936,birth,4414
348.11341722558706,902,0,0,47,3414,3465,0,936,death,4114
348.1326410111501,903,0,0,47,3415,3465,0,936,birth,4415
348.1793533060801,902,0,0,47,3415,3466,0,936,death,4306
348.2931185955485,901,0,0,47,3415,3467,0,936,death,2372
348.32564460157397,900,0,0,47,3415,3468,0,936,death,4159
348.32771488376073,901,0,0,47,3416,3468,0,936,birth,4416
348.3854350259755,902,0,0,47,3417,3468,0,936,birth,4417
348.4576674371429,903,0,0,47,3418,3468,0,936,birth,4418
348.477845873077,904,0,0,47,3419,3468,0,936,birth,4419
348.48456385504966,905,0,0,47,3420,3468,0,936,birth,4420
348.6544598353603,905,0,0,46,3420,3469,0,936,death,396
348.7237655204941,904,0,0,46,3420,3470,0,936,death,3377
348.9605268658337,903,0,0,46,3420,3471,0,936,death,3892
348.9699355914272,902,0,0,46,3420,3472,0,936,death,4365
349.03841431818785,903,0,0,46,3421,3472,0,936,birth,4421
349.0804580099562,904,0,0,46,3422,3472,0,936,birth,4422
349.09561751987223,903,0,0,46,3422,3473,0,936,death,3685
349.122512244754,904,0,0,46,3423,3473,0,936,birth,4423
349.1790398191264,905,0,0,46,3424,3473,0,936,birth,4424
349.3269046988533,906,0,0,46,3425,3473,0,936,birth,4425
349.334159190305,907,0,0,46,3426,3473,0,936,birth,4426
349.4135362436445,908,0,0,46,3427,3473,0,936,birth,4427
349.4515950613912,909,0,0,46,3428,3473,0,936,birth,4428
349.456317041038,908,0,0,46,3428,3474,0,936,death,4380
349.5796732400439,907,0,0,46,3428,3475,0,936,death,2849
349.6163373319604,908,0,0,46,3429,3475,0,936,birth,4429
349.7013459964719,909,0,0,46,3430,3475,0,936,birth,4430
349.8021588113316,910,0,0,46,3431,3475,0,936,birth,4431
349.86670202967304,909,0,0,46,3431,3476,0,936,death,3576
349.92595599017864,908,0,0,46,3431,3477,0,936,death,2213
349.94704531726273,909,0,0,46,3432,3477,0,936,birth,4432
349.94745991953346,910,0,0,46,3433,3477,0,936,birth,4433
350.0461075347933,911,0,0,46,3434,3477,0,936,birth,4434
350.0951241841576,912,0,0,46,3435,3477,0,936,birth,4435
350.1711592898211,913,0,0,46,3436,3477,0,936,birth,4436
350.20955321036195,912,0,0,46,3436,3478,0,936,death,3104
350.2419068443299,913,0,0,46,3437,3478,0,936,birth,4437
350.33004882209053,912,0,0,46,3437,3479,0,936,death,2333
350.36454249392807,911,0,0,46,3437,3480,0,936,death,4366
350.36583630919074,910,0,0,46,3437,3481,0,936,death,3016
350.40130158164004,911,0,0,46,3438,3481,0,936,birth,4438
350.45601816817475,910,0,0,46,3438,3482,0,936,death,3855
350.5146963303724,911,0,0,46,3439,3482,0,936,birth,4439
350.628021624986,912,0,0,46,3440,3482,0,936,birth,4440
350.6741845972678,911,0,0,46,3440,3483,0,936,death,4209
350.67454755061794,912,0,0,46,3441,3483,0,936,birth,4441
350.6911599776216,913,0,0,46,3442,3483,0,936,birth,4442
350.71951848467734,914,0,0,46,3443,3483,0,936,birth,4443
350.7373462715709,915,0,0,46,3444,3483,0,936,birth,4444
350.8297650122002,916,0,0,46,3445,3483,0,936,birth,4445
350.83683753638826,917,0,0,46,3446,3483,0,936,birth,4446
350.860470209015,916,0,0,46,3446,3484,0,936,death,3394
350.92060269616223,915,0,0,46,3446,3485,0,936,death,2382
350.9586617913075,915,0,0,45,3446,3486,0,936,death,694
350.9818972302684,916,0,0,45,3447,3486,0,936,birth,4447
351.02103530990286,915,0,0,45,3447,3487,0,936,death,2068
351.15022412830024,916,0,0,45,3448,3487,0,936,birth,4448
351.1833297466831,915,0,0,45,3448,3488,0,936,death,3841
351.3226860341261,914,0,0,45,3448,3489,0,936,death,3015
351.3577127542273,915,0,0,45,3449,3489,0,936,birth,4449
351.37249746727775,916,0,0,45,3450,3489,0,936,birth,4450
351.5788783211416,915,0,0,45,3450,3490,0,936,death,4272
351.5796136669076,916,0,0,45,3451,3490,0,936,birth,4451
351.58873335165015,915,0,0,45,3451,3491,0,936,death,3227
351.6053347199212,916,0,0,45,3452,3491,0,936,birth,4452
351.648050954164,915,0,0,45,3452,3492,0,936,death,3857
351.64877688290653,916,0,0,45,3453,3492,0,936,birth,4453
351.6801807647053,917,0,0,45,3454,3492,0,936,birth,4454
351.7375742467488,916,0,0,45,3454,3493,0,936,death,3832
351.8378597872329,917,0,0,45,3455,3493,0,936,birth,4455
351.8547865178366,916,0,0,45,3455,3494,0,936,death,3803
351.8564058916408,917,0,0,45,3456,3494,0,936,birth,4456
351.91428447780595,916,0,0,45,3456,3495,0,936,death,4167
351.9188945725761,917,0,0,45,3457,3495,0,936,birth,4457
351.95798016135467,918,0,0,45,3458,3495,0,936,birth,4458
351.97788590799064,917,0,0,45,3458,3496,0,936,death,3517
352.0181070638522,918,0,0,45,3459,3496,0,936,birth,4459
352.10540384772844,919,0,0,45,3460,3496,0,936,birth,4460
352.14554863387536,918,0,0,45,3460,3497,0,936,death,3494
352.1496981092997,917,0,0,45,3460,3498,0,936,death,4376
352.1979681018863,916,0,0,45,3460,3499,0,936,death,3985
352.2170527629359,915,0,0,45,3460,3500,0,936,death,3292
352.3002072182318,914,0,0,45,3460,3501,0,936,death,2629
352.3372870112486,913,0,0,45,3460,3502,0,936,death,3731
352.3477506136553,914,0,0,45,3461,3502,0,936,birth,4461
352.359230780768,915,0,0,45,3462,3502,0,936,birth,4462
352.3644734704983,914,0,0,45,3462,3503,0,936,death,3927
352.5081529088893,915,0,0,45,3463,3503,0,936,birth,4463
352.7056510859049,916,0,0,45,3464,3503,0,936,birth,4464
352.70982893113836,917,0,0,45,3465,3503,0,936,birth,4465
352.78790771832206,918,0,0,45,3466,3503,0,936,birth,4466
352.79364498266136,917,0,0,45,3466,3504,0,936,death,3884
352.80342161772086,916,0,0,45,3466,3505,0,936,death,4122
352.82769017311637,917,0,0,45,3467,3505,0,936,birth,4467
352.840132606359,918,0,0,45,3468,3505,0,936,birth,4468
352.9865810114893,919,0,0,45,3469,3505,0,936,birth,4469
353.0343551856169,920,0,0,45,3470,3505,0,936,birth,4470
353.04366769245496,919,0,0,45,3470,3506,0,936,death,4055
353.05210714837415,918,0,0,45,3470,3507,0,936,death,4362
353.1001833691388,917,0,0,45,3470,3508,0,936,death,3908
353.15362765978773,918,0,0,45,3471,3508,0,936,birth,4471
353.1889260862693,919,0,0,45,3472,3508,0,936,birth,4472
353.19214866728,918,0,0,45,3472,3509,0,936,death,2523
353.21054285603276,917,0,0,45,3472,3510,0,936,death,4368
353.22193735493306,918,0,0,45,3473,3510,0,936,birth,4473
353.3514781303441,919,0,0,45,3474,3510,0,936,birth,4474
353.36029779411905,920,0,0,45,3475,3510,0,936,birth,4475
353.44882308884536,921,0,0,45,3476,3510,0,936,birth,4476
353.4951804034841,920,0,0,45,3476,3511,0,936,death,4218
353.5549590842021,921,0,0,45,3477,3511,0,936,birth,4477
353.57460339479576,921,0,0,44,3477,3512,0,936,death,160
353.6541515316568,922,0,0,44,3478,3512,0,936,birth,4478
353.664077653536,921,0,0,44,3478,3513,0,936,death,254
353.76199612586714,922,0,0,44,3479,3513,0,936,birth,4479
353.7727814454026,921,0,0,44,3479,3514,0,936,death,3171
353.78849893707866,920,0,0,44,3479,3515,0,936,death,4205
354.0518139122728,919,0,0,44,3479,3516,0,936,death,4135
354.3118494724132,920,0,0,44,3480,3516,0,936,birth,4480
354.3447590670314,921,0,0,44,3481,3516,0,936,birth,4481
354.34627361671596,920,0,0,44,3481,3517,0,936,death,3759
354.4085683607904,921,0,0,44,3482,3517,0,936,birth,4482
354.4396933000687,922,0,0,44,3483,3517,0,936,birth,4483
354.45147156878346,921,0,0,44,3483,3518,0,936,death,3931
354.4751190445764,922,0,0,44,3484,3518,0,936,birth,4484
354.56615448935173,921,0,0,44,3484,3519,0,936,death,3485
354.5833292790896,922,0,0,44,3485,3519,0,936,birth,4485
354.600194438338,923,0,0,44,3486,3519,0,936,birth,4486
354.6055927296131,922,0,0,44,3486,3520,0,936,death,2011
354.67284866982743,923,0,0,44,3487,3520,0,936,birth,4487
354.6884678740818,924,0,0,44,3488,3520,0,936,birth,4488
354.8572967824574,923,0,0,44,3488,3521,0,936,death,2856
354.8610855004823,922,0,0,44,3488,3522,0,936,death,3965
354.873494884461,921,0,0,44,3488,3523,0,936,death,3293
355.0444981901003,922,0,0,44,3489,3523,0,936,birth,4489
355.0813741172253,923,0,0,44,3490,3523,0,936,birth,4490
355.0959821897954,922,0,0,44,3490,3524,0,936,death,4094
355.09838823101154,923,0,0,44,3491,3524,0,936,birth,4491
355.1183845679613,922,0,0,44,3491,3525,0,936,death,4285
355.21053837191886,923,0,0,44,3492,3525,0,936,birth,4492
355.33717495762073,922,0,0,44,3492,3526,0,936,death,3891
355.34471563459306,921,0,0,44,3492,3527,0,936,death,4349
355.37827616274944,920,0,0,44,3492,3528,0,936,death,4442
355.42330297186896,921,0,0,44,3493,3528,0,936,birth,4493
355.459481911513,922,0,0,44,3494,3528,0,936,birth,4494
355.5059058955313,921,0,0,44,3494,3529,0,936,death,4151
355.5144037087092,922,0,0,44,3495,3529,0,936,birth,4495
355.55882828731643,923,0,0,44,3496,3529,0,936,birth,4496
355.60056783553233,924,0,0,44,3497,3529,0,936,birth,4497
355.70704977244037,923,0,0,44,3497,3530,0,936,death,4000
355.72492997368767,924,0,0,44,3498,3530,0,936,birth,4498
355.83617821193417,925,0,0,44,3499,3530,0,936,birth,4499
355.89096164401195,926,0,0,44,3500,3530,0,936,birth,4500
355.9066333079331,927,0,0,44,3501,3530,0,936,birth,4501
355.9983312679554,928,0,0,44,3502,3530,0,936,birth,4502
356.05682930134856,927,0,0,44,3502,3531,0,936,death,1751
356.1580441894688,926,0,0,44,3502,3532,0,936,death,3594
356.3032471667046,927,0,0,44,3503,3532,0,936,birth,4503
356.43627825316725,928,0,0,44,3504,3532,0,936,birth,4504
356.4478828315152,929,0,0,44,3505,3532,0,936,birth,4505
356.4506919911166,930,0,0,44,3506,3532,0,936,birth,4506
356.48796427314505,931,0,0,44,3507,3532,0,936,birth,4507
356.56000723944555,932,0,0,44,3508,3532,0,936,birth,4508
356.5704286593322,933,0,0,44,3509,3532,0,936,birth,4509
356.5840335142831,932,0,0,44,3509,3533,0,936,death,4387
356.6794247520817,931,0,0,44,3509,3534,0,936,death,3626
356.8094867275566,932,0,0,44,3510,3534,0,936,birth,4510
356.97493715776454,933,0,0,44,3511,3534,0,936,birth,4511
357.07910660544036,934,0,0,44,3512,3534,0,936,birth,4512
357.1733872138864,933,0,0,44,3512,3535,0,936,death,4163
357.24256624790496,934,0,0,44,3513,3535,0,936,birth,4513
357.2466170197627,935,0,0,44,3514,3535,0,936,birth,4514
357.30017162615627,934,0,0,44,3514,3536,0,936,death,4413
357.3804942169231,933,0,0,44,3514,3537,0,936,death,3916
357.4197563649265,932,0,0,44,3514,3538,0,936,death,2813
357.47145055801377,931,0,0,44,3514,3539,0,936,death,2809
357.5054284356867,930,0,0,44,3514,3540,0,936,death,3347
357.55228004755645,931,0,0,44,3515,3540,0,936,birth,4515
357.6247219229907,932,0,0,44,3516,3540,0,936,birth,4516
357.6573674356251,933,0,0,44,3517,3540,0,936,birth,4517
357.66280823222803,932,0,0,44,3517,3541,0,936,death,4158
357.7087553203203,933,0,0,44,3518,3541,0,936,birth,4518
357.73491550965946,932,0,0,44,3518,3542,0,936,death,3452
357.76387110025803,931,0,0,44,3518,3543,0,936,death,4182
357.7930338024163,932,0,0,44,3519,3543,0,936,birth,4519
357.8418425122646,933,0,0,44,3520,3543,0,936,birth,4520
357.9209793745115,934,0,0,44,3521,3543,0,936,birth,4521
357.9811387851848,935,0,0,44,3522,3543,0,936,birth,4522
358.06463864258427,936,0,0,44,3523,3543,0,936,birth,4523
358.098957064468,937,0,0,44,3524,3543,0,936,birth,4524
358.11402931972384,936,0,0,44,3524,3544,0,936,death,2823
358.11580731005694,935,0,0,44,3524,3545,0,936,death,2672
358.1919841546096,934,0,0,44,3524,3546,0,936,death,4319
358.20784289135617,933,0,0,44,3524,3547,0,936,death,4090
358.2937188839337,934,0,0,44,3525,3547,0,936,birth,4525
358.4384183778072,933,0,0,44,3525,3548,0,936,death,3537
358.4418057944598,934,0,0,44,3526,3548,0,936,birth,4526
358.5346161029018,935,0,0,44,3527,3548,0,936,birth,4527
358.83451986321654,936,0,0,44,3528,3548,0,936,birth,4528
358.8539598058885,937,0,0,44,3529,3548,0,936,birth,4529
358.85439145169875,938,0,0,44,3530,3548,0,936,birth,4530
358.86978648551235,939,0,0,44,3531,3548,0,936,birth,4531
358.99084430190163,938,0,0,44,3531,3549,0,936,death,3036
359.058751747993,937,0,0,44,3531,3550,0,936,death,3863
359.0625995888994,938,0,0,44,3532,3550,0,936,birth,4532
359.15748683814695,939,0,0,44,3533,3550,0,936,birth,4533
359.19519519525403,938,0,0,44,3533,3551,0,936,death,3795
359.21118764799746,937,0,0,44,3533,3552,0,936,death,2411
359.4988866512098,936,0,0,44,3533,3553,0,936,death,2808
359.5469837391944,935,0,0,44,3533,3554,0,936,death,2874
359.5829400351706,934,0,0,44,3533,3555,0,936,death,2788
359.61607677751823,933,0,0,44,3533,3556,0,936,death,4128
359.71719173538844,932,0,0,44,3533,3557,0,936,death,4423
359.72775546860197,931,0,0,44,3533,3558,0,936,death,2488
359.7354863219943,930,0,0,44,3533,3559,0,936,death,4385
359.78165467865443,929,0,0,44,3533,3560,0,936,death,4082
359.78733606282657,930,0,0,44,3534,3560,0,936,birth,4534
359.95332378543867,931,0,0,44,3535,3560,0,936,birth,4535
359.9807428554258,932,0,0,44,3536,3560,0,936,birth,4536
360.0095177629787,931,0,0,44,3536,3561,0,936,death,3959
360.0454747589242,932,0,0,44,3537,3561,0,936,birth,4537
360.0615427222687,931,0,0,44,3537,3562,0,936,death,3914
360.0815618542787,930,0,0,44,3537,3563,0,936,death,4060
360.1101649347921,929,0,0,44,3537,3564,0,936,death,3308
360.12263414503224,928,0,0,44,3537,3565,0,936,death,4345
360.20563263286783,927,0,0,44,3537,3566,0,936,death,3924
360.24366649516435,926,0,0,44,3537,3567,0,936,death,3174
360.2449292486301,927,0,0,44,3538,3567,0,936,birth,4538
360.2498162011201,926,0,0,44,3538,3568,0,936,death,3148
360.28725945272714,927,0,0,44,3539,3568,0,936,birth,4539
360.29070329848474,928,0,0,44,3540,3568,0,936,birth,4540
360.39327290832375,929,0,0,44,3541,3568,0,936,birth,4541
360.50105878784854,930,0,0,44,3542,3568,0,936,birth,4542
360.5079870452053,931,0,0,44,3543,3568,0,936,birth,4543
360.5416427315705,932,0,0,44,3544,3568,0,936,birth,4544
360.568824935928,931,0,0,44,3544,3569,0,936,death,3871
360.6409187390855,930,0,0,44,3544,3570,0,936,death,4284
360.6500453101229,929,0,0,44,3544,3571,0,936,death,3399
360.66639567387864,928,0,0,44,3544,3572,0,936,death,4271
360.722144244532,927,0,0,44,3544,3573,0,936,death,3690
360.84741561011015,926,0,0,44,3544,3574,0,936,death,2373
360.86559786134575,927,0,0,44,3545,3574,0,936,birth,4545
360.90386213117495,926,0,0,44,3545,3575,0,936,death,3410
360.9256558572726,925,0,0,44,3545,3576,0,936,death,4490
360.9374540506296,924,0,0,44,3545,3577,0,936,death,3983
360.9399965765089,925,0,0,44,3546,3577,0,936,birth,4546
360.96811938902607,924,0,0,44,3546,3578,0,936,death,3825
360.97624516003367,923,0,0,44,3546,3579,0,936,death,4189
361.0600869998858,924,0,0,44,3547,3579,0,936,birth,4547
361.09530829462244,923,0,0,44,3547,3580,0,936,death,2644
361.1068423230715,922,0,0,44,3547,3581,0,936,death,4309
361.16797158399834,921,0,0,44,3547,3582,0,936,death,3207
361.2003486228737,922,0,0,44,3548,3582,0,936,birth,4548
361.229155663455,921,0,0,44,3548,3583,0,936,death,3824
361.30448917593424,920,0,0,44,3548,3584,0,936,death,4548
361.31706191124954,919,0,0,44,3548,3585,0,936,death,4351
361.5462798610237,920,0,0,44,3549,3585,0,936,birth,4549
361.6018794319472,921,0,0,44,3550,3585,0,936,birth,4550
361.63807271570636,920,0,0,44,3550,3586,0,936,death,3497
361.70400168247676,921,0,0,44,3551,3586,0,936,birth,4551
361.70586854321937,922,0,0,44,3552,3586,0,936,birth,4552
361.70887241853256,923,0,0,44,3553,3586,0,936,birth,4553
361.9550698215533,924,0,0,44,3554,3586,0,936,birth,4554
361.9703882624076,925,0,0,44,3555,3586,0,936,birth,4555
362.0225564309323,924,0,0,44,3555,3587,0,936,death,827
362.04419609052985,923,0,0,44,3555,3588,0,936,death,3706
362.088335672553,924,0,0,44,3556,3588,0,936,birth,4556
362.09196437989743,923,0,0,44,3556,3589,0,936,death,4334
362.1830492076319,922,0,0,44,3556,3590,0,936,death,4489
362.21884313978336,923,0,0,44,3557,3590,0,936,birth,4557
362.3044639297122,924,0,0,44,3558,3590,0,936,birth,4558
362.32271046044576,925,0,0,44,3559,3590,0,936,birth,4559
362.3734640018358,926,0,0,44,3560,3590,0,936,birth,4560
362.3924674673162,925,0,0,44,3560,3591,0,936,death,3619
362.4000921400007,924,0,0,44,3560,3592,0,936,death,2441
362.4239681640073,923,0,0,44,3560,3593,0,936,death,2657
362.6575701041134,924,0,0,44,3561,3593,0,936,birth,4561
362.75222086158675,925,0,0,44,3562,3593,0,936,birth,4562
362.7684081924722,926,0,0,44,3563,3593,0,936,birth,4563
362.83658966215313,927,0,0,44,3564,3593,0,936,birth,4564
362.8780396152084,928,0,0,44,3565,3593,0,936,birth,4565
362.9156174649433,927,0,0,44,3565,3594,0,936,death,3119
362.94960693724573,928,0,0,44,3566,3594,0,936,birth,4566
363.00417040418273,929,0,0,44,3567,3594,0,936,birth,4567
363.0653728926637,928,0,0,44,3567,3595,0,936,death,3161
363.0926975702869,929,0,0,44,3568,3595,0,936,birth,4568
363.112276304645,930,0,0,44,3569,3595,0,936,birth,4569
363.12048422395424,931,0,0,44,3570,3595,0,936,birth,4570
363.20918011903257,930,0,0,44,3570,3596,0,936,death,4563
363.26136499151704,931,0,0,44,3571,3596,0,936,birth,4571
363.3620710987535,932,0,0,44,3572,3596,0,936,birth,4572
363.3688973905046,931,0,0,44,3572,3597,0,936,death,4472
363.37426912961314,932,0,0,44,3573,3597,0,936,birth,4573
363.37436366593977,933,0,0,44,3574,3597,0,936,birth,4574
363.41101294980825,934,0,0,44,3575,3597,0,936,birth,4575
363.4155757325919,933,0,0,44,3575,3598,0,936,death,4068
363.4457040422311,934,0,0,44,3576,3598,0,936,birth,4576
363.5394754754953,935,0,0,44,3577,3598,0,936,birth,4577
363.5473069183749,936,0,0,44,3578,3598,0,936,birth,4578
363.63294527609503,937,0,0,44,3579,3598,0,936,birth,4579
363.67052361566516,936,0,0,44,3579,3599,0,936,death,3847
363.67075773636793,935,0,0,44,3579,3600,0,936,death,3578
363.72155647262537,934,0,0,44,3579,3601,0,936,death,3986
363.7481812781567,935,0,0,44,3580,3601,0,936,birth,4580
363.80937898841756,936,0,0,44,3581,3601,0,936,birth,4581
363.89583036914087,937,0,0,44,3582,3601,0,936,birth,4582
363.9406801867244,938,0,0,44,3583,3601,0,936,birth,4583
363.9474640884909,937,0,0,44,3583,3602,0,936,death,2271
363.981269225336,936,0,0,44,3583,3603,0,936,death,4267
364.1305324032177,937,0,0,44,3584,3603,0,936,birth,4584
364.1604314369603,936,0,0,44,3584,3604,0,936,death,4382
364.2120667924323,935,0,0,44,3584,3605,0,936,death,4066
364.22450873538804,935,0,0,43,3584,3606,0,936,death,386
364.286542852021,934,0,0,43,3584,3607,0,936,death,4379
364.2897843443287,935,0,0,43,3585,3607,0,936,birth,4585
364.3223311374477,934,0,0,43,3585,3608,0,936,death,4073
364.3489128418693,935,0,0,43,3586,3608,0,936,birth,4586
364.59797319942606,934,0,0,43,3586,3609,0,936,death,1790
364.60983253398257,933,0,0,43,3586,3610,0,936,death,4063
364.6140287972621,934,0,0,43,3587,3610,0,936,birth,4587
364.7826285221153,935,0,0,43,3588,3610,0,936,birth,4588
364.81547726043027,936,0,0,43,3589,3610,0,936,birth,4589
364.8639530340969,935,0,0,43,3589,3611,0,936,death,3955
364.9049319314801,936,0,0,43,3590,3611,0,936,birth,4590
364.96769025755174,935,0,0,43,3590,3612,0,936,death,4050
365.10560602302945,936,0,0,43,3591,3612,0,936,birth,4591
365.13264828312,935,0,0,43,3591,3613,0,936,death,3679
365.21802611891485,936,0,0,43,3592,3613,0,936,birth,4592
365.220405323811,937,0,0,43,3593,3613,0,936,birth,4593
365.28044360903135,936,0,0,43,3593,3614,0,936,death,4400
365.3095671840442,937,0,0,43,3594,3614,0,936,birth,4594
365.3200014959711,938,0,0,43,3595,3614,0,936,birth,4595
365.3386256798077,938,0,0,42,3595,3615,0,936,death,412
365.37388287200645,939,0,0,42,3596,3615,0,936,birth,4596
365.40877998633437,940,0,0,42,3597,3615,0,936,birth,4597
365.43724476641717,940,0,0,41,3597,3616,0,936,death,853
365.4427523014425,939,0,0,41,3597,3617,0,936,death,3962
365.5091321706707,940,0,0,41,3598,3617,0,936,birth,4598
365.611760314445,941,0,0,41,3599,3617,0,936,birth,4599
365.61364142073484,942,0,0,41,3600,3617,0,936,birth,4600
365.7630158422562,943,0,0,41,3601,3617,0,936,birth,4601
365.7688645854089,942,0,0,41,3601,3618,0,936,death,4142
365.9595876981773,943,0,0,41,3602,3618,0,936,birth,4602
366.03104932729696,944,0,0,41,3603,3618,0,936,birth,4603
366.0477135866386,945,0,0,41,3604,3618,0,936,birth,4604
366.08500860337233,946,0,0,41,3605,3618,0,936,birth,4605
366.1402323711782,945,0,0,41,3605,3619,0,936,death,2422
366.1564481183847,944,0,0,41,3605,3620,0,936,death,3451
366.1643929067573,943,0,0,41,3605,3621,0,936,death,4310
366.19929813035753,942,0,0,41,3605,3622,0,936,death,3135
366.34266586378476,943,0,0,41,3606,3622,0,936,birth,4606
366.350238965524,944,0,0,41,3607,3622,0,936,birth,4607
366.3635318968592,943,0,0,41,3607,3623,0,936,death,4208
366.41563422540526,942,0,0,41,3607,3624,0,936,death,4312
366.4598626859178,941,0,0,41,3607,3625,0,936,death,4152
366.4703920949955,940,0,0,41,3607,3626,0,936,death,3651
366.49452367618596,941,0,0,41,3608,3626,0,936,birth,4608
366.49994116329844,940,0,0,41,3608,3627,0,936,death,2049
366.65562153908377,939,0,0,41,3608,3628,0,936,death,3654
366.76987739841513,940,0,0,41,3609,3628,0,936,birth,4609
366.8037767361095,939,0,0,41,3609,3629,0,936,death,3550
366.8077750858341,940,0,0,41,3610,3629,0,936,birth,4610
366.84223054486085,941,0,0,41,3611,3629,0,936,birth,4611
366.85551249136,940,0,0,41,3611,3630,0,936,death,4288
366.8991611214092,939,0,0,41,3611,3631,0,936,death,4427
366.91090140157866,940,0,0,41,3612,3631,0,936,birth,4612
366.9785326862847,941,0,0,41,3613,3631,0,936,birth,4613
367.0084947630226,942,0,0,41,3614,3631,0,936,birth,4614
367.1005493979964,943,0,0,41,3615,3631,0,936,birth,4615
367.26411788602974,944,0,0,41,3616,3631,0,936,birth,4616
367.2670416134127,943,0,0,41,3616,3632,0,936,death,4012
367.3451598714929,944,0,0,41,3617,3632,0,936,birth,4617
367.4017209040418,945,0,0,41,3618,3632,0,936,birth,4618
367.4037863439328,944,0,0,41,3618,3633,0,936,death,4245
367.4128933367353,945,0,0,41,3619,3633,0,936,birth,4619
367.43356302531976,946,0,0,41,3620,3633,0,936,birth,4620
367.43514639146287,945,0,0,41,3620,3634,0,936,death,4529
367.46273483008804,944,0,0,41,3620,3635,0,936,death,3972
367.5804647576794,945,0,0,41,3621,3635,0,936,birth,4621
367.6100848941243,946,0,0,41,3622,3635,0,936,birth,4622
367.6270144664604,947,0,0,41,3623,3635,0,936,birth,4623
367.6896653347888,946,0,0,41,3623,3636,0,936,death,4318
367.709979288656,947,0,0,41,3624,3636,0,936,birth,4624
367.795583068502,948,0,0,41,3625,3636,0,936,birth,4625
367.81450126097224,949,0,0,41,3626,3636,0,936,birth,4626
367.8332405010958,948,0,0,41,3626,3637,0,936,death,3854
367.90706964080454,947,0,0,41,3626,3638,0,936,death,3468
367.96203067299524,946,0,0,41,3626,3639,0,936,death,3820
368.0108133665986,945,0,0,41,3626,3640,0,936,death,3941
368.0597698083913,946,0,0,41,3627,3640,0,936,birth,4627
368.06590103009137,947,0,0,41,3628,3640,0,936,birth,4628
368.2329607195401,946,0,0,41,3628,3641,0,936,death,4425
368.23808325150037,947,0,0,41,3629,3641,0,936,birth,4629
368.2626173742958,948,0,0,41,3630,3641,0,936,birth,4630
368.3431276533659,949,0,0,41,3631,3641,0,936,birth,4631
368.50165755683736,950,0,0,41,3632,3641,0,936,birth,4632
368.6059608416294,949,0,0,41,3632,3642,0,936,death,4405
368.6872548392136,948,0,0,41,3632,3643,0,936,death,4339
368.69964306532967,949,0,0,41,3633,3643,0,936,birth,4633
368.7122178960917,950,0,0,41,3634,3643,0,936,birth,4634
368.7638575481728,949,0,0,41,3634,3644,0,936,death,3850
368.79599100650535,948,0,0,41,3634,3645,0,936,death,4025
368.90493086042204,947,0,0,41,3634,3646,0,936,death,3714
368.9483805177364,946,0,0,41,3634,3647,0,936,death,4463
368.99629659237195,947,0,0,41,3635,3647,0,936,birth,4635
369.06641397779305,946,0,0,41,3635,3648,0,936,death,4372
369.1074062907856,945,0,0,41,3635,3649,0,936,death,3122
369.1938678465172,946,0,0,41,3636,3649,0,936,birth,4636
369.2213977839126,945,0,0,41,3636,3650,0,936,death,4466
369.2251614965554,944,0,0,41,3636,3651,0,936,death,4131
369.3082747933415,943,0,0,41,3636,3652,0,936,death,3379
369.33355709125453,944,0,0,41,3637,3652,0,936,birth,4637
369.35573531416094,943,0,0,41,3637,3653,0,936,death,4199
369.4651360241512,944,0,0,41,3638,3653,0,936,birth,4638
369.50981960612734,943,0,0,41,3638,3654,0,936,death,3489
369.6019965238043,942,0,0,41,3638,3655,0,936,death,4230
369.6689156352909,941,0,0,41,3638,3656,0,936,death,4356
369.6824831320588,942,0,0,41,3639,3656,0,936,birth,4639
369.69362103077617,941,0,0,41,3639,3657,0,936,death,3697
369.7280682081094,942,0,0,41,3640,3657,0,936,birth,4640
369.7351232531161,941,0,0,41,3640,3658,0,936,death,3657
369.79990479898936,940,0,0,41,3640,3659,0,936,death,2839
369.8282555863591,941,0,0,41,3641,3659,0,936,birth,4641
369.86874628204606,940,0,0,41,3641,3660,0,936,death,4470
369.87086798751926,941,0,0,41,3642,3660,0,936,birth,4642
370.04328780702616,942,0,0,41,3643,3660,0,936,birth,4643
370.07333718330403,942,0,0,40,3643,3661,0,936,death,1026
370.1318307967769,943,0,0,40,3644,3661,0,936,birth,4644
370.1362583002177,942,0,0,40,3644,3662,0,936,death,4394
370.1484239887908,943,0,0,40,3645,3662,0,936,birth,4645
370.1754568961263,942,0,0,40,3645,3663,0,936,death,4585
370.2148270149083,943,0,0,40,3646,3663,0,936,birth,4646
370.22117476819005,944,0,0,40,3647,3663,0,936,birth,4647
370.3692912468819,943,0,0,40,3647,3664,0,936,death,3678
370.3848006166419,942,0,0,40,3647,3665,0,936,death,3026
370.4296220920738,943,0,0,40,3648,3665,0,936,birth,4648
370.5589792994773,942,0,0,40,3648,3666,0,936,death,4519
370.7101972230553,943,0,0,40,3649,3666,0,936,birth,4649
370.71108947237866,942,0,0,40,3649,3667,0,936,death,4604
370.7723521887078,943,0,0,40,3650,3667,0,936,birth,4650
370.809241286424,944,0,0,40,3651,3667,0,936,birth,4651
370.8369636939441,943,0,0,40,3651,3668,0,936,death,2268
370.87127299758157,944,0,0,40,3652,3668,0,936,birth,4652
370.87744903920026,943,0,0,40,3652,3669,0,936,death,2859
370.9748477139841,944,0,0,40,3653,3669,0,936,birth,4653
371.06052170441296,945,0,0,40,3654,3669,0,936,birth,4654
371.2070826477876,946,0,0,40,3655,3669,0,936,birth,4655
371.20834919457286,947,0,0,40,3656,3669,0,936,birth,4656
371.22816514162,946,0,0,40,3656,3670,0,936,death,4410
371.2428262618464,945,0,0,40,3656,3671,0,936,death,4262
371.31976593165786,944,0,0,40,3656,3672,0,936,death,4629
371.4001363988981,945,0,0,40,3657,3672,0,936,birth,4657
371.42086255292025,946,0,0,40,3658,3672,0,936,birth,4658
371.43105034266324,945,0,0,40,3658,3673,0,936,death,4454
371.4405578238213,944,0,0,40,3658,3674,0,936,death,4058
371.45130263927365,945,0,0,40,3659,3674,0,936,birth,4659
371.6296982345494,944,0,0,40,3659,3675,0,936,death,4265
371.7122720937378,943,0,0,40,3659,3676,0,936,death,2189
371.7905023693254,944,0,0,40,3660,3676,0,936,birth,4660
371.7998918479453,943,0,0,40,3660,3677,0,936,death,4049
371.83262351300255,942,0,0,40,3660,3678,0,936,death,1749
371.9353978518143,943,0,0,40,3661,3678,0,936,birth,4661
371.9414583564082,942,0,0,40,3661,3679,0,936,death,4103
371.9591320026893,943,0,0,40,3662,3679,0,936,birth,4662
371.99476989415354,944,0,0,40,3663,3679,0,936,birth,4663
372.02001655963153,943,0,0,40,3663,3680,0,936,death,4478
372.04013354831284,942,0,0,40,3663,3681,0,936,death,4168
372.1347170048601,941,0,0,40,3663,3682,0,936,death,4085
372.14483327936193,940,0,0,40,3663,3683,0,936,death,3862
372.1603779134837,941,0,0,40,3664,3683,0,936,birth,4664
372.22881205761973,942,0,0,40,3665,3683,0,936,birth,4665
372.27632415954685,943,0,0,40,3666,3683,0,936,birth,4666
372.3171570080046,944,0,0,40,3667,3683,0,936,birth,4667
372.36130884807324,943,0,0,40,3667,3684,0,936,death,4457
372.3692638786366,942,0,0,40,3667,3685,0,936,death,4416
372.4221540222009,943,0,0,40,3668,3685,0,936,birth,4668
372.47173774915996,944,0,0,40,3669,3685,0,936,birth,4669
372.49258556451235,944,0,0,39,3669,3686,0,936,death,500
372.50731718729526,943,0,0,39,3669,3687,0,936,death,4624
372.5441164439108,942,0,0,39,3669,3688,0,936,death,4383
372.55234398960124,943,0,0,39,3670,3688,0,936,birth,4670
372.5659744198101,944,0,0,39,3671,3688,0,936,birth,4671
372.6262786001427,943,0,0,39,3671,3689,0,936,death,4027
372.6409247155823,942,0,0,39,3671,3690,0,936,death,4485
372.7388801115303,943,0,0,39,3672,3690,0,936,birth,4672
372.9100380470758,942,0,0,39,3672,3691,0,936,death,3167
372.99888417345403,943,0,0,39,3673,3691,0,936,birth,4673
373.0196995740743,944,0,0,39,3674,3691,0,936,birth,4674
373.11053251644023,943,0,0,39,3674,3692,0,936,death,4384
373.16754861966876,942,0,0,39,3674,3693,0,936,death,3890
373.1899963186581,941,0,0,39,3674,3694,0,936,death,4303
373.2258227528268,942,0,0,39,3675,3694,0,936,birth,4675
373.25325870837656,941,0,0,39,3675,3695,0,936,death,3693
373.28123085883607,940,0,0,39,3675,3696,0,936,death,3949
373.3106124608876,939,0,0,39,3675,3697,0,936,death,4420
373.37227373008074,938,0,0,39,3675,3698,0,936,death,2603
373.45255741278163,939,0,0,39,3676,3698,0,936,birth,4676
373.47464121691723,940,0,0,39,3677,3698,0,936,birth,4677
373.52214907252414,941,0,0,39,3678,3698,0,936,birth,4678
373.54781680134323,940,0,0,39,3678,3699,0,936,death,4468
373.548974615945,939,0,0,39,3678,3700,0,936,death,2565
373.63590173933835,940,0,0,39,3679,3700,0,936,birth,4679
373.7156703632459,939,0,0,39,3679,3701,0,936,death,1196
373.7188264330257,940,0,0,39,3680,3701,0,936,birth,4680
374.07067744536005,941,0,0,39,3681,3701,0,936,birth,4681
374.07258660185335,942,0,0,39,3682,3701,0,936,birth,4682
374.160406253426,941,0,0,39,3682,3702,0,936,death,3296
374.19536862080156,940,0,0,39,3682,3703,0,936,death,4459
374.276080537065,939,0,0,39,3682,3704,0,936,death,4414
374.27865862682086,938,0,0,39,3682,3705,0,936,death,4562
374.287351117738,939,0,0,39,3683,3705,0,936,birth,4683
374.37358812214535,940,0,0,39,3684,3705,0,936,birth,4684
374.4144511658012,939,0,0,39,3684,3706,0,936,death,4399
374.4656909006391,938,0,0,39,3684,3707,0,936,death,4497
374.48102985775495,939,0,0,39,3685,3707,0,936,birth,4685
374.5005807790346,940,0,0,39,3686,3707,0,936,birth,4686
374.5703825912279,939,0,0,39,3686,3708,0,936,death,3873
374.63255369400986,940,0,0,39,3687,3708,0,936,birth,4687
374.7042283000613,941,0,0,39,3688,3708,0,936,birth,4688
374.7302718688878,940,0,0,39,3688,3709,0,936,death,2365
374.74067342252295,941,0,0,39,3689,3709,0,936,birth,4689
374.7427060728117,940,0,0,39,3689,3710,0,936,death,1848
374.82379463685584,941,0,0,39,3690,3710,0,936,birth,4690
374.85980395092685,942,0,0,39,3691,3710,0,936,birth,4691
374.91122318090794,943,0,0,39,3692,3710,0,936,birth,4692
374.9378589680935,944,0,0,39,3693,3710,0,936,birth,4693
374.9986765731877,943,0,0,39,3693,3711,0,936,death,4148
375.0135608277941,942,0,0,39,3693,3712,0,936,death,4533
375.01564885942406,943,0,0,39,3694,3712,0,936,birth,4694
375.0581610769144,944,0,0,39,3695,3712,0,936,birth,4695
375.12499866485354,943,0,0,39,3695,3713,0,936,death,4373
375.24951996844095,942,0,0,39,3695,3714,0,936,death,4088
375.2722095715774,943,0,0,39,3696,3714,0,936,birth,4696
375.32960829808485,944,0,0,39,3697,3714,0,936,birth,4697
375.46204034865394,945,0,0,39,3698,3714,0,936,birth,4698
375.64452562955995,946,0,0,39,3699,3714,0,936,birth,4699
375.6464959841365,947,0,0,39,3700,3714,0,936,birth,4700
375.67902684779546,946,0,0,39,3700,3715,0,936,death,2550
375.6845083745469,947,0,0,39,3701,3715,0,936,birth,4701
375.7434951462119,946,0,0,39,3701,3716,0,936,death,2344
375.77343984180504,945,0,0,39,3701,3717,0,936,death,4293
375.80968521687333,944,0,0,39,3701,3718,0,936,death,4632
375.8139060065499,943,0,0,39,3701,3719,0,936,death,4071
375.92749755409255,944,0,0,39,3702,3719,0,936,birth,4702
375.9354236442341,945,0,0,39,3703,3719,0,936,birth,4703
375.984996400624,944,0,0,39,3703,3720,0,936,death,2848
376.01587677584195,945,0,0,39,3704,3720,0,936,birth,4704
376.23982321823485,944,0,0,39,3704,3721,0,936,death,4228
376.38492501715217,945,0,0,39,3705,3721,0,936,birth,4705
376.4112391681789,946,0,0,39,3706,3721,0,936,birth,4706
376.4212250327221,947,0,0,39,3707,3721,0,936,birth,4707
376.5582918539926,946,0,0,39,3707,3722,0,936,death,3533
376.56145325798934,945,0,0,39,3707,3723,0,936,death,4008
376.6482055917161,946,0,0,39,3708,3723,0,936,birth,4708
376.66469370328014,945,0,0,39,3708,3724,0,936,death,3727
376.66569947567064,944,0,0,39,3708,3725,0,936,death,4352
376.6674087301667,943,0,0,39,3708,3726,0,936,death,3753
376.6820012276234,942,0,0,39,3708,3727,0,936,death,1770
376.74484198703027,943,0,0,39,3709,3727,0,936,birth,4709
376.9050106915439,944,0,0,39,3710,3727,0,936,birth,4710
376.9295100433502,945,0,0,39,3711,3727,0,936,birth,4711
376.94818056547683,944,0,0,39,3711,3728,0,936,death,3179
376.9762896630798,943,0,0,39,3711,3729,0,936,death,4283
377.06148847687194,942,0,0,39,3711,3730,0,936,death,4277
377.06377493667117,941,0,0,39,3711,3731,0,936,death,3584
377.18399388130365,942,0,0,39,3712,3731,0,936,birth,4712
377.19921585059313,943,0,0,39,3713,3731,0,936,birth,4713
377.24773276436355,942,0,0,39,3713,3732,0,936,death,4694
377.2482769056578,941,0,0,39,3713,3733,0,936,death,3772
377.30165760021737,940,0,0,39,3713,3734,0,936,death,4627
377.31721999546943,939,0,0,39,3713,3735,0,936,death,4525
377.3522633893685,938,0,0,39,3713,3736,0,936,death,4506
377.3663706493944,939,0,0,39,3714,3736,0,936,birth,4714
377.4809237297841,940,0,0,39,3715,3736,0,936,birth,4715
377.54818438411746,941,0,0,39,3716,3736,0,936,birth,4716
377.56589691275315,940,0,0,39,3716,3737,0,936,death,3465
377.58449911824334,939,0,0,39,3716,3738,0,936,death,3018
377.75689469721215,938,0,0,39,3716,3739,0,936,death,3757
377.8037099310679,939,0,0,39,3717,3739,0,936,birth,4717
377.83184488296916,940,0,0,39,3718,3739,0,936,birth,4718
377.96221401336754,939,0,0,39,3718,3740,0,936,death,4557
378.0045855638718,940,0,0,39,3719,3740,0,936,birth,4719
378.0303501204277,939,0,0,39,3719,3741,0,936,death,4613
378.03836452352743,940,0,0,39,3720,3741,0,936,birth,4720
378.04883120940616,941,0,0,39,3721,3741,0,936,birth,4721
378.1430837493352,942,0,0,39,3722,3741,0,936,birth,4722
378.1686006483378,941,0,0,39,3722,3742,0,936,death,2947
378.18040725788524,940,0,0,39,3722,3743,0,936,death,4616
378.2170526185141,941,0,0,39,3723,3743,0,936,birth,4723
378.29372300950007,940,0,0,39,3723,3744,0,936,death,4444
378.296633069536,939,0,0,39,3723,3745,0,936,death,3309
378.3240303064348,938,0,0,39,3723,3746,0,936,death,3407
378.353758411314,937,0,0,39,3723,3747,0,936,death,2939
378.43289185567875,938,0,0,39,3724,3747,0,936,birth,4724
378.5003811577433,939,0,0,39,3725,3747,0,936,birth,4725
378.54451029177534,940,0,0,39,3726,3747,0,936,birth,4726
378.69532980554266,941,0,0,39,3727,3747,0,936,birth,4727
378.70346784621825,942,0,0,39,3728,3747,0,936,birth,4728
378.8037715764168,943,0,0,39,3729,3747,0,936,birth,4729
378.890582781026,944,0,0,39,3730,3747,0,936,birth,4730
378.8935043565617,945,0,0,39,3731,3747,0,936,birth,4731
378.90052712696024,946,0,0,39,3732,3747,0,936,birth,4732
378.9682334613846,945,0,0,39,3732,3748,0,936,death,4074
378.96949296708556,944,0,0,39,3732,3749,0,936,death,3956
378.9768816049912,945,0,0,39,3733,3749,0,936,birth,4733
378.9792114811172,944,0,0,39,3733,3750,0,936,death,2738
379.00915283037716,943,0,0,39,3733,3751,0,936,death,2358
379.0479474551219,942,0,0,39,3733,3752,0,936,death,4431
379.1031813996928,941,0,0,39,3733,3753,0,936,death,4099
379.118400813367,940,0,0,39,3733,3754,0,936,death,3238
379.1596249290733,941,0,0,39,3734,3754,0,936,birth,4734
379.16584820975663,940,0,0,39,3734,3755,0,936,death,4102
379.17411996527636,939,0,0,39,3734,3756,0,936,death,4553
379.1858415318928,938,0,0,39,3734,3757,0,936,death,4291
379.2514525099803,937,0,0,39,3734,3758,0,936,death,4054
379.30054405076015,938,0,0,39,3735,3758,0,936,birth,4735
379.30538349320875,939,0,0,39,3736,3758,0,936,birth,4736
379.3776818036829,940,0,0,39,3737,3758,0,936,birth,4737
379.4241760869638,941,0,0,39,3738,3758,0,936,birth,4738
379.45008106041973,940,0,0,39,3738,3759,0,936,death,4028
379.5268283103403,939,0,0,39,3738,3760,0,936,death,3826
379.58408433829095,940,0,0,39,3739,3760,0,936,birth,4739
379.62937475182935,941,0,0,39,3740,3760,0,936,birth,4740
379.63346915723497,942,0,0,39,3741,3760,0,936,birth,4741
379.67052331099717,943,0,0,39,3742,3760,0,936,birth,4742
379.7032078155984,944,0,0,39,3743,3760,0,936,birth,4743
379.7394715444733,943,0,0,39,3743,3761,0,936,death,3525
379.742223619264,942,0,0,39,3743,3762,0,936,death,3005
379.78354516245645,941,0,0,39,3743,3763,0,936,death,2625
379.8713325398749,942,0,0,39,3744,3763,0,936,birth,4744
379.9410595596935,941,0,0,39,3744,3764,0,936,death,3874
379.946534740333,940,0,0,39,3744,3765,0,936,death,4514
380.0066765032267,941,0,0,39,3745,3765,0,936,birth,4745
380.1215714744091,942,0,0,39,3746,3765,0,936,birth,4746
380.12648968657675,943,0,0,39,3747,3765,0,936,birth,4747
380.1375039467342,944,0,0,39,3748,3765,0,936,birth,4748
380.2801553578945,943,0,0,39,3748,3766,0,936,death,3449
380.30061866076755,942,0,0,39,3748,3767,0,936,death,2591
380.33462889777024,941,0,0,39,3748,3768,0,936,death,1637
380.36436537032057,940,0,0,39,3748,3769,0,936,death,4026
380.43651275976845,939,0,0,39,3748,3770,0,936,death,4258
380.45253560635035,940,0,0,39,3749,3770,0,936,birth,4749
380.67222024584964,941,0,0,39,3750,3770,0,936,birth,4750
380.69766803480326,942,0,0,39,3751,3770,0,936,birth,4751
380.7507409614241,942,0,0,38,3751,3771,0,936,death,164
380.7689069030011,943,0,0,38,3752,3771,0,936,birth,4752
380.8141544896656,942,0,0,38,3752,3772,0,936,death,2454
380.8146880038154,943,0,0,38,3753,3772,0,936,birth,4753
380.9294751382999,944,0,0,38,3754,3772,0,936,birth,4754
380.94016397008716,945,0,0,38,3755,3772,0,936,birth,4755
380.9402825868728,946,0,0,38,3756,3772,0,936,birth,4756
381.00502866376905,947,0,0,38,3757,3772,0,936,birth,4757
381.093295026312,948,0,0,38,3758,3772,0,936,birth,4758
381.116566781535,949,0,0,38,3759,3772,0,936,birth,4759
381.22823611939526,950,0,0,38,3760,3772,0,936,birth,4760
381.23903379396415,949,0,0,38,3760,3773,0,936,death,4705
381.3101717912112,950,0,0,38,3761,3773,0,936,birth,4761
381.3912070615647,949,0,0,38,3761,3774,0,936,death,3688
381.48105596267214,948,0,0,38,3761,3775,0,936,death,3471
381.4865349059073,949,0,0,38,3762,3775,0,936,birth,4762
381.5094463057218,950,0,0,38,3763,3775,0,936,birth,4763
381.6912894047946,951,0,0,38,3764,3775,0,936,birth,4764
381.75828548427296,952,0,0,38,3765,3775,0,936,birth,4765
381.76432093521765,953,0,0,38,3766,3775,0,936,birth,4766
381.85542195560413,952,0,0,38,3766,3776,0,936,death,4104
381.8655500183904,951,0,0,38,3766,3777,0,936,death,4600
381.89982541505645,952,0,0,38,3767,3777,0,936,birth,4767
381.98666769489256,953,0,0,38,3768,3777,0,936,birth,4768
382.0398942924476,954,0,0,38,3769,3777,0,936,birth,4769
382.0445152825809,955,0,0,38,3770,3777,0,936,birth,4770
382.04963431754356,954,0,0,38,3770,3778,0,936,death,4224
382.078231745153,953,0,0,38,3770,3779,0,936,death,3419
382.11079788828687,954,0,0,38,3771,3779,0,936,birth,4771
382.22393785940756,955,0,0,38,3772,3779,0,936,birth,4772
382.2828137340728,956,0,0,38,3773,3779,0,936,birth,4773
382.34888526703367,957,0,0,38,3774,3779,0,936,birth,4774
382.38585889626796,958,0,0,38,3775,3779,0,936,birth,4775
382.4317045576563,957,0,0,38,3775,3780,0,936,death,3262
382.4712300711388,956,0,0,38,3775,3781,0,936,death,4064
382.6958566393021,955,0,0,38,3775,3782,0,936,death,3443
382.7199095712461,956,0,0,38,3776,3782,0,936,birth,4776
382.7440197178404,957,0,0,38,3777,3782,0,936,birth,4777
382.8862147121703,956,0,0,38,3777,3783,0,936,death,4746
382.88878367497693,955,0,0,38,3777,3784,0,936,death,4320
382.8938802256353,956,0,0,38,3778,3784,0,936,birth,4778
383.12252996714193,955,0,0,38,3778,3785,0,936,death,1442
383.13866751478986,954,0,0,38,3778,3786,0,936,death,3406
383.2380043464306,955,0,0,38,3779,3786,0,936,birth,4779
383.2452380135408,954,0,0,38,3779,3787,0,936,death,4713
383.28265238286565,955,0,0,38,3780,3787,0,936,birth,4780
383.41598986683664,954,0,0,38,3780,3788,0,936,death,2137
383.4264330585241,953,0,0,38,3780,3789,0,936,death,4051
383.5004256158023,954,0,0,38,3781,3789,0,936,birth,4781
383.54479955444145,954,0,0,37,3781,3790,0,936,death,1081
383.5657494833272,953,0,0,37,3781,3791,0,936,death,3963
383.6621155338177,954,0,0,37,3782,3791,0,936,birth,4782
383.6798586887035,953,0,0,37,3782,3792,0,936,death,4299
383.7127195884141,954,0,0,37,3783,3792,0,936,birth,4783
383.8796417746594,955,0,0,37,3784,3792,0,936,birth,4784
383.9074083865253,956,0,0,37,3785,3792,0,936,birth,4785
383.9829938096447,957,0,0,37,3786,3792,0,936,birth,4786
384.0098136507458,958,0,0,37,3787,3792,0,936,birth,4787
384.0285583761678,959,0,0,37,3788,3792,0,936,birth,4788
384.0826294577305,958,0,0,37,3788,3793,0,936,death,4520
384.25041886410844,957,0,0,37,3788,3794,0,936,death,4233
384.2634275700799,958,0,0,37,3789,3794,0,936,birth,4789
384.36442199607546,957,0,0,37,3789,3795,0,936,death,3921
384.3713253218169,958,0,0,37,3790,3795,0,936,birth,4790
384.46008576971366,959,0,0,37,3791,3795,0,936,birth,4791
384.46825363437335,958,0,0,37,3791,3796,0,936,death,2440
384.50951309793163,957,0,0,37,3791,3797,0,936,death,4693
384.5358266175829,956,0,0,37,3791,3798,0,936,death,4321
384.5420413473463,957,0,0,37,3792,3798,0,936,birth,4792
384.5850809408104,958,0,0,37,3793,3798,0,936,birth,4793
384.6294836568528,957,0,0,37,3793,3799,0,936,death,4577
384.6417046613019,956,0,0,37,3793,3800,0,936,death,4219
384.7498152610599,955,0,0,37,3793,3801,0,936,death,4599
384.75327349646636,954,0,0,37,3793,3802,0,936,death,4769
384.8185908395251,953,0,0,37,3793,3803,0,936,death,3580
384.82435858759584,954,0,0,37,3794,3803,0,936,birth,4794
384.8725408981489,955,0,0,37,3795,3803,0,936,birth,4795
384.9170643553161,956,0,0,37,3796,3803,0,936,birth,4796
384.9767637504903,957,0,0,37,3797,3803,0,936,birth,4797
385.04376147676965,958,0,0,37,3798,3803,0,936,birth,4798
385.0669361975031,957,0,0,37,3798,3804,0,936,death,4480
385.07188890804065,958,0,0,37,3799,3804,0,936,birth,4799
385.22285923242475,959,0,0,37,3800,3804,0,936,birth,4800
385.3591630298399,960,0,0,37,3801,3804,0,936,birth,4801
385.45354448427213,959,0,0,37,3801,3805,0,936,death,4266
385.49464485255567,958,0,0,37,3801,3806,0,936,death,4254
385.61674500817014,957,0,0,37,3801,3807,0,936,death,4657
385.7397616537883,956,0,0,37,3801,3808,0,936,death,3490
385.81382405105387,957,0,0,37,3802,3808,0,936,birth,4802
385.83293989218083,958,0,0,37,3803,3808,0,936,birth,4803
385.848469727128,959,0,0,37,3804,3808,0,936,birth,4804
385.85391129054466,958,0,0,37,3804,3809,0,936,death,4770
386.0677826522559,959,0,0,37,3805,3809,0,936,birth,4805
386.1512286719882,958,0,0,37,3805,3810,0,936,death,4248
386.1720967070496,957,0,0,37,3805,3811,0,936,death,4329
386.17952177747117,958,0,0,37,3806,3811,0,936,birth,4806
386.19104099904376,957,0,0,37,3806,3812,0,936,death,4687
386.3058126815677,956,0,0,37,3806,3813,0,936,death,4388
386.4828034482245,957,0,0,37,3807,3813,0,936,birth,4807
386.52533070952586,958,0,0,37,3808,3813,0,936,birth,4808
386.6444748446557,957,0,0,37,3808,3814,0,936,death,4673
386.69398880961626,956,0,0,37,3808,3815,0,936,death,3430
386.6976842026603,955,0,0,37,3808,3816,0,936,death,4603
386.74358362131653,956,0,0,37,3809,3816,0,936,birth,4809
386.794128009357,955,0,0,37,3809,3817,0,936,death,4477
386.93119051238955,954,0,0,37,3809,3818,0,936,death,4637
386.9497313818445,955,0,0,37,3810,3818,0,936,birth,4810
386.95129294916677,956,0,0,37,3811,3818,0,936,birth,4811
387.0406594972372,957,0,0,37,3812,3818,0,936,birth,4812
387.04926085191744,956,0,0,37,3812,3819,0,936,death,3200
387.1784395016854,957,0,0,37,3813,3819,0,936,birth,4813
387.28448936079707,956,0,0,37,3813,3820,0,936,death,4626
387.3947845152729,957,0,0,37,3814,3820,0,936,birth,4814
387.4115957331762,956,0,0,37,3814,3821,0,936,death,1277
387.55135393421114,957,0,0,37,3815,3821,0,936,birth,4815
387.5837444788714,956,0,0,37,3815,3822,0,936,death,4767
387.5908488371302,955,0,0,37,3815,3823,0,936,death,4764
387.5939055350553,956,0,0,37,3816,3823,0,936,birth,4816
387.6549990881545,955,0,0,37,3816,3824,0,936,death,4187
387.68212946887434,956,0,0,37,3817,3824,0,936,birth,4817
387.6826789656511,955,0,0,37,3817,3825,0,936,death,4120
387.72944581544925,954,0,0,37,3817,3826,0,936,death,3488
387.75899922811607,953,0,0,37,3817,3827,0,936,death,3650
387.7629389574529,954,0,0,37,3818,3827,0,936,birth,4818
387.7677519790326,955,0,0,37,3819,3827,0,936,birth,4819
387.7807034854425,954,0,0,37,3819,3828,0,936,death,3694
387.8466497016884,955,0,0,37,3820,3828,0,936,birth,4820
387.8495072805351,954,0,0,37,3820,3829,0,936,death,1834
387.9986263327128,953,0,0,37,3820,3830,0,936,death,4660
388.0393472426832,954,0,0,37,3821,3830,0,936,birth,4821
388.09402498058483,955,0,0,37,3822,3830,0,936,birth,4822
388.13394060184334,954,0,0,37,3822,3831,0,936,death,3689
388.1521932255586,955,0,0,37,3823,3831,0,936,birth,4823
388.2155618801858,954,0,0,37,3823,3832,0,936,death,4537
388.2167095947419,953,0,0,37,3823,3833,0,936,death,4083
388.30550645274735,954,0,0,37,3824,3833,0,936,birth,4824
388.3832236548681,953,0,0,37,3824,3834,0,936,death,3741
388.3931047890423,952,0,0,37,3824,3835,0,936,death,4568
388.4251183214121,951,0,0,37,3824,3836,0,936,death,4455
388.4626473066716,952,0,0,37,3825,3836,0,936,birth,4825
388.4863655238389,951,0,0,37,3825,3837,0,936,death,4684
388.5078048145328,952,0,0,37,3826,3837,0,936,birth,4826
388.5191609206156,953,0,0,37,3827,3837,0,936,birth,4827
388.5392665628398,952,0,0,37,3827,3838,0,936,death,2142
388.5540122943561,953,0,0,37,3828,3838,0,936,birth,4828
388.6470864771938,954,0,0,37,3829,3838,0,936,birth,4829
388.786077674844,953,0,0,37,3829,3839,0,936,death,4146
388.81263264439707,952,0,0,37,3829,3840,0,936,death,4828
388.82913072103884,951,0,0,37,3829,3841,0,936,death,4615
388.8304692072729,952,0,0,37,3830,3841,0,936,birth,4830
388.8463694015506,953,0,0,37,3831,3841,0,936,birth,4831
388.9125319891768,954,0,0,37,3832,3841,0,936,birth,4832
388.9517692441366,953,0,0,37,3832,3842,0,936,death,3382
389.0306778296013,954,0,0,37,3833,3842,0,936,birth,4833
389.0361126559735,955,0,0,37,3834,3842,0,936,birth,4834
389.06726017453093,956,0,0,37,3835,3842,0,936,birth,4835
389.30281573681,957,0,0,37,3836,3842,0,936,birth,4836
389.3943035610163,956,0,0,37,3836,3843,0,936,death,3718
389.410402795664,957,0,0,37,3837,3843,0,936,birth,4837
389.4211969389385,958,0,0,37,3838,3843,0,936,birth,4838
389.5174640560784,957,0,0,37,3838,3844,0,936,death,3765
389.61653517413777,958,0,0,37,3839,3844,0,936,birth,4839
389.63790722312854,959,0,0,37,3840,3844,0,936,birth,4840
389.7172207887338,958,0,0,37,3840,3845,0,936,death,1866
389.71963607412744,959,0,0,37,3841,3845,0,936,birth,4841
389.8161039440767,958,0,0,37,3841,3846,0,936,death,4377
389.9051956923559,959,0,0,37,3842,3846,0,936,birth,4842
389.96064427802713,960,0,0,37,3843,3846,0,936,birth,4843
390.0085583928407,959,0,0,37,3843,3847,0,936,death,4176
390.0489290257805,958,0,0,37,3843,3848,0,936,death,2136
390.0874717490506,959,0,0,37,3844,3848,0,936,birth,4844
390.11531764356687,958,0,0,37,3844,3849,0,936,death,4125
390.12398139678197,959,0,0,37,3845,3849,0,936,birth,4845
390.1666016245441,958,0,0,37,3845,3850,0,936,death,4675
390.25633969745775,959,0,0,37,3846,3850,0,936,birth,4846
390.29832028854014,960,0,0,37,3847,3850,0,936,birth,4847
390.5413908280217,959,0,0,37,3847,3851,0,936,death,3126
390.5766259802579,960,0,0,37,3848,3851,0,936,birth,4848
390.58052677786895,961,0,0,37,3849,3851,0,936,birth,4849
390.6075674227372,960,0,0,37,3849,3852,0,936,death,3982
390.61378663744426,959,0,0,37,3849,3853,0,936,death,2747
390.6588730009412,958,0,0,37,3849,3854,0,936,death,2105
390.7151002047898,958,0,0,36,3849,3855,0,936,death,328
390.7589052443859,959,0,0,36,3850,3855,0,936,birth,4850
390.7746563299281,958,0,0,36,3850,3856,0,936,death,4586
390.8187930228107,959,0,0,36,3851,3856,0,936,birth,4851
390.8227264623176,958,0,0,36,3851,3857,0,936,death,4508
390.8677699738898,957,0,0,36,3851,3858,0,936,death,4781
390.87009875078047,958,0,0,36,3852,3858,0,936,birth,4852
390.8934042183136,957,0,0,36,3852,3859,0,936,death,3928
390.95166958740606,958,0,0,36,3853,3859,0,936,birth,4853
391.01409302637086,959,0,0,36,3854,3859,0,936,birth,4854
391.182118282698,958,0,0,36,3854,3860,0,936,death,4374
391.19056192848836,957,0,0,36,3854,3861,0,936,death,2936
391.2605511084423,958,0,0,36,3855,3861,0,936,birth,4855
391.2970796122881,957,0,0,36,3855,3862,0,936,death,4618
391.32881552849113,958,0,0,36,3856,3862,0,936,birth,4856
391.36475331680725,957,0,0,36,3856,3863,0,936,death,4483
391.371486143269,958,0,0,36,3857,3863,0,936,birth,4857
391.44740872877276,957,0,0,36,3857,3864,0,936,death,4364
391.61274040379266,958,0,0,36,3858,3864,0,936,birth,4858
391.71160724531853,957,0,0,36,3858,3865,0,936,death,4642
391.71210695693935,958,0,0,36,3859,3865,0,936,birth,4859
391.795594978728,957,0,0,36,3859,3866,0,936,death,4535
391.83227544495196,956,0,0,36,3859,3867,0,936,death,3384
391.9032007338904,957,0,0,36,3860,3867,0,936,birth,4860
391.9384286702992,956,0,0,36,3860,3868,0,936,death,3643
391.95131266327064,955,0,0,36,3860,3869,0,936,death,1589
391.97089674836695,954,0,0,36,3860,3870,0,936,death,4703
392.03353313781946,953,0,0,36,3860,3871,0,936,death,4354
392.0799187290851,954,0,0,36,3861,3871,0,936,birth,4861
392.09679286405185,953,0,0,36,3861,3872,0,936,death,4484
392.1451901777004,952,0,0,36,3861,3873,0,936,death,3910
392.19422603399084,951,0,0,36,3861,3874,0,936,death,3515
392.219321460636,950,0,0,36,3861,3875,0,936,death,3234
392.2380391487354,951,0,0,36,3862,3875,0,936,birth,4862
392.25854065609303,950,0,0,36,3862,3876,0,936,death,2906
392.3304198558735,949,0,0,36,3862,3877,0,936,death,3766
392.3320847173992,950,0,0,36,3863,3877,0,936,birth,4863
392.3746209280676,949,0,0,36,3863,3878,0,936,death,2645
392.439863614395,948,0,0,36,3863,3879,0,936,death,4542
392.4452556392856,947,0,0,36,3863,3880,0,936,death,4482
392.622041156917,948,0,0,36,3864,3880,0,936,birth,4864
392.6840860702533,947,0,0,36,3864,3881,0,936,death,2410
392.7253923948176,946,0,0,36,3864,3882,0,936,death,4786
392.84225672257884,947,0,0,36,3865,3882,0,936,birth,4865
392.8999274762385,948,0,0,36,3866,3882,0,936,birth,4866
393.13062569537607,947,0,0,36,3866,3883,0,936,death,4549
393.1676334575188,948,0,0,36,3867,3883,0,936,birth,4867
393.181010650041,947,0,0,36,3867,3884,0,936,death,4704
393.2309589393648,948,0,0,36,3868,3884,0,936,birth,4868
393.2692955046451,949,0,0,36,3869,3884,0,936,birth,4869
393.5594332271775,950,0,0,36,3870,3884,0,936,birth,4870
393.6202640923003,949,0,0,36,3870,3885,0,936,death,4583
393.7100827957423,948,0,0,36,3870,3886,0,936,death,4606
393.78891948761776,949,0,0,36,3871,3886,0,936,birth,4871
393.8073582459174,948,0,0,36,3871,3887,0,936,death,4740
393.8788281706675,949,0,0,36,3872,3887,0,936,birth,4872
393.9394065917011,950,0,0,36,3873,3887,0,936,birth,4873
394.00551763956423,949,0,0,36,3873,3888,0,936,death,4716
394.0091842648532,948,0,0,36,3873,3889,0,936,death,3396
394.03189969840486,947,0,0,36,3873,3890,0,936,death,4016
394.0533725796981,946,0,0,36,3873,3891,0,936,death,4415
394.0595686873873,947,0,0,36,3874,3891,0,936,birth,4874
394.0997054410581,948,0,0,36,3875,3891,0,936,birth,4875
394.17015123904747,949,0,0,36,3876,3891,0,936,birth,4876
394.2104132882036,950,0,0,36,3877,3891,0,936,birth,4877
394.22728442552125,949,0,0,36,3877,3892,0,936,death,4045
394.36789665848323,948,0,0,36,3877,3893,0,936,death,4748
394.5274057579464,947,0,0,36,3877,3894,0,936,death,3888
394.54146316097615,948,0,0,36,3878,3894,0,936,birth,4878
394.62732065369426,947,0,0,36,3878,3895,0,936,death,4367
394.6661512413982,946,0,0,36,3878,3896,0,936,death,4790
394.7457011386889,947,0,0,36,3879,3896,0,936,birth,4879
394.8500982552101,948,0,0,36,3880,3896,0,936,birth,4880
394.85144765640297,947,0,0,36,3880,3897,0,936,death,3734
394.89050290978753,948,0,0,36,3881,3897,0,936,birth,4881
394.9493832189791,947,0,0,36,3881,3898,0,936,death,4424
395.0171350396739,946,0,0,36,3881,3899,0,936,death,4106
395.1056998383314,947,0,0,36,3882,3899,0,936,birth,4882
395.2324683181993,946,0,0,36,3882,3900,0,936,death,3317
395.2651351568843,947,0,0,36,3883,3900,0,936,birth,4883
395.2760050787243,946,0,0,36,3883,3901,0,936,death,4033
395.31776940301086,945,0,0,36,3883,3902,0,936,death,4565
395.3537283865738,946,0,0,36,3884,3902,0,936,birth,4884
395.43363545572805,947,0,0,36,3885,3902,0,936,birth,4885
395.4428033136973,948,0,0,36,3886,3902,0,936,birth,4886
395.44505910245687,947,0,0,36,3886,3903,0,936,death,3719
395.47443765470865,948,0,0,36,3887,3903,0,936,birth,4887
395.50282365426995,947,0,0,36,3887,3904,0,936,death,4231
395.5916972397299,946,0,0,36,3887,3905,0,936,death,3495
395.593667244946,945,0,0,36,3887,3906,0,936,death,2198
395.62876803707786,944,0,0,36,3887,3907,0,936,death,3913
395.6623678730175,945,0,0,36,3888,3907,0,936,birth,4888
395.67136502825906,944,0,0,36,3888,3908,0,936,death,4672
395.68283619770165,945,0,0,36,3889,3908,0,936,birth,4889
395.7369101301074,944,0,0,36,3889,3909,0,936,death,3569
395.8045118821241,943,0,0,36,3889,3910,0,936,death,3658
395.87831440923424,944,0,0,36,3890,3910,0,936,birth,4890
395.88557370514434,945,0,0,36,3891,3910,0,936,birth,4891
395.89203191424866,945,0,0,35,3891,3911,0,936,death,1004
395.94509505563525,946,0,0,35,3892,3911,0,936,birth,4892
395.9565327750486,945,0,0,35,3892,3912,0,936,death,4496
395.9598351335294,944,0,0,35,3892,3913,0,936,death,3381
396.0269003222625,943,0,0,35,3892,3914,0,936,death,4728
396.0372177800066,944,0,0,35,3893,3914,0,936,birth,4893
396.0484026700887,945,0,0,35,3894,3914,0,936,birth,4894
396.0702762155794,946,0,0,35,3895,3914,0,936,birth,4895
396.07489609543194,945,0,0,35,3895,3915,0,936,death,4635
396.16094657379216,944,0,0,35,3895,3916,0,936,death,4138
396.16195222812,945,0,0,35,3896,3916,0,936,birth,4896
396.1770307475505,946,0,0,35,3897,3916,0,936,birth,4897
396.3649200019435,945,0,0,35,3897,3917,0,936,death,4515
396.4845004128207,946,0,0,35,3898,3917,0,936,birth,4898
396.5256084628435,945,0,0,35,3898,3918,0,936,death,3673
396.55992605224696,946,0,0,35,3899,3918,0,936,birth,4899
396.56235209958254,947,0,0,35,3900,3918,0,936,birth,4900
396.58402192634196,948,0,0,35,3901,3918,0,936,birth,4901
396.62495170157945,947,0,0,35,3901,3919,0,936,death,4555
396.6469748778287,948,0,0,35,3902,3919,0,936,birth,4902
396.6868208376861,949,0,0,35,3903,3919,0,936,birth,4903
396.6972169550179,950,0,0,35,3904,3919,0,936,birth,4904
396.8976879372064,951,0,0,35,3905,3919,0,936,birth,4905
396.94150431759755,952,0,0,35,3906,3919,0,936,birth,4906
396.9543989160496,953,0,0,35,3907,3919,0,936,birth,4907
397.07940137609734,954,0,0,35,3908,3919,0,936,birth,4908
397.08603458219403,953,0,0,35,3908,3920,0,936,death,4881
397.20705373744886,954,0,0,35,3909,3920,0,936,birth,4909
397.2097952597426,953,0,0,35,3909,3921,0,936,death,2996
397.27086506806296,954,0,0,35,3910,3921,0,936,birth,4910
397.3124221453825,955,0,0,35,3911,3921,0,936,birth,4911
397.40294745213373,956,0,0,35,3912,3921,0,936,birth,4912
397.5396212789247,957,0,0,35,3913,3921,0,936,birth,4913
397.71421158719806,958,0,0,35,3914,3921,0,936,birth,4914
397.7462491081989,959,0,0,35,3915,3921,0,936,birth,4915
397.7759477755093,960,0,0,35,3916,3921,0,936,birth,4916
397.7823227873019,959,0,0,35,3916,3922,0,936,death,4192
397.80845525281984,958,0,0,35,3916,3923,0,936,death,2595
397.8643790563972,957,0,0,35,3916,3924,0,936,death,3786
397.8929166966302,958,0,0,35,3917,3924,0,936,birth,4917
397.9405052127286,959,0,0,35,3918,3924,0,936,birth,4918
397.9514717990945,960,0,0,35,3919,3924,0,936,birth,4919
398.0253336310369,961,0,0,35,3920,3924,0,936,birth,4920
398.0608442061086,960,0,0,35,3920,3925,0,936,death,4109
398.0613948339798,961,0,0,35,3921,3925,0,936,birth,4921
398.1580034646038,960,0,0,35,3921,3926,0,936,death,4294
398.2406375192499,961,0,0,35,3922,3926,0,936,birth,4922
398.2821733689025,960,0,0,35,3922,3927,0,936,death,4865
398.3633869270222,961,0,0,35,3923,3927,0,936,birth,4923
398.3642497330883,962,0,0,35,3924,3927,0,936,birth,4924
398.4867321631255,961,0,0,35,3924,3928,0,936,death,3573
398.4915494845077,962,0,0,35,3925,3928,0,936,birth,4925
398.5433326086502,961,0,0,35,3925,3929,0,936,death,4212
398.58430052578416,962,0,0,35,3926,3929,0,936,birth,4926
398.58852881544055,963,0,0,35,3927,3929,0,936,birth,4927
398.6222035986687,964,0,0,35,3928,3929,0,936,birth,4928
398.6416807680767,963,0,0,35,3928,3930,0,936,death,4792
398.6431061579973,962,0,0,35,3928,3931,0,936,death,4193
398.6830402761649,963,0,0,35,3929,3931,0,936,birth,4929
398.7570793905657,963,0,0,34,3929,3932,0,936,death,1211
398.7849162443571,964,0,0,34,3930,3932,0,936,birth,4930
398.81002370841736,963,0,0,34,3930,3933,0,936,death,3099
398.83266598078177,962,0,0,34,3930,3934,0,936,death,3944
398.84325717405983,963,0,0,34,3931,3934,0,936,birth,4931
398.8611621622698,964,0,0,34,3932,3934,0,936,birth,4932
398.9680020578395,965,0,0,34,3933,3934,0,936,birth,4933
399.1964617943212,966,0,0,34,3934,3934,0,936,birth,4934
399.2237748935347,967,0,0,34,3935,3934,0,936,birth,4935
399.22550368224006,966,0,0,34,3935,3935,0,936,death,4596
399.3158986367133,967,0,0,34,3936,3935,0,936,birth,4936
399.34498305756057,966,0,0,34,3936,3936,0,936,death,3076
399.439152652564,965,0,0,34,3936,3937,0,936,death,4814
399.44535385722446,964,0,0,34,3936,3938,0,936,death,4053
399.46039992268135,965,0,0,34,3937,3938,0,936,birth,4937
399.5456867461436,964,0,0,34,3937,3939,0,936,death,4798
399.5547440586562,965,0,0,34,3938,3939,0,936,birth,4938
399.5668527404913,966,0,0,34,3939,3939,0,936,birth,4939
399.71049325149085,967,0,0,34,3940,3939,0,936,birth,4940
399.8227559926469,968,0,0,34,3941,3939,0,936,birth,4941
399.8620342822411,967,0,0,34,3941,3940,0,936,death,4655
399.90295083346666,966,0,0,34,3941,3941,0,936,death,4611
400.0,966,0,0,34,3941,3941,0,936,horizon,0
