t,S,E,I,R,births,deaths,vaccinated,infections,event,person
0.0,990,0,10,0,0,0,0,0,initial,0
0.09291726917481917,989,0,11,0,0,0,0,1,infection,383
0.2713507712483615,988,0,12,0,0,0,0,2,infection,404
0.5018802234615367,987,0,13,0,0,0,0,3,infection,340
0.6120800678720716,986,0,14,0,0,0,0,4,infection,23
0.6401734654313199,985,0,15,0,0,0,0,5,infection,848
0.6760710733697801,984,0,16,0,0,0,0,6,infection,385
0.6929790131732423,983,0,17,0,0,0,0,7,infection,778
0.7590072750712187,982,0,18,0,0,0,0,8,infection,756
0.7665525765056542,981,0,19,0,0,0,0,9,infection,454
0.7823834595157785,980,0,20,0,0,0,0,10,infection,840
0.8056071289555987,979,0,21,0,0,0,0,11,infection,55
0.8150478401392768,978,0,22,0,0,0,0,12,infection,414
0.8406616290566158,977,0,23,0,0,0,0,13,infection,903
0.84088530799998,976,0,24,0,0,0,0,14,infection,745
0.8432622730746511,976,0,23,1,0,0,0,14,recovery,840
0.9100237029417722,975,0,24,1,0,0,0,15,infection,272
0.9614834186774607,974,0,25,1,0,0,0,16,infection,965
1.02577308438012,973,0,26,1,0,0,0,17,infection,56
1.0736234378102203,972,0,27,1,0,0,0,18,infection,521
1.0754879570959226,971,0,28,1,0,0,0,19,infection,538
1.1113382199606765,970,0,29,1,0,0,0,20,infection,321
1.1275923399383,970,0,28,2,0,0,0,20,recovery,993
1.1552612662226707,970,0,27,3,0,0,0,20,recovery,272
1.1819106884611894,970,0,26,4,0,0,0,20,recovery,454
1.2093122360963529,969,0,27,4,0,0,0,21,infection,909
1.2500300880772421,968,0,28,4,0,0,0,22,infection,580
1.281159722891437,967,0,29,4,0,0,0,23,infection,528
1.3027842633181723,966,0,30,4,0,0,0,24,infection,391
1.3404009306934703,965,0,31,4,0,0,0,25,infection,801
1.3513615141747246,964,0,32,4,0,0,0,26,infection,819
1.386410622736473,963,0,33,4,0,0,0,27,infection,118
1.4163579584179904,962,0,34,4,0,0,0,28,infection,198
1.4461897091912594,962,0,33,5,0,0,0,28,recovery,756
1.4724834817189991,962,0,32,6,0,0,0,28,recovery,997
1.481723947271165,961,0,33,6,0,0,0,29,infection,912
1.524126881516029,961,0,32,7,0,0,0,29,recovery,819
1.5390365219418667,960,0,33,7,0,0,0,30,infection,57
1.5606708083301948,959,0,34,7,0,0,0,31,infection,148
1.563265352483737,958,0,35,7,0,0,0,32,infection,636
1.5864272128293424,957,0,36,7,0,0,0,33,infection,369
1.6395078484767647,956,0,37,7,0,0,0,34,infection,976
1.6585455461462837,955,0,38,7,0,0,0,35,infection,445
1.6874867540552316,954,0,39,7,0,0,0,36,infection,456
1.710748217303606,953,0,40,7,0,0,0,37,infection,172
1.714575675739272,953,0,39,8,0,0,0,37,recovery,385
1.721904349010553,952,0,40,8,0,0,0,38,infection,939
1.7410008450513508,951,0,41,8,0,0,0,39,infection,542
1.7762176961049732,950,0,42,8,0,0,0,40,infection,719
1.8366149807944783,949,0,43,8,0,0,0,41,infection,769
1.862792793158069,948,0,44,8,0,0,0,42,infection,163
1.8777872265066515,947,0,45,8,0,0,0,43,infection,532
1.8907233254834073,946,0,46,8,0,0,0,44,infection,714
1.8907235437487637,945,0,47,8,0,0,0,45,infection,173
1.9358522238991998,944,0,48,8,0,0,0,46,infection,712
1.9610185366501303,944,0,47,9,0,0,0,46,recovery,321
1.9846278505301822,943,0,48,9,0,0,0,47,infection,647
1.9901475713550587,942,0,49,9,0,0,0,48,infection,468
2.0255366337413845,942,0,48,10,0,0,0,48,recovery,148
2.027642033178308,941,0,49,10,0,0,0,49,infection,948
2.0505908928191228,940,0,50,10,0,0,0,50,infection,794
2.0722348721694472,939,0,51,10,0,0,0,51,infection,610
2.1002599664481725,938,0,52,10,0,0,0,52,infection,245
2.1242689504055905,937,0,53,10,0,0,0,53,infection,494
2.146917269377754,937,0,52,11,0,0,0,53,recovery,163
2.2001823046228512,936,0,53,11,0,0,0,54,infection,888
2.2012407024702574,935,0,54,11,0,0,0,55,infection,84
2.2285342646361643,934,0,55,11,0,0,0,56,infection,222
2.2398803742897666,933,0,56,11,0,0,0,57,infection,214
2.2532112408139477,932,0,57,11,0,0,0,58,infection,555
2.2618453364340656,931,0,58,11,0,0,0,59,infection,291
2.293997024339371,930,0,59,11,0,0,0,60,infection,764
2.3054573073159204,930,0,58,12,0,0,0,60,recovery,647
2.3347453484793705,929,0,59,12,0,0,0,61,infection,774
2.383949173965864,928,0,60,12,0,0,0,62,infection,562
2.3878394453431326,927,0,61,12,0,0,0,63,infection,347
2.4496721583038314,926,0,62,12,0,0,0,64,infection,389
2.4543016142415017,926,0,61,13,0,0,0,64,recovery,245
2.461931876251801,925,0,62,13,0,0,0,65,infection,160
2.506160629137829,924,0,63,13,0,0,0,66,infection,773
2.5317436167887544,923,0,64,13,0,0,0,67,infection,917
2.5732572834490623,922,0,65,13,0,0,0,68,infection,670
2.5929469513387295,922,0,64,14,0,0,0,68,recovery,160
2.5981704123340785,921,0,65,14,0,0,0,69,infection,943
2.618549279312598,920,0,66,14,0,0,0,70,infection,352
2.640752973493128,919,0,67,14,0,0,0,71,infection,144
2.644861547259584,918,0,68,14,0,0,0,72,infection,264
2.6525761071623215,917,0,69,14,0,0,0,73,infection,451
2.653929241911707,916,0,70,14,0,0,0,74,infection,463
2.6625590370734065,915,0,71,14,0,0,0,75,infection,91
2.680307208436255,915,0,70,15,0,0,0,75,recovery,414
2.7061837663277473,914,0,71,15,0,0,0,76,infection,149
2.706185905640917,913,0,72,15,0,0,0,77,infection,143
2.715148344871991,912,0,73,15,0,0,0,78,infection,440
2.721096841125401,911,0,74,15,0,0,0,79,infection,154
2.722726463695335,910,0,75,15,0,0,0,80,infection,170
2.73186593058392,909,0,76,15,0,0,0,81,infection,301
2.739825498952573,908,0,77,15,0,0,0,82,infection,251
2.752057262875563,908,0,76,16,0,0,0,82,recovery,994
2.7792798826451253,907,0,77,16,0,0,0,83,infection,587
2.7824262809825373,906,0,78,16,0,0,0,84,infection,482
2.8015537918512945,905,0,79,16,0,0,0,85,infection,431
2.8373910269259186,904,0,80,16,0,0,0,86,infection,735
2.853755897472619,903,0,81,16,0,0,0,87,infection,409
2.8675087836888773,902,0,82,16,0,0,0,88,infection,540
2.9055861704095522,901,0,83,16,0,0,0,89,infection,199
2.905701144064345,900,0,84,16,0,0,0,90,infection,865
2.928519945664434,899,0,85,16,0,0,0,91,infection,427
2.9402524653011164,898,0,86,16,0,0,0,92,infection,809
2.945923421539845,898,0,85,17,0,0,0,92,recovery,427
2.949054656604506,897,0,86,17,0,0,0,93,infection,185
2.9749439897876897,896,0,87,17,0,0,0,94,infection,828
2.990102037401291,895,0,88,17,0,0,0,95,infection,666
3.03912286878255,894,0,89,17,0,0,0,96,infection,491
3.0520928942862713,893,0,90,17,0,0,0,97,infection,76
3.0595551288534173,892,0,91,17,0,0,0,98,infection,206
3.077449900559207,891,0,92,17,0,0,0,99,infection,103
3.108626090482408,890,0,93,17,0,0,0,100,infection,572
3.1119723844478644,889,0,94,17,0,0,0,101,infection,908
3.147800083230045,888,0,95,17,0,0,0,102,infection,519
3.1644353329547457,887,0,96,17,0,0,0,103,infection,211
3.1791883629672917,887,0,95,18,0,0,0,103,recovery,719
3.19414802149876,886,0,96,18,0,0,0,104,infection,529
3.1997597332551893,885,0,97,18,0,0,0,105,infection,894
3.20001649996221,884,0,98,18,0,0,0,106,infection,372
3.206064104288722,883,0,99,18,0,0,0,107,infection,815
3.208242798913119,882,0,100,18,0,0,0,108,infection,619
3.225897113913639,881,0,101,18,0,0,0,109,infection,750
3.2300356821864287,880,0,102,18,0,0,0,110,infection,623
3.2555860650628365,879,0,103,18,0,0,0,111,infection,975
3.2686874786617826,878,0,104,18,0,0,0,112,infection,700
3.278806679633615,877,0,105,18,0,0,0,113,infection,880
3.278833135374638,876,0,106,18,0,0,0,114,infection,692
3.2874721597461876,875,0,107,18,0,0,0,115,infection,446
3.3040005522305402,874,0,108,18,0,0,0,116,infection,650
3.312323680905915,873,0,109,18,0,0,0,117,infection,727
3.321076065869926,872,0,110,18,0,0,0,118,infection,396
3.3254477632652626,871,0,111,18,0,0,0,119,infection,124
3.3284170891717864,870,0,112,18,0,0,0,120,infection,715
3.3437290193817746,870,0,111,19,0,0,0,120,recovery,666
3.3521171801001834,869,0,112,19,0,0,0,121,infection,676
3.4221634994262393,869,0,111,20,0,0,0,121,recovery,999
3.423867624885762,869,0,110,21,0,0,0,121,recovery,773
3.4453751793477703,869,0,109,22,0,0,0,121,recovery,948
3.4578478794577885,869,0,108,23,0,0,0,121,recovery,912
3.461587163604736,868,0,109,23,0,0,0,122,infection,626
3.477982684903076,867,0,110,23,0,0,0,123,infection,249
3.5027867897739755,867,0,109,24,0,0,0,123,recovery,555
3.5096918542681386,866,0,110,24,0,0,0,124,infection,813
3.5130223512896364,865,0,111,24,0,0,0,125,infection,215
3.5200133096149466,864,0,112,24,0,0,0,126,infection,699
3.5211621551481853,863,0,113,24,0,0,0,127,infection,683
3.524938074357361,862,0,114,24,0,0,0,128,infection,896
3.5276396901108007,861,0,115,24,0,0,0,129,infection,398
3.534728140684067,860,0,116,24,0,0,0,130,infection,826
3.597609349667646,859,0,117,24,0,0,0,131,infection,196
3.616247925223951,859,0,116,25,0,0,0,131,recovery,538
3.6379616229363947,858,0,117,25,0,0,0,132,infection,643
3.654612752181246,857,0,118,25,0,0,0,133,infection,691
3.655711565203604,857,0,117,26,0,0,0,133,recovery,431
3.6584819818280834,856,0,118,26,0,0,0,134,infection,373
3.659904473264343,855,0,119,26,0,0,0,135,infection,859
3.684552612079114,854,0,120,26,0,0,0,136,infection,167
3.693292899514387,853,0,121,26,0,0,0,137,infection,502
3.698277438712472,852,0,122,26,0,0,0,138,infection,493
3.725871294391977,851,0,123,26,0,0,0,139,infection,323
3.738431632108256,850,0,124,26,0,0,0,140,infection,771
3.7416980758831193,849,0,125,26,0,0,0,141,infection,41
3.7519836781098457,849,0,124,27,0,0,0,141,recovery,626
3.763460514016079,848,0,125,27,0,0,0,142,infection,402
3.7656965850343633,848,0,124,28,0,0,0,142,recovery,965
3.7932408291364714,847,0,125,28,0,0,0,143,infection,464
3.7966515401526184,846,0,126,28,0,0,0,144,infection,760
3.7983554783055786,845,0,127,28,0,0,0,145,infection,51
3.8130522205013233,844,0,128,28,0,0,0,146,infection,66
3.8470830633185993,844,0,127,29,0,0,0,146,recovery,463
3.8524745496244717,844,0,126,30,0,0,0,146,recovery,383
3.8576233643710403,844,0,125,31,0,0,0,146,recovery,865
3.8822617522359844,843,0,126,31,0,0,0,147,infection,867
3.8863075292548097,843,0,125,32,0,0,0,147,recovery,206
3.886658492820085,842,0,126,32,0,0,0,148,infection,437
3.893436115405267,841,0,127,32,0,0,0,149,infection,956
3.930173956758874,841,0,126,33,0,0,0,149,recovery,198
3.9303216638616423,840,0,127,33,0,0,0,150,infection,338
3.934164530664228,839,0,128,33,0,0,0,151,infection,742
3.944126781281217,838,0,129,33,0,0,0,152,infection,186
3.945525293411206,837,0,130,33,0,0,0,153,infection,397
3.949357376763058,837,0,129,34,0,0,0,153,recovery,482
3.986025530575244,836,0,130,34,0,0,0,154,infection,985
3.999792627939971,835,0,131,34,0,0,0,155,infection,242
4.001846600973261,834,0,132,34,0,0,0,156,infection,817
4.009411487418321,834,0,131,35,0,0,0,156,recovery,610
4.012432102891117,833,0,132,35,0,0,0,157,infection,269
4.028802187803838,832,0,133,35,0,0,0,158,infection,530
4.0463632767128095,831,0,134,35,0,0,0,159,infection,299
4.04749875486817,831,0,133,36,0,0,0,159,recovery,124
4.048683896493004,830,0,134,36,0,0,0,160,infection,363
4.080581098273183,829,0,135,36,0,0,0,161,infection,265
4.09612903616507,828,0,136,36,0,0,0,162,infection,1
4.11311540079012,827,0,137,36,0,0,0,163,infection,754
4.11944317563595,826,0,138,36,0,0,0,164,infection,885
4.130685091333262,825,0,139,36,0,0,0,165,infection,184
4.133306985979288,824,0,140,36,0,0,0,166,infection,514
4.154426114460895,823,0,141,36,0,0,0,167,infection,783
4.160784209263723,822,0,142,36,0,0,0,168,infection,534
4.161365672052562,821,0,143,36,0,0,0,169,infection,935
4.172087769285289,820,0,144,36,0,0,0,170,infection,314
4.189499051918821,820,0,143,37,0,0,0,170,recovery,249
4.207621125276343,819,0,144,37,0,0,0,171,infection,863
4.220903588239013,818,0,145,37,0,0,0,172,infection,833
4.231147333235885,817,0,146,37,0,0,0,173,infection,573
4.265781771426748,816,0,147,37,0,0,0,174,infection,453
4.268311965935201,815,0,148,37,0,0,0,175,infection,349
4.292525052833622,814,0,149,37,0,0,0,176,infection,586
4.292755364279714,814,0,148,38,0,0,0,176,recovery,985
4.293795272547777,814,0,147,39,0,0,0,176,recovery,347
4.307775413607714,813,0,148,39,0,0,0,177,infection,968
4.313226076614565,812,0,149,39,0,0,0,178,infection,893
4.321909858557362,812,0,148,40,0,0,0,178,recovery,211
4.324922114358953,811,0,149,40,0,0,0,179,infection,368
4.339654577361157,810,0,150,40,0,0,0,180,infection,987
4.347838849110179,809,0,151,40,0,0,0,181,infection,164
4.348073347426271,808,0,152,40,0,0,0,182,infection,109
4.351804527276642,807,0,153,40,0,0,0,183,infection,62
4.352148291219088,806,0,154,40,0,0,0,184,infection,179
4.353610626580273,805,0,155,40,0,0,0,185,infection,845
4.356721607459502,804,0,156,40,0,0,0,186,infection,483
4.369210022819744,803,0,157,40,0,0,0,187,infection,169
4.372815716447513,802,0,158,40,0,0,0,188,infection,357
4.375530388069907,801,0,159,40,0,0,0,189,infection,152
4.391868035575148,800,0,160,40,0,0,0,190,infection,313
4.39885899432151,799,0,161,40,0,0,0,191,infection,569
4.402991550843289,799,0,160,41,0,0,0,191,recovery,573
4.407394360879365,798,0,161,41,0,0,0,192,infection,664
4.411764685319301,798,0,160,42,0,0,0,192,recovery,586
4.419221976577201,797,0,161,42,0,0,0,193,infection,895
4.426973651599836,796,0,162,42,0,0,0,194,infection,807
4.439731908739786,795,0,163,42,0,0,0,195,infection,436
4.447169036664808,794,0,164,42,0,0,0,196,infection,522
4.447218086839856,794,0,163,43,0,0,0,196,recovery,66
4.450032543967341,793,0,164,43,0,0,0,197,infection,337
4.4639997035425205,793,0,163,44,0,0,0,197,recovery,727
4.486830842593813,792,0,164,44,0,0,0,198,infection,592
4.500257417545791,791,0,165,44,0,0,0,199,infection,115
4.505485056247244,790,0,166,44,0,0,0,200,infection,236
4.520823019580742,790,0,165,45,0,0,0,200,recovery,714
4.522334103664713,789,0,166,45,0,0,0,201,infection,753
4.543236820030055,788,0,167,45,0,0,0,202,infection,350
4.550757257118582,787,0,168,45,0,0,0,203,infection,816
4.556682726292487,786,0,169,45,0,0,0,204,infection,552
4.588705329682704,785,0,170,45,0,0,0,205,infection,945
4.588957032274042,784,0,171,45,0,0,0,206,infection,44
4.590258180365099,783,0,172,45,0,0,0,207,infection,94
4.602566959464283,782,0,173,45,0,0,0,208,infection,382
4.6048835040476614,782,0,172,46,0,0,0,208,recovery,502
4.610592926392936,782,0,171,47,0,0,0,208,recovery,382
4.615149247258024,781,0,172,47,0,0,0,209,infection,697
4.621525039282164,780,0,173,47,0,0,0,210,infection,238
4.6361803013280944,779,0,174,47,0,0,0,211,infection,821
4.6424364078492495,778,0,175,47,0,0,0,212,infection,194
4.653215258885801,777,0,176,47,0,0,0,213,infection,403
4.657280314183532,776,0,177,47,0,0,0,214,infection,547
4.660143756434988,775,0,178,47,0,0,0,215,infection,47
4.661292347487896,774,0,179,47,0,0,0,216,infection,517
4.688243411003734,773,0,180,47,0,0,0,217,infection,853
4.701954593888231,772,0,181,47,0,0,0,218,infection,711
4.706526173275626,771,0,182,47,0,0,0,219,infection,192
4.714428540015193,770,0,183,47,0,0,0,220,infection,891
4.72195308347493,769,0,184,47,0,0,0,221,infection,210
4.724620188216804,768,0,185,47,0,0,0,222,infection,600
4.731962780212809,767,0,186,47,0,0,0,223,infection,733
4.740633753093989,766,0,187,47,0,0,0,224,infection,563
4.780801552318998,765,0,188,47,0,0,0,225,infection,847
4.790273986280942,764,0,189,47,0,0,0,226,infection,407
4.7946222502924964,763,0,190,47,0,0,0,227,infection,200
4.803748469027554,763,0,189,48,0,0,0,227,recovery,532
4.81578017377276,762,0,190,48,0,0,0,228,infection,393
4.816727121492508,761,0,191,48,0,0,0,229,infection,379
4.819787454132933,760,0,192,48,0,0,0,230,infection,614
4.830745665376538,759,0,193,48,0,0,0,231,infection,182
4.841346746136111,758,0,194,48,0,0,0,232,infection,923
4.849583719378209,757,0,195,48,0,0,0,233,infection,696
4.860930098924838,756,0,196,48,0,0,0,234,infection,384
4.862604139848378,755,0,197,48,0,0,0,235,infection,744
4.866923685898015,754,0,198,48,0,0,0,236,infection,629
4.891712895237074,753,0,199,48,0,0,0,237,infection,259
4.892594526982485,752,0,200,48,0,0,0,238,infection,457
4.899909109230255,751,0,201,48,0,0,0,239,infection,229
4.8999482666226895,750,0,202,48,0,0,0,240,infection,481
4.9069175936447715,749,0,203,48,0,0,0,241,infection,335
4.91524861758715,748,0,204,48,0,0,0,242,infection,78
4.91627099203714,747,0,205,48,0,0,0,243,infection,381
4.924629892855766,746,0,206,48,0,0,0,244,infection,9
4.957939310769176,746,0,205,49,0,0,0,244,recovery,771
4.972599040521376,745,0,206,49,0,0,0,245,infection,158
4.976085930744432,744,0,207,49,0,0,0,246,infection,156
4.976894048548684,743,0,208,49,0,0,0,247,infection,151
4.98075919447718,742,0,209,49,0,0,0,248,infection,790
4.986397933015805,742,0,208,50,0,0,0,248,recovery,859
4.990830243209222,741,0,209,50,0,0,0,249,infection,452
4.9918043006345565,740,0,210,50,0,0,0,250,infection,266
4.998900550532846,739,0,211,50,0,0,0,251,infection,858
5.00538412552527,738,0,212,50,0,0,0,252,infection,330
5.006757441991427,737,0,213,50,0,0,0,253,infection,653
5.015853842418182,736,0,214,50,0,0,0,254,infection,386
5.017634145592274,735,0,215,50,0,0,0,255,infection,558
5.022385772997228,734,0,216,50,0,0,0,256,infection,663
5.026005411111841,734,0,215,51,0,0,0,256,recovery,41
5.02769395312134,733,0,216,51,0,0,0,257,infection,119
5.0315856262869385,733,0,215,52,0,0,0,257,recovery,833
5.033828954251646,732,0,216,52,0,0,0,258,infection,450
5.041311021573326,731,0,217,52,0,0,0,259,infection,174
5.055157404572789,730,0,218,52,0,0,0,260,infection,74
5.0690175164858395,729,0,219,52,0,0,0,261,infection,818
5.075504511386123,728,0,220,52,0,0,0,262,infection,322
5.078616271445865,727,0,221,52,0,0,0,263,infection,661
5.081118795195578,726,0,222,52,0,0,0,264,infection,803
5.081755391614418,725,0,223,52,0,0,0,265,infection,951
5.084365313829699,724,0,224,52,0,0,0,266,infection,358
5.09667306653855,723,0,225,52,0,0,0,267,infection,793
5.097996952391404,723,0,224,53,0,0,0,267,recovery,847
5.102121566485927,722,0,225,53,0,0,0,268,infection,861
5.1053408794227995,721,0,226,53,0,0,0,269,infection,799
5.128491576961994,720,0,227,53,0,0,0,270,infection,489
5.155045986343916,719,0,228,53,0,0,0,271,infection,180
5.165309915225015,718,0,229,53,0,0,0,272,infection,11
5.173044755921682,717,0,230,53,0,0,0,273,infection,767
5.180531325731551,716,0,231,53,0,0,0,274,infection,324
5.190948525196822,716,0,230,54,0,0,0,274,recovery,194
5.197657007275168,715,0,231,54,0,0,0,275,infection,722
5.214711959970569,714,0,232,54,0,0,0,276,infection,525
5.225577506879567,713,0,233,54,0,0,0,277,infection,887
5.2258220135640725,712,0,234,54,0,0,0,278,infection,230
5.230009115810972,711,0,235,54,0,0,0,279,infection,825
5.234856457904198,710,0,236,54,0,0,0,280,infection,941
5.244546997177624,710,0,235,55,0,0,0,280,recovery,663
5.246383916821202,710,0,234,56,0,0,0,280,recovery,210
5.253721819800533,709,0,235,56,0,0,0,281,infection,286
5.265275013299569,708,0,236,56,0,0,0,282,infection,88
5.268223148148451,707,0,237,56,0,0,0,283,infection,300
5.271001833407376,707,0,236,57,0,0,0,283,recovery,265
5.277619126746589,706,0,237,57,0,0,0,284,infection,177
5.299022263706269,705,0,238,57,0,0,0,285,infection,677
5.305180770953787,704,0,239,57,0,0,0,286,infection,806
5.30670836496073,703,0,240,57,0,0,0,287,infection,864
5.307130015481285,702,0,241,57,0,0,0,288,infection,235
5.3338243364443345,701,0,242,57,0,0,0,289,infection,568
5.334548977041529,700,0,243,57,0,0,0,290,infection,543
5.338481831761269,699,0,244,57,0,0,0,291,infection,734
5.346706143456871,698,0,245,57,0,0,0,292,infection,90
5.354307661805003,698,0,244,58,0,0,0,292,recovery,259
5.368099676648631,697,0,245,58,0,0,0,293,infection,873
5.390177962521026,696,0,246,58,0,0,0,294,infection,274
5.3948961182891075,695,0,247,58,0,0,0,295,infection,585
5.40078983523901,694,0,248,58,0,0,0,296,infection,904
5.439399518439142,693,0,249,58,0,0,0,297,infection,766
5.440364178475614,692,0,250,58,0,0,0,298,infection,524
5.444025439053559,691,0,251,58,0,0,0,299,infection,570
5.445852715605014,690,0,252,58,0,0,0,300,infection,630
5.457419644615343,689,0,253,58,0,0,0,301,infection,93
5.469280663817563,688,0,254,58,0,0,0,302,infection,624
5.471611863736479,687,0,255,58,0,0,0,303,infection,254
5.474766870319961,686,0,256,58,0,0,0,304,infection,239
5.475933343072812,686,0,255,59,0,0,0,304,recovery,558
5.501316576814469,686,0,254,60,0,0,0,304,recovery,269
5.503605751535234,685,0,255,60,0,0,0,305,infection,557
5.507304261060591,684,0,256,60,0,0,0,306,infection,465
5.512044356319893,684,0,255,61,0,0,0,306,recovery,62
5.513392989277599,684,0,254,62,0,0,0,306,recovery,254
5.518833009096747,684,0,253,63,0,0,0,306,recovery,670
5.524782886160637,683,0,254,63,0,0,0,307,infection,777
5.525314275906107,682,0,255,63,0,0,0,308,infection,271
5.5425098470819085,681,0,256,63,0,0,0,309,infection,212
5.547288203852984,681,0,255,64,0,0,0,309,recovery,372
5.549170229985849,680,0,256,64,0,0,0,310,infection,353
5.549557012514026,680,0,255,65,0,0,0,310,recovery,799
5.5740808137651054,680,0,254,66,0,0,0,310,recovery,358
5.577049255348795,680,0,253,67,0,0,0,310,recovery,238
5.581878168994972,679,0,254,67,0,0,0,311,infection,285
5.583186263617586,678,0,255,67,0,0,0,312,infection,289
5.5848154864736035,677,0,256,67,0,0,0,313,infection,460
5.585705684714588,676,0,257,67,0,0,0,314,infection,811
5.586118823225071,675,0,258,67,0,0,0,315,infection,225
5.587272639179017,674,0,259,67,0,0,0,316,infection,505
5.59185041408232,673,0,260,67,0,0,0,317,infection,680
5.600710854353345,673,0,259,68,0,0,0,317,recovery,807
5.606196088408415,672,0,260,68,0,0,0,318,infection,80
5.6203629742867856,671,0,261,68,0,0,0,319,infection,176
5.629185246744118,670,0,262,68,0,0,0,320,infection,802
5.66769365291163,670,0,261,69,0,0,0,320,recovery,398
5.68344479107843,669,0,262,69,0,0,0,321,infection,417
5.6915651241230805,668,0,263,69,0,0,0,322,infection,914
5.692604167461028,667,0,264,69,0,0,0,323,infection,87
5.701069674901509,666,0,265,69,0,0,0,324,infection,518
5.705322112248063,665,0,266,69,0,0,0,325,infection,95
5.713647622578817,665,0,265,70,0,0,0,325,recovery,386
5.721157839688311,665,0,264,71,0,0,0,325,recovery,192
5.725608821760234,664,0,265,71,0,0,0,326,infection,244
5.729644297558633,663,0,266,71,0,0,0,327,infection,787
5.735415648056413,663,0,265,72,0,0,0,327,recovery,514
5.761465829367196,663,0,264,73,0,0,0,327,recovery,692
5.779426516013263,662,0,265,73,0,0,0,328,infection,512
5.78092637281542,661,0,266,73,0,0,0,329,infection,499
5.787800590893053,660,0,267,73,0,0,0,330,infection,190
5.792438568096884,659,0,268,73,0,0,0,331,infection,487
5.793244799419715,658,0,269,73,0,0,0,332,infection,986
5.7933195125305765,658,0,268,74,0,0,0,332,recovery,379
5.793452358733617,657,0,269,74,0,0,0,333,infection,612
5.801032851713542,657,0,268,75,0,0,0,333,recovery,84
5.810366688633358,656,0,269,75,0,0,0,334,infection,455
5.813650447016802,656,0,268,76,0,0,0,334,recovery,764
5.814453303275798,656,0,267,77,0,0,0,334,recovery,314
5.817443086550743,655,0,268,77,0,0,0,335,infection,548
5.8186642205658785,654,0,269,77,0,0,0,336,infection,964
5.823521617967849,653,0,270,77,0,0,0,337,infection,520
5.8245232390835415,652,0,271,77,0,0,0,338,infection,64
5.827310887466295,652,0,270,78,0,0,0,338,recovery,149
5.83872332813323,652,0,269,79,0,0,0,338,recovery,158
5.85386138100749,651,0,270,79,0,0,0,339,infection,565
5.8560389912525785,651,0,269,80,0,0,0,339,recovery,754
5.856203027190943,650,0,270,80,0,0,0,340,infection,705
5.875740592861248,650,0,269,81,0,0,0,340,recovery,196
5.878104886287428,649,0,270,81,0,0,0,341,infection,203
5.8806805733520315,648,0,271,81,0,0,0,342,infection,191
5.882149332871625,647,0,272,81,0,0,0,343,infection,356
5.887762529875698,646,0,273,81,0,0,0,344,infection,970
5.893355478378305,645,0,274,81,0,0,0,345,infection,415
5.896952063373503,645,0,273,82,0,0,0,345,recovery,23
5.907315742928337,644,0,274,82,0,0,0,346,infection,984
5.90810577454174,643,0,275,82,0,0,0,347,infection,688
5.928911543479911,642,0,276,82,0,0,0,348,infection,869
5.929201826538881,641,0,277,82,0,0,0,349,infection,34
5.956898058294207,640,0,278,82,0,0,0,350,infection,303
5.959777448097189,640,0,277,83,0,0,0,350,recovery,468
5.966095768108568,640,0,276,84,0,0,0,350,recovery,908
5.983450062667606,639,0,277,84,0,0,0,351,infection,334
5.986876876455465,638,0,278,84,0,0,0,352,infection,333
5.993112789063846,638,0,277,85,0,0,0,352,recovery,185
5.993233419643589,637,0,278,85,0,0,0,353,infection,282
5.997685572357299,636,0,279,85,0,0,0,354,infection,217
5.999200671413723,635,0,280,85,0,0,0,355,infection,832
6.011057470506367,634,0,281,85,0,0,0,356,infection,471
6.0155785319604735,633,0,282,85,0,0,0,357,infection,165
6.021971153383239,632,0,283,85,0,0,0,358,infection,258
6.025501926230406,631,0,284,85,0,0,0,359,infection,157
6.0412039108104345,630,0,285,85,0,0,0,360,infection,523
6.041209781074656,629,0,286,85,0,0,0,361,infection,800
6.045983856322837,629,0,285,86,0,0,0,361,recovery,769
6.057823019642667,628,0,286,86,0,0,0,362,infection,577
6.064401229161253,628,0,285,87,0,0,0,362,recovery,460
6.074987689825213,627,0,286,87,0,0,0,363,infection,315
6.07590964854173,626,0,287,87,0,0,0,364,infection,458
6.080574170021808,626,0,286,88,0,0,0,364,recovery,777
6.090604081020636,625,0,287,88,0,0,0,365,infection,370
6.095710557839954,625,0,286,89,0,0,0,365,recovery,51
6.102073737804442,625,0,285,90,0,0,0,365,recovery,964
6.113897797615362,624,0,286,90,0,0,0,366,infection,784
6.116031635387659,623,0,287,90,0,0,0,367,infection,360
6.120648082055373,622,0,288,90,0,0,0,368,infection,613
6.12545950811317,622,0,287,91,0,0,0,368,recovery,384
6.133389101798729,621,0,288,91,0,0,0,369,infection,656
6.134400292980118,620,0,289,91,0,0,0,370,infection,944
6.144902424808757,619,0,290,91,0,0,0,371,infection,255
6.145377645887346,618,0,291,91,0,0,0,372,infection,40
6.154471258134029,617,0,292,91,0,0,0,373,infection,433
6.161557967315591,616,0,293,91,0,0,0,374,infection,474
6.1622658168395334,616,0,292,92,0,0,0,374,recovery,848
6.162405080844893,615,0,293,92,0,0,0,375,infection,878
6.164651639509092,614,0,294,92,0,0,0,376,infection,112
6.170687834475238,613,0,295,92,0,0,0,377,infection,785
6.17140501212515,612,0,296,92,0,0,0,378,infection,839
6.185056631425141,611,0,297,92,0,0,0,379,infection,911
6.190163912600024,610,0,298,92,0,0,0,380,infection,228
6.191492202654288,609,0,299,92,0,0,0,381,infection,15
6.197438397879016,608,0,300,92,0,0,0,382,infection,820
6.199620011395616,608,0,299,93,0,0,0,382,recovery,409
6.226514683469839,608,0,298,94,0,0,0,382,recovery,333
6.229600239511892,607,0,299,94,0,0,0,383,infection,120
6.23314984584938,606,0,300,94,0,0,0,384,infection,425
6.242503659118632,605,0,301,94,0,0,0,385,infection,775
6.244556419920014,604,0,302,94,0,0,0,386,infection,682
6.250265242152863,603,0,303,94,0,0,0,387,infection,849
6.255584349650447,602,0,304,94,0,0,0,388,infection,125
6.2651647529412635,602,0,303,95,0,0,0,388,recovery,572
6.27161881588989,602,0,302,96,0,0,0,388,recovery,177
6.285220771641061,602,0,301,97,0,0,0,388,recovery,956
6.290805820832065,601,0,302,97,0,0,0,389,infection,461
6.2949023338773245,600,0,303,97,0,0,0,390,infection,253
6.310147810401933,599,0,304,97,0,0,0,391,infection,615
6.327401487126896,598,0,305,97,0,0,0,392,infection,224
6.333376342899865,597,0,306,97,0,0,0,393,infection,267
6.337713409985727,596,0,307,97,0,0,0,394,infection,988
6.33859774132325,595,0,308,97,0,0,0,395,infection,187
6.343312249354347,594,0,309,97,0,0,0,396,infection,130
6.35248282569752,593,0,310,97,0,0,0,397,infection,376
6.354462061408028,592,0,311,97,0,0,0,398,infection,226
6.357588865555863,592,0,310,98,0,0,0,398,recovery,461
6.358314430511683,591,0,311,98,0,0,0,399,infection,870
6.360851447182947,590,0,312,98,0,0,0,400,infection,739
6.361477002698501,589,0,313,98,0,0,0,401,infection,789
6.36933366250412,588,0,314,98,0,0,0,402,infection,868
6.369902323028147,587,0,315,98,0,0,0,403,infection,704
6.370209052077549,586,0,316,98,0,0,0,404,infection,497
6.372380831437806,585,0,317,98,0,0,0,405,infection,708
6.375831721533762,584,0,318,98,0,0,0,406,infection,633
6.381570909699427,584,0,317,99,0,0,0,406,recovery,811
6.395315614919199,583,0,318,99,0,0,0,407,infection,189
6.406409429486088,582,0,319,99,0,0,0,408,infection,900
6.411617634690274,581,0,320,99,0,0,0,409,infection,662
6.413771191511911,580,0,321,99,0,0,0,410,infection,219
6.4178081980701975,579,0,322,99,0,0,0,411,infection,516
6.421560139176339,578,0,323,99,0,0,0,412,infection,79
6.422135462248295,577,0,324,99,0,0,0,413,infection,746
6.429284748762778,576,0,325,99,0,0,0,414,infection,67
6.437411110095382,575,0,326,99,0,0,0,415,infection,549
6.43803458578151,574,0,327,99,0,0,0,416,infection,646
6.452096025469469,573,0,328,99,0,0,0,417,infection,958
6.460938899331142,572,0,329,99,0,0,0,418,infection,162
6.461966726847726,572,0,328,100,0,0,0,418,recovery,653
6.46637738564582,571,0,329,100,0,0,0,419,infection,667
6.474322614846661,571,0,328,101,0,0,0,419,recovery,996
6.479953802558286,570,0,329,101,0,0,0,420,infection,660
6.490384734119644,569,0,330,101,0,0,0,421,infection,910
6.492502366547481,568,0,331,101,0,0,0,422,infection,871
6.502214831881751,567,0,332,101,0,0,0,423,infection,591
6.504395707306423,566,0,333,101,0,0,0,424,infection,287
6.506109298346655,566,0,332,102,0,0,0,424,recovery,465
6.508958045059232,566,0,331,103,0,0,0,424,recovery,528
6.5114381517560105,565,0,332,103,0,0,0,425,infection,395
6.5148500487522245,564,0,333,103,0,0,0,426,infection,689
6.5173313814997,563,0,334,103,0,0,0,427,infection,553
6.518148160618401,562,0,335,103,0,0,0,428,infection,68
6.519333866912392,562,0,334,104,0,0,0,428,recovery,712
6.531383200875019,562,0,333,105,0,0,0,428,recovery,869
6.532664217586513,562,0,332,106,0,0,0,428,recovery,894
6.540259566009137,561,0,333,106,0,0,0,429,infection,213
6.543692157242657,560,0,334,106,0,0,0,430,infection,531
6.543905655893275,559,0,335,106,0,0,0,431,infection,312
6.545042230069144,558,0,336,106,0,0,0,432,infection,171
6.549095313545862,557,0,337,106,0,0,0,433,infection,536
6.549958607588861,556,0,338,106,0,0,0,434,infection,596
6.552945061306125,555,0,339,106,0,0,0,435,infection,526
6.553924704256397,554,0,340,106,0,0,0,436,infection,65
6.563339506444417,553,0,341,106,0,0,0,437,infection,443
6.5753813706157285,552,0,342,106,0,0,0,438,infection,645
6.588514918197716,551,0,343,106,0,0,0,439,infection,617
6.594883658970204,550,0,344,106,0,0,0,440,infection,32
6.599504067750427,549,0,345,106,0,0,0,441,infection,441
6.602284048978213,548,0,346,106,0,0,0,442,infection,937
6.6024528111037855,547,0,347,106,0,0,0,443,infection,897
6.603736315438797,546,0,348,106,0,0,0,444,infection,972
6.604720747817186,546,0,347,107,0,0,0,444,recovery,568
6.60651222049887,545,0,348,107,0,0,0,445,infection,835
6.615914792247704,544,0,349,107,0,0,0,446,infection,150
6.631748635025512,543,0,350,107,0,0,0,447,infection,690
6.632326083173165,542,0,351,107,0,0,0,448,infection,668
6.633794894660813,542,0,350,108,0,0,0,448,recovery,615
6.634358818037927,542,0,349,109,0,0,0,448,recovery,835
6.635925544570576,541,0,350,109,0,0,0,449,infection,344
6.636116318758483,540,0,351,109,0,0,0,450,infection,768
6.639387855488996,540,0,350,110,0,0,0,450,recovery,880
6.6405260835790525,540,0,349,111,0,0,0,450,recovery,230
6.64203604545059,539,0,350,111,0,0,0,451,infection,4
6.642045868939722,539,0,349,112,0,0,0,451,recovery,688
6.645258889557025,539,0,348,113,0,0,0,451,recovery,403
6.648901887768575,538,0,349,113,0,0,0,452,infection,823
6.660725997897914,538,0,348,114,0,0,0,452,recovery,823
6.684608721267392,537,0,349,114,0,0,0,453,infection,498
6.685122463182749,536,0,350,114,0,0,0,454,infection,921
6.6867944654530636,536,0,349,115,0,0,0,454,recovery,803
6.6878585001687325,535,0,350,115,0,0,0,455,infection,246
6.702731229112455,534,0,351,115,0,0,0,456,infection,844
6.707720107297592,533,0,352,115,0,0,0,457,infection,755
6.716321521286688,532,0,353,115,0,0,0,458,infection,30
6.735795009090223,532,0,352,116,0,0,0,458,recovery,11
6.740321539968181,532,0,351,117,0,0,0,458,recovery,324
6.740323942568781,531,0,352,117,0,0,0,459,infection,411
6.747006411298292,530,0,353,117,0,0,0,460,infection,348
6.773890698371874,529,0,354,117,0,0,0,461,infection,406
6.777602663814732,529,0,353,118,0,0,0,461,recovery,818
6.792997292949021,528,0,354,118,0,0,0,462,infection,366
6.797901041720694,527,0,355,118,0,0,0,463,infection,48
6.804776936514424,526,0,356,118,0,0,0,464,infection,792
6.814039715255907,526,0,355,119,0,0,0,464,recovery,389
6.821942429805679,525,0,356,119,0,0,0,465,infection,595
6.823506890024289,524,0,357,119,0,0,0,466,infection,476
6.849444416435348,523,0,358,119,0,0,0,467,infection,319
6.856793583631751,522,0,359,119,0,0,0,468,infection,20
6.861837415509679,521,0,360,119,0,0,0,469,infection,838
6.863601703485953,520,0,361,119,0,0,0,470,infection,108
6.8707191522540585,519,0,362,119,0,0,0,471,infection,488
6.871081028414306,518,0,363,119,0,0,0,472,infection,954
6.874033359858709,517,0,364,119,0,0,0,473,infection,260
6.877015043109699,517,0,363,120,0,0,0,473,recovery,587
6.878059061272846,516,0,364,120,0,0,0,474,infection,731
6.882155740391422,516,0,363,121,0,0,0,474,recovery,191
6.886648875552903,515,0,364,121,0,0,0,475,infection,405
6.894673672153805,514,0,365,121,0,0,0,476,infection,978
6.901234438328755,513,0,366,121,0,0,0,477,infection,326
6.904374181584823,512,0,367,121,0,0,0,478,infection,655
6.90509414511635,511,0,368,121,0,0,0,479,infection,709
6.907599875207315,510,0,369,121,0,0,0,480,infection,447
6.91279631645975,509,0,370,121,0,0,0,481,infection,419
6.922570725641913,508,0,371,121,0,0,0,482,infection,511
6.929648262251234,507,0,372,121,0,0,0,483,infection,138
6.9394522338186615,506,0,373,121,0,0,0,484,infection,762
6.948055004544982,505,0,374,121,0,0,0,485,infection,875
6.956015518005633,504,0,375,121,0,0,0,486,infection,959
6.960629617813948,504,0,374,122,0,0,0,486,recovery,845
6.961761035805877,503,0,375,122,0,0,0,487,infection,805
6.962604342430318,502,0,376,122,0,0,0,488,infection,423
6.967354849801236,501,0,377,122,0,0,0,489,infection,718
6.969758498610422,500,0,378,122,0,0,0,490,infection,605
6.973270151503818,499,0,379,122,0,0,0,491,infection,588
6.977790115155691,498,0,380,122,0,0,0,492,infection,640
6.978470026738062,497,0,381,122,0,0,0,493,infection,695
6.985021396803008,496,0,382,122,0,0,0,494,infection,430
6.9935941256399365,495,0,383,122,0,0,0,495,infection,776
6.9936158630973635,494,0,384,122,0,0,0,496,infection,761
6.99376291968098,493,0,385,122,0,0,0,497,infection,597
6.996215680856669,493,0,384,123,0,0,0,497,recovery,577
6.998426045610682,493,0,383,124,0,0,0,497,recovery,826
7.002054105684019,492,0,384,124,0,0,0,498,infection,362
7.0078332761451465,491,0,385,124,0,0,0,499,infection,649
7.013592727107913,490,0,386,124,0,0,0,500,infection,942
7.015860288362428,489,0,387,124,0,0,0,501,infection,205
7.020664936655358,488,0,388,124,0,0,0,502,infection,252
7.027058413738846,488,0,387,125,0,0,0,502,recovery,592
7.03872403987115,487,0,388,125,0,0,0,503,infection,616
7.045137298048178,486,0,389,125,0,0,0,504,infection,298
7.04911722404224,486,0,388,126,0,0,0,504,recovery,455
7.053214325650719,485,0,389,126,0,0,0,505,infection,938
7.053481744053633,484,0,390,126,0,0,0,506,infection,693
7.0607109621644994,483,0,391,126,0,0,0,507,infection,533
7.0708892261197445,482,0,392,126,0,0,0,508,infection,139
7.072816408307505,482,0,391,127,0,0,0,508,recovery,959
7.084753990481962,481,0,392,127,0,0,0,509,infection,842
7.101566120114107,480,0,393,127,0,0,0,510,infection,706
7.116028927024561,479,0,394,127,0,0,0,511,infection,634
7.122945165975619,479,0,393,128,0,0,0,511,recovery,897
7.126197995637762,478,0,394,128,0,0,0,512,infection,782
7.12686121784649,477,0,395,128,0,0,0,513,infection,209
7.1324519750968145,477,0,394,129,0,0,0,513,recovery,226
7.132560222357426,476,0,395,129,0,0,0,514,infection,410
7.140482981051394,475,0,396,129,0,0,0,515,infection,147
7.140672411166338,474,0,397,129,0,0,0,516,infection,681
7.141434144073597,473,0,398,129,0,0,0,517,infection,946
7.144485377894955,472,0,399,129,0,0,0,518,infection,104
7.144877979848917,471,0,400,129,0,0,0,519,infection,141
7.1449634070574,470,0,401,129,0,0,0,520,infection,728
7.149312925445557,470,0,400,130,0,0,0,520,recovery,271
7.151320430877686,469,0,401,130,0,0,0,521,infection,639
7.152312586503461,469,0,400,131,0,0,0,521,recovery,93
7.166245129862192,468,0,401,131,0,0,0,522,infection,503
7.175900735831142,467,0,402,131,0,0,0,523,infection,250
7.180042779088413,466,0,403,131,0,0,0,524,infection,293
7.18014450420551,466,0,402,132,0,0,0,524,recovery,806
7.180965222566075,466,0,401,133,0,0,0,524,recovery,170
7.185706660088677,466,0,400,134,0,0,0,524,recovery,44
7.19022529019953,465,0,401,134,0,0,0,525,infection,24
7.212264512292594,464,0,402,134,0,0,0,526,infection,527
7.2145084952854495,463,0,403,134,0,0,0,527,infection,933
7.215752888858287,462,0,404,134,0,0,0,528,infection,248
7.216342345874718,462,0,403,135,0,0,0,528,recovery,228
7.217090312717504,461,0,404,135,0,0,0,529,infection,227
7.223305727461525,460,0,405,135,0,0,0,530,infection,931
7.228559373048134,460,0,404,136,0,0,0,530,recovery,293
7.2292186310617295,459,0,405,136,0,0,0,531,infection,641
7.236539830337123,458,0,406,136,0,0,0,532,infection,432
7.248665210747632,458,0,405,137,0,0,0,532,recovery,291
7.2511947760678614,458,0,404,138,0,0,0,532,recovery,423
7.251980053398656,458,0,403,139,0,0,0,532,recovery,373
7.264408779901579,457,0,404,139,0,0,0,533,infection,902
7.277310969570211,456,0,405,139,0,0,0,534,infection,346
7.285972225065465,455,0,406,139,0,0,0,535,infection,16
7.286096144104012,454,0,407,139,0,0,0,536,infection,307
7.301848845192012,453,0,408,139,0,0,0,537,infection,953
7.302717128032342,452,0,409,139,0,0,0,538,infection,332
7.3090278401296,452,0,408,140,0,0,0,538,recovery,139
7.310661553428751,452,0,407,141,0,0,0,538,recovery,154
7.314268240142648,452,0,406,142,0,0,0,538,recovery,858
7.31735614862867,451,0,407,142,0,0,0,539,infection,872
7.327211969368326,451,0,406,143,0,0,0,539,recovery,863
7.329611583331342,450,0,407,143,0,0,0,540,infection,36
7.341295520105182,449,0,408,143,0,0,0,541,infection,401
7.34352131966176,448,0,409,143,0,0,0,542,infection,575
7.35044499068075,447,0,410,143,0,0,0,543,infection,652
7.3675389506810705,446,0,411,143,0,0,0,544,infection,743
7.404709555994431,445,0,412,143,0,0,0,545,infection,679
7.404789479895153,445,0,411,144,0,0,0,545,recovery,745
7.423890943283396,444,0,412,144,0,0,0,546,infection,632
7.43117285024808,443,0,413,144,0,0,0,547,infection,280
7.435865727426279,443,0,412,145,0,0,0,547,recovery,613
7.446910249608451,442,0,413,145,0,0,0,548,infection,602
7.448486044187779,441,0,414,145,0,0,0,549,infection,851
7.449831022163221,440,0,415,145,0,0,0,550,infection,273
7.454576717044222,440,0,414,146,0,0,0,550,recovery,591
7.457039227188942,440,0,413,147,0,0,0,550,recovery,174
7.462818797246697,440,0,412,148,0,0,0,550,recovery,972
7.467394265906467,439,0,413,148,0,0,0,551,infection,365
7.4689855272949845,439,0,412,149,0,0,0,551,recovery,301
7.473079460611896,438,0,413,149,0,0,0,552,infection,375
7.487713540707565,437,0,414,149,0,0,0,553,infection,29
7.49042008975213,436,0,415,149,0,0,0,554,infection,320
7.49683287032332,435,0,416,149,0,0,0,555,infection,336
7.500715641221184,434,0,417,149,0,0,0,556,infection,843
7.530040577107437,433,0,418,149,0,0,0,557,infection,343
7.535187758816647,432,0,419,149,0,0,0,558,infection,874
7.539557845419411,431,0,420,149,0,0,0,559,infection,866
7.540351258080449,430,0,421,149,0,0,0,560,infection,364
7.550391866847969,429,0,422,149,0,0,0,561,infection,290
7.550417200396174,429,0,421,150,0,0,0,561,recovery,103
7.5546645819727285,429,0,420,151,0,0,0,561,recovery,397
7.573331055220423,428,0,421,151,0,0,0,562,infection,63
7.611140735044341,428,0,420,152,0,0,0,562,recovery,697
7.61530392360012,428,0,419,153,0,0,0,562,recovery,986
7.617507250436286,427,0,420,153,0,0,0,563,infection,292
7.623494110928263,426,0,421,153,0,0,0,564,infection,919
7.641032584614574,425,0,422,153,0,0,0,565,infection,351
7.646001142397795,424,0,423,153,0,0,0,566,infection,856
7.647057681789173,423,0,424,153,0,0,0,567,infection,980
7.655244093267035,423,0,423,154,0,0,0,567,recovery,801
7.655258244169653,423,0,422,155,0,0,0,567,recovery,867
7.6669090652253455,422,0,423,155,0,0,0,568,infection,220
7.669742042424074,422,0,422,156,0,0,0,568,recovery,34
7.671402942501819,422,0,421,157,0,0,0,568,recovery,173
7.67580692885482,422,0,420,158,0,0,0,568,recovery,112
7.67599832632859,422,0,419,159,0,0,0,568,recovery,900
7.679331767491432,422,0,418,160,0,0,0,568,recovery,182
7.682954525690887,422,0,417,161,0,0,0,568,recovery,290
7.686381713877344,421,0,418,161,0,0,0,569,infection,581
7.68672124933104,420,0,419,161,0,0,0,570,infection,852
7.693222734103214,419,0,420,161,0,0,0,571,infection,426
7.693829366009094,418,0,421,161,0,0,0,572,infection,882
7.702220320630847,418,0,420,162,0,0,0,572,recovery,417
7.704072943429432,417,0,421,162,0,0,0,573,infection,934
7.713455157280873,416,0,422,162,0,0,0,574,infection,374
7.7408654590341595,415,0,423,162,0,0,0,575,infection,752
7.740882215784471,414,0,424,162,0,0,0,576,infection,329
7.74416184578511,414,0,423,163,0,0,0,576,recovery,381
7.7532055929786425,413,0,424,163,0,0,0,577,infection,2
7.756643638178956,412,0,425,163,0,0,0,578,infection,435
7.757462559474164,411,0,426,163,0,0,0,579,infection,687
7.76368438771212,410,0,427,163,0,0,0,580,infection,420
7.764456583940335,410,0,426,164,0,0,0,580,recovery,718
7.766643047851165,410,0,425,165,0,0,0,580,recovery,600
7.7689431764657675,409,0,426,165,0,0,0,581,infection,318
7.7741568388357205,408,0,427,165,0,0,0,582,infection,279
7.778113797869673,408,0,426,166,0,0,0,582,recovery,404
7.780134283912366,407,0,427,166,0,0,0,583,infection,926
7.781865330567204,406,0,428,166,0,0,0,584,infection,537
7.792726454981986,406,0,427,167,0,0,0,584,recovery,761
7.794204885864627,405,0,428,167,0,0,0,585,infection,625
7.795466697306874,404,0,429,167,0,0,0,586,infection,684
7.801181486843687,403,0,430,167,0,0,0,587,infection,73
7.804094745569264,402,0,431,167,0,0,0,588,infection,240
7.8094656795198665,401,0,432,167,0,0,0,589,infection,13
7.8110019373626,400,0,433,167,0,0,0,590,infection,416
7.8228864126021955,399,0,434,167,0,0,0,591,infection,121
7.825756058150294,399,0,433,168,0,0,0,591,recovery,307
7.826243860845242,398,0,434,168,0,0,0,592,infection,671
7.827732849312531,398,0,433,169,0,0,0,592,recovery,323
7.836756087662762,398,0,432,170,0,0,0,592,recovery,30
7.853140044928039,397,0,433,170,0,0,0,593,infection,770
7.856312981045976,397,0,432,171,0,0,0,593,recovery,984
7.859262454979653,396,0,433,171,0,0,0,594,infection,137
7.872503552745114,395,0,434,171,0,0,0,595,infection,25
7.874067335978429,394,0,435,171,0,0,0,596,infection,703
7.88061972279077,393,0,436,171,0,0,0,597,infection,495
7.887035847022142,392,0,437,171,0,0,0,598,infection,221
7.895474033058726,392,0,436,172,0,0,0,598,recovery,815
7.8975585395531365,391,0,437,172,0,0,0,599,infection,889
7.898377391104639,390,0,438,172,0,0,0,600,infection,713
7.906982117850939,389,0,439,172,0,0,0,601,infection,380
7.908746287177668,389,0,438,173,0,0,0,601,recovery,255
7.911630184948561,388,0,439,173,0,0,0,602,infection,922
7.914571671741106,387,0,440,173,0,0,0,603,infection,594
7.9189156872661055,386,0,441,173,0,0,0,604,infection,232
7.922143508429196,385,0,442,173,0,0,0,605,infection,392
7.925983105380445,385,0,441,174,0,0,0,605,recovery,165
7.945837283462141,384,0,442,174,0,0,0,606,infection,485
7.947101902252591,383,0,443,174,0,0,0,607,infection,637
7.978447164618853,382,0,444,174,0,0,0,608,infection,127
7.993647005449043,381,0,445,174,0,0,0,609,infection,924
7.994152302183723,381,0,444,175,0,0,0,609,recovery,433
8.00331115479521,381,0,443,176,0,0,0,609,recovery,32
8.008307656101033,380,0,444,176,0,0,0,610,infection,123
8.012473379000571,379,0,445,176,0,0,0,611,infection,133
8.013685544898419,379,0,444,177,0,0,0,611,recovery,235
8.025703245053016,379,0,443,178,0,0,0,611,recovery,286
8.02680790678239,379,0,442,179,0,0,0,611,recovery,252
8.029572297630242,378,0,443,179,0,0,0,612,infection,5
8.036818151838178,377,0,444,179,0,0,0,613,infection,478
8.038078960465022,377,0,443,180,0,0,0,613,recovery,683
8.044400917299807,376,0,444,180,0,0,0,614,infection,601
8.047660709129664,375,0,445,180,0,0,0,615,infection,444
8.049371971836607,374,0,446,180,0,0,0,616,infection,38
8.050173607536701,373,0,447,180,0,0,0,617,infection,21
8.05313049776444,373,0,446,181,0,0,0,617,recovery,641
8.055682180775456,372,0,447,181,0,0,0,618,infection,377
8.059357850983213,371,0,448,181,0,0,0,619,infection,134
8.061564257103507,371,0,447,182,0,0,0,619,recovery,843
8.065851218972965,370,0,448,182,0,0,0,620,infection,720
8.072453483617883,369,0,449,182,0,0,0,621,infection,60
8.076085706586667,368,0,450,182,0,0,0,622,infection,247
8.077848170986801,368,0,449,183,0,0,0,622,recovery,976
8.084903104977867,367,0,450,183,0,0,0,623,infection,207
8.08639142771883,367,0,449,184,0,0,0,623,recovery,809
8.08964230052776,366,0,450,184,0,0,0,624,infection,43
8.094290114315957,365,0,451,184,0,0,0,625,infection,114
8.096891344969977,365,0,450,185,0,0,0,625,recovery,137
8.108564122553334,365,0,449,186,0,0,0,625,recovery,179
8.110022263376964,364,0,450,186,0,0,0,626,infection,796
8.1115861303846,363,0,451,186,0,0,0,627,infection,723
8.128640362058393,362,0,452,186,0,0,0,628,infection,560
8.129865816049733,361,0,453,186,0,0,0,629,infection,439
8.132201447293703,360,0,454,186,0,0,0,630,infection,550
8.132989535375561,360,0,453,187,0,0,0,630,recovery,540
8.137110419839338,359,0,454,187,0,0,0,631,infection,243
8.139497864870743,359,0,453,188,0,0,0,631,recovery,661
8.14093233598652,358,0,454,188,0,0,0,632,infection,576
8.141727822633271,358,0,453,189,0,0,0,632,recovery,680
8.14579624611998,358,0,452,190,0,0,0,632,recovery,995
8.149584430254748,358,0,451,191,0,0,0,632,recovery,91
8.15766076914286,357,0,452,191,0,0,0,633,infection,116
8.160399478571474,356,0,453,191,0,0,0,634,infection,46
8.161707757291218,355,0,454,191,0,0,0,635,infection,620
8.165480629695063,354,0,455,191,0,0,0,636,infection,763
8.165818545411415,354,0,454,192,0,0,0,636,recovery,205
8.167739569649347,353,0,455,192,0,0,0,637,infection,306
8.169478043144412,352,0,456,192,0,0,0,638,infection,193
8.17238234578424,351,0,457,192,0,0,0,639,infection,328
8.173492462818,351,0,456,193,0,0,0,639,recovery,498
8.176735580473572,351,0,455,194,0,0,0,639,recovery,762
8.179536393080207,350,0,456,194,0,0,0,640,infection,854
8.1909449746725,350,0,455,195,0,0,0,640,recovery,895
8.20156869145647,349,0,456,195,0,0,0,641,infection,42
8.217189306632187,348,0,457,195,0,0,0,642,infection,812
8.219477574135183,348,0,456,196,0,0,0,642,recovery,911
8.22986319527882,348,0,455,197,0,0,0,642,recovery,407
8.252005564278727,348,0,454,198,0,0,0,642,recovery,620
8.252119750852003,347,0,455,198,0,0,0,643,infection,749
8.26576392463734,347,0,454,199,0,0,0,643,recovery,76
8.266330723126721,346,0,455,199,0,0,0,644,infection,860
8.269238438648953,345,0,456,199,0,0,0,645,infection,966
8.271592910654903,344,0,457,199,0,0,0,646,infection,204
8.272141478510742,344,0,456,200,0,0,0,646,recovery,57
8.275230750844047,343,0,457,200,0,0,0,647,infection,86
8.278442859938956,342,0,458,200,0,0,0,648,infection,724
8.27938847397178,341,0,459,200,0,0,0,649,infection,105
8.281862330362959,341,0,458,201,0,0,0,649,recovery,74
8.286940986540667,341,0,457,202,0,0,0,649,recovery,856
8.296212129251051,340,0,458,202,0,0,0,650,infection,603
8.302414004899711,339,0,459,202,0,0,0,651,infection,492
8.302715650757625,339,0,458,203,0,0,0,651,recovery,366
8.323261237024015,338,0,459,203,0,0,0,652,infection,486
8.325930781132067,338,0,458,204,0,0,0,652,recovery,426
8.347260290072285,338,0,457,205,0,0,0,652,recovery,363
8.348947589375646,337,0,458,205,0,0,0,653,infection,967
8.349026358891134,337,0,457,206,0,0,0,653,recovery,199
8.353736623556141,336,0,458,206,0,0,0,654,infection,470
8.355248171910887,335,0,459,206,0,0,0,655,infection,509
8.356006327416223,334,0,460,206,0,0,0,656,infection,59
8.356994190638092,333,0,461,206,0,0,0,657,infection,898
8.358493057385012,333,0,460,207,0,0,0,657,recovery,519
8.363638003640679,333,0,459,208,0,0,0,657,recovery,700
8.377873274805838,332,0,460,208,0,0,0,658,infection,559
8.381947221383063,331,0,461,208,0,0,0,659,infection,131
8.383987556691332,330,0,462,208,0,0,0,660,infection,701
8.384311910892352,329,0,463,208,0,0,0,661,infection,584
8.389279458205747,328,0,464,208,0,0,0,662,infection,879
8.391429016112413,328,0,463,209,0,0,0,662,recovery,667
8.404414575801006,328,0,462,210,0,0,0,662,recovery,521
8.416527329173453,327,0,463,210,0,0,0,663,infection,296
8.423501169915793,326,0,464,210,0,0,0,664,infection,920
8.42547320620746,325,0,465,210,0,0,0,665,infection,582
8.431206408496978,324,0,466,210,0,0,0,666,infection,930
8.433524440101023,323,0,467,210,0,0,0,667,infection,747
8.434537852852626,322,0,468,210,0,0,0,668,infection,780
8.442466046728063,321,0,469,210,0,0,0,669,infection,479
8.444284170606167,320,0,470,210,0,0,0,670,infection,635
8.45395393107482,320,0,469,211,0,0,0,670,recovery,138
8.456334026290165,319,0,470,211,0,0,0,671,infection,827
8.456634474632496,318,0,471,211,0,0,0,672,infection,277
8.462898688109865,317,0,472,211,0,0,0,673,infection,798
8.463975934646816,317,0,471,212,0,0,0,673,recovery,633
8.465617469275868,316,0,472,212,0,0,0,674,infection,949
8.475294665293637,315,0,473,212,0,0,0,675,infection,892
8.47705446887574,315,0,472,213,0,0,0,675,recovery,368
8.478254066178222,315,0,471,214,0,0,0,675,recovery,930
8.491096832063214,314,0,472,214,0,0,0,676,infection,890
8.49533203794002,314,0,471,215,0,0,0,676,recovery,115
8.504269892763777,313,0,472,215,0,0,0,677,infection,678
8.504321833346419,312,0,473,215,0,0,0,678,infection,837
8.506164509940747,312,0,472,216,0,0,0,678,recovery,871
8.5139677513881,312,0,471,217,0,0,0,678,recovery,617
8.51613860413266,312,0,470,218,0,0,0,678,recovery,232
8.53225305061699,311,0,471,218,0,0,0,679,infection,535
8.534091843185404,311,0,470,219,0,0,0,679,recovery,511
8.53761079498093,310,0,471,219,0,0,0,680,infection,765
8.539188803380119,310,0,470,220,0,0,0,680,recovery,336
8.539444805903461,309,0,471,220,0,0,0,681,infection,129
8.539811869992764,309,0,470,221,0,0,0,681,recovery,942
8.541316218690751,309,0,469,222,0,0,0,681,recovery,706
8.542700335839287,308,0,470,222,0,0,0,682,infection,448
8.560960529780747,308,0,469,223,0,0,0,682,recovery,569
8.56100198976616,307,0,470,223,0,0,0,683,infection,37
8.564169888118737,306,0,471,223,0,0,0,684,infection,33
8.568986077172077,305,0,472,223,0,0,0,685,infection,288
8.57110912998696,304,0,473,223,0,0,0,686,infection,270
8.593758891009607,304,0,472,224,0,0,0,686,recovery,364
8.605798763475896,304,0,471,225,0,0,0,686,recovery,119
8.606728122398783,303,0,472,225,0,0,0,687,infection,982
8.615901844937596,302,0,473,225,0,0,0,688,infection,579
8.616635068332549,302,0,472,226,0,0,0,688,recovery,944
8.622408894091208,302,0,471,227,0,0,0,688,recovery,630
8.626931809449673,302,0,470,228,0,0,0,688,recovery,887
8.633182575451489,301,0,471,228,0,0,0,689,infection,971
8.638356790617037,301,0,470,229,0,0,0,689,recovery,503
8.638834193958479,301,0,469,230,0,0,0,689,recovery,767
8.639849713143837,300,0,470,230,0,0,0,690,infection,741
8.642231153760818,300,0,469,231,0,0,0,690,recovery,763
8.64286625167188,300,0,468,232,0,0,0,690,recovery,724
8.663850105308008,299,0,469,232,0,0,0,691,infection,658
8.666374268066738,299,0,468,233,0,0,0,691,recovery,890
8.67246809351498,299,0,467,234,0,0,0,691,recovery,338
8.678392042587237,298,0,468,234,0,0,0,692,infection,6
8.680606419966729,297,0,469,234,0,0,0,693,infection,295
8.68381207736724,296,0,470,234,0,0,0,694,infection,599
8.683857746145502,296,0,469,235,0,0,0,694,recovery,821
8.684090291905704,295,0,470,235,0,0,0,695,infection,168
8.695308735323168,294,0,471,235,0,0,0,696,infection,27
8.702112700329982,293,0,472,235,0,0,0,697,infection,473
8.703752357616455,292,0,473,235,0,0,0,698,infection,905
8.714637299699831,292,0,472,236,0,0,0,698,recovery,518
8.718481189374424,292,0,471,237,0,0,0,698,recovery,743
8.735291143059719,292,0,470,238,0,0,0,698,recovery,926
8.735905341670021,291,0,471,238,0,0,0,699,infection,686
8.749844408899982,290,0,472,238,0,0,0,700,infection,111
8.757254136874536,289,0,473,238,0,0,0,701,infection,462
8.765753602413376,289,0,472,239,0,0,0,701,recovery,677
8.768298580659579,288,0,473,239,0,0,0,702,infection,308
8.79985505431356,288,0,472,240,0,0,0,702,recovery,415
8.809866993158531,288,0,471,241,0,0,0,702,recovery,741
8.81144904807919,288,0,470,242,0,0,0,702,recovery,978
8.819998978806286,288,0,469,243,0,0,0,702,recovery,968
8.821987352050108,287,0,470,243,0,0,0,703,infection,70
8.822984985946373,287,0,469,244,0,0,0,703,recovery,447
8.827453825472915,286,0,470,244,0,0,0,704,infection,429
8.833602369675907,285,0,471,244,0,0,0,705,infection,413
8.838480423440808,285,0,470,245,0,0,0,705,recovery,116
8.839410425868932,284,0,471,245,0,0,0,706,infection,100
8.840560427503648,284,0,470,246,0,0,0,706,recovery,715
8.854999115943857,283,0,471,246,0,0,0,707,infection,304
8.857283702617169,282,0,472,246,0,0,0,708,infection,216
8.864941023933731,282,0,471,247,0,0,0,708,recovery,774
8.869831142458002,282,0,470,248,0,0,0,708,recovery,450
8.877580078183104,282,0,469,249,0,0,0,708,recovery,370
8.888833493490104,281,0,470,249,0,0,0,709,infection,317
8.89524553790944,280,0,471,249,0,0,0,710,infection,544
8.904418544642535,279,0,472,249,0,0,0,711,infection,97
8.90616531980944,278,0,473,249,0,0,0,712,infection,378
8.906357198609024,277,0,474,249,0,0,0,713,infection,355
8.920597471296391,276,0,475,249,0,0,0,714,infection,598
8.920742704842281,276,0,474,250,0,0,0,714,recovery,250
8.925714579707186,276,0,473,251,0,0,0,714,recovery,579
8.929605750972154,275,0,474,251,0,0,0,715,infection,675
8.929907644253667,274,0,475,251,0,0,0,716,infection,583
8.936079278786961,273,0,476,251,0,0,0,717,infection,490
8.938350361128583,272,0,477,251,0,0,0,718,infection,31
8.94222346918978,272,0,476,252,0,0,0,718,recovery,614
8.951891305187171,272,0,475,253,0,0,0,718,recovery,405
8.962261495683608,272,0,474,254,0,0,0,718,recovery,31
8.967932272917107,271,0,475,254,0,0,0,719,infection,725
8.97190943160847,271,0,474,255,0,0,0,719,recovery,689
8.971941370818124,270,0,475,255,0,0,0,720,infection,556
8.97439896838791,269,0,476,255,0,0,0,721,infection,218
8.975120883722393,268,0,477,255,0,0,0,722,infection,99
8.975913136086263,267,0,478,255,0,0,0,723,infection,275
8.98119883799414,266,0,479,255,0,0,0,724,infection,759
8.983709644134215,266,0,478,256,0,0,0,724,recovery,485
8.98805662937416,266,0,477,257,0,0,0,724,recovery,37
8.989137791193064,265,0,478,257,0,0,0,725,infection,424
8.99488759914224,264,0,479,257,0,0,0,726,infection,925
9.007330548562866,263,0,480,257,0,0,0,727,infection,590
9.010194594518406,263,0,479,258,0,0,0,727,recovery,854
9.011227561965296,263,0,478,259,0,0,0,727,recovery,47
9.020617743331615,262,0,479,259,0,0,0,728,infection,71
9.020785750408335,261,0,480,259,0,0,0,729,infection,69
9.047739946032975,261,0,479,260,0,0,0,729,recovery,219
9.052212221367697,261,0,478,261,0,0,0,729,recovery,288
9.066612007920607,260,0,479,261,0,0,0,730,infection,877
9.074922218782477,260,0,478,262,0,0,0,730,recovery,892
9.078370166284685,260,0,477,263,0,0,0,730,recovery,709
9.080701657858226,260,0,476,264,0,0,0,730,recovery,100
9.09345451103963,260,0,475,265,0,0,0,730,recovery,20
9.101314154000898,260,0,474,266,0,0,0,730,recovery,308
9.101511645242974,259,0,475,266,0,0,0,731,infection,685
9.132964643572308,259,0,474,267,0,0,0,731,recovery,15
9.138631703882833,259,0,473,268,0,0,0,731,recovery,329
9.138747508671704,259,0,472,269,0,0,0,731,recovery,244
9.161925122397928,258,0,473,269,0,0,0,732,infection,642
9.175310207009616,257,0,474,269,0,0,0,733,infection,510
9.177049002677022,256,0,475,269,0,0,0,734,infection,981
9.185249733855168,255,0,476,269,0,0,0,735,infection,183
9.198327313671705,255,0,475,270,0,0,0,735,recovery,553
9.20347942382753,255,0,474,271,0,0,0,735,recovery,643
9.208726049584465,254,0,475,271,0,0,0,736,infection,850
9.21521341958109,254,0,474,272,0,0,0,736,recovery,522
9.21856197614204,253,0,475,272,0,0,0,737,infection,422
9.219696599532499,252,0,476,272,0,0,0,738,infection,58
9.222459004241852,252,0,475,273,0,0,0,738,recovery,240
9.224009908972853,252,0,474,274,0,0,0,738,recovery,632
9.229484358366044,251,0,475,274,0,0,0,739,infection,442
9.242060387563395,250,0,476,274,0,0,0,740,infection,412
9.251058586800994,249,0,477,274,0,0,0,741,infection,881
9.268323411456345,249,0,476,275,0,0,0,741,recovery,5
9.283879839534876,249,0,475,276,0,0,0,741,recovery,322
9.291316147742773,249,0,474,277,0,0,0,741,recovery,575
9.293422062391866,248,0,475,277,0,0,0,742,infection,622
9.301654611126787,248,0,474,278,0,0,0,742,recovery,220
9.305815523811177,247,0,475,278,0,0,0,743,infection,159
9.306116117778174,247,0,474,279,0,0,0,743,recovery,295
9.322974137619719,246,0,475,279,0,0,0,744,infection,574
9.330203286772244,245,0,476,279,0,0,0,745,infection,651
9.334574051666971,244,0,477,279,0,0,0,746,infection,166
9.34287843000575,243,0,478,279,0,0,0,747,infection,940
9.350544604328322,243,0,477,280,0,0,0,747,recovery,225
9.352500979165551,243,0,476,281,0,0,0,747,recovery,701
9.354048854865013,242,0,477,281,0,0,0,748,infection,604
9.35409663356579,241,0,478,281,0,0,0,749,infection,564
9.38210919199844,241,0,477,282,0,0,0,749,recovery,645
9.38550771669712,240,0,478,282,0,0,0,750,infection,136
9.40120556552159,240,0,477,283,0,0,0,750,recovery,891
9.407043290192306,239,0,478,283,0,0,0,751,infection,400
9.412505399609945,238,0,479,283,0,0,0,752,infection,947
9.414332071393108,237,0,480,283,0,0,0,753,infection,197
9.41917454492985,236,0,481,283,0,0,0,754,infection,72
9.420698936363875,235,0,482,283,0,0,0,755,infection,98
9.421576112717776,235,0,481,284,0,0,0,755,recovery,734
9.425280340025624,235,0,480,285,0,0,0,755,recovery,167
9.429321276686693,234,0,481,285,0,0,0,756,infection,135
9.443773202360402,233,0,482,285,0,0,0,757,infection,758
9.444201017467389,232,0,483,285,0,0,0,758,infection,142
9.4543391165427,231,0,484,285,0,0,0,759,infection,707
9.458842417058246,231,0,483,286,0,0,0,759,recovery,760
9.462050395187836,231,0,482,287,0,0,0,759,recovery,391
9.46658598743182,231,0,481,288,0,0,0,759,recovery,742
9.467044616456484,231,0,480,289,0,0,0,759,recovery,353
9.490000357538829,231,0,479,290,0,0,0,759,recovery,832
9.491565842644514,231,0,478,291,0,0,0,759,recovery,523
9.495136100712086,231,0,477,292,0,0,0,759,recovery,312
9.495946028801292,230,0,478,292,0,0,0,760,infection,973
9.497530390338351,229,0,479,292,0,0,0,761,infection,202
9.50213420822695,228,0,480,292,0,0,0,762,infection,694
9.502838809089823,227,0,481,292,0,0,0,763,infection,181
9.513353179506908,226,0,482,292,0,0,0,764,infection,977
9.566345353334036,225,0,483,292,0,0,0,765,infection,736
9.578591153435434,225,0,482,293,0,0,0,765,recovery,222
9.58212320566965,224,0,483,293,0,0,0,766,infection,153
9.582334978359365,224,0,482,294,0,0,0,766,recovery,80
9.58273132124981,224,0,481,295,0,0,0,766,recovery,133
9.593151074250995,223,0,482,295,0,0,0,767,infection,906
9.598373618111227,223,0,481,296,0,0,0,767,recovery,153
9.599228999036557,222,0,482,296,0,0,0,768,infection,886
9.600747094349636,222,0,481,297,0,0,0,768,recovery,207
9.60734395928921,222,0,480,298,0,0,0,768,recovery,800
9.615934171424927,222,0,479,299,0,0,0,768,recovery,770
9.617250493446612,222,0,478,300,0,0,0,768,recovery,6
9.621252079238158,222,0,477,301,0,0,0,768,recovery,733
9.631420440841026,221,0,478,301,0,0,0,769,infection,175
9.648888833003497,221,0,477,302,0,0,0,769,recovery,86
9.655032913186687,221,0,476,303,0,0,0,769,recovery,436
9.659763271872297,221,0,475,304,0,0,0,769,recovery,694
9.665810829145919,221,0,474,305,0,0,0,769,recovery,264
9.675103458698693,221,0,473,306,0,0,0,769,recovery,289
9.688444520152139,221,0,472,307,0,0,0,769,recovery,471
9.690853383651966,221,0,471,308,0,0,0,769,recovery,650
9.6925537978916,220,0,472,308,0,0,0,770,infection,19
9.696659425311722,219,0,473,308,0,0,0,771,infection,862
9.69693533406054,218,0,474,308,0,0,0,772,infection,26
9.696959345185105,217,0,475,308,0,0,0,773,infection,281
9.699948452254828,217,0,474,309,0,0,0,773,recovery,535
9.709794281881688,216,0,475,309,0,0,0,774,infection,241
9.71084502552519,215,0,476,309,0,0,0,775,infection,17
9.719843202439016,215,0,475,310,0,0,0,775,recovery,25
9.727896184626992,214,0,476,310,0,0,0,776,infection,644
9.732121192823161,213,0,477,310,0,0,0,777,infection,342
9.736469971567821,213,0,476,311,0,0,0,777,recovery,775
9.739589403764338,213,0,475,312,0,0,0,777,recovery,457
9.75358265494458,213,0,474,313,0,0,0,777,recovery,725
9.756830217541482,213,0,473,314,0,0,0,777,recovery,635
9.764739996747826,213,0,472,315,0,0,0,777,recovery,562
9.780356248274503,213,0,471,316,0,0,0,777,recovery,872
9.804041530738171,212,0,472,316,0,0,0,778,infection,354
9.807432155955894,212,0,471,317,0,0,0,778,recovery,493
9.814912677192696,211,0,472,317,0,0,0,779,infection,814
9.815157007165858,211,0,471,318,0,0,0,779,recovery,935
9.824326879811561,211,0,470,319,0,0,0,779,recovery,94
9.826030577526552,211,0,469,320,0,0,0,779,recovery,971
9.83131629228292,211,0,468,321,0,0,0,779,recovery,453
9.833299674003566,211,0,467,322,0,0,0,779,recovery,816
9.843744095544265,210,0,468,322,0,0,0,780,infection,132
9.850876381428076,209,0,469,322,0,0,0,781,infection,467
9.866695357664351,208,0,470,322,0,0,0,782,infection,361
9.888591080580431,207,0,471,322,0,0,0,783,infection,325
9.893497637012118,207,0,470,323,0,0,0,783,recovery,839
9.894847598354627,207,0,469,324,0,0,0,783,recovery,402
9.89635636779214,207,0,468,325,0,0,0,783,recovery,564
9.911968993660814,206,0,469,325,0,0,0,784,infection,418
9.91205119170327,205,0,470,325,0,0,0,785,infection,45
9.9205237540386,204,0,471,325,0,0,0,786,infection,907
9.928553772969474,203,0,472,325,0,0,0,787,infection,831
9.93736579594044,202,0,473,325,0,0,0,788,infection,989
9.946268858464558,202,0,472,326,0,0,0,788,recovery,79
9.96535516562966,202,0,471,327,0,0,0,788,recovery,304
9.965361853940328,201,0,472,327,0,0,0,789,infection,81
9.971660310914025,201,0,471,328,0,0,0,789,recovery,877
9.977657160962048,200,0,472,328,0,0,0,790,infection,729
9.97875844459069,200,0,471,329,0,0,0,790,recovery,267
9.982411672484158,199,0,472,329,0,0,0,791,infection,628
9.983239184710461,198,0,473,329,0,0,0,792,infection,12
10.002866286060293,197,0,474,329,0,0,0,793,infection,233
10.010759622174003,197,0,473,330,0,0,0,793,recovery,557
10.015988383695122,196,0,474,330,0,0,0,794,infection,990
10.02373328710075,196,0,473,331,0,0,0,794,recovery,590
10.024420751812013,196,0,472,332,0,0,0,794,recovery,990
10.034771503487827,195,0,473,332,0,0,0,795,infection,408
10.036374462233884,195,0,472,333,0,0,0,795,recovery,481
10.038855318444163,194,0,473,333,0,0,0,796,infection,341
10.047040030975717,194,0,472,334,0,0,0,796,recovery,785
10.047348169608448,194,0,471,335,0,0,0,796,recovery,380
10.051239904582946,193,0,472,335,0,0,0,797,infection,208
10.053395945724636,193,0,471,336,0,0,0,797,recovery,213
10.06324609278873,192,0,472,336,0,0,0,798,infection,508
10.074214215755081,192,0,471,337,0,0,0,798,recovery,71
10.077052501536288,191,0,472,337,0,0,0,799,infection,788
10.080955020912164,191,0,471,338,0,0,0,799,recovery,907
10.099613277300458,190,0,472,338,0,0,0,800,infection,257
10.100273348321366,190,0,471,339,0,0,0,800,recovery,365
10.103202266637815,190,0,470,340,0,0,0,800,recovery,157
10.120085445103847,190,0,469,341,0,0,0,800,recovery,169
10.123199755103315,190,0,468,342,0,0,0,800,recovery,443
10.128930470168354,190,0,467,343,0,0,0,800,recovery,728
10.129806504744035,190,0,466,344,0,0,0,800,recovery,510
10.143432076093486,189,0,467,344,0,0,0,801,infection,781
10.146016521811568,189,0,466,345,0,0,0,801,recovery,280
10.15766048183294,189,0,465,346,0,0,0,801,recovery,429
10.158726186039619,189,0,464,347,0,0,0,801,recovery,599
10.163687249604349,189,0,463,348,0,0,0,801,recovery,425
10.164602401822355,188,0,464,348,0,0,0,802,infection,504
10.16476121557563,188,0,463,349,0,0,0,802,recovery,478
10.171014183928621,187,0,464,349,0,0,0,803,infection,515
10.187542479753326,186,0,465,349,0,0,0,804,infection,732
10.194390676994407,186,0,464,350,0,0,0,804,recovery,33
10.201303999287546,185,0,465,350,0,0,0,805,infection,83
10.21178319878722,185,0,464,351,0,0,0,805,recovery,813
10.221333611659702,184,0,465,351,0,0,0,806,infection,674
10.227281274848075,183,0,466,351,0,0,0,807,infection,726
10.23975162604229,182,0,467,351,0,0,0,808,infection,223
10.240170634460483,182,0,466,352,0,0,0,808,recovery,227
10.243210867285311,181,0,467,352,0,0,0,809,infection,92
10.258648451053688,180,0,468,352,0,0,0,810,infection,638
10.26315813984244,179,0,469,352,0,0,0,811,infection,294
10.26446638807272,178,0,470,352,0,0,0,812,infection,857
10.266653838187217,178,0,469,353,0,0,0,812,recovery,441
10.291171161391983,178,0,468,354,0,0,0,812,recovery,376
10.29339691547204,178,0,467,355,0,0,0,812,recovery,820
10.312989289855619,178,0,466,356,0,0,0,812,recovery,437
10.314127028557436,178,0,465,357,0,0,0,812,recovery,527
10.314418252975265,178,0,464,358,0,0,0,812,recovery,595
10.322259443612705,177,0,465,358,0,0,0,813,infection,107
10.325460250820758,176,0,466,358,0,0,0,814,infection,960
10.333836373719091,175,0,467,358,0,0,0,815,infection,14
10.353559300645347,174,0,468,358,0,0,0,816,infection,39
10.36086234398956,174,0,467,359,0,0,0,816,recovery,888
10.363843044077882,174,0,466,360,0,0,0,816,recovery,357
10.36791578426287,174,0,465,361,0,0,0,816,recovery,59
10.368828397393871,173,0,466,361,0,0,0,817,infection,311
10.373656536817128,173,0,465,362,0,0,0,817,recovery,223
10.382177406163185,172,0,466,362,0,0,0,818,infection,963
10.396410944860376,171,0,467,362,0,0,0,819,infection,61
10.408801131014524,171,0,466,363,0,0,0,819,recovery,597
10.41126537472187,171,0,465,364,0,0,0,819,recovery,332
10.42511728142154,170,0,466,364,0,0,0,820,infection,278
10.427695586714764,169,0,467,364,0,0,0,821,infection,113
10.432667114494802,168,0,468,364,0,0,0,822,infection,480
10.437090198814817,167,0,469,364,0,0,0,823,infection,673
10.440649563548682,167,0,468,365,0,0,0,823,recovery,857
10.440668645384928,167,0,467,366,0,0,0,823,recovery,922
10.442453404552765,167,0,466,367,0,0,0,823,recovery,349
10.442805466352429,166,0,467,367,0,0,0,824,infection,899
10.465242441303646,165,0,468,367,0,0,0,825,infection,883
10.46853281282507,165,0,467,368,0,0,0,825,recovery,446
10.484935055847819,164,0,468,368,0,0,0,826,infection,178
10.49205976704194,164,0,467,369,0,0,0,826,recovery,802
10.516373128620533,163,0,468,369,0,0,0,827,infection,751
10.520643701380944,163,0,467,370,0,0,0,827,recovery,243
10.540372631272255,163,0,466,371,0,0,0,827,recovery,954
10.541090809392191,162,0,467,371,0,0,0,828,infection,283
10.549393988957071,161,0,468,371,0,0,0,829,infection,201
10.555852014976587,161,0,467,372,0,0,0,829,recovery,13
10.560595722184681,161,0,466,373,0,0,0,829,recovery,480
10.568415252846593,160,0,467,373,0,0,0,830,infection,786
10.604429005654433,160,0,466,374,0,0,0,830,recovery,253
10.611524386914319,159,0,467,374,0,0,0,831,infection,884
10.613196034717893,159,0,466,375,0,0,0,831,recovery,953
10.625950475101076,159,0,465,376,0,0,0,831,recovery,65
10.629198375010942,159,0,464,377,0,0,0,831,recovery,354
10.673975971749694,159,0,463,378,0,0,0,831,recovery,991
10.675355216172905,158,0,464,378,0,0,0,832,infection,672
10.6832971915935,158,0,463,379,0,0,0,832,recovery,432
10.69469896834438,158,0,462,380,0,0,0,832,recovery,693
10.702235004102622,157,0,463,380,0,0,0,833,infection,730
10.713296055646849,156,0,464,380,0,0,0,834,infection,648
10.721856437063465,156,0,463,381,0,0,0,834,recovery,430
10.74960799987151,156,0,462,382,0,0,0,834,recovery,470
10.751918336474976,155,0,463,382,0,0,0,835,infection,284
10.761880445722953,154,0,464,382,0,0,0,836,infection,388
10.774124279940796,154,0,463,383,0,0,0,836,recovery,273
10.780686247506857,154,0,462,384,0,0,0,836,recovery,722
10.78070850608093,154,0,461,385,0,0,0,836,recovery,563
10.7985868304857,154,0,460,386,0,0,0,836,recovery,550
10.810333817516291,154,0,459,387,0,0,0,836,recovery,931
10.814245289257464,154,0,458,388,0,0,0,836,recovery,172
10.853921042268821,153,0,459,388,0,0,0,837,infection,721
10.872494792971054,153,0,458,389,0,0,0,837,recovery,696
10.875662720103104,152,0,459,389,0,0,0,838,infection,607
10.908363080967819,152,0,458,390,0,0,0,838,recovery,596
10.910451939673878,152,0,457,391,0,0,0,838,recovery,175
10.911167231802908,152,0,456,392,0,0,0,838,recovery,638
10.918791889074976,151,0,457,392,0,0,0,839,infection,918
10.94110795042808,150,0,458,392,0,0,0,840,infection,957
10.941861582378722,149,0,459,392,0,0,0,841,infection,302
10.942433118423274,149,0,458,393,0,0,0,841,recovery,284
10.951919832685302,148,0,459,393,0,0,0,842,infection,618
10.952346362314843,148,0,458,394,0,0,0,842,recovery,933
10.969888200865848,147,0,459,394,0,0,0,843,infection,551
10.98537348273232,147,0,458,395,0,0,0,843,recovery,943
10.992627800962545,146,0,459,395,0,0,0,844,infection,52
11.000365811790147,145,0,460,395,0,0,0,845,infection,475
11.004009252565838,144,0,461,395,0,0,0,846,infection,466
11.005766305552347,144,0,460,396,0,0,0,846,recovery,639
11.02343567112222,144,0,459,397,0,0,0,846,recovery,258
11.027142320283764,143,0,460,397,0,0,0,847,infection,231
11.03613392661261,143,0,459,398,0,0,0,847,recovery,625
11.04327515670204,143,0,458,399,0,0,0,847,recovery,910
11.054943781635698,142,0,459,399,0,0,0,848,infection,188
11.076598240128838,142,0,458,400,0,0,0,848,recovery,489
11.079683971919252,141,0,459,400,0,0,0,849,infection,609
11.081527738398202,141,0,458,401,0,0,0,849,recovery,860
11.087230949442041,141,0,457,402,0,0,0,849,recovery,257
11.089181764272364,141,0,456,403,0,0,0,849,recovery,464
11.10429680395261,141,0,455,404,0,0,0,849,recovery,401
11.109954564512101,140,0,456,404,0,0,0,850,infection,359
11.128870701029806,140,0,455,405,0,0,0,850,recovery,980
11.130269597037778,140,0,454,406,0,0,0,850,recovery,787
11.140280831907695,140,0,453,407,0,0,0,850,recovery,939
11.148357015484317,140,0,452,408,0,0,0,850,recovery,302
11.154725200245045,139,0,453,408,0,0,0,851,infection,53
11.163166015105773,138,0,454,408,0,0,0,852,infection,276
11.16428431067543,138,0,453,409,0,0,0,852,recovery,239
11.174339958181449,138,0,452,410,0,0,0,852,recovery,490
11.174453597200419,138,0,451,411,0,0,0,852,recovery,56
11.176979671109471,138,0,450,412,0,0,0,852,recovery,495
11.181144783530005,137,0,451,412,0,0,0,853,infection,841
11.185254093001157,137,0,450,413,0,0,0,853,recovery,664
11.186654980910959,137,0,449,414,0,0,0,853,recovery,549
11.202118183138388,136,0,450,414,0,0,0,854,infection,7
11.204969925843617,135,0,451,414,0,0,0,855,infection,608
11.208476851519313,134,0,452,414,0,0,0,856,infection,829
11.228250586198284,134,0,451,415,0,0,0,856,recovery,812
11.235567645936293,134,0,450,416,0,0,0,856,recovery,127
11.244021226680035,133,0,451,416,0,0,0,857,infection,477
11.263566520229437,133,0,450,417,0,0,0,857,recovery,281
11.28142088193325,132,0,451,417,0,0,0,858,infection,390
11.286892721945515,132,0,450,418,0,0,0,858,recovery,906
11.288937121837035,131,0,451,418,0,0,0,859,infection,54
11.292160600164824,130,0,452,418,0,0,0,860,infection,146
11.295213121907397,130,0,451,419,0,0,0,860,recovery,758
11.300039259107383,130,0,450,420,0,0,0,860,recovery,351
11.308529479877228,130,0,449,421,0,0,0,860,recovery,292
11.310533298613198,130,0,448,422,0,0,0,860,recovery,674
11.324046677837131,129,0,449,422,0,0,0,861,infection,434
11.330249364969196,129,0,448,423,0,0,0,861,recovery,467
11.330927530815893,129,0,447,424,0,0,0,861,recovery,217
11.34078890409998,129,0,446,425,0,0,0,861,recovery,988
11.345228472351351,128,0,447,425,0,0,0,862,infection,145
11.345472976736714,127,0,448,425,0,0,0,863,infection,399
11.35498727356241,127,0,447,426,0,0,0,863,recovery,703
11.355833353217616,127,0,446,427,0,0,0,863,recovery,588
11.37008337803729,127,0,445,428,0,0,0,863,recovery,285
11.373462857411036,127,0,444,429,0,0,0,863,recovery,992
11.39133058627109,127,0,443,430,0,0,0,863,recovery,957
11.398695182412151,127,0,442,431,0,0,0,863,recovery,215
11.398704190280569,126,0,443,431,0,0,0,864,infection,96
11.40728450289891,125,0,444,431,0,0,0,865,infection,797
11.412688374021453,125,0,443,432,0,0,0,865,recovery,825
11.418513211949936,125,0,442,433,0,0,0,865,recovery,940
11.440061108007454,125,0,441,434,0,0,0,865,recovery,435
11.440564709015884,125,0,440,435,0,0,0,865,recovery,88
11.45958375694468,124,0,441,435,0,0,0,866,infection,122
11.50184070444274,124,0,440,436,0,0,0,866,recovery,416
11.510035099064142,123,0,441,436,0,0,0,867,infection,779
11.513870337206022,123,0,440,437,0,0,0,867,recovery,369
11.51449605808608,122,0,441,437,0,0,0,868,infection,836
11.53202655968014,121,0,442,437,0,0,0,869,infection,22
11.53569198662061,121,0,441,438,0,0,0,869,recovery,22
11.544104541598326,121,0,440,439,0,0,0,869,recovery,19
11.544759115507327,121,0,439,440,0,0,0,869,recovery,951
11.546615323883703,120,0,440,440,0,0,0,870,infection,438
11.549032945231016,119,0,441,440,0,0,0,871,infection,50
11.54919258279675,119,0,440,441,0,0,0,871,recovery,486
11.552474771623475,118,0,441,441,0,0,0,872,infection,501
11.572217867213073,118,0,440,442,0,0,0,872,recovery,184
11.573578817518392,118,0,439,443,0,0,0,872,recovery,981
11.574521592789605,118,0,438,444,0,0,0,872,recovery,827
11.576799927105116,117,0,439,444,0,0,0,873,infection,140
11.589666351472845,117,0,438,445,0,0,0,873,recovery,576
11.600222499350528,116,0,439,445,0,0,0,874,infection,327
11.60693678850351,116,0,438,446,0,0,0,874,recovery,598
11.615258057277385,116,0,437,447,0,0,0,874,recovery,636
11.631441649755445,116,0,436,448,0,0,0,874,recovery,782
11.636669729465648,116,0,435,449,0,0,0,874,recovery,388
11.636875199934249,116,0,434,450,0,0,0,874,recovery,525
11.642890488482633,115,0,435,450,0,0,0,875,infection,195
11.650592758466729,115,0,434,451,0,0,0,875,recovery,248
11.659020333900077,114,0,435,451,0,0,0,876,infection,757
11.66909987940601,114,0,434,452,0,0,0,876,recovery,794
11.671330973639286,114,0,433,453,0,0,0,876,recovery,687
11.672529590285116,114,0,432,454,0,0,0,876,recovery,348
11.686947379307359,113,0,433,454,0,0,0,877,infection,929
11.693858703236767,112,0,434,454,0,0,0,878,infection,316
11.696301822465335,112,0,433,455,0,0,0,878,recovery,412
11.700244195843947,112,0,432,456,0,0,0,878,recovery,9
11.709794640313552,111,0,433,456,0,0,0,879,infection,830
11.712035452973556,111,0,432,457,0,0,0,879,recovery,306
11.719169542400316,111,0,431,458,0,0,0,879,recovery,547
11.728743729555791,111,0,430,459,0,0,0,879,recovery,483
11.740574411757587,110,0,431,459,0,0,0,880,infection,928
11.741837740756306,110,0,430,460,0,0,0,880,recovery,574
11.744426754445861,110,0,429,461,0,0,0,880,recovery,634
11.782830952557577,109,0,430,461,0,0,0,881,infection,539
11.79080610668896,108,0,431,461,0,0,0,882,infection,659
11.793844728314662,108,0,430,462,0,0,0,882,recovery,54
11.826868070615216,108,0,429,463,0,0,0,882,recovery,118
11.846304751424444,108,0,428,464,0,0,0,882,recovery,607
11.862830735722996,108,0,427,465,0,0,0,882,recovery,97
11.864298387290994,108,0,426,466,0,0,0,882,recovery,287
11.88954846787004,108,0,425,467,0,0,0,882,recovery,537
11.892254595768595,108,0,424,468,0,0,0,882,recovery,831
11.896688743181585,108,0,423,469,0,0,0,882,recovery,420
11.90957534057997,108,0,422,470,0,0,0,882,recovery,434
11.932044486071801,107,0,423,470,0,0,0,883,infection,331
11.935678244145585,106,0,424,470,0,0,0,884,infection,421
11.974275985492028,106,0,423,471,0,0,0,884,recovery,731
11.97802363912276,106,0,422,472,0,0,0,884,recovery,279
11.983639640264252,105,0,423,472,0,0,0,885,infection,472
11.99164788908551,105,0,422,473,0,0,0,885,recovery,120
11.996452713929942,104,0,423,473,0,0,0,886,infection,507
12.007119682322221,104,0,422,474,0,0,0,886,recovery,360
12.008216604529409,104,0,421,475,0,0,0,886,recovery,530
12.009372154699767,104,0,420,476,0,0,0,886,recovery,195
12.020031146976526,104,0,419,477,0,0,0,886,recovery,622
12.027242093825912,104,0,418,478,0,0,0,886,recovery,73
12.039173270231057,104,0,417,479,0,0,0,886,recovery,967
12.048399594934823,103,0,418,479,0,0,0,887,infection,554
12.065029685101477,102,0,419,479,0,0,0,888,infection,631
12.066580817109323,102,0,418,480,0,0,0,888,recovery,178
12.067607377055122,101,0,419,480,0,0,0,889,infection,3
12.067749296121583,101,0,418,481,0,0,0,889,recovery,26
12.073179174550807,101,0,417,482,0,0,0,889,recovery,439
12.074104494287324,101,0,416,483,0,0,0,889,recovery,780
12.074802034503685,100,0,417,483,0,0,0,890,infection,449
12.082367567621716,100,0,416,484,0,0,0,890,recovery,751
12.082763898517905,99,0,417,484,0,0,0,891,infection,593
12.082917845682,98,0,418,484,0,0,0,892,infection,669
12.087197452417886,98,0,417,485,0,0,0,892,recovery,221
12.097321896802448,98,0,416,486,0,0,0,892,recovery,188
12.10393602708243,98,0,415,487,0,0,0,892,recovery,24
12.11249491636767,97,0,416,487,0,0,0,893,infection,772
12.118002935574452,96,0,417,487,0,0,0,894,infection,546
12.13555771278996,96,0,416,488,0,0,0,894,recovery,788
12.144903965763282,95,0,417,488,0,0,0,895,infection,589
12.150102505282053,94,0,418,488,0,0,0,896,infection,339
12.153018909557094,94,0,417,489,0,0,0,896,recovery,296
12.156227576246716,94,0,416,490,0,0,0,896,recovery,129
12.156937316810177,93,0,417,490,0,0,0,897,infection,808
12.181029026433025,92,0,418,490,0,0,0,898,infection,855
12.189499832939436,92,0,417,491,0,0,0,898,recovery,679
12.208854055424958,92,0,416,492,0,0,0,898,recovery,132
12.212811493491222,91,0,417,492,0,0,0,899,infection,101
12.256877965468142,91,0,416,493,0,0,0,899,recovery,580
12.266340846989554,91,0,415,494,0,0,0,899,recovery,442
12.269972914614305,90,0,416,494,0,0,0,900,infection,740
12.275652341827502,90,0,415,495,0,0,0,900,recovery,294
12.288903983606485,90,0,414,496,0,0,0,900,recovery,229
12.291293311460636,90,0,413,497,0,0,0,900,recovery,390
12.292291899186473,90,0,412,498,0,0,0,900,recovery,99
12.29657818592779,90,0,411,499,0,0,0,900,recovery,328
12.302384383703897,90,0,410,500,0,0,0,900,recovery,276
12.30626678341583,90,0,409,501,0,0,0,900,recovery,789
12.31304742345803,90,0,408,502,0,0,0,900,recovery,642
12.319274333142422,90,0,407,503,0,0,0,900,recovery,673
12.330085569131818,90,0,406,504,0,0,0,900,recovery,904
12.344576240617304,89,0,407,504,0,0,0,901,infection,578
12.346840317351386,89,0,406,505,0,0,0,901,recovery,151
12.34921907407009,88,0,407,505,0,0,0,902,infection,256
12.349830248417152,88,0,406,506,0,0,0,902,recovery,123
12.35323042005324,88,0,405,507,0,0,0,902,recovery,241
12.371121258403626,87,0,406,507,0,0,0,903,infection,85
12.390500606882084,86,0,407,507,0,0,0,904,infection,28
12.399199513592528,86,0,406,508,0,0,0,904,recovery,603
12.402716835713958,86,0,405,509,0,0,0,904,recovery,852
12.40913155736946,86,0,404,510,0,0,0,904,recovery,602
12.421047442863587,86,0,403,511,0,0,0,904,recovery,651
12.443001212370639,86,0,402,512,0,0,0,904,recovery,796
12.443893231681777,86,0,401,513,0,0,0,904,recovery,924
12.446681106516639,86,0,400,514,0,0,0,904,recovery,313
12.494642698088372,86,0,399,515,0,0,0,904,recovery,12
12.504070389963179,86,0,398,516,0,0,0,904,recovery,147
12.5087661280309,86,0,397,517,0,0,0,904,recovery,589
12.522045915527983,86,0,396,518,0,0,0,904,recovery,236
12.5336995689376,85,0,397,518,0,0,0,905,infection,665
12.536410673704012,84,0,398,518,0,0,0,906,infection,10
12.568854926458611,83,0,399,518,0,0,0,907,infection,913
12.588436330165438,83,0,398,519,0,0,0,907,recovery,752
12.598447155937235,82,0,399,519,0,0,0,908,infection,110
12.603864919882142,82,0,398,520,0,0,0,908,recovery,850
12.636165430573854,82,0,397,521,0,0,0,908,recovery,145
12.659073621250675,81,0,398,521,0,0,0,909,infection,983
12.661053873284878,81,0,397,522,0,0,0,909,recovery,660
12.6820337346611,81,0,396,523,0,0,0,909,recovery,72
12.68998206241787,80,0,397,523,0,0,0,910,infection,571
12.696408131363723,80,0,396,524,0,0,0,910,recovery,628
12.73058340306283,80,0,395,525,0,0,0,910,recovery,732
12.747295228609271,79,0,396,525,0,0,0,911,infection,309
12.757309340561012,79,0,395,526,0,0,0,911,recovery,977
12.76215805718289,79,0,394,527,0,0,0,911,recovery,445
12.797101150773468,79,0,393,528,0,0,0,911,recovery,183
12.823549157241995,79,0,392,529,0,0,0,911,recovery,377
12.844529810679234,79,0,391,530,0,0,0,911,recovery,960
12.84748928073208,79,0,390,531,0,0,0,911,recovery,87
12.856056495381013,78,0,391,531,0,0,0,912,infection,262
12.87221121802849,78,0,390,532,0,0,0,912,recovery,176
12.875684774477794,77,0,391,532,0,0,0,913,infection,698
12.878312080748849,77,0,390,533,0,0,0,913,recovery,487
12.892398343992014,77,0,389,534,0,0,0,913,recovery,444
12.925341418933028,77,0,388,535,0,0,0,913,recovery,208
12.92736440837704,77,0,387,536,0,0,0,913,recovery,327
12.929513425729134,76,0,388,536,0,0,0,914,infection,961
12.93125047767587,76,0,387,537,0,0,0,914,recovery,114
12.936500915915875,76,0,386,538,0,0,0,914,recovery,885
12.940903151707996,75,0,387,538,0,0,0,915,infection,310
12.941693718281918,75,0,386,539,0,0,0,915,recovery,350
12.946858557142015,75,0,385,540,0,0,0,915,recovery,325
12.951818688346,75,0,384,541,0,0,0,915,recovery,855
12.975129680611875,74,0,385,541,0,0,0,916,infection,606
12.990109960623206,74,0,384,542,0,0,0,916,recovery,201
12.996114241959273,74,0,383,543,0,0,0,916,recovery,844
13.003037690301161,73,0,384,543,0,0,0,917,infection,952
13.030394484712918,73,0,383,544,0,0,0,917,recovery,515
13.03574625722026,73,0,382,545,0,0,0,917,recovery,605
13.057854251597835,73,0,381,546,0,0,0,917,recovery,881
13.066866351234474,73,0,380,547,0,0,0,917,recovery,316
13.073690416092642,73,0,379,548,0,0,0,917,recovery,768
13.106491617826851,73,0,378,549,0,0,0,917,recovery,16
13.178526554316457,73,0,377,550,0,0,0,917,recovery,134
13.180858843019308,73,0,376,551,0,0,0,917,recovery,233
13.19489037408735,73,0,375,552,0,0,0,917,recovery,937
13.204157643310054,73,0,374,553,0,0,0,917,recovery,851
13.230089333014806,73,0,373,554,0,0,0,917,recovery,164
13.259823238582456,72,0,374,554,0,0,0,918,infection,561
13.269159742135493,71,0,375,554,0,0,0,919,infection,371
13.285125967976345,71,0,374,555,0,0,0,919,recovery,60
13.334747231732766,71,0,373,556,0,0,0,919,recovery,543
13.366425577271283,71,0,372,557,0,0,0,919,recovery,685
13.367733875582008,71,0,371,558,0,0,0,919,recovery,778
13.369903501253692,71,0,370,559,0,0,0,919,recovery,21
13.370994886321695,71,0,369,560,0,0,0,919,recovery,998
13.397593211047877,71,0,368,561,0,0,0,919,recovery,216
13.406880201187173,71,0,367,562,0,0,0,919,recovery,973
13.411028790449137,71,0,366,563,0,0,0,919,recovery,868
13.46814370652403,70,0,367,563,0,0,0,920,infection,822
13.485352463571395,70,0,366,564,0,0,0,920,recovery,556
13.551594863585109,70,0,365,565,0,0,0,920,recovery,533
13.555944431767344,70,0,364,566,0,0,0,920,recovery,143
13.559364196460773,70,0,363,567,0,0,0,920,recovery,646
13.590822550317778,69,0,364,567,0,0,0,921,infection,469
13.59826546307248,68,0,365,567,0,0,0,922,infection,263
13.600730659886777,68,0,364,568,0,0,0,922,recovery,766
13.602000420997241,67,0,365,568,0,0,0,923,infection,950
13.603568869331593,67,0,364,569,0,0,0,923,recovery,246
13.611692589015938,67,0,363,570,0,0,0,923,recovery,987
13.630479532944193,67,0,362,571,0,0,0,923,recovery,783
13.636504725308226,66,0,363,571,0,0,0,924,infection,738
13.63843450130954,66,0,362,572,0,0,0,924,recovery,649
13.638957705253516,65,0,363,572,0,0,0,925,infection,387
13.658169539072562,65,0,362,573,0,0,0,925,recovery,975
13.658320741409474,64,0,363,573,0,0,0,926,infection,77
13.681014649361146,64,0,362,574,0,0,0,926,recovery,681
13.718766013049107,64,0,361,575,0,0,0,926,recovery,343
13.729751545104666,64,0,360,576,0,0,0,926,recovery,565
13.734204344568028,64,0,359,577,0,0,0,926,recovery,790
13.750787206287907,64,0,358,578,0,0,0,926,recovery,136
13.756765071663438,63,0,359,578,0,0,0,927,infection,717
13.759012457443724,62,0,360,578,0,0,0,928,infection,566
13.76460281323723,62,0,359,579,0,0,0,928,recovery,52
13.771073610737034,62,0,358,580,0,0,0,928,recovery,408
13.773160572819986,61,0,359,580,0,0,0,929,infection,261
13.794695882108632,60,0,360,580,0,0,0,930,infection,810
13.81827939127568,60,0,359,581,0,0,0,930,recovery,190
13.827207636215379,60,0,358,582,0,0,0,930,recovery,339
13.852853687268684,59,0,359,582,0,0,0,931,infection,126
13.876558915626655,59,0,358,583,0,0,0,931,recovery,448
13.89857681002147,59,0,357,584,0,0,0,931,recovery,853
13.903494502262866,59,0,356,585,0,0,0,931,recovery,655
13.903887711685103,59,0,355,586,0,0,0,931,recovery,203
13.907524874923988,59,0,354,587,0,0,0,931,recovery,822
13.908851277871143,59,0,353,588,0,0,0,931,recovery,875
13.924453890922539,58,0,354,588,0,0,0,932,infection,962
13.929077926497088,58,0,353,589,0,0,0,932,recovery,905
13.930780813780755,58,0,352,590,0,0,0,932,recovery,330
13.949811954058013,58,0,351,591,0,0,0,932,recovery,42
13.970135969901973,57,0,352,591,0,0,0,933,infection,513
13.984129837552503,56,0,353,591,0,0,0,934,infection,35
14.001668408511312,55,0,354,591,0,0,0,935,infection,484
14.014659401190858,55,0,353,592,0,0,0,935,recovery,311
14.01827345514728,55,0,352,593,0,0,0,935,recovery,983
14.02544011602766,55,0,351,594,0,0,0,935,recovery,95
14.046810852692058,54,0,352,594,0,0,0,936,infection,82
14.062210846483786,54,0,351,595,0,0,0,936,recovery,38
14.066806559305707,54,0,350,596,0,0,0,936,recovery,720
14.07370335615495,53,0,351,596,0,0,0,937,infection,106
14.104474747888045,52,0,352,596,0,0,0,938,infection,506
14.105800560880875,52,0,351,597,0,0,0,938,recovery,4
14.122514372374557,51,0,352,597,0,0,0,939,infection,102
14.154705759117238,51,0,351,598,0,0,0,939,recovery,159
14.156874154131428,51,0,350,599,0,0,0,939,recovery,740
14.17280449833432,50,0,351,599,0,0,0,940,infection,915
14.19071181396689,49,0,352,599,0,0,0,941,infection,621
14.194146412554915,49,0,351,600,0,0,0,941,recovery,270
14.198085952647983,49,0,350,601,0,0,0,941,recovery,63
14.201176968668012,49,0,349,602,0,0,0,941,recovery,874
14.208237317438044,49,0,348,603,0,0,0,941,recovery,637
14.23087743061295,49,0,347,604,0,0,0,941,recovery,873
14.243230924462713,48,0,348,604,0,0,0,942,infection,716
14.258752592002036,48,0,347,605,0,0,0,942,recovery,698
14.280656371382285,48,0,346,606,0,0,0,942,recovery,242
14.295485296068106,47,0,347,606,0,0,0,943,infection,979
14.30757580941754,47,0,346,607,0,0,0,943,recovery,779
14.317039271002052,46,0,347,607,0,0,0,944,infection,791
14.327991888226803,46,0,346,608,0,0,0,944,recovery,544
14.348782391384757,45,0,347,608,0,0,0,945,infection,89
14.356549071308393,45,0,346,609,0,0,0,945,recovery,83
14.365128059468214,45,0,345,610,0,0,0,945,recovery,810
14.377808704696491,45,0,344,611,0,0,0,945,recovery,69
14.385809079628933,45,0,343,612,0,0,0,945,recovery,472
14.415345939135218,45,0,342,613,0,0,0,945,recovery,187
14.448212785484689,45,0,341,614,0,0,0,945,recovery,374
14.461035200460026,45,0,340,615,0,0,0,945,recovery,581
14.478797371066875,44,0,341,615,0,0,0,946,infection,496
14.4837937399091,44,0,340,616,0,0,0,946,recovery,396
14.502373098510663,44,0,339,617,0,0,0,946,recovery,70
14.517249091219387,44,0,338,618,0,0,0,946,recovery,395
14.519137052030134,43,0,339,618,0,0,0,947,infection,748
14.530792992320254,43,0,338,619,0,0,0,947,recovery,934
14.541358513960873,43,0,337,620,0,0,0,947,recovery,122
14.555600523630451,43,0,336,621,0,0,0,947,recovery,506
14.563402030852028,43,0,335,622,0,0,0,947,recovery,776
14.583733780310627,43,0,334,623,0,0,0,947,recovery,466
14.587623159792155,43,0,333,624,0,0,0,947,recovery,168
14.594489947021652,42,0,334,624,0,0,0,948,infection,545
14.613702115216942,42,0,333,625,0,0,0,948,recovery,356
14.615179838561403,42,0,332,626,0,0,0,948,recovery,516
14.644440943983422,42,0,331,627,0,0,0,948,recovery,945
14.649768210267311,42,0,330,628,0,0,0,948,recovery,738
14.668912590783162,42,0,329,629,0,0,0,948,recovery,560
14.669551080727466,42,0,328,630,0,0,0,948,recovery,135
14.719921750049174,41,0,329,630,0,0,0,949,infection,367
14.736227804720382,41,0,328,631,0,0,0,949,recovery,476
14.73948759849059,41,0,327,632,0,0,0,949,recovery,17
14.740960683535333,40,0,328,632,0,0,0,950,infection,305
14.757634243108363,40,0,327,633,0,0,0,950,recovery,713
14.787063243511145,39,0,328,633,0,0,0,951,infection,611
14.797494982974914,39,0,327,634,0,0,0,951,recovery,841
14.80098157528285,39,0,326,635,0,0,0,951,recovery,68
14.803179033121415,39,0,325,636,0,0,0,951,recovery,961
14.80420062524334,39,0,324,637,0,0,0,951,recovery,67
14.844125728449429,39,0,323,638,0,0,0,951,recovery,784
14.867635532679614,39,0,322,639,0,0,0,951,recovery,131
14.898874556428666,39,0,321,640,0,0,0,951,recovery,644
14.906542334254231,39,0,320,641,0,0,0,951,recovery,781
14.932262270587678,39,0,319,642,0,0,0,951,recovery,156
14.944422704469115,39,0,318,643,0,0,0,951,recovery,64
14.98730974793019,39,0,317,644,0,0,0,951,recovery,400
14.992272563675026,39,0,316,645,0,0,0,951,recovery,672
14.993020860378497,38,0,317,645,0,0,0,952,infection,128
15.002121138291358,38,0,316,646,0,0,0,952,recovery,658
15.023876686999865,38,0,315,647,0,0,0,952,recovery,1000
15.085686673461495,38,0,314,648,0,0,0,952,recovery,748
15.0932746548404,38,0,313,649,0,0,0,952,recovery,375
15.095440791300748,38,0,312,650,0,0,0,952,recovery,214
15.14547044632225,38,0,311,651,0,0,0,952,recovery,298
15.149151523842713,38,0,310,652,0,0,0,952,recovery,98
15.212577151499149,38,0,309,653,0,0,0,952,recovery,925
15.219922305268957,38,0,308,654,0,0,0,952,recovery,805
15.318021393962516,38,0,307,655,0,0,0,952,recovery,884
15.340656892118082,38,0,306,656,0,0,0,952,recovery,474
15.3697229752783,37,0,307,656,0,0,0,953,infection,75
15.388627285835694,37,0,306,657,0,0,0,953,recovery,331
15.407856086287593,37,0,305,658,0,0,0,953,recovery,566
15.435782752808336,37,0,304,659,0,0,0,953,recovery,504
15.45684564171984,37,0,303,660,0,0,0,953,recovery,193
15.476400767895198,37,0,302,661,0,0,0,953,recovery,282
15.478336463323188,37,0,301,662,0,0,0,953,recovery,551
15.516839507849864,37,0,300,663,0,0,0,953,recovery,921
15.51790424408269,37,0,299,664,0,0,0,953,recovery,43
15.580513701933349,37,0,298,665,0,0,0,953,recovery,359
15.592604719670986,37,0,297,666,0,0,0,953,recovery,484
15.607089169684892,37,0,296,667,0,0,0,953,recovery,462
15.640437055884561,37,0,295,668,0,0,0,953,recovery,53
15.671075238816435,37,0,294,669,0,0,0,953,recovery,126
15.69099599698992,37,0,293,670,0,0,0,953,recovery,14
15.736574200582893,37,0,292,671,0,0,0,953,recovery,861
15.741771993384774,36,0,293,671,0,0,0,954,infection,846
15.758126234681745,36,0,292,672,0,0,0,954,recovery,496
15.766600631960978,35,0,293,672,0,0,0,955,infection,500
15.814384032143423,35,0,292,673,0,0,0,955,recovery,326
15.894324787856103,35,0,291,674,0,0,0,955,recovery,721
15.895051781951938,35,0,290,675,0,0,0,955,recovery,399
15.920586546439603,35,0,289,676,0,0,0,955,recovery,606
15.991748159908619,35,0,288,677,0,0,0,955,recovery,28
16.045733448340787,35,0,287,678,0,0,0,955,recovery,218
16.059922011852127,35,0,286,679,0,0,0,955,recovery,299
16.12480982736902,35,0,285,680,0,0,0,955,recovery,477
16.171377620191567,35,0,284,681,0,0,0,955,recovery,736
16.19291730119791,34,0,285,681,0,0,0,956,infection,394
16.200841465909196,33,0,286,681,0,0,0,957,infection,737
16.23838633069013,32,0,287,681,0,0,0,958,infection,932
16.301752222976006,31,0,288,681,0,0,0,959,infection,710
16.302782883051115,31,0,287,682,0,0,0,959,recovery,682
16.3132494103341,31,0,286,683,0,0,0,959,recovery,849
16.314595798947373,31,0,285,684,0,0,0,959,recovery,695
16.31985230275123,31,0,284,685,0,0,0,959,recovery,58
16.322121878699175,31,0,283,686,0,0,0,959,recovery,593
16.376500780672373,31,0,282,687,0,0,0,959,recovery,275
16.399202901076723,31,0,281,688,0,0,0,959,recovery,501
16.41333849005957,30,0,282,688,0,0,0,960,infection,834
16.42535452332158,30,0,281,689,0,0,0,960,recovery,886
16.429245388644393,30,0,280,690,0,0,0,960,recovery,915
16.455319744649053,30,0,279,691,0,0,0,960,recovery,691
16.46494615390204,29,0,280,691,0,0,0,961,infection,927
16.47316301904488,28,0,281,691,0,0,0,962,infection,18
16.49520149288542,27,0,282,691,0,0,0,963,infection,8
16.49918446358419,27,0,281,692,0,0,0,963,recovery,61
16.52207989365549,27,0,280,693,0,0,0,963,recovery,828
16.543761760394077,27,0,279,694,0,0,0,963,recovery,106
16.544046468329896,27,0,278,695,0,0,0,963,recovery,723
16.549309785474016,27,0,277,696,0,0,0,963,recovery,791
16.55011987386979,27,0,276,697,0,0,0,963,recovery,624
16.561324512135354,27,0,275,698,0,0,0,963,recovery,829
16.58724991194688,27,0,274,699,0,0,0,963,recovery,378
16.59218192542458,27,0,273,700,0,0,0,963,recovery,247
16.59468319743415,27,0,272,701,0,0,0,963,recovery,929
16.64177553377253,27,0,271,702,0,0,0,963,recovery,717
16.646053344693645,27,0,270,703,0,0,0,963,recovery,686
16.735234920831974,26,0,271,703,0,0,0,964,infection,876
16.74420409691529,26,0,270,704,0,0,0,964,recovery,757
16.780975985612223,26,0,269,705,0,0,0,964,recovery,479
16.78869045333195,26,0,268,706,0,0,0,964,recovery,938
16.800694363296728,25,0,269,706,0,0,0,965,infection,117
16.805355574743295,25,0,268,707,0,0,0,965,recovery,729
16.80986334858711,25,0,267,708,0,0,0,965,recovery,909
16.81545218802392,25,0,266,709,0,0,0,965,recovery,947
16.82959008743642,25,0,265,710,0,0,0,965,recovery,406
16.851593440714225,25,0,264,711,0,0,0,965,recovery,536
16.894709015427797,25,0,263,712,0,0,0,965,recovery,571
16.908242424682605,24,0,264,712,0,0,0,966,infection,627
16.915503030519083,24,0,263,713,0,0,0,966,recovery,529
16.927270551706172,24,0,262,714,0,0,0,966,recovery,438
16.985530654355017,24,0,261,715,0,0,0,966,recovery,749
16.993334041665015,24,0,260,716,0,0,0,966,recovery,110
17.01216820696851,23,0,261,716,0,0,0,967,infection,541
17.02010981388203,23,0,260,717,0,0,0,967,recovery,260
17.079958701605037,23,0,259,718,0,0,0,967,recovery,594
17.094140953636753,23,0,258,719,0,0,0,967,recovery,837
17.140133716100454,23,0,257,720,0,0,0,967,recovery,261
17.14733360927095,23,0,256,721,0,0,0,967,recovery,40
17.165239118525108,22,0,257,721,0,0,0,968,infection,161
17.16718589131455,22,0,256,722,0,0,0,968,recovery,371
17.22484730528778,22,0,255,723,0,0,0,968,recovery,27
17.240999050721317,22,0,254,724,0,0,0,968,recovery,82
17.280535080511306,22,0,253,725,0,0,0,968,recovery,559
17.283964111658406,21,0,254,725,0,0,0,969,infection,234
17.293297723195366,21,0,253,726,0,0,0,969,recovery,35
17.341410706760566,21,0,252,727,0,0,0,969,recovery,318
17.351565050828743,21,0,251,728,0,0,0,969,recovery,838
17.367464034013363,21,0,250,729,0,0,0,969,recovery,656
17.38637065116697,21,0,249,730,0,0,0,969,recovery,309
17.408528524197088,21,0,248,731,0,0,0,969,recovery,278
17.415882127225032,21,0,247,732,0,0,0,969,recovery,161
17.418853699977134,21,0,246,733,0,0,0,969,recovery,492
17.451742043719612,21,0,245,734,0,0,0,969,recovery,524
17.475925588921257,21,0,244,735,0,0,0,969,recovery,81
17.488050996976526,21,0,243,736,0,0,0,969,recovery,583
17.516214258068693,21,0,242,737,0,0,0,969,recovery,337
17.52579719452759,21,0,241,738,0,0,0,969,recovery,140
17.545482485766065,21,0,240,739,0,0,0,969,recovery,604
17.58456521664446,21,0,239,740,0,0,0,969,recovery,669
17.585837403060456,21,0,238,741,0,0,0,969,recovery,234
17.593364087296724,21,0,237,742,0,0,0,969,recovery,946
17.598821543412093,21,0,236,743,0,0,0,969,recovery,739
17.611197304995194,21,0,235,744,0,0,0,969,recovery,142
17.643425686951694,21,0,234,745,0,0,0,969,recovery,668
17.68548693726336,21,0,233,746,0,0,0,969,recovery,180
17.705710329971815,21,0,232,747,0,0,0,969,recovery,918
17.720180439777987,21,0,231,748,0,0,0,969,recovery,303
17.72568298662724,21,0,230,749,0,0,0,969,recovery,469
17.726211311585566,21,0,229,750,0,0,0,969,recovery,830
17.729398391444015,21,0,228,751,0,0,0,969,recovery,46
17.788428558376502,21,0,227,752,0,0,0,969,recovery,150
17.794576631995405,21,0,226,753,0,0,0,969,recovery,394
17.82079538644829,21,0,225,754,0,0,0,969,recovery,716
17.824075363278066,21,0,224,755,0,0,0,969,recovery,786
17.824197865043388,20,0,225,755,0,0,0,970,infection,804
17.849786802173476,20,0,224,756,0,0,0,970,recovery,29
17.92822313501261,20,0,223,757,0,0,0,970,recovery,317
17.93141215811177,20,0,222,758,0,0,0,970,recovery,424
17.946700244204393,20,0,221,759,0,0,0,970,recovery,705
17.959312296738446,20,0,220,760,0,0,0,970,recovery,449
17.967083461942497,20,0,219,761,0,0,0,970,recovery,876
17.991963902791838,20,0,218,762,0,0,0,970,recovery,171
17.99400573387115,20,0,217,763,0,0,0,970,recovery,78
18.019152454577238,20,0,216,764,0,0,0,970,recovery,889
18.04327293762157,20,0,215,765,0,0,0,970,recovery,48
18.14049269091039,19,0,216,765,0,0,0,971,infection,795
18.181269967086948,19,0,215,766,0,0,0,971,recovery,499
18.200994156299856,18,0,216,766,0,0,0,972,infection,702
18.211748204767083,18,0,215,767,0,0,0,972,recovery,585
18.21406378294236,18,0,214,768,0,0,0,972,recovery,814
18.219356227050625,18,0,213,769,0,0,0,972,recovery,104
18.276622856162486,18,0,212,770,0,0,0,972,recovery,113
18.311241053839435,18,0,211,771,0,0,0,972,recovery,928
18.325749077269535,18,0,210,772,0,0,0,972,recovery,662
18.336706305368192,18,0,209,773,0,0,0,972,recovery,109
18.346852117953436,18,0,208,774,0,0,0,972,recovery,512
18.35573225299682,18,0,207,775,0,0,0,972,recovery,422
18.369149529678054,18,0,206,776,0,0,0,972,recovery,344
18.433261051649882,18,0,205,777,0,0,0,972,recovery,627
18.459480803921952,18,0,204,778,0,0,0,972,recovery,421
18.498120786134418,18,0,203,779,0,0,0,972,recovery,488
18.56807648356591,18,0,202,780,0,0,0,972,recovery,923
18.599341350148496,18,0,201,781,0,0,0,972,recovery,609
18.672129762446833,18,0,200,782,0,0,0,972,recovery,75
18.687816893823413,18,0,199,783,0,0,0,972,recovery,623
18.69581086962132,18,0,198,784,0,0,0,972,recovery,189
18.70177648603778,18,0,197,785,0,0,0,972,recovery,913
18.706858163274575,18,0,196,786,0,0,0,972,recovery,335
18.747420512647064,18,0,195,787,0,0,0,972,recovery,1
18.76329787427234,18,0,194,788,0,0,0,972,recovery,546
18.79423279389044,18,0,193,789,0,0,0,972,recovery,362
18.806947602165614,18,0,192,790,0,0,0,972,recovery,319
18.86983474910499,18,0,191,791,0,0,0,972,recovery,578
18.916259008360846,18,0,190,792,0,0,0,972,recovery,582
18.930585016731364,18,0,189,793,0,0,0,972,recovery,612
18.933900112323666,18,0,188,794,0,0,0,972,recovery,797
18.984988849338965,18,0,187,795,0,0,0,972,recovery,352
18.989530856723814,18,0,186,796,0,0,0,972,recovery,111
19.10838196549811,18,0,185,797,0,0,0,972,recovery,772
19.12792724906859,18,0,184,798,0,0,0,972,recovery,726
19.133305157258327,18,0,183,799,0,0,0,972,recovery,619
19.149268562307725,18,0,182,800,0,0,0,972,recovery,117
19.204784576651996,18,0,181,801,0,0,0,972,recovery,305
19.278836381140593,18,0,180,802,0,0,0,972,recovery,224
19.32360828427703,18,0,179,803,0,0,0,972,recovery,96
19.33687152240509,18,0,178,804,0,0,0,972,recovery,341
19.343205668809468,18,0,177,805,0,0,0,972,recovery,92
19.410092764625,18,0,176,806,0,0,0,972,recovery,256
19.42964217297006,18,0,175,807,0,0,0,972,recovery,152
19.435557592872062,18,0,174,808,0,0,0,972,recovery,792
19.481564820584985,18,0,173,809,0,0,0,972,recovery,652
19.487177613074927,18,0,172,810,0,0,0,972,recovery,584
19.516396831243135,18,0,171,811,0,0,0,972,recovery,747
19.525457780542894,18,0,170,812,0,0,0,972,recovery,36
19.719649871094227,18,0,169,813,0,0,0,972,recovery,870
19.77836869612171,18,0,168,814,0,0,0,972,recovery,456
19.812966950556365,18,0,167,815,0,0,0,972,recovery,473
19.862637422570167,18,0,166,816,0,0,0,972,recovery,883
19.883042701840985,18,0,165,817,0,0,0,972,recovery,862
19.903693295928772,18,0,164,818,0,0,0,972,recovery,896
19.907542818688786,18,0,163,819,0,0,0,972,recovery,746
19.928206747877038,18,0,162,820,0,0,0,972,recovery,962
19.97462356344089,18,0,161,821,0,0,0,972,recovery,846
19.97792138088692,17,0,162,821,0,0,0,973,infection,237
20.01047827667675,17,0,161,822,0,0,0,973,recovery,737
20.024938257092938,17,0,160,823,0,0,0,973,recovery,212
20.04854123711,17,0,159,824,0,0,0,973,recovery,684
20.068439744955796,17,0,158,825,0,0,0,973,recovery,266
20.19200738485548,17,0,157,826,0,0,0,973,recovery,342
20.244127160256525,17,0,156,827,0,0,0,973,recovery,866
20.25444516500018,17,0,155,828,0,0,0,973,recovery,970
20.29287163693561,17,0,154,829,0,0,0,973,recovery,979
20.29725170590943,17,0,153,830,0,0,0,973,recovery,920
20.343473321060753,17,0,152,831,0,0,0,973,recovery,548
20.347736822875298,17,0,151,832,0,0,0,973,recovery,2
20.3694919998789,16,0,152,832,0,0,0,974,infection,654
20.385449348076083,16,0,151,833,0,0,0,974,recovery,798
20.47601631873961,16,0,150,834,0,0,0,974,recovery,675
20.496640183359183,16,0,149,835,0,0,0,974,recovery,497
20.502721196657827,16,0,148,836,0,0,0,974,recovery,708
20.50767191177519,16,0,147,837,0,0,0,974,recovery,283
20.69284982863087,16,0,146,838,0,0,0,974,recovery,509
20.838721302780677,16,0,145,839,0,0,0,974,recovery,554
20.89525038898815,16,0,144,840,0,0,0,974,recovery,676
20.899516831347547,16,0,143,841,0,0,0,974,recovery,101
20.909486153091372,16,0,142,842,0,0,0,974,recovery,526
20.917212360089046,15,0,143,842,0,0,0,975,infection,428
20.955054000068763,15,0,142,843,0,0,0,975,recovery,561
21.067931591113457,15,0,141,844,0,0,0,975,recovery,334
21.114546530946487,15,0,140,845,0,0,0,975,recovery,542
21.277152528611257,15,0,139,846,0,0,0,975,recovery,320
21.29369926345007,15,0,138,847,0,0,0,975,recovery,808
21.32775703152283,15,0,137,848,0,0,0,975,recovery,507
21.388925438739328,15,0,136,849,0,0,0,975,recovery,128
21.45433125314856,15,0,135,850,0,0,0,975,recovery,836
21.460733242884608,14,0,136,850,0,0,0,976,infection,974
21.501259887109715,14,0,135,851,0,0,0,976,recovery,102
21.506942885820724,13,0,136,851,0,0,0,977,infection,916
21.50780483920195,13,0,135,852,0,0,0,977,recovery,570
21.513382952266028,13,0,134,853,0,0,0,977,recovery,162
21.850535451862164,13,0,133,854,0,0,0,977,recovery,545
21.85272125944197,13,0,132,855,0,0,0,977,recovery,735
21.89583458467027,13,0,131,856,0,0,0,977,recovery,274
21.911356751772487,13,0,130,857,0,0,0,977,recovery,974
21.986842312562427,13,0,129,858,0,0,0,977,recovery,55
21.989496088137642,13,0,128,859,0,0,0,977,recovery,186
22.045476193192155,13,0,127,860,0,0,0,977,recovery,902
22.149898617435888,13,0,126,861,0,0,0,977,recovery,793
22.158270093303116,13,0,125,862,0,0,0,977,recovery,458
22.158804922199824,13,0,124,863,0,0,0,977,recovery,842
22.193926951312875,13,0,123,864,0,0,0,977,recovery,899
22.232875225241365,13,0,122,865,0,0,0,977,recovery,346
22.315910229581277,13,0,121,866,0,0,0,977,recovery,508
22.32791264129518,13,0,120,867,0,0,0,977,recovery,393
22.362966804599274,13,0,119,868,0,0,0,977,recovery,730
22.44233574556042,13,0,118,869,0,0,0,977,recovery,8
22.45891931235503,13,0,117,870,0,0,0,977,recovery,804
22.473180670190537,13,0,116,871,0,0,0,977,recovery,952
22.48833145550587,13,0,115,872,0,0,0,977,recovery,209
22.502811641195418,13,0,114,873,0,0,0,977,recovery,90
22.50284249972899,13,0,113,874,0,0,0,977,recovery,648
22.978860826988274,13,0,112,875,0,0,0,977,recovery,7
23.00061703333767,13,0,111,876,0,0,0,977,recovery,452
23.092903048644615,13,0,110,877,0,0,0,977,recovery,418
23.190309573932744,13,0,109,878,0,0,0,977,recovery,411
23.321392380299258,13,0,108,879,0,0,0,977,recovery,665
23.366382072118373,13,0,107,880,0,0,0,977,recovery,77
23.411267757020823,12,0,108,880,0,0,0,978,infection,49
23.414673200753917,12,0,107,881,0,0,0,978,recovery,608
23.45095343575261,12,0,106,882,0,0,0,978,recovery,616
23.6028073266119,12,0,105,883,0,0,0,978,recovery,107
23.755400993543013,12,0,104,884,0,0,0,978,recovery,963
23.763273378878715,12,0,103,885,0,0,0,978,recovery,108
23.7640336758057,12,0,102,886,0,0,0,978,recovery,125
23.807239769050724,12,0,101,887,0,0,0,978,recovery,690
23.930227753394753,12,0,100,888,0,0,0,978,recovery,50
23.963673743712874,12,0,99,889,0,0,0,978,recovery,202
23.988958409771314,12,0,98,890,0,0,0,978,recovery,817
24.097359614290486,12,0,97,891,0,0,0,978,recovery,631
24.17693481613203,12,0,96,892,0,0,0,978,recovery,204
24.178158004135938,12,0,95,893,0,0,0,978,recovery,659
24.252742379661896,12,0,94,894,0,0,0,978,recovery,410
24.406964184335532,12,0,93,895,0,0,0,978,recovery,440
24.45189830836531,12,0,92,896,0,0,0,978,recovery,263
24.501039168917572,11,0,93,896,0,0,0,979,infection,155
24.511902823750965,11,0,92,897,0,0,0,979,recovery,392
24.544070182718443,11,0,91,898,0,0,0,979,recovery,919
24.624600975587104,11,0,90,899,0,0,0,979,recovery,251
24.742865049012444,11,0,89,900,0,0,0,979,recovery,989
24.77862190035987,11,0,88,901,0,0,0,979,recovery,144
24.82941583403557,11,0,87,902,0,0,0,979,recovery,941
24.840796028563815,11,0,86,903,0,0,0,979,recovery,340
24.95418482698736,11,0,85,904,0,0,0,979,recovery,982
24.987953771229698,11,0,84,905,0,0,0,979,recovery,711
25.030528906293732,11,0,83,906,0,0,0,979,recovery,949
25.059439931420396,11,0,82,907,0,0,0,979,recovery,702
25.17003518319583,11,0,81,908,0,0,0,979,recovery,878
25.558062425590265,11,0,80,909,0,0,0,979,recovery,141
25.669655430141383,11,0,79,910,0,0,0,979,recovery,834
25.901908703976055,11,0,78,911,0,0,0,979,recovery,916
25.9524734382187,11,0,77,912,0,0,0,979,recovery,932
26.117893622822482,11,0,76,913,0,0,0,979,recovery,155
26.13086665735223,10,0,77,913,0,0,0,980,infection,268
26.148380083882785,10,0,76,914,0,0,0,980,recovery,765
26.23160820725988,10,0,75,915,0,0,0,980,recovery,105
26.346941712316763,10,0,74,916,0,0,0,980,recovery,654
26.35890851533757,10,0,73,917,0,0,0,980,recovery,704
26.46470830764429,10,0,72,918,0,0,0,980,recovery,315
26.598570876212207,10,0,71,919,0,0,0,980,recovery,520
26.665287596919768,10,0,70,920,0,0,0,980,recovery,200
26.665514075682676,9,0,71,920,0,0,0,981,infection,936
26.727506169127054,9,0,70,921,0,0,0,981,recovery,428
26.754107187600667,9,0,69,922,0,0,0,981,recovery,513
27.148434172218437,9,0,68,923,0,0,0,981,recovery,268
27.163049478139715,9,0,67,924,0,0,0,981,recovery,310
27.19602026323657,9,0,66,925,0,0,0,981,recovery,898
27.257659749464292,9,0,65,926,0,0,0,981,recovery,618
27.37792644902799,9,0,64,927,0,0,0,981,recovery,89
27.424089534660176,9,0,63,928,0,0,0,981,recovery,277
27.523031316346394,9,0,62,929,0,0,0,981,recovery,893
27.525095054936877,9,0,61,930,0,0,0,981,recovery,10
27.615992816782352,9,0,60,931,0,0,0,981,recovery,621
27.63026350398828,9,0,59,932,0,0,0,981,recovery,413
27.665461859057896,9,0,58,933,0,0,0,981,recovery,629
27.74456307573912,9,0,57,934,0,0,0,981,recovery,130
27.8872426352525,9,0,56,935,0,0,0,981,recovery,753
27.963494720275406,9,0,55,936,0,0,0,981,recovery,494
28.129636432350907,9,0,54,937,0,0,0,981,recovery,500
28.16707512899916,9,0,53,938,0,0,0,981,recovery,539
28.372918413213174,9,0,52,939,0,0,0,981,recovery,882
28.47093671167802,9,0,51,940,0,0,0,981,recovery,387
28.51477602620944,9,0,50,941,0,0,0,981,recovery,958
28.787735335843617,9,0,49,942,0,0,0,981,recovery,531
28.8226248609124,9,0,48,943,0,0,0,981,recovery,451
28.863154595267275,9,0,47,944,0,0,0,981,recovery,611
28.941284602592138,9,0,46,945,0,0,0,981,recovery,45
29.018960286881647,9,0,45,946,0,0,0,981,recovery,903
29.338907559504108,9,0,44,947,0,0,0,981,recovery,39
29.35078403586683,9,0,43,948,0,0,0,981,recovery,517
29.5162587375524,9,0,42,949,0,0,0,981,recovery,166
29.58491800079965,9,0,41,950,0,0,0,981,recovery,750
29.860861198212756,9,0,40,951,0,0,0,981,recovery,541
30.545354295714805,9,0,39,952,0,0,0,981,recovery,914
30.648756491609696,9,0,38,953,0,0,0,981,recovery,759
30.76117796808043,9,0,37,954,0,0,0,981,recovery,475
30.81789635894507,9,0,36,955,0,0,0,981,recovery,879
30.954161310622737,9,0,35,956,0,0,0,981,recovery,927
30.997176467183877,9,0,34,957,0,0,0,981,recovery,671
31.03601005842821,9,0,33,958,0,0,0,981,recovery,678
31.20022687233565,9,0,32,959,0,0,0,981,recovery,601
31.650982474058143,9,0,31,960,0,0,0,981,recovery,795
31.777657413431957,9,0,30,961,0,0,0,981,recovery,121
31.84474084534202,9,0,29,962,0,0,0,981,recovery,755
32.46966162964712,9,0,28,963,0,0,0,981,recovery,966
32.53546234386394,9,0,27,964,0,0,0,981,recovery,49
33.107768932780004,9,0,26,965,0,0,0,981,recovery,864
33.64204674765302,9,0,25,966,0,0,0,981,recovery,355
33.66629899083916,9,0,24,967,0,0,0,981,recovery,361
33.98797657778963,9,0,23,968,0,0,0,981,recovery,534
33.99414505676626,9,0,22,969,0,0,0,981,recovery,18
34.51779704968201,9,0,21,970,0,0,0,981,recovery,419
34.97182164188543,9,0,20,971,0,0,0,981,recovery,707
35.11493668700423,9,0,19,972,0,0,0,981,recovery,710
35.48142987402682,9,0,18,973,0,0,0,981,recovery,237
35.639093591852834,9,0,17,974,0,0,0,981,recovery,262
37.024500848367396,9,0,16,975,0,0,0,981,recovery,3
37.105964423540485,9,0,15,976,0,0,0,981,recovery,146
37.52604184556177,9,0,14,977,0,0,0,981,recovery,231
38.1603070851824,9,0,13,978,0,0,0,981,recovery,917
38.429252992737226,9,0,12,979,0,0,0,981,recovery,300
38.53444837435333,9,0,11,980,0,0,0,981,recovery,491
38.79600514334237,9,0,10,981,0,0,0,981,recovery,640
39.01899142392857,9,0,9,982,0,0,0,981,recovery,950
39.87062946307821,9,0,8,983,0,0,0,981,recovery,552
40.0,9,0,8,983,0,0,0,981,horizon,0
