t,S,E,I,R,births,deaths,vaccinated,infections,event,person
0.0,990,0,10,0,0,0,0,0,initial,0
0.039059547631873345,990,0,9,1,0,0,0,0,recovery,995
0.08209920902105837,989,0,10,1,0,0,0,1,infection,314
0.17977711177961292,988,0,11,1,0,0,0,2,infection,35
0.21270169564355584,987,0,12,1,0,0,0,3,infection,781
0.49315381028369865,986,0,13,1,0,0,0,4,infection,568
0.59471321525551,985,0,14,1,0,0,0,5,infection,394
0.6203360874247986,984,0,15,1,0,0,0,6,infection,322
0.6805908683412452,983,0,16,1,0,0,0,7,infection,493
0.9687380108365622,982,0,17,1,0,0,0,8,infection,283
0.9986352984040776,982,0,16,2,0,0,0,8,recovery,781
1.011748877014519,981,0,17,2,0,0,0,9,infection,596
1.0390639534031627,980,0,18,2,0,0,0,10,infection,729
1.2929925658184802,979,0,19,2,0,0,0,11,infection,434
1.3062421962553237,978,0,20,2,0,0,0,12,infection,709
1.3339826460550697,977,0,21,2,0,0,0,13,infection,936
1.4495356147289673,976,0,22,2,0,0,0,14,infection,313
1.5578121759290298,975,0,23,2,0,0,0,15,infection,679
1.5638881976320373,975,0,22,3,0,0,0,15,recovery,709
1.652021369780058,975,0,21,4,0,0,0,15,recovery,993
1.7013659104515324,974,0,22,4,0,0,0,16,infection,636
1.988266917623278,973,0,23,4,0,0,0,17,infection,570
2.0234094232484043,972,0,24,4,0,0,0,18,infection,575
2.0443240103065827,971,0,25,4,0,0,0,19,infection,777
2.292607013593131,970,0,26,4,0,0,0,20,infection,79
2.305359367747236,969,0,27,4,0,0,0,21,infection,26
2.331307709799752,968,0,28,4,0,0,0,22,infection,307
2.351802254238885,967,0,29,4,0,0,0,23,infection,702
2.4340353006972157,967,0,28,5,0,0,0,23,recovery,575
2.457954590871045,966,0,29,5,0,0,0,24,infection,272
2.5407061542663767,966,0,28,6,0,0,0,24,recovery,1000
2.5521617441503945,965,0,29,6,0,0,0,25,infection,60
2.583623689912394,964,0,30,6,0,0,0,26,infection,491
2.7029972541565654,963,0,31,6,0,0,0,27,infection,537
2.8458717000098344,963,0,30,7,0,0,0,27,recovery,997
2.848838212126786,962,0,31,7,0,0,0,28,infection,564
2.8773884251173105,961,0,32,7,0,0,0,29,infection,585
2.9848978188689683,960,0,33,7,0,0,0,30,infection,260
2.9914187745530842,959,0,34,7,0,0,0,31,infection,391
3.025935927822295,958,0,35,7,0,0,0,32,infection,736
3.0290037760032287,957,0,36,7,0,0,0,33,infection,573
3.0448209115496927,956,0,37,7,0,0,0,34,infection,278
3.047249020343856,955,0,38,7,0,0,0,35,infection,941
3.076280477855616,954,0,39,7,0,0,0,36,infection,234
3.1254004480105597,953,0,40,7,0,0,0,37,infection,739
3.1389669344974096,953,0,39,8,0,0,0,37,recovery,234
3.214333935680286,952,0,40,8,0,0,0,38,infection,835
3.28605989424282,951,0,41,8,0,0,0,39,infection,544
3.31980976335082,950,0,42,8,0,0,0,40,infection,934
3.3352214730464698,949,0,43,8,0,0,0,41,infection,210
3.3410495558227216,948,0,44,8,0,0,0,42,infection,427
3.3428097082307517,947,0,45,8,0,0,0,43,infection,603
3.375818463048393,946,0,46,8,0,0,0,44,infection,52
3.400000880591229,946,0,45,9,0,0,0,44,recovery,739
3.4517292053627333,946,0,44,10,0,0,0,44,recovery,307
3.4669438133865387,945,0,45,10,0,0,0,45,infection,646
3.4919682253279105,944,0,46,10,0,0,0,46,infection,445
3.4974766786875233,943,0,47,10,0,0,0,47,infection,305
3.5176456359142843,943,0,46,11,0,0,0,47,recovery,537
3.519735474673461,942,0,47,11,0,0,0,48,infection,690
3.520844368641957,941,0,48,11,0,0,0,49,infection,834
3.5595253880072337,941,0,47,12,0,0,0,49,recovery,999
3.5927817583587403,941,0,46,13,0,0,0,49,recovery,998
3.638314509673509,940,0,47,13,0,0,0,50,infection,673
3.651155371783615,939,0,48,13,0,0,0,51,infection,743
3.6691418139718492,939,0,47,14,0,0,0,51,recovery,260
3.6760075779464945,938,0,48,14,0,0,0,52,infection,510
3.723439942976433,937,0,49,14,0,0,0,53,infection,291
3.7290573367027946,936,0,50,14,0,0,0,54,infection,389
3.7429413055325913,935,0,51,14,0,0,0,55,infection,143
3.8525068579934953,935,0,50,15,0,0,0,55,recovery,702
3.902373744308777,935,0,49,16,0,0,0,55,recovery,52
3.9385074899387162,934,0,50,16,0,0,0,56,infection,608
3.939053887861902,933,0,51,16,0,0,0,57,infection,694
3.9547295412924948,933,0,50,17,0,0,0,57,recovery,210
3.97305548437751,932,0,51,17,0,0,0,58,infection,611
4.017941588631868,932,0,50,18,0,0,0,58,recovery,611
4.021902200022566,932,0,49,19,0,0,0,58,recovery,596
4.022204861474963,931,0,50,19,0,0,0,59,infection,565
4.087813710718162,930,0,51,19,0,0,0,60,infection,483
4.098907971351576,929,0,52,19,0,0,0,61,infection,6
4.157897213931404,928,0,53,19,0,0,0,62,infection,403
4.158864586676015,927,0,54,19,0,0,0,63,infection,365
4.170317676281572,926,0,55,19,0,0,0,64,infection,865
4.173053296052211,925,0,56,19,0,0,0,65,infection,271
4.1848103030763495,924,0,57,19,0,0,0,66,infection,207
4.1850755135377495,923,0,58,19,0,0,0,67,infection,197
4.193950105637167,922,0,59,19,0,0,0,68,infection,965
4.225028310379321,921,0,60,19,0,0,0,69,infection,98
4.236399454770401,920,0,61,19,0,0,0,70,infection,172
4.245543132150957,919,0,62,19,0,0,0,71,infection,263
4.256491473429316,918,0,63,19,0,0,0,72,infection,333
4.295062729553254,917,0,64,19,0,0,0,73,infection,2
4.299232351706196,916,0,65,19,0,0,0,74,infection,95
4.310473460800535,915,0,66,19,0,0,0,75,infection,671
4.318277235466664,914,0,67,19,0,0,0,76,infection,490
4.3302830282699185,913,0,68,19,0,0,0,77,infection,792
4.344521803449149,913,0,67,20,0,0,0,77,recovery,6
4.367444655944545,912,0,68,20,0,0,0,78,infection,809
4.3683825314122435,912,0,67,21,0,0,0,78,recovery,544
4.371235696556388,911,0,68,21,0,0,0,79,infection,590
4.389582411541126,910,0,69,21,0,0,0,80,infection,854
4.404588544184262,909,0,70,21,0,0,0,81,infection,653
4.426913262949279,908,0,71,21,0,0,0,82,infection,5
4.457628129791123,907,0,72,21,0,0,0,83,infection,714
4.461439458782863,906,0,73,21,0,0,0,84,infection,295
4.471384615550989,905,0,74,21,0,0,0,85,infection,558
4.495168763950965,904,0,75,21,0,0,0,86,infection,786
4.49896523507132,904,0,74,22,0,0,0,86,recovery,5
4.5149789745974065,904,0,73,23,0,0,0,86,recovery,965
4.5162801283243565,903,0,74,23,0,0,0,87,infection,837
4.526666716469798,902,0,75,23,0,0,0,88,infection,816
4.538401434950242,901,0,76,23,0,0,0,89,infection,481
4.549756237376869,900,0,77,23,0,0,0,90,infection,637
4.550130723027285,900,0,76,24,0,0,0,90,recovery,994
4.567849585310315,899,0,77,24,0,0,0,91,infection,152
4.568119084905096,898,0,78,24,0,0,0,92,infection,868
4.5717083169666735,897,0,79,24,0,0,0,93,infection,730
4.586727672935482,896,0,80,24,0,0,0,94,infection,948
4.5885371023810855,895,0,81,24,0,0,0,95,infection,812
4.6442859251334445,894,0,82,24,0,0,0,96,infection,727
4.6517536126068855,893,0,83,24,0,0,0,97,infection,401
4.655612820862095,892,0,84,24,0,0,0,98,infection,474
4.668920544959006,891,0,85,24,0,0,0,99,infection,783
4.683732070360966,890,0,86,24,0,0,0,100,infection,133
4.710274737678154,889,0,87,24,0,0,0,101,infection,392
4.735666501429393,888,0,88,24,0,0,0,102,infection,928
4.744297036933912,888,0,87,25,0,0,0,102,recovery,392
4.759110684699826,888,0,86,26,0,0,0,102,recovery,434
4.763117338271101,888,0,85,27,0,0,0,102,recovery,646
4.7675820813352425,887,0,86,27,0,0,0,103,infection,147
4.782495660412061,886,0,87,27,0,0,0,104,infection,678
4.789518890465818,885,0,88,27,0,0,0,105,infection,209
4.790586569046417,884,0,89,27,0,0,0,106,infection,90
4.824375525515096,883,0,90,27,0,0,0,107,infection,656
4.854787034497688,882,0,91,27,0,0,0,108,infection,105
4.911067092338816,881,0,92,27,0,0,0,109,infection,959
4.914473562702188,880,0,93,27,0,0,0,110,infection,37
4.942196508651582,879,0,94,27,0,0,0,111,infection,87
4.942824176370071,878,0,95,27,0,0,0,112,infection,504
4.963306667776237,877,0,96,27,0,0,0,113,infection,398
4.972314260393476,876,0,97,27,0,0,0,114,infection,869
4.986745843680269,875,0,98,27,0,0,0,115,infection,870
4.987003702659385,874,0,99,27,0,0,0,116,infection,819
4.987521959251651,873,0,100,27,0,0,0,117,infection,496
5.022767337323081,872,0,101,27,0,0,0,118,infection,281
5.042170409912671,871,0,102,27,0,0,0,119,infection,43
5.0473885187287575,870,0,103,27,0,0,0,120,infection,881
5.056542511001751,869,0,104,27,0,0,0,121,infection,804
5.058721115916495,868,0,105,27,0,0,0,122,infection,315
5.065529759570962,867,0,106,27,0,0,0,123,infection,145
5.073728141959791,866,0,107,27,0,0,0,124,infection,250
5.0789650155676,865,0,108,27,0,0,0,125,infection,657
5.087496758433385,864,0,109,27,0,0,0,126,infection,377
5.105308442140862,863,0,110,27,0,0,0,127,infection,827
5.111024477197496,862,0,111,27,0,0,0,128,infection,470
5.113353923987781,861,0,112,27,0,0,0,129,infection,581
5.1188767790610825,860,0,113,27,0,0,0,130,infection,621
5.1386722527310065,859,0,114,27,0,0,0,131,infection,982
5.142093896844949,858,0,115,27,0,0,0,132,infection,535
5.14542540160254,857,0,116,27,0,0,0,133,infection,342
5.14732995419974,856,0,117,27,0,0,0,134,infection,511
5.163178705329041,855,0,118,27,0,0,0,135,infection,100
5.167365968760563,854,0,119,27,0,0,0,136,infection,262
5.190653386511971,853,0,120,27,0,0,0,137,infection,728
5.195036301534073,852,0,121,27,0,0,0,138,infection,825
5.197517508145489,851,0,122,27,0,0,0,139,infection,25
5.208705022568797,850,0,123,27,0,0,0,140,infection,359
5.211335690574369,850,0,122,28,0,0,0,140,recovery,95
5.226365338985965,850,0,121,29,0,0,0,140,recovery,100
5.229038328828193,850,0,120,30,0,0,0,140,recovery,314
5.238429862208296,850,0,119,31,0,0,0,140,recovery,271
5.238801480290625,849,0,120,31,0,0,0,141,infection,349
5.242597639928669,849,0,119,32,0,0,0,141,recovery,590
5.253257446888981,848,0,120,32,0,0,0,142,infection,141
5.267484290210826,848,0,119,33,0,0,0,142,recovery,694
5.271147750905962,847,0,120,33,0,0,0,143,infection,619
5.27407188228362,846,0,121,33,0,0,0,144,infection,516
5.275002650248966,845,0,122,33,0,0,0,145,infection,979
5.282387125066779,844,0,123,33,0,0,0,146,infection,356
5.283288828647188,843,0,124,33,0,0,0,147,infection,486
5.307351278114003,842,0,125,33,0,0,0,148,infection,277
5.312093723567697,841,0,126,33,0,0,0,149,infection,223
5.312709693150333,840,0,127,33,0,0,0,150,infection,850
5.328895586554304,839,0,128,33,0,0,0,151,infection,943
5.3303419452887555,838,0,129,33,0,0,0,152,infection,206
5.347420730365357,837,0,130,33,0,0,0,153,infection,135
5.354070250140839,837,0,129,34,0,0,0,153,recovery,263
5.3697790414085445,837,0,128,35,0,0,0,153,recovery,197
5.375328090847477,836,0,129,35,0,0,0,154,infection,75
5.403166872709113,835,0,130,35,0,0,0,155,infection,839
5.403464531006012,834,0,131,35,0,0,0,156,infection,395
5.408384719973963,833,0,132,35,0,0,0,157,infection,586
5.41431610767805,832,0,133,35,0,0,0,158,infection,96
5.416433119517656,831,0,134,35,0,0,0,159,infection,882
5.422370684066569,830,0,135,35,0,0,0,160,infection,955
5.4268515953022485,829,0,136,35,0,0,0,161,infection,970
5.431888492865238,828,0,137,35,0,0,0,162,infection,612
5.443968611364712,827,0,138,35,0,0,0,163,infection,190
5.4467497763232515,827,0,137,36,0,0,0,163,recovery,483
5.4630724177305305,826,0,138,36,0,0,0,164,infection,742
5.4678421515831115,826,0,137,37,0,0,0,164,recovery,869
5.480250427757396,825,0,138,37,0,0,0,165,infection,505
5.4842005025941125,825,0,137,38,0,0,0,165,recovery,141
5.494047956785843,824,0,138,38,0,0,0,166,infection,10
5.50086905663814,823,0,139,38,0,0,0,167,infection,931
5.501272539049001,822,0,140,38,0,0,0,168,infection,83
5.5025686155488795,822,0,139,39,0,0,0,168,recovery,98
5.538602468872784,821,0,140,39,0,0,0,169,infection,430
5.539139162132496,820,0,141,39,0,0,0,170,infection,137
5.552812288400354,820,0,140,40,0,0,0,170,recovery,206
5.5538085263431185,820,0,139,41,0,0,0,170,recovery,777
5.564007995200737,819,0,140,41,0,0,0,171,infection,44
5.566505761551293,819,0,139,42,0,0,0,171,recovery,10
5.580765082283689,818,0,140,42,0,0,0,172,infection,864
5.58873325916842,817,0,141,42,0,0,0,173,infection,111
5.593420723067049,816,0,142,42,0,0,0,174,infection,806
5.5983661706508965,816,0,141,43,0,0,0,174,recovery,934
5.607330999406213,815,0,142,43,0,0,0,175,infection,877
5.616639529230066,814,0,143,43,0,0,0,176,infection,268
5.6252902680338,813,0,144,43,0,0,0,177,infection,906
5.633249403277816,812,0,145,43,0,0,0,178,infection,513
5.635305062927444,811,0,146,43,0,0,0,179,infection,830
5.661502355978669,810,0,147,43,0,0,0,180,infection,416
5.683867966098924,809,0,148,43,0,0,0,181,infection,422
5.688295433612759,808,0,149,43,0,0,0,182,infection,527
5.697715699529716,807,0,150,43,0,0,0,183,infection,622
5.714181683352894,806,0,151,43,0,0,0,184,infection,666
5.7232815434989055,806,0,150,44,0,0,0,184,recovery,268
5.72571894300497,805,0,151,44,0,0,0,185,infection,24
5.738383885181166,804,0,152,44,0,0,0,186,infection,441
5.7422868377245795,803,0,153,44,0,0,0,187,infection,506
5.75210091521476,802,0,154,44,0,0,0,188,infection,633
5.762157867113153,801,0,155,44,0,0,0,189,infection,862
5.7754790326474,800,0,156,44,0,0,0,190,infection,800
5.776314042827474,799,0,157,44,0,0,0,191,infection,672
5.778298760708568,799,0,156,45,0,0,0,191,recovery,209
5.784990228468013,798,0,157,45,0,0,0,192,infection,264
5.792350260119904,797,0,158,45,0,0,0,193,infection,932
5.795704863375788,796,0,159,45,0,0,0,194,infection,189
5.796537587340234,795,0,160,45,0,0,0,195,infection,604
5.804898436654681,794,0,161,45,0,0,0,196,infection,40
5.819305263534065,793,0,162,45,0,0,0,197,infection,634
5.825932678711179,792,0,163,45,0,0,0,198,infection,623
5.839446588922093,791,0,164,45,0,0,0,199,infection,925
5.847210808479537,790,0,165,45,0,0,0,200,infection,914
5.865082967353792,789,0,166,45,0,0,0,201,infection,238
5.865969340631027,788,0,167,45,0,0,0,202,infection,229
5.894539161561069,787,0,168,45,0,0,0,203,infection,873
5.906780446505234,786,0,169,45,0,0,0,204,infection,138
5.961779745405427,785,0,170,45,0,0,0,205,infection,410
5.965261357292711,785,0,169,46,0,0,0,205,recovery,637
5.965940358892211,784,0,170,46,0,0,0,206,infection,120
5.978103012801416,783,0,171,46,0,0,0,207,infection,584
5.978376250129589,782,0,172,46,0,0,0,208,infection,526
5.98628808496855,782,0,171,47,0,0,0,208,recovery,633
5.99770328570771,781,0,172,47,0,0,0,209,infection,962
5.998352806997371,780,0,173,47,0,0,0,210,infection,101
5.999823808976532,779,0,174,47,0,0,0,211,infection,722
6.006712367387042,778,0,175,47,0,0,0,212,infection,826
6.011573530105521,777,0,176,47,0,0,0,213,infection,155
6.0267993287707,776,0,177,47,0,0,0,214,infection,967
6.0289462128717,775,0,178,47,0,0,0,215,infection,762
6.0449022169746796,774,0,179,47,0,0,0,216,infection,601
6.062264270171711,773,0,180,47,0,0,0,217,infection,853
6.063406956196844,773,0,179,48,0,0,0,217,recovery,835
6.08771145999358,773,0,178,49,0,0,0,217,recovery,349
6.116513382235191,772,0,179,49,0,0,0,218,infection,421
6.118286561801388,771,0,180,49,0,0,0,219,infection,419
6.119794352901667,770,0,181,49,0,0,0,220,infection,456
6.124224514726448,769,0,182,49,0,0,0,221,infection,609
6.1294280043893075,768,0,183,49,0,0,0,222,infection,364
6.147194051945772,767,0,184,49,0,0,0,223,infection,524
6.159315728147155,767,0,183,50,0,0,0,223,recovery,991
6.1595553022559955,766,0,184,50,0,0,0,224,infection,288
6.174733559262297,765,0,185,50,0,0,0,225,infection,915
6.18895668149288,764,0,186,50,0,0,0,226,infection,561
6.189735140858355,764,0,185,51,0,0,0,226,recovery,870
6.204477256032055,764,0,184,52,0,0,0,226,recovery,573
6.227885333012677,763,0,185,52,0,0,0,227,infection,175
6.240365603537662,762,0,186,52,0,0,0,228,infection,428
6.242476319732892,761,0,187,52,0,0,0,229,infection,335
6.24359016205412,760,0,188,52,0,0,0,230,infection,759
6.246851609737076,759,0,189,52,0,0,0,231,infection,732
6.250336235727689,759,0,188,53,0,0,0,231,recovery,862
6.275992469706153,758,0,189,53,0,0,0,232,infection,400
6.278582090566014,758,0,188,54,0,0,0,232,recovery,90
6.296213522055195,757,0,189,54,0,0,0,233,infection,663
6.315286298856578,756,0,190,54,0,0,0,234,infection,550
6.315617197941766,755,0,191,54,0,0,0,235,infection,139
6.318667651043441,754,0,192,54,0,0,0,236,infection,166
6.322138705262789,753,0,193,54,0,0,0,237,infection,108
6.324122658625095,753,0,192,55,0,0,0,237,recovery,421
6.348035299862198,752,0,193,55,0,0,0,238,infection,21
6.354366997500729,752,0,192,56,0,0,0,238,recovery,932
6.372979302529388,751,0,193,56,0,0,0,239,infection,33
6.373210565744818,750,0,194,56,0,0,0,240,infection,409
6.375984826207499,750,0,193,57,0,0,0,240,recovery,864
6.382857988093644,750,0,192,58,0,0,0,240,recovery,623
6.386858809976765,750,0,191,59,0,0,0,240,recovery,729
6.395671808233328,749,0,192,59,0,0,0,241,infection,17
6.3973012544944865,748,0,193,59,0,0,0,242,infection,386
6.410349138717072,747,0,194,59,0,0,0,243,infection,323
6.417231700133451,746,0,195,59,0,0,0,244,infection,378
6.4230740949476814,745,0,196,59,0,0,0,245,infection,649
6.466655536179804,745,0,195,60,0,0,0,245,recovery,825
6.471778396663106,744,0,196,60,0,0,0,246,infection,127
6.47450943087594,743,0,197,60,0,0,0,247,infection,659
6.4759617468112,742,0,198,60,0,0,0,248,infection,240
6.484972314206137,741,0,199,60,0,0,0,249,infection,924
6.486697492808322,740,0,200,60,0,0,0,250,infection,321
6.4872623048771,739,0,201,60,0,0,0,251,infection,602
6.491558726811168,738,0,202,60,0,0,0,252,infection,482
6.516679177454547,737,0,203,60,0,0,0,253,infection,289
6.528759998564145,736,0,204,60,0,0,0,254,infection,749
6.529515357540233,736,0,203,61,0,0,0,254,recovery,400
6.551880613197747,736,0,202,62,0,0,0,254,recovery,527
6.553716029896092,736,0,201,63,0,0,0,254,recovery,819
6.565518872655538,736,0,200,64,0,0,0,254,recovery,445
6.569475539000416,735,0,201,64,0,0,0,255,infection,628
6.572043515507905,734,0,202,64,0,0,0,256,infection,99
6.572245895101266,734,0,201,65,0,0,0,256,recovery,389
6.585756664758441,734,0,200,66,0,0,0,256,recovery,108
6.58936800639994,734,0,199,67,0,0,0,256,recovery,120
6.591999795347943,733,0,200,67,0,0,0,257,infection,717
6.593670131344047,732,0,201,67,0,0,0,258,infection,658
6.593912917074259,732,0,200,68,0,0,0,258,recovery,783
6.599604553324705,731,0,201,68,0,0,0,259,infection,592
6.601839280817624,730,0,202,68,0,0,0,260,infection,895
6.605314345185454,729,0,203,68,0,0,0,261,infection,318
6.6073592394334995,729,0,202,69,0,0,0,261,recovery,17
6.615157765924525,728,0,203,69,0,0,0,262,infection,270
6.641319787617278,727,0,204,69,0,0,0,263,infection,613
6.647725903446208,726,0,205,69,0,0,0,264,infection,947
6.6559863863745985,726,0,204,70,0,0,0,264,recovery,941
6.664229520077714,726,0,203,71,0,0,0,264,recovery,378
6.66692519925751,726,0,202,72,0,0,0,264,recovery,147
6.688676763479135,725,0,203,72,0,0,0,265,infection,791
6.707229963411178,725,0,202,73,0,0,0,265,recovery,619
6.716319138902767,724,0,203,73,0,0,0,266,infection,788
6.718513184336689,723,0,204,73,0,0,0,267,infection,973
6.72073200003143,722,0,205,73,0,0,0,268,infection,922
6.747240639027755,721,0,206,73,0,0,0,269,infection,104
6.772308337133703,720,0,207,73,0,0,0,270,infection,588
6.77588554445033,720,0,206,74,0,0,0,270,recovery,962
6.821172991001202,719,0,207,74,0,0,0,271,infection,676
6.827871289682676,718,0,208,74,0,0,0,272,infection,187
6.833727933687928,718,0,207,75,0,0,0,272,recovery,79
6.8348484472472135,717,0,208,75,0,0,0,273,infection,696
6.838144337484289,717,0,207,76,0,0,0,273,recovery,223
6.840231198814617,716,0,208,76,0,0,0,274,infection,136
6.840749822103053,716,0,207,77,0,0,0,274,recovery,456
6.848225576101843,715,0,208,77,0,0,0,275,infection,308
6.851251417099798,714,0,209,77,0,0,0,276,infection,466
6.869875310493736,713,0,210,77,0,0,0,277,infection,345
6.8806271662243,713,0,209,78,0,0,0,277,recovery,526
6.887427912794116,712,0,210,78,0,0,0,278,infection,726
6.8913174327796405,711,0,211,78,0,0,0,279,infection,326
6.901151044458551,710,0,212,78,0,0,0,280,infection,103
6.910141341717042,710,0,211,79,0,0,0,280,recovery,959
6.91166620405545,709,0,212,79,0,0,0,281,infection,909
6.917652801971369,708,0,213,79,0,0,0,282,infection,346
6.924302383920047,707,0,214,79,0,0,0,283,infection,294
6.940604743918459,706,0,215,79,0,0,0,284,infection,707
6.943118604440741,705,0,216,79,0,0,0,285,infection,109
6.944708141382641,704,0,217,79,0,0,0,286,infection,216
6.945276936710426,703,0,218,79,0,0,0,287,infection,436
6.953461900099924,702,0,219,79,0,0,0,288,infection,86
6.954378592196261,701,0,220,79,0,0,0,289,infection,170
6.957978480120403,701,0,219,80,0,0,0,289,recovery,653
6.962253046897693,700,0,220,80,0,0,0,290,infection,840
6.9728684809363655,699,0,221,80,0,0,0,291,infection,750
6.974683461106305,698,0,222,80,0,0,0,292,infection,448
6.985897872295902,697,0,223,80,0,0,0,293,infection,376
6.993664335341113,696,0,224,80,0,0,0,294,infection,265
6.994432383990331,695,0,225,80,0,0,0,295,infection,971
6.998285568132719,695,0,224,81,0,0,0,295,recovery,474
7.0260906626675865,694,0,225,81,0,0,0,296,infection,46
7.0263588817016345,693,0,226,81,0,0,0,297,infection,919
7.0440200828311745,693,0,225,82,0,0,0,297,recovery,44
7.063633904845454,692,0,226,82,0,0,0,298,infection,354
7.067599501389541,692,0,225,83,0,0,0,298,recovery,333
7.073819541932044,692,0,224,84,0,0,0,298,recovery,35
7.0851822505721165,691,0,225,84,0,0,0,299,infection,605
7.0880398817144785,690,0,226,84,0,0,0,300,infection,810
7.096781749588951,689,0,227,84,0,0,0,301,infection,3
7.097334161164249,688,0,228,84,0,0,0,302,infection,266
7.143611227957385,688,0,227,85,0,0,0,302,recovery,550
7.152390565817691,687,0,228,85,0,0,0,303,infection,576
7.1531705902845095,686,0,229,85,0,0,0,304,infection,879
7.153636909700737,685,0,230,85,0,0,0,305,infection,23
7.194825729411553,685,0,229,86,0,0,0,305,recovery,240
7.195753791374077,684,0,230,86,0,0,0,306,infection,805
7.197140918168506,684,0,229,87,0,0,0,306,recovery,742
7.206701250627481,683,0,230,87,0,0,0,307,infection,888
7.2238544746142175,682,0,231,87,0,0,0,308,infection,752
7.228183955848752,681,0,232,87,0,0,0,309,infection,538
7.231414445899122,680,0,233,87,0,0,0,310,infection,442
7.233185132232471,679,0,234,87,0,0,0,311,infection,566
7.238000852144911,678,0,235,87,0,0,0,312,infection,699
7.240260055463711,677,0,236,87,0,0,0,313,infection,875
7.240763786008629,677,0,235,88,0,0,0,313,recovery,305
7.2418304419486805,676,0,236,88,0,0,0,314,infection,945
7.2441268556292435,676,0,235,89,0,0,0,314,recovery,524
7.250962082022939,675,0,236,89,0,0,0,315,infection,165
7.251467542110586,674,0,237,89,0,0,0,316,infection,494
7.254459334515124,673,0,238,89,0,0,0,317,infection,867
7.259503238367903,672,0,239,89,0,0,0,318,infection,284
7.274135970269117,671,0,240,89,0,0,0,319,infection,711
7.276192482389172,670,0,241,89,0,0,0,320,infection,618
7.279460232727262,669,0,242,89,0,0,0,321,infection,495
7.281640431229177,668,0,243,89,0,0,0,322,infection,898
7.285587869095044,667,0,244,89,0,0,0,323,infection,324
7.290475572442793,666,0,245,89,0,0,0,324,infection,329
7.291783415266153,666,0,244,90,0,0,0,324,recovery,895
7.2931995060258,665,0,245,90,0,0,0,325,infection,669
7.298223161734378,664,0,246,90,0,0,0,326,infection,451
7.3066857310749445,664,0,245,91,0,0,0,326,recovery,672
7.309238478942303,663,0,246,91,0,0,0,327,infection,761
7.3231404862562774,662,0,247,91,0,0,0,328,infection,30
7.324353261548537,662,0,246,92,0,0,0,328,recovery,622
7.332502992523244,662,0,245,93,0,0,0,328,recovery,277
7.349279668814058,662,0,244,94,0,0,0,328,recovery,510
7.3593910058117284,661,0,245,94,0,0,0,329,infection,404
7.370955520011191,660,0,246,94,0,0,0,330,infection,302
7.372622771855278,660,0,245,95,0,0,0,330,recovery,834
7.375834907656231,660,0,244,96,0,0,0,330,recovery,318
7.379468631463646,659,0,245,96,0,0,0,331,infection,964
7.383463973677367,658,0,246,96,0,0,0,332,infection,630
7.3924617371233445,657,0,247,96,0,0,0,333,infection,937
7.393926094098595,656,0,248,96,0,0,0,334,infection,211
7.394346942407138,655,0,249,96,0,0,0,335,infection,244
7.394565951266986,655,0,248,97,0,0,0,335,recovery,806
7.40144374521275,654,0,249,97,0,0,0,336,infection,591
7.406772942751827,653,0,250,97,0,0,0,337,infection,198
7.409041514355921,652,0,251,97,0,0,0,338,infection,485
7.409281113313089,651,0,252,97,0,0,0,339,infection,439
7.417265604056353,650,0,253,97,0,0,0,340,infection,606
7.429988586188339,650,0,252,98,0,0,0,340,recovery,294
7.431024039809043,649,0,253,98,0,0,0,341,infection,384
7.438169871749191,648,0,254,98,0,0,0,342,infection,784
7.439663383030112,647,0,255,98,0,0,0,343,infection,778
7.455996985094951,646,0,256,98,0,0,0,344,infection,645
7.457608941575573,645,0,257,98,0,0,0,345,infection,770
7.45788559260404,645,0,256,99,0,0,0,345,recovery,37
7.462384189684641,644,0,257,99,0,0,0,346,infection,212
7.480678707072506,643,0,258,99,0,0,0,347,infection,751
7.486576458196093,642,0,259,99,0,0,0,348,infection,639
7.489954172211519,641,0,260,99,0,0,0,349,infection,884
7.493015353288667,640,0,261,99,0,0,0,350,infection,473
7.495868832007364,640,0,260,100,0,0,0,350,recovery,898
7.498531600508378,639,0,261,100,0,0,0,351,infection,57
7.508897043214815,638,0,262,100,0,0,0,352,infection,432
7.52047500755931,637,0,263,100,0,0,0,353,infection,146
7.524280312437494,636,0,264,100,0,0,0,354,infection,950
7.527917846499303,636,0,263,101,0,0,0,354,recovery,967
7.536479153386129,635,0,264,101,0,0,0,355,infection,338
7.537255028713226,634,0,265,101,0,0,0,356,infection,468
7.551997258941874,633,0,266,101,0,0,0,357,infection,218
7.5594081471947465,632,0,267,101,0,0,0,358,infection,425
7.566065788270419,631,0,268,101,0,0,0,359,infection,336
7.586473312368642,630,0,269,101,0,0,0,360,infection,459
7.59491694657515,629,0,270,101,0,0,0,361,infection,42
7.598908549267837,628,0,271,101,0,0,0,362,infection,236
7.611556903399213,627,0,272,101,0,0,0,363,infection,545
7.6327709822935494,626,0,273,101,0,0,0,364,infection,559
7.642734122878766,625,0,274,101,0,0,0,365,infection,351
7.648185739495922,624,0,275,101,0,0,0,366,infection,901
7.654753564201396,623,0,276,101,0,0,0,367,infection,824
7.665784447960547,622,0,277,101,0,0,0,368,infection,128
7.676710482872311,622,0,276,102,0,0,0,368,recovery,906
7.680397513034312,621,0,277,102,0,0,0,369,infection,980
7.688691555694888,620,0,278,102,0,0,0,370,infection,640
7.690449002649755,619,0,279,102,0,0,0,371,infection,723
7.703642742625949,618,0,280,102,0,0,0,372,infection,798
7.715395334708474,617,0,281,102,0,0,0,373,infection,228
7.715929825124601,616,0,282,102,0,0,0,374,infection,808
7.723593616402226,615,0,283,102,0,0,0,375,infection,66
7.727199125468806,614,0,284,102,0,0,0,376,infection,767
7.7289319925956095,614,0,283,103,0,0,0,376,recovery,165
7.741924545407697,614,0,282,104,0,0,0,376,recovery,581
7.748679404686262,614,0,281,105,0,0,0,376,recovery,133
7.759110946392529,613,0,282,105,0,0,0,377,infection,93
7.765786472278895,612,0,283,105,0,0,0,378,infection,523
7.769650730404359,612,0,282,106,0,0,0,378,recovery,728
7.7721594276117365,611,0,283,106,0,0,0,379,infection,880
7.7778357455108935,610,0,284,106,0,0,0,380,infection,162
7.788411991666499,609,0,285,106,0,0,0,381,infection,118
7.790241608329281,608,0,286,106,0,0,0,382,infection,192
7.793732261200986,607,0,287,106,0,0,0,383,infection,921
7.797271018840531,606,0,288,106,0,0,0,384,infection,686
7.797333954293853,605,0,289,106,0,0,0,385,infection,796
7.8064667249643005,604,0,290,106,0,0,0,386,infection,861
7.813242935520596,603,0,291,106,0,0,0,387,infection,571
7.818554400526065,602,0,292,106,0,0,0,388,infection,320
7.824901957819346,601,0,293,106,0,0,0,389,infection,9
7.82652955350375,601,0,292,107,0,0,0,389,recovery,937
7.8307488964285366,601,0,291,108,0,0,0,389,recovery,439
7.837053559670251,601,0,290,109,0,0,0,389,recovery,723
7.844425159827347,600,0,291,109,0,0,0,390,infection,737
7.847595276825859,599,0,292,109,0,0,0,391,infection,471
7.847740271654131,598,0,293,109,0,0,0,392,infection,892
7.852264047013971,597,0,294,109,0,0,0,393,infection,437
7.859677130020916,596,0,295,109,0,0,0,394,infection,738
7.874455484804508,595,0,296,109,0,0,0,395,infection,70
7.876084361444537,594,0,297,109,0,0,0,396,infection,773
7.878964071485567,593,0,298,109,0,0,0,397,infection,287
7.886725004090426,592,0,299,109,0,0,0,398,infection,734
7.889594205011765,591,0,300,109,0,0,0,399,infection,549
7.8901000637009915,590,0,301,109,0,0,0,400,infection,780
7.892997546546613,589,0,302,109,0,0,0,401,infection,916
7.908882002066937,588,0,303,109,0,0,0,402,infection,350
7.913036762944184,588,0,302,110,0,0,0,402,recovery,66
7.914527331160265,588,0,301,111,0,0,0,402,recovery,810
7.9160022647304995,588,0,300,112,0,0,0,402,recovery,281
7.916708286004798,588,0,299,113,0,0,0,402,recovery,538
7.918861467200128,587,0,300,113,0,0,0,403,infection,161
7.925919437158747,586,0,301,113,0,0,0,404,infection,13
7.928271983229855,585,0,302,113,0,0,0,405,infection,379
7.930019445047554,584,0,303,113,0,0,0,406,infection,435
7.93795646353229,584,0,302,114,0,0,0,406,recovery,493
7.948752329868523,584,0,301,115,0,0,0,406,recovery,749
7.948871267496691,583,0,302,115,0,0,0,407,infection,794
7.956261224875821,583,0,301,116,0,0,0,407,recovery,485
7.967223388385412,583,0,300,117,0,0,0,407,recovery,800
7.983533671221487,582,0,301,117,0,0,0,408,infection,117
7.989642106256204,582,0,300,118,0,0,0,408,recovery,441
7.993514873904211,582,0,299,119,0,0,0,408,recovery,409
8.010696186931415,581,0,300,119,0,0,0,409,infection,905
8.023274165799032,580,0,301,119,0,0,0,410,infection,274
8.03104060129975,580,0,300,120,0,0,0,410,recovery,948
8.033764835779538,579,0,301,120,0,0,0,411,infection,745
8.039880794396197,578,0,302,120,0,0,0,412,infection,958
8.052600048409115,577,0,303,120,0,0,0,413,infection,797
8.053919752985514,576,0,304,120,0,0,0,414,infection,787
8.065703603548465,576,0,303,121,0,0,0,414,recovery,606
8.07497498259164,576,0,302,122,0,0,0,414,recovery,21
8.099220962801569,575,0,303,122,0,0,0,415,infection,467
8.102574549490567,574,0,304,122,0,0,0,416,infection,462
8.10925250118422,574,0,303,123,0,0,0,416,recovery,666
8.112134597205763,574,0,302,124,0,0,0,416,recovery,931
8.112581293286054,573,0,303,124,0,0,0,417,infection,983
8.12155233869113,572,0,304,124,0,0,0,418,infection,126
8.131995089622487,571,0,305,124,0,0,0,419,infection,785
8.144604803621148,570,0,306,124,0,0,0,420,infection,431
8.150152350553029,569,0,307,124,0,0,0,421,infection,488
8.154718754381827,568,0,308,124,0,0,0,422,infection,31
8.155856719035075,568,0,307,125,0,0,0,422,recovery,70
8.162643064737038,567,0,308,125,0,0,0,423,infection,547
8.166066064800225,566,0,309,125,0,0,0,424,infection,984
8.18209960636051,566,0,308,126,0,0,0,424,recovery,335
8.187334872696082,565,0,309,126,0,0,0,425,infection,450
8.19269605680661,565,0,308,127,0,0,0,425,recovery,745
8.203450180034684,564,0,309,127,0,0,0,426,infection,755
8.206594165322922,563,0,310,127,0,0,0,427,infection,399
8.209996446097296,563,0,309,128,0,0,0,427,recovery,804
8.220000774350204,562,0,310,128,0,0,0,428,infection,366
8.224159462161259,561,0,311,128,0,0,0,429,infection,36
8.225623548894562,560,0,312,128,0,0,0,430,infection,939
8.225685095474368,559,0,313,128,0,0,0,431,infection,512
8.23819371003442,558,0,314,128,0,0,0,432,infection,600
8.240750977268538,558,0,313,129,0,0,0,432,recovery,506
8.24324999442325,557,0,314,129,0,0,0,433,infection,942
8.24888039127036,556,0,315,129,0,0,0,434,infection,150
8.257676254766464,555,0,316,129,0,0,0,435,infection,72
8.276497249739553,555,0,315,130,0,0,0,435,recovery,924
8.277048268058596,554,0,316,130,0,0,0,436,infection,662
8.287443272726758,553,0,317,130,0,0,0,437,infection,866
8.287976556890673,552,0,318,130,0,0,0,438,infection,489
8.289034992227316,551,0,319,130,0,0,0,439,infection,460
8.297478271605435,550,0,320,130,0,0,0,440,infection,860
8.305946425125516,549,0,321,130,0,0,0,441,infection,411
8.306334551030256,548,0,322,130,0,0,0,442,infection,67
8.31168190865677,547,0,323,130,0,0,0,443,infection,443
8.31958339607873,546,0,324,130,0,0,0,444,infection,358
8.322282797416165,546,0,323,131,0,0,0,444,recovery,495
8.323320358463155,545,0,324,131,0,0,0,445,infection,455
8.331042295283162,545,0,323,132,0,0,0,445,recovery,840
8.339582645921196,544,0,324,132,0,0,0,446,infection,712
8.341597467722528,543,0,325,132,0,0,0,447,infection,841
8.343954231571857,543,0,324,133,0,0,0,447,recovery,238
8.34452552612205,542,0,325,133,0,0,0,448,infection,301
8.349588471047989,542,0,324,134,0,0,0,448,recovery,973
8.357539681996032,541,0,325,134,0,0,0,449,infection,385
8.361504399766108,540,0,326,134,0,0,0,450,infection,429
8.383538917710563,539,0,327,134,0,0,0,451,infection,15
8.384460781420229,538,0,328,134,0,0,0,452,infection,698
8.385478303603644,537,0,329,134,0,0,0,453,infection,593
8.390043871376031,536,0,330,134,0,0,0,454,infection,953
8.397780320400303,536,0,329,135,0,0,0,454,recovery,516
8.403715187754644,535,0,330,135,0,0,0,455,infection,956
8.412734666149724,534,0,331,135,0,0,0,456,infection,954
8.418234628578263,534,0,330,136,0,0,0,456,recovery,366
8.427124467237038,533,0,331,136,0,0,0,457,infection,754
8.428275266243658,532,0,332,136,0,0,0,458,infection,56
8.433374903295093,531,0,333,136,0,0,0,459,infection,563
8.460830690014419,531,0,332,137,0,0,0,459,recovery,187
8.460914996537005,530,0,333,137,0,0,0,460,infection,715
8.460937226581782,530,0,332,138,0,0,0,460,recovery,126
8.463024540419012,530,0,331,139,0,0,0,460,recovery,608
8.467161913979083,529,0,332,139,0,0,0,461,infection,579
8.470091554854307,528,0,333,139,0,0,0,462,infection,63
8.472529157380547,528,0,332,140,0,0,0,462,recovery,46
8.472745732003157,527,0,333,140,0,0,0,463,infection,746
8.48003571085634,526,0,334,140,0,0,0,464,infection,685
8.480276787603437,525,0,335,140,0,0,0,465,infection,851
8.484126511380161,524,0,336,140,0,0,0,466,infection,167
8.4855239908008,523,0,337,140,0,0,0,467,infection,821
8.487111754764271,522,0,338,140,0,0,0,468,infection,595
8.496532066304194,521,0,339,140,0,0,0,469,infection,316
8.51181732832834,521,0,338,141,0,0,0,469,recovery,954
8.52695588299918,521,0,337,142,0,0,0,469,recovery,805
8.528048772203006,520,0,338,142,0,0,0,470,infection,831
8.530263740309808,519,0,339,142,0,0,0,471,infection,449
8.531496034612559,519,0,338,143,0,0,0,471,recovery,161
8.532437792405778,519,0,337,144,0,0,0,471,recovery,571
8.537241961484414,518,0,338,144,0,0,0,472,infection,20
8.54299016706936,517,0,339,144,0,0,0,473,infection,938
8.544540257805943,517,0,338,145,0,0,0,473,recovery,612
8.547070519818792,516,0,339,145,0,0,0,474,infection,239
8.547321170485784,515,0,340,145,0,0,0,475,infection,7
8.547772449180044,514,0,341,145,0,0,0,476,infection,331
8.554290170568413,513,0,342,145,0,0,0,477,infection,567
8.556261816003593,512,0,343,145,0,0,0,478,infection,102
8.563487976332869,512,0,342,146,0,0,0,478,recovery,437
8.571443975867917,511,0,343,146,0,0,0,479,infection,280
8.573450663394775,511,0,342,147,0,0,0,479,recovery,23
8.588252968796704,511,0,341,148,0,0,0,479,recovery,145
8.595864712281925,510,0,342,148,0,0,0,480,infection,201
8.601349573508788,509,0,343,148,0,0,0,481,infection,572
8.603419415183456,508,0,344,148,0,0,0,482,infection,184
8.614393595551102,507,0,345,148,0,0,0,483,infection,85
8.618371733344485,507,0,344,149,0,0,0,483,recovery,321
8.625053525769324,506,0,345,149,0,0,0,484,infection,181
8.628633102108315,505,0,346,149,0,0,0,485,infection,426
8.641054302270424,504,0,347,149,0,0,0,486,infection,508
8.642293296959924,503,0,348,149,0,0,0,487,infection,533
8.64759902292439,502,0,349,149,0,0,0,488,infection,371
8.650068500515433,502,0,348,150,0,0,0,488,recovery,170
8.65168523387181,501,0,349,150,0,0,0,489,infection,874
8.65247596633322,501,0,348,151,0,0,0,489,recovery,184
8.657961257830323,500,0,349,151,0,0,0,490,infection,610
8.659171212273668,499,0,350,151,0,0,0,491,infection,232
8.673200805650358,499,0,349,152,0,0,0,491,recovery,323
8.673391708129726,498,0,350,152,0,0,0,492,infection,334
8.682991671254179,497,0,351,152,0,0,0,493,infection,124
8.686224151812803,496,0,352,152,0,0,0,494,infection,940
8.695869244869137,496,0,351,153,0,0,0,494,recovery,567
8.700380730568916,496,0,350,154,0,0,0,494,recovery,738
8.727950346780746,496,0,349,155,0,0,0,494,recovery,486
8.72977512600391,495,0,350,155,0,0,0,495,infection,803
8.73085831281722,494,0,351,155,0,0,0,496,infection,960
8.731497044231165,493,0,352,155,0,0,0,497,infection,309
8.734441311334669,493,0,351,156,0,0,0,497,recovery,86
8.735321611089837,492,0,352,156,0,0,0,498,infection,220
8.747028828916667,491,0,353,156,0,0,0,499,infection,407
8.751596916601187,490,0,354,156,0,0,0,500,infection,682
8.755164055811452,489,0,355,156,0,0,0,501,infection,217
8.757972251031932,489,0,354,157,0,0,0,501,recovery,426
8.760162222005746,488,0,355,157,0,0,0,502,infection,463
8.766535134929327,487,0,356,157,0,0,0,503,infection,423
8.777155290698854,486,0,357,157,0,0,0,504,infection,171
8.78423403203614,486,0,356,158,0,0,0,504,recovery,956
8.790807719183842,485,0,357,158,0,0,0,505,infection,583
8.79180314489782,484,0,358,158,0,0,0,506,infection,330
8.791947911227687,483,0,359,158,0,0,0,507,infection,503
8.80480184435385,482,0,360,158,0,0,0,508,infection,944
8.81314576881228,481,0,361,158,0,0,0,509,infection,368
8.819105416417225,480,0,362,158,0,0,0,510,infection,465
8.830185320031392,479,0,363,158,0,0,0,511,infection,58
8.834046492608246,479,0,362,159,0,0,0,511,recovery,266
8.843379226898685,478,0,363,159,0,0,0,512,infection,933
8.85014742458708,478,0,362,160,0,0,0,512,recovery,407
8.851058898600987,477,0,363,160,0,0,0,513,infection,106
8.851364758099852,477,0,362,161,0,0,0,513,recovery,432
8.852045220792428,476,0,363,161,0,0,0,514,infection,182
8.8537139095318,476,0,362,162,0,0,0,514,recovery,43
8.864665855852031,475,0,363,162,0,0,0,515,infection,107
8.866999307634662,474,0,364,162,0,0,0,516,infection,125
8.886214006004113,474,0,363,163,0,0,0,516,recovery,350
8.897139115558565,473,0,364,163,0,0,0,517,infection,598
8.90654905085236,472,0,365,163,0,0,0,518,infection,886
8.911925030182356,471,0,366,163,0,0,0,519,infection,641
8.916072346311816,470,0,367,163,0,0,0,520,infection,73
8.91681422759618,470,0,366,164,0,0,0,520,recovery,471
8.919820440203296,469,0,367,164,0,0,0,521,infection,845
8.948250057297134,469,0,366,165,0,0,0,521,recovery,851
8.954128257761163,468,0,367,165,0,0,0,522,infection,14
8.958818353025503,467,0,368,165,0,0,0,523,infection,910
8.962832893007153,466,0,369,165,0,0,0,524,infection,541
8.962941066922957,465,0,370,165,0,0,0,525,infection,71
8.971147878753394,465,0,369,166,0,0,0,525,recovery,313
8.973054676635703,464,0,370,166,0,0,0,526,infection,113
8.989857529220568,464,0,369,167,0,0,0,526,recovery,117
8.992266931333306,464,0,368,168,0,0,0,526,recovery,854
8.995633775862798,464,0,367,169,0,0,0,526,recovery,778
9.019577079128013,464,0,366,170,0,0,0,526,recovery,794
9.023372244643296,463,0,367,170,0,0,0,527,infection,498
9.024086707256252,463,0,366,171,0,0,0,527,recovery,162
9.027451084200337,463,0,365,172,0,0,0,527,recovery,604
9.028718292428916,463,0,364,173,0,0,0,527,recovery,605
9.029576308249158,463,0,363,174,0,0,0,527,recovery,936
9.030150559808709,462,0,364,174,0,0,0,528,infection,296
9.031179074001741,461,0,365,174,0,0,0,529,infection,363
9.036892394274528,460,0,366,174,0,0,0,530,infection,530
9.042872545138755,459,0,367,174,0,0,0,531,infection,84
9.048512209602148,458,0,368,174,0,0,0,532,infection,661
9.054907895280481,457,0,369,174,0,0,0,533,infection,140
9.063880365229908,457,0,368,175,0,0,0,533,recovery,563
9.06730673785708,457,0,367,176,0,0,0,533,recovery,602
9.069406050453345,456,0,368,176,0,0,0,534,infection,681
9.073061434275491,456,0,367,177,0,0,0,534,recovery,103
9.076005584583918,455,0,368,177,0,0,0,535,infection,19
9.080911000588888,454,0,369,177,0,0,0,536,infection,12
9.086340598332958,454,0,368,178,0,0,0,536,recovery,443
9.091257798062792,453,0,369,178,0,0,0,537,infection,183
9.104081330737417,453,0,368,179,0,0,0,537,recovery,463
9.10586466214333,452,0,369,179,0,0,0,538,infection,951
9.124574547482611,451,0,370,179,0,0,0,539,infection,177
9.130972596233363,450,0,371,179,0,0,0,540,infection,718
9.134750208239806,449,0,372,179,0,0,0,541,infection,899
9.134893651951707,449,0,371,180,0,0,0,541,recovery,549
9.138035140128466,449,0,370,181,0,0,0,541,recovery,24
9.159627750033573,448,0,371,181,0,0,0,542,infection,917
9.16409554597729,447,0,372,181,0,0,0,543,infection,148
9.16597493838643,447,0,371,182,0,0,0,543,recovery,899
9.167226639634775,446,0,372,182,0,0,0,544,infection,254
9.184250094509618,446,0,371,183,0,0,0,544,recovery,621
9.1843891817358,446,0,370,184,0,0,0,544,recovery,111
9.18683970674038,445,0,371,184,0,0,0,545,infection,502
9.194725950908277,444,0,372,184,0,0,0,546,infection,196
9.196936518358328,443,0,373,184,0,0,0,547,infection,484
9.199150052158636,442,0,374,184,0,0,0,548,infection,362
9.199463445526627,441,0,375,184,0,0,0,549,infection,725
9.203826020168403,441,0,374,185,0,0,0,549,recovery,391
9.206217332032274,440,0,375,185,0,0,0,550,infection,930
9.240580925384588,439,0,376,185,0,0,0,551,infection,499
9.258752851132382,438,0,377,185,0,0,0,552,infection,981
9.279058376965311,438,0,376,186,0,0,0,552,recovery,399
9.280581439407818,438,0,375,187,0,0,0,552,recovery,661
9.291759039249953,438,0,374,188,0,0,0,552,recovery,809
9.316834325435094,437,0,375,188,0,0,0,553,infection,388
9.317627275906379,436,0,376,188,0,0,0,554,infection,842
9.321828984375456,436,0,375,189,0,0,0,554,recovery,270
9.330933130904668,435,0,376,189,0,0,0,555,infection,920
9.357022997859575,434,0,377,189,0,0,0,556,infection,655
9.359220348995368,433,0,378,189,0,0,0,557,infection,507
9.361436432090034,433,0,377,190,0,0,0,557,recovery,751
9.378500065931597,433,0,376,191,0,0,0,557,recovery,356
9.380560498886167,432,0,377,191,0,0,0,558,infection,119
9.390562917065248,431,0,378,191,0,0,0,559,infection,852
9.393676964105644,431,0,377,192,0,0,0,559,recovery,888
9.406223271029802,431,0,376,193,0,0,0,559,recovery,75
9.429727014232695,431,0,375,194,0,0,0,559,recovery,715
9.430872103469174,430,0,376,194,0,0,0,560,infection,269
9.43222662674903,429,0,377,194,0,0,0,561,infection,660
9.433487761146672,429,0,376,195,0,0,0,561,recovery,663
9.442734655889714,428,0,377,195,0,0,0,562,infection,180
9.442873731903429,428,0,376,196,0,0,0,562,recovery,867
9.445047122868699,427,0,377,196,0,0,0,563,infection,231
9.448209035427876,426,0,378,196,0,0,0,564,infection,846
9.450273624547945,425,0,379,196,0,0,0,565,infection,629
9.454687194674417,424,0,380,196,0,0,0,566,infection,397
9.459645160574999,423,0,381,196,0,0,0,567,infection,237
9.473598668303188,422,0,382,196,0,0,0,568,infection,534
9.477110057870519,422,0,381,197,0,0,0,568,recovery,87
9.48372295330078,421,0,382,197,0,0,0,569,infection,748
9.490101806110163,420,0,383,197,0,0,0,570,infection,131
9.500767356866284,419,0,384,197,0,0,0,571,infection,200
9.51194476300577,418,0,385,197,0,0,0,572,infection,680
9.51416683495651,417,0,386,197,0,0,0,573,infection,300
9.516275054757807,416,0,387,197,0,0,0,574,infection,949
9.52342601224259,415,0,388,197,0,0,0,575,infection,764
9.525642863768075,415,0,387,198,0,0,0,575,recovery,787
9.527940097131154,415,0,386,199,0,0,0,575,recovery,940
9.537749395959734,414,0,387,199,0,0,0,576,infection,972
9.54668864171717,413,0,388,199,0,0,0,577,infection,923
9.551899481079818,413,0,387,200,0,0,0,577,recovery,280
9.554139232940669,412,0,388,200,0,0,0,578,infection,765
9.556275593754004,411,0,389,200,0,0,0,579,infection,178
9.565067706133268,411,0,388,201,0,0,0,579,recovery,755
9.566257926157899,410,0,389,201,0,0,0,580,infection,159
9.569175393095312,409,0,390,201,0,0,0,581,infection,402
9.573901643605634,408,0,391,201,0,0,0,582,infection,883
9.586359670305864,407,0,392,201,0,0,0,583,infection,452
9.58932743962786,407,0,391,202,0,0,0,583,recovery,512
9.59549697799233,406,0,392,202,0,0,0,584,infection,894
9.59689033898675,405,0,393,202,0,0,0,585,infection,255
9.600864073164438,404,0,394,202,0,0,0,586,infection,985
9.60478093927285,404,0,393,203,0,0,0,586,recovery,171
9.626489419689383,403,0,394,203,0,0,0,587,infection,849
9.627263785584539,402,0,395,203,0,0,0,588,infection,215
9.633074340406447,402,0,394,204,0,0,0,588,recovery,416
9.637632707411694,402,0,393,205,0,0,0,588,recovery,448
9.64319338497344,401,0,394,205,0,0,0,589,infection,987
9.650701859816822,400,0,395,205,0,0,0,590,infection,627
9.651711532334721,399,0,396,205,0,0,0,591,infection,896
9.65567865698269,398,0,397,205,0,0,0,592,infection,164
9.659008066242404,397,0,398,205,0,0,0,593,infection,497
9.670632105931539,396,0,399,205,0,0,0,594,infection,241
9.672731502127679,395,0,400,205,0,0,0,595,infection,635
9.68087271719591,395,0,399,206,0,0,0,595,recovery,482
9.681914423982315,394,0,400,206,0,0,0,596,infection,348
9.696318120743562,394,0,399,207,0,0,0,596,recovery,127
9.701909266281065,394,0,398,208,0,0,0,596,recovery,371
9.703574898942202,394,0,397,209,0,0,0,596,recovery,58
9.713536110771027,393,0,398,209,0,0,0,597,infection,863
9.718050400258031,393,0,397,210,0,0,0,597,recovery,384
9.723006938722277,392,0,398,210,0,0,0,598,infection,668
9.733033511212069,391,0,399,210,0,0,0,599,infection,282
9.739306058097586,390,0,400,210,0,0,0,600,infection,811
9.74235861063695,389,0,401,210,0,0,0,601,infection,790
9.746953155644686,388,0,402,210,0,0,0,602,infection,45
9.748838245013141,387,0,403,210,0,0,0,603,infection,332
9.758697974124559,387,0,402,211,0,0,0,603,recovery,216
9.776826786372602,386,0,403,211,0,0,0,604,infection,807
9.779293107843628,385,0,404,211,0,0,0,605,infection,815
9.782608721814617,385,0,403,212,0,0,0,605,recovery,928
9.808634644522199,384,0,404,212,0,0,0,606,infection,599
9.812387375418567,384,0,403,213,0,0,0,606,recovery,541
9.814123317505125,383,0,404,213,0,0,0,607,infection,122
9.818984188467207,382,0,405,213,0,0,0,608,infection,710
9.821448550868887,381,0,406,213,0,0,0,609,infection,41
9.821862096580329,380,0,407,213,0,0,0,610,infection,907
9.824732035931317,379,0,408,213,0,0,0,611,infection,517
9.82552502001372,378,0,409,213,0,0,0,612,infection,643
9.831622132424128,377,0,410,213,0,0,0,613,infection,297
9.83515475433347,377,0,409,214,0,0,0,613,recovery,655
9.835811183469065,376,0,410,214,0,0,0,614,infection,542
9.836887165111705,375,0,411,214,0,0,0,615,infection,574
9.836981824096505,374,0,412,214,0,0,0,616,infection,501
9.842715590415539,374,0,411,215,0,0,0,616,recovery,791
9.85123008661547,373,0,412,215,0,0,0,617,infection,51
9.85345611709742,373,0,411,216,0,0,0,617,recovery,138
9.853664489150487,372,0,412,216,0,0,0,618,infection,310
9.855091120042646,371,0,413,216,0,0,0,619,infection,444
9.85972048004623,370,0,414,216,0,0,0,620,infection,616
9.860433224176832,370,0,413,217,0,0,0,620,recovery,985
9.870172325038107,369,0,414,217,0,0,0,621,infection,667
9.87384893871328,369,0,413,218,0,0,0,621,recovery,875
9.87604829578298,369,0,412,219,0,0,0,621,recovery,660
9.87622429845565,369,0,411,220,0,0,0,621,recovery,301
9.879909214060758,368,0,412,220,0,0,0,622,infection,361
9.882002914414992,367,0,413,220,0,0,0,623,infection,674
9.891457060662622,367,0,412,221,0,0,0,623,recovery,764
9.894067674737181,367,0,411,222,0,0,0,623,recovery,71
9.89446232651908,366,0,412,222,0,0,0,624,infection,273
9.900058659576517,365,0,413,222,0,0,0,625,infection,741
9.913389460384279,364,0,414,222,0,0,0,626,infection,782
9.918406865700346,364,0,413,223,0,0,0,626,recovery,970
9.919987323258528,363,0,414,223,0,0,0,627,infection,500
9.924102870744587,363,0,413,224,0,0,0,627,recovery,182
9.932096077871664,362,0,414,224,0,0,0,628,infection,551
9.94078508121262,362,0,413,225,0,0,0,628,recovery,641
9.952860239555092,361,0,414,225,0,0,0,629,infection,911
9.95930760460522,361,0,413,226,0,0,0,629,recovery,584
9.963585560313597,361,0,412,227,0,0,0,629,recovery,211
9.965745512886254,361,0,411,228,0,0,0,629,recovery,568
9.968820666391814,360,0,412,228,0,0,0,630,infection,857
9.971832812595922,359,0,413,228,0,0,0,631,infection,976
9.972461306586105,358,0,414,228,0,0,0,632,infection,433
9.980218847674537,357,0,415,228,0,0,0,633,infection,847
9.988924373761625,357,0,414,229,0,0,0,633,recovery,574
9.9921648981259,356,0,415,229,0,0,0,634,infection,644
10.003692544418579,355,0,416,229,0,0,0,635,infection,233
10.006013415533141,355,0,415,230,0,0,0,635,recovery,947
10.009773421227946,355,0,414,231,0,0,0,635,recovery,505
10.011505422974633,354,0,415,231,0,0,0,636,infection,509
10.013016630639248,353,0,416,231,0,0,0,637,infection,974
10.014550048900325,352,0,417,231,0,0,0,638,infection,989
10.016855090872893,352,0,416,232,0,0,0,638,recovery,636
10.021879007951535,352,0,415,233,0,0,0,638,recovery,639
10.027773383573601,352,0,414,234,0,0,0,638,recovery,189
10.034933352907764,352,0,413,235,0,0,0,638,recovery,909
10.03504120559372,351,0,414,235,0,0,0,639,infection,848
10.037093493578324,351,0,413,236,0,0,0,639,recovery,278
10.045803467689067,350,0,414,236,0,0,0,640,infection,194
10.049148557967563,350,0,413,237,0,0,0,640,recovery,362
10.051196224110868,350,0,412,238,0,0,0,640,recovery,662
10.061709652358916,349,0,413,238,0,0,0,641,infection,833
10.069462024475108,348,0,414,238,0,0,0,642,infection,226
10.078817557574437,347,0,415,238,0,0,0,643,infection,112
10.082013822428454,346,0,416,238,0,0,0,644,infection,77
10.09836022516013,346,0,415,239,0,0,0,644,recovery,746
10.100678526647247,346,0,414,240,0,0,0,644,recovery,351
10.107170566570153,345,0,415,240,0,0,0,645,infection,246
10.108320484104942,345,0,414,241,0,0,0,645,recovery,122
10.120566165069006,344,0,415,241,0,0,0,646,infection,203
10.123003341306358,343,0,416,241,0,0,0,647,infection,53
10.132378119832408,342,0,417,241,0,0,0,648,infection,116
10.133496306727421,341,0,418,241,0,0,0,649,infection,469
10.134340497405262,340,0,419,241,0,0,0,650,infection,776
10.147217795009562,339,0,420,241,0,0,0,651,infection,408
10.164378144400137,338,0,421,241,0,0,0,652,infection,22
10.165319182088998,338,0,420,242,0,0,0,652,recovery,920
10.17605309326605,338,0,419,243,0,0,0,652,recovery,657
10.176227373442462,338,0,418,244,0,0,0,652,recovery,798
10.176904020857176,338,0,417,245,0,0,0,652,recovery,939
10.185518653424513,337,0,418,245,0,0,0,653,infection,142
10.188033523904064,337,0,417,246,0,0,0,653,recovery,442
10.191787354708916,336,0,418,246,0,0,0,654,infection,129
10.200693545382258,335,0,419,246,0,0,0,655,infection,123
10.203632266845702,335,0,418,247,0,0,0,655,recovery,190
10.225467750561364,334,0,419,247,0,0,0,656,infection,813
10.228948154365444,333,0,420,247,0,0,0,657,infection,652
10.234949042165594,333,0,419,248,0,0,0,657,recovery,987
10.235965183944604,332,0,420,248,0,0,0,658,infection,966
10.24270247829569,332,0,419,249,0,0,0,658,recovery,30
10.243540351227896,332,0,418,250,0,0,0,658,recovery,748
10.243563234792308,332,0,417,251,0,0,0,658,recovery,167
10.243701597626991,331,0,418,251,0,0,0,659,infection,50
10.262719114227679,331,0,417,252,0,0,0,659,recovery,398
10.263781389536678,330,0,418,252,0,0,0,660,infection,34
10.264331028689885,329,0,419,252,0,0,0,661,infection,720
10.267003933952552,328,0,420,252,0,0,0,662,infection,213
10.270988088385302,328,0,419,253,0,0,0,662,recovery,359
10.273741624531159,328,0,418,254,0,0,0,662,recovery,827
10.273922465886587,328,0,417,255,0,0,0,662,recovery,534
10.285779271464683,327,0,418,255,0,0,0,663,infection,594
10.295940362211432,326,0,419,255,0,0,0,664,infection,373
10.298638582394897,325,0,420,255,0,0,0,665,infection,580
10.299445392566847,325,0,419,256,0,0,0,665,recovery,450
10.304874938348393,324,0,420,256,0,0,0,666,infection,464
10.311774961100875,324,0,419,257,0,0,0,666,recovery,707
10.33122815859307,324,0,418,258,0,0,0,666,recovery,979
10.343515813157852,323,0,419,258,0,0,0,667,infection,195
10.344525708614562,323,0,418,259,0,0,0,667,recovery,364
10.353575191238445,322,0,419,259,0,0,0,668,infection,716
10.362214165388965,321,0,420,259,0,0,0,669,infection,252
10.362535336158913,320,0,421,259,0,0,0,670,infection,540
10.365805938820843,320,0,420,260,0,0,0,670,recovery,322
10.369684515304437,319,0,421,260,0,0,0,671,infection,820
10.369722390328832,318,0,422,260,0,0,0,672,infection,447
10.371351799667808,317,0,423,260,0,0,0,673,infection,904
10.374345656063442,317,0,422,261,0,0,0,673,recovery,497
10.38061334331502,316,0,423,261,0,0,0,674,infection,343
10.383148974341347,316,0,422,262,0,0,0,674,recovery,40
10.39757361684946,315,0,423,262,0,0,0,675,infection,704
10.40033099225278,315,0,422,263,0,0,0,675,recovery,175
10.413692396342237,314,0,423,263,0,0,0,676,infection,838
10.417292642936735,314,0,422,264,0,0,0,676,recovery,231
10.426589232247009,314,0,421,265,0,0,0,676,recovery,974
10.435957016833907,314,0,420,266,0,0,0,676,recovery,142
10.439167318442646,314,0,419,267,0,0,0,676,recovery,773
10.447653724888905,314,0,418,268,0,0,0,676,recovery,498
10.449101802493923,313,0,419,268,0,0,0,677,infection,65
10.473613805514786,313,0,418,269,0,0,0,677,recovery,820
10.487203910961966,312,0,419,269,0,0,0,678,infection,293
10.48859966440905,311,0,420,269,0,0,0,679,infection,832
10.488870539017832,311,0,419,270,0,0,0,679,recovery,20
10.496502641272171,310,0,420,270,0,0,0,680,infection,801
10.502857757154363,309,0,421,270,0,0,0,681,infection,424
10.509432921902716,308,0,422,270,0,0,0,682,infection,202
10.5157423167717,308,0,421,271,0,0,0,682,recovery,678
10.51608793781573,308,0,420,272,0,0,0,682,recovery,316
10.516650223628,307,0,421,272,0,0,0,683,infection,758
10.526101001746314,306,0,422,272,0,0,0,684,infection,224
10.530741068331146,306,0,421,273,0,0,0,684,recovery,545
10.5415754391313,305,0,422,273,0,0,0,685,infection,795
10.544888534303444,304,0,423,273,0,0,0,686,infection,492
10.548591322179142,304,0,422,274,0,0,0,686,recovery,955
10.550203763694338,304,0,421,275,0,0,0,686,recovery,60
10.555694251216044,303,0,422,275,0,0,0,687,infection,779
10.556494837013842,303,0,421,276,0,0,0,687,recovery,302
10.56407242214665,303,0,420,277,0,0,0,687,recovery,346
10.568189420009757,302,0,421,277,0,0,0,688,infection,347
10.568626870486515,302,0,420,278,0,0,0,688,recovery,329
10.570035909175958,302,0,419,279,0,0,0,688,recovery,93
10.579587214213479,301,0,420,279,0,0,0,689,infection,724
10.58861048267976,301,0,419,280,0,0,0,689,recovery,124
10.59642370743024,301,0,418,281,0,0,0,689,recovery,494
10.59717104420575,301,0,417,282,0,0,0,689,recovery,727
10.613150425129014,300,0,418,282,0,0,0,690,infection,412
10.613545737790538,300,0,417,283,0,0,0,690,recovery,972
10.653447718119379,299,0,418,283,0,0,0,691,infection,154
10.655389572305339,299,0,417,284,0,0,0,691,recovery,315
10.656011305651559,298,0,418,284,0,0,0,692,infection,311
10.657085687595478,297,0,419,284,0,0,0,693,infection,525
10.658515849372797,297,0,418,285,0,0,0,693,recovery,252
10.663611245475582,296,0,419,285,0,0,0,694,infection,369
10.670899964407653,295,0,420,285,0,0,0,695,infection,340
10.675057080723612,295,0,419,286,0,0,0,695,recovery,84
10.67740841393255,295,0,418,287,0,0,0,695,recovery,680
10.687203404190804,294,0,419,287,0,0,0,696,infection,829
10.69698480077627,294,0,418,288,0,0,0,696,recovery,848
10.698811841463677,293,0,419,288,0,0,0,697,infection,415
10.707328785917037,293,0,418,289,0,0,0,697,recovery,944
10.709037542841449,292,0,419,289,0,0,0,698,infection,747
10.713656415544445,291,0,420,289,0,0,0,699,infection,708
10.715529051553842,290,0,421,289,0,0,0,700,infection,735
10.71569045008923,290,0,420,290,0,0,0,700,recovery,732
10.720906806853622,289,0,421,290,0,0,0,701,infection,370
10.72164375103145,289,0,420,291,0,0,0,701,recovery,917
10.7252024028515,288,0,421,291,0,0,0,702,infection,227
10.733097124677332,287,0,422,291,0,0,0,703,infection,396
10.738222100408926,286,0,423,291,0,0,0,704,infection,677
10.759338150961051,286,0,422,292,0,0,0,704,recovery,492
10.76495843297384,286,0,421,293,0,0,0,704,recovery,123
10.78462914438418,285,0,422,293,0,0,0,705,infection,390
10.790231713514762,284,0,423,293,0,0,0,706,infection,900
10.80057063750618,283,0,424,293,0,0,0,707,infection,406
10.810936462985238,283,0,423,294,0,0,0,707,recovery,377
10.817282589073844,283,0,422,295,0,0,0,707,recovery,880
10.823207090166452,282,0,423,295,0,0,0,708,infection,8
10.831725056180302,281,0,424,295,0,0,0,709,infection,76
10.83787530938556,280,0,425,295,0,0,0,710,infection,626
10.839217456502404,280,0,424,296,0,0,0,710,recovery,56
10.846039495183799,279,0,425,296,0,0,0,711,infection,242
10.846960467072257,278,0,426,296,0,0,0,712,infection,319
10.851012378574048,278,0,425,297,0,0,0,712,recovery,155
10.856699389402113,278,0,424,298,0,0,0,712,recovery,412
10.864270369304284,278,0,423,299,0,0,0,712,recovery,685
10.865048013405595,278,0,422,300,0,0,0,712,recovery,565
10.868518152313397,277,0,423,300,0,0,0,713,infection,208
10.869057203299555,276,0,424,300,0,0,0,714,infection,697
10.869771606884212,275,0,425,300,0,0,0,715,infection,374
10.870323400143775,275,0,424,301,0,0,0,715,recovery,708
10.87062895925676,275,0,423,302,0,0,0,715,recovery,67
10.87913489520567,274,0,424,302,0,0,0,716,infection,675
10.886083865574463,273,0,425,302,0,0,0,717,infection,475
10.889097115423434,273,0,424,303,0,0,0,717,recovery,686
10.89284970180907,272,0,425,303,0,0,0,718,infection,179
10.916384390901182,272,0,424,304,0,0,0,718,recovery,34
10.916847972791775,272,0,423,305,0,0,0,718,recovery,542
10.93170103118943,271,0,424,305,0,0,0,719,infection,357
10.931879954366083,270,0,425,305,0,0,0,720,infection,927
10.932583778273507,270,0,424,306,0,0,0,720,recovery,202
10.93597635061591,269,0,425,306,0,0,0,721,infection,163
10.941468356442746,268,0,426,306,0,0,0,722,infection,247
10.941726565646553,267,0,427,306,0,0,0,723,infection,267
10.944408818139753,266,0,428,306,0,0,0,724,infection,620
10.955222009943878,265,0,429,306,0,0,0,725,infection,303
10.97113366021132,265,0,428,307,0,0,0,725,recovery,517
10.971314540832662,265,0,427,308,0,0,0,725,recovery,813
10.984149474605463,265,0,426,309,0,0,0,725,recovery,411
10.984922818405591,265,0,425,310,0,0,0,725,recovery,620
10.996010732196249,264,0,426,310,0,0,0,726,infection,648
11.001880769203984,263,0,427,310,0,0,0,727,infection,279
11.003997552374175,262,0,428,310,0,0,0,728,infection,243
11.009486795099555,261,0,429,310,0,0,0,729,infection,27
11.018636309039739,261,0,428,311,0,0,0,729,recovery,85
11.036770950707378,260,0,429,311,0,0,0,730,infection,683
11.038252954603559,259,0,430,311,0,0,0,731,infection,693
11.039585191853574,259,0,429,312,0,0,0,731,recovery,669
11.040187457642446,258,0,430,312,0,0,0,732,infection,327
11.058900759097094,257,0,431,312,0,0,0,733,infection,458
11.061087504651017,256,0,432,312,0,0,0,734,infection,97
11.062942754603927,255,0,433,312,0,0,0,735,infection,582
11.06800799052391,255,0,432,313,0,0,0,735,recovery,981
11.07200185395479,255,0,431,314,0,0,0,735,recovery,720
11.075504509466079,254,0,432,314,0,0,0,736,infection,772
11.084999665193354,254,0,431,315,0,0,0,736,recovery,395
11.09267647397886,254,0,430,316,0,0,0,736,recovery,784
11.101730206130965,253,0,431,316,0,0,0,737,infection,337
11.109974359855018,252,0,432,316,0,0,0,738,infection,836
11.110376313517337,251,0,433,316,0,0,0,739,infection,670
11.11214110878967,250,0,434,316,0,0,0,740,infection,589
11.123705274404852,250,0,433,317,0,0,0,740,recovery,419
11.132498195984374,249,0,434,317,0,0,0,741,infection,89
11.133869542067384,248,0,435,317,0,0,0,742,infection,617
11.146108411029324,247,0,436,317,0,0,0,743,infection,312
11.157612686866273,247,0,435,318,0,0,0,743,recovery,762
11.163905255754454,246,0,436,318,0,0,0,744,infection,115
11.174588044688766,245,0,437,318,0,0,0,745,infection,245
11.179206034503506,245,0,436,319,0,0,0,745,recovery,599
11.18941873299023,245,0,435,320,0,0,0,745,recovery,152
11.209846911722522,245,0,434,321,0,0,0,745,recovery,146
11.210771343151308,245,0,433,322,0,0,0,745,recovery,513
11.21159960260829,244,0,434,322,0,0,0,746,infection,977
11.212721764453972,244,0,433,323,0,0,0,746,recovery,921
11.226479199272863,243,0,434,323,0,0,0,747,infection,440
11.227717668021045,242,0,435,323,0,0,0,748,infection,446
11.229312428679096,242,0,434,324,0,0,0,748,recovery,836
11.236517210335936,241,0,435,324,0,0,0,749,infection,733
11.237900197954557,240,0,436,324,0,0,0,750,infection,548
11.239842543021725,239,0,437,324,0,0,0,751,infection,80
11.251506094423446,238,0,438,324,0,0,0,752,infection,114
11.259921522883973,238,0,437,325,0,0,0,752,recovery,8
11.261596696568247,238,0,436,326,0,0,0,752,recovery,499
11.267717112345839,237,0,437,326,0,0,0,753,infection,251
11.273581797984939,236,0,438,326,0,0,0,754,infection,793
11.278169258047097,236,0,437,327,0,0,0,754,recovery,119
11.305269439631754,235,0,438,327,0,0,0,755,infection,519
11.323178819791435,234,0,439,327,0,0,0,756,infection,380
11.363945438531214,233,0,440,327,0,0,0,757,infection,418
11.373749197517327,233,0,439,328,0,0,0,757,recovery,992
11.375599830871561,233,0,438,329,0,0,0,757,recovery,801
11.39692385714509,233,0,437,330,0,0,0,757,recovery,192
11.397340217742189,233,0,436,331,0,0,0,757,recovery,509
11.40139825119348,232,0,437,331,0,0,0,758,infection,539
11.40202142186148,231,0,438,331,0,0,0,759,infection,173
11.416661063132812,230,0,439,331,0,0,0,760,infection,705
11.41819464485641,230,0,438,332,0,0,0,760,recovery,644
11.446801635042993,230,0,437,333,0,0,0,760,recovery,116
11.448816383363773,230,0,436,334,0,0,0,760,recovery,566
11.453995513219128,229,0,437,334,0,0,0,761,infection,387
11.463226142710585,229,0,436,335,0,0,0,761,recovery,201
11.466646350534687,229,0,435,336,0,0,0,761,recovery,347
11.484952121833874,228,0,436,336,0,0,0,762,infection,259
11.489956304058449,228,0,435,337,0,0,0,762,recovery,868
11.49554301879641,227,0,436,337,0,0,0,763,infection,130
11.497549111561934,227,0,435,338,0,0,0,763,recovery,730
11.50505095119917,226,0,436,338,0,0,0,764,infection,214
11.508492628902138,226,0,435,339,0,0,0,764,recovery,212
11.512862591034587,226,0,434,340,0,0,0,764,recovery,726
11.516835379185773,225,0,435,340,0,0,0,765,infection,413
11.521186454903074,224,0,436,340,0,0,0,766,infection,306
11.52598795741927,224,0,435,341,0,0,0,766,recovery,883
11.536019282926686,223,0,436,341,0,0,0,767,infection,199
11.560182000706083,223,0,435,342,0,0,0,767,recovery,725
11.563190392725003,222,0,436,342,0,0,0,768,infection,556
11.566582819807934,222,0,435,343,0,0,0,768,recovery,879
11.569333213110802,222,0,434,344,0,0,0,768,recovery,884
11.59073394652259,222,0,433,345,0,0,0,768,recovery,958
11.593111508949963,221,0,434,345,0,0,0,769,infection,518
11.593854140945034,221,0,433,346,0,0,0,769,recovery,697
11.60865791608581,220,0,434,346,0,0,0,770,infection,372
11.608907543677683,219,0,435,346,0,0,0,771,infection,822
11.61915195322706,218,0,436,346,0,0,0,772,infection,160
11.634712744709937,218,0,435,347,0,0,0,772,recovery,425
11.63652732566891,217,0,436,347,0,0,0,773,infection,74
11.643756860091617,217,0,435,348,0,0,0,773,recovery,357
11.650643835325724,217,0,434,349,0,0,0,773,recovery,551
11.668042905555565,217,0,433,350,0,0,0,773,recovery,27
11.671923634601002,216,0,434,350,0,0,0,774,infection,438
11.673699264488864,215,0,435,350,0,0,0,775,infection,552
11.683589680418489,215,0,434,351,0,0,0,775,recovery,31
11.68744931279901,215,0,433,352,0,0,0,775,recovery,733
11.688877132622883,214,0,434,352,0,0,0,776,infection,317
11.691580636471734,213,0,435,352,0,0,0,777,infection,48
11.695087528735474,213,0,434,353,0,0,0,777,recovery,306
11.708091240081119,212,0,435,353,0,0,0,778,infection,859
11.708812344884786,212,0,434,354,0,0,0,778,recovery,502
11.721959114412845,211,0,435,354,0,0,0,779,infection,687
11.723142753018774,211,0,434,355,0,0,0,779,recovery,533
11.727066688180223,210,0,435,355,0,0,0,780,infection,577
11.727505658421903,209,0,436,355,0,0,0,781,infection,893
11.734105891456268,208,0,437,355,0,0,0,782,infection,257
11.742605845058083,208,0,436,356,0,0,0,782,recovery,309
11.744742512619535,208,0,435,357,0,0,0,782,recovery,500
11.749058059627117,207,0,436,357,0,0,0,783,infection,529
11.756717013926982,207,0,435,358,0,0,0,783,recovery,881
11.759133598249116,207,0,434,359,0,0,0,783,recovery,873
11.763748623937765,206,0,435,359,0,0,0,784,infection,134
11.771815519773032,205,0,436,359,0,0,0,785,infection,121
11.787710397042861,205,0,435,360,0,0,0,785,recovery,218
11.80293415384952,205,0,434,361,0,0,0,785,recovery,592
11.819925043366128,204,0,435,361,0,0,0,786,infection,454
11.82107442218822,204,0,434,362,0,0,0,786,recovery,2
11.840792263532814,203,0,435,362,0,0,0,787,infection,684
11.848717373299419,203,0,434,363,0,0,0,787,recovery,724
11.850679362024149,202,0,435,363,0,0,0,788,infection,553
11.851921209743052,201,0,436,363,0,0,0,789,infection,414
11.865409406571391,201,0,435,364,0,0,0,789,recovery,203
11.87101624659283,201,0,434,365,0,0,0,789,recovery,77
11.876562697675965,200,0,435,365,0,0,0,790,infection,975
11.883350579383016,199,0,436,365,0,0,0,791,infection,176
11.884976811162161,199,0,435,366,0,0,0,791,recovery,76
11.886996191888029,198,0,436,366,0,0,0,792,infection,569
11.88966867723182,197,0,437,366,0,0,0,793,infection,929
11.891253374871038,197,0,436,367,0,0,0,793,recovery,3
11.920906110811925,197,0,435,368,0,0,0,793,recovery,923
11.921301816656952,197,0,434,369,0,0,0,793,recovery,444
11.934407465435093,196,0,435,369,0,0,0,794,infection,375
11.952672830899003,195,0,436,369,0,0,0,795,infection,11
11.972154004832564,194,0,437,369,0,0,0,796,infection,230
11.975154822860429,193,0,438,369,0,0,0,797,infection,876
11.9757312596309,192,0,439,369,0,0,0,798,infection,188
11.979656776437567,192,0,438,370,0,0,0,798,recovery,577
11.9850769391665,192,0,437,371,0,0,0,798,recovery,841
11.986337588828182,191,0,438,371,0,0,0,799,infection,986
11.987009098924307,190,0,439,371,0,0,0,800,infection,871
11.999572699354546,189,0,440,371,0,0,0,801,infection,721
12.010957799253626,189,0,439,372,0,0,0,801,recovery,989
12.018235327980735,188,0,440,372,0,0,0,802,infection,457
12.033564106516348,188,0,439,373,0,0,0,802,recovery,312
12.038207369127717,188,0,438,374,0,0,0,802,recovery,877
12.043072257495652,187,0,439,374,0,0,0,803,infection,54
12.04964543155641,186,0,440,374,0,0,0,804,infection,472
12.053999212378757,186,0,439,375,0,0,0,804,recovery,160
12.07110645044266,186,0,438,376,0,0,0,804,recovery,489
12.084350254582136,185,0,439,376,0,0,0,805,infection,578
12.084705735843743,184,0,440,376,0,0,0,806,infection,624
12.113521397805599,184,0,439,377,0,0,0,806,recovery,475
12.117703447740144,184,0,438,378,0,0,0,806,recovery,269
12.136938367243902,184,0,437,379,0,0,0,806,recovery,698
12.138002739398738,184,0,436,380,0,0,0,806,recovery,284
12.142459692178859,184,0,435,381,0,0,0,806,recovery,846
12.146788437382668,183,0,436,381,0,0,0,807,infection,55
12.150436664342793,182,0,437,381,0,0,0,808,infection,843
12.154914716472215,182,0,436,382,0,0,0,808,recovery,274
12.15571980686298,182,0,435,383,0,0,0,808,recovery,907
12.156620227264096,181,0,436,383,0,0,0,809,infection,889
12.181996734997472,180,0,437,383,0,0,0,810,infection,478
12.196046761560842,180,0,436,384,0,0,0,810,recovery,833
12.208945340686125,179,0,437,384,0,0,0,811,infection,325
12.217627300423688,178,0,438,384,0,0,0,812,infection,204
12.223840691895223,178,0,437,385,0,0,0,812,recovery,617
12.248975734665066,178,0,436,386,0,0,0,812,recovery,511
12.24983010314458,177,0,437,386,0,0,0,813,infection,858
12.259172628407788,177,0,436,387,0,0,0,813,recovery,765
12.260935162510862,177,0,435,388,0,0,0,813,recovery,525
12.272353252834357,177,0,434,389,0,0,0,813,recovery,319
12.277121498668736,177,0,433,390,0,0,0,813,recovery,331
12.294291824658105,177,0,432,391,0,0,0,813,recovery,886
12.294848279411491,177,0,431,392,0,0,0,813,recovery,610
12.30144152489316,177,0,430,393,0,0,0,813,recovery,984
12.310352073257402,176,0,431,393,0,0,0,814,infection,360
12.321771644284327,175,0,432,393,0,0,0,815,infection,158
12.331445928920227,174,0,433,393,0,0,0,816,infection,393
12.33166240548082,174,0,432,394,0,0,0,816,recovery,361
12.332450854297978,173,0,433,394,0,0,0,817,infection,4
12.33673276515679,172,0,434,394,0,0,0,818,infection,587
12.339165978149577,171,0,435,394,0,0,0,819,infection,18
12.34951292776,171,0,434,395,0,0,0,819,recovery,561
12.351242976458597,171,0,433,396,0,0,0,819,recovery,832
12.366891880082155,170,0,434,396,0,0,0,820,infection,990
12.37439930896866,170,0,433,397,0,0,0,820,recovery,704
12.389261237081177,170,0,432,398,0,0,0,820,recovery,649
12.39263862647292,170,0,431,399,0,0,0,820,recovery,459
12.395418950770084,170,0,430,400,0,0,0,820,recovery,815
12.399998634351359,169,0,431,400,0,0,0,821,infection,756
12.41499746293056,169,0,430,401,0,0,0,821,recovery,48
12.425655247437248,169,0,429,402,0,0,0,821,recovery,137
12.432928444398268,168,0,430,402,0,0,0,822,infection,763
12.43519250202792,168,0,429,403,0,0,0,822,recovery,251
12.445349737212325,167,0,430,403,0,0,0,823,infection,885
12.450745727883875,166,0,431,403,0,0,0,824,infection,38
12.464437315276466,165,0,432,403,0,0,0,825,infection,700
12.471510533938437,165,0,431,404,0,0,0,825,recovery,423
12.472264654277915,164,0,432,404,0,0,0,826,infection,144
12.48099743603312,164,0,431,405,0,0,0,826,recovery,112
12.486683735296266,163,0,432,405,0,0,0,827,infection,480
12.487320436263015,162,0,433,405,0,0,0,828,infection,691
12.493355426435448,161,0,434,405,0,0,0,829,infection,935
12.49664295473031,161,0,433,406,0,0,0,829,recovery,910
12.500405033615085,160,0,434,406,0,0,0,830,infection,191
12.5099775805384,159,0,435,406,0,0,0,831,infection,814
12.548047337625682,158,0,436,406,0,0,0,832,infection,193
12.555556706256011,157,0,437,406,0,0,0,833,infection,536
12.573636380522599,156,0,438,406,0,0,0,834,infection,352
12.590593979666403,155,0,439,406,0,0,0,835,infection,110
12.598452302320805,154,0,440,406,0,0,0,836,infection,969
12.606654908140113,154,0,439,407,0,0,0,836,recovery,795
12.608652902283866,153,0,440,407,0,0,0,837,infection,461
12.615169709798199,152,0,441,407,0,0,0,838,infection,771
12.615581831902851,152,0,440,408,0,0,0,838,recovery,215
12.619105097257995,151,0,441,408,0,0,0,839,infection,149
12.623152789410389,150,0,442,408,0,0,0,840,infection,891
12.633365843244372,149,0,443,408,0,0,0,841,infection,926
12.63653189417093,148,0,444,408,0,0,0,842,infection,774
12.637984154831656,148,0,443,409,0,0,0,842,recovery,101
12.644702692058319,147,0,444,409,0,0,0,843,infection,531
12.655308968304492,146,0,445,409,0,0,0,844,infection,1
12.655519184000106,146,0,444,410,0,0,0,844,recovery,710
12.669768072094394,146,0,443,411,0,0,0,844,recovery,390
12.676701453960787,145,0,444,411,0,0,0,845,infection,476
12.682726466125827,145,0,443,412,0,0,0,845,recovery,199
12.70282065466337,144,0,444,412,0,0,0,846,infection,94
12.704260372206512,144,0,443,413,0,0,0,846,recovery,586
12.71557518482112,144,0,442,414,0,0,0,846,recovery,911
12.72155452536905,144,0,441,415,0,0,0,846,recovery,376
12.726328069435912,144,0,440,416,0,0,0,846,recovery,13
12.739374785842761,143,0,441,416,0,0,0,847,infection,706
12.751635575796016,143,0,440,417,0,0,0,847,recovery,308
12.770282683695335,143,0,439,418,0,0,0,847,recovery,933
12.784324191161094,143,0,438,419,0,0,0,847,recovery,430
12.787470437774052,142,0,439,419,0,0,0,848,infection,887
12.793298085691298,142,0,438,420,0,0,0,848,recovery,340
12.813088993268806,142,0,437,421,0,0,0,848,recovery,467
12.813545596563564,142,0,436,422,0,0,0,848,recovery,808
12.81850732137811,142,0,435,423,0,0,0,848,recovery,529
12.833817012982063,141,0,436,423,0,0,0,849,infection,222
12.847181985496103,141,0,435,424,0,0,0,849,recovery,118
12.851432504578662,140,0,436,424,0,0,0,850,infection,713
12.860798140094992,140,0,435,425,0,0,0,850,recovery,342
12.873975560428173,140,0,434,426,0,0,0,850,recovery,178
12.883362902993053,140,0,433,427,0,0,0,850,recovery,374
12.894996639067752,139,0,434,427,0,0,0,851,infection,353
12.897418964677534,139,0,433,428,0,0,0,851,recovery,311
12.901059193199718,138,0,434,428,0,0,0,852,infection,557
12.906783381313307,138,0,433,429,0,0,0,852,recovery,129
12.90856013716799,137,0,434,429,0,0,0,853,infection,92
12.921671440832252,137,0,433,430,0,0,0,853,recovery,759
12.92957404130547,136,0,434,430,0,0,0,854,infection,186
12.98535279310599,135,0,435,430,0,0,0,855,infection,654
12.990053906970873,134,0,436,430,0,0,0,856,infection,688
13.003368995183324,133,0,437,430,0,0,0,857,infection,968
13.013875106896993,133,0,436,431,0,0,0,857,recovery,626
13.015152582948463,133,0,435,432,0,0,0,857,recovery,671
13.023883771587824,132,0,436,432,0,0,0,858,infection,285
13.027264463981819,131,0,437,432,0,0,0,859,infection,817
13.034055894504082,130,0,438,432,0,0,0,860,infection,615
13.050458369281245,129,0,439,432,0,0,0,861,infection,383
13.071163603493556,129,0,438,433,0,0,0,861,recovery,135
13.071869799432113,129,0,437,434,0,0,0,861,recovery,401
13.073752625417558,129,0,436,435,0,0,0,861,recovery,469
13.078732574900224,129,0,435,436,0,0,0,861,recovery,181
13.081747251285535,129,0,434,437,0,0,0,861,recovery,616
13.089806239972354,129,0,433,438,0,0,0,861,recovery,22
13.1144030705251,129,0,432,439,0,0,0,861,recovery,317
13.115265474790155,128,0,433,439,0,0,0,862,infection,88
13.12446011463295,127,0,434,439,0,0,0,863,infection,292
13.130388057533613,127,0,433,440,0,0,0,863,recovery,393
13.136640000795145,126,0,434,440,0,0,0,864,infection,299
13.14179967981594,125,0,435,440,0,0,0,865,infection,515
13.17408574381733,125,0,434,441,0,0,0,865,recovery,164
13.202961306698567,124,0,435,441,0,0,0,866,infection,339
13.203739929472178,124,0,434,442,0,0,0,866,recovery,929
13.228665044690263,124,0,433,443,0,0,0,866,recovery,863
13.247488720580463,124,0,432,444,0,0,0,866,recovery,180
13.26851071449673,124,0,431,445,0,0,0,866,recovery,763
13.271399260655308,124,0,430,446,0,0,0,866,recovery,224
13.276593976212641,123,0,431,446,0,0,0,867,infection,664
13.278588711961396,123,0,430,447,0,0,0,867,recovery,588
13.283723622529479,123,0,429,448,0,0,0,867,recovery,922
13.292967797561847,122,0,430,448,0,0,0,868,infection,68
13.298028606651599,121,0,431,448,0,0,0,869,infection,132
13.304683193577308,120,0,432,448,0,0,0,870,infection,151
13.31817804149636,120,0,431,449,0,0,0,870,recovery,449
13.32004917376021,119,0,432,449,0,0,0,871,infection,64
13.3375226090457,118,0,433,449,0,0,0,872,infection,16
13.34031825496746,118,0,432,450,0,0,0,872,recovery,229
13.347624339228556,118,0,431,451,0,0,0,872,recovery,558
13.360541316490878,118,0,430,452,0,0,0,872,recovery,609
13.37405538835964,118,0,429,453,0,0,0,872,recovery,488
13.396897782748724,118,0,428,454,0,0,0,872,recovery,996
13.410896130598774,118,0,427,455,0,0,0,872,recovery,33
13.432804527553378,117,0,428,455,0,0,0,873,infection,304
13.451846246790504,117,0,427,456,0,0,0,873,recovery,716
13.47174389363155,117,0,426,457,0,0,0,873,recovery,779
13.487238955606884,117,0,425,458,0,0,0,873,recovery,458
13.487533400162642,116,0,426,458,0,0,0,874,infection,963
13.496217469994022,116,0,425,459,0,0,0,874,recovery,480
13.506719835815197,115,0,426,459,0,0,0,875,infection,62
13.518150927129373,115,0,425,460,0,0,0,875,recovery,243
13.528686491251078,114,0,426,460,0,0,0,876,infection,607
13.537390047960796,114,0,425,461,0,0,0,876,recovery,415
13.552824818711713,113,0,426,461,0,0,0,877,infection,719
13.563973716096713,113,0,425,462,0,0,0,877,recovery,793
13.565168280821577,112,0,426,462,0,0,0,878,infection,522
13.57628179120177,112,0,425,463,0,0,0,878,recovery,373
13.59308630523876,111,0,426,463,0,0,0,879,infection,625
13.597770416477283,110,0,427,463,0,0,0,880,infection,405
13.615490000741215,110,0,426,464,0,0,0,880,recovery,150
13.629669689217534,110,0,425,465,0,0,0,880,recovery,14
13.635063322058771,110,0,424,466,0,0,0,880,recovery,176
13.638596172093727,110,0,423,467,0,0,0,880,recovery,418
13.686997722257976,110,0,422,468,0,0,0,880,recovery,470
13.698565072436647,110,0,421,469,0,0,0,880,recovery,63
13.717110035975363,110,0,420,470,0,0,0,880,recovery,797
13.748676937148003,109,0,421,470,0,0,0,881,infection,597
13.757031503935373,109,0,420,471,0,0,0,881,recovery,188
13.762308763781691,109,0,419,472,0,0,0,881,recovery,782
13.762993479297215,108,0,420,472,0,0,0,882,infection,560
13.770492911512886,108,0,419,473,0,0,0,882,recovery,817
13.787470339598519,108,0,418,474,0,0,0,882,recovery,557
13.793851138160662,107,0,419,474,0,0,0,883,infection,856
13.795459390008668,106,0,420,474,0,0,0,884,infection,665
13.796971301735015,105,0,421,474,0,0,0,885,infection,341
13.804462090772166,105,0,420,475,0,0,0,885,recovery,54
13.804697927168336,104,0,421,475,0,0,0,886,infection,49
13.805266714390141,103,0,422,475,0,0,0,887,infection,760
13.811678015259996,103,0,421,476,0,0,0,887,recovery,821
13.819546921863775,103,0,420,477,0,0,0,887,recovery,207
13.8339233630139,103,0,419,478,0,0,0,887,recovery,89
13.84792157755026,103,0,418,479,0,0,0,887,recovery,803
13.852895936338731,102,0,419,479,0,0,0,888,infection,543
13.859519079865075,101,0,420,479,0,0,0,889,infection,344
13.86285322332717,100,0,421,479,0,0,0,890,infection,275
13.882150469607986,99,0,422,479,0,0,0,891,infection,290
13.891480415899203,99,0,421,480,0,0,0,891,recovery,385
13.896628453519462,99,0,420,481,0,0,0,891,recovery,151
13.91073463110683,99,0,419,482,0,0,0,891,recovery,942
13.9347769011777,99,0,418,483,0,0,0,891,recovery,476
13.954746086243555,99,0,417,484,0,0,0,891,recovery,598
14.030891974450034,99,0,416,485,0,0,0,891,recovery,213
14.031195155035482,99,0,415,486,0,0,0,891,recovery,344
14.037307263490636,99,0,414,487,0,0,0,891,recovery,595
14.043945200343568,98,0,415,487,0,0,0,892,infection,744
14.046020004476613,97,0,416,487,0,0,0,893,infection,823
14.066261093144583,97,0,415,488,0,0,0,893,recovery,457
14.089072210109546,97,0,414,489,0,0,0,893,recovery,874
14.09969305403055,96,0,415,489,0,0,0,894,infection,355
14.121356989188465,96,0,414,490,0,0,0,894,recovery,721
14.128816569825975,96,0,413,491,0,0,0,894,recovery,396
14.130604528708668,96,0,412,492,0,0,0,894,recovery,539
14.15281746606902,95,0,413,492,0,0,0,895,infection,298
14.154277708682889,94,0,414,492,0,0,0,896,infection,514
14.15685620563804,94,0,413,493,0,0,0,896,recovery,57
14.156977259327773,94,0,412,494,0,0,0,896,recovery,990
14.165755623281834,94,0,411,495,0,0,0,896,recovery,767
14.170620402487852,94,0,410,496,0,0,0,896,recovery,402
14.178058533317653,94,0,409,497,0,0,0,896,recovery,368
14.18979429059096,93,0,410,497,0,0,0,897,infection,695
14.195113090770844,93,0,409,498,0,0,0,897,recovery,926
14.198550069447009,93,0,408,499,0,0,0,897,recovery,352
14.21972042501705,93,0,407,500,0,0,0,897,recovery,714
14.22183481408328,93,0,406,501,0,0,0,897,recovery,193
14.222882493173172,92,0,407,501,0,0,0,898,infection,156
14.22602316415279,92,0,406,502,0,0,0,898,recovery,327
14.239224367229019,91,0,407,502,0,0,0,899,infection,554
14.240034335474514,90,0,408,502,0,0,0,900,infection,235
14.260668152487533,90,0,407,503,0,0,0,900,recovery,706
14.265148346318975,89,0,408,503,0,0,0,901,infection,47
14.290772061329571,88,0,409,503,0,0,0,902,infection,642
14.296579491077926,88,0,408,504,0,0,0,902,recovery,195
14.308600878757021,88,0,407,505,0,0,0,902,recovery,460
14.311227693776544,88,0,406,506,0,0,0,902,recovery,325
14.326517778832024,87,0,407,506,0,0,0,903,infection,61
14.345106840464815,86,0,408,506,0,0,0,904,infection,978
14.347723868483655,86,0,407,507,0,0,0,904,recovery,334
14.355352848354809,86,0,406,508,0,0,0,904,recovery,876
14.360522998156835,86,0,405,509,0,0,0,904,recovery,45
14.367039212689988,86,0,404,510,0,0,0,904,recovery,658
14.411152038463651,86,0,403,511,0,0,0,904,recovery,569
14.413809758385607,86,0,402,512,0,0,0,904,recovery,465
14.420315327727605,85,0,403,512,0,0,0,905,infection,69
14.430011401397437,84,0,404,512,0,0,0,906,infection,908
14.43953584478789,83,0,405,512,0,0,0,907,infection,81
14.43971898795676,83,0,404,513,0,0,0,907,recovery,679
14.461184014306754,83,0,403,514,0,0,0,907,recovery,464
14.466213049577792,83,0,402,515,0,0,0,907,recovery,711
14.478447815706447,83,0,401,516,0,0,0,907,recovery,424
14.480945639390981,82,0,402,516,0,0,0,908,infection,276
14.486434804910328,81,0,403,516,0,0,0,909,infection,157
14.49333777411632,81,0,402,517,0,0,0,909,recovery,233
14.499902221239081,81,0,401,518,0,0,0,909,recovery,938
14.500013572871902,80,0,402,518,0,0,0,910,infection,169
14.507631491273305,79,0,403,518,0,0,0,911,infection,650
14.508445476085628,79,0,402,519,0,0,0,911,recovery,455
14.538622268823854,79,0,401,520,0,0,0,911,recovery,589
14.546500662727173,79,0,400,521,0,0,0,911,recovery,852
14.561483026953605,78,0,401,521,0,0,0,912,infection,225
14.570436360106175,78,0,400,522,0,0,0,912,recovery,556
14.572316300985593,78,0,399,523,0,0,0,912,recovery,363
14.592710175438555,78,0,398,524,0,0,0,912,recovery,408
14.595705946727183,77,0,399,524,0,0,0,913,infection,799
14.601435215639217,77,0,398,525,0,0,0,913,recovery,712
14.606858685592076,76,0,399,525,0,0,0,914,infection,731
14.627724357331052,76,0,398,526,0,0,0,914,recovery,236
14.664393547117838,76,0,397,527,0,0,0,914,recovery,109
14.695415948181948,75,0,398,527,0,0,0,915,infection,381
14.722041566601629,74,0,399,527,0,0,0,916,infection,221
14.72248416321531,74,0,398,528,0,0,0,916,recovery,68
14.724936373424308,74,0,397,529,0,0,0,916,recovery,440
14.735833362039717,74,0,396,530,0,0,0,916,recovery,148
14.737457780413138,74,0,395,531,0,0,0,916,recovery,971
14.750662264048007,73,0,396,531,0,0,0,917,infection,769
14.76950185929682,73,0,395,532,0,0,0,917,recovery,919
14.777171948992965,73,0,394,533,0,0,0,917,recovery,73
14.78145074010304,73,0,393,534,0,0,0,917,recovery,343
14.797760681095436,73,0,392,535,0,0,0,917,recovery,518
14.798017196218648,73,0,391,536,0,0,0,917,recovery,717
14.802035604477494,73,0,390,537,0,0,0,917,recovery,885
14.804287600307818,73,0,389,538,0,0,0,917,recovery,267
14.860003363808296,73,0,388,539,0,0,0,917,recovery,128
14.877572707187365,73,0,387,540,0,0,0,917,recovery,435
14.923122161086276,73,0,386,541,0,0,0,917,recovery,814
14.976196449644291,73,0,385,542,0,0,0,917,recovery,220
14.992809010925797,73,0,384,543,0,0,0,917,recovery,330
15.008296242836016,72,0,385,543,0,0,0,918,infection,32
15.010791938278317,72,0,384,544,0,0,0,918,recovery,893
15.013611586677893,72,0,383,545,0,0,0,918,recovery,232
15.01648990527393,71,0,384,545,0,0,0,919,infection,766
15.02338470588223,71,0,383,546,0,0,0,919,recovery,394
15.02667909706655,70,0,384,546,0,0,0,920,infection,382
15.045643066505672,69,0,385,546,0,0,0,921,infection,417
15.047014814441082,68,0,386,546,0,0,0,922,infection,477
15.064307516176921,68,0,385,547,0,0,0,922,recovery,379
15.0695809228316,67,0,386,547,0,0,0,923,infection,479
15.080810236609306,67,0,385,548,0,0,0,923,recovery,889
15.088307127111076,67,0,384,549,0,0,0,923,recovery,18
15.110093425541862,67,0,383,550,0,0,0,923,recovery,429
15.124007515448366,67,0,382,551,0,0,0,923,recovery,397
15.1592971867634,67,0,381,552,0,0,0,923,recovery,53
15.179124777660077,67,0,380,553,0,0,0,923,recovery,667
15.194690292127042,67,0,379,554,0,0,0,923,recovery,976
15.219541337501704,66,0,380,554,0,0,0,924,infection,168
15.225645424923464,65,0,381,554,0,0,0,925,infection,185
15.245630900802652,65,0,380,555,0,0,0,925,recovery,97
15.292333101025484,65,0,379,556,0,0,0,925,recovery,61
15.304091899877893,65,0,378,557,0,0,0,925,recovery,859
15.320672063099279,64,0,379,557,0,0,0,926,infection,647
15.350905690969359,64,0,378,558,0,0,0,926,recovery,547
15.371241356409021,63,0,379,558,0,0,0,927,infection,988
15.377613381149441,63,0,378,559,0,0,0,927,recovery,850
15.414784096912442,62,0,379,559,0,0,0,928,infection,768
15.452906033418877,62,0,378,560,0,0,0,928,recovery,816
15.467519568229646,62,0,377,561,0,0,0,928,recovery,540
15.478476667147836,62,0,376,562,0,0,0,928,recovery,583
15.48523875526149,61,0,377,562,0,0,0,929,infection,957
15.487813462868457,60,0,378,562,0,0,0,930,infection,775
15.504172428270198,60,0,377,563,0,0,0,930,recovery,613
15.507990944509183,60,0,376,564,0,0,0,930,recovery,179
15.515575186597065,60,0,375,565,0,0,0,930,recovery,894
15.548549405832738,60,0,374,566,0,0,0,930,recovery,824
15.5490959679423,60,0,373,567,0,0,0,930,recovery,88
15.559849563747573,60,0,372,568,0,0,0,930,recovery,324
15.563660403239028,59,0,373,568,0,0,0,931,infection,651
15.567033085959544,59,0,372,569,0,0,0,931,recovery,245
15.603168499150376,59,0,371,570,0,0,0,931,recovery,901
15.61674891051546,59,0,370,571,0,0,0,931,recovery,543
15.634578930179018,59,0,369,572,0,0,0,931,recovery,829
15.657140467324222,59,0,368,573,0,0,0,931,recovery,348
15.65786382166045,59,0,367,574,0,0,0,931,recovery,665
15.66483584110937,59,0,366,575,0,0,0,931,recovery,647
15.669115123248758,58,0,367,575,0,0,0,932,infection,520
15.6980040574216,57,0,368,575,0,0,0,933,infection,521
15.701767438725765,57,0,367,576,0,0,0,933,recovery,479
15.720344128701015,57,0,366,577,0,0,0,933,recovery,960
15.724505844528286,57,0,365,578,0,0,0,933,recovery,381
15.729169976370002,57,0,364,579,0,0,0,933,recovery,508
15.730457952739332,57,0,363,580,0,0,0,933,recovery,246
15.73680433332452,57,0,362,581,0,0,0,933,recovery,38
15.741210419037095,57,0,361,582,0,0,0,933,recovery,659
15.742919077780218,57,0,360,583,0,0,0,933,recovery,427
15.790952913402018,57,0,359,584,0,0,0,933,recovery,761
15.79291928188452,57,0,358,585,0,0,0,933,recovery,132
15.804780322180687,57,0,357,586,0,0,0,933,recovery,273
15.82885829337511,57,0,356,587,0,0,0,933,recovery,597
15.833926670558917,57,0,355,588,0,0,0,933,recovery,853
15.843206696920976,57,0,354,589,0,0,0,933,recovery,332
15.849461884486733,57,0,353,590,0,0,0,933,recovery,618
15.855897430253464,57,0,352,591,0,0,0,933,recovery,579
15.919612434610574,57,0,351,592,0,0,0,933,recovery,259
15.922445069412193,56,0,352,592,0,0,0,934,infection,844
15.923022402521728,56,0,351,593,0,0,0,934,recovery,670
15.925036512826324,55,0,352,593,0,0,0,935,infection,689
15.925450869948866,55,0,351,594,0,0,0,935,recovery,143
15.936469655098646,55,0,350,595,0,0,0,935,recovery,654
15.94101095243656,55,0,349,596,0,0,0,935,recovery,648
15.961636239003825,55,0,348,597,0,0,0,935,recovery,296
15.96193112998722,55,0,347,598,0,0,0,935,recovery,693
16.00722816828096,55,0,346,599,0,0,0,935,recovery,461
16.012650229112698,54,0,347,599,0,0,0,936,infection,219
16.03918289509845,53,0,348,599,0,0,0,937,infection,205
16.05802629309852,53,0,347,600,0,0,0,937,recovery,760
16.076512629138016,53,0,346,601,0,0,0,937,recovery,345
16.078745988714186,53,0,345,602,0,0,0,937,recovery,42
16.140956662353283,52,0,346,602,0,0,0,938,infection,528
16.15236541869009,52,0,345,603,0,0,0,938,recovery,786
16.15674270295364,52,0,344,604,0,0,0,938,recovery,99
16.174026162681674,52,0,343,605,0,0,0,938,recovery,196
16.198548718808507,52,0,342,606,0,0,0,938,recovery,690
16.26066856155421,51,0,343,606,0,0,0,939,infection,258
16.262418560581278,51,0,342,607,0,0,0,939,recovery,774
16.355814889042154,51,0,341,608,0,0,0,939,recovery,634
16.367017693719983,51,0,340,609,0,0,0,939,recovery,115
16.42681255323914,51,0,339,610,0,0,0,939,recovery,980
16.435311683802095,51,0,338,611,0,0,0,939,recovery,219
16.460963934272105,51,0,337,612,0,0,0,939,recovery,214
16.469341196667152,51,0,336,613,0,0,0,939,recovery,968
16.49218131811936,50,0,337,613,0,0,0,940,infection,946
16.494076029132632,50,0,336,614,0,0,0,940,recovery,159
16.51841496568618,49,0,337,614,0,0,0,941,infection,91
16.51877281855041,48,0,338,614,0,0,0,942,infection,890
16.519521327688476,48,0,337,615,0,0,0,942,recovery,410
16.520202448488483,48,0,336,616,0,0,0,942,recovery,15
16.526944814643716,48,0,335,617,0,0,0,942,recovery,404
16.531926851709915,48,0,334,618,0,0,0,942,recovery,718
16.545481177385746,47,0,335,618,0,0,0,943,infection,153
16.57446949321705,47,0,334,619,0,0,0,943,recovery,168
16.577343879221,47,0,333,620,0,0,0,943,recovery,438
16.58585567472963,47,0,332,621,0,0,0,943,recovery,531
16.608403339739503,47,0,331,622,0,0,0,943,recovery,92
16.61230923007933,47,0,330,623,0,0,0,943,recovery,204
16.614979586162036,47,0,329,624,0,0,0,943,recovery,593
16.622686387434904,47,0,328,625,0,0,0,943,recovery,288
16.626713669103005,47,0,327,626,0,0,0,943,recovery,372
16.6468678707687,47,0,326,627,0,0,0,943,recovery,300
16.652903822907266,47,0,325,628,0,0,0,943,recovery,668
16.658492499446943,47,0,324,629,0,0,0,943,recovery,414
16.68358203254603,47,0,323,630,0,0,0,943,recovery,272
16.683987473300526,47,0,322,631,0,0,0,943,recovery,26
16.688571239280602,46,0,323,631,0,0,0,944,infection,562
16.69609308403771,45,0,324,631,0,0,0,945,infection,701
16.701906887653827,44,0,325,631,0,0,0,946,infection,249
16.704986631982276,44,0,324,632,0,0,0,946,recovery,737
16.724679217160848,44,0,323,633,0,0,0,946,recovery,752
16.783976255819418,44,0,322,634,0,0,0,946,recovery,69
16.78756169610919,44,0,321,635,0,0,0,946,recovery,519
16.809276997132088,44,0,320,636,0,0,0,946,recovery,871
16.83123626552638,44,0,319,637,0,0,0,946,recovery,255
16.84731185418596,44,0,318,638,0,0,0,946,recovery,428
16.85821759362642,44,0,317,639,0,0,0,946,recovery,149
16.85841814094146,44,0,316,640,0,0,0,946,recovery,144
16.87401045059155,44,0,315,641,0,0,0,946,recovery,383
16.897230328408785,44,0,314,642,0,0,0,946,recovery,988
16.925974616833418,44,0,313,643,0,0,0,946,recovery,264
16.953151497403844,44,0,312,644,0,0,0,946,recovery,736
16.999115878760026,44,0,311,645,0,0,0,946,recovery,354
17.01220281000983,44,0,310,646,0,0,0,946,recovery,299
17.012773166722955,44,0,309,647,0,0,0,946,recovery,570
17.040083080449012,44,0,308,648,0,0,0,946,recovery,289
17.04167783149731,44,0,307,649,0,0,0,946,recovery,890
17.061065449131277,44,0,306,650,0,0,0,946,recovery,896
17.100902206249025,43,0,307,650,0,0,0,947,infection,28
17.122854981799982,42,0,308,650,0,0,0,948,infection,740
17.130090774385852,41,0,309,650,0,0,0,949,infection,631
17.13423369822189,41,0,308,651,0,0,0,949,recovery,446
17.149891240201086,40,0,309,651,0,0,0,950,infection,802
17.158330738353737,40,0,308,652,0,0,0,950,recovery,951
17.199421033557265,40,0,307,653,0,0,0,950,recovery,650
17.201000650686794,40,0,306,654,0,0,0,950,recovery,860
17.217861352442835,40,0,305,655,0,0,0,950,recovery,769
17.253427149988333,40,0,304,656,0,0,0,950,recovery,866
17.30007747055984,40,0,303,657,0,0,0,950,recovery,405
17.337321233598047,39,0,304,657,0,0,0,951,infection,952
17.36069501985554,39,0,303,658,0,0,0,951,recovery,572
17.38540096133714,39,0,302,659,0,0,0,951,recovery,807
17.42096674456606,39,0,301,660,0,0,0,951,recovery,977
17.423526562550506,39,0,300,661,0,0,0,951,recovery,823
17.454370339160313,39,0,299,662,0,0,0,951,recovery,55
17.470868869915442,39,0,298,663,0,0,0,951,recovery,96
17.496325062038018,38,0,299,663,0,0,0,952,infection,789
17.50493599191322,38,0,298,664,0,0,0,952,recovery,386
17.5135792365269,38,0,297,665,0,0,0,952,recovery,687
17.547229451277676,38,0,296,666,0,0,0,952,recovery,341
17.55203687986987,38,0,295,667,0,0,0,952,recovery,673
17.562520088240134,38,0,294,668,0,0,0,952,recovery,780
17.56270405438526,38,0,293,669,0,0,0,952,recovery,91
17.583193792595246,38,0,292,670,0,0,0,952,recovery,297
17.59607368644387,37,0,293,670,0,0,0,953,infection,818
17.62164241513936,37,0,292,671,0,0,0,953,recovery,677
17.63473976071075,37,0,291,672,0,0,0,953,recovery,904
17.637120358821974,37,0,290,673,0,0,0,953,recovery,265
17.65082724555461,37,0,289,674,0,0,0,953,recovery,353
17.669527152761116,36,0,290,674,0,0,0,954,infection,367
17.67444205694717,36,0,289,675,0,0,0,954,recovery,847
17.73439760250369,36,0,288,676,0,0,0,954,recovery,468
17.7557454847403,36,0,287,677,0,0,0,954,recovery,640
17.758885329885707,36,0,286,678,0,0,0,954,recovery,675
17.770665692303663,36,0,285,679,0,0,0,954,recovery,771
17.872231260650832,36,0,284,680,0,0,0,954,recovery,514
17.87291820088446,35,0,285,680,0,0,0,955,infection,546
17.884220901051037,35,0,284,681,0,0,0,955,recovery,247
17.898267117984627,35,0,283,682,0,0,0,955,recovery,169
17.924673398670567,35,0,282,683,0,0,0,955,recovery,826
17.924927225042374,34,0,283,683,0,0,0,956,infection,902
17.925030354720185,34,0,282,684,0,0,0,956,recovery,230
17.945470513223857,33,0,283,684,0,0,0,957,infection,253
17.94993526054158,33,0,282,685,0,0,0,957,recovery,882
17.95742017709104,32,0,283,685,0,0,0,958,infection,261
17.967973740934884,32,0,282,686,0,0,0,958,recovery,310
17.998454079336707,32,0,281,687,0,0,0,958,recovery,585
18.00065061373223,32,0,280,688,0,0,0,958,recovery,645
18.01101432299476,32,0,279,689,0,0,0,958,recovery,65
18.016558775309697,32,0,278,690,0,0,0,958,recovery,546
18.027981057985453,32,0,277,691,0,0,0,958,recovery,607
18.037654860642306,31,0,278,691,0,0,0,959,infection,532
18.059377756894936,30,0,279,691,0,0,0,960,infection,855
18.075228216587107,30,0,278,692,0,0,0,960,recovery,226
18.095411012663988,29,0,279,692,0,0,0,961,infection,82
18.1215001621799,29,0,278,693,0,0,0,961,recovery,102
18.145868597699256,29,0,277,694,0,0,0,961,recovery,285
18.146015531695173,29,0,276,695,0,0,0,961,recovery,105
18.158492653924736,28,0,277,695,0,0,0,962,infection,39
18.30199675000567,28,0,276,696,0,0,0,962,recovery,16
18.31070369944275,28,0,275,697,0,0,0,962,recovery,177
18.31580024307311,28,0,274,698,0,0,0,962,recovery,963
18.32621390779509,28,0,273,699,0,0,0,962,recovery,758
18.34850267258058,27,0,274,699,0,0,0,963,infection,286
18.362185260165543,27,0,273,700,0,0,0,963,recovery,282
18.382259018457226,27,0,272,701,0,0,0,963,recovery,388
18.427208180869158,27,0,271,702,0,0,0,963,recovery,496
18.449063232551133,27,0,270,703,0,0,0,963,recovery,858
18.456939909535343,27,0,269,704,0,0,0,963,recovery,244
18.45797668151042,27,0,268,705,0,0,0,963,recovery,631
18.49139165804185,27,0,267,706,0,0,0,963,recovery,36
18.491445279746657,27,0,266,707,0,0,0,963,recovery,1
18.5111930133566,27,0,265,708,0,0,0,963,recovery,227
18.551463635504174,27,0,264,709,0,0,0,963,recovery,370
18.575313447987668,26,0,265,709,0,0,0,964,infection,174
18.608294989362648,26,0,264,710,0,0,0,964,recovery,986
18.610245906210828,26,0,263,711,0,0,0,964,recovery,902
18.626127015739282,26,0,262,712,0,0,0,964,recovery,367
18.62682837458765,26,0,261,713,0,0,0,964,recovery,887
18.634270585536754,26,0,260,714,0,0,0,964,recovery,320
18.64608672090271,26,0,259,715,0,0,0,964,recovery,241
18.66281120167951,25,0,260,715,0,0,0,965,infection,897
18.663307876955493,25,0,259,716,0,0,0,965,recovery,950
18.684862552593685,25,0,258,717,0,0,0,965,recovery,776
18.699514657032623,25,0,257,718,0,0,0,965,recovery,768
18.81079088485721,25,0,256,719,0,0,0,965,recovery,205
18.81882090662511,25,0,255,720,0,0,0,965,recovery,930
18.84887063953856,25,0,254,721,0,0,0,965,recovery,250
18.870237355435798,25,0,253,722,0,0,0,965,recovery,861
18.8844359980489,25,0,252,723,0,0,0,965,recovery,664
18.92469297393412,25,0,251,724,0,0,0,965,recovery,473
18.93978987337551,24,0,252,724,0,0,0,966,infection,912
18.970008142235294,24,0,251,725,0,0,0,966,recovery,12
18.99108194530997,24,0,250,726,0,0,0,966,recovery,741
19.033831577827154,24,0,249,727,0,0,0,966,recovery,578
19.03711288741901,24,0,248,728,0,0,0,966,recovery,49
19.04668413272365,24,0,247,729,0,0,0,966,recovery,140
19.061357687954402,24,0,246,730,0,0,0,966,recovery,130
19.080053236494205,24,0,245,731,0,0,0,966,recovery,700
19.086728874574824,24,0,244,732,0,0,0,966,recovery,337
19.09575799759628,24,0,243,733,0,0,0,966,recovery,580
19.15214250409409,24,0,242,734,0,0,0,966,recovery,925
19.18709188965631,24,0,241,735,0,0,0,966,recovery,624
19.241015693038385,24,0,240,736,0,0,0,966,recovery,25
19.296434868725402,24,0,239,737,0,0,0,966,recovery,603
19.303105767944956,24,0,238,738,0,0,0,966,recovery,298
19.30794661480506,24,0,237,739,0,0,0,966,recovery,837
19.33593072418997,24,0,236,740,0,0,0,966,recovery,983
19.386364056609857,24,0,235,741,0,0,0,966,recovery,83
19.387946554390336,24,0,234,742,0,0,0,966,recovery,969
19.397485662892763,24,0,233,743,0,0,0,966,recovery,796
19.406380478988478,24,0,232,744,0,0,0,966,recovery,466
19.409888066337594,24,0,231,745,0,0,0,966,recovery,831
19.412341209673784,24,0,230,746,0,0,0,966,recovery,478
19.420768487316998,24,0,229,747,0,0,0,966,recovery,515
19.460381051476382,24,0,228,748,0,0,0,966,recovery,978
19.54458992064467,24,0,227,749,0,0,0,966,recovery,600
19.612024829978992,24,0,226,750,0,0,0,966,recovery,157
19.68178917107771,24,0,225,751,0,0,0,966,recovery,173
19.690356182290508,24,0,224,752,0,0,0,966,recovery,856
19.73855236981211,24,0,223,753,0,0,0,966,recovery,953
19.741197361811345,23,0,224,753,0,0,0,967,infection,692
19.752025170479307,23,0,223,754,0,0,0,967,recovery,369
19.790485626149124,23,0,222,755,0,0,0,967,recovery,291
19.830598028703342,23,0,221,756,0,0,0,967,recovery,788
19.841610101914487,22,0,222,756,0,0,0,968,infection,703
19.854289134712857,22,0,221,757,0,0,0,968,recovery,838
19.859323426666293,22,0,220,758,0,0,0,968,recovery,258
19.875210091377156,22,0,219,759,0,0,0,968,recovery,32
19.944703075101017,22,0,218,760,0,0,0,968,recovery,174
19.98271917068097,22,0,217,761,0,0,0,968,recovery,504
19.991739340701667,22,0,216,762,0,0,0,968,recovery,785
20.02975718980894,22,0,215,763,0,0,0,968,recovery,74
20.10660858759117,22,0,214,764,0,0,0,968,recovery,946
20.118413742374948,22,0,213,765,0,0,0,968,recovery,235
20.15369948416537,22,0,212,766,0,0,0,968,recovery,734
20.160046560967757,22,0,211,767,0,0,0,968,recovery,503
20.168058745320693,21,0,212,767,0,0,0,969,infection,878
20.18220148271621,21,0,211,768,0,0,0,969,recovery,735
20.30319560974641,21,0,210,769,0,0,0,969,recovery,576
20.343690183828564,21,0,209,770,0,0,0,969,recovery,186
20.343921863608852,21,0,208,771,0,0,0,969,recovery,191
20.39087784015387,21,0,207,772,0,0,0,969,recovery,375
20.393331665541574,21,0,206,773,0,0,0,969,recovery,562
20.422098695830257,21,0,205,774,0,0,0,969,recovery,62
20.422408196739923,21,0,204,775,0,0,0,969,recovery,228
20.504351943404433,21,0,203,776,0,0,0,969,recovery,295
20.51639705816338,20,0,204,776,0,0,0,970,infection,638
20.545415908788,20,0,203,777,0,0,0,970,recovery,336
20.56094109014155,20,0,202,778,0,0,0,970,recovery,387
20.572756037176482,20,0,201,779,0,0,0,970,recovery,406
20.588691968972213,20,0,200,780,0,0,0,970,recovery,564
20.611931744167016,20,0,199,781,0,0,0,970,recovery,237
20.614374646727107,20,0,198,782,0,0,0,970,recovery,770
20.624515410689177,20,0,197,783,0,0,0,970,recovery,892
20.64430085391901,20,0,196,784,0,0,0,970,recovery,19
20.665636443989367,20,0,195,785,0,0,0,970,recovery,477
20.671769238081964,20,0,194,786,0,0,0,970,recovery,839
20.68626912401338,20,0,193,787,0,0,0,970,recovery,222
20.699657975389393,20,0,192,788,0,0,0,970,recovery,842
20.69975436240619,20,0,191,789,0,0,0,970,recovery,908
20.76649959525505,20,0,190,790,0,0,0,970,recovery,433
20.782029071073843,20,0,189,791,0,0,0,970,recovery,638
20.784979142532762,20,0,188,792,0,0,0,970,recovery,943
20.793641296789637,20,0,187,793,0,0,0,970,recovery,431
20.803759579374386,20,0,186,794,0,0,0,970,recovery,417
20.84223726614845,20,0,185,795,0,0,0,970,recovery,462
20.860168645009132,20,0,184,796,0,0,0,970,recovery,9
20.906638880548705,20,0,183,797,0,0,0,970,recovery,113
20.924920126615202,20,0,182,798,0,0,0,970,recovery,303
20.927886658862956,20,0,181,799,0,0,0,970,recovery,166
21.084078896526,20,0,180,800,0,0,0,970,recovery,927
21.155700911472653,20,0,179,801,0,0,0,970,recovery,615
21.16610212401381,20,0,178,802,0,0,0,970,recovery,844
21.178543232751675,20,0,177,803,0,0,0,970,recovery,225
21.178810088790062,20,0,176,804,0,0,0,970,recovery,695
21.208318831144837,20,0,175,805,0,0,0,970,recovery,845
21.236307705034534,20,0,174,806,0,0,0,970,recovery,627
21.243022339823735,20,0,173,807,0,0,0,970,recovery,705
21.279712911646413,19,0,174,807,0,0,0,971,infection,757
21.282766115276697,19,0,173,808,0,0,0,971,recovery,286
21.312414519051384,19,0,172,809,0,0,0,971,recovery,849
21.328991977888798,19,0,171,810,0,0,0,971,recovery,121
21.340779736850354,18,0,172,810,0,0,0,972,infection,614
21.3480446293183,18,0,171,811,0,0,0,972,recovery,692
21.389201985523393,18,0,170,812,0,0,0,972,recovery,484
21.48320479965541,18,0,169,813,0,0,0,972,recovery,642
21.513291932786835,18,0,168,814,0,0,0,972,recovery,261
21.613589875205523,18,0,167,815,0,0,0,972,recovery,114
21.62366336115045,18,0,166,816,0,0,0,972,recovery,403
21.66415576943237,18,0,165,817,0,0,0,972,recovery,51
21.6921570214165,17,0,166,817,0,0,0,973,infection,913
21.69483924114611,17,0,165,818,0,0,0,973,recovery,360
21.700162818487126,17,0,164,819,0,0,0,973,recovery,163
21.745513231418606,17,0,163,820,0,0,0,973,recovery,747
21.864622462394998,17,0,162,821,0,0,0,973,recovery,614
21.932776041809007,17,0,161,822,0,0,0,973,recovery,41
21.97455075276002,17,0,160,823,0,0,0,973,recovery,855
22.007383217015054,17,0,159,824,0,0,0,973,recovery,684
22.01286108650517,17,0,158,825,0,0,0,973,recovery,254
22.03299063932205,17,0,157,826,0,0,0,973,recovery,688
22.08569507237402,17,0,156,827,0,0,0,973,recovery,689
22.11361469676961,17,0,155,828,0,0,0,973,recovery,802
22.14920874960713,17,0,154,829,0,0,0,973,recovery,559
22.15099834586664,17,0,153,830,0,0,0,973,recovery,447
22.177042318552914,17,0,152,831,0,0,0,973,recovery,913
22.20563893932318,17,0,151,832,0,0,0,973,recovery,290
22.276009213683576,17,0,150,833,0,0,0,973,recovery,304
22.30944678808936,17,0,149,834,0,0,0,973,recovery,975
22.337630202005656,17,0,148,835,0,0,0,973,recovery,915
22.395689242705984,16,0,149,835,0,0,0,974,infection,78
22.412395722597637,16,0,148,836,0,0,0,974,recovery,625
22.46689903454429,16,0,147,837,0,0,0,974,recovery,587
22.58205999921394,16,0,146,838,0,0,0,974,recovery,536
22.595340265778148,15,0,147,838,0,0,0,975,infection,903
22.640571401801118,15,0,146,839,0,0,0,975,recovery,338
22.70273412288947,15,0,145,840,0,0,0,975,recovery,681
22.716314100412255,15,0,144,841,0,0,0,975,recovery,949
22.737096617075757,15,0,143,842,0,0,0,975,recovery,81
22.771064832791765,15,0,142,843,0,0,0,975,recovery,136
22.81968030722905,15,0,141,844,0,0,0,975,recovery,591
22.86796213394969,15,0,140,845,0,0,0,975,recovery,200
22.958439741301696,15,0,139,846,0,0,0,975,recovery,156
23.01817008549458,15,0,138,847,0,0,0,975,recovery,683
23.062872101687187,14,0,139,847,0,0,0,976,infection,487
23.086314395523512,14,0,138,848,0,0,0,976,recovery,701
23.184090579380705,14,0,137,849,0,0,0,976,recovery,635
23.268811169068574,14,0,136,850,0,0,0,976,recovery,582
23.300742961209686,14,0,135,851,0,0,0,976,recovery,914
23.318595496179928,14,0,134,852,0,0,0,976,recovery,78
23.33247433151807,14,0,133,853,0,0,0,976,recovery,891
23.450362462575548,14,0,132,854,0,0,0,976,recovery,521
23.456142222685006,14,0,131,855,0,0,0,976,recovery,744
23.45914254274403,14,0,130,856,0,0,0,976,recovery,422
23.459561995149166,14,0,129,857,0,0,0,976,recovery,691
23.480854047713525,14,0,128,858,0,0,0,976,recovery,731
23.484733338708484,14,0,127,859,0,0,0,976,recovery,878
23.490406521427232,14,0,126,860,0,0,0,976,recovery,900
23.56587846873245,14,0,125,861,0,0,0,976,recovery,125
23.599379283917585,14,0,124,862,0,0,0,976,recovery,292
23.606534982560216,14,0,123,863,0,0,0,976,recovery,481
23.649865173011058,14,0,122,864,0,0,0,976,recovery,897
23.666380419120443,14,0,121,865,0,0,0,976,recovery,719
23.726902013337714,14,0,120,866,0,0,0,976,recovery,756
23.80026133970293,14,0,119,867,0,0,0,976,recovery,790
23.849329175611025,14,0,118,868,0,0,0,976,recovery,11
23.858232955525114,14,0,117,869,0,0,0,976,recovery,905
23.9661601356781,14,0,116,870,0,0,0,976,recovery,713
24.0264152490292,14,0,115,871,0,0,0,976,recovery,754
24.0527495132837,14,0,114,872,0,0,0,976,recovery,522
24.07056864093547,14,0,113,873,0,0,0,976,recovery,552
24.089763563376977,14,0,112,874,0,0,0,976,recovery,293
24.148745369701096,14,0,111,875,0,0,0,976,recovery,982
24.3740976944739,14,0,110,876,0,0,0,976,recovery,139
24.489036963830017,14,0,109,877,0,0,0,976,recovery,452
24.502637069738086,14,0,108,878,0,0,0,976,recovery,789
24.537708570569535,14,0,107,879,0,0,0,976,recovery,276
24.548966182642772,14,0,106,880,0,0,0,976,recovery,326
24.5691437166304,14,0,105,881,0,0,0,976,recovery,865
24.585498774759248,14,0,104,882,0,0,0,976,recovery,699
24.652945253482603,14,0,103,883,0,0,0,976,recovery,158
24.687294714199318,14,0,102,884,0,0,0,976,recovery,799
24.768564654084955,13,0,103,884,0,0,0,977,infection,918
24.77945420205271,13,0,102,885,0,0,0,977,recovery,72
24.794272778719176,13,0,101,886,0,0,0,977,recovery,451
24.822607542404246,12,0,102,886,0,0,0,978,infection,828
24.888013014403057,12,0,101,887,0,0,0,978,recovery,629
24.89244611238103,12,0,100,888,0,0,0,978,recovery,253
24.958871128714957,12,0,99,889,0,0,0,978,recovery,601
25.08034403353929,12,0,98,890,0,0,0,978,recovery,750
25.084003099081386,12,0,97,891,0,0,0,978,recovery,436
25.248623040067216,12,0,96,892,0,0,0,978,recovery,454
25.26101088082407,12,0,95,893,0,0,0,978,recovery,28
25.464309964268594,12,0,94,894,0,0,0,978,recovery,134
25.634590731194557,11,0,95,894,0,0,0,979,infection,453
25.68141033656378,11,0,94,895,0,0,0,979,recovery,548
25.86196191978189,11,0,93,896,0,0,0,979,recovery,339
26.022121055228816,11,0,92,897,0,0,0,979,recovery,106
26.056528778437546,11,0,91,898,0,0,0,979,recovery,131
26.15297808615897,11,0,90,899,0,0,0,979,recovery,843
26.308252054157876,11,0,89,900,0,0,0,979,recovery,630
26.332337291928187,11,0,88,901,0,0,0,979,recovery,262
26.38275970374451,11,0,87,902,0,0,0,979,recovery,283
26.541466185828725,11,0,86,903,0,0,0,979,recovery,740
26.569868360460447,11,0,85,904,0,0,0,979,recovery,172
26.627161312488685,11,0,84,905,0,0,0,979,recovery,257
26.630295321176753,11,0,83,906,0,0,0,979,recovery,528
26.771352383697483,11,0,82,907,0,0,0,979,recovery,674
26.818966676496423,11,0,81,908,0,0,0,979,recovery,153
26.92204010226958,11,0,80,909,0,0,0,979,recovery,792
26.97651907521047,11,0,79,910,0,0,0,979,recovery,82
26.98491595913599,11,0,78,911,0,0,0,979,recovery,703
27.0506226295872,11,0,77,912,0,0,0,979,recovery,652
27.08772312149665,11,0,76,913,0,0,0,979,recovery,676
27.096996592711385,11,0,75,914,0,0,0,979,recovery,39
27.102850352655935,11,0,74,915,0,0,0,979,recovery,912
27.107525736295443,11,0,73,916,0,0,0,979,recovery,818
27.256172472607172,11,0,72,917,0,0,0,979,recovery,757
27.25867825078925,11,0,71,918,0,0,0,979,recovery,242
27.273254205058155,11,0,70,919,0,0,0,979,recovery,857
27.29164778136713,11,0,69,920,0,0,0,979,recovery,365
27.32432897929034,11,0,68,921,0,0,0,979,recovery,239
27.329979743757754,11,0,67,922,0,0,0,979,recovery,472
27.595409284812057,11,0,66,923,0,0,0,979,recovery,772
27.722550883497902,11,0,65,924,0,0,0,979,recovery,413
28.1182889746252,11,0,64,925,0,0,0,979,recovery,656
28.23430895679584,11,0,63,926,0,0,0,979,recovery,110
28.345907627418203,11,0,62,927,0,0,0,979,recovery,775
28.354265285756956,11,0,61,928,0,0,0,979,recovery,7
28.356929776082595,11,0,60,929,0,0,0,979,recovery,198
28.420256733768515,11,0,59,930,0,0,0,979,recovery,94
28.794640739147628,11,0,58,931,0,0,0,979,recovery,811
29.02700734436304,11,0,57,932,0,0,0,979,recovery,916
29.65576102756182,11,0,56,933,0,0,0,979,recovery,918
29.671547818473442,11,0,55,934,0,0,0,979,recovery,554
29.70878916107651,11,0,54,935,0,0,0,979,recovery,501
29.73986713778676,11,0,53,936,0,0,0,979,recovery,221
29.852169693199542,11,0,52,937,0,0,0,979,recovery,154
29.904072037620438,11,0,51,938,0,0,0,979,recovery,380
29.95189254267057,11,0,50,939,0,0,0,979,recovery,822
30.027165769187334,11,0,49,940,0,0,0,979,recovery,287
30.269879489281923,11,0,48,941,0,0,0,979,recovery,553
30.300182678904193,11,0,47,942,0,0,0,979,recovery,453
30.35429409485321,11,0,46,943,0,0,0,979,recovery,104
30.771827761898276,11,0,45,944,0,0,0,979,recovery,957
31.178293465035495,11,0,44,945,0,0,0,979,recovery,903
31.228199848301383,11,0,43,946,0,0,0,979,recovery,520
31.255994749355867,10,0,44,946,0,0,0,980,infection,328
31.296622170669533,10,0,43,947,0,0,0,980,recovery,682
31.59305174976896,10,0,42,948,0,0,0,980,recovery,643
31.66560542723154,10,0,41,949,0,0,0,980,recovery,628
32.03068570401949,10,0,40,950,0,0,0,980,recovery,945
32.167761214854885,10,0,39,951,0,0,0,980,recovery,964
32.35423682249268,10,0,38,952,0,0,0,980,recovery,743
32.44506309843608,10,0,37,953,0,0,0,980,recovery,328
32.49908061651879,10,0,36,954,0,0,0,980,recovery,935
32.59342344371088,10,0,35,955,0,0,0,980,recovery,722
33.00830377639182,10,0,34,956,0,0,0,980,recovery,107
33.08397864520493,10,0,33,957,0,0,0,980,recovery,523
33.10350544695434,10,0,32,958,0,0,0,980,recovery,830
33.2191735642046,10,0,31,959,0,0,0,980,recovery,487
33.34083357346543,10,0,30,960,0,0,0,980,recovery,249
33.69808069271123,9,0,31,960,0,0,0,981,infection,753
34.00441193044952,9,0,30,961,0,0,0,981,recovery,753
34.07854571032459,9,0,29,962,0,0,0,981,recovery,490
34.09344474085614,9,0,28,963,0,0,0,981,recovery,217
34.11250730432368,9,0,27,964,0,0,0,981,recovery,535
34.55191974341587,9,0,26,965,0,0,0,981,recovery,80
34.96937635988055,9,0,25,966,0,0,0,981,recovery,194
35.07618940837122,8,0,26,966,0,0,0,982,infection,29
35.178182453609544,8,0,25,967,0,0,0,982,recovery,594
35.20058035980902,8,0,24,968,0,0,0,982,recovery,532
35.263906099305416,8,0,23,969,0,0,0,982,recovery,50
35.77460367489458,8,0,22,970,0,0,0,982,recovery,47
36.329879378967966,8,0,21,971,0,0,0,982,recovery,4
36.42533029415288,8,0,20,972,0,0,0,982,recovery,183
36.58897884904701,8,0,19,973,0,0,0,982,recovery,507
36.64782728289747,8,0,18,974,0,0,0,982,recovery,491
36.662118953945935,8,0,17,975,0,0,0,982,recovery,812
36.7347890337768,8,0,16,976,0,0,0,982,recovery,358
36.91365932433789,8,0,15,977,0,0,0,982,recovery,766
37.2155608643532,8,0,14,978,0,0,0,982,recovery,696
38.03780960603224,8,0,13,979,0,0,0,982,recovery,560
38.10475475078019,7,0,14,979,0,0,0,983,infection,555
38.153918567684414,7,0,13,980,0,0,0,983,recovery,952
38.16656064865336,7,0,12,981,0,0,0,983,recovery,355
40.0,7,0,12,981,0,0,0,983,horizon,0
