t,S,E,I,R,births,deaths,vaccinated,infections,event,person
0.0,990,0,10,0,0,0,0,0,initial,0
0.02438749703634791,989,0,11,0,0,0,0,1,infection,518
0.025942563478191825,988,0,12,0,0,0,0,2,infection,3
0.08724639748541235,987,0,13,0,0,0,0,3,infection,150
0.14150792991978453,986,0,14,0,0,0,0,4,infection,229
0.16061707916178863,985,0,15,0,0,0,0,5,infection,393
0.27868270553717556,985,0,14,1,0,0,0,5,recovery,991
0.33558360228736667,984,0,15,1,0,0,0,6,infection,705
0.34775844074761264,983,0,16,1,0,0,0,7,infection,19
0.5077422523599269,982,0,17,1,0,0,0,8,infection,960
0.6025490390503618,981,0,18,1,0,0,0,9,infection,105
0.7185873630439976,980,0,19,1,0,0,0,10,infection,610
0.731856047250941,979,0,20,1,0,0,0,11,infection,694
0.7407937295000726,978,0,21,1,0,0,0,12,infection,583
0.8221668512546336,977,0,22,1,0,0,0,13,infection,180
0.9295569373451902,976,0,23,1,0,0,0,14,infection,863
0.9306777761237396,975,0,24,1,0,0,0,15,infection,431
0.9564290303562898,974,0,25,1,0,0,0,16,infection,428
1.0653935517744204,974,0,24,2,0,0,0,16,recovery,705
1.145493145374097,974,0,23,3,0,0,0,16,recovery,393
1.1930315064312347,973,0,24,3,0,0,0,17,infection,943
1.2180565333393898,972,0,25,3,0,0,0,18,infection,761
1.2250565994666596,971,0,26,3,0,0,0,19,infection,92
1.2822776048821136,970,0,27,3,0,0,0,20,infection,595
1.353944474937466,969,0,28,3,0,0,0,21,infection,60
1.388427739781382,968,0,29,3,0,0,0,22,infection,464
1.4009247690117583,967,0,30,3,0,0,0,23,infection,879
1.4089331288908915,966,0,31,3,0,0,0,24,infection,872
1.4182570771937648,965,0,32,3,0,0,0,25,infection,8
1.420975281434059,964,0,33,3,0,0,0,26,infection,537
1.4284026385263253,963,0,34,3,0,0,0,27,infection,831
1.4479667519523753,963,0,33,4,0,0,0,27,recovery,998
1.4559421235925178,962,0,34,4,0,0,0,28,infection,364
1.5068134094517804,961,0,35,4,0,0,0,29,infection,400
1.5413269065536475,960,0,36,4,0,0,0,30,infection,204
1.567853643088387,959,0,37,4,0,0,0,31,infection,545
1.6684987635120219,958,0,38,4,0,0,0,32,infection,630
1.7362039162187142,957,0,39,4,0,0,0,33,infection,838
1.7674547615410452,956,0,40,4,0,0,0,34,infection,299
1.7821267116312196,955,0,41,4,0,0,0,35,infection,873
1.7905121696913582,954,0,42,4,0,0,0,36,infection,900
1.8113401385835823,953,0,43,4,0,0,0,37,infection,640
1.8566774289713859,952,0,44,4,0,0,0,38,infection,449
1.8857362467366854,951,0,45,4,0,0,0,39,infection,976
1.9168738157119245,950,0,46,4,0,0,0,40,infection,923
1.9237653600180238,949,0,47,4,0,0,0,41,infection,309
1.9511890643065035,948,0,48,4,0,0,0,42,infection,848
2.0138961648686866,947,0,49,4,0,0,0,43,infection,969
2.017647210776613,946,0,50,4,0,0,0,44,infection,483
2.0318103065816953,945,0,51,4,0,0,0,45,infection,986
2.0375155453594496,944,0,52,4,0,0,0,46,infection,631
2.047925414590576,943,0,53,4,0,0,0,47,infection,123
2.0556417190008056,942,0,54,4,0,0,0,48,infection,13
2.05753557379597,941,0,55,4,0,0,0,49,infection,968
2.060684763141349,940,0,56,4,0,0,0,50,infection,140
2.062978792611775,939,0,57,4,0,0,0,51,infection,269
2.0756711399548156,939,0,56,5,0,0,0,51,recovery,943
2.078049365172225,938,0,57,5,0,0,0,52,infection,632
2.0852415182472233,937,0,58,5,0,0,0,53,infection,738
2.0911725764794227,936,0,59,5,0,0,0,54,infection,817
2.0991056129695487,935,0,60,5,0,0,0,55,infection,491
2.1056142053603697,935,0,59,6,0,0,0,55,recovery,60
2.118147240400691,934,0,60,6,0,0,0,56,infection,593
2.1197275724473563,933,0,61,6,0,0,0,57,infection,754
2.11989092783784,932,0,62,6,0,0,0,58,infection,918
2.1493387085380857,931,0,63,6,0,0,0,59,infection,332
2.1503114079868326,930,0,64,6,0,0,0,60,infection,614
2.153265981246816,929,0,65,6,0,0,0,61,infection,744
2.17534005006569,929,0,64,7,0,0,0,61,recovery,464
2.1855569556628276,928,0,65,7,0,0,0,62,infection,718
2.201492790362617,927,0,66,7,0,0,0,63,infection,890
2.2131712691131136,926,0,67,7,0,0,0,64,infection,897
2.239322988983325,925,0,68,7,0,0,0,65,infection,479
2.252123496931264,924,0,69,7,0,0,0,66,infection,392
2.253526829496,923,0,70,7,0,0,0,67,infection,143
2.25362130032931,922,0,71,7,0,0,0,68,infection,750
2.269065734982124,921,0,72,7,0,0,0,69,infection,404
2.2700945267080774,921,0,71,8,0,0,0,69,recovery,897
2.297362683714208,920,0,72,8,0,0,0,70,infection,880
2.3036117110646352,919,0,73,8,0,0,0,71,infection,642
2.3160078861426685,918,0,74,8,0,0,0,72,infection,42
2.333792365241146,917,0,75,8,0,0,0,73,infection,868
2.3506810710950568,916,0,76,8,0,0,0,74,infection,912
2.3593553898211046,915,0,77,8,0,0,0,75,infection,785
2.3641626210298337,914,0,78,8,0,0,0,76,infection,892
2.3989325837300255,913,0,79,8,0,0,0,77,infection,647
2.406746331344722,912,0,80,8,0,0,0,78,infection,697
2.4113812136532657,911,0,81,8,0,0,0,79,infection,429
2.489469953585654,910,0,82,8,0,0,0,80,infection,486
2.526391721786857,909,0,83,8,0,0,0,81,infection,395
2.5344485034720456,908,0,84,8,0,0,0,82,infection,961
2.5457997677480666,907,0,85,8,0,0,0,83,infection,99
2.549177585474266,906,0,86,8,0,0,0,84,infection,843
2.5549907483568424,905,0,87,8,0,0,0,85,infection,425
2.5572909350148625,904,0,88,8,0,0,0,86,infection,307
2.5607464342909925,904,0,87,9,0,0,0,86,recovery,99
2.5693945860349716,903,0,88,9,0,0,0,87,infection,66
2.58172815154749,902,0,89,9,0,0,0,88,infection,702
2.585911226681125,901,0,90,9,0,0,0,89,infection,903
2.598940824071605,900,0,91,9,0,0,0,90,infection,285
2.6007386088538396,899,0,92,9,0,0,0,91,infection,980
2.601120511433286,898,0,93,9,0,0,0,92,infection,905
2.6011444632519414,897,0,94,9,0,0,0,93,infection,949
2.601850796847292,896,0,95,9,0,0,0,94,infection,63
2.6119721915848295,895,0,96,9,0,0,0,95,infection,70
2.612348176134281,894,0,97,9,0,0,0,96,infection,11
2.626715675305043,893,0,98,9,0,0,0,97,infection,130
2.632809949314114,892,0,99,9,0,0,0,98,infection,807
2.6405549839584705,891,0,100,9,0,0,0,99,infection,266
2.651147337656211,890,0,101,9,0,0,0,100,infection,275
2.661619248881701,890,0,100,10,0,0,0,100,recovery,392
2.6697702650532245,890,0,99,11,0,0,0,100,recovery,918
2.682799323143098,890,0,98,12,0,0,0,100,recovery,204
2.6888618948397327,889,0,99,12,0,0,0,101,infection,160
2.712876170988884,888,0,100,12,0,0,0,102,infection,921
2.7256090428561346,887,0,101,12,0,0,0,103,infection,303
2.741668450934366,886,0,102,12,0,0,0,104,infection,589
2.7437926403636395,885,0,103,12,0,0,0,105,infection,154
2.7475446182057284,884,0,104,12,0,0,0,106,infection,193
2.762559195942508,883,0,105,12,0,0,0,107,infection,373
2.7654228168788526,882,0,106,12,0,0,0,108,infection,347
2.7715195125344496,881,0,107,12,0,0,0,109,infection,965
2.773735208509657,880,0,108,12,0,0,0,110,infection,209
2.780258248790504,879,0,109,12,0,0,0,111,infection,612
2.786037785665458,879,0,108,13,0,0,0,111,recovery,994
2.7875562907802216,878,0,109,13,0,0,0,112,infection,928
2.7964633743388716,877,0,110,13,0,0,0,113,infection,223
2.798903003584252,876,0,111,13,0,0,0,114,infection,318
2.7995190616162677,876,0,110,14,0,0,0,114,recovery,968
2.819247981416754,875,0,111,14,0,0,0,115,infection,805
2.820820997134069,874,0,112,14,0,0,0,116,infection,474
2.8270938240175596,873,0,113,14,0,0,0,117,infection,734
2.8317117753008034,872,0,114,14,0,0,0,118,infection,577
2.8332153623610505,871,0,115,14,0,0,0,119,infection,297
2.8350767795150382,870,0,116,14,0,0,0,120,infection,356
2.842967240173454,869,0,117,14,0,0,0,121,infection,187
2.8441806912873497,868,0,118,14,0,0,0,122,infection,735
2.845190825637977,868,0,117,15,0,0,0,122,recovery,993
2.8476856263000143,867,0,118,15,0,0,0,123,infection,974
2.847951163240161,866,0,119,15,0,0,0,124,infection,97
2.866055256497307,866,0,118,16,0,0,0,124,recovery,400
2.88966179882387,865,0,119,16,0,0,0,125,infection,926
2.8911063641563737,864,0,120,16,0,0,0,126,infection,739
2.9095088131925975,863,0,121,16,0,0,0,127,infection,506
2.947952284692841,862,0,122,16,0,0,0,128,infection,320
2.9607072134325314,861,0,123,16,0,0,0,129,infection,189
2.989950925078584,860,0,124,16,0,0,0,130,infection,625
2.99500919582961,859,0,125,16,0,0,0,131,infection,544
3.000156575970782,858,0,126,16,0,0,0,132,infection,81
3.0022794509939494,857,0,127,16,0,0,0,133,infection,781
3.0054686782405637,856,0,128,16,0,0,0,134,infection,446
3.008773395825143,855,0,129,16,0,0,0,135,infection,548
3.0333055560738047,854,0,130,16,0,0,0,136,infection,670
3.040455078685996,853,0,131,16,0,0,0,137,infection,161
3.04244016746602,852,0,132,16,0,0,0,138,infection,721
3.0426237841667496,851,0,133,16,0,0,0,139,infection,498
3.047445617825356,850,0,134,16,0,0,0,140,infection,667
3.0491842285673085,849,0,135,16,0,0,0,141,infection,979
3.051450765442794,848,0,136,16,0,0,0,142,infection,916
3.0528563902788415,847,0,137,16,0,0,0,143,infection,256
3.0560861063071205,846,0,138,16,0,0,0,144,infection,617
3.075984569219288,845,0,139,16,0,0,0,145,infection,732
3.0763240697972956,845,0,138,17,0,0,0,145,recovery,734
3.0823597134529694,844,0,139,17,0,0,0,146,infection,317
3.0864863320121225,843,0,140,17,0,0,0,147,infection,557
3.091486611808034,842,0,141,17,0,0,0,148,infection,701
3.093379623189034,841,0,142,17,0,0,0,149,infection,418
3.1007302259643037,840,0,143,17,0,0,0,150,infection,43
3.114520985223557,839,0,144,17,0,0,0,151,infection,564
3.1264073259780014,838,0,145,17,0,0,0,152,infection,749
3.1307879156627623,837,0,146,17,0,0,0,153,infection,844
3.1350213655874066,836,0,147,17,0,0,0,154,infection,117
3.1586884329388183,835,0,148,17,0,0,0,155,infection,32
3.1596691685678424,834,0,149,17,0,0,0,156,infection,818
3.1613296858842985,833,0,150,17,0,0,0,157,infection,397
3.164314460035454,832,0,151,17,0,0,0,158,infection,93
3.1689770525326155,831,0,152,17,0,0,0,159,infection,752
3.1691596005741443,830,0,153,17,0,0,0,160,infection,623
3.1702141497612777,829,0,154,17,0,0,0,161,infection,815
3.1707797887833102,829,0,153,18,0,0,0,161,recovery,332
3.1799618321759646,828,0,154,18,0,0,0,162,infection,225
3.185576960616432,828,0,153,19,0,0,0,162,recovery,81
3.188599407236889,827,0,154,19,0,0,0,163,infection,860
3.2119323552214656,826,0,155,19,0,0,0,164,infection,287
3.2126016354677414,825,0,156,19,0,0,0,165,infection,555
3.2314552705332664,824,0,157,19,0,0,0,166,infection,855
3.2331654251244855,823,0,158,19,0,0,0,167,infection,53
3.2363608123328325,822,0,159,19,0,0,0,168,infection,261
3.2413730479215923,821,0,160,19,0,0,0,169,infection,76
3.2419162473626226,820,0,161,19,0,0,0,170,infection,543
3.2627161274710597,820,0,160,20,0,0,0,170,recovery,486
3.2644112220565944,819,0,161,20,0,0,0,171,infection,836
3.267587768344711,819,0,160,21,0,0,0,171,recovery,105
3.270792454186318,818,0,161,21,0,0,0,172,infection,972
3.2818863848298685,817,0,162,21,0,0,0,173,infection,352
3.284589657701393,816,0,163,21,0,0,0,174,infection,228
3.3009958585774895,815,0,164,21,0,0,0,175,infection,883
3.3060298060450455,814,0,165,21,0,0,0,176,infection,242
3.3089993689730077,814,0,164,22,0,0,0,176,recovery,154
3.329350348640588,813,0,165,22,0,0,0,177,infection,268
3.3389456836409934,812,0,166,22,0,0,0,178,infection,468
3.3415638161070778,811,0,167,22,0,0,0,179,infection,703
3.3423998562283703,810,0,168,22,0,0,0,180,infection,984
3.348101256609897,809,0,169,22,0,0,0,181,infection,579
3.358350057713521,808,0,170,22,0,0,0,182,infection,755
3.358916436881776,807,0,171,22,0,0,0,183,infection,876
3.3731656676469877,806,0,172,22,0,0,0,184,infection,101
3.393044266606399,805,0,173,22,0,0,0,185,infection,527
3.393251521479224,804,0,174,22,0,0,0,186,infection,959
3.3961546348454195,803,0,175,22,0,0,0,187,infection,128
3.403100676259127,802,0,176,22,0,0,0,188,infection,869
3.4128416177594287,801,0,177,22,0,0,0,189,infection,760
3.424988451132283,800,0,178,22,0,0,0,190,infection,549
3.4253100186734673,799,0,179,22,0,0,0,191,infection,920
3.4425414668285503,798,0,180,22,0,0,0,192,infection,31
3.451270583591896,797,0,181,22,0,0,0,193,infection,678
3.4517202014556636,796,0,182,22,0,0,0,194,infection,908
3.4536046627077104,795,0,183,22,0,0,0,195,infection,142
3.45598174069066,794,0,184,22,0,0,0,196,infection,482
3.4622781140325336,793,0,185,22,0,0,0,197,infection,935
3.46876716601113,792,0,186,22,0,0,0,198,infection,185
3.470390747708312,791,0,187,22,0,0,0,199,infection,990
3.473135402715174,790,0,188,22,0,0,0,200,infection,74
3.4804189999011443,789,0,189,22,0,0,0,201,infection,50
3.488143035232159,789,0,188,23,0,0,0,201,recovery,142
3.491907600485043,788,0,189,23,0,0,0,202,infection,57
3.498014989884862,787,0,190,23,0,0,0,203,infection,104
3.499168003763666,786,0,191,23,0,0,0,204,infection,686
3.5035441432867915,785,0,192,23,0,0,0,205,infection,45
3.5061470111849715,784,0,193,23,0,0,0,206,infection,159
3.5092381649003186,783,0,194,23,0,0,0,207,infection,476
3.514087710168153,782,0,195,23,0,0,0,208,infection,423
3.519139511532349,781,0,196,23,0,0,0,209,infection,234
3.541542322287974,780,0,197,23,0,0,0,210,infection,122
3.5487028786694133,779,0,198,23,0,0,0,211,infection,607
3.5519319642725087,778,0,199,23,0,0,0,212,infection,162
3.56227909217782,778,0,198,24,0,0,0,212,recovery,431
3.5678671568353115,778,0,197,25,0,0,0,212,recovery,997
3.569168830655896,778,0,196,26,0,0,0,212,recovery,317
3.576768126356345,777,0,197,26,0,0,0,213,infection,834
3.5790170193758586,776,0,198,26,0,0,0,214,infection,826
3.5829101545486237,775,0,199,26,0,0,0,215,infection,64
3.58501930038212,774,0,200,26,0,0,0,216,infection,793
3.5919173231905477,774,0,199,27,0,0,0,216,recovery,261
3.5940364171539,773,0,200,27,0,0,0,217,infection,477
3.599834544223232,772,0,201,27,0,0,0,218,infection,192
3.601995702079875,771,0,202,27,0,0,0,219,infection,856
3.602125698410807,770,0,203,27,0,0,0,220,infection,599
3.607588824290673,769,0,204,27,0,0,0,221,infection,822
3.614455868143802,768,0,205,27,0,0,0,222,infection,851
3.6188417405655184,767,0,206,27,0,0,0,223,infection,202
3.620152819140151,766,0,207,27,0,0,0,224,infection,913
3.624018938315653,765,0,208,27,0,0,0,225,infection,248
3.6277493776996055,764,0,209,27,0,0,0,226,infection,191
3.6281616530824783,763,0,210,27,0,0,0,227,infection,811
3.6410974793926947,763,0,209,28,0,0,0,227,recovery,873
3.6437741535292805,763,0,208,29,0,0,0,227,recovery,640
3.657412268204132,763,0,207,30,0,0,0,227,recovery,921
3.6587382424426727,763,0,206,31,0,0,0,227,recovery,347
3.6597451178565064,762,0,207,31,0,0,0,228,infection,600
3.6603923112729633,762,0,206,32,0,0,0,228,recovery,180
3.666352850129652,761,0,207,32,0,0,0,229,infection,964
3.673710454603659,761,0,206,33,0,0,0,229,recovery,838
3.6805071612787796,760,0,207,33,0,0,0,230,infection,981
3.6809626872092616,759,0,208,33,0,0,0,231,infection,306
3.68410015832371,758,0,209,33,0,0,0,232,infection,79
3.6909373324109085,757,0,210,33,0,0,0,233,infection,151
3.6931870505098647,756,0,211,33,0,0,0,234,infection,336
3.7024797068092634,756,0,210,34,0,0,0,234,recovery,826
3.7076592344282733,755,0,211,34,0,0,0,235,infection,157
3.7111333776681024,754,0,212,34,0,0,0,236,infection,91
3.7115547037421583,753,0,213,34,0,0,0,237,infection,88
3.7152339778922467,752,0,214,34,0,0,0,238,infection,751
3.7245354491085902,751,0,215,34,0,0,0,239,infection,179
3.7275025009752136,750,0,216,34,0,0,0,240,infection,319
3.73082347053654,749,0,217,34,0,0,0,241,infection,334
3.732868217524896,749,0,216,35,0,0,0,241,recovery,297
3.73993593729571,749,0,215,36,0,0,0,241,recovery,91
3.7401389546029638,748,0,216,36,0,0,0,242,infection,89
3.741174344108594,747,0,217,36,0,0,0,243,infection,707
3.741269080766557,746,0,218,36,0,0,0,244,infection,575
3.748505225425448,745,0,219,36,0,0,0,245,infection,532
3.750156728245254,744,0,220,36,0,0,0,246,infection,466
3.7564560526359116,743,0,221,36,0,0,0,247,infection,566
3.7586834650532217,742,0,222,36,0,0,0,248,infection,962
3.762042071839927,741,0,223,36,0,0,0,249,infection,639
3.773938994391926,740,0,224,36,0,0,0,250,infection,665
3.784936748914499,739,0,225,36,0,0,0,251,infection,407
3.7852046546452103,738,0,226,36,0,0,0,252,infection,121
3.7866594763889827,737,0,227,36,0,0,0,253,infection,181
3.7893678995396995,736,0,228,36,0,0,0,254,infection,784
3.8133270985263126,736,0,227,37,0,0,0,254,recovery,614
3.815371521879968,735,0,228,37,0,0,0,255,infection,684
3.821181540276134,734,0,229,37,0,0,0,256,infection,51
3.8250137081963134,734,0,228,38,0,0,0,256,recovery,718
3.8282022160053537,733,0,229,38,0,0,0,257,infection,547
3.8313212154010485,732,0,230,38,0,0,0,258,infection,10
3.833523089246544,732,0,229,39,0,0,0,258,recovery,566
3.833696874156055,731,0,230,39,0,0,0,259,infection,925
3.833976288329628,731,0,229,40,0,0,0,259,recovery,373
3.8346405698323336,730,0,230,40,0,0,0,260,infection,673
3.8365555538945024,730,0,229,41,0,0,0,260,recovery,543
3.8366746693192493,729,0,230,41,0,0,0,261,infection,56
3.839666609060008,728,0,231,41,0,0,0,262,infection,405
3.8427422451765443,727,0,232,41,0,0,0,263,infection,616
3.8452914384242587,726,0,233,41,0,0,0,264,infection,380
3.8510262920006424,725,0,234,41,0,0,0,265,infection,825
3.8532990785970522,725,0,233,42,0,0,0,265,recovery,418
3.8590792949483816,724,0,234,42,0,0,0,266,infection,206
3.8591189537950434,724,0,233,43,0,0,0,266,recovery,269
3.8609827292603005,723,0,234,43,0,0,0,267,infection,794
3.8618693198915577,722,0,235,43,0,0,0,268,infection,513
3.8624113224126555,721,0,236,43,0,0,0,269,infection,798
3.864760146741134,720,0,237,43,0,0,0,270,infection,511
3.866521561491487,719,0,238,43,0,0,0,271,infection,153
3.872258044501972,718,0,239,43,0,0,0,272,infection,862
3.8777161002996103,717,0,240,43,0,0,0,273,infection,326
3.881482203415443,716,0,241,43,0,0,0,274,infection,675
3.885335000656654,715,0,242,43,0,0,0,275,infection,408
3.8898253953091517,714,0,243,43,0,0,0,276,infection,814
3.8976661464379414,713,0,244,43,0,0,0,277,infection,348
3.9007573478365636,712,0,245,43,0,0,0,278,infection,529
3.911778759332351,711,0,246,43,0,0,0,279,infection,534
3.914668310126187,710,0,247,43,0,0,0,280,infection,366
3.9254313360255124,709,0,248,43,0,0,0,281,infection,809
3.9270816958478116,709,0,247,44,0,0,0,281,recovery,476
3.9333359499118155,708,0,248,44,0,0,0,282,infection,764
3.9530678232018395,707,0,249,44,0,0,0,283,infection,298
3.9625952817258505,706,0,250,44,0,0,0,284,infection,803
3.9629962394301477,705,0,251,44,0,0,0,285,infection,558
3.963560365933126,704,0,252,44,0,0,0,286,infection,176
3.9681896717744722,703,0,253,44,0,0,0,287,infection,787
3.9884679989661334,702,0,254,44,0,0,0,288,infection,531
3.9923576304043014,702,0,253,45,0,0,0,288,recovery,223
3.993377652807061,701,0,254,45,0,0,0,289,infection,308
3.9947978508068926,700,0,255,45,0,0,0,290,infection,606
3.9965837533026076,699,0,256,45,0,0,0,291,infection,829
4.008101618313261,698,0,257,45,0,0,0,292,infection,668
4.0115971257737,697,0,258,45,0,0,0,293,infection,893
4.012095969249701,697,0,257,46,0,0,0,293,recovery,670
4.012584568634906,696,0,258,46,0,0,0,294,infection,840
4.014005567556926,696,0,257,47,0,0,0,294,recovery,959
4.018264191717352,695,0,258,47,0,0,0,295,infection,951
4.025590501631712,694,0,259,47,0,0,0,296,infection,132
4.026391811108141,694,0,258,48,0,0,0,296,recovery,951
4.027733651871019,693,0,259,48,0,0,0,297,infection,669
4.045993824848011,692,0,260,48,0,0,0,298,infection,435
4.047383388387762,691,0,261,48,0,0,0,299,infection,664
4.052671533886804,690,0,262,48,0,0,0,300,infection,598
4.053486976653124,689,0,263,48,0,0,0,301,infection,125
4.056091127357885,688,0,264,48,0,0,0,302,infection,102
4.056642518035977,687,0,265,48,0,0,0,303,infection,648
4.058066033718068,686,0,266,48,0,0,0,304,infection,344
4.061903502427927,685,0,267,48,0,0,0,305,infection,958
4.063248448306001,684,0,268,48,0,0,0,306,infection,9
4.068020777275715,683,0,269,48,0,0,0,307,infection,613
4.072124323758027,682,0,270,48,0,0,0,308,infection,723
4.075932623932238,682,0,269,49,0,0,0,308,recovery,303
4.083464457752083,682,0,268,50,0,0,0,308,recovery,544
4.091311543756276,681,0,269,50,0,0,0,309,infection,909
4.094034620436305,681,0,268,51,0,0,0,309,recovery,356
4.099390546670212,680,0,269,51,0,0,0,310,infection,515
4.1008923989764225,679,0,270,51,0,0,0,311,infection,507
4.109532058993524,678,0,271,51,0,0,0,312,infection,977
4.116299181272296,677,0,272,51,0,0,0,313,infection,118
4.119201086313531,677,0,271,52,0,0,0,313,recovery,996
4.121031087345196,676,0,272,52,0,0,0,314,infection,727
4.134803725439452,675,0,273,52,0,0,0,315,infection,200
4.142075611305224,674,0,274,52,0,0,0,316,infection,235
4.14847762515571,673,0,275,52,0,0,0,317,infection,720
4.150904221414735,672,0,276,52,0,0,0,318,infection,882
4.15204145616235,671,0,277,52,0,0,0,319,infection,602
4.153487816676476,670,0,278,52,0,0,0,320,infection,385
4.157780141889249,669,0,279,52,0,0,0,321,infection,847
4.159731691252663,668,0,280,52,0,0,0,322,infection,636
4.1759152039657454,667,0,281,52,0,0,0,323,infection,795
4.187277602474117,666,0,282,52,0,0,0,324,infection,442
4.190213552008845,665,0,283,52,0,0,0,325,infection,939
4.198720372371023,664,0,284,52,0,0,0,326,infection,427
4.202561029246394,664,0,283,53,0,0,0,326,recovery,855
4.21632133386101,663,0,284,53,0,0,0,327,infection,827
4.218508403516404,662,0,285,53,0,0,0,328,infection,588
4.221284983463404,661,0,286,53,0,0,0,329,infection,952
4.223240763952968,660,0,287,53,0,0,0,330,infection,34
4.224266179386475,659,0,288,53,0,0,0,331,infection,932
4.225889918237036,658,0,289,53,0,0,0,332,infection,224
4.226290902609146,657,0,290,53,0,0,0,333,infection,201
4.230877775320588,656,0,291,53,0,0,0,334,infection,828
4.231254893254238,655,0,292,53,0,0,0,335,infection,714
4.235206407573041,654,0,293,53,0,0,0,336,infection,472
4.2364102842339575,653,0,294,53,0,0,0,337,infection,227
4.237938212295362,652,0,295,53,0,0,0,338,infection,634
4.24126448778611,651,0,296,53,0,0,0,339,infection,571
4.243027207287016,650,0,297,53,0,0,0,340,infection,1
4.2433703144078505,649,0,298,53,0,0,0,341,infection,109
4.24661453409245,648,0,299,53,0,0,0,342,infection,552
4.248123133150504,647,0,300,53,0,0,0,343,infection,956
4.251557487291015,646,0,301,53,0,0,0,344,infection,757
4.251642168515662,645,0,302,53,0,0,0,345,infection,688
4.257870248506666,644,0,303,53,0,0,0,346,infection,889
4.261305055717157,643,0,304,53,0,0,0,347,infection,966
4.2663773740407125,643,0,303,54,0,0,0,347,recovery,89
4.267137054395183,642,0,304,54,0,0,0,348,infection,729
4.271085144968193,641,0,305,54,0,0,0,349,infection,938
4.272278004144645,640,0,306,54,0,0,0,350,infection,526
4.2726284714009655,639,0,307,54,0,0,0,351,infection,596
4.2760026067893016,639,0,306,55,0,0,0,351,recovery,157
4.286659279606515,639,0,305,56,0,0,0,351,recovery,446
4.290424494659803,638,0,306,56,0,0,0,352,infection,645
4.295805759633402,637,0,307,56,0,0,0,353,infection,877
4.30168740881906,636,0,308,56,0,0,0,354,infection,859
4.3096562219032615,635,0,309,56,0,0,0,355,infection,765
4.313039584001913,635,0,308,57,0,0,0,355,recovery,889
4.32142420482171,634,0,309,57,0,0,0,356,infection,354
4.327949600050938,633,0,310,57,0,0,0,357,infection,592
4.329467005670833,632,0,311,57,0,0,0,358,infection,963
4.329851715058196,631,0,312,57,0,0,0,359,infection,94
4.334346245219864,630,0,313,57,0,0,0,360,infection,246
4.337886308839255,629,0,314,57,0,0,0,361,infection,710
4.34700794565347,628,0,315,57,0,0,0,362,infection,813
4.347435132408503,628,0,314,58,0,0,0,362,recovery,268
4.34824465536987,627,0,315,58,0,0,0,363,infection,911
4.3482682145765255,627,0,314,59,0,0,0,363,recovery,785
4.350668365621588,626,0,315,59,0,0,0,364,infection,568
4.352117881703363,625,0,316,59,0,0,0,365,infection,662
4.35341825163032,625,0,315,60,0,0,0,365,recovery,634
4.3552086859857555,624,0,316,60,0,0,0,366,infection,71
4.360461582386992,623,0,317,60,0,0,0,367,infection,504
4.376297532114886,622,0,318,60,0,0,0,368,infection,762
4.381058639248473,621,0,319,60,0,0,0,369,infection,289
4.386850307840741,620,0,320,60,0,0,0,370,infection,77
4.392796475842294,619,0,321,60,0,0,0,371,infection,270
4.411275524481743,618,0,322,60,0,0,0,372,infection,542
4.4221496136985285,617,0,323,60,0,0,0,373,infection,899
4.426644473760767,616,0,324,60,0,0,0,374,infection,584
4.4317058279209345,615,0,325,60,0,0,0,375,infection,69
4.44373825290692,614,0,326,60,0,0,0,376,infection,459
4.44652915463246,614,0,325,61,0,0,0,376,recovery,307
4.451126073296318,613,0,326,61,0,0,0,377,infection,169
4.463294937372404,612,0,327,61,0,0,0,378,infection,254
4.465895795052685,611,0,328,61,0,0,0,379,infection,148
4.466752035751397,610,0,329,61,0,0,0,380,infection,415
4.471119710139674,610,0,328,62,0,0,0,380,recovery,189
4.471761989564079,609,0,329,62,0,0,0,381,infection,615
4.472974398711765,609,0,328,63,0,0,0,381,recovery,209
4.4733281378916265,608,0,329,63,0,0,0,382,infection,530
4.479229058692912,608,0,328,64,0,0,0,382,recovery,665
4.480169001710208,607,0,329,64,0,0,0,383,infection,368
4.480906654918078,606,0,330,64,0,0,0,384,infection,218
4.4814189146577785,605,0,331,64,0,0,0,385,infection,572
4.484543266436467,604,0,332,64,0,0,0,386,infection,654
4.487730354541299,603,0,333,64,0,0,0,387,infection,907
4.494502249247753,602,0,334,64,0,0,0,388,infection,264
4.495105537957553,601,0,335,64,0,0,0,389,infection,152
4.498922902275047,601,0,334,65,0,0,0,389,recovery,794
4.503526208635492,600,0,335,65,0,0,0,390,infection,581
4.503981036414913,600,0,334,66,0,0,0,390,recovery,66
4.511322170645112,599,0,335,66,0,0,0,391,infection,693
4.512595002672588,598,0,336,66,0,0,0,392,infection,658
4.516829153346849,598,0,335,67,0,0,0,392,recovery,862
4.520787400708379,597,0,336,67,0,0,0,393,infection,345
4.52689587149798,596,0,337,67,0,0,0,394,infection,724
4.5301543301970435,595,0,338,67,0,0,0,395,infection,569
4.533267277819758,594,0,339,67,0,0,0,396,infection,698
4.536403732882031,593,0,340,67,0,0,0,397,infection,120
4.539389704037953,593,0,339,68,0,0,0,397,recovery,526
4.549169928651644,592,0,340,68,0,0,0,398,infection,302
4.552233606078399,592,0,339,69,0,0,0,398,recovery,435
4.556958576169314,591,0,340,69,0,0,0,399,infection,75
4.565827380204256,591,0,339,70,0,0,0,399,recovery,995
4.567384231734417,590,0,340,70,0,0,0,400,infection,681
4.57874963358089,589,0,341,70,0,0,0,401,infection,497
4.5824386133772,588,0,342,70,0,0,0,402,infection,331
4.582950424134205,587,0,343,70,0,0,0,403,infection,138
4.584483476737248,587,0,342,71,0,0,0,403,recovery,612
4.586385882084386,586,0,343,71,0,0,0,404,infection,451
4.587322204143862,586,0,342,72,0,0,0,404,recovery,235
4.589779151156351,586,0,341,73,0,0,0,404,recovery,920
4.59104297002785,585,0,342,73,0,0,0,405,infection,753
4.5915912967824895,585,0,341,74,0,0,0,405,recovery,128
4.59188895963249,584,0,342,74,0,0,0,406,infection,655
4.593634892663051,583,0,343,74,0,0,0,407,infection,627
4.595655425375699,583,0,342,75,0,0,0,407,recovery,911
4.609250723146559,582,0,343,75,0,0,0,408,infection,578
4.609503157133156,581,0,344,75,0,0,0,409,infection,156
4.613291438991497,580,0,345,75,0,0,0,410,infection,651
4.613293900513295,579,0,346,75,0,0,0,411,infection,305
4.619458710059825,578,0,347,75,0,0,0,412,infection,919
4.620845993589534,577,0,348,75,0,0,0,413,infection,790
4.622402996541689,576,0,349,75,0,0,0,414,infection,731
4.625277369568121,575,0,350,75,0,0,0,415,infection,35
4.628368970550411,574,0,351,75,0,0,0,416,infection,396
4.628672698608447,574,0,350,76,0,0,0,416,recovery,531
4.63051656921289,573,0,351,76,0,0,0,417,infection,898
4.640610664524858,572,0,352,76,0,0,0,418,infection,171
4.6414970162184765,571,0,353,76,0,0,0,419,infection,48
4.643883030868961,571,0,352,77,0,0,0,419,recovery,102
4.65145261796937,570,0,353,77,0,0,0,420,infection,887
4.651835231519477,569,0,354,77,0,0,0,421,infection,170
4.6569664322568585,568,0,355,77,0,0,0,422,infection,816
4.661648456082062,567,0,356,77,0,0,0,423,infection,516
4.6617233120588395,566,0,357,77,0,0,0,424,infection,26
4.664892633610313,565,0,358,77,0,0,0,425,infection,699
4.666568998242059,564,0,359,77,0,0,0,426,infection,559
4.670679861207569,564,0,358,78,0,0,0,426,recovery,13
4.671646004412676,563,0,359,78,0,0,0,427,infection,619
4.677228060226838,562,0,360,78,0,0,0,428,infection,832
4.681370543724784,562,0,359,79,0,0,0,428,recovery,784
4.689269749893528,562,0,358,80,0,0,0,428,recovery,287
4.690560487345648,561,0,359,80,0,0,0,429,infection,41
4.694329390356635,560,0,360,80,0,0,0,430,infection,957
4.6985342580231135,559,0,361,80,0,0,0,431,infection,398
4.703058885896737,558,0,362,80,0,0,0,432,infection,586
4.706087394400907,557,0,363,80,0,0,0,433,infection,489
4.7072593747236535,556,0,364,80,0,0,0,434,infection,340
4.71234983265688,556,0,363,81,0,0,0,434,recovery,760
4.713484001986382,555,0,364,81,0,0,0,435,infection,222
4.714680599954279,554,0,365,81,0,0,0,436,infection,73
4.728488596363822,553,0,366,81,0,0,0,437,infection,947
4.731098181017749,552,0,367,81,0,0,0,438,infection,98
4.736107958101202,551,0,368,81,0,0,0,439,infection,20
4.7380787151905395,550,0,369,81,0,0,0,440,infection,388
4.739021659639654,549,0,370,81,0,0,0,441,infection,967
4.741286354750353,549,0,369,82,0,0,0,441,recovery,545
4.741936105195688,548,0,370,82,0,0,0,442,infection,7
4.747025999143543,547,0,371,82,0,0,0,443,infection,217
4.750116004328507,546,0,372,82,0,0,0,444,infection,327
4.759735041587897,545,0,373,82,0,0,0,445,infection,386
4.764733398017202,544,0,374,82,0,0,0,446,infection,72
4.76536539372829,543,0,375,82,0,0,0,447,infection,44
4.767186272088411,543,0,374,83,0,0,0,447,recovery,688
4.773763197386181,542,0,375,83,0,0,0,448,infection,372
4.774555711911104,541,0,376,83,0,0,0,449,infection,377
4.783260087067305,541,0,375,84,0,0,0,449,recovery,579
4.791545019658362,540,0,376,84,0,0,0,450,infection,49
4.794412212903748,540,0,375,85,0,0,0,450,recovery,428
4.797615196269578,539,0,376,85,0,0,0,451,infection,590
4.798986787826623,538,0,377,85,0,0,0,452,infection,837
4.800721993563296,537,0,378,85,0,0,0,453,infection,265
4.801452991748984,536,0,379,85,0,0,0,454,infection,772
4.801731369308036,536,0,378,86,0,0,0,454,recovery,498
4.802471298519267,535,0,379,86,0,0,0,455,infection,915
4.802533231078248,534,0,380,86,0,0,0,456,infection,139
4.80605428640707,533,0,381,86,0,0,0,457,infection,164
4.806665100176513,532,0,382,86,0,0,0,458,infection,186
4.807607176010733,531,0,383,86,0,0,0,459,infection,875
4.8106586263728435,530,0,384,86,0,0,0,460,infection,771
4.815190387179041,530,0,383,87,0,0,0,460,recovery,176
4.818544164380323,529,0,384,87,0,0,0,461,infection,611
4.822208175360242,528,0,385,87,0,0,0,462,infection,363
4.826638010937279,527,0,386,87,0,0,0,463,infection,134
4.826963850584402,526,0,387,87,0,0,0,464,infection,220
4.830160144744014,526,0,386,88,0,0,0,464,recovery,588
4.834939315463801,525,0,387,88,0,0,0,465,infection,115
4.8386386472153955,524,0,388,88,0,0,0,466,infection,165
4.849943299531747,523,0,389,88,0,0,0,467,infection,635
4.86115757639951,522,0,390,88,0,0,0,468,infection,62
4.861551484274985,521,0,391,88,0,0,0,469,infection,213
4.862240149447902,520,0,392,88,0,0,0,470,infection,355
4.862260476739973,520,0,391,89,0,0,0,470,recovery,405
4.8658845721824076,519,0,392,89,0,0,0,471,infection,291
4.870034367741263,518,0,393,89,0,0,0,472,infection,343
4.875459642598579,517,0,394,89,0,0,0,473,infection,517
4.881185525544486,516,0,395,89,0,0,0,474,infection,335
4.8838316152598935,515,0,396,89,0,0,0,475,infection,677
4.8848428367208525,514,0,397,89,0,0,0,476,infection,272
4.885549047794889,513,0,398,89,0,0,0,477,infection,503
4.885665714160321,512,0,399,89,0,0,0,478,infection,402
4.889125718109743,511,0,400,89,0,0,0,479,infection,116
4.895823168204806,510,0,401,89,0,0,0,480,infection,281
4.8986022830094145,509,0,402,89,0,0,0,481,infection,514
4.909471021324002,509,0,401,90,0,0,0,481,recovery,104
4.910011949638158,508,0,402,90,0,0,0,482,infection,177
4.9108363872801855,507,0,403,90,0,0,0,483,infection,712
4.912964251786656,507,0,402,91,0,0,0,483,recovery,11
4.914678745001657,506,0,403,91,0,0,0,484,infection,852
4.919513688832008,505,0,404,91,0,0,0,485,infection,484
4.923174026445983,504,0,405,91,0,0,0,486,infection,430
4.924621091134254,504,0,404,92,0,0,0,486,recovery,807
4.927959498354964,503,0,405,92,0,0,0,487,infection,168
4.928176252375857,502,0,406,92,0,0,0,488,infection,789
4.9297492725153536,502,0,405,93,0,0,0,488,recovery,880
4.929946386217473,501,0,406,93,0,0,0,489,infection,902
4.936231994645993,501,0,405,94,0,0,0,489,recovery,635
4.93978628762849,500,0,406,94,0,0,0,490,infection,212
4.947214621688079,500,0,405,95,0,0,0,490,recovery,348
4.950854339833058,499,0,406,95,0,0,0,491,infection,188
4.952696647437058,498,0,407,95,0,0,0,492,infection,457
4.953086669245625,497,0,408,95,0,0,0,493,infection,858
4.9533853423512895,497,0,407,96,0,0,0,493,recovery,45
4.953961336709822,496,0,408,96,0,0,0,494,infection,676
4.954587291406651,495,0,409,96,0,0,0,495,infection,833
4.955599830347204,494,0,410,96,0,0,0,496,infection,933
4.963639755273939,493,0,411,96,0,0,0,497,infection,792
4.96903013789254,492,0,412,96,0,0,0,498,infection,310
4.993332865654941,491,0,413,96,0,0,0,499,infection,195
5.003477330540988,491,0,412,97,0,0,0,499,recovery,915
5.0075089342020425,490,0,413,97,0,0,0,500,infection,38
5.013028893448742,489,0,414,97,0,0,0,501,infection,443
5.013147308016498,489,0,413,98,0,0,0,501,recovery,8
5.013399848224419,488,0,414,98,0,0,0,502,infection,436
5.017590439973153,487,0,415,98,0,0,0,503,infection,886
5.01978799968709,486,0,416,98,0,0,0,504,infection,279
5.021006919544601,485,0,417,98,0,0,0,505,infection,330
5.024689899440592,484,0,418,98,0,0,0,506,infection,381
5.029895718914447,483,0,419,98,0,0,0,507,infection,628
5.030009672565526,483,0,418,99,0,0,0,507,recovery,723
5.030152333149681,482,0,419,99,0,0,0,508,infection,742
5.041169712560405,482,0,418,100,0,0,0,508,recovery,595
5.044774140284419,481,0,419,100,0,0,0,509,infection,490
5.045397052918739,480,0,420,100,0,0,0,510,infection,239
5.047964303167092,479,0,421,100,0,0,0,511,infection,987
5.049990482186999,478,0,422,100,0,0,0,512,infection,948
5.054464674010736,477,0,423,100,0,0,0,513,infection,494
5.064888863542743,476,0,424,100,0,0,0,514,infection,210
5.069488957557965,476,0,423,101,0,0,0,514,recovery,206
5.069653876212458,475,0,424,101,0,0,0,515,infection,455
5.070409142740406,474,0,425,101,0,0,0,516,infection,362
5.079770313808611,473,0,426,101,0,0,0,517,infection,871
5.0803476107191665,472,0,427,101,0,0,0,518,infection,462
5.0847297228730515,471,0,428,101,0,0,0,519,infection,985
5.092074523503449,471,0,427,102,0,0,0,519,recovery,569
5.092244410533189,470,0,428,102,0,0,0,520,infection,277
5.099577763943692,469,0,429,102,0,0,0,521,infection,454
5.10051921366631,468,0,430,102,0,0,0,522,infection,728
5.104610576104305,467,0,431,102,0,0,0,523,infection,626
5.10773616142347,466,0,432,102,0,0,0,524,infection,603
5.108236867961915,465,0,433,102,0,0,0,525,infection,650
5.110900750431951,464,0,434,102,0,0,0,526,infection,480
5.112247742122814,464,0,433,103,0,0,0,526,recovery,3
5.116204816824763,463,0,434,103,0,0,0,527,infection,199
5.118239213930606,462,0,435,103,0,0,0,528,infection,804
5.1182812222727865,461,0,436,103,0,0,0,529,infection,653
5.122201587083559,460,0,437,103,0,0,0,530,infection,87
5.124987991562271,459,0,438,103,0,0,0,531,infection,835
5.129712173728672,458,0,439,103,0,0,0,532,infection,637
5.155120188330809,457,0,440,103,0,0,0,533,infection,416
5.1609906183471015,456,0,441,103,0,0,0,534,infection,672
5.164975344231381,455,0,442,103,0,0,0,535,infection,40
5.1652859693336195,454,0,443,103,0,0,0,536,infection,190
5.168035630947193,453,0,444,103,0,0,0,537,infection,620
5.170156801814025,453,0,443,104,0,0,0,537,recovery,750
5.172945100682239,452,0,444,104,0,0,0,538,infection,888
5.174889224020368,451,0,445,104,0,0,0,539,infection,360
5.179551660041816,450,0,446,104,0,0,0,540,infection,2
5.183089628056258,449,0,447,104,0,0,0,541,infection,799
5.185736034433983,448,0,448,104,0,0,0,542,infection,129
5.186272185795061,447,0,449,104,0,0,0,543,infection,657
5.193305467936332,447,0,448,105,0,0,0,543,recovery,48
5.193645432331895,446,0,449,105,0,0,0,544,infection,782
5.198992805352094,446,0,448,106,0,0,0,544,recovery,427
5.205194036648527,445,0,449,106,0,0,0,545,infection,763
5.2075274492292625,444,0,450,106,0,0,0,546,infection,293
5.20767870630598,444,0,449,107,0,0,0,546,recovery,92
5.208294274239026,443,0,450,107,0,0,0,547,infection,58
5.208399115629151,443,0,449,108,0,0,0,547,recovery,859
5.216043090616582,442,0,450,108,0,0,0,548,infection,881
5.2200296840020615,441,0,451,108,0,0,0,549,infection,438
5.226627728397192,440,0,452,108,0,0,0,550,infection,131
5.229901368838247,439,0,453,108,0,0,0,551,infection,108
5.230618028440605,438,0,454,108,0,0,0,552,infection,587
5.235120075621272,438,0,453,109,0,0,0,552,recovery,31
5.236364164903964,437,0,454,109,0,0,0,553,infection,730
5.240959693011837,436,0,455,109,0,0,0,554,infection,910
5.243216185603017,436,0,454,110,0,0,0,554,recovery,720
5.247850608738532,435,0,455,110,0,0,0,555,infection,866
5.251102723407305,434,0,456,110,0,0,0,556,infection,421
5.25215702595217,433,0,457,110,0,0,0,557,infection,758
5.252720703692142,432,0,458,110,0,0,0,558,infection,810
5.257390842925651,431,0,459,110,0,0,0,559,infection,885
5.273553157394648,431,0,458,111,0,0,0,559,recovery,306
5.274865816798776,430,0,459,111,0,0,0,560,infection,904
5.276178350552465,429,0,460,111,0,0,0,561,infection,580
5.2772753545986335,428,0,461,111,0,0,0,562,infection,391
5.278169420884338,428,0,460,112,0,0,0,562,recovery,270
5.283822022545458,427,0,461,112,0,0,0,563,infection,301
5.287901584834005,426,0,462,112,0,0,0,564,infection,445
5.289241768051322,425,0,463,112,0,0,0,565,infection,369
5.291656576560543,424,0,464,112,0,0,0,566,infection,501
5.291733897946038,424,0,463,113,0,0,0,566,recovery,152
5.29280789076736,424,0,462,114,0,0,0,566,recovery,831
5.2987052313236145,423,0,463,114,0,0,0,567,infection,719
5.2996680894944115,422,0,464,114,0,0,0,568,infection,339
5.30250061136862,422,0,463,115,0,0,0,568,recovery,7
5.305569653353186,421,0,464,115,0,0,0,569,infection,260
5.307262272445334,421,0,463,116,0,0,0,569,recovery,902
5.311039063861811,420,0,464,116,0,0,0,570,infection,21
5.311825727222303,419,0,465,116,0,0,0,571,infection,175
5.313680725596175,418,0,466,116,0,0,0,572,infection,258
5.3186059793773754,417,0,467,116,0,0,0,573,infection,12
5.319079442220369,416,0,468,116,0,0,0,574,infection,779
5.319150628897454,415,0,469,116,0,0,0,575,infection,437
5.321603395780345,414,0,470,116,0,0,0,576,infection,458
5.324061024926233,414,0,469,117,0,0,0,576,recovery,589
5.325990033312013,413,0,470,117,0,0,0,577,infection,812
5.327117186591817,412,0,471,117,0,0,0,578,infection,106
5.335939479548368,412,0,470,118,0,0,0,578,recovery,793
5.343998895689177,412,0,469,119,0,0,0,578,recovery,530
5.35181789218581,411,0,470,119,0,0,0,579,infection,585
5.352037757120045,410,0,471,119,0,0,0,580,infection,237
5.352528483527975,409,0,472,119,0,0,0,581,infection,426
5.354636383574268,408,0,473,119,0,0,0,582,infection,934
5.358578506041313,407,0,474,119,0,0,0,583,infection,687
5.35923141257823,406,0,475,119,0,0,0,584,infection,671
5.362399120807594,406,0,474,120,0,0,0,584,recovery,285
5.367020723563415,406,0,473,121,0,0,0,584,recovery,344
5.371923445014129,405,0,474,121,0,0,0,585,infection,745
5.377730157470419,404,0,475,121,0,0,0,586,infection,861
5.380837441416783,403,0,476,121,0,0,0,587,infection,282
5.393522588926899,402,0,477,121,0,0,0,588,infection,510
5.402501672587393,401,0,478,121,0,0,0,589,infection,390
5.408898101196407,400,0,479,121,0,0,0,590,infection,679
5.409232312182779,399,0,480,121,0,0,0,591,infection,401
5.410211808615974,398,0,481,121,0,0,0,592,infection,556
5.414041343275502,397,0,482,121,0,0,0,593,infection,23
5.416581531977651,396,0,483,121,0,0,0,594,infection,267
5.419470657425758,396,0,482,122,0,0,0,594,recovery,366
5.422253625863024,396,0,481,123,0,0,0,594,recovery,480
5.424704927557385,396,0,480,124,0,0,0,594,recovery,362
5.431583529312842,395,0,481,124,0,0,0,595,infection,28
5.43167261522749,394,0,482,124,0,0,0,596,infection,82
5.434231367709873,393,0,483,124,0,0,0,597,infection,906
5.437272246015627,393,0,482,125,0,0,0,597,recovery,165
5.441448868867493,393,0,481,126,0,0,0,597,recovery,34
5.442079920999607,393,0,480,127,0,0,0,597,recovery,893
5.444674405153944,392,0,481,127,0,0,0,598,infection,950
5.447476519501284,391,0,482,127,0,0,0,599,infection,769
5.452374285973317,390,0,483,127,0,0,0,600,infection,383
5.4733682093170035,390,0,482,128,0,0,0,600,recovery,738
5.475896960574249,390,0,481,129,0,0,0,600,recovery,513
5.477667695610052,389,0,482,129,0,0,0,601,infection,471
5.478027606755913,388,0,483,129,0,0,0,602,infection,930
5.478701106895883,387,0,484,129,0,0,0,603,infection,541
5.479660717682662,386,0,485,129,0,0,0,604,infection,473
5.483086911559647,385,0,486,129,0,0,0,605,infection,33
5.483527167995691,385,0,485,130,0,0,0,605,recovery,308
5.4846461232019585,384,0,486,130,0,0,0,606,infection,776
5.484902972557035,383,0,487,130,0,0,0,607,infection,846
5.503789971021413,382,0,488,130,0,0,0,608,infection,100
5.5050387044912545,381,0,489,130,0,0,0,609,infection,849
5.507175631634174,380,0,490,130,0,0,0,610,infection,141
5.509644585526136,379,0,491,130,0,0,0,611,infection,103
5.510884573451804,378,0,492,130,0,0,0,612,infection,378
5.51458721120444,377,0,493,130,0,0,0,613,infection,233
5.519932453974503,376,0,494,130,0,0,0,614,infection,528
5.525537227100671,375,0,495,130,0,0,0,615,infection,155
5.536154028888629,375,0,494,131,0,0,0,615,recovery,125
5.542315444123412,374,0,495,131,0,0,0,616,infection,145
5.544275101006076,373,0,496,131,0,0,0,617,infection,467
5.553493468198488,372,0,497,131,0,0,0,618,infection,39
5.557991112799208,372,0,496,132,0,0,0,618,recovery,473
5.559590522392427,371,0,497,132,0,0,0,619,infection,800
5.561072631900757,371,0,496,133,0,0,0,619,recovery,710
5.563604382289559,371,0,495,134,0,0,0,619,recovery,377
5.567901530355995,371,0,494,135,0,0,0,619,recovery,881
5.571926896599094,370,0,495,135,0,0,0,620,infection,709
5.573837035444861,369,0,496,135,0,0,0,621,infection,22
5.578075069610363,368,0,497,135,0,0,0,622,infection,55
5.578593471504805,368,0,496,136,0,0,0,622,recovery,575
5.583340257620749,367,0,497,136,0,0,0,623,infection,29
5.585848011018317,366,0,498,136,0,0,0,624,infection,215
5.600184574904548,365,0,499,136,0,0,0,625,infection,591
5.600825869045797,364,0,500,136,0,0,0,626,infection,780
5.612695170252685,363,0,501,136,0,0,0,627,infection,342
5.612714032591329,362,0,502,136,0,0,0,628,infection,83
5.617415980668163,362,0,501,137,0,0,0,628,recovery,63
5.61919796401325,361,0,502,137,0,0,0,629,infection,924
5.626358836011915,361,0,501,138,0,0,0,629,recovery,53
5.62720374609487,360,0,502,138,0,0,0,630,infection,341
5.635364498585541,359,0,503,138,0,0,0,631,infection,158
5.63799787065914,359,0,502,139,0,0,0,631,recovery,679
5.641159744451882,358,0,503,139,0,0,0,632,infection,931
5.644029701299608,357,0,504,139,0,0,0,633,infection,249
5.644828493069781,356,0,505,139,0,0,0,634,infection,716
5.648142496472808,355,0,506,139,0,0,0,635,infection,280
5.650889284316509,354,0,507,139,0,0,0,636,infection,496
5.6613038691895,353,0,508,139,0,0,0,637,infection,329
5.6614209992168645,353,0,507,140,0,0,0,637,recovery,497
5.670716511152942,352,0,508,140,0,0,0,638,infection,276
5.670725708170407,351,0,509,140,0,0,0,639,infection,85
5.673661991199647,350,0,510,140,0,0,0,640,infection,983
5.674548290493124,349,0,511,140,0,0,0,641,infection,361
5.675878408038106,348,0,512,140,0,0,0,642,infection,775
5.676737853704537,347,0,513,140,0,0,0,643,infection,54
5.6769685905850364,347,0,512,141,0,0,0,643,recovery,885
5.69237574587423,346,0,513,141,0,0,0,644,infection,328
5.696259387424329,345,0,514,141,0,0,0,645,infection,137
5.697850462523273,344,0,515,141,0,0,0,646,infection,661
5.6986072171397435,343,0,516,141,0,0,0,647,infection,211
5.7014049219568115,343,0,515,142,0,0,0,647,recovery,343
5.704725867515354,342,0,516,142,0,0,0,648,infection,259
5.705169731031475,341,0,517,142,0,0,0,649,infection,597
5.712307297684999,340,0,518,142,0,0,0,650,infection,525
5.714316901731213,340,0,517,143,0,0,0,650,recovery,890
5.720439592496123,340,0,516,144,0,0,0,650,recovery,580
5.721722567084418,339,0,517,144,0,0,0,651,infection,133
5.726637895487191,338,0,518,144,0,0,0,652,infection,226
5.727526405114009,338,0,517,145,0,0,0,652,recovery,983
5.727815335497949,337,0,518,145,0,0,0,653,infection,521
5.728587095123805,336,0,519,145,0,0,0,654,infection,854
5.732820327976527,335,0,520,145,0,0,0,655,infection,65
5.736042832919864,334,0,521,145,0,0,0,656,infection,973
5.740160234511215,333,0,522,145,0,0,0,657,infection,839
5.741391056741055,332,0,523,145,0,0,0,658,infection,944
5.748983787984595,331,0,524,145,0,0,0,659,infection,238
5.755811024894297,331,0,523,146,0,0,0,659,recovery,832
5.757408676333394,330,0,524,146,0,0,0,660,infection,183
5.757735101961117,329,0,525,146,0,0,0,661,infection,419
5.779938025894798,328,0,526,146,0,0,0,662,infection,219
5.787992262356618,328,0,525,147,0,0,0,662,recovery,227
5.789472693160043,327,0,526,147,0,0,0,663,infection,410
5.791895581613527,326,0,527,147,0,0,0,664,infection,424
5.793498291710822,325,0,528,147,0,0,0,665,infection,47
5.797679618433928,325,0,527,148,0,0,0,665,recovery,948
5.808290653444869,324,0,528,148,0,0,0,666,infection,198
5.811715725496133,323,0,529,148,0,0,0,667,infection,244
5.811970650194274,323,0,528,149,0,0,0,667,recovery,992
5.812684065984085,322,0,529,149,0,0,0,668,infection,894
5.815649998108442,321,0,530,149,0,0,0,669,infection,27
5.816911653853136,320,0,531,149,0,0,0,670,infection,505
5.817639300875219,319,0,532,149,0,0,0,671,infection,797
5.81913526246448,318,0,533,149,0,0,0,672,infection,67
5.81967610009958,317,0,534,149,0,0,0,673,infection,174
5.828927490378844,316,0,535,149,0,0,0,674,infection,538
5.83171205422039,316,0,534,150,0,0,0,674,recovery,423
5.835116671198904,315,0,535,150,0,0,0,675,infection,271
5.840400033075962,314,0,536,150,0,0,0,676,infection,422
5.8425834403219685,314,0,535,151,0,0,0,676,recovery,906
5.842692967173122,313,0,536,151,0,0,0,677,infection,240
5.8514832858592545,312,0,537,151,0,0,0,678,infection,594
5.853600502800198,312,0,536,152,0,0,0,678,recovery,9
5.856784423353729,311,0,537,152,0,0,0,679,infection,656
5.857789358780413,310,0,538,152,0,0,0,680,infection,371
5.8580231583400195,310,0,537,153,0,0,0,680,recovery,882
5.861345229109049,309,0,538,153,0,0,0,681,infection,726
5.8621148052736665,308,0,539,153,0,0,0,682,infection,624
5.862145098300303,308,0,538,154,0,0,0,682,recovery,39
5.86397064191291,307,0,539,154,0,0,0,683,infection,674
5.870250082276265,307,0,538,155,0,0,0,683,recovery,341
5.877538454371385,306,0,539,155,0,0,0,684,infection,941
5.8804738774740235,305,0,540,155,0,0,0,685,infection,146
5.883081825937253,304,0,541,155,0,0,0,686,infection,107
5.886251754267694,303,0,542,155,0,0,0,687,infection,929
5.887405341596764,302,0,543,155,0,0,0,688,infection,553
5.894249089622042,302,0,542,156,0,0,0,688,recovery,401
5.895678022611797,301,0,543,156,0,0,0,689,infection,870
5.8963732132282445,300,0,544,156,0,0,0,690,infection,216
5.896913286754341,300,0,543,157,0,0,0,690,recovery,388
5.904292684709154,300,0,542,158,0,0,0,690,recovery,335
5.905584316881104,299,0,543,158,0,0,0,691,infection,824
5.907944072098408,298,0,544,158,0,0,0,692,infection,374
5.910988063888504,297,0,545,158,0,0,0,693,infection,311
5.914414165418765,296,0,546,158,0,0,0,694,infection,453
5.93267915672371,295,0,547,158,0,0,0,695,infection,409
5.937054832571763,294,0,548,158,0,0,0,696,infection,685
5.937614750495988,294,0,547,159,0,0,0,696,recovery,681
5.94389785094587,293,0,548,159,0,0,0,697,infection,414
5.946999020289122,293,0,547,160,0,0,0,697,recovery,506
5.957544261004592,292,0,548,160,0,0,0,698,infection,294
5.958054608338608,292,0,547,161,0,0,0,698,recovery,631
5.961108990509214,292,0,546,162,0,0,0,698,recovery,55
5.966785613705762,291,0,547,162,0,0,0,699,infection,184
5.970151943528974,291,0,546,163,0,0,0,699,recovery,965
5.971147244604611,290,0,547,163,0,0,0,700,infection,300
5.9758795406662095,289,0,548,163,0,0,0,701,infection,917
5.982293498235847,288,0,549,163,0,0,0,702,infection,325
5.982385086514625,287,0,550,163,0,0,0,703,infection,638
5.989875543060273,287,0,549,164,0,0,0,703,recovery,155
5.9992443048074495,286,0,550,164,0,0,0,704,infection,111
6.018069037273174,285,0,551,164,0,0,0,705,infection,773
6.021301642246695,285,0,550,165,0,0,0,705,recovery,892
6.022911562585052,284,0,551,165,0,0,0,706,infection,304
6.024739869948858,283,0,552,165,0,0,0,707,infection,713
6.029860178783999,282,0,553,165,0,0,0,708,infection,722
6.032629401712902,281,0,554,165,0,0,0,709,infection,743
6.033300284201477,281,0,553,166,0,0,0,709,recovery,174
6.0373090804692096,280,0,554,166,0,0,0,710,infection,717
6.03852160682217,279,0,555,166,0,0,0,711,infection,274
6.040800440834804,278,0,556,166,0,0,0,712,infection,214
6.053625786531295,278,0,555,167,0,0,0,712,recovery,572
6.062117143498297,277,0,556,167,0,0,0,713,infection,322
6.063764060531618,276,0,557,167,0,0,0,714,infection,691
6.0682947889956695,276,0,556,168,0,0,0,714,recovery,919
6.074211162297323,275,0,557,168,0,0,0,715,infection,412
6.075370776841711,274,0,558,168,0,0,0,716,infection,492
6.0786284218453694,273,0,559,168,0,0,0,717,infection,399
6.078832617608336,273,0,558,169,0,0,0,717,recovery,503
6.083231618311631,272,0,559,169,0,0,0,718,infection,485
6.08336553189269,271,0,560,169,0,0,0,719,infection,853
6.089386324331533,270,0,561,169,0,0,0,720,infection,604
6.096632600013304,270,0,560,170,0,0,0,720,recovery,693
6.102132458580768,270,0,559,171,0,0,0,720,recovery,22
6.102603835555435,269,0,560,171,0,0,0,721,infection,819
6.104083441262878,269,0,559,172,0,0,0,721,recovery,272
6.108117363319874,268,0,560,172,0,0,0,722,infection,609
6.111957542771553,268,0,559,173,0,0,0,722,recovery,249
6.115603675658859,267,0,560,173,0,0,0,723,infection,114
6.116074014836911,267,0,559,174,0,0,0,723,recovery,532
6.1337827428730005,266,0,560,174,0,0,0,724,infection,570
6.13545538151621,265,0,561,174,0,0,0,725,infection,711
6.142040068114356,265,0,560,175,0,0,0,725,recovery,963
6.144428491901296,264,0,561,175,0,0,0,726,infection,337
6.148376141130059,264,0,560,176,0,0,0,726,recovery,819
6.1506514208343255,264,0,559,177,0,0,0,726,recovery,225
6.155823710540085,263,0,560,177,0,0,0,727,infection,725
6.167844012730648,263,0,559,178,0,0,0,727,recovery,210
6.177222628096589,262,0,560,178,0,0,0,728,infection,488
6.1837751142769735,261,0,561,178,0,0,0,729,infection,460
6.186747461821813,260,0,562,178,0,0,0,730,infection,406
6.188539004800235,259,0,563,178,0,0,0,731,infection,350
6.191879352838036,258,0,564,178,0,0,0,732,infection,61
6.199354949905005,258,0,563,179,0,0,0,732,recovery,47
6.200180109336105,257,0,564,179,0,0,0,733,infection,481
6.202436248339111,256,0,565,179,0,0,0,734,infection,770
6.20936539867674,255,0,566,179,0,0,0,735,infection,922
6.226012514784997,254,0,567,179,0,0,0,736,infection,367
6.2370662746576295,253,0,568,179,0,0,0,737,infection,441
6.239024751188822,252,0,569,179,0,0,0,738,infection,278
6.239272335732421,252,0,568,180,0,0,0,738,recovery,238
6.2502619967585815,252,0,567,181,0,0,0,738,recovery,108
6.25703771533824,251,0,568,181,0,0,0,739,infection,6
6.258464327321475,251,0,567,182,0,0,0,739,recovery,367
6.262443178060456,251,0,566,183,0,0,0,739,recovery,577
6.265176496117317,251,0,565,184,0,0,0,739,recovery,1000
6.266912517680146,250,0,566,184,0,0,0,740,infection,820
6.282897843856168,249,0,567,184,0,0,0,741,infection,163
6.311281657145233,248,0,568,184,0,0,0,742,infection,288
6.314023540827859,247,0,569,184,0,0,0,743,infection,706
6.316377762053458,246,0,570,184,0,0,0,744,infection,273
6.326895443216276,245,0,571,184,0,0,0,745,infection,463
6.327199967467249,244,0,572,184,0,0,0,746,infection,461
6.331203898961766,244,0,571,185,0,0,0,746,recovery,352
6.331315277464782,244,0,570,186,0,0,0,746,recovery,40
6.336680356897699,243,0,571,186,0,0,0,747,infection,447
6.34548538149508,242,0,572,186,0,0,0,748,infection,495
6.349672091111966,242,0,571,187,0,0,0,748,recovery,749
6.3500859468815705,242,0,570,188,0,0,0,748,recovery,985
6.360957841549521,241,0,571,188,0,0,0,749,infection,324
6.366129321759168,241,0,570,189,0,0,0,749,recovery,910
6.3665628519336215,240,0,571,189,0,0,0,750,infection,774
6.370395563550831,239,0,572,189,0,0,0,751,infection,30
6.371528897969079,238,0,573,189,0,0,0,752,infection,17
6.374789838161145,237,0,574,189,0,0,0,753,infection,314
6.3753016547045505,236,0,575,189,0,0,0,754,infection,286
6.377024709517383,236,0,574,190,0,0,0,754,recovery,581
6.3843648937616155,235,0,575,190,0,0,0,755,infection,315
6.388747933114015,235,0,574,191,0,0,0,755,recovery,424
6.39119464179779,235,0,573,192,0,0,0,755,recovery,751
6.4006620734938515,235,0,572,193,0,0,0,755,recovery,798
6.409092496535194,234,0,573,193,0,0,0,756,infection,149
6.417127353261666,233,0,574,193,0,0,0,757,infection,574
6.417530982920873,232,0,575,193,0,0,0,758,infection,748
6.423595873195904,231,0,576,193,0,0,0,759,infection,747
6.425843594406864,230,0,577,193,0,0,0,760,infection,864
6.426213629142457,229,0,578,193,0,0,0,761,infection,891
6.427079660894279,228,0,579,193,0,0,0,762,infection,946
6.4340340534745435,227,0,580,193,0,0,0,763,infection,5
6.4447752485347,226,0,581,193,0,0,0,764,infection,696
6.450620289139021,225,0,582,193,0,0,0,765,infection,954
6.451148996867455,224,0,583,193,0,0,0,766,infection,295
6.475604483665307,224,0,582,194,0,0,0,766,recovery,630
6.478223811537209,223,0,583,194,0,0,0,767,infection,715
6.48140987226227,222,0,584,194,0,0,0,768,infection,783
6.484227891030223,222,0,583,195,0,0,0,768,recovery,534
6.490487810729784,221,0,584,195,0,0,0,769,infection,601
6.490729690561542,220,0,585,195,0,0,0,770,infection,499
6.501164450892177,219,0,586,195,0,0,0,771,infection,536
6.502596626986632,218,0,587,195,0,0,0,772,infection,52
6.503126181004379,217,0,588,195,0,0,0,773,infection,641
6.504728097683783,217,0,587,196,0,0,0,773,recovery,233
6.510702209849542,217,0,586,197,0,0,0,773,recovery,960
6.511128235104222,216,0,587,197,0,0,0,774,infection,167
6.511208777779449,215,0,588,197,0,0,0,775,infection,649
6.520585425500721,214,0,589,197,0,0,0,776,infection,690
6.5218845000721455,213,0,590,197,0,0,0,777,infection,321
6.522999582129083,212,0,591,197,0,0,0,778,infection,633
6.536322129727066,211,0,592,197,0,0,0,779,infection,512
6.539580799465371,211,0,591,198,0,0,0,779,recovery,639
6.539902202827903,210,0,592,198,0,0,0,780,infection,704
6.545145806344218,210,0,591,199,0,0,0,780,recovery,140
6.54542794243959,209,0,592,199,0,0,0,781,infection,644
6.55355188198695,208,0,593,199,0,0,0,782,infection,411
6.556833394546239,208,0,592,200,0,0,0,782,recovery,840
6.562287199804345,208,0,591,201,0,0,0,782,recovery,552
6.566796879417783,207,0,592,201,0,0,0,783,infection,173
6.567422144401603,207,0,591,202,0,0,0,783,recovery,966
6.5739437869184405,206,0,592,202,0,0,0,784,infection,127
6.578268978603064,206,0,591,203,0,0,0,784,recovery,309
6.579561445533431,205,0,592,203,0,0,0,785,infection,971
6.605800267954621,205,0,591,204,0,0,0,785,recovery,301
6.609800403263605,204,0,592,204,0,0,0,786,infection,551
6.610502575198132,204,0,591,205,0,0,0,786,recovery,267
6.611968916184876,204,0,590,206,0,0,0,786,recovery,883
6.612493391341973,204,0,589,207,0,0,0,786,recovery,952
6.614691021530072,203,0,590,207,0,0,0,787,infection,560
6.614725699129777,203,0,589,208,0,0,0,787,recovery,879
6.617870049888315,202,0,590,208,0,0,0,788,infection,365
6.622352155676803,201,0,591,208,0,0,0,789,infection,389
6.6252930505159116,200,0,592,208,0,0,0,790,infection,850
6.631905978940578,200,0,591,209,0,0,0,790,recovery,374
6.634769708287295,199,0,592,209,0,0,0,791,infection,232
6.6354187878112505,198,0,593,209,0,0,0,792,infection,338
6.650463532657377,198,0,592,210,0,0,0,792,recovery,175
6.653615299218809,197,0,593,210,0,0,0,793,infection,59
6.659454157915432,197,0,592,211,0,0,0,793,recovery,935
6.6697307827652095,196,0,593,211,0,0,0,794,infection,84
6.674898484678248,196,0,592,212,0,0,0,794,recovery,214
6.6753871489498655,195,0,593,212,0,0,0,795,infection,942
6.675863906265676,194,0,594,212,0,0,0,796,infection,759
6.683390898573926,193,0,595,212,0,0,0,797,infection,413
6.6865934928501805,192,0,596,212,0,0,0,798,infection,821
6.698242850190133,191,0,597,212,0,0,0,799,infection,736
6.709567457794221,191,0,596,213,0,0,0,799,recovery,115
6.713207223039209,190,0,597,213,0,0,0,800,infection,643
6.717050310863088,189,0,598,213,0,0,0,801,infection,567
6.719853938904951,188,0,599,213,0,0,0,802,infection,808
6.723440465356499,187,0,600,213,0,0,0,803,infection,978
6.7280431547867705,187,0,599,214,0,0,0,803,recovery,426
6.738585791882932,187,0,598,215,0,0,0,803,recovery,613
6.7398524355528515,187,0,597,216,0,0,0,803,recovery,199
6.74483168876468,186,0,598,216,0,0,0,804,infection,982
6.758310093969326,185,0,599,216,0,0,0,805,infection,683
6.758428020995114,184,0,600,216,0,0,0,806,infection,802
6.78053382661408,183,0,601,216,0,0,0,807,infection,359
6.782321362981737,183,0,600,217,0,0,0,807,recovery,139
6.783756234382745,183,0,599,218,0,0,0,807,recovery,657
6.783891356833775,182,0,600,218,0,0,0,808,infection,519
6.784102921200287,181,0,601,218,0,0,0,809,infection,975
6.786844669105859,180,0,602,218,0,0,0,810,infection,605
6.788162218402334,180,0,601,219,0,0,0,810,recovery,799
6.7882258851972495,179,0,602,219,0,0,0,811,infection,403
6.790295986999931,179,0,601,220,0,0,0,811,recovery,658
6.803324172814238,178,0,602,220,0,0,0,812,infection,689
6.803614032983751,177,0,603,220,0,0,0,813,infection,16
6.804554229081972,176,0,604,220,0,0,0,814,infection,546
6.805079845806157,176,0,603,221,0,0,0,814,recovery,558
6.805614507299153,175,0,604,221,0,0,0,815,infection,487
6.813241881916904,175,0,603,222,0,0,0,815,recovery,805
6.8149111847339086,175,0,602,223,0,0,0,815,recovery,479
6.821122025995626,174,0,603,223,0,0,0,816,infection,4
6.8301317112670965,173,0,604,223,0,0,0,817,infection,136
6.838490174351295,172,0,605,223,0,0,0,818,infection,927
6.8462532733642565,171,0,606,223,0,0,0,819,infection,251
6.846718365838606,170,0,607,223,0,0,0,820,infection,250
6.848044070997732,169,0,608,223,0,0,0,821,infection,535
6.849033191667657,169,0,607,224,0,0,0,821,recovery,118
6.849448960898286,169,0,606,225,0,0,0,821,recovery,714
6.849990022928019,169,0,605,226,0,0,0,821,recovery,181
6.85299699800878,168,0,606,226,0,0,0,822,infection,500
6.859324282714477,167,0,607,226,0,0,0,823,infection,576
6.859538764731833,166,0,608,226,0,0,0,824,infection,502
6.86030944115212,166,0,607,227,0,0,0,824,recovery,789
6.863200013436841,165,0,608,227,0,0,0,825,infection,37
6.871621059455728,165,0,607,228,0,0,0,825,recovery,690
6.880009720128373,164,0,608,228,0,0,0,826,infection,433
6.886687024787086,164,0,607,229,0,0,0,826,recovery,277
6.895315952296659,163,0,608,229,0,0,0,827,infection,509
6.896773953929774,162,0,609,229,0,0,0,828,infection,86
6.89749229376984,161,0,610,229,0,0,0,829,infection,682
6.902614887406163,160,0,611,229,0,0,0,830,infection,740
6.904112519781488,159,0,612,229,0,0,0,831,infection,788
6.904893708509349,158,0,613,229,0,0,0,832,infection,172
6.906818559444115,158,0,612,230,0,0,0,832,recovery,667
6.910058396114092,157,0,613,230,0,0,0,833,infection,478
6.916330404269541,156,0,614,230,0,0,0,834,infection,573
6.918317579480853,155,0,615,230,0,0,0,835,infection,842
6.920247125439223,155,0,614,231,0,0,0,835,recovery,908
6.9270647730021695,154,0,615,231,0,0,0,836,infection,874
6.927726806492308,154,0,614,232,0,0,0,836,recovery,218
6.935644347439254,154,0,613,233,0,0,0,836,recovery,117
6.93572122112624,153,0,614,233,0,0,0,837,infection,737
6.947757100288697,152,0,615,233,0,0,0,838,infection,523
6.948796386999209,151,0,616,233,0,0,0,839,infection,126
6.949120384785362,150,0,617,233,0,0,0,840,infection,112
6.955782124040914,150,0,616,234,0,0,0,840,recovery,391
6.961213196190309,149,0,617,234,0,0,0,841,infection,290
6.966279424907496,148,0,618,234,0,0,0,842,infection,896
6.969247662866044,148,0,617,235,0,0,0,842,recovery,477
6.9838620526169475,148,0,616,236,0,0,0,842,recovery,516
6.993214402987447,147,0,617,236,0,0,0,843,infection,357
6.994924625416768,146,0,618,236,0,0,0,844,infection,432
7.003266966074104,146,0,617,237,0,0,0,844,recovery,242
7.010470411668754,146,0,616,238,0,0,0,844,recovery,398
7.0158179215061125,145,0,617,238,0,0,0,845,infection,621
7.022388645258827,145,0,616,239,0,0,0,845,recovery,51
7.028278224704527,145,0,615,240,0,0,0,845,recovery,835
7.049997128504488,144,0,616,240,0,0,0,846,infection,865
7.050036082498665,143,0,617,240,0,0,0,847,infection,878
7.052288010672812,143,0,616,241,0,0,0,847,recovery,365
7.055443120350256,142,0,617,241,0,0,0,848,infection,252
7.05551574410007,142,0,616,242,0,0,0,848,recovery,87
7.056837273171166,141,0,617,242,0,0,0,849,infection,284
7.057533117365277,140,0,618,242,0,0,0,850,infection,36
7.075642813947804,140,0,617,243,0,0,0,850,recovery,868
7.083648710331214,139,0,618,243,0,0,0,851,infection,353
7.0981068902112545,138,0,619,243,0,0,0,852,infection,469
7.099183687410675,138,0,618,244,0,0,0,852,recovery,97
7.109618966990496,137,0,619,244,0,0,0,853,infection,434
7.118330856176382,137,0,618,245,0,0,0,853,recovery,217
7.126492109080912,137,0,617,246,0,0,0,853,recovery,621
7.13070737191555,137,0,616,247,0,0,0,853,recovery,271
7.13893764163641,136,0,617,247,0,0,0,854,infection,448
7.139593344474763,135,0,618,247,0,0,0,855,infection,394
7.14653496933802,134,0,619,247,0,0,0,856,infection,313
7.189474717822446,134,0,618,248,0,0,0,856,recovery,224
7.191536495869165,133,0,619,248,0,0,0,857,infection,194
7.193927417894985,132,0,620,248,0,0,0,858,infection,358
7.200393555405543,131,0,621,248,0,0,0,859,infection,78
7.204251132276729,131,0,620,249,0,0,0,859,recovery,597
7.205177644447504,130,0,621,249,0,0,0,860,infection,382
7.20521112044964,130,0,620,250,0,0,0,860,recovery,74
7.205254001010636,129,0,621,250,0,0,0,861,infection,333
7.208070618181931,128,0,622,250,0,0,0,862,infection,96
7.208591595867574,127,0,623,250,0,0,0,863,infection,68
7.219072444844723,127,0,622,251,0,0,0,863,recovery,226
7.221066382991355,126,0,623,251,0,0,0,864,infection,144
7.221643277146693,126,0,622,252,0,0,0,864,recovery,294
7.222084744523122,125,0,623,252,0,0,0,865,infection,110
7.2306548612948145,125,0,622,253,0,0,0,865,recovery,981
7.238525844405856,124,0,623,253,0,0,0,866,infection,197
7.243349755440167,123,0,624,253,0,0,0,867,infection,582
7.245025720683323,122,0,625,253,0,0,0,868,infection,622
7.249558367154715,122,0,624,254,0,0,0,868,recovery,371
7.254286802344097,122,0,623,255,0,0,0,868,recovery,120
7.255771690027758,121,0,624,255,0,0,0,869,infection,608
7.258459269841794,120,0,625,255,0,0,0,870,infection,955
7.26043397849898,120,0,624,256,0,0,0,870,recovery,430
7.261325013161125,120,0,623,257,0,0,0,870,recovery,162
7.262069349556585,120,0,622,258,0,0,0,870,recovery,472
7.262218145046904,120,0,621,259,0,0,0,870,recovery,54
7.266658588070298,120,0,620,260,0,0,0,870,recovery,674
7.268229328501716,120,0,619,261,0,0,0,870,recovery,887
7.286424697474284,120,0,618,262,0,0,0,870,recovery,169
7.289333494712147,120,0,617,263,0,0,0,870,recovery,114
7.297293833934358,120,0,616,264,0,0,0,870,recovery,584
7.306330190820036,119,0,617,264,0,0,0,871,infection,247
7.310696432655103,118,0,618,264,0,0,0,872,infection,196
7.325876069139766,117,0,619,264,0,0,0,873,infection,15
7.335890229734227,116,0,620,264,0,0,0,874,infection,945
7.33774092350661,116,0,619,265,0,0,0,874,recovery,244
7.349431871200826,115,0,620,265,0,0,0,875,infection,420
7.357228867622964,115,0,619,266,0,0,0,875,recovery,61
7.357243643227469,114,0,620,266,0,0,0,876,infection,80
7.357912809326574,113,0,621,266,0,0,0,877,infection,236
7.369324872396845,113,0,620,267,0,0,0,877,recovery,485
7.370719392702711,113,0,619,268,0,0,0,877,recovery,628
7.377677586138353,112,0,620,268,0,0,0,878,infection,778
7.381829248050116,112,0,619,269,0,0,0,878,recovery,403
7.398710142835253,112,0,618,270,0,0,0,878,recovery,192
7.400376451394317,112,0,617,271,0,0,0,878,recovery,519
7.400730043156395,112,0,616,272,0,0,0,878,recovery,512
7.401999391904068,111,0,617,272,0,0,0,879,infection,376
7.407915085106396,110,0,618,272,0,0,0,880,infection,255
7.4223140370142815,110,0,617,273,0,0,0,880,recovery,438
7.425907064794065,109,0,618,273,0,0,0,881,infection,312
7.4452234238217105,109,0,617,274,0,0,0,881,recovery,703
7.447313588039084,108,0,618,274,0,0,0,882,infection,439
7.452217285940181,108,0,617,275,0,0,0,882,recovery,433
7.458184136504029,107,0,618,275,0,0,0,883,infection,205
7.472573379508743,106,0,619,275,0,0,0,884,infection,263
7.486290387786424,105,0,620,275,0,0,0,885,infection,18
7.487014045445983,104,0,621,275,0,0,0,886,infection,660
7.4960921875128905,104,0,620,276,0,0,0,886,recovery,903
7.505441273081453,104,0,619,277,0,0,0,886,recovery,610
7.5126533058448635,103,0,620,277,0,0,0,887,infection,283
7.517211784820913,102,0,621,277,0,0,0,888,infection,756
7.524381475847978,102,0,620,278,0,0,0,888,recovery,448
7.529594973162629,101,0,621,278,0,0,0,889,infection,700
7.537757168449884,101,0,620,279,0,0,0,889,recovery,946
7.544539204679361,100,0,621,279,0,0,0,890,infection,90
7.5489638661034455,100,0,620,280,0,0,0,890,recovery,402
7.570903024636108,100,0,619,281,0,0,0,890,recovery,546
7.573650868515136,100,0,618,282,0,0,0,890,recovery,600
7.587286423774648,99,0,619,282,0,0,0,891,infection,988
7.598620888821652,98,0,620,282,0,0,0,892,infection,316
7.60591355363321,97,0,621,282,0,0,0,893,infection,562
7.608563696809972,97,0,620,283,0,0,0,893,recovery,609
7.613298704929093,97,0,619,284,0,0,0,893,recovery,385
7.616472928052362,96,0,620,284,0,0,0,894,infection,351
7.6230109212749015,95,0,621,284,0,0,0,895,infection,182
7.628711092228038,94,0,622,284,0,0,0,896,infection,522
7.630673441339387,93,0,623,284,0,0,0,897,infection,262
7.634147563785533,92,0,624,284,0,0,0,898,infection,508
7.650734676390614,92,0,623,285,0,0,0,898,recovery,818
7.653151905512232,92,0,622,286,0,0,0,898,recovery,288
7.660205219500247,92,0,621,287,0,0,0,898,recovery,661
7.660821519245351,91,0,622,287,0,0,0,899,infection,384
7.663620097794368,90,0,623,287,0,0,0,900,infection,533
7.666683138651512,89,0,624,287,0,0,0,901,infection,554
7.6837880682897985,89,0,623,288,0,0,0,901,recovery,502
7.684390395657756,88,0,624,288,0,0,0,902,infection,901
7.6893842252820335,88,0,623,289,0,0,0,902,recovery,141
7.706978561556022,88,0,622,290,0,0,0,902,recovery,999
7.711567438275629,88,0,621,291,0,0,0,902,recovery,533
7.7150067816697625,88,0,620,292,0,0,0,902,recovery,59
7.728595043262348,88,0,619,293,0,0,0,902,recovery,726
7.728862098223443,88,0,618,294,0,0,0,902,recovery,336
7.73112832819142,88,0,617,295,0,0,0,902,recovery,984
7.7345266102752195,87,0,618,295,0,0,0,903,infection,465
7.742718717901871,86,0,619,295,0,0,0,904,infection,563
7.743237997364092,85,0,620,295,0,0,0,905,infection,346
7.766466376146067,85,0,619,296,0,0,0,905,recovery,290
7.767494219933812,85,0,618,297,0,0,0,905,recovery,469
7.769758438781466,84,0,619,297,0,0,0,906,infection,659
7.777422961770545,83,0,620,297,0,0,0,907,infection,24
7.7780509191671126,83,0,619,298,0,0,0,907,recovery,645
7.783054021816641,83,0,618,299,0,0,0,907,recovery,716
7.784946187081502,82,0,619,299,0,0,0,908,infection,207
7.795557622819193,82,0,618,300,0,0,0,908,recovery,979
7.803070963379794,82,0,617,301,0,0,0,908,recovery,318
7.806936414431055,82,0,616,302,0,0,0,908,recovery,737
7.807327304254015,82,0,615,303,0,0,0,908,recovery,684
7.829883540680488,82,0,614,304,0,0,0,908,recovery,211
7.830125757142798,81,0,615,304,0,0,0,909,infection,493
7.847050333691611,81,0,614,305,0,0,0,909,recovery,79
7.848944097021306,81,0,613,306,0,0,0,909,recovery,829
7.852484350835927,80,0,614,306,0,0,0,910,infection,135
7.859265738531866,80,0,613,307,0,0,0,910,recovery,764
7.860374525269278,79,0,614,307,0,0,0,911,infection,741
7.8630556620228,79,0,613,308,0,0,0,911,recovery,839
7.870599586304181,78,0,614,308,0,0,0,912,infection,387
7.8753347467219275,78,0,613,309,0,0,0,912,recovery,802
7.879238814622883,77,0,614,309,0,0,0,913,infection,450
7.885195724502762,77,0,613,310,0,0,0,913,recovery,704
7.891750063276261,77,0,612,311,0,0,0,913,recovery,20
7.901944281919537,77,0,611,312,0,0,0,913,recovery,442
7.90498773022571,77,0,610,313,0,0,0,913,recovery,755
7.907926355787261,76,0,611,313,0,0,0,914,infection,119
7.911234229683992,75,0,612,313,0,0,0,915,infection,857
7.922679630823758,75,0,611,314,0,0,0,915,recovery,564
7.934743744272433,75,0,610,315,0,0,0,915,recovery,549
7.9374272209138095,75,0,609,316,0,0,0,915,recovery,514
7.94662431660454,75,0,608,317,0,0,0,915,recovery,65
7.954695797635732,75,0,607,318,0,0,0,915,recovery,608
7.957097942105066,74,0,608,318,0,0,0,916,infection,95
7.957334423759329,74,0,607,319,0,0,0,916,recovery,958
7.977071419779937,74,0,606,320,0,0,0,916,recovery,88
7.977124211446236,73,0,607,320,0,0,0,917,infection,444
7.977312671435281,73,0,606,321,0,0,0,917,recovery,496
7.9939639829650435,73,0,605,322,0,0,0,917,recovery,724
8.004274991195084,73,0,604,323,0,0,0,917,recovery,172
8.008102315357636,73,0,603,324,0,0,0,917,recovery,866
8.010986924909787,73,0,602,325,0,0,0,917,recovery,547
8.016584576284897,72,0,603,325,0,0,0,918,infection,452
8.016685192448046,72,0,602,326,0,0,0,918,recovery,795
8.021288433953742,72,0,601,327,0,0,0,918,recovery,975
8.023623188145164,71,0,602,327,0,0,0,919,infection,540
8.025983946536506,70,0,603,327,0,0,0,920,infection,561
8.035141542328553,70,0,602,328,0,0,0,920,recovery,256
8.035298922443546,70,0,601,329,0,0,0,920,recovery,150
8.038392908990678,70,0,600,330,0,0,0,920,recovery,649
8.041936887425235,70,0,599,331,0,0,0,920,recovery,954
8.043944107350796,70,0,598,332,0,0,0,920,recovery,67
8.044367399621718,70,0,597,333,0,0,0,920,recovery,444
8.059026365063307,70,0,596,334,0,0,0,920,recovery,774
8.064874978958366,70,0,595,335,0,0,0,920,recovery,146
8.069230118857451,70,0,594,336,0,0,0,920,recovery,783
8.07521713916461,70,0,593,337,0,0,0,920,recovery,511
8.079227077946426,70,0,592,338,0,0,0,920,recovery,636
8.086441833610326,70,0,591,339,0,0,0,920,recovery,707
8.087130692963566,70,0,590,340,0,0,0,920,recovery,82
8.093105268317634,70,0,589,341,0,0,0,920,recovery,127
8.093710730245894,70,0,588,342,0,0,0,920,recovery,71
8.098683728598347,69,0,589,342,0,0,0,921,infection,646
8.11042953660274,69,0,588,343,0,0,0,921,recovery,971
8.12601724062234,69,0,587,344,0,0,0,921,recovery,44
8.146663021573968,68,0,588,344,0,0,0,922,infection,253
8.1472215176687,68,0,587,345,0,0,0,922,recovery,451
8.154062271676832,68,0,586,346,0,0,0,922,recovery,821
8.16419056969363,68,0,585,347,0,0,0,922,recovery,132
8.189776982951262,68,0,584,348,0,0,0,922,recovery,274
8.202737190309765,68,0,583,349,0,0,0,922,recovery,901
8.218857845065827,68,0,582,350,0,0,0,922,recovery,357
8.220980172630789,68,0,581,351,0,0,0,922,recovery,488
8.237258461778863,68,0,580,352,0,0,0,922,recovery,529
8.242960204879605,67,0,581,352,0,0,0,923,infection,370
8.265329114226098,67,0,580,353,0,0,0,923,recovery,364
8.271645779643075,67,0,579,354,0,0,0,923,recovery,972
8.279251202948032,67,0,578,355,0,0,0,923,recovery,817
8.291691751690717,67,0,577,356,0,0,0,923,recovery,334
8.309952584390853,67,0,576,357,0,0,0,923,recovery,739
8.315158392120818,67,0,575,358,0,0,0,923,recovery,677
8.344165857669088,67,0,574,359,0,0,0,923,recovery,331
8.354459407185427,66,0,575,359,0,0,0,924,infection,796
8.35842627055227,65,0,576,359,0,0,0,925,infection,767
8.35975360914416,64,0,577,359,0,0,0,926,infection,830
8.362664604891881,63,0,578,359,0,0,0,927,infection,470
8.36673489856185,62,0,579,359,0,0,0,928,infection,221
8.376950268640783,62,0,578,360,0,0,0,928,recovery,237
8.38919455069495,62,0,577,361,0,0,0,928,recovery,182
8.393577056323483,62,0,576,362,0,0,0,928,recovery,712
8.432312771419355,62,0,575,363,0,0,0,928,recovery,869
8.440117596778663,61,0,576,363,0,0,0,929,infection,323
8.456314992497305,61,0,575,364,0,0,0,929,recovery,359
8.462092571424193,61,0,574,365,0,0,0,929,recovery,411
8.490417797968346,60,0,575,365,0,0,0,930,infection,178
8.493396217086831,59,0,576,365,0,0,0,931,infection,663
8.496409933431195,59,0,575,366,0,0,0,931,recovery,455
8.504321149473009,59,0,574,367,0,0,0,931,recovery,228
8.511780028328243,59,0,573,368,0,0,0,931,recovery,779
8.516889575487323,58,0,574,368,0,0,0,932,infection,550
8.520730344692655,57,0,575,368,0,0,0,933,infection,520
8.537894011437512,56,0,576,368,0,0,0,934,infection,652
8.53931048370482,56,0,575,369,0,0,0,934,recovery,542
8.549611750961603,56,0,574,370,0,0,0,934,recovery,939
8.566214930437125,56,0,573,371,0,0,0,934,recovery,863
8.569759928064748,56,0,572,372,0,0,0,934,recovery,685
8.581347332362238,56,0,571,373,0,0,0,934,recovery,864
8.591333045539056,55,0,572,373,0,0,0,935,infection,766
8.597228704676766,55,0,571,374,0,0,0,935,recovery,676
8.611274236123728,55,0,570,375,0,0,0,935,recovery,413
8.624505702776457,55,0,569,376,0,0,0,935,recovery,462
8.634428113368559,55,0,568,377,0,0,0,935,recovery,500
8.670907091136161,55,0,567,378,0,0,0,935,recovery,75
8.688810577129622,55,0,566,379,0,0,0,935,recovery,450
8.68923987789128,54,0,567,379,0,0,0,936,infection,46
8.696709400364508,53,0,568,379,0,0,0,937,infection,692
8.719741604601836,53,0,567,380,0,0,0,937,recovery,98
8.72009636046628,52,0,568,380,0,0,0,938,infection,970
8.729427298653253,51,0,569,380,0,0,0,939,infection,708
8.73253183577389,51,0,568,381,0,0,0,939,recovery,754
8.749017750446992,51,0,567,382,0,0,0,939,recovery,769
8.755603519498278,51,0,566,383,0,0,0,939,recovery,32
8.762609901382566,51,0,565,384,0,0,0,939,recovery,929
8.765266249028677,51,0,564,385,0,0,0,939,recovery,419
8.770010856425701,51,0,563,386,0,0,0,939,recovery,567
8.777713567649025,51,0,562,387,0,0,0,939,recovery,752
8.782677315747373,51,0,561,388,0,0,0,939,recovery,624
8.785942642003924,51,0,560,389,0,0,0,939,recovery,213
8.809231582209483,51,0,559,390,0,0,0,939,recovery,145
8.817816866869382,51,0,558,391,0,0,0,939,recovery,363
8.828203257796435,51,0,557,392,0,0,0,939,recovery,686
8.828476870375075,51,0,556,393,0,0,0,939,recovery,323
8.833214010394757,51,0,555,394,0,0,0,939,recovery,988
8.84283488145288,51,0,554,395,0,0,0,939,recovery,668
8.847758076307533,51,0,553,396,0,0,0,939,recovery,160
8.851268975196582,50,0,554,396,0,0,0,940,infection,937
8.8516575613716,50,0,553,397,0,0,0,940,recovery,644
8.859402713179675,49,0,554,397,0,0,0,941,infection,845
8.876247908914173,48,0,555,397,0,0,0,942,infection,823
8.881338886190044,48,0,554,398,0,0,0,942,recovery,5
8.90836233522839,47,0,555,398,0,0,0,943,infection,953
8.929681702236758,47,0,554,399,0,0,0,943,recovery,555
8.945542991713381,46,0,555,399,0,0,0,944,infection,768
8.94824877412473,46,0,554,400,0,0,0,944,recovery,236
8.952885262323633,46,0,553,401,0,0,0,944,recovery,490
8.956352405991264,45,0,554,401,0,0,0,945,infection,733
8.959502775786579,45,0,553,402,0,0,0,945,recovery,728
8.960534217682694,45,0,552,403,0,0,0,945,recovery,129
8.971288390212049,45,0,551,404,0,0,0,945,recovery,536
8.990075209810051,44,0,552,404,0,0,0,946,infection,867
8.9930998946948,44,0,551,405,0,0,0,946,recovery,857
9.005142184291582,43,0,552,405,0,0,0,947,infection,349
9.017666117707366,42,0,553,405,0,0,0,948,infection,296
9.039937029316688,42,0,552,406,0,0,0,948,recovery,637
9.064090254477376,42,0,551,407,0,0,0,948,recovery,860
9.069683992640083,41,0,552,407,0,0,0,949,infection,841
9.08832258180046,40,0,553,407,0,0,0,950,infection,666
9.098823319701042,40,0,552,408,0,0,0,950,recovery,72
9.10972171366296,40,0,551,409,0,0,0,950,recovery,280
9.109830430653798,40,0,550,410,0,0,0,950,recovery,94
9.110292993411857,39,0,551,410,0,0,0,951,infection,801
9.118974189534367,39,0,550,411,0,0,0,951,recovery,765
9.124331360240188,39,0,549,412,0,0,0,951,recovery,812
9.124619148507263,39,0,548,413,0,0,0,951,recovery,408
9.131661158747098,39,0,547,414,0,0,0,951,recovery,808
9.140504933463793,39,0,546,415,0,0,0,951,recovery,509
9.151719173230411,39,0,545,416,0,0,0,951,recovery,389
9.154347113729168,39,0,544,417,0,0,0,951,recovery,850
9.15721432208207,39,0,543,418,0,0,0,951,recovery,499
9.160877463771499,39,0,542,419,0,0,0,951,recovery,886
9.164126087583353,39,0,541,420,0,0,0,951,recovery,467
9.179161284653093,38,0,542,420,0,0,0,952,infection,989
9.186433765212353,38,0,541,421,0,0,0,952,recovery,813
9.196399432398541,37,0,542,421,0,0,0,953,infection,292
9.217192872157284,37,0,541,422,0,0,0,953,recovery,662
9.217682908669655,37,0,540,423,0,0,0,953,recovery,698
9.220115544132556,37,0,539,424,0,0,0,953,recovery,179
9.242696438273907,37,0,538,425,0,0,0,953,recovery,134
9.243845090641917,36,0,539,425,0,0,0,954,infection,14
9.2473442117124,36,0,538,426,0,0,0,954,recovery,845
9.259442927869955,36,0,537,427,0,0,0,954,recovery,314
9.26251100179854,36,0,536,428,0,0,0,954,recovery,281
9.266431693163325,36,0,535,429,0,0,0,954,recovery,583
9.308595903848449,36,0,534,430,0,0,0,954,recovery,258
9.315383112733251,36,0,533,431,0,0,0,954,recovery,928
9.32632054798265,36,0,532,432,0,0,0,954,recovery,505
9.341524467229927,36,0,531,433,0,0,0,954,recovery,907
9.34570422383782,36,0,530,434,0,0,0,954,recovery,617
9.356171104857449,36,0,529,435,0,0,0,954,recovery,510
9.35696176807672,36,0,528,436,0,0,0,954,recovery,678
9.384195278729722,35,0,529,436,0,0,0,955,infection,777
9.414811191047026,35,0,528,437,0,0,0,955,recovery,627
9.417812132521851,35,0,527,438,0,0,0,955,recovery,689
9.427226733531478,35,0,526,439,0,0,0,955,recovery,219
9.44003915955082,35,0,525,440,0,0,0,955,recovery,816
9.450023555864613,34,0,526,440,0,0,0,956,infection,208
9.464471606380425,34,0,525,441,0,0,0,956,recovery,824
9.484206877637911,34,0,524,442,0,0,0,956,recovery,208
9.488173204749607,34,0,523,443,0,0,0,956,recovery,216
9.491442437769459,34,0,522,444,0,0,0,956,recovery,615
9.495498602664115,33,0,523,444,0,0,0,957,infection,786
9.508776813050108,33,0,522,445,0,0,0,957,recovery,876
9.548494676483635,33,0,521,446,0,0,0,957,recovery,460
9.549231906991064,33,0,520,447,0,0,0,957,recovery,711
9.567542354614165,32,0,521,447,0,0,0,958,infection,375
9.575719830830545,32,0,520,448,0,0,0,958,recovery,410
9.577580083047415,32,0,519,449,0,0,0,958,recovery,83
9.583488858785726,32,0,518,450,0,0,0,958,recovery,320
9.583566700487463,32,0,517,451,0,0,0,958,recovery,239
9.589974272526119,32,0,516,452,0,0,0,958,recovery,384
9.5918987091208,32,0,515,453,0,0,0,958,recovery,207
9.593791609462855,31,0,516,453,0,0,0,959,infection,379
9.598789267975151,30,0,517,453,0,0,0,960,infection,746
9.607236703412555,30,0,516,454,0,0,0,960,recovery,646
9.609442904388846,30,0,515,455,0,0,0,960,recovery,96
9.614511106622253,29,0,516,455,0,0,0,961,infection,257
9.6191560682939,29,0,515,456,0,0,0,961,recovery,553
9.623779270846683,28,0,516,456,0,0,0,962,infection,417
9.64098775075879,28,0,515,457,0,0,0,962,recovery,168
9.658933878261953,28,0,514,458,0,0,0,962,recovery,796
9.66597903486879,28,0,513,459,0,0,0,962,recovery,447
9.666158733792495,28,0,512,460,0,0,0,962,recovery,687
9.668158408081961,28,0,511,461,0,0,0,962,recovery,520
9.68371560074938,28,0,510,462,0,0,0,962,recovery,316
9.695327518845549,28,0,509,463,0,0,0,962,recovery,541
9.71460467443341,27,0,510,463,0,0,0,963,infection,884
9.714713818147173,26,0,511,463,0,0,0,964,infection,231
9.732424178316982,26,0,510,464,0,0,0,964,recovery,37
9.734941932156497,26,0,509,465,0,0,0,964,recovery,786
9.74167765287218,26,0,508,466,0,0,0,964,recovery,375
9.74233387055838,26,0,507,467,0,0,0,964,recovery,195
9.751009575227874,26,0,506,468,0,0,0,964,recovery,709
9.77120642983582,26,0,505,469,0,0,0,964,recovery,732
9.775576621671133,26,0,504,470,0,0,0,964,recovery,721
9.788227739698776,26,0,503,471,0,0,0,964,recovery,135
9.798806065164666,26,0,502,472,0,0,0,964,recovery,535
9.799286049405215,26,0,501,473,0,0,0,964,recovery,412
9.814179941003282,26,0,500,474,0,0,0,964,recovery,586
9.825370907711308,26,0,499,475,0,0,0,964,recovery,925
9.82945919464031,26,0,498,476,0,0,0,964,recovery,95
9.829589666920462,26,0,497,477,0,0,0,964,recovery,762
9.852436184665693,26,0,496,478,0,0,0,964,recovery,708
9.86201618573415,25,0,497,478,0,0,0,965,infection,539
9.872357440888862,25,0,496,479,0,0,0,965,recovery,744
9.890894722576341,25,0,495,480,0,0,0,965,recovery,834
9.898415781384648,25,0,494,481,0,0,0,965,recovery,756
9.922012621998714,25,0,493,482,0,0,0,965,recovery,38
9.952305114306224,25,0,492,483,0,0,0,965,recovery,436
9.97935434732441,25,0,491,484,0,0,0,965,recovery,376
9.984061723458161,25,0,490,485,0,0,0,965,recovery,803
9.987522990692572,25,0,489,486,0,0,0,965,recovery,234
9.99444939279679,25,0,488,487,0,0,0,965,recovery,461
9.998690568511318,25,0,487,488,0,0,0,965,recovery,397
10.026064545543703,25,0,486,489,0,0,0,965,recovery,697
10.03194566030727,25,0,485,490,0,0,0,965,recovery,90
10.045547583776578,25,0,484,491,0,0,0,965,recovery,974
10.07394610162659,25,0,483,492,0,0,0,965,recovery,772
10.082150417322977,25,0,482,493,0,0,0,965,recovery,877
10.092747265893031,24,0,483,493,0,0,0,966,infection,166
10.107630074645911,24,0,482,494,0,0,0,966,recovery,131
10.128356467769034,24,0,481,495,0,0,0,966,recovery,717
10.131466704558537,24,0,480,496,0,0,0,966,recovery,587
10.155343942487344,24,0,479,497,0,0,0,966,recovery,518
10.19922290998746,23,0,480,497,0,0,0,967,infection,245
10.22152090832519,23,0,479,498,0,0,0,967,recovery,396
10.226534198857145,23,0,478,499,0,0,0,967,recovery,101
10.246222472252665,22,0,479,499,0,0,0,968,infection,147
10.251103062621617,22,0,478,500,0,0,0,968,recovery,222
10.310987505307791,21,0,479,500,0,0,0,969,infection,895
10.311965225970674,21,0,478,501,0,0,0,969,recovery,669
10.322052345573642,21,0,477,502,0,0,0,969,recovery,382
10.322503170984968,21,0,476,503,0,0,0,969,recovery,409
10.351664282204185,21,0,475,504,0,0,0,969,recovery,927
10.374604767947824,21,0,474,505,0,0,0,969,recovery,148
10.37850626330703,20,0,475,505,0,0,0,970,infection,456
10.39261562694032,20,0,474,506,0,0,0,970,recovery,345
10.409789554964949,20,0,473,507,0,0,0,970,recovery,445
10.415561503020905,20,0,472,508,0,0,0,970,recovery,900
10.417050540934182,20,0,471,509,0,0,0,970,recovery,944
10.419603922618585,20,0,470,510,0,0,0,970,recovery,425
10.431564417379073,20,0,469,511,0,0,0,970,recovery,632
10.43693329648778,19,0,470,511,0,0,0,971,infection,791
10.451433364695436,19,0,469,512,0,0,0,971,recovery,884
10.459807833807051,19,0,468,513,0,0,0,971,recovery,494
10.465726645132557,19,0,467,514,0,0,0,971,recovery,266
10.474695888963343,19,0,466,515,0,0,0,971,recovery,701
10.50386857951643,19,0,465,516,0,0,0,971,recovery,837
10.51098585037688,19,0,464,517,0,0,0,971,recovery,386
10.52909651693139,18,0,465,517,0,0,0,972,infection,113
10.54903178721597,17,0,466,517,0,0,0,973,infection,25
10.569621796316689,16,0,467,517,0,0,0,974,infection,565
10.571161745141362,16,0,466,518,0,0,0,974,recovery,763
10.578040440750982,16,0,465,519,0,0,0,974,recovery,875
10.579409454867188,15,0,466,519,0,0,0,975,infection,695
10.589234739831095,15,0,465,520,0,0,0,975,recovery,578
10.59369930409162,15,0,464,521,0,0,0,975,recovery,492
10.603065609988613,15,0,463,522,0,0,0,975,recovery,407
10.609470651753803,15,0,462,523,0,0,0,975,recovery,823
10.620691347949988,15,0,461,524,0,0,0,975,recovery,527
10.6259571155761,15,0,460,525,0,0,0,975,recovery,355
10.627918738235739,14,0,461,525,0,0,0,976,infection,243
10.62998941876689,14,0,460,526,0,0,0,976,recovery,594
10.657183769629153,14,0,459,527,0,0,0,976,recovery,656
10.669133430131255,14,0,458,528,0,0,0,976,recovery,130
10.687355156587873,14,0,457,529,0,0,0,976,recovery,443
10.687518984624429,14,0,456,530,0,0,0,976,recovery,560
10.69696619271761,14,0,455,531,0,0,0,976,recovery,328
10.708822143361992,14,0,454,532,0,0,0,976,recovery,353
10.71042820484945,14,0,453,533,0,0,0,976,recovery,286
10.719771960478663,14,0,452,534,0,0,0,976,recovery,833
10.722447320683562,14,0,451,535,0,0,0,976,recovery,265
10.722734070002032,14,0,450,536,0,0,0,976,recovery,556
10.743566537992189,14,0,449,537,0,0,0,976,recovery,254
10.751056101799275,14,0,448,538,0,0,0,976,recovery,770
10.764675384021505,14,0,447,539,0,0,0,976,recovery,775
10.800198099609567,14,0,446,540,0,0,0,976,recovery,593
10.811706458156564,14,0,445,541,0,0,0,976,recovery,937
10.867286443634473,14,0,444,542,0,0,0,976,recovery,521
10.870048063896098,14,0,443,543,0,0,0,976,recovery,554
10.877616291327431,13,0,444,543,0,0,0,977,infection,618
10.981761423462528,13,0,443,544,0,0,0,977,recovery,730
10.983043693647163,13,0,442,545,0,0,0,977,recovery,240
11.007853088101829,13,0,441,546,0,0,0,977,recovery,947
11.023175532922483,13,0,440,547,0,0,0,977,recovery,456
11.024618177936578,13,0,439,548,0,0,0,977,recovery,56
11.02977571688796,13,0,438,549,0,0,0,977,recovery,229
11.034979759149206,13,0,437,550,0,0,0,977,recovery,78
11.071211202483862,13,0,436,551,0,0,0,977,recovery,6
11.076857808176051,13,0,435,552,0,0,0,977,recovery,777
11.082668669786095,13,0,434,553,0,0,0,977,recovery,73
11.087121358035269,13,0,433,554,0,0,0,977,recovery,100
11.08950723472985,13,0,432,555,0,0,0,977,recovery,976
11.100951727406914,13,0,431,556,0,0,0,977,recovery,350
11.11396613522204,13,0,430,557,0,0,0,977,recovery,159
11.115278860811934,13,0,429,558,0,0,0,977,recovery,675
11.117712936223294,13,0,428,559,0,0,0,977,recovery,395
11.120885914493412,12,0,429,559,0,0,0,978,infection,124
11.131766252185912,12,0,428,560,0,0,0,978,recovery,938
11.153250916742923,12,0,427,561,0,0,0,978,recovery,841
11.154659094287311,12,0,426,562,0,0,0,978,recovery,298
11.15600531584222,11,0,427,562,0,0,0,979,infection,914
11.171554713344822,11,0,426,563,0,0,0,979,recovery,894
11.176459287506077,11,0,425,564,0,0,0,979,recovery,387
11.197772084426418,11,0,424,565,0,0,0,979,recovery,568
11.199596181769591,11,0,423,566,0,0,0,979,recovery,251
11.206026772716907,11,0,422,567,0,0,0,979,recovery,378
11.209991993880998,11,0,421,568,0,0,0,979,recovery,811
11.241252821539243,11,0,420,569,0,0,0,979,recovery,381
11.24153941618076,10,0,421,569,0,0,0,980,infection,440
11.246495446407295,10,0,420,570,0,0,0,980,recovery,111
11.274856586536593,10,0,419,571,0,0,0,980,recovery,383
11.30653196193629,10,0,418,572,0,0,0,980,recovery,626
11.324061509863416,10,0,417,573,0,0,0,980,recovery,941
11.33340404581438,10,0,416,574,0,0,0,980,recovery,487
11.34588424288587,10,0,415,575,0,0,0,980,recovery,990
11.353598418868515,10,0,414,576,0,0,0,980,recovery,571
11.355898229000248,10,0,413,577,0,0,0,980,recovery,324
11.357224761770123,10,0,412,578,0,0,0,980,recovery,766
11.357562861299256,10,0,411,579,0,0,0,980,recovery,459
11.376921760806667,10,0,410,580,0,0,0,980,recovery,933
11.390178429658285,10,0,409,581,0,0,0,980,recovery,638
11.391865213721307,10,0,408,582,0,0,0,980,recovery,478
11.392663493213028,10,0,407,583,0,0,0,980,recovery,212
11.397830076069681,10,0,406,584,0,0,0,980,recovery,232
11.419000282442891,10,0,405,585,0,0,0,980,recovery,80
11.420811531949333,10,0,404,586,0,0,0,980,recovery,354
11.428839045410225,10,0,403,587,0,0,0,980,recovery,284
11.433587016273606,10,0,402,588,0,0,0,980,recovery,515
11.44762717955828,10,0,401,589,0,0,0,980,recovery,414
11.453134897535765,10,0,400,590,0,0,0,980,recovery,41
11.477691626321391,10,0,399,591,0,0,0,980,recovery,360
11.517786076223501,10,0,398,592,0,0,0,980,recovery,800
11.554422135308723,10,0,397,593,0,0,0,980,recovery,190
11.57232931018762,10,0,396,594,0,0,0,980,recovery,758
11.574881521540343,10,0,395,595,0,0,0,980,recovery,185
11.580396873437035,10,0,394,596,0,0,0,980,recovery,474
11.604679165563066,10,0,393,597,0,0,0,980,recovery,780
11.624547071794437,10,0,392,598,0,0,0,980,recovery,325
11.627171757047154,10,0,391,599,0,0,0,980,recovery,923
11.634747247712713,10,0,390,600,0,0,0,980,recovery,163
11.642041231070731,10,0,389,601,0,0,0,980,recovery,15
11.697475197186373,10,0,388,602,0,0,0,980,recovery,725
11.699356416750918,10,0,387,603,0,0,0,980,recovery,858
11.70603803737568,10,0,386,604,0,0,0,980,recovery,329
11.720294563908496,10,0,385,605,0,0,0,980,recovery,93
11.724103852420482,10,0,384,606,0,0,0,980,recovery,86
11.752906092456293,10,0,383,607,0,0,0,980,recovery,759
11.77925819678017,10,0,382,608,0,0,0,980,recovery,771
11.829178447589147,10,0,381,609,0,0,0,980,recovery,465
11.863199559802052,10,0,380,610,0,0,0,980,recovery,655
11.87030074048212,10,0,379,611,0,0,0,980,recovery,753
11.878428454825963,10,0,378,612,0,0,0,980,recovery,820
11.895613295567614,10,0,377,613,0,0,0,980,recovery,565
11.899750703717729,10,0,376,614,0,0,0,980,recovery,874
11.91039142163843,10,0,375,615,0,0,0,980,recovery,110
11.933471853811898,10,0,374,616,0,0,0,980,recovery,525
11.93690146794337,9,0,375,616,0,0,0,981,infection,936
11.967192671528057,9,0,374,617,0,0,0,981,recovery,186
11.971020040276025,9,0,373,618,0,0,0,981,recovery,493
11.997896832692506,9,0,372,619,0,0,0,981,recovery,537
12.033138672063691,9,0,371,620,0,0,0,981,recovery,620
12.062371788341395,9,0,370,621,0,0,0,981,recovery,528
12.10114022050893,9,0,369,622,0,0,0,981,recovery,35
12.121577224860491,9,0,368,623,0,0,0,981,recovery,916
12.130571355968527,9,0,367,624,0,0,0,981,recovery,660
12.143026184392433,9,0,366,625,0,0,0,981,recovery,292
12.15023793621329,9,0,365,626,0,0,0,981,recovery,872
12.220048240940804,9,0,364,627,0,0,0,981,recovery,727
12.239593951482856,9,0,363,628,0,0,0,981,recovery,735
12.246883040479096,9,0,362,629,0,0,0,981,recovery,539
12.256623132620074,9,0,361,630,0,0,0,981,recovery,299
12.261091486028436,9,0,360,631,0,0,0,981,recovery,936
12.27679822240737,9,0,359,632,0,0,0,981,recovery,761
12.284220208134386,9,0,358,633,0,0,0,981,recovery,283
12.293985994235975,9,0,357,634,0,0,0,981,recovery,986
12.302040638008844,9,0,356,635,0,0,0,981,recovery,406
12.319323013866802,9,0,355,636,0,0,0,981,recovery,449
12.326758883688106,8,0,356,636,0,0,0,982,infection,241
12.342981998395244,8,0,355,637,0,0,0,982,recovery,263
12.35945871868623,8,0,354,638,0,0,0,982,recovery,740
12.36164855111545,8,0,353,639,0,0,0,982,recovery,10
12.362735765506468,8,0,352,640,0,0,0,982,recovery,463
12.38436147430901,8,0,351,641,0,0,0,982,recovery,848
12.38449161977455,8,0,350,642,0,0,0,982,recovery,76
12.384905148490246,8,0,349,643,0,0,0,982,recovery,326
12.404029803182192,8,0,348,644,0,0,0,982,recovery,871
12.42716774942089,8,0,347,645,0,0,0,982,recovery,275
12.431835957744902,8,0,346,646,0,0,0,982,recovery,379
12.46953827989809,8,0,345,647,0,0,0,982,recovery,804
12.469962525285762,8,0,344,648,0,0,0,982,recovery,77
12.471859216328323,7,0,345,648,0,0,0,983,infection,475
12.495448624193088,7,0,344,649,0,0,0,983,recovery,814
12.495845360604788,7,0,343,650,0,0,0,983,recovery,231
12.533095160053389,7,0,342,651,0,0,0,983,recovery,260
12.60356034173762,7,0,341,652,0,0,0,983,recovery,849
12.61620634768293,7,0,340,653,0,0,0,983,recovery,481
12.624373127510502,7,0,339,654,0,0,0,983,recovery,768
12.626403520017808,7,0,338,655,0,0,0,983,recovery,778
12.64455355559282,7,0,337,656,0,0,0,983,recovery,585
12.66304030610457,7,0,336,657,0,0,0,983,recovery,276
12.68057390349805,7,0,335,658,0,0,0,983,recovery,295
12.725962181058975,7,0,334,659,0,0,0,983,recovery,399
12.738398307831048,7,0,333,660,0,0,0,983,recovery,84
12.739390459922342,6,0,334,660,0,0,0,984,infection,629
12.767437183774696,6,0,333,661,0,0,0,984,recovery,694
12.792324485745109,6,0,332,662,0,0,0,984,recovery,2
12.820051885013644,6,0,331,663,0,0,0,984,recovery,856
12.833489826481616,6,0,330,664,0,0,0,984,recovery,126
12.842412021357475,6,0,329,665,0,0,0,984,recovery,264
12.848442081065546,6,0,328,666,0,0,0,984,recovery,809
12.84865504451311,6,0,327,667,0,0,0,984,recovery,164
12.85891879842171,6,0,326,668,0,0,0,984,recovery,475
12.87608213760299,6,0,325,669,0,0,0,984,recovery,746
12.88808395859978,6,0,324,670,0,0,0,984,recovery,12
12.897036887415016,6,0,323,671,0,0,0,984,recovery,942
12.91395132043733,6,0,322,672,0,0,0,984,recovery,259
12.94533063479383,6,0,321,673,0,0,0,984,recovery,651
12.99042181533516,6,0,320,674,0,0,0,984,recovery,702
13.000106297174094,6,0,319,675,0,0,0,984,recovery,672
13.056216522992743,6,0,318,676,0,0,0,984,recovery,962
13.05994790322713,6,0,317,677,0,0,0,984,recovery,591
13.102581797191764,6,0,316,678,0,0,0,984,recovery,722
13.145213634431059,6,0,315,679,0,0,0,984,recovery,540
13.171995652539326,6,0,314,680,0,0,0,984,recovery,618
13.173938712537261,6,0,313,681,0,0,0,984,recovery,201
13.20124539565158,6,0,312,682,0,0,0,984,recovery,420
13.225186644889433,6,0,311,683,0,0,0,984,recovery,825
13.256848784195657,6,0,310,684,0,0,0,984,recovery,912
13.270776185344872,6,0,309,685,0,0,0,984,recovery,964
13.28282358119359,6,0,308,686,0,0,0,984,recovery,68
13.286475604557712,6,0,307,687,0,0,0,984,recovery,252
13.295052870912194,6,0,306,688,0,0,0,984,recovery,810
13.32661042312683,6,0,305,689,0,0,0,984,recovery,970
13.327129169368424,6,0,304,690,0,0,0,984,recovery,629
13.384191660780939,6,0,303,691,0,0,0,984,recovery,551
13.395505233789418,6,0,302,692,0,0,0,984,recovery,255
13.410391242692526,6,0,301,693,0,0,0,984,recovery,905
13.41295955951081,6,0,300,694,0,0,0,984,recovery,205
13.437041796150547,5,0,301,694,0,0,0,985,infection,806
13.474414128355937,5,0,300,695,0,0,0,985,recovery,576
13.484622823411437,5,0,299,696,0,0,0,985,recovery,21
13.49604927017391,5,0,298,697,0,0,0,985,recovery,741
13.543368119329141,5,0,297,698,0,0,0,985,recovery,361
13.547114780859776,5,0,296,699,0,0,0,985,recovery,603
13.564010131932736,5,0,295,700,0,0,0,985,recovery,107
13.580291529979533,5,0,294,701,0,0,0,985,recovery,851
13.591029732049899,4,0,295,701,0,0,0,986,infection,230
13.593713178264192,4,0,294,702,0,0,0,986,recovery,248
13.664465394305543,4,0,293,703,0,0,0,986,recovery,153
13.6875807084726,4,0,292,704,0,0,0,986,recovery,36
13.699098010169088,4,0,291,705,0,0,0,986,recovery,700
13.702400567954822,4,0,290,706,0,0,0,986,recovery,337
13.742903067381876,4,0,289,707,0,0,0,986,recovery,706
13.76985880939284,4,0,288,708,0,0,0,986,recovery,827
13.770916402471826,4,0,287,709,0,0,0,986,recovery,57
13.784377412587517,4,0,286,710,0,0,0,986,recovery,241
13.790696366292428,4,0,285,711,0,0,0,986,recovery,596
13.828132950254671,4,0,284,712,0,0,0,986,recovery,967
13.836203677403196,3,0,285,712,0,0,0,987,infection,940
13.881630060675423,3,0,284,713,0,0,0,987,recovery,623
13.900252157765163,3,0,283,714,0,0,0,987,recovery,422
13.926996710415438,3,0,282,715,0,0,0,987,recovery,434
13.936195568144758,3,0,281,716,0,0,0,987,recovery,17
13.952227514863342,3,0,280,717,0,0,0,987,recovery,158
13.956108621714886,3,0,279,718,0,0,0,987,recovery,914
13.973387709340843,3,0,278,719,0,0,0,987,recovery,149
14.015826894261455,3,0,277,720,0,0,0,987,recovery,673
14.02832842101983,3,0,276,721,0,0,0,987,recovery,522
14.049189302156918,3,0,275,722,0,0,0,987,recovery,230
14.076427461149757,3,0,274,723,0,0,0,987,recovery,561
14.115843161689972,3,0,273,724,0,0,0,987,recovery,458
14.12170663172652,3,0,272,725,0,0,0,987,recovery,193
14.133866840361879,3,0,271,726,0,0,0,987,recovery,441
14.206428723736645,3,0,270,727,0,0,0,987,recovery,562
14.218866557399611,3,0,269,728,0,0,0,987,recovery,339
14.303932199799352,3,0,268,729,0,0,0,987,recovery,484
14.34570764375586,3,0,267,730,0,0,0,987,recovery,198
14.348844533272862,3,0,266,731,0,0,0,987,recovery,310
14.370130665177172,3,0,265,732,0,0,0,987,recovery,171
14.404173914262664,3,0,264,733,0,0,0,987,recovery,557
14.454004413665672,3,0,263,734,0,0,0,987,recovery,652
14.454854506395638,3,0,262,735,0,0,0,987,recovery,282
14.456554710455938,3,0,261,736,0,0,0,987,recovery,731
14.464854828974513,3,0,260,737,0,0,0,987,recovery,622
14.465218126774959,3,0,259,738,0,0,0,987,recovery,202
14.488993019989966,3,0,258,739,0,0,0,987,recovery,370
14.542468067541325,3,0,257,740,0,0,0,987,recovery,602
14.6101133358869,3,0,256,741,0,0,0,987,recovery,666
14.638115353543702,3,0,255,742,0,0,0,987,recovery,340
14.652692703171773,3,0,254,743,0,0,0,987,recovery,888
14.655335728027135,3,0,253,744,0,0,0,987,recovery,380
14.68048821369316,3,0,252,745,0,0,0,987,recovery,184
14.6850525571264,3,0,251,746,0,0,0,987,recovery,980
14.705438290558067,3,0,250,747,0,0,0,987,recovery,491
14.7086145954198,3,0,249,748,0,0,0,987,recovery,745
14.734167166580848,3,0,248,749,0,0,0,987,recovery,106
14.748957684627516,3,0,247,750,0,0,0,987,recovery,683
14.759422306980245,3,0,246,751,0,0,0,987,recovery,815
14.790401354655643,3,0,245,752,0,0,0,987,recovery,358
14.800308587405468,3,0,244,753,0,0,0,987,recovery,112
14.820404023474133,3,0,243,754,0,0,0,987,recovery,315
14.834329590331063,3,0,242,755,0,0,0,987,recovery,64
14.83663905153186,3,0,241,756,0,0,0,987,recovery,220
14.85180154653306,3,0,240,757,0,0,0,987,recovery,896
14.852474279304612,3,0,239,758,0,0,0,987,recovery,136
14.857589379031168,3,0,238,759,0,0,0,987,recovery,196
14.88819939357838,3,0,237,760,0,0,0,987,recovery,719
14.937832688219476,3,0,236,761,0,0,0,987,recovery,671
14.977087355442777,3,0,235,762,0,0,0,987,recovery,782
14.988437028355715,3,0,234,763,0,0,0,987,recovery,654
14.9974111429574,3,0,233,764,0,0,0,987,recovery,599
15.028914060962173,3,0,232,765,0,0,0,987,recovery,517
15.042905250969074,2,0,233,765,0,0,0,988,infection,680
15.049105419643421,2,0,232,766,0,0,0,988,recovery,453
15.069435368033446,2,0,231,767,0,0,0,988,recovery,30
15.073599289721894,2,0,230,768,0,0,0,988,recovery,909
15.12889818332818,2,0,229,769,0,0,0,988,recovery,440
15.149815138889297,2,0,228,770,0,0,0,988,recovery,468
15.155265033125708,2,0,227,771,0,0,0,988,recovery,830
15.177945474375008,2,0,226,772,0,0,0,988,recovery,52
15.201450873571893,2,0,225,773,0,0,0,988,recovery,940
15.206042730351031,2,0,224,774,0,0,0,988,recovery,776
15.236109325040351,2,0,223,775,0,0,0,988,recovery,926
15.247231012925273,2,0,222,776,0,0,0,988,recovery,969
15.24766815508707,2,0,221,777,0,0,0,988,recovery,641
15.278887160452904,2,0,220,778,0,0,0,988,recovery,619
15.32317209902433,2,0,219,779,0,0,0,988,recovery,501
15.35666730491431,2,0,218,780,0,0,0,988,recovery,33
15.375318755943777,2,0,217,781,0,0,0,988,recovery,787
15.383107463792125,2,0,216,782,0,0,0,988,recovery,119
15.42433977076362,2,0,215,783,0,0,0,988,recovery,924
15.426623084094075,2,0,214,784,0,0,0,988,recovery,695
15.44590324973036,2,0,213,785,0,0,0,988,recovery,870
15.484771933190704,2,0,212,786,0,0,0,988,recovery,659
15.554113232316807,2,0,211,787,0,0,0,988,recovery,757
15.61117205488609,2,0,210,788,0,0,0,988,recovery,642
15.617073062592919,2,0,209,789,0,0,0,988,recovery,523
15.649087247734911,2,0,208,790,0,0,0,988,recovery,16
15.65489669617274,2,0,207,791,0,0,0,988,recovery,548
15.663084950002034,2,0,206,792,0,0,0,988,recovery,50
15.667836079450495,2,0,205,793,0,0,0,988,recovery,792
15.734651809120182,2,0,204,794,0,0,0,988,recovery,601
15.75675355028249,2,0,203,795,0,0,0,988,recovery,767
15.817746153212532,2,0,202,796,0,0,0,988,recovery,14
15.85113821419493,2,0,201,797,0,0,0,988,recovery,349
15.868093464573816,2,0,200,798,0,0,0,988,recovery,273
15.880664583692754,2,0,199,799,0,0,0,988,recovery,604
15.895776621766894,2,0,198,800,0,0,0,988,recovery,394
15.942840983352752,2,0,197,801,0,0,0,988,recovery,973
15.98428499496125,2,0,196,802,0,0,0,988,recovery,495
16.004573529196087,2,0,195,803,0,0,0,988,recovery,368
16.204098858496923,2,0,194,804,0,0,0,988,recovery,647
16.243660416612443,2,0,193,805,0,0,0,988,recovery,955
16.251219606430382,2,0,192,806,0,0,0,988,recovery,930
16.3079307799401,2,0,191,807,0,0,0,988,recovery,865
16.311113901469156,2,0,190,808,0,0,0,988,recovery,989
16.362365126772907,2,0,189,809,0,0,0,988,recovery,215
16.377700253723255,2,0,188,810,0,0,0,988,recovery,867
16.469337621873848,2,0,187,811,0,0,0,988,recovery,582
16.4996627685016,2,0,186,812,0,0,0,988,recovery,791
16.50067934631314,2,0,185,813,0,0,0,988,recovery,19
16.522627905055245,2,0,184,814,0,0,0,988,recovery,895
16.52314411727419,2,0,183,815,0,0,0,988,recovery,342
16.543694569312823,2,0,182,816,0,0,0,988,recovery,113
16.573628623034814,2,0,181,817,0,0,0,988,recovery,437
16.575990270769935,2,0,180,818,0,0,0,988,recovery,246
16.581820431745573,2,0,179,819,0,0,0,988,recovery,24
16.66548586508879,2,0,178,820,0,0,0,988,recovery,43
16.67066094161501,2,0,177,821,0,0,0,988,recovery,574
16.693667374089625,2,0,176,822,0,0,0,988,recovery,643
16.705972896126067,2,0,175,823,0,0,0,988,recovery,439
16.740865073987372,2,0,174,824,0,0,0,988,recovery,899
16.80770854471472,2,0,173,825,0,0,0,988,recovery,457
16.891744562293336,2,0,172,826,0,0,0,988,recovery,250
16.89703177011656,2,0,171,827,0,0,0,988,recovery,200
16.90121577327239,2,0,170,828,0,0,0,988,recovery,321
16.92479565452883,2,0,169,829,0,0,0,988,recovery,151
16.926727356662898,2,0,168,830,0,0,0,988,recovery,633
16.931267076144238,2,0,167,831,0,0,0,988,recovery,122
16.934482186698993,2,0,166,832,0,0,0,988,recovery,663
16.989279593273945,2,0,165,833,0,0,0,988,recovery,842
17.06639626455263,2,0,164,834,0,0,0,988,recovery,836
17.080350725308772,2,0,163,835,0,0,0,988,recovery,611
17.147945136385218,2,0,162,836,0,0,0,988,recovery,898
17.280429546981978,2,0,161,837,0,0,0,988,recovery,748
17.290384929606496,2,0,160,838,0,0,0,988,recovery,188
17.35364668928444,2,0,159,839,0,0,0,988,recovery,507
17.36044053384148,2,0,158,840,0,0,0,988,recovery,300
17.385797132070373,2,0,157,841,0,0,0,988,recovery,23
17.474934483415492,2,0,156,842,0,0,0,988,recovery,404
17.510392163166266,2,0,155,843,0,0,0,988,recovery,550
17.51256382000903,2,0,154,844,0,0,0,988,recovery,987
17.56470695218689,2,0,153,845,0,0,0,988,recovery,538
17.579588570733183,2,0,152,846,0,0,0,988,recovery,961
17.582870423071313,2,0,151,847,0,0,0,988,recovery,573
17.607871017090897,2,0,150,848,0,0,0,988,recovery,773
17.612357919752327,2,0,149,849,0,0,0,988,recovery,852
17.621746304058426,2,0,148,850,0,0,0,988,recovery,116
17.658120496515785,2,0,147,851,0,0,0,988,recovery,27
17.694456017823853,2,0,146,852,0,0,0,988,recovery,945
17.70142777202768,2,0,145,853,0,0,0,988,recovery,18
17.723821777142717,2,0,144,854,0,0,0,988,recovery,847
17.818578599577627,1,0,145,854,0,0,0,989,infection,203
17.84276994789808,1,0,144,855,0,0,0,989,recovery,187
17.87871273730851,1,0,143,856,0,0,0,989,recovery,304
18.093276694386184,1,0,142,857,0,0,0,989,recovery,194
18.09456572814209,1,0,141,858,0,0,0,989,recovery,330
18.09807288821484,1,0,140,859,0,0,0,989,recovery,483
18.15554875861899,1,0,139,860,0,0,0,989,recovery,311
18.161016598713402,1,0,138,861,0,0,0,989,recovery,598
18.167811703609118,1,0,137,862,0,0,0,989,recovery,109
18.20933890424223,1,0,136,863,0,0,0,989,recovery,949
18.337036542691767,1,0,135,864,0,0,0,989,recovery,504
18.35326692353292,1,0,134,865,0,0,0,989,recovery,123
18.36636729413413,1,0,133,866,0,0,0,989,recovery,664
18.413047544590853,1,0,132,867,0,0,0,989,recovery,957
18.544211670248703,1,0,131,868,0,0,0,989,recovery,470
18.586512864304343,1,0,130,869,0,0,0,989,recovery,781
18.602416812224263,1,0,129,870,0,0,0,989,recovery,917
18.627168769296496,1,0,128,871,0,0,0,989,recovery,322
18.66509075189142,1,0,127,872,0,0,0,989,recovery,85
18.676603755280233,1,0,126,873,0,0,0,989,recovery,278
18.68953905911757,1,0,125,874,0,0,0,989,recovery,197
18.71328213132102,1,0,124,875,0,0,0,989,recovery,144
18.830813761649228,1,0,123,876,0,0,0,989,recovery,177
18.86719326838881,1,0,122,877,0,0,0,989,recovery,982
18.9332243893553,1,0,121,878,0,0,0,989,recovery,648
18.95267043450239,1,0,120,879,0,0,0,989,recovery,147
18.96904382895309,1,0,119,880,0,0,0,989,recovery,931
18.982148489048043,1,0,118,881,0,0,0,989,recovery,977
19.09566016034097,1,0,117,882,0,0,0,989,recovery,203
19.09742631794308,1,0,116,883,0,0,0,989,recovery,70
19.17057432086512,1,0,115,884,0,0,0,989,recovery,167
19.183135992260794,1,0,114,885,0,0,0,989,recovery,592
19.20223094672143,1,0,113,886,0,0,0,989,recovery,138
19.220548768049973,1,0,112,887,0,0,0,989,recovery,932
19.227279102584106,1,0,111,888,0,0,0,989,recovery,822
19.287403119128754,1,0,110,889,0,0,0,989,recovery,327
19.38332572092248,1,0,109,890,0,0,0,989,recovery,605
19.560917999773864,1,0,108,891,0,0,0,989,recovery,161
19.627273336267905,1,0,107,892,0,0,0,989,recovery,291
19.78149071179346,1,0,106,893,0,0,0,989,recovery,296
19.836439538155542,1,0,105,894,0,0,0,989,recovery,42
19.898652183176086,1,0,104,895,0,0,0,989,recovery,797
19.90405639223185,1,0,103,896,0,0,0,989,recovery,843
19.93127512379472,1,0,102,897,0,0,0,989,recovery,143
19.971489071138556,1,0,101,898,0,0,0,989,recovery,173
20.225525414211823,1,0,100,899,0,0,0,989,recovery,743
20.240665462952542,1,0,99,900,0,0,0,989,recovery,313
20.26318106891658,1,0,98,901,0,0,0,989,recovery,421
20.410173348863314,1,0,97,902,0,0,0,989,recovery,338
20.42130136281919,1,0,96,903,0,0,0,989,recovery,156
20.435718303522616,1,0,95,904,0,0,0,989,recovery,346
20.454654635860486,1,0,94,905,0,0,0,989,recovery,1
20.47987318552047,1,0,93,906,0,0,0,989,recovery,934
20.60004449249122,1,0,92,907,0,0,0,989,recovery,289
20.64618132193494,1,0,91,908,0,0,0,989,recovery,806
20.743166016410015,1,0,90,909,0,0,0,989,recovery,312
20.920325212223865,1,0,89,910,0,0,0,989,recovery,257
20.963074111055136,1,0,88,911,0,0,0,989,recovery,801
21.12946159442719,1,0,87,912,0,0,0,989,recovery,319
21.247184810624354,1,0,86,913,0,0,0,989,recovery,369
21.384507546480833,1,0,85,914,0,0,0,989,recovery,58
21.43617183444932,1,0,84,915,0,0,0,989,recovery,417
21.472783689976545,1,0,83,916,0,0,0,989,recovery,616
21.47603649614202,1,0,82,917,0,0,0,989,recovery,170
21.68623421276892,1,0,81,918,0,0,0,989,recovery,262
22.037746110042526,1,0,80,919,0,0,0,989,recovery,247
22.08132352184072,1,0,79,920,0,0,0,989,recovery,49
22.141645710291115,1,0,78,921,0,0,0,989,recovery,245
22.20555253782352,1,0,77,922,0,0,0,989,recovery,590
22.20919300284535,1,0,76,923,0,0,0,989,recovery,692
22.32724013354383,1,0,75,924,0,0,0,989,recovery,28
22.519372657554044,1,0,74,925,0,0,0,989,recovery,124
22.531358040642452,1,0,73,926,0,0,0,989,recovery,137
22.650058379573554,1,0,72,927,0,0,0,989,recovery,715
22.651751100818736,1,0,71,928,0,0,0,989,recovery,166
22.680555900203,1,0,70,929,0,0,0,989,recovery,953
22.757097362013052,1,0,69,930,0,0,0,989,recovery,305
22.777153193853266,1,0,68,931,0,0,0,989,recovery,861
22.840751224975662,1,0,67,932,0,0,0,989,recovery,563
22.919902098600133,1,0,66,933,0,0,0,989,recovery,390
23.038908392177248,1,0,65,934,0,0,0,989,recovery,606
23.052913518084015,1,0,64,935,0,0,0,989,recovery,372
23.374138862020878,1,0,63,936,0,0,0,989,recovery,4
23.579668138624875,0,0,64,936,0,0,0,990,infection,524
23.644293114293525,0,0,63,937,0,0,0,990,recovery,846
23.703130074214716,0,0,62,938,0,0,0,990,recovery,559
23.74918948003908,0,0,61,939,0,0,0,990,recovery,416
23.875195386796847,0,0,60,940,0,0,0,990,recovery,844
23.910538599129886,0,0,59,941,0,0,0,990,recovery,524
23.958457473966863,0,0,58,942,0,0,0,990,recovery,736
24.003876544232625,0,0,57,943,0,0,0,990,recovery,46
24.117579171258527,0,0,56,944,0,0,0,990,recovery,788
24.137773752751194,0,0,55,945,0,0,0,990,recovery,133
24.47797338331032,0,0,54,946,0,0,0,990,recovery,121
24.7363287347006,0,0,53,947,0,0,0,990,recovery,183
25.532742083049868,0,0,52,948,0,0,0,990,recovery,729
25.768569243391262,0,0,51,949,0,0,0,990,recovery,69
25.846571703494437,0,0,50,950,0,0,0,990,recovery,25
26.032803911695844,0,0,49,951,0,0,0,990,recovery,26
26.40468917143979,0,0,48,952,0,0,0,990,recovery,691
26.42472816377251,0,0,47,953,0,0,0,990,recovery,790
26.603163884123802,0,0,46,954,0,0,0,990,recovery,854
26.702103936369852,0,0,45,955,0,0,0,990,recovery,221
27.008791218896317,0,0,44,956,0,0,0,990,recovery,471
27.126721302867267,0,0,43,957,0,0,0,990,recovery,103
27.28239867095194,0,0,42,958,0,0,0,990,recovery,682
27.534328617542695,0,0,41,959,0,0,0,990,recovery,696
27.747564379597208,0,0,40,960,0,0,0,990,recovery,922
28.146172504617244,0,0,39,961,0,0,0,990,recovery,279
28.48346823481058,0,0,38,962,0,0,0,990,recovery,489
28.55818096439897,0,0,37,963,0,0,0,990,recovery,482
28.75925809451303,0,0,36,964,0,0,0,990,recovery,415
28.903182901749066,0,0,35,965,0,0,0,990,recovery,878
29.138691816901094,0,0,34,966,0,0,0,990,recovery,853
29.15244904987412,0,0,33,967,0,0,0,990,recovery,466
29.33460363752077,0,0,32,968,0,0,0,990,recovery,680
29.46957018213367,0,0,31,969,0,0,0,990,recovery,625
29.59840682522611,0,0,30,970,0,0,0,990,recovery,607
29.626547716728595,0,0,29,971,0,0,0,990,recovery,713
29.63183599852715,0,0,28,972,0,0,0,990,recovery,29
29.889957478144037,0,0,27,973,0,0,0,990,recovery,62
29.95149640659809,0,0,26,974,0,0,0,990,recovery,191
30.065234834600215,0,0,25,975,0,0,0,990,recovery,978
31.06077053989265,0,0,24,976,0,0,0,990,recovery,570
31.578247522454156,0,0,23,977,0,0,0,990,recovery,653
31.6029051404034,0,0,22,978,0,0,0,990,recovery,699
31.65652015887552,0,0,21,979,0,0,0,990,recovery,956
31.73345044493021,0,0,20,980,0,0,0,990,recovery,454
31.977484248786407,0,0,19,981,0,0,0,990,recovery,733
32.084835188273935,0,0,18,982,0,0,0,990,recovery,452
32.16067791484821,0,0,17,983,0,0,0,990,recovery,913
32.76064910846855,0,0,16,984,0,0,0,990,recovery,432
33.633412609719386,0,0,15,985,0,0,0,990,recovery,302
35.292869580799625,0,0,14,986,0,0,0,990,recovery,333
35.43404377611826,0,0,13,987,0,0,0,990,recovery,293
35.95054322037398,0,0,12,988,0,0,0,990,recovery,429
37.92094155541393,0,0,11,989,0,0,0,990,recovery,747
38.34260124769672,0,0,10,990,0,0,0,990,recovery,508
38.52357724557679,0,0,9,991,0,0,0,990,recovery,253
40.0,0,0,9,991,0,0,0,990,horizon,0
