t,S,E,I,R,births,deaths,vaccinated,infections,event,person
0.0,990,0,10,0,0,0,0,0,initial,0
0.32786662271175043,990,0,9,1,0,0,0,0,recovery,992
0.38395094168496835,989,0,10,1,0,0,0,1,infection,333
0.43607933925439885,988,0,11,1,0,0,0,2,infection,941
0.6198360179200556,988,0,10,2,0,0,0,2,recovery,993
0.8065043022153134,987,0,11,2,0,0,0,3,infection,286
0.8314341247518702,986,0,12,2,0,0,0,4,infection,910
0.8731036293631181,985,0,13,2,0,0,0,5,infection,4
0.9420880865980608,984,0,14,2,0,0,0,6,infection,888
1.1217302685395258,983,0,15,2,0,0,0,7,infection,175
1.209155081507531,983,0,14,3,0,0,0,7,recovery,941
1.2247038218753703,982,0,15,3,0,0,0,8,infection,399
1.2589410905918827,981,0,16,3,0,0,0,9,infection,815
1.2864367498724665,980,0,17,3,0,0,0,10,infection,594
1.287273027531522,979,0,18,3,0,0,0,11,infection,730
1.3425891496910682,978,0,19,3,0,0,0,12,infection,88
1.4856070467008755,977,0,20,3,0,0,0,13,infection,127
1.4882465965928686,976,0,21,3,0,0,0,14,infection,570
1.516005984570588,975,0,22,3,0,0,0,15,infection,15
1.5179365515925236,974,0,23,3,0,0,0,16,infection,640
1.5385868541602223,973,0,24,3,0,0,0,17,infection,727
1.5882491897858662,973,0,23,4,0,0,0,17,recovery,88
1.5905251659326352,972,0,24,4,0,0,0,18,infection,343
1.6398764389286502,971,0,25,4,0,0,0,19,infection,188
1.6788134010569749,970,0,26,4,0,0,0,20,infection,166
1.6816836674967997,969,0,27,4,0,0,0,21,infection,191
1.6910603639300128,969,0,26,5,0,0,0,21,recovery,570
1.7134381254065918,968,0,27,5,0,0,0,22,infection,26
1.765585639909281,967,0,28,5,0,0,0,23,infection,435
1.8980598973296048,966,0,29,5,0,0,0,24,infection,94
1.9218496580617725,965,0,30,5,0,0,0,25,infection,143
1.993904661842286,964,0,31,5,0,0,0,26,infection,805
1.9975752794483477,963,0,32,5,0,0,0,27,infection,451
2.005436538332758,962,0,33,5,0,0,0,28,infection,118
2.010432514201102,962,0,32,6,0,0,0,28,recovery,399
2.0501962223624153,962,0,31,7,0,0,0,28,recovery,127
2.0676696841328663,961,0,32,7,0,0,0,29,infection,741
2.1144391921588848,960,0,33,7,0,0,0,30,infection,782
2.1198391455499874,960,0,32,8,0,0,0,30,recovery,118
2.125446764136444,959,0,33,8,0,0,0,31,infection,533
2.150357467156338,958,0,34,8,0,0,0,32,infection,688
2.16348954053363,957,0,35,8,0,0,0,33,infection,55
2.2115269109684723,956,0,36,8,0,0,0,34,infection,1
2.2207509564571053,956,0,35,9,0,0,0,34,recovery,688
2.2217685115053634,955,0,36,9,0,0,0,35,infection,684
2.2311394988124933,954,0,37,9,0,0,0,36,infection,769
2.2441812833883756,954,0,36,10,0,0,0,36,recovery,727
2.2604744647198864,953,0,37,10,0,0,0,37,infection,126
2.291517762417567,952,0,38,10,0,0,0,38,infection,260
2.370736983847471,952,0,37,11,0,0,0,38,recovery,640
2.411041413233794,951,0,38,11,0,0,0,39,infection,439
2.4676836876992896,950,0,39,11,0,0,0,40,infection,261
2.471260745443963,949,0,40,11,0,0,0,41,infection,479
2.4774153827107344,948,0,41,11,0,0,0,42,infection,254
2.4795675631046845,947,0,42,11,0,0,0,43,infection,550
2.5366043139114853,946,0,43,11,0,0,0,44,infection,76
2.5726294674518653,945,0,44,11,0,0,0,45,infection,766
2.59639703526109,944,0,45,11,0,0,0,46,infection,64
2.6066489906333055,943,0,46,11,0,0,0,47,infection,715
2.659025521663591,943,0,45,12,0,0,0,47,recovery,741
2.728880874268716,942,0,46,12,0,0,0,48,infection,155
2.731710302873227,941,0,47,12,0,0,0,49,infection,163
2.740458342390884,940,0,48,12,0,0,0,50,infection,749
2.767616959792276,940,0,47,13,0,0,0,50,recovery,439
2.779607187305906,939,0,48,13,0,0,0,51,infection,509
2.818627564984967,938,0,49,13,0,0,0,52,infection,853
2.831658241059354,937,0,50,13,0,0,0,53,infection,316
2.843193784883395,936,0,51,13,0,0,0,54,infection,366
2.8616161274180634,935,0,52,13,0,0,0,55,infection,629
2.8837907601588597,934,0,53,13,0,0,0,56,infection,828
2.90253489258886,933,0,54,13,0,0,0,57,infection,631
2.9092656890250272,933,0,53,14,0,0,0,57,recovery,828
2.9244223873171227,932,0,54,14,0,0,0,58,infection,189
2.9622059114393933,932,0,53,15,0,0,0,58,recovery,684
2.987801721954927,931,0,54,15,0,0,0,59,infection,735
2.9987645249648303,930,0,55,15,0,0,0,60,infection,215
3.0258479275684946,929,0,56,15,0,0,0,61,infection,565
3.0762519351835964,928,0,57,15,0,0,0,62,infection,532
3.088197811835045,927,0,58,15,0,0,0,63,infection,438
3.151065060965387,926,0,59,15,0,0,0,64,infection,100
3.2059212147870726,925,0,60,15,0,0,0,65,infection,928
3.216389430526572,924,0,61,15,0,0,0,66,infection,822
3.2184479998732507,923,0,62,15,0,0,0,67,infection,662
3.218905168602055,923,0,61,16,0,0,0,67,recovery,1
3.2818180498757306,922,0,62,16,0,0,0,68,infection,561
3.28192701562026,921,0,63,16,0,0,0,69,infection,176
3.2976716929643675,921,0,62,17,0,0,0,69,recovery,735
3.2991981473899625,920,0,63,17,0,0,0,70,infection,121
3.3210380320869906,920,0,62,18,0,0,0,70,recovery,188
3.337759564648676,919,0,63,18,0,0,0,71,infection,236
3.345626633766638,918,0,64,18,0,0,0,72,infection,137
3.3615827036769383,917,0,65,18,0,0,0,73,infection,387
3.3669481917016606,916,0,66,18,0,0,0,74,infection,635
3.376751722283169,916,0,65,19,0,0,0,74,recovery,215
3.3838246497278797,915,0,66,19,0,0,0,75,infection,903
3.404634663594539,914,0,67,19,0,0,0,76,infection,591
3.4079053218835016,914,0,66,20,0,0,0,76,recovery,64
3.4140396688652577,913,0,67,20,0,0,0,77,infection,403
3.443584711101977,913,0,66,21,0,0,0,77,recovery,94
3.463636652715201,912,0,67,21,0,0,0,78,infection,555
3.473249681513217,912,0,66,22,0,0,0,78,recovery,591
3.4774697262104897,911,0,67,22,0,0,0,79,infection,786
3.4788345885557543,910,0,68,22,0,0,0,80,infection,269
3.484880905238756,909,0,69,22,0,0,0,81,infection,806
3.520353977857133,909,0,68,23,0,0,0,81,recovery,910
3.5407332377717284,909,0,67,24,0,0,0,81,recovery,769
3.543174265037055,908,0,68,24,0,0,0,82,infection,723
3.6098382564507707,907,0,69,24,0,0,0,83,infection,728
3.61278112699315,906,0,70,24,0,0,0,84,infection,154
3.6161542628503267,905,0,71,24,0,0,0,85,infection,937
3.633457819040786,904,0,72,24,0,0,0,86,infection,932
3.6457973026703803,903,0,73,24,0,0,0,87,infection,950
3.6471988312421995,902,0,74,24,0,0,0,88,infection,430
3.6561570646328025,901,0,75,24,0,0,0,89,infection,855
3.6583017866242957,901,0,74,25,0,0,0,89,recovery,316
3.6592887493309205,901,0,73,26,0,0,0,89,recovery,550
3.6598113886604864,900,0,74,26,0,0,0,90,infection,938
3.666324313252226,900,0,73,27,0,0,0,90,recovery,766
3.675128437335881,900,0,72,28,0,0,0,90,recovery,15
3.678424173000861,900,0,71,29,0,0,0,90,recovery,100
3.6953067675951123,899,0,72,29,0,0,0,91,infection,558
3.730269728368664,899,0,71,30,0,0,0,91,recovery,815
3.7323758964742924,899,0,70,31,0,0,0,91,recovery,937
3.741477613596209,898,0,71,31,0,0,0,92,infection,869
3.7422286319469973,897,0,72,31,0,0,0,93,infection,763
3.7572483766072,896,0,73,31,0,0,0,94,infection,673
3.768673416449037,895,0,74,31,0,0,0,95,infection,445
3.7838703187978298,894,0,75,31,0,0,0,96,infection,972
3.792031848909305,893,0,76,31,0,0,0,97,infection,924
3.818063615639877,892,0,77,31,0,0,0,98,infection,809
3.834889414222937,892,0,76,32,0,0,0,98,recovery,995
3.876350756653116,891,0,77,32,0,0,0,99,infection,12
3.8779189396218428,890,0,78,32,0,0,0,100,infection,817
3.8831650349347235,889,0,79,32,0,0,0,101,infection,634
3.892630703039124,889,0,78,33,0,0,0,101,recovery,555
3.8985735966291184,888,0,79,33,0,0,0,102,infection,187
3.9212883644822503,887,0,80,33,0,0,0,103,infection,866
3.925594525724297,886,0,81,33,0,0,0,104,infection,530
3.9388477638481856,885,0,82,33,0,0,0,105,infection,661
3.944752823463282,884,0,83,33,0,0,0,106,infection,531
3.9467266324189065,883,0,84,33,0,0,0,107,infection,49
3.9627357386500304,883,0,83,34,0,0,0,107,recovery,662
3.9726185630032242,882,0,84,34,0,0,0,108,infection,773
3.983268086590216,881,0,85,34,0,0,0,109,infection,299
3.9865218382708125,881,0,84,35,0,0,0,109,recovery,479
4.00436415248517,881,0,83,36,0,0,0,109,recovery,269
4.056567491407145,880,0,84,36,0,0,0,110,infection,207
4.064783097930189,879,0,85,36,0,0,0,111,infection,984
4.079025211966734,878,0,86,36,0,0,0,112,infection,165
4.086199846993836,877,0,87,36,0,0,0,113,infection,620
4.094744846271692,876,0,88,36,0,0,0,114,infection,784
4.118351496437157,876,0,87,37,0,0,0,114,recovery,121
4.121325709254509,875,0,88,37,0,0,0,115,infection,761
4.127872642647917,875,0,87,38,0,0,0,115,recovery,998
4.130286265592579,874,0,88,38,0,0,0,116,infection,6
4.143586436367417,873,0,89,38,0,0,0,117,infection,255
4.186815169312879,872,0,90,38,0,0,0,118,infection,182
4.199843056186015,871,0,91,38,0,0,0,119,infection,844
4.210239933293103,870,0,92,38,0,0,0,120,infection,743
4.259642754461235,869,0,93,38,0,0,0,121,infection,406
4.262159089623307,868,0,94,38,0,0,0,122,infection,97
4.264312158318462,867,0,95,38,0,0,0,123,infection,174
4.272913594926821,866,0,96,38,0,0,0,124,infection,70
4.277536622564715,865,0,97,38,0,0,0,125,infection,608
4.309216850490404,865,0,96,39,0,0,0,125,recovery,853
4.347301732595085,865,0,95,40,0,0,0,125,recovery,435
4.360245977155332,864,0,96,40,0,0,0,126,infection,453
4.368616588072359,864,0,95,41,0,0,0,126,recovery,997
4.411929188209422,863,0,96,41,0,0,0,127,infection,248
4.415717926004104,863,0,95,42,0,0,0,127,recovery,531
4.42261782670584,862,0,96,42,0,0,0,128,infection,152
4.442181624779434,861,0,97,42,0,0,0,129,infection,920
4.4514130196014445,860,0,98,42,0,0,0,130,infection,196
4.454904745612413,860,0,97,43,0,0,0,130,recovery,261
4.461254384939266,860,0,96,44,0,0,0,130,recovery,786
4.487431060257249,859,0,97,44,0,0,0,131,infection,515
4.4920257080510755,859,0,96,45,0,0,0,131,recovery,629
4.492874397123481,858,0,97,45,0,0,0,132,infection,779
4.495502533322266,858,0,96,46,0,0,0,132,recovery,761
4.504457361691853,857,0,97,46,0,0,0,133,infection,716
4.506592188901648,856,0,98,46,0,0,0,134,infection,521
4.5070459051663,855,0,99,46,0,0,0,135,infection,645
4.570193497287157,854,0,100,46,0,0,0,136,infection,850
4.593574815521331,854,0,99,47,0,0,0,136,recovery,888
4.599788351615322,854,0,98,48,0,0,0,136,recovery,805
4.608628327807925,853,0,99,48,0,0,0,137,infection,886
4.615287141245011,852,0,100,48,0,0,0,138,infection,564
4.616447388837257,851,0,101,48,0,0,0,139,infection,711
4.618224107977508,850,0,102,48,0,0,0,140,infection,626
4.619748418039197,849,0,103,48,0,0,0,141,infection,349
4.620749615923607,848,0,104,48,0,0,0,142,infection,276
4.631487864936221,847,0,105,48,0,0,0,143,infection,820
4.639547779843636,846,0,106,48,0,0,0,144,infection,563
4.652557069405181,846,0,105,49,0,0,0,144,recovery,782
4.699579723478917,845,0,106,49,0,0,0,145,infection,502
4.703052715446988,845,0,105,50,0,0,0,145,recovery,182
4.732999960971295,844,0,106,50,0,0,0,146,infection,733
4.738736689453051,843,0,107,50,0,0,0,147,infection,427
4.746798107651727,842,0,108,50,0,0,0,148,infection,865
4.7485691402963655,841,0,109,50,0,0,0,149,infection,913
4.761948074857839,841,0,108,51,0,0,0,149,recovery,673
4.762489188017342,840,0,109,51,0,0,0,150,infection,242
4.763094854839376,839,0,110,51,0,0,0,151,infection,843
4.790434076776973,838,0,111,51,0,0,0,152,infection,30
4.7918454218959905,838,0,110,52,0,0,0,152,recovery,70
4.798302729306814,838,0,109,53,0,0,0,152,recovery,631
4.7994658166691,837,0,110,53,0,0,0,153,infection,251
4.799771297713945,837,0,109,54,0,0,0,153,recovery,822
4.820741415627104,836,0,110,54,0,0,0,154,infection,921
4.822641943851123,835,0,111,54,0,0,0,155,infection,505
4.8502729429211895,834,0,112,54,0,0,0,156,infection,942
4.855285180428977,833,0,113,54,0,0,0,157,infection,90
4.8657421369432585,832,0,114,54,0,0,0,158,infection,489
4.892708434629911,832,0,113,55,0,0,0,158,recovery,806
4.900727644307985,831,0,114,55,0,0,0,159,infection,338
4.92394615129525,830,0,115,55,0,0,0,160,infection,541
4.973262530096856,829,0,116,55,0,0,0,161,infection,79
4.978952624402695,828,0,117,55,0,0,0,162,infection,209
4.990518298221839,827,0,118,55,0,0,0,163,infection,623
4.993447289716406,826,0,119,55,0,0,0,164,infection,156
4.995539999605617,825,0,120,55,0,0,0,165,infection,742
5.008057341898954,825,0,119,56,0,0,0,165,recovery,166
5.019535468626467,824,0,120,56,0,0,0,166,infection,481
5.020516816737047,823,0,121,56,0,0,0,167,infection,40
5.022042622072552,822,0,122,56,0,0,0,168,infection,344
5.032733832464361,821,0,123,56,0,0,0,169,infection,231
5.046147491446578,820,0,124,56,0,0,0,170,infection,909
5.050645038101462,819,0,125,56,0,0,0,171,infection,962
5.053710266646354,818,0,126,56,0,0,0,172,infection,275
5.055192614981223,817,0,127,56,0,0,0,173,infection,418
5.059502925163449,817,0,126,57,0,0,0,173,recovery,938
5.060586674193212,816,0,127,57,0,0,0,174,infection,85
5.061218668958153,816,0,126,58,0,0,0,174,recovery,12
5.071894198432412,815,0,127,58,0,0,0,175,infection,371
5.110951402767791,814,0,128,58,0,0,0,176,infection,794
5.123303620072221,813,0,129,58,0,0,0,177,infection,503
5.12365049728815,813,0,128,59,0,0,0,177,recovery,187
5.156208718403835,812,0,129,59,0,0,0,178,infection,810
5.15893750331817,811,0,130,59,0,0,0,179,infection,968
5.159737778185087,811,0,129,60,0,0,0,179,recovery,196
5.194109186441101,810,0,130,60,0,0,0,180,infection,750
5.203056760169474,809,0,131,60,0,0,0,181,infection,922
5.211691930601006,808,0,132,60,0,0,0,182,infection,249
5.225778246284126,808,0,131,61,0,0,0,182,recovery,260
5.24595524044865,807,0,132,61,0,0,0,183,infection,470
5.253788854100504,806,0,133,61,0,0,0,184,infection,364
5.257029807991717,805,0,134,61,0,0,0,185,infection,721
5.264543133895813,805,0,133,62,0,0,0,185,recovery,451
5.2715800234989265,805,0,132,63,0,0,0,185,recovery,470
5.276327798860338,805,0,131,64,0,0,0,185,recovery,344
5.293361459607815,804,0,132,64,0,0,0,186,infection,976
5.301896899831831,804,0,131,65,0,0,0,186,recovery,661
5.311315402513667,803,0,132,65,0,0,0,187,infection,627
5.330506691306004,803,0,131,66,0,0,0,187,recovery,541
5.345666729937674,803,0,130,67,0,0,0,187,recovery,843
5.3507287932302,802,0,131,67,0,0,0,188,infection,321
5.351279379181959,801,0,132,67,0,0,0,189,infection,31
5.360871282653789,800,0,133,67,0,0,0,190,infection,27
5.363546511526206,799,0,134,67,0,0,0,191,infection,707
5.372717394486656,798,0,135,67,0,0,0,192,infection,726
5.395117733932183,797,0,136,67,0,0,0,193,infection,173
5.401431647488688,796,0,137,67,0,0,0,194,infection,178
5.405915127734973,796,0,136,68,0,0,0,194,recovery,275
5.406200009514192,795,0,137,68,0,0,0,195,infection,536
5.412226134059021,795,0,136,69,0,0,0,195,recovery,503
5.416939223035311,794,0,137,69,0,0,0,196,infection,265
5.420741920482204,793,0,138,69,0,0,0,197,infection,304
5.431965515468285,792,0,139,69,0,0,0,198,infection,460
5.436893585582426,791,0,140,69,0,0,0,199,infection,256
5.45486045397855,791,0,139,70,0,0,0,199,recovery,163
5.457035085462219,791,0,138,71,0,0,0,199,recovery,430
5.461849823069695,790,0,139,71,0,0,0,200,infection,410
5.469391909944397,789,0,140,71,0,0,0,201,infection,767
5.485268493578678,788,0,141,71,0,0,0,202,infection,907
5.48651831128312,787,0,142,71,0,0,0,203,infection,267
5.48791503082543,787,0,141,72,0,0,0,203,recovery,445
5.491086499460678,786,0,142,72,0,0,0,204,infection,683
5.503667456273224,785,0,143,72,0,0,0,205,infection,475
5.519045438992134,784,0,144,72,0,0,0,206,infection,691
5.5286040259470335,784,0,143,73,0,0,0,206,recovery,909
5.532317061018442,783,0,144,73,0,0,0,207,infection,740
5.5332081151077945,782,0,145,73,0,0,0,208,infection,459
5.533705378690694,782,0,144,74,0,0,0,208,recovery,515
5.533783636492841,781,0,145,74,0,0,0,209,infection,29
5.543676971469971,780,0,146,74,0,0,0,210,infection,696
5.552464935424823,779,0,147,74,0,0,0,211,infection,60
5.5591060336297655,778,0,148,74,0,0,0,212,infection,825
5.57136771583226,778,0,147,75,0,0,0,212,recovery,869
5.58398193999719,777,0,148,75,0,0,0,213,infection,652
5.5913858349791985,776,0,149,75,0,0,0,214,infection,500
5.607200605214921,775,0,150,75,0,0,0,215,infection,105
5.616659405517639,774,0,151,75,0,0,0,216,infection,169
5.620648371279157,773,0,152,75,0,0,0,217,infection,649
5.623547381636455,772,0,153,75,0,0,0,218,infection,965
5.623800301823048,772,0,152,76,0,0,0,218,recovery,286
5.624463707022669,772,0,151,77,0,0,0,218,recovery,634
5.6245424303753735,771,0,152,77,0,0,0,219,infection,946
5.62758240411993,770,0,153,77,0,0,0,220,infection,873
5.628062897162568,770,0,152,78,0,0,0,220,recovery,173
5.631854847062216,770,0,151,79,0,0,0,220,recovery,97
5.632183697312192,769,0,152,79,0,0,0,221,infection,615
5.635289395640712,768,0,153,79,0,0,0,222,infection,283
5.645060921636574,767,0,154,79,0,0,0,223,infection,586
5.648492072397811,766,0,155,79,0,0,0,224,infection,657
5.6497349663493726,765,0,156,79,0,0,0,225,infection,584
5.653645629256411,764,0,157,79,0,0,0,226,infection,971
5.681524613682185,764,0,156,80,0,0,0,226,recovery,231
5.687495861829571,764,0,155,81,0,0,0,226,recovery,844
5.69443506902852,764,0,154,82,0,0,0,226,recovery,779
5.704523736548831,763,0,155,82,0,0,0,227,infection,292
5.706166751871196,762,0,156,82,0,0,0,228,infection,330
5.712568626118276,762,0,155,83,0,0,0,228,recovery,750
5.723225950191616,761,0,156,83,0,0,0,229,infection,833
5.727975042170576,760,0,157,83,0,0,0,230,infection,95
5.749421025584763,759,0,158,83,0,0,0,231,infection,969
5.754433509135537,758,0,159,83,0,0,0,232,infection,484
5.756577663102293,758,0,158,84,0,0,0,232,recovery,886
5.769915831628164,758,0,157,85,0,0,0,232,recovery,971
5.772190366495118,757,0,158,85,0,0,0,233,infection,122
5.78952450593269,756,0,159,85,0,0,0,234,infection,488
5.797393348929925,756,0,158,86,0,0,0,234,recovery,85
5.801567000788757,755,0,159,86,0,0,0,235,infection,200
5.810458879536072,754,0,160,86,0,0,0,236,infection,777
5.832318919501542,753,0,161,86,0,0,0,237,infection,183
5.833861374763001,752,0,162,86,0,0,0,238,infection,708
5.839278189232653,751,0,163,86,0,0,0,239,infection,62
5.842984124451939,751,0,162,87,0,0,0,239,recovery,763
5.847692416904579,751,0,161,88,0,0,0,239,recovery,749
5.8576159565764065,750,0,162,88,0,0,0,240,infection,545
5.865428859143338,749,0,163,88,0,0,0,241,infection,246
5.873344046802234,749,0,162,89,0,0,0,241,recovery,40
5.875348059008095,748,0,163,89,0,0,0,242,infection,478
5.879970956739469,747,0,164,89,0,0,0,243,infection,277
5.882400916611758,746,0,165,89,0,0,0,244,infection,821
5.88709668501454,746,0,164,90,0,0,0,244,recovery,60
5.888442582791542,745,0,165,90,0,0,0,245,infection,856
5.891949200233247,745,0,164,91,0,0,0,245,recovery,565
5.899708526350387,745,0,163,92,0,0,0,245,recovery,922
5.903234744104494,744,0,164,92,0,0,0,246,infection,819
5.905818998022225,743,0,165,92,0,0,0,247,infection,336
5.9169142806123345,743,0,164,93,0,0,0,247,recovery,481
5.922733256744267,742,0,165,93,0,0,0,248,infection,894
5.932717266756866,741,0,166,93,0,0,0,249,infection,789
5.942928640821668,740,0,167,93,0,0,0,250,infection,149
5.948514730468873,740,0,166,94,0,0,0,250,recovery,105
5.952774571439926,739,0,167,94,0,0,0,251,infection,225
5.957647760260316,738,0,168,94,0,0,0,252,infection,647
5.980330467408707,737,0,169,94,0,0,0,253,infection,848
5.98076647332305,736,0,170,94,0,0,0,254,infection,217
5.9823585630834915,735,0,171,94,0,0,0,255,infection,433
5.993956360713123,734,0,172,94,0,0,0,256,infection,239
5.994803913248108,733,0,173,94,0,0,0,257,infection,45
6.00447782843464,732,0,174,94,0,0,0,258,infection,332
6.009554837922961,731,0,175,94,0,0,0,259,infection,201
6.035989611319136,730,0,176,94,0,0,0,260,infection,112
6.045191079178311,729,0,177,94,0,0,0,261,infection,262
6.045975444692142,728,0,178,94,0,0,0,262,infection,342
6.0575551830096845,728,0,177,95,0,0,0,262,recovery,932
6.062309404729405,727,0,178,95,0,0,0,263,infection,893
6.066266467603105,727,0,177,96,0,0,0,263,recovery,623
6.076563090897852,726,0,178,96,0,0,0,264,infection,871
6.098206975197186,725,0,179,96,0,0,0,265,infection,540
6.099069288209401,724,0,180,96,0,0,0,266,infection,310
6.107496371385886,724,0,179,97,0,0,0,266,recovery,721
6.114747043954733,724,0,178,98,0,0,0,266,recovery,894
6.114944144233785,723,0,179,98,0,0,0,267,infection,279
6.117927785569682,723,0,178,99,0,0,0,267,recovery,645
6.123650123633504,723,0,177,100,0,0,0,267,recovery,406
6.128859283917324,723,0,176,101,0,0,0,267,recovery,848
6.136741141125198,722,0,177,101,0,0,0,268,infection,329
6.1393063447260285,721,0,178,101,0,0,0,269,infection,151
6.157196223312476,721,0,177,102,0,0,0,269,recovery,871
6.166459778302888,720,0,178,102,0,0,0,270,infection,108
6.17828367332377,719,0,179,102,0,0,0,271,infection,877
6.179950214818562,718,0,180,102,0,0,0,272,infection,311
6.18327476915705,717,0,181,102,0,0,0,273,infection,23
6.22248149185025,717,0,180,103,0,0,0,273,recovery,112
6.232710669173251,717,0,179,104,0,0,0,273,recovery,740
6.248370518701485,717,0,178,105,0,0,0,273,recovery,459
6.253439870527265,717,0,177,106,0,0,0,273,recovery,521
6.2588411890616,716,0,178,106,0,0,0,274,infection,285
6.260118083229767,716,0,177,107,0,0,0,274,recovery,283
6.265266899046817,716,0,176,108,0,0,0,274,recovery,647
6.265537788022037,716,0,175,109,0,0,0,274,recovery,626
6.275809611675572,716,0,174,110,0,0,0,274,recovery,708
6.297201179985749,715,0,175,110,0,0,0,275,infection,679
6.2984643551229125,715,0,174,111,0,0,0,275,recovery,789
6.298486772608129,714,0,175,111,0,0,0,276,infection,553
6.32985923683365,713,0,176,111,0,0,0,277,infection,967
6.330312989283193,713,0,175,112,0,0,0,277,recovery,239
6.34393093408218,713,0,174,113,0,0,0,277,recovery,304
6.346923670020401,712,0,175,113,0,0,0,278,infection,698
6.355699211347703,711,0,176,113,0,0,0,279,infection,507
6.369819449642912,710,0,177,113,0,0,0,280,infection,780
6.372386316833226,709,0,178,113,0,0,0,281,infection,390
6.372928080641316,708,0,179,113,0,0,0,282,infection,875
6.38717523994116,707,0,180,113,0,0,0,283,infection,52
6.390514424990002,707,0,179,114,0,0,0,283,recovery,76
6.396154149078309,706,0,180,114,0,0,0,284,infection,926
6.422115053704066,705,0,181,114,0,0,0,285,infection,630
6.444149328121298,704,0,182,114,0,0,0,286,infection,407
6.450507828309456,703,0,183,114,0,0,0,287,infection,216
6.463763843261079,702,0,184,114,0,0,0,288,infection,20
6.464596091135942,701,0,185,114,0,0,0,289,infection,250
6.468304786394749,700,0,186,114,0,0,0,290,infection,889
6.475498786700352,700,0,185,115,0,0,0,290,recovery,299
6.4765724585641085,700,0,184,116,0,0,0,290,recovery,242
6.495013801636488,699,0,185,116,0,0,0,291,infection,607
6.502138309493275,699,0,184,117,0,0,0,291,recovery,251
6.50325139748145,698,0,185,117,0,0,0,292,infection,363
6.504975570966277,697,0,186,117,0,0,0,293,infection,72
6.509640830952527,696,0,187,117,0,0,0,294,infection,282
6.51122255915291,696,0,186,118,0,0,0,294,recovery,1000
6.5144028582250275,696,0,185,119,0,0,0,294,recovery,965
6.520779971909765,695,0,186,119,0,0,0,295,infection,710
6.528835493514327,694,0,187,119,0,0,0,296,infection,150
6.531027576467054,693,0,188,119,0,0,0,297,infection,689
6.534206612116842,692,0,189,119,0,0,0,298,infection,428
6.538314170435415,692,0,188,120,0,0,0,298,recovery,999
6.552432951282876,692,0,187,121,0,0,0,298,recovery,903
6.5575652553622055,691,0,188,121,0,0,0,299,infection,704
6.56680431413668,690,0,189,121,0,0,0,300,infection,138
6.57984604661753,689,0,190,121,0,0,0,301,infection,298
6.597558701296325,689,0,189,122,0,0,0,301,recovery,996
6.599794057021444,689,0,188,123,0,0,0,301,recovery,913
6.610428605821449,688,0,189,123,0,0,0,302,infection,490
6.619667965582554,687,0,190,123,0,0,0,303,infection,576
6.619804488435539,687,0,189,124,0,0,0,303,recovery,410
6.627187138864157,686,0,190,124,0,0,0,304,infection,194
6.632495415295727,686,0,189,125,0,0,0,304,recovery,438
6.6376332503159166,686,0,188,126,0,0,0,304,recovery,45
6.6455923734525415,686,0,187,127,0,0,0,304,recovery,490
6.645878805345509,685,0,188,127,0,0,0,305,infection,11
6.648602608006776,684,0,189,127,0,0,0,306,infection,296
6.656176914822332,684,0,188,128,0,0,0,306,recovery,178
6.657778978744714,684,0,187,129,0,0,0,306,recovery,767
6.663811327130431,683,0,188,129,0,0,0,307,infection,725
6.665054593090777,682,0,189,129,0,0,0,308,infection,307
6.674828973844954,681,0,190,129,0,0,0,309,infection,131
6.681500011076568,681,0,189,130,0,0,0,309,recovery,984
6.683289999395502,681,0,188,131,0,0,0,309,recovery,137
6.6860271577611865,680,0,189,131,0,0,0,310,infection,799
6.688356576653215,680,0,188,132,0,0,0,310,recovery,689
6.699108257221183,680,0,187,133,0,0,0,310,recovery,532
6.703400046065996,679,0,188,133,0,0,0,311,infection,826
6.703518122441122,678,0,189,133,0,0,0,312,infection,119
6.7170330864045855,678,0,188,134,0,0,0,312,recovery,540
6.725050153200148,677,0,189,134,0,0,0,313,infection,496
6.72778242884716,676,0,190,134,0,0,0,314,infection,38
6.730804874358257,676,0,189,135,0,0,0,314,recovery,969
6.736530783664819,675,0,190,135,0,0,0,315,infection,272
6.739572812759264,675,0,189,136,0,0,0,315,recovery,826
6.740579325245431,675,0,188,137,0,0,0,315,recovery,530
6.755222018590104,674,0,189,137,0,0,0,316,infection,881
6.755423655295193,674,0,188,138,0,0,0,316,recovery,150
6.760919599240535,673,0,189,138,0,0,0,317,infection,556
6.762631567497871,672,0,190,138,0,0,0,318,infection,562
6.764129403036498,672,0,189,139,0,0,0,318,recovery,26
6.774527710099408,672,0,188,140,0,0,0,318,recovery,428
6.780501757897782,671,0,189,140,0,0,0,319,infection,905
6.8011165392804305,671,0,188,141,0,0,0,319,recovery,126
6.802036327748279,670,0,189,141,0,0,0,320,infection,659
6.8196411766059555,669,0,190,141,0,0,0,321,infection,223
6.8290174124693745,668,0,191,141,0,0,0,322,infection,613
6.833624000705901,667,0,192,141,0,0,0,323,infection,719
6.838679257502002,666,0,193,141,0,0,0,324,infection,979
6.84254565051596,665,0,194,141,0,0,0,325,infection,655
6.847609475554268,664,0,195,141,0,0,0,326,infection,386
6.848217700589,663,0,196,141,0,0,0,327,infection,846
6.850289957787551,662,0,197,141,0,0,0,328,infection,818
6.855549009299129,661,0,198,141,0,0,0,329,infection,573
6.858377195396587,660,0,199,141,0,0,0,330,infection,511
6.866867063997791,659,0,200,141,0,0,0,331,infection,665
6.873734850214763,658,0,201,141,0,0,0,332,infection,857
6.927569685677481,658,0,200,142,0,0,0,332,recovery,321
6.927730626360251,658,0,199,143,0,0,0,332,recovery,460
6.932673698527143,657,0,200,143,0,0,0,333,infection,864
6.935084259898795,657,0,199,144,0,0,0,333,recovery,850
6.936493376301583,656,0,200,144,0,0,0,334,infection,325
6.938049210069886,655,0,201,144,0,0,0,335,infection,463
6.952932795194529,655,0,200,145,0,0,0,335,recovery,329
6.953649786566922,654,0,201,145,0,0,0,336,infection,170
6.954479187545212,654,0,200,146,0,0,0,336,recovery,277
6.964498293217294,654,0,199,147,0,0,0,336,recovery,250
6.966034054277461,653,0,200,147,0,0,0,337,infection,512
6.967265918794093,653,0,199,148,0,0,0,337,recovery,809
6.967989592483579,652,0,200,148,0,0,0,338,infection,247
6.970359355919036,651,0,201,148,0,0,0,339,infection,870
6.973517868321214,651,0,200,149,0,0,0,339,recovery,825
6.97989187146299,650,0,201,149,0,0,0,340,infection,904
6.992959784482969,649,0,202,149,0,0,0,341,infection,618
7.0031976849523,648,0,203,149,0,0,0,342,infection,987
7.004114328494518,648,0,202,150,0,0,0,342,recovery,652
7.013925953200685,647,0,203,150,0,0,0,343,infection,774
7.0272398258498505,646,0,204,150,0,0,0,344,infection,224
7.027394824578196,645,0,205,150,0,0,0,345,infection,84
7.028199926755848,645,0,204,151,0,0,0,345,recovery,833
7.03512368931967,645,0,203,152,0,0,0,345,recovery,950
7.0372290104317425,645,0,202,153,0,0,0,345,recovery,607
7.041424205709437,644,0,203,153,0,0,0,346,infection,306
7.042979843221916,644,0,202,154,0,0,0,346,recovery,84
7.051937012136305,643,0,203,154,0,0,0,347,infection,552
7.060710949426965,643,0,202,155,0,0,0,347,recovery,881
7.060774376218952,642,0,203,155,0,0,0,348,infection,628
7.064110049902067,641,0,204,155,0,0,0,349,infection,737
7.064904119360183,640,0,205,155,0,0,0,350,infection,693
7.075577556883635,639,0,206,155,0,0,0,351,infection,348
7.075613697855566,638,0,207,155,0,0,0,352,infection,186
7.084926247391308,637,0,208,155,0,0,0,353,infection,370
7.088793921714181,636,0,209,155,0,0,0,354,infection,145
7.0893642869965685,636,0,208,156,0,0,0,354,recovery,209
7.119386710373414,635,0,209,156,0,0,0,355,infection,213
7.119640781703087,634,0,210,156,0,0,0,356,infection,954
7.124950911962276,633,0,211,156,0,0,0,357,infection,611
7.131010647063894,632,0,212,156,0,0,0,358,infection,268
7.138341496396615,631,0,213,156,0,0,0,359,infection,834
7.141798285079936,631,0,212,157,0,0,0,359,recovery,573
7.149718611101483,630,0,213,157,0,0,0,360,infection,219
7.151113816701816,630,0,212,158,0,0,0,360,recovery,877
7.161365814915377,630,0,211,159,0,0,0,360,recovery,191
7.161458202451747,629,0,212,159,0,0,0,361,infection,476
7.16164940253426,628,0,213,159,0,0,0,362,infection,273
7.164264087271296,628,0,212,160,0,0,0,362,recovery,698
7.166816488819071,627,0,213,160,0,0,0,363,infection,339
7.168455428805146,627,0,212,161,0,0,0,363,recovery,418
7.170317249220273,626,0,213,161,0,0,0,364,infection,206
7.172458884994029,625,0,214,161,0,0,0,365,infection,812
7.182557895018323,624,0,215,161,0,0,0,366,infection,140
7.19223757887201,623,0,216,161,0,0,0,367,infection,193
7.197131534924779,623,0,215,162,0,0,0,367,recovery,846
7.202083197425052,622,0,216,162,0,0,0,368,infection,42
7.206224408997128,622,0,215,163,0,0,0,368,recovery,533
7.213999201325817,621,0,216,163,0,0,0,369,infection,581
7.214148402716041,620,0,217,163,0,0,0,370,infection,860
7.219507247934837,619,0,218,163,0,0,0,371,infection,656
7.222003055971805,619,0,217,164,0,0,0,371,recovery,279
7.22589648026974,618,0,218,164,0,0,0,372,infection,677
7.235219255525678,617,0,219,164,0,0,0,373,infection,359
7.243035251676977,616,0,220,164,0,0,0,374,infection,868
7.246630291365924,616,0,219,165,0,0,0,374,recovery,733
7.2523187591626534,616,0,218,166,0,0,0,374,recovery,349
7.254514406512984,616,0,217,167,0,0,0,374,recovery,433
7.268376139630968,615,0,218,167,0,0,0,375,infection,266
7.281234362753782,614,0,219,167,0,0,0,376,infection,227
7.290050718147052,614,0,218,168,0,0,0,376,recovery,635
7.304458035981902,614,0,217,169,0,0,0,376,recovery,512
7.314363774494444,614,0,216,170,0,0,0,376,recovery,339
7.315005135898909,614,0,215,171,0,0,0,376,recovery,615
7.326973748280132,614,0,214,172,0,0,0,376,recovery,370
7.328862253025308,613,0,215,172,0,0,0,377,infection,230
7.330011104184124,612,0,216,172,0,0,0,378,infection,964
7.3319913812032045,611,0,217,172,0,0,0,379,infection,5
7.339183762608891,610,0,218,172,0,0,0,380,infection,361
7.340288541851947,610,0,217,173,0,0,0,380,recovery,248
7.344629362006182,609,0,218,173,0,0,0,381,infection,107
7.355922608719988,609,0,217,174,0,0,0,381,recovery,656
7.356909408021899,609,0,216,175,0,0,0,381,recovery,926
7.364460396190211,609,0,215,176,0,0,0,381,recovery,704
7.375817863201832,608,0,216,176,0,0,0,382,infection,294
7.378862117423841,607,0,217,176,0,0,0,383,infection,494
7.398971423269419,606,0,218,176,0,0,0,384,infection,218
7.412503885668958,606,0,217,177,0,0,0,384,recovery,556
7.4141408499168495,605,0,218,177,0,0,0,385,infection,801
7.415369179911051,604,0,219,177,0,0,0,386,infection,385
7.416081586498961,604,0,218,178,0,0,0,386,recovery,119
7.419115784163496,603,0,219,178,0,0,0,387,infection,622
7.42199743965715,602,0,220,178,0,0,0,388,infection,970
7.423615554407855,602,0,219,179,0,0,0,388,recovery,29
7.427708381684278,601,0,220,179,0,0,0,389,infection,593
7.438339781228889,601,0,219,180,0,0,0,389,recovery,200
7.445550344090666,600,0,220,180,0,0,0,390,infection,81
7.459616079032877,599,0,221,180,0,0,0,391,infection,109
7.459949723860296,598,0,222,180,0,0,0,392,infection,434
7.461819171511462,597,0,223,180,0,0,0,393,infection,641
7.466591799387926,596,0,224,180,0,0,0,394,infection,432
7.470151942636412,595,0,225,180,0,0,0,395,infection,180
7.473439231731293,594,0,226,180,0,0,0,396,infection,933
7.491817286445515,593,0,227,180,0,0,0,397,infection,221
7.495211394651347,592,0,228,180,0,0,0,398,infection,198
7.502588815834213,591,0,229,180,0,0,0,399,infection,419
7.51511177809263,590,0,230,180,0,0,0,400,infection,226
7.519819455162372,589,0,231,180,0,0,0,401,infection,77
7.521031476093082,589,0,230,181,0,0,0,401,recovery,821
7.522961093566662,589,0,229,182,0,0,0,401,recovery,296
7.525166003433935,588,0,230,182,0,0,0,402,infection,68
7.539896073597928,588,0,229,183,0,0,0,402,recovery,691
7.546648977492667,587,0,230,183,0,0,0,403,infection,614
7.562667046897846,586,0,231,183,0,0,0,404,infection,164
7.577764241565517,585,0,232,183,0,0,0,405,infection,422
7.58129698523475,584,0,233,183,0,0,0,406,infection,160
7.582060450531787,584,0,232,184,0,0,0,406,recovery,390
7.582121193014414,584,0,231,185,0,0,0,406,recovery,799
7.584002229345767,584,0,230,186,0,0,0,406,recovery,576
7.595650992488066,584,0,229,187,0,0,0,406,recovery,175
7.6020821381464945,583,0,230,187,0,0,0,407,infection,204
7.613300643126252,583,0,229,188,0,0,0,407,recovery,812
7.614830063873871,582,0,230,188,0,0,0,408,infection,650
7.620269036150214,582,0,229,189,0,0,0,408,recovery,140
7.625085198387906,581,0,230,189,0,0,0,409,infection,770
7.626362605539057,580,0,231,189,0,0,0,410,infection,389
7.637694269973259,579,0,232,189,0,0,0,411,infection,337
7.646764819692248,578,0,233,189,0,0,0,412,infection,443
7.647724897457055,578,0,232,190,0,0,0,412,recovery,201
7.65338120568258,577,0,233,190,0,0,0,413,infection,384
7.6539361804060135,576,0,234,190,0,0,0,414,infection,13
7.659929345011337,575,0,235,190,0,0,0,415,infection,214
7.669380290005023,574,0,236,190,0,0,0,416,infection,504
7.673434026857689,573,0,237,190,0,0,0,417,infection,153
7.682330361671119,572,0,238,190,0,0,0,418,infection,901
7.692449151498218,571,0,239,190,0,0,0,419,infection,324
7.695781636454112,570,0,240,190,0,0,0,420,infection,537
7.697273068021561,569,0,241,190,0,0,0,421,infection,210
7.703210828953098,569,0,240,191,0,0,0,421,recovery,4
7.707052441429285,568,0,241,191,0,0,0,422,infection,161
7.709854605908718,568,0,240,192,0,0,0,422,recovery,511
7.7119377972685035,567,0,241,192,0,0,0,423,infection,548
7.716683857078435,566,0,242,192,0,0,0,424,infection,787
7.723171609784949,566,0,241,193,0,0,0,424,recovery,659
7.728334559844639,566,0,240,194,0,0,0,424,recovery,463
7.732605007828269,566,0,239,195,0,0,0,424,recovery,972
7.739942908049634,565,0,240,195,0,0,0,425,infection,22
7.753410812363964,565,0,239,196,0,0,0,425,recovery,622
7.7615786167937095,564,0,240,196,0,0,0,426,infection,87
7.772354361059385,563,0,241,196,0,0,0,427,infection,963
7.772626736123093,562,0,242,196,0,0,0,428,infection,522
7.7804373333747705,562,0,241,197,0,0,0,428,recovery,361
7.785819278538607,561,0,242,197,0,0,0,429,infection,257
7.790515264355438,560,0,243,197,0,0,0,430,infection,528
7.794993348921218,559,0,244,197,0,0,0,431,infection,549
7.803174399624679,558,0,245,197,0,0,0,432,infection,368
7.813729992786138,557,0,246,197,0,0,0,433,infection,714
7.817206636820204,556,0,247,197,0,0,0,434,infection,421
7.8261191113417,555,0,248,197,0,0,0,435,infection,222
7.829249884770689,554,0,249,197,0,0,0,436,infection,393
7.83064003137947,553,0,250,197,0,0,0,437,infection,861
7.844264912607646,552,0,251,197,0,0,0,438,infection,358
7.849889953600386,551,0,252,197,0,0,0,439,infection,408
7.852464376733416,550,0,253,197,0,0,0,440,infection,141
7.853823267036939,549,0,254,197,0,0,0,441,infection,643
7.859392429837618,549,0,253,198,0,0,0,441,recovery,13
7.859633501518839,548,0,254,198,0,0,0,442,infection,278
7.862812980157523,547,0,255,198,0,0,0,443,infection,67
7.8657133057932755,547,0,254,199,0,0,0,443,recovery,393
7.868023099895643,547,0,253,200,0,0,0,443,recovery,224
7.883302650607178,546,0,254,200,0,0,0,444,infection,123
7.884753654303653,546,0,253,201,0,0,0,444,recovery,72
7.885528832085032,545,0,254,201,0,0,0,445,infection,982
7.886229704123086,545,0,253,202,0,0,0,445,recovery,266
7.896564241361738,545,0,252,203,0,0,0,445,recovery,777
7.8976766253079145,545,0,251,204,0,0,0,445,recovery,907
7.9000372530769525,544,0,252,204,0,0,0,446,infection,477
7.903230919560576,544,0,251,205,0,0,0,446,recovery,151
7.90592186440972,544,0,250,206,0,0,0,446,recovery,522
7.90817332556466,543,0,251,206,0,0,0,447,infection,524
7.91416134736681,542,0,252,206,0,0,0,448,infection,264
7.91541799602097,542,0,251,207,0,0,0,448,recovery,384
7.933055271941696,541,0,252,207,0,0,0,449,infection,117
7.94847395301128,540,0,253,207,0,0,0,450,infection,71
7.951227550812405,539,0,254,207,0,0,0,451,infection,551
7.953641199290616,538,0,255,207,0,0,0,452,infection,130
7.960427036775437,537,0,256,207,0,0,0,453,infection,199
7.973944732407599,536,0,257,207,0,0,0,454,infection,259
7.976263608869506,535,0,258,207,0,0,0,455,infection,103
7.985748323126082,535,0,257,208,0,0,0,455,recovery,223
7.987713724480815,534,0,258,208,0,0,0,456,infection,940
7.989833822726701,534,0,257,209,0,0,0,456,recovery,268
7.991195686613681,533,0,258,209,0,0,0,457,infection,486
7.992452930501487,532,0,259,209,0,0,0,458,infection,394
7.997120297463508,531,0,260,209,0,0,0,459,infection,534
7.998781773448123,530,0,261,209,0,0,0,460,infection,415
8.009353205040284,529,0,262,209,0,0,0,461,infection,653
8.01731564995273,528,0,263,209,0,0,0,462,infection,751
8.024537318382636,528,0,262,210,0,0,0,462,recovery,348
8.02656100240665,527,0,263,210,0,0,0,463,infection,925
8.044376913023585,526,0,264,210,0,0,0,464,infection,791
8.044700549924995,525,0,265,210,0,0,0,465,infection,914
8.053577086840065,524,0,266,210,0,0,0,466,infection,381
8.05764443438635,524,0,265,211,0,0,0,466,recovery,71
8.058064870219672,524,0,264,212,0,0,0,466,recovery,67
8.071000650309278,523,0,265,212,0,0,0,467,infection,729
8.083390297769107,522,0,266,212,0,0,0,468,infection,185
8.083626711111412,522,0,265,213,0,0,0,468,recovery,548
8.09030622371527,521,0,266,213,0,0,0,469,infection,720
8.10635710751642,521,0,265,214,0,0,0,469,recovery,484
8.111001632987243,520,0,266,214,0,0,0,470,infection,583
8.117418246337495,520,0,265,215,0,0,0,470,recovery,272
8.117763176912087,519,0,266,215,0,0,0,471,infection,190
8.124047134377747,519,0,265,216,0,0,0,471,recovery,149
8.124515711522989,518,0,266,216,0,0,0,472,infection,734
8.124620328282678,517,0,267,216,0,0,0,473,infection,398
8.134220524454198,517,0,266,217,0,0,0,473,recovery,278
8.140018438280846,516,0,267,217,0,0,0,474,infection,816
8.143110525451378,516,0,266,218,0,0,0,474,recovery,683
8.145517596699868,515,0,267,218,0,0,0,475,infection,897
8.14675870400982,514,0,268,218,0,0,0,476,infection,566
8.14906395549249,513,0,269,218,0,0,0,477,infection,606
8.152354765911992,513,0,268,219,0,0,0,477,recovery,81
8.155567523831827,512,0,269,219,0,0,0,478,infection,883
8.15779522938187,511,0,270,219,0,0,0,479,infection,575
8.160028931073814,510,0,271,219,0,0,0,480,infection,616
8.171495276856621,509,0,272,219,0,0,0,481,infection,648
8.174237600787015,508,0,273,219,0,0,0,482,infection,916
8.183137958314918,508,0,272,220,0,0,0,482,recovery,298
8.190468856195558,508,0,271,221,0,0,0,482,recovery,901
8.19367252602232,507,0,272,221,0,0,0,483,infection,413
8.194176387878704,506,0,273,221,0,0,0,484,infection,263
8.195971254427226,506,0,272,222,0,0,0,484,recovery,130
8.20102711490355,506,0,271,223,0,0,0,484,recovery,131
8.201657394714173,505,0,272,223,0,0,0,485,infection,621
8.20555008943981,504,0,273,223,0,0,0,486,infection,360
8.222041437449246,503,0,274,223,0,0,0,487,infection,872
8.224131356714453,502,0,275,223,0,0,0,488,infection,792
8.232151234817753,501,0,276,223,0,0,0,489,infection,83
8.235460692110436,500,0,277,223,0,0,0,490,infection,351
8.238141325981722,499,0,278,223,0,0,0,491,infection,892
8.24429851207276,499,0,277,224,0,0,0,491,recovery,856
8.24452628338959,498,0,278,224,0,0,0,492,infection,452
8.26105252680022,498,0,277,225,0,0,0,492,recovery,109
8.262218590692228,498,0,276,226,0,0,0,492,recovery,967
8.263527220201656,497,0,277,226,0,0,0,493,infection,690
8.272349492967392,497,0,276,227,0,0,0,493,recovery,737
8.275659484322675,497,0,275,228,0,0,0,493,recovery,419
8.27655298887928,497,0,274,229,0,0,0,493,recovery,452
8.287829318066382,497,0,273,230,0,0,0,493,recovery,307
8.301227981633504,497,0,272,231,0,0,0,493,recovery,394
8.303679415427121,497,0,271,232,0,0,0,493,recovery,138
8.305482328585786,496,0,272,232,0,0,0,494,infection,955
8.307915871434654,495,0,273,232,0,0,0,495,infection,75
8.310890970630812,495,0,272,233,0,0,0,495,recovery,204
8.314090431809593,494,0,273,233,0,0,0,496,infection,724
8.317296272425684,493,0,274,233,0,0,0,497,infection,682
8.318905904545048,492,0,275,233,0,0,0,498,infection,171
8.32292048279913,492,0,274,234,0,0,0,498,recovery,650
8.323748915463048,491,0,275,234,0,0,0,499,infection,755
8.333516960187968,491,0,274,235,0,0,0,499,recovery,87
8.348559965760257,491,0,273,236,0,0,0,499,recovery,794
8.352724600329342,491,0,272,237,0,0,0,499,recovery,330
8.355255285907571,490,0,273,237,0,0,0,500,infection,858
8.361004968780506,489,0,274,237,0,0,0,501,infection,823
8.370443123981481,489,0,273,238,0,0,0,501,recovery,682
8.37317644008749,488,0,274,238,0,0,0,502,infection,116
8.383021071486844,487,0,275,238,0,0,0,503,infection,836
8.383458676664983,486,0,276,238,0,0,0,504,infection,396
8.383765931395997,485,0,277,238,0,0,0,505,infection,431
8.384416203956494,485,0,276,239,0,0,0,505,recovery,336
8.386195505779607,485,0,275,240,0,0,0,505,recovery,254
8.394577592996297,484,0,276,240,0,0,0,506,infection,482
8.400985633044868,483,0,277,240,0,0,0,507,infection,849
8.405621932394778,482,0,278,240,0,0,0,508,infection,106
8.414623093734024,481,0,279,240,0,0,0,509,infection,713
8.429375087855874,480,0,280,240,0,0,0,510,infection,547
8.434171611981096,480,0,279,241,0,0,0,510,recovery,618
8.434414115771938,479,0,280,241,0,0,0,511,infection,510
8.438025796032269,478,0,281,241,0,0,0,512,infection,911
8.439543480869064,477,0,282,241,0,0,0,513,infection,731
8.455286690162701,477,0,281,242,0,0,0,513,recovery,621
8.465388658842084,476,0,282,242,0,0,0,514,infection,694
8.465833963710166,475,0,283,242,0,0,0,515,infection,473
8.46878312149008,475,0,282,243,0,0,0,515,recovery,505
8.49098597851688,474,0,283,243,0,0,0,516,infection,890
8.49418333338857,474,0,282,244,0,0,0,516,recovery,285
8.495715653016399,474,0,281,245,0,0,0,516,recovery,143
8.501237083489405,474,0,280,246,0,0,0,516,recovery,820
8.505937526349747,473,0,281,246,0,0,0,517,infection,2
8.51321751115756,472,0,282,246,0,0,0,518,infection,811
8.515551883784628,471,0,283,246,0,0,0,519,infection,667
8.519522865137189,470,0,284,246,0,0,0,520,infection,290
8.521697357318555,470,0,283,247,0,0,0,520,recovery,773
8.548238259246634,469,0,284,247,0,0,0,521,infection,414
8.556483084040298,468,0,285,247,0,0,0,522,infection,327
8.557793644778315,468,0,284,248,0,0,0,522,recovery,194
8.563966754611789,468,0,283,249,0,0,0,522,recovery,249
8.57240806463257,467,0,284,249,0,0,0,523,infection,63
8.584584807912575,466,0,285,249,0,0,0,524,infection,380
8.587889514439471,466,0,284,250,0,0,0,524,recovery,413
8.589227960656999,466,0,283,251,0,0,0,524,recovery,478
8.591301541916563,465,0,284,251,0,0,0,525,infection,208
8.591405891993272,464,0,285,251,0,0,0,526,infection,772
8.601645720339171,463,0,286,251,0,0,0,527,infection,670
8.612560088466426,462,0,287,251,0,0,0,528,infection,885
8.620320692548107,461,0,288,251,0,0,0,529,infection,319
8.621588035556401,460,0,289,251,0,0,0,530,infection,709
8.627125468759715,459,0,290,251,0,0,0,531,infection,506
8.63189096674487,458,0,291,251,0,0,0,532,infection,832
8.645584553729897,457,0,292,251,0,0,0,533,infection,305
8.650330691636947,457,0,291,252,0,0,0,533,recovery,858
8.65550563526256,456,0,292,252,0,0,0,534,infection,624
8.660316910415215,455,0,293,252,0,0,0,535,infection,953
8.660884060953315,455,0,292,253,0,0,0,535,recovery,904
8.668128692298245,454,0,293,253,0,0,0,536,infection,951
8.672254506652495,454,0,292,254,0,0,0,536,recovery,649
8.687916914951579,453,0,293,254,0,0,0,537,infection,544
8.68806574281842,453,0,292,255,0,0,0,537,recovery,333
8.694194183104367,452,0,293,255,0,0,0,538,infection,157
8.699361040648077,452,0,292,256,0,0,0,538,recovery,566
8.699581014474047,451,0,293,256,0,0,0,539,infection,450
8.721304058336962,451,0,292,257,0,0,0,539,recovery,255
8.734913230406276,450,0,293,257,0,0,0,540,infection,388
8.73529659585914,450,0,292,258,0,0,0,540,recovery,861
8.739299212544289,450,0,291,259,0,0,0,540,recovery,247
8.743553736363427,449,0,292,259,0,0,0,541,infection,891
8.744170925491632,448,0,293,259,0,0,0,542,infection,644
8.754404837670991,447,0,294,259,0,0,0,543,infection,447
8.759940194580405,446,0,295,259,0,0,0,544,infection,167
8.769842900008872,445,0,296,259,0,0,0,545,infection,960
8.78089735438033,445,0,295,260,0,0,0,545,recovery,606
8.782204732666512,444,0,296,260,0,0,0,546,infection,391
8.785570991050266,443,0,297,260,0,0,0,547,infection,681
8.793640285851506,443,0,296,261,0,0,0,547,recovery,728
8.797455375209138,442,0,297,261,0,0,0,548,infection,73
8.812218212319127,442,0,296,262,0,0,0,548,recovery,185
8.814552802598664,441,0,297,262,0,0,0,549,infection,578
8.825821914355293,440,0,298,262,0,0,0,550,infection,736
8.835821861507714,439,0,299,262,0,0,0,551,infection,580
8.846136868605054,438,0,300,262,0,0,0,552,infection,802
8.850667994114803,438,0,299,263,0,0,0,552,recovery,359
8.85283823170554,438,0,298,264,0,0,0,552,recovery,206
8.859969637936128,438,0,297,265,0,0,0,552,recovery,183
8.86634095494946,437,0,298,265,0,0,0,553,infection,633
8.869243858408655,437,0,297,266,0,0,0,553,recovery,122
8.877645222335346,437,0,296,267,0,0,0,553,recovery,875
8.883975740949527,436,0,297,267,0,0,0,554,infection,646
8.886423476306526,435,0,298,267,0,0,0,555,infection,134
8.88656496399891,435,0,297,268,0,0,0,555,recovery,116
8.889218745283756,434,0,298,268,0,0,0,556,infection,718
8.892800685598013,433,0,299,268,0,0,0,557,infection,352
8.905125130159831,433,0,298,269,0,0,0,557,recovery,787
8.909494864627842,433,0,297,270,0,0,0,557,recovery,991
8.918472365141605,432,0,298,270,0,0,0,558,infection,417
8.919324416472314,431,0,299,270,0,0,0,559,infection,559
8.920084092436724,431,0,298,271,0,0,0,559,recovery,624
8.925217492582005,430,0,299,271,0,0,0,560,infection,790
8.925793275021213,430,0,298,272,0,0,0,560,recovery,256
8.928725431813193,429,0,299,272,0,0,0,561,infection,458
8.936510627365763,429,0,298,273,0,0,0,561,recovery,473
8.945391281565591,428,0,299,273,0,0,0,562,infection,847
8.955413690227244,428,0,298,274,0,0,0,562,recovery,141
8.957166142035591,428,0,297,275,0,0,0,562,recovery,817
8.95789925607405,427,0,298,275,0,0,0,563,infection,747
8.95807141259529,427,0,297,276,0,0,0,563,recovery,718
8.966889288421148,426,0,298,276,0,0,0,564,infection,906
8.990680170387817,425,0,299,276,0,0,0,565,infection,98
8.99231906847765,424,0,300,276,0,0,0,566,infection,437
8.992518329438077,424,0,299,277,0,0,0,566,recovery,893
8.993249740235878,424,0,298,278,0,0,0,566,recovery,864
8.997426793603298,423,0,299,278,0,0,0,567,infection,568
9.000527181423928,422,0,300,278,0,0,0,568,infection,65
9.010662278152756,422,0,299,279,0,0,0,568,recovery,583
9.030020769887011,421,0,300,279,0,0,0,569,infection,839
9.030780205916985,420,0,301,279,0,0,0,570,infection,135
9.032199307513864,419,0,302,279,0,0,0,571,infection,514
9.033463577116319,418,0,303,279,0,0,0,572,infection,830
9.042002021042617,417,0,304,279,0,0,0,573,infection,874
9.042087994139887,417,0,303,280,0,0,0,573,recovery,351
9.044500402038036,417,0,302,281,0,0,0,573,recovery,551
9.049484335788184,417,0,301,282,0,0,0,573,recovery,161
9.04969611539282,416,0,302,282,0,0,0,574,infection,974
9.05083057868376,415,0,303,282,0,0,0,575,infection,554
9.051307767784271,414,0,304,282,0,0,0,576,infection,637
9.05190105469916,413,0,305,282,0,0,0,577,infection,212
9.056927134700668,412,0,306,282,0,0,0,578,infection,596
9.057760974859661,411,0,307,282,0,0,0,579,infection,796
9.05987787471215,411,0,306,283,0,0,0,579,recovery,665
9.070066864923948,410,0,307,283,0,0,0,580,infection,184
9.07031514242298,410,0,306,284,0,0,0,580,recovery,246
9.070342162494361,409,0,307,284,0,0,0,581,infection,686
9.094952906670859,409,0,306,285,0,0,0,581,recovery,77
9.104016730920737,409,0,305,286,0,0,0,581,recovery,90
9.110845445605127,408,0,306,286,0,0,0,582,infection,465
9.117136383964521,408,0,305,287,0,0,0,582,recovery,594
9.132661983138348,407,0,306,287,0,0,0,583,infection,845
9.136608176379452,406,0,307,287,0,0,0,584,infection,638
9.157836277757099,406,0,306,288,0,0,0,584,recovery,963
9.174950925051208,406,0,305,289,0,0,0,584,recovery,547
9.186391229859597,406,0,304,290,0,0,0,584,recovery,743
9.187292321941804,405,0,305,290,0,0,0,585,infection,345
9.191234630797075,404,0,306,290,0,0,0,586,infection,934
9.195707220560394,404,0,305,291,0,0,0,586,recovery,327
9.200147435244386,404,0,304,292,0,0,0,586,recovery,928
9.203497837756817,403,0,305,292,0,0,0,587,infection,420
9.212973365180805,403,0,304,293,0,0,0,587,recovery,500
9.216391237552013,402,0,305,293,0,0,0,588,infection,469
9.218422724113296,401,0,306,293,0,0,0,589,infection,350
9.223809863677408,400,0,307,293,0,0,0,590,infection,328
9.228577215004242,400,0,306,294,0,0,0,590,recovery,193
9.235437924221666,400,0,305,295,0,0,0,590,recovery,422
9.237780057673294,400,0,304,296,0,0,0,590,recovery,544
9.238894208280511,400,0,303,297,0,0,0,590,recovery,325
9.243077848534753,399,0,304,297,0,0,0,591,infection,287
9.245113702911624,398,0,305,297,0,0,0,592,infection,788
9.249212790893607,397,0,306,297,0,0,0,593,infection,678
9.250314455966963,397,0,305,298,0,0,0,593,recovery,108
9.265218656885835,397,0,304,299,0,0,0,593,recovery,940
9.271416405090093,396,0,305,299,0,0,0,594,infection,120
9.27150974950788,395,0,306,299,0,0,0,595,infection,943
9.281035786868097,395,0,305,300,0,0,0,595,recovery,345
9.281513707041881,394,0,306,300,0,0,0,596,infection,9
9.285556834560449,393,0,307,300,0,0,0,597,infection,571
9.295192930127843,392,0,308,300,0,0,0,598,infection,884
9.296586290013778,392,0,307,301,0,0,0,598,recovery,686
9.298881831084133,392,0,306,302,0,0,0,598,recovery,180
9.300623278247627,392,0,305,303,0,0,0,598,recovery,914
9.312913056313397,391,0,306,303,0,0,0,599,infection,99
9.314681918681856,391,0,305,304,0,0,0,599,recovery,801
9.319568117811533,390,0,306,304,0,0,0,600,infection,113
9.319899966549016,389,0,307,304,0,0,0,601,infection,320
9.326978501080758,389,0,306,305,0,0,0,601,recovery,95
9.329822366878787,389,0,305,306,0,0,0,601,recovery,968
9.335127617080481,388,0,306,306,0,0,0,602,infection,768
9.33846298983633,388,0,305,307,0,0,0,602,recovery,552
9.340220573793411,387,0,306,307,0,0,0,603,infection,162
9.342463484313708,387,0,305,308,0,0,0,603,recovery,586
9.344565835681621,386,0,306,308,0,0,0,604,infection,956
9.349513315921795,386,0,305,309,0,0,0,604,recovery,371
9.367242804390433,385,0,306,309,0,0,0,605,infection,808
9.384298650426889,385,0,305,310,0,0,0,605,recovery,561
9.384464792793606,385,0,304,311,0,0,0,605,recovery,870
9.384869418074569,385,0,303,312,0,0,0,605,recovery,287
9.40201411730075,384,0,304,312,0,0,0,606,infection,177
9.407027113835927,383,0,305,312,0,0,0,607,infection,705
9.411998281118441,382,0,306,312,0,0,0,608,infection,687
9.412056914950844,381,0,307,312,0,0,0,609,infection,59
9.428437547563787,381,0,306,313,0,0,0,609,recovery,259
9.429482423358703,381,0,305,314,0,0,0,609,recovery,489
9.43101471769593,381,0,304,315,0,0,0,609,recovery,5
9.443203367892687,380,0,305,315,0,0,0,610,infection,297
9.443319385434524,380,0,304,316,0,0,0,610,recovery,709
9.447018342364133,379,0,305,316,0,0,0,611,infection,795
9.45737751252716,379,0,304,317,0,0,0,611,recovery,736
9.46107898653514,379,0,303,318,0,0,0,611,recovery,465
9.46481431777573,379,0,302,319,0,0,0,611,recovery,729
9.471790906880186,379,0,301,320,0,0,0,611,recovery,332
9.472404062894466,378,0,302,320,0,0,0,612,infection,518
9.479284074384328,378,0,301,321,0,0,0,612,recovery,955
9.482901763173057,378,0,300,322,0,0,0,612,recovery,657
9.486776126167033,378,0,299,323,0,0,0,612,recovery,262
9.49564418499254,377,0,300,323,0,0,0,613,infection,347
9.510964289321775,376,0,301,323,0,0,0,614,infection,990
9.525439758098981,375,0,302,323,0,0,0,615,infection,936
9.542418689452541,375,0,301,324,0,0,0,615,recovery,677
9.548994271760913,374,0,302,324,0,0,0,616,infection,16
9.553208091138023,373,0,303,324,0,0,0,617,infection,619
9.560293590497613,373,0,302,325,0,0,0,617,recovery,816
9.564649074387162,373,0,301,326,0,0,0,617,recovery,320
9.568329748592939,373,0,300,327,0,0,0,617,recovery,347
9.571610601601204,372,0,301,327,0,0,0,618,infection,395
9.575478168110381,372,0,300,328,0,0,0,618,recovery,342
9.592511736706134,371,0,301,328,0,0,0,619,infection,908
9.620777677372903,371,0,300,329,0,0,0,619,recovery,6
9.632578227346515,370,0,301,329,0,0,0,620,infection,702
9.636866391408441,369,0,302,329,0,0,0,621,infection,483
9.644421026250903,369,0,301,330,0,0,0,621,recovery,911
9.656609404313569,368,0,302,330,0,0,0,622,infection,455
9.656934887266674,367,0,303,330,0,0,0,623,infection,423
9.65964934241557,367,0,302,331,0,0,0,623,recovery,575
9.671792535788924,366,0,303,331,0,0,0,624,infection,915
9.68865588280809,366,0,302,332,0,0,0,624,recovery,263
9.697257583541818,366,0,301,333,0,0,0,624,recovery,679
9.699063106027355,365,0,302,333,0,0,0,625,infection,895
9.702041327133692,365,0,301,334,0,0,0,625,recovery,987
9.707743354745618,364,0,302,334,0,0,0,626,infection,793
9.709938687845522,364,0,301,335,0,0,0,626,recovery,614
9.71727574099627,364,0,300,336,0,0,0,626,recovery,385
9.719092245522985,363,0,301,336,0,0,0,627,infection,124
9.738541944486734,362,0,302,336,0,0,0,628,infection,33
9.745255688955963,362,0,301,337,0,0,0,628,recovery,450
9.745678641290272,362,0,300,338,0,0,0,628,recovery,73
9.76012227657334,361,0,301,338,0,0,0,629,infection,487
9.761867514530836,360,0,302,338,0,0,0,630,infection,589
9.763324274548166,359,0,303,338,0,0,0,631,infection,234
9.765914875746578,359,0,302,339,0,0,0,631,recovery,549
9.76903341190825,358,0,303,339,0,0,0,632,infection,232
9.773097212883297,357,0,304,339,0,0,0,633,infection,781
9.774704848941372,357,0,303,340,0,0,0,633,recovery,943
9.774944292801292,356,0,304,340,0,0,0,634,infection,441
9.786110630659635,355,0,305,340,0,0,0,635,infection,841
9.793839539688062,354,0,306,340,0,0,0,636,infection,752
9.79862956780036,354,0,305,341,0,0,0,636,recovery,633
9.799453450377964,353,0,306,341,0,0,0,637,infection,745
9.806626703522536,352,0,307,341,0,0,0,638,infection,851
9.818645072137407,352,0,306,342,0,0,0,638,recovery,839
9.820556104076504,351,0,307,342,0,0,0,639,infection,700
9.850032405610484,351,0,306,343,0,0,0,639,recovery,873
9.855156043458072,350,0,307,343,0,0,0,640,infection,58
9.862423731243023,349,0,308,343,0,0,0,641,infection,617
9.871702863223156,348,0,309,343,0,0,0,642,infection,101
9.872079853233126,347,0,310,343,0,0,0,643,infection,211
9.876564831931281,346,0,311,343,0,0,0,644,infection,597
9.88176473649574,346,0,310,344,0,0,0,644,recovery,915
9.887838833285546,346,0,309,345,0,0,0,644,recovery,398
9.897391808909637,345,0,310,345,0,0,0,645,infection,148
9.898551761596968,344,0,311,345,0,0,0,646,infection,813
9.912417477252943,344,0,310,346,0,0,0,646,recovery,630
9.926188316435844,343,0,311,346,0,0,0,647,infection,625
9.929298686327508,343,0,310,347,0,0,0,647,recovery,884
9.929619660278956,343,0,309,348,0,0,0,647,recovery,292
9.932947941922311,343,0,308,349,0,0,0,647,recovery,306
9.936051103680162,342,0,309,349,0,0,0,648,infection,680
9.944229046567981,341,0,310,349,0,0,0,649,infection,374
9.947890366289368,340,0,311,349,0,0,0,650,infection,295
9.950600138527584,339,0,312,349,0,0,0,651,infection,748
9.956704238530193,338,0,313,349,0,0,0,652,infection,517
9.972812460435021,337,0,314,349,0,0,0,653,infection,411
9.977291912768209,336,0,315,349,0,0,0,654,infection,778
9.978290394841224,336,0,314,350,0,0,0,654,recovery,507
9.98177648610265,336,0,313,351,0,0,0,654,recovery,655
9.993802262071434,335,0,314,351,0,0,0,655,infection,939
9.99859066848824,335,0,313,352,0,0,0,655,recovery,148
10.019522743152592,334,0,314,352,0,0,0,656,infection,923
10.026644009515529,334,0,313,353,0,0,0,656,recovery,504
10.030199897159836,334,0,312,354,0,0,0,656,recovery,469
10.036341164082655,334,0,311,355,0,0,0,656,recovery,518
10.051771267456758,333,0,312,355,0,0,0,657,infection,485
10.055374426535748,332,0,313,355,0,0,0,658,infection,639
10.055814906682585,332,0,312,356,0,0,0,658,recovery,711
10.059496519139476,331,0,313,356,0,0,0,659,infection,814
10.076081562776269,330,0,314,356,0,0,0,660,infection,753
10.083297004522263,329,0,315,356,0,0,0,661,infection,863
10.091244928143547,328,0,316,356,0,0,0,662,infection,284
10.092789008538624,327,0,317,356,0,0,0,663,infection,197
10.127528593005014,327,0,316,357,0,0,0,663,recovery,934
10.130163440049268,326,0,317,357,0,0,0,664,infection,663
10.139371925356324,326,0,316,358,0,0,0,664,recovery,38
10.144125704616362,325,0,317,358,0,0,0,665,infection,529
10.147864623525397,324,0,318,358,0,0,0,666,infection,957
10.14844428973651,324,0,317,359,0,0,0,666,recovery,865
10.150214938332212,324,0,316,360,0,0,0,666,recovery,174
10.15139534681957,324,0,315,361,0,0,0,666,recovery,863
10.17439186619505,324,0,314,362,0,0,0,666,recovery,2
10.177792843005042,323,0,315,362,0,0,0,667,infection,498
10.187221235995674,322,0,316,362,0,0,0,668,infection,288
10.193690977299065,322,0,315,363,0,0,0,668,recovery,768
10.195298230475283,322,0,314,364,0,0,0,668,recovery,218
10.211188141181937,321,0,315,364,0,0,0,669,infection,775
10.233702253431396,320,0,316,364,0,0,0,670,infection,362
10.235009070817956,319,0,317,364,0,0,0,671,infection,981
10.238632293503656,319,0,316,365,0,0,0,671,recovery,360
10.240578275537747,318,0,317,365,0,0,0,672,infection,835
10.242475865217006,318,0,316,366,0,0,0,672,recovery,823
10.249866778424476,317,0,317,366,0,0,0,673,infection,574
10.254762958535064,316,0,318,366,0,0,0,674,infection,800
10.259547743470401,315,0,319,366,0,0,0,675,infection,57
10.259940541630463,314,0,320,366,0,0,0,676,infection,501
10.263768293184047,314,0,319,367,0,0,0,676,recovery,221
10.266180912457362,314,0,318,368,0,0,0,676,recovery,75
10.269506123372755,314,0,317,369,0,0,0,676,recovery,106
10.269748237727558,314,0,316,370,0,0,0,676,recovery,310
10.273487854508625,313,0,317,370,0,0,0,677,infection,317
10.284256166013725,312,0,318,370,0,0,0,678,infection,382
10.28427115408906,312,0,317,371,0,0,0,678,recovery,976
10.297377990854166,312,0,316,372,0,0,0,678,recovery,627
10.297454889064182,311,0,317,372,0,0,0,679,infection,400
10.302968273648236,310,0,318,372,0,0,0,680,infection,436
10.314885839226022,309,0,319,372,0,0,0,681,infection,948
10.316072458499358,308,0,320,372,0,0,0,682,infection,642
10.31814521144685,307,0,321,372,0,0,0,683,infection,664
10.321678086787125,306,0,322,372,0,0,0,684,infection,237
10.334559248300163,306,0,321,373,0,0,0,684,recovery,892
10.33717652613554,306,0,320,374,0,0,0,684,recovery,135
10.33843595836806,306,0,319,375,0,0,0,684,recovery,726
10.338947817126796,305,0,320,375,0,0,0,685,infection,54
10.341531291976327,304,0,321,375,0,0,0,686,infection,28
10.34177955758853,304,0,320,376,0,0,0,686,recovery,664
10.342024767392802,303,0,321,376,0,0,0,687,infection,590
10.363201599855557,303,0,320,377,0,0,0,687,recovery,427
10.36604710321667,302,0,321,377,0,0,0,688,infection,944
10.405682111730126,301,0,322,377,0,0,0,689,infection,472
10.409851997901537,300,0,323,377,0,0,0,690,infection,474
10.420309264005626,299,0,324,377,0,0,0,691,infection,235
10.42491086535515,298,0,325,377,0,0,0,692,infection,658
10.438756656989337,297,0,326,377,0,0,0,693,infection,674
10.439074672856359,297,0,325,378,0,0,0,693,recovery,734
10.439701956078597,297,0,324,379,0,0,0,693,recovery,98
10.450213908611262,296,0,325,379,0,0,0,694,infection,672
10.454569757090924,295,0,326,379,0,0,0,695,infection,341
10.455552857077569,294,0,327,379,0,0,0,696,infection,409
10.461429457837946,294,0,326,380,0,0,0,696,recovery,510
10.466368520417458,293,0,327,380,0,0,0,697,infection,323
10.467805825442543,292,0,328,380,0,0,0,698,infection,147
10.48084034045381,291,0,329,380,0,0,0,699,infection,25
10.486353762547193,290,0,330,380,0,0,0,700,infection,989
10.489728014255869,290,0,329,381,0,0,0,700,recovery,702
10.49150166722821,290,0,328,382,0,0,0,700,recovery,338
10.499111758106782,290,0,327,383,0,0,0,700,recovery,874
10.524958008488563,290,0,326,384,0,0,0,700,recovery,502
10.525058352587635,289,0,327,384,0,0,0,701,infection,988
10.530717073430516,289,0,326,385,0,0,0,701,recovery,774
10.539366204708616,289,0,325,386,0,0,0,701,recovery,58
10.539898127441854,289,0,324,387,0,0,0,701,recovery,477
10.54314653088595,288,0,325,387,0,0,0,702,infection,245
10.553385599086175,288,0,324,388,0,0,0,702,recovery,811
10.559049952746582,287,0,325,388,0,0,0,703,infection,125
10.56111788165905,287,0,324,389,0,0,0,703,recovery,458
10.564135572513225,286,0,325,389,0,0,0,704,infection,132
10.581289763803367,286,0,324,390,0,0,0,704,recovery,382
10.586970861356322,285,0,325,390,0,0,0,705,infection,898
10.58841160030407,285,0,324,391,0,0,0,705,recovery,578
10.622744702152914,284,0,325,391,0,0,0,706,infection,429
10.6295226725694,284,0,324,392,0,0,0,706,recovery,62
10.635165579601606,283,0,325,392,0,0,0,707,infection,776
10.63523983205975,283,0,324,393,0,0,0,707,recovery,290
10.650853269618226,282,0,325,393,0,0,0,708,infection,128
10.653943665773475,282,0,324,394,0,0,0,708,recovery,57
10.657411976123498,282,0,323,395,0,0,0,708,recovery,389
10.659278151108335,281,0,324,395,0,0,0,709,infection,440
10.676402462705095,281,0,323,396,0,0,0,709,recovery,358
10.68983998631332,281,0,322,397,0,0,0,709,recovery,742
10.691124466274495,281,0,321,398,0,0,0,709,recovery,434
10.702022027916101,281,0,320,399,0,0,0,709,recovery,362
10.708231868310484,280,0,321,399,0,0,0,710,infection,346
10.711749022961424,279,0,322,399,0,0,0,711,infection,281
10.714653677009442,278,0,323,399,0,0,0,712,infection,600
10.716396700245731,277,0,324,399,0,0,0,713,infection,692
10.73319962383517,277,0,323,400,0,0,0,713,recovery,908
10.749063289373717,276,0,324,400,0,0,0,714,infection,301
10.75421642319753,275,0,325,400,0,0,0,715,infection,699
10.756395875156128,274,0,326,400,0,0,0,716,infection,66
10.77579540582507,274,0,325,401,0,0,0,716,recovery,257
10.787747778573667,273,0,326,401,0,0,0,717,infection,50
10.800391401282157,273,0,325,402,0,0,0,717,recovery,791
10.809425190370183,273,0,324,403,0,0,0,717,recovery,30
10.809665774376137,272,0,325,403,0,0,0,718,infection,958
10.812021423356923,271,0,326,403,0,0,0,719,infection,758
10.834457555306892,270,0,327,403,0,0,0,720,infection,468
10.840288945091018,269,0,328,403,0,0,0,721,infection,765
10.842207459139141,268,0,329,403,0,0,0,722,infection,609
10.85781114835666,268,0,328,404,0,0,0,722,recovery,117
10.867648820100541,268,0,327,405,0,0,0,722,recovery,328
10.870911923527274,268,0,326,406,0,0,0,722,recovery,988
10.879019918273627,268,0,325,407,0,0,0,722,recovery,725
10.892690280633579,268,0,324,408,0,0,0,722,recovery,432
10.903356002214966,268,0,323,409,0,0,0,722,recovery,103
10.907212188098855,267,0,324,409,0,0,0,723,infection,603
10.930953687334561,267,0,323,410,0,0,0,723,recovery,420
10.932993333960232,266,0,324,410,0,0,0,724,infection,879
10.933953696259861,266,0,323,411,0,0,0,724,recovery,417
10.937318976477188,265,0,324,411,0,0,0,725,infection,771
10.94086746009418,265,0,323,412,0,0,0,725,recovery,147
10.944156038224072,264,0,324,412,0,0,0,726,infection,952
10.95781102549013,263,0,325,412,0,0,0,727,infection,867
10.961642107887819,263,0,324,413,0,0,0,727,recovery,796
10.968445235000233,263,0,323,414,0,0,0,727,recovery,455
10.981002480671302,262,0,324,414,0,0,0,728,infection,527
10.988050141906191,261,0,325,414,0,0,0,729,infection,902
10.989657437615682,260,0,326,414,0,0,0,730,infection,539
10.9898393660601,259,0,327,414,0,0,0,731,infection,675
10.991777135428562,259,0,326,415,0,0,0,731,recovery,581
10.996533155083906,259,0,325,416,0,0,0,731,recovery,970
11.017833490522872,259,0,324,417,0,0,0,731,recovery,719
11.019110145377168,259,0,323,418,0,0,0,731,recovery,855
11.028797838389021,259,0,322,419,0,0,0,731,recovery,637
11.046731695785585,258,0,323,419,0,0,0,732,infection,508
11.053395319907036,258,0,322,420,0,0,0,732,recovery,42
11.061121422305465,258,0,321,421,0,0,0,732,recovery,31
11.068816992414035,257,0,322,421,0,0,0,733,infection,838
11.074609077719906,256,0,323,421,0,0,0,734,infection,104
11.124481727445469,256,0,322,422,0,0,0,734,recovery,841
11.128860872525342,256,0,321,423,0,0,0,734,recovery,860
11.141715878857294,255,0,322,423,0,0,0,735,infection,900
11.146627548950468,255,0,321,424,0,0,0,735,recovery,692
11.15109294488812,255,0,320,425,0,0,0,735,recovery,113
11.169076782579317,255,0,319,426,0,0,0,735,recovery,431
11.171925307661432,254,0,320,426,0,0,0,736,infection,39
11.179394934929576,254,0,319,427,0,0,0,736,recovery,423
11.183769776165185,254,0,318,428,0,0,0,736,recovery,288
11.198735522174378,254,0,317,429,0,0,0,736,recovery,79
11.204577636612104,253,0,318,429,0,0,0,737,infection,111
11.20459011516558,253,0,317,430,0,0,0,737,recovery,653
11.208728304203582,252,0,318,430,0,0,0,738,infection,229
11.218168362159835,251,0,319,430,0,0,0,739,infection,446
11.235886421322778,251,0,318,431,0,0,0,739,recovery,33
11.243817830931759,251,0,317,432,0,0,0,739,recovery,487
11.244711633374829,251,0,316,433,0,0,0,739,recovery,468
11.245644350675686,251,0,315,434,0,0,0,739,recovery,793
11.246236977928612,250,0,316,434,0,0,0,740,infection,397
11.253980870287174,250,0,315,435,0,0,0,740,recovery,485
11.256850214763965,250,0,314,436,0,0,0,740,recovery,267
11.262965930546583,249,0,315,436,0,0,0,741,infection,102
11.271838134932612,248,0,316,436,0,0,0,742,infection,34
11.277041342263367,248,0,315,437,0,0,0,742,recovery,753
11.28611719351824,247,0,316,437,0,0,0,743,infection,313
11.290591273121553,247,0,315,438,0,0,0,743,recovery,628
11.309763756142901,247,0,314,439,0,0,0,743,recovery,446
11.31025151136322,247,0,313,440,0,0,0,743,recovery,22
11.310343134208178,246,0,314,440,0,0,0,744,infection,798
11.314892441109222,245,0,315,440,0,0,0,745,infection,516
11.323474249836629,245,0,314,441,0,0,0,745,recovery,475
11.325998249442568,245,0,313,442,0,0,0,745,recovery,346
11.32828568073838,245,0,312,443,0,0,0,745,recovery,609
11.332493477863164,245,0,311,444,0,0,0,745,recovery,189
11.344074469242027,244,0,312,444,0,0,0,746,infection,32
11.34736090460034,243,0,313,444,0,0,0,747,infection,19
11.35658379224911,243,0,312,445,0,0,0,747,recovery,780
11.35846370178092,243,0,311,446,0,0,0,747,recovery,819
11.371529368009003,243,0,310,447,0,0,0,747,recovery,868
11.372572247784108,242,0,311,447,0,0,0,748,infection,56
11.373995780208274,241,0,312,447,0,0,0,749,infection,582
11.375566352008839,240,0,313,447,0,0,0,750,infection,44
11.381288240440373,240,0,312,448,0,0,0,750,recovery,700
11.386428710592078,240,0,311,449,0,0,0,750,recovery,152
11.390735475131615,240,0,310,450,0,0,0,750,recovery,222
11.394953535447792,240,0,309,451,0,0,0,750,recovery,879
11.397811240442838,240,0,308,452,0,0,0,750,recovery,584
11.412514142689098,240,0,307,453,0,0,0,750,recovery,198
11.41475529750392,240,0,306,454,0,0,0,750,recovery,776
11.416140644118519,239,0,307,454,0,0,0,751,infection,46
11.423111716133326,238,0,308,454,0,0,0,752,infection,632
11.43466210005114,237,0,309,454,0,0,0,753,infection,543
11.439348165483693,237,0,308,455,0,0,0,753,recovery,617
11.440807226501962,236,0,309,455,0,0,0,754,infection,697
11.442190692016215,235,0,310,455,0,0,0,755,infection,43
11.446143267671093,235,0,309,456,0,0,0,755,recovery,396
11.449935529274697,234,0,310,456,0,0,0,756,infection,289
11.452759937445986,233,0,311,456,0,0,0,757,infection,560
11.476546181673742,233,0,310,457,0,0,0,757,recovery,639
11.481067523677263,233,0,309,458,0,0,0,757,recovery,214
11.501320965348059,233,0,308,459,0,0,0,757,recovery,770
11.502965376918262,233,0,307,460,0,0,0,757,recovery,508
11.503219229430375,233,0,306,461,0,0,0,757,recovery,792
11.503399483092695,232,0,307,461,0,0,0,758,infection,416
11.508465856838232,232,0,306,462,0,0,0,758,recovery,169
11.518694682401705,232,0,305,463,0,0,0,758,recovery,834
11.522284065773075,232,0,304,464,0,0,0,758,recovery,46
11.53494858883282,232,0,303,465,0,0,0,758,recovery,751
11.550308824303755,232,0,302,466,0,0,0,758,recovery,44
11.604383991329742,232,0,301,467,0,0,0,758,recovery,171
11.610788269014648,232,0,300,468,0,0,0,758,recovery,157
11.61881113084405,232,0,299,469,0,0,0,758,recovery,210
11.637767726971639,232,0,298,470,0,0,0,758,recovery,341
11.640121033540566,232,0,297,471,0,0,0,758,recovery,906
11.648533423110678,232,0,296,472,0,0,0,758,recovery,798
11.651921070569106,232,0,295,473,0,0,0,758,recovery,416
11.659165696428815,232,0,294,474,0,0,0,758,recovery,867
11.66021498279092,231,0,295,474,0,0,0,759,infection,78
11.668819367671084,231,0,294,475,0,0,0,759,recovery,436
11.669646706596136,230,0,295,475,0,0,0,760,infection,966
11.675636737823872,230,0,294,476,0,0,0,760,recovery,123
11.681950373569743,229,0,295,476,0,0,0,761,infection,935
11.683883850749634,229,0,294,477,0,0,0,761,recovery,529
11.686779158924805,228,0,295,477,0,0,0,762,infection,378
11.713350391997112,228,0,294,478,0,0,0,762,recovery,568
11.720248249903094,228,0,293,479,0,0,0,762,recovery,723
11.723951271988376,228,0,292,480,0,0,0,762,recovery,620
11.727743642996733,227,0,293,480,0,0,0,763,infection,144
11.734129489090256,226,0,294,480,0,0,0,764,infection,136
11.735367231080112,226,0,293,481,0,0,0,764,recovery,962
11.738111479438517,226,0,292,482,0,0,0,764,recovery,574
11.752919634123257,226,0,291,483,0,0,0,764,recovery,232
11.759355684109286,225,0,292,483,0,0,0,765,infection,669
11.769688912707563,225,0,291,484,0,0,0,765,recovery,39
11.77328613356296,224,0,292,484,0,0,0,766,infection,233
11.773659995522078,223,0,293,484,0,0,0,767,infection,271
11.774224380851756,223,0,292,485,0,0,0,767,recovery,167
11.78883171670572,222,0,293,485,0,0,0,768,infection,471
11.834299373487525,222,0,292,486,0,0,0,768,recovery,559
11.842988129007411,222,0,291,487,0,0,0,768,recovery,562
11.845611180811362,221,0,292,487,0,0,0,769,infection,168
11.849348496600683,221,0,291,488,0,0,0,769,recovery,99
11.850634637232965,221,0,290,489,0,0,0,769,recovery,65
11.854746796838556,220,0,291,489,0,0,0,770,infection,115
11.872904140555383,220,0,290,490,0,0,0,770,recovery,835
11.879449235793544,220,0,289,491,0,0,0,770,recovery,409
11.893023967943483,220,0,288,492,0,0,0,770,recovery,642
11.894499855620703,220,0,287,493,0,0,0,770,recovery,748
11.902406134859415,220,0,286,494,0,0,0,770,recovery,305
11.911494043095521,219,0,287,494,0,0,0,771,infection,636
11.911508744526811,219,0,286,495,0,0,0,771,recovery,902
11.934255592109738,219,0,285,496,0,0,0,771,recovery,838
11.94941437867545,219,0,284,497,0,0,0,771,recovery,301
11.962678840327358,218,0,285,497,0,0,0,772,infection,756
11.962701058470097,218,0,284,498,0,0,0,772,recovery,471
11.966724677582196,218,0,283,499,0,0,0,772,recovery,364
11.978580623888341,217,0,284,499,0,0,0,773,infection,461
11.988171383750123,216,0,285,499,0,0,0,774,infection,331
12.001705529604743,216,0,284,500,0,0,0,774,recovery,924
12.013320881855915,216,0,283,501,0,0,0,774,recovery,229
12.042304855468629,216,0,282,502,0,0,0,774,recovery,758
12.054003019864062,216,0,281,503,0,0,0,774,recovery,898
12.064689240917351,215,0,282,503,0,0,0,775,infection,202
12.08206257930794,214,0,283,503,0,0,0,776,infection,220
12.09356478360655,214,0,282,504,0,0,0,776,recovery,16
12.094506452151897,213,0,283,504,0,0,0,777,infection,18
12.106709491851289,212,0,284,504,0,0,0,778,infection,334
12.114972118197276,212,0,283,505,0,0,0,778,recovery,202
12.118955599129366,212,0,282,506,0,0,0,778,recovery,619
12.119293799656566,212,0,281,507,0,0,0,778,recovery,752
12.126706072230697,211,0,282,507,0,0,0,779,infection,356
12.143657789314686,210,0,283,507,0,0,0,780,infection,542
12.149105955610308,209,0,284,507,0,0,0,781,infection,96
12.149682973033558,208,0,285,507,0,0,0,782,infection,535
12.155636980419356,208,0,284,508,0,0,0,782,recovery,939
12.170326486902063,208,0,283,509,0,0,0,782,recovery,352
12.177768466823174,208,0,282,510,0,0,0,782,recovery,669
12.190864939915432,208,0,281,511,0,0,0,782,recovery,857
12.22278751288818,208,0,280,512,0,0,0,782,recovery,885
12.223848085365727,207,0,281,512,0,0,0,783,infection,240
12.228300986599095,206,0,282,512,0,0,0,784,infection,424
12.234925058694316,206,0,281,513,0,0,0,784,recovery,900
12.235840781520366,206,0,280,514,0,0,0,784,recovery,989
12.262246826550909,205,0,281,514,0,0,0,785,infection,712
12.277099016423728,205,0,280,515,0,0,0,785,recovery,872
12.280029122785686,204,0,281,515,0,0,0,786,infection,601
12.28098727824126,203,0,282,515,0,0,0,787,infection,181
12.290319835824205,202,0,283,515,0,0,0,788,infection,492
12.300143025999045,202,0,282,516,0,0,0,788,recovery,337
12.301860662392373,201,0,283,516,0,0,0,789,infection,523
12.323559849409005,201,0,282,517,0,0,0,789,recovery,233
12.340736894576118,201,0,281,518,0,0,0,789,recovery,523
12.343524330181307,200,0,282,518,0,0,0,790,infection,314
12.344322322779949,199,0,283,518,0,0,0,791,infection,444
12.346000727141274,199,0,282,519,0,0,0,791,recovery,168
12.359987298102519,199,0,281,520,0,0,0,791,recovery,545
12.3652912825518,199,0,280,521,0,0,0,791,recovery,571
12.385761412099388,199,0,279,522,0,0,0,791,recovery,43
12.392562588025644,199,0,278,523,0,0,0,791,recovery,715
12.393845751873206,199,0,277,524,0,0,0,791,recovery,55
12.394020105841829,199,0,276,525,0,0,0,791,recovery,11
12.396515191150225,199,0,275,526,0,0,0,791,recovery,226
12.405390800164707,199,0,274,527,0,0,0,791,recovery,560
12.44018634379319,199,0,273,528,0,0,0,791,recovery,788
12.444644816929555,198,0,274,528,0,0,0,792,infection,854
12.453691243519133,198,0,273,529,0,0,0,792,recovery,68
12.469460859791543,198,0,272,530,0,0,0,792,recovery,670
12.47624743735161,197,0,273,530,0,0,0,793,infection,379
12.481007728785775,196,0,274,530,0,0,0,794,infection,930
12.500839252196009,196,0,273,531,0,0,0,794,recovery,323
12.506572977807709,196,0,272,532,0,0,0,794,recovery,960
12.509225349762806,196,0,271,533,0,0,0,794,recovery,271
12.518356289867246,195,0,272,533,0,0,0,795,infection,557
12.525230892582794,195,0,271,534,0,0,0,795,recovery,63
12.53547982723702,195,0,270,535,0,0,0,795,recovery,28
12.536032787521158,195,0,269,536,0,0,0,795,recovery,553
12.563896907291884,195,0,268,537,0,0,0,795,recovery,957
12.587544028153408,194,0,269,537,0,0,0,796,infection,37
12.595288202911513,194,0,268,538,0,0,0,796,recovery,854
12.597973693153538,193,0,269,538,0,0,0,797,infection,53
12.599998501076962,192,0,270,538,0,0,0,798,infection,383
12.618492822350433,192,0,269,539,0,0,0,798,recovery,265
12.628135065451595,192,0,268,540,0,0,0,798,recovery,582
12.642463894528204,191,0,269,540,0,0,0,799,infection,300
12.64732970523936,191,0,268,541,0,0,0,799,recovery,958
12.664734670415804,190,0,269,541,0,0,0,800,infection,326
12.6685843708806,189,0,270,541,0,0,0,801,infection,24
12.669815803104271,189,0,269,542,0,0,0,801,recovery,421
12.671896429202471,189,0,268,543,0,0,0,801,recovery,472
12.672271030508456,188,0,269,543,0,0,0,802,infection,114
12.674755636848188,187,0,270,543,0,0,0,803,infection,412
12.687861769754171,187,0,269,544,0,0,0,803,recovery,714
12.705085345982468,187,0,268,545,0,0,0,803,recovery,199
12.70737597178267,187,0,267,546,0,0,0,803,recovery,952
12.714997426201988,186,0,268,546,0,0,0,804,infection,577
12.719820495021306,186,0,267,547,0,0,0,804,recovery,447
12.723763306235783,186,0,266,548,0,0,0,804,recovery,273
12.724850888853032,185,0,267,548,0,0,0,805,infection,426
12.726882729784364,185,0,266,549,0,0,0,805,recovery,818
12.732915311710949,184,0,267,549,0,0,0,806,infection,842
12.738350895178169,184,0,266,550,0,0,0,806,recovery,524
12.741590766095523,184,0,265,551,0,0,0,806,recovery,136
12.744587608764371,183,0,266,551,0,0,0,807,infection,401
12.777281063373549,182,0,267,551,0,0,0,808,infection,588
12.784431400464445,182,0,266,552,0,0,0,808,recovery,227
12.796123939448718,182,0,265,553,0,0,0,808,recovery,765
12.812518161953193,182,0,264,554,0,0,0,808,recovery,772
12.826884711138026,182,0,263,555,0,0,0,808,recovery,217
12.858558444603213,181,0,264,555,0,0,0,809,infection,335
12.860832247862717,181,0,263,556,0,0,0,809,recovery,611
12.863293559305665,181,0,262,557,0,0,0,809,recovery,411
12.878520502403315,181,0,261,558,0,0,0,809,recovery,144
12.888073570328372,181,0,260,559,0,0,0,809,recovery,994
12.896008510781884,180,0,261,559,0,0,0,810,infection,980
12.897396304592535,180,0,260,560,0,0,0,810,recovery,712
12.902199038228469,180,0,259,561,0,0,0,810,recovery,27
12.91104819593992,180,0,258,562,0,0,0,810,recovery,264
12.916840958620329,179,0,259,562,0,0,0,811,infection,668
12.932275688481896,179,0,258,563,0,0,0,811,recovery,528
12.93251366056911,179,0,257,564,0,0,0,811,recovery,638
12.936680989981294,178,0,258,564,0,0,0,812,infection,456
12.93851901925522,178,0,257,565,0,0,0,812,recovery,207
12.960516726861066,178,0,256,566,0,0,0,812,recovery,916
12.962520081609886,177,0,257,566,0,0,0,813,infection,977
12.96755276249296,177,0,256,567,0,0,0,813,recovery,66
12.969420830805904,176,0,257,567,0,0,0,814,infection,89
12.976575501242332,176,0,256,568,0,0,0,814,recovery,982
12.98114303037793,176,0,255,569,0,0,0,814,recovery,936
12.989359903458618,176,0,254,570,0,0,0,814,recovery,814
13.016241288589796,176,0,253,571,0,0,0,814,recovery,132
13.052706182042245,176,0,252,572,0,0,0,814,recovery,930
13.05540440439071,176,0,251,573,0,0,0,814,recovery,747
13.086594290463562,176,0,250,574,0,0,0,814,recovery,534
13.088667040739693,176,0,249,575,0,0,0,814,recovery,554
13.092098093596125,176,0,248,576,0,0,0,814,recovery,890
13.094931334064299,176,0,247,577,0,0,0,814,recovery,235
13.115331043103945,176,0,246,578,0,0,0,814,recovery,155
13.116337032755403,175,0,247,578,0,0,0,815,infection,880
13.189564135055287,175,0,246,579,0,0,0,815,recovery,380
13.197306744196567,175,0,245,580,0,0,0,815,recovery,294
13.22371607027359,174,0,246,580,0,0,0,816,infection,975
13.242887093650106,174,0,245,581,0,0,0,816,recovery,730
13.261450023427987,173,0,246,581,0,0,0,817,infection,495
13.264254810768293,173,0,245,582,0,0,0,817,recovery,181
13.295221809147657,173,0,244,583,0,0,0,817,recovery,23
13.295638788092425,173,0,243,584,0,0,0,817,recovery,849
13.303605717032516,173,0,242,585,0,0,0,817,recovery,696
13.315726129713086,172,0,243,585,0,0,0,818,infection,172
13.34765326389418,171,0,244,585,0,0,0,819,infection,355
13.350448760753213,170,0,245,585,0,0,0,820,infection,491
13.373783508820296,170,0,244,586,0,0,0,820,recovery,53
13.376530489502262,170,0,243,587,0,0,0,820,recovery,990
13.377930612204986,169,0,244,587,0,0,0,821,infection,129
13.399684889807268,169,0,243,588,0,0,0,821,recovery,177
13.417637846514467,169,0,242,589,0,0,0,821,recovery,212
13.422319007583667,169,0,241,590,0,0,0,821,recovery,580
13.459155685388158,169,0,240,591,0,0,0,821,recovery,830
13.48435978092136,169,0,239,592,0,0,0,821,recovery,401
13.486125718111708,168,0,240,592,0,0,0,822,infection,896
13.489563309267194,168,0,239,593,0,0,0,822,recovery,891
13.499434717965114,168,0,238,594,0,0,0,822,recovery,495
13.505114830394866,167,0,239,594,0,0,0,823,infection,243
13.517656406223091,166,0,240,594,0,0,0,824,infection,373
13.519352598995553,166,0,239,595,0,0,0,824,recovery,343
13.54859817694727,166,0,238,596,0,0,0,824,recovery,588
13.552866570159434,165,0,239,596,0,0,0,825,infection,973
13.593779597989514,164,0,240,596,0,0,0,826,infection,587
13.600145185005882,163,0,241,596,0,0,0,827,infection,86
13.605857336459309,163,0,240,597,0,0,0,827,recovery,240
13.613978579016988,162,0,241,597,0,0,0,828,infection,308
13.666150441305875,162,0,240,598,0,0,0,828,recovery,408
13.668201872160498,162,0,239,599,0,0,0,828,recovery,443
13.733959372768892,162,0,238,600,0,0,0,828,recovery,237
13.746303058113742,162,0,237,601,0,0,0,828,recovery,975
13.75289315576648,162,0,236,602,0,0,0,828,recovery,176
13.76201821158468,162,0,235,603,0,0,0,828,recovery,492
13.794031629763046,161,0,236,603,0,0,0,829,infection,859
13.79470115914545,160,0,237,603,0,0,0,830,infection,14
13.808120892623123,160,0,236,604,0,0,0,830,recovery,284
13.813061703409979,160,0,235,605,0,0,0,830,recovery,981
13.82061573677775,160,0,234,606,0,0,0,830,recovery,964
13.82067182207601,160,0,233,607,0,0,0,830,recovery,745
13.830703648166896,159,0,234,607,0,0,0,831,infection,110
13.840649841477692,159,0,233,608,0,0,0,831,recovery,802
13.84223848029242,159,0,232,609,0,0,0,831,recovery,356
13.850834346156404,158,0,233,609,0,0,0,832,infection,959
13.86707206074421,158,0,232,610,0,0,0,832,recovery,154
13.870532473202562,158,0,231,611,0,0,0,832,recovery,111
13.87125821063907,157,0,232,611,0,0,0,833,infection,738
13.8771829677547,156,0,233,611,0,0,0,834,infection,605
13.893191041664197,156,0,232,612,0,0,0,834,recovery,9
13.903666319747437,155,0,233,612,0,0,0,835,infection,660
13.913066154647616,155,0,232,613,0,0,0,835,recovery,847
13.914886601728107,155,0,231,614,0,0,0,835,recovery,851
13.940114604409787,154,0,232,614,0,0,0,836,infection,392
13.947219479719413,153,0,233,614,0,0,0,837,infection,203
13.96136148846179,153,0,232,615,0,0,0,837,recovery,383
13.976604842321956,153,0,231,616,0,0,0,837,recovery,948
14.01206810704981,153,0,230,617,0,0,0,837,recovery,289
14.023819759335577,153,0,229,618,0,0,0,837,recovery,716
14.02604372739603,152,0,230,618,0,0,0,838,infection,442
14.110411689515809,152,0,229,619,0,0,0,838,recovery,89
14.123971703354265,152,0,228,620,0,0,0,838,recovery,527
14.12912731097664,152,0,227,621,0,0,0,838,recovery,542
14.132076713500489,151,0,228,621,0,0,0,839,infection,602
14.134509640049064,151,0,227,622,0,0,0,839,recovery,363
14.173907912851687,151,0,226,623,0,0,0,839,recovery,474
14.198207002171188,151,0,225,624,0,0,0,839,recovery,319
14.209229857375519,151,0,224,625,0,0,0,839,recovery,720
14.211068153300314,151,0,223,626,0,0,0,839,recovery,603
14.227592560678374,151,0,222,627,0,0,0,839,recovery,608
14.230116184168734,150,0,223,627,0,0,0,840,infection,303
14.250647333525126,150,0,222,628,0,0,0,840,recovery,589
14.25127117111966,150,0,221,629,0,0,0,840,recovery,678
14.254914384210165,149,0,222,629,0,0,0,841,infection,3
14.271393907074126,149,0,221,630,0,0,0,841,recovery,597
14.276658512968021,148,0,222,630,0,0,0,842,infection,405
14.283331521617548,148,0,221,631,0,0,0,842,recovery,693
14.28653741557931,148,0,220,632,0,0,0,842,recovery,705
14.29218730108576,147,0,221,632,0,0,0,843,infection,862
14.301848256250574,147,0,220,633,0,0,0,843,recovery,862
14.304483505347834,146,0,221,633,0,0,0,844,infection,986
14.312507713095528,146,0,220,634,0,0,0,844,recovery,808
14.335802123408307,146,0,219,635,0,0,0,844,recovery,486
14.34252301276614,146,0,218,636,0,0,0,844,recovery,921
14.347086379793417,146,0,217,637,0,0,0,844,recovery,483
14.34745135462316,145,0,218,637,0,0,0,845,infection,375
14.348002706531622,144,0,219,637,0,0,0,846,infection,48
14.400442044581611,143,0,220,637,0,0,0,847,infection,369
14.40214295371137,143,0,219,638,0,0,0,847,recovery,442
14.416852589423048,142,0,220,638,0,0,0,848,infection,402
14.418007493947494,142,0,219,639,0,0,0,848,recovery,778
14.419487204368536,142,0,218,640,0,0,0,848,recovery,641
14.424509788833033,141,0,219,640,0,0,0,849,infection,270
14.466888984047507,141,0,218,641,0,0,0,849,recovery,415
14.484883661955168,141,0,217,642,0,0,0,849,recovery,375
14.517184071272322,141,0,216,643,0,0,0,849,recovery,643
14.528791903982071,141,0,215,644,0,0,0,849,recovery,216
14.53688471661935,141,0,214,645,0,0,0,849,recovery,50
14.571331436912674,141,0,213,646,0,0,0,849,recovery,128
14.594887881036016,141,0,212,647,0,0,0,849,recovery,326
14.687085827670757,141,0,211,648,0,0,0,849,recovery,230
14.710343449692477,141,0,210,649,0,0,0,849,recovery,37
14.731245532073267,141,0,209,650,0,0,0,849,recovery,558
14.770119645668895,141,0,208,651,0,0,0,849,recovery,402
14.771650999801574,141,0,207,652,0,0,0,849,recovery,707
14.782569344968737,140,0,208,652,0,0,0,850,infection,831
14.795598541194407,140,0,207,653,0,0,0,850,recovery,102
14.807821044545252,139,0,208,653,0,0,0,851,infection,685
14.815887607256498,139,0,207,654,0,0,0,851,recovery,697
14.81621939200306,138,0,208,654,0,0,0,852,infection,912
14.820069975805525,138,0,207,655,0,0,0,852,recovery,587
14.832186600736383,138,0,206,656,0,0,0,852,recovery,600
14.849796791533102,138,0,205,657,0,0,0,852,recovery,699
14.856142954327172,138,0,204,658,0,0,0,852,recovery,674
14.858591839597544,138,0,203,659,0,0,0,852,recovery,895
14.864190392858628,138,0,202,660,0,0,0,852,recovery,186
14.8765788555986,138,0,201,661,0,0,0,852,recovery,153
14.87834213135343,137,0,202,661,0,0,0,853,infection,567
14.883707481972554,137,0,201,662,0,0,0,853,recovery,164
14.90369074046074,136,0,202,662,0,0,0,854,infection,604
14.90398848747783,136,0,201,663,0,0,0,854,recovery,951
14.920112920476676,136,0,200,664,0,0,0,854,recovery,373
14.928918982468614,135,0,201,664,0,0,0,855,infection,280
14.93383679823805,134,0,202,664,0,0,0,856,infection,519
14.952261951710735,134,0,201,665,0,0,0,856,recovery,24
14.992916037999034,134,0,200,666,0,0,0,856,recovery,129
14.996551834284848,134,0,199,667,0,0,0,856,recovery,156
15.001538035743092,134,0,198,668,0,0,0,856,recovery,980
15.052520565296128,133,0,199,668,0,0,0,857,infection,467
15.056189390366763,132,0,200,668,0,0,0,858,infection,464
15.065088917111481,132,0,199,669,0,0,0,858,recovery,781
15.068908062377297,132,0,198,670,0,0,0,858,recovery,519
15.072851628579965,132,0,197,671,0,0,0,858,recovery,429
15.094806714853707,132,0,196,672,0,0,0,858,recovery,369
15.141818759857404,132,0,195,673,0,0,0,858,recovery,859
15.154005601142131,132,0,194,674,0,0,0,858,recovery,842
15.171898060409628,132,0,193,675,0,0,0,858,recovery,979
15.173327222386083,132,0,192,676,0,0,0,858,recovery,334
15.184240250039473,131,0,193,676,0,0,0,859,infection,228
15.213471097700406,131,0,192,677,0,0,0,859,recovery,577
15.272066423235826,131,0,191,678,0,0,0,859,recovery,668
15.274104956592337,130,0,192,678,0,0,0,860,infection,238
15.283094927461912,130,0,191,679,0,0,0,860,recovery,270
15.297419210759706,130,0,190,680,0,0,0,860,recovery,14
15.316356924315226,130,0,189,681,0,0,0,860,recovery,211
15.32679169667459,130,0,188,682,0,0,0,860,recovery,866
15.33410575423674,130,0,187,683,0,0,0,860,recovery,324
15.377240896849408,130,0,186,684,0,0,0,860,recovery,78
15.38185559877287,129,0,187,684,0,0,0,861,infection,205
15.395185373751147,129,0,186,685,0,0,0,861,recovery,516
15.411422170814996,128,0,187,685,0,0,0,862,infection,929
15.41731530215512,128,0,186,686,0,0,0,862,recovery,395
15.422237659259363,128,0,185,687,0,0,0,862,recovery,407
15.46183927029806,128,0,184,688,0,0,0,862,recovery,889
15.499217431470687,128,0,183,689,0,0,0,862,recovery,845
15.508456861539704,128,0,182,690,0,0,0,862,recovery,19
15.527992770589016,128,0,181,691,0,0,0,862,recovery,238
15.551575431864743,128,0,180,692,0,0,0,862,recovery,303
15.570447673481072,128,0,179,693,0,0,0,862,recovery,536
15.574633456876825,128,0,178,694,0,0,0,862,recovery,563
15.582935318596123,128,0,177,695,0,0,0,862,recovery,295
15.584888675431836,128,0,176,696,0,0,0,862,recovery,836
15.591505428303602,128,0,175,697,0,0,0,862,recovery,755
15.596338632325477,127,0,176,697,0,0,0,863,infection,610
15.602238275822394,127,0,175,698,0,0,0,863,recovery,225
15.607298900182817,127,0,174,699,0,0,0,863,recovery,461
15.624377580011323,126,0,175,699,0,0,0,864,infection,91
15.639471457249027,125,0,176,699,0,0,0,865,infection,293
15.676628360912826,124,0,177,699,0,0,0,866,infection,47
15.692227289284773,124,0,176,700,0,0,0,866,recovery,646
15.714427884009062,124,0,175,701,0,0,0,866,recovery,379
15.754121731070649,124,0,174,702,0,0,0,866,recovery,388
15.792555725608203,124,0,173,703,0,0,0,866,recovery,632
15.796157097840236,124,0,172,704,0,0,0,866,recovery,52
15.834029125325458,124,0,171,705,0,0,0,866,recovery,311
15.846652027264287,124,0,170,706,0,0,0,866,recovery,738
15.862876308252247,123,0,171,706,0,0,0,867,infection,585
15.863526460827035,123,0,170,707,0,0,0,867,recovery,537
15.864908464849371,122,0,171,707,0,0,0,868,infection,69
15.865293293448975,122,0,170,708,0,0,0,868,recovery,160
15.906984713958508,122,0,169,709,0,0,0,868,recovery,386
15.952134498457747,122,0,168,710,0,0,0,868,recovery,498
15.988131059682548,121,0,169,710,0,0,0,869,infection,744
16.047479815532064,121,0,168,711,0,0,0,869,recovery,3
16.053478057307835,121,0,167,712,0,0,0,869,recovery,929
16.075591687091887,121,0,166,713,0,0,0,869,recovery,412
16.077375497972234,121,0,165,714,0,0,0,869,recovery,514
16.082075239086613,120,0,166,714,0,0,0,870,infection,762
16.08785676316039,120,0,165,715,0,0,0,870,recovery,660
16.103698868667152,120,0,164,716,0,0,0,870,recovery,366
16.157862532533837,120,0,163,717,0,0,0,870,recovery,397
16.16664073200969,120,0,162,718,0,0,0,870,recovery,896
16.17905840299463,119,0,163,718,0,0,0,871,infection,93
16.1897178965554,119,0,162,719,0,0,0,871,recovery,685
16.225975244260656,118,0,163,719,0,0,0,872,infection,595
16.2776265499231,117,0,164,719,0,0,0,873,infection,340
16.280607262119304,116,0,165,719,0,0,0,874,infection,654
16.284628142619585,115,0,166,719,0,0,0,875,infection,852
16.294044793541783,115,0,165,720,0,0,0,875,recovery,125
16.311105641490695,114,0,166,720,0,0,0,876,infection,947
16.325560505767303,113,0,167,720,0,0,0,877,infection,706
16.350954527887673,113,0,166,721,0,0,0,877,recovery,925
16.370901401623787,113,0,165,722,0,0,0,877,recovery,313
16.39801861988145,112,0,166,722,0,0,0,878,infection,195
16.401482881282103,112,0,165,723,0,0,0,878,recovery,236
16.45356023221257,112,0,164,724,0,0,0,878,recovery,663
16.462171993539535,112,0,163,725,0,0,0,878,recovery,34
16.46848956680188,112,0,162,726,0,0,0,878,recovery,644
16.47704891891067,112,0,161,727,0,0,0,878,recovery,690
16.595947712171643,112,0,160,728,0,0,0,878,recovery,314
16.608249691294212,111,0,161,728,0,0,0,879,infection,785
16.6518628801627,111,0,160,729,0,0,0,879,recovery,293
16.67969748728416,110,0,161,729,0,0,0,880,infection,671
16.692028663538956,110,0,160,730,0,0,0,880,recovery,771
16.726305340827235,110,0,159,731,0,0,0,880,recovery,456
16.738639970720396,109,0,160,731,0,0,0,881,infection,918
16.787590959608085,109,0,159,732,0,0,0,881,recovery,317
16.80389442505501,108,0,160,732,0,0,0,882,infection,17
16.816056863600824,107,0,161,732,0,0,0,883,infection,480
16.82655869261696,106,0,162,732,0,0,0,884,infection,783
16.826987432472983,106,0,161,733,0,0,0,884,recovery,543
16.84061944741658,106,0,160,734,0,0,0,884,recovery,517
16.851456266319204,106,0,159,735,0,0,0,884,recovery,20
16.890652856491577,106,0,158,736,0,0,0,884,recovery,414
16.891953103189863,106,0,157,737,0,0,0,884,recovery,944
16.921002236116575,106,0,156,738,0,0,0,884,recovery,374
16.921070045278917,105,0,157,738,0,0,0,885,infection,676
16.921178547675034,105,0,156,739,0,0,0,885,recovery,391
16.996523440061715,105,0,155,740,0,0,0,885,recovery,172
17.028593442298884,105,0,154,741,0,0,0,885,recovery,165
17.029144096919268,105,0,153,742,0,0,0,885,recovery,245
17.034228491139796,105,0,152,743,0,0,0,885,recovery,308
17.034434741493623,105,0,151,744,0,0,0,885,recovery,590
17.03790707870494,105,0,150,745,0,0,0,885,recovery,426
17.05888429042407,104,0,151,745,0,0,0,886,infection,598
17.07399770881767,104,0,150,746,0,0,0,886,recovery,91
17.080343235365245,104,0,149,747,0,0,0,886,recovery,281
17.086282966599363,104,0,148,748,0,0,0,886,recovery,378
17.10808463501673,104,0,147,749,0,0,0,886,recovery,350
17.115514143697553,103,0,148,749,0,0,0,887,infection,717
17.118658951901978,103,0,147,750,0,0,0,887,recovery,883
17.12202263485154,103,0,146,751,0,0,0,887,recovery,567
17.151330589166225,103,0,145,752,0,0,0,887,recovery,331
17.15600085934146,103,0,144,753,0,0,0,887,recovery,956
17.22032443438476,102,0,145,753,0,0,0,888,infection,21
17.227746812930388,102,0,144,754,0,0,0,888,recovery,69
17.23642301112746,102,0,143,755,0,0,0,888,recovery,134
17.26318104671903,101,0,144,755,0,0,0,889,infection,493
17.311649612116586,101,0,143,756,0,0,0,889,recovery,297
17.337210054326537,101,0,142,757,0,0,0,889,recovery,48
17.36395646423644,101,0,141,758,0,0,0,889,recovery,831
17.37292790574646,101,0,140,759,0,0,0,889,recovery,681
17.404121084624993,101,0,139,760,0,0,0,889,recovery,625
17.41088807332082,100,0,140,760,0,0,0,890,infection,41
17.414281122321672,100,0,139,761,0,0,0,890,recovery,710
17.452962426979852,100,0,138,762,0,0,0,890,recovery,918
17.47447663516092,99,0,139,762,0,0,0,891,infection,354
17.48919431976293,99,0,138,763,0,0,0,891,recovery,41
17.49082946422267,99,0,137,764,0,0,0,891,recovery,636
17.51670922797949,99,0,136,765,0,0,0,891,recovery,488
17.555108293112077,98,0,137,765,0,0,0,892,infection,701
17.584418994128388,98,0,136,766,0,0,0,892,recovery,785
17.65751245502046,98,0,135,767,0,0,0,892,recovery,616
17.698619276363804,98,0,134,768,0,0,0,892,recovery,539
17.709578163677772,97,0,135,768,0,0,0,893,infection,983
17.76900654625328,97,0,134,769,0,0,0,893,recovery,21
17.799066373814483,96,0,135,769,0,0,0,894,infection,829
17.808750589168547,96,0,134,770,0,0,0,894,recovery,280
17.837113748486708,96,0,133,771,0,0,0,894,recovery,96
17.841035723962285,96,0,132,772,0,0,0,894,recovery,282
17.8516782291248,96,0,131,773,0,0,0,894,recovery,658
17.888588955230002,95,0,132,773,0,0,0,895,infection,579
17.891931854641147,94,0,133,773,0,0,0,896,infection,312
17.904667785484023,93,0,134,773,0,0,0,897,infection,457
17.935932101798237,93,0,133,774,0,0,0,897,recovery,83
18.005329007364644,92,0,134,774,0,0,0,898,infection,917
18.01770550250627,92,0,133,775,0,0,0,898,recovery,18
18.024767179474043,92,0,132,776,0,0,0,898,recovery,648
18.042211886914505,92,0,131,777,0,0,0,898,recovery,610
18.052230374798523,92,0,130,778,0,0,0,898,recovery,613
18.088462609817757,92,0,129,779,0,0,0,898,recovery,593
18.163691656192377,91,0,130,779,0,0,0,899,infection,322
18.191191210679843,91,0,129,780,0,0,0,899,recovery,667
18.233591961417805,91,0,128,781,0,0,0,899,recovery,564
18.249753153714426,91,0,127,782,0,0,0,899,recovery,170
18.270928835278397,90,0,128,782,0,0,0,900,infection,945
18.285892786162265,89,0,129,782,0,0,0,901,infection,499
18.302476628648584,89,0,128,783,0,0,0,901,recovery,973
18.305812736248654,89,0,127,784,0,0,0,901,recovery,476
18.33226140624425,88,0,128,784,0,0,0,902,infection,949
18.39151223301771,87,0,129,784,0,0,0,903,infection,538
18.40798687129299,87,0,128,785,0,0,0,903,recovery,381
18.439285708857955,86,0,129,785,0,0,0,904,infection,142
18.5050973942443,86,0,128,786,0,0,0,904,recovery,355
18.58415576451013,86,0,127,787,0,0,0,904,recovery,494
18.609365016386544,86,0,126,788,0,0,0,904,recovery,93
18.620691271227287,86,0,125,789,0,0,0,904,recovery,605
18.74439345781603,86,0,124,790,0,0,0,904,recovery,208
18.7576175666893,86,0,123,791,0,0,0,904,recovery,538
18.76417049178298,86,0,122,792,0,0,0,904,recovery,920
18.765829758471604,86,0,121,793,0,0,0,904,recovery,120
18.767704597605512,86,0,120,794,0,0,0,904,recovery,115
18.768610532767408,85,0,121,794,0,0,0,905,infection,546
18.784964459906668,85,0,120,795,0,0,0,905,recovery,506
18.827417355963334,85,0,119,796,0,0,0,905,recovery,440
18.83381224629059,85,0,118,797,0,0,0,905,recovery,945
18.86872305850427,84,0,119,797,0,0,0,906,infection,449
18.906908860394488,83,0,120,797,0,0,0,907,infection,520
18.944919502462657,83,0,119,798,0,0,0,907,recovery,368
18.95489740439271,83,0,118,799,0,0,0,907,recovery,110
18.968279105473275,83,0,117,800,0,0,0,907,recovery,300
18.981354845512136,82,0,118,800,0,0,0,908,infection,759
18.981756675595598,82,0,117,801,0,0,0,908,recovery,706
18.98394395933146,82,0,116,802,0,0,0,908,recovery,104
19.066682217386425,82,0,115,803,0,0,0,908,recovery,675
19.10687810075673,82,0,114,804,0,0,0,908,recovery,499
19.129739844924266,82,0,113,805,0,0,0,908,recovery,101
19.200293284538787,82,0,112,806,0,0,0,908,recovery,923
19.259376583356595,82,0,111,807,0,0,0,908,recovery,935
19.26993816066415,82,0,110,808,0,0,0,908,recovery,340
19.283793863858612,82,0,109,809,0,0,0,908,recovery,790
19.296520888384762,82,0,108,810,0,0,0,908,recovery,942
19.31666486648449,81,0,109,810,0,0,0,909,infection,804
19.361380917591333,81,0,108,811,0,0,0,909,recovery,800
19.364568236215064,81,0,107,812,0,0,0,909,recovery,762
19.431356412269526,81,0,106,813,0,0,0,909,recovery,546
19.442935418713077,81,0,105,814,0,0,0,909,recovery,493
19.45450905441605,80,0,106,814,0,0,0,910,infection,80
19.45769274541149,79,0,107,814,0,0,0,911,infection,961
19.463738819569215,78,0,108,814,0,0,0,912,infection,36
19.485493309187703,78,0,107,815,0,0,0,912,recovery,520
19.499430152052383,78,0,106,816,0,0,0,912,recovery,596
19.57636850563203,78,0,105,817,0,0,0,912,recovery,47
19.580788116383594,78,0,104,818,0,0,0,912,recovery,184
19.619458623835378,77,0,105,818,0,0,0,913,infection,764
19.631005490195644,77,0,104,819,0,0,0,913,recovery,804
19.65295701019078,77,0,103,820,0,0,0,913,recovery,124
19.654266516090168,77,0,102,821,0,0,0,913,recovery,717
19.683961956688496,77,0,101,822,0,0,0,913,recovery,949
19.694998714820464,77,0,100,823,0,0,0,913,recovery,744
19.71458788386284,77,0,99,824,0,0,0,913,recovery,852
19.732354502786762,77,0,98,825,0,0,0,913,recovery,491
19.756399465620834,77,0,97,826,0,0,0,913,recovery,986
19.81153531939094,77,0,96,827,0,0,0,913,recovery,501
19.852458778589654,76,0,97,827,0,0,0,914,infection,746
19.86440937205204,76,0,96,828,0,0,0,914,recovery,219
19.900703582962134,76,0,95,829,0,0,0,914,recovery,585
19.900722922627992,76,0,94,830,0,0,0,914,recovery,694
19.90183321386707,75,0,95,830,0,0,0,915,infection,133
19.947163952841287,75,0,94,831,0,0,0,915,recovery,203
19.976445906218547,75,0,93,832,0,0,0,915,recovery,86
20.007298037287313,75,0,92,833,0,0,0,915,recovery,961
20.01764089660586,75,0,91,834,0,0,0,915,recovery,32
20.105989233839857,75,0,90,835,0,0,0,915,recovery,197
20.110713938788912,75,0,89,836,0,0,0,915,recovery,604
20.117937711512827,75,0,88,837,0,0,0,915,recovery,403
20.15470730728598,75,0,87,838,0,0,0,915,recovery,467
20.228317841731375,75,0,86,839,0,0,0,915,recovery,535
20.2366080909122,75,0,85,840,0,0,0,915,recovery,400
20.28054174947989,74,0,86,840,0,0,0,916,infection,732
20.287145628514565,74,0,85,841,0,0,0,916,recovery,672
20.316005411445367,73,0,86,841,0,0,0,917,infection,927
20.37875252394447,72,0,87,841,0,0,0,918,infection,258
20.382382283215463,72,0,86,842,0,0,0,918,recovery,676
20.384068383878997,72,0,85,843,0,0,0,918,recovery,954
20.4277240797366,72,0,84,844,0,0,0,918,recovery,813
20.480278515464214,72,0,83,845,0,0,0,918,recovery,713
20.508749296472153,71,0,84,845,0,0,0,919,infection,592
20.51792761445246,70,0,85,845,0,0,0,920,infection,92
20.57354801719295,70,0,84,846,0,0,0,920,recovery,392
20.61822581447243,70,0,83,847,0,0,0,920,recovery,424
20.65653530331783,70,0,82,848,0,0,0,920,recovery,832
20.67622612751471,70,0,81,849,0,0,0,920,recovery,114
20.698193821477066,70,0,80,850,0,0,0,920,recovery,959
20.733986587933977,70,0,79,851,0,0,0,920,recovery,687
20.761079532215877,70,0,78,852,0,0,0,920,recovery,880
20.788672314822954,70,0,77,853,0,0,0,920,recovery,56
20.872925910170984,70,0,76,854,0,0,0,920,recovery,59
20.96922766262221,69,0,77,854,0,0,0,921,infection,302
21.043634101733808,69,0,76,855,0,0,0,921,recovery,405
21.0678943827747,69,0,75,856,0,0,0,921,recovery,912
21.070710402812246,69,0,74,857,0,0,0,921,recovery,243
21.18864635971516,69,0,73,858,0,0,0,921,recovery,276
21.258656051027767,69,0,72,859,0,0,0,921,recovery,897
21.331957520939262,69,0,71,860,0,0,0,921,recovery,195
21.375573027360414,68,0,72,860,0,0,0,922,infection,760
21.39880457493065,67,0,73,860,0,0,0,923,infection,139
21.525294497949805,66,0,74,860,0,0,0,924,infection,599
21.58735737676167,66,0,73,861,0,0,0,924,recovery,746
21.666120955682736,66,0,72,862,0,0,0,924,recovery,437
21.679608639448816,66,0,71,863,0,0,0,924,recovery,557
21.721562871001268,66,0,70,864,0,0,0,924,recovery,464
21.74785699652981,66,0,69,865,0,0,0,924,recovery,312
21.805477272923596,66,0,68,866,0,0,0,924,recovery,228
21.856907153252546,66,0,67,867,0,0,0,924,recovery,145
21.864782356138537,66,0,66,868,0,0,0,924,recovery,759
21.868241452137102,66,0,65,869,0,0,0,924,recovery,54
21.879909750432486,66,0,64,870,0,0,0,924,recovery,480
21.88000387587191,66,0,63,871,0,0,0,924,recovery,946
21.90000058301559,66,0,62,872,0,0,0,924,recovery,258
21.905516040167946,65,0,63,872,0,0,0,925,infection,651
22.02417626259926,65,0,62,873,0,0,0,925,recovery,220
22.151282079497406,65,0,61,874,0,0,0,925,recovery,732
22.169759406534975,65,0,60,875,0,0,0,925,recovery,760
22.206124653577703,65,0,59,876,0,0,0,925,recovery,162
22.332745210633536,65,0,58,877,0,0,0,925,recovery,764
22.336723449846172,65,0,57,878,0,0,0,925,recovery,579
22.363295888350404,64,0,58,878,0,0,0,926,infection,754
22.36733691794839,64,0,57,879,0,0,0,926,recovery,974
22.414595691498423,63,0,58,879,0,0,0,927,infection,8
22.468498914164314,63,0,57,880,0,0,0,927,recovery,775
22.47657941334917,63,0,56,881,0,0,0,927,recovery,496
22.483745727392936,63,0,55,882,0,0,0,927,recovery,701
22.648368884537163,63,0,54,883,0,0,0,927,recovery,966
22.774054462761725,63,0,53,884,0,0,0,927,recovery,25
22.966937957312755,63,0,52,885,0,0,0,927,recovery,947
23.140897326593997,63,0,51,886,0,0,0,927,recovery,441
23.15052263981915,62,0,52,886,0,0,0,928,infection,722
23.27026308600053,62,0,51,887,0,0,0,928,recovery,139
23.330196308687704,61,0,52,887,0,0,0,929,infection,318
23.44006197042095,61,0,51,888,0,0,0,929,recovery,213
23.469670071275466,61,0,50,889,0,0,0,929,recovery,509
23.47964016691931,61,0,49,890,0,0,0,929,recovery,592
23.629897910590227,61,0,48,891,0,0,0,929,recovery,671
23.699583840804202,60,0,49,891,0,0,0,930,infection,931
23.754127987828667,60,0,48,892,0,0,0,930,recovery,449
23.79746311247662,60,0,47,893,0,0,0,930,recovery,318
23.843680046706105,60,0,46,894,0,0,0,930,recovery,783
23.859327293512063,60,0,45,895,0,0,0,930,recovery,599
23.930979360651044,60,0,44,896,0,0,0,930,recovery,80
24.16108407116881,60,0,43,897,0,0,0,930,recovery,302
24.192769863432943,60,0,42,898,0,0,0,930,recovery,983
24.216156907906853,60,0,41,899,0,0,0,930,recovery,977
24.462643011804044,60,0,40,900,0,0,0,930,recovery,602
24.62585400783629,60,0,39,901,0,0,0,930,recovery,784
24.830923747829388,60,0,38,902,0,0,0,930,recovery,905
24.95943100673443,60,0,37,903,0,0,0,930,recovery,680
25.09331451709855,60,0,36,904,0,0,0,930,recovery,595
25.100791010310246,60,0,35,905,0,0,0,930,recovery,190
25.190558205141865,60,0,34,906,0,0,0,930,recovery,927
25.234893050846928,60,0,33,907,0,0,0,930,recovery,457
25.465931325737664,60,0,32,908,0,0,0,930,recovery,654
25.49092015815809,60,0,31,909,0,0,0,930,recovery,453
25.520972607660326,60,0,30,910,0,0,0,930,recovery,754
25.679351139866235,60,0,29,911,0,0,0,930,recovery,92
25.918524254814876,60,0,28,912,0,0,0,930,recovery,756
25.94645481958287,59,0,29,912,0,0,0,931,infection,51
25.954826495921814,59,0,28,913,0,0,0,931,recovery,731
26.017738377019086,59,0,27,914,0,0,0,931,recovery,234
26.208057762434784,59,0,26,915,0,0,0,931,recovery,722
26.28314568445982,59,0,25,916,0,0,0,931,recovery,953
26.319298220953286,58,0,26,916,0,0,0,932,infection,253
26.82381539092878,58,0,25,917,0,0,0,932,recovery,107
26.83802664284559,58,0,24,918,0,0,0,932,recovery,387
26.90023836637978,58,0,23,919,0,0,0,932,recovery,205
27.032769226236802,57,0,24,919,0,0,0,933,infection,803
27.296445733381564,56,0,25,919,0,0,0,934,infection,158
27.309529920619447,56,0,24,920,0,0,0,934,recovery,322
27.357429209701714,55,0,25,920,0,0,0,935,infection,739
27.377955007688275,55,0,24,921,0,0,0,935,recovery,51
27.745912247494516,55,0,23,922,0,0,0,935,recovery,444
27.826324615079795,55,0,22,923,0,0,0,935,recovery,601
27.83318880878026,55,0,21,924,0,0,0,935,recovery,8
27.924439777856882,55,0,20,925,0,0,0,935,recovery,931
28.109506511773894,55,0,19,926,0,0,0,935,recovery,933
28.39678730870027,55,0,18,927,0,0,0,935,recovery,829
28.460926500306993,55,0,17,928,0,0,0,935,recovery,253
28.545124969544283,55,0,16,929,0,0,0,935,recovery,795
28.75776039207193,55,0,15,930,0,0,0,935,recovery,354
28.950872055205842,54,0,16,930,0,0,0,936,infection,466
29.02808057730915,54,0,15,931,0,0,0,936,recovery,158
29.057455735410585,54,0,14,932,0,0,0,936,recovery,335
29.148175529346666,54,0,13,933,0,0,0,936,recovery,482
29.385734334571293,54,0,12,934,0,0,0,936,recovery,466
29.529178345227393,53,0,13,934,0,0,0,937,infection,357
29.715509617373712,53,0,12,935,0,0,0,937,recovery,17
29.749133336165002,53,0,11,936,0,0,0,937,recovery,133
30.342112288063767,53,0,10,937,0,0,0,937,recovery,36
31.204764462964505,53,0,9,938,0,0,0,937,recovery,598
31.28779933354791,53,0,8,939,0,0,0,937,recovery,651
33.15262933104642,52,0,9,939,0,0,0,938,infection,526
33.3893559166503,52,0,8,940,0,0,0,938,recovery,49
33.90654468036378,52,0,7,941,0,0,0,938,recovery,526
34.92027486237818,52,0,6,942,0,0,0,938,recovery,810
34.974463073027444,52,0,5,943,0,0,0,938,recovery,803
35.084852952116094,52,0,4,944,0,0,0,938,recovery,739
36.11415858216025,51,0,5,944,0,0,0,939,infection,365
36.81964517153749,51,0,4,945,0,0,0,939,recovery,357
37.718801907456665,51,0,3,946,0,0,0,939,recovery,917
38.30303657826967,51,0,2,947,0,0,0,939,recovery,142
38.39315235405206,51,0,1,948,0,0,0,939,recovery,724
38.862491637597266,51,0,0,949,0,0,0,939,recovery,365
40.0,51,0,0,949,0,0,0,939,horizon,0
