t,S,E,I,R,births,deaths,vaccinated,infections,event,person
0.0,990,0,10,0,0,0,0,0,initial,0
0.06194484611654611,989,0,11,0,0,0,0,1,infection,383
0.42860360850184587,988,0,12,0,0,0,0,2,infection,172
0.44778623517055194,987,0,13,0,0,0,0,3,infection,206
0.4526043058439466,986,0,14,0,0,0,0,4,infection,345
0.5054650570733775,985,0,15,0,0,0,0,5,infection,896
0.5077114981943948,984,0,16,0,0,0,0,6,infection,26
0.561906921035258,983,0,17,0,0,0,0,7,infection,165
0.5796413646272529,982,0,18,0,0,0,0,8,infection,256
0.6014776670894758,981,0,19,0,0,0,0,9,infection,212
0.6164097801755822,980,0,20,0,0,0,0,10,infection,700
0.67655540396298,980,0,19,1,0,0,0,10,recovery,993
0.6778266806302886,979,0,20,1,0,0,0,11,infection,928
0.7418466898316701,978,0,21,1,0,0,0,12,infection,318
0.7532122402107829,978,0,20,2,0,0,0,12,recovery,896
0.7676859133678592,977,0,21,2,0,0,0,13,infection,710
0.7855230279778926,977,0,20,3,0,0,0,13,recovery,700
0.8834900890313995,977,0,19,4,0,0,0,13,recovery,997
0.9200209586664192,977,0,18,5,0,0,0,13,recovery,26
0.940675052247204,976,0,19,5,0,0,0,14,infection,381
0.9816436137875929,975,0,20,5,0,0,0,15,infection,446
1.0757070672656417,975,0,19,6,0,0,0,15,recovery,345
1.093555693820929,974,0,20,6,0,0,0,16,infection,185
1.1186377124397724,973,0,21,6,0,0,0,17,infection,570
1.1411593167822656,972,0,22,6,0,0,0,18,infection,954
1.211175723287927,971,0,23,6,0,0,0,19,infection,444
1.2137580244783241,970,0,24,6,0,0,0,20,infection,990
1.2324962725586,969,0,25,6,0,0,0,21,infection,319
1.2392316225785271,968,0,26,6,0,0,0,22,infection,576
1.2516548798453422,968,0,25,7,0,0,0,22,recovery,318
1.327113216644908,967,0,26,7,0,0,0,23,infection,465
1.3393646281414675,966,0,27,7,0,0,0,24,infection,302
1.3619277105600778,965,0,28,7,0,0,0,25,infection,620
1.3774716680872916,964,0,29,7,0,0,0,26,infection,728
1.4519281810421694,963,0,30,7,0,0,0,27,infection,445
1.4615038886135887,962,0,31,7,0,0,0,28,infection,97
1.4697157948681443,961,0,32,7,0,0,0,29,infection,58
1.5315616581376588,960,0,33,7,0,0,0,30,infection,401
1.590972826699308,959,0,34,7,0,0,0,31,infection,902
1.6115318806365995,959,0,33,8,0,0,0,31,recovery,928
1.6225064742944113,959,0,32,9,0,0,0,31,recovery,465
1.6252361902731827,958,0,33,9,0,0,0,32,infection,337
1.6512343577253377,958,0,32,10,0,0,0,32,recovery,994
1.6656377746131046,957,0,33,10,0,0,0,33,infection,692
1.6876875333589263,957,0,32,11,0,0,0,33,recovery,620
1.711626126493305,956,0,33,11,0,0,0,34,infection,309
1.7151969373461555,955,0,34,11,0,0,0,35,infection,447
1.7383450679888255,954,0,35,11,0,0,0,36,infection,361
1.7421232195782648,953,0,36,11,0,0,0,37,infection,415
1.7794552992714407,952,0,37,11,0,0,0,38,infection,521
1.787726760426688,952,0,36,12,0,0,0,38,recovery,710
1.7899015704905707,951,0,37,12,0,0,0,39,infection,630
1.7948632201793773,950,0,38,12,0,0,0,40,infection,806
1.7974651856835957,950,0,37,13,0,0,0,40,recovery,576
1.8164108175007054,949,0,38,13,0,0,0,41,infection,849
1.8288995369951344,948,0,39,13,0,0,0,42,infection,577
1.8749054619858954,947,0,40,13,0,0,0,43,infection,811
1.9605333874425073,946,0,41,13,0,0,0,44,infection,20
1.990019634977752,945,0,42,13,0,0,0,45,infection,16
2.0532980996557435,945,0,41,14,0,0,0,45,recovery,999
2.070248085977489,944,0,42,14,0,0,0,46,infection,723
2.0778796802245623,943,0,43,14,0,0,0,47,infection,461
2.0781018160486373,942,0,44,14,0,0,0,48,infection,859
2.0970585355439413,941,0,45,14,0,0,0,49,infection,646
2.167317973099567,941,0,44,15,0,0,0,49,recovery,446
2.172709576630797,941,0,43,16,0,0,0,49,recovery,20
2.2149789255649335,940,0,44,16,0,0,0,50,infection,278
2.258449941394664,939,0,45,16,0,0,0,51,infection,347
2.269280863647505,938,0,46,16,0,0,0,52,infection,336
2.269981688028116,937,0,47,16,0,0,0,53,infection,433
2.3109671168994343,936,0,48,16,0,0,0,54,infection,70
2.3176792143863376,936,0,47,17,0,0,0,54,recovery,383
2.319996160777133,935,0,48,17,0,0,0,55,infection,263
2.3695973747575874,934,0,49,17,0,0,0,56,infection,484
2.3771608811673097,933,0,50,17,0,0,0,57,infection,76
2.3787423466855016,932,0,51,17,0,0,0,58,infection,307
2.381587309957149,931,0,52,17,0,0,0,59,infection,864
2.3858683981526863,930,0,53,17,0,0,0,60,infection,362
2.4176664591231907,929,0,54,17,0,0,0,61,infection,934
2.4420783585206216,928,0,55,17,0,0,0,62,infection,612
2.448964651251734,928,0,54,18,0,0,0,62,recovery,381
2.45171134640536,928,0,53,19,0,0,0,62,recovery,612
2.4580155124224,928,0,52,20,0,0,0,62,recovery,415
2.458042223164755,927,0,53,20,0,0,0,63,infection,971
2.467155088898178,926,0,54,20,0,0,0,64,infection,208
2.5093658425586955,926,0,53,21,0,0,0,64,recovery,309
2.524097487484233,925,0,54,21,0,0,0,65,infection,584
2.576122885210705,925,0,53,22,0,0,0,65,recovery,208
2.5980925957584318,924,0,54,22,0,0,0,66,infection,778
2.60713871935097,924,0,53,23,0,0,0,66,recovery,319
2.6115440016477867,923,0,54,23,0,0,0,67,infection,442
2.6951720724467227,922,0,55,23,0,0,0,68,infection,232
2.7590762503966526,921,0,56,23,0,0,0,69,infection,963
2.773055166902184,920,0,57,23,0,0,0,70,infection,730
2.7765367881100795,919,0,58,23,0,0,0,71,infection,883
2.778030984442632,918,0,59,23,0,0,0,72,infection,149
2.783818255356371,918,0,58,24,0,0,0,72,recovery,934
2.7905195288215197,917,0,59,24,0,0,0,73,infection,313
2.827069649377462,917,0,58,25,0,0,0,73,recovery,971
2.8272440941259123,916,0,59,25,0,0,0,74,infection,564
2.989776421532629,915,0,60,25,0,0,0,75,infection,911
3.001493119725697,914,0,61,25,0,0,0,76,infection,90
3.0038255193562398,914,0,60,26,0,0,0,76,recovery,692
3.0257188636622403,913,0,61,26,0,0,0,77,infection,129
3.032038360814013,912,0,62,26,0,0,0,78,infection,261
3.1071539950413496,911,0,63,26,0,0,0,79,infection,15
3.1348914055848116,911,0,62,27,0,0,0,79,recovery,347
3.1387915556854944,911,0,61,28,0,0,0,79,recovery,70
3.1642292822974096,911,0,60,29,0,0,0,79,recovery,902
3.177425987948261,910,0,61,29,0,0,0,80,infection,323
3.1896534581506284,910,0,60,30,0,0,0,80,recovery,16
3.204143624627972,909,0,61,30,0,0,0,81,infection,93
3.211097062168734,909,0,60,31,0,0,0,81,recovery,646
3.2128783003278385,908,0,61,31,0,0,0,82,infection,344
3.2203054359183705,908,0,60,32,0,0,0,82,recovery,728
3.2277267031987678,907,0,61,32,0,0,0,83,infection,760
3.232889536900027,907,0,60,33,0,0,0,83,recovery,206
3.244024117692818,906,0,61,33,0,0,0,84,infection,402
3.2624347557830475,906,0,60,34,0,0,0,84,recovery,402
3.2920696669000487,905,0,61,34,0,0,0,85,infection,60
3.341531681871237,904,0,62,34,0,0,0,86,infection,504
3.346175034836076,904,0,61,35,0,0,0,86,recovery,344
3.350585844060718,903,0,62,35,0,0,0,87,infection,600
3.3582841186175174,903,0,61,36,0,0,0,87,recovery,911
3.3693820203652054,902,0,62,36,0,0,0,88,infection,553
3.3922941162716604,901,0,63,36,0,0,0,89,infection,649
3.406323283646301,900,0,64,36,0,0,0,90,infection,153
3.4195459704444566,899,0,65,36,0,0,0,91,infection,316
3.4201057654137563,898,0,66,36,0,0,0,92,infection,547
3.4273770047279264,897,0,67,36,0,0,0,93,infection,2
3.4921978057420424,897,0,66,37,0,0,0,93,recovery,461
3.573910148883973,896,0,67,37,0,0,0,94,infection,492
3.599055995005018,896,0,66,38,0,0,0,94,recovery,97
3.6014455190528674,895,0,67,38,0,0,0,95,infection,937
3.61180347058814,895,0,66,39,0,0,0,95,recovery,445
3.6160795976309443,895,0,65,40,0,0,0,95,recovery,261
3.641128626469016,894,0,66,40,0,0,0,96,infection,726
3.6521315719545697,894,0,65,41,0,0,0,96,recovery,521
3.6559169952030004,893,0,66,41,0,0,0,97,infection,241
3.661244403641212,892,0,67,41,0,0,0,98,infection,735
3.6654600201453187,892,0,66,42,0,0,0,98,recovery,577
3.6665528185851635,891,0,67,42,0,0,0,99,infection,841
3.6669465367773317,891,0,66,43,0,0,0,99,recovery,484
3.669824914763664,891,0,65,44,0,0,0,99,recovery,401
3.7103911282462616,890,0,66,44,0,0,0,100,infection,222
3.7160160958635235,889,0,67,44,0,0,0,101,infection,456
3.7393793497953394,889,0,66,45,0,0,0,101,recovery,990
3.741807109085809,888,0,67,45,0,0,0,102,infection,827
3.741859019346774,888,0,66,46,0,0,0,102,recovery,172
3.773793622743361,887,0,67,46,0,0,0,103,infection,923
3.8126218077951184,886,0,68,46,0,0,0,104,infection,370
3.8273663273071685,885,0,69,46,0,0,0,105,infection,945
3.8327862783561395,884,0,70,46,0,0,0,106,infection,575
3.8557765925586875,883,0,71,46,0,0,0,107,infection,159
3.8586897316986613,882,0,72,46,0,0,0,108,infection,751
3.8845935689079965,882,0,71,47,0,0,0,108,recovery,996
3.892513402860424,881,0,72,47,0,0,0,109,infection,216
3.9027990470803826,880,0,73,47,0,0,0,110,infection,249
3.908640127483668,879,0,74,47,0,0,0,111,infection,894
3.9253717908089545,878,0,75,47,0,0,0,112,infection,707
3.96765742149355,877,0,76,47,0,0,0,113,infection,650
3.9773490935475593,876,0,77,47,0,0,0,114,infection,626
4.008575940770118,875,0,78,47,0,0,0,115,infection,846
4.024016363097321,874,0,79,47,0,0,0,116,infection,793
4.033601329364632,873,0,80,47,0,0,0,117,infection,922
4.03396614293801,872,0,81,47,0,0,0,118,infection,549
4.043012020247819,872,0,80,48,0,0,0,118,recovery,937
4.0521867071839175,871,0,81,48,0,0,0,119,infection,390
4.070267465342399,870,0,82,48,0,0,0,120,infection,52
4.077269195541752,870,0,81,49,0,0,0,120,recovery,93
4.094861701007347,869,0,82,49,0,0,0,121,infection,820
4.094931727274354,869,0,81,50,0,0,0,121,recovery,864
4.128672919561362,869,0,80,51,0,0,0,121,recovery,649
4.139142693152515,868,0,81,51,0,0,0,122,infection,295
4.150117905432721,868,0,80,52,0,0,0,122,recovery,185
4.158841971241993,867,0,81,52,0,0,0,123,infection,743
4.163214212219703,866,0,82,52,0,0,0,124,infection,24
4.173667246773371,865,0,83,52,0,0,0,125,infection,231
4.202434586488898,865,0,82,53,0,0,0,125,recovery,504
4.204105557654184,864,0,83,53,0,0,0,126,infection,62
4.210495006477289,864,0,82,54,0,0,0,126,recovery,216
4.214145027799294,863,0,83,54,0,0,0,127,infection,884
4.218777545340812,862,0,84,54,0,0,0,128,infection,366
4.248924533171671,861,0,85,54,0,0,0,129,infection,33
4.260987968659512,860,0,86,54,0,0,0,130,infection,269
4.272069752982483,859,0,87,54,0,0,0,131,infection,471
4.281411669869494,858,0,88,54,0,0,0,132,infection,936
4.283730881002276,857,0,89,54,0,0,0,133,infection,25
4.288858079521935,857,0,88,55,0,0,0,133,recovery,366
4.293508161825292,856,0,89,55,0,0,0,134,infection,525
4.296872265238766,855,0,90,55,0,0,0,135,infection,764
4.3030698088919985,854,0,91,55,0,0,0,136,infection,126
4.330095099127545,854,0,90,56,0,0,0,136,recovery,743
4.330963843857274,854,0,89,57,0,0,0,136,recovery,444
4.341055075342595,853,0,90,57,0,0,0,137,infection,215
4.356147485616306,852,0,91,57,0,0,0,138,infection,844
4.3738581452298995,852,0,90,58,0,0,0,138,recovery,760
4.389561402280963,852,0,89,59,0,0,0,138,recovery,584
4.3936944973345,851,0,90,59,0,0,0,139,infection,349
4.402740187872963,850,0,91,59,0,0,0,140,infection,786
4.409320336703231,849,0,92,59,0,0,0,141,infection,13
4.421034883684422,848,0,93,59,0,0,0,142,infection,785
4.452659650158313,847,0,94,59,0,0,0,143,infection,569
4.453522157140195,846,0,95,59,0,0,0,144,infection,709
4.458679715120003,845,0,96,59,0,0,0,145,infection,784
4.463649992506468,844,0,97,59,0,0,0,146,infection,872
4.464844825813015,844,0,96,60,0,0,0,146,recovery,630
4.469850545703048,843,0,97,60,0,0,0,147,infection,752
4.519678868183679,842,0,98,60,0,0,0,148,infection,693
4.5244126472917126,841,0,99,60,0,0,0,149,infection,252
4.545967449694066,840,0,100,60,0,0,0,150,infection,285
4.551633045276111,839,0,101,60,0,0,0,151,infection,921
4.557784824578031,838,0,102,60,0,0,0,152,infection,898
4.587900556778572,837,0,103,60,0,0,0,153,infection,395
4.618204876402501,836,0,104,60,0,0,0,154,infection,919
4.621585112698567,835,0,105,60,0,0,0,155,infection,605
4.631391810030447,834,0,106,60,0,0,0,156,infection,866
4.636609460471378,833,0,107,60,0,0,0,157,infection,956
4.637134978206015,833,0,106,61,0,0,0,157,recovery,806
4.644861792835934,832,0,107,61,0,0,0,158,infection,130
4.647677791978026,832,0,106,62,0,0,0,158,recovery,898
4.653381008885788,831,0,107,62,0,0,0,159,infection,94
4.681006360765045,831,0,106,63,0,0,0,159,recovery,269
4.7038922992583005,830,0,107,63,0,0,0,160,infection,211
4.704362007446461,829,0,108,63,0,0,0,161,infection,938
4.704522739873109,829,0,107,64,0,0,0,161,recovery,600
4.720460276228689,828,0,108,64,0,0,0,162,infection,656
4.7223024856266544,827,0,109,64,0,0,0,163,infection,660
4.727612021405395,827,0,108,65,0,0,0,163,recovery,256
4.744443696981597,826,0,109,65,0,0,0,164,infection,982
4.768983648150214,825,0,110,65,0,0,0,165,infection,675
4.780198733652895,824,0,111,65,0,0,0,166,infection,722
4.7829639521404355,824,0,110,66,0,0,0,166,recovery,395
4.790183203610606,823,0,111,66,0,0,0,167,infection,104
4.796907026790663,822,0,112,66,0,0,0,168,infection,766
4.7969530474468245,821,0,113,66,0,0,0,169,infection,294
4.797661213090254,820,0,114,66,0,0,0,170,infection,747
4.821895745604887,819,0,115,66,0,0,0,171,infection,189
4.823080230661899,818,0,116,66,0,0,0,172,infection,89
4.824337225407843,818,0,115,67,0,0,0,172,recovery,849
4.825246946881305,817,0,116,67,0,0,0,173,infection,281
4.843781628222979,816,0,117,67,0,0,0,174,infection,113
4.8540926637028905,815,0,118,67,0,0,0,175,infection,717
4.854519515377129,814,0,119,67,0,0,0,176,infection,407
4.85865384735742,814,0,118,68,0,0,0,176,recovery,866
4.859026998321469,813,0,119,68,0,0,0,177,infection,34
4.860223807623515,812,0,120,68,0,0,0,178,infection,411
4.864835969140013,812,0,119,69,0,0,0,178,recovery,859
4.879879457536697,812,0,118,70,0,0,0,178,recovery,784
4.88247250043707,811,0,119,70,0,0,0,179,infection,704
4.883498381873773,810,0,120,70,0,0,0,180,infection,712
4.8856726447285155,810,0,119,71,0,0,0,180,recovery,945
4.887477747671988,810,0,118,72,0,0,0,180,recovery,995
4.902049814074777,809,0,119,72,0,0,0,181,infection,242
4.9023686172923,808,0,120,72,0,0,0,182,infection,133
4.918131356894746,807,0,121,72,0,0,0,183,infection,699
4.92858941013835,806,0,122,72,0,0,0,184,infection,658
4.936594904785956,806,0,121,73,0,0,0,184,recovery,575
4.938915378230975,805,0,122,73,0,0,0,185,infection,960
4.950061140256708,804,0,123,73,0,0,0,186,infection,139
4.961166096342601,804,0,122,74,0,0,0,186,recovery,362
4.963412883473687,804,0,121,75,0,0,0,186,recovery,211
4.966381691183209,803,0,122,75,0,0,0,187,infection,79
4.967689523346302,803,0,121,76,0,0,0,187,recovery,751
5.005120116174179,802,0,122,76,0,0,0,188,infection,988
5.018827707915895,802,0,121,77,0,0,0,188,recovery,222
5.021956000327412,801,0,122,77,0,0,0,189,infection,763
5.031860177527325,800,0,123,77,0,0,0,190,infection,53
5.054148624864098,799,0,124,77,0,0,0,191,infection,181
5.06030190694762,798,0,125,77,0,0,0,192,infection,356
5.088053536584864,797,0,126,77,0,0,0,193,infection,209
5.093005153743752,797,0,125,78,0,0,0,193,recovery,139
5.097784282361154,796,0,126,78,0,0,0,194,infection,545
5.100789625561947,795,0,127,78,0,0,0,195,infection,186
5.114417500667432,794,0,128,78,0,0,0,196,infection,973
5.131649035798597,793,0,129,78,0,0,0,197,infection,148
5.148787421947408,793,0,128,79,0,0,0,197,recovery,336
5.1646560189025825,793,0,127,80,0,0,0,197,recovery,33
5.211648925786427,793,0,126,81,0,0,0,197,recovery,872
5.2224918176195505,793,0,125,82,0,0,0,197,recovery,79
5.224142901966483,792,0,126,82,0,0,0,198,infection,860
5.235147926799661,791,0,127,82,0,0,0,199,infection,384
5.2484299123792155,790,0,128,82,0,0,0,200,infection,571
5.254072023981399,790,0,127,83,0,0,0,200,recovery,263
5.26901525474512,789,0,128,83,0,0,0,201,infection,244
5.294512369689547,788,0,129,83,0,0,0,202,infection,535
5.308791368370017,787,0,130,83,0,0,0,203,infection,297
5.3130157053297395,786,0,131,83,0,0,0,204,infection,304
5.3173009652944385,785,0,132,83,0,0,0,205,infection,339
5.32328128534888,784,0,133,83,0,0,0,206,infection,300
5.325187076993143,784,0,132,84,0,0,0,206,recovery,571
5.326794097902399,783,0,133,84,0,0,0,207,infection,253
5.327891522572124,782,0,134,84,0,0,0,208,infection,64
5.334351618014197,781,0,135,84,0,0,0,209,infection,179
5.346535408708592,780,0,136,84,0,0,0,210,infection,322
5.3529035186508205,779,0,137,84,0,0,0,211,infection,123
5.3660330280613655,779,0,136,85,0,0,0,211,recovery,13
5.37407838582567,778,0,137,85,0,0,0,212,infection,81
5.377394708381483,777,0,138,85,0,0,0,213,infection,947
5.383035082855297,776,0,139,85,0,0,0,214,infection,108
5.384617142553083,776,0,138,86,0,0,0,214,recovery,285
5.3963476351954265,775,0,139,86,0,0,0,215,infection,71
5.411210583707118,775,0,138,87,0,0,0,215,recovery,564
5.4120836683641205,774,0,139,87,0,0,0,216,infection,391
5.414524716777385,773,0,140,87,0,0,0,217,infection,812
5.415021133506053,772,0,141,87,0,0,0,218,infection,977
5.415284549148911,772,0,140,88,0,0,0,218,recovery,922
5.418390998025442,772,0,139,89,0,0,0,218,recovery,89
5.425046616869761,771,0,140,89,0,0,0,219,infection,229
5.427887013324924,770,0,141,89,0,0,0,220,infection,912
5.442781070498452,769,0,142,89,0,0,0,221,infection,714
5.452239465213691,768,0,143,89,0,0,0,222,infection,917
5.461292708139103,767,0,144,89,0,0,0,223,infection,66
5.461950580827421,766,0,145,89,0,0,0,224,infection,536
5.481013056947557,765,0,146,89,0,0,0,225,infection,863
5.48112507068074,764,0,147,89,0,0,0,226,infection,927
5.482416939970339,764,0,146,90,0,0,0,226,recovery,212
5.489502547088269,763,0,147,90,0,0,0,227,infection,324
5.500960846483936,762,0,148,90,0,0,0,228,infection,238
5.507971058233748,761,0,149,90,0,0,0,229,infection,858
5.531164503913422,760,0,150,90,0,0,0,230,infection,508
5.531784573695942,759,0,151,90,0,0,0,231,infection,847
5.571319965995715,758,0,152,90,0,0,0,232,infection,400
5.5720665834052125,757,0,153,90,0,0,0,233,infection,247
5.582518659592902,756,0,154,90,0,0,0,234,infection,933
5.584855162570226,755,0,155,90,0,0,0,235,infection,621
5.596915806730967,754,0,156,90,0,0,0,236,infection,282
5.6150801201784715,753,0,157,90,0,0,0,237,infection,783
5.616982316332009,752,0,158,90,0,0,0,238,infection,588
5.621803450424714,752,0,157,91,0,0,0,238,recovery,963
5.626265913504993,751,0,158,91,0,0,0,239,infection,683
5.641978259071059,751,0,157,92,0,0,0,239,recovery,884
5.645413462310463,750,0,158,92,0,0,0,240,infection,136
5.647875533441229,749,0,159,92,0,0,0,241,infection,909
5.652677153784465,748,0,160,92,0,0,0,242,infection,303
5.67648805855753,747,0,161,92,0,0,0,243,infection,338
5.676725182685147,746,0,162,92,0,0,0,244,infection,716
5.68712684558212,745,0,163,92,0,0,0,245,infection,949
5.694291756282564,744,0,164,92,0,0,0,246,infection,144
5.716253892643849,743,0,165,92,0,0,0,247,infection,591
5.7299098940013575,742,0,166,92,0,0,0,248,infection,87
5.733179607203471,741,0,167,92,0,0,0,249,infection,655
5.737093952308669,740,0,168,92,0,0,0,250,infection,55
5.737119549683017,740,0,167,93,0,0,0,250,recovery,189
5.7420888135440125,740,0,166,94,0,0,0,250,recovery,547
5.746443109477895,739,0,167,94,0,0,0,251,infection,289
5.761917594702327,738,0,168,94,0,0,0,252,infection,11
5.774511109920243,738,0,167,95,0,0,0,252,recovery,783
5.782492491875825,738,0,166,96,0,0,0,252,recovery,655
5.789782756982529,737,0,167,96,0,0,0,253,infection,328
5.807849027877129,737,0,166,97,0,0,0,253,recovery,209
5.808707364120555,737,0,165,98,0,0,0,253,recovery,588
5.817350802698702,736,0,166,98,0,0,0,254,infection,695
5.824981338838679,736,0,165,99,0,0,0,254,recovery,15
5.825215517181462,735,0,166,99,0,0,0,255,infection,164
5.830509506985247,734,0,167,99,0,0,0,256,infection,417
5.839752949110059,733,0,168,99,0,0,0,257,infection,980
5.841792732632713,732,0,169,99,0,0,0,258,infection,161
5.852391769757312,731,0,170,99,0,0,0,259,infection,43
5.854836974258664,730,0,171,99,0,0,0,260,infection,762
5.863019704243003,729,0,172,99,0,0,0,261,infection,900
5.87399443807335,729,0,171,100,0,0,0,261,recovery,130
5.875886320059595,728,0,172,100,0,0,0,262,infection,377
5.879749928147707,728,0,171,101,0,0,0,262,recovery,58
5.881239672104291,727,0,172,101,0,0,0,263,infection,792
5.882028974555453,727,0,171,102,0,0,0,263,recovery,24
5.882265654851176,726,0,172,102,0,0,0,264,infection,797
5.885552982783897,726,0,171,103,0,0,0,264,recovery,927
5.893972853321279,725,0,172,103,0,0,0,265,infection,756
5.902380894171405,724,0,173,103,0,0,0,266,infection,95
5.911357193978471,723,0,174,103,0,0,0,267,infection,729
5.9152253532981085,723,0,173,104,0,0,0,267,recovery,883
5.916081879512969,722,0,174,104,0,0,0,268,infection,746
5.916764408050629,722,0,173,105,0,0,0,268,recovery,52
5.922158484639144,721,0,174,105,0,0,0,269,infection,962
5.950914637120626,721,0,173,106,0,0,0,269,recovery,361
5.9556453095429935,721,0,172,107,0,0,0,269,recovery,726
5.957655012895075,721,0,171,108,0,0,0,269,recovery,717
5.971717826585134,721,0,170,109,0,0,0,269,recovery,43
5.995368777814826,721,0,169,110,0,0,0,269,recovery,660
6.007654483574418,720,0,170,110,0,0,0,270,infection,736
6.019907492153564,719,0,171,110,0,0,0,271,infection,68
6.0341069650434145,718,0,172,110,0,0,0,272,infection,236
6.038957917031191,717,0,173,110,0,0,0,273,infection,190
6.040693154288688,716,0,174,110,0,0,0,274,infection,399
6.044991644087439,715,0,175,110,0,0,0,275,infection,44
6.046219227966137,714,0,176,110,0,0,0,276,infection,259
6.052747259024177,714,0,175,111,0,0,0,276,recovery,411
6.0585076859981415,713,0,176,111,0,0,0,277,infection,458
6.060617496096705,713,0,175,112,0,0,0,277,recovery,712
6.080998614421532,712,0,176,112,0,0,0,278,infection,667
6.0810740430032535,711,0,177,112,0,0,0,279,infection,594
6.086508692516375,710,0,178,112,0,0,0,280,infection,969
6.086842523750367,709,0,179,112,0,0,0,281,infection,614
6.090096583552246,708,0,180,112,0,0,0,282,infection,220
6.105156600960763,707,0,181,112,0,0,0,283,infection,496
6.111632663127785,706,0,182,112,0,0,0,284,infection,346
6.12339113117476,705,0,183,112,0,0,0,285,infection,475
6.123538601954942,704,0,184,112,0,0,0,286,infection,170
6.128577684406712,704,0,183,113,0,0,0,286,recovery,969
6.129775931337674,704,0,182,114,0,0,0,286,recovery,621
6.138879845211678,704,0,181,115,0,0,0,286,recovery,982
6.14508222663375,703,0,182,115,0,0,0,287,infection,681
6.153736372164294,702,0,183,115,0,0,0,288,infection,561
6.1663389312760195,702,0,182,116,0,0,0,288,recovery,44
6.169168793876265,701,0,183,116,0,0,0,289,infection,464
6.169882292133349,701,0,182,117,0,0,0,289,recovery,549
6.176129483625605,701,0,181,118,0,0,0,289,recovery,302
6.176512973576189,701,0,180,119,0,0,0,289,recovery,159
6.201019706241523,701,0,179,120,0,0,0,289,recovery,62
6.21330202469198,701,0,178,121,0,0,0,289,recovery,170
6.216030961955824,700,0,179,121,0,0,0,290,infection,386
6.217455315519758,699,0,180,121,0,0,0,291,infection,631
6.226933421816927,698,0,181,121,0,0,0,292,infection,372
6.227189423934674,698,0,180,122,0,0,0,292,recovery,746
6.276138846009407,697,0,181,122,0,0,0,293,infection,645
6.291445701278964,696,0,182,122,0,0,0,294,infection,684
6.304721009826463,695,0,183,122,0,0,0,295,infection,352
6.322007872913364,694,0,184,122,0,0,0,296,infection,125
6.34887009640031,693,0,185,122,0,0,0,297,infection,976
6.352510134681018,693,0,184,123,0,0,0,297,recovery,735
6.3572868306335915,692,0,185,123,0,0,0,298,infection,850
6.361293108361114,691,0,186,123,0,0,0,299,infection,773
6.363063261567561,691,0,185,124,0,0,0,299,recovery,34
6.3802081431041096,690,0,186,124,0,0,0,300,infection,288
6.385044811757973,689,0,187,124,0,0,0,301,infection,197
6.394147727819446,689,0,186,125,0,0,0,301,recovery,215
6.394331625360295,688,0,187,125,0,0,0,302,infection,155
6.404385583049817,688,0,186,126,0,0,0,302,recovery,991
6.431411770429561,688,0,185,127,0,0,0,302,recovery,827
6.433902541925537,687,0,186,127,0,0,0,303,infection,787
6.458652099127864,686,0,187,127,0,0,0,304,infection,648
6.468848062705061,685,0,188,127,0,0,0,305,infection,810
6.471901292818635,684,0,189,127,0,0,0,306,infection,248
6.487394908926468,684,0,188,128,0,0,0,306,recovery,569
6.48879541926329,683,0,189,128,0,0,0,307,infection,871
6.498834740788494,683,0,188,129,0,0,0,307,recovery,863
6.50144730226458,682,0,189,129,0,0,0,308,infection,750
6.504979237554031,681,0,190,129,0,0,0,309,infection,880
6.505570185163425,681,0,189,130,0,0,0,309,recovery,68
6.507889573880658,680,0,190,130,0,0,0,310,infection,378
6.510892300461393,679,0,191,130,0,0,0,311,infection,178
6.5147618095459805,679,0,190,131,0,0,0,311,recovery,750
6.517056904979271,679,0,189,132,0,0,0,311,recovery,338
6.5218468972636,678,0,190,132,0,0,0,312,infection,257
6.524233085469249,677,0,191,132,0,0,0,313,infection,734
6.538519598018711,677,0,190,133,0,0,0,313,recovery,155
6.545443601559818,676,0,191,133,0,0,0,314,infection,467
6.554054219536351,675,0,192,133,0,0,0,315,infection,140
6.561657844560454,674,0,193,133,0,0,0,316,infection,531
6.59223063844728,673,0,194,133,0,0,0,317,infection,486
6.596466888387002,672,0,195,133,0,0,0,318,infection,795
6.600032434457312,672,0,194,134,0,0,0,318,recovery,936
6.600415983170101,671,0,195,134,0,0,0,319,infection,39
6.652227556318919,670,0,196,134,0,0,0,320,infection,582
6.653142549846189,670,0,195,135,0,0,0,320,recovery,303
6.6586015734136135,669,0,196,135,0,0,0,321,infection,65
6.665393217883745,669,0,195,136,0,0,0,321,recovery,988
6.670619104608463,668,0,196,136,0,0,0,322,infection,343
6.682929699757096,667,0,197,136,0,0,0,323,infection,984
6.683124901966026,666,0,198,136,0,0,0,324,infection,721
6.693178671543022,666,0,197,137,0,0,0,324,recovery,699
6.7030262708012485,665,0,198,137,0,0,0,325,infection,251
6.723154139464583,664,0,199,137,0,0,0,326,infection,287
6.72448282056237,663,0,200,137,0,0,0,327,infection,952
6.728240037242944,662,0,201,137,0,0,0,328,infection,931
6.743071238556911,661,0,202,137,0,0,0,329,infection,731
6.746797594926593,660,0,203,137,0,0,0,330,infection,887
6.746810399634693,660,0,202,138,0,0,0,330,recovery,786
6.75420418747222,659,0,203,138,0,0,0,331,infection,817
6.762773194971061,659,0,202,139,0,0,0,331,recovery,797
6.763224186027018,658,0,203,139,0,0,0,332,infection,782
6.764474757198047,657,0,204,139,0,0,0,333,infection,358
6.7696717376960915,656,0,205,139,0,0,0,334,infection,392
6.770756146318562,655,0,206,139,0,0,0,335,infection,852
6.78047963294331,654,0,207,139,0,0,0,336,infection,579
6.792185206520551,654,0,206,140,0,0,0,336,recovery,954
6.796600463547206,653,0,207,140,0,0,0,337,infection,789
6.797926872191902,652,0,208,140,0,0,0,338,infection,219
6.7990662872896195,652,0,207,141,0,0,0,338,recovery,288
6.799905235901118,652,0,206,142,0,0,0,338,recovery,400
6.801686965418352,651,0,207,142,0,0,0,339,infection,791
6.807465691236336,651,0,206,143,0,0,0,339,recovery,304
6.807766853632972,650,0,207,143,0,0,0,340,infection,450
6.809576829236138,650,0,206,144,0,0,0,340,recovery,561
6.811891299244057,649,0,207,144,0,0,0,341,infection,908
6.824077714446622,649,0,206,145,0,0,0,341,recovery,992
6.824195742175542,648,0,207,145,0,0,0,342,infection,98
6.826895416036905,648,0,206,146,0,0,0,342,recovery,626
6.831799635199321,647,0,207,146,0,0,0,343,infection,861
6.836247165174039,647,0,206,147,0,0,0,343,recovery,789
6.846546126940195,647,0,205,148,0,0,0,343,recovery,447
6.848220758039958,646,0,206,148,0,0,0,344,infection,290
6.848847376454552,646,0,205,149,0,0,0,344,recovery,731
6.848891346760921,646,0,204,150,0,0,0,344,recovery,378
6.8603912892596455,645,0,205,150,0,0,0,345,infection,84
6.866191682924629,644,0,206,150,0,0,0,346,infection,580
6.87201915528048,643,0,207,150,0,0,0,347,infection,174
6.873455033868788,642,0,208,150,0,0,0,348,infection,903
6.877739823787008,641,0,209,150,0,0,0,349,infection,526
6.8778632419527606,641,0,208,151,0,0,0,349,recovery,108
6.882777016917135,640,0,209,151,0,0,0,350,infection,237
6.893541128832499,640,0,208,152,0,0,0,350,recovery,917
6.923164423984362,640,0,207,153,0,0,0,350,recovery,349
6.923720372516568,639,0,208,153,0,0,0,351,infection,772
6.9290853080431285,638,0,209,153,0,0,0,352,infection,355
6.931781065515206,638,0,208,154,0,0,0,352,recovery,841
6.932240206435675,637,0,209,154,0,0,0,353,infection,443
6.932734979839063,636,0,210,154,0,0,0,354,infection,978
6.932759230056722,635,0,211,154,0,0,0,355,infection,1
6.9483430048748005,634,0,212,154,0,0,0,356,infection,573
6.960756469434415,634,0,211,155,0,0,0,356,recovery,249
6.961305834578951,633,0,212,155,0,0,0,357,infection,438
6.962429120804137,633,0,211,156,0,0,0,357,recovery,343
6.966743618226441,632,0,212,156,0,0,0,358,infection,365
6.969776016693407,632,0,211,157,0,0,0,358,recovery,65
6.9765477375889455,632,0,210,158,0,0,0,358,recovery,773
6.979157614911971,632,0,209,159,0,0,0,358,recovery,346
7.000711202276514,631,0,210,159,0,0,0,359,infection,334
7.0256105455997435,631,0,209,160,0,0,0,359,recovery,736
7.031528898506491,630,0,210,160,0,0,0,360,infection,488
7.0393691731989225,629,0,211,160,0,0,0,361,infection,457
7.041453051874756,629,0,210,161,0,0,0,361,recovery,778
7.04601561360141,628,0,211,161,0,0,0,362,infection,664
7.0468775550232365,627,0,212,161,0,0,0,363,infection,325
7.0550703180015395,626,0,213,161,0,0,0,364,infection,771
7.062019877339076,625,0,214,161,0,0,0,365,infection,494
7.069637684360617,625,0,213,162,0,0,0,365,recovery,903
7.094943465968409,624,0,214,162,0,0,0,366,infection,451
7.100836307782703,624,0,213,163,0,0,0,366,recovery,87
7.101823766691327,623,0,214,163,0,0,0,367,infection,944
7.115829584036356,623,0,213,164,0,0,0,367,recovery,287
7.117028502769845,622,0,214,164,0,0,0,368,infection,814
7.122919641974242,621,0,215,164,0,0,0,369,infection,802
7.125662133811877,620,0,216,164,0,0,0,370,infection,851
7.1265308139584524,619,0,217,164,0,0,0,371,infection,583
7.129867244256935,618,0,218,164,0,0,0,372,infection,899
7.132756942159096,617,0,219,164,0,0,0,373,infection,214
7.135677611263753,616,0,220,164,0,0,0,374,infection,351
7.143589176854758,615,0,221,164,0,0,0,375,infection,376
7.149501670518191,615,0,220,165,0,0,0,375,recovery,113
7.16122241930519,614,0,221,165,0,0,0,376,infection,540
7.167620171591627,613,0,222,165,0,0,0,377,infection,107
7.1821082815521535,613,0,221,166,0,0,0,377,recovery,300
7.182750797684634,612,0,222,166,0,0,0,378,infection,462
7.196618300452669,612,0,221,167,0,0,0,378,recovery,984
7.216771827885405,612,0,220,168,0,0,0,378,recovery,417
7.220799036499225,611,0,221,168,0,0,0,379,infection,122
7.22486841800316,610,0,222,168,0,0,0,380,infection,239
7.234851844990552,609,0,223,168,0,0,0,381,infection,260
7.2361453040615595,608,0,224,168,0,0,0,382,infection,807
7.249681277656079,607,0,225,168,0,0,0,383,infection,141
7.2501572728558505,606,0,226,168,0,0,0,384,infection,696
7.251947305692951,606,0,225,169,0,0,0,384,recovery,238
7.2549563334356435,606,0,224,170,0,0,0,384,recovery,709
7.260077553016792,606,0,223,171,0,0,0,384,recovery,181
7.267544295670494,605,0,224,171,0,0,0,385,infection,638
7.280969035764732,604,0,225,171,0,0,0,386,infection,424
7.287518912395269,604,0,224,172,0,0,0,386,recovery,55
7.288249436942759,603,0,225,172,0,0,0,387,infection,223
7.294247354971418,603,0,224,173,0,0,0,387,recovery,260
7.307381236487979,602,0,225,173,0,0,0,388,infection,205
7.3085927509185336,601,0,226,173,0,0,0,389,infection,768
7.312892100747743,600,0,227,173,0,0,0,390,infection,546
7.317207780805338,599,0,228,173,0,0,0,391,infection,157
7.31811384354973,598,0,229,173,0,0,0,392,infection,519
7.321364920196549,598,0,228,174,0,0,0,392,recovery,545
7.331262007186272,598,0,227,175,0,0,0,392,recovery,95
7.34145558035422,598,0,226,176,0,0,0,392,recovery,450
7.344240497154772,597,0,227,176,0,0,0,393,infection,513
7.347657487293145,596,0,228,176,0,0,0,394,infection,910
7.3502444322362805,595,0,229,176,0,0,0,395,infection,958
7.350705333288073,594,0,230,176,0,0,0,396,infection,877
7.3703894604552165,594,0,229,177,0,0,0,396,recovery,579
7.370744156561532,593,0,230,177,0,0,0,397,infection,420
7.371960306795216,592,0,231,177,0,0,0,398,infection,599
7.373017514186102,591,0,232,177,0,0,0,399,infection,690
7.3746006152430805,590,0,233,177,0,0,0,400,infection,657
7.37565309660992,589,0,234,177,0,0,0,401,infection,397
7.386072508852478,588,0,235,177,0,0,0,402,infection,291
7.394758138949801,587,0,236,177,0,0,0,403,infection,590
7.405252589159403,586,0,237,177,0,0,0,404,infection,112
7.40635986461476,585,0,238,177,0,0,0,405,infection,91
7.413727292148269,584,0,239,177,0,0,0,406,infection,394
7.420950498653153,584,0,238,178,0,0,0,406,recovery,664
7.4222661409628925,583,0,239,178,0,0,0,407,infection,40
7.427202374563948,582,0,240,178,0,0,0,408,infection,889
7.430912414768061,582,0,239,179,0,0,0,408,recovery,1
7.437625999539466,581,0,240,179,0,0,0,409,infection,670
7.441800413856459,580,0,241,179,0,0,0,410,infection,162
7.45297787369455,580,0,240,180,0,0,0,410,recovery,850
7.459254538151748,580,0,239,181,0,0,0,410,recovery,290
7.472859351465985,579,0,240,181,0,0,0,411,infection,412
7.473263502082559,579,0,239,182,0,0,0,411,recovery,278
7.482268165590263,579,0,238,183,0,0,0,411,recovery,590
7.483913621326806,579,0,237,184,0,0,0,411,recovery,457
7.530464175410331,578,0,238,184,0,0,0,412,infection,753
7.531817805339558,577,0,239,184,0,0,0,413,infection,246
7.536860532521266,576,0,240,184,0,0,0,414,infection,421
7.545437355110394,576,0,239,185,0,0,0,414,recovery,248
7.552507461990746,575,0,240,185,0,0,0,415,infection,781
7.553081750473853,574,0,241,185,0,0,0,416,infection,429
7.561758007732884,574,0,240,186,0,0,0,416,recovery,407
7.578048133401747,574,0,239,187,0,0,0,416,recovery,399
7.580392963115904,573,0,240,187,0,0,0,417,infection,544
7.580973076183103,572,0,241,187,0,0,0,418,infection,406
7.583678197796563,571,0,242,187,0,0,0,419,infection,88
7.597919988797125,571,0,241,188,0,0,0,419,recovery,605
7.60246852651203,571,0,240,189,0,0,0,419,recovery,257
7.610980400306114,570,0,241,189,0,0,0,420,infection,639
7.612751811451253,569,0,242,189,0,0,0,421,infection,853
7.614395766258839,568,0,243,189,0,0,0,422,infection,332
7.6234621620765175,568,0,242,190,0,0,0,422,recovery,71
7.627913210910809,568,0,241,191,0,0,0,422,recovery,573
7.631152816017154,568,0,240,192,0,0,0,422,recovery,438
7.635364178490367,567,0,241,192,0,0,0,423,infection,665
7.668349548536947,566,0,242,192,0,0,0,424,infection,466
7.674562433794857,565,0,243,192,0,0,0,425,infection,595
7.676188609136945,564,0,244,192,0,0,0,426,infection,517
7.692891437239588,563,0,245,192,0,0,0,427,infection,918
7.708292401965994,562,0,246,192,0,0,0,428,infection,606
7.733009848058299,561,0,247,192,0,0,0,429,infection,527
7.735007834013692,560,0,248,192,0,0,0,430,infection,499
7.737464240378479,559,0,249,192,0,0,0,431,infection,436
7.739378615625098,559,0,248,193,0,0,0,431,recovery,704
7.741287599450703,559,0,247,194,0,0,0,431,recovery,107
7.746146430296751,558,0,248,194,0,0,0,432,infection,227
7.749101221319949,557,0,249,194,0,0,0,433,infection,628
7.754505586044017,556,0,250,194,0,0,0,434,infection,672
7.758878322829803,556,0,249,195,0,0,0,434,recovery,762
7.767242177816023,556,0,248,196,0,0,0,434,recovery,947
7.767458055899445,556,0,247,197,0,0,0,434,recovery,466
7.779415485879288,556,0,246,198,0,0,0,434,recovery,241
7.794511070152776,556,0,245,199,0,0,0,434,recovery,488
7.797227718794345,555,0,246,199,0,0,0,435,infection,409
7.798734098077981,554,0,247,199,0,0,0,436,infection,286
7.7991713189455165,554,0,246,200,0,0,0,436,recovery,860
7.808781053307937,553,0,247,200,0,0,0,437,infection,135
7.826349921740035,552,0,248,200,0,0,0,438,infection,932
7.83057896330473,551,0,249,200,0,0,0,439,infection,240
7.8425394719524855,551,0,248,201,0,0,0,439,recovery,377
7.845486547757882,551,0,247,202,0,0,0,439,recovery,136
7.845793999358739,550,0,248,202,0,0,0,440,infection,388
7.8537299746069795,549,0,249,202,0,0,0,441,infection,913
7.8544753695463845,548,0,250,202,0,0,0,442,infection,418
7.864747317395277,547,0,251,202,0,0,0,443,infection,9
7.866205340379032,546,0,252,202,0,0,0,444,infection,674
7.8710369188806055,546,0,251,203,0,0,0,444,recovery,337
7.8718463081843915,545,0,252,203,0,0,0,445,infection,92
7.87873249739018,544,0,253,203,0,0,0,446,infection,131
7.886881100215539,543,0,254,203,0,0,0,447,infection,818
7.890660878570683,542,0,255,203,0,0,0,448,infection,555
7.898227214814602,541,0,256,203,0,0,0,449,infection,177
7.90139972720358,540,0,257,203,0,0,0,450,infection,505
7.906916583130467,540,0,256,204,0,0,0,450,recovery,913
7.907727966239957,540,0,255,205,0,0,0,450,recovery,129
7.913017715935662,539,0,256,205,0,0,0,451,infection,801
7.923532594501035,538,0,257,205,0,0,0,452,infection,869
7.932527194195377,537,0,258,205,0,0,0,453,infection,474
7.937213189985115,537,0,257,206,0,0,0,453,recovery,81
7.9389319580757665,536,0,258,206,0,0,0,454,infection,602
7.942195089397936,536,0,257,207,0,0,0,454,recovery,328
7.944171337754892,536,0,256,208,0,0,0,454,recovery,412
7.9503267286571635,536,0,255,209,0,0,0,454,recovery,162
7.972908932042653,536,0,254,210,0,0,0,454,recovery,949
7.980654331418856,536,0,253,211,0,0,0,454,recovery,638
7.992858936884439,536,0,252,212,0,0,0,454,recovery,814
7.998765134711523,536,0,251,213,0,0,0,454,recovery,471
8.002002480507608,535,0,252,213,0,0,0,455,infection,5
8.006382548822966,535,0,251,214,0,0,0,455,recovery,909
8.00702485428633,535,0,250,215,0,0,0,455,recovery,690
8.01187020328162,534,0,251,215,0,0,0,456,infection,745
8.014116991942208,533,0,252,215,0,0,0,457,infection,637
8.019906956933397,532,0,253,215,0,0,0,458,infection,554
8.020286672595219,531,0,254,215,0,0,0,459,infection,85
8.022596931793016,531,0,253,216,0,0,0,459,recovery,998
8.025422459986988,530,0,254,216,0,0,0,460,infection,312
8.032614976881527,530,0,253,217,0,0,0,460,recovery,810
8.040983688339558,529,0,254,217,0,0,0,461,infection,720
8.041852154068348,528,0,255,217,0,0,0,462,infection,779
8.049475195626462,528,0,254,218,0,0,0,462,recovery,861
8.056267938095512,527,0,255,218,0,0,0,463,infection,264
8.058569987631504,526,0,256,218,0,0,0,464,infection,37
8.06185807246911,525,0,257,218,0,0,0,465,infection,907
8.067553771728987,524,0,258,218,0,0,0,466,infection,601
8.08387627337013,524,0,257,219,0,0,0,466,recovery,900
8.084695943056797,523,0,258,219,0,0,0,467,infection,369
8.08613246191502,523,0,257,220,0,0,0,467,recovery,406
8.090449938590172,522,0,258,220,0,0,0,468,infection,560
8.10402640853082,522,0,257,221,0,0,0,468,recovery,376
8.104319643124118,521,0,258,221,0,0,0,469,infection,671
8.106911566791815,520,0,259,221,0,0,0,470,infection,203
8.107894355186613,520,0,258,222,0,0,0,470,recovery,253
8.1209397886712,519,0,259,222,0,0,0,471,infection,983
8.121620380602785,518,0,260,222,0,0,0,472,infection,511
8.125747880277178,517,0,261,222,0,0,0,473,infection,419
8.131152221506431,516,0,262,222,0,0,0,474,infection,895
8.13557398318817,516,0,261,223,0,0,0,474,recovery,358
8.150623635618794,516,0,260,224,0,0,0,474,recovery,602
8.15655565870891,515,0,261,224,0,0,0,475,infection,250
8.157554658904782,514,0,262,224,0,0,0,476,infection,258
8.159398441307953,513,0,263,224,0,0,0,477,infection,539
8.16197212869476,513,0,262,225,0,0,0,477,recovery,339
8.167542091357912,513,0,261,226,0,0,0,477,recovery,747
8.170414723146203,512,0,262,226,0,0,0,478,infection,449
8.188525459931128,512,0,261,227,0,0,0,478,recovery,433
8.197365568133455,511,0,262,227,0,0,0,479,infection,266
8.208323388657172,510,0,263,227,0,0,0,480,infection,882
8.210626271977347,510,0,262,228,0,0,0,480,recovery,420
8.217921779943097,510,0,261,229,0,0,0,480,recovery,858
8.221362739489775,510,0,260,230,0,0,0,480,recovery,125
8.227275151808882,510,0,259,231,0,0,0,480,recovery,126
8.232975986248375,510,0,258,232,0,0,0,480,recovery,973
8.233937885789791,509,0,259,232,0,0,0,481,infection,45
8.23727732049193,508,0,260,232,0,0,0,482,infection,737
8.239550670488162,508,0,259,233,0,0,0,482,recovery,250
8.239708644379466,507,0,260,233,0,0,0,483,infection,703
8.244261393050952,507,0,259,234,0,0,0,483,recovery,316
8.25560552427171,507,0,258,235,0,0,0,483,recovery,259
8.259171318802991,506,0,259,235,0,0,0,484,infection,558
8.26134574862056,505,0,260,235,0,0,0,485,infection,142
8.263232525886016,504,0,261,235,0,0,0,486,infection,371
8.278252031227206,503,0,262,235,0,0,0,487,infection,742
8.278500451368954,502,0,263,235,0,0,0,488,infection,341
8.279613056962962,502,0,262,236,0,0,0,488,recovery,918
8.280154489420008,502,0,261,237,0,0,0,488,recovery,716
8.288764435959896,501,0,262,237,0,0,0,489,infection,987
8.293553755415939,501,0,261,238,0,0,0,489,recovery,960
8.297091009906172,500,0,262,238,0,0,0,490,infection,724
8.304493625787376,499,0,263,238,0,0,0,491,infection,387
8.305544424219633,498,0,264,238,0,0,0,492,infection,875
8.307757203307515,497,0,265,238,0,0,0,493,infection,276
8.310575203983719,497,0,264,239,0,0,0,493,recovery,281
8.312968775802647,496,0,265,239,0,0,0,494,infection,48
8.318581207728938,495,0,266,239,0,0,0,495,infection,643
8.321478129751569,494,0,267,239,0,0,0,496,infection,187
8.328902530142464,494,0,266,240,0,0,0,496,recovery,266
8.332541747940311,494,0,265,241,0,0,0,496,recovery,787
8.332692741579335,494,0,264,242,0,0,0,496,recovery,812
8.34383629276655,493,0,265,242,0,0,0,497,infection,790
8.344396296070583,493,0,264,243,0,0,0,497,recovery,131
8.35629709791849,493,0,263,244,0,0,0,497,recovery,818
8.356973930906609,492,0,264,244,0,0,0,498,infection,277
8.36095663180329,491,0,265,244,0,0,0,499,infection,604
8.367299520736987,490,0,266,244,0,0,0,500,infection,359
8.371716967080562,490,0,265,245,0,0,0,500,recovery,251
8.376298272103382,489,0,266,245,0,0,0,501,infection,920
8.377302801222182,488,0,267,245,0,0,0,502,infection,111
8.380804123536702,488,0,266,246,0,0,0,502,recovery,232
8.383854623580858,488,0,265,247,0,0,0,502,recovery,958
8.402416858565957,487,0,266,247,0,0,0,503,infection,530
8.403329767138775,486,0,267,247,0,0,0,504,infection,213
8.406347691346916,485,0,268,247,0,0,0,505,infection,267
8.416016518986604,484,0,269,247,0,0,0,506,infection,96
8.416651886875941,483,0,270,247,0,0,0,507,infection,857
8.418469785097761,483,0,269,248,0,0,0,507,recovery,923
8.424185599820834,483,0,268,249,0,0,0,507,recovery,599
8.45116453114521,482,0,269,249,0,0,0,508,infection,538
8.452094092099165,481,0,270,249,0,0,0,509,infection,542
8.464054638005052,480,0,271,249,0,0,0,510,infection,168
8.469783512397704,479,0,272,249,0,0,0,511,infection,661
8.476455298225941,478,0,273,249,0,0,0,512,infection,770
8.479965040320842,477,0,274,249,0,0,0,513,infection,114
8.482271646844904,476,0,275,249,0,0,0,514,infection,310
8.487008864463842,476,0,274,250,0,0,0,514,recovery,721
8.494405558901889,476,0,273,251,0,0,0,514,recovery,737
8.498286087359567,475,0,274,251,0,0,0,515,infection,463
8.506478860501472,474,0,275,251,0,0,0,516,infection,799
8.511816518300988,474,0,274,252,0,0,0,516,recovery,771
8.516379335540282,473,0,275,252,0,0,0,517,infection,425
8.516605070811528,472,0,276,252,0,0,0,518,infection,167
8.517280928922553,472,0,275,253,0,0,0,518,recovery,595
8.540432694065442,471,0,276,253,0,0,0,519,infection,18
8.543761319437383,470,0,277,253,0,0,0,520,infection,848
8.545334176063795,469,0,278,253,0,0,0,521,infection,739
8.550757291696332,469,0,277,254,0,0,0,521,recovery,312
8.56524957137088,468,0,278,254,0,0,0,522,infection,523
8.565644066636194,467,0,279,254,0,0,0,523,infection,72
8.568363678038455,467,0,278,255,0,0,0,523,recovery,657
8.569055210275693,467,0,277,256,0,0,0,523,recovery,149
8.578552947686475,467,0,276,257,0,0,0,523,recovery,462
8.581351158907143,467,0,275,258,0,0,0,523,recovery,190
8.588003091383897,467,0,274,259,0,0,0,523,recovery,371
8.59052557718193,466,0,275,259,0,0,0,524,infection,725
8.607184216845326,465,0,276,259,0,0,0,525,infection,868
8.61453447566426,464,0,277,259,0,0,0,526,infection,363
8.616382328779745,463,0,278,259,0,0,0,527,infection,662
8.619167554619816,462,0,279,259,0,0,0,528,infection,292
8.627039031961226,462,0,278,260,0,0,0,528,recovery,292
8.627400263269113,462,0,277,261,0,0,0,528,recovery,492
8.630167056516722,461,0,278,261,0,0,0,529,infection,718
8.632623438435397,461,0,277,262,0,0,0,529,recovery,394
8.642095159343105,461,0,276,263,0,0,0,529,recovery,464
8.644001322008892,461,0,275,264,0,0,0,529,recovery,264
8.654497495617761,460,0,276,264,0,0,0,530,infection,42
8.658201482561498,460,0,275,265,0,0,0,530,recovery,9
8.662249871523976,459,0,276,265,0,0,0,531,infection,439
8.663643597697327,459,0,275,266,0,0,0,531,recovery,122
8.665010377174491,458,0,276,266,0,0,0,532,infection,380
8.677119229503203,458,0,275,267,0,0,0,532,recovery,380
8.679679317284004,458,0,274,268,0,0,0,532,recovery,486
8.687931788623137,457,0,275,268,0,0,0,533,infection,437
8.695769811343274,457,0,274,269,0,0,0,533,recovery,542
8.702301091531764,457,0,273,270,0,0,0,533,recovery,439
8.705974659087895,457,0,272,271,0,0,0,533,recovery,919
8.713178801782973,456,0,273,271,0,0,0,534,infection,892
8.741565318017022,456,0,272,272,0,0,0,534,recovery,658
8.758121525131529,455,0,273,272,0,0,0,535,infection,49
8.761033317012608,454,0,274,272,0,0,0,536,infection,272
8.766813905494207,453,0,275,272,0,0,0,537,infection,230
8.767102732631821,452,0,276,272,0,0,0,538,infection,915
8.779373345453044,451,0,277,272,0,0,0,539,infection,314
8.781929283759487,450,0,278,272,0,0,0,540,infection,654
8.785925002103706,450,0,277,273,0,0,0,540,recovery,467
8.78642878775429,449,0,278,273,0,0,0,541,infection,479
8.787427921211139,448,0,279,273,0,0,0,542,infection,813
8.790718933006675,448,0,278,274,0,0,0,542,recovery,88
8.792320758977873,447,0,279,274,0,0,0,543,infection,939
8.79296789208188,447,0,278,275,0,0,0,543,recovery,606
8.796059367031376,447,0,277,276,0,0,0,543,recovery,527
8.79682211381522,446,0,278,276,0,0,0,544,infection,106
8.814981333544301,445,0,279,276,0,0,0,545,infection,180
8.816122633252245,445,0,278,277,0,0,0,545,recovery,531
8.820517484094474,445,0,277,278,0,0,0,545,recovery,540
8.842437953996868,444,0,278,278,0,0,0,546,infection,478
8.84524472891544,444,0,277,279,0,0,0,546,recovery,436
8.84536724340954,444,0,276,280,0,0,0,546,recovery,729
8.848433471980734,443,0,277,280,0,0,0,547,infection,426
8.857592893971571,442,0,278,280,0,0,0,548,infection,876
8.862156660769918,441,0,279,280,0,0,0,549,infection,6
8.865283939235585,441,0,278,281,0,0,0,549,recovery,894
8.870410088583611,440,0,279,281,0,0,0,550,infection,744
8.872414122641654,440,0,278,282,0,0,0,550,recovery,628
8.880832853546409,439,0,279,282,0,0,0,551,infection,507
8.882339852808288,438,0,280,282,0,0,0,552,infection,315
8.886080405788272,438,0,279,283,0,0,0,552,recovery,650
8.896648016821795,437,0,280,283,0,0,0,553,infection,828
8.897584492078199,437,0,279,284,0,0,0,553,recovery,875
8.906027737080061,437,0,278,285,0,0,0,553,recovery,164
8.912427403838613,436,0,279,285,0,0,0,554,infection,897
8.913996536121056,435,0,280,285,0,0,0,555,infection,524
8.921644721299415,435,0,279,286,0,0,0,555,recovery,96
8.92248832401283,434,0,280,286,0,0,0,556,infection,405
8.929911287261051,433,0,281,286,0,0,0,557,infection,924
8.930489916745067,433,0,280,287,0,0,0,557,recovery,869
8.936210140082004,433,0,279,288,0,0,0,557,recovery,390
8.937217464401407,433,0,278,289,0,0,0,557,recovery,983
8.943781616772712,432,0,279,289,0,0,0,558,infection,824
8.951873122941997,431,0,280,289,0,0,0,559,infection,29
8.954243899361982,431,0,279,290,0,0,0,559,recovery,391
8.960254067127781,431,0,278,291,0,0,0,559,recovery,656
8.98340754980218,430,0,279,291,0,0,0,560,infection,741
8.990758059715152,429,0,280,291,0,0,0,561,infection,207
8.997487073324583,428,0,281,291,0,0,0,562,infection,21
9.001525329755664,428,0,280,292,0,0,0,562,recovery,244
9.002777674261369,427,0,281,292,0,0,0,563,infection,490
9.005224931112075,426,0,282,292,0,0,0,564,infection,63
9.014326012199918,426,0,281,293,0,0,0,564,recovery,1000
9.015563271260099,426,0,280,294,0,0,0,564,recovery,496
9.026361394039325,426,0,279,295,0,0,0,564,recovery,976
9.035015443696865,425,0,280,295,0,0,0,565,infection,483
9.036343829651127,424,0,281,295,0,0,0,566,infection,624
9.039336032142439,423,0,282,295,0,0,0,567,infection,495
9.042616343005962,422,0,283,295,0,0,0,568,infection,885
9.066385389192346,422,0,282,296,0,0,0,568,recovery,938
9.070086043847166,422,0,281,297,0,0,0,568,recovery,978
9.072087766765259,422,0,280,298,0,0,0,568,recovery,782
9.082089396007502,422,0,279,299,0,0,0,568,recovery,507
9.086857342404773,421,0,280,299,0,0,0,569,infection,686
9.091218800096502,421,0,279,300,0,0,0,569,recovery,214
9.094033440619011,421,0,278,301,0,0,0,569,recovery,205
9.098613905636656,420,0,279,301,0,0,0,570,infection,719
9.099801632767765,420,0,278,302,0,0,0,570,recovery,876
9.107788816897266,419,0,279,302,0,0,0,571,infection,804
9.112727522765198,419,0,278,303,0,0,0,571,recovery,104
9.130088134150144,419,0,277,304,0,0,0,571,recovery,369
9.13056652457414,419,0,276,305,0,0,0,571,recovery,223
9.134145502493416,418,0,277,305,0,0,0,572,infection,901
9.145361186483418,418,0,276,306,0,0,0,572,recovery,517
9.148001854133554,418,0,275,307,0,0,0,572,recovery,355
9.148712072580935,418,0,274,308,0,0,0,572,recovery,696
9.153842917449458,417,0,275,308,0,0,0,573,infection,856
9.159813231650018,417,0,274,309,0,0,0,573,recovery,718
9.162291820039831,416,0,275,309,0,0,0,574,infection,767
9.162984152168379,416,0,274,310,0,0,0,574,recovery,684
9.18441233654885,416,0,273,311,0,0,0,574,recovery,242
9.189985352241555,415,0,274,311,0,0,0,575,infection,469
9.219582823762753,415,0,273,312,0,0,0,575,recovery,72
9.219923956223473,414,0,274,312,0,0,0,576,infection,596
9.223959137953335,414,0,273,313,0,0,0,576,recovery,505
9.239298080296857,413,0,274,313,0,0,0,577,infection,403
9.251763140702232,412,0,275,313,0,0,0,578,infection,404
9.255210723660914,411,0,276,313,0,0,0,579,infection,335
9.260501804353778,410,0,277,313,0,0,0,580,infection,562
9.272631930619,409,0,278,313,0,0,0,581,infection,199
9.279005226593736,409,0,277,314,0,0,0,581,recovery,901
9.285945648504942,408,0,278,314,0,0,0,582,infection,532
9.288162968901577,407,0,279,314,0,0,0,583,infection,497
9.289127365808739,407,0,278,315,0,0,0,583,recovery,848
9.297821136923252,406,0,279,315,0,0,0,584,infection,916
9.300380097403929,406,0,278,316,0,0,0,584,recovery,29
9.302398797111454,406,0,277,317,0,0,0,584,recovery,180
9.34609394257467,406,0,276,318,0,0,0,584,recovery,111
9.363958576464798,406,0,275,319,0,0,0,584,recovery,931
9.3679025906643,405,0,276,319,0,0,0,585,infection,929
9.372333369044895,405,0,275,320,0,0,0,585,recovery,790
9.376309343862992,405,0,274,321,0,0,0,585,recovery,6
9.389393543666747,404,0,275,321,0,0,0,586,infection,489
9.391972984907003,404,0,274,322,0,0,0,586,recovery,820
9.403132117817773,404,0,273,323,0,0,0,586,recovery,844
9.415801871179355,404,0,272,324,0,0,0,586,recovery,868
9.423455767926145,403,0,273,324,0,0,0,587,infection,398
9.423918409858295,402,0,274,324,0,0,0,588,infection,430
9.43419794165832,402,0,273,325,0,0,0,588,recovery,443
9.440546972045453,402,0,272,326,0,0,0,588,recovery,148
9.446640594160979,401,0,273,326,0,0,0,589,infection,330
9.468050603949381,400,0,274,326,0,0,0,590,infection,512
9.472084511379538,399,0,275,326,0,0,0,591,infection,124
9.476990980022304,399,0,274,327,0,0,0,591,recovery,525
9.477672734461875,398,0,275,327,0,0,0,592,infection,501
9.481536979599799,397,0,276,327,0,0,0,593,infection,557
9.482744100187505,396,0,277,327,0,0,0,594,infection,830
9.485303088399041,396,0,276,328,0,0,0,594,recovery,5
9.495704164503493,396,0,275,329,0,0,0,594,recovery,18
9.495998028944188,396,0,274,330,0,0,0,594,recovery,437
9.508406055221927,395,0,275,330,0,0,0,595,infection,102
9.508900861810975,395,0,274,331,0,0,0,595,recovery,252
9.510004143830603,394,0,275,331,0,0,0,596,infection,965
9.531299528127017,394,0,274,332,0,0,0,596,recovery,237
9.539830868320657,394,0,273,333,0,0,0,596,recovery,899
9.555951618750388,393,0,274,333,0,0,0,597,infection,666
9.561061431473226,393,0,273,334,0,0,0,597,recovery,977
9.578656117378046,393,0,272,335,0,0,0,597,recovery,631
9.58013727546157,393,0,271,336,0,0,0,597,recovery,546
9.582834768599596,393,0,270,337,0,0,0,597,recovery,763
9.591987682314144,393,0,269,338,0,0,0,597,recovery,813
9.597823790764393,392,0,270,338,0,0,0,598,infection,128
9.606093646033163,392,0,269,339,0,0,0,598,recovery,276
9.611939883157437,391,0,270,339,0,0,0,599,infection,839
9.612974184451755,390,0,271,339,0,0,0,600,infection,503
9.64089825419838,390,0,270,340,0,0,0,600,recovery,421
9.65723221585655,390,0,269,341,0,0,0,600,recovery,558
9.662327854594162,389,0,270,341,0,0,0,601,infection,196
9.665372579539088,389,0,269,342,0,0,0,601,recovery,624
9.673285816100293,389,0,268,343,0,0,0,601,recovery,398
9.673466844893778,389,0,267,344,0,0,0,601,recovery,297
9.6819103642924,389,0,266,345,0,0,0,601,recovery,240
9.682489007614413,389,0,265,346,0,0,0,601,recovery,795
9.683864068183397,388,0,266,346,0,0,0,602,infection,541
9.689304988594696,387,0,267,346,0,0,0,603,infection,210
9.69234875745731,386,0,268,346,0,0,0,604,infection,581
9.695660922554062,385,0,269,346,0,0,0,605,infection,640
9.696276063476663,385,0,268,347,0,0,0,605,recovery,330
9.704803237374241,385,0,267,348,0,0,0,605,recovery,538
9.715248317168271,384,0,268,348,0,0,0,606,infection,572
9.716301865630921,384,0,267,349,0,0,0,606,recovery,779
9.721381977346454,383,0,268,349,0,0,0,607,infection,57
9.726097321125938,382,0,269,349,0,0,0,608,infection,975
9.732825836234278,381,0,270,349,0,0,0,609,infection,881
9.735695649039425,380,0,271,349,0,0,0,610,infection,673
9.750725493245787,379,0,272,349,0,0,0,611,infection,941
9.754365680914463,378,0,273,349,0,0,0,612,infection,647
9.756733433282374,377,0,274,349,0,0,0,613,infection,393
9.762583017317839,376,0,275,349,0,0,0,614,infection,616
9.790603185378687,376,0,274,350,0,0,0,614,recovery,661
9.791615143743407,376,0,273,351,0,0,0,614,recovery,203
9.80540202859075,375,0,274,351,0,0,0,615,infection,116
9.828740536104814,374,0,275,351,0,0,0,616,infection,182
9.836190549445861,373,0,276,351,0,0,0,617,infection,981
9.848149045949839,373,0,275,352,0,0,0,617,recovery,956
9.854549317928855,372,0,276,352,0,0,0,618,infection,127
9.864458632231257,372,0,275,353,0,0,0,618,recovery,359
9.865080848229873,372,0,274,354,0,0,0,618,recovery,98
9.869648537254418,371,0,275,354,0,0,0,619,infection,217
9.873118365421998,371,0,274,355,0,0,0,619,recovery,332
9.895568385145337,370,0,275,355,0,0,0,620,infection,413
9.90301282067606,369,0,276,355,0,0,0,621,infection,754
9.907476323588147,369,0,275,356,0,0,0,621,recovery,739
9.908461177708261,368,0,276,356,0,0,0,622,infection,925
9.926247727506968,367,0,277,356,0,0,0,623,infection,803
9.930035338795847,367,0,276,357,0,0,0,623,recovery,640
9.93499083638362,366,0,277,357,0,0,0,624,infection,816
9.937196587645152,365,0,278,357,0,0,0,625,infection,195
9.94180210834242,364,0,279,357,0,0,0,626,infection,680
9.944574908471914,364,0,278,358,0,0,0,626,recovery,153
9.946720356067956,364,0,277,359,0,0,0,626,recovery,53
9.955960884737085,364,0,276,360,0,0,0,626,recovery,314
9.98025484992647,363,0,277,360,0,0,0,627,infection,663
9.98049166732058,363,0,276,361,0,0,0,627,recovery,581
9.996110949855694,362,0,277,361,0,0,0,628,infection,482
10.003817629452376,361,0,278,361,0,0,0,629,infection,427
10.01786873517621,361,0,277,362,0,0,0,629,recovery,456
10.027941842255835,360,0,278,362,0,0,0,630,infection,727
10.037908807361383,359,0,279,362,0,0,0,631,infection,145
10.047237835228403,358,0,280,362,0,0,0,632,infection,837
10.05075216163923,357,0,281,362,0,0,0,633,infection,120
10.053105312056593,357,0,280,363,0,0,0,633,recovery,933
10.057580331590307,357,0,279,364,0,0,0,633,recovery,106
10.061575886507374,356,0,280,364,0,0,0,634,infection,132
10.07164055499326,356,0,279,365,0,0,0,634,recovery,895
10.075011442574585,355,0,280,365,0,0,0,635,infection,448
10.078485618663631,355,0,279,366,0,0,0,635,recovery,614
10.095569991940517,355,0,278,367,0,0,0,635,recovery,25
10.098303188476631,355,0,277,368,0,0,0,635,recovery,804
10.099778607348064,354,0,278,368,0,0,0,636,infection,109
10.101544991161848,354,0,277,369,0,0,0,636,recovery,725
10.11576674425979,353,0,278,369,0,0,0,637,infection,761
10.11669253196794,352,0,279,369,0,0,0,638,infection,870
10.119151988255018,351,0,280,369,0,0,0,639,infection,74
10.147820199699089,350,0,281,369,0,0,0,640,infection,755
10.164166722167577,350,0,280,370,0,0,0,640,recovery,768
10.165357157043369,349,0,281,370,0,0,0,641,infection,826
10.169854738364759,349,0,280,371,0,0,0,641,recovery,370
10.185196702371085,348,0,281,371,0,0,0,642,infection,537
10.186652748204736,347,0,282,371,0,0,0,643,infection,373
10.191633729352125,347,0,281,372,0,0,0,643,recovery,57
10.197691702967207,346,0,282,372,0,0,0,644,infection,836
10.206533296086203,345,0,283,372,0,0,0,645,infection,80
10.208190524202294,345,0,282,373,0,0,0,645,recovery,294
10.210340504904417,345,0,281,374,0,0,0,645,recovery,478
10.212592818910865,344,0,282,374,0,0,0,646,infection,434
10.213240036034051,343,0,283,374,0,0,0,647,infection,137
10.24194286433617,342,0,284,374,0,0,0,648,infection,284
10.24424615112898,341,0,285,374,0,0,0,649,infection,265
10.274982910779872,341,0,284,375,0,0,0,649,recovery,167
10.291157849063374,341,0,283,376,0,0,0,649,recovery,42
10.291584718061653,340,0,284,376,0,0,0,650,infection,432
10.309584799657353,340,0,283,377,0,0,0,650,recovery,272
10.310470220184392,340,0,282,378,0,0,0,650,recovery,267
10.323959306979303,339,0,283,378,0,0,0,651,infection,809
10.350798403224887,338,0,284,378,0,0,0,652,infection,552
10.355952192918233,337,0,285,378,0,0,0,653,infection,320
10.361310774365432,337,0,284,379,0,0,0,653,recovery,824
10.369658986784057,336,0,285,379,0,0,0,654,infection,221
10.378978784754757,335,0,286,379,0,0,0,655,infection,160
10.391584043947319,334,0,287,379,0,0,0,656,infection,273
10.405388347394867,334,0,286,380,0,0,0,656,recovery,497
10.41625283865358,334,0,285,381,0,0,0,656,recovery,616
10.42447315079131,333,0,286,381,0,0,0,657,infection,119
10.429042092910429,332,0,287,381,0,0,0,658,infection,518
10.44434843432854,331,0,288,381,0,0,0,659,infection,749
10.445741758971291,331,0,287,382,0,0,0,659,recovery,387
10.446579050774867,331,0,286,383,0,0,0,659,recovery,37
10.456825850109446,331,0,285,384,0,0,0,659,recovery,880
10.457825070314282,330,0,286,384,0,0,0,660,infection,843
10.461204671785808,330,0,285,385,0,0,0,660,recovery,761
10.467676487135032,329,0,286,385,0,0,0,661,infection,608
10.481896028485576,329,0,285,386,0,0,0,661,recovery,524
10.48790222166979,329,0,284,387,0,0,0,661,recovery,40
10.508598772661015,328,0,285,387,0,0,0,662,infection,308
10.511791862649485,327,0,286,387,0,0,0,663,infection,574
10.513481458524538,327,0,285,388,0,0,0,663,recovery,404
10.514059328254334,327,0,284,389,0,0,0,663,recovery,552
10.519265102155856,326,0,285,389,0,0,0,664,infection,379
10.526657614997385,326,0,284,390,0,0,0,664,recovery,836
10.535767629775895,325,0,285,390,0,0,0,665,infection,829
10.543601354954541,325,0,284,391,0,0,0,665,recovery,785
10.548692764137048,325,0,283,392,0,0,0,665,recovery,160
10.550208818175891,324,0,284,392,0,0,0,666,infection,603
10.552586329945209,323,0,285,392,0,0,0,667,infection,986
10.554977204392776,322,0,286,392,0,0,0,668,infection,838
10.560547574888991,321,0,287,392,0,0,0,669,infection,711
10.56327460128988,320,0,288,392,0,0,0,670,infection,226
10.57349806649362,319,0,289,392,0,0,0,671,infection,453
10.574342715759542,318,0,290,392,0,0,0,672,infection,808
10.575137746074047,317,0,291,392,0,0,0,673,infection,589
10.58095383233077,317,0,290,393,0,0,0,673,recovery,179
10.58273882353601,316,0,291,393,0,0,0,674,infection,69
10.587192834937092,316,0,290,394,0,0,0,674,recovery,672
10.592759736759774,315,0,291,394,0,0,0,675,infection,769
10.597243191440741,315,0,290,395,0,0,0,675,recovery,341
10.60540223498282,314,0,291,395,0,0,0,676,infection,47
10.606502524531482,313,0,292,395,0,0,0,677,infection,705
10.612770648338511,312,0,293,395,0,0,0,678,infection,777
10.625062144305636,311,0,294,395,0,0,0,679,infection,522
10.63022517932162,311,0,293,396,0,0,0,679,recovery,483
10.639922613807126,311,0,292,397,0,0,0,679,recovery,555
10.644458298760906,311,0,291,398,0,0,0,679,recovery,474
10.644602711640168,310,0,292,398,0,0,0,680,infection,299
10.649290890396923,310,0,291,399,0,0,0,680,recovery,662
10.653025598529283,310,0,290,400,0,0,0,680,recovery,539
10.65500905816642,310,0,289,401,0,0,0,680,recovery,939
10.65871673278579,310,0,288,402,0,0,0,680,recovery,479
10.658985793436708,309,0,289,402,0,0,0,681,infection,748
10.663233091866505,309,0,288,403,0,0,0,681,recovery,513
10.663706509398512,308,0,289,403,0,0,0,682,infection,422
10.665782100659936,308,0,288,404,0,0,0,682,recovery,219
10.67035956460795,307,0,289,404,0,0,0,683,infection,435
10.680908890052404,306,0,290,404,0,0,0,684,infection,873
10.680933492633626,305,0,291,404,0,0,0,685,infection,396
10.681221686992329,304,0,292,404,0,0,0,686,infection,796
10.685022735966228,304,0,291,405,0,0,0,686,recovery,313
10.685453161580668,304,0,290,406,0,0,0,686,recovery,673
10.699802785514644,303,0,291,406,0,0,0,687,infection,833
10.713708600713037,302,0,292,406,0,0,0,688,infection,815
10.718510809909262,301,0,293,406,0,0,0,689,infection,597
10.720234963710203,300,0,294,406,0,0,0,690,infection,617
10.721689000448931,299,0,295,406,0,0,0,691,infection,428
10.725880127698856,299,0,294,407,0,0,0,691,recovery,769
10.729261531728886,298,0,295,407,0,0,0,692,infection,822
10.745825438571803,298,0,294,408,0,0,0,692,recovery,177
10.748934228983659,297,0,295,408,0,0,0,693,infection,367
10.761189476592936,297,0,294,409,0,0,0,693,recovery,541
10.76560556425836,296,0,295,409,0,0,0,694,infection,567
10.766984950511713,296,0,294,410,0,0,0,694,recovery,2
10.76847495249393,295,0,295,410,0,0,0,695,infection,416
10.771626866956026,295,0,294,411,0,0,0,695,recovery,929
10.776850861072603,295,0,293,412,0,0,0,695,recovery,594
10.789137522787541,295,0,292,413,0,0,0,695,recovery,213
10.789997157660604,294,0,293,413,0,0,0,696,infection,204
10.806220721315263,294,0,292,414,0,0,0,696,recovery,501
10.81256975314242,293,0,293,414,0,0,0,697,infection,441
10.81615230198981,293,0,292,415,0,0,0,697,recovery,601
10.818631361784082,293,0,291,416,0,0,0,697,recovery,227
10.823174811961737,292,0,292,416,0,0,0,698,infection,587
10.82365874638199,291,0,293,416,0,0,0,699,infection,41
10.824324034323682,291,0,292,417,0,0,0,699,recovery,422
10.83287332331154,290,0,293,417,0,0,0,700,infection,840
10.833383302627592,290,0,292,418,0,0,0,700,recovery,220
10.83868237653111,289,0,293,418,0,0,0,701,infection,163
10.838921943107064,288,0,294,418,0,0,0,702,infection,305
10.840655384428898,288,0,293,419,0,0,0,702,recovery,833
10.847103326842742,288,0,292,420,0,0,0,702,recovery,764
10.847868569410622,288,0,291,421,0,0,0,702,recovery,102
10.85070857797181,287,0,292,421,0,0,0,703,infection,713
10.874365345781055,287,0,291,422,0,0,0,703,recovery,230
10.87491692398102,286,0,292,422,0,0,0,704,infection,979
10.884450639810982,285,0,293,422,0,0,0,705,infection,765
10.893898687872735,284,0,294,422,0,0,0,706,infection,698
10.910546718164456,284,0,293,423,0,0,0,706,recovery,560
10.935323040569092,284,0,292,424,0,0,0,706,recovery,490
10.951815101414706,284,0,291,425,0,0,0,706,recovery,265
10.970056182799919,284,0,290,426,0,0,0,706,recovery,247
10.979685657199603,283,0,291,426,0,0,0,707,infection,715
10.982903885422612,283,0,290,427,0,0,0,707,recovery,207
10.987042095562469,282,0,291,427,0,0,0,708,infection,31
10.989195347369005,281,0,292,427,0,0,0,709,infection,634
10.992468056402371,280,0,293,427,0,0,0,710,infection,906
10.996598922083516,280,0,292,428,0,0,0,710,recovery,195
11.005450276594765,279,0,293,428,0,0,0,711,infection,682
11.011257771404116,279,0,292,429,0,0,0,711,recovery,723
11.012404755549255,279,0,291,430,0,0,0,711,recovery,645
11.013008412870079,278,0,292,430,0,0,0,712,infection,255
11.014533434891012,277,0,293,430,0,0,0,713,infection,333
11.026811931852393,276,0,294,430,0,0,0,714,infection,459
11.03266149190204,276,0,293,431,0,0,0,714,recovery,142
11.035284428658926,276,0,292,432,0,0,0,714,recovery,663
11.038748288267978,276,0,291,433,0,0,0,714,recovery,503
11.05330872000431,276,0,290,434,0,0,0,714,recovery,246
11.059973974745217,275,0,291,434,0,0,0,715,infection,959
11.069407100171382,274,0,292,434,0,0,0,716,infection,543
11.071434251473427,273,0,293,434,0,0,0,717,infection,632
11.074670214944927,273,0,292,435,0,0,0,717,recovery,722
11.075371984669234,273,0,291,436,0,0,0,717,recovery,119
11.082030693931825,273,0,290,437,0,0,0,717,recovery,975
11.096554266888825,272,0,291,437,0,0,0,718,infection,173
11.099103104653514,271,0,292,437,0,0,0,719,infection,470
11.104631160155748,270,0,293,437,0,0,0,720,infection,905
11.109365221112187,270,0,292,438,0,0,0,720,recovery,829
11.111404882360043,270,0,291,439,0,0,0,720,recovery,877
11.129002251517225,269,0,292,439,0,0,0,721,infection,481
11.135219419682723,269,0,291,440,0,0,0,721,recovery,76
11.141358018337673,269,0,290,441,0,0,0,721,recovery,397
11.142519820977764,268,0,291,441,0,0,0,722,infection,780
11.146438419907032,268,0,290,442,0,0,0,722,recovery,791
11.154138127662064,267,0,291,442,0,0,0,723,infection,382
11.156277618296674,267,0,290,443,0,0,0,723,recovery,92
11.156662654506894,266,0,291,443,0,0,0,724,infection,966
11.160610593894797,266,0,290,444,0,0,0,724,recovery,333
11.179523261849436,266,0,289,445,0,0,0,724,recovery,49
11.193614185427933,266,0,288,446,0,0,0,724,recovery,912
11.196420505136475,265,0,289,446,0,0,0,725,infection,192
11.198234315475672,264,0,290,446,0,0,0,726,infection,955
11.209911506429652,264,0,289,447,0,0,0,726,recovery,772
11.212596102434272,263,0,290,447,0,0,0,727,infection,586
11.212664993703317,263,0,289,448,0,0,0,727,recovery,161
11.233378167844034,262,0,290,448,0,0,0,728,infection,326
11.23705551835786,261,0,291,448,0,0,0,729,infection,100
11.24958502724274,260,0,292,448,0,0,0,730,infection,957
11.255184241663667,260,0,291,449,0,0,0,730,recovery,430
11.26215582384428,259,0,292,449,0,0,0,731,infection,592
11.267857747254622,258,0,293,449,0,0,0,732,infection,652
11.268486912377513,257,0,294,449,0,0,0,733,infection,270
11.274023960885621,257,0,293,450,0,0,0,733,recovery,744
11.284114331649558,257,0,292,451,0,0,0,733,recovery,289
11.307499701663767,257,0,291,452,0,0,0,733,recovery,334
11.31973084448948,256,0,292,452,0,0,0,734,infection,431
11.325576553591981,256,0,291,453,0,0,0,734,recovery,352
11.34264030023196,255,0,292,453,0,0,0,735,infection,568
11.347055894386443,254,0,293,453,0,0,0,736,infection,268
11.351304420002691,253,0,294,453,0,0,0,737,infection,50
11.35882791803538,253,0,293,454,0,0,0,737,recovery,924
11.36250429165376,253,0,292,455,0,0,0,737,recovery,182
11.369608881083868,252,0,293,455,0,0,0,738,infection,59
11.36965321416973,252,0,292,456,0,0,0,738,recovery,952
11.40004464595219,251,0,293,456,0,0,0,739,infection,301
11.407425518472843,250,0,294,456,0,0,0,740,infection,354
11.429374468675883,249,0,295,456,0,0,0,741,infection,151
11.431548616993354,249,0,294,457,0,0,0,741,recovery,857
11.435171089202994,248,0,295,457,0,0,0,742,infection,635
11.451606469203087,247,0,296,457,0,0,0,743,infection,865
11.457308970885748,246,0,297,457,0,0,0,744,infection,831
11.460874261189455,245,0,298,457,0,0,0,745,infection,271
11.470737905680167,245,0,297,458,0,0,0,745,recovery,258
11.475160557070758,244,0,298,458,0,0,0,746,infection,893
11.491395489736492,244,0,297,459,0,0,0,746,recovery,921
11.493736430452138,244,0,296,460,0,0,0,746,recovery,597
11.49431529249793,243,0,297,460,0,0,0,747,infection,619
11.503995064000984,243,0,296,461,0,0,0,747,recovery,123
11.512861225984803,243,0,295,462,0,0,0,747,recovery,870
11.525170282388544,243,0,294,463,0,0,0,747,recovery,979
11.528479182443373,243,0,293,464,0,0,0,747,recovery,60
11.532997149712813,243,0,292,465,0,0,0,747,recovery,734
11.535961970184522,243,0,291,466,0,0,0,747,recovery,435
11.542784947356942,243,0,290,467,0,0,0,747,recovery,698
11.545143233904767,243,0,289,468,0,0,0,747,recovery,141
11.547830414239222,242,0,290,468,0,0,0,748,infection,498
11.55627065576035,242,0,289,469,0,0,0,748,recovery,536
11.572708782229908,241,0,290,469,0,0,0,749,infection,948
11.579483309443066,241,0,289,470,0,0,0,749,recovery,307
11.592854876505065,241,0,288,471,0,0,0,749,recovery,442
11.594759856351727,240,0,289,471,0,0,0,750,infection,99
11.601154088533427,239,0,290,471,0,0,0,751,infection,56
11.610170756020368,239,0,289,472,0,0,0,751,recovery,530
11.625254778992348,239,0,288,473,0,0,0,751,recovery,217
11.625310053366116,239,0,287,474,0,0,0,751,recovery,955
11.628612615113909,239,0,286,475,0,0,0,751,recovery,231
11.629974218235269,238,0,287,475,0,0,0,752,infection,83
11.633135864303505,238,0,286,476,0,0,0,752,recovery,396
11.638712352512659,237,0,287,476,0,0,0,753,infection,845
11.646317193023153,236,0,288,476,0,0,0,754,infection,622
11.65563681853178,235,0,289,476,0,0,0,755,infection,633
11.667334195371293,235,0,288,477,0,0,0,755,recovery,363
11.669971155899024,234,0,289,477,0,0,0,756,infection,644
11.672694401419895,233,0,290,477,0,0,0,757,infection,19
11.678714978931435,233,0,289,478,0,0,0,757,recovery,865
11.67950519066806,233,0,288,479,0,0,0,757,recovery,174
11.689887633207782,233,0,287,480,0,0,0,757,recovery,765
11.693729318947188,233,0,286,481,0,0,0,757,recovery,427
11.713723114046505,233,0,285,482,0,0,0,757,recovery,63
11.715805227928854,232,0,286,482,0,0,0,758,infection,368
11.719135956719137,232,0,285,483,0,0,0,758,recovery,69
11.72007402743963,232,0,284,484,0,0,0,758,recovery,957
11.727797282344426,231,0,285,484,0,0,0,759,infection,8
11.73103981201792,230,0,286,484,0,0,0,760,infection,476
11.733632732660345,230,0,285,485,0,0,0,760,recovery,59
11.734332471121926,230,0,284,486,0,0,0,760,recovery,315
11.737627497098213,230,0,283,487,0,0,0,760,recovery,124
11.74242616761977,230,0,282,488,0,0,0,760,recovery,831
11.769318164810802,230,0,281,489,0,0,0,760,recovery,873
11.778466486755333,230,0,280,490,0,0,0,760,recovery,523
11.79595633709288,230,0,279,491,0,0,0,760,recovery,393
11.798204376616166,229,0,280,491,0,0,0,761,infection,855
11.803031426616545,229,0,279,492,0,0,0,761,recovery,310
11.803480034034727,229,0,278,493,0,0,0,761,recovery,128
11.83126901166864,229,0,277,494,0,0,0,761,recovery,826
11.852935510200115,229,0,276,495,0,0,0,761,recovery,596
11.855869830501174,228,0,277,495,0,0,0,762,infection,353
11.86193066538355,228,0,276,496,0,0,0,762,recovery,635
11.862064621998401,228,0,275,497,0,0,0,762,recovery,906
11.862154466173292,227,0,276,497,0,0,0,763,infection,904
11.86453981555515,227,0,275,498,0,0,0,763,recovery,308
11.875120854621462,226,0,276,498,0,0,0,764,infection,485
11.878114300421485,225,0,277,498,0,0,0,765,infection,342
11.880674335409884,224,0,278,498,0,0,0,766,infection,306
11.880769894087596,224,0,277,499,0,0,0,766,recovery,114
11.896293042381242,223,0,278,499,0,0,0,767,infection,502
11.897155865003366,223,0,277,500,0,0,0,767,recovery,959
11.902344720545594,222,0,278,500,0,0,0,768,infection,375
11.908244587375133,222,0,277,501,0,0,0,768,recovery,648
11.930224960218291,221,0,278,501,0,0,0,769,infection,385
11.932313141445555,221,0,277,502,0,0,0,769,recovery,847
11.932436791891897,220,0,278,502,0,0,0,770,infection,311
11.935133054297454,220,0,277,503,0,0,0,770,recovery,80
11.935656631828383,220,0,276,504,0,0,0,770,recovery,325
11.936169362411887,220,0,275,505,0,0,0,770,recovery,780
11.954753730371898,220,0,274,506,0,0,0,770,recovery,582
11.960553031010514,220,0,273,507,0,0,0,770,recovery,100
11.964462329318389,220,0,272,508,0,0,0,770,recovery,803
11.97316687767966,220,0,271,509,0,0,0,770,recovery,570
11.979058200718551,219,0,272,509,0,0,0,771,infection,835
11.983835152794837,219,0,271,510,0,0,0,771,recovery,11
12.00148102868491,218,0,272,510,0,0,0,772,infection,4
12.01496850383778,217,0,273,510,0,0,0,773,infection,500
12.01798866131645,216,0,274,510,0,0,0,774,infection,283
12.021880868354204,215,0,275,510,0,0,0,775,infection,103
12.027477659231273,215,0,274,511,0,0,0,775,recovery,409
12.030971011337382,215,0,273,512,0,0,0,775,recovery,652
12.031662454177123,215,0,272,513,0,0,0,775,recovery,31
12.041802013715468,215,0,271,514,0,0,0,775,recovery,553
12.043368837060088,214,0,272,514,0,0,0,776,infection,118
12.059603405580699,213,0,273,514,0,0,0,777,infection,22
12.071242119827142,213,0,272,515,0,0,0,777,recovery,449
12.086452995511733,213,0,271,516,0,0,0,777,recovery,311
12.091845066792118,213,0,270,517,0,0,0,777,recovery,204
12.099231854344476,212,0,271,517,0,0,0,778,infection,593
12.099415603745218,211,0,272,517,0,0,0,779,infection,528
12.099775946549347,210,0,273,517,0,0,0,780,infection,834
12.100632603861524,209,0,274,517,0,0,0,781,infection,146
12.117639516852366,209,0,273,518,0,0,0,781,recovery,845
12.12194150702431,209,0,272,519,0,0,0,781,recovery,910
12.132799015291036,208,0,273,519,0,0,0,782,infection,200
12.146142252406015,208,0,272,520,0,0,0,782,recovery,197
12.167819150245533,207,0,273,520,0,0,0,783,infection,651
12.16956432301777,207,0,272,521,0,0,0,783,recovery,962
12.173034825745269,206,0,273,521,0,0,0,784,infection,613
12.17417433656562,206,0,272,522,0,0,0,784,recovery,163
12.179494156941086,206,0,271,523,0,0,0,784,recovery,683
12.19969565814149,206,0,270,524,0,0,0,784,recovery,816
12.209794396476664,205,0,271,524,0,0,0,785,infection,625
12.211848898081119,205,0,270,525,0,0,0,785,recovery,907
12.222554386323903,205,0,269,526,0,0,0,785,recovery,754
12.229758280858716,205,0,268,527,0,0,0,785,recovery,441
12.23328435894144,204,0,269,527,0,0,0,786,infection,3
12.262995304162558,204,0,268,528,0,0,0,786,recovery,752
12.274423907636924,204,0,267,529,0,0,0,786,recovery,543
12.276912808316292,203,0,268,529,0,0,0,787,infection,890
12.277283066103674,203,0,267,530,0,0,0,787,recovery,494
12.278770931669209,202,0,268,530,0,0,0,788,infection,35
12.28968264500544,202,0,267,531,0,0,0,788,recovery,808
12.299235624610333,202,0,266,532,0,0,0,788,recovery,151
12.330217214356864,202,0,265,533,0,0,0,788,recovery,838
12.33843069318654,201,0,266,533,0,0,0,789,infection,514
12.34871760579413,201,0,265,534,0,0,0,789,recovery,856
12.3502055387663,201,0,264,535,0,0,0,789,recovery,8
12.367987256757036,201,0,263,536,0,0,0,789,recovery,843
12.370288983016735,200,0,264,536,0,0,0,790,infection,819
12.370498302941941,199,0,265,536,0,0,0,791,infection,17
12.375891650907814,199,0,264,537,0,0,0,791,recovery,74
12.37901929333101,199,0,263,538,0,0,0,791,recovery,890
12.419065618572914,198,0,264,538,0,0,0,792,infection,115
12.422858165376562,197,0,265,538,0,0,0,793,infection,218
12.425513962040784,197,0,264,539,0,0,0,793,recovery,562
12.43400929902603,196,0,265,539,0,0,0,794,infection,193
12.434595214700453,196,0,264,540,0,0,0,794,recovery,283
12.439135502789483,196,0,263,541,0,0,0,794,recovery,986
12.440832110764273,196,0,262,542,0,0,0,794,recovery,840
12.44085980784869,196,0,261,543,0,0,0,794,recovery,476
12.448011853687039,196,0,260,544,0,0,0,794,recovery,405
12.463058327888128,195,0,261,544,0,0,0,795,infection,697
12.475938457136104,195,0,260,545,0,0,0,795,recovery,145
12.48399003250762,195,0,259,546,0,0,0,795,recovery,603
12.486688127207945,195,0,258,547,0,0,0,795,recovery,90
12.490578398735982,195,0,257,548,0,0,0,795,recovery,905
12.498129410976563,195,0,256,549,0,0,0,795,recovery,416
12.514177567497404,195,0,255,550,0,0,0,795,recovery,941
12.51677138395733,195,0,254,551,0,0,0,795,recovery,413
12.549423960593646,195,0,253,552,0,0,0,795,recovery,526
12.584617476070212,194,0,254,552,0,0,0,796,infection,805
12.585015663510147,193,0,255,552,0,0,0,797,infection,150
12.585634339437178,192,0,256,552,0,0,0,798,infection,953
12.599582334905019,192,0,255,553,0,0,0,798,recovery,532
12.609566542910578,192,0,254,554,0,0,0,798,recovery,498
12.61428566582027,192,0,253,555,0,0,0,798,recovery,855
12.619377654674768,192,0,252,556,0,0,0,798,recovery,647
12.637329086116946,191,0,253,556,0,0,0,799,infection,972
12.64813744976032,190,0,254,556,0,0,0,800,infection,254
12.66550541680041,190,0,253,557,0,0,0,800,recovery,742
12.68069066565251,190,0,252,558,0,0,0,800,recovery,66
12.687418147345836,190,0,251,559,0,0,0,800,recovery,403
12.695989074504098,190,0,250,560,0,0,0,800,recovery,458
12.699325988987713,189,0,251,560,0,0,0,801,infection,188
12.705241813548913,189,0,250,561,0,0,0,801,recovery,99
12.712333256140363,189,0,249,562,0,0,0,801,recovery,705
12.718195302256577,188,0,250,562,0,0,0,802,infection,879
12.718647565207018,188,0,249,563,0,0,0,802,recovery,711
12.72188544651383,187,0,250,563,0,0,0,803,infection,678
12.727930742399916,186,0,251,563,0,0,0,804,infection,691
12.73276837412484,185,0,252,563,0,0,0,805,infection,629
12.738232594781934,184,0,253,563,0,0,0,806,infection,623
12.755574019766545,184,0,252,564,0,0,0,806,recovery,670
12.764911738363606,184,0,251,565,0,0,0,806,recovery,586
12.767417436026669,184,0,250,566,0,0,0,806,recovery,535
12.77640487309267,184,0,249,567,0,0,0,806,recovery,749
12.779727032188202,184,0,248,568,0,0,0,806,recovery,925
12.791402305503311,184,0,247,569,0,0,0,806,recovery,425
12.802480866210862,183,0,248,569,0,0,0,807,infection,888
12.808876667564117,183,0,247,570,0,0,0,807,recovery,846
12.813513487473042,183,0,246,571,0,0,0,807,recovery,972
12.821217960260746,182,0,247,571,0,0,0,808,infection,46
12.838977131639592,182,0,246,572,0,0,0,808,recovery,887
12.861428874645684,182,0,245,573,0,0,0,808,recovery,291
12.887953363523224,181,0,246,573,0,0,0,809,infection,296
12.889656287147712,181,0,245,574,0,0,0,809,recovery,882
12.914307355487754,180,0,246,574,0,0,0,810,infection,679
12.931906134701272,180,0,245,575,0,0,0,810,recovery,665
12.932608506589702,179,0,246,575,0,0,0,811,infection,317
12.944778276593734,179,0,245,576,0,0,0,811,recovery,210
12.950210771463055,179,0,244,577,0,0,0,811,recovery,270
12.951117829078354,179,0,243,578,0,0,0,811,recovery,514
12.965397127661095,179,0,242,579,0,0,0,811,recovery,365
12.99809048034025,179,0,241,580,0,0,0,811,recovery,617
13.000048059854626,179,0,240,581,0,0,0,811,recovery,567
13.0017344544064,178,0,241,581,0,0,0,812,infection,738
13.011856590829613,177,0,242,581,0,0,0,813,infection,774
13.016900274781106,177,0,241,582,0,0,0,813,recovery,354
13.031452227388925,176,0,242,582,0,0,0,814,infection,891
13.04463906097539,176,0,241,583,0,0,0,814,recovery,623
13.049400521566957,175,0,242,583,0,0,0,815,infection,776
13.055849076716939,175,0,241,584,0,0,0,815,recovery,157
13.070012799881855,174,0,242,584,0,0,0,816,infection,970
13.091296993826463,173,0,243,584,0,0,0,817,infection,105
13.097648147337697,173,0,242,585,0,0,0,817,recovery,852
13.132058170293115,173,0,241,586,0,0,0,817,recovery,767
13.148261213623844,173,0,240,587,0,0,0,817,recovery,386
13.153666823691172,172,0,241,587,0,0,0,818,infection,364
13.165031122988609,172,0,240,588,0,0,0,818,recovery,792
13.165512086595614,171,0,241,588,0,0,0,819,infection,676
13.168375848952515,171,0,240,589,0,0,0,819,recovery,173
13.17450569102302,171,0,239,590,0,0,0,819,recovery,625
13.180177204039124,171,0,238,591,0,0,0,819,recovery,255
13.197279349026974,171,0,237,592,0,0,0,819,recovery,715
13.208540752000468,170,0,238,592,0,0,0,820,infection,331
13.232753773962479,170,0,237,593,0,0,0,820,recovery,724
13.250873019158393,170,0,236,594,0,0,0,820,recovery,730
13.254345433384897,169,0,237,594,0,0,0,821,infection,926
13.283509367918949,169,0,236,595,0,0,0,821,recovery,372
13.29339401924727,168,0,237,595,0,0,0,822,infection,702
13.324031793289672,168,0,236,596,0,0,0,822,recovery,528
13.34812203669596,168,0,235,597,0,0,0,822,recovery,766
13.348269619564087,168,0,234,598,0,0,0,822,recovery,137
13.370027174011268,167,0,235,598,0,0,0,823,infection,842
13.37488432687411,167,0,234,599,0,0,0,823,recovery,720
13.381008538638918,166,0,235,599,0,0,0,824,infection,110
13.38138681058724,166,0,234,600,0,0,0,824,recovery,84
13.387111783184931,165,0,235,600,0,0,0,825,infection,758
13.39708044041085,164,0,236,600,0,0,0,826,infection,480
13.413468197482446,164,0,235,601,0,0,0,826,recovery,192
13.415435955921696,163,0,236,601,0,0,0,827,infection,775
13.427451498341963,163,0,235,602,0,0,0,827,recovery,748
13.429398519187153,163,0,234,603,0,0,0,827,recovery,774
13.430641056155132,163,0,233,604,0,0,0,827,recovery,379
13.468815107480589,162,0,234,604,0,0,0,828,infection,886
13.474847970044529,162,0,233,605,0,0,0,828,recovery,842
13.487834451848194,162,0,232,606,0,0,0,828,recovery,583
13.509962645783418,162,0,231,607,0,0,0,828,recovery,819
13.547527696886448,161,0,232,607,0,0,0,829,infection,759
13.572343284024855,161,0,231,608,0,0,0,829,recovery,755
13.604003103468871,161,0,230,609,0,0,0,829,recovery,629
13.615919993006258,161,0,229,610,0,0,0,829,recovery,891
13.634699113132585,161,0,228,611,0,0,0,829,recovery,481
13.635223800082548,161,0,227,612,0,0,0,829,recovery,388
13.655754955814787,160,0,228,612,0,0,0,830,infection,78
13.715627979195194,160,0,227,613,0,0,0,830,recovery,835
13.72314409997245,160,0,226,614,0,0,0,830,recovery,966
13.733229270615672,159,0,227,614,0,0,0,831,infection,689
13.752297526240326,158,0,228,614,0,0,0,832,infection,228
13.760566904355542,158,0,227,615,0,0,0,832,recovery,499
13.784301185815979,158,0,226,616,0,0,0,832,recovery,41
13.793706266169217,158,0,225,617,0,0,0,832,recovery,580
13.813514294676768,158,0,224,618,0,0,0,832,recovery,897
13.848480030929657,158,0,223,619,0,0,0,832,recovery,689
13.853452016959347,158,0,222,620,0,0,0,832,recovery,17
13.861258952561268,158,0,221,621,0,0,0,832,recovery,738
13.86478256642923,157,0,222,621,0,0,0,833,infection,687
13.875022298871995,157,0,221,622,0,0,0,833,recovery,781
13.878239690420312,157,0,220,623,0,0,0,833,recovery,277
13.886024845532013,157,0,219,624,0,0,0,833,recovery,317
13.888485868402414,156,0,220,624,0,0,0,834,infection,477
13.907500047819273,156,0,219,625,0,0,0,834,recovery,50
13.920245588383406,156,0,218,626,0,0,0,834,recovery,286
13.923671173174531,155,0,219,626,0,0,0,835,infection,452
13.938588110258973,155,0,218,627,0,0,0,835,recovery,805
13.94278043355524,155,0,217,628,0,0,0,835,recovery,758
13.948113983968993,155,0,216,629,0,0,0,835,recovery,322
13.99923064856332,154,0,217,629,0,0,0,836,infection,175
14.00177807001393,154,0,216,630,0,0,0,836,recovery,103
14.0166279425983,153,0,217,630,0,0,0,837,infection,694
14.032967243083156,153,0,216,631,0,0,0,837,recovery,127
14.056646315572511,153,0,215,632,0,0,0,837,recovery,78
14.09938167641589,153,0,214,633,0,0,0,837,recovery,218
14.12173510168647,153,0,213,634,0,0,0,837,recovery,451
14.140269172324437,152,0,214,634,0,0,0,838,infection,75
14.154621397881971,151,0,215,634,0,0,0,839,infection,607
14.162462880070105,151,0,214,635,0,0,0,839,recovery,777
14.180670927848508,151,0,213,636,0,0,0,839,recovery,175
14.181313936583283,151,0,212,637,0,0,0,839,recovery,604
14.184512676910076,151,0,211,638,0,0,0,839,recovery,904
14.188014324929046,151,0,210,639,0,0,0,839,recovery,756
14.189501849032688,151,0,209,640,0,0,0,839,recovery,851
14.19774566134825,150,0,210,640,0,0,0,840,infection,134
14.201615028208822,150,0,209,641,0,0,0,840,recovery,418
14.225629408292164,150,0,208,642,0,0,0,840,recovery,453
14.23970881451214,149,0,209,642,0,0,0,841,infection,930
14.271897700648122,149,0,208,643,0,0,0,841,recovery,373
14.314590244709539,149,0,207,644,0,0,0,841,recovery,500
14.319420341492563,149,0,206,645,0,0,0,841,recovery,608
14.328469013856678,148,0,207,645,0,0,0,842,infection,86
14.332009472509506,148,0,206,646,0,0,0,842,recovery,572
14.33758672820083,148,0,205,647,0,0,0,842,recovery,775
14.34283750847166,148,0,204,648,0,0,0,842,recovery,459
14.34329390575278,148,0,203,649,0,0,0,842,recovery,324
14.354370837658625,148,0,202,650,0,0,0,842,recovery,987
14.358145701360726,147,0,203,650,0,0,0,843,infection,529
14.37256316101596,147,0,202,651,0,0,0,843,recovery,713
14.376220029681008,147,0,201,652,0,0,0,843,recovery,135
14.38782085031498,147,0,200,653,0,0,0,843,recovery,144
14.399485199432634,146,0,201,653,0,0,0,844,infection,740
14.405428075601154,146,0,200,654,0,0,0,844,recovery,632
14.412651185840526,146,0,199,655,0,0,0,844,recovery,809
14.417225363091193,146,0,198,656,0,0,0,844,recovery,694
14.42251503575909,145,0,199,656,0,0,0,845,infection,627
14.428313113022703,144,0,200,656,0,0,0,846,infection,935
14.436619651060454,144,0,199,657,0,0,0,846,recovery,879
14.445256590026531,143,0,200,657,0,0,0,847,infection,578
14.457819981973707,143,0,199,658,0,0,0,847,recovery,306
14.509312351373861,142,0,200,658,0,0,0,848,infection,961
14.518021560943344,142,0,199,659,0,0,0,848,recovery,221
14.550736547640005,142,0,198,660,0,0,0,848,recovery,881
14.609760113177558,142,0,197,661,0,0,0,848,recovery,776
14.61638149798865,141,0,198,661,0,0,0,849,infection,506
14.62543217128448,140,0,199,661,0,0,0,850,infection,566
14.625470280216055,140,0,198,662,0,0,0,850,recovery,424
14.632418019919712,139,0,199,662,0,0,0,851,infection,279
14.636746457159054,139,0,198,663,0,0,0,851,recovery,607
14.639406512786582,138,0,199,663,0,0,0,852,infection,440
14.645477291908723,137,0,200,663,0,0,0,853,infection,468
14.660927137732434,137,0,199,664,0,0,0,853,recovery,619
14.670386482277703,137,0,198,665,0,0,0,853,recovery,485
14.671712598736491,137,0,197,666,0,0,0,853,recovery,675
14.675712277524724,137,0,196,667,0,0,0,853,recovery,193
14.735275853206645,136,0,197,667,0,0,0,854,infection,329
14.742471249926911,136,0,196,668,0,0,0,854,recovery,714
14.758686574546239,135,0,197,668,0,0,0,855,infection,520
14.77131483798954,135,0,196,669,0,0,0,855,recovery,522
14.795991087665268,135,0,195,670,0,0,0,855,recovery,301
14.797509007819695,135,0,194,671,0,0,0,855,recovery,932
14.823596696282706,135,0,193,672,0,0,0,855,recovery,801
14.848571911880416,135,0,192,673,0,0,0,855,recovery,134
14.85206453010211,134,0,193,673,0,0,0,856,infection,757
14.86614070656661,133,0,194,673,0,0,0,857,infection,862
14.877061007241677,133,0,193,674,0,0,0,857,recovery,727
14.886298222507673,133,0,192,675,0,0,0,857,recovery,468
14.887344754182621,132,0,193,675,0,0,0,858,infection,800
14.90744950117713,132,0,192,676,0,0,0,858,recovery,482
14.913307827961328,132,0,191,677,0,0,0,858,recovery,480
14.925485554767564,132,0,190,678,0,0,0,858,recovery,46
14.935500154607158,132,0,189,679,0,0,0,858,recovery,356
14.962984750072792,132,0,188,680,0,0,0,858,recovery,674
14.966648624717713,132,0,187,681,0,0,0,858,recovery,965
14.967575096376391,132,0,186,682,0,0,0,858,recovery,429
14.97457804615234,132,0,185,683,0,0,0,858,recovery,679
14.987478204853613,132,0,184,684,0,0,0,858,recovery,21
15.03044461957032,132,0,183,685,0,0,0,858,recovery,469
15.032606959299374,131,0,184,685,0,0,0,859,infection,874
15.045689653371825,131,0,183,686,0,0,0,859,recovery,697
15.081050054334924,130,0,184,686,0,0,0,860,infection,10
15.089237628826258,129,0,185,686,0,0,0,861,infection,158
15.0898399863764,129,0,184,687,0,0,0,861,recovery,47
15.120703598207422,128,0,185,687,0,0,0,862,infection,408
15.152608694978532,128,0,184,688,0,0,0,862,recovery,254
15.154501439141487,128,0,183,689,0,0,0,862,recovery,502
15.16615977854298,128,0,182,690,0,0,0,862,recovery,915
15.17249006801961,128,0,181,691,0,0,0,862,recovery,759
15.208895847660155,128,0,180,692,0,0,0,862,recovery,384
15.215976871062034,128,0,179,693,0,0,0,862,recovery,682
15.238697434576489,127,0,180,693,0,0,0,863,infection,61
15.242319023449605,127,0,179,694,0,0,0,863,recovery,920
15.259855917785215,126,0,180,694,0,0,0,864,infection,509
15.261838608356229,126,0,179,695,0,0,0,864,recovery,368
15.29393673316342,126,0,178,696,0,0,0,864,recovery,382
15.297871339706408,125,0,179,696,0,0,0,865,infection,54
15.316473195559896,124,0,180,696,0,0,0,866,infection,224
15.321784975023656,124,0,179,697,0,0,0,866,recovery,118
15.33038757526797,124,0,178,698,0,0,0,866,recovery,926
15.336609646593878,124,0,177,699,0,0,0,866,recovery,448
15.35549093820247,124,0,176,700,0,0,0,866,recovery,432
15.379710193179344,123,0,177,700,0,0,0,867,infection,7
15.386912887466076,122,0,178,700,0,0,0,868,infection,563
15.389509508455948,122,0,177,701,0,0,0,868,recovery,268
15.413224304764581,122,0,176,702,0,0,0,868,recovery,353
15.426345273225149,122,0,175,703,0,0,0,868,recovery,470
15.434423047023373,122,0,174,704,0,0,0,868,recovery,948
15.439121440453373,122,0,173,705,0,0,0,868,recovery,22
15.463315740457743,122,0,172,706,0,0,0,868,recovery,634
15.490102383261956,122,0,171,707,0,0,0,868,recovery,320
15.535433963638384,121,0,172,707,0,0,0,869,infection,73
15.540534212089081,121,0,171,708,0,0,0,869,recovery,146
15.557237292231923,121,0,170,709,0,0,0,869,recovery,91
15.562730205182485,121,0,169,710,0,0,0,869,recovery,228
15.569830378875377,121,0,168,711,0,0,0,869,recovery,64
15.606813470606768,120,0,169,711,0,0,0,870,infection,788
15.611106655058279,120,0,168,712,0,0,0,870,recovery,757
15.626495086602768,120,0,167,713,0,0,0,870,recovery,834
15.637535653921685,120,0,166,714,0,0,0,870,recovery,828
15.639962681428447,120,0,165,715,0,0,0,870,recovery,200
15.672750463249388,120,0,164,716,0,0,0,870,recovery,935
15.686695508555966,120,0,163,717,0,0,0,870,recovery,740
15.701369615466167,120,0,162,718,0,0,0,870,recovery,930
15.713721712922318,120,0,161,719,0,0,0,870,recovery,557
15.744830470827988,119,0,162,719,0,0,0,871,infection,668
15.795328832139628,119,0,161,720,0,0,0,871,recovery,961
15.80319738900599,119,0,160,721,0,0,0,871,recovery,529
15.805530271750452,119,0,159,722,0,0,0,871,recovery,19
15.819224921420993,118,0,160,722,0,0,0,872,infection,321
15.825948712305946,118,0,159,723,0,0,0,872,recovery,885
15.858016923050679,118,0,158,724,0,0,0,872,recovery,981
15.962149890856526,118,0,157,725,0,0,0,872,recovery,815
15.972803938695058,118,0,156,726,0,0,0,872,recovery,506
15.981953142035639,118,0,155,727,0,0,0,872,recovery,39
16.01451081480333,118,0,154,728,0,0,0,872,recovery,4
16.023496197914685,118,0,153,729,0,0,0,872,recovery,35
16.043577820511516,118,0,152,730,0,0,0,872,recovery,419
16.083786646918547,118,0,151,731,0,0,0,872,recovery,654
16.111203558539206,118,0,150,732,0,0,0,872,recovery,953
16.12468091556903,118,0,149,733,0,0,0,872,recovery,364
16.133733787545637,118,0,148,734,0,0,0,872,recovery,874
16.14736688056143,118,0,147,735,0,0,0,872,recovery,788
16.153616871245788,118,0,146,736,0,0,0,872,recovery,239
16.174275717218542,118,0,145,737,0,0,0,872,recovery,431
16.17498150748883,118,0,144,738,0,0,0,872,recovery,799
16.195219794686633,118,0,143,739,0,0,0,872,recovery,385
16.209092997151885,117,0,144,739,0,0,0,873,infection,350
16.2467899837071,117,0,143,740,0,0,0,873,recovery,489
16.254498810867368,117,0,142,741,0,0,0,873,recovery,110
16.308289277040988,117,0,141,742,0,0,0,873,recovery,86
16.366007738543313,117,0,140,743,0,0,0,873,recovery,830
16.372695861901573,117,0,139,744,0,0,0,873,recovery,518
16.40464445349233,117,0,138,745,0,0,0,873,recovery,375
16.40699506657041,116,0,139,745,0,0,0,874,infection,293
16.415570161155287,115,0,140,745,0,0,0,875,infection,225
16.421460952686665,115,0,139,746,0,0,0,875,recovery,822
16.427875384884075,115,0,138,747,0,0,0,875,recovery,691
16.427906230353624,114,0,139,747,0,0,0,876,infection,832
16.440456917275263,114,0,138,748,0,0,0,876,recovery,61
16.446277911761683,114,0,137,749,0,0,0,876,recovery,837
16.450048108325188,114,0,136,750,0,0,0,876,recovery,537
16.496516562988468,113,0,137,750,0,0,0,877,infection,234
16.517507346362795,112,0,138,750,0,0,0,878,infection,202
16.56238394690167,112,0,137,751,0,0,0,878,recovery,321
16.563600643808968,111,0,138,751,0,0,0,879,infection,340
16.616277391421598,111,0,137,752,0,0,0,879,recovery,892
16.6185386649805,111,0,136,753,0,0,0,879,recovery,916
16.625614589554072,110,0,137,753,0,0,0,880,infection,171
16.64247852848683,110,0,136,754,0,0,0,880,recovery,671
16.67153771551311,110,0,135,755,0,0,0,880,recovery,342
16.693165734881262,110,0,134,756,0,0,0,880,recovery,574
16.766640782206956,110,0,133,757,0,0,0,880,recovery,566
16.773656021674334,110,0,132,758,0,0,0,880,recovery,702
16.78065346819158,110,0,131,759,0,0,0,880,recovery,637
16.780971114477822,109,0,132,759,0,0,0,881,infection,985
16.80580660200812,109,0,131,760,0,0,0,881,recovery,970
16.850842863662216,109,0,130,761,0,0,0,881,recovery,323
16.888986531025736,109,0,129,762,0,0,0,881,recovery,340
16.92409496192595,109,0,128,763,0,0,0,881,recovery,667
16.951037272019633,109,0,127,764,0,0,0,881,recovery,591
16.988002663168718,109,0,126,765,0,0,0,881,recovery,132
16.999984752129816,108,0,127,765,0,0,0,882,infection,245
17.052402136547354,107,0,128,765,0,0,0,883,infection,138
17.060796196522556,107,0,127,766,0,0,0,883,recovery,802
17.066511893075553,107,0,126,767,0,0,0,883,recovery,871
17.089738200135972,106,0,127,767,0,0,0,884,infection,798
17.11000776366422,106,0,126,768,0,0,0,884,recovery,668
17.112552561857516,106,0,125,769,0,0,0,884,recovery,811
17.183227557497926,106,0,124,770,0,0,0,884,recovery,351
17.193463978097725,106,0,123,771,0,0,0,884,recovery,639
17.20302691518848,105,0,124,771,0,0,0,885,infection,854
17.21398533884208,104,0,125,771,0,0,0,886,infection,968
17.255175914920677,104,0,124,772,0,0,0,886,recovery,171
17.258820075210245,104,0,123,773,0,0,0,886,recovery,234
17.262649372126763,104,0,122,774,0,0,0,886,recovery,862
17.270694042053506,104,0,121,775,0,0,0,886,recovery,335
17.293556427382192,104,0,120,776,0,0,0,886,recovery,434
17.295806386569527,104,0,119,777,0,0,0,886,recovery,798
17.318376205639073,103,0,120,777,0,0,0,887,infection,454
17.34521105818095,103,0,119,778,0,0,0,887,recovery,83
17.370442270257897,103,0,118,779,0,0,0,887,recovery,793
17.38167440215042,103,0,117,780,0,0,0,887,recovery,196
17.409951289625212,103,0,116,781,0,0,0,887,recovery,299
17.46260133438857,102,0,117,781,0,0,0,888,infection,951
17.468886115730278,102,0,116,782,0,0,0,888,recovery,165
17.4797804743426,102,0,115,783,0,0,0,888,recovery,293
17.511069243136994,101,0,116,783,0,0,0,889,infection,515
17.56929638188724,101,0,115,784,0,0,0,889,recovery,563
17.573060842363738,100,0,116,784,0,0,0,890,infection,121
17.652338710963004,99,0,117,784,0,0,0,891,infection,669
17.66000876440835,99,0,116,785,0,0,0,891,recovery,693
17.67359574978307,99,0,115,786,0,0,0,891,recovery,676
17.674543633639093,99,0,114,787,0,0,0,891,recovery,94
17.75648770477156,99,0,113,788,0,0,0,891,recovery,893
17.75754421690421,98,0,114,788,0,0,0,892,infection,38
17.768956742991037,98,0,113,789,0,0,0,892,recovery,178
17.787638476027862,98,0,112,790,0,0,0,892,recovery,121
17.78984872637893,98,0,111,791,0,0,0,892,recovery,669
17.820155570785257,97,0,112,791,0,0,0,893,infection,169
17.825985419541425,97,0,111,792,0,0,0,893,recovery,633
17.869407586695335,97,0,110,793,0,0,0,893,recovery,296
17.93910637407802,96,0,111,793,0,0,0,894,infection,327
17.94445814909078,95,0,112,793,0,0,0,895,infection,243
17.953666920228805,94,0,113,793,0,0,0,896,infection,989
17.972303373608966,94,0,112,794,0,0,0,896,recovery,519
17.983640709583383,94,0,111,795,0,0,0,896,recovery,140
17.99778530422629,94,0,110,796,0,0,0,896,recovery,613
18.00024939397427,94,0,109,797,0,0,0,896,recovery,440
18.017314539515,94,0,108,798,0,0,0,896,recovery,680
18.061049964551692,93,0,109,798,0,0,0,897,infection,77
18.083184770946307,92,0,110,798,0,0,0,898,infection,867
18.09242363786408,91,0,111,798,0,0,0,899,infection,410
18.116166577707546,91,0,110,799,0,0,0,899,recovery,188
18.170365451259467,91,0,109,800,0,0,0,899,recovery,73
18.18135597580199,91,0,108,801,0,0,0,899,recovery,651
18.21750186645101,90,0,109,801,0,0,0,900,infection,964
18.273740571676093,89,0,110,801,0,0,0,901,infection,166
18.290348771295847,89,0,109,802,0,0,0,901,recovery,745
18.31063073315989,89,0,108,803,0,0,0,901,recovery,150
18.349587510018047,89,0,107,804,0,0,0,901,recovery,980
18.36772712493058,88,0,108,804,0,0,0,902,infection,491
18.373692168434737,88,0,107,805,0,0,0,902,recovery,592
18.42634569129231,88,0,106,806,0,0,0,902,recovery,329
18.44780329612993,88,0,105,807,0,0,0,902,recovery,3
18.466251344934157,88,0,104,808,0,0,0,902,recovery,199
18.47449321453047,88,0,103,809,0,0,0,902,recovery,889
18.480479905293606,88,0,102,810,0,0,0,902,recovery,515
18.595175607728905,88,0,101,811,0,0,0,902,recovery,495
18.637348191653423,88,0,100,812,0,0,0,902,recovery,951
18.663898524104567,88,0,99,813,0,0,0,902,recovery,367
18.66941097859733,87,0,100,813,0,0,0,903,infection,659
18.68758164365293,87,0,99,814,0,0,0,903,recovery,273
18.703242239429663,87,0,98,815,0,0,0,903,recovery,236
18.746432928920193,87,0,97,816,0,0,0,903,recovery,428
18.849628682669547,86,0,98,816,0,0,0,904,infection,618
18.89979641434124,86,0,97,817,0,0,0,904,recovery,703
18.947817784955827,86,0,96,818,0,0,0,904,recovery,350
18.952186350241053,86,0,95,819,0,0,0,904,recovery,271
19.018528919214607,86,0,94,820,0,0,0,904,recovery,168
19.045874944320943,86,0,93,821,0,0,0,904,recovery,105
19.06412150118206,86,0,92,822,0,0,0,904,recovery,77
19.08699183395512,86,0,91,823,0,0,0,904,recovery,622
19.128357571183265,86,0,90,824,0,0,0,904,recovery,593
19.171508615093988,86,0,89,825,0,0,0,904,recovery,282
19.200986761796514,86,0,88,826,0,0,0,904,recovery,508
19.24723540957275,86,0,87,827,0,0,0,904,recovery,410
19.261245063168523,85,0,88,827,0,0,0,905,infection,176
19.29739077574664,84,0,89,827,0,0,0,906,infection,360
19.32998519222025,84,0,88,828,0,0,0,906,recovery,659
19.338736185847353,84,0,87,829,0,0,0,906,recovery,48
19.363313161679283,84,0,86,830,0,0,0,906,recovery,807
19.39808212390013,84,0,85,831,0,0,0,906,recovery,509
19.48415393320608,83,0,86,831,0,0,0,907,infection,194
19.505892436491223,83,0,85,832,0,0,0,907,recovery,187
19.51984226380985,83,0,84,833,0,0,0,907,recovery,120
19.55605939502686,83,0,83,834,0,0,0,907,recovery,7
19.564537685305936,83,0,82,835,0,0,0,907,recovery,327
19.60570468827785,83,0,81,836,0,0,0,907,recovery,133
19.610815868331734,83,0,80,837,0,0,0,907,recovery,944
19.613970819965843,82,0,81,837,0,0,0,908,infection,516
19.62589387644727,82,0,80,838,0,0,0,908,recovery,56
19.6639341496982,82,0,79,839,0,0,0,908,recovery,75
19.668215590151174,82,0,78,840,0,0,0,908,recovery,832
19.686259528786465,82,0,77,841,0,0,0,908,recovery,770
19.730432448743596,82,0,76,842,0,0,0,908,recovery,908
19.745214645287334,81,0,77,842,0,0,0,909,infection,556
19.74695902727417,81,0,76,843,0,0,0,909,recovery,985
19.801018290557234,81,0,75,844,0,0,0,909,recovery,867
19.83606886629714,81,0,74,845,0,0,0,909,recovery,796
19.895848790295915,81,0,73,846,0,0,0,909,recovery,491
19.90552359587627,81,0,72,847,0,0,0,909,recovery,800
20.043933360009,81,0,71,848,0,0,0,909,recovery,224
20.05325990735248,81,0,70,849,0,0,0,909,recovery,45
20.091381217122837,81,0,69,850,0,0,0,909,recovery,520
20.13411132433628,81,0,68,851,0,0,0,909,recovery,686
20.162182154011738,81,0,67,852,0,0,0,909,recovery,853
20.226864708726193,80,0,68,852,0,0,0,910,infection,685
20.2351000192681,80,0,67,853,0,0,0,910,recovery,854
20.442659698036504,80,0,66,854,0,0,0,910,recovery,589
20.5634382809375,80,0,65,855,0,0,0,910,recovery,194
20.572704779917167,80,0,64,856,0,0,0,910,recovery,166
20.62727534116398,80,0,63,857,0,0,0,910,recovery,408
20.875563766161456,80,0,62,858,0,0,0,910,recovery,226
21.01505604356055,80,0,61,859,0,0,0,910,recovery,964
21.02640782579703,80,0,60,860,0,0,0,910,recovery,54
21.08245810879486,80,0,59,861,0,0,0,910,recovery,138
21.097769327154683,80,0,58,862,0,0,0,910,recovery,158
21.124118157900014,80,0,57,863,0,0,0,910,recovery,644
21.14747764697932,80,0,56,864,0,0,0,910,recovery,186
21.202336048587213,80,0,55,865,0,0,0,910,recovery,360
21.30811909836501,80,0,54,866,0,0,0,910,recovery,452
21.328989298558554,80,0,53,867,0,0,0,910,recovery,554
21.380116210937533,80,0,52,868,0,0,0,910,recovery,687
21.39107338952897,80,0,51,869,0,0,0,910,recovery,279
21.441095692743705,80,0,50,870,0,0,0,910,recovery,556
21.446579389966026,80,0,49,871,0,0,0,910,recovery,229
21.57849322916123,80,0,48,872,0,0,0,910,recovery,38
21.612225873160423,80,0,47,873,0,0,0,910,recovery,989
21.635521650368915,80,0,46,874,0,0,0,910,recovery,578
21.76060918344048,80,0,45,875,0,0,0,910,recovery,666
21.893171364914583,80,0,44,876,0,0,0,910,recovery,968
21.942389300993852,80,0,43,877,0,0,0,910,recovery,295
22.184245088550984,79,0,44,877,0,0,0,911,infection,32
22.193189582221795,79,0,43,878,0,0,0,911,recovery,516
22.32741125036481,79,0,42,879,0,0,0,911,recovery,326
22.365193403226392,79,0,41,880,0,0,0,911,recovery,512
22.46817638005895,79,0,40,881,0,0,0,911,recovery,544
22.685978945380484,79,0,39,882,0,0,0,911,recovery,116
22.725764495144034,79,0,38,883,0,0,0,911,recovery,678
22.84081766316006,78,0,39,883,0,0,0,912,infection,967
22.972167205884887,78,0,38,884,0,0,0,912,recovery,707
23.056483761933148,78,0,37,885,0,0,0,912,recovery,243
23.155630472657165,78,0,36,886,0,0,0,912,recovery,109
23.19442958270227,78,0,35,887,0,0,0,912,recovery,475
23.390463855946948,78,0,34,888,0,0,0,912,recovery,753
23.397692890710424,78,0,33,889,0,0,0,912,recovery,888
23.460389195149077,78,0,32,890,0,0,0,912,recovery,176
23.49726612200125,78,0,31,891,0,0,0,912,recovery,886
23.522378456442254,78,0,30,892,0,0,0,912,recovery,627
23.55665248037734,78,0,29,893,0,0,0,912,recovery,685
23.684479870457686,78,0,28,894,0,0,0,912,recovery,284
23.68992100110215,78,0,27,895,0,0,0,912,recovery,331
23.69762345452348,78,0,26,896,0,0,0,912,recovery,618
23.70589444797716,78,0,25,897,0,0,0,912,recovery,85
23.736621237224274,77,0,26,897,0,0,0,913,infection,636
23.846092458550142,76,0,27,897,0,0,0,914,infection,374
24.00689967092746,76,0,26,898,0,0,0,914,recovery,463
24.048692920147133,76,0,25,899,0,0,0,914,recovery,225
24.08058027929461,76,0,24,900,0,0,0,914,recovery,568
24.093978277361373,76,0,23,901,0,0,0,914,recovery,511
24.134075402888058,76,0,22,902,0,0,0,914,recovery,112
24.63923013552215,76,0,21,903,0,0,0,914,recovery,719
24.665593720470284,76,0,20,904,0,0,0,914,recovery,643
24.87314582516829,76,0,19,905,0,0,0,914,recovery,32
25.000716957264032,76,0,18,906,0,0,0,914,recovery,477
25.019609612015905,75,0,19,906,0,0,0,915,infection,611
25.464215736851873,75,0,18,907,0,0,0,915,recovery,374
25.653016081481013,75,0,17,908,0,0,0,915,recovery,817
25.93262977289976,75,0,16,909,0,0,0,915,recovery,169
26.22063186609916,75,0,15,910,0,0,0,915,recovery,10
26.575190604511093,75,0,14,911,0,0,0,915,recovery,611
26.61825806191534,75,0,13,912,0,0,0,915,recovery,587
27.32368044161028,75,0,12,913,0,0,0,915,recovery,115
27.36571696151939,75,0,11,914,0,0,0,915,recovery,454
27.37649739653883,75,0,10,915,0,0,0,915,recovery,392
27.563086134519956,75,0,9,916,0,0,0,915,recovery,681
27.921031478053095,75,0,8,917,0,0,0,915,recovery,695
28.046946596612482,75,0,7,918,0,0,0,915,recovery,202
28.274604539733687,75,0,6,919,0,0,0,915,recovery,636
28.39037558741939,75,0,5,920,0,0,0,915,recovery,741
30.804578593801512,75,0,4,921,0,0,0,915,recovery,426
31.54323840936746,75,0,3,922,0,0,0,915,recovery,967
32.27961975134933,75,0,2,923,0,0,0,915,recovery,245
33.46746681109133,74,0,3,923,0,0,0,916,infection,550
37.188156181737526,74,0,2,924,0,0,0,916,recovery,305
37.84952663087401,74,0,1,925,0,0,0,916,recovery,839
38.04189169567261,74,0,0,926,0,0,0,916,recovery,550
40.0,74,0,0,926,0,0,0,916,horizon,0
