t,S,E,I,R,births,deaths,vaccinated,infections,event,person
0.0,990,0,10,0,0,0,0,0,initial,0
0.2398133004716213,989,0,11,0,0,0,0,1,infection,372
0.26557438054655347,988,0,12,0,0,0,0,2,infection,466
0.2699954717648827,987,0,13,0,0,0,0,3,infection,690
0.47229728603519183,987,0,12,1,0,0,0,3,recovery,995
0.49318988374749007,986,0,13,1,0,0,0,4,infection,726
0.8669510595743609,985,0,14,1,0,0,0,5,infection,330
0.9033453952395343,984,0,15,1,0,0,0,6,infection,492
0.9470050021514627,984,0,14,2,0,0,0,6,recovery,998
1.0525610613152032,983,0,15,2,0,0,0,7,infection,324
1.0678900597237695,982,0,16,2,0,0,0,8,infection,243
1.0714080334950493,981,0,17,2,0,0,0,9,infection,796
1.0847288662722272,980,0,18,2,0,0,0,10,infection,45
1.283422716187775,979,0,19,2,0,0,0,11,infection,123
1.3272482585292287,979,0,18,3,0,0,0,11,recovery,45
1.3860463118523998,978,0,19,3,0,0,0,12,infection,664
1.4102953635321323,977,0,20,3,0,0,0,13,infection,48
1.4746793972824785,977,0,19,4,0,0,0,13,recovery,48
1.4922386666917844,977,0,18,5,0,0,0,13,recovery,992
1.5498145393593505,977,0,17,6,0,0,0,13,recovery,372
1.6574213337711188,976,0,18,6,0,0,0,14,infection,604
1.8655156654200244,976,0,17,7,0,0,0,14,recovery,664
1.8757255656098388,976,0,16,8,0,0,0,14,recovery,997
1.9335809277176437,975,0,17,8,0,0,0,15,infection,735
1.9892870043796338,974,0,18,8,0,0,0,16,infection,353
2.000196867175652,973,0,19,8,0,0,0,17,infection,654
2.0073565662291215,972,0,20,8,0,0,0,18,infection,142
2.0121632427770333,971,0,21,8,0,0,0,19,infection,805
2.1453363093216895,971,0,20,9,0,0,0,19,recovery,330
2.2361453707850467,970,0,21,9,0,0,0,20,infection,232
2.32985841536405,969,0,22,9,0,0,0,21,infection,585
2.3709489473876064,969,0,21,10,0,0,0,21,recovery,796
2.3774758925548634,968,0,22,10,0,0,0,22,infection,956
2.421417308960017,967,0,23,10,0,0,0,23,infection,281
2.5868968626400264,966,0,24,10,0,0,0,24,infection,502
2.6966186660085025,965,0,25,10,0,0,0,25,infection,103
2.736980554922598,965,0,24,11,0,0,0,25,recovery,805
2.7373113355503724,964,0,25,11,0,0,0,26,infection,523
2.7934295168165404,963,0,26,11,0,0,0,27,infection,623
2.826852042376099,962,0,27,11,0,0,0,28,infection,304
2.8375853677763034,961,0,28,11,0,0,0,29,infection,26
2.8813699564475153,960,0,29,11,0,0,0,30,infection,137
2.881837529513173,959,0,30,11,0,0,0,31,infection,906
2.888955463045899,959,0,29,12,0,0,0,31,recovery,123
2.927300689862803,959,0,28,13,0,0,0,31,recovery,492
3.0730289602482124,958,0,29,13,0,0,0,32,infection,318
3.0758582683750544,957,0,30,13,0,0,0,33,infection,367
3.1239462741904296,956,0,31,13,0,0,0,34,infection,191
3.1577085313750866,955,0,32,13,0,0,0,35,infection,141
3.1605198511448256,954,0,33,13,0,0,0,36,infection,445
3.1765107411685527,953,0,34,13,0,0,0,37,infection,562
3.2081126721052278,952,0,35,13,0,0,0,38,infection,829
3.228843599279667,951,0,36,13,0,0,0,39,infection,275
3.2525960545061228,950,0,37,13,0,0,0,40,infection,792
3.2824738171297856,950,0,36,14,0,0,0,40,recovery,993
3.299794112655594,949,0,37,14,0,0,0,41,infection,300
3.301757484122764,949,0,36,15,0,0,0,41,recovery,304
3.3850187290794223,948,0,37,15,0,0,0,42,infection,285
3.4063413181524136,947,0,38,15,0,0,0,43,infection,845
3.4343570965305434,946,0,39,15,0,0,0,44,infection,871
3.4420223217337265,946,0,38,16,0,0,0,44,recovery,191
3.465836127491194,946,0,37,17,0,0,0,44,recovery,991
3.466815515078876,946,0,36,18,0,0,0,44,recovery,281
3.5407942005136857,945,0,37,18,0,0,0,45,infection,239
3.5616928282505476,944,0,38,18,0,0,0,46,infection,853
3.5657958261178666,944,0,37,19,0,0,0,46,recovery,994
3.5685183178311983,943,0,38,19,0,0,0,47,infection,90
3.5999643609785137,943,0,37,20,0,0,0,47,recovery,285
3.606984032958344,942,0,38,20,0,0,0,48,infection,812
3.6290949440554887,941,0,39,20,0,0,0,49,infection,819
3.6375836118084077,940,0,40,20,0,0,0,50,infection,315
3.643363545696804,939,0,41,20,0,0,0,51,infection,815
3.6461363211190427,938,0,42,20,0,0,0,52,infection,181
3.6563953314731625,938,0,41,21,0,0,0,52,recovery,300
3.663533390801324,937,0,42,21,0,0,0,53,infection,552
3.6786407059188333,936,0,43,21,0,0,0,54,infection,514
3.683562430095883,935,0,44,21,0,0,0,55,infection,915
3.687200731295722,935,0,43,22,0,0,0,55,recovery,871
3.7322208494481486,934,0,44,22,0,0,0,56,infection,146
3.7503563281162196,933,0,45,22,0,0,0,57,infection,307
3.794463419009148,932,0,46,22,0,0,0,58,infection,806
3.8041768884106895,931,0,47,22,0,0,0,59,infection,176
3.819220708159997,930,0,48,22,0,0,0,60,infection,811
3.82665649000454,929,0,49,22,0,0,0,61,infection,12
3.85562442341216,929,0,48,23,0,0,0,61,recovery,585
3.861441393539892,928,0,49,23,0,0,0,62,infection,427
3.8809325190792365,927,0,50,23,0,0,0,63,infection,689
3.9026471330981325,926,0,51,23,0,0,0,64,infection,620
3.9601502368701818,926,0,50,24,0,0,0,64,recovery,999
4.016352238248458,925,0,51,24,0,0,0,65,infection,392
4.0320638049193835,925,0,50,25,0,0,0,65,recovery,243
4.079072825483728,924,0,51,25,0,0,0,66,infection,737
4.095760826789254,924,0,50,26,0,0,0,66,recovery,142
4.1442976450192015,923,0,51,26,0,0,0,67,infection,264
4.21652402521681,923,0,50,27,0,0,0,67,recovery,176
4.334864282010879,922,0,51,27,0,0,0,68,infection,739
4.335571832369586,921,0,52,27,0,0,0,69,infection,635
4.354309079309856,920,0,53,27,0,0,0,70,infection,977
4.391542624828376,919,0,54,27,0,0,0,71,infection,337
4.394803621477028,918,0,55,27,0,0,0,72,infection,707
4.421933130246062,917,0,56,27,0,0,0,73,infection,926
4.424189768413027,917,0,55,28,0,0,0,73,recovery,792
4.450809694908671,917,0,54,29,0,0,0,73,recovery,392
4.481905336056451,916,0,55,29,0,0,0,74,infection,591
4.50877243530294,915,0,56,29,0,0,0,75,infection,869
4.524120069751484,914,0,57,29,0,0,0,76,infection,134
4.556066354255984,913,0,58,29,0,0,0,77,infection,387
4.579265641648835,912,0,59,29,0,0,0,78,infection,47
4.652955500740647,911,0,60,29,0,0,0,79,infection,364
4.6821472909938,910,0,61,29,0,0,0,80,infection,887
4.683843632586875,909,0,62,29,0,0,0,81,infection,741
4.73033534911215,908,0,63,29,0,0,0,82,infection,912
4.7413508523132055,907,0,64,29,0,0,0,83,infection,826
4.7597244904195914,906,0,65,29,0,0,0,84,infection,342
4.7620995818386325,905,0,66,29,0,0,0,85,infection,608
4.777185062981093,905,0,65,30,0,0,0,85,recovery,26
4.8040697919566995,905,0,64,31,0,0,0,85,recovery,812
4.814873169078634,905,0,63,32,0,0,0,85,recovery,307
4.842034327469286,904,0,64,32,0,0,0,86,infection,787
4.844579156067112,903,0,65,32,0,0,0,87,infection,311
4.870883659108779,902,0,66,32,0,0,0,88,infection,471
4.882189533395057,902,0,65,33,0,0,0,88,recovery,552
4.925927618993825,901,0,66,33,0,0,0,89,infection,511
4.952625144741452,900,0,67,33,0,0,0,90,infection,288
4.967572001976205,900,0,66,34,0,0,0,90,recovery,318
4.972972840569711,899,0,67,34,0,0,0,91,infection,557
4.985958972469299,898,0,68,34,0,0,0,92,infection,416
4.992316065488328,897,0,69,34,0,0,0,93,infection,368
5.048980965306312,896,0,70,34,0,0,0,94,infection,96
5.06176263791279,895,0,71,34,0,0,0,95,infection,148
5.065829061177882,895,0,70,35,0,0,0,95,recovery,387
5.078729512712336,894,0,71,35,0,0,0,96,infection,712
5.090371476352975,893,0,72,35,0,0,0,97,infection,950
5.101386838686709,892,0,73,35,0,0,0,98,infection,261
5.105669916366222,892,0,72,36,0,0,0,98,recovery,977
5.106892539870253,891,0,73,36,0,0,0,99,infection,329
5.109899423110136,890,0,74,36,0,0,0,100,infection,99
5.138935271041633,889,0,75,36,0,0,0,101,infection,554
5.143189629300338,888,0,76,36,0,0,0,102,infection,203
5.162235662942653,887,0,77,36,0,0,0,103,infection,775
5.162696711146827,886,0,78,36,0,0,0,104,infection,939
5.1647854683515595,885,0,79,36,0,0,0,105,infection,373
5.167042660180558,884,0,80,36,0,0,0,106,infection,420
5.206529392470319,883,0,81,36,0,0,0,107,infection,551
5.210428368840216,882,0,82,36,0,0,0,108,infection,964
5.218259324293687,882,0,81,37,0,0,0,108,recovery,364
5.224208970217514,882,0,80,38,0,0,0,108,recovery,926
5.226405362107036,882,0,79,39,0,0,0,108,recovery,103
5.234523871189355,881,0,80,39,0,0,0,109,infection,333
5.256790436199916,880,0,81,39,0,0,0,110,infection,8
5.262977525784262,879,0,82,39,0,0,0,111,infection,606
5.268607263885041,878,0,83,39,0,0,0,112,infection,44
5.275542431340303,877,0,84,39,0,0,0,113,infection,738
5.288907884065568,876,0,85,39,0,0,0,114,infection,309
5.292402173658816,876,0,84,40,0,0,0,114,recovery,712
5.29509931129193,875,0,85,40,0,0,0,115,infection,17
5.312251430983391,875,0,84,41,0,0,0,115,recovery,261
5.319938989908909,874,0,85,41,0,0,0,116,infection,589
5.336551975310715,873,0,86,41,0,0,0,117,infection,910
5.387901731936662,872,0,87,41,0,0,0,118,infection,645
5.393820634539233,871,0,88,41,0,0,0,119,infection,125
5.394299111435071,871,0,87,42,0,0,0,119,recovery,726
5.395583173455648,870,0,88,42,0,0,0,120,infection,931
5.399403002385893,869,0,89,42,0,0,0,121,infection,830
5.407092796751037,868,0,90,42,0,0,0,122,infection,657
5.411381878497508,867,0,91,42,0,0,0,123,infection,966
5.420437627797041,866,0,92,42,0,0,0,124,infection,85
5.429823795489715,865,0,93,42,0,0,0,125,infection,477
5.43489485351328,864,0,94,42,0,0,0,126,infection,366
5.436124513672309,863,0,95,42,0,0,0,127,infection,628
5.442394653048234,862,0,96,42,0,0,0,128,infection,626
5.44857232172877,862,0,95,43,0,0,0,128,recovery,523
5.470205545584545,861,0,96,43,0,0,0,129,infection,69
5.499447786398351,861,0,95,44,0,0,0,129,recovery,134
5.5195281538777765,860,0,96,44,0,0,0,130,infection,592
5.529834330262924,860,0,95,45,0,0,0,130,recovery,562
5.544080488238911,860,0,94,46,0,0,0,130,recovery,964
5.544488888344448,859,0,95,46,0,0,0,131,infection,263
5.556849295189443,858,0,96,46,0,0,0,132,infection,419
5.572348335339203,857,0,97,46,0,0,0,133,infection,479
5.579056769814499,857,0,96,47,0,0,0,133,recovery,741
5.62035422390135,856,0,97,47,0,0,0,134,infection,703
5.626919600889664,855,0,98,47,0,0,0,135,infection,74
5.688881514018893,854,0,99,47,0,0,0,136,infection,170
5.733432280085641,853,0,100,47,0,0,0,137,infection,566
5.742617952700452,852,0,101,47,0,0,0,138,infection,1
5.7585360511309736,851,0,102,47,0,0,0,139,infection,524
5.7713684835741486,850,0,103,47,0,0,0,140,infection,335
5.773178337189509,849,0,104,47,0,0,0,141,infection,480
5.775574872551078,849,0,103,48,0,0,0,141,recovery,592
5.7767197449985215,849,0,102,49,0,0,0,141,recovery,47
5.789562060507697,848,0,103,49,0,0,0,142,infection,513
5.803040056120495,847,0,104,49,0,0,0,143,infection,101
5.815115419137618,846,0,105,49,0,0,0,144,infection,638
5.832126718275801,845,0,106,49,0,0,0,145,infection,724
5.855282824995807,844,0,107,49,0,0,0,146,infection,736
5.875692505731018,843,0,108,49,0,0,0,147,infection,76
5.913773391545768,843,0,107,50,0,0,0,147,recovery,76
5.917416288456456,842,0,108,50,0,0,0,148,infection,240
5.919477657750435,841,0,109,50,0,0,0,149,infection,510
5.944326893821803,840,0,110,50,0,0,0,150,infection,160
5.951102338998128,839,0,111,50,0,0,0,151,infection,399
5.955711054967255,839,0,110,51,0,0,0,151,recovery,69
5.966089663564375,838,0,111,51,0,0,0,152,infection,644
5.9677972931011185,837,0,112,51,0,0,0,153,infection,361
5.993773992515474,836,0,113,51,0,0,0,154,infection,909
6.003450867182889,835,0,114,51,0,0,0,155,infection,854
6.005146307904138,835,0,113,52,0,0,0,155,recovery,329
6.024748348512488,835,0,112,53,0,0,0,155,recovery,996
6.059194969456078,834,0,113,53,0,0,0,156,infection,519
6.072907543891866,833,0,114,53,0,0,0,157,infection,570
6.075306441684269,832,0,115,53,0,0,0,158,infection,700
6.076397802209283,831,0,116,53,0,0,0,159,infection,982
6.076475348694683,831,0,115,54,0,0,0,159,recovery,170
6.104592462942955,831,0,114,55,0,0,0,159,recovery,1
6.106141680004342,830,0,115,55,0,0,0,160,infection,773
6.113610965432913,829,0,116,55,0,0,0,161,infection,933
6.117258526567414,828,0,117,55,0,0,0,162,infection,852
6.154471956500288,827,0,118,55,0,0,0,163,infection,448
6.155681555593868,827,0,117,56,0,0,0,163,recovery,232
6.1569686412781435,826,0,118,56,0,0,0,164,infection,518
6.180457421632607,825,0,119,56,0,0,0,165,infection,881
6.181519493583435,825,0,118,57,0,0,0,165,recovery,739
6.19657442590372,824,0,119,57,0,0,0,166,infection,217
6.216833773152816,824,0,118,58,0,0,0,166,recovery,8
6.219690179015334,824,0,117,59,0,0,0,166,recovery,638
6.221300453136343,824,0,116,60,0,0,0,166,recovery,448
6.225613724810965,824,0,115,61,0,0,0,166,recovery,1000
6.227308899557434,823,0,116,61,0,0,0,167,infection,40
6.241111375936696,823,0,115,62,0,0,0,167,recovery,99
6.246540989584646,823,0,114,63,0,0,0,167,recovery,689
6.273272900271471,822,0,115,63,0,0,0,168,infection,643
6.273450659837819,821,0,116,63,0,0,0,169,infection,987
6.306001571342524,820,0,117,63,0,0,0,170,infection,532
6.317674718829978,819,0,118,63,0,0,0,171,infection,465
6.338571611730583,819,0,117,64,0,0,0,171,recovery,532
6.343948888985121,819,0,116,65,0,0,0,171,recovery,264
6.346771301815849,819,0,115,66,0,0,0,171,recovery,288
6.362431393602351,818,0,116,66,0,0,0,172,infection,323
6.3743851523865915,817,0,117,66,0,0,0,173,infection,684
6.392042498826686,816,0,118,66,0,0,0,174,infection,659
6.3991113095164005,816,0,117,67,0,0,0,174,recovery,342
6.416592052143133,815,0,118,67,0,0,0,175,infection,569
6.4295694563968775,814,0,119,67,0,0,0,176,infection,957
6.432631433450656,813,0,120,67,0,0,0,177,infection,779
6.457963944158875,813,0,119,68,0,0,0,177,recovery,141
6.4637162614345,812,0,120,68,0,0,0,178,infection,394
6.480273099992753,811,0,121,68,0,0,0,179,infection,390
6.485547551916362,810,0,122,68,0,0,0,180,infection,504
6.496406043027844,809,0,123,68,0,0,0,181,infection,407
6.500631453001832,808,0,124,68,0,0,0,182,infection,201
6.504934915227124,808,0,123,69,0,0,0,182,recovery,939
6.515153989036373,807,0,124,69,0,0,0,183,infection,973
6.56414548443748,806,0,125,69,0,0,0,184,infection,406
6.585864853387307,805,0,126,69,0,0,0,185,infection,497
6.587616615435358,804,0,127,69,0,0,0,186,infection,348
6.59241756002867,804,0,126,70,0,0,0,186,recovery,40
6.595400461394731,803,0,127,70,0,0,0,187,infection,230
6.636835460516413,802,0,128,70,0,0,0,188,infection,317
6.638975599177561,801,0,129,70,0,0,0,189,infection,51
6.641132825036252,800,0,130,70,0,0,0,190,infection,231
6.649774361896366,799,0,131,70,0,0,0,191,infection,119
6.650543584808415,798,0,132,70,0,0,0,192,infection,721
6.661265705232038,797,0,133,70,0,0,0,193,infection,740
6.6654946969783335,796,0,134,70,0,0,0,194,infection,886
6.667593710332219,796,0,133,71,0,0,0,194,recovery,915
6.669666586310752,795,0,134,71,0,0,0,195,infection,375
6.673729977954608,794,0,135,71,0,0,0,196,infection,132
6.716920311720997,793,0,136,71,0,0,0,197,infection,294
6.723915177160572,793,0,135,72,0,0,0,197,recovery,502
6.733879208658922,792,0,136,72,0,0,0,198,infection,565
6.741425607217653,791,0,137,72,0,0,0,199,infection,65
6.7458452917638025,791,0,136,73,0,0,0,199,recovery,740
6.749056066602243,791,0,135,74,0,0,0,199,recovery,309
6.7745458769037565,790,0,136,74,0,0,0,200,infection,558
6.782242773955551,790,0,135,75,0,0,0,200,recovery,644
6.785894444323976,789,0,136,75,0,0,0,201,infection,976
6.810173997298025,788,0,137,75,0,0,0,202,infection,851
6.824185041684228,788,0,136,76,0,0,0,202,recovery,427
6.8289794315982055,787,0,137,76,0,0,0,203,infection,188
6.839202361638618,787,0,136,77,0,0,0,203,recovery,869
6.840047573149477,786,0,137,77,0,0,0,204,infection,115
6.847374507124786,785,0,138,77,0,0,0,205,infection,242
6.863448189523283,784,0,139,77,0,0,0,206,infection,507
6.869317417058835,783,0,140,77,0,0,0,207,infection,750
6.873282139042628,782,0,141,77,0,0,0,208,infection,56
6.877268199682326,781,0,142,77,0,0,0,209,infection,834
6.889705096967818,780,0,143,77,0,0,0,210,infection,371
6.8990344753093265,779,0,144,77,0,0,0,211,infection,841
6.903354568793047,778,0,145,77,0,0,0,212,infection,409
6.911286885734135,777,0,146,77,0,0,0,213,infection,768
6.917463748707788,776,0,147,77,0,0,0,214,infection,389
6.934651023086939,775,0,148,77,0,0,0,215,infection,313
6.943123599334768,774,0,149,77,0,0,0,216,infection,647
6.9434766442799125,774,0,148,78,0,0,0,216,recovery,479
6.954609069553504,774,0,147,79,0,0,0,216,recovery,510
6.95522632964962,774,0,146,80,0,0,0,216,recovery,465
6.95655976718412,774,0,145,81,0,0,0,216,recovery,132
6.96610348837889,774,0,144,82,0,0,0,216,recovery,645
6.966461802216542,773,0,145,82,0,0,0,217,infection,947
6.96986282501664,772,0,146,82,0,0,0,218,infection,772
6.970435142930103,771,0,147,82,0,0,0,219,infection,149
6.995946905362049,770,0,148,82,0,0,0,220,infection,848
7.003437377595297,770,0,147,83,0,0,0,220,recovery,394
7.005487367544521,770,0,146,84,0,0,0,220,recovery,806
7.007184426189232,769,0,147,84,0,0,0,221,infection,668
7.016945410975387,769,0,146,85,0,0,0,221,recovery,851
7.030866725426371,769,0,145,86,0,0,0,221,recovery,738
7.051000863866143,769,0,144,87,0,0,0,221,recovery,912
7.05959880591771,769,0,143,88,0,0,0,221,recovery,700
7.075876697506713,768,0,144,88,0,0,0,222,infection,531
7.091332910534864,768,0,143,89,0,0,0,222,recovery,947
7.113424534684975,767,0,144,89,0,0,0,223,infection,719
7.123827514663119,767,0,143,90,0,0,0,223,recovery,239
7.134994841554411,766,0,144,90,0,0,0,224,infection,257
7.135208720454976,765,0,145,90,0,0,0,225,infection,776
7.155714550686014,764,0,146,90,0,0,0,226,infection,236
7.158668726912763,763,0,147,90,0,0,0,227,infection,54
7.167138612623919,763,0,146,91,0,0,0,227,recovery,848
7.182912948180243,762,0,147,91,0,0,0,228,infection,488
7.184492297276833,762,0,146,92,0,0,0,228,recovery,773
7.1914534960010865,762,0,145,93,0,0,0,228,recovery,416
7.196820094687284,761,0,146,93,0,0,0,229,infection,277
7.205025740582606,760,0,147,93,0,0,0,230,infection,68
7.207030949706748,760,0,146,94,0,0,0,230,recovery,557
7.222546647105599,759,0,147,94,0,0,0,231,infection,325
7.2282480766523,758,0,148,94,0,0,0,232,infection,15
7.233228624078826,758,0,147,95,0,0,0,232,recovery,982
7.237129772198849,757,0,148,95,0,0,0,233,infection,220
7.245951226471442,757,0,147,96,0,0,0,233,recovery,566
7.264792496534861,756,0,148,96,0,0,0,234,infection,533
7.27168738625468,756,0,147,97,0,0,0,234,recovery,826
7.2724944661110476,755,0,148,97,0,0,0,235,infection,530
7.305123183935049,754,0,149,97,0,0,0,236,infection,765
7.306667142170899,753,0,150,97,0,0,0,237,infection,161
7.310943581406109,753,0,149,98,0,0,0,237,recovery,96
7.313902296983508,752,0,150,98,0,0,0,238,infection,563
7.318076580235247,752,0,149,99,0,0,0,238,recovery,719
7.327850244999866,751,0,150,99,0,0,0,239,infection,669
7.356851884392862,751,0,149,100,0,0,0,239,recovery,315
7.36335950560858,751,0,148,101,0,0,0,239,recovery,737
7.371718473016752,751,0,147,102,0,0,0,239,recovery,313
7.372639291125999,751,0,146,103,0,0,0,239,recovery,554
7.383259145597864,750,0,147,103,0,0,0,240,infection,767
7.421619484457241,750,0,146,104,0,0,0,240,recovery,217
7.423400853584606,750,0,145,105,0,0,0,240,recovery,323
7.4280946329464514,749,0,146,105,0,0,0,241,infection,482
7.428545569117091,749,0,145,106,0,0,0,241,recovery,367
7.4431139990454405,748,0,146,106,0,0,0,242,infection,52
7.450118417032462,747,0,147,106,0,0,0,243,infection,384
7.4881109147386296,746,0,148,106,0,0,0,244,infection,968
7.4984048592647055,746,0,147,107,0,0,0,244,recovery,589
7.509225605190066,745,0,148,107,0,0,0,245,infection,929
7.5219471748826425,744,0,149,107,0,0,0,246,infection,144
7.531102634490102,743,0,150,107,0,0,0,247,infection,279
7.5342465017970115,743,0,149,108,0,0,0,247,recovery,690
7.536546905428148,742,0,150,108,0,0,0,248,infection,171
7.545163259444736,741,0,151,108,0,0,0,249,infection,715
7.548532965573548,740,0,152,108,0,0,0,250,infection,14
7.55024212987114,739,0,153,108,0,0,0,251,infection,196
7.552712803732954,739,0,152,109,0,0,0,251,recovery,968
7.5578145855984795,738,0,153,109,0,0,0,252,infection,400
7.566024696592471,737,0,154,109,0,0,0,253,infection,470
7.570759478632342,736,0,155,109,0,0,0,254,infection,874
7.583785324521477,735,0,156,109,0,0,0,255,infection,888
7.596558506015311,735,0,155,110,0,0,0,255,recovery,12
7.605508785083803,734,0,156,110,0,0,0,256,infection,577
7.618990067206629,733,0,157,110,0,0,0,257,infection,716
7.622540025524769,733,0,156,111,0,0,0,257,recovery,311
7.62901149958986,732,0,157,111,0,0,0,258,infection,163
7.631193443011975,732,0,156,112,0,0,0,258,recovery,591
7.636202837271756,732,0,155,113,0,0,0,258,recovery,886
7.645344140968086,731,0,156,113,0,0,0,259,infection,538
7.654273064014576,730,0,157,113,0,0,0,260,infection,648
7.6640220743818865,729,0,158,113,0,0,0,261,infection,114
7.673162084975143,729,0,157,114,0,0,0,261,recovery,15
7.678195164243371,728,0,158,114,0,0,0,262,infection,683
7.681384950891458,727,0,159,114,0,0,0,263,infection,691
7.689357774726594,726,0,160,114,0,0,0,264,infection,128
7.691028162014959,726,0,159,115,0,0,0,264,recovery,533
7.691784152121666,725,0,160,115,0,0,0,265,infection,429
7.699502440813134,724,0,161,115,0,0,0,266,infection,733
7.7043292097485185,723,0,162,115,0,0,0,267,infection,622
7.710564898726117,723,0,161,116,0,0,0,267,recovery,74
7.722996159103148,722,0,162,116,0,0,0,268,infection,861
7.723071543694161,722,0,161,117,0,0,0,268,recovery,146
7.727377698080492,722,0,160,118,0,0,0,268,recovery,909
7.729271995405556,721,0,161,118,0,0,0,269,infection,58
7.730707400755068,720,0,162,118,0,0,0,270,infection,876
7.747629307199377,719,0,163,118,0,0,0,271,infection,799
7.751650033883886,718,0,164,118,0,0,0,272,infection,438
7.755117129932104,718,0,163,119,0,0,0,272,recovery,511
7.758064111232657,717,0,164,119,0,0,0,273,infection,431
7.771146504765063,717,0,163,120,0,0,0,273,recovery,775
7.776057128738194,716,0,164,120,0,0,0,274,infection,484
7.7800483516032255,715,0,165,120,0,0,0,275,infection,274
7.782471333028034,714,0,166,120,0,0,0,276,infection,653
7.799720880134172,713,0,167,120,0,0,0,277,infection,828
7.819818164386695,713,0,166,121,0,0,0,277,recovery,736
7.822809939162585,713,0,165,122,0,0,0,277,recovery,144
7.830139811596927,713,0,164,123,0,0,0,277,recovery,471
7.835070067205585,712,0,165,123,0,0,0,278,infection,252
7.835571432475206,711,0,166,123,0,0,0,279,infection,209
7.837696969491035,710,0,167,123,0,0,0,280,infection,457
7.847461498840794,709,0,168,123,0,0,0,281,infection,813
7.857219038581999,709,0,167,124,0,0,0,281,recovery,230
7.864011116236174,708,0,168,124,0,0,0,282,infection,73
7.8650475717942205,707,0,169,124,0,0,0,283,infection,24
7.86992307909732,706,0,170,124,0,0,0,284,infection,840
7.878236645754876,706,0,169,125,0,0,0,284,recovery,275
7.885182192134037,705,0,170,125,0,0,0,285,infection,129
7.916933318917263,705,0,169,126,0,0,0,285,recovery,653
7.929709813538768,705,0,168,127,0,0,0,285,recovery,518
7.930687025667649,705,0,167,128,0,0,0,285,recovery,787
7.945004168360279,704,0,168,128,0,0,0,286,infection,354
7.945079445641379,703,0,169,128,0,0,0,287,infection,505
7.946714478953808,702,0,170,128,0,0,0,288,infection,422
7.952227022496862,701,0,171,128,0,0,0,289,infection,867
7.956162558966804,701,0,170,129,0,0,0,289,recovery,657
7.979510232597731,700,0,171,129,0,0,0,290,infection,391
7.990563075029195,700,0,170,130,0,0,0,290,recovery,724
7.998635043882647,699,0,171,130,0,0,0,291,infection,951
8.001893560456697,699,0,170,131,0,0,0,291,recovery,648
8.006124231541685,698,0,171,131,0,0,0,292,infection,764
8.009217455962695,697,0,172,131,0,0,0,293,infection,863
8.014673778287431,696,0,173,131,0,0,0,294,infection,169
8.02400337673178,696,0,172,132,0,0,0,294,recovery,608
8.024528139719344,696,0,171,133,0,0,0,294,recovery,484
8.029290489268435,695,0,172,133,0,0,0,295,infection,927
8.038022293654647,694,0,173,133,0,0,0,296,infection,783
8.04127339078925,693,0,174,133,0,0,0,297,infection,572
8.044718618207908,693,0,173,134,0,0,0,297,recovery,570
8.06018650942425,692,0,174,134,0,0,0,298,infection,86
8.063202422123487,691,0,175,134,0,0,0,299,infection,670
8.071983839372425,691,0,174,135,0,0,0,299,recovery,853
8.074210860484808,690,0,175,135,0,0,0,300,infection,241
8.08626290501523,689,0,176,135,0,0,0,301,infection,980
8.086917779818808,688,0,177,135,0,0,0,302,infection,932
8.091359168269255,687,0,178,135,0,0,0,303,infection,667
8.097396454905594,687,0,177,136,0,0,0,303,recovery,353
8.097762380915592,687,0,176,137,0,0,0,303,recovery,203
8.115163568073905,686,0,177,137,0,0,0,304,infection,173
8.1173286455191,685,0,178,137,0,0,0,305,infection,355
8.118900904050257,685,0,177,138,0,0,0,305,recovery,391
8.124791048038341,684,0,178,138,0,0,0,306,infection,207
8.15087326297511,684,0,177,139,0,0,0,306,recovery,620
8.153164137373997,684,0,176,140,0,0,0,306,recovery,927
8.165935778965963,683,0,177,140,0,0,0,307,infection,383
8.17265495113534,683,0,176,141,0,0,0,307,recovery,279
8.173728023606229,682,0,177,141,0,0,0,308,infection,440
8.18115165826,681,0,178,141,0,0,0,309,infection,631
8.182876904132616,681,0,177,142,0,0,0,309,recovery,829
8.18678572229349,681,0,176,143,0,0,0,309,recovery,390
8.190553996537902,680,0,177,143,0,0,0,310,infection,450
8.198514039135716,680,0,176,144,0,0,0,310,recovery,406
8.211956488946129,679,0,177,144,0,0,0,311,infection,186
8.213474541545219,678,0,178,144,0,0,0,312,infection,760
8.213748013452253,677,0,179,144,0,0,0,313,infection,632
8.215822931022826,677,0,178,145,0,0,0,313,recovery,17
8.218391257021988,676,0,179,145,0,0,0,314,infection,607
8.235015229239012,675,0,180,145,0,0,0,315,infection,226
8.235999674811277,674,0,181,145,0,0,0,316,infection,529
8.276036966439445,673,0,182,145,0,0,0,317,infection,425
8.292461894707634,673,0,181,146,0,0,0,317,recovery,457
8.298244559878295,673,0,180,147,0,0,0,317,recovery,929
8.305900452661586,672,0,181,147,0,0,0,318,infection,268
8.311068482349206,671,0,182,147,0,0,0,319,infection,55
8.324823979910944,671,0,181,148,0,0,0,319,recovery,772
8.327807253186258,671,0,180,149,0,0,0,319,recovery,277
8.351468960913586,670,0,181,149,0,0,0,320,infection,80
8.36203026914716,669,0,182,149,0,0,0,321,infection,305
8.367984162179782,668,0,183,149,0,0,0,322,infection,451
8.369096500247405,667,0,184,149,0,0,0,323,infection,820
8.377359735675762,666,0,185,149,0,0,0,324,infection,92
8.383845654472887,665,0,186,149,0,0,0,325,infection,116
8.388072743771307,665,0,185,150,0,0,0,325,recovery,538
8.39576103153067,664,0,186,150,0,0,0,326,infection,153
8.405005584419058,663,0,187,150,0,0,0,327,infection,795
8.411764344387363,662,0,188,150,0,0,0,328,infection,782
8.421769374710108,662,0,187,151,0,0,0,328,recovery,764
8.424088735495067,661,0,188,151,0,0,0,329,infection,10
8.434108864143747,661,0,187,152,0,0,0,329,recovery,716
8.455444268922381,661,0,186,153,0,0,0,329,recovery,85
8.470344383531657,661,0,185,154,0,0,0,329,recovery,863
8.480654973619592,660,0,186,154,0,0,0,330,infection,677
8.482597321629983,660,0,185,155,0,0,0,330,recovery,765
8.510736196969813,659,0,186,155,0,0,0,331,infection,971
8.511916032251959,658,0,187,155,0,0,0,332,infection,860
8.52882485696035,657,0,188,155,0,0,0,333,infection,627
8.532418127746235,656,0,189,155,0,0,0,334,infection,486
8.542483305121792,656,0,188,156,0,0,0,334,recovery,65
8.544270130922625,656,0,187,157,0,0,0,334,recovery,820
8.547593701986468,656,0,186,158,0,0,0,334,recovery,90
8.555703970662297,656,0,185,159,0,0,0,334,recovery,563
8.56886483269191,655,0,186,159,0,0,0,335,infection,72
8.575907600508701,654,0,187,159,0,0,0,336,infection,379
8.577234244101861,654,0,186,160,0,0,0,336,recovery,480
8.585023851241035,654,0,185,161,0,0,0,336,recovery,569
8.59712130375441,654,0,184,162,0,0,0,336,recovery,425
8.599499365763043,653,0,185,162,0,0,0,337,infection,365
8.607277118648229,652,0,186,162,0,0,0,338,infection,693
8.60893753225022,651,0,187,162,0,0,0,339,infection,64
8.61816611122341,651,0,186,163,0,0,0,339,recovery,379
8.620069227564228,650,0,187,163,0,0,0,340,infection,873
8.620253740010101,650,0,186,164,0,0,0,340,recovery,14
8.623624784066587,650,0,185,165,0,0,0,340,recovery,750
8.625091030925713,650,0,184,166,0,0,0,340,recovery,830
8.626963752781151,649,0,185,166,0,0,0,341,infection,167
8.627309669687998,648,0,186,166,0,0,0,342,infection,555
8.6280827868978,647,0,187,166,0,0,0,343,infection,946
8.632156860508738,646,0,188,166,0,0,0,344,infection,339
8.641332818939045,645,0,189,166,0,0,0,345,infection,289
8.642476282220846,645,0,188,167,0,0,0,345,recovery,252
8.646609386788215,644,0,189,167,0,0,0,346,infection,807
8.671518810947799,643,0,190,167,0,0,0,347,infection,36
8.67747641367313,643,0,189,168,0,0,0,347,recovery,274
8.687334404297687,642,0,190,168,0,0,0,348,infection,299
8.70192331735579,641,0,191,168,0,0,0,349,infection,121
8.706729241071942,640,0,192,168,0,0,0,350,infection,920
8.713236494089857,639,0,193,168,0,0,0,351,infection,913
8.7172780523118,639,0,192,169,0,0,0,351,recovery,324
8.72752645445554,639,0,191,170,0,0,0,351,recovery,121
8.732848028436226,639,0,190,171,0,0,0,351,recovery,913
8.759760622547883,639,0,189,172,0,0,0,351,recovery,707
8.761304036775691,638,0,190,172,0,0,0,352,infection,246
8.771983465097934,637,0,191,172,0,0,0,353,infection,582
8.794854319801015,636,0,192,172,0,0,0,354,infection,521
8.797583464289914,635,0,193,172,0,0,0,355,infection,744
8.800175045131773,635,0,192,173,0,0,0,355,recovery,840
8.800523733692323,634,0,193,173,0,0,0,356,infection,515
8.823019370003234,633,0,194,173,0,0,0,357,infection,579
8.825687414328645,632,0,195,173,0,0,0,358,infection,549
8.847567629515858,632,0,194,174,0,0,0,358,recovery,268
8.847754853293857,631,0,195,174,0,0,0,359,infection,503
8.854215425306979,631,0,194,175,0,0,0,359,recovery,867
8.86089324888442,631,0,193,176,0,0,0,359,recovery,409
8.874723821311239,630,0,194,176,0,0,0,360,infection,334
8.878795928447117,629,0,195,176,0,0,0,361,infection,914
8.887966827797,629,0,194,177,0,0,0,361,recovery,721
8.899094874528657,628,0,195,177,0,0,0,362,infection,916
8.905573034632383,627,0,196,177,0,0,0,363,infection,197
8.916880249513502,626,0,197,177,0,0,0,364,infection,475
8.920246254079961,625,0,198,177,0,0,0,365,infection,131
8.925201291190444,624,0,199,177,0,0,0,366,infection,360
8.929747325893414,623,0,200,177,0,0,0,367,infection,385
8.933413004504839,622,0,201,177,0,0,0,368,infection,833
8.937137523526456,621,0,202,177,0,0,0,369,infection,960
8.943248520538843,621,0,201,178,0,0,0,369,recovery,813
8.947503216774477,620,0,202,178,0,0,0,370,infection,478
8.958879816613509,619,0,203,178,0,0,0,371,infection,266
8.96395682738261,619,0,202,179,0,0,0,371,recovery,431
8.968271490489474,618,0,203,179,0,0,0,372,infection,757
8.9686946561971,618,0,202,180,0,0,0,372,recovery,451
8.97531745228897,617,0,203,180,0,0,0,373,infection,610
8.994435239552809,616,0,204,180,0,0,0,374,infection,597
9.006732830764053,615,0,205,180,0,0,0,375,infection,880
9.016053488316084,614,0,206,180,0,0,0,376,infection,112
9.03294789849033,613,0,207,180,0,0,0,377,infection,100
9.03928941249669,613,0,206,181,0,0,0,377,recovery,52
9.053892002198397,612,0,207,181,0,0,0,378,infection,458
9.059495053560097,611,0,208,181,0,0,0,379,infection,936
9.067015107987473,611,0,207,182,0,0,0,379,recovery,956
9.082605250680057,610,0,208,182,0,0,0,380,infection,327
9.090697703154838,610,0,207,183,0,0,0,380,recovery,622
9.093733841876666,609,0,208,183,0,0,0,381,infection,808
9.097591828019793,609,0,207,184,0,0,0,381,recovery,659
9.10751455307329,609,0,206,185,0,0,0,381,recovery,597
9.118460151088932,609,0,205,186,0,0,0,381,recovery,577
9.127115023114818,609,0,204,187,0,0,0,381,recovery,808
9.131457064036198,608,0,205,187,0,0,0,382,infection,382
9.154954581234596,607,0,206,187,0,0,0,383,infection,501
9.158485431453077,606,0,207,187,0,0,0,384,infection,639
9.179541163501403,606,0,206,188,0,0,0,384,recovery,360
9.18856034816062,605,0,207,188,0,0,0,385,infection,363
9.204942701672467,604,0,208,188,0,0,0,386,infection,284
9.208467346632569,604,0,207,189,0,0,0,386,recovery,691
9.214518511667341,603,0,208,189,0,0,0,387,infection,193
9.226752022803522,602,0,209,189,0,0,0,388,infection,328
9.22709383181869,602,0,208,190,0,0,0,388,recovery,58
9.236785526113398,602,0,207,191,0,0,0,388,recovery,841
9.243503059203135,602,0,206,192,0,0,0,388,recovery,129
9.257075281138192,601,0,207,192,0,0,0,389,infection,156
9.273579131824288,600,0,208,192,0,0,0,390,infection,885
9.277257572591072,599,0,209,192,0,0,0,391,infection,9
9.293452162732935,599,0,208,193,0,0,0,391,recovery,693
9.305768638091712,598,0,209,193,0,0,0,392,infection,729
9.331133186610717,597,0,210,193,0,0,0,393,infection,679
9.33480120198396,596,0,211,193,0,0,0,394,infection,255
9.352156823978362,595,0,212,193,0,0,0,395,infection,875
9.352964080560353,595,0,211,194,0,0,0,395,recovery,385
9.358322749250053,594,0,212,194,0,0,0,396,infection,22
9.366050934870476,593,0,213,194,0,0,0,397,infection,948
9.36654437994897,592,0,214,194,0,0,0,398,infection,180
9.366820321326866,592,0,213,195,0,0,0,398,recovery,231
9.371231153837623,591,0,214,195,0,0,0,399,infection,560
9.371715179922177,590,0,215,195,0,0,0,400,infection,46
9.392146823947796,589,0,216,195,0,0,0,401,infection,655
9.400581757736902,589,0,215,196,0,0,0,401,recovery,10
9.416211450239947,588,0,216,196,0,0,0,402,infection,797
9.41739482652306,587,0,217,196,0,0,0,403,infection,766
9.421484047425075,587,0,216,197,0,0,0,403,recovery,46
9.44410885378294,587,0,215,198,0,0,0,403,recovery,181
9.449990467581003,587,0,214,199,0,0,0,403,recovery,852
9.464566166775708,587,0,213,200,0,0,0,403,recovery,429
9.489607608962295,586,0,214,200,0,0,0,404,infection,238
9.495134039450395,585,0,215,200,0,0,0,405,infection,581
9.515956937130836,584,0,216,200,0,0,0,406,infection,959
9.518707108456944,584,0,215,201,0,0,0,406,recovery,549
9.541866027381637,583,0,216,201,0,0,0,407,infection,688
9.544798517209042,582,0,217,201,0,0,0,408,infection,60
9.545581530259737,582,0,216,202,0,0,0,408,recovery,876
9.570700598007265,581,0,217,202,0,0,0,409,infection,899
9.571060913598682,580,0,218,202,0,0,0,410,infection,686
9.57906906698713,580,0,217,203,0,0,0,410,recovery,266
9.586373011278207,580,0,216,204,0,0,0,410,recovery,156
9.596403764732097,579,0,217,204,0,0,0,411,infection,958
9.601430512441164,578,0,218,204,0,0,0,412,infection,578
9.611700177354596,577,0,219,204,0,0,0,413,infection,151
9.612314111809273,576,0,220,204,0,0,0,414,infection,879
9.632985540952971,575,0,221,204,0,0,0,415,infection,267
9.642219447172009,574,0,222,204,0,0,0,416,infection,61
9.6435782689026,573,0,223,204,0,0,0,417,infection,580
9.658747164291173,572,0,224,204,0,0,0,418,infection,567
9.666427880716588,571,0,225,204,0,0,0,419,infection,762
9.685069930846069,571,0,224,205,0,0,0,419,recovery,881
9.689224136848509,570,0,225,205,0,0,0,420,infection,376
9.696038686777218,569,0,226,205,0,0,0,421,infection,95
9.699754806767107,568,0,227,205,0,0,0,422,infection,254
9.6998739697896,567,0,228,205,0,0,0,423,infection,234
9.706335273848614,566,0,229,205,0,0,0,424,infection,586
9.707203956855626,566,0,228,206,0,0,0,424,recovery,458
9.708005291877239,565,0,229,206,0,0,0,425,infection,907
9.710229246772569,565,0,228,207,0,0,0,425,recovery,24
9.710894218164828,565,0,227,208,0,0,0,425,recovery,466
9.731909086449441,565,0,226,209,0,0,0,425,recovery,51
9.745981209718572,564,0,227,209,0,0,0,426,infection,408
9.75450297713352,563,0,228,209,0,0,0,427,infection,825
9.757877278457691,563,0,227,210,0,0,0,427,recovery,875
9.758854567999261,563,0,226,211,0,0,0,427,recovery,783
9.777836589956454,563,0,225,212,0,0,0,427,recovery,976
9.788288632783365,562,0,226,212,0,0,0,428,infection,42
9.79326243765114,562,0,225,213,0,0,0,428,recovery,373
9.797155911304136,562,0,224,214,0,0,0,428,recovery,173
9.800842077522432,561,0,225,214,0,0,0,429,infection,157
9.801932077157094,560,0,226,214,0,0,0,430,infection,235
9.838205220007389,560,0,225,215,0,0,0,430,recovery,148
9.844666501827817,559,0,226,215,0,0,0,431,infection,941
9.855788832158723,558,0,227,215,0,0,0,432,infection,206
9.856981982916874,557,0,228,215,0,0,0,433,infection,461
9.858144580763978,556,0,229,215,0,0,0,434,infection,91
9.866519847419692,556,0,228,216,0,0,0,434,recovery,365
9.873160952274166,556,0,227,217,0,0,0,434,recovery,241
9.875614133834153,555,0,228,217,0,0,0,435,infection,705
9.893688656380997,555,0,227,218,0,0,0,435,recovery,604
9.905103616393351,554,0,228,218,0,0,0,436,infection,237
9.906508308557276,553,0,229,218,0,0,0,437,infection,925
9.909052077382134,553,0,228,219,0,0,0,437,recovery,578
9.91030362359441,552,0,229,219,0,0,0,438,infection,832
9.913996617855704,552,0,228,220,0,0,0,438,recovery,400
9.917005802765825,552,0,227,221,0,0,0,438,recovery,116
9.92181467020335,552,0,226,222,0,0,0,438,recovery,375
9.92418268002562,551,0,227,222,0,0,0,439,infection,312
9.930145651280943,551,0,226,223,0,0,0,439,recovery,560
9.934098655684528,551,0,225,224,0,0,0,439,recovery,440
9.947429338576116,550,0,226,224,0,0,0,440,infection,303
9.954598412209855,549,0,227,224,0,0,0,441,infection,877
9.957452511233653,548,0,228,224,0,0,0,442,infection,945
9.963917164114356,547,0,229,224,0,0,0,443,infection,759
9.994731165652935,546,0,230,224,0,0,0,444,infection,104
9.998651279076617,545,0,231,224,0,0,0,445,infection,295
10.028970723395245,545,0,230,225,0,0,0,445,recovery,86
10.033145763626736,545,0,229,226,0,0,0,445,recovery,295
10.057534315693779,544,0,230,226,0,0,0,446,infection,605
10.06434304745971,544,0,229,227,0,0,0,446,recovery,861
10.068731527553062,543,0,230,227,0,0,0,447,infection,411
10.076681852628802,542,0,231,227,0,0,0,448,infection,943
10.089839653357599,542,0,230,228,0,0,0,448,recovery,257
10.096096544989196,541,0,231,228,0,0,0,449,infection,401
10.09792112102751,541,0,230,229,0,0,0,449,recovery,885
10.100935278375815,541,0,229,230,0,0,0,449,recovery,36
10.102130805436426,540,0,230,230,0,0,0,450,infection,219
10.103030455787463,540,0,229,231,0,0,0,450,recovery,679
10.114274728650052,539,0,230,231,0,0,0,451,infection,827
10.130757441750267,539,0,229,232,0,0,0,451,recovery,580
10.138486200514217,538,0,230,232,0,0,0,452,infection,205
10.146181136282054,537,0,231,232,0,0,0,453,infection,633
10.153372135388873,536,0,232,232,0,0,0,454,infection,250
10.159867468586164,536,0,231,233,0,0,0,454,recovery,933
10.161585015425048,536,0,230,234,0,0,0,454,recovery,263
10.167610644807477,535,0,231,234,0,0,0,455,infection,500
10.17079547795184,534,0,232,234,0,0,0,456,infection,331
10.17193299749663,534,0,231,235,0,0,0,456,recovery,44
10.17735933273557,533,0,232,235,0,0,0,457,infection,322
10.177588388113865,533,0,231,236,0,0,0,457,recovery,643
10.184038197447311,533,0,230,237,0,0,0,457,recovery,209
10.197331647810804,532,0,231,237,0,0,0,458,infection,202
10.201260004690257,532,0,230,238,0,0,0,458,recovery,760
10.201667813096394,531,0,231,238,0,0,0,459,infection,57
10.205655286639173,530,0,232,238,0,0,0,460,infection,286
10.213169335096298,530,0,231,239,0,0,0,460,recovery,757
10.218574812968436,529,0,232,239,0,0,0,461,infection,695
10.223521719389321,529,0,231,240,0,0,0,461,recovery,91
10.23334806711143,528,0,232,240,0,0,0,462,infection,520
10.23940488178716,528,0,231,241,0,0,0,462,recovery,607
10.250048751411004,528,0,230,242,0,0,0,462,recovery,925
10.254372737374464,528,0,229,243,0,0,0,462,recovery,445
10.260038431494824,527,0,230,243,0,0,0,463,infection,319
10.268978073067471,526,0,231,243,0,0,0,464,infection,883
10.29796526895196,526,0,230,244,0,0,0,464,recovery,565
10.298676523158683,526,0,229,245,0,0,0,464,recovery,655
10.301643990057187,526,0,228,246,0,0,0,464,recovery,941
10.305814670548928,525,0,229,246,0,0,0,465,infection,13
10.313038676953973,524,0,230,246,0,0,0,466,infection,282
10.314607288376072,523,0,231,246,0,0,0,467,infection,212
10.329596096516845,523,0,230,247,0,0,0,467,recovery,100
10.336535135041444,523,0,229,248,0,0,0,467,recovery,305
10.349073958001949,523,0,228,249,0,0,0,467,recovery,80
10.368124091516622,522,0,229,249,0,0,0,468,infection,965
10.370189326676915,521,0,230,249,0,0,0,469,infection,417
10.372973233217227,521,0,229,250,0,0,0,469,recovery,188
10.385477250874771,521,0,228,251,0,0,0,469,recovery,914
10.388470049282045,520,0,229,251,0,0,0,470,infection,88
10.38888182680224,520,0,228,252,0,0,0,470,recovery,811
10.397783476315505,520,0,227,253,0,0,0,470,recovery,64
10.400141707998674,520,0,226,254,0,0,0,470,recovery,951
10.433646284234545,520,0,225,255,0,0,0,470,recovery,125
10.441104453579253,520,0,224,256,0,0,0,470,recovery,337
10.445225336029456,519,0,225,256,0,0,0,471,infection,934
10.445528555410002,519,0,224,257,0,0,0,471,recovery,72
10.445924864048859,519,0,223,258,0,0,0,471,recovery,331
10.44689977534728,519,0,222,259,0,0,0,471,recovery,286
10.451255823404944,518,0,223,259,0,0,0,472,infection,763
10.453408747166748,517,0,224,259,0,0,0,473,infection,720
10.455889500777669,516,0,225,259,0,0,0,474,infection,222
10.460079879709712,515,0,226,259,0,0,0,475,infection,640
10.46103261119457,514,0,227,259,0,0,0,476,infection,790
10.465460769564926,513,0,228,259,0,0,0,477,infection,370
10.482734075331587,512,0,229,259,0,0,0,478,infection,178
10.485658871117357,511,0,230,259,0,0,0,479,infection,215
10.488551065865883,510,0,231,259,0,0,0,480,infection,50
10.509671300765557,509,0,232,259,0,0,0,481,infection,43
10.536813423160707,508,0,233,259,0,0,0,482,infection,190
10.536896497529064,508,0,232,260,0,0,0,482,recovery,733
10.542748967918875,507,0,233,260,0,0,0,483,infection,395
10.546656605639177,506,0,234,260,0,0,0,484,infection,749
10.555204122613624,505,0,235,260,0,0,0,485,infection,616
10.55756255795125,505,0,234,261,0,0,0,485,recovery,366
10.574298984447365,505,0,233,262,0,0,0,485,recovery,167
10.581748397638645,504,0,234,262,0,0,0,486,infection,93
10.597277041569836,503,0,235,262,0,0,0,487,infection,34
10.600085105520073,502,0,236,262,0,0,0,488,infection,487
10.601851536220744,502,0,235,263,0,0,0,488,recovery,957
10.603328900685566,501,0,236,263,0,0,0,489,infection,743
10.610871609719963,500,0,237,263,0,0,0,490,infection,332
10.610928456011573,499,0,238,263,0,0,0,491,infection,618
10.614063283802885,498,0,239,263,0,0,0,492,infection,358
10.628641273147236,497,0,240,263,0,0,0,493,infection,183
10.634942782819161,496,0,241,263,0,0,0,494,infection,403
10.63798653148427,496,0,240,264,0,0,0,494,recovery,128
10.656020892087637,495,0,241,264,0,0,0,495,infection,271
10.658337226091525,494,0,242,264,0,0,0,496,infection,865
10.666772895854082,493,0,243,264,0,0,0,497,infection,21
10.672941210611604,493,0,242,265,0,0,0,497,recovery,160
10.677369055848706,493,0,241,266,0,0,0,497,recovery,720
10.68170597560849,492,0,242,266,0,0,0,498,infection,838
10.686291509046244,491,0,243,266,0,0,0,499,infection,636
10.689344433628307,491,0,242,267,0,0,0,499,recovery,636
10.692598652710133,490,0,243,267,0,0,0,500,infection,755
10.6983568050582,489,0,244,267,0,0,0,501,infection,19
10.705088957057146,488,0,245,267,0,0,0,502,infection,745
10.718765740735893,488,0,244,268,0,0,0,502,recovery,797
10.724279548663947,487,0,245,268,0,0,0,503,infection,680
10.727998123137674,487,0,244,269,0,0,0,503,recovery,358
10.73056664254232,487,0,243,270,0,0,0,503,recovery,959
10.732602451805482,487,0,242,271,0,0,0,503,recovery,504
10.744856017692953,487,0,241,272,0,0,0,503,recovery,383
10.747968202979488,486,0,242,272,0,0,0,504,infection,463
10.751452662154879,485,0,243,272,0,0,0,505,infection,730
10.75486656250728,484,0,244,272,0,0,0,506,infection,184
10.755301030412697,484,0,243,273,0,0,0,506,recovery,246
10.756678025895777,484,0,242,274,0,0,0,506,recovery,887
10.765509634941397,483,0,243,274,0,0,0,507,infection,624
10.766003707784295,483,0,242,275,0,0,0,507,recovery,240
10.768328314532939,482,0,243,275,0,0,0,508,infection,704
10.768631944879788,481,0,244,275,0,0,0,509,infection,185
10.776568880232873,480,0,245,275,0,0,0,510,infection,145
10.786112182166038,479,0,246,275,0,0,0,511,infection,584
10.789311297608645,478,0,247,275,0,0,0,512,infection,404
10.823331058739896,478,0,246,276,0,0,0,512,recovery,312
10.836163000159099,478,0,245,277,0,0,0,512,recovery,916
10.842555525519717,478,0,244,278,0,0,0,512,recovery,874
10.844301465152329,478,0,243,279,0,0,0,512,recovery,832
10.852546540777698,478,0,242,280,0,0,0,512,recovery,299
10.864355928518517,478,0,241,281,0,0,0,512,recovery,705
10.879138762391111,478,0,240,282,0,0,0,512,recovery,368
10.887617797843552,477,0,241,282,0,0,0,513,infection,418
10.89053287492018,476,0,242,282,0,0,0,514,infection,539
10.894681438587169,476,0,241,283,0,0,0,514,recovery,503
10.898740624526086,475,0,242,283,0,0,0,515,infection,310
10.902349723955059,474,0,243,283,0,0,0,516,infection,225
10.910727715929767,474,0,242,284,0,0,0,516,recovery,420
10.92456325603852,473,0,243,284,0,0,0,517,infection,540
10.926082207761855,473,0,242,285,0,0,0,517,recovery,235
10.940382858689535,472,0,243,285,0,0,0,518,infection,75
10.945426784894769,472,0,242,286,0,0,0,518,recovery,68
10.953022735831937,472,0,241,287,0,0,0,518,recovery,361
10.95622366220493,472,0,240,288,0,0,0,518,recovery,92
10.960781875601477,471,0,241,288,0,0,0,519,infection,276
10.972210862595828,470,0,242,288,0,0,0,520,infection,649
10.973247551621538,469,0,243,288,0,0,0,521,infection,839
10.976800012053392,469,0,242,289,0,0,0,521,recovery,486
10.97791949867237,468,0,243,289,0,0,0,522,infection,734
11.006650369378136,467,0,244,289,0,0,0,523,infection,433
11.00824010083279,467,0,243,290,0,0,0,523,recovery,950
11.012532338286041,467,0,242,291,0,0,0,523,recovery,540
11.012983727285011,466,0,243,291,0,0,0,524,infection,260
11.019066511134458,465,0,244,291,0,0,0,525,infection,748
11.020940033737276,465,0,243,292,0,0,0,525,recovery,654
11.022004078470593,464,0,244,292,0,0,0,526,infection,629
11.033422566438247,463,0,245,292,0,0,0,527,infection,781
11.036196388421937,462,0,246,292,0,0,0,528,infection,84
11.050139516017047,462,0,245,293,0,0,0,528,recovery,325
11.076779887238045,461,0,246,293,0,0,0,529,infection,963
11.089410447915453,460,0,247,293,0,0,0,530,infection,702
11.091048545915324,459,0,248,293,0,0,0,531,infection,847
11.091145978760112,458,0,249,293,0,0,0,532,infection,110
11.09849831913684,458,0,248,294,0,0,0,532,recovery,819
11.107219366681063,458,0,247,295,0,0,0,532,recovery,236
11.108071486990534,457,0,248,295,0,0,0,533,infection,481
11.113876505495153,457,0,247,296,0,0,0,533,recovery,254
11.115700395100356,457,0,246,297,0,0,0,533,recovery,745
11.122493556445392,457,0,245,298,0,0,0,533,recovery,332
11.123680356608123,456,0,246,298,0,0,0,534,infection,23
11.135339295114429,455,0,247,298,0,0,0,535,infection,754
11.144524057380309,455,0,246,299,0,0,0,535,recovery,987
11.150228473696625,455,0,245,300,0,0,0,535,recovery,151
11.168016675255489,454,0,246,300,0,0,0,536,infection,35
11.171607980360019,454,0,245,301,0,0,0,536,recovery,735
11.174430532766008,453,0,246,301,0,0,0,537,infection,460
11.180419762801732,452,0,247,301,0,0,0,538,infection,665
11.186379823941648,452,0,246,302,0,0,0,538,recovery,827
11.18815311875934,451,0,247,302,0,0,0,539,infection,543
11.19222607722044,450,0,248,302,0,0,0,540,infection,857
11.195227675662595,449,0,249,302,0,0,0,541,infection,369
11.197560461448674,448,0,250,302,0,0,0,542,infection,468
11.199157758910058,448,0,249,303,0,0,0,542,recovery,639
11.206308990053602,447,0,250,303,0,0,0,543,infection,122
11.208742205609102,446,0,251,303,0,0,0,544,infection,158
11.211776141587416,446,0,250,304,0,0,0,544,recovery,704
11.221790628038123,446,0,249,305,0,0,0,544,recovery,551
11.22789756919888,445,0,250,305,0,0,0,545,infection,356
11.235961833759287,444,0,251,305,0,0,0,546,infection,911
11.242742746520781,444,0,250,306,0,0,0,546,recovery,401
11.26007604629142,443,0,251,306,0,0,0,547,infection,7
11.272740783707501,443,0,250,307,0,0,0,547,recovery,115
11.280810189094906,443,0,249,308,0,0,0,547,recovery,185
11.282484868922536,443,0,248,309,0,0,0,547,recovery,382
11.294197969211721,443,0,247,310,0,0,0,547,recovery,730
11.296599449365845,443,0,246,311,0,0,0,547,recovery,633
11.30402782332414,443,0,245,312,0,0,0,547,recovery,936
11.317029082674946,443,0,244,313,0,0,0,547,recovery,899
11.319793041573286,443,0,243,314,0,0,0,547,recovery,93
11.320403776773073,442,0,244,314,0,0,0,548,infection,681
11.32505210510946,441,0,245,314,0,0,0,549,infection,345
11.328548965318653,440,0,246,314,0,0,0,550,infection,32
11.328726879345167,439,0,247,314,0,0,0,551,infection,842
11.329158756804226,438,0,248,314,0,0,0,552,infection,499
11.336506936179143,437,0,249,314,0,0,0,553,infection,660
11.338944255183078,436,0,250,314,0,0,0,554,infection,714
11.354682813190237,435,0,251,314,0,0,0,555,infection,613
11.357089408617364,434,0,252,314,0,0,0,556,infection,942
11.361248065302702,433,0,253,314,0,0,0,557,infection,593
11.363586221345962,432,0,254,314,0,0,0,558,infection,272
11.365424964725694,431,0,255,314,0,0,0,559,infection,818
11.392826580404057,431,0,254,315,0,0,0,559,recovery,628
11.395491407884693,431,0,253,316,0,0,0,559,recovery,354
11.398133426358864,431,0,252,317,0,0,0,559,recovery,282
11.401113678288205,430,0,253,317,0,0,0,560,infection,31
11.406537606794824,430,0,252,318,0,0,0,560,recovery,647
11.452010898806039,429,0,253,318,0,0,0,561,infection,614
11.452797618696248,428,0,254,318,0,0,0,562,infection,398
11.45592460208118,428,0,253,319,0,0,0,562,recovery,88
11.458910228608032,427,0,254,319,0,0,0,563,infection,489
11.464422767004901,427,0,253,320,0,0,0,563,recovery,267
11.478549716351393,427,0,252,321,0,0,0,563,recovery,153
11.48505835865258,427,0,251,322,0,0,0,563,recovery,934
11.4938926202336,426,0,252,322,0,0,0,564,infection,472
11.503085332658317,425,0,253,322,0,0,0,565,infection,870
11.514492624466952,424,0,254,322,0,0,0,566,infection,882
11.524221687872835,423,0,255,322,0,0,0,567,infection,454
11.526606790696585,422,0,256,322,0,0,0,568,infection,439
11.541066612325798,422,0,255,323,0,0,0,568,recovery,632
11.56320089814278,421,0,256,323,0,0,0,569,infection,809
11.58476858957165,420,0,257,323,0,0,0,570,infection,28
11.595347598126278,419,0,258,323,0,0,0,571,infection,172
11.598826665393101,419,0,257,324,0,0,0,571,recovery,530
11.600502147144022,418,0,258,324,0,0,0,572,infection,634
11.60170675220858,418,0,257,325,0,0,0,572,recovery,56
11.611916601742292,417,0,258,325,0,0,0,573,infection,39
11.612883836896076,417,0,257,326,0,0,0,573,recovery,680
11.618221213808923,417,0,256,327,0,0,0,573,recovery,460
11.633791228456873,417,0,255,328,0,0,0,573,recovery,395
11.63680981763384,417,0,254,329,0,0,0,573,recovery,60
11.63914165654409,417,0,253,330,0,0,0,573,recovery,193
11.64351461102186,416,0,254,330,0,0,0,574,infection,273
11.6451934024493,415,0,255,330,0,0,0,575,infection,564
11.651259547809484,414,0,256,330,0,0,0,576,infection,952
11.687547483099243,413,0,257,330,0,0,0,577,infection,527
11.698840426710156,412,0,258,330,0,0,0,578,infection,381
11.70156132511632,412,0,257,331,0,0,0,578,recovery,766
11.70219548702094,412,0,256,332,0,0,0,578,recovery,472
11.70377484411425,412,0,255,333,0,0,0,578,recovery,635
11.710101834680797,412,0,254,334,0,0,0,578,recovery,572
11.715647717051962,411,0,255,334,0,0,0,579,infection,919
11.716026897965907,410,0,256,334,0,0,0,580,infection,434
11.717079123235537,409,0,257,334,0,0,0,581,infection,930
11.729202952817047,409,0,256,335,0,0,0,581,recovery,110
11.734441214823839,408,0,257,335,0,0,0,582,infection,600
11.737407506157087,407,0,258,335,0,0,0,583,infection,590
11.740221312723097,407,0,257,336,0,0,0,583,recovery,206
11.746697551735965,406,0,258,336,0,0,0,584,infection,49
11.749941820565896,405,0,259,336,0,0,0,585,infection,159
11.75090243864146,404,0,260,336,0,0,0,586,infection,711
11.755041034062675,404,0,259,337,0,0,0,586,recovery,163
11.764450599835632,403,0,260,337,0,0,0,587,infection,984
11.769122144600416,403,0,259,338,0,0,0,587,recovery,19
11.771228731785136,402,0,260,338,0,0,0,588,infection,82
11.774781570036355,401,0,261,338,0,0,0,589,infection,836
11.775615129594202,400,0,262,338,0,0,0,590,infection,346
11.77747358049977,400,0,261,339,0,0,0,590,recovery,631
11.778020669945306,399,0,262,339,0,0,0,591,infection,218
11.778117331255222,399,0,261,340,0,0,0,591,recovery,157
11.781844896913823,399,0,260,341,0,0,0,591,recovery,501
11.791118791813101,398,0,261,341,0,0,0,592,infection,496
11.799948186762894,397,0,262,341,0,0,0,593,infection,751
11.840109609856645,396,0,263,341,0,0,0,594,infection,174
11.851409331226021,396,0,262,342,0,0,0,594,recovery,101
11.858872195070434,395,0,263,342,0,0,0,595,infection,155
11.864021140217748,394,0,264,342,0,0,0,596,infection,436
11.868429825200984,394,0,263,343,0,0,0,596,recovery,668
11.880502148174559,393,0,264,343,0,0,0,597,infection,536
11.882127091794144,393,0,263,344,0,0,0,597,recovery,605
11.893780387289675,392,0,264,344,0,0,0,598,infection,175
11.894294885145488,391,0,265,344,0,0,0,599,infection,595
11.895927154088707,390,0,266,344,0,0,0,600,infection,544
11.901216919217575,390,0,265,345,0,0,0,600,recovery,960
11.907140935349222,390,0,264,346,0,0,0,600,recovery,319
11.917172388212006,390,0,263,347,0,0,0,600,recovery,489
11.921278016914234,389,0,264,347,0,0,0,601,infection,525
11.923973567003667,388,0,265,347,0,0,0,602,infection,843
11.930491107173886,387,0,266,347,0,0,0,603,infection,247
11.932527328586763,386,0,267,347,0,0,0,604,infection,253
11.939171817187297,385,0,268,347,0,0,0,605,infection,189
11.93942011024651,384,0,269,347,0,0,0,606,infection,347
11.946585587773463,383,0,270,347,0,0,0,607,infection,11
11.95134602139662,382,0,271,347,0,0,0,608,infection,278
11.954888342315478,382,0,270,348,0,0,0,608,recovery,945
11.955502139744624,381,0,271,348,0,0,0,609,infection,446
11.957964636012786,380,0,272,348,0,0,0,610,infection,452
11.963406379953536,379,0,273,348,0,0,0,611,infection,508
11.96476923007835,379,0,272,349,0,0,0,611,recovery,477
11.965962540278438,379,0,271,350,0,0,0,611,recovery,250
11.97908147468571,378,0,272,350,0,0,0,612,infection,817
11.98058128317348,378,0,271,351,0,0,0,612,recovery,215
11.98082205921472,378,0,270,352,0,0,0,612,recovery,403
11.990269014541894,378,0,269,353,0,0,0,612,recovery,436
11.997303886840697,377,0,270,353,0,0,0,613,infection,227
12.006569409491043,377,0,269,354,0,0,0,613,recovery,907
12.009141029569442,377,0,268,355,0,0,0,613,recovery,624
12.01597928241838,376,0,269,355,0,0,0,614,infection,856
12.022612483634168,376,0,268,356,0,0,0,614,recovery,327
12.029546506925183,376,0,267,357,0,0,0,614,recovery,943
12.030672831169436,375,0,268,357,0,0,0,615,infection,652
12.04156180465368,374,0,269,357,0,0,0,616,infection,746
12.054464868005875,373,0,270,357,0,0,0,617,infection,198
12.068984915472834,372,0,271,357,0,0,0,618,infection,676
12.085492004638974,371,0,272,357,0,0,0,619,infection,953
12.08828218851537,370,0,273,357,0,0,0,620,infection,297
12.096981883052377,369,0,274,357,0,0,0,621,infection,954
12.098764270239169,368,0,275,357,0,0,0,622,infection,901
12.101134213625688,367,0,276,357,0,0,0,623,infection,663
12.114409554252067,366,0,277,357,0,0,0,624,infection,893
12.117164633700064,366,0,276,358,0,0,0,624,recovery,389
12.123978544371266,365,0,277,358,0,0,0,625,infection,774
12.125926489115189,365,0,276,359,0,0,0,625,recovery,845
12.128438346829995,364,0,277,359,0,0,0,626,infection,949
12.130993672548467,363,0,278,359,0,0,0,627,infection,859
12.133378212803619,363,0,277,360,0,0,0,627,recovery,35
12.139621255363007,363,0,276,361,0,0,0,627,recovery,57
12.14291712099144,363,0,275,362,0,0,0,627,recovery,404
12.14809637714804,362,0,276,362,0,0,0,628,infection,637
12.156475065233106,362,0,275,363,0,0,0,628,recovery,877
12.17399316486475,361,0,276,363,0,0,0,629,infection,53
12.176534194662278,361,0,275,364,0,0,0,629,recovery,966
12.185319025822485,360,0,276,364,0,0,0,630,infection,210
12.193415325852037,359,0,277,364,0,0,0,631,infection,599
12.207330980853111,359,0,276,365,0,0,0,631,recovery,73
12.208896664235004,358,0,277,365,0,0,0,632,infection,321
12.210018994570454,358,0,276,366,0,0,0,632,recovery,49
12.222001045653421,357,0,277,366,0,0,0,633,infection,70
12.22331222354354,357,0,276,367,0,0,0,633,recovery,198
12.23692333570862,357,0,275,368,0,0,0,633,recovery,652
12.241766583816881,356,0,276,368,0,0,0,634,infection,596
12.242178741930596,355,0,277,368,0,0,0,635,infection,547
12.259920692310235,354,0,278,368,0,0,0,636,infection,822
12.26292874408979,353,0,279,368,0,0,0,637,infection,810
12.269968479374352,352,0,280,368,0,0,0,638,infection,979
12.2740693386051,352,0,279,369,0,0,0,638,recovery,942
12.276276758984846,351,0,280,369,0,0,0,639,infection,717
12.283307006810523,350,0,281,369,0,0,0,640,infection,89
12.292560329390199,350,0,280,370,0,0,0,640,recovery,883
12.298434586801145,349,0,281,370,0,0,0,641,infection,194
12.299735743057612,349,0,280,371,0,0,0,641,recovery,505
12.340941283650926,349,0,279,372,0,0,0,641,recovery,155
12.341653954587768,348,0,280,372,0,0,0,642,infection,224
12.349912672763319,348,0,279,373,0,0,0,642,recovery,810
12.354188673536065,347,0,280,373,0,0,0,643,infection,641
12.3614419853935,346,0,281,373,0,0,0,644,infection,905
12.361713179276347,346,0,280,374,0,0,0,644,recovery,525
12.367549410377604,345,0,281,374,0,0,0,645,infection,990
12.369048123609375,345,0,280,375,0,0,0,645,recovery,965
12.377896372656911,345,0,279,376,0,0,0,645,recovery,743
12.38229517169471,344,0,280,376,0,0,0,646,infection,377
12.382422887847804,343,0,281,376,0,0,0,647,infection,602
12.400327355116884,343,0,280,377,0,0,0,647,recovery,660
12.40554203838463,342,0,281,377,0,0,0,648,infection,718
12.405651038886544,341,0,282,377,0,0,0,649,infection,742
12.411251502530865,341,0,281,378,0,0,0,649,recovery,196
12.411872088971622,340,0,282,378,0,0,0,650,infection,969
12.424550582483354,339,0,283,378,0,0,0,651,infection,374
12.427731022590848,338,0,284,378,0,0,0,652,infection,884
12.42885234578962,337,0,285,378,0,0,0,653,infection,898
12.438470664028134,337,0,284,379,0,0,0,653,recovery,433
12.440231449765367,336,0,285,379,0,0,0,654,infection,988
12.440955549322943,335,0,286,379,0,0,0,655,infection,338
12.45987757169667,334,0,287,379,0,0,0,656,infection,397
12.461836425800866,333,0,288,379,0,0,0,657,infection,672
12.46848801341695,332,0,289,379,0,0,0,658,infection,650
12.479901478037899,331,0,290,379,0,0,0,659,infection,897
12.484815027916671,330,0,291,379,0,0,0,660,infection,944
12.498181610675054,330,0,290,380,0,0,0,660,recovery,919
12.507039296084308,330,0,289,381,0,0,0,660,recovery,381
12.513193994556573,330,0,288,382,0,0,0,660,recovery,614
12.514736906531713,329,0,289,382,0,0,0,661,infection,124
12.51595663875051,328,0,290,382,0,0,0,662,infection,611
12.521703277761901,328,0,289,383,0,0,0,662,recovery,953
12.536499371078053,327,0,290,383,0,0,0,663,infection,415
12.540064595464692,327,0,289,384,0,0,0,663,recovery,595
12.546552735297142,326,0,290,384,0,0,0,664,infection,535
12.56796994462603,325,0,291,384,0,0,0,665,infection,545
12.578577866482634,324,0,292,384,0,0,0,666,infection,187
12.589236949344134,323,0,293,384,0,0,0,667,infection,139
12.599013769540981,323,0,292,385,0,0,0,667,recovery,210
12.60421095344861,322,0,293,385,0,0,0,668,infection,844
12.625704559844593,322,0,292,386,0,0,0,668,recovery,717
12.626329024771854,322,0,291,387,0,0,0,668,recovery,114
12.626792011866003,321,0,292,387,0,0,0,669,infection,437
12.628367692526696,320,0,293,387,0,0,0,670,infection,823
12.632899327974119,319,0,294,387,0,0,0,671,infection,166
12.635415075123994,319,0,293,388,0,0,0,671,recovery,948
12.645446506308957,319,0,292,389,0,0,0,671,recovery,219
12.673486555396927,319,0,291,390,0,0,0,671,recovery,539
12.682168290640936,318,0,292,390,0,0,0,672,infection,831
12.690317189079511,317,0,293,390,0,0,0,673,infection,890
12.690736413727183,317,0,292,391,0,0,0,673,recovery,159
12.695226625638604,317,0,291,392,0,0,0,673,recovery,990
12.706935257933571,316,0,292,392,0,0,0,674,infection,77
12.707140536373872,316,0,291,393,0,0,0,674,recovery,584
12.71013977127925,315,0,292,393,0,0,0,675,infection,214
12.710227993635868,315,0,291,394,0,0,0,675,recovery,763
12.718075136783908,315,0,290,395,0,0,0,675,recovery,475
12.722166666983622,315,0,289,396,0,0,0,675,recovery,695
12.727057173261207,314,0,290,396,0,0,0,676,infection,981
12.736158878973047,313,0,291,396,0,0,0,677,infection,97
12.743049502939988,313,0,290,397,0,0,0,677,recovery,43
12.749823538474041,312,0,291,397,0,0,0,678,infection,200
12.752706068008225,312,0,290,398,0,0,0,678,recovery,768
12.772959086544894,312,0,289,399,0,0,0,678,recovery,497
12.776537823648177,312,0,288,400,0,0,0,678,recovery,748
12.77658991430494,312,0,287,401,0,0,0,678,recovery,112
12.793123584242572,311,0,288,401,0,0,0,679,infection,25
12.795281183886074,311,0,287,402,0,0,0,679,recovery,75
12.804402019664547,311,0,286,403,0,0,0,679,recovery,897
12.808620915483756,311,0,285,404,0,0,0,679,recovery,303
12.814320873125077,311,0,284,405,0,0,0,679,recovery,527
12.815446744233238,311,0,283,406,0,0,0,679,recovery,145
12.83030944946713,311,0,282,407,0,0,0,679,recovery,555
12.832700646448657,311,0,281,408,0,0,0,679,recovery,487
12.832879893993855,310,0,282,408,0,0,0,680,infection,789
12.839478376581287,309,0,283,408,0,0,0,681,infection,619
12.841692805927625,309,0,282,409,0,0,0,681,recovery,676
12.847738052541933,308,0,283,409,0,0,0,682,infection,537
12.849885899236185,308,0,282,410,0,0,0,682,recovery,531
12.852091879158435,307,0,283,410,0,0,0,683,infection,850
12.854502958366586,307,0,282,411,0,0,0,683,recovery,988
12.862469085204218,306,0,283,411,0,0,0,684,infection,889
12.867212013091908,306,0,282,412,0,0,0,684,recovery,124
12.881577245146307,306,0,281,413,0,0,0,684,recovery,971
12.882556181768201,305,0,282,413,0,0,0,685,infection,459
12.892592254048632,304,0,283,413,0,0,0,686,infection,426
12.906110064207503,304,0,282,414,0,0,0,686,recovery,893
12.916421843407548,304,0,281,415,0,0,0,686,recovery,225
12.919214419100951,303,0,282,415,0,0,0,687,infection,892
12.922652708795962,302,0,283,415,0,0,0,688,infection,136
12.936043587199201,301,0,284,415,0,0,0,689,infection,687
12.94944466528787,301,0,283,416,0,0,0,689,recovery,844
12.95923576082972,301,0,282,417,0,0,0,689,recovery,21
12.966023086211507,300,0,283,417,0,0,0,690,infection,780
12.975161542407324,299,0,284,417,0,0,0,691,infection,229
12.977649289938235,299,0,283,418,0,0,0,691,recovery,171
13.002827184877443,298,0,284,418,0,0,0,692,infection,63
13.004714743042694,298,0,283,419,0,0,0,692,recovery,415
13.007017283005863,298,0,282,420,0,0,0,692,recovery,201
13.017998103328644,298,0,281,421,0,0,0,692,recovery,439
13.053378437131853,297,0,282,421,0,0,0,693,infection,441
13.060424977146367,297,0,281,422,0,0,0,693,recovery,952
13.060525085252744,297,0,280,423,0,0,0,693,recovery,212
13.063524962340704,297,0,279,424,0,0,0,693,recovery,641
13.064946318251458,296,0,280,424,0,0,0,694,infection,778
13.066719826922952,296,0,279,425,0,0,0,694,recovery,839
13.071166335954704,295,0,280,425,0,0,0,695,infection,81
13.077969732277598,295,0,279,426,0,0,0,695,recovery,334
13.085964339548942,294,0,280,426,0,0,0,696,infection,430
13.087062995100013,294,0,279,427,0,0,0,696,recovery,616
13.10236189297278,293,0,280,427,0,0,0,697,infection,837
13.104361033394744,292,0,281,427,0,0,0,698,infection,728
13.133354412715033,292,0,280,428,0,0,0,698,recovery,905
13.149260039456472,292,0,279,429,0,0,0,698,recovery,514
13.151647617335653,292,0,278,430,0,0,0,698,recovery,260
13.161575418825489,292,0,277,431,0,0,0,698,recovery,418
13.162304381169681,291,0,278,431,0,0,0,699,infection,802
13.163071024908485,290,0,279,431,0,0,0,700,infection,546
13.181700899533627,289,0,280,431,0,0,0,701,infection,609
13.192606265714595,288,0,281,431,0,0,0,702,infection,396
13.200526552035349,287,0,282,431,0,0,0,703,infection,120
13.202325603125072,287,0,281,432,0,0,0,703,recovery,593
13.213061595061262,287,0,280,433,0,0,0,703,recovery,778
13.213763723109995,286,0,281,433,0,0,0,704,infection,506
13.214979905506452,285,0,282,433,0,0,0,705,infection,972
13.222992101230432,285,0,281,434,0,0,0,705,recovery,9
13.227838098002021,285,0,280,435,0,0,0,705,recovery,407
13.230246437343173,285,0,279,436,0,0,0,705,recovery,949
13.236741588292913,284,0,280,436,0,0,0,706,infection,791
13.250005754446804,283,0,281,436,0,0,0,707,infection,195
13.269757034509759,283,0,280,437,0,0,0,707,recovery,880
13.275006155579305,283,0,279,438,0,0,0,707,recovery,667
13.275469219723643,283,0,278,439,0,0,0,707,recovery,582
13.28032190679864,283,0,277,440,0,0,0,707,recovery,931
13.286312149608488,283,0,276,441,0,0,0,707,recovery,857
13.296832205995504,283,0,275,442,0,0,0,707,recovery,172
13.33154604762791,283,0,274,443,0,0,0,707,recovery,606
13.335022616265459,282,0,275,443,0,0,0,708,infection,553
13.369224068560703,281,0,276,443,0,0,0,709,infection,617
13.390142217605527,280,0,277,443,0,0,0,710,infection,98
13.391226403147126,280,0,276,444,0,0,0,710,recovery,180
13.397631005064708,279,0,277,444,0,0,0,711,infection,975
13.41757135053889,279,0,276,445,0,0,0,711,recovery,227
13.418554609535185,279,0,275,446,0,0,0,711,recovery,131
13.429371558422854,278,0,276,446,0,0,0,712,infection,177
13.435545370374264,278,0,275,447,0,0,0,712,recovery,84
13.44529618942508,277,0,276,447,0,0,0,713,infection,432
13.448971907934197,276,0,277,447,0,0,0,714,infection,625
13.455272328100028,276,0,276,448,0,0,0,714,recovery,920
13.456834907406245,275,0,277,448,0,0,0,715,infection,671
13.458855689879776,274,0,278,448,0,0,0,716,infection,316
13.459269388254995,274,0,277,449,0,0,0,716,recovery,222
13.46231563300078,274,0,276,450,0,0,0,716,recovery,398
13.463489029879344,273,0,277,450,0,0,0,717,infection,587
13.476563726180073,272,0,278,450,0,0,0,718,infection,152
13.490119554221902,272,0,277,451,0,0,0,718,recovery,169
13.495628917748247,272,0,276,452,0,0,0,718,recovery,670
13.509061941454611,271,0,277,452,0,0,0,719,infection,658
13.51126108945446,270,0,278,452,0,0,0,720,infection,456
13.51540026410752,270,0,277,453,0,0,0,720,recovery,774
13.51792520208599,270,0,276,454,0,0,0,720,recovery,348
13.528409593163632,269,0,277,454,0,0,0,721,infection,855
13.557890557668914,269,0,276,455,0,0,0,721,recovery,799
13.562829549473507,268,0,277,455,0,0,0,722,infection,917
13.56395187921512,267,0,278,455,0,0,0,723,infection,541
13.564544789083895,266,0,279,455,0,0,0,724,infection,455
13.57188871507385,265,0,280,455,0,0,0,725,infection,340
13.579509285787381,265,0,279,456,0,0,0,725,recovery,587
13.580677557147768,265,0,278,457,0,0,0,725,recovery,255
13.596221307128046,264,0,279,457,0,0,0,726,infection,598
13.605917934973892,263,0,280,457,0,0,0,727,infection,974
13.629254783962764,262,0,281,457,0,0,0,728,infection,761
13.642873645240687,262,0,280,458,0,0,0,728,recovery,513
13.643255635892032,261,0,281,458,0,0,0,729,infection,344
13.655517575125506,260,0,282,458,0,0,0,730,infection,673
13.669268038322834,260,0,281,459,0,0,0,730,recovery,547
13.67144068557142,259,0,282,459,0,0,0,731,infection,265
13.675977230939942,259,0,281,460,0,0,0,731,recovery,397
13.679362932119107,259,0,280,461,0,0,0,731,recovery,837
13.682144494623696,259,0,279,462,0,0,0,731,recovery,859
13.693918258238762,259,0,278,463,0,0,0,731,recovery,610
13.694211316987921,258,0,279,463,0,0,0,732,infection,921
13.717944299823928,257,0,280,463,0,0,0,733,infection,424
13.722042243969666,257,0,279,464,0,0,0,733,recovery,828
13.75704881400878,256,0,280,464,0,0,0,734,infection,771
13.760514160845302,256,0,279,465,0,0,0,734,recovery,63
13.769799320902596,256,0,278,466,0,0,0,734,recovery,889
13.78124999648023,256,0,277,467,0,0,0,734,recovery,898
13.782167309824759,256,0,276,468,0,0,0,734,recovery,77
13.785176265998414,256,0,275,469,0,0,0,734,recovery,873
13.791286141287937,256,0,274,470,0,0,0,734,recovery,197
13.79655938733936,256,0,273,471,0,0,0,734,recovery,980
13.80331556029076,255,0,274,471,0,0,0,735,infection,126
13.80640627066302,255,0,273,472,0,0,0,735,recovery,224
13.808614074431162,254,0,274,472,0,0,0,736,infection,550
13.811098462894265,254,0,273,473,0,0,0,736,recovery,355
13.82055540712513,254,0,272,474,0,0,0,736,recovery,981
13.822432662825262,254,0,271,475,0,0,0,736,recovery,590
13.82826101226612,254,0,270,476,0,0,0,736,recovery,809
13.859584224551043,254,0,269,477,0,0,0,736,recovery,310
13.87693650844826,254,0,268,478,0,0,0,736,recovery,339
13.914797120116628,254,0,267,479,0,0,0,736,recovery,396
13.924851415313638,253,0,268,479,0,0,0,737,infection,127
13.938728503450088,252,0,269,479,0,0,0,738,infection,542
13.970421147971315,252,0,268,480,0,0,0,738,recovery,673
13.995065448601927,252,0,267,481,0,0,0,738,recovery,317
13.998664492587821,252,0,266,482,0,0,0,738,recovery,369
14.002996187825602,252,0,265,483,0,0,0,738,recovery,408
14.018582667523026,252,0,264,484,0,0,0,738,recovery,535
14.018749705434626,252,0,263,485,0,0,0,738,recovery,650
14.025731523241584,252,0,262,486,0,0,0,738,recovery,452
14.025830180947398,251,0,263,486,0,0,0,739,infection,30
14.040431675159542,250,0,264,486,0,0,0,740,infection,18
14.048131011050822,250,0,263,487,0,0,0,740,recovery,175
14.06683456005364,250,0,262,488,0,0,0,740,recovery,759
14.073421161203209,249,0,263,488,0,0,0,741,infection,182
14.080097872901902,248,0,264,488,0,0,0,742,infection,709
14.081310808924854,248,0,263,489,0,0,0,742,recovery,226
14.08294182255072,248,0,262,490,0,0,0,742,recovery,789
14.087394664033322,248,0,261,491,0,0,0,742,recovery,771
14.092570635081845,248,0,260,492,0,0,0,742,recovery,545
14.09359662397284,248,0,259,493,0,0,0,742,recovery,316
14.126845339767941,247,0,260,493,0,0,0,743,infection,923
14.140028411471336,246,0,261,493,0,0,0,744,infection,788
14.142232375833752,246,0,260,494,0,0,0,744,recovery,671
14.147001304293958,246,0,259,495,0,0,0,744,recovery,461
14.17724791652339,245,0,260,495,0,0,0,745,infection,476
14.178779372686975,245,0,259,496,0,0,0,745,recovery,119
14.180189980575442,244,0,260,496,0,0,0,746,infection,697
14.185502104881817,243,0,261,496,0,0,0,747,infection,559
14.18592170234417,242,0,262,496,0,0,0,748,infection,192
14.201393475043048,242,0,261,497,0,0,0,748,recovery,579
14.209638612882687,242,0,260,498,0,0,0,748,recovery,923
14.252220899118093,242,0,259,499,0,0,0,748,recovery,174
14.25943596513582,242,0,258,500,0,0,0,748,recovery,882
14.26340491858662,241,0,259,500,0,0,0,749,infection,528
14.263526678143789,241,0,258,501,0,0,0,749,recovery,677
14.272670821105296,240,0,259,501,0,0,0,750,infection,67
14.282591053921845,239,0,260,501,0,0,0,751,infection,630
14.293166649523005,239,0,259,502,0,0,0,751,recovery,921
14.297007170333659,239,0,258,503,0,0,0,751,recovery,718
14.299898532632021,239,0,257,504,0,0,0,751,recovery,684
14.316609644471246,238,0,258,504,0,0,0,752,infection,816
14.331413302542394,238,0,257,505,0,0,0,752,recovery,602
14.357741213746813,238,0,256,506,0,0,0,752,recovery,205
14.358423730604505,237,0,257,506,0,0,0,753,infection,213
14.358830883969665,236,0,258,506,0,0,0,754,infection,835
14.362334341614321,236,0,257,507,0,0,0,754,recovery,850
14.363251215300178,235,0,258,507,0,0,0,755,infection,603
14.372556138682706,235,0,257,508,0,0,0,755,recovery,865
14.385420462004618,235,0,256,509,0,0,0,755,recovery,521
14.393115038813212,235,0,255,510,0,0,0,755,recovery,500
14.397459775148329,234,0,256,510,0,0,0,756,infection,574
14.402100290853397,234,0,255,511,0,0,0,756,recovery,715
14.43623869738883,233,0,256,511,0,0,0,757,infection,868
14.463097362975386,233,0,255,512,0,0,0,757,recovery,854
14.467862610961316,232,0,256,512,0,0,0,758,infection,412
14.476647841909394,232,0,255,513,0,0,0,758,recovery,658
14.480736787638694,232,0,254,514,0,0,0,758,recovery,860
14.495679127428307,231,0,255,514,0,0,0,759,infection,290
14.509658445417932,230,0,256,514,0,0,0,760,infection,423
14.527287777489443,230,0,255,515,0,0,0,760,recovery,546
14.533709700423652,230,0,254,516,0,0,0,760,recovery,637
14.551323535822824,229,0,255,516,0,0,0,761,infection,233
14.551675711258385,229,0,254,517,0,0,0,761,recovery,630
14.5535305522626,229,0,253,518,0,0,0,761,recovery,290
14.561449841297962,228,0,254,518,0,0,0,762,infection,16
14.56661040417677,228,0,253,519,0,0,0,762,recovery,816
14.568768297704358,228,0,252,520,0,0,0,762,recovery,836
14.573730293845886,227,0,253,520,0,0,0,763,infection,62
14.600090391040071,226,0,254,520,0,0,0,764,infection,891
14.618576463491486,226,0,253,521,0,0,0,764,recovery,697
14.63686372380555,225,0,254,521,0,0,0,765,infection,291
14.656553551998737,224,0,255,521,0,0,0,766,infection,784
14.658055471629838,223,0,256,521,0,0,0,767,infection,758
14.67254382634702,222,0,257,521,0,0,0,768,infection,343
14.711215520560204,221,0,258,521,0,0,0,769,infection,615
14.711540130237168,221,0,257,522,0,0,0,769,recovery,482
14.72332678508099,221,0,256,523,0,0,0,769,recovery,22
14.724629991849653,221,0,255,524,0,0,0,769,recovery,207
14.725614925443166,220,0,256,524,0,0,0,770,infection,651
14.75174931161944,219,0,257,524,0,0,0,771,infection,179
14.758746331706142,219,0,256,525,0,0,0,771,recovery,149
14.792493882518825,219,0,255,526,0,0,0,771,recovery,438
14.797078257129076,218,0,256,526,0,0,0,772,infection,731
14.797815071485573,218,0,255,527,0,0,0,772,recovery,581
14.800068724406055,217,0,256,527,0,0,0,773,infection,140
14.801558366989653,217,0,255,528,0,0,0,773,recovery,229
14.813537768804471,217,0,254,529,0,0,0,773,recovery,822
14.813966230043771,216,0,255,529,0,0,0,774,infection,464
14.82208054716421,215,0,256,529,0,0,0,775,infection,509
14.841644890177704,215,0,255,530,0,0,0,775,recovery,271
14.85815551112364,215,0,254,531,0,0,0,775,recovery,946
14.886188748784763,214,0,255,531,0,0,0,776,infection,967
14.895098884172212,213,0,256,531,0,0,0,777,infection,862
14.896522232156062,213,0,255,532,0,0,0,777,recovery,688
14.901689661016006,212,0,256,532,0,0,0,778,infection,662
14.902074114039952,212,0,255,533,0,0,0,778,recovery,200
14.918021661816569,212,0,254,534,0,0,0,778,recovery,984
14.932703201914665,211,0,255,534,0,0,0,779,infection,168
14.933609629460706,210,0,256,534,0,0,0,780,infection,961
14.934397728827994,210,0,255,535,0,0,0,780,recovery,140
14.934486339729132,210,0,254,536,0,0,0,780,recovery,195
14.934749357850956,210,0,253,537,0,0,0,780,recovery,553
14.938319997251178,210,0,252,538,0,0,0,780,recovery,459
14.939881336870744,210,0,251,539,0,0,0,780,recovery,818
14.944945107207761,210,0,250,540,0,0,0,780,recovery,524
14.945196699089067,210,0,249,541,0,0,0,780,recovery,345
14.96282786860414,209,0,250,541,0,0,0,781,infection,357
14.970697618199676,209,0,249,542,0,0,0,781,recovery,609
14.977636475391229,209,0,248,543,0,0,0,781,recovery,870
14.992574178140524,208,0,249,543,0,0,0,782,infection,4
15.00707485492181,208,0,248,544,0,0,0,782,recovery,613
15.013630842040026,208,0,247,545,0,0,0,782,recovery,346
15.02493421555227,208,0,246,546,0,0,0,782,recovery,618
15.026850479412678,208,0,245,547,0,0,0,782,recovery,182
15.029690100915436,208,0,244,548,0,0,0,782,recovery,464
15.031889327448786,208,0,243,549,0,0,0,782,recovery,683
15.059337673005594,208,0,242,550,0,0,0,782,recovery,161
15.062597679527828,207,0,243,550,0,0,0,783,infection,821
15.077398158310414,207,0,242,551,0,0,0,783,recovery,424
15.07930385430235,207,0,241,552,0,0,0,783,recovery,901
15.092508657674239,207,0,240,553,0,0,0,783,recovery,687
15.095580999287927,206,0,241,553,0,0,0,784,infection,483
15.110062431945531,205,0,242,553,0,0,0,785,infection,256
15.110082854452017,205,0,241,554,0,0,0,785,recovery,681
15.113877609168592,205,0,240,555,0,0,0,785,recovery,446
15.12665115598113,205,0,239,556,0,0,0,785,recovery,7
15.127935871426452,205,0,238,557,0,0,0,785,recovery,954
15.143416682630953,205,0,237,558,0,0,0,785,recovery,488
15.183602181679776,204,0,238,558,0,0,0,786,infection,548
15.198786927466593,204,0,237,559,0,0,0,786,recovery,790
15.212079220473209,204,0,236,560,0,0,0,786,recovery,496
15.216326828383394,204,0,235,561,0,0,0,786,recovery,856
15.236056886102062,204,0,234,562,0,0,0,786,recovery,374
15.236182458880519,203,0,235,562,0,0,0,787,infection,902
15.25312126600252,202,0,236,562,0,0,0,788,infection,352
15.258202367681577,201,0,237,562,0,0,0,789,infection,571
15.259024701272088,200,0,238,562,0,0,0,790,infection,2
15.264613986873057,199,0,239,562,0,0,0,791,infection,556
15.27135899996884,199,0,238,563,0,0,0,791,recovery,767
15.281905100707787,199,0,237,564,0,0,0,791,recovery,238
15.314530875139189,198,0,238,564,0,0,0,792,infection,753
15.322020199295247,197,0,239,564,0,0,0,793,infection,259
15.343659631721671,197,0,238,565,0,0,0,793,recovery,742
15.353404303349823,196,0,239,565,0,0,0,794,infection,462
15.370752621671365,195,0,240,565,0,0,0,795,infection,413
15.371694858205649,195,0,239,566,0,0,0,795,recovery,556
15.374280681820396,194,0,240,566,0,0,0,796,infection,41
15.380152682157217,193,0,241,566,0,0,0,797,infection,386
15.403884947430857,193,0,240,567,0,0,0,797,recovery,253
15.41700329273049,193,0,239,568,0,0,0,797,recovery,483
15.425874355263657,193,0,238,569,0,0,0,797,recovery,357
15.445342852585394,193,0,237,570,0,0,0,797,recovery,749
15.479503779616211,192,0,238,570,0,0,0,798,infection,725
15.480475232159362,192,0,237,571,0,0,0,798,recovery,541
15.482219829014099,191,0,238,571,0,0,0,799,infection,573
15.493610535834865,191,0,237,572,0,0,0,799,recovery,423
15.507517430329223,190,0,238,572,0,0,0,800,infection,402
15.536662906213616,189,0,239,572,0,0,0,801,infection,983
15.539538854560409,188,0,240,572,0,0,0,802,infection,674
15.552591600639717,187,0,241,572,0,0,0,803,infection,143
15.56626316584195,186,0,242,572,0,0,0,804,infection,522
15.571612940785647,185,0,243,572,0,0,0,805,infection,351
15.578252761233534,184,0,244,572,0,0,0,806,infection,102
15.584022150245778,184,0,243,573,0,0,0,806,recovery,728
15.622458186404623,184,0,242,574,0,0,0,806,recovery,120
15.63125584499246,184,0,241,575,0,0,0,806,recovery,599
15.645370373919999,184,0,240,576,0,0,0,806,recovery,32
15.66735463524836,184,0,239,577,0,0,0,806,recovery,417
15.67221629263772,184,0,238,578,0,0,0,806,recovery,702
15.683700563208582,184,0,237,579,0,0,0,806,recovery,136
15.690658835041237,184,0,236,580,0,0,0,806,recovery,347
15.699133539102718,184,0,235,581,0,0,0,806,recovery,386
15.726852868312367,184,0,234,582,0,0,0,806,recovery,430
15.746493810804031,184,0,233,583,0,0,0,806,recovery,139
15.753822577945982,184,0,232,584,0,0,0,806,recovery,28
15.76147836470326,183,0,233,584,0,0,0,807,infection,706
15.76206173183376,183,0,232,585,0,0,0,807,recovery,190
15.770934277850639,183,0,231,586,0,0,0,807,recovery,297
15.772673771803856,183,0,230,587,0,0,0,807,recovery,834
15.79963418932429,182,0,231,587,0,0,0,808,infection,405
15.818123354256436,182,0,230,588,0,0,0,808,recovery,377
15.8253244495192,181,0,231,588,0,0,0,809,infection,858
15.827809326614517,180,0,232,588,0,0,0,810,infection,280
15.837117486182859,179,0,233,588,0,0,0,811,infection,526
15.838180725082639,179,0,232,589,0,0,0,811,recovery,574
15.865512969979049,179,0,231,590,0,0,0,811,recovery,536
15.868686846471725,179,0,230,591,0,0,0,811,recovery,294
15.886001090090524,179,0,229,592,0,0,0,811,recovery,4
15.891710624806695,178,0,230,592,0,0,0,812,infection,393
15.892331917678101,177,0,231,592,0,0,0,813,infection,937
15.897438788880631,177,0,230,593,0,0,0,813,recovery,973
15.930117791505378,177,0,229,594,0,0,0,813,recovery,669
15.936077043640088,176,0,230,594,0,0,0,814,infection,443
15.949393486473728,176,0,229,595,0,0,0,814,recovery,393
15.950761474861459,176,0,228,596,0,0,0,814,recovery,82
15.958491419637234,175,0,229,596,0,0,0,815,infection,777
15.95948702696855,174,0,230,596,0,0,0,816,infection,568
15.96636079256376,173,0,231,596,0,0,0,817,infection,3
15.967029785006792,173,0,230,597,0,0,0,817,recovery,53
15.972798350149555,172,0,231,597,0,0,0,818,infection,165
15.989357672451408,171,0,232,597,0,0,0,819,infection,248
15.998005442881714,170,0,233,597,0,0,0,820,infection,708
16.030537962043685,170,0,232,598,0,0,0,820,recovery,930
16.033854300628143,170,0,231,599,0,0,0,820,recovery,42
16.03442757916991,169,0,232,599,0,0,0,821,infection,896
16.050367912645804,169,0,231,600,0,0,0,821,recovery,259
16.055046321142868,169,0,230,601,0,0,0,821,recovery,192
16.0702380369624,168,0,231,601,0,0,0,822,infection,955
16.09179584197046,168,0,230,602,0,0,0,822,recovery,791
16.096562387124962,168,0,229,603,0,0,0,822,recovery,242
16.097515681107204,167,0,230,603,0,0,0,823,infection,380
16.103875142110233,167,0,229,604,0,0,0,823,recovery,843
16.10450520913639,167,0,228,605,0,0,0,823,recovery,529
16.121931875187375,167,0,227,606,0,0,0,823,recovery,3
16.125941597400328,167,0,226,607,0,0,0,823,recovery,411
16.133312010575118,166,0,227,607,0,0,0,824,infection,894
16.13500140699058,166,0,226,608,0,0,0,824,recovery,784
16.15700683151852,166,0,225,609,0,0,0,824,recovery,831
16.17904056366705,166,0,224,610,0,0,0,824,recovery,807
16.18810599147288,166,0,223,611,0,0,0,824,recovery,571
16.19782950054126,166,0,222,612,0,0,0,824,recovery,725
16.21707318969222,166,0,221,613,0,0,0,824,recovery,629
16.222303466781835,165,0,222,613,0,0,0,825,infection,150
16.22646351201589,165,0,221,614,0,0,0,825,recovery,276
16.238431809758932,165,0,220,615,0,0,0,825,recovery,709
16.24035789721799,165,0,219,616,0,0,0,825,recovery,573
16.24633107230515,164,0,220,616,0,0,0,826,infection,801
16.255466523370877,163,0,221,616,0,0,0,827,infection,135
16.256487354227517,162,0,222,616,0,0,0,828,infection,293
16.258432241268487,161,0,223,616,0,0,0,829,infection,341
16.26620985263582,160,0,224,616,0,0,0,830,infection,474
16.278162774548896,160,0,223,617,0,0,0,830,recovery,519
16.293377419408902,160,0,222,618,0,0,0,830,recovery,214
16.29431973447558,159,0,223,618,0,0,0,831,infection,109
16.306294703214103,158,0,224,618,0,0,0,832,infection,583
16.319849044558737,158,0,223,619,0,0,0,832,recovery,888
16.32726171214705,158,0,222,620,0,0,0,832,recovery,474
16.329637127685476,158,0,221,621,0,0,0,832,recovery,761
16.348288846471483,158,0,220,622,0,0,0,832,recovery,734
16.39662821764831,158,0,219,623,0,0,0,832,recovery,917
16.40471312559422,158,0,218,624,0,0,0,832,recovery,399
16.422391909664036,158,0,217,625,0,0,0,832,recovery,166
16.463369542576075,158,0,216,626,0,0,0,832,recovery,963
16.47389868553856,158,0,215,627,0,0,0,832,recovery,194
16.474381274868044,158,0,214,628,0,0,0,832,recovery,478
16.50305509841753,158,0,213,629,0,0,0,832,recovery,779
16.537892612295035,157,0,214,629,0,0,0,833,infection,793
16.573664674491045,156,0,215,629,0,0,0,834,infection,491
16.57859238692296,155,0,216,629,0,0,0,835,infection,208
16.6059469248054,155,0,215,630,0,0,0,835,recovery,640
16.670877108669803,155,0,214,631,0,0,0,835,recovery,932
16.67238389715804,155,0,213,632,0,0,0,835,recovery,135
16.67508451772112,154,0,214,632,0,0,0,836,infection,71
16.67802555225195,154,0,213,633,0,0,0,836,recovery,568
16.70071632439827,154,0,212,634,0,0,0,836,recovery,168
16.70315662004227,153,0,213,634,0,0,0,837,infection,814
16.713299501886183,153,0,212,635,0,0,0,837,recovery,50
16.714085848804864,153,0,211,636,0,0,0,837,recovery,437
16.739412869544587,153,0,210,637,0,0,0,837,recovery,247
16.762541247789237,153,0,209,638,0,0,0,837,recovery,321
16.77928609702103,152,0,210,638,0,0,0,838,infection,985
16.793702867313225,151,0,211,638,0,0,0,839,infection,336
16.82260389148848,151,0,210,639,0,0,0,839,recovery,2
16.835124750997117,151,0,209,640,0,0,0,839,recovery,189
16.837406786244355,151,0,208,641,0,0,0,839,recovery,322
16.84162153779982,151,0,207,642,0,0,0,839,recovery,67
16.850309565567592,150,0,208,642,0,0,0,840,infection,428
16.860503446867448,149,0,209,642,0,0,0,841,infection,308
16.867651703380737,148,0,210,642,0,0,0,842,infection,162
16.87163682088929,147,0,211,642,0,0,0,843,infection,713
16.914890551384648,147,0,210,643,0,0,0,843,recovery,711
16.92569234682778,147,0,209,644,0,0,0,843,recovery,985
16.95440854743154,146,0,210,644,0,0,0,844,infection,421
16.966088076253428,146,0,209,645,0,0,0,844,recovery,955
16.966891584353714,146,0,208,646,0,0,0,844,recovery,550
17.032461364457802,146,0,207,647,0,0,0,844,recovery,280
17.073646311508483,146,0,206,648,0,0,0,844,recovery,611
17.076927370097206,146,0,205,649,0,0,0,844,recovery,706
17.14968931843395,146,0,204,650,0,0,0,844,recovery,858
17.17293983790692,146,0,203,651,0,0,0,844,recovery,583
17.178255683750955,145,0,204,651,0,0,0,845,infection,685
17.206175886865722,145,0,203,652,0,0,0,845,recovery,508
17.23503092432296,145,0,202,653,0,0,0,845,recovery,625
17.25348443525417,145,0,201,654,0,0,0,845,recovery,817
17.257536904708207,144,0,202,654,0,0,0,846,infection,111
17.266601829735187,144,0,201,655,0,0,0,846,recovery,506
17.278896925007096,144,0,200,656,0,0,0,846,recovery,961
17.30013687660762,144,0,199,657,0,0,0,846,recovery,150
17.300677706734874,143,0,200,657,0,0,0,847,infection,251
17.31989428241814,142,0,201,657,0,0,0,848,infection,33
17.33289697903708,142,0,200,658,0,0,0,848,recovery,39
17.33788336936663,142,0,199,659,0,0,0,848,recovery,70
17.34535826258342,142,0,198,660,0,0,0,848,recovery,341
17.35209426148243,142,0,197,661,0,0,0,848,recovery,543
17.36834273522269,142,0,196,662,0,0,0,848,recovery,289
17.38482414767018,141,0,197,662,0,0,0,849,infection,83
17.405035716905527,141,0,196,663,0,0,0,849,recovery,754
17.416435161545117,141,0,195,664,0,0,0,849,recovery,18
17.43399739768905,140,0,196,664,0,0,0,850,infection,249
17.454315907293953,139,0,197,664,0,0,0,851,infection,878
17.479812350356312,139,0,196,665,0,0,0,851,recovery,371
17.483601364561814,139,0,195,666,0,0,0,851,recovery,422
17.49246564636988,139,0,194,667,0,0,0,851,recovery,795
17.504812069227068,139,0,193,668,0,0,0,851,recovery,102
17.518546412175994,139,0,192,669,0,0,0,851,recovery,634
17.523211831064337,139,0,191,670,0,0,0,851,recovery,906
17.548816046353842,139,0,190,671,0,0,0,851,recovery,333
17.578712121970696,138,0,191,671,0,0,0,852,infection,269
17.59695687409574,138,0,190,672,0,0,0,852,recovery,672
17.610799910007092,138,0,189,673,0,0,0,852,recovery,603
17.61198789926432,138,0,188,674,0,0,0,852,recovery,842
17.636046367078254,138,0,187,675,0,0,0,852,recovery,89
17.643495200254126,138,0,186,676,0,0,0,852,recovery,13
17.673946884176456,137,0,187,676,0,0,0,853,infection,296
17.686529033798458,137,0,186,677,0,0,0,853,recovery,777
17.696471289830093,136,0,187,677,0,0,0,854,infection,752
17.7194780939299,136,0,186,678,0,0,0,854,recovery,891
17.741959117031463,135,0,187,678,0,0,0,855,infection,490
17.745563981193804,135,0,186,679,0,0,0,855,recovery,34
17.755006621667977,135,0,185,680,0,0,0,855,recovery,111
17.770567334543962,135,0,184,681,0,0,0,855,recovery,649
17.77196574695972,135,0,183,682,0,0,0,855,recovery,537
17.819848526085227,134,0,184,682,0,0,0,856,infection,918
17.86291437573549,133,0,185,682,0,0,0,857,infection,292
17.86583034033501,133,0,184,683,0,0,0,857,recovery,878
17.870604119045925,133,0,183,684,0,0,0,857,recovery,405
17.871358967576683,133,0,182,685,0,0,0,857,recovery,910
17.90307671188603,133,0,181,686,0,0,0,857,recovery,686
17.903559372328576,133,0,180,687,0,0,0,857,recovery,490
17.90660047659528,133,0,179,688,0,0,0,857,recovery,338
17.98227958835726,133,0,178,689,0,0,0,857,recovery,509
18.013519235829833,133,0,177,690,0,0,0,857,recovery,218
18.026035175162562,133,0,176,691,0,0,0,857,recovery,419
18.053259588280188,133,0,175,692,0,0,0,857,recovery,122
18.078030059775983,133,0,174,693,0,0,0,857,recovery,567
18.08733950610411,133,0,173,694,0,0,0,857,recovery,328
18.096442773121233,132,0,174,694,0,0,0,858,infection,199
18.118119865701104,132,0,173,695,0,0,0,858,recovery,441
18.210319805856898,132,0,172,696,0,0,0,858,recovery,454
18.210930020657507,132,0,171,697,0,0,0,858,recovery,776
18.211249955886,131,0,172,697,0,0,0,859,infection,105
18.21309511564575,131,0,171,698,0,0,0,859,recovery,781
18.22783276203065,131,0,170,699,0,0,0,859,recovery,370
18.237192984202366,131,0,169,700,0,0,0,859,recovery,972
18.245950524975616,131,0,168,701,0,0,0,859,recovery,41
18.24940483956759,130,0,169,701,0,0,0,860,infection,228
18.27702894907278,129,0,170,701,0,0,0,861,infection,164
18.288776685859787,129,0,169,702,0,0,0,861,recovery,269
18.331883068857746,129,0,168,703,0,0,0,861,recovery,685
18.344198621255234,128,0,169,703,0,0,0,862,infection,204
18.34472787912472,128,0,168,704,0,0,0,862,recovery,177
18.36055096813251,127,0,169,704,0,0,0,863,infection,970
18.402462152206148,127,0,168,705,0,0,0,863,recovery,126
18.415072298586484,127,0,167,706,0,0,0,863,recovery,983
18.426679205435263,126,0,168,706,0,0,0,864,infection,467
18.431803839422713,126,0,167,707,0,0,0,864,recovery,892
18.432546032259555,126,0,166,708,0,0,0,864,recovery,251
18.43691853921563,126,0,165,709,0,0,0,864,recovery,376
18.443684467811686,126,0,164,710,0,0,0,864,recovery,463
18.445169941222865,126,0,163,711,0,0,0,864,recovery,823
18.477239224420927,126,0,162,712,0,0,0,864,recovery,105
18.4857142101009,126,0,161,713,0,0,0,864,recovery,233
18.49687101855933,126,0,160,714,0,0,0,864,recovery,178
18.511937973587468,126,0,159,715,0,0,0,864,recovery,421
18.51700248064447,126,0,158,716,0,0,0,864,recovery,665
18.54163968859227,125,0,159,716,0,0,0,865,infection,79
18.56069243656624,124,0,160,716,0,0,0,866,infection,5
18.611691279585408,124,0,159,717,0,0,0,866,recovery,234
18.614442832090877,124,0,158,718,0,0,0,866,recovery,838
18.621760721599163,124,0,157,719,0,0,0,866,recovery,600
18.627746374354828,123,0,158,719,0,0,0,867,infection,262
18.669710758294805,123,0,157,720,0,0,0,867,recovery,626
18.6743517728599,123,0,156,721,0,0,0,867,recovery,526
18.70045663068183,122,0,157,721,0,0,0,868,infection,798
18.72496745252962,122,0,156,722,0,0,0,868,recovery,825
18.741358061518977,122,0,155,723,0,0,0,868,recovery,801
18.743738997046435,122,0,154,724,0,0,0,868,recovery,455
18.752453160138664,122,0,153,725,0,0,0,868,recovery,278
18.762949803045707,122,0,152,726,0,0,0,868,recovery,33
18.836460112881216,122,0,151,727,0,0,0,868,recovery,199
18.84127647346258,122,0,150,728,0,0,0,868,recovery,296
18.87346711337826,122,0,149,729,0,0,0,868,recovery,16
18.889074291070347,122,0,148,730,0,0,0,868,recovery,623
18.89734055498503,122,0,147,731,0,0,0,868,recovery,412
18.933456366907954,121,0,148,731,0,0,0,869,infection,576
18.963140429866414,120,0,149,731,0,0,0,870,infection,106
18.972770369757768,120,0,148,732,0,0,0,870,recovery,499
18.980794605551313,120,0,147,733,0,0,0,870,recovery,265
18.983282213990705,119,0,148,733,0,0,0,871,infection,287
19.01220791905523,119,0,147,734,0,0,0,871,recovery,456
19.017407105453756,119,0,146,735,0,0,0,871,recovery,356
19.059543946362947,119,0,145,736,0,0,0,871,recovery,896
19.10529055641448,118,0,146,736,0,0,0,872,infection,362
19.113820588249126,118,0,145,737,0,0,0,872,recovery,81
19.14623357840373,118,0,144,738,0,0,0,872,recovery,515
19.147865141018364,117,0,145,738,0,0,0,873,infection,864
19.14811602502808,117,0,144,739,0,0,0,873,recovery,55
19.16821137583486,117,0,143,740,0,0,0,873,recovery,402
19.174550404934234,117,0,142,741,0,0,0,873,recovery,344
19.182407778381364,117,0,141,742,0,0,0,873,recovery,713
19.194570175796976,117,0,140,743,0,0,0,873,recovery,98
19.20370730860157,116,0,141,743,0,0,0,874,infection,258
19.212961640038017,115,0,142,743,0,0,0,875,infection,359
19.30435290771069,115,0,141,744,0,0,0,875,recovery,413
19.33987054595972,115,0,140,745,0,0,0,875,recovery,363
19.349171947694956,115,0,139,746,0,0,0,875,recovery,969
19.358075176157424,114,0,140,746,0,0,0,876,infection,824
19.38208511132157,114,0,139,747,0,0,0,876,recovery,71
19.41678178240928,114,0,138,748,0,0,0,876,recovery,564
19.41756564098644,114,0,137,749,0,0,0,876,recovery,184
19.451892226108235,114,0,136,750,0,0,0,876,recovery,651
19.511930525020766,114,0,135,751,0,0,0,876,recovery,158
19.558058462174458,113,0,136,751,0,0,0,877,infection,270
19.573473952274863,113,0,135,752,0,0,0,877,recovery,782
19.605515779427122,113,0,134,753,0,0,0,877,recovery,262
19.613913082520956,113,0,133,754,0,0,0,877,recovery,23
19.618945939009823,113,0,132,755,0,0,0,877,recovery,97
19.690950324063873,113,0,131,756,0,0,0,877,recovery,187
19.775399419318063,113,0,130,757,0,0,0,877,recovery,359
19.813192355934117,112,0,131,757,0,0,0,878,infection,678
19.831220581514053,112,0,130,758,0,0,0,878,recovery,104
19.86949250721811,112,0,129,759,0,0,0,878,recovery,937
19.870980956976894,112,0,128,760,0,0,0,878,recovery,468
19.877586149762678,112,0,127,761,0,0,0,878,recovery,970
19.88756604291653,112,0,126,762,0,0,0,878,recovery,507
19.909780766493974,111,0,127,762,0,0,0,879,infection,908
19.939004063808227,111,0,126,763,0,0,0,879,recovery,335
19.963820597969743,110,0,127,763,0,0,0,880,infection,113
19.966611578883604,109,0,128,763,0,0,0,881,infection,512
19.98469669984036,109,0,127,764,0,0,0,881,recovery,62
20.01652126713918,109,0,126,765,0,0,0,881,recovery,678
20.09085151303369,108,0,127,765,0,0,0,882,infection,962
20.11766125975191,108,0,126,766,0,0,0,882,recovery,908
20.158598675860603,108,0,125,767,0,0,0,882,recovery,798
20.18205690927844,108,0,124,768,0,0,0,882,recovery,270
20.185408649354926,108,0,123,769,0,0,0,882,recovery,164
20.189261168716342,108,0,122,770,0,0,0,882,recovery,428
20.20109173731365,108,0,121,771,0,0,0,882,recovery,249
20.215562087267223,108,0,120,772,0,0,0,882,recovery,619
20.22724908566853,107,0,121,772,0,0,0,883,infection,349
20.26831975744309,106,0,122,772,0,0,0,884,infection,435
20.271142530543024,106,0,121,773,0,0,0,884,recovery,462
20.2816659882865,106,0,120,774,0,0,0,884,recovery,708
20.30778904187219,106,0,119,775,0,0,0,884,recovery,352
20.348892072439547,105,0,120,775,0,0,0,885,infection,900
20.37159767437611,104,0,121,775,0,0,0,886,infection,794
20.376656352774805,104,0,120,776,0,0,0,886,recovery,958
20.383074870759906,103,0,121,776,0,0,0,887,infection,747
20.391013978330047,103,0,120,777,0,0,0,887,recovery,911
20.413187975916554,102,0,121,777,0,0,0,888,infection,646
20.42128255954817,101,0,122,777,0,0,0,889,infection,800
20.429173217891123,101,0,121,778,0,0,0,889,recovery,962
20.431209745305647,100,0,122,778,0,0,0,890,infection,575
20.50376264606851,100,0,121,779,0,0,0,890,recovery,868
20.52351852809825,100,0,120,780,0,0,0,890,recovery,847
20.562209371055594,100,0,119,781,0,0,0,890,recovery,833
20.577667047149028,100,0,118,782,0,0,0,890,recovery,467
20.61876975856386,100,0,117,783,0,0,0,890,recovery,800
20.66197467564721,100,0,116,784,0,0,0,890,recovery,256
20.679205440119972,99,0,117,784,0,0,0,891,infection,903
20.689121978791427,98,0,118,784,0,0,0,892,infection,38
20.69949054630987,98,0,117,785,0,0,0,892,recovery,162
20.717457019276743,98,0,116,786,0,0,0,892,recovery,703
20.73296129853998,97,0,117,786,0,0,0,893,infection,978
20.759442968783816,97,0,116,787,0,0,0,893,recovery,143
20.760173560101514,97,0,115,788,0,0,0,893,recovery,586
20.78480352521191,97,0,114,789,0,0,0,893,recovery,450
20.79377150287352,96,0,115,789,0,0,0,894,infection,872
20.794412829504896,96,0,114,790,0,0,0,894,recovery,974
20.816129049653846,96,0,113,791,0,0,0,894,recovery,183
20.818227673632233,96,0,112,792,0,0,0,894,recovery,747
20.85785921517447,96,0,111,793,0,0,0,894,recovery,258
20.885889484049237,96,0,110,794,0,0,0,894,recovery,544
20.891860678908838,96,0,109,795,0,0,0,894,recovery,292
20.90456131940164,96,0,108,796,0,0,0,894,recovery,38
20.90611314440923,95,0,109,796,0,0,0,895,infection,59
20.929380859593593,94,0,110,796,0,0,0,896,infection,938
20.950266168839832,94,0,109,797,0,0,0,896,recovery,308
21.03477937571487,94,0,108,798,0,0,0,896,recovery,83
21.063029835957224,94,0,107,799,0,0,0,896,recovery,340
21.17064688778928,94,0,106,800,0,0,0,896,recovery,349
21.202898674069168,93,0,107,800,0,0,0,897,infection,154
21.224172954826425,93,0,106,801,0,0,0,897,recovery,918
21.22527503461722,93,0,105,802,0,0,0,897,recovery,542
21.294458194781225,93,0,104,803,0,0,0,897,recovery,890
21.325293092168415,92,0,105,803,0,0,0,898,infection,804
21.340453890640006,91,0,106,803,0,0,0,899,infection,29
21.345363042192815,91,0,105,804,0,0,0,899,recovery,872
21.372826287481217,90,0,106,804,0,0,0,900,infection,769
21.398644191370586,90,0,105,805,0,0,0,900,recovery,862
21.517116418380894,90,0,104,806,0,0,0,900,recovery,202
21.52531899207605,90,0,103,807,0,0,0,900,recovery,228
21.54295044874855,90,0,102,808,0,0,0,900,recovery,548
21.56060447908303,90,0,101,809,0,0,0,900,recovery,293
21.57826102048644,90,0,100,810,0,0,0,900,recovery,426
21.633047271069692,90,0,99,811,0,0,0,900,recovery,435
21.703950730638457,89,0,100,811,0,0,0,901,infection,710
21.708951271705565,89,0,99,812,0,0,0,901,recovery,617
21.796838375634813,89,0,98,813,0,0,0,901,recovery,291
21.798103275871433,89,0,97,814,0,0,0,901,recovery,336
21.80694357165141,89,0,96,815,0,0,0,901,recovery,746
21.813493518855545,89,0,95,816,0,0,0,901,recovery,59
21.844002416495968,89,0,94,817,0,0,0,901,recovery,802
21.848782760863795,88,0,95,817,0,0,0,902,infection,320
21.868063477132566,88,0,94,818,0,0,0,902,recovery,31
21.872429335522362,88,0,93,819,0,0,0,902,recovery,793
21.88442549945001,88,0,92,820,0,0,0,902,recovery,559
22.14527341375566,88,0,91,821,0,0,0,902,recovery,821
22.16155437107258,88,0,90,822,0,0,0,902,recovery,152
22.16320122668729,88,0,89,823,0,0,0,902,recovery,903
22.18459523192314,88,0,88,824,0,0,0,902,recovery,434
22.23939112663351,88,0,87,825,0,0,0,902,recovery,729
22.283529803449348,88,0,86,826,0,0,0,902,recovery,598
22.287779510732022,88,0,85,827,0,0,0,902,recovery,273
22.34302657262033,88,0,84,828,0,0,0,902,recovery,220
22.43299319974822,88,0,83,829,0,0,0,902,recovery,512
22.43830148132038,88,0,82,830,0,0,0,902,recovery,384
22.459927324961768,88,0,81,831,0,0,0,902,recovery,780
22.469120356464842,87,0,82,831,0,0,0,903,infection,66
22.502356844753635,87,0,81,832,0,0,0,903,recovery,975
22.506485504047383,87,0,80,833,0,0,0,903,recovery,362
22.581687243803994,86,0,81,833,0,0,0,904,infection,211
22.63025937340872,86,0,80,834,0,0,0,904,recovery,5
22.76993457050443,86,0,79,835,0,0,0,904,recovery,11
22.77966908646131,86,0,78,836,0,0,0,904,recovery,61
22.870998128137952,86,0,77,837,0,0,0,904,recovery,615
22.904080054613544,85,0,78,837,0,0,0,905,infection,117
22.968600126875913,85,0,77,838,0,0,0,905,recovery,186
22.988560649491912,84,0,78,838,0,0,0,906,infection,78
23.01040952939695,84,0,77,839,0,0,0,906,recovery,66
23.073484390584163,84,0,76,840,0,0,0,906,recovery,900
23.12988189685599,84,0,75,841,0,0,0,906,recovery,944
23.1347152834003,84,0,74,842,0,0,0,906,recovery,938
23.169190962657538,84,0,73,843,0,0,0,906,recovery,343
23.202414644896866,84,0,72,844,0,0,0,906,recovery,752
23.21204010948743,84,0,71,845,0,0,0,906,recovery,109
23.28651738224416,84,0,70,846,0,0,0,906,recovery,30
23.327103117491678,84,0,69,847,0,0,0,906,recovery,287
23.533837979740092,84,0,68,848,0,0,0,906,recovery,855
23.7409291550987,84,0,67,849,0,0,0,906,recovery,95
23.778580287703615,84,0,66,850,0,0,0,906,recovery,674
23.848770334342685,83,0,67,850,0,0,0,907,infection,732
23.850062470954754,83,0,66,851,0,0,0,907,recovery,211
23.850747882760952,83,0,65,852,0,0,0,907,recovery,814
23.877626560701074,83,0,64,853,0,0,0,907,recovery,769
23.890407581768713,83,0,63,854,0,0,0,907,recovery,663
23.954400793837387,83,0,62,855,0,0,0,907,recovery,884
23.978974355602965,83,0,61,856,0,0,0,907,recovery,79
24.075625224416534,83,0,60,857,0,0,0,907,recovery,731
24.118383100331375,82,0,61,857,0,0,0,908,infection,656
24.121464361563685,81,0,62,857,0,0,0,909,infection,588
24.1381726423752,81,0,61,858,0,0,0,909,recovery,879
24.164798571497855,81,0,60,859,0,0,0,909,recovery,204
24.176587303182767,81,0,59,860,0,0,0,909,recovery,470
24.267278064394695,81,0,58,861,0,0,0,909,recovery,237
24.31633054561358,81,0,57,862,0,0,0,909,recovery,154
24.357490809433223,81,0,56,863,0,0,0,909,recovery,127
24.438825621037157,81,0,55,864,0,0,0,909,recovery,732
24.44076861461226,81,0,54,865,0,0,0,909,recovery,106
24.568354016774144,81,0,53,866,0,0,0,909,recovery,967
24.587828725281472,81,0,52,867,0,0,0,909,recovery,815
24.610081466666053,81,0,51,868,0,0,0,909,recovery,627
24.628995150952612,81,0,50,869,0,0,0,909,recovery,208
24.650366953765065,81,0,49,870,0,0,0,909,recovery,824
24.659211932862704,81,0,48,871,0,0,0,909,recovery,753
24.677678319382704,81,0,47,872,0,0,0,909,recovery,744
24.747058958882388,81,0,46,873,0,0,0,909,recovery,596
24.77086553307411,81,0,45,874,0,0,0,909,recovery,248
24.781348554700884,81,0,44,875,0,0,0,909,recovery,481
24.816070741272718,81,0,43,876,0,0,0,909,recovery,25
24.861354950179233,81,0,42,877,0,0,0,909,recovery,29
24.899246158798626,81,0,41,878,0,0,0,909,recovery,117
24.932896189550217,81,0,40,879,0,0,0,909,recovery,656
25.08176056601545,80,0,41,879,0,0,0,910,infection,770
25.089276317759882,79,0,42,879,0,0,0,911,infection,621
25.15943559375822,78,0,43,879,0,0,0,912,infection,895
25.394523946781412,78,0,42,880,0,0,0,912,recovery,662
25.47942475713631,78,0,41,881,0,0,0,912,recovery,588
25.479581621859264,78,0,40,882,0,0,0,912,recovery,895
25.515486801520986,77,0,41,882,0,0,0,913,infection,147
25.52268818960976,76,0,42,882,0,0,0,914,infection,642
25.62377751251922,76,0,41,883,0,0,0,914,recovery,351
25.808050727395962,76,0,40,884,0,0,0,914,recovery,491
25.863159357451547,76,0,39,885,0,0,0,914,recovery,476
25.890686896997202,76,0,38,886,0,0,0,914,recovery,835
25.94058111788466,76,0,37,887,0,0,0,914,recovery,788
26.00708617968568,76,0,36,888,0,0,0,914,recovery,78
26.08739033555395,76,0,35,889,0,0,0,914,recovery,113
26.138789763274232,76,0,34,890,0,0,0,914,recovery,443
26.221513904437963,76,0,33,891,0,0,0,914,recovery,380
26.33316008061718,75,0,34,891,0,0,0,915,infection,675
26.446964551885536,75,0,33,892,0,0,0,915,recovery,520
26.516516846709102,75,0,32,893,0,0,0,915,recovery,528
26.63212036965193,75,0,31,894,0,0,0,915,recovery,558
26.63466101919287,75,0,30,895,0,0,0,915,recovery,770
26.649762445195325,75,0,29,896,0,0,0,915,recovery,272
26.691199124442655,75,0,28,897,0,0,0,915,recovery,902
26.734797631574335,75,0,27,898,0,0,0,915,recovery,147
27.030691357771296,75,0,26,899,0,0,0,915,recovery,755
27.071554149073478,75,0,25,900,0,0,0,915,recovery,284
27.161224890867445,75,0,24,901,0,0,0,915,recovery,646
27.71248149098455,75,0,23,902,0,0,0,915,recovery,979
27.737767220508083,75,0,22,903,0,0,0,915,recovery,576
27.76014142721083,75,0,21,904,0,0,0,915,recovery,758
27.761025645899792,75,0,20,905,0,0,0,915,recovery,762
27.865642316415702,75,0,19,906,0,0,0,915,recovery,864
27.87412573995769,74,0,20,906,0,0,0,916,infection,723
27.90059394425961,73,0,21,906,0,0,0,917,infection,302
28.071304146348098,73,0,20,907,0,0,0,917,recovery,710
28.18776009086794,73,0,19,908,0,0,0,917,recovery,302
28.29573052295691,73,0,18,909,0,0,0,917,recovery,179
28.509060304673536,72,0,19,909,0,0,0,918,infection,498
28.771053914824897,72,0,18,910,0,0,0,918,recovery,213
28.807344789671557,72,0,17,911,0,0,0,918,recovery,621
29.046051018451198,72,0,16,912,0,0,0,918,recovery,137
29.086362091192804,72,0,15,913,0,0,0,918,recovery,804
29.157910099402933,72,0,14,914,0,0,0,918,recovery,320
29.32481830888142,72,0,13,915,0,0,0,918,recovery,54
29.57444687812918,72,0,12,916,0,0,0,918,recovery,978
29.793214810358318,72,0,11,917,0,0,0,918,recovery,575
30.08267530433692,71,0,12,917,0,0,0,919,infection,283
30.114423901621002,71,0,11,918,0,0,0,919,recovery,642
30.137258230177856,70,0,12,918,0,0,0,920,infection,453
30.22390996638793,70,0,11,919,0,0,0,920,recovery,432
31.12607804183736,70,0,10,920,0,0,0,920,recovery,714
31.197600569819667,70,0,9,921,0,0,0,920,recovery,894
31.337783410504393,70,0,8,922,0,0,0,920,recovery,522
32.035104981610324,70,0,7,923,0,0,0,920,recovery,723
32.77434324589672,70,0,6,924,0,0,0,920,recovery,283
33.809352451162574,70,0,5,925,0,0,0,920,recovery,751
37.66090778336668,70,0,4,926,0,0,0,920,recovery,675
38.65426587909212,70,0,3,927,0,0,0,920,recovery,498
39.07653501846542,70,0,2,928,0,0,0,920,recovery,794
40.0,70,0,2,928,0,0,0,920,horizon,0
