t,S,E,I,R,births,deaths,vaccinated,infections,event,person
0.0,990,0,10,0,0,0,0,0,initial,0
0.02438749703634791,989,0,11,0,0,0,0,1,infection,518
0.025942563478191825,988,0,12,0,0,0,0,2,infection,3
0.08724639748541235,987,0,13,0,0,0,0,3,infection,150
0.14150792991978453,986,0,14,0,0,0,0,4,infection,229
0.16720962332230532,986,0,13,1,0,0,0,4,recovery,991
0.3026789178701812,985,0,14,1,0,0,0,5,infection,21
0.33425941507005896,984,0,15,1,0,0,0,6,infection,730
0.5997583509721229,983,0,16,1,0,0,0,7,infection,580
0.712884795148504,982,0,17,1,0,0,0,8,infection,475
0.7721453847622912,982,0,16,2,0,0,0,8,recovery,730
0.8172553405614329,981,0,17,2,0,0,0,9,infection,350
0.8687800511714252,981,0,16,3,0,0,0,9,recovery,998
0.9506003680601224,980,0,17,3,0,0,0,10,infection,643
1.0710140561576338,979,0,18,3,0,0,0,11,infection,695
1.104318996810844,978,0,19,3,0,0,0,12,infection,833
1.182550744086242,977,0,20,3,0,0,0,13,infection,238
1.2143271974244538,976,0,21,3,0,0,0,14,infection,649
1.2204957498257714,976,0,20,4,0,0,0,14,recovery,649
1.2449463642094458,975,0,21,4,0,0,0,15,infection,49
1.2605753886908473,974,0,22,4,0,0,0,16,infection,417
1.2928936626498424,973,0,23,4,0,0,0,17,infection,298
1.318168580989461,972,0,24,4,0,0,0,18,infection,111
1.4092219926941083,971,0,25,4,0,0,0,19,infection,138
1.4177735329896433,970,0,26,4,0,0,0,20,infection,55
1.4451813466228827,969,0,27,4,0,0,0,21,infection,458
1.472131579349212,969,0,26,5,0,0,0,21,recovery,55
1.4748163772434553,968,0,27,5,0,0,0,22,infection,773
1.611767254749178,967,0,28,5,0,0,0,23,infection,772
1.661042754329884,966,0,29,5,0,0,0,24,infection,472
1.6716226713992748,966,0,28,6,0,0,0,24,recovery,994
1.679524200858866,965,0,29,6,0,0,0,25,infection,640
1.7071144953827864,965,0,28,7,0,0,0,25,recovery,993
1.7121345242003905,965,0,27,8,0,0,0,25,recovery,238
1.7448213563276962,964,0,28,8,0,0,0,26,infection,39
1.7598467936582896,963,0,29,8,0,0,0,27,infection,67
1.762500327874166,962,0,30,8,0,0,0,28,infection,397
1.7780771261602415,961,0,31,8,0,0,0,29,infection,338
1.82956611889493,960,0,32,8,0,0,0,30,infection,511
1.86632753018056,960,0,31,9,0,0,0,30,recovery,695
1.8766032664367847,959,0,32,9,0,0,0,31,infection,612
1.9347580480535282,958,0,33,9,0,0,0,32,infection,753
1.9981567797182918,957,0,34,9,0,0,0,33,infection,362
2.0167338402002004,956,0,35,9,0,0,0,34,infection,45
2.0175231218444925,955,0,36,9,0,0,0,35,infection,36
2.040888763295053,955,0,35,10,0,0,0,35,recovery,753
2.047602880352749,954,0,36,10,0,0,0,36,infection,689
2.1015399877812886,954,0,35,11,0,0,0,36,recovery,21
2.108555191238232,953,0,36,11,0,0,0,37,infection,455
2.139185666321263,952,0,37,11,0,0,0,38,infection,10
2.140720294101187,952,0,36,12,0,0,0,38,recovery,997
2.141850891681887,951,0,37,12,0,0,0,39,infection,685
2.1857405761809194,950,0,38,12,0,0,0,40,infection,311
2.1987815885487327,950,0,37,13,0,0,0,40,recovery,580
2.199109843758158,949,0,38,13,0,0,0,41,infection,859
2.2414948359615536,948,0,39,13,0,0,0,42,infection,14
2.2419941650401047,947,0,40,13,0,0,0,43,infection,405
2.360669888798177,946,0,41,13,0,0,0,44,infection,18
2.4147781246869218,945,0,42,13,0,0,0,45,infection,378
2.4512042303875057,944,0,43,13,0,0,0,46,infection,631
2.4715206517881185,944,0,42,14,0,0,0,46,recovery,996
2.5004578190077913,943,0,43,14,0,0,0,47,infection,505
2.5033469488609987,942,0,44,14,0,0,0,48,infection,227
2.520190616572431,942,0,43,15,0,0,0,48,recovery,350
2.532381506594382,941,0,44,15,0,0,0,49,infection,681
2.5494080052158026,940,0,45,15,0,0,0,50,infection,179
2.5518017506266606,939,0,46,15,0,0,0,51,infection,800
2.5831435636268263,938,0,47,15,0,0,0,52,infection,529
2.591179863676937,937,0,48,15,0,0,0,53,infection,331
2.595010209160018,936,0,49,15,0,0,0,54,infection,393
2.6664706124031508,936,0,48,16,0,0,0,54,recovery,393
2.687927861396882,935,0,49,16,0,0,0,55,infection,819
2.727786284733897,934,0,50,16,0,0,0,56,infection,777
2.739496428122554,934,0,49,17,0,0,0,56,recovery,995
2.7442053385787064,933,0,50,17,0,0,0,57,infection,707
2.8150558522834204,932,0,51,17,0,0,0,58,infection,625
2.8314662016717587,931,0,52,17,0,0,0,59,infection,92
2.8894606251447454,930,0,53,17,0,0,0,60,infection,688
2.8925654896509694,929,0,54,17,0,0,0,61,infection,768
2.902020713974546,928,0,55,17,0,0,0,62,infection,563
2.9053222924516104,927,0,56,17,0,0,0,63,infection,54
2.921791019435979,926,0,57,17,0,0,0,64,infection,676
2.9456723321818603,925,0,58,17,0,0,0,65,infection,316
2.9514159115310137,924,0,59,17,0,0,0,66,infection,545
2.9636284585659225,923,0,60,17,0,0,0,67,infection,388
2.9687271458117066,922,0,61,17,0,0,0,68,infection,711
3.001826017285097,921,0,62,17,0,0,0,69,infection,709
3.010908962877806,920,0,63,17,0,0,0,70,infection,452
3.0135544086166006,919,0,64,17,0,0,0,71,infection,301
3.0230651403973754,918,0,65,17,0,0,0,72,infection,280
3.0488975482314733,918,0,64,18,0,0,0,72,recovery,640
3.0505572077044802,917,0,65,18,0,0,0,73,infection,588
3.0514220776449488,916,0,66,18,0,0,0,74,infection,872
3.077725670664965,916,0,65,19,0,0,0,74,recovery,3
3.105025250653218,915,0,66,19,0,0,0,75,infection,164
3.1164095769975892,914,0,67,19,0,0,0,76,infection,201
3.1281668723099854,913,0,68,19,0,0,0,77,infection,447
3.136995080644951,913,0,67,20,0,0,0,77,recovery,10
3.1699765214074085,912,0,68,20,0,0,0,78,infection,76
3.2118828072874464,911,0,69,20,0,0,0,79,infection,778
3.2272375559682014,910,0,70,20,0,0,0,80,infection,307
3.2333497337752073,909,0,71,20,0,0,0,81,infection,27
3.2533902775885974,909,0,70,21,0,0,0,81,recovery,643
3.2661255142850423,908,0,71,21,0,0,0,82,infection,942
3.276193222545171,907,0,72,21,0,0,0,83,infection,585
3.3242191124766522,907,0,71,22,0,0,0,83,recovery,92
3.355066828115075,907,0,70,23,0,0,0,83,recovery,39
3.380861047438945,906,0,71,23,0,0,0,84,infection,313
3.475588521420493,905,0,72,23,0,0,0,85,infection,160
3.487182390116564,905,0,71,24,0,0,0,85,recovery,992
3.5186840201286578,904,0,72,24,0,0,0,86,infection,115
3.518741964446729,903,0,73,24,0,0,0,87,infection,971
3.5208468132652673,902,0,74,24,0,0,0,88,infection,324
3.5637538410342513,901,0,75,24,0,0,0,89,infection,288
3.5704315563872133,900,0,76,24,0,0,0,90,infection,734
3.586143648899647,899,0,77,24,0,0,0,91,infection,154
3.589100265190635,899,0,76,25,0,0,0,91,recovery,709
3.597267169877128,899,0,75,26,0,0,0,91,recovery,452
3.6029294475829032,898,0,76,26,0,0,0,92,infection,700
3.6141061367764444,897,0,77,26,0,0,0,93,infection,552
3.6166257656768073,897,0,76,27,0,0,0,93,recovery,689
3.6494845504332356,896,0,77,27,0,0,0,94,infection,339
3.660509357456964,895,0,78,27,0,0,0,95,infection,965
3.662916085817909,894,0,79,27,0,0,0,96,infection,477
3.674319357408506,893,0,80,27,0,0,0,97,infection,166
3.6785665270262395,892,0,81,27,0,0,0,98,infection,422
3.6962608712056015,891,0,82,27,0,0,0,99,infection,274
3.701828952088047,890,0,83,27,0,0,0,100,infection,169
3.710033827057522,889,0,84,27,0,0,0,101,infection,80
3.737294550821818,888,0,85,27,0,0,0,102,infection,474
3.7388528771561,887,0,86,27,0,0,0,103,infection,91
3.74437276632799,886,0,87,27,0,0,0,104,infection,820
3.746016168211526,885,0,88,27,0,0,0,105,infection,408
3.749292520424362,884,0,89,27,0,0,0,106,infection,492
3.7591058976703904,884,0,88,28,0,0,0,106,recovery,1000
3.7613076379310293,883,0,89,28,0,0,0,107,infection,507
3.7623141851183606,882,0,90,28,0,0,0,108,infection,677
3.8003290584853655,882,0,89,29,0,0,0,108,recovery,545
3.814345413171705,881,0,90,29,0,0,0,109,infection,972
3.821378516992713,880,0,91,29,0,0,0,110,infection,955
3.88185289315589,879,0,92,29,0,0,0,111,infection,208
3.888975478138037,878,0,93,29,0,0,0,112,infection,4
3.9147432322246467,878,0,92,30,0,0,0,112,recovery,18
3.915919535233772,877,0,93,30,0,0,0,113,infection,98
3.934082303081466,876,0,94,30,0,0,0,114,infection,486
3.9393791375191,875,0,95,30,0,0,0,115,infection,206
3.948464378869782,875,0,94,31,0,0,0,115,recovery,552
3.9711248671938164,874,0,95,31,0,0,0,116,infection,661
3.9774681393648965,873,0,96,31,0,0,0,117,infection,469
3.991915465930934,873,0,95,32,0,0,0,117,recovery,405
3.995109874299758,872,0,96,32,0,0,0,118,infection,476
4.018292526812027,871,0,97,32,0,0,0,119,infection,389
4.026004558627781,871,0,96,33,0,0,0,119,recovery,469
4.0274169986088735,870,0,97,33,0,0,0,120,infection,487
4.037334201402593,870,0,96,34,0,0,0,120,recovery,631
4.037964833760048,869,0,97,34,0,0,0,121,infection,877
4.04420154569867,869,0,96,35,0,0,0,121,recovery,955
4.057608960743428,868,0,97,35,0,0,0,122,infection,666
4.059462668738122,867,0,98,35,0,0,0,123,infection,802
4.073048701700469,866,0,99,35,0,0,0,124,infection,162
4.078937753570313,865,0,100,35,0,0,0,125,infection,462
4.079542526928675,865,0,99,36,0,0,0,125,recovery,313
4.083044937805605,865,0,98,37,0,0,0,125,recovery,800
4.085320577682901,864,0,99,37,0,0,0,126,infection,651
4.086346441975298,864,0,98,38,0,0,0,126,recovery,169
4.095341445682348,863,0,99,38,0,0,0,127,infection,547
4.110159624179333,862,0,100,38,0,0,0,128,infection,390
4.111905403400902,861,0,101,38,0,0,0,129,infection,342
4.140114411580968,860,0,102,38,0,0,0,130,infection,116
4.148738828116082,859,0,103,38,0,0,0,131,infection,882
4.1507645349857905,858,0,104,38,0,0,0,132,infection,220
4.1750487829392045,858,0,103,39,0,0,0,132,recovery,307
4.181366435776561,857,0,104,39,0,0,0,133,infection,947
4.1899860370319475,856,0,105,39,0,0,0,134,infection,553
4.21570808114847,855,0,106,39,0,0,0,135,infection,266
4.218757824898572,855,0,105,40,0,0,0,135,recovery,563
4.234379588802055,854,0,106,40,0,0,0,136,infection,935
4.2368342022114325,853,0,107,40,0,0,0,137,infection,28
4.23694277694092,852,0,108,40,0,0,0,138,infection,424
4.237826171819699,852,0,107,41,0,0,0,138,recovery,486
4.241218541668419,852,0,106,42,0,0,0,138,recovery,529
4.245871849006079,852,0,105,43,0,0,0,138,recovery,677
4.251278288462566,851,0,106,43,0,0,0,139,infection,129
4.2586644258485835,850,0,107,43,0,0,0,140,infection,757
4.2601866535739115,850,0,106,44,0,0,0,140,recovery,362
4.275202115696732,849,0,107,44,0,0,0,141,infection,128
4.280893694364366,848,0,108,44,0,0,0,142,infection,758
4.290856668351666,847,0,109,44,0,0,0,143,infection,374
4.299326892836611,846,0,110,44,0,0,0,144,infection,527
4.299721154698652,845,0,111,44,0,0,0,145,infection,70
4.308892838596805,844,0,112,44,0,0,0,146,infection,584
4.314397502760089,843,0,113,44,0,0,0,147,infection,761
4.3242149141616535,842,0,114,44,0,0,0,148,infection,989
4.378668705072197,841,0,115,44,0,0,0,149,infection,718
4.386783073341901,840,0,116,44,0,0,0,150,infection,343
4.386849183863184,840,0,115,45,0,0,0,150,recovery,266
4.399867399918829,839,0,116,45,0,0,0,151,infection,641
4.401059927146854,839,0,115,46,0,0,0,151,recovery,338
4.417658852062939,839,0,114,47,0,0,0,151,recovery,492
4.419713198828006,838,0,115,47,0,0,0,152,infection,268
4.428778698289736,837,0,116,47,0,0,0,153,infection,836
4.433375528260288,836,0,117,47,0,0,0,154,infection,856
4.442502866293452,835,0,118,47,0,0,0,155,infection,198
4.462837333179965,834,0,119,47,0,0,0,156,infection,663
4.47897107816527,833,0,120,47,0,0,0,157,infection,490
4.519360420063516,833,0,119,48,0,0,0,157,recovery,198
4.530225213328401,832,0,120,48,0,0,0,158,infection,231
4.539871401212456,831,0,121,48,0,0,0,159,infection,708
4.543424495148758,830,0,122,48,0,0,0,160,infection,403
4.545306186421854,830,0,121,49,0,0,0,160,recovery,472
4.546439082765947,829,0,122,49,0,0,0,161,infection,394
4.566701594820465,828,0,123,49,0,0,0,162,infection,791
4.571745344857876,827,0,124,49,0,0,0,163,infection,683
4.571811030817903,827,0,123,50,0,0,0,163,recovery,311
4.5744890084029874,826,0,124,50,0,0,0,164,infection,976
4.581288433843295,825,0,125,50,0,0,0,165,infection,295
4.583734579662659,825,0,124,51,0,0,0,165,recovery,288
4.592501771880563,825,0,123,52,0,0,0,165,recovery,417
4.595407294302197,824,0,124,52,0,0,0,166,infection,949
4.620151803367751,823,0,125,52,0,0,0,167,infection,17
4.624187136933613,823,0,124,53,0,0,0,167,recovery,999
4.634597029102972,823,0,123,54,0,0,0,167,recovery,458
4.6666611823973065,822,0,124,54,0,0,0,168,infection,575
4.666927265629154,822,0,123,55,0,0,0,168,recovery,298
4.6751270014787725,821,0,124,55,0,0,0,169,infection,290
4.683265562387457,821,0,123,56,0,0,0,169,recovery,206
4.684141435667023,821,0,122,57,0,0,0,169,recovery,116
4.694219456618827,820,0,123,57,0,0,0,170,infection,848
4.696874112615117,820,0,122,58,0,0,0,170,recovery,36
4.706602774904594,820,0,121,59,0,0,0,170,recovery,424
4.709329975695621,819,0,122,59,0,0,0,171,infection,163
4.710941218242321,818,0,123,59,0,0,0,172,infection,593
4.714249312689113,817,0,124,59,0,0,0,173,infection,431
4.718307078435879,817,0,123,60,0,0,0,173,recovery,201
4.725454536277157,816,0,124,60,0,0,0,174,infection,232
4.741659406145506,815,0,125,60,0,0,0,175,infection,940
4.742477426582312,815,0,124,61,0,0,0,175,recovery,160
4.769507383584904,814,0,125,61,0,0,0,176,infection,497
4.784997141170977,814,0,124,62,0,0,0,176,recovery,475
4.792721755234862,813,0,125,62,0,0,0,177,infection,798
4.799723289849626,812,0,126,62,0,0,0,178,infection,412
4.811573111083232,811,0,127,62,0,0,0,179,infection,805
4.8189001981525115,811,0,126,63,0,0,0,179,recovery,661
4.831012412738726,810,0,127,63,0,0,0,180,infection,480
4.852475850077658,810,0,126,64,0,0,0,180,recovery,505
4.8530234167463675,809,0,127,64,0,0,0,181,infection,893
4.855901182439061,808,0,128,64,0,0,0,182,infection,193
4.856077912460292,808,0,127,65,0,0,0,182,recovery,150
4.857137647136983,807,0,128,65,0,0,0,183,infection,565
4.867110568771629,806,0,129,65,0,0,0,184,infection,333
4.874184087875226,805,0,130,65,0,0,0,185,infection,108
4.897175763129927,804,0,131,65,0,0,0,186,infection,310
4.921907446585808,804,0,130,66,0,0,0,186,recovery,163
4.934102017899145,803,0,131,66,0,0,0,187,infection,347
4.939537151541956,803,0,130,67,0,0,0,187,recovery,76
4.967669146867008,802,0,131,67,0,0,0,188,infection,202
4.99885467047872,801,0,132,67,0,0,0,189,infection,892
5.022404518491461,800,0,133,67,0,0,0,190,infection,16
5.046099477789712,799,0,134,67,0,0,0,191,infection,197
5.048852640665482,798,0,135,67,0,0,0,192,infection,448
5.07163454446119,797,0,136,67,0,0,0,193,infection,152
5.0737779302880055,796,0,137,67,0,0,0,194,infection,858
5.074356538310058,795,0,138,67,0,0,0,195,infection,457
5.075980987648826,795,0,137,68,0,0,0,195,recovery,819
5.076101024109672,794,0,138,68,0,0,0,196,infection,823
5.078290735129789,793,0,139,68,0,0,0,197,infection,541
5.080823566342175,792,0,140,68,0,0,0,198,infection,535
5.09021179334136,791,0,141,68,0,0,0,199,infection,302
5.094820556656086,790,0,142,68,0,0,0,200,infection,946
5.1033153972148995,789,0,143,68,0,0,0,201,infection,530
5.1056064358717945,788,0,144,68,0,0,0,202,infection,603
5.106436591248925,787,0,145,68,0,0,0,203,infection,145
5.111407266271783,786,0,146,68,0,0,0,204,infection,694
5.113361877875798,786,0,145,69,0,0,0,204,recovery,965
5.1251307979908365,785,0,146,69,0,0,0,205,infection,528
5.126249494809256,784,0,147,69,0,0,0,206,infection,532
5.127628605578579,783,0,148,69,0,0,0,207,infection,293
5.137757838679411,782,0,149,69,0,0,0,208,infection,117
5.144093454944906,781,0,150,69,0,0,0,209,infection,132
5.147327089263085,781,0,149,70,0,0,0,209,recovery,778
5.151422647722274,780,0,150,70,0,0,0,210,infection,789
5.153124067647439,779,0,151,70,0,0,0,211,infection,621
5.154417604990032,779,0,150,71,0,0,0,211,recovery,231
5.160440797229183,778,0,151,71,0,0,0,212,infection,857
5.1609267016638265,777,0,152,71,0,0,0,213,infection,174
5.160931526913625,776,0,153,71,0,0,0,214,infection,336
5.175655348569054,775,0,154,71,0,0,0,215,infection,358
5.183852962706442,774,0,155,71,0,0,0,216,infection,51
5.191169359870154,774,0,154,72,0,0,0,216,recovery,374
5.210215960294168,774,0,153,73,0,0,0,216,recovery,532
5.223080462979746,773,0,154,73,0,0,0,217,infection,454
5.230202159415996,772,0,155,73,0,0,0,218,infection,319
5.230892374627752,771,0,156,73,0,0,0,219,infection,244
5.235489050475053,770,0,157,73,0,0,0,220,infection,118
5.23861550655566,770,0,156,74,0,0,0,220,recovery,820
5.245257884884303,769,0,157,74,0,0,0,221,infection,690
5.259269019788251,769,0,156,75,0,0,0,221,recovery,734
5.259750351874764,768,0,157,75,0,0,0,222,infection,246
5.263250842819901,767,0,158,75,0,0,0,223,infection,967
5.28303522450353,766,0,159,75,0,0,0,224,infection,803
5.284721027259096,765,0,160,75,0,0,0,225,infection,187
5.286345131250573,764,0,161,75,0,0,0,226,infection,590
5.291719040467539,763,0,162,75,0,0,0,227,infection,569
5.29232705077213,762,0,163,75,0,0,0,228,infection,943
5.297258575731363,762,0,162,76,0,0,0,228,recovery,295
5.3201065893415045,761,0,163,76,0,0,0,229,infection,524
5.326856182672879,761,0,162,77,0,0,0,229,recovery,197
5.332705796278861,760,0,163,77,0,0,0,230,infection,843
5.334498127225787,760,0,162,78,0,0,0,230,recovery,708
5.338281284280833,759,0,163,78,0,0,0,231,infection,514
5.356579275377595,759,0,162,79,0,0,0,231,recovery,290
5.361303084556745,759,0,161,80,0,0,0,231,recovery,621
5.3692480184611995,758,0,162,80,0,0,0,232,infection,211
5.372953024795358,757,0,163,80,0,0,0,233,infection,699
5.375982031267055,756,0,164,80,0,0,0,234,infection,363
5.382049755129669,755,0,165,80,0,0,0,235,infection,839
5.395725196783275,755,0,164,81,0,0,0,235,recovery,718
5.403713474086736,754,0,165,81,0,0,0,236,infection,283
5.4056838605342765,753,0,166,81,0,0,0,237,infection,479
5.41055446721951,752,0,167,81,0,0,0,238,infection,83
5.411358445674042,751,0,168,81,0,0,0,239,infection,567
5.411527499574508,751,0,167,82,0,0,0,239,recovery,310
5.41376240451713,750,0,168,82,0,0,0,240,infection,596
5.418814883594523,749,0,169,82,0,0,0,241,infection,315
5.425550007337797,748,0,170,82,0,0,0,242,infection,85
5.440506279878787,747,0,171,82,0,0,0,243,infection,50
5.445813213006371,746,0,172,82,0,0,0,244,infection,273
5.446937749337911,746,0,171,83,0,0,0,244,recovery,347
5.4502363790680945,745,0,172,83,0,0,0,245,infection,88
5.459977104294882,744,0,173,83,0,0,0,246,infection,821
5.4644328288171815,743,0,174,83,0,0,0,247,infection,90
5.467068774940673,743,0,173,84,0,0,0,247,recovery,45
5.469311343524945,743,0,172,85,0,0,0,247,recovery,497
5.484467810302477,743,0,171,86,0,0,0,247,recovery,942
5.486629679163452,742,0,172,86,0,0,0,248,infection,42
5.4968739490504905,742,0,171,87,0,0,0,248,recovery,590
5.547074102601273,741,0,172,87,0,0,0,249,infection,127
5.549440525600728,740,0,173,87,0,0,0,250,infection,423
5.557727827628631,739,0,174,87,0,0,0,251,infection,894
5.588373400078634,738,0,175,87,0,0,0,252,infection,382
5.599381315763527,737,0,176,87,0,0,0,253,infection,548
5.602322597694289,736,0,177,87,0,0,0,254,infection,921
5.602970386516043,735,0,178,87,0,0,0,255,infection,13
5.60664550844443,734,0,179,87,0,0,0,256,infection,605
5.642130794042145,733,0,180,87,0,0,0,257,infection,888
5.64716751200649,732,0,181,87,0,0,0,258,infection,281
5.653208344647971,731,0,182,87,0,0,0,259,infection,134
5.666740431201141,731,0,181,88,0,0,0,259,recovery,408
5.672510260496364,730,0,182,88,0,0,0,260,infection,354
5.6748212417862725,729,0,183,88,0,0,0,261,infection,705
5.677517017186181,729,0,182,89,0,0,0,261,recovery,893
5.684296386823246,729,0,181,90,0,0,0,261,recovery,108
5.688974384375951,728,0,182,90,0,0,0,262,infection,782
5.690812833201924,728,0,181,91,0,0,0,262,recovery,343
5.6923477670070834,727,0,182,91,0,0,0,263,infection,101
5.6958351928653075,726,0,183,91,0,0,0,264,infection,23
5.69811161446939,726,0,182,92,0,0,0,264,recovery,894
5.699966955526709,725,0,183,92,0,0,0,265,infection,982
5.704098416988961,724,0,184,92,0,0,0,266,infection,437
5.7055480375701455,723,0,185,92,0,0,0,267,infection,31
5.706180438570583,722,0,186,92,0,0,0,268,infection,261
5.709257486474185,721,0,187,92,0,0,0,269,infection,430
5.710153953297342,720,0,188,92,0,0,0,270,infection,156
5.717448855061926,719,0,189,92,0,0,0,271,infection,176
5.7182497836237145,719,0,188,93,0,0,0,271,recovery,976
5.723106718339774,718,0,189,93,0,0,0,272,infection,627
5.742517587889508,717,0,190,93,0,0,0,273,infection,334
5.743283178519464,717,0,189,94,0,0,0,273,recovery,541
5.743809644422437,717,0,188,95,0,0,0,273,recovery,389
5.763713193001268,717,0,187,96,0,0,0,273,recovery,457
5.767567399136569,717,0,186,97,0,0,0,273,recovery,316
5.778291455197888,716,0,187,97,0,0,0,274,infection,218
5.784735348968178,715,0,188,97,0,0,0,275,infection,551
5.789863858394493,714,0,189,97,0,0,0,276,infection,602
5.794590626288224,713,0,190,97,0,0,0,277,infection,203
5.811826643578621,713,0,189,98,0,0,0,277,recovery,688
5.844651553928354,712,0,190,98,0,0,0,278,infection,610
5.84805145463724,711,0,191,98,0,0,0,279,infection,5
5.853346802187459,710,0,192,98,0,0,0,280,infection,237
5.857088633321558,710,0,191,99,0,0,0,280,recovery,462
5.870330638713322,709,0,192,99,0,0,0,281,infection,433
5.871022911211107,708,0,193,99,0,0,0,282,infection,321
5.871203975391307,708,0,192,100,0,0,0,282,recovery,423
5.872596722745503,708,0,191,101,0,0,0,282,recovery,88
5.877585479617152,707,0,192,101,0,0,0,283,infection,776
5.9014383428730275,707,0,191,102,0,0,0,283,recovery,651
5.915291350121187,706,0,192,102,0,0,0,284,infection,747
5.929154037040305,705,0,193,102,0,0,0,285,infection,384
5.942370459336332,704,0,194,102,0,0,0,286,infection,792
5.947772329457299,703,0,195,102,0,0,0,287,infection,675
5.955997692720398,702,0,196,102,0,0,0,288,infection,375
5.963718054029026,701,0,197,102,0,0,0,289,infection,564
5.970461285821797,700,0,198,102,0,0,0,290,infection,962
5.972144606971403,699,0,199,102,0,0,0,291,infection,732
5.981479338142413,698,0,200,102,0,0,0,292,infection,467
5.9909287493384955,698,0,199,103,0,0,0,292,recovery,569
5.99290451998101,697,0,200,103,0,0,0,293,infection,56
5.997012799882888,697,0,199,104,0,0,0,293,recovery,237
6.001299746113877,696,0,200,104,0,0,0,294,infection,571
6.003268101307307,696,0,199,105,0,0,0,294,recovery,433
6.010558520130824,695,0,200,105,0,0,0,295,infection,890
6.0219282763122255,694,0,201,105,0,0,0,296,infection,679
6.027481513060782,693,0,202,105,0,0,0,297,infection,930
6.028690196241224,692,0,203,105,0,0,0,298,infection,463
6.030226010574728,692,0,202,106,0,0,0,298,recovery,127
6.030543605853763,692,0,201,107,0,0,0,298,recovery,315
6.033870226359923,692,0,200,108,0,0,0,298,recovery,56
6.038112991198582,691,0,201,108,0,0,0,299,infection,566
6.057109537720284,690,0,202,108,0,0,0,300,infection,380
6.060044507023796,690,0,201,109,0,0,0,300,recovery,602
6.0661311321317335,689,0,202,109,0,0,0,301,infection,570
6.066607482372343,688,0,203,109,0,0,0,302,infection,941
6.0682347977217335,688,0,202,110,0,0,0,302,recovery,566
6.073786270012389,688,0,201,111,0,0,0,302,recovery,156
6.077238286085659,687,0,202,111,0,0,0,303,infection,222
6.082412458275374,686,0,203,111,0,0,0,304,infection,442
6.088476129924821,685,0,204,111,0,0,0,305,infection,867
6.102961364306945,685,0,203,112,0,0,0,305,recovery,518
6.102982766200565,685,0,202,113,0,0,0,305,recovery,154
6.115968428281239,685,0,201,114,0,0,0,305,recovery,527
6.1288197577981745,685,0,200,115,0,0,0,305,recovery,117
6.132220438148393,685,0,199,116,0,0,0,305,recovery,354
6.1363590557302485,684,0,200,116,0,0,0,306,infection,289
6.137827945299061,684,0,199,117,0,0,0,306,recovery,843
6.142932224691843,683,0,200,117,0,0,0,307,infection,739
6.148880602292438,682,0,201,117,0,0,0,308,infection,498
6.150061069242382,681,0,202,117,0,0,0,309,infection,371
6.160018151968822,681,0,201,118,0,0,0,309,recovery,246
6.163043822234243,680,0,202,118,0,0,0,310,infection,822
6.180376621029766,679,0,203,118,0,0,0,311,infection,209
6.183082146937664,678,0,204,118,0,0,0,312,infection,419
6.193251869236758,678,0,203,119,0,0,0,312,recovery,283
6.199043838383898,677,0,204,119,0,0,0,313,infection,175
6.2050213080969785,676,0,205,119,0,0,0,314,infection,909
6.210208111314794,676,0,204,120,0,0,0,314,recovery,301
6.217339717087307,675,0,205,120,0,0,0,315,infection,285
6.2233924759333465,675,0,204,121,0,0,0,315,recovery,474
6.233861729049261,675,0,203,122,0,0,0,315,recovery,27
6.235843929223232,674,0,204,122,0,0,0,316,infection,167
6.243120187241891,673,0,205,122,0,0,0,317,infection,721
6.249853966084556,672,0,206,122,0,0,0,318,infection,743
6.250785928422729,672,0,205,123,0,0,0,318,recovery,363
6.260376912820618,671,0,206,123,0,0,0,319,infection,464
6.261344341740002,670,0,207,123,0,0,0,320,infection,413
6.265738603627542,669,0,208,123,0,0,0,321,infection,642
6.271326519386156,668,0,209,123,0,0,0,322,infection,936
6.290050289692227,667,0,210,123,0,0,0,323,infection,531
6.294697216454116,666,0,211,123,0,0,0,324,infection,759
6.296515237775582,665,0,212,123,0,0,0,325,infection,715
6.311570402009797,664,0,213,123,0,0,0,326,infection,44
6.314843526821955,663,0,214,123,0,0,0,327,infection,615
6.315832591098734,662,0,215,123,0,0,0,328,infection,975
6.3209095952985574,662,0,214,124,0,0,0,328,recovery,575
6.326185524298399,661,0,215,124,0,0,0,329,infection,614
6.330228135398968,660,0,216,124,0,0,0,330,infection,873
6.342426826849429,660,0,215,125,0,0,0,330,recovery,877
6.345207566765374,660,0,214,126,0,0,0,330,recovery,339
6.352381912528726,660,0,213,127,0,0,0,330,recovery,70
6.35467212128189,659,0,214,127,0,0,0,331,infection,303
6.36838018659417,658,0,215,127,0,0,0,332,infection,958
6.408594110445698,657,0,216,127,0,0,0,333,infection,330
6.419752771501331,656,0,217,127,0,0,0,334,infection,122
6.423314116589473,656,0,216,128,0,0,0,334,recovery,759
6.427384413432423,655,0,217,128,0,0,0,335,infection,658
6.436422627933733,654,0,218,128,0,0,0,336,infection,409
6.440379585687859,654,0,217,129,0,0,0,336,recovery,91
6.455964863076514,653,0,218,129,0,0,0,337,infection,896
6.4686195784339064,652,0,219,129,0,0,0,338,infection,945
6.471167090160264,651,0,220,129,0,0,0,339,infection,443
6.472801921297105,650,0,221,129,0,0,0,340,infection,416
6.4899898608499536,649,0,222,129,0,0,0,341,infection,144
6.497415400668097,648,0,223,129,0,0,0,342,infection,259
6.510726904194577,647,0,224,129,0,0,0,343,infection,794
6.5178918618863015,647,0,223,130,0,0,0,343,recovery,857
6.5360024659856215,646,0,224,130,0,0,0,344,infection,191
6.544267339799911,646,0,223,131,0,0,0,344,recovery,390
6.545228762188347,645,0,224,131,0,0,0,345,infection,534
6.555116547087524,645,0,223,132,0,0,0,345,recovery,947
6.560234025169143,644,0,224,132,0,0,0,346,infection,771
6.588586567125606,643,0,225,132,0,0,0,347,infection,418
6.598933003872262,642,0,226,132,0,0,0,348,infection,779
6.6003942645833655,641,0,227,132,0,0,0,349,infection,653
6.611890451589243,641,0,226,133,0,0,0,349,recovery,641
6.613433964157213,641,0,225,134,0,0,0,349,recovery,454
6.63607003092594,640,0,226,134,0,0,0,350,infection,517
6.638524071070192,639,0,227,134,0,0,0,351,infection,579
6.6396184296105405,638,0,228,134,0,0,0,352,infection,910
6.656257850480035,638,0,227,135,0,0,0,352,recovery,319
6.657666900829053,638,0,226,136,0,0,0,352,recovery,371
6.674468602100689,638,0,225,137,0,0,0,352,recovery,229
6.675827873443047,637,0,226,137,0,0,0,353,infection,760
6.676507288242327,636,0,227,137,0,0,0,354,infection,376
6.677656907383792,636,0,226,138,0,0,0,354,recovery,259
6.677972261506319,635,0,227,138,0,0,0,355,infection,328
6.685330216913963,634,0,228,138,0,0,0,356,infection,620
6.69005193778832,634,0,227,139,0,0,0,356,recovery,892
6.7439388853437645,633,0,228,139,0,0,0,357,infection,247
6.7475521867237775,633,0,227,140,0,0,0,357,recovery,409
6.747793792350625,632,0,228,140,0,0,0,358,infection,775
6.748424186918126,631,0,229,140,0,0,0,359,infection,318
6.7503009320611564,630,0,230,140,0,0,0,360,infection,555
6.7611272050768125,629,0,231,140,0,0,0,361,infection,591
6.76151877703755,629,0,230,141,0,0,0,361,recovery,792
6.762723146247299,629,0,229,142,0,0,0,361,recovery,794
6.763138134048236,628,0,230,142,0,0,0,362,infection,954
6.770000014331099,627,0,231,142,0,0,0,363,infection,368
6.773305767467114,627,0,230,143,0,0,0,363,recovery,685
6.779852135483429,627,0,229,144,0,0,0,363,recovery,268
6.783895297553208,627,0,228,145,0,0,0,363,recovery,967
6.791120312451913,626,0,229,145,0,0,0,364,infection,745
6.791148249895718,625,0,230,145,0,0,0,365,infection,701
6.793370438386175,624,0,231,145,0,0,0,366,infection,878
6.796836010915795,624,0,230,146,0,0,0,366,recovery,280
6.8148286419737625,623,0,231,146,0,0,0,367,infection,956
6.817455582857752,623,0,230,147,0,0,0,367,recovery,798
6.820303184648651,622,0,231,147,0,0,0,368,infection,723
6.82172882703923,622,0,230,148,0,0,0,368,recovery,739
6.823091155734928,621,0,231,148,0,0,0,369,infection,632
6.828764921758925,621,0,230,149,0,0,0,369,recovery,679
6.836172965841266,621,0,229,150,0,0,0,369,recovery,187
6.841334782669461,620,0,230,150,0,0,0,370,infection,96
6.846508190996132,620,0,229,151,0,0,0,370,recovery,477
6.868864573354901,619,0,230,151,0,0,0,371,infection,648
6.877138213681891,618,0,231,151,0,0,0,372,infection,678
6.879945294478687,617,0,232,151,0,0,0,373,infection,713
6.890442111721034,617,0,231,152,0,0,0,373,recovery,480
6.8956716385729,616,0,232,152,0,0,0,374,infection,414
6.90311296389171,616,0,231,153,0,0,0,374,recovery,676
6.9037601540064975,616,0,230,154,0,0,0,374,recovery,789
6.907834085455435,616,0,229,155,0,0,0,374,recovery,530
6.909039397914321,615,0,230,155,0,0,0,375,infection,141
6.9115529136500635,614,0,231,155,0,0,0,376,infection,84
6.912318289768843,614,0,230,156,0,0,0,376,recovery,627
6.923043542792384,614,0,229,157,0,0,0,376,recovery,910
6.929158386026026,614,0,228,158,0,0,0,376,recovery,479
6.932438898899691,613,0,229,158,0,0,0,377,infection,762
6.933915433931111,612,0,230,158,0,0,0,378,infection,828
6.943312716405908,611,0,231,158,0,0,0,379,infection,180
6.944379142156432,610,0,232,158,0,0,0,380,infection,428
6.944649298223432,610,0,231,159,0,0,0,380,recovery,945
6.953108706247037,609,0,232,159,0,0,0,381,infection,706
6.9566401817044925,608,0,233,159,0,0,0,382,infection,189
6.958516357622514,607,0,234,159,0,0,0,383,infection,93
6.963433423538536,607,0,233,160,0,0,0,383,recovery,273
6.965926501492181,606,0,234,160,0,0,0,384,infection,920
6.975416306224474,605,0,235,160,0,0,0,385,infection,702
6.992584096450931,604,0,236,160,0,0,0,386,infection,94
6.9926814783641795,603,0,237,160,0,0,0,387,infection,260
6.997498864035181,603,0,236,161,0,0,0,387,recovery,531
7.020904463756218,602,0,237,161,0,0,0,388,infection,125
7.03221044322632,601,0,238,161,0,0,0,389,infection,286
7.033110167904443,600,0,239,161,0,0,0,390,infection,440
7.033228655000303,599,0,240,161,0,0,0,391,infection,781
7.035932647275341,598,0,241,161,0,0,0,392,infection,546
7.04783956601512,597,0,242,161,0,0,0,393,infection,814
7.0491033916727925,597,0,241,162,0,0,0,393,recovery,772
7.059408908416797,597,0,240,163,0,0,0,393,recovery,585
7.064458631162048,596,0,241,163,0,0,0,394,infection,406
7.06784428185761,595,0,242,163,0,0,0,395,infection,918
7.070320014020402,594,0,243,163,0,0,0,396,infection,30
7.071956299430074,594,0,242,164,0,0,0,396,recovery,464
7.073867831612151,593,0,243,164,0,0,0,397,infection,974
7.083459575269703,593,0,242,165,0,0,0,397,recovery,989
7.0871974752109,593,0,241,166,0,0,0,397,recovery,648
7.088511290377399,592,0,242,166,0,0,0,398,infection,317
7.092297394241222,591,0,243,166,0,0,0,399,infection,130
7.094472259160593,591,0,242,167,0,0,0,399,recovery,882
7.09723371073556,590,0,243,167,0,0,0,400,infection,597
7.0985796619834645,589,0,244,167,0,0,0,401,infection,639
7.104029651539874,588,0,245,167,0,0,0,402,infection,195
7.110079223628761,588,0,244,168,0,0,0,402,recovery,179
7.112552705437783,588,0,243,169,0,0,0,402,recovery,620
7.118697478658789,587,0,244,169,0,0,0,403,infection,622
7.119476553025155,587,0,243,170,0,0,0,403,recovery,195
7.125876070260792,586,0,244,170,0,0,0,404,infection,1
7.133901515980939,585,0,245,170,0,0,0,405,infection,638
7.137332897666199,584,0,246,170,0,0,0,406,infection,41
7.145659339439503,584,0,245,171,0,0,0,406,recovery,517
7.145882464104487,583,0,246,171,0,0,0,407,infection,344
7.149487754159823,582,0,247,171,0,0,0,408,infection,121
7.152441352023045,581,0,248,171,0,0,0,409,infection,783
7.159360146177279,581,0,247,172,0,0,0,409,recovery,833
7.164348608560854,580,0,248,172,0,0,0,410,infection,961
7.164986460792124,579,0,249,172,0,0,0,411,infection,126
7.166863877115023,579,0,248,173,0,0,0,411,recovery,597
7.173616441056799,578,0,249,173,0,0,0,412,infection,64
7.17527179587622,577,0,250,173,0,0,0,413,infection,366
7.1808755815422876,576,0,251,173,0,0,0,414,infection,769
7.181724057144576,576,0,250,174,0,0,0,414,recovery,872
7.193645641507621,575,0,251,174,0,0,0,415,infection,626
7.194553715014966,574,0,252,174,0,0,0,416,infection,902
7.196531258179103,574,0,251,175,0,0,0,416,recovery,467
7.198340853045561,573,0,252,175,0,0,0,417,infection,542
7.218813309651001,572,0,253,175,0,0,0,418,infection,554
7.221262376182196,572,0,252,176,0,0,0,418,recovery,946
7.2305834018861965,572,0,251,177,0,0,0,418,recovery,447
7.254086754088347,572,0,250,178,0,0,0,418,recovery,565
7.257237994534101,572,0,249,179,0,0,0,418,recovery,721
7.261691617214529,571,0,250,179,0,0,0,419,infection,754
7.263247778195205,570,0,251,179,0,0,0,420,infection,136
7.265320854722634,569,0,252,179,0,0,0,421,infection,928
7.2862425983165835,568,0,253,179,0,0,0,422,infection,372
7.2997804908537915,568,0,252,180,0,0,0,422,recovery,694
7.308372719277917,567,0,253,180,0,0,0,423,infection,245
7.309322770997266,567,0,252,181,0,0,0,423,recovery,324
7.3180212151531245,566,0,253,181,0,0,0,424,infection,254
7.319555583049213,565,0,254,181,0,0,0,425,infection,223
7.321132343072141,564,0,255,181,0,0,0,426,infection,751
7.322946290148049,563,0,256,181,0,0,0,427,infection,980
7.324806112345067,562,0,257,181,0,0,0,428,infection,866
7.344440775797634,561,0,258,181,0,0,0,429,infection,900
7.352786912627153,560,0,259,181,0,0,0,430,infection,871
7.368224137945294,559,0,260,181,0,0,0,431,infection,473
7.370835493258828,558,0,261,181,0,0,0,432,infection,957
7.3714779198417295,557,0,262,181,0,0,0,433,infection,806
7.3743764831914,557,0,261,182,0,0,0,433,recovery,701
7.376113763054885,556,0,262,182,0,0,0,434,infection,826
7.376579488928298,556,0,261,183,0,0,0,434,recovery,331
7.377344611757839,555,0,262,183,0,0,0,435,infection,434
7.379151483713775,555,0,261,184,0,0,0,435,recovery,570
7.3838105663910465,554,0,262,184,0,0,0,436,infection,337
7.384342429437618,553,0,263,184,0,0,0,437,infection,249
7.3863897458489065,552,0,264,184,0,0,0,438,infection,235
7.389568133156604,551,0,265,184,0,0,0,439,infection,26
7.396629549029082,550,0,266,184,0,0,0,440,infection,788
7.397006449638335,549,0,267,184,0,0,0,441,infection,483
7.398865859232682,549,0,266,185,0,0,0,441,recovery,612
7.400981390560582,549,0,265,186,0,0,0,441,recovery,918
7.40161756554125,548,0,266,186,0,0,0,442,infection,911
7.402172002268113,548,0,265,187,0,0,0,442,recovery,180
7.406665582516857,547,0,266,187,0,0,0,443,infection,842
7.40688769322244,547,0,265,188,0,0,0,443,recovery,249
7.41672830082285,546,0,266,188,0,0,0,444,infection,509
7.425480417502992,545,0,267,188,0,0,0,445,infection,402
7.428743977779853,545,0,266,189,0,0,0,445,recovery,878
7.43295818216868,544,0,267,189,0,0,0,446,infection,110
7.44714387051708,544,0,266,190,0,0,0,446,recovery,397
7.449896847463472,544,0,265,191,0,0,0,446,recovery,747
7.458728188035732,543,0,266,191,0,0,0,447,infection,181
7.464500256809462,543,0,265,192,0,0,0,447,recovery,440
7.4649379179445585,542,0,266,192,0,0,0,448,infection,915
7.480302817149038,542,0,265,193,0,0,0,448,recovery,690
7.485183255859386,541,0,266,193,0,0,0,449,infection,131
7.485301568617505,540,0,267,193,0,0,0,450,infection,919
7.489908689372084,539,0,268,193,0,0,0,451,infection,516
7.493749113444288,539,0,267,194,0,0,0,451,recovery,498
7.49409281561974,538,0,268,194,0,0,0,452,infection,968
7.4952411698811074,537,0,269,194,0,0,0,453,infection,188
7.513186914820809,536,0,270,194,0,0,0,454,infection,488
7.513462228753527,535,0,271,194,0,0,0,455,infection,224
7.521363844571894,534,0,272,194,0,0,0,456,infection,926
7.526639706838211,533,0,273,194,0,0,0,457,infection,400
7.526657430125643,532,0,274,194,0,0,0,458,infection,807
7.535972230882925,531,0,275,194,0,0,0,459,infection,500
7.543264354157558,530,0,276,194,0,0,0,460,infection,253
7.550187055864449,530,0,275,195,0,0,0,460,recovery,245
7.558381773356584,529,0,276,195,0,0,0,461,infection,471
7.56738151100906,528,0,277,195,0,0,0,462,infection,270
7.5675208270069785,528,0,276,196,0,0,0,462,recovery,4
7.574039527799795,527,0,277,196,0,0,0,463,infection,951
7.596047284328334,526,0,278,196,0,0,0,464,infection,466
7.60743521517201,525,0,279,196,0,0,0,465,infection,33
7.608753526771213,524,0,280,196,0,0,0,466,infection,656
7.610576197483326,524,0,279,197,0,0,0,466,recovery,260
7.618279321901316,523,0,280,197,0,0,0,467,infection,741
7.619331607175525,523,0,279,198,0,0,0,467,recovery,318
7.622333569567124,522,0,280,198,0,0,0,468,infection,77
7.624399496152489,521,0,281,198,0,0,0,469,infection,43
7.626005442338526,521,0,280,199,0,0,0,469,recovery,638
7.6294197414159655,521,0,279,200,0,0,0,469,recovery,821
7.6355124881242915,521,0,278,201,0,0,0,469,recovery,803
7.643319635358208,520,0,279,201,0,0,0,470,infection,119
7.648406908166962,520,0,278,202,0,0,0,470,recovery,94
7.648541540681316,520,0,277,203,0,0,0,470,recovery,567
7.649309072277707,519,0,278,203,0,0,0,471,infection,923
7.6501962298456965,518,0,279,203,0,0,0,472,infection,766
7.671308194223013,517,0,280,203,0,0,0,473,infection,35
7.677379394369642,516,0,281,203,0,0,0,474,infection,838
7.678407648872592,515,0,282,203,0,0,0,475,infection,895
7.681969611631903,514,0,283,203,0,0,0,476,infection,573
7.697254593134912,513,0,284,203,0,0,0,477,infection,52
7.6980363310097175,512,0,285,203,0,0,0,478,infection,985
7.710728342361105,512,0,284,204,0,0,0,478,recovery,333
7.714106928351631,512,0,283,205,0,0,0,478,recovery,358
7.714696255895763,512,0,282,206,0,0,0,478,recovery,822
7.7247180239388875,511,0,283,206,0,0,0,479,infection,264
7.733820631463233,510,0,284,206,0,0,0,480,infection,520
7.734451900438675,509,0,285,206,0,0,0,481,infection,484
7.739580378413506,508,0,286,206,0,0,0,482,infection,287
7.7518657266303395,507,0,287,206,0,0,0,483,infection,234
7.7527737998030215,506,0,288,206,0,0,0,484,infection,933
7.7550382158587245,505,0,289,206,0,0,0,485,infection,735
7.7553749234491764,505,0,288,207,0,0,0,485,recovery,138
7.75600267160269,505,0,287,208,0,0,0,485,recovery,762
7.756788797252136,504,0,288,208,0,0,0,486,infection,815
7.767367056826256,504,0,287,209,0,0,0,486,recovery,588
7.775403604284352,503,0,288,209,0,0,0,487,infection,155
7.782635466029721,503,0,287,210,0,0,0,487,recovery,378
7.798480360979371,502,0,288,210,0,0,0,488,infection,874
7.801683239607985,501,0,289,210,0,0,0,489,infection,233
7.801788664867352,500,0,290,210,0,0,0,490,infection,880
7.807525930996798,499,0,291,210,0,0,0,491,infection,139
7.817747371263197,499,0,290,211,0,0,0,491,recovery,51
7.823532802381691,498,0,291,211,0,0,0,492,infection,749
7.828897661339954,497,0,292,211,0,0,0,493,infection,275
7.830769901405927,496,0,293,211,0,0,0,494,infection,916
7.83117243066971,496,0,292,212,0,0,0,494,recovery,119
7.834652479819394,495,0,293,212,0,0,0,495,infection,456
7.843301902064167,495,0,292,213,0,0,0,495,recovery,923
7.844498354244329,495,0,291,214,0,0,0,495,recovery,928
7.846082294938299,495,0,290,215,0,0,0,495,recovery,926
7.859276581138026,495,0,289,216,0,0,0,495,recovery,535
7.8648011874452255,495,0,288,217,0,0,0,495,recovery,516
7.869005427140538,495,0,287,218,0,0,0,495,recovery,111
7.876870752543695,494,0,288,218,0,0,0,496,infection,491
7.877118542222666,494,0,287,219,0,0,0,496,recovery,175
7.880231196196352,493,0,288,219,0,0,0,497,infection,194
7.89218969302376,492,0,289,219,0,0,0,498,infection,415
7.8929522199985165,492,0,288,220,0,0,0,498,recovery,826
7.899653036547322,492,0,287,221,0,0,0,498,recovery,223
7.89974058451069,491,0,288,221,0,0,0,499,infection,634
7.9000055505866476,491,0,287,222,0,0,0,499,recovery,125
7.9001330380097246,491,0,286,223,0,0,0,499,recovery,548
7.906308064633872,491,0,285,224,0,0,0,499,recovery,678
7.911927516778658,490,0,286,224,0,0,0,500,infection,172
7.915497766407853,490,0,285,225,0,0,0,500,recovery,90
7.917900161615605,490,0,284,226,0,0,0,500,recovery,473
7.920286139693275,490,0,283,227,0,0,0,500,recovery,915
7.92216519030531,489,0,284,227,0,0,0,501,infection,825
7.932077456368496,488,0,285,227,0,0,0,502,infection,572
7.93525725591058,487,0,286,227,0,0,0,503,infection,827
7.94771101574376,486,0,287,227,0,0,0,504,infection,885
7.948194523653186,486,0,286,228,0,0,0,504,recovery,603
7.951954827672987,485,0,287,228,0,0,0,505,infection,797
7.954578713717986,485,0,286,229,0,0,0,505,recovery,428
7.956548974264532,484,0,287,229,0,0,0,506,infection,523
7.9591542804522755,483,0,288,229,0,0,0,507,infection,785
7.966438128655124,482,0,289,229,0,0,0,508,infection,835
7.982222777680484,481,0,290,229,0,0,0,509,infection,59
7.982535938836734,481,0,289,230,0,0,0,509,recovery,270
7.993549711472562,480,0,290,230,0,0,0,510,infection,897
7.998469698354294,479,0,291,230,0,0,0,511,infection,581
8.000701504538188,479,0,290,231,0,0,0,511,recovery,122
8.001105810413177,478,0,291,231,0,0,0,512,infection,657
8.00877178215173,477,0,292,231,0,0,0,513,infection,387
8.010327361047455,476,0,293,231,0,0,0,514,infection,513
8.012760228000726,476,0,292,232,0,0,0,514,recovery,700
8.017206624607796,476,0,291,233,0,0,0,514,recovery,657
8.017523153097699,475,0,292,233,0,0,0,515,infection,482
8.017860633402671,474,0,293,233,0,0,0,516,infection,697
8.020647203540625,474,0,292,234,0,0,0,516,recovery,254
8.030482665824657,473,0,293,234,0,0,0,517,infection,243
8.0438690749179,472,0,294,234,0,0,0,518,infection,147
8.049297854186142,471,0,295,234,0,0,0,519,infection,860
8.050406476663449,470,0,296,234,0,0,0,520,infection,436
8.055134500349274,469,0,297,234,0,0,0,521,infection,113
8.058633182190428,469,0,296,235,0,0,0,521,recovery,782
8.059977454153602,469,0,295,236,0,0,0,521,recovery,699
8.06271098318144,469,0,294,237,0,0,0,521,recovery,554
8.065435998704652,468,0,295,237,0,0,0,522,infection,851
8.067553846862888,467,0,296,237,0,0,0,523,infection,12
8.071402678490983,466,0,297,237,0,0,0,524,infection,241
8.081571660294726,465,0,298,237,0,0,0,525,infection,884
8.089176680379213,464,0,299,237,0,0,0,526,infection,844
8.098805937490281,463,0,300,237,0,0,0,527,infection,38
8.10560751751497,462,0,301,237,0,0,0,528,infection,818
8.113313928676613,462,0,300,238,0,0,0,528,recovery,573
8.11411430285789,462,0,299,239,0,0,0,528,recovery,264
8.119383806326864,461,0,300,239,0,0,0,529,infection,365
8.12344571653219,461,0,299,240,0,0,0,529,recovery,639
8.124927525986157,460,0,300,240,0,0,0,530,infection,536
8.132191544417132,459,0,301,240,0,0,0,531,infection,574
8.136808715376779,458,0,302,240,0,0,0,532,infection,793
8.14634701174779,458,0,301,241,0,0,0,532,recovery,884
8.150125614871387,458,0,300,242,0,0,0,532,recovery,982
8.16030415058793,457,0,301,242,0,0,0,533,infection,165
8.162713504903468,456,0,302,242,0,0,0,534,infection,608
8.175121641829646,455,0,303,242,0,0,0,535,infection,508
8.186069162954855,455,0,302,243,0,0,0,535,recovery,430
8.188260707974566,455,0,301,244,0,0,0,535,recovery,743
8.206888987550922,454,0,302,244,0,0,0,536,infection,361
8.206896321553451,453,0,303,244,0,0,0,537,infection,106
8.211472762582458,452,0,304,244,0,0,0,538,infection,151
8.213669054000976,452,0,303,245,0,0,0,538,recovery,880
8.214062892013073,451,0,304,245,0,0,0,539,infection,29
8.219715123017771,451,0,303,246,0,0,0,539,recovery,900
8.220598566630622,451,0,302,247,0,0,0,539,recovery,579
8.2247204594581,450,0,303,247,0,0,0,540,infection,95
8.232073906720267,449,0,304,247,0,0,0,541,infection,929
8.232844252409741,448,0,305,247,0,0,0,542,infection,503
8.233730131160957,447,0,306,247,0,0,0,543,infection,600
8.23917643702128,447,0,305,248,0,0,0,543,recovery,683
8.239914934141785,447,0,304,249,0,0,0,543,recovery,975
8.241417920156465,447,0,303,250,0,0,0,543,recovery,203
8.258811466218368,447,0,302,251,0,0,0,543,recovery,805
8.259846227696865,446,0,303,251,0,0,0,544,infection,578
8.262635567108415,445,0,304,251,0,0,0,545,infection,616
8.26351746715878,444,0,305,251,0,0,0,546,infection,519
8.274344764821336,443,0,306,251,0,0,0,547,infection,525
8.296352371974978,442,0,307,251,0,0,0,548,infection,875
8.2987140217864,442,0,306,252,0,0,0,548,recovery,916
8.30209797022809,441,0,307,252,0,0,0,549,infection,112
8.302866043247414,441,0,306,253,0,0,0,549,recovery,760
8.31285316470651,441,0,305,254,0,0,0,549,recovery,443
8.315432430095012,441,0,304,255,0,0,0,549,recovery,793
8.316898700939404,440,0,305,255,0,0,0,550,infection,927
8.319609409239698,439,0,306,255,0,0,0,551,infection,465
8.320937209633874,438,0,307,255,0,0,0,552,infection,107
8.32273115572322,438,0,306,256,0,0,0,552,recovery,95
8.339111235402928,437,0,307,256,0,0,0,553,infection,981
8.347103713435367,437,0,306,257,0,0,0,553,recovery,419
8.372462414307748,437,0,305,258,0,0,0,553,recovery,152
8.373869601859937,436,0,306,258,0,0,0,554,infection,712
8.385134866183893,435,0,307,258,0,0,0,555,infection,432
8.385466440463222,434,0,308,258,0,0,0,556,infection,850
8.387273375035702,433,0,309,258,0,0,0,557,infection,898
8.387306986554249,432,0,310,258,0,0,0,558,infection,373
8.394479026241296,431,0,311,258,0,0,0,559,infection,451
8.405071690119378,431,0,310,259,0,0,0,559,recovery,437
8.407982012375866,431,0,309,260,0,0,0,559,recovery,189
8.416766614977089,431,0,308,261,0,0,0,559,recovery,448
8.423330684277985,431,0,307,262,0,0,0,559,recovery,985
8.426781885955295,431,0,306,263,0,0,0,559,recovery,974
8.427574152654568,430,0,307,263,0,0,0,560,infection,149
8.42855858415585,430,0,306,264,0,0,0,560,recovery,233
8.433693001480714,430,0,305,265,0,0,0,560,recovery,958
8.446408057129737,430,0,304,266,0,0,0,560,recovery,375
8.447989311907856,430,0,303,267,0,0,0,560,recovery,860
8.46118441707988,430,0,302,268,0,0,0,560,recovery,303
8.470461764045636,429,0,303,268,0,0,0,561,infection,369
8.47848603661404,428,0,304,268,0,0,0,562,infection,292
8.483820693154684,427,0,305,268,0,0,0,563,infection,830
8.489968476741701,427,0,304,269,0,0,0,563,recovery,788
8.490319591871804,427,0,303,270,0,0,0,563,recovery,851
8.493243167694791,427,0,302,271,0,0,0,563,recovery,814
8.496107208794125,427,0,301,272,0,0,0,563,recovery,885
8.499936422309391,427,0,300,273,0,0,0,563,recovery,626
8.500558808116722,426,0,301,273,0,0,0,564,infection,341
8.503671067740257,425,0,302,273,0,0,0,565,infection,355
8.509371906150042,424,0,303,273,0,0,0,566,infection,185
8.522782211626259,423,0,304,273,0,0,0,567,infection,226
8.523244227846025,423,0,303,274,0,0,0,567,recovery,334
8.53109702531003,422,0,304,274,0,0,0,568,infection,470
8.533564832772479,421,0,305,274,0,0,0,569,infection,887
8.540496955225912,421,0,304,275,0,0,0,569,recovery,656
8.547074438592109,420,0,305,275,0,0,0,570,infection,876
8.547766700572282,419,0,306,275,0,0,0,571,infection,99
8.552323503168825,418,0,307,275,0,0,0,572,infection,277
8.559721102741982,418,0,306,276,0,0,0,572,recovery,825
8.567041828190368,418,0,305,277,0,0,0,572,recovery,735
8.572341210272501,417,0,306,277,0,0,0,573,infection,120
8.578167491107296,417,0,305,278,0,0,0,573,recovery,194
8.591701035836547,417,0,304,279,0,0,0,573,recovery,783
8.596492646814518,416,0,305,279,0,0,0,574,infection,501
8.606795539653032,415,0,306,279,0,0,0,575,infection,630
8.607096065297894,415,0,305,280,0,0,0,575,recovery,456
8.615616873828984,414,0,306,280,0,0,0,576,infection,716
8.620649979739687,413,0,307,280,0,0,0,577,infection,731
8.622622624067871,413,0,306,281,0,0,0,577,recovery,615
8.642665387362204,412,0,307,281,0,0,0,578,infection,377
8.652973825278842,412,0,306,282,0,0,0,578,recovery,941
8.655196537017941,411,0,307,282,0,0,0,579,infection,461
8.661266448218765,411,0,306,283,0,0,0,579,recovery,99
8.669846941608853,411,0,305,284,0,0,0,579,recovery,30
8.69454526317572,411,0,304,285,0,0,0,579,recovery,422
8.714315694478353,411,0,303,286,0,0,0,579,recovery,227
8.714606147843572,410,0,304,286,0,0,0,580,infection,351
8.718453520009758,409,0,305,286,0,0,0,581,infection,617
8.720304484160444,409,0,304,287,0,0,0,581,recovery,463
8.720304559809476,409,0,303,288,0,0,0,581,recovery,455
8.720749200405505,408,0,304,288,0,0,0,582,infection,881
8.720862454920299,407,0,305,288,0,0,0,583,infection,102
8.723892385857678,406,0,306,288,0,0,0,584,infection,831
8.729638135277666,405,0,307,288,0,0,0,585,infection,396
8.739013848756024,404,0,308,288,0,0,0,586,infection,356
8.740783622531616,404,0,307,289,0,0,0,586,recovery,466
8.747805300661993,403,0,308,289,0,0,0,587,infection,8
8.75488435255334,403,0,307,290,0,0,0,587,recovery,536
8.760966513029587,402,0,308,290,0,0,0,588,infection,87
8.773633921569234,402,0,307,291,0,0,0,588,recovery,523
8.79750790190286,402,0,306,292,0,0,0,588,recovery,797
8.804132584954946,401,0,307,292,0,0,0,589,infection,845
8.809115269524776,401,0,306,293,0,0,0,589,recovery,471
8.813717159610157,401,0,305,294,0,0,0,589,recovery,785
8.831211131018263,400,0,306,294,0,0,0,590,infection,267
8.831500299660595,399,0,307,294,0,0,0,591,infection,395
8.83526663453303,399,0,306,295,0,0,0,591,recovery,131
8.840677352435145,398,0,307,295,0,0,0,592,infection,726
8.840700274574651,397,0,308,295,0,0,0,593,infection,906
8.846465165774122,396,0,309,295,0,0,0,594,infection,635
8.871680610006605,395,0,310,295,0,0,0,595,infection,446
8.872605098711112,395,0,309,296,0,0,0,595,recovery,5
8.892331146141835,394,0,310,296,0,0,0,596,infection,521
8.895186498700529,394,0,309,297,0,0,0,596,recovery,866
8.898901639577169,394,0,308,298,0,0,0,596,recovery,232
8.899762804270654,393,0,309,298,0,0,0,597,infection,489
8.906000293361009,393,0,308,299,0,0,0,597,recovery,113
8.906060775525782,392,0,309,299,0,0,0,598,infection,537
8.907324977731857,391,0,310,299,0,0,0,599,infection,19
8.910331445185971,390,0,311,299,0,0,0,600,infection,306
8.911337359985046,390,0,310,300,0,0,0,600,recovery,402
8.916273877900162,390,0,309,301,0,0,0,600,recovery,54
8.922015650686507,390,0,308,302,0,0,0,600,recovery,867
8.923003238914053,390,0,307,303,0,0,0,600,recovery,17
8.934545010654142,389,0,308,303,0,0,0,601,infection,73
8.93687898997611,389,0,307,304,0,0,0,601,recovery,835
8.93748252050943,389,0,306,305,0,0,0,601,recovery,366
8.943917743812195,388,0,307,305,0,0,0,602,infection,556
8.950455603631294,388,0,306,306,0,0,0,602,recovery,80
8.9526415620326,388,0,305,307,0,0,0,602,recovery,622
8.959817417428631,387,0,306,307,0,0,0,603,infection,82
8.969448751209502,387,0,305,308,0,0,0,603,recovery,482
8.970244241200781,387,0,304,309,0,0,0,603,recovery,675
8.988442623642003,386,0,305,309,0,0,0,604,infection,883
8.995323493920077,385,0,306,309,0,0,0,605,infection,913
8.998353709898389,384,0,307,309,0,0,0,606,infection,948
9.00147767560756,384,0,306,310,0,0,0,606,recovery,377
9.005068265074872,384,0,305,311,0,0,0,606,recovery,707
9.00891055841377,383,0,306,311,0,0,0,607,infection,609
9.008982244295172,382,0,307,311,0,0,0,608,infection,327
9.021551572651987,382,0,306,312,0,0,0,608,recovery,41
9.02986445027028,381,0,307,312,0,0,0,609,infection,562
9.031497755918165,381,0,306,313,0,0,0,609,recovery,261
9.033129612534156,380,0,307,313,0,0,0,610,infection,426
9.035497521688985,380,0,306,314,0,0,0,610,recovery,149
9.035708065161296,380,0,305,315,0,0,0,610,recovery,663
9.039679897442035,380,0,304,316,0,0,0,610,recovery,895
9.043280164847365,379,0,305,316,0,0,0,611,infection,774
9.061117596655983,379,0,304,317,0,0,0,611,recovery,141
9.062260563854046,379,0,303,318,0,0,0,611,recovery,715
9.069246878239452,379,0,302,319,0,0,0,611,recovery,167
9.070299617945711,379,0,301,320,0,0,0,611,recovery,779
9.075256083274793,378,0,302,320,0,0,0,612,infection,53
9.07554753664505,378,0,301,321,0,0,0,612,recovery,771
9.076465551519908,378,0,300,322,0,0,0,612,recovery,368
9.077945861345324,377,0,301,322,0,0,0,613,infection,934
9.107855028396308,377,0,300,323,0,0,0,613,recovery,873
9.114300706865993,377,0,299,324,0,0,0,613,recovery,396
9.126079333163569,376,0,300,324,0,0,0,614,infection,196
9.129014825752842,376,0,299,325,0,0,0,614,recovery,394
9.130989149800984,376,0,298,326,0,0,0,614,recovery,929
9.13395662894501,375,0,299,326,0,0,0,615,infection,990
9.134025992516179,375,0,298,327,0,0,0,615,recovery,328
9.142172262027733,374,0,299,327,0,0,0,616,infection,411
9.143513308513391,373,0,300,327,0,0,0,617,infection,345
9.146590506894299,373,0,299,328,0,0,0,617,recovery,164
9.154298183635449,373,0,298,329,0,0,0,617,recovery,951
9.161174575902988,373,0,297,330,0,0,0,617,recovery,274
9.181938637795996,372,0,298,330,0,0,0,618,infection,950
9.184514321726748,371,0,299,330,0,0,0,619,infection,939
9.190523457182888,371,0,298,331,0,0,0,619,recovery,562
9.191587078452896,370,0,299,331,0,0,0,620,infection,184
9.194580267461571,369,0,300,331,0,0,0,621,infection,852
9.201351993718104,368,0,301,331,0,0,0,622,infection,123
9.22003276581056,368,0,300,332,0,0,0,622,recovery,281
9.220447453687491,368,0,299,333,0,0,0,622,recovery,658
9.222273985190949,367,0,300,333,0,0,0,623,infection,599
9.246882025950997,366,0,301,333,0,0,0,624,infection,496
9.25015099393261,366,0,300,334,0,0,0,624,recovery,191
9.25192342869646,366,0,299,335,0,0,0,624,recovery,625
9.253155453344702,366,0,298,336,0,0,0,624,recovery,950
9.277913363293619,366,0,297,337,0,0,0,624,recovery,726
9.278565173670426,366,0,296,338,0,0,0,624,recovery,971
9.294269221912726,366,0,295,339,0,0,0,624,recovery,927
9.312006772405315,366,0,294,340,0,0,0,624,recovery,827
9.316877461129174,365,0,295,340,0,0,0,625,infection,978
9.319992913727411,364,0,296,340,0,0,0,626,infection,504
9.323187893558215,363,0,297,340,0,0,0,627,infection,557
9.323809075891175,363,0,296,341,0,0,0,627,recovery,147
9.335952776101822,363,0,295,342,0,0,0,627,recovery,741
9.342903410856016,362,0,296,342,0,0,0,628,infection,790
9.377517653826494,361,0,297,342,0,0,0,629,infection,623
9.3778707116021,361,0,296,343,0,0,0,629,recovery,766
9.380157537363143,361,0,295,344,0,0,0,629,recovery,406
9.386079929106845,360,0,296,344,0,0,0,630,infection,15
9.392105215797743,360,0,295,345,0,0,0,630,recovery,939
9.397651491130016,360,0,294,346,0,0,0,630,recovery,978
9.399466119248403,360,0,293,347,0,0,0,630,recovery,556
9.429559510644387,359,0,294,347,0,0,0,631,infection,161
9.435167948626686,358,0,295,347,0,0,0,632,infection,124
9.444131366985022,358,0,294,348,0,0,0,632,recovery,431
9.4556280846181,357,0,295,348,0,0,0,633,infection,693
9.463023877034162,356,0,296,348,0,0,0,634,infection,346
9.492146348372502,356,0,295,349,0,0,0,634,recovery,935
9.505141034389187,356,0,294,350,0,0,0,634,recovery,50
9.505352255877272,356,0,293,351,0,0,0,634,recovery,16
9.509890461540751,356,0,292,352,0,0,0,634,recovery,253
9.510711992856352,355,0,293,352,0,0,0,635,infection,205
9.527682654934106,354,0,294,352,0,0,0,636,infection,481
9.53376281100865,353,0,295,352,0,0,0,637,infection,687
9.53896803621388,353,0,294,353,0,0,0,637,recovery,823
9.551855022091848,353,0,293,354,0,0,0,637,recovery,702
9.552283492846371,353,0,292,355,0,0,0,637,recovery,777
9.554477591272223,352,0,293,355,0,0,0,638,infection,391
9.558329216832565,351,0,294,355,0,0,0,639,infection,304
9.569166414380003,351,0,293,356,0,0,0,639,recovery,844
9.579634542891998,350,0,294,356,0,0,0,640,infection,931
9.581122487230038,349,0,295,356,0,0,0,641,infection,81
9.581409251269331,348,0,296,356,0,0,0,642,infection,865
9.585420281648638,348,0,295,357,0,0,0,642,recovery,911
9.59149787039782,348,0,294,358,0,0,0,642,recovery,769
9.593718420753783,347,0,295,358,0,0,0,643,infection,592
9.597080574984844,346,0,296,358,0,0,0,644,infection,349
9.597565870548365,346,0,295,359,0,0,0,644,recovery,489
9.603701306611464,345,0,296,359,0,0,0,645,infection,633
9.604410034393446,345,0,295,360,0,0,0,645,recovery,818
9.60989815810018,344,0,296,360,0,0,0,646,infection,429
9.618471214990826,344,0,295,361,0,0,0,646,recovery,836
9.648510934872071,344,0,294,362,0,0,0,646,recovery,806
9.649881107300047,343,0,295,362,0,0,0,647,infection,410
9.658584469000033,343,0,294,363,0,0,0,647,recovery,292
9.6694037531896,343,0,293,364,0,0,0,647,recovery,345
9.678124518336988,342,0,294,364,0,0,0,648,infection,932
9.680543312066533,341,0,295,364,0,0,0,649,infection,864
9.70052315648165,340,0,296,364,0,0,0,650,infection,680
9.70203960518587,340,0,295,365,0,0,0,650,recovery,943
9.714597313042484,340,0,294,366,0,0,0,650,recovery,504
9.71726206054249,340,0,293,367,0,0,0,650,recovery,864
9.722006031629782,339,0,294,367,0,0,0,651,infection,750
9.724754456949146,339,0,293,368,0,0,0,651,recovery,130
9.728616499267558,338,0,294,368,0,0,0,652,infection,673
9.731354310386122,337,0,295,368,0,0,0,653,infection,251
9.73253009345692,336,0,296,368,0,0,0,654,infection,284
9.733514886460291,336,0,295,369,0,0,0,654,recovery,666
9.746912269864962,336,0,294,370,0,0,0,654,recovery,898
9.755427637077885,335,0,295,370,0,0,0,655,infection,142
9.760051438168837,335,0,294,371,0,0,0,655,recovery,193
9.764075905734138,335,0,293,372,0,0,0,655,recovery,336
9.76717745595493,334,0,294,372,0,0,0,656,infection,849
9.768413350356505,333,0,295,372,0,0,0,657,infection,868
9.769182767029616,332,0,296,372,0,0,0,658,infection,744
9.769747312050551,331,0,297,372,0,0,0,659,infection,526
9.779144019795405,331,0,296,373,0,0,0,659,recovery,33
9.782512189442983,330,0,297,373,0,0,0,660,infection,217
9.784845049922835,330,0,296,374,0,0,0,660,recovery,15
9.78500914634635,330,0,295,375,0,0,0,660,recovery,534
9.789257632698176,329,0,296,375,0,0,0,661,infection,969
9.803690657698166,328,0,297,375,0,0,0,662,infection,988
9.80760952035876,328,0,296,376,0,0,0,662,recovery,897
9.812547208593127,328,0,295,377,0,0,0,662,recovery,921
9.814888340978467,328,0,294,378,0,0,0,662,recovery,376
9.833994976656589,327,0,295,378,0,0,0,663,infection,576
9.834217967675464,327,0,294,379,0,0,0,663,recovery,145
9.83619757545548,326,0,295,379,0,0,0,664,infection,153
9.846513195567338,325,0,296,379,0,0,0,665,infection,733
9.858507130458738,325,0,295,380,0,0,0,665,recovery,115
9.858907597486697,324,0,296,380,0,0,0,666,infection,804
9.864208840776246,324,0,295,381,0,0,0,666,recovery,902
9.86648614477364,324,0,294,382,0,0,0,666,recovery,244
9.873268995061336,324,0,293,383,0,0,0,666,recovery,723
9.883187754655236,323,0,294,383,0,0,0,667,infection,738
9.886861365467388,322,0,295,383,0,0,0,668,infection,506
9.889937494266354,321,0,296,383,0,0,0,669,infection,252
9.897581442937707,321,0,295,384,0,0,0,669,recovery,275
9.899232449635967,321,0,294,385,0,0,0,669,recovery,557
9.899475597039258,321,0,293,386,0,0,0,669,recovery,226
9.903513230464348,320,0,294,386,0,0,0,670,infection,938
9.904865971348917,319,0,295,386,0,0,0,671,infection,854
9.907825146144589,319,0,294,387,0,0,0,671,recovery,211
9.916346355133793,319,0,293,388,0,0,0,671,recovery,909
9.917523781176948,318,0,294,388,0,0,0,672,infection,736
9.918172322032357,318,0,293,389,0,0,0,672,recovery,630
9.935001364896065,318,0,292,390,0,0,0,672,recovery,123
9.939957303192466,317,0,293,390,0,0,0,673,infection,22
9.941873236676265,317,0,292,391,0,0,0,673,recovery,35
9.944356265144767,316,0,293,391,0,0,0,674,infection,322
9.964645277683918,315,0,294,391,0,0,0,675,infection,271
9.96466576625308,314,0,295,391,0,0,0,676,infection,204
9.974837661064909,314,0,294,392,0,0,0,676,recovery,890
9.976312300456017,313,0,295,392,0,0,0,677,infection,698
9.977095183972487,312,0,296,392,0,0,0,678,infection,582
9.985090066315122,311,0,297,392,0,0,0,679,infection,215
9.98740340762115,310,0,298,392,0,0,0,680,infection,812
9.989950859399576,310,0,297,393,0,0,0,680,recovery,81
9.998179290158017,310,0,296,394,0,0,0,680,recovery,610
10.000707836139606,310,0,295,395,0,0,0,680,recovery,31
10.007195354408111,309,0,296,395,0,0,0,681,infection,297
10.009771777380383,309,0,295,396,0,0,0,681,recovery,412
10.009870980639716,309,0,294,397,0,0,0,681,recovery,369
10.018647487148566,309,0,293,398,0,0,0,681,recovery,980
10.022291908793267,308,0,294,398,0,0,0,682,infection,748
10.02841644820931,307,0,295,398,0,0,0,683,infection,763
10.037501878240729,307,0,294,399,0,0,0,683,recovery,151
10.04010762027232,306,0,295,399,0,0,0,684,infection,879
10.044325278869483,305,0,296,399,0,0,0,685,infection,671
10.046205745163942,304,0,297,399,0,0,0,686,infection,824
10.049620710595676,303,0,298,399,0,0,0,687,infection,66
10.051973071342948,303,0,297,400,0,0,0,687,recovery,19
10.075736059450188,303,0,296,401,0,0,0,687,recovery,185
10.08292617101763,303,0,295,402,0,0,0,687,recovery,781
10.089945670263447,303,0,294,403,0,0,0,687,recovery,209
10.10865360695407,303,0,293,404,0,0,0,687,recovery,956
10.113858693501916,303,0,292,405,0,0,0,687,recovery,961
10.121672200401598,302,0,293,405,0,0,0,688,infection,450
10.122767192918536,301,0,294,405,0,0,0,689,infection,398
10.136405701421541,301,0,293,406,0,0,0,689,recovery,93
10.14162908754838,301,0,292,407,0,0,0,689,recovery,931
10.152898246949405,300,0,293,407,0,0,0,690,infection,385
10.15525013604135,299,0,294,407,0,0,0,691,infection,652
10.176235557971475,298,0,295,407,0,0,0,692,infection,255
10.192248402398128,297,0,296,407,0,0,0,693,infection,964
10.195594771293624,296,0,297,407,0,0,0,694,infection,340
10.195804216646708,295,0,298,407,0,0,0,695,infection,837
10.199410483745009,294,0,299,407,0,0,0,696,infection,577
10.199465605231392,294,0,298,408,0,0,0,696,recovery,875
10.20339961014496,293,0,299,408,0,0,0,697,infection,724
10.204818465142779,292,0,300,408,0,0,0,698,infection,74
10.228691537547267,291,0,301,408,0,0,0,699,infection,510
10.238253653918438,290,0,302,408,0,0,0,700,infection,662
10.256728506334067,290,0,301,409,0,0,0,700,recovery,124
10.257468837300769,290,0,300,410,0,0,0,700,recovery,340
10.263378302450274,289,0,301,410,0,0,0,701,infection,6
10.267535716974102,288,0,302,410,0,0,0,702,infection,228
10.267609806859488,287,0,303,410,0,0,0,703,infection,278
10.268899651576778,286,0,304,410,0,0,0,704,infection,607
10.281595196307535,286,0,303,411,0,0,0,704,recovery,749
10.282997527280273,285,0,304,411,0,0,0,705,infection,861
10.292738169517003,285,0,303,412,0,0,0,705,recovery,807
10.298565797225663,285,0,302,413,0,0,0,705,recovery,957
10.300945582705033,285,0,301,414,0,0,0,705,recovery,277
10.310632939464837,285,0,300,415,0,0,0,705,recovery,220
10.31743696521086,285,0,299,416,0,0,0,705,recovery,436
10.324843289510849,285,0,298,417,0,0,0,705,recovery,23
10.328054301992722,285,0,297,418,0,0,0,705,recovery,487
10.329771212970831,285,0,296,419,0,0,0,705,recovery,609
10.342288841560713,284,0,297,419,0,0,0,706,infection,296
10.36413993127503,283,0,298,419,0,0,0,707,infection,367
10.378222944797956,283,0,297,420,0,0,0,707,recovery,733
10.383251722009636,283,0,296,421,0,0,0,707,recovery,202
10.386139412017853,282,0,297,421,0,0,0,708,infection,357
10.388524034561124,281,0,298,421,0,0,0,709,infection,558
10.390193174926772,280,0,299,421,0,0,0,710,infection,65
10.403079250215063,279,0,300,421,0,0,0,711,infection,646
10.405810621891067,279,0,299,422,0,0,0,711,recovery,525
10.411503513436996,279,0,298,423,0,0,0,711,recovery,736
10.41237921225785,278,0,299,423,0,0,0,712,infection,353
10.434279607456915,278,0,298,424,0,0,0,712,recovery,373
10.435958021003026,277,0,299,424,0,0,0,713,infection,272
10.44174178535209,277,0,298,425,0,0,0,713,recovery,578
10.452878856406663,276,0,299,425,0,0,0,714,infection,399
10.454300792449917,275,0,300,425,0,0,0,715,infection,755
10.45897710361428,275,0,299,426,0,0,0,715,recovery,506
10.461927280436365,274,0,300,426,0,0,0,716,infection,68
10.46956071670661,274,0,299,427,0,0,0,716,recovery,887
10.479928733209887,274,0,298,428,0,0,0,716,recovery,322
10.490975291293767,273,0,299,428,0,0,0,717,infection,89
10.49735918802816,273,0,298,429,0,0,0,717,recovery,868
10.500754754311,272,0,299,429,0,0,0,718,infection,24
10.507077268175477,272,0,298,430,0,0,0,718,recovery,852
10.507499561420454,272,0,297,431,0,0,0,718,recovery,510
10.527065388860587,271,0,298,431,0,0,0,719,infection,2
10.537276986637474,270,0,299,431,0,0,0,720,infection,269
10.549943386828364,270,0,298,432,0,0,0,720,recovery,77
10.559006574705194,269,0,299,432,0,0,0,721,infection,495
10.560921325717553,268,0,300,432,0,0,0,722,infection,381
10.565691846837193,268,0,299,433,0,0,0,722,recovery,528
10.591308130693536,268,0,298,434,0,0,0,722,recovery,865
10.612787062190161,268,0,297,435,0,0,0,722,recovery,52
10.621619387996088,268,0,296,436,0,0,0,722,recovery,514
10.630409556500233,268,0,295,437,0,0,0,722,recovery,653
10.632596600805131,267,0,296,437,0,0,0,723,infection,604
10.643504881631413,266,0,297,437,0,0,0,724,infection,714
10.648830040105342,266,0,296,438,0,0,0,724,recovery,465
10.659416399234814,266,0,295,439,0,0,0,724,recovery,271
10.661298339126356,266,0,294,440,0,0,0,724,recovery,859
10.668698482465803,266,0,293,441,0,0,0,724,recovery,933
10.671656979445421,266,0,292,442,0,0,0,724,recovery,110
10.692750976747211,266,0,291,443,0,0,0,724,recovery,26
10.692906721332037,266,0,290,444,0,0,0,724,recovery,85
10.693783194226517,266,0,289,445,0,0,0,724,recovery,871
10.697340120028992,265,0,290,445,0,0,0,725,infection,899
10.706454930203305,264,0,291,445,0,0,0,726,infection,182
10.707701687736252,263,0,292,445,0,0,0,727,infection,886
10.720506583696057,263,0,291,446,0,0,0,727,recovery,174
10.726335562034375,263,0,290,447,0,0,0,727,recovery,155
10.731484418751911,263,0,289,448,0,0,0,727,recovery,59
10.738075317350647,262,0,290,448,0,0,0,728,infection,560
10.756558473262912,262,0,289,449,0,0,0,728,recovery,434
10.789454392453019,262,0,288,450,0,0,0,728,recovery,560
10.789808580796166,262,0,287,451,0,0,0,728,recovery,757
10.792685839505532,262,0,286,452,0,0,0,728,recovery,182
10.797720221884425,262,0,285,453,0,0,0,728,recovery,856
10.798890310001045,262,0,284,454,0,0,0,728,recovery,128
10.80214054284097,262,0,283,455,0,0,0,728,recovery,744
10.80842621197247,262,0,282,456,0,0,0,728,recovery,484
10.820975118401513,261,0,283,456,0,0,0,729,infection,427
10.821074050719611,261,0,282,457,0,0,0,729,recovery,632
10.827024969129486,261,0,281,458,0,0,0,729,recovery,906
10.831367373641447,261,0,280,459,0,0,0,729,recovery,215
10.856850657408481,260,0,281,459,0,0,0,730,infection,335
10.859892532257655,260,0,280,460,0,0,0,730,recovery,616
10.874841797089907,260,0,279,461,0,0,0,730,recovery,652
10.883907602158413,260,0,278,462,0,0,0,730,recovery,600
10.8919761624756,259,0,279,462,0,0,0,731,infection,485
10.906854944481804,258,0,280,462,0,0,0,732,infection,613
10.92711084636388,257,0,281,462,0,0,0,733,infection,912
10.928432182304382,256,0,282,462,0,0,0,734,infection,796
10.938353565589603,255,0,283,462,0,0,0,735,infection,210
10.944787764955928,255,0,282,463,0,0,0,735,recovery,470
10.954569164057531,254,0,283,463,0,0,0,736,infection,299
10.96055983492777,253,0,284,463,0,0,0,737,infection,78
10.969966906293394,252,0,285,463,0,0,0,738,infection,100
10.972305520138356,252,0,284,464,0,0,0,738,recovery,938
10.972656059262297,252,0,283,465,0,0,0,738,recovery,988
10.98436366831476,252,0,282,466,0,0,0,738,recovery,711
10.984496122251551,252,0,281,467,0,0,0,738,recovery,43
10.9893320413199,252,0,280,468,0,0,0,738,recovery,278
10.990464106728117,251,0,281,468,0,0,0,739,infection,258
11.01214320853472,251,0,280,469,0,0,0,739,recovery,87
11.032146106961985,251,0,279,470,0,0,0,739,recovery,66
11.03269870650815,251,0,278,471,0,0,0,739,recovery,365
11.034962533950607,251,0,277,472,0,0,0,739,recovery,299
11.06000055748706,250,0,278,472,0,0,0,740,infection,109
11.060098522205323,249,0,279,472,0,0,0,741,infection,291
11.076364646845517,248,0,280,472,0,0,0,742,infection,263
11.078278732663623,247,0,281,472,0,0,0,743,infection,72
11.114383933235583,246,0,282,472,0,0,0,744,infection,809
11.114437431209844,246,0,281,473,0,0,0,744,recovery,613
11.120150603549348,246,0,280,474,0,0,0,744,recovery,387
11.142238228304638,246,0,279,475,0,0,0,744,recovery,605
11.152249384430739,245,0,280,475,0,0,0,745,infection,48
11.175198830539118,245,0,279,476,0,0,0,745,recovery,241
11.183374157607577,244,0,280,476,0,0,0,746,infection,595
11.189724173613902,243,0,281,476,0,0,0,747,infection,148
11.20405264081616,242,0,282,476,0,0,0,748,infection,905
11.215733022959483,242,0,281,477,0,0,0,748,recovery,218
11.252627440012173,242,0,280,478,0,0,0,748,recovery,346
11.254937301178764,242,0,279,479,0,0,0,748,recovery,968
11.255133253881816,242,0,278,480,0,0,0,748,recovery,196
11.259903499896668,242,0,277,481,0,0,0,748,recovery,558
11.263138206935245,242,0,276,482,0,0,0,748,recovery,828
11.265503559957569,242,0,275,483,0,0,0,748,recovery,351
11.277999373130765,242,0,274,484,0,0,0,748,recovery,132
11.283164862766998,242,0,273,485,0,0,0,748,recovery,258
11.287601111033693,242,0,272,486,0,0,0,748,recovery,572
11.295748967301572,241,0,273,486,0,0,0,749,infection,908
11.316190594046116,241,0,272,487,0,0,0,749,recovery,577
11.323348265283366,240,0,273,487,0,0,0,750,infection,190
11.330748643753163,239,0,274,487,0,0,0,751,infection,282
11.331202664302303,239,0,273,488,0,0,0,751,recovery,591
11.331887272176354,238,0,274,488,0,0,0,752,infection,801
11.351748725341977,238,0,273,489,0,0,0,752,recovery,896
11.35207887610319,237,0,274,489,0,0,0,753,infection,559
11.369231790121104,237,0,273,490,0,0,0,753,recovery,576
11.371962342731393,237,0,272,491,0,0,0,753,recovery,286
11.373278476983478,236,0,273,491,0,0,0,754,infection,720
11.37360916952109,235,0,274,491,0,0,0,755,infection,952
11.383753781801637,235,0,273,492,0,0,0,755,recovery,162
11.390513490702896,234,0,274,492,0,0,0,756,infection,46
11.39217760675417,234,0,273,493,0,0,0,756,recovery,687
11.400911695939309,234,0,272,494,0,0,0,756,recovery,73
11.402256388466677,234,0,271,495,0,0,0,756,recovery,172
11.417457831199743,233,0,272,495,0,0,0,757,infection,984
11.427514490125233,232,0,273,495,0,0,0,758,infection,810
11.445832664539717,232,0,272,496,0,0,0,758,recovery,72
11.458819678552711,232,0,271,497,0,0,0,758,recovery,810
11.45997298291425,231,0,272,497,0,0,0,759,infection,829
11.465981035259166,230,0,273,497,0,0,0,760,infection,20
11.46646751921612,229,0,274,497,0,0,0,761,infection,691
11.467250085002552,229,0,273,498,0,0,0,761,recovery,353
11.478916364191772,228,0,274,498,0,0,0,762,infection,737
11.485285908700492,228,0,273,499,0,0,0,762,recovery,106
11.491556254752217,228,0,272,500,0,0,0,762,recovery,6
11.496533462242489,228,0,271,501,0,0,0,762,recovery,188
11.500366647667004,228,0,270,502,0,0,0,762,recovery,251
11.509504051123947,228,0,269,503,0,0,0,762,recovery,751
11.511074590326423,227,0,270,503,0,0,0,763,infection,719
11.522761398807909,227,0,269,504,0,0,0,763,recovery,1
11.523377646913334,227,0,268,505,0,0,0,763,recovery,553
11.523712401898562,227,0,267,506,0,0,0,763,recovery,100
11.525682978932636,227,0,266,507,0,0,0,763,recovery,8
11.531800743104489,226,0,267,507,0,0,0,764,infection,891
11.539151132800505,226,0,266,508,0,0,0,764,recovery,521
11.539235094964312,225,0,267,508,0,0,0,765,infection,650
11.542321979965305,225,0,266,509,0,0,0,765,recovery,53
11.543966008943553,225,0,265,510,0,0,0,765,recovery,450
11.547923734740289,225,0,264,511,0,0,0,765,recovery,604
11.558645230645304,225,0,263,512,0,0,0,765,recovery,64
11.568629419181036,225,0,262,513,0,0,0,765,recovery,758
11.571548404990436,225,0,261,514,0,0,0,765,recovery,564
11.5896293817672,225,0,260,515,0,0,0,765,recovery,879
11.596035892927866,224,0,261,515,0,0,0,766,infection,765
11.63330085159537,223,0,262,515,0,0,0,767,infection,611
11.654501274037045,222,0,263,515,0,0,0,768,infection,664
11.655999069237419,222,0,262,516,0,0,0,768,recovery,596
11.694149702326156,222,0,261,517,0,0,0,768,recovery,623
11.715059538066264,222,0,260,518,0,0,0,768,recovery,775
11.72530008394896,222,0,259,519,0,0,0,768,recovery,252
11.726067535963931,222,0,258,520,0,0,0,768,recovery,399
11.732084939156906,221,0,259,520,0,0,0,769,infection,320
11.733673832069442,221,0,258,521,0,0,0,769,recovery,712
11.734319415873472,220,0,259,521,0,0,0,770,infection,710
11.772086486093174,219,0,260,521,0,0,0,771,infection,953
11.785398306529043,219,0,259,522,0,0,0,771,recovery,166
11.790096852113843,219,0,258,523,0,0,0,771,recovery,210
11.80377784800811,219,0,257,524,0,0,0,771,recovery,507
11.807956683167815,219,0,256,525,0,0,0,771,recovery,972
11.82865683931325,219,0,255,526,0,0,0,771,recovery,731
11.853148583005575,219,0,254,527,0,0,0,771,recovery,520
11.869155498942032,218,0,255,527,0,0,0,772,infection,438
11.869216081010105,218,0,254,528,0,0,0,772,recovery,503
11.876034498381669,218,0,253,529,0,0,0,772,recovery,269
11.881742912912857,218,0,252,530,0,0,0,772,recovery,321
11.899959357416243,218,0,251,531,0,0,0,772,recovery,184
11.904132129569685,218,0,250,532,0,0,0,772,recovery,357
11.90795492680809,217,0,251,532,0,0,0,773,infection,970
11.912290514045127,217,0,250,533,0,0,0,773,recovery,745
11.931072248643945,216,0,251,533,0,0,0,774,infection,449
11.941806879588503,215,0,252,533,0,0,0,775,infection,846
11.943693503339759,215,0,251,534,0,0,0,775,recovery,96
11.981604772381193,215,0,250,535,0,0,0,775,recovery,773
11.995833952319607,215,0,249,536,0,0,0,775,recovery,899
12.00279777598913,214,0,250,536,0,0,0,776,infection,696
12.018723949118076,214,0,249,537,0,0,0,776,recovery,697
12.026802100715587,213,0,250,537,0,0,0,777,infection,262
12.051130501246227,212,0,251,537,0,0,0,778,infection,225
12.0693071839523,212,0,250,538,0,0,0,778,recovery,754
12.085242898693927,211,0,251,538,0,0,0,779,infection,834
12.095234686882476,210,0,252,538,0,0,0,780,infection,133
12.16198471063613,210,0,251,539,0,0,0,780,recovery,524
12.174525670657484,209,0,252,539,0,0,0,781,infection,178
12.183673647721989,209,0,251,540,0,0,0,781,recovery,78
12.18368509245921,209,0,250,541,0,0,0,781,recovery,429
12.215886937124395,208,0,251,541,0,0,0,782,infection,445
12.216496740147797,207,0,252,541,0,0,0,783,infection,360
12.230202346771918,207,0,251,542,0,0,0,783,recovery,763
12.242903155525353,207,0,250,543,0,0,0,783,recovery,415
12.250996019393385,206,0,251,543,0,0,0,784,infection,61
12.260937316434207,205,0,252,543,0,0,0,785,infection,960
12.27588586196835,204,0,253,543,0,0,0,786,infection,704
12.277221173698756,203,0,254,543,0,0,0,787,infection,682
12.297929811228698,202,0,255,543,0,0,0,788,infection,383
12.302173286584127,201,0,256,543,0,0,0,789,infection,143
12.304362585681451,201,0,255,544,0,0,0,789,recovery,650
12.312447719037799,201,0,254,545,0,0,0,789,recovery,716
12.343386660877561,201,0,253,546,0,0,0,789,recovery,133
12.35102865614946,200,0,254,546,0,0,0,790,infection,583
12.392472740236816,200,0,253,547,0,0,0,790,recovery,508
12.395153393087416,199,0,254,547,0,0,0,791,infection,543
12.40418133382854,198,0,255,547,0,0,0,792,infection,660
12.413248513570377,198,0,254,548,0,0,0,792,recovery,247
12.435198668169338,197,0,255,548,0,0,0,793,infection,594
12.442428630762445,196,0,256,548,0,0,0,794,infection,200
12.452473839125505,195,0,257,548,0,0,0,795,infection,69
12.454279004320664,195,0,256,549,0,0,0,795,recovery,481
12.454308478108244,195,0,255,550,0,0,0,795,recovery,881
12.458520143129476,194,0,256,550,0,0,0,796,infection,752
12.478797153828108,194,0,255,551,0,0,0,796,recovery,361
12.491404053916307,193,0,256,551,0,0,0,797,infection,192
12.49829983551384,193,0,255,552,0,0,0,797,recovery,13
12.50184094171616,193,0,254,553,0,0,0,797,recovery,255
12.515458122878169,193,0,253,554,0,0,0,797,recovery,28
12.528783515285998,193,0,252,555,0,0,0,797,recovery,732
12.560755778053982,193,0,251,556,0,0,0,797,recovery,750
12.57437786502331,193,0,250,557,0,0,0,797,recovery,136
12.587826873494475,192,0,251,557,0,0,0,798,infection,742
12.617246358820312,191,0,252,557,0,0,0,799,infection,441
12.623056492846379,191,0,251,558,0,0,0,799,recovery,349
12.63187543878078,190,0,252,558,0,0,0,800,infection,265
12.638566598719146,189,0,253,558,0,0,0,801,infection,624
12.640611500086088,188,0,254,558,0,0,0,802,infection,966
12.644923506182732,188,0,253,559,0,0,0,802,recovery,432
12.648227281124345,188,0,252,560,0,0,0,802,recovery,509
12.65878834163041,187,0,253,560,0,0,0,803,infection,722
12.661450938400531,187,0,252,561,0,0,0,803,recovery,410
12.708420279097464,187,0,251,562,0,0,0,803,recovery,360
12.710587800534544,187,0,250,563,0,0,0,803,recovery,153
12.711711151710594,186,0,251,563,0,0,0,804,infection,493
12.720853207152862,185,0,252,563,0,0,0,805,infection,959
12.723095749832456,185,0,251,564,0,0,0,805,recovery,824
12.723759702807438,185,0,250,565,0,0,0,805,recovery,20
12.73869347823063,185,0,249,566,0,0,0,805,recovery,176
12.744432386406634,185,0,248,567,0,0,0,805,recovery,671
12.750329320950943,185,0,247,568,0,0,0,805,recovery,774
12.75730875006589,185,0,246,569,0,0,0,805,recovery,761
12.760046626937928,185,0,245,570,0,0,0,805,recovery,42
12.765019568840051,184,0,246,570,0,0,0,806,infection,7
12.78155163953598,184,0,245,571,0,0,0,806,recovery,488
12.796400157582262,184,0,244,572,0,0,0,806,recovery,883
12.796914922252405,184,0,243,573,0,0,0,806,recovery,790
12.798283170148766,183,0,244,573,0,0,0,807,infection,901
12.81243236907697,183,0,243,574,0,0,0,807,recovery,617
12.833443073842252,183,0,242,575,0,0,0,807,recovery,190
12.845256480952328,183,0,241,576,0,0,0,807,recovery,874
12.847051213436313,183,0,240,577,0,0,0,807,recovery,496
12.847377114208223,183,0,239,578,0,0,0,807,recovery,664
12.848143812540785,183,0,238,579,0,0,0,807,recovery,14
12.853074881866855,183,0,237,580,0,0,0,807,recovery,317
12.856282353686836,183,0,236,581,0,0,0,807,recovery,398
12.879435264298921,182,0,237,581,0,0,0,808,infection,601
12.889327897634857,182,0,236,582,0,0,0,808,recovery,905
12.904796786885187,181,0,237,582,0,0,0,809,infection,103
12.917429659699422,181,0,236,583,0,0,0,809,recovery,969
12.934400226185463,181,0,235,584,0,0,0,809,recovery,243
12.939638816776473,180,0,236,584,0,0,0,810,infection,619
12.947223615875584,180,0,235,585,0,0,0,810,recovery,886
12.949045081315685,180,0,234,586,0,0,0,810,recovery,593
12.951651683027523,180,0,233,587,0,0,0,810,recovery,932
12.954307292020955,180,0,232,588,0,0,0,810,recovery,265
12.979956168288886,179,0,233,588,0,0,0,811,infection,459
12.982707960060921,179,0,232,589,0,0,0,811,recovery,427
13.026463750297319,178,0,233,589,0,0,0,812,infection,665
13.029126432959197,177,0,234,589,0,0,0,813,infection,104
13.030337327473747,176,0,235,589,0,0,0,814,infection,767
13.034132779941165,176,0,234,590,0,0,0,814,recovery,103
13.043127879535708,175,0,235,590,0,0,0,815,infection,379
13.049163936062929,175,0,234,591,0,0,0,815,recovery,888
13.04948693647881,174,0,235,591,0,0,0,816,infection,186
13.05040543061356,174,0,234,592,0,0,0,816,recovery,559
13.052399966426233,173,0,235,592,0,0,0,817,infection,645
13.056211705222436,173,0,234,593,0,0,0,817,recovery,391
13.075727132532155,173,0,233,594,0,0,0,817,recovery,222
13.079552377478576,173,0,232,595,0,0,0,817,recovery,960
13.08641774635969,173,0,231,596,0,0,0,817,recovery,599
13.090382711022396,173,0,230,597,0,0,0,817,recovery,611
13.091980342329643,173,0,229,598,0,0,0,817,recovery,441
13.092321026663786,173,0,228,599,0,0,0,817,recovery,696
13.102886332403218,173,0,227,600,0,0,0,817,recovery,61
13.144536251134463,173,0,226,601,0,0,0,817,recovery,682
13.183868241530337,173,0,225,602,0,0,0,817,recovery,537
13.195703711421976,172,0,226,602,0,0,0,818,infection,925
13.198589471470154,172,0,225,603,0,0,0,818,recovery,930
13.222776444502395,172,0,224,604,0,0,0,818,recovery,112
13.237038341535795,171,0,225,604,0,0,0,819,infection,37
13.245826327796806,171,0,224,605,0,0,0,819,recovery,476
13.276374716827045,171,0,223,606,0,0,0,819,recovery,768
13.278436306599385,171,0,222,607,0,0,0,819,recovery,327
13.285126735897688,170,0,223,607,0,0,0,820,infection,216
13.295497191970904,169,0,224,607,0,0,0,821,infection,618
13.303340956390521,168,0,225,607,0,0,0,822,infection,668
13.313526909311417,168,0,224,608,0,0,0,822,recovery,200
13.378168903548728,167,0,225,608,0,0,0,823,infection,25
13.41288086405551,166,0,226,608,0,0,0,824,infection,63
13.41841868658605,166,0,225,609,0,0,0,824,recovery,235
13.423534853271763,166,0,224,610,0,0,0,824,recovery,791
13.432676826267267,165,0,225,610,0,0,0,825,infection,847
13.432761119422123,165,0,224,611,0,0,0,825,recovery,225
13.44281849609695,164,0,225,611,0,0,0,826,infection,140
13.444851696247348,164,0,224,612,0,0,0,826,recovery,382
13.460286114873155,163,0,225,612,0,0,0,827,infection,168
13.501629240966672,163,0,224,613,0,0,0,827,recovery,168
13.51579779725517,163,0,223,614,0,0,0,827,recovery,395
13.516095560908944,163,0,222,615,0,0,0,827,recovery,706
13.521779399724792,163,0,221,616,0,0,0,827,recovery,320
13.532455926307419,163,0,220,617,0,0,0,827,recovery,765
13.533260397443325,163,0,219,618,0,0,0,827,recovery,83
13.53375959255235,163,0,218,619,0,0,0,827,recovery,293
13.549700885135238,163,0,217,620,0,0,0,827,recovery,267
13.55600519139314,163,0,216,621,0,0,0,827,recovery,285
13.562010301831851,163,0,215,622,0,0,0,827,recovery,208
13.58960141123604,163,0,214,623,0,0,0,827,recovery,459
13.604487123004251,162,0,215,623,0,0,0,828,infection,71
13.621984411051256,161,0,216,623,0,0,0,829,infection,780
13.63717478253789,161,0,215,624,0,0,0,829,recovery,306
13.638034608411196,161,0,214,625,0,0,0,829,recovery,63
13.674290302605973,161,0,213,626,0,0,0,829,recovery,148
13.677344606269862,161,0,212,627,0,0,0,829,recovery,446
13.680188325280538,160,0,213,627,0,0,0,830,infection,460
13.683748106142344,160,0,212,628,0,0,0,830,recovery,704
13.691384688287966,159,0,213,628,0,0,0,831,infection,963
13.71374650507079,158,0,214,628,0,0,0,832,infection,586
13.721159521952298,158,0,213,629,0,0,0,832,recovery,144
13.723698291804324,158,0,212,630,0,0,0,832,recovery,848
13.72879055308774,158,0,211,631,0,0,0,832,recovery,919
13.750740393640895,158,0,210,632,0,0,0,832,recovery,925
13.762854288238715,157,0,211,632,0,0,0,833,infection,746
13.76375672949942,156,0,212,632,0,0,0,834,infection,889
13.77344851301147,156,0,211,633,0,0,0,834,recovery,216
13.830947006573513,156,0,210,634,0,0,0,834,recovery,102
13.834205338414876,156,0,209,635,0,0,0,834,recovery,380
13.8579978271142,156,0,208,636,0,0,0,834,recovery,802
13.865434206662071,155,0,209,636,0,0,0,835,infection,309
13.86793442499131,154,0,210,636,0,0,0,836,infection,924
13.881606544589111,154,0,209,637,0,0,0,836,recovery,582
13.89182524071445,154,0,208,638,0,0,0,836,recovery,830
13.892553559278172,153,0,209,638,0,0,0,837,infection,62
13.920954837348784,152,0,210,638,0,0,0,838,infection,784
13.921905081005484,152,0,209,639,0,0,0,838,recovery,291
13.922776125560103,151,0,210,639,0,0,0,839,infection,538
13.936349534126087,150,0,211,639,0,0,0,840,infection,137
13.939783487898767,150,0,210,640,0,0,0,840,recovery,7
13.94423462280563,149,0,211,640,0,0,0,841,infection,725
13.94943042573842,149,0,210,641,0,0,0,841,recovery,178
13.980834606236435,149,0,209,642,0,0,0,841,recovery,642
13.983188699740392,148,0,210,642,0,0,0,842,infection,425
14.021166356190781,148,0,209,643,0,0,0,842,recovery,22
14.02197145807314,147,0,210,643,0,0,0,843,infection,637
14.031135807200943,147,0,209,644,0,0,0,843,recovery,335
14.03317361928226,146,0,210,644,0,0,0,844,infection,79
14.04401916789669,146,0,209,645,0,0,0,844,recovery,837
14.058383014838917,146,0,208,646,0,0,0,844,recovery,416
14.064298585394804,145,0,209,646,0,0,0,845,infection,598
14.093982501971697,145,0,208,647,0,0,0,845,recovery,665
14.10421623060754,144,0,209,647,0,0,0,846,infection,214
14.108157704643991,144,0,208,648,0,0,0,846,recovery,705
14.127383255752799,144,0,207,649,0,0,0,846,recovery,282
14.139108173438405,144,0,206,650,0,0,0,846,recovery,693
14.146216020181148,143,0,207,650,0,0,0,847,infection,922
14.156534134662403,142,0,208,650,0,0,0,848,infection,770
14.16832538857549,142,0,207,651,0,0,0,848,recovery,214
14.189393577864235,142,0,206,652,0,0,0,848,recovery,720
14.19951300848553,142,0,205,653,0,0,0,848,recovery,381
14.204337637493792,141,0,206,653,0,0,0,849,infection,728
14.20595922984864,140,0,207,653,0,0,0,850,infection,212
14.206862285764036,139,0,208,653,0,0,0,851,infection,855
14.223775467810693,139,0,207,654,0,0,0,851,recovery,217
14.23515551003935,138,0,208,654,0,0,0,852,infection,326
14.250427417587524,138,0,207,655,0,0,0,852,recovery,49
14.25075332128598,138,0,206,656,0,0,0,852,recovery,861
14.25807358949757,138,0,205,657,0,0,0,852,recovery,192
14.308226150617854,137,0,206,657,0,0,0,853,infection,159
14.328913456427282,136,0,207,657,0,0,0,854,infection,34
14.358003078414232,136,0,206,658,0,0,0,854,recovery,752
14.373236284306167,136,0,205,659,0,0,0,854,recovery,767
14.375203866279726,135,0,206,659,0,0,0,855,infection,257
14.400979755415367,135,0,205,660,0,0,0,855,recovery,990
14.410098499134799,135,0,204,661,0,0,0,855,recovery,850
14.456714315304907,135,0,203,662,0,0,0,855,recovery,414
14.461250567062365,135,0,202,663,0,0,0,855,recovery,309
14.462809158326268,135,0,201,664,0,0,0,855,recovery,495
14.478098037007085,135,0,200,665,0,0,0,855,recovery,780
14.478594069438497,135,0,199,666,0,0,0,855,recovery,949
14.48898859345824,134,0,200,666,0,0,0,856,infection,240
14.493971238210355,134,0,199,667,0,0,0,856,recovery,719
14.522787362544944,134,0,198,668,0,0,0,856,recovery,34
14.531880750877246,133,0,199,668,0,0,0,857,infection,135
14.542682679189626,133,0,198,669,0,0,0,857,recovery,834
14.563271277852749,133,0,197,670,0,0,0,857,recovery,411
14.576450319141625,133,0,196,671,0,0,0,857,recovery,831
14.584965476358665,133,0,195,672,0,0,0,857,recovery,571
14.617778962474363,132,0,196,672,0,0,0,858,infection,717
14.620786514639262,131,0,197,672,0,0,0,859,infection,435
14.63745703973217,131,0,196,673,0,0,0,859,recovery,981
14.639618075774163,131,0,195,674,0,0,0,859,recovery,748
14.640909315180572,131,0,194,675,0,0,0,859,recovery,966
14.64111773249404,131,0,193,676,0,0,0,859,recovery,594
14.684717119801892,131,0,192,677,0,0,0,859,recovery,948
14.693234404666386,131,0,191,678,0,0,0,859,recovery,71
14.723742628545606,130,0,192,678,0,0,0,860,infection,370
14.751167271251356,130,0,191,679,0,0,0,860,recovery,101
14.7577599092584,130,0,190,680,0,0,0,860,recovery,633
14.761167266265565,129,0,191,680,0,0,0,861,infection,787
14.781000224520017,129,0,190,681,0,0,0,861,recovery,713
14.782855357020086,129,0,189,682,0,0,0,861,recovery,356
14.808625203525846,129,0,188,683,0,0,0,861,recovery,37
14.827200856553999,128,0,189,683,0,0,0,862,infection,114
14.831325593928359,127,0,190,683,0,0,0,863,infection,47
14.83377570358126,126,0,191,683,0,0,0,864,infection,515
14.893978134414354,126,0,190,684,0,0,0,864,recovery,461
14.907059688042121,125,0,191,684,0,0,0,865,infection,75
14.92424237844458,125,0,190,685,0,0,0,865,recovery,847
14.931928428382808,125,0,189,686,0,0,0,865,recovery,89
14.932755473001428,125,0,188,687,0,0,0,865,recovery,181
14.936928831363009,125,0,187,688,0,0,0,865,recovery,601
14.950588417555247,125,0,186,689,0,0,0,865,recovery,538
14.956947720763996,124,0,187,689,0,0,0,866,infection,219
14.959093009525922,123,0,188,689,0,0,0,867,infection,468
14.981155383912448,123,0,187,690,0,0,0,867,recovery,838
14.981333929067238,123,0,186,691,0,0,0,867,recovery,543
15.002384771446698,122,0,187,691,0,0,0,868,infection,606
15.026742986768411,122,0,186,692,0,0,0,868,recovery,257
15.030493609052666,122,0,185,693,0,0,0,868,recovery,263
15.079526628456277,122,0,184,694,0,0,0,868,recovery,425
15.08655916420581,122,0,183,695,0,0,0,868,recovery,855
15.089686749205907,121,0,184,695,0,0,0,869,infection,917
15.10561600382535,121,0,183,696,0,0,0,869,recovery,592
15.112643841537627,121,0,182,697,0,0,0,869,recovery,681
15.123358133881473,120,0,183,697,0,0,0,870,infection,420
15.13824308783953,120,0,182,698,0,0,0,870,recovery,849
15.142701310023766,120,0,181,699,0,0,0,870,recovery,25
15.14469055959092,120,0,180,700,0,0,0,870,recovery,84
15.153952548700932,120,0,179,701,0,0,0,870,recovery,451
15.162351343753654,120,0,178,702,0,0,0,870,recovery,330
15.174837122218879,120,0,177,703,0,0,0,870,recovery,858
15.176684516623475,120,0,176,704,0,0,0,870,recovery,372
15.178975635026562,120,0,175,705,0,0,0,870,recovery,98
15.214801518648589,120,0,174,706,0,0,0,870,recovery,75
15.232622357651834,120,0,173,707,0,0,0,870,recovery,367
15.255556730428907,120,0,172,708,0,0,0,870,recovery,287
15.256051987002166,120,0,171,709,0,0,0,870,recovery,297
15.26711234473722,120,0,170,710,0,0,0,870,recovery,161
15.269282702232422,120,0,169,711,0,0,0,870,recovery,118
15.26974087920332,119,0,170,711,0,0,0,871,infection,11
15.329267361066243,118,0,171,711,0,0,0,872,infection,502
15.337543421546119,118,0,170,712,0,0,0,872,recovery,953
15.338110512394984,118,0,169,713,0,0,0,872,recovery,913
15.365885757614969,118,0,168,714,0,0,0,872,recovery,205
15.371307965834893,118,0,167,715,0,0,0,872,recovery,370
15.41424452691454,117,0,168,715,0,0,0,873,infection,183
15.440868270743174,117,0,167,716,0,0,0,873,recovery,842
15.44735147331156,117,0,166,717,0,0,0,873,recovery,234
15.456293442011663,117,0,165,718,0,0,0,873,recovery,65
15.46909004814359,116,0,166,718,0,0,0,874,infection,692
15.490797556350676,116,0,165,719,0,0,0,874,recovery,595
15.509811708931393,116,0,164,720,0,0,0,874,recovery,876
15.518914807906562,116,0,163,721,0,0,0,874,recovery,776
15.522702244013104,116,0,162,722,0,0,0,874,recovery,29
15.530048345351005,116,0,161,723,0,0,0,874,recovery,728
15.54312546621938,116,0,160,724,0,0,0,874,recovery,698
15.66533333641698,116,0,159,725,0,0,0,874,recovery,889
15.707218096406288,115,0,160,725,0,0,0,875,infection,799
15.740590863800563,115,0,159,726,0,0,0,875,recovery,598
15.752574263115623,114,0,160,726,0,0,0,876,infection,979
15.752946975173952,114,0,159,727,0,0,0,876,recovery,812
15.783678706468729,114,0,158,728,0,0,0,876,recovery,326
15.785306457964639,114,0,157,729,0,0,0,876,recovery,922
15.791999008944098,114,0,156,730,0,0,0,876,recovery,787
15.874940349967321,114,0,155,731,0,0,0,876,recovery,46
15.885003678016005,114,0,154,732,0,0,0,876,recovery,438
15.89008662145038,114,0,153,733,0,0,0,876,recovery,129
15.898187221175144,114,0,152,734,0,0,0,876,recovery,137
15.902604432828682,114,0,151,735,0,0,0,876,recovery,519
15.909647852725097,113,0,152,735,0,0,0,877,infection,173
15.915496899330783,113,0,151,736,0,0,0,877,recovery,934
15.943494854081614,112,0,152,736,0,0,0,878,infection,549
15.95229823792149,112,0,151,737,0,0,0,878,recovery,854
15.982812333369026,112,0,150,738,0,0,0,878,recovery,635
16.037406640670795,111,0,151,738,0,0,0,879,infection,439
16.040344964733148,110,0,152,738,0,0,0,880,infection,870
16.045717370673874,110,0,151,739,0,0,0,880,recovery,542
16.089903217904943,109,0,152,739,0,0,0,881,infection,764
16.092336233060404,108,0,153,739,0,0,0,882,infection,207
16.09561986052793,108,0,152,740,0,0,0,882,recovery,970
16.100356382676953,107,0,153,740,0,0,0,883,infection,308
16.10647709127687,107,0,152,741,0,0,0,883,recovery,815
16.112398627513755,107,0,151,742,0,0,0,883,recovery,952
16.130425921772815,107,0,150,743,0,0,0,883,recovery,502
16.171805909778914,107,0,149,744,0,0,0,883,recovery,107
16.172568910047858,107,0,148,745,0,0,0,883,recovery,74
16.278691201749627,107,0,147,746,0,0,0,883,recovery,104
16.282620972772886,106,0,148,746,0,0,0,884,infection,305
16.30330585760379,106,0,147,747,0,0,0,884,recovery,829
16.331477112173857,106,0,146,748,0,0,0,884,recovery,614
16.338545965826132,106,0,145,749,0,0,0,884,recovery,839
16.351662659576043,106,0,144,750,0,0,0,884,recovery,24
16.363765924772,106,0,143,751,0,0,0,884,recovery,120
16.403634634427974,106,0,142,752,0,0,0,884,recovery,746
16.42463362613139,106,0,141,753,0,0,0,884,recovery,344
16.440298553191706,106,0,140,754,0,0,0,884,recovery,917
16.47590667552612,106,0,139,755,0,0,0,884,recovery,384
16.477447848998896,105,0,140,755,0,0,0,885,infection,364
16.482243728389353,105,0,139,756,0,0,0,885,recovery,173
16.484919206936993,105,0,138,757,0,0,0,885,recovery,439
16.50288050802932,105,0,137,758,0,0,0,885,recovery,724
16.538582574163815,105,0,136,759,0,0,0,885,recovery,870
16.54298786093532,105,0,135,760,0,0,0,885,recovery,403
16.582040466859716,105,0,134,761,0,0,0,885,recovery,135
16.596994728914197,105,0,133,762,0,0,0,885,recovery,691
16.64709973151946,105,0,132,763,0,0,0,885,recovery,12
16.698873587747443,105,0,131,764,0,0,0,885,recovery,714
16.729670043241697,105,0,130,765,0,0,0,885,recovery,418
16.74240826067563,105,0,129,766,0,0,0,885,recovery,692
16.810749363161463,104,0,130,766,0,0,0,886,infection,863
16.85749804960033,103,0,131,766,0,0,0,887,infection,903
16.871268420593715,103,0,130,767,0,0,0,887,recovery,342
16.890439814723425,103,0,129,768,0,0,0,887,recovery,289
16.90335426309334,102,0,130,768,0,0,0,888,infection,157
16.913887864063646,102,0,129,769,0,0,0,888,recovery,799
16.917975415308593,102,0,128,770,0,0,0,888,recovery,710
16.923167871162022,102,0,127,771,0,0,0,888,recovery,574
16.948422618632538,101,0,128,771,0,0,0,889,infection,987
16.961049481699312,101,0,127,772,0,0,0,889,recovery,38
16.990855676383863,101,0,126,773,0,0,0,889,recovery,68
17.012865204257068,101,0,125,774,0,0,0,889,recovery,979
17.014543457580274,101,0,124,775,0,0,0,889,recovery,207
17.08440602548434,101,0,123,776,0,0,0,889,recovery,413
17.17795751310922,101,0,122,777,0,0,0,889,recovery,755
17.192122786360656,101,0,121,778,0,0,0,889,recovery,920
17.234392912225967,101,0,120,779,0,0,0,889,recovery,272
17.241204086260325,101,0,119,780,0,0,0,889,recovery,722
17.24249195885492,100,0,120,780,0,0,0,890,infection,40
17.24510930387405,99,0,121,780,0,0,0,891,infection,170
17.253574384523652,99,0,120,781,0,0,0,891,recovery,962
17.269726069373572,99,0,119,782,0,0,0,891,recovery,442
17.276733975524337,99,0,118,783,0,0,0,891,recovery,337
17.317942167754495,99,0,117,784,0,0,0,891,recovery,770
17.330595864077342,98,0,118,784,0,0,0,892,infection,32
17.33467909996663,97,0,119,784,0,0,0,893,infection,727
17.378226849165294,97,0,118,785,0,0,0,893,recovery,228
17.430729465134327,96,0,119,785,0,0,0,894,infection,729
17.4322091309452,95,0,120,785,0,0,0,895,infection,986
17.436867944373695,94,0,121,785,0,0,0,896,infection,686
17.48351589953666,93,0,122,785,0,0,0,897,infection,171
17.522004167124674,93,0,121,786,0,0,0,897,recovery,157
17.52997257724912,93,0,120,787,0,0,0,897,recovery,936
17.534527131081497,93,0,119,788,0,0,0,897,recovery,139
17.573479195072878,93,0,118,789,0,0,0,897,recovery,204
17.603796975773285,93,0,117,790,0,0,0,897,recovery,891
17.614957866741356,93,0,116,791,0,0,0,897,recovery,302
17.615487963032468,93,0,115,792,0,0,0,897,recovery,126
17.668453738430355,93,0,114,793,0,0,0,897,recovery,963
17.673609311978836,92,0,115,793,0,0,0,898,infection,862
17.67577551895145,92,0,114,794,0,0,0,898,recovery,219
17.708540741444057,92,0,113,795,0,0,0,898,recovery,583
17.726574462238904,92,0,112,796,0,0,0,898,recovery,637
17.741923716032407,92,0,111,797,0,0,0,898,recovery,784
17.761595053752103,92,0,110,798,0,0,0,898,recovery,355
17.77004626758801,92,0,109,799,0,0,0,898,recovery,305
17.78082879801559,92,0,108,800,0,0,0,898,recovery,171
17.794653708728163,92,0,107,801,0,0,0,898,recovery,742
17.799179966139846,91,0,108,801,0,0,0,899,infection,841
17.835557949163984,91,0,107,802,0,0,0,899,recovery,673
17.88101259940628,91,0,106,803,0,0,0,899,recovery,435
17.890380107575613,91,0,105,804,0,0,0,899,recovery,546
17.91430080271313,91,0,104,805,0,0,0,899,recovery,634
17.919487196714346,91,0,103,806,0,0,0,899,recovery,490
18.092598191649216,91,0,102,807,0,0,0,899,recovery,388
18.218941641715595,91,0,101,808,0,0,0,899,recovery,717
18.236258896677022,91,0,100,809,0,0,0,899,recovery,513
18.248539602244893,91,0,99,810,0,0,0,899,recovery,954
18.299442556362486,91,0,98,811,0,0,0,899,recovery,109
18.315983012419682,90,0,99,811,0,0,0,900,infection,58
18.323452864929827,90,0,98,812,0,0,0,900,recovery,44
18.33692455506101,90,0,97,813,0,0,0,900,recovery,420
18.337776614672947,90,0,96,814,0,0,0,900,recovery,586
18.52542819903409,89,0,97,814,0,0,0,901,infection,444
18.567056024275978,89,0,96,815,0,0,0,901,recovery,341
18.568976748311936,89,0,95,816,0,0,0,901,recovery,912
18.687521286727616,89,0,94,817,0,0,0,901,recovery,809
18.696912558717163,89,0,93,818,0,0,0,901,recovery,959
18.758560455804727,88,0,94,818,0,0,0,902,infection,494
18.765277595329945,88,0,93,819,0,0,0,902,recovery,841
18.80376660047618,87,0,94,819,0,0,0,903,infection,817
18.812951674989726,87,0,93,820,0,0,0,903,recovery,121
18.848627581094643,87,0,92,821,0,0,0,903,recovery,468
18.887170854769735,87,0,91,822,0,0,0,903,recovery,725
18.93880806990577,87,0,90,823,0,0,0,903,recovery,212
18.950463083844163,87,0,89,824,0,0,0,903,recovery,581
19.031467685118205,87,0,88,825,0,0,0,903,recovery,183
19.043433488647786,87,0,87,826,0,0,0,903,recovery,984
19.09150481022811,87,0,86,827,0,0,0,903,recovery,737
19.114718342058577,87,0,85,828,0,0,0,903,recovery,606
19.116679515945837,86,0,86,828,0,0,0,904,infection,332
19.159512635983788,86,0,85,829,0,0,0,904,recovery,48
19.16861748251668,86,0,84,830,0,0,0,904,recovery,240
19.17342771748985,86,0,83,831,0,0,0,904,recovery,607
19.227476290896618,85,0,84,831,0,0,0,905,infection,589
19.260715348652997,85,0,83,832,0,0,0,905,recovery,908
19.26622898996816,84,0,84,832,0,0,0,906,infection,533
19.271246957379834,84,0,83,833,0,0,0,906,recovery,284
19.31345442463891,84,0,82,834,0,0,0,906,recovery,668
19.357889603821107,83,0,83,834,0,0,0,907,infection,853
19.392683364764018,82,0,84,834,0,0,0,908,infection,221
19.40145712287123,82,0,83,835,0,0,0,908,recovery,62
19.428162688595965,82,0,82,836,0,0,0,908,recovery,444
19.44471409390678,82,0,81,837,0,0,0,908,recovery,729
19.454252921907894,82,0,80,838,0,0,0,908,recovery,449
19.473601750965514,82,0,79,839,0,0,0,908,recovery,804
19.484873732911712,82,0,78,840,0,0,0,908,recovery,140
19.50338214906064,81,0,79,840,0,0,0,909,infection,740
19.535788541017165,80,0,80,840,0,0,0,910,infection,832
19.56566963792558,80,0,79,841,0,0,0,910,recovery,680
19.579775026956924,80,0,78,842,0,0,0,910,recovery,134
19.724913853955,79,0,79,842,0,0,0,911,infection,300
19.757384210477973,79,0,78,843,0,0,0,911,recovery,114
19.798487443666513,79,0,77,844,0,0,0,911,recovery,300
19.849498135909773,79,0,76,845,0,0,0,911,recovery,460
19.929619132995338,79,0,75,846,0,0,0,911,recovery,79
19.948669882782482,79,0,74,847,0,0,0,911,recovery,500
20.037877249361557,79,0,73,848,0,0,0,911,recovery,11
20.092768169314645,79,0,72,849,0,0,0,911,recovery,379
20.092992168263123,79,0,71,850,0,0,0,911,recovery,853
20.10844614371109,79,0,70,851,0,0,0,911,recovery,862
20.13100813662054,79,0,69,852,0,0,0,911,recovery,491
20.281382471294233,79,0,68,853,0,0,0,911,recovery,863
20.343895942836287,79,0,67,854,0,0,0,911,recovery,400
20.371668652912046,79,0,66,855,0,0,0,911,recovery,58
20.410660301799847,79,0,65,856,0,0,0,911,recovery,494
20.445524382792122,79,0,64,857,0,0,0,911,recovery,764
20.447721314031494,79,0,63,858,0,0,0,911,recovery,589
20.45894861245051,79,0,62,859,0,0,0,911,recovery,551
20.485526532453015,79,0,61,860,0,0,0,911,recovery,143
20.52461067892471,79,0,60,861,0,0,0,911,recovery,738
20.540379661117356,79,0,59,862,0,0,0,911,recovery,547
20.617639186254326,79,0,58,863,0,0,0,911,recovery,940
20.689618329727868,79,0,57,864,0,0,0,911,recovery,903
20.71462408325264,78,0,58,864,0,0,0,912,infection,177
20.737321461920434,77,0,59,864,0,0,0,913,infection,629
20.86114690611506,77,0,58,865,0,0,0,913,recovery,483
20.89332730640986,77,0,57,866,0,0,0,913,recovery,624
20.937884763357246,77,0,56,867,0,0,0,913,recovery,645
20.942565318080202,76,0,57,867,0,0,0,914,infection,421
21.026416982899025,75,0,58,867,0,0,0,915,infection,659
21.108208707485645,75,0,57,868,0,0,0,915,recovery,817
21.127126568011786,74,0,58,868,0,0,0,916,infection,795
21.165384485995418,73,0,59,868,0,0,0,917,infection,97
21.293147954477973,73,0,58,869,0,0,0,917,recovery,82
21.387393944553132,73,0,57,870,0,0,0,917,recovery,501
21.42176666966487,72,0,58,870,0,0,0,918,infection,654
21.438195585255208,72,0,57,871,0,0,0,918,recovery,686
21.4941935602017,72,0,56,872,0,0,0,918,recovery,659
21.49961072391582,72,0,55,873,0,0,0,918,recovery,364
21.71357127665116,71,0,56,873,0,0,0,919,infection,647
21.725215415525923,71,0,55,874,0,0,0,919,recovery,2
21.782621932397024,71,0,54,875,0,0,0,919,recovery,493
21.89346188326006,71,0,53,876,0,0,0,919,recovery,526
21.935457164421237,71,0,52,877,0,0,0,919,recovery,515
21.93853071169642,71,0,51,878,0,0,0,919,recovery,584
22.010791946605504,71,0,50,879,0,0,0,919,recovery,67
22.03183072143021,71,0,49,880,0,0,0,919,recovery,142
22.130028209771712,70,0,50,880,0,0,0,920,infection,242
22.255672026815173,69,0,51,880,0,0,0,921,infection,314
22.259959137203026,69,0,50,881,0,0,0,921,recovery,511
22.268906799466752,69,0,49,882,0,0,0,921,recovery,832
22.293151605711316,69,0,48,883,0,0,0,921,recovery,426
22.32100446488744,69,0,47,884,0,0,0,921,recovery,221
22.389879907373043,69,0,46,885,0,0,0,921,recovery,901
22.4494863609101,69,0,45,886,0,0,0,921,recovery,296
22.457626229618526,69,0,44,887,0,0,0,921,recovery,618
22.55424971583372,69,0,43,888,0,0,0,921,recovery,262
22.617934109286047,69,0,42,889,0,0,0,921,recovery,846
22.667971027587406,69,0,41,890,0,0,0,921,recovery,629
22.700976723546425,69,0,40,891,0,0,0,921,recovery,40
22.756812042892317,69,0,39,892,0,0,0,921,recovery,32
23.04126243616666,69,0,38,893,0,0,0,921,recovery,796
23.047879356648586,69,0,37,894,0,0,0,921,recovery,383
23.14238666033981,69,0,36,895,0,0,0,921,recovery,69
23.22764391711912,69,0,35,896,0,0,0,921,recovery,533
23.249906009949946,69,0,34,897,0,0,0,921,recovery,186
23.266685738147082,69,0,33,898,0,0,0,921,recovery,987
23.467138813720794,69,0,32,899,0,0,0,921,recovery,314
23.548145181788687,68,0,33,899,0,0,0,922,infection,325
23.669625125262506,68,0,32,900,0,0,0,922,recovery,555
23.67123862289021,68,0,31,901,0,0,0,922,recovery,170
23.721295847120473,68,0,30,902,0,0,0,922,recovery,47
23.841689130714396,67,0,31,902,0,0,0,923,infection,840
23.921198724883915,67,0,30,903,0,0,0,923,recovery,740
23.952751314658084,67,0,29,904,0,0,0,923,recovery,654
23.95390663785836,67,0,28,905,0,0,0,923,recovery,485
24.025250123298598,67,0,27,906,0,0,0,923,recovery,385
24.088052336754373,67,0,26,907,0,0,0,923,recovery,159
24.112395552382388,67,0,25,908,0,0,0,923,recovery,986
24.21048396737236,67,0,24,909,0,0,0,923,recovery,325
24.46858707496812,66,0,25,909,0,0,0,924,infection,294
24.658173767894354,66,0,24,910,0,0,0,924,recovery,224
25.088579038004585,66,0,23,911,0,0,0,924,recovery,332
25.156703038918515,66,0,22,912,0,0,0,924,recovery,924
25.184440108782056,66,0,21,913,0,0,0,924,recovery,294
25.191559833469732,65,0,22,913,0,0,0,925,infection,669
25.526764793981997,65,0,21,914,0,0,0,925,recovery,97
25.71526139675757,65,0,20,915,0,0,0,925,recovery,549
26.262344402393264,65,0,19,916,0,0,0,925,recovery,304
26.616922334205228,64,0,20,916,0,0,0,926,infection,279
26.715569256091495,64,0,19,917,0,0,0,926,recovery,242
27.185335593057744,64,0,18,918,0,0,0,926,recovery,619
27.254013813169507,64,0,17,919,0,0,0,926,recovery,845
27.28890205038807,64,0,16,920,0,0,0,926,recovery,669
27.31493196483208,63,0,17,920,0,0,0,927,infection,9
27.390158322561142,63,0,16,921,0,0,0,927,recovery,840
27.69111300919491,62,0,17,921,0,0,0,928,infection,907
27.83857495498609,61,0,18,921,0,0,0,929,infection,550
27.957266674915516,61,0,17,922,0,0,0,929,recovery,660
28.1608113671412,61,0,16,923,0,0,0,929,recovery,727
28.28368426374033,61,0,15,924,0,0,0,929,recovery,279
28.482539136325645,61,0,14,925,0,0,0,929,recovery,165
29.141090451858283,61,0,13,926,0,0,0,929,recovery,801
29.484233524992845,61,0,12,927,0,0,0,929,recovery,608
29.795211883496485,60,0,13,927,0,0,0,930,infection,404
29.85888738099438,60,0,12,928,0,0,0,930,recovery,445
29.969649631398728,59,0,13,928,0,0,0,931,infection,146
30.439779750621433,59,0,12,929,0,0,0,931,recovery,308
31.19374044201249,59,0,11,930,0,0,0,931,recovery,907
31.342187622222163,59,0,10,931,0,0,0,931,recovery,646
31.820978289498935,59,0,9,932,0,0,0,931,recovery,795
31.864320226106983,59,0,8,933,0,0,0,931,recovery,964
32.269478153057236,59,0,7,934,0,0,0,931,recovery,9
32.65688021747433,59,0,6,935,0,0,0,931,recovery,421
32.92143232375243,59,0,5,936,0,0,0,931,recovery,404
33.13265935580557,58,0,6,936,0,0,0,932,infection,478
33.91685067074041,58,0,5,937,0,0,0,932,recovery,478
35.598410345405846,58,0,4,938,0,0,0,932,recovery,146
35.73991643697441,58,0,3,939,0,0,0,932,recovery,662
35.908660296480384,57,0,4,939,0,0,0,933,infection,352
36.054015639094864,57,0,3,940,0,0,0,933,recovery,177
39.8051194455859,56,0,4,940,0,0,0,934,infection,256
39.83024991459871,56,0,3,941,0,0,0,934,recovery,352
40.0,56,0,3,941,0,0,0,934,horizon,0
