t,S,E,I,R,births,deaths,vaccinated,infections,event,person
0.0,990,0,10,0,0,0,0,0,initial,0
0.08669335886656265,989,0,11,0,0,0,0,1,infection,443
0.20928858114479018,989,0,10,1,0,0,0,1,recovery,995
0.3160321471735702,988,0,11,1,0,0,0,2,infection,13
0.349927338699506,988,0,10,2,0,0,0,2,recovery,999
0.39061639678978066,988,0,9,3,0,0,0,2,recovery,443
0.8448934533397314,987,0,10,3,0,0,0,3,infection,515
0.9176845257037528,986,0,11,3,0,0,0,4,infection,635
1.0542403192113674,985,0,12,3,0,0,0,5,infection,80
1.126120202881224,984,0,13,3,0,0,0,6,infection,905
1.2281307782604134,983,0,14,3,0,0,0,7,infection,448
1.2382639822575736,983,0,13,4,0,0,0,7,recovery,996
1.309833198897374,982,0,14,4,0,0,0,8,infection,406
1.312541554940911,982,0,13,5,0,0,0,8,recovery,515
1.3290859234247654,981,0,14,5,0,0,0,9,infection,820
1.3971797183777535,981,0,13,6,0,0,0,9,recovery,406
1.408036897108232,980,0,14,6,0,0,0,10,infection,704
1.578650789950672,979,0,15,6,0,0,0,11,infection,293
1.6335133790217726,978,0,16,6,0,0,0,12,infection,284
1.7060638614731651,977,0,17,6,0,0,0,13,infection,605
2.0108331377933983,976,0,18,6,0,0,0,14,infection,974
2.0473518443096173,975,0,19,6,0,0,0,15,infection,534
2.071408667899224,974,0,20,6,0,0,0,16,infection,183
2.087394872882548,973,0,21,6,0,0,0,17,infection,420
2.122857398726095,972,0,22,6,0,0,0,18,infection,791
2.1518478996019668,972,0,21,7,0,0,0,18,recovery,183
2.1943684404407087,971,0,22,7,0,0,0,19,infection,713
2.2239569395311487,970,0,23,7,0,0,0,20,infection,205
2.226949471377926,969,0,24,7,0,0,0,21,infection,799
2.3591686018337654,968,0,25,7,0,0,0,22,infection,774
2.3749018026307187,968,0,24,8,0,0,0,22,recovery,774
2.4085533330077507,967,0,25,8,0,0,0,23,infection,940
2.416899080494927,966,0,26,8,0,0,0,24,infection,875
2.433055299480573,965,0,27,8,0,0,0,25,infection,260
2.4530577917154464,965,0,26,9,0,0,0,25,recovery,605
2.532469053270364,964,0,27,9,0,0,0,26,infection,749
2.534599297667261,963,0,28,9,0,0,0,27,infection,68
2.543993120340682,962,0,29,9,0,0,0,28,infection,906
2.693095206143112,961,0,30,9,0,0,0,29,infection,387
2.731764129760613,960,0,31,9,0,0,0,30,infection,953
2.7753315776703964,960,0,30,10,0,0,0,30,recovery,448
2.7813149549483285,959,0,31,10,0,0,0,31,infection,913
2.934078771992153,958,0,32,10,0,0,0,32,infection,160
2.938150001263131,957,0,33,10,0,0,0,33,infection,613
2.983839854165091,956,0,34,10,0,0,0,34,infection,779
3.235856346389797,956,0,33,11,0,0,0,34,recovery,260
3.2632623292451277,955,0,34,11,0,0,0,35,infection,752
3.2657250973551717,954,0,35,11,0,0,0,36,infection,980
3.286968497355764,953,0,36,11,0,0,0,37,infection,806
3.2938203343286316,952,0,37,11,0,0,0,38,infection,325
3.3187972772585534,952,0,36,12,0,0,0,38,recovery,534
3.326082350039423,951,0,37,12,0,0,0,39,infection,829
3.349817172358705,950,0,38,12,0,0,0,40,infection,155
3.4306629648724334,949,0,39,12,0,0,0,41,infection,871
3.453087748279878,949,0,38,13,0,0,0,41,recovery,974
3.4566237180368455,948,0,39,13,0,0,0,42,infection,939
3.4587147377346095,947,0,40,13,0,0,0,43,infection,23
3.4795224445731,946,0,41,13,0,0,0,44,infection,34
3.542595126395115,946,0,40,14,0,0,0,44,recovery,205
3.572577766239454,946,0,39,15,0,0,0,44,recovery,387
3.5939547089417503,945,0,40,15,0,0,0,45,infection,332
3.619742516664555,945,0,39,16,0,0,0,45,recovery,293
3.6234226812804136,944,0,40,16,0,0,0,46,infection,566
3.6955068866844534,943,0,41,16,0,0,0,47,infection,99
3.707063279539374,942,0,42,16,0,0,0,48,infection,858
3.70826109788923,942,0,41,17,0,0,0,48,recovery,806
3.7282644935380786,941,0,42,17,0,0,0,49,infection,650
3.7355444503217687,940,0,43,17,0,0,0,50,infection,39
3.74205997290961,939,0,44,17,0,0,0,51,infection,321
3.742757642488307,939,0,43,18,0,0,0,51,recovery,635
3.756299132135461,938,0,44,18,0,0,0,52,infection,318
3.7761782215467887,937,0,45,18,0,0,0,53,infection,724
3.776613200180967,937,0,44,19,0,0,0,53,recovery,993
3.8087312413775813,936,0,45,19,0,0,0,54,infection,233
3.815326648975691,935,0,46,19,0,0,0,55,infection,656
3.8354648958919104,934,0,47,19,0,0,0,56,infection,210
3.835791642864751,933,0,48,19,0,0,0,57,infection,584
3.845268757653372,932,0,49,19,0,0,0,58,infection,107
3.8597767935423737,932,0,48,20,0,0,0,58,recovery,332
3.9253630649900377,932,0,47,21,0,0,0,58,recovery,991
3.951177788132897,931,0,48,21,0,0,0,59,infection,276
3.965901897361811,930,0,49,21,0,0,0,60,infection,638
3.9724672117263555,929,0,50,21,0,0,0,61,infection,738
3.9887989165531974,928,0,51,21,0,0,0,62,infection,695
4.009459175934534,928,0,50,22,0,0,0,62,recovery,321
4.012801178464235,927,0,51,22,0,0,0,63,infection,914
4.043033086140431,927,0,50,23,0,0,0,63,recovery,325
4.081055041628384,926,0,51,23,0,0,0,64,infection,563
4.092923598689936,925,0,52,23,0,0,0,65,infection,72
4.1527700774532095,925,0,51,24,0,0,0,65,recovery,233
4.161636984688947,925,0,50,25,0,0,0,65,recovery,858
4.1692412028668215,924,0,51,25,0,0,0,66,infection,51
4.1783489279827615,923,0,52,25,0,0,0,67,infection,3
4.212969104569671,923,0,51,26,0,0,0,67,recovery,704
4.214907264047138,922,0,52,26,0,0,0,68,infection,296
4.245712854562509,921,0,53,26,0,0,0,69,infection,554
4.316805633646432,920,0,54,26,0,0,0,70,infection,510
4.3508253546435665,920,0,53,27,0,0,0,70,recovery,613
4.369841752882151,920,0,52,28,0,0,0,70,recovery,80
4.425863894084925,919,0,53,28,0,0,0,71,infection,400
4.462871567986969,918,0,54,28,0,0,0,72,infection,459
4.4640148504571355,917,0,55,28,0,0,0,73,infection,691
4.470600183607181,916,0,56,28,0,0,0,74,infection,127
4.47579068005982,915,0,57,28,0,0,0,75,infection,512
4.49429151618241,914,0,58,28,0,0,0,76,infection,503
4.505342763165842,913,0,59,28,0,0,0,77,infection,942
4.507023891806797,913,0,58,29,0,0,0,77,recovery,998
4.519892750251875,912,0,59,29,0,0,0,78,infection,744
4.522425746756742,911,0,60,29,0,0,0,79,infection,249
4.544084405979266,910,0,61,29,0,0,0,80,infection,465
4.586122605717722,909,0,62,29,0,0,0,81,infection,530
4.591113236812373,909,0,61,30,0,0,0,81,recovery,994
4.595233073712958,908,0,62,30,0,0,0,82,infection,6
4.631947458953591,908,0,61,31,0,0,0,82,recovery,875
4.636421981894144,907,0,62,31,0,0,0,83,infection,988
4.685728027005999,906,0,63,31,0,0,0,84,infection,265
4.694249457280426,905,0,64,31,0,0,0,85,infection,646
4.702375037218403,904,0,65,31,0,0,0,86,infection,603
4.716428986830079,904,0,64,32,0,0,0,86,recovery,459
4.741602292842174,903,0,65,32,0,0,0,87,infection,547
4.745323961072923,903,0,64,33,0,0,0,87,recovery,914
4.802866795651988,902,0,65,33,0,0,0,88,infection,915
4.807997249215985,901,0,66,33,0,0,0,89,infection,516
4.8125352903983165,901,0,65,34,0,0,0,89,recovery,980
4.824483093846855,901,0,64,35,0,0,0,89,recovery,713
4.881104579578366,901,0,63,36,0,0,0,89,recovery,940
4.9187165254806215,900,0,64,36,0,0,0,90,infection,413
4.924333782935891,899,0,65,36,0,0,0,91,infection,812
4.936220978788514,898,0,66,36,0,0,0,92,infection,322
4.9501760224485665,898,0,65,37,0,0,0,92,recovery,829
4.956490316464198,897,0,66,37,0,0,0,93,infection,827
4.985907582522642,896,0,67,37,0,0,0,94,infection,690
5.031422197733235,895,0,68,37,0,0,0,95,infection,259
5.066828367056925,894,0,69,37,0,0,0,96,infection,85
5.123218477856189,894,0,68,38,0,0,0,96,recovery,584
5.126873137420671,894,0,67,39,0,0,0,96,recovery,1000
5.189823926019201,893,0,68,39,0,0,0,97,infection,18
5.198548391526535,893,0,67,40,0,0,0,97,recovery,99
5.213553379907792,892,0,68,40,0,0,0,98,infection,36
5.22303680156448,892,0,67,41,0,0,0,98,recovery,871
5.243481836133765,891,0,68,41,0,0,0,99,infection,335
5.272277167364846,890,0,69,41,0,0,0,100,infection,22
5.302421713661766,889,0,70,41,0,0,0,101,infection,617
5.302731698084461,889,0,69,42,0,0,0,101,recovery,638
5.320755622654789,888,0,70,42,0,0,0,102,infection,706
5.329633608211872,887,0,71,42,0,0,0,103,infection,778
5.349975722110566,886,0,72,42,0,0,0,104,infection,673
5.35710205706683,885,0,73,42,0,0,0,105,infection,747
5.363804928517326,884,0,74,42,0,0,0,106,infection,320
5.370358386892482,884,0,73,43,0,0,0,106,recovery,320
5.384734033233204,884,0,72,44,0,0,0,106,recovery,13
5.420149951052367,883,0,73,44,0,0,0,107,infection,49
5.425668579301461,882,0,74,44,0,0,0,108,infection,96
5.426998104334656,881,0,75,44,0,0,0,109,infection,640
5.497659106180278,880,0,76,44,0,0,0,110,infection,164
5.502710814433139,880,0,75,45,0,0,0,110,recovery,400
5.506984611285886,880,0,74,46,0,0,0,110,recovery,335
5.507849068379454,879,0,75,46,0,0,0,111,infection,303
5.508504390670301,878,0,76,46,0,0,0,112,infection,571
5.534615127832852,878,0,75,47,0,0,0,112,recovery,913
5.554540669390416,877,0,76,47,0,0,0,113,infection,604
5.558018137316661,876,0,77,47,0,0,0,114,infection,802
5.562240391513528,875,0,78,47,0,0,0,115,infection,539
5.581710312080135,875,0,77,48,0,0,0,115,recovery,554
5.604300754689345,875,0,76,49,0,0,0,115,recovery,34
5.658691770029863,874,0,77,49,0,0,0,116,infection,306
5.679977532452615,874,0,76,50,0,0,0,116,recovery,992
5.688470711211777,873,0,77,50,0,0,0,117,infection,204
5.712303843895384,872,0,78,50,0,0,0,118,infection,726
5.715528641704597,871,0,79,50,0,0,0,119,infection,436
5.71933259856498,870,0,80,50,0,0,0,120,infection,567
5.722524062495534,870,0,79,51,0,0,0,120,recovery,318
5.738194509954031,869,0,80,51,0,0,0,121,infection,5
5.744765502068137,868,0,81,51,0,0,0,122,infection,677
5.76672312213573,867,0,82,51,0,0,0,123,infection,721
5.768895711179688,866,0,83,51,0,0,0,124,infection,971
5.770903086124943,865,0,84,51,0,0,0,125,infection,146
5.7811464274251785,864,0,85,51,0,0,0,126,infection,686
5.796601045498279,864,0,84,52,0,0,0,126,recovery,164
5.797975304402901,864,0,83,53,0,0,0,126,recovery,5
5.815589879463764,864,0,82,54,0,0,0,126,recovery,23
5.823449609371766,864,0,81,55,0,0,0,126,recovery,673
5.840973226036001,864,0,80,56,0,0,0,126,recovery,744
5.84956933316434,863,0,81,56,0,0,0,127,infection,932
5.8790157937464045,862,0,82,56,0,0,0,128,infection,842
5.8934472796906165,861,0,83,56,0,0,0,129,infection,714
5.8939299503793645,861,0,82,57,0,0,0,129,recovery,530
5.928659996196729,861,0,81,58,0,0,0,129,recovery,510
5.943894578324224,860,0,82,58,0,0,0,130,infection,502
5.949557024329727,859,0,83,58,0,0,0,131,infection,663
5.959585784884881,858,0,84,58,0,0,0,132,infection,688
5.9665456461945015,857,0,85,58,0,0,0,133,infection,158
5.975829306638373,856,0,86,58,0,0,0,134,infection,421
5.9882221659008135,855,0,87,58,0,0,0,135,infection,144
5.993093836654829,854,0,88,58,0,0,0,136,infection,916
5.994492870516799,853,0,89,58,0,0,0,137,infection,316
6.002378125049604,852,0,90,58,0,0,0,138,infection,622
6.016940773473979,851,0,91,58,0,0,0,139,infection,898
6.0195846778886555,851,0,90,59,0,0,0,139,recovery,747
6.0312931722702325,850,0,91,59,0,0,0,140,infection,446
6.031821043787259,850,0,90,60,0,0,0,140,recovery,465
6.074871953077141,849,0,91,60,0,0,0,141,infection,21
6.077266379859161,848,0,92,60,0,0,0,142,infection,552
6.085960697465114,847,0,93,60,0,0,0,143,infection,765
6.0915495845103464,847,0,92,61,0,0,0,143,recovery,160
6.101697628534179,846,0,93,61,0,0,0,144,infection,770
6.1197423008889205,846,0,92,62,0,0,0,144,recovery,646
6.1237683699971885,845,0,93,62,0,0,0,145,infection,352
6.135532073300007,844,0,94,62,0,0,0,146,infection,156
6.140034739867981,843,0,95,62,0,0,0,147,infection,684
6.201213865067659,842,0,96,62,0,0,0,148,infection,565
6.233905746386336,841,0,97,62,0,0,0,149,infection,46
6.236123000361167,840,0,98,62,0,0,0,150,infection,585
6.245770008304086,840,0,97,63,0,0,0,150,recovery,726
6.247846863377422,840,0,96,64,0,0,0,150,recovery,566
6.263270769021431,840,0,95,65,0,0,0,150,recovery,842
6.2663246028300845,840,0,94,66,0,0,0,150,recovery,306
6.276113818082135,839,0,95,66,0,0,0,151,infection,908
6.283208765298539,838,0,96,66,0,0,0,152,infection,472
6.286615511226478,837,0,97,66,0,0,0,153,infection,777
6.301568680603778,836,0,98,66,0,0,0,154,infection,111
6.302779159129701,836,0,97,67,0,0,0,154,recovery,6
6.310962429348263,835,0,98,67,0,0,0,155,infection,478
6.327991758490413,835,0,97,68,0,0,0,155,recovery,39
6.344695761780047,835,0,96,69,0,0,0,155,recovery,724
6.3497966746457255,834,0,97,69,0,0,0,156,infection,67
6.361176222068304,833,0,98,69,0,0,0,157,infection,725
6.378989252274883,832,0,99,69,0,0,0,158,infection,59
6.380057907192466,832,0,98,70,0,0,0,158,recovery,942
6.383035946626143,832,0,97,71,0,0,0,158,recovery,915
6.398936117613876,832,0,96,72,0,0,0,158,recovery,971
6.4033683225476565,832,0,95,73,0,0,0,158,recovery,127
6.405591540421571,831,0,96,73,0,0,0,159,infection,115
6.422928082857276,830,0,97,73,0,0,0,160,infection,428
6.424829881046726,829,0,98,73,0,0,0,161,infection,946
6.435785461150375,828,0,99,73,0,0,0,162,infection,815
6.4424341298267995,827,0,100,73,0,0,0,163,infection,48
6.4465880428892905,826,0,101,73,0,0,0,164,infection,573
6.455495914729731,826,0,100,74,0,0,0,164,recovery,946
6.457223134856041,826,0,99,75,0,0,0,164,recovery,144
6.468653229836406,825,0,100,75,0,0,0,165,infection,416
6.47274173647461,825,0,99,76,0,0,0,165,recovery,997
6.486988579333425,824,0,100,76,0,0,0,166,infection,811
6.510245100200165,823,0,101,76,0,0,0,167,infection,392
6.552942881562819,822,0,102,76,0,0,0,168,infection,19
6.572176360778386,822,0,101,77,0,0,0,168,recovery,617
6.578760103459561,822,0,100,78,0,0,0,168,recovery,905
6.603665524038723,822,0,99,79,0,0,0,168,recovery,953
6.6060858075540665,821,0,100,79,0,0,0,169,infection,951
6.644171327154925,820,0,101,79,0,0,0,170,infection,343
6.645080413538726,819,0,102,79,0,0,0,171,infection,468
6.70111868033561,818,0,103,79,0,0,0,172,infection,931
6.707052990560201,818,0,102,80,0,0,0,172,recovery,932
6.716312533090753,817,0,103,80,0,0,0,173,infection,848
6.728366360289155,816,0,104,80,0,0,0,174,infection,712
6.74183544842599,816,0,103,81,0,0,0,174,recovery,622
6.742571948540061,816,0,102,82,0,0,0,174,recovery,706
6.745774335165716,815,0,103,82,0,0,0,175,infection,469
6.766062226545523,815,0,102,83,0,0,0,175,recovery,749
6.773707927218233,814,0,103,83,0,0,0,176,infection,258
6.794020907812729,813,0,104,83,0,0,0,177,infection,122
6.797659074688937,812,0,105,83,0,0,0,178,infection,485
6.797761826847232,811,0,106,83,0,0,0,179,infection,483
6.847254831782934,811,0,105,84,0,0,0,179,recovery,567
6.849425872086202,810,0,106,84,0,0,0,180,infection,130
6.8540364705605015,809,0,107,84,0,0,0,181,infection,240
6.863515985448114,808,0,108,84,0,0,0,182,infection,843
6.868385918344905,807,0,109,84,0,0,0,183,infection,412
6.893494628206579,807,0,108,85,0,0,0,183,recovery,316
6.900318705970714,806,0,109,85,0,0,0,184,infection,182
6.90609595304592,805,0,110,85,0,0,0,185,infection,853
6.907243668465303,804,0,111,85,0,0,0,186,infection,845
6.928473518729616,803,0,112,85,0,0,0,187,infection,521
6.93070233726357,802,0,113,85,0,0,0,188,infection,651
6.938415881168365,801,0,114,85,0,0,0,189,infection,828
6.9399605524539165,801,0,113,86,0,0,0,189,recovery,182
6.9580118288799975,800,0,114,86,0,0,0,190,infection,711
6.967938258895179,799,0,115,86,0,0,0,191,infection,376
6.973769061423505,799,0,114,87,0,0,0,191,recovery,656
6.996129621699053,799,0,113,88,0,0,0,191,recovery,777
7.018552964173609,798,0,114,88,0,0,0,192,infection,665
7.0186521037906475,797,0,115,88,0,0,0,193,infection,117
7.026257499381782,797,0,114,89,0,0,0,193,recovery,303
7.029029074174649,797,0,113,90,0,0,0,193,recovery,469
7.037795319032998,796,0,114,90,0,0,0,194,infection,139
7.038441436224679,795,0,115,90,0,0,0,195,infection,391
7.070405017522707,794,0,116,90,0,0,0,196,infection,10
7.078930865053756,794,0,115,91,0,0,0,196,recovery,259
7.084972722668235,793,0,116,91,0,0,0,197,infection,548
7.1026939774808024,792,0,117,91,0,0,0,198,infection,190
7.108909596809807,791,0,118,91,0,0,0,199,infection,523
7.109094481944563,790,0,119,91,0,0,0,200,infection,398
7.115566893365051,790,0,118,92,0,0,0,200,recovery,738
7.118059933874288,789,0,119,92,0,0,0,201,infection,251
7.127839600431023,788,0,120,92,0,0,0,202,infection,272
7.141771089559036,787,0,121,92,0,0,0,203,infection,377
7.145943072211686,787,0,120,93,0,0,0,203,recovery,413
7.14679775467791,786,0,121,93,0,0,0,204,infection,846
7.178651143724043,786,0,120,94,0,0,0,204,recovery,284
7.184192284795509,785,0,121,94,0,0,0,205,infection,55
7.190164090552672,784,0,122,94,0,0,0,206,infection,943
7.19508808771509,784,0,121,95,0,0,0,206,recovery,391
7.244214092309849,783,0,122,95,0,0,0,207,infection,797
7.249783273267105,782,0,123,95,0,0,0,208,infection,670
7.256482202312817,781,0,124,95,0,0,0,209,infection,337
7.2682571745742415,781,0,123,96,0,0,0,209,recovery,96
7.281523857809741,781,0,122,97,0,0,0,209,recovery,770
7.290286881050765,780,0,123,97,0,0,0,210,infection,11
7.298471627189206,779,0,124,97,0,0,0,211,infection,73
7.327818278447437,778,0,125,97,0,0,0,212,infection,687
7.330276822007776,778,0,124,98,0,0,0,212,recovery,420
7.331808143959196,777,0,125,98,0,0,0,213,infection,970
7.36053622289071,776,0,126,98,0,0,0,214,infection,124
7.3755449610693535,775,0,127,98,0,0,0,215,infection,159
7.388120687007062,775,0,126,99,0,0,0,215,recovery,158
7.405913816539385,774,0,127,99,0,0,0,216,infection,570
7.409063634731066,774,0,126,100,0,0,0,216,recovery,640
7.425672265933109,774,0,125,101,0,0,0,216,recovery,651
7.42807673200392,773,0,126,101,0,0,0,217,infection,403
7.439427399862226,772,0,127,101,0,0,0,218,infection,586
7.4448324231711975,772,0,126,102,0,0,0,218,recovery,791
7.455977130209903,771,0,127,102,0,0,0,219,infection,488
7.458483416055716,770,0,128,102,0,0,0,220,infection,698
7.466110557350051,769,0,129,102,0,0,0,221,infection,810
7.472810062212812,769,0,128,103,0,0,0,221,recovery,51
7.485957060531075,768,0,129,103,0,0,0,222,infection,389
7.488610349097925,767,0,130,103,0,0,0,223,infection,310
7.49223099824487,767,0,129,104,0,0,0,223,recovery,688
7.52125077271065,766,0,130,104,0,0,0,224,infection,452
7.546027109987844,765,0,131,104,0,0,0,225,infection,62
7.549359050541861,764,0,132,104,0,0,0,226,infection,529
7.5526950838930205,763,0,133,104,0,0,0,227,infection,850
7.553496899106944,763,0,132,105,0,0,0,227,recovery,452
7.554286760336347,763,0,131,106,0,0,0,227,recovery,190
7.5706651268731955,763,0,130,107,0,0,0,227,recovery,906
7.577732659691159,762,0,131,107,0,0,0,228,infection,659
7.589489554198374,761,0,132,107,0,0,0,229,infection,311
7.597989542289615,760,0,133,107,0,0,0,230,infection,658
7.622417394075404,759,0,134,107,0,0,0,231,infection,247
7.626232136066694,758,0,135,107,0,0,0,232,infection,461
7.634013819521533,757,0,136,107,0,0,0,233,infection,27
7.649362363442667,756,0,137,107,0,0,0,234,infection,86
7.650460645596275,755,0,138,107,0,0,0,235,infection,657
7.654108228285379,755,0,137,108,0,0,0,235,recovery,502
7.654322070135958,754,0,138,108,0,0,0,236,infection,610
7.657802918691119,754,0,137,109,0,0,0,236,recovery,828
7.667365205384481,753,0,138,109,0,0,0,237,infection,863
7.677221522357466,752,0,139,109,0,0,0,238,infection,927
7.71940790957694,751,0,140,109,0,0,0,239,infection,481
7.720655051647379,750,0,141,109,0,0,0,240,infection,367
7.728280602676364,749,0,142,109,0,0,0,241,infection,104
7.730123999029552,749,0,141,110,0,0,0,241,recovery,115
7.7567821781065875,748,0,142,110,0,0,0,242,infection,544
7.765025651369836,747,0,143,110,0,0,0,243,infection,263
7.768219925988388,747,0,142,111,0,0,0,243,recovery,548
7.787347058322477,746,0,143,111,0,0,0,244,infection,965
7.794570724701065,746,0,142,112,0,0,0,244,recovery,483
7.796541867406335,746,0,141,113,0,0,0,244,recovery,392
7.802464267999884,745,0,142,113,0,0,0,245,infection,506
7.803792649615522,745,0,141,114,0,0,0,245,recovery,436
7.805579770260235,744,0,142,114,0,0,0,246,infection,57
7.807357568384079,744,0,141,115,0,0,0,246,recovery,765
7.817300453368926,743,0,142,115,0,0,0,247,infection,314
7.854446143613147,743,0,141,116,0,0,0,247,recovery,55
7.864723817892151,742,0,142,116,0,0,0,248,infection,425
7.875439523008721,742,0,141,117,0,0,0,248,recovery,403
7.875448430725408,741,0,142,117,0,0,0,249,infection,729
7.883865114551009,741,0,141,118,0,0,0,249,recovery,67
7.884583917404774,740,0,142,118,0,0,0,250,infection,285
7.891286045352374,739,0,143,118,0,0,0,251,infection,359
7.892702820628057,739,0,142,119,0,0,0,251,recovery,544
7.895589969922932,738,0,143,119,0,0,0,252,infection,903
7.905200287086846,738,0,142,120,0,0,0,252,recovery,965
7.921124197454266,738,0,141,121,0,0,0,252,recovery,488
7.921219357428473,738,0,140,122,0,0,0,252,recovery,377
7.927530304788592,737,0,141,122,0,0,0,253,infection,634
7.9341404313872514,737,0,140,123,0,0,0,253,recovery,729
7.93581402518341,736,0,141,123,0,0,0,254,infection,342
7.9368741566219425,735,0,142,123,0,0,0,255,infection,709
7.942266100834395,734,0,143,123,0,0,0,256,infection,43
7.9436891055098835,733,0,144,123,0,0,0,257,infection,271
7.952954019253595,732,0,145,123,0,0,0,258,infection,132
7.963333744317569,731,0,146,123,0,0,0,259,infection,384
7.976109736899924,730,0,147,123,0,0,0,260,infection,454
7.985540535579786,729,0,148,123,0,0,0,261,infection,26
8.01438070880687,729,0,147,124,0,0,0,261,recovery,296
8.068990809957446,728,0,148,124,0,0,0,262,infection,786
8.071063657889185,727,0,149,124,0,0,0,263,infection,466
8.073346518788922,726,0,150,124,0,0,0,264,infection,191
8.092317043362442,725,0,151,124,0,0,0,265,infection,497
8.092366765984899,724,0,152,124,0,0,0,266,infection,248
8.092732214537154,724,0,151,125,0,0,0,266,recovery,658
8.094915562142791,723,0,152,125,0,0,0,267,infection,52
8.100992798544757,723,0,151,126,0,0,0,267,recovery,285
8.106360358606308,722,0,152,126,0,0,0,268,infection,641
8.10982524429251,721,0,153,126,0,0,0,269,infection,746
8.126228365387533,720,0,154,126,0,0,0,270,infection,923
8.137833503812665,719,0,155,126,0,0,0,271,infection,878
8.141273705148969,719,0,154,127,0,0,0,271,recovery,446
8.146947370258307,719,0,153,128,0,0,0,271,recovery,258
8.153269476736613,719,0,152,129,0,0,0,271,recovery,191
8.175768574302035,719,0,151,130,0,0,0,271,recovery,665
8.177685389410755,718,0,152,130,0,0,0,272,infection,987
8.18435673036817,717,0,153,130,0,0,0,273,infection,985
8.185371282477238,716,0,154,130,0,0,0,274,infection,148
8.185624337078677,715,0,155,130,0,0,0,275,infection,727
8.208527300385535,714,0,156,130,0,0,0,276,infection,982
8.213930230725992,713,0,157,130,0,0,0,277,infection,69
8.22838077097679,712,0,158,130,0,0,0,278,infection,238
8.232945535027135,711,0,159,130,0,0,0,279,infection,849
8.237122539757054,711,0,158,131,0,0,0,279,recovery,539
8.24416176780357,710,0,159,131,0,0,0,280,infection,473
8.255187775161833,709,0,160,131,0,0,0,281,infection,844
8.258417075808845,708,0,161,131,0,0,0,282,infection,168
8.262813670871731,707,0,162,131,0,0,0,283,infection,141
8.271734211142773,706,0,163,131,0,0,0,284,infection,338
8.280771284445475,705,0,164,131,0,0,0,285,infection,201
8.300783909977829,704,0,165,131,0,0,0,286,infection,975
8.327099896628312,703,0,166,131,0,0,0,287,infection,195
8.339288369367317,703,0,165,132,0,0,0,287,recovery,72
8.342378775831783,702,0,166,132,0,0,0,288,infection,456
8.343831865284763,701,0,167,132,0,0,0,289,infection,307
8.345466686029464,701,0,166,133,0,0,0,289,recovery,384
8.368206912179446,700,0,167,133,0,0,0,290,infection,37
8.37431404078561,699,0,168,133,0,0,0,291,infection,578
8.399276514309616,699,0,167,134,0,0,0,291,recovery,552
8.410242225170593,698,0,168,134,0,0,0,292,infection,250
8.411152281086258,698,0,167,135,0,0,0,292,recovery,570
8.42071117819945,697,0,168,135,0,0,0,293,infection,679
8.433203488761643,696,0,169,135,0,0,0,294,infection,625
8.440612534457793,695,0,170,135,0,0,0,295,infection,202
8.441917935242648,694,0,171,135,0,0,0,296,infection,671
8.446742714797022,693,0,172,135,0,0,0,297,infection,230
8.453572073182675,692,0,173,135,0,0,0,298,infection,945
8.471467006963184,692,0,172,136,0,0,0,298,recovery,238
8.478585601692734,691,0,173,136,0,0,0,299,infection,369
8.497885060815985,691,0,172,137,0,0,0,299,recovery,421
8.504845996866615,690,0,173,137,0,0,0,300,infection,110
8.509395910244546,689,0,174,137,0,0,0,301,infection,768
8.532567620918556,689,0,173,138,0,0,0,301,recovery,68
8.536349137823375,688,0,174,138,0,0,0,302,infection,287
8.54715624424529,687,0,175,138,0,0,0,303,infection,4
8.550312732179648,686,0,176,138,0,0,0,304,infection,509
8.560990377582266,685,0,177,138,0,0,0,305,infection,575
8.564328315692016,685,0,176,139,0,0,0,305,recovery,122
8.568042134575348,684,0,177,139,0,0,0,306,infection,884
8.57462318636868,683,0,178,139,0,0,0,307,infection,493
8.576203721809746,682,0,179,139,0,0,0,308,infection,344
8.576408644326271,681,0,180,139,0,0,0,309,infection,783
8.579272778552992,681,0,179,140,0,0,0,309,recovery,265
8.606474160758056,680,0,180,140,0,0,0,310,infection,763
8.609678300088767,679,0,181,140,0,0,0,311,infection,131
8.612791436550141,678,0,182,140,0,0,0,312,infection,801
8.637876551058417,677,0,183,140,0,0,0,313,infection,180
8.643696252057785,676,0,184,140,0,0,0,314,infection,185
8.647087517793024,675,0,185,140,0,0,0,315,infection,947
8.65152089853639,674,0,186,140,0,0,0,316,infection,629
8.658851784238557,673,0,187,140,0,0,0,317,infection,754
8.661096538283411,672,0,188,140,0,0,0,318,infection,411
8.671727285325296,671,0,189,140,0,0,0,319,infection,877
8.675180675237446,670,0,190,140,0,0,0,320,infection,977
8.67881067550001,670,0,189,141,0,0,0,320,recovery,985
8.688116490243308,669,0,190,141,0,0,0,321,infection,243
8.691607199848711,669,0,189,142,0,0,0,321,recovery,695
8.704293022215497,668,0,190,142,0,0,0,322,infection,381
8.705491724914717,667,0,191,142,0,0,0,323,infection,986
8.707591774745316,666,0,192,142,0,0,0,324,infection,910
8.710505470822726,665,0,193,142,0,0,0,325,infection,336
8.71805048079874,664,0,194,142,0,0,0,326,infection,818
8.73086569640488,663,0,195,142,0,0,0,327,infection,347
8.743304744913686,663,0,194,143,0,0,0,327,recovery,456
8.753364319626364,662,0,195,143,0,0,0,328,infection,145
8.757732111201516,661,0,196,143,0,0,0,329,infection,439
8.760735977435882,660,0,197,143,0,0,0,330,infection,925
8.764903217953169,660,0,196,144,0,0,0,330,recovery,827
8.799984877747894,660,0,195,145,0,0,0,330,recovery,573
8.801448515520182,660,0,194,146,0,0,0,330,recovery,307
8.80203673760963,660,0,193,147,0,0,0,330,recovery,62
8.805378653972513,659,0,194,147,0,0,0,331,infection,892
8.814281441092437,659,0,193,148,0,0,0,331,recovery,848
8.817674097257498,658,0,194,148,0,0,0,332,infection,800
8.817801861342215,657,0,195,148,0,0,0,333,infection,262
8.819635912515658,656,0,196,148,0,0,0,334,infection,807
8.839046199616648,655,0,197,148,0,0,0,335,infection,751
8.843297790978585,654,0,198,148,0,0,0,336,infection,434
8.84438192748771,653,0,199,148,0,0,0,337,infection,756
8.845511654247984,653,0,198,149,0,0,0,337,recovery,783
8.850006893295395,653,0,197,150,0,0,0,337,recovery,877
8.869746113709835,652,0,198,150,0,0,0,338,infection,832
8.881416510831299,652,0,197,151,0,0,0,338,recovery,344
8.882532037338478,652,0,196,152,0,0,0,338,recovery,811
8.885286941557732,651,0,197,152,0,0,0,339,infection,35
8.897270341324157,651,0,196,153,0,0,0,339,recovery,180
8.89746781827619,651,0,195,154,0,0,0,339,recovery,687
8.907889559581628,651,0,194,155,0,0,0,339,recovery,945
8.910382124188484,650,0,195,155,0,0,0,340,infection,699
8.91749762082699,649,0,196,155,0,0,0,341,infection,782
8.931378460343659,648,0,197,155,0,0,0,342,infection,356
8.933709495540956,648,0,196,156,0,0,0,342,recovery,86
8.939415486079572,647,0,197,156,0,0,0,343,infection,536
8.946876301516994,646,0,198,156,0,0,0,344,infection,40
8.9683770323951,646,0,197,157,0,0,0,344,recovery,18
8.978622093181508,645,0,198,157,0,0,0,345,infection,103
8.983185684033888,645,0,197,158,0,0,0,345,recovery,878
8.999969778365827,644,0,198,158,0,0,0,346,infection,956
9.00312914032915,643,0,199,158,0,0,0,347,infection,189
9.012028065653974,643,0,198,159,0,0,0,347,recovery,416
9.035834048684915,643,0,197,160,0,0,0,347,recovery,604
9.05224645172181,643,0,196,161,0,0,0,347,recovery,690
9.058064650049173,643,0,195,162,0,0,0,347,recovery,782
9.07125553917601,642,0,196,162,0,0,0,348,infection,557
9.080391343585449,642,0,195,163,0,0,0,348,recovery,756
9.080960189910744,641,0,196,163,0,0,0,349,infection,895
9.086374462094728,640,0,197,163,0,0,0,350,infection,740
9.090765029549637,639,0,198,163,0,0,0,351,infection,162
9.093524547667817,638,0,199,163,0,0,0,352,infection,218
9.094488326388658,637,0,200,163,0,0,0,353,infection,308
9.096381392382703,636,0,201,163,0,0,0,354,infection,353
9.097782023727524,635,0,202,163,0,0,0,355,infection,492
9.118076289030704,635,0,201,164,0,0,0,355,recovery,251
9.132696325770276,634,0,202,164,0,0,0,356,infection,675
9.13777714801967,633,0,203,164,0,0,0,357,infection,643
9.161308557921712,632,0,204,164,0,0,0,358,infection,664
9.164194823594158,631,0,205,164,0,0,0,359,infection,941
9.166109488514833,630,0,206,164,0,0,0,360,infection,859
9.170490824418989,630,0,205,165,0,0,0,360,recovery,910
9.174089912475957,629,0,206,165,0,0,0,361,infection,919
9.17448787873135,628,0,207,165,0,0,0,362,infection,642
9.180318325058703,627,0,208,165,0,0,0,363,infection,186
9.182092404409662,626,0,209,165,0,0,0,364,infection,84
9.185093685236183,626,0,208,166,0,0,0,364,recovery,59
9.196064070371861,625,0,209,166,0,0,0,365,infection,753
9.197119722047157,624,0,210,166,0,0,0,366,infection,743
9.207754096604,624,0,209,167,0,0,0,366,recovery,202
9.214126445693548,623,0,210,167,0,0,0,367,infection,169
9.23318394410587,622,0,211,167,0,0,0,368,infection,881
9.235212235206548,621,0,212,167,0,0,0,369,infection,950
9.237036212001797,620,0,213,167,0,0,0,370,infection,855
9.24132916658516,620,0,212,168,0,0,0,370,recovery,916
9.24743513138746,619,0,213,168,0,0,0,371,infection,70
9.253310869919046,618,0,214,168,0,0,0,372,infection,660
9.253826221283138,617,0,215,168,0,0,0,373,infection,682
9.256553774726695,616,0,216,168,0,0,0,374,infection,862
9.257172621631408,615,0,217,168,0,0,0,375,infection,961
9.259735172800053,615,0,216,169,0,0,0,375,recovery,139
9.265103120327792,615,0,215,170,0,0,0,375,recovery,35
9.27635993303235,614,0,216,170,0,0,0,376,infection,495
9.277480190022139,613,0,217,170,0,0,0,377,infection,90
9.284897004755962,612,0,218,170,0,0,0,378,infection,568
9.286443385985864,612,0,217,171,0,0,0,378,recovery,698
9.288939017047747,611,0,218,171,0,0,0,379,infection,966
9.29026063778568,610,0,219,171,0,0,0,380,infection,82
9.31406560441002,610,0,218,172,0,0,0,380,recovery,48
9.325531697184802,610,0,217,173,0,0,0,380,recovery,276
9.338032105312449,610,0,216,174,0,0,0,380,recovery,493
9.341875895294312,610,0,215,175,0,0,0,380,recovery,131
9.343801114099774,609,0,216,175,0,0,0,381,infection,477
9.345490778442562,608,0,217,175,0,0,0,382,infection,292
9.34732428794202,608,0,216,176,0,0,0,382,recovery,754
9.350911408911786,607,0,217,176,0,0,0,383,infection,541
9.350965223557155,606,0,218,176,0,0,0,384,infection,97
9.359521780262238,606,0,217,177,0,0,0,384,recovery,272
9.36371049668456,605,0,218,177,0,0,0,385,infection,93
9.364283446838975,604,0,219,177,0,0,0,386,infection,340
9.366411600625488,603,0,220,177,0,0,0,387,infection,266
9.377516856339287,602,0,221,177,0,0,0,388,infection,599
9.389492702423007,601,0,222,177,0,0,0,389,infection,766
9.393565843944836,600,0,223,177,0,0,0,390,infection,921
9.4040470173222,600,0,222,178,0,0,0,390,recovery,884
9.405729772460163,599,0,223,178,0,0,0,391,infection,1
9.427318704773555,599,0,222,179,0,0,0,391,recovery,495
9.437316921912672,599,0,221,180,0,0,0,391,recovery,111
9.439049392645014,599,0,220,181,0,0,0,391,recovery,660
9.440722063980473,599,0,219,182,0,0,0,391,recovery,145
9.449617391479196,599,0,218,183,0,0,0,391,recovery,939
9.455723153853766,598,0,219,183,0,0,0,392,infection,637
9.45850214179422,597,0,220,183,0,0,0,393,infection,445
9.475742627156631,597,0,219,184,0,0,0,393,recovery,185
9.489991423198079,596,0,220,184,0,0,0,394,infection,865
9.497859869137967,596,0,219,185,0,0,0,394,recovery,753
9.498539518787664,595,0,220,185,0,0,0,395,infection,959
9.507417284554476,594,0,221,185,0,0,0,396,infection,805
9.508456260508732,594,0,220,186,0,0,0,396,recovery,204
9.514651939587656,593,0,221,186,0,0,0,397,infection,379
9.515541356789303,593,0,220,187,0,0,0,397,recovery,988
9.521990948892869,592,0,221,187,0,0,0,398,infection,128
9.52283859013148,591,0,222,187,0,0,0,399,infection,631
9.527759890669305,591,0,221,188,0,0,0,399,recovery,43
9.532247735377332,590,0,222,188,0,0,0,400,infection,601
9.535657061953712,590,0,221,189,0,0,0,400,recovery,308
9.5450192540212,590,0,220,190,0,0,0,400,recovery,786
9.561312416157389,589,0,221,190,0,0,0,401,infection,723
9.56362797045995,588,0,222,190,0,0,0,402,infection,119
9.572504450962109,587,0,223,190,0,0,0,403,infection,733
9.573296922510066,587,0,222,191,0,0,0,403,recovery,104
9.580821972612599,586,0,223,191,0,0,0,404,infection,900
9.58997867390282,585,0,224,191,0,0,0,405,infection,181
9.605827856028503,584,0,225,191,0,0,0,406,infection,291
9.609130265472537,583,0,226,191,0,0,0,407,infection,719
9.624320287922679,582,0,227,191,0,0,0,408,infection,100
9.624954926891593,581,0,228,191,0,0,0,409,infection,864
9.648432109526206,580,0,229,191,0,0,0,410,infection,239
9.659624231746184,579,0,230,191,0,0,0,411,infection,602
9.66355460124194,579,0,229,192,0,0,0,411,recovery,987
9.666835643394535,578,0,230,192,0,0,0,412,infection,282
9.685389681666708,578,0,229,193,0,0,0,412,recovery,664
9.687090133520414,578,0,228,194,0,0,0,412,recovery,951
9.687428632360033,577,0,229,194,0,0,0,413,infection,883
9.693297639080685,576,0,230,194,0,0,0,414,infection,596
9.69517236249121,575,0,231,194,0,0,0,415,infection,175
9.705613964653363,574,0,232,194,0,0,0,416,infection,170
9.713445057290553,574,0,231,195,0,0,0,416,recovery,352
9.718142141188862,573,0,232,195,0,0,0,417,infection,678
9.725436097971334,573,0,231,196,0,0,0,417,recovery,950
9.728079262436458,573,0,230,197,0,0,0,417,recovery,982
9.748621845742544,573,0,229,198,0,0,0,417,recovery,512
9.758862461225807,573,0,228,199,0,0,0,417,recovery,678
9.759385604691868,573,0,227,200,0,0,0,417,recovery,356
9.760453376855112,573,0,226,201,0,0,0,417,recovery,230
9.776008622127998,572,0,227,201,0,0,0,418,infection,517
9.779670978968486,571,0,228,201,0,0,0,419,infection,383
9.781079438692093,570,0,229,201,0,0,0,420,infection,624
9.791446688984005,569,0,230,201,0,0,0,421,infection,835
9.79158734701028,568,0,231,201,0,0,0,422,infection,479
9.7933605167313,567,0,232,201,0,0,0,423,infection,333
9.810032832107707,567,0,231,202,0,0,0,423,recovery,923
9.811892303807682,566,0,232,202,0,0,0,424,infection,511
9.813492281781542,565,0,233,202,0,0,0,425,infection,178
9.814087401480432,565,0,232,203,0,0,0,425,recovery,141
9.816664272331804,564,0,233,203,0,0,0,426,infection,537
9.828653605930224,563,0,234,203,0,0,0,427,infection,666
9.833681136677574,563,0,233,204,0,0,0,427,recovery,537
9.834975372588142,562,0,234,204,0,0,0,428,infection,12
9.836885571785455,561,0,235,204,0,0,0,429,infection,737
9.841676251320413,560,0,236,204,0,0,0,430,infection,188
9.844777859775315,559,0,237,204,0,0,0,431,infection,112
9.846785283657363,559,0,236,205,0,0,0,431,recovery,883
9.84922102046275,559,0,235,206,0,0,0,431,recovery,959
9.885526212910994,558,0,236,206,0,0,0,432,infection,776
9.893909004044415,557,0,237,206,0,0,0,433,infection,225
9.903893166386112,556,0,238,206,0,0,0,434,infection,550
9.908225987660993,556,0,237,207,0,0,0,434,recovery,719
9.921463973229427,555,0,238,207,0,0,0,435,infection,533
9.922272893543314,555,0,237,208,0,0,0,435,recovery,389
9.924541274310448,555,0,236,209,0,0,0,435,recovery,927
9.931356088722236,554,0,237,209,0,0,0,436,infection,331
9.933257212459287,553,0,238,209,0,0,0,437,infection,380
9.94071980427306,553,0,237,210,0,0,0,437,recovery,492
9.94348526340072,552,0,238,210,0,0,0,438,infection,242
9.956320717339057,551,0,239,210,0,0,0,439,infection,857
9.97748417598273,551,0,238,211,0,0,0,439,recovery,503
9.988254709621144,551,0,237,212,0,0,0,439,recovery,903
9.991915356266578,550,0,238,212,0,0,0,440,infection,402
10.005035295634917,549,0,239,212,0,0,0,441,infection,236
10.008355690264459,548,0,240,212,0,0,0,442,infection,256
10.021426748054973,547,0,241,212,0,0,0,443,infection,280
10.025328642890543,547,0,240,213,0,0,0,443,recovery,711
10.027333814276167,547,0,239,214,0,0,0,443,recovery,752
10.050005794704182,546,0,240,214,0,0,0,444,infection,274
10.062856050093941,545,0,241,214,0,0,0,445,infection,154
10.064540081768223,544,0,242,214,0,0,0,446,infection,899
10.072172799015858,544,0,241,215,0,0,0,446,recovery,899
10.079872107364325,544,0,240,216,0,0,0,446,recovery,511
10.082288864811648,543,0,241,216,0,0,0,447,infection,891
10.099034099518585,543,0,240,217,0,0,0,447,recovery,26
10.112442177200853,542,0,241,217,0,0,0,448,infection,304
10.118618271642594,541,0,242,217,0,0,0,449,infection,142
10.120392389032569,540,0,243,217,0,0,0,450,infection,300
10.12142736233463,539,0,244,217,0,0,0,451,infection,934
10.133632633656271,539,0,243,218,0,0,0,451,recovery,533
10.138377859695613,538,0,244,218,0,0,0,452,infection,708
10.13848725729336,538,0,243,219,0,0,0,452,recovery,314
10.152442275626086,537,0,244,219,0,0,0,453,infection,960
10.156067836241641,536,0,245,219,0,0,0,454,infection,514
10.158757227580214,536,0,244,220,0,0,0,454,recovery,802
10.169557669231912,535,0,245,220,0,0,0,455,infection,374
10.20202206962079,535,0,244,221,0,0,0,455,recovery,737
10.202217748477024,535,0,243,222,0,0,0,455,recovery,481
10.210560099745994,535,0,242,223,0,0,0,455,recovery,434
10.215527421877006,534,0,243,223,0,0,0,456,infection,397
10.218261427520355,534,0,242,224,0,0,0,456,recovery,40
10.220693379577105,533,0,243,224,0,0,0,457,infection,135
10.23398053579559,532,0,244,224,0,0,0,458,infection,856
10.247655649299057,532,0,243,225,0,0,0,458,recovery,881
10.254419622007687,532,0,242,226,0,0,0,458,recovery,960
10.2565757601375,532,0,241,227,0,0,0,458,recovery,563
10.26092905638011,532,0,240,228,0,0,0,458,recovery,291
10.268584199459815,531,0,241,228,0,0,0,459,infection,606
10.274838484544121,530,0,242,228,0,0,0,460,infection,362
10.275448815686229,530,0,241,229,0,0,0,460,recovery,536
10.281923752130078,529,0,242,229,0,0,0,461,infection,264
10.287060547624197,529,0,241,230,0,0,0,461,recovery,571
10.29080025633266,528,0,242,230,0,0,0,462,infection,555
10.298925470721999,527,0,243,230,0,0,0,463,infection,730
10.314056718540039,526,0,244,230,0,0,0,464,infection,364
10.319578961363149,526,0,243,231,0,0,0,464,recovery,516
10.3252477175425,525,0,244,231,0,0,0,465,infection,816
10.325384861385626,525,0,243,232,0,0,0,465,recovery,855
10.360228117782787,524,0,244,232,0,0,0,466,infection,736
10.36594705622683,523,0,245,232,0,0,0,467,infection,368
10.367196073321246,522,0,246,232,0,0,0,468,infection,24
10.371552074063176,522,0,245,233,0,0,0,468,recovery,565
10.377750019675801,522,0,244,234,0,0,0,468,recovery,810
10.382378035441619,521,0,245,234,0,0,0,469,infection,116
10.385785269996845,520,0,246,234,0,0,0,470,infection,819
10.396380698862853,519,0,247,234,0,0,0,471,infection,289
10.39730926111444,518,0,248,234,0,0,0,472,infection,334
10.40021415855641,517,0,249,234,0,0,0,473,infection,227
10.409964157363534,516,0,250,234,0,0,0,474,infection,869
10.421757328197163,516,0,249,235,0,0,0,474,recovery,236
10.430701687602559,516,0,248,236,0,0,0,474,recovery,934
10.431768561678679,516,0,247,237,0,0,0,474,recovery,650
10.435644355837733,516,0,246,238,0,0,0,474,recovery,84
10.437057910878185,515,0,247,238,0,0,0,475,infection,868
10.437599512610674,514,0,248,238,0,0,0,476,infection,732
10.442154288758886,513,0,249,238,0,0,0,477,infection,507
10.444468761050484,512,0,250,238,0,0,0,478,infection,295
10.463046403704162,511,0,251,238,0,0,0,479,infection,451
10.465754691639306,510,0,252,238,0,0,0,480,infection,833
10.480825016657485,509,0,253,238,0,0,0,481,infection,277
10.482085492681804,509,0,252,239,0,0,0,481,recovery,243
10.484315641899235,508,0,253,239,0,0,0,482,infection,963
10.499239314761235,507,0,254,239,0,0,0,483,infection,581
10.504183149688622,506,0,255,239,0,0,0,484,infection,649
10.505660614159224,506,0,254,240,0,0,0,484,recovery,610
10.506334697994344,506,0,253,241,0,0,0,484,recovery,943
10.508226130977107,505,0,254,241,0,0,0,485,infection,621
10.509318800906108,504,0,255,241,0,0,0,486,infection,487
10.516760049205349,504,0,254,242,0,0,0,486,recovery,631
10.5206735967862,504,0,253,243,0,0,0,486,recovery,859
10.534615990494165,503,0,254,243,0,0,0,487,infection,922
10.537588660965971,502,0,255,243,0,0,0,488,infection,226
10.544010933404829,502,0,254,244,0,0,0,488,recovery,116
10.546441819179922,502,0,253,245,0,0,0,488,recovery,477
10.549246040092424,502,0,252,246,0,0,0,488,recovery,189
10.550117560400478,501,0,253,246,0,0,0,489,infection,904
10.557714420546375,500,0,254,246,0,0,0,490,infection,437
10.55800620373983,500,0,253,247,0,0,0,490,recovery,778
10.560172136304924,499,0,254,247,0,0,0,491,infection,933
10.571324137920271,498,0,255,247,0,0,0,492,infection,394
10.579641537029119,498,0,254,248,0,0,0,492,recovery,282
10.584029729890855,497,0,255,248,0,0,0,493,infection,618
10.58553825797752,497,0,254,249,0,0,0,493,recovery,394
10.606918474785155,496,0,255,249,0,0,0,494,infection,772
10.608546764086803,496,0,254,250,0,0,0,494,recovery,763
10.61236678201658,496,0,253,251,0,0,0,494,recovery,36
10.616564894154859,496,0,252,252,0,0,0,494,recovery,225
10.626395752501992,495,0,253,252,0,0,0,495,infection,518
10.62730026480445,494,0,254,252,0,0,0,496,infection,870
10.63018833758862,494,0,253,253,0,0,0,496,recovery,52
10.633685305845004,493,0,254,253,0,0,0,497,infection,703
10.636537465091878,493,0,253,254,0,0,0,497,recovery,682
10.658518068077152,493,0,252,255,0,0,0,497,recovery,868
10.659472580103566,492,0,253,255,0,0,0,498,infection,731
10.67266944248894,491,0,254,255,0,0,0,499,infection,901
10.678893229560032,490,0,255,255,0,0,0,500,infection,467
10.686670927309468,489,0,256,255,0,0,0,501,infection,422
10.70115037959549,489,0,255,256,0,0,0,501,recovery,845
10.701999604389117,489,0,254,257,0,0,0,501,recovery,657
10.704315615000757,488,0,255,257,0,0,0,502,infection,370
10.725947791043033,488,0,254,258,0,0,0,502,recovery,248
10.727793068048971,488,0,253,259,0,0,0,502,recovery,370
10.72857429355963,487,0,254,259,0,0,0,503,infection,894
10.73535683102107,486,0,255,259,0,0,0,504,infection,219
10.743707457971487,485,0,256,259,0,0,0,505,infection,595
10.763895539898611,485,0,255,260,0,0,0,505,recovery,130
10.764879893129883,485,0,254,261,0,0,0,505,recovery,894
10.76710125055617,484,0,255,261,0,0,0,506,infection,78
10.771654651224742,483,0,256,261,0,0,0,507,infection,527
10.772910711085007,483,0,255,262,0,0,0,507,recovery,832
10.774189782027431,482,0,256,262,0,0,0,508,infection,741
10.775472629985199,482,0,255,263,0,0,0,508,recovery,428
10.79782733668294,482,0,254,264,0,0,0,508,recovery,266
10.79894683143162,481,0,255,264,0,0,0,509,infection,123
10.799256901049926,481,0,254,265,0,0,0,509,recovery,966
10.80823134626083,480,0,255,265,0,0,0,510,infection,639
10.812475544714335,480,0,254,266,0,0,0,510,recovery,677
10.818014394371428,479,0,255,266,0,0,0,511,infection,821
10.825107923544387,479,0,254,267,0,0,0,511,recovery,451
10.8331801106329,478,0,255,267,0,0,0,512,infection,831
10.838348235332761,477,0,256,267,0,0,0,513,infection,261
10.843957560155408,477,0,255,268,0,0,0,513,recovery,186
10.845952232961599,476,0,256,268,0,0,0,514,infection,363
10.859947942593944,476,0,255,269,0,0,0,514,recovery,411
10.861796113108847,475,0,256,269,0,0,0,515,infection,405
10.86181014060197,474,0,257,269,0,0,0,516,infection,734
10.862216198772265,473,0,258,269,0,0,0,517,infection,645
10.871472261933837,473,0,257,270,0,0,0,517,recovery,862
10.88131698105515,473,0,256,271,0,0,0,517,recovery,240
10.88145708475128,472,0,257,271,0,0,0,518,infection,457
10.887898978829087,471,0,258,271,0,0,0,519,infection,808
10.88823667958317,470,0,259,271,0,0,0,520,infection,215
10.892543753376518,469,0,260,271,0,0,0,521,infection,435
10.898590015715646,468,0,261,271,0,0,0,522,infection,464
10.92388049083292,468,0,260,272,0,0,0,522,recovery,380
10.94122694726192,468,0,259,273,0,0,0,522,recovery,90
10.944058419744568,467,0,260,273,0,0,0,523,infection,798
10.944656645781423,466,0,261,273,0,0,0,524,infection,463
10.963524461414297,465,0,262,273,0,0,0,525,infection,429
10.971153705581495,465,0,261,274,0,0,0,525,recovery,226
10.983988379488387,465,0,260,275,0,0,0,525,recovery,797
10.9858138905743,464,0,261,275,0,0,0,526,infection,232
10.987544756864292,463,0,262,275,0,0,0,527,infection,373
10.990985528526888,463,0,261,276,0,0,0,527,recovery,19
10.991356594056928,462,0,262,276,0,0,0,528,infection,449
11.004999533909846,461,0,263,276,0,0,0,529,infection,854
11.012716357962038,460,0,264,276,0,0,0,530,infection,223
11.028739982011764,460,0,263,277,0,0,0,530,recovery,368
11.045855805379642,459,0,264,277,0,0,0,531,infection,902
11.049525110736424,458,0,265,277,0,0,0,532,infection,717
11.055463236777934,457,0,266,277,0,0,0,533,infection,17
11.057437277209832,457,0,265,278,0,0,0,533,recovery,691
11.072478729343741,456,0,266,278,0,0,0,534,infection,976
11.072790972040645,455,0,267,278,0,0,0,535,infection,880
11.07468417628447,454,0,268,278,0,0,0,536,infection,177
11.076117530620854,453,0,269,278,0,0,0,537,infection,876
11.083561102637912,452,0,270,278,0,0,0,538,infection,886
11.085253486078145,451,0,271,278,0,0,0,539,infection,583
11.09181459289941,450,0,272,278,0,0,0,540,infection,771
11.098025572572352,449,0,273,278,0,0,0,541,infection,952
11.10052215781809,449,0,272,279,0,0,0,541,recovery,621
11.101584369638317,449,0,271,280,0,0,0,541,recovery,732
11.106120104852655,448,0,272,280,0,0,0,542,infection,114
11.1062446255541,447,0,273,280,0,0,0,543,infection,909
11.108368747340913,446,0,274,280,0,0,0,544,infection,484
11.108943100291004,445,0,275,280,0,0,0,545,infection,50
11.108982056471953,444,0,276,280,0,0,0,546,infection,442
11.117483580481126,443,0,277,280,0,0,0,547,infection,917
11.135637757389688,443,0,276,281,0,0,0,547,recovery,634
11.137128910269164,442,0,277,281,0,0,0,548,infection,938
11.143855408646871,441,0,278,281,0,0,0,549,infection,549
11.146353986306496,440,0,279,281,0,0,0,550,infection,149
11.16328068265625,440,0,278,282,0,0,0,550,recovery,210
11.169755717623175,440,0,277,283,0,0,0,550,recovery,595
11.171711466507091,439,0,278,283,0,0,0,551,infection,418
11.175513527099156,438,0,279,283,0,0,0,552,infection,588
11.181483087745784,438,0,278,284,0,0,0,552,recovery,262
11.193429152827756,437,0,279,284,0,0,0,553,infection,187
11.195456094407612,436,0,280,284,0,0,0,554,infection,667
11.200170012157622,436,0,279,285,0,0,0,554,recovery,195
11.205080292866883,435,0,280,285,0,0,0,555,infection,301
11.215427034617235,434,0,281,285,0,0,0,556,infection,126
11.21981465716108,434,0,280,286,0,0,0,556,recovery,485
11.235228641823396,433,0,281,286,0,0,0,557,infection,358
11.25434133161407,433,0,280,287,0,0,0,557,recovery,596
11.26883840508479,432,0,281,287,0,0,0,558,infection,556
11.272633101251323,432,0,280,288,0,0,0,558,recovery,895
11.277849916344607,431,0,281,288,0,0,0,559,infection,592
11.27951534341468,431,0,280,289,0,0,0,559,recovery,529
11.2823738311231,430,0,281,289,0,0,0,560,infection,28
11.290396079038992,429,0,282,289,0,0,0,561,infection,254
11.292293134570684,428,0,283,289,0,0,0,562,infection,681
11.30619413484861,428,0,282,290,0,0,0,562,recovery,709
11.316752870177648,428,0,281,291,0,0,0,562,recovery,642
11.322675841120157,427,0,282,291,0,0,0,563,infection,30
11.324248003748034,427,0,281,292,0,0,0,563,recovery,933
11.331102720648461,426,0,282,292,0,0,0,564,infection,214
11.338515133514898,425,0,283,292,0,0,0,565,infection,221
11.338780032025975,424,0,284,292,0,0,0,566,infection,113
11.345720601325397,424,0,283,293,0,0,0,566,recovery,263
11.35767951714206,423,0,284,293,0,0,0,567,infection,889
11.3584240209783,422,0,285,293,0,0,0,568,infection,978
11.361619541307695,422,0,284,294,0,0,0,568,recovery,833
11.363895946020465,421,0,285,294,0,0,0,569,infection,329
11.36567402295336,421,0,284,295,0,0,0,569,recovery,703
11.373651062259928,420,0,285,295,0,0,0,570,infection,458
11.382868993294814,420,0,284,296,0,0,0,570,recovery,119
11.38494898091477,419,0,285,296,0,0,0,571,infection,576
11.39431736636959,418,0,286,296,0,0,0,572,infection,720
11.404284886614024,418,0,285,297,0,0,0,572,recovery,367
11.40600940929614,418,0,284,298,0,0,0,572,recovery,28
11.407817142194759,418,0,283,299,0,0,0,572,recovery,541
11.408703206627845,418,0,282,300,0,0,0,572,recovery,723
11.431497801786097,417,0,283,300,0,0,0,573,infection,360
11.431752998431904,416,0,284,300,0,0,0,574,infection,326
11.44094899536984,415,0,285,300,0,0,0,575,infection,626
11.443366976077945,414,0,286,300,0,0,0,576,infection,173
11.450372740072988,413,0,287,300,0,0,0,577,infection,760
11.455825016361114,413,0,286,301,0,0,0,577,recovery,721
11.459485933902766,412,0,287,301,0,0,0,578,infection,964
11.467790124053552,412,0,286,302,0,0,0,578,recovery,679
11.468617386647589,411,0,287,302,0,0,0,579,infection,784
11.497706082801518,411,0,286,303,0,0,0,579,recovery,977
11.497794924351288,411,0,285,304,0,0,0,579,recovery,603
11.513773151400422,411,0,284,305,0,0,0,579,recovery,846
11.515755972988083,411,0,283,306,0,0,0,579,recovery,247
11.517769118523573,410,0,284,306,0,0,0,580,infection,328
11.522799358822322,409,0,285,306,0,0,0,581,infection,839
11.550649363562544,409,0,284,307,0,0,0,581,recovery,720
11.56118792416692,408,0,285,307,0,0,0,582,infection,551
11.563904720588619,407,0,286,307,0,0,0,583,infection,206
11.583276327111756,407,0,285,308,0,0,0,583,recovery,812
11.596628910982178,406,0,286,308,0,0,0,584,infection,71
11.601505841298044,406,0,285,309,0,0,0,584,recovery,155
11.604619866371687,406,0,284,310,0,0,0,584,recovery,445
11.614151379321404,405,0,285,310,0,0,0,585,infection,151
11.620663858178153,404,0,286,310,0,0,0,586,infection,531
11.625974114575307,404,0,285,311,0,0,0,586,recovery,162
11.627081877392449,404,0,284,312,0,0,0,586,recovery,264
11.628065761220046,403,0,285,312,0,0,0,587,infection,388
11.641479309734903,403,0,284,313,0,0,0,587,recovery,206
11.683533379824574,403,0,283,314,0,0,0,587,recovery,771
11.688822439496,403,0,282,315,0,0,0,587,recovery,629
11.688933096376477,402,0,283,315,0,0,0,588,infection,150
11.691479267048615,401,0,284,315,0,0,0,589,infection,911
11.699686562827274,401,0,283,316,0,0,0,589,recovery,464
11.703887079575109,400,0,284,316,0,0,0,590,infection,83
11.706594903438877,399,0,285,316,0,0,0,591,infection,455
11.707833017436528,398,0,286,316,0,0,0,592,infection,184
11.709921244263203,397,0,287,316,0,0,0,593,infection,954
11.712616702139535,396,0,288,316,0,0,0,594,infection,508
11.71406517623652,396,0,287,317,0,0,0,594,recovery,49
11.716757811558024,395,0,288,317,0,0,0,595,infection,255
11.726166200600032,395,0,287,318,0,0,0,595,recovery,223
11.743989601971911,395,0,286,319,0,0,0,595,recovery,37
11.745766904170004,394,0,287,319,0,0,0,596,infection,102
11.750852552364583,393,0,288,319,0,0,0,597,infection,611
11.754385116842759,392,0,289,319,0,0,0,598,infection,969
11.756655987580237,391,0,290,319,0,0,0,599,infection,38
11.760231781489866,390,0,291,319,0,0,0,600,infection,302
11.77794986018784,389,0,292,319,0,0,0,601,infection,53
11.778280321303557,388,0,293,319,0,0,0,602,infection,438
11.785034167910107,387,0,294,319,0,0,0,603,infection,192
11.787512909793422,387,0,293,320,0,0,0,603,recovery,602
11.793771009065559,386,0,294,320,0,0,0,604,infection,924
11.797417816852322,385,0,295,320,0,0,0,605,infection,948
11.803252252030212,385,0,294,321,0,0,0,605,recovery,218
11.821425837780298,384,0,295,321,0,0,0,606,infection,44
11.82596531937854,384,0,294,322,0,0,0,606,recovery,555
11.835569487540427,383,0,295,322,0,0,0,607,infection,76
11.850002952829156,382,0,296,322,0,0,0,608,infection,179
11.85737484547795,382,0,295,323,0,0,0,608,recovery,128
11.859285403865256,381,0,296,323,0,0,0,609,infection,558
11.86145280312913,381,0,295,324,0,0,0,609,recovery,919
11.867840711195578,380,0,296,324,0,0,0,610,infection,633
11.874525092124355,379,0,297,324,0,0,0,611,infection,270
11.875845900635754,379,0,296,325,0,0,0,611,recovery,663
11.882224528381155,378,0,297,325,0,0,0,612,infection,781
11.884807464222423,378,0,296,326,0,0,0,612,recovery,941
11.886378976424632,378,0,295,327,0,0,0,612,recovery,151
11.904519354949553,378,0,294,328,0,0,0,612,recovery,295
11.905304520961103,377,0,295,328,0,0,0,613,infection,228
11.905562220478247,376,0,296,328,0,0,0,614,infection,847
11.911505085621508,375,0,297,328,0,0,0,615,infection,269
11.913360357219648,375,0,296,329,0,0,0,615,recovery,468
11.920505024484193,375,0,295,330,0,0,0,615,recovery,398
11.937147752591242,375,0,294,331,0,0,0,615,recovery,886
11.944371938723462,375,0,293,332,0,0,0,615,recovery,831
11.945979084036109,375,0,292,333,0,0,0,615,recovery,611
11.958279113740906,375,0,291,334,0,0,0,615,recovery,329
11.967487938315902,375,0,290,335,0,0,0,615,recovery,581
11.968769607162406,374,0,291,335,0,0,0,616,infection,408
11.97090019484433,374,0,290,336,0,0,0,616,recovery,568
11.978537755266505,374,0,289,337,0,0,0,616,recovery,819
11.987886951851266,374,0,288,338,0,0,0,616,recovery,379
11.98847490238208,373,0,289,338,0,0,0,617,infection,417
11.996420928419136,372,0,290,338,0,0,0,618,infection,968
12.000036786915695,372,0,289,339,0,0,0,618,recovery,270
12.005507143599177,371,0,290,339,0,0,0,619,infection,290
12.01989338875779,371,0,289,340,0,0,0,619,recovery,760
12.026051830198774,370,0,290,340,0,0,0,620,infection,137
12.029955788767165,369,0,291,340,0,0,0,621,infection,63
12.031049051341663,368,0,292,340,0,0,0,622,infection,489
12.033306737662128,367,0,293,340,0,0,0,623,infection,427
12.036138289083151,367,0,292,341,0,0,0,623,recovery,506
12.054406140214159,367,0,291,342,0,0,0,623,recovery,142
12.055520779245146,366,0,292,342,0,0,0,624,infection,520
12.064886353201235,365,0,293,342,0,0,0,625,infection,897
12.079933140063941,364,0,294,342,0,0,0,626,infection,564
12.08065646078684,364,0,293,343,0,0,0,626,recovery,639
12.081362287993082,363,0,294,343,0,0,0,627,infection,814
12.084842605413364,362,0,295,343,0,0,0,628,infection,793
12.085003133601901,361,0,296,343,0,0,0,629,infection,341
12.091802945669812,360,0,297,343,0,0,0,630,infection,739
12.093651216431388,359,0,298,343,0,0,0,631,infection,676
12.095095706245079,359,0,297,344,0,0,0,631,recovery,844
12.096469443699434,358,0,298,344,0,0,0,632,infection,346
12.097220588096725,358,0,297,345,0,0,0,632,recovery,931
12.100765560660795,357,0,298,345,0,0,0,633,infection,582
12.103077925083012,356,0,299,345,0,0,0,634,infection,748
12.132570594828728,356,0,298,346,0,0,0,634,recovery,850
12.142475194069677,355,0,299,346,0,0,0,635,infection,794
12.15299760765348,354,0,300,346,0,0,0,636,infection,972
12.153078182289548,354,0,299,347,0,0,0,636,recovery,46
12.154513703425678,354,0,298,348,0,0,0,636,recovery,843
12.157550755878013,354,0,297,349,0,0,0,636,recovery,362
12.160675338693908,353,0,298,349,0,0,0,637,infection,176
12.161264587486475,353,0,297,350,0,0,0,637,recovery,30
12.18309757525559,352,0,298,350,0,0,0,638,infection,106
12.187369823271808,351,0,299,350,0,0,0,639,infection,600
12.190004123393585,351,0,298,351,0,0,0,639,recovery,250
12.194071155082595,350,0,299,351,0,0,0,640,infection,375
12.201096901941673,349,0,300,351,0,0,0,641,infection,542
12.201292880956002,348,0,301,351,0,0,0,642,infection,378
12.202213549822066,347,0,302,351,0,0,0,643,infection,235
12.204734018147287,347,0,301,352,0,0,0,643,recovery,547
12.206640101586938,346,0,302,352,0,0,0,644,infection,409
12.215553028798483,346,0,301,353,0,0,0,644,recovery,326
12.244313545000175,345,0,302,353,0,0,0,645,infection,526
12.255146407755342,344,0,303,353,0,0,0,646,infection,372
12.257399477913234,344,0,302,354,0,0,0,646,recovery,901
12.25942559423581,344,0,301,355,0,0,0,646,recovery,578
12.265305257696294,343,0,302,355,0,0,0,647,infection,365
12.270274389180608,342,0,303,355,0,0,0,648,infection,589
12.271282165699578,342,0,302,356,0,0,0,648,recovery,917
12.279532070107223,341,0,303,356,0,0,0,649,infection,979
12.288730560270874,341,0,302,357,0,0,0,649,recovery,192
12.291501600136996,341,0,301,358,0,0,0,649,recovery,954
12.291569436221252,340,0,302,358,0,0,0,650,infection,830
12.310659989341632,340,0,301,359,0,0,0,650,recovery,904
12.322283455646707,340,0,300,360,0,0,0,650,recovery,148
12.326841737330238,339,0,301,360,0,0,0,651,infection,324
12.336521560454301,339,0,300,361,0,0,0,651,recovery,489
12.380789546983413,339,0,299,362,0,0,0,651,recovery,892
12.388319714006647,339,0,298,363,0,0,0,651,recovery,818
12.393203268558453,338,0,299,363,0,0,0,652,infection,594
12.396725155211538,337,0,300,363,0,0,0,653,infection,702
12.397640785762292,336,0,301,363,0,0,0,654,infection,697
12.40768804099082,335,0,302,363,0,0,0,655,infection,647
12.407932454766605,335,0,301,364,0,0,0,655,recovery,179
12.413863702575561,334,0,302,364,0,0,0,656,infection,241
12.414046841481055,334,0,301,365,0,0,0,656,recovery,93
12.432212958232792,333,0,302,365,0,0,0,657,infection,700
12.432251296910117,333,0,301,366,0,0,0,657,recovery,922
12.43240632371089,333,0,300,367,0,0,0,657,recovery,219
12.444252720364286,332,0,301,367,0,0,0,658,infection,42
12.457953040691446,331,0,302,367,0,0,0,659,infection,482
12.461613295126744,331,0,301,368,0,0,0,659,recovery,864
12.465638317475115,331,0,300,369,0,0,0,659,recovery,947
12.468716580598212,330,0,301,369,0,0,0,660,infection,500
12.491288545693395,330,0,300,370,0,0,0,660,recovery,126
12.500586385015817,330,0,299,371,0,0,0,660,recovery,542
12.51349516692302,330,0,298,372,0,0,0,660,recovery,289
12.517620395226151,330,0,297,373,0,0,0,660,recovery,835
12.540254075667196,330,0,296,374,0,0,0,660,recovery,820
12.544599710181723,329,0,297,374,0,0,0,661,infection,764
12.550083362200677,329,0,296,375,0,0,0,661,recovery,256
12.55346213254959,328,0,297,375,0,0,0,662,infection,129
12.562168190808249,328,0,296,376,0,0,0,662,recovery,277
12.564696575264575,327,0,297,376,0,0,0,663,infection,873
12.573315500291613,327,0,296,377,0,0,0,663,recovery,63
12.57498166695974,326,0,297,377,0,0,0,664,infection,710
12.588067979338955,325,0,298,377,0,0,0,665,infection,193
12.624956010812403,324,0,299,377,0,0,0,666,infection,41
12.637368007328426,323,0,300,377,0,0,0,667,infection,722
12.645726235112772,323,0,299,378,0,0,0,667,recovery,768
12.64612382452498,323,0,298,379,0,0,0,667,recovery,472
12.650314140701077,322,0,299,379,0,0,0,668,infection,593
12.65196417973824,321,0,300,379,0,0,0,669,infection,598
12.675616121335512,320,0,301,379,0,0,0,670,infection,474
12.676399547666621,319,0,302,379,0,0,0,671,infection,89
12.68184218385323,319,0,301,380,0,0,0,671,recovery,442
12.683798906798163,319,0,300,381,0,0,0,671,recovery,582
12.693522048028065,318,0,301,381,0,0,0,672,infection,61
12.702173085132177,318,0,300,382,0,0,0,672,recovery,454
12.709801591081607,318,0,299,383,0,0,0,672,recovery,168
12.711712798609188,318,0,298,384,0,0,0,672,recovery,429
12.730298906392715,318,0,297,385,0,0,0,672,recovery,963
12.738025537662917,318,0,296,386,0,0,0,672,recovery,388
12.742667491627525,317,0,297,386,0,0,0,673,infection,759
12.765988474710586,316,0,298,386,0,0,0,674,infection,279
12.767873656306342,316,0,297,387,0,0,0,674,recovery,333
12.77117979761863,315,0,298,387,0,0,0,675,infection,955
12.773363849537198,315,0,297,388,0,0,0,675,recovery,57
12.786581823239738,315,0,296,389,0,0,0,675,recovery,717
12.797087942655082,315,0,295,390,0,0,0,675,recovery,353
12.805026797588914,315,0,294,391,0,0,0,675,recovery,751
12.809204846257531,315,0,293,392,0,0,0,675,recovery,241
12.81689813351819,315,0,292,393,0,0,0,675,recovery,484
12.82667623608406,315,0,291,394,0,0,0,675,recovery,408
12.833176122832976,315,0,290,395,0,0,0,675,recovery,549
12.83616919688062,314,0,291,395,0,0,0,676,infection,152
12.841220991719535,314,0,290,396,0,0,0,676,recovery,976
12.844826394039451,314,0,289,397,0,0,0,676,recovery,583
12.84863296331152,314,0,288,398,0,0,0,676,recovery,776
12.863485852364555,313,0,289,398,0,0,0,677,infection,231
12.890851351424065,313,0,288,399,0,0,0,677,recovery,435
12.911320799664558,312,0,289,399,0,0,0,678,infection,841
12.911493506447357,312,0,288,400,0,0,0,678,recovery,300
12.914233108706387,311,0,289,400,0,0,0,679,infection,216
12.923848246300635,310,0,290,400,0,0,0,680,infection,672
12.92651631497961,309,0,291,400,0,0,0,681,infection,350
12.957244298393263,308,0,292,400,0,0,0,682,infection,519
12.998046655431217,308,0,291,401,0,0,0,682,recovery,215
12.999237149622603,308,0,290,402,0,0,0,682,recovery,449
13.001022178398987,307,0,291,402,0,0,0,683,infection,361
13.001461300234304,307,0,290,403,0,0,0,683,recovery,427
13.003626361041686,307,0,289,404,0,0,0,683,recovery,526
13.008553315878059,306,0,290,404,0,0,0,684,infection,31
13.01565419463589,305,0,291,404,0,0,0,685,infection,608
13.018221205393475,304,0,292,404,0,0,0,686,infection,546
13.041804079478894,304,0,291,405,0,0,0,686,recovery,520
13.0539760024869,304,0,290,406,0,0,0,686,recovery,727
13.05531477268928,304,0,289,407,0,0,0,686,recovery,261
13.069781800187778,304,0,288,408,0,0,0,686,recovery,146
13.093847265250108,304,0,287,409,0,0,0,686,recovery,123
13.09990790368864,303,0,288,409,0,0,0,687,infection,171
13.10617497399132,303,0,287,410,0,0,0,687,recovery,667
13.106826577625199,303,0,286,411,0,0,0,687,recovery,830
13.111037452756289,303,0,285,412,0,0,0,687,recovery,397
13.113302426507698,302,0,286,412,0,0,0,688,infection,208
13.116052157687664,301,0,287,412,0,0,0,689,infection,8
13.12020618006315,301,0,286,413,0,0,0,689,recovery,176
13.139723318531855,301,0,285,414,0,0,0,689,recovery,514
13.158743094403906,301,0,284,415,0,0,0,689,recovery,177
13.162830676636826,301,0,283,416,0,0,0,689,recovery,358
13.16534589118035,301,0,282,417,0,0,0,689,recovery,576
13.174129418999314,301,0,281,418,0,0,0,689,recovery,287
13.18551952408415,301,0,280,419,0,0,0,689,recovery,328
13.190332742521706,300,0,281,419,0,0,0,690,infection,572
13.194625467886597,300,0,280,420,0,0,0,690,recovery,425
13.19724779089888,299,0,281,420,0,0,0,691,infection,95
13.197541170957305,298,0,282,420,0,0,0,692,infection,569
13.198388718441636,297,0,283,420,0,0,0,693,infection,609
13.198964675842133,296,0,284,420,0,0,0,694,infection,890
13.213767859997755,295,0,285,420,0,0,0,695,infection,860
13.216006757691185,295,0,284,421,0,0,0,695,recovery,902
13.22431634397145,294,0,285,421,0,0,0,696,infection,25
13.226877413091758,294,0,284,422,0,0,0,696,recovery,593
13.24140444252479,293,0,285,422,0,0,0,697,infection,348
13.255255531152063,293,0,284,423,0,0,0,697,recovery,666
13.277400292108714,293,0,283,424,0,0,0,697,recovery,808
13.29118270860033,293,0,282,425,0,0,0,697,recovery,31
13.309561569275008,293,0,281,426,0,0,0,697,recovery,599
13.316953403638319,292,0,282,426,0,0,0,698,infection,701
13.317879491444845,292,0,281,427,0,0,0,698,recovery,900
13.321818274234206,292,0,280,428,0,0,0,698,recovery,736
13.329388259918536,291,0,281,428,0,0,0,699,infection,590
13.33291267142554,290,0,282,428,0,0,0,700,infection,29
13.33542718571832,290,0,281,429,0,0,0,700,recovery,781
13.33613698889403,290,0,280,430,0,0,0,700,recovery,986
13.3520343278842,290,0,279,431,0,0,0,700,recovery,799
13.359294456834926,289,0,280,431,0,0,0,701,infection,893
13.360989259108798,289,0,279,432,0,0,0,701,recovery,364
13.380556796395295,289,0,278,433,0,0,0,701,recovery,334
13.387638544992168,288,0,279,433,0,0,0,702,infection,780
13.413983694215354,287,0,280,433,0,0,0,703,infection,773
13.418667730073466,286,0,281,433,0,0,0,704,infection,108
13.422344734518536,286,0,280,434,0,0,0,704,recovery,193
13.423880148154746,285,0,281,434,0,0,0,705,infection,450
13.438424448430817,284,0,282,434,0,0,0,706,infection,577
13.438744286506749,283,0,283,434,0,0,0,707,infection,278
13.458827360156736,283,0,282,435,0,0,0,707,recovery,76
13.468764183159685,283,0,281,436,0,0,0,707,recovery,331
13.468801110021868,283,0,280,437,0,0,0,707,recovery,201
13.471513895595454,282,0,281,437,0,0,0,708,infection,92
13.472812868442807,282,0,280,438,0,0,0,708,recovery,594
13.473063197204612,282,0,279,439,0,0,0,708,recovery,670
13.475950032073836,281,0,280,439,0,0,0,709,infection,349
13.478331258320605,281,0,279,440,0,0,0,709,recovery,89
13.481195727840877,281,0,278,441,0,0,0,709,recovery,759
13.488708303598298,281,0,277,442,0,0,0,709,recovery,438
13.489180499226078,281,0,276,443,0,0,0,709,recovery,880
13.50360656514091,280,0,277,443,0,0,0,710,infection,683
13.504903069612569,279,0,278,443,0,0,0,711,infection,761
13.509388553036661,279,0,277,444,0,0,0,711,recovery,975
13.532360302349634,278,0,278,444,0,0,0,712,infection,790
13.540299965384772,278,0,277,445,0,0,0,712,recovery,322
13.559692957720817,278,0,276,446,0,0,0,712,recovery,278
13.560652389080364,277,0,277,446,0,0,0,713,infection,887
13.568381219926607,277,0,276,447,0,0,0,713,recovery,310
13.572558508608235,276,0,277,447,0,0,0,714,infection,281
13.576103375072588,275,0,278,447,0,0,0,715,infection,257
13.580356219130618,275,0,277,448,0,0,0,715,recovery,722
13.585491854206953,274,0,278,448,0,0,0,716,infection,562
13.592594956874471,274,0,277,449,0,0,0,716,recovery,150
13.595787939057434,274,0,276,450,0,0,0,716,recovery,311
13.599581209242414,273,0,277,450,0,0,0,717,infection,339
13.631911265486087,272,0,278,450,0,0,0,718,infection,728
13.637697129064335,272,0,277,451,0,0,0,718,recovery,249
13.646034613427394,272,0,276,452,0,0,0,718,recovery,518
13.651134932651424,271,0,277,452,0,0,0,719,infection,525
13.677914304296094,270,0,278,452,0,0,0,720,infection,75
13.678713004468062,269,0,279,452,0,0,0,721,infection,981
13.679750852042329,269,0,278,453,0,0,0,721,recovery,497
13.681234195287747,269,0,277,454,0,0,0,721,recovery,137
13.687241029097942,268,0,278,454,0,0,0,722,infection,505
13.708728706251353,268,0,277,455,0,0,0,722,recovery,733
13.710030426581508,268,0,276,456,0,0,0,722,recovery,255
13.71175784962472,267,0,277,456,0,0,0,723,infection,212
13.712688041281138,267,0,276,457,0,0,0,723,recovery,8
13.722902827898892,267,0,275,458,0,0,0,723,recovery,129
13.752577400505965,266,0,276,458,0,0,0,724,infection,54
13.757620597744948,266,0,275,459,0,0,0,724,recovery,890
13.76329528474541,266,0,274,460,0,0,0,724,recovery,113
13.771569985742325,266,0,273,461,0,0,0,724,recovery,359
13.772048311395876,266,0,272,462,0,0,0,724,recovery,279
13.772131504843157,266,0,271,463,0,0,0,724,recovery,624
13.792465845304532,266,0,270,464,0,0,0,724,recovery,44
13.810081032531084,266,0,269,465,0,0,0,724,recovery,773
13.812615269691118,266,0,268,466,0,0,0,724,recovery,865
13.816831054834493,266,0,267,467,0,0,0,724,recovery,381
13.820626091182609,265,0,268,467,0,0,0,725,infection,866
13.821409723120418,264,0,269,467,0,0,0,726,infection,419
13.833002668880534,264,0,268,468,0,0,0,726,recovery,856
13.835086485858794,264,0,267,469,0,0,0,726,recovery,798
13.839604849830081,263,0,268,469,0,0,0,727,infection,705
13.839810128817941,262,0,269,469,0,0,0,728,infection,91
13.840646527355696,261,0,270,469,0,0,0,729,infection,767
13.842479497415445,260,0,271,469,0,0,0,730,infection,874
13.85173208079955,260,0,270,470,0,0,0,730,recovery,154
13.87332306159601,260,0,269,471,0,0,0,730,recovery,683
13.877547943278156,259,0,270,471,0,0,0,731,infection,431
13.88074832767796,259,0,269,472,0,0,0,731,recovery,854
13.906915755339673,259,0,268,473,0,0,0,731,recovery,633
13.919565960733323,259,0,267,474,0,0,0,731,recovery,575
13.923273233234276,259,0,266,475,0,0,0,731,recovery,339
13.925859748312966,259,0,265,476,0,0,0,731,recovery,242
13.933526979244496,259,0,264,477,0,0,0,731,recovery,815
13.935508908670977,259,0,263,478,0,0,0,731,recovery,839
13.94621875860737,259,0,262,479,0,0,0,731,recovery,968
13.948615983724657,259,0,261,480,0,0,0,731,recovery,235
13.950054914659244,259,0,260,481,0,0,0,731,recovery,952
13.95131640756311,258,0,261,481,0,0,0,732,infection,237
13.980951056792463,257,0,262,481,0,0,0,733,infection,14
14.017751544096082,257,0,261,482,0,0,0,733,recovery,227
14.023031807984466,257,0,260,483,0,0,0,733,recovery,676
14.026149576693026,256,0,261,483,0,0,0,734,infection,197
14.036735616393127,256,0,260,484,0,0,0,734,recovery,269
14.038300485930977,255,0,261,484,0,0,0,735,infection,217
14.045159209986567,254,0,262,484,0,0,0,736,infection,385
14.04852483625188,254,0,261,485,0,0,0,736,recovery,292
14.050843672713233,254,0,260,486,0,0,0,736,recovery,730
14.059243290721042,254,0,259,487,0,0,0,736,recovery,847
14.060173025685044,254,0,258,488,0,0,0,736,recovery,637
14.097318729954365,254,0,257,489,0,0,0,736,recovery,61
14.105235113355219,253,0,258,489,0,0,0,737,infection,313
14.106226346107174,252,0,259,489,0,0,0,738,infection,912
14.110531729174767,251,0,260,489,0,0,0,739,infection,109
14.113256185540953,251,0,259,490,0,0,0,739,recovery,873
14.119906640806743,251,0,258,491,0,0,0,739,recovery,645
14.128305906529487,251,0,257,492,0,0,0,739,recovery,816
14.151143114868054,250,0,258,492,0,0,0,740,infection,795
14.151685265389723,249,0,259,492,0,0,0,741,infection,574
14.20989513252515,249,0,258,493,0,0,0,741,recovery,257
14.262272442220258,249,0,257,494,0,0,0,741,recovery,467
14.276693177835616,249,0,256,495,0,0,0,741,recovery,609
14.280968208754308,248,0,257,495,0,0,0,742,infection,2
14.290353756437717,247,0,258,495,0,0,0,743,infection,490
14.293977607800509,247,0,257,496,0,0,0,743,recovery,361
14.30805036383075,246,0,258,496,0,0,0,744,infection,166
14.309798979246928,246,0,257,497,0,0,0,744,recovery,772
14.314416621390302,246,0,256,498,0,0,0,744,recovery,821
14.31921011027837,246,0,255,499,0,0,0,744,recovery,175
14.334830532984867,246,0,254,500,0,0,0,744,recovery,585
14.340364023233665,245,0,255,500,0,0,0,745,infection,838
14.350395541572015,244,0,256,500,0,0,0,746,infection,213
14.353617539505013,244,0,255,501,0,0,0,746,recovery,525
14.364837110036229,244,0,254,502,0,0,0,746,recovery,558
14.37821153796567,244,0,253,503,0,0,0,746,recovery,463
14.38334057961648,244,0,252,504,0,0,0,746,recovery,479
14.393288054474493,244,0,251,505,0,0,0,746,recovery,507
14.39692135709383,244,0,250,506,0,0,0,746,recovery,874
14.398961631113085,244,0,249,507,0,0,0,746,recovery,564
14.402732038512545,244,0,248,508,0,0,0,746,recovery,17
14.408321349271384,243,0,249,508,0,0,0,747,infection,167
14.413018589565718,242,0,250,508,0,0,0,748,infection,867
14.417033525379281,242,0,249,509,0,0,0,748,recovery,169
14.427000885773566,242,0,248,510,0,0,0,748,recovery,521
14.433739617326603,241,0,249,510,0,0,0,749,infection,136
14.436379279604068,241,0,248,511,0,0,0,749,recovery,964
14.438147402304308,240,0,249,511,0,0,0,750,infection,45
14.441925842535175,240,0,248,512,0,0,0,750,recovery,42
14.44726717598047,239,0,249,512,0,0,0,751,infection,74
14.451750848439428,238,0,250,512,0,0,0,752,infection,654
14.45375981634258,238,0,249,513,0,0,0,752,recovery,70
14.45555087201065,237,0,250,513,0,0,0,753,infection,990
14.472238301452082,237,0,249,514,0,0,0,753,recovery,109
14.481073068338889,236,0,250,514,0,0,0,754,infection,165
14.482531809777717,236,0,249,515,0,0,0,754,recovery,681
14.488580466446598,235,0,250,515,0,0,0,755,infection,371
14.493490923671336,235,0,249,516,0,0,0,755,recovery,712
14.518978781734365,234,0,250,516,0,0,0,756,infection,138
14.535342546382255,233,0,251,516,0,0,0,757,infection,692
14.54223844536002,233,0,250,517,0,0,0,757,recovery,767
14.544726651409643,233,0,249,518,0,0,0,757,recovery,216
14.54502998240103,232,0,250,518,0,0,0,758,infection,47
14.555462647755759,231,0,251,518,0,0,0,759,infection,440
14.555813152509298,230,0,252,518,0,0,0,760,infection,273
14.556027043726901,229,0,253,518,0,0,0,761,infection,757
14.556623617290507,229,0,252,519,0,0,0,761,recovery,867
14.566632967594337,228,0,253,519,0,0,0,762,infection,229
14.568882176002852,228,0,252,520,0,0,0,762,recovery,181
14.576471651434076,228,0,251,521,0,0,0,762,recovery,1
14.580048667658444,228,0,250,522,0,0,0,762,recovery,746
14.580694445028763,228,0,249,523,0,0,0,762,recovery,598
14.582015355562113,228,0,248,524,0,0,0,762,recovery,550
14.58634474422677,227,0,249,524,0,0,0,763,infection,535
14.611055737786636,226,0,250,524,0,0,0,764,infection,317
14.613465691916883,226,0,249,525,0,0,0,764,recovery,574
14.622965898828053,226,0,248,526,0,0,0,764,recovery,714
14.647087731581767,225,0,249,526,0,0,0,765,infection,88
14.64916027907637,225,0,248,527,0,0,0,765,recovery,938
14.659292771601196,225,0,247,528,0,0,0,765,recovery,110
14.71953693925479,224,0,248,528,0,0,0,766,infection,935
14.736063018596742,224,0,247,529,0,0,0,766,recovery,378
14.739526259678769,223,0,248,529,0,0,0,767,infection,224
14.749136834383432,223,0,247,530,0,0,0,767,recovery,457
14.753477774436465,222,0,248,530,0,0,0,768,infection,424
14.769910371690548,221,0,249,530,0,0,0,769,infection,476
14.793229611342886,221,0,248,531,0,0,0,769,recovery,592
14.802424912697465,221,0,247,532,0,0,0,769,recovery,743
14.804629058884721,221,0,246,533,0,0,0,769,recovery,800
14.818453918515317,221,0,245,534,0,0,0,769,recovery,523
14.830559904231906,221,0,244,535,0,0,0,769,recovery,838
14.85661982487398,221,0,243,536,0,0,0,769,recovery,970
14.874084194402744,221,0,242,537,0,0,0,769,recovery,601
14.881285575953855,220,0,243,537,0,0,0,770,infection,471
14.881740949110197,219,0,244,537,0,0,0,771,infection,297
14.882191861098477,218,0,245,537,0,0,0,772,infection,330
14.885942800985198,218,0,244,538,0,0,0,772,recovery,869
14.886801201640727,218,0,243,539,0,0,0,772,recovery,83
14.927431142892221,218,0,242,540,0,0,0,772,recovery,171
14.958944199559397,218,0,241,541,0,0,0,772,recovery,531
14.959430745299212,217,0,242,541,0,0,0,773,infection,674
14.95961887909266,217,0,241,542,0,0,0,773,recovery,725
14.962327032185998,217,0,240,543,0,0,0,773,recovery,697
14.964439006537463,216,0,241,543,0,0,0,774,infection,199
14.96598042444434,215,0,242,543,0,0,0,775,infection,788
14.969918435529877,214,0,243,543,0,0,0,776,infection,143
14.977882970961426,214,0,242,544,0,0,0,776,recovery,12
14.982202835257368,213,0,243,544,0,0,0,777,infection,252
14.983442462303756,213,0,242,545,0,0,0,777,recovery,912
15.01318435962083,213,0,241,546,0,0,0,777,recovery,898
15.017368945983755,213,0,240,547,0,0,0,777,recovery,921
15.051447616378463,212,0,241,547,0,0,0,778,infection,56
15.075794853478895,211,0,242,547,0,0,0,779,infection,825
15.077022344711715,211,0,241,548,0,0,0,779,recovery,686
15.079193489973225,210,0,242,548,0,0,0,780,infection,926
15.107767899264712,209,0,243,548,0,0,0,781,infection,715
15.1095507822158,208,0,244,548,0,0,0,782,infection,796
15.128583407411258,208,0,243,549,0,0,0,782,recovery,805
15.134990369285337,208,0,242,550,0,0,0,782,recovery,710
15.136840545185295,208,0,241,551,0,0,0,782,recovery,450
15.140614672520668,207,0,242,551,0,0,0,783,infection,161
15.147908277707112,207,0,241,552,0,0,0,783,recovery,132
15.148336937651493,207,0,240,553,0,0,0,783,recovery,424
15.150994749494851,206,0,241,553,0,0,0,784,infection,559
15.154773747575346,206,0,240,554,0,0,0,784,recovery,187
15.160406304750884,206,0,239,555,0,0,0,784,recovery,337
15.1828096010838,205,0,240,555,0,0,0,785,infection,134
15.187662721807467,205,0,239,556,0,0,0,785,recovery,969
15.198604051216483,205,0,238,557,0,0,0,785,recovery,47
15.218109645655206,205,0,237,558,0,0,0,785,recovery,2
15.222470086917015,204,0,238,558,0,0,0,786,infection,513
15.229752033506939,204,0,237,559,0,0,0,786,recovery,728
15.229988675598532,204,0,236,560,0,0,0,786,recovery,589
15.247689110893807,204,0,235,561,0,0,0,786,recovery,870
15.263238923529642,204,0,234,562,0,0,0,786,recovery,374
15.29106999059643,204,0,233,563,0,0,0,786,recovery,784
15.295674511981876,203,0,234,563,0,0,0,787,infection,253
15.297903068213056,202,0,235,563,0,0,0,788,infection,432
15.29929042965958,201,0,236,563,0,0,0,789,infection,357
15.354367335716415,201,0,235,564,0,0,0,789,recovery,801
15.393616602340277,201,0,234,565,0,0,0,789,recovery,184
15.39484220276879,201,0,233,566,0,0,0,789,recovery,466
15.402164326359447,201,0,232,567,0,0,0,789,recovery,340
15.402679333491635,201,0,231,568,0,0,0,789,recovery,422
15.424490091435779,200,0,232,568,0,0,0,790,infection,973
15.500210520214479,199,0,233,568,0,0,0,791,infection,840
15.508939041475468,199,0,232,569,0,0,0,791,recovery,280
15.53613368426836,199,0,231,570,0,0,0,791,recovery,343
15.54552700024528,198,0,232,570,0,0,0,792,infection,79
15.563960981958259,197,0,233,570,0,0,0,793,infection,532
15.572917378109397,197,0,232,571,0,0,0,793,recovery,517
15.57309337197239,196,0,233,571,0,0,0,794,infection,896
15.585782202015329,196,0,232,572,0,0,0,794,recovery,124
15.61212316426123,196,0,231,573,0,0,0,794,recovery,972
15.612675562350535,196,0,230,574,0,0,0,794,recovery,731
15.618901009869758,196,0,229,575,0,0,0,794,recovery,228
15.62217032598898,195,0,230,575,0,0,0,795,infection,696
15.682872889535236,195,0,229,576,0,0,0,795,recovery,700
15.698430657367657,194,0,230,576,0,0,0,796,infection,309
15.701065901893973,194,0,229,577,0,0,0,796,recovery,473
15.701189413385826,194,0,228,578,0,0,0,796,recovery,271
15.7022391860314,193,0,229,578,0,0,0,797,infection,587
15.720371467780659,193,0,228,579,0,0,0,797,recovery,924
15.72714489001419,192,0,229,579,0,0,0,798,infection,851
15.771405260841298,192,0,228,580,0,0,0,798,recovery,313
15.779274482088573,192,0,227,581,0,0,0,798,recovery,290
15.790983721204055,192,0,226,582,0,0,0,798,recovery,739
15.794272735437033,192,0,225,583,0,0,0,798,recovery,911
15.796323322495606,191,0,226,583,0,0,0,799,infection,989
15.797555434021316,191,0,225,584,0,0,0,799,recovery,527
15.804056137463768,190,0,226,584,0,0,0,800,infection,693
15.81444153304638,190,0,225,585,0,0,0,800,recovery,178
15.829798915039273,190,0,224,586,0,0,0,800,recovery,38
15.84799217067582,190,0,223,587,0,0,0,800,recovery,860
15.85876767013108,189,0,224,587,0,0,0,801,infection,822
15.864827518824551,189,0,223,588,0,0,0,801,recovery,336
15.925045805975174,188,0,224,588,0,0,0,802,infection,785
15.938506424226354,187,0,225,588,0,0,0,803,infection,543
15.945815430311125,186,0,226,588,0,0,0,804,infection,414
15.964968287463915,186,0,225,589,0,0,0,804,recovery,891
15.976529358740532,186,0,224,590,0,0,0,804,recovery,807
15.984032577025124,186,0,223,591,0,0,0,804,recovery,161
15.987549454293562,186,0,222,592,0,0,0,804,recovery,419
15.988519897183332,185,0,223,592,0,0,0,805,infection,758
15.988793978961095,184,0,224,592,0,0,0,806,infection,268
15.989259736861056,183,0,225,592,0,0,0,807,infection,430
15.993525982583602,183,0,224,593,0,0,0,807,recovery,224
16.028709493774603,183,0,223,594,0,0,0,807,recovery,3
16.029905776743327,183,0,222,595,0,0,0,807,recovery,766
16.03838694785914,183,0,221,596,0,0,0,807,recovery,474
16.043386935101463,183,0,220,597,0,0,0,807,recovery,840
16.044902262259132,183,0,219,598,0,0,0,807,recovery,348
16.05972972930603,183,0,218,599,0,0,0,807,recovery,45
16.075699888569147,182,0,219,599,0,0,0,808,infection,298
16.085466823596313,181,0,220,599,0,0,0,809,infection,462
16.086309297429086,181,0,219,600,0,0,0,809,recovery,213
16.090268915255585,181,0,218,601,0,0,0,809,recovery,88
16.09781824265053,181,0,217,602,0,0,0,809,recovery,106
16.1005049626529,180,0,218,602,0,0,0,810,infection,81
16.10539566047155,179,0,219,602,0,0,0,811,infection,612
16.105964129110145,179,0,218,603,0,0,0,811,recovery,780
16.110891969273048,179,0,217,604,0,0,0,811,recovery,341
16.11531698056396,179,0,216,605,0,0,0,811,recovery,363
16.13947807293697,179,0,215,606,0,0,0,811,recovery,684
16.140838293617552,179,0,214,607,0,0,0,811,recovery,487
16.145191904240335,179,0,213,608,0,0,0,811,recovery,342
16.17772346073632,179,0,212,609,0,0,0,811,recovery,221
16.18734558960124,178,0,213,609,0,0,0,812,infection,680
16.19328070441405,178,0,212,610,0,0,0,812,recovery,304
16.213798233137574,178,0,211,611,0,0,0,812,recovery,981
16.220897197518756,178,0,210,612,0,0,0,812,recovery,590
16.244302490618857,178,0,209,613,0,0,0,812,recovery,273
16.264735323092857,178,0,208,614,0,0,0,812,recovery,281
16.266645182124662,178,0,207,615,0,0,0,812,recovery,167
16.268020077832393,178,0,206,616,0,0,0,812,recovery,54
16.281294735744613,177,0,207,616,0,0,0,813,infection,522
16.281556155377984,176,0,208,616,0,0,0,814,infection,636
16.294177581830198,176,0,207,617,0,0,0,814,recovery,365
16.330915138649342,176,0,206,618,0,0,0,814,recovery,71
16.348638596069534,175,0,207,618,0,0,0,815,infection,351
16.364190014296124,175,0,206,619,0,0,0,815,recovery,81
16.366956363953342,174,0,207,619,0,0,0,816,infection,861
16.371637567768545,174,0,206,620,0,0,0,816,recovery,764
16.375341930968716,174,0,205,621,0,0,0,816,recovery,761
16.376535400242435,174,0,204,622,0,0,0,816,recovery,887
16.423900762553785,174,0,203,623,0,0,0,816,recovery,863
16.432999172391185,174,0,202,624,0,0,0,816,recovery,696
16.438397120197827,174,0,201,625,0,0,0,816,recovery,114
16.44486904868676,174,0,200,626,0,0,0,816,recovery,861
16.465887894413676,173,0,201,626,0,0,0,817,infection,817
16.482595587568333,173,0,200,627,0,0,0,817,recovery,338
16.489902282619198,172,0,201,627,0,0,0,818,infection,762
16.49402327305359,172,0,200,628,0,0,0,818,recovery,535
16.52888397568178,172,0,199,629,0,0,0,818,recovery,926
16.54985233109205,171,0,200,629,0,0,0,819,infection,885
16.550586772284007,171,0,199,630,0,0,0,819,recovery,794
16.5596998377172,170,0,200,630,0,0,0,820,infection,395
16.56964460466439,170,0,199,631,0,0,0,820,recovery,112
16.573144012839776,170,0,198,632,0,0,0,820,recovery,979
16.589633075957465,170,0,197,633,0,0,0,820,recovery,522
16.613397946861127,170,0,196,634,0,0,0,820,recovery,136
16.617431054677308,170,0,195,635,0,0,0,820,recovery,143
16.61853591217963,169,0,196,635,0,0,0,821,infection,607
16.621854590377044,169,0,195,636,0,0,0,821,recovery,577
16.638927573491845,168,0,196,636,0,0,0,822,infection,929
16.642465798610857,168,0,195,637,0,0,0,822,recovery,508
16.646443419302074,167,0,196,637,0,0,0,823,infection,949
16.649818567278842,167,0,195,638,0,0,0,823,recovery,955
16.702244107315718,167,0,194,639,0,0,0,823,recovery,239
16.704137370712775,167,0,193,640,0,0,0,823,recovery,562
16.718275859895858,166,0,194,640,0,0,0,824,infection,209
16.728807891445314,165,0,195,640,0,0,0,825,infection,203
16.732733442647877,165,0,194,641,0,0,0,825,recovery,208
16.736209803568947,165,0,193,642,0,0,0,825,recovery,188
16.737892172343503,165,0,192,643,0,0,0,825,recovery,309
16.76434655126122,165,0,191,644,0,0,0,825,recovery,897
16.779459779186666,164,0,192,644,0,0,0,826,infection,545
16.78603852056979,164,0,191,645,0,0,0,826,recovery,95
16.799353065694504,163,0,192,645,0,0,0,827,infection,888
16.81774990528764,163,0,191,646,0,0,0,827,recovery,626
16.84316546140605,163,0,190,647,0,0,0,827,recovery,586
16.87876964011997,163,0,189,648,0,0,0,827,recovery,10
16.881721503157166,162,0,190,648,0,0,0,828,infection,561
16.913202800706504,161,0,191,648,0,0,0,829,infection,615
16.927673367463967,160,0,192,648,0,0,0,830,infection,620
16.93887944170211,160,0,191,649,0,0,0,830,recovery,103
16.94939078286521,159,0,192,649,0,0,0,831,infection,147
16.957399401647955,159,0,191,650,0,0,0,831,recovery,375
16.97697174942995,159,0,190,651,0,0,0,831,recovery,569
16.98469657836046,159,0,189,652,0,0,0,831,recovery,608
16.989381631482253,158,0,190,652,0,0,0,832,infection,15
16.98996473540138,158,0,189,653,0,0,0,832,recovery,85
16.99188157090221,158,0,188,654,0,0,0,832,recovery,214
16.998607360958133,158,0,187,655,0,0,0,832,recovery,509
17.005937533539633,158,0,186,656,0,0,0,832,recovery,231
17.017899351714597,158,0,185,657,0,0,0,832,recovery,708
17.020485047371622,158,0,184,658,0,0,0,832,recovery,75
17.051636377700454,158,0,183,659,0,0,0,832,recovery,108
17.05544259197077,158,0,182,660,0,0,0,832,recovery,702
17.069318610138215,157,0,183,660,0,0,0,833,infection,499
17.083797041731614,157,0,182,661,0,0,0,833,recovery,455
17.092479531979766,156,0,183,661,0,0,0,834,infection,305
17.09676735341529,156,0,182,662,0,0,0,834,recovery,989
17.103098715721654,155,0,183,662,0,0,0,835,infection,7
17.10501133454935,154,0,184,662,0,0,0,836,infection,16
17.135762659908213,154,0,183,663,0,0,0,836,recovery,16
17.145556412809754,154,0,182,664,0,0,0,836,recovery,25
17.15771712095743,153,0,183,664,0,0,0,837,infection,685
17.159860315842103,153,0,182,665,0,0,0,837,recovery,149
17.182007429993995,153,0,181,666,0,0,0,837,recovery,625
17.1846095126995,152,0,182,666,0,0,0,838,infection,852
17.185841595639573,151,0,183,666,0,0,0,839,infection,882
17.195704295227102,151,0,182,667,0,0,0,839,recovery,561
17.214505479179877,151,0,181,668,0,0,0,839,recovery,841
17.22133717246863,151,0,180,669,0,0,0,839,recovery,876
17.22973855701077,150,0,181,669,0,0,0,840,infection,153
17.233291086598477,150,0,180,670,0,0,0,840,recovery,948
17.276103136917058,150,0,179,671,0,0,0,840,recovery,252
17.287772023613268,150,0,178,672,0,0,0,840,recovery,385
17.30237966767507,150,0,177,673,0,0,0,840,recovery,588
17.304701771867208,150,0,176,674,0,0,0,840,recovery,41
17.3198835913728,150,0,175,675,0,0,0,840,recovery,376
17.339479193527062,150,0,174,676,0,0,0,840,recovery,254
17.34045153111828,150,0,173,677,0,0,0,840,recovery,532
17.34258557068643,150,0,172,678,0,0,0,840,recovery,369
17.348727728508102,149,0,173,678,0,0,0,841,infection,745
17.353595814879792,149,0,172,679,0,0,0,841,recovery,607
17.362205943311373,149,0,171,680,0,0,0,841,recovery,857
17.378879398575357,149,0,170,681,0,0,0,841,recovery,253
17.379898289612814,148,0,171,681,0,0,0,842,infection,65
17.406845131193588,148,0,170,682,0,0,0,842,recovery,551
17.42837574365766,148,0,169,683,0,0,0,842,recovery,572
17.434571167330645,148,0,168,684,0,0,0,842,recovery,135
17.43701350325665,147,0,169,684,0,0,0,843,infection,928
17.446945356991495,147,0,168,685,0,0,0,843,recovery,482
17.448559812728206,147,0,167,686,0,0,0,843,recovery,461
17.45588979203297,146,0,168,686,0,0,0,844,infection,267
17.460190780935637,146,0,167,687,0,0,0,844,recovery,360
17.484472448463592,145,0,168,687,0,0,0,845,infection,198
17.499263041986104,145,0,167,688,0,0,0,845,recovery,82
17.504028563404724,145,0,166,689,0,0,0,845,recovery,882
17.505262324326186,145,0,165,690,0,0,0,845,recovery,302
17.505590493784407,144,0,166,690,0,0,0,846,infection,918
17.508565433951837,144,0,165,691,0,0,0,846,recovery,229
17.547291607596332,144,0,164,692,0,0,0,846,recovery,557
17.550948883804153,144,0,163,693,0,0,0,846,recovery,793
17.553719751213094,143,0,164,693,0,0,0,847,infection,64
17.583949365866253,143,0,163,694,0,0,0,847,recovery,107
17.585443169587904,143,0,162,695,0,0,0,847,recovery,212
17.59187066523244,143,0,161,696,0,0,0,847,recovery,600
17.592179581406604,143,0,160,697,0,0,0,847,recovery,402
17.6081873691866,142,0,161,697,0,0,0,848,infection,433
17.619446328786964,142,0,160,698,0,0,0,848,recovery,612
17.64007355074617,141,0,161,698,0,0,0,849,infection,632
17.656638232674403,140,0,162,698,0,0,0,850,infection,444
17.700760193720292,140,0,161,699,0,0,0,850,recovery,745
17.75116876152728,140,0,160,700,0,0,0,850,recovery,925
17.77872696223711,140,0,159,701,0,0,0,850,recovery,21
17.794645993940854,140,0,158,702,0,0,0,850,recovery,476
17.818561466329406,139,0,159,702,0,0,0,851,infection,354
17.852417353590013,139,0,158,703,0,0,0,851,recovery,373
17.86443004989958,139,0,157,704,0,0,0,851,recovery,779
17.9019868208384,138,0,158,704,0,0,0,852,infection,694
17.90265289139561,138,0,157,705,0,0,0,852,recovery,78
17.913553868939587,137,0,158,705,0,0,0,853,infection,133
17.94489304283882,137,0,157,706,0,0,0,853,recovery,431
17.987601286935394,137,0,156,707,0,0,0,853,recovery,138
18.015915417177712,137,0,155,708,0,0,0,853,recovery,65
18.021531243004365,136,0,156,708,0,0,0,854,infection,597
18.044227296555178,135,0,157,708,0,0,0,855,infection,58
18.05510931395476,135,0,156,709,0,0,0,855,recovery,649
18.07115781153183,135,0,155,710,0,0,0,855,recovery,796
18.073186049354746,134,0,156,710,0,0,0,856,infection,475
18.091125493357968,134,0,155,711,0,0,0,856,recovery,680
18.108275385169634,134,0,154,712,0,0,0,856,recovery,559
18.123838810428047,134,0,153,713,0,0,0,856,recovery,956
18.143151524196746,134,0,152,714,0,0,0,856,recovery,849
18.15410513163318,134,0,151,715,0,0,0,856,recovery,500
18.161524456252117,134,0,150,716,0,0,0,856,recovery,217
18.1821540986564,134,0,149,717,0,0,0,856,recovery,15
18.193719183415215,134,0,148,718,0,0,0,856,recovery,918
18.213937690980934,134,0,147,719,0,0,0,856,recovery,758
18.225335894399176,134,0,146,720,0,0,0,856,recovery,757
18.24384079386149,134,0,145,721,0,0,0,856,recovery,762
18.254329220300903,134,0,144,722,0,0,0,856,recovery,785
18.28819682632834,134,0,143,723,0,0,0,856,recovery,499
18.30174526459171,134,0,142,724,0,0,0,856,recovery,53
18.37598559375196,134,0,141,725,0,0,0,856,recovery,237
18.380052099520885,134,0,140,726,0,0,0,856,recovery,853
18.380257651574784,134,0,139,727,0,0,0,856,recovery,330
18.43952897505105,134,0,138,728,0,0,0,856,recovery,519
18.452246018091785,134,0,137,729,0,0,0,856,recovery,357
18.47899838344293,134,0,136,730,0,0,0,856,recovery,298
18.520925443194294,134,0,135,731,0,0,0,856,recovery,346
18.52607669456703,134,0,134,732,0,0,0,856,recovery,166
18.579399701608395,134,0,133,733,0,0,0,856,recovery,462
18.59148335506262,134,0,132,734,0,0,0,856,recovery,372
18.61061804667949,134,0,131,735,0,0,0,856,recovery,27
18.658790127034763,134,0,130,736,0,0,0,856,recovery,405
18.663814763098863,134,0,129,737,0,0,0,856,recovery,383
18.702577897302493,134,0,128,738,0,0,0,856,recovery,305
18.711208156763043,134,0,127,739,0,0,0,856,recovery,134
18.71784132871378,134,0,126,740,0,0,0,856,recovery,347
18.847929156485062,134,0,125,741,0,0,0,856,recovery,79
18.859778516874105,133,0,126,741,0,0,0,857,infection,393
18.864305449827732,133,0,125,742,0,0,0,857,recovery,297
18.868268190386345,133,0,124,743,0,0,0,857,recovery,632
18.903777926348276,133,0,123,744,0,0,0,857,recovery,615
18.90623542230924,133,0,122,745,0,0,0,857,recovery,117
18.934578950249094,132,0,123,745,0,0,0,858,infection,872
18.934599990679395,132,0,122,746,0,0,0,858,recovery,587
18.9620675091346,132,0,121,747,0,0,0,858,recovery,505
18.98506386774607,132,0,120,748,0,0,0,858,recovery,153
19.018864787068814,131,0,121,748,0,0,0,859,infection,121
19.02934506438158,131,0,120,749,0,0,0,859,recovery,672
19.037909142280476,131,0,119,750,0,0,0,859,recovery,414
19.062480391731647,131,0,118,751,0,0,0,859,recovery,889
19.089204036468747,130,0,119,751,0,0,0,860,infection,382
19.16475749825143,129,0,120,751,0,0,0,861,infection,836
19.197004866593645,129,0,119,752,0,0,0,861,recovery,412
19.219724796560218,129,0,118,753,0,0,0,861,recovery,418
19.266474111381342,129,0,117,754,0,0,0,861,recovery,199
19.292609036660046,129,0,116,755,0,0,0,861,recovery,165
19.31835227271433,129,0,115,756,0,0,0,861,recovery,203
19.36084492012833,129,0,114,757,0,0,0,861,recovery,896
19.38025200913836,129,0,113,758,0,0,0,861,recovery,458
19.384794925380923,128,0,114,758,0,0,0,862,infection,962
19.387054697351736,127,0,115,758,0,0,0,863,infection,200
19.41487173031448,127,0,114,759,0,0,0,863,recovery,152
19.444263869763155,127,0,113,760,0,0,0,863,recovery,909
19.45883359627369,126,0,114,760,0,0,0,864,infection,718
19.57654310401674,126,0,113,761,0,0,0,864,recovery,7
19.589764210953273,126,0,112,762,0,0,0,864,recovery,647
19.591199215063995,126,0,111,763,0,0,0,864,recovery,543
19.605261557164987,126,0,110,764,0,0,0,864,recovery,973
19.65404704830813,126,0,109,765,0,0,0,864,recovery,440
19.793278155392123,126,0,108,766,0,0,0,864,recovery,685
19.81276550154068,125,0,109,766,0,0,0,865,infection,498
19.847875757573988,125,0,108,767,0,0,0,865,recovery,618
19.856455467308514,125,0,107,768,0,0,0,865,recovery,197
19.909877456958974,124,0,108,768,0,0,0,866,infection,707
19.917145757996046,123,0,109,768,0,0,0,867,infection,735
19.932878292573594,123,0,108,769,0,0,0,867,recovery,395
19.95599297747184,122,0,109,769,0,0,0,868,infection,591
19.979638671895113,122,0,108,770,0,0,0,868,recovery,274
19.991383880659576,122,0,107,771,0,0,0,868,recovery,591
20.01187240266125,122,0,106,772,0,0,0,868,recovery,636
20.02067120399357,122,0,105,773,0,0,0,868,recovery,836
20.07798967611013,122,0,104,774,0,0,0,868,recovery,735
20.114718748583808,122,0,103,775,0,0,0,868,recovery,817
20.139556794758327,122,0,102,776,0,0,0,868,recovery,513
20.16224031338793,122,0,101,777,0,0,0,868,recovery,962
20.175698739821264,121,0,102,777,0,0,0,869,infection,560
20.18644788322948,121,0,101,778,0,0,0,869,recovery,929
20.201684466278884,120,0,102,778,0,0,0,870,infection,312
20.215958661082638,120,0,101,779,0,0,0,870,recovery,556
20.238312849003705,120,0,100,780,0,0,0,870,recovery,349
20.246916005297088,119,0,101,780,0,0,0,871,infection,524
20.2536263646367,119,0,100,781,0,0,0,871,recovery,718
20.2907158901019,119,0,99,782,0,0,0,871,recovery,643
20.327930991921747,119,0,98,783,0,0,0,871,recovery,147
20.357942849074092,119,0,97,784,0,0,0,871,recovery,56
20.39166502168917,119,0,96,785,0,0,0,871,recovery,417
20.42831502125825,119,0,95,786,0,0,0,871,recovery,50
20.475492984492853,119,0,94,787,0,0,0,871,recovery,14
20.514397716596687,118,0,95,787,0,0,0,872,infection,755
20.563719731286316,118,0,94,788,0,0,0,872,recovery,893
20.58116593108281,118,0,93,789,0,0,0,872,recovery,734
20.586863925272315,118,0,92,790,0,0,0,872,recovery,312
20.598556874507764,118,0,91,791,0,0,0,872,recovery,597
20.60911073970503,118,0,90,792,0,0,0,872,recovery,11
20.65557620052692,118,0,89,793,0,0,0,872,recovery,659
20.68011660892649,117,0,90,793,0,0,0,873,infection,345
20.691610681565102,116,0,91,793,0,0,0,874,infection,327
20.845973537106854,115,0,92,793,0,0,0,875,infection,792
20.896461033512303,114,0,93,793,0,0,0,876,infection,315
20.90578634556703,114,0,92,794,0,0,0,876,recovery,209
20.92786522302592,114,0,91,795,0,0,0,876,recovery,102
20.971967382794407,114,0,90,796,0,0,0,876,recovery,654
20.99284921040116,114,0,89,797,0,0,0,876,recovery,701
20.996771287458195,114,0,88,798,0,0,0,876,recovery,267
21.01469014371104,114,0,87,799,0,0,0,876,recovery,345
21.089970438821723,114,0,86,800,0,0,0,876,recovery,69
21.10985404712134,114,0,85,801,0,0,0,876,recovery,173
21.128582248932513,114,0,84,802,0,0,0,876,recovery,156
21.190916941083707,114,0,83,803,0,0,0,876,recovery,121
21.192083286069106,114,0,82,804,0,0,0,876,recovery,949
21.197726704426604,114,0,81,805,0,0,0,876,recovery,851
21.270208844990297,113,0,82,805,0,0,0,877,infection,447
21.45447071948602,112,0,83,805,0,0,0,878,infection,460
21.50882803186737,112,0,82,806,0,0,0,878,recovery,872
21.535327172987635,112,0,81,807,0,0,0,878,recovery,74
21.566901963069103,112,0,80,808,0,0,0,878,recovery,301
21.600360654755246,112,0,79,809,0,0,0,878,recovery,908
21.614619245062485,112,0,78,810,0,0,0,878,recovery,795
21.644694714749203,112,0,77,811,0,0,0,878,recovery,961
21.6586362402468,112,0,76,812,0,0,0,878,recovery,432
21.708681419343513,112,0,75,813,0,0,0,878,recovery,825
21.727827676688104,112,0,74,814,0,0,0,878,recovery,354
21.759159875689516,112,0,73,815,0,0,0,878,recovery,694
21.796852481789415,112,0,72,816,0,0,0,878,recovery,393
21.835325635150767,112,0,71,817,0,0,0,878,recovery,64
21.83808222874862,112,0,70,818,0,0,0,878,recovery,382
21.90665070570992,112,0,69,819,0,0,0,878,recovery,675
21.928106973796844,112,0,68,820,0,0,0,878,recovery,351
22.073468357742954,111,0,69,820,0,0,0,879,infection,826
22.159859103185685,111,0,68,821,0,0,0,879,recovery,97
22.170948682259613,111,0,67,822,0,0,0,879,recovery,852
22.181986981830946,111,0,66,823,0,0,0,879,recovery,100
22.273410145096644,111,0,65,824,0,0,0,879,recovery,826
22.279084877767108,110,0,66,824,0,0,0,880,infection,105
22.329287037343313,110,0,65,825,0,0,0,880,recovery,444
22.355152894348812,110,0,64,826,0,0,0,880,recovery,699
22.37627436428959,110,0,63,827,0,0,0,880,recovery,814
22.381112982760367,109,0,64,827,0,0,0,881,infection,355
22.397343656005756,109,0,63,828,0,0,0,881,recovery,92
22.42354569926691,109,0,62,829,0,0,0,881,recovery,460
22.482745377925117,108,0,63,829,0,0,0,882,infection,415
22.521419838806608,108,0,62,830,0,0,0,882,recovery,170
22.521510175474813,107,0,63,830,0,0,0,883,infection,803
22.525984581337656,107,0,62,831,0,0,0,883,recovery,935
22.660301898674433,107,0,61,832,0,0,0,883,recovery,866
22.690166442672385,107,0,60,833,0,0,0,883,recovery,105
22.725289253059632,107,0,59,834,0,0,0,883,recovery,748
22.75040994962708,107,0,58,835,0,0,0,883,recovery,792
22.751648006224585,107,0,57,836,0,0,0,883,recovery,355
22.76963444489749,107,0,56,837,0,0,0,883,recovery,91
22.814454513146792,106,0,57,837,0,0,0,884,infection,879
22.836303816587776,105,0,58,837,0,0,0,885,infection,453
22.866278134576476,105,0,57,838,0,0,0,885,recovery,159
22.936418275746306,105,0,56,839,0,0,0,885,recovery,524
22.940528415394404,105,0,55,840,0,0,0,885,recovery,58
22.946016129585573,105,0,54,841,0,0,0,885,recovery,415
23.016059945974593,105,0,53,842,0,0,0,885,recovery,437
23.042685773300015,105,0,52,843,0,0,0,885,recovery,692
23.238056686265523,105,0,51,844,0,0,0,885,recovery,546
23.361608583279075,104,0,52,844,0,0,0,886,infection,616
23.433332208488327,104,0,51,845,0,0,0,886,recovery,475
23.68078988675385,104,0,50,846,0,0,0,886,recovery,24
23.687678141167005,104,0,49,847,0,0,0,886,recovery,715
23.718858680080253,104,0,48,848,0,0,0,886,recovery,705
23.744364285158333,104,0,47,849,0,0,0,886,recovery,790
23.788892783160584,104,0,46,850,0,0,0,886,recovery,879
23.823623618430975,104,0,45,851,0,0,0,886,recovery,198
23.839535670246704,103,0,46,851,0,0,0,887,infection,222
23.86041880596502,103,0,45,852,0,0,0,887,recovery,409
23.891396477146472,103,0,44,853,0,0,0,887,recovery,803
23.892708316171756,103,0,43,854,0,0,0,887,recovery,885
24.014080599267125,103,0,42,855,0,0,0,887,recovery,928
24.104491103543857,103,0,41,856,0,0,0,887,recovery,741
24.147386367934963,103,0,40,857,0,0,0,887,recovery,453
24.158114958629213,103,0,39,858,0,0,0,887,recovery,707
24.22234402185689,102,0,40,858,0,0,0,888,infection,834
24.237701746204916,102,0,39,859,0,0,0,888,recovery,490
24.292563952771474,101,0,40,859,0,0,0,889,infection,538
24.324438968295407,101,0,39,860,0,0,0,889,recovery,73
24.431762413555703,101,0,38,861,0,0,0,889,recovery,990
24.524492751039848,101,0,37,862,0,0,0,889,recovery,888
24.737197923058297,101,0,36,863,0,0,0,889,recovery,447
24.74164788600305,101,0,35,864,0,0,0,889,recovery,317
24.809929580278236,101,0,34,865,0,0,0,889,recovery,755
24.94211579531807,101,0,33,866,0,0,0,889,recovery,350
24.945462833370996,100,0,34,866,0,0,0,890,infection,288
24.946357269995545,100,0,33,867,0,0,0,890,recovery,324
25.008118518493568,100,0,32,868,0,0,0,890,recovery,620
25.02200667915132,100,0,31,869,0,0,0,890,recovery,788
25.025632894229688,99,0,32,869,0,0,0,891,infection,824
25.132182100964986,99,0,31,870,0,0,0,891,recovery,538
25.252303691315426,99,0,30,871,0,0,0,891,recovery,674
25.523157715859707,99,0,29,872,0,0,0,891,recovery,4
25.960915692417768,98,0,30,872,0,0,0,892,infection,486
26.07945539757168,98,0,29,873,0,0,0,892,recovery,824
26.14397782100167,98,0,28,874,0,0,0,892,recovery,268
26.402850914386093,98,0,27,875,0,0,0,892,recovery,641
26.477630857820706,97,0,28,875,0,0,0,893,infection,118
26.524030658095448,97,0,27,876,0,0,0,893,recovery,616
26.579800376368006,96,0,28,876,0,0,0,894,infection,984
26.641134766410463,95,0,29,876,0,0,0,895,infection,528
26.681743924599534,94,0,30,876,0,0,0,896,infection,787
26.68343002019865,94,0,29,877,0,0,0,896,recovery,200
26.72856704442938,94,0,28,878,0,0,0,896,recovery,478
26.800712012686617,94,0,27,879,0,0,0,896,recovery,545
26.82385997492613,94,0,26,880,0,0,0,896,recovery,232
26.825781330658163,94,0,25,881,0,0,0,896,recovery,984
26.956565273981806,94,0,24,882,0,0,0,896,recovery,787
26.97349484487521,94,0,23,883,0,0,0,896,recovery,118
27.064123141641115,94,0,22,884,0,0,0,896,recovery,740
27.176738776275094,94,0,21,885,0,0,0,896,recovery,29
27.18014303342184,94,0,20,886,0,0,0,896,recovery,439
27.377932786277263,94,0,19,887,0,0,0,896,recovery,693
27.456084474574137,94,0,18,888,0,0,0,896,recovery,528
28.025243917424532,94,0,17,889,0,0,0,896,recovery,433
28.163425264151734,94,0,16,890,0,0,0,896,recovery,978
28.690070928614404,93,0,17,890,0,0,0,897,infection,668
28.69406698167569,93,0,16,891,0,0,0,897,recovery,668
29.922355425352052,92,0,17,891,0,0,0,898,infection,470
29.976074100674218,92,0,16,892,0,0,0,898,recovery,834
30.02121273152875,92,0,15,893,0,0,0,898,recovery,560
30.021998658543165,91,0,16,893,0,0,0,899,infection,174
30.47615094675745,91,0,15,894,0,0,0,899,recovery,315
30.838575444497533,90,0,16,894,0,0,0,900,infection,245
30.912154457520913,90,0,15,895,0,0,0,900,recovery,498
31.251136396904656,90,0,14,896,0,0,0,900,recovery,327
31.44671430652391,90,0,13,897,0,0,0,900,recovery,371
31.86541828131925,90,0,12,898,0,0,0,900,recovery,133
32.31083762716172,90,0,11,899,0,0,0,900,recovery,174
32.91518430558603,90,0,10,900,0,0,0,900,recovery,486
33.489329654998535,90,0,9,901,0,0,0,900,recovery,671
33.88624601146283,90,0,8,902,0,0,0,900,recovery,470
34.2359349542552,89,0,9,902,0,0,0,901,infection,399
34.875777242970855,89,0,8,903,0,0,0,901,recovery,245
35.084224899902544,89,0,7,904,0,0,0,901,recovery,606
35.123838581417054,89,0,6,905,0,0,0,901,recovery,430
35.995290488987784,88,0,7,905,0,0,0,902,infection,299
36.4399681278816,88,0,6,906,0,0,0,902,recovery,22
38.47065453574085,87,0,7,906,0,0,0,903,infection,77
38.915522172415194,87,0,6,907,0,0,0,903,recovery,471
39.08349535745664,87,0,5,908,0,0,0,903,recovery,822
39.52312324932443,87,0,4,909,0,0,0,903,recovery,288
40.0,87,0,4,909,0,0,0,903,horizon,0
