t,S,E,I,R,births,deaths,vaccinated,infections,event,person
0.0,990,0,10,0,0,0,0,0,initial,0
0.18021361140548542,989,0,11,0,0,0,0,1,infection,579
0.329595348272533,988,0,12,0,0,0,0,2,infection,265
0.47229728603519183,988,0,11,1,0,0,0,2,recovery,995
0.5826529742048373,987,0,12,1,0,0,0,3,infection,552
0.7280619701055082,986,0,13,1,0,0,0,4,infection,26
0.7642857416822748,985,0,14,1,0,0,0,5,infection,609
0.8816834146192949,984,0,15,1,0,0,0,6,infection,667
0.916714459330422,983,0,16,1,0,0,0,7,infection,752
0.9470050021514627,983,0,15,2,0,0,0,7,recovery,998
0.9512212339249307,982,0,16,2,0,0,0,8,infection,665
0.9658438541017424,981,0,17,2,0,0,0,9,infection,170
0.9705813623625098,981,0,16,3,0,0,0,9,recovery,26
0.9835248925851925,981,0,15,4,0,0,0,9,recovery,170
1.0156052676752771,981,0,14,5,0,0,0,9,recovery,665
1.329135693792307,980,0,15,5,0,0,0,10,infection,745
1.3414752640351346,979,0,16,5,0,0,0,11,infection,856
1.491153787388111,978,0,17,5,0,0,0,12,infection,503
1.4922386666917844,978,0,16,6,0,0,0,12,recovery,992
1.5502664493958036,977,0,17,6,0,0,0,13,infection,232
1.638538367078785,976,0,18,6,0,0,0,14,infection,193
1.8421334301900938,975,0,19,6,0,0,0,15,infection,620
1.8492703552236203,974,0,20,6,0,0,0,16,infection,990
1.8581692206847986,973,0,21,6,0,0,0,17,infection,829
1.861038223952166,973,0,20,7,0,0,0,17,recovery,552
1.8619525990585364,972,0,21,7,0,0,0,18,infection,563
1.8757255656098388,972,0,20,8,0,0,0,18,recovery,997
1.9239189049858916,971,0,21,8,0,0,0,19,infection,452
1.9302879870878742,970,0,22,8,0,0,0,20,infection,738
1.9414578361908696,969,0,23,8,0,0,0,21,infection,163
2.0504599121981104,968,0,24,8,0,0,0,22,infection,600
2.10080814201918,967,0,25,8,0,0,0,23,infection,731
2.168175236712247,966,0,26,8,0,0,0,24,infection,581
2.451713054629648,965,0,27,8,0,0,0,25,infection,709
2.4685481562912934,965,0,26,9,0,0,0,25,recovery,193
2.4901979489517476,964,0,27,9,0,0,0,26,infection,792
2.504577739455804,963,0,28,9,0,0,0,27,infection,497
2.5158980890560474,962,0,29,9,0,0,0,28,infection,154
2.532196535198088,961,0,30,9,0,0,0,29,infection,438
2.5423295290982475,960,0,31,9,0,0,0,30,infection,599
2.635313238417509,959,0,32,9,0,0,0,31,infection,140
2.6361844948994206,958,0,33,9,0,0,0,32,infection,439
2.693793902045833,957,0,34,9,0,0,0,33,infection,319
2.7073380974176136,956,0,35,9,0,0,0,34,infection,259
2.7559699507441944,955,0,36,9,0,0,0,35,infection,807
2.786465415961317,955,0,35,10,0,0,0,35,recovery,829
2.921925326009422,954,0,36,10,0,0,0,36,infection,502
2.944543672004208,954,0,35,11,0,0,0,36,recovery,438
2.951958277516375,953,0,36,11,0,0,0,37,infection,862
3.057767734474057,952,0,37,11,0,0,0,38,infection,511
3.063207969346233,952,0,36,12,0,0,0,38,recovery,609
3.078175620971292,951,0,37,12,0,0,0,39,infection,604
3.091753913580648,950,0,38,12,0,0,0,40,infection,176
3.0959091751168453,949,0,39,12,0,0,0,41,infection,904
3.1012845741069817,948,0,40,12,0,0,0,42,infection,324
3.1080341522302173,948,0,39,13,0,0,0,42,recovery,599
3.1546911970938547,947,0,40,13,0,0,0,43,infection,938
3.1815951149566595,946,0,41,13,0,0,0,44,infection,861
3.194321714533227,946,0,40,14,0,0,0,44,recovery,904
3.201970161149404,945,0,41,14,0,0,0,45,infection,256
3.252715975128622,944,0,42,14,0,0,0,46,infection,427
3.2745810221247496,943,0,43,14,0,0,0,47,infection,200
3.2783700671961915,942,0,44,14,0,0,0,48,infection,307
3.2824738171297856,942,0,43,15,0,0,0,48,recovery,993
3.320368665943992,941,0,44,15,0,0,0,49,infection,53
3.339768950619151,941,0,43,16,0,0,0,49,recovery,581
3.386566996175723,940,0,44,16,0,0,0,50,infection,352
3.3956811255859076,939,0,45,16,0,0,0,51,infection,227
3.4041712753044306,939,0,44,17,0,0,0,51,recovery,53
3.411182207281481,938,0,45,17,0,0,0,52,infection,376
3.429879524595268,938,0,44,18,0,0,0,52,recovery,856
3.465836127491194,938,0,43,19,0,0,0,52,recovery,991
3.4881166280441422,938,0,42,20,0,0,0,52,recovery,352
3.5219127039727747,937,0,43,20,0,0,0,53,infection,278
3.5432606986363098,936,0,44,20,0,0,0,54,infection,18
3.562932700547596,935,0,45,20,0,0,0,55,infection,171
3.5657958261178666,935,0,44,21,0,0,0,55,recovery,994
3.5708731646787326,934,0,45,21,0,0,0,56,infection,855
3.587168288769681,933,0,46,21,0,0,0,57,infection,184
3.6005162596682925,932,0,47,21,0,0,0,58,infection,467
3.607612354940994,931,0,48,21,0,0,0,59,infection,274
3.6332423476046403,930,0,49,21,0,0,0,60,infection,210
3.6876720194527666,929,0,50,21,0,0,0,61,infection,437
3.7492385637870167,928,0,51,21,0,0,0,62,infection,987
3.826390103256315,927,0,52,21,0,0,0,63,infection,969
3.830497467786365,927,0,51,22,0,0,0,63,recovery,861
3.8423484779624832,926,0,52,22,0,0,0,64,infection,724
3.853577369819572,925,0,53,22,0,0,0,65,infection,174
3.857301802084475,924,0,54,22,0,0,0,66,infection,298
3.9101620653267424,924,0,53,23,0,0,0,66,recovery,987
3.9171333912902218,923,0,54,23,0,0,0,67,infection,611
3.928723994129424,922,0,55,23,0,0,0,68,infection,469
3.9362205496031213,922,0,54,24,0,0,0,68,recovery,298
3.953105472576976,921,0,55,24,0,0,0,69,infection,94
3.9601502368701818,921,0,54,25,0,0,0,69,recovery,999
3.9965802390346092,920,0,55,25,0,0,0,70,infection,85
3.9978187288791425,919,0,56,25,0,0,0,71,infection,487
4.003581943514692,918,0,57,25,0,0,0,72,infection,450
4.0325514415163015,917,0,58,25,0,0,0,73,infection,409
4.0641992740688675,916,0,59,25,0,0,0,74,infection,926
4.119147080652572,916,0,58,26,0,0,0,74,recovery,467
4.125693120425511,916,0,57,27,0,0,0,74,recovery,232
4.20559826447051,915,0,58,27,0,0,0,75,infection,710
4.227252583454845,914,0,59,27,0,0,0,76,infection,6
4.235280958970887,913,0,60,27,0,0,0,77,infection,433
4.265337673343399,912,0,61,27,0,0,0,78,infection,698
4.3274841318268535,911,0,62,27,0,0,0,79,infection,306
4.372545712051019,910,0,63,27,0,0,0,80,infection,235
4.405106664018418,909,0,64,27,0,0,0,81,infection,574
4.405645857757105,908,0,65,27,0,0,0,82,infection,246
4.451079840711966,907,0,66,27,0,0,0,83,infection,951
4.454396956049919,906,0,67,27,0,0,0,84,infection,800
4.458478503179738,905,0,68,27,0,0,0,85,infection,654
4.464848783118043,905,0,67,28,0,0,0,85,recovery,710
4.489187575160023,905,0,66,29,0,0,0,85,recovery,731
4.5169911325046845,904,0,67,29,0,0,0,86,infection,325
4.549187925783675,903,0,68,29,0,0,0,87,infection,104
4.557397641897983,902,0,69,29,0,0,0,88,infection,399
4.587487536104468,902,0,68,30,0,0,0,88,recovery,439
4.5961508149436625,901,0,69,30,0,0,0,89,infection,744
4.605339885508131,900,0,70,30,0,0,0,90,infection,610
4.634921008542554,899,0,71,30,0,0,0,91,infection,130
4.636606941675138,899,0,70,31,0,0,0,91,recovery,450
4.665292798191028,898,0,71,31,0,0,0,92,infection,159
4.671621588451966,897,0,72,31,0,0,0,93,infection,504
4.676307740085688,897,0,71,32,0,0,0,93,recovery,667
4.688838151337909,896,0,72,32,0,0,0,94,infection,542
4.706168145275003,895,0,73,32,0,0,0,95,infection,5
4.712139364882507,894,0,74,32,0,0,0,96,infection,491
4.741056346505017,893,0,75,32,0,0,0,97,infection,421
4.758233243119191,892,0,76,32,0,0,0,98,infection,214
4.7733671368697985,891,0,77,32,0,0,0,99,infection,663
4.789886571697509,890,0,78,32,0,0,0,100,infection,616
4.796457015789101,889,0,79,32,0,0,0,101,infection,608
4.808052717850412,888,0,80,32,0,0,0,102,infection,968
4.808452034846666,888,0,79,33,0,0,0,102,recovery,104
4.813849142110436,887,0,80,33,0,0,0,103,infection,114
4.860602402584374,886,0,81,33,0,0,0,104,infection,55
4.863103496017738,885,0,82,33,0,0,0,105,infection,736
4.8745137251292165,884,0,83,33,0,0,0,106,infection,586
4.879425995163383,883,0,84,33,0,0,0,107,infection,809
4.908943181663683,882,0,85,33,0,0,0,108,infection,723
4.920634763964738,881,0,86,33,0,0,0,109,infection,63
4.930266037210896,880,0,87,33,0,0,0,110,infection,97
4.932241854853497,879,0,88,33,0,0,0,111,infection,466
4.9380279591486795,878,0,89,33,0,0,0,112,infection,617
4.943535081280875,877,0,90,33,0,0,0,113,infection,658
4.949461514704856,877,0,89,34,0,0,0,113,recovery,421
4.975861543022963,876,0,90,34,0,0,0,114,infection,820
4.985837123698148,876,0,89,35,0,0,0,114,recovery,663
5.001030027149877,875,0,90,35,0,0,0,115,infection,328
5.002366349790032,874,0,91,35,0,0,0,116,infection,153
5.02099283549282,873,0,92,35,0,0,0,117,infection,594
5.069006750070435,872,0,93,35,0,0,0,118,infection,414
5.109277603344119,872,0,92,36,0,0,0,118,recovery,608
5.118368697466751,872,0,91,37,0,0,0,118,recovery,616
5.135150041131237,871,0,92,37,0,0,0,119,infection,793
5.138734172324789,871,0,91,38,0,0,0,119,recovery,951
5.140891228412726,870,0,92,38,0,0,0,120,infection,718
5.153230904690288,869,0,93,38,0,0,0,121,infection,712
5.155613489628761,868,0,94,38,0,0,0,122,infection,111
5.1753975738812725,867,0,95,38,0,0,0,123,infection,137
5.193419589428239,866,0,96,38,0,0,0,124,infection,360
5.196830968983475,865,0,97,38,0,0,0,125,infection,879
5.200247854757197,864,0,98,38,0,0,0,126,infection,116
5.212329888048631,864,0,97,39,0,0,0,126,recovery,466
5.212659698522637,863,0,98,39,0,0,0,127,infection,408
5.21463426731446,863,0,97,40,0,0,0,127,recovery,399
5.230704575960114,863,0,96,41,0,0,0,127,recovery,265
5.234416831309877,862,0,97,41,0,0,0,128,infection,44
5.253985680755185,861,0,98,41,0,0,0,129,infection,974
5.255815313967521,860,0,99,41,0,0,0,130,infection,39
5.286140138437273,859,0,100,41,0,0,0,131,infection,500
5.287656781190054,859,0,99,42,0,0,0,131,recovery,724
5.288351901405822,858,0,100,42,0,0,0,132,infection,124
5.303827512741693,857,0,101,42,0,0,0,133,infection,460
5.312726797814481,856,0,102,42,0,0,0,134,infection,834
5.31592694373308,856,0,101,43,0,0,0,134,recovery,18
5.348020832282351,855,0,102,43,0,0,0,135,infection,614
5.354833571122059,854,0,103,43,0,0,0,136,infection,391
5.387989278250544,853,0,104,43,0,0,0,137,infection,74
5.388130289214287,852,0,105,43,0,0,0,138,infection,331
5.4079156429161825,851,0,106,43,0,0,0,139,infection,129
5.410689972196932,851,0,105,44,0,0,0,139,recovery,503
5.423066915640171,851,0,104,45,0,0,0,139,recovery,391
5.4357443348659835,851,0,103,46,0,0,0,139,recovery,709
5.474468818097858,850,0,104,46,0,0,0,140,infection,72
5.480572132948073,850,0,103,47,0,0,0,140,recovery,990
5.4929000674444435,850,0,102,48,0,0,0,140,recovery,926
5.511743249085313,849,0,103,48,0,0,0,141,infection,981
5.513224112505056,848,0,104,48,0,0,0,142,infection,774
5.532835646851424,848,0,103,49,0,0,0,142,recovery,774
5.549975959409303,848,0,102,50,0,0,0,142,recovery,176
5.555812305623604,847,0,103,50,0,0,0,143,infection,584
5.563125915871741,846,0,104,50,0,0,0,144,infection,260
5.5705884435812045,845,0,105,50,0,0,0,145,infection,908
5.5801974920514,844,0,106,50,0,0,0,146,infection,211
5.606479038877345,843,0,107,50,0,0,0,147,infection,828
5.614581053222231,842,0,108,50,0,0,0,148,infection,384
5.624269225510935,841,0,109,50,0,0,0,149,infection,784
5.6257217195503895,840,0,110,50,0,0,0,150,infection,917
5.629378141366435,840,0,109,51,0,0,0,150,recovery,497
5.654848396690056,839,0,110,51,0,0,0,151,infection,240
5.654966003706218,839,0,109,52,0,0,0,151,recovery,594
5.66243567279319,839,0,108,53,0,0,0,151,recovery,55
5.679399163825339,839,0,107,54,0,0,0,151,recovery,376
5.688841513858636,839,0,106,55,0,0,0,151,recovery,5
5.7139539956317495,838,0,107,55,0,0,0,152,infection,976
5.716053542120486,837,0,108,55,0,0,0,153,infection,32
5.722948265347755,836,0,109,55,0,0,0,154,infection,775
5.75195927528566,836,0,108,56,0,0,0,154,recovery,792
5.761440360718699,835,0,109,56,0,0,0,155,infection,566
5.7668246245571515,834,0,110,56,0,0,0,156,infection,786
5.780998427131248,834,0,109,57,0,0,0,156,recovery,862
5.801173119640472,833,0,110,57,0,0,0,157,infection,147
5.805292613776926,833,0,109,58,0,0,0,157,recovery,409
5.830019078260094,833,0,108,59,0,0,0,157,recovery,124
5.842689617521515,832,0,109,59,0,0,0,158,infection,61
5.842743151686041,831,0,110,59,0,0,0,159,infection,1
5.848766222981063,831,0,109,60,0,0,0,159,recovery,502
5.88172798114988,830,0,110,60,0,0,0,160,infection,551
5.886624476612359,829,0,111,60,0,0,0,161,infection,772
5.910757852743693,828,0,112,60,0,0,0,162,infection,364
5.917367157496378,828,0,111,61,0,0,0,162,recovery,879
5.922938255503224,827,0,112,61,0,0,0,163,infection,73
5.931334523973093,827,0,111,62,0,0,0,163,recovery,325
5.958575259638684,827,0,110,63,0,0,0,163,recovery,331
5.962994861468463,827,0,109,64,0,0,0,163,recovery,511
5.9731744320157265,826,0,110,64,0,0,0,164,infection,30
5.9770819805503095,825,0,111,64,0,0,0,165,infection,489
5.991624777542466,825,0,110,65,0,0,0,165,recovery,259
5.9983651389469665,824,0,111,65,0,0,0,166,infection,305
6.000712255223207,823,0,112,65,0,0,0,167,infection,65
6.00733486121326,822,0,113,65,0,0,0,168,infection,183
6.024748348512488,822,0,112,66,0,0,0,168,recovery,996
6.024832026221161,822,0,111,67,0,0,0,168,recovery,712
6.0267079987878365,821,0,112,67,0,0,0,169,infection,822
6.031199284836705,821,0,111,68,0,0,0,169,recovery,974
6.039454073525887,820,0,112,68,0,0,0,170,infection,750
6.05432330376352,819,0,113,68,0,0,0,171,infection,628
6.059918695511669,818,0,114,68,0,0,0,172,infection,7
6.0658142865978615,817,0,115,68,0,0,0,173,infection,96
6.066664332679429,816,0,116,68,0,0,0,174,infection,394
6.068497283806107,815,0,117,68,0,0,0,175,infection,118
6.0697010238535505,814,0,118,68,0,0,0,176,infection,389
6.076297241288323,814,0,117,69,0,0,0,176,recovery,628
6.111034777211408,813,0,118,69,0,0,0,177,infection,867
6.112002462763363,813,0,117,70,0,0,0,177,recovery,171
6.118000429608532,812,0,118,70,0,0,0,178,infection,516
6.127477186651698,811,0,119,70,0,0,0,179,infection,420
6.133107904278504,810,0,120,70,0,0,0,180,infection,989
6.140049332707236,810,0,119,71,0,0,0,180,recovery,73
6.159130755290521,810,0,118,72,0,0,0,180,recovery,200
6.171874943100427,809,0,119,72,0,0,0,181,infection,46
6.186787040165455,808,0,120,72,0,0,0,182,infection,164
6.212984785596651,807,0,121,72,0,0,0,183,infection,670
6.225613724810965,807,0,120,73,0,0,0,183,recovery,1000
6.244079369053304,806,0,121,73,0,0,0,184,infection,323
6.253848100373455,805,0,122,73,0,0,0,185,infection,830
6.2621367948033075,805,0,121,74,0,0,0,185,recovery,786
6.269055346505629,804,0,122,74,0,0,0,186,infection,965
6.277891883991516,804,0,121,75,0,0,0,186,recovery,867
6.287265650751098,803,0,122,75,0,0,0,187,infection,238
6.290622859347767,803,0,121,76,0,0,0,187,recovery,256
6.291094294505718,802,0,122,76,0,0,0,188,infection,371
6.293548614008281,801,0,123,76,0,0,0,189,infection,716
6.29985144601236,800,0,124,76,0,0,0,190,infection,517
6.311949146361829,799,0,125,76,0,0,0,191,infection,486
6.313530719501575,799,0,124,77,0,0,0,191,recovery,500
6.350253877201162,799,0,123,78,0,0,0,191,recovery,227
6.391653115544662,799,0,122,79,0,0,0,191,recovery,976
6.401604114964834,799,0,121,80,0,0,0,191,recovery,61
6.403147212940146,799,0,120,81,0,0,0,191,recovery,600
6.430567343571387,798,0,121,81,0,0,0,192,infection,292
6.432020584635115,798,0,120,82,0,0,0,192,recovery,784
6.448109830507756,797,0,121,82,0,0,0,193,infection,755
6.452938857591003,797,0,120,83,0,0,0,193,recovery,44
6.454333674742945,796,0,121,83,0,0,0,194,infection,837
6.460021857308923,795,0,122,83,0,0,0,195,infection,680
6.461061506261691,794,0,123,83,0,0,0,196,infection,456
6.471699252699089,793,0,124,83,0,0,0,197,infection,320
6.47234079495698,793,0,123,84,0,0,0,197,recovery,610
6.489974023573471,792,0,124,84,0,0,0,198,infection,789
6.490365255334717,791,0,125,84,0,0,0,199,infection,853
6.500364974241315,791,0,124,85,0,0,0,199,recovery,504
6.50899350695546,790,0,125,85,0,0,0,200,infection,125
6.517179304308152,789,0,126,85,0,0,0,201,infection,349
6.517203996407249,788,0,127,85,0,0,0,202,infection,155
6.519332439600909,787,0,128,85,0,0,0,203,infection,106
6.522111243285739,786,0,129,85,0,0,0,204,infection,790
6.528372483070445,786,0,128,86,0,0,0,204,recovery,736
6.535991549922699,785,0,129,86,0,0,0,205,infection,585
6.548277881429471,785,0,128,87,0,0,0,205,recovery,7
6.563823468079377,784,0,129,87,0,0,0,206,infection,213
6.5663519017454375,783,0,130,87,0,0,0,207,infection,288
6.573948322988374,782,0,131,87,0,0,0,208,infection,849
6.595389250806438,781,0,132,87,0,0,0,209,infection,499
6.597368531433168,780,0,133,87,0,0,0,210,infection,673
6.59993062320201,780,0,132,88,0,0,0,210,recovery,246
6.602922639052013,779,0,133,88,0,0,0,211,infection,567
6.603031615297583,778,0,134,88,0,0,0,212,infection,430
6.605879805804074,778,0,133,89,0,0,0,212,recovery,855
6.606075603488391,777,0,134,89,0,0,0,213,infection,641
6.616034828381214,776,0,135,89,0,0,0,214,infection,647
6.622117808357326,775,0,136,89,0,0,0,215,infection,301
6.634992456171664,774,0,137,89,0,0,0,216,infection,276
6.639618460481495,773,0,138,89,0,0,0,217,infection,205
6.655937694355676,772,0,139,89,0,0,0,218,infection,688
6.660541688254135,771,0,140,89,0,0,0,219,infection,918
6.670973398840521,771,0,139,90,0,0,0,219,recovery,908
6.689602777926732,770,0,140,90,0,0,0,220,infection,967
6.69768685453833,769,0,141,90,0,0,0,221,infection,740
6.721113026665337,768,0,142,90,0,0,0,222,infection,767
6.7211933384985585,767,0,143,90,0,0,0,223,infection,92
6.747865070688833,766,0,144,90,0,0,0,224,infection,419
6.766405577919425,765,0,145,90,0,0,0,225,infection,747
6.7751370169880705,764,0,146,90,0,0,0,226,infection,726
6.779272148190095,763,0,147,90,0,0,0,227,infection,119
6.782228319958119,762,0,148,90,0,0,0,228,infection,760
6.782246043454382,761,0,149,90,0,0,0,229,infection,920
6.804580255420743,760,0,150,90,0,0,0,230,infection,508
6.808039906128311,759,0,151,90,0,0,0,231,infection,416
6.808215056915399,758,0,152,90,0,0,0,232,infection,713
6.816441752647259,757,0,153,90,0,0,0,233,infection,911
6.819778614224294,756,0,154,90,0,0,0,234,infection,638
6.828849629400424,755,0,155,90,0,0,0,235,infection,253
6.829341556355186,755,0,154,91,0,0,0,235,recovery,364
6.842511328356149,754,0,155,91,0,0,0,236,infection,894
6.845773195543049,753,0,156,91,0,0,0,237,infection,889
6.8568586975142205,752,0,157,91,0,0,0,238,infection,423
6.860778801977645,752,0,156,92,0,0,0,238,recovery,420
6.865279299191176,751,0,157,92,0,0,0,239,infection,675
6.876900251089159,750,0,158,92,0,0,0,240,infection,706
6.882010624328208,750,0,157,93,0,0,0,240,recovery,213
6.891425996931122,749,0,158,93,0,0,0,241,infection,692
6.893675985885098,748,0,159,93,0,0,0,242,infection,669
6.901501810260724,747,0,160,93,0,0,0,243,infection,947
6.9060228048215775,746,0,161,93,0,0,0,244,infection,103
6.907300750191961,745,0,162,93,0,0,0,245,infection,690
6.920897154307962,744,0,163,93,0,0,0,246,infection,527
6.945072566190743,743,0,164,93,0,0,0,247,infection,91
6.953078236026418,743,0,163,94,0,0,0,247,recovery,427
6.962228692967957,742,0,164,94,0,0,0,248,infection,348
6.9730303306009365,742,0,163,95,0,0,0,248,recovery,408
6.983627303399441,741,0,164,95,0,0,0,249,infection,593
6.985947087800526,740,0,165,95,0,0,0,250,infection,310
6.9882081265695355,739,0,166,95,0,0,0,251,infection,537
6.991534195219663,739,0,165,96,0,0,0,251,recovery,323
6.999014172781237,738,0,166,96,0,0,0,252,infection,597
7.003871264253953,738,0,165,97,0,0,0,252,recovery,137
7.006595011513074,738,0,164,98,0,0,0,252,recovery,32
7.011695477408443,738,0,163,99,0,0,0,252,recovery,920
7.023122465810933,738,0,162,100,0,0,0,252,recovery,738
7.025637343265516,737,0,163,100,0,0,0,253,infection,642
7.032534527411661,736,0,164,100,0,0,0,254,infection,80
7.043570421775218,736,0,163,101,0,0,0,254,recovery,63
7.043670214839791,735,0,164,101,0,0,0,255,infection,443
7.048066744306499,734,0,165,101,0,0,0,256,infection,204
7.06051340023306,733,0,166,101,0,0,0,257,infection,787
7.066206845704603,733,0,165,102,0,0,0,257,recovery,641
7.0883116381846705,733,0,164,103,0,0,0,257,recovery,437
7.103833192978687,732,0,165,103,0,0,0,258,infection,845
7.10659377716183,731,0,166,103,0,0,0,259,infection,605
7.112406536731468,731,0,165,104,0,0,0,259,recovery,675
7.121416762238237,731,0,164,105,0,0,0,259,recovery,563
7.125273324845597,730,0,165,105,0,0,0,260,infection,25
7.127416395852179,729,0,166,105,0,0,0,261,infection,580
7.1303411580963365,728,0,167,105,0,0,0,262,infection,875
7.135488982490114,727,0,168,105,0,0,0,263,infection,512
7.145458550665385,726,0,169,105,0,0,0,264,infection,218
7.149151809112731,726,0,168,106,0,0,0,264,recovery,911
7.151488896210596,725,0,169,106,0,0,0,265,infection,613
7.153967651617838,724,0,170,106,0,0,0,266,infection,727
7.158122163157238,723,0,171,106,0,0,0,267,infection,550
7.167748816295583,722,0,172,106,0,0,0,268,infection,838
7.173173964079996,721,0,173,106,0,0,0,269,infection,338
7.176955962743272,720,0,174,106,0,0,0,270,infection,832
7.179179739721582,719,0,175,106,0,0,0,271,infection,900
7.181554152428736,718,0,176,106,0,0,0,272,infection,220
7.182142667904385,717,0,177,106,0,0,0,273,infection,903
7.184126394047758,716,0,178,106,0,0,0,274,infection,666
7.200191075203727,715,0,179,106,0,0,0,275,infection,79
7.200730622985363,714,0,180,106,0,0,0,276,infection,823
7.201994462599401,713,0,181,106,0,0,0,277,infection,662
7.210646284927385,713,0,180,107,0,0,0,277,recovery,793
7.213517649270824,712,0,181,107,0,0,0,278,infection,131
7.2213033592076785,711,0,182,107,0,0,0,279,infection,890
7.245185225363591,711,0,181,108,0,0,0,279,recovery,253
7.248665011420953,710,0,182,108,0,0,0,280,infection,248
7.263496817376314,709,0,183,108,0,0,0,281,infection,3
7.26675944745672,709,0,182,109,0,0,0,281,recovery,669
7.2688209056936905,708,0,183,109,0,0,0,282,infection,70
7.293240214311793,707,0,184,109,0,0,0,283,infection,676
7.323518795979681,706,0,185,109,0,0,0,284,infection,50
7.3259344341574515,705,0,186,109,0,0,0,285,infection,988
7.327084643709092,704,0,187,109,0,0,0,286,infection,529
7.335874132238871,703,0,188,109,0,0,0,287,infection,431
7.3398217501303264,703,0,187,110,0,0,0,287,recovery,965
7.362878485343612,702,0,188,110,0,0,0,288,infection,449
7.369497578888082,702,0,187,111,0,0,0,288,recovery,666
7.380971026403291,701,0,188,111,0,0,0,289,infection,986
7.381683671803973,700,0,189,111,0,0,0,290,infection,603
7.382291778467401,700,0,188,112,0,0,0,290,recovery,550
7.395348183120482,699,0,189,112,0,0,0,291,infection,378
7.409753553496247,699,0,188,113,0,0,0,291,recovery,688
7.410038405576443,698,0,189,113,0,0,0,292,infection,615
7.4372451443182666,698,0,188,114,0,0,0,292,recovery,745
7.444464641437614,698,0,187,115,0,0,0,292,recovery,579
7.446197835295647,697,0,188,115,0,0,0,293,infection,633
7.4499817068418555,697,0,187,116,0,0,0,293,recovery,240
7.450650881552699,697,0,186,117,0,0,0,293,recovery,118
7.456554755009431,696,0,187,117,0,0,0,294,infection,657
7.457104103034826,695,0,188,117,0,0,0,295,infection,621
7.463231509392191,694,0,189,117,0,0,0,296,infection,546
7.482464708639804,693,0,190,117,0,0,0,297,infection,167
7.493017588721114,692,0,191,117,0,0,0,298,infection,102
7.493621861105151,692,0,190,118,0,0,0,298,recovery,319
7.49464982423537,691,0,191,118,0,0,0,299,infection,564
7.4950813531761415,691,0,190,119,0,0,0,299,recovery,900
7.50380946426744,690,0,191,119,0,0,0,300,infection,592
7.504227820710381,689,0,192,119,0,0,0,301,infection,470
7.5294897602680795,688,0,193,119,0,0,0,302,infection,117
7.5324090840931905,688,0,192,120,0,0,0,302,recovery,642
7.539160901729037,687,0,193,120,0,0,0,303,infection,939
7.544538893388822,686,0,194,120,0,0,0,304,infection,821
7.546236113259315,685,0,195,120,0,0,0,305,infection,453
7.559833446239503,684,0,196,120,0,0,0,306,infection,536
7.56178727227808,683,0,197,120,0,0,0,307,infection,854
7.572116992797689,682,0,198,120,0,0,0,308,infection,950
7.574028005216189,681,0,199,120,0,0,0,309,infection,979
7.575940890596061,680,0,200,120,0,0,0,310,infection,852
7.575977592045002,680,0,199,121,0,0,0,310,recovery,986
7.589731298275719,679,0,200,121,0,0,0,311,infection,907
7.590618343048623,678,0,201,121,0,0,0,312,infection,683
7.595382483065035,677,0,202,121,0,0,0,313,infection,562
7.598362776023889,676,0,203,121,0,0,0,314,infection,401
7.598373894432989,675,0,204,121,0,0,0,315,infection,972
7.618891902172147,674,0,205,121,0,0,0,316,infection,451
7.627124077344711,674,0,204,122,0,0,0,316,recovery,211
7.6435456361359435,674,0,203,123,0,0,0,316,recovery,205
7.645479419031475,674,0,202,124,0,0,0,316,recovery,487
7.648289148202222,673,0,203,124,0,0,0,317,infection,149
7.664674519913955,672,0,204,124,0,0,0,318,infection,719
7.667239403406795,672,0,203,125,0,0,0,318,recovery,981
7.687033389097968,671,0,204,125,0,0,0,319,infection,742
7.6883509927563445,671,0,203,126,0,0,0,319,recovery,235
7.704384329874012,670,0,204,126,0,0,0,320,infection,940
7.709621920550732,669,0,205,126,0,0,0,321,infection,482
7.7259904140915285,668,0,206,126,0,0,0,322,infection,179
7.727384490458241,667,0,207,126,0,0,0,323,infection,722
7.731054755162443,666,0,208,126,0,0,0,324,infection,397
7.732343629901712,666,0,207,127,0,0,0,324,recovery,947
7.735349443761063,665,0,208,127,0,0,0,325,infection,355
7.737694035422268,664,0,209,127,0,0,0,326,infection,808
7.741108961457744,663,0,210,127,0,0,0,327,infection,874
7.7439081176035955,662,0,211,127,0,0,0,328,infection,560
7.756538025742259,661,0,212,127,0,0,0,329,infection,262
7.763359033658998,660,0,213,127,0,0,0,330,infection,960
7.775217363041869,659,0,214,127,0,0,0,331,infection,465
7.782503846176191,658,0,215,127,0,0,0,332,infection,473
7.783841838925823,658,0,214,128,0,0,0,332,recovery,179
7.784210495345641,657,0,215,128,0,0,0,333,infection,886
7.788803746176705,657,0,214,129,0,0,0,333,recovery,384
7.79234775851636,656,0,215,129,0,0,0,334,infection,553
7.7945913631876484,655,0,216,129,0,0,0,335,infection,540
7.798314682591164,655,0,215,130,0,0,0,335,recovery,838
7.799391439868784,655,0,214,131,0,0,0,335,recovery,586
7.804660117774259,654,0,215,131,0,0,0,336,infection,887
7.817612994797792,653,0,216,131,0,0,0,337,infection,869
7.837761099623019,652,0,217,131,0,0,0,338,infection,768
7.841334102765143,652,0,216,132,0,0,0,338,recovery,542
7.841756508964426,651,0,217,132,0,0,0,339,infection,703
7.845004885139562,651,0,216,133,0,0,0,339,recovery,907
7.851952283714838,651,0,215,134,0,0,0,339,recovery,453
7.852258891244845,650,0,216,134,0,0,0,340,infection,929
7.859876670542361,649,0,217,134,0,0,0,341,infection,649
7.870520988945401,648,0,218,134,0,0,0,342,infection,606
7.880904343712535,647,0,219,134,0,0,0,343,infection,771
7.884189945534394,647,0,218,135,0,0,0,343,recovery,584
7.890704560954397,647,0,217,136,0,0,0,343,recovery,621
7.8921638380385515,647,0,216,137,0,0,0,343,recovery,658
7.892860606757304,646,0,217,137,0,0,0,344,infection,810
7.895318032764947,645,0,218,137,0,0,0,345,infection,429
7.914561945589467,645,0,217,138,0,0,0,345,recovery,130
7.917261392807368,644,0,218,138,0,0,0,346,infection,764
7.924026487914094,643,0,219,138,0,0,0,347,infection,272
7.927641548870317,643,0,218,139,0,0,0,347,recovery,25
7.9283282355800795,642,0,219,139,0,0,0,348,infection,533
7.934934603094074,641,0,220,139,0,0,0,349,infection,95
7.940190147647527,641,0,219,140,0,0,0,349,recovery,903
7.944056789825306,641,0,218,141,0,0,0,349,recovery,869
7.953050886642074,641,0,217,142,0,0,0,349,recovery,823
7.9603707711792575,640,0,218,142,0,0,0,350,infection,674
7.985657478739034,639,0,219,142,0,0,0,351,infection,484
7.991495104141356,638,0,220,142,0,0,0,352,infection,627
7.998295547151985,637,0,221,142,0,0,0,353,infection,622
8.00172755201742,636,0,222,142,0,0,0,354,infection,778
8.00660252667265,636,0,221,143,0,0,0,354,recovery,378
8.019466281230622,636,0,220,144,0,0,0,354,recovery,46
8.040050225938849,635,0,221,144,0,0,0,355,infection,816
8.041250420131533,634,0,222,144,0,0,0,356,infection,402
8.042222522493384,633,0,223,144,0,0,0,357,infection,576
8.043769577376464,632,0,224,144,0,0,0,358,infection,88
8.045863574273984,631,0,225,144,0,0,0,359,infection,934
8.051859930715576,630,0,226,144,0,0,0,360,infection,848
8.055015548630056,629,0,227,144,0,0,0,361,infection,148
8.063989922215859,628,0,228,144,0,0,0,362,infection,203
8.064178290465668,628,0,227,145,0,0,0,362,recovery,429
8.06686470751319,627,0,228,145,0,0,0,363,infection,374
8.067457402887042,626,0,229,145,0,0,0,364,infection,935
8.071007407299076,625,0,230,145,0,0,0,365,infection,406
8.078777897946189,624,0,231,145,0,0,0,366,infection,648
8.08162687714109,624,0,230,146,0,0,0,366,recovery,517
8.085881291869626,624,0,229,147,0,0,0,366,recovery,750
8.088036990845966,623,0,230,147,0,0,0,367,infection,518
8.088680726988965,622,0,231,147,0,0,0,368,infection,737
8.104164649716786,622,0,230,148,0,0,0,368,recovery,620
8.107719600833754,621,0,231,148,0,0,0,369,infection,69
8.111989457873419,620,0,232,148,0,0,0,370,infection,21
8.121994245653035,620,0,231,149,0,0,0,370,recovery,159
8.134500100977926,620,0,230,150,0,0,0,370,recovery,129
8.147519496843813,619,0,231,150,0,0,0,371,infection,672
8.150576296236704,618,0,232,150,0,0,0,372,infection,741
8.151160460116012,617,0,233,150,0,0,0,373,infection,781
8.159229030533067,616,0,234,150,0,0,0,374,infection,367
8.159431037504753,615,0,235,150,0,0,0,375,infection,785
8.16094688311492,615,0,234,151,0,0,0,375,recovery,305
8.168175809731904,615,0,233,152,0,0,0,375,recovery,401
8.170502751723596,614,0,234,152,0,0,0,376,infection,335
8.18371621506071,613,0,235,152,0,0,0,377,infection,549
8.198600897124216,612,0,236,152,0,0,0,378,infection,363
8.19917696880938,611,0,237,152,0,0,0,379,infection,962
8.205080863006872,610,0,238,152,0,0,0,380,infection,555
8.207044985271708,609,0,239,152,0,0,0,381,infection,230
8.22410274600702,609,0,238,153,0,0,0,381,recovery,647
8.231477288520942,609,0,237,154,0,0,0,381,recovery,564
8.241307718803828,608,0,238,154,0,0,0,382,infection,34
8.271660446895712,607,0,239,154,0,0,0,383,infection,372
8.275441836210911,606,0,240,154,0,0,0,384,infection,664
8.279683495125134,606,0,239,155,0,0,0,384,recovery,664
8.283361201722492,605,0,240,155,0,0,0,385,infection,943
8.2902162640883,605,0,239,156,0,0,0,385,recovery,183
8.294666507049094,604,0,240,156,0,0,0,386,infection,221
8.295673808969946,604,0,239,157,0,0,0,386,recovery,95
8.317266514399893,603,0,240,157,0,0,0,387,infection,115
8.319897177894008,602,0,241,157,0,0,0,388,infection,342
8.331030123504686,601,0,242,157,0,0,0,389,infection,177
8.360380840869526,600,0,243,157,0,0,0,390,infection,817
8.365149486444409,599,0,244,157,0,0,0,391,infection,975
8.367272166335793,599,0,243,158,0,0,0,391,recovery,807
8.371299823887936,598,0,244,158,0,0,0,392,infection,871
8.377910364253706,598,0,243,159,0,0,0,392,recovery,854
8.38038751007879,597,0,244,159,0,0,0,393,infection,477
8.40303062051971,596,0,245,159,0,0,0,394,infection,160
8.41757486673546,596,0,244,160,0,0,0,394,recovery,781
8.41994769641986,596,0,243,161,0,0,0,394,recovery,555
8.427769146444628,595,0,244,161,0,0,0,395,infection,910
8.431400909831135,595,0,243,162,0,0,0,395,recovery,274
8.444203866269048,594,0,244,162,0,0,0,396,infection,602
8.454337632482986,594,0,243,163,0,0,0,396,recovery,845
8.457051781372261,594,0,242,164,0,0,0,396,recovery,80
8.4583508338978,593,0,243,164,0,0,0,397,infection,877
8.459035073525174,592,0,244,164,0,0,0,398,infection,180
8.468964640595662,591,0,245,164,0,0,0,399,infection,839
8.46914095013861,590,0,246,164,0,0,0,400,infection,909
8.469476124993845,589,0,247,164,0,0,0,401,infection,318
8.486825878518287,588,0,248,164,0,0,0,402,infection,234
8.486868961137752,587,0,249,164,0,0,0,403,infection,146
8.489283240716738,586,0,250,164,0,0,0,404,infection,297
8.49411515560326,586,0,249,165,0,0,0,404,recovery,968
8.501370379050195,585,0,250,165,0,0,0,405,infection,447
8.507425795129992,584,0,251,165,0,0,0,406,infection,369
8.509873726143413,583,0,252,165,0,0,0,407,infection,49
8.509972983737617,582,0,253,165,0,0,0,408,infection,739
8.516395604219861,581,0,254,165,0,0,0,409,infection,273
8.525461540125509,580,0,255,165,0,0,0,410,infection,884
8.542361401006758,580,0,254,166,0,0,0,410,recovery,160
8.543391168986744,579,0,255,166,0,0,0,411,infection,403
8.545558452431159,579,0,254,167,0,0,0,411,recovery,549
8.546630647131582,579,0,253,168,0,0,0,411,recovery,605
8.572321220381617,579,0,252,169,0,0,0,411,recovery,451
8.595442710066113,579,0,251,170,0,0,0,411,recovery,155
8.616034773102427,578,0,252,170,0,0,0,412,infection,98
8.61637547146831,578,0,251,171,0,0,0,412,recovery,363
8.619843509881612,578,0,250,172,0,0,0,412,recovery,718
8.62062267834473,578,0,249,173,0,0,0,412,recovery,830
8.6259861952809,577,0,250,173,0,0,0,413,infection,528
8.626724854449186,576,0,251,173,0,0,0,414,infection,644
8.63996145430641,576,0,250,174,0,0,0,414,recovery,114
8.641424071113526,576,0,249,175,0,0,0,414,recovery,403
8.65044497681728,576,0,248,176,0,0,0,414,recovery,180
8.650838946560164,575,0,249,176,0,0,0,415,infection,13
8.65482683456596,575,0,248,177,0,0,0,415,recovery,989
8.674051791699805,574,0,249,177,0,0,0,416,infection,436
8.674516044203543,573,0,250,177,0,0,0,417,infection,165
8.695188260801602,573,0,249,178,0,0,0,417,recovery,221
8.699983886702318,572,0,250,178,0,0,0,418,infection,914
8.702291172783056,571,0,251,178,0,0,0,419,infection,396
8.704054356047276,571,0,250,179,0,0,0,419,recovery,153
8.726282321837907,571,0,249,180,0,0,0,419,recovery,785
8.73104911927341,571,0,248,181,0,0,0,419,recovery,163
8.735919671991889,570,0,249,181,0,0,0,420,infection,758
8.737521177763718,570,0,248,182,0,0,0,420,recovery,654
8.751087656733182,569,0,249,182,0,0,0,421,infection,729
8.75188782855038,568,0,250,182,0,0,0,422,infection,428
8.762361418975264,568,0,249,183,0,0,0,422,recovery,177
8.773365883800452,567,0,250,183,0,0,0,423,infection,285
8.781587979478411,567,0,249,184,0,0,0,423,recovery,220
8.787389961840152,566,0,250,184,0,0,0,424,infection,379
8.794838498314535,565,0,251,184,0,0,0,425,infection,864
8.813703955493324,565,0,250,185,0,0,0,425,recovery,449
8.816672956757067,565,0,249,186,0,0,0,425,recovery,184
8.821384255986317,565,0,248,187,0,0,0,425,recovery,320
8.839594509064463,565,0,247,188,0,0,0,425,recovery,65
8.843006857044227,564,0,248,188,0,0,0,426,infection,788
8.852951244548489,564,0,247,189,0,0,0,426,recovery,301
8.852978168403853,563,0,248,189,0,0,0,427,infection,705
8.854402328389492,562,0,249,189,0,0,0,428,infection,734
8.855769830972697,561,0,250,189,0,0,0,429,infection,582
8.86409392578062,561,0,249,190,0,0,0,429,recovery,950
8.867499699460932,561,0,248,191,0,0,0,429,recovery,149
8.873161448532835,560,0,249,191,0,0,0,430,infection,245
8.875906431957976,560,0,248,192,0,0,0,430,recovery,939
8.881368296834077,559,0,249,192,0,0,0,431,infection,696
8.888837533126187,558,0,250,192,0,0,0,432,infection,312
8.90235883402104,558,0,249,193,0,0,0,432,recovery,611
8.909810320243823,558,0,248,194,0,0,0,432,recovery,943
8.912721490287035,558,0,247,195,0,0,0,432,recovery,50
8.915423227312532,558,0,246,196,0,0,0,432,recovery,914
8.918184361499227,557,0,247,196,0,0,0,433,infection,980
8.92458137020217,556,0,248,196,0,0,0,434,infection,57
8.932164752094506,556,0,247,197,0,0,0,434,recovery,909
8.93545870313559,555,0,248,197,0,0,0,435,infection,2
8.938599600066595,555,0,247,198,0,0,0,435,recovery,147
8.939619616667489,555,0,246,199,0,0,0,435,recovery,88
8.941533971758243,554,0,247,199,0,0,0,436,infection,799
8.944801445194457,554,0,246,200,0,0,0,436,recovery,360
8.950072303031181,554,0,245,201,0,0,0,436,recovery,96
8.95036977918347,553,0,246,201,0,0,0,437,infection,242
8.95243515580897,552,0,247,201,0,0,0,438,infection,490
8.95331123551953,551,0,248,201,0,0,0,439,infection,753
8.962832558284742,551,0,247,202,0,0,0,439,recovery,789
8.965046559306616,551,0,246,203,0,0,0,439,recovery,644
8.986769811965718,551,0,245,204,0,0,0,439,recovery,355
8.993385339688755,551,0,244,205,0,0,0,439,recovery,436
8.996516542558966,550,0,245,205,0,0,0,440,infection,971
9.01169230981329,549,0,246,205,0,0,0,441,infection,122
9.012033681495476,548,0,247,205,0,0,0,442,infection,985
9.025204096091194,547,0,248,205,0,0,0,443,infection,629
9.025247285034135,546,0,249,205,0,0,0,444,infection,222
9.03169596240351,545,0,250,205,0,0,0,445,infection,717
9.032348235572687,544,0,251,205,0,0,0,446,infection,168
9.046623277956513,544,0,250,206,0,0,0,446,recovery,771
9.052540808034303,543,0,251,206,0,0,0,447,infection,583
9.05891947315766,542,0,252,206,0,0,0,448,infection,23
9.064063721175886,541,0,253,206,0,0,0,449,infection,27
9.06427708092074,540,0,254,206,0,0,0,450,infection,539
9.068856679624673,539,0,255,206,0,0,0,451,infection,501
9.069627880973123,538,0,256,206,0,0,0,452,infection,383
9.072664967567365,538,0,255,207,0,0,0,452,recovery,30
9.074392933374524,537,0,256,207,0,0,0,453,infection,108
9.075873908145713,537,0,255,208,0,0,0,453,recovery,98
9.084278012637936,536,0,256,208,0,0,0,454,infection,964
9.089157879269699,536,0,255,209,0,0,0,454,recovery,734
9.091999123282731,535,0,256,209,0,0,0,455,infection,568
9.101381720864431,534,0,257,209,0,0,0,456,infection,973
9.10615473446175,534,0,256,210,0,0,0,456,recovery,482
9.123825865978782,533,0,257,210,0,0,0,457,infection,290
9.13002273091681,533,0,256,211,0,0,0,457,recovery,729
9.138007936907222,533,0,255,212,0,0,0,457,recovery,615
9.148840817124862,533,0,254,213,0,0,0,457,recovery,406
9.160929230545593,532,0,255,213,0,0,0,458,infection,507
9.16246111110198,532,0,254,214,0,0,0,458,recovery,447
9.165215163279965,532,0,253,215,0,0,0,458,recovery,310
9.167427760926637,532,0,252,216,0,0,0,458,recovery,154
9.170257235921662,531,0,253,216,0,0,0,459,infection,474
9.17312291446079,531,0,252,217,0,0,0,459,recovery,1
9.173349940334182,530,0,253,217,0,0,0,460,infection,37
9.176057360609496,530,0,252,218,0,0,0,460,recovery,760
9.17818379990683,530,0,251,219,0,0,0,460,recovery,935
9.179692107141069,530,0,250,220,0,0,0,460,recovery,722
9.182509504182441,529,0,251,220,0,0,0,461,infection,651
9.183274276979063,529,0,250,221,0,0,0,461,recovery,606
9.184875012516056,528,0,251,221,0,0,0,462,infection,802
9.187879465082624,527,0,252,221,0,0,0,463,infection,463
9.200326944976473,526,0,253,221,0,0,0,464,infection,711
9.207535385830655,526,0,252,222,0,0,0,464,recovery,278
9.208524086687103,525,0,253,222,0,0,0,465,infection,241
9.208541643761961,525,0,252,223,0,0,0,465,recovery,433
9.208950068166828,525,0,251,224,0,0,0,465,recovery,338
9.220001550884987,524,0,252,224,0,0,0,466,infection,851
9.223634453780443,523,0,253,224,0,0,0,467,infection,902
9.229150010776088,522,0,254,224,0,0,0,468,infection,577
9.230854379475314,521,0,255,224,0,0,0,469,infection,346
9.253629252253683,520,0,256,224,0,0,0,470,infection,190
9.263036603559677,520,0,255,225,0,0,0,470,recovery,140
9.26745778960767,520,0,254,226,0,0,0,470,recovery,27
9.288376672999865,519,0,255,226,0,0,0,471,infection,510
9.299633535115813,519,0,254,227,0,0,0,471,recovery,116
9.311636730178302,518,0,255,227,0,0,0,472,infection,187
9.316575562997881,517,0,256,227,0,0,0,473,infection,43
9.318941500733935,516,0,257,227,0,0,0,474,infection,872
9.326643570056866,515,0,258,227,0,0,0,475,infection,8
9.331608782041066,515,0,257,228,0,0,0,475,recovery,553
9.342939356372474,515,0,256,229,0,0,0,475,recovery,849
9.346182185301426,515,0,255,230,0,0,0,475,recovery,808
9.355795589937557,515,0,254,231,0,0,0,475,recovery,241
9.356191599639375,514,0,255,231,0,0,0,476,infection,228
9.36725265429563,513,0,256,231,0,0,0,477,infection,109
9.368531676313118,513,0,255,232,0,0,0,477,recovery,463
9.39038592619961,513,0,254,233,0,0,0,477,recovery,312
9.404281050362355,512,0,255,233,0,0,0,478,infection,694
9.406637161889032,511,0,256,233,0,0,0,479,infection,66
9.407110224529061,510,0,257,233,0,0,0,480,infection,847
9.40715551210764,509,0,258,233,0,0,0,481,infection,67
9.414696833144072,508,0,259,233,0,0,0,482,infection,300
9.41756084285857,507,0,260,233,0,0,0,483,infection,478
9.418479871201948,507,0,259,234,0,0,0,483,recovery,832
9.42481363923713,506,0,260,234,0,0,0,484,infection,82
9.432366420708272,506,0,259,235,0,0,0,484,recovery,248
9.434954019744529,506,0,258,236,0,0,0,484,recovery,510
9.438870516519568,505,0,259,236,0,0,0,485,infection,958
9.440051977653566,505,0,258,237,0,0,0,485,recovery,582
9.441732010514663,504,0,259,237,0,0,0,486,infection,798
9.4487265495567,503,0,260,237,0,0,0,487,infection,432
9.451952480058218,502,0,261,237,0,0,0,488,infection,472
9.459709057237188,501,0,262,237,0,0,0,489,infection,857
9.460155278352278,500,0,263,237,0,0,0,490,infection,162
9.463773307943768,499,0,264,237,0,0,0,491,infection,831
9.465360133751997,498,0,265,237,0,0,0,492,infection,327
9.470226872964835,498,0,264,238,0,0,0,492,recovery,234
9.4728812501983,498,0,263,239,0,0,0,492,recovery,739
9.479435850405702,497,0,264,239,0,0,0,493,infection,561
9.484730465278359,497,0,263,240,0,0,0,493,recovery,103
9.484999803293652,496,0,264,240,0,0,0,494,infection,395
9.495234976942026,496,0,263,241,0,0,0,494,recovery,276
9.495494482289953,495,0,264,241,0,0,0,495,infection,258
9.540509718057043,494,0,265,241,0,0,0,496,infection,945
9.54059770041799,493,0,266,241,0,0,0,497,infection,202
9.548658883011688,492,0,267,241,0,0,0,498,infection,143
9.564487149249166,492,0,266,242,0,0,0,498,recovery,529
9.567066719254827,492,0,265,243,0,0,0,498,recovery,66
9.570903491806689,491,0,266,243,0,0,0,499,infection,494
9.578859943582653,490,0,267,243,0,0,0,500,infection,269
9.580007262697679,489,0,268,243,0,0,0,501,infection,899
9.587959241634666,488,0,269,243,0,0,0,502,infection,189
9.599879432873,487,0,270,243,0,0,0,503,infection,358
9.604358703370291,486,0,271,243,0,0,0,504,infection,99
9.604465586435563,485,0,272,243,0,0,0,505,infection,844
9.605357012270888,484,0,273,243,0,0,0,506,infection,779
9.607074613479863,484,0,272,244,0,0,0,506,recovery,164
9.611667208597943,483,0,273,244,0,0,0,507,infection,223
9.615820999482944,483,0,272,245,0,0,0,507,recovery,562
9.616516974197651,483,0,271,246,0,0,0,507,recovery,57
9.624608586186483,483,0,270,247,0,0,0,507,recovery,871
9.631412348655454,483,0,269,248,0,0,0,507,recovery,629
9.632263930821233,482,0,270,248,0,0,0,508,infection,818
9.635035941976748,482,0,269,249,0,0,0,508,recovery,292
9.635321233117363,482,0,268,250,0,0,0,508,recovery,272
9.637804876859402,481,0,269,250,0,0,0,509,infection,192
9.639458490946767,481,0,268,251,0,0,0,509,recovery,674
9.641982298780603,480,0,269,251,0,0,0,510,infection,64
9.65240380791519,480,0,268,252,0,0,0,510,recovery,486
9.654520546397533,480,0,267,253,0,0,0,510,recovery,561
9.662614674067088,480,0,266,254,0,0,0,510,recovery,432
9.666602805279306,479,0,267,254,0,0,0,511,infection,400
9.66946100332449,478,0,268,254,0,0,0,512,infection,252
9.671680135755164,477,0,269,254,0,0,0,513,infection,846
9.685187330682997,477,0,268,255,0,0,0,513,recovery,969
9.688168531561246,476,0,269,255,0,0,0,514,infection,58
9.708358706165471,475,0,270,255,0,0,0,515,infection,892
9.711570060506169,475,0,269,256,0,0,0,515,recovery,683
9.713896184007101,474,0,270,256,0,0,0,516,infection,385
9.714011606518829,473,0,271,256,0,0,0,517,infection,843
9.731129635029365,472,0,272,256,0,0,0,518,infection,596
9.737321998467305,472,0,271,257,0,0,0,518,recovery,698
9.738895788199052,472,0,270,258,0,0,0,518,recovery,706
9.745024581755086,472,0,269,259,0,0,0,518,recovery,657
9.749812405338709,472,0,268,260,0,0,0,518,recovery,518
9.755352466240616,471,0,269,260,0,0,0,519,infection,139
9.75576610028852,470,0,270,260,0,0,0,520,infection,169
9.7559163502365,470,0,269,261,0,0,0,520,recovery,567
9.75719190673008,469,0,270,261,0,0,0,521,infection,375
9.780388242146634,468,0,271,261,0,0,0,522,infection,545
9.800368406841194,467,0,272,261,0,0,0,523,infection,624
9.803052437326349,466,0,273,261,0,0,0,524,infection,435
9.813768388087018,465,0,274,261,0,0,0,525,infection,652
9.813881247141602,464,0,275,261,0,0,0,526,infection,883
9.816975468360003,464,0,274,262,0,0,0,526,recovery,834
9.821017939077857,463,0,275,262,0,0,0,527,infection,966
9.823769957603705,463,0,274,263,0,0,0,527,recovery,539
9.82930649446343,463,0,273,264,0,0,0,527,recovery,478
9.831520716929008,462,0,274,264,0,0,0,528,infection,89
9.834913212600213,461,0,275,264,0,0,0,529,infection,51
9.839139868091197,460,0,276,264,0,0,0,530,infection,763
9.845192899673581,459,0,277,264,0,0,0,531,infection,931
9.846209051622353,459,0,276,265,0,0,0,531,recovery,717
9.859716064335458,458,0,277,265,0,0,0,532,infection,382
9.867141792419524,457,0,278,265,0,0,0,533,infection,538
9.867673712721928,456,0,279,265,0,0,0,534,infection,141
9.868889982745255,455,0,280,265,0,0,0,535,infection,937
9.87490009021155,454,0,281,265,0,0,0,536,infection,422
9.884462088736612,454,0,280,266,0,0,0,536,recovery,72
9.889864315363715,454,0,279,267,0,0,0,536,recovery,844
9.892433407695084,454,0,278,268,0,0,0,536,recovery,8
9.892572987600865,454,0,277,269,0,0,0,536,recovery,97
9.902066688269926,453,0,278,269,0,0,0,537,infection,859
9.911216167700832,452,0,279,269,0,0,0,538,infection,313
9.913024231683789,452,0,278,270,0,0,0,538,recovery,742
9.923856525168986,452,0,277,271,0,0,0,538,recovery,79
9.93058300817473,451,0,278,271,0,0,0,539,infection,565
9.93095061567705,450,0,279,271,0,0,0,540,infection,556
9.941075299986535,450,0,278,272,0,0,0,540,recovery,82
9.947388099814733,450,0,277,273,0,0,0,540,recovery,394
9.948426878647371,449,0,278,273,0,0,0,541,infection,819
9.951910206389805,449,0,277,274,0,0,0,541,recovery,583
9.956777289521492,448,0,278,274,0,0,0,542,infection,243
9.962040873994344,447,0,279,274,0,0,0,543,infection,707
9.981007950537936,446,0,280,274,0,0,0,544,infection,728
9.986960102802666,446,0,279,275,0,0,0,544,recovery,752
9.98699862552566,446,0,278,276,0,0,0,544,recovery,753
9.998888243806936,446,0,277,277,0,0,0,544,recovery,139
10.0028461864455,445,0,278,277,0,0,0,545,infection,681
10.007774623314695,444,0,279,277,0,0,0,546,infection,28
10.00943828743771,444,0,278,278,0,0,0,546,recovery,117
10.01293629423749,444,0,277,279,0,0,0,546,recovery,633
10.017200519482527,444,0,276,280,0,0,0,546,recovery,204
10.021167457223651,443,0,277,280,0,0,0,547,infection,417
10.024714723668062,442,0,278,280,0,0,0,548,infection,157
10.040705531287786,442,0,277,281,0,0,0,548,recovery,67
10.040859529972092,441,0,278,281,0,0,0,549,infection,730
10.050937061234567,441,0,277,282,0,0,0,549,recovery,727
10.062840171527956,440,0,278,282,0,0,0,550,infection,233
10.069037734852598,439,0,279,282,0,0,0,551,infection,984
10.077784985382507,439,0,278,283,0,0,0,551,recovery,918
10.08275609218272,439,0,277,284,0,0,0,551,recovery,984
10.084468435279142,439,0,276,285,0,0,0,551,recovery,187
10.086033774427085,438,0,277,285,0,0,0,552,infection,455
10.105268340399999,437,0,278,285,0,0,0,553,infection,693
10.133574927303943,436,0,279,285,0,0,0,554,infection,481
10.135998930409942,436,0,278,286,0,0,0,554,recovery,676
10.140401688444726,436,0,277,287,0,0,0,554,recovery,222
10.143084959169713,435,0,278,287,0,0,0,555,infection,216
10.144012750475426,435,0,277,288,0,0,0,555,recovery,910
10.150010260779581,435,0,276,289,0,0,0,555,recovery,416
10.161035198936348,434,0,277,289,0,0,0,556,infection,777
10.164223185042857,434,0,276,290,0,0,0,556,recovery,528
10.168221779866748,434,0,275,291,0,0,0,556,recovery,892
10.170936736813996,434,0,274,292,0,0,0,556,recovery,456
10.180249332794151,433,0,275,292,0,0,0,557,infection,876
10.19250867553717,432,0,276,292,0,0,0,558,infection,631
10.19551611738442,432,0,275,293,0,0,0,558,recovery,242
10.204003791596797,432,0,274,294,0,0,0,558,recovery,489
10.209750954507783,431,0,275,294,0,0,0,559,infection,458
10.212082454692908,431,0,274,295,0,0,0,559,recovery,342
10.217738816130966,431,0,273,296,0,0,0,559,recovery,565
10.226877823451732,431,0,272,297,0,0,0,559,recovery,472
10.234576605032125,430,0,273,297,0,0,0,560,infection,15
10.250993146503921,429,0,274,297,0,0,0,561,infection,882
10.254945714770743,429,0,273,298,0,0,0,561,recovery,747
10.257058960335735,428,0,274,298,0,0,0,562,infection,590
10.267282937656201,427,0,275,298,0,0,0,563,infection,457
10.270497394383629,426,0,276,298,0,0,0,564,infection,366
10.273981191185813,426,0,275,299,0,0,0,564,recovery,585
10.274670790369802,426,0,274,300,0,0,0,564,recovery,719
10.29272964191421,426,0,273,301,0,0,0,564,recovery,109
10.299861514472036,425,0,274,301,0,0,0,565,infection,794
10.313042508284088,424,0,275,301,0,0,0,566,infection,746
10.326256624648952,423,0,276,301,0,0,0,567,infection,317
10.335225461829044,422,0,277,301,0,0,0,568,infection,281
10.341686318878418,421,0,278,301,0,0,0,569,infection,304
10.342654446973945,421,0,277,302,0,0,0,569,recovery,822
10.344243035834088,420,0,278,302,0,0,0,570,infection,957
10.34573187890601,419,0,279,302,0,0,0,571,infection,898
10.354254893450845,419,0,278,303,0,0,0,571,recovery,828
10.35583587717256,418,0,279,303,0,0,0,572,infection,575
10.368375280596554,418,0,278,304,0,0,0,572,recovery,810
10.375916705886489,418,0,277,305,0,0,0,572,recovery,758
10.381905062901808,418,0,276,306,0,0,0,572,recovery,397
10.384220141496304,417,0,277,306,0,0,0,573,infection,286
10.387063380170405,416,0,278,306,0,0,0,574,infection,858
10.390308631145311,416,0,277,307,0,0,0,574,recovery,168
10.390686115697173,416,0,276,308,0,0,0,574,recovery,693
10.391437608212158,416,0,275,309,0,0,0,574,recovery,273
10.40355770094556,416,0,274,310,0,0,0,574,recovery,966
10.417597660981526,416,0,273,311,0,0,0,574,recovery,971
10.422200893248004,415,0,274,311,0,0,0,575,infection,531
10.427116530810705,415,0,273,312,0,0,0,575,recovery,13
10.430357414716724,414,0,274,312,0,0,0,576,infection,135
10.430732915841737,414,0,273,313,0,0,0,576,recovery,494
10.43185883341826,413,0,274,313,0,0,0,577,infection,659
10.445562447588092,413,0,273,314,0,0,0,577,recovery,777
10.454605165526727,412,0,274,314,0,0,0,578,infection,418
10.457639336876746,412,0,273,315,0,0,0,578,recovery,614
10.457789345385734,411,0,274,315,0,0,0,579,infection,48
10.468459261424588,410,0,275,315,0,0,0,580,infection,982
10.471715955245312,410,0,274,316,0,0,0,580,recovery,787
10.477640153031661,410,0,273,317,0,0,0,580,recovery,672
10.48222093843115,410,0,272,318,0,0,0,580,recovery,831
10.483338974556236,410,0,271,319,0,0,0,580,recovery,141
10.499612441081792,410,0,270,320,0,0,0,580,recovery,744
10.511322499491138,410,0,269,321,0,0,0,580,recovery,402
10.515743556296526,410,0,268,322,0,0,0,580,recovery,189
10.521938138991077,409,0,269,322,0,0,0,581,infection,860
10.522177601090563,409,0,268,323,0,0,0,581,recovery,375
10.536964215893446,409,0,267,324,0,0,0,581,recovery,318
10.559189753506326,408,0,268,324,0,0,0,582,infection,573
10.561660983367183,407,0,269,324,0,0,0,583,infection,446
10.574539572042074,406,0,270,324,0,0,0,584,infection,40
10.57999798864451,405,0,271,324,0,0,0,585,infection,924
10.586946014645434,404,0,272,324,0,0,0,586,infection,354
10.602270341009742,403,0,273,324,0,0,0,587,infection,522
10.613316041192629,402,0,274,324,0,0,0,588,infection,805
10.616568115902489,402,0,273,325,0,0,0,588,recovery,764
10.628104010686842,402,0,272,326,0,0,0,588,recovery,560
10.630763077234457,402,0,271,327,0,0,0,588,recovery,349
10.633733828597823,402,0,270,328,0,0,0,588,recovery,755
10.634405925413168,402,0,269,329,0,0,0,588,recovery,192
10.662353415954593,401,0,270,329,0,0,0,589,infection,913
10.666090835769896,401,0,269,330,0,0,0,589,recovery,798
10.6767263191562,401,0,268,331,0,0,0,589,recovery,290
10.682954990235917,400,0,269,331,0,0,0,590,infection,759
10.689777594943886,399,0,270,331,0,0,0,591,infection,534
10.693728971845944,398,0,271,331,0,0,0,592,infection,480
10.696923087768612,397,0,272,331,0,0,0,593,infection,598
10.711681451076851,396,0,273,331,0,0,0,594,infection,271
10.711743775535105,395,0,274,331,0,0,0,595,infection,953
10.733690982544202,395,0,273,332,0,0,0,595,recovery,596
10.734066358019716,394,0,274,332,0,0,0,596,infection,572
10.737756658566813,394,0,273,333,0,0,0,596,recovery,443
10.743547566382444,394,0,272,334,0,0,0,596,recovery,245
10.746673924215397,394,0,271,335,0,0,0,596,recovery,592
10.757500243275384,393,0,272,335,0,0,0,597,infection,595
10.758955111056062,392,0,273,335,0,0,0,598,infection,635
10.769889172779514,391,0,274,335,0,0,0,599,infection,405
10.776264229980232,391,0,273,336,0,0,0,599,recovery,794
10.779802477287543,391,0,272,337,0,0,0,599,recovery,210
10.791510942034488,390,0,273,337,0,0,0,600,infection,925
10.79708103659995,389,0,274,337,0,0,0,601,infection,87
10.811843869042045,388,0,275,337,0,0,0,602,infection,795
10.820545312569527,387,0,276,337,0,0,0,603,infection,833
10.831662514733445,386,0,277,337,0,0,0,604,infection,866
10.837713892820831,386,0,276,338,0,0,0,604,recovery,243
10.858195758196416,385,0,277,338,0,0,0,605,infection,287
10.865517817543294,384,0,278,338,0,0,0,606,infection,225
10.868767097613565,383,0,279,338,0,0,0,607,infection,12
10.870147293157927,383,0,278,339,0,0,0,607,recovery,648
10.87357923956663,382,0,279,339,0,0,0,608,infection,217
10.886688954462205,381,0,280,339,0,0,0,609,infection,47
10.889764271037663,381,0,279,340,0,0,0,609,recovery,913
10.88996072966827,380,0,280,340,0,0,0,610,infection,715
10.8934207982456,379,0,281,340,0,0,0,611,infection,411
10.899452844927877,378,0,282,340,0,0,0,612,infection,645
10.91285260897463,377,0,283,340,0,0,0,613,infection,212
10.916851983083962,376,0,284,340,0,0,0,614,infection,208
10.933810868944821,376,0,283,341,0,0,0,614,recovery,819
10.947791230504823,375,0,284,341,0,0,0,615,infection,948
10.955023816507907,375,0,283,342,0,0,0,615,recovery,604
10.960464117129668,375,0,282,343,0,0,0,615,recovery,516
10.963950218907994,374,0,283,343,0,0,0,616,infection,424
10.97338724611843,374,0,282,344,0,0,0,616,recovery,230
10.98102936597555,373,0,283,344,0,0,0,617,infection,263
10.982233676726478,372,0,284,344,0,0,0,618,infection,881
11.040511004691034,371,0,285,344,0,0,0,619,infection,770
11.045048026836634,371,0,284,345,0,0,0,619,recovery,122
11.0792278348649,370,0,285,345,0,0,0,620,infection,519
11.079265860170672,370,0,284,346,0,0,0,620,recovery,802
11.094494963096375,370,0,283,347,0,0,0,620,recovery,335
11.128482825795576,370,0,282,348,0,0,0,620,recovery,940
11.129195725063022,369,0,283,348,0,0,0,621,infection,901
11.146419158881635,368,0,284,348,0,0,0,622,infection,309
11.154819691539481,368,0,283,349,0,0,0,622,recovery,652
11.16110240799953,368,0,282,350,0,0,0,622,recovery,260
11.161287208762014,367,0,283,350,0,0,0,623,infection,530
11.183682040731028,367,0,282,351,0,0,0,623,recovery,877
11.191988495989886,366,0,283,351,0,0,0,624,infection,326
11.210340168217167,365,0,284,351,0,0,0,625,infection,151
11.214293556844813,365,0,283,352,0,0,0,625,recovery,3
11.215680350965126,364,0,284,352,0,0,0,626,infection,725
11.219464275635783,364,0,283,353,0,0,0,626,recovery,106
11.232727783231482,364,0,282,354,0,0,0,626,recovery,859
11.232968208964373,364,0,281,355,0,0,0,626,recovery,887
11.241265238875702,364,0,280,356,0,0,0,626,recovery,371
11.261225219100753,363,0,281,356,0,0,0,627,infection,226
11.277013483239765,362,0,282,356,0,0,0,628,infection,93
11.290521122280179,362,0,281,357,0,0,0,628,recovery,572
11.296359535228904,362,0,280,358,0,0,0,628,recovery,809
11.305006956030164,361,0,281,358,0,0,0,629,infection,38
11.306134694003081,360,0,282,358,0,0,0,630,infection,126
11.308816931591542,359,0,283,358,0,0,0,631,infection,380
11.309286018452504,359,0,282,359,0,0,0,631,recovery,281
11.312790636766353,358,0,283,359,0,0,0,632,infection,330
11.31369903853087,358,0,282,360,0,0,0,632,recovery,304
11.323027830664325,358,0,281,361,0,0,0,632,recovery,899
11.331129489183176,358,0,280,362,0,0,0,632,recovery,473
11.335781350059797,358,0,279,363,0,0,0,632,recovery,580
11.350793062772857,358,0,278,364,0,0,0,632,recovery,872
11.36914924217627,358,0,277,365,0,0,0,632,recovery,635
11.388047681828658,358,0,276,366,0,0,0,632,recovery,772
11.388711459191162,357,0,277,366,0,0,0,633,infection,547
11.39653100834906,357,0,276,367,0,0,0,633,recovery,576
11.403681612890033,356,0,277,367,0,0,0,634,infection,4
11.406565948271215,355,0,278,367,0,0,0,635,infection,173
11.411270104073417,354,0,279,367,0,0,0,636,infection,77
11.422509225561868,354,0,278,368,0,0,0,636,recovery,659
11.432052164737904,354,0,277,369,0,0,0,636,recovery,979
11.433858041914496,353,0,278,369,0,0,0,637,infection,337
11.433988057140605,352,0,279,369,0,0,0,638,infection,521
11.434332447351668,351,0,280,369,0,0,0,639,infection,959
11.452583281958049,351,0,279,370,0,0,0,639,recovery,226
11.45648755852307,350,0,280,370,0,0,0,640,infection,299
11.460830540593973,350,0,279,371,0,0,0,640,recovery,460
11.470748173626523,350,0,278,372,0,0,0,640,recovery,12
11.471868352777273,350,0,277,373,0,0,0,640,recovery,40
11.473510061872496,350,0,276,374,0,0,0,640,recovery,852
11.48215219389773,349,0,277,374,0,0,0,641,infection,145
11.48558852355269,348,0,278,374,0,0,0,642,infection,29
11.515208188078567,348,0,277,375,0,0,0,642,recovery,522
11.518836552866551,348,0,276,376,0,0,0,642,recovery,263
11.527454166720183,348,0,275,377,0,0,0,642,recovery,374
11.529595261409709,347,0,276,377,0,0,0,643,infection,264
11.529685195138843,346,0,277,377,0,0,0,644,infection,128
11.535033264801923,345,0,278,377,0,0,0,645,infection,209
11.541409350690023,345,0,277,378,0,0,0,645,recovery,703
11.565537631529722,344,0,278,378,0,0,0,646,infection,733
11.572258650680151,344,0,277,379,0,0,0,646,recovery,545
11.587304543605752,344,0,276,380,0,0,0,646,recovery,556
11.603961519665244,344,0,275,381,0,0,0,646,recovery,39
11.606898496862227,343,0,276,381,0,0,0,647,infection,255
11.608450232048577,343,0,275,382,0,0,0,647,recovery,898
11.626307666305387,343,0,274,383,0,0,0,647,recovery,102
11.643926694843017,343,0,273,384,0,0,0,647,recovery,805
11.6511924717139,342,0,274,384,0,0,0,648,infection,78
11.6534628051234,341,0,275,384,0,0,0,649,infection,45
11.65891202051334,341,0,274,385,0,0,0,649,recovery,481
11.673163255477911,340,0,275,385,0,0,0,650,infection,825
11.674634838415997,339,0,276,385,0,0,0,651,infection,56
11.690804091572854,339,0,275,386,0,0,0,651,recovery,889
11.702534023007239,339,0,274,387,0,0,0,651,recovery,477
11.70292851937243,339,0,273,388,0,0,0,651,recovery,418
11.710135926188617,338,0,274,388,0,0,0,652,infection,440
11.716291002071532,338,0,273,389,0,0,0,652,recovery,531
11.733887605455621,338,0,272,390,0,0,0,652,recovery,202
11.736868906979867,338,0,271,391,0,0,0,652,recovery,428
11.737669677652324,338,0,270,392,0,0,0,652,recovery,527
11.752889624229615,337,0,271,392,0,0,0,653,infection,880
11.754103179504742,337,0,270,393,0,0,0,653,recovery,209
11.78722742891806,336,0,271,393,0,0,0,654,infection,185
11.801640574172895,336,0,270,394,0,0,0,654,recovery,369
11.803200118024328,335,0,271,394,0,0,0,655,infection,434
11.819016903915507,334,0,272,394,0,0,0,656,infection,100
11.821299833681504,333,0,273,394,0,0,0,657,infection,442
11.823401311162268,333,0,272,395,0,0,0,657,recovery,713
11.824338465612984,333,0,271,396,0,0,0,657,recovery,287
11.826774467363741,332,0,272,396,0,0,0,658,infection,661
11.83812762732949,332,0,271,397,0,0,0,658,recovery,818
11.852533627546787,331,0,272,397,0,0,0,659,infection,475
11.85258170746752,330,0,273,397,0,0,0,660,infection,334
11.857738246703756,329,0,274,397,0,0,0,661,infection,524
11.860578557374398,328,0,275,397,0,0,0,662,infection,804
11.863106750631804,327,0,276,397,0,0,0,663,infection,311
11.867237239938744,326,0,277,397,0,0,0,664,infection,336
11.87241303155988,325,0,278,397,0,0,0,665,infection,113
11.873424313067593,324,0,279,397,0,0,0,666,infection,921
11.873599985472696,323,0,280,397,0,0,0,667,infection,275
11.879314429667215,323,0,279,398,0,0,0,667,recovery,980
11.88046650482598,322,0,280,398,0,0,0,668,infection,637
11.881946860431185,322,0,279,399,0,0,0,668,recovery,328
11.883401072976667,322,0,278,400,0,0,0,668,recovery,848
11.885720256420363,321,0,279,400,0,0,0,669,infection,766
11.905388454253616,321,0,278,401,0,0,0,669,recovery,820
11.919829464550553,320,0,279,401,0,0,0,670,infection,386
11.970839867715995,319,0,280,401,0,0,0,671,infection,619
11.978387078448003,318,0,281,401,0,0,0,672,infection,14
11.983256834720569,318,0,280,402,0,0,0,672,recovery,455
11.98388738518549,317,0,281,402,0,0,0,673,infection,686
12.003711211900704,317,0,280,403,0,0,0,673,recovery,480
12.005582896241126,317,0,279,404,0,0,0,673,recovery,64
12.007282529257713,317,0,278,405,0,0,0,673,recovery,228
12.007992865949578,317,0,277,406,0,0,0,673,recovery,733
12.012425905429739,316,0,278,406,0,0,0,674,infection,441
12.01346851917277,316,0,277,407,0,0,0,674,recovery,692
12.01423167293466,316,0,276,408,0,0,0,674,recovery,470
12.027156625519325,316,0,275,409,0,0,0,674,recovery,309
12.048242188178104,315,0,276,409,0,0,0,675,infection,207
12.058651593310584,314,0,277,409,0,0,0,676,infection,247
12.059985484190005,313,0,278,409,0,0,0,677,infection,885
12.079282754991686,313,0,277,410,0,0,0,677,recovery,499
12.099153656039533,313,0,276,411,0,0,0,677,recovery,238
12.100429182970666,312,0,277,411,0,0,0,678,infection,345
12.106156841045904,311,0,278,411,0,0,0,679,infection,922
12.10685034850745,311,0,277,412,0,0,0,679,recovery,435
12.120033775270228,310,0,278,412,0,0,0,680,infection,630
12.128069448829198,309,0,279,412,0,0,0,681,infection,244
12.131631808492441,309,0,278,413,0,0,0,681,recovery,108
12.133997817897146,308,0,279,413,0,0,0,682,infection,578
12.140913301428577,307,0,280,413,0,0,0,683,infection,485
12.14368548530421,307,0,279,414,0,0,0,683,recovery,821
12.14663610977892,307,0,278,415,0,0,0,683,recovery,217
12.167178481887706,307,0,277,416,0,0,0,683,recovery,431
12.167487091976776,306,0,278,416,0,0,0,684,infection,138
12.186237311240792,306,0,277,417,0,0,0,684,recovery,336
12.189206720625721,306,0,276,418,0,0,0,684,recovery,430
12.198167081485916,306,0,275,419,0,0,0,684,recovery,247
12.207137393249173,306,0,274,420,0,0,0,684,recovery,788
12.210534969411196,305,0,275,420,0,0,0,685,infection,231
12.21333796142594,304,0,276,420,0,0,0,686,infection,983
12.215700593363934,303,0,277,420,0,0,0,687,infection,782
12.221424549845555,303,0,276,421,0,0,0,687,recovery,348
12.225435909634838,303,0,275,422,0,0,0,687,recovery,91
12.2307700540203,302,0,276,422,0,0,0,688,infection,588
12.250523849587653,301,0,277,422,0,0,0,689,infection,751
12.278577052247204,301,0,276,423,0,0,0,689,recovery,881
12.279922465028038,301,0,275,424,0,0,0,689,recovery,866
12.288463697552077,300,0,276,424,0,0,0,690,infection,158
12.291722122354095,300,0,275,425,0,0,0,690,recovery,617
12.298718058864635,299,0,276,425,0,0,0,691,infection,315
12.300665238813817,299,0,275,426,0,0,0,691,recovery,507
12.327500874189443,299,0,274,427,0,0,0,691,recovery,578
12.327836987191953,299,0,273,428,0,0,0,691,recovery,924
12.33339263931238,298,0,274,428,0,0,0,692,infection,229
12.339723868802524,298,0,273,429,0,0,0,692,recovery,271
12.350921336853233,298,0,272,430,0,0,0,692,recovery,958
12.354353335996374,298,0,271,431,0,0,0,692,recovery,299
12.355215462119514,298,0,270,432,0,0,0,692,recovery,87
12.359333039346689,298,0,269,433,0,0,0,692,recovery,715
12.378657179034613,297,0,270,433,0,0,0,693,infection,191
12.379384789170263,296,0,271,433,0,0,0,694,infection,505
12.382163318244324,295,0,272,433,0,0,0,695,infection,824
12.385197473076236,294,0,273,433,0,0,0,696,infection,83
12.400431430777562,293,0,274,433,0,0,0,697,infection,132
12.403896750499886,293,0,273,434,0,0,0,697,recovery,603
12.40686591385095,293,0,272,435,0,0,0,697,recovery,598
12.408297228127633,292,0,273,435,0,0,0,698,infection,936
12.418034914890539,291,0,274,435,0,0,0,699,infection,283
12.422842068373042,290,0,275,435,0,0,0,700,infection,20
12.426708136527584,289,0,276,435,0,0,0,701,infection,296
12.438087111022373,289,0,275,436,0,0,0,701,recovery,379
12.449485285254204,289,0,274,437,0,0,0,701,recovery,573
12.449846843931297,289,0,273,438,0,0,0,701,recovery,964
12.460622461252289,289,0,272,439,0,0,0,701,recovery,485
12.470747767777123,289,0,271,440,0,0,0,701,recovery,630
12.486472440463636,288,0,272,440,0,0,0,702,infection,942
12.489543238888912,288,0,271,441,0,0,0,702,recovery,440
12.495930738185297,288,0,270,442,0,0,0,702,recovery,491
12.496147897435423,288,0,269,443,0,0,0,702,recovery,396
12.501071658322669,287,0,270,443,0,0,0,703,infection,520
12.508668176756348,286,0,271,443,0,0,0,704,infection,413
12.513451411257842,286,0,270,444,0,0,0,704,recovery,77
12.513905820280986,286,0,269,445,0,0,0,704,recovery,931
12.514720178858344,285,0,270,445,0,0,0,705,infection,699
12.523990711357975,285,0,269,446,0,0,0,705,recovery,366
12.528719667089032,285,0,268,447,0,0,0,705,recovery,690
12.57217684704378,284,0,269,447,0,0,0,706,infection,107
12.591127373359521,283,0,270,447,0,0,0,707,infection,895
12.606246353664854,282,0,271,447,0,0,0,708,infection,370
12.621829857264322,282,0,270,448,0,0,0,708,recovery,29
12.627069080248218,282,0,269,449,0,0,0,708,recovery,34
12.629578434345264,282,0,268,450,0,0,0,708,recovery,619
12.632490030668315,282,0,267,451,0,0,0,708,recovery,627
12.642188662468673,281,0,268,451,0,0,0,709,infection,181
12.652284485733311,280,0,269,451,0,0,0,710,infection,54
12.653194534799269,280,0,268,452,0,0,0,710,recovery,208
12.663607070026716,280,0,267,453,0,0,0,710,recovery,78
12.678926209767347,280,0,266,454,0,0,0,710,recovery,203
12.689880088061157,280,0,265,455,0,0,0,710,recovery,825
12.690105560130434,279,0,266,455,0,0,0,711,infection,340
12.690695588833115,278,0,267,455,0,0,0,712,infection,392
12.69313062871935,277,0,268,455,0,0,0,713,infection,250
12.700643636057965,277,0,267,456,0,0,0,713,recovery,345
12.707774103312781,276,0,268,456,0,0,0,714,infection,321
12.71506062194771,276,0,267,457,0,0,0,714,recovery,751
12.735829942095476,275,0,268,457,0,0,0,715,infection,498
12.75769724406781,274,0,269,457,0,0,0,716,infection,930
12.762102289421044,274,0,268,458,0,0,0,716,recovery,490
12.771634226070194,273,0,269,458,0,0,0,717,infection,60
12.793912952587423,273,0,268,459,0,0,0,717,recovery,936
12.797324721423616,273,0,267,460,0,0,0,717,recovery,85
12.804541283474403,273,0,266,461,0,0,0,717,recovery,746
12.81977256469914,273,0,265,462,0,0,0,717,recovery,218
12.837756115909494,272,0,266,462,0,0,0,718,infection,280
12.837962531363047,271,0,267,462,0,0,0,719,infection,535
12.865119653671673,270,0,268,462,0,0,0,720,infection,932
12.893074514864749,270,0,267,463,0,0,0,720,recovery,151
12.900213542812146,270,0,266,464,0,0,0,720,recovery,512
12.911107124233919,270,0,265,465,0,0,0,720,recovery,535
12.923088469913504,269,0,266,465,0,0,0,721,infection,735
12.934903637092429,268,0,267,465,0,0,0,722,infection,888
12.965165766043604,268,0,266,466,0,0,0,722,recovery,306
12.96789046739748,268,0,265,467,0,0,0,722,recovery,930
12.98081671854846,268,0,264,468,0,0,0,722,recovery,115
12.985939623369442,267,0,265,468,0,0,0,723,infection,197
12.98781442277995,267,0,264,469,0,0,0,723,recovery,311
12.989610991597976,267,0,263,470,0,0,0,723,recovery,546
12.994600685705109,267,0,262,471,0,0,0,723,recovery,165
13.000865275269815,267,0,261,472,0,0,0,723,recovery,315
13.000993930064348,266,0,262,472,0,0,0,724,infection,426
13.004995181332621,266,0,261,473,0,0,0,724,recovery,766
13.018796711295572,266,0,260,474,0,0,0,724,recovery,662
13.019747834316878,266,0,259,475,0,0,0,724,recovery,575
13.02017909984469,266,0,258,476,0,0,0,724,recovery,537
13.021871009659522,266,0,257,477,0,0,0,724,recovery,782
13.02996600287418,266,0,256,478,0,0,0,724,recovery,372
13.03160101636203,266,0,255,479,0,0,0,724,recovery,876
13.041904602965488,266,0,254,480,0,0,0,724,recovery,317
13.045239238771416,266,0,253,481,0,0,0,724,recovery,89
13.045299108735055,265,0,254,481,0,0,0,725,infection,695
13.047254181665444,265,0,253,482,0,0,0,725,recovery,624
13.051674234934431,264,0,254,482,0,0,0,726,infection,720
13.064099091257685,263,0,255,482,0,0,0,727,infection,773
13.066714331902343,262,0,256,482,0,0,0,728,infection,827
13.07152236896106,261,0,257,482,0,0,0,729,infection,656
13.072144059267526,261,0,256,483,0,0,0,729,recovery,69
13.081522777552012,261,0,255,484,0,0,0,729,recovery,346
13.0993862628456,261,0,254,485,0,0,0,729,recovery,737
13.10303266174456,260,0,255,485,0,0,0,730,infection,142
13.103979770780212,260,0,254,486,0,0,0,730,recovery,382
13.10945115069029,259,0,255,486,0,0,0,731,infection,188
13.111793769549866,258,0,256,486,0,0,0,732,infection,357
13.116695077452006,257,0,257,486,0,0,0,733,infection,689
13.118760769472479,257,0,256,487,0,0,0,733,recovery,392
13.129631532323778,257,0,255,488,0,0,0,733,recovery,23
13.13043260436253,256,0,256,488,0,0,0,734,infection,254
13.141975091045556,255,0,257,488,0,0,0,735,infection,780
13.14211719713734,254,0,258,488,0,0,0,736,infection,701
13.144865664305469,253,0,259,488,0,0,0,737,infection,444
13.150246963400742,252,0,260,488,0,0,0,738,infection,75
13.15491042643178,251,0,261,488,0,0,0,739,infection,905
13.156565147094344,251,0,260,489,0,0,0,739,recovery,264
13.160347589901203,251,0,259,490,0,0,0,739,recovery,145
13.167440870636996,251,0,258,491,0,0,0,739,recovery,593
13.170129616323809,250,0,259,491,0,0,0,740,infection,239
13.178297110254913,250,0,258,492,0,0,0,740,recovery,233
13.178879428162464,250,0,257,493,0,0,0,740,recovery,142
13.181789707986896,250,0,256,494,0,0,0,740,recovery,229
13.191053248957232,250,0,255,495,0,0,0,740,recovery,354
13.194061899331059,249,0,256,495,0,0,0,741,infection,195
13.201580654736462,249,0,255,496,0,0,0,741,recovery,775
13.202997622467237,249,0,254,497,0,0,0,741,recovery,895
13.20896354240554,248,0,255,497,0,0,0,742,infection,196
13.209267500855278,247,0,256,497,0,0,0,743,infection,350
13.213776522157128,247,0,255,498,0,0,0,743,recovery,843
13.234789459057925,246,0,256,498,0,0,0,744,infection,341
13.237117795751091,245,0,257,498,0,0,0,745,infection,459
13.245446827051596,244,0,258,498,0,0,0,746,infection,186
13.25014385654748,244,0,257,499,0,0,0,746,recovery,327
13.252268536565769,243,0,258,499,0,0,0,747,infection,660
13.257624947508571,243,0,257,500,0,0,0,747,recovery,269
13.265092010358137,243,0,256,501,0,0,0,747,recovery,701
13.272937809155685,243,0,255,502,0,0,0,747,recovery,4
13.274621388250818,243,0,254,503,0,0,0,747,recovery,656
13.289918235983768,242,0,255,503,0,0,0,748,infection,425
13.296592570477962,241,0,256,503,0,0,0,749,infection,678
13.303517714590583,241,0,255,504,0,0,0,749,recovery,296
13.307592826472364,241,0,254,505,0,0,0,749,recovery,520
13.32220945713315,241,0,253,506,0,0,0,749,recovery,637
13.342064502888395,241,0,252,507,0,0,0,749,recovery,190
13.354915265882552,240,0,253,507,0,0,0,750,infection,71
13.371341204899476,239,0,254,507,0,0,0,751,infection,166
13.372856928962005,238,0,255,507,0,0,0,752,infection,840
13.380972553395804,238,0,254,508,0,0,0,752,recovery,883
13.393448007965809,237,0,255,508,0,0,0,753,infection,682
13.404471186169475,237,0,254,509,0,0,0,753,recovery,99
13.41178891424404,237,0,253,510,0,0,0,753,recovery,649
13.412620746399352,236,0,254,510,0,0,0,754,infection,671
13.420338033120775,235,0,255,510,0,0,0,755,infection,33
13.420339563408715,235,0,254,511,0,0,0,755,recovery,875
13.42497571669237,234,0,255,511,0,0,0,756,infection,762
13.42661943195254,234,0,254,512,0,0,0,756,recovery,444
13.435431497233239,233,0,255,512,0,0,0,757,infection,150
13.439495705916176,233,0,254,513,0,0,0,757,recovery,942
13.446207812330185,232,0,255,513,0,0,0,758,infection,496
13.452287894961026,232,0,254,514,0,0,0,758,recovery,932
13.4570698817109,232,0,253,515,0,0,0,758,recovery,188
13.457164112450709,232,0,252,516,0,0,0,758,recovery,705
13.457281983598296,232,0,251,517,0,0,0,758,recovery,125
13.464307851011988,232,0,250,518,0,0,0,758,recovery,524
13.507469771495558,232,0,249,519,0,0,0,758,recovery,953
13.512613178412549,231,0,250,519,0,0,0,759,infection,639
13.519419899869645,231,0,249,520,0,0,0,759,recovery,699
13.529450429163832,231,0,248,521,0,0,0,759,recovery,851
13.555217129897525,231,0,247,522,0,0,0,759,recovery,43
13.578280552432027,231,0,246,523,0,0,0,759,recovery,135
13.591535063990364,230,0,247,523,0,0,0,760,infection,941
13.596325356484453,229,0,248,523,0,0,0,761,infection,359
13.6064333476847,229,0,247,524,0,0,0,761,recovery,725
13.626138168956459,229,0,246,525,0,0,0,761,recovery,239
13.626793427914597,228,0,247,525,0,0,0,762,infection,368
13.638756568979385,228,0,246,526,0,0,0,762,recovery,597
13.640022337072356,227,0,247,526,0,0,0,763,infection,339
13.658317686815815,226,0,248,526,0,0,0,764,infection,761
13.67361081660753,226,0,247,527,0,0,0,764,recovery,166
13.677314797986593,226,0,246,528,0,0,0,764,recovery,696
13.682969057776209,225,0,247,528,0,0,0,765,infection,257
13.71144643773446,224,0,248,528,0,0,0,766,infection,850
13.737119260022087,223,0,249,528,0,0,0,767,infection,607
13.745122245890999,222,0,250,528,0,0,0,768,infection,815
13.748802454545931,222,0,249,529,0,0,0,768,recovery,326
13.75890575382903,222,0,248,530,0,0,0,768,recovery,922
13.761595609444841,221,0,249,530,0,0,0,769,infection,112
13.771232768862433,221,0,248,531,0,0,0,769,recovery,880
13.772000154051963,221,0,247,532,0,0,0,769,recovery,83
13.791126847107197,221,0,246,533,0,0,0,769,recovery,905
13.791230629185666,220,0,247,533,0,0,0,770,infection,721
13.793523137439026,220,0,246,534,0,0,0,770,recovery,840
13.795468692076323,220,0,245,535,0,0,0,770,recovery,723
13.798837598911303,220,0,244,536,0,0,0,770,recovery,689
13.803950003167841,219,0,245,536,0,0,0,771,infection,878
13.805245827261771,218,0,246,536,0,0,0,772,infection,123
13.812112355500574,217,0,247,536,0,0,0,773,infection,679
13.818147077341338,217,0,246,537,0,0,0,773,recovery,622
13.829143176810524,216,0,247,537,0,0,0,774,infection,513
13.83030561985137,216,0,246,538,0,0,0,774,recovery,767
13.8447905890152,215,0,247,538,0,0,0,775,infection,35
13.86614772575416,214,0,248,538,0,0,0,776,infection,294
13.871231254641286,214,0,247,539,0,0,0,776,recovery,112
13.87225890511058,214,0,246,540,0,0,0,776,recovery,790
13.874088136894086,213,0,247,540,0,0,0,777,infection,714
13.887182146410758,212,0,248,540,0,0,0,778,infection,797
13.895628047185992,212,0,247,541,0,0,0,778,recovery,459
13.932637735594952,212,0,246,542,0,0,0,778,recovery,833
13.93821385207776,212,0,245,543,0,0,0,778,recovery,330
13.948452913633728,212,0,244,544,0,0,0,778,recovery,521
13.956458980248241,212,0,243,545,0,0,0,778,recovery,735
13.970627139528741,212,0,242,546,0,0,0,778,recovery,566
13.999336494541206,212,0,241,547,0,0,0,778,recovery,411
14.009264071928602,212,0,240,548,0,0,0,778,recovery,645
14.019603435073734,212,0,239,549,0,0,0,778,recovery,383
14.023815347808684,211,0,240,549,0,0,0,779,infection,251
14.026153205495607,211,0,239,550,0,0,0,779,recovery,174
14.04738100274392,211,0,238,551,0,0,0,779,recovery,400
14.053535707534042,211,0,237,552,0,0,0,779,recovery,797
14.064533982654586,210,0,238,552,0,0,0,780,infection,702
14.066988859778949,210,0,237,553,0,0,0,780,recovery,839
14.072591763713449,209,0,238,553,0,0,0,781,infection,949
14.085393060934983,208,0,239,553,0,0,0,782,infection,284
14.085405852818035,208,0,238,554,0,0,0,782,recovery,901
14.092919438980283,208,0,237,555,0,0,0,782,recovery,929
14.096116702436495,208,0,236,556,0,0,0,782,recovery,686
14.09869096620066,208,0,235,557,0,0,0,782,recovery,730
14.103069792095644,207,0,236,557,0,0,0,783,infection,865
14.120776588039528,206,0,237,557,0,0,0,784,infection,16
14.131258983717668,206,0,236,558,0,0,0,784,recovery,547
14.174444418338359,205,0,237,558,0,0,0,785,infection,708
14.193996311693994,205,0,236,559,0,0,0,785,recovery,850
14.194673883584375,205,0,235,560,0,0,0,785,recovery,395
14.200164314023517,205,0,234,561,0,0,0,785,recovery,94
14.200317372614059,205,0,233,562,0,0,0,785,recovery,58
14.204311786197282,205,0,232,563,0,0,0,785,recovery,484
14.22778109443944,204,0,233,563,0,0,0,786,infection,835
14.230678244358966,204,0,232,564,0,0,0,786,recovery,33
14.240919512355296,204,0,231,565,0,0,0,786,recovery,71
14.242546122759968,203,0,232,565,0,0,0,787,infection,977
14.248784188246686,202,0,233,565,0,0,0,788,infection,814
14.249731053627087,202,0,232,566,0,0,0,788,recovery,426
14.289068885540313,201,0,233,566,0,0,0,789,infection,591
14.317425443515226,201,0,232,567,0,0,0,789,recovery,496
14.319276314413866,201,0,231,568,0,0,0,789,recovery,148
14.325473742600924,201,0,230,569,0,0,0,789,recovery,422
14.340722034719953,201,0,229,570,0,0,0,789,recovery,988
14.345750681791756,201,0,228,571,0,0,0,789,recovery,938
14.346259137290629,200,0,229,571,0,0,0,790,infection,801
14.350200864364185,199,0,230,571,0,0,0,791,infection,194
14.379096834212415,198,0,231,571,0,0,0,792,infection,448
14.38036858772969,198,0,230,572,0,0,0,792,recovery,441
14.385344565529511,198,0,229,573,0,0,0,792,recovery,313
14.386431303956366,197,0,230,573,0,0,0,793,infection,754
14.39275871379131,197,0,229,574,0,0,0,793,recovery,680
14.399883738941968,196,0,230,574,0,0,0,794,infection,919
14.401587123739962,196,0,229,575,0,0,0,794,recovery,93
14.414682194896422,195,0,230,575,0,0,0,795,infection,704
14.425175243357598,194,0,231,575,0,0,0,796,infection,916
14.44571160010319,194,0,230,576,0,0,0,796,recovery,827
14.472223380200127,194,0,229,577,0,0,0,796,recovery,660
14.476923073327766,194,0,228,578,0,0,0,796,recovery,847
14.48520251512383,194,0,227,579,0,0,0,796,recovery,458
14.491930378272805,193,0,228,579,0,0,0,797,infection,944
14.521466223532363,193,0,227,580,0,0,0,797,recovery,761
14.524358419207084,192,0,228,580,0,0,0,798,infection,697
14.530833023452757,192,0,227,581,0,0,0,798,recovery,457
14.533125966150353,192,0,226,582,0,0,0,798,recovery,54
14.54526130896515,191,0,227,582,0,0,0,799,infection,826
14.55580652383371,191,0,226,583,0,0,0,799,recovery,779
14.559691593337277,191,0,225,584,0,0,0,799,recovery,740
14.577713121461496,191,0,224,585,0,0,0,799,recovery,602
14.57846536153381,191,0,223,586,0,0,0,799,recovery,321
14.589279299817242,190,0,224,586,0,0,0,800,infection,806
14.595066417783116,190,0,223,587,0,0,0,800,recovery,814
14.596737714922158,190,0,222,588,0,0,0,800,recovery,816
14.621433286571866,189,0,223,588,0,0,0,801,infection,17
14.641770590331642,189,0,222,589,0,0,0,801,recovery,902
14.65726032769393,188,0,223,589,0,0,0,802,infection,407
14.668144718280608,187,0,224,589,0,0,0,803,infection,270
14.67140845529224,186,0,225,589,0,0,0,804,infection,266
14.677470681541795,185,0,226,589,0,0,0,805,infection,554
14.696192260301787,185,0,225,590,0,0,0,805,recovery,919
14.76703868819978,185,0,224,591,0,0,0,805,recovery,17
14.778495133366462,184,0,225,591,0,0,0,806,infection,282
14.834228829057537,184,0,224,592,0,0,0,806,recovery,982
14.856399416586392,183,0,225,592,0,0,0,807,infection,62
14.864726101712243,182,0,226,592,0,0,0,808,infection,541
14.86826740158427,182,0,225,593,0,0,0,808,recovery,75
14.874530091874968,182,0,224,594,0,0,0,808,recovery,214
14.885870301431567,181,0,225,594,0,0,0,809,infection,152
14.900832730915818,181,0,224,595,0,0,0,809,recovery,741
14.907530068172587,181,0,223,596,0,0,0,809,recovery,806
14.9093442320982,180,0,224,596,0,0,0,810,infection,623
14.925208409197058,180,0,223,597,0,0,0,810,recovery,111
14.93293935002616,180,0,222,598,0,0,0,810,recovery,651
14.942064453340343,179,0,223,598,0,0,0,811,infection,295
14.951040205664448,179,0,222,599,0,0,0,811,recovery,679
14.95237434328724,179,0,221,600,0,0,0,811,recovery,47
14.960064980747646,179,0,220,601,0,0,0,811,recovery,697
14.961154759952713,179,0,219,602,0,0,0,811,recovery,60
14.973605829523178,179,0,218,603,0,0,0,811,recovery,167
14.976808779041361,179,0,217,604,0,0,0,811,recovery,123
14.986624607950493,178,0,218,604,0,0,0,812,infection,31
14.994410190156522,177,0,219,604,0,0,0,813,infection,314
14.994410882209177,177,0,218,605,0,0,0,813,recovery,380
15.01274110861141,177,0,217,606,0,0,0,813,recovery,250
15.026679177345095,177,0,216,607,0,0,0,813,recovery,295
15.044043691049042,177,0,215,608,0,0,0,813,recovery,143
15.044179115783908,177,0,214,609,0,0,0,813,recovery,595
15.046094396053874,177,0,213,610,0,0,0,813,recovery,884
15.073213500231136,176,0,214,610,0,0,0,814,infection,650
15.098318597187241,175,0,215,610,0,0,0,815,infection,506
15.098337044271108,175,0,214,611,0,0,0,815,recovery,15
15.104291484426533,175,0,213,612,0,0,0,815,recovery,865
15.104905343099235,175,0,212,613,0,0,0,815,recovery,773
15.116022053236364,175,0,211,614,0,0,0,815,recovery,554
15.116754861879004,174,0,212,614,0,0,0,816,infection,955
15.188535834797808,173,0,213,614,0,0,0,817,infection,236
15.190967729998151,173,0,212,615,0,0,0,817,recovery,448
15.20522309772078,172,0,213,615,0,0,0,818,infection,199
15.211159404648837,172,0,212,616,0,0,0,818,recovery,631
15.219850174270032,171,0,213,616,0,0,0,819,infection,643
15.23574582049573,170,0,214,616,0,0,0,820,infection,393
15.261685051088403,169,0,215,616,0,0,0,821,infection,803
15.31098446202744,168,0,216,616,0,0,0,822,infection,893
15.32036075935033,168,0,215,617,0,0,0,822,recovery,128
15.33260907884894,167,0,216,617,0,0,0,823,infection,84
15.345533231463028,167,0,215,618,0,0,0,823,recovery,255
15.3486214309819,167,0,214,619,0,0,0,823,recovery,262
15.349525529952803,167,0,213,620,0,0,0,823,recovery,424
15.372405427821835,167,0,212,621,0,0,0,823,recovery,107
15.386990568621103,166,0,213,621,0,0,0,824,infection,81
15.388977115045261,166,0,212,622,0,0,0,824,recovery,508
15.439194688346156,166,0,211,623,0,0,0,824,recovery,768
15.45634718494607,166,0,210,624,0,0,0,824,recovery,682
15.467660225631256,165,0,211,624,0,0,0,825,infection,76
15.467983428542691,165,0,210,625,0,0,0,825,recovery,146
15.49073946232306,164,0,211,625,0,0,0,826,infection,483
15.49169483878389,164,0,210,626,0,0,0,826,recovery,357
15.495545555546114,163,0,211,626,0,0,0,827,infection,963
15.500363554853585,163,0,210,627,0,0,0,827,recovery,801
15.526507879821814,162,0,211,627,0,0,0,828,infection,468
15.542537994060151,162,0,210,628,0,0,0,828,recovery,874
15.550785184976979,162,0,209,629,0,0,0,828,recovery,937
15.553259060735023,162,0,208,630,0,0,0,828,recovery,339
15.567980398920973,162,0,207,631,0,0,0,828,recovery,846
15.572491788976597,162,0,206,632,0,0,0,828,recovery,84
15.581935255976356,162,0,205,633,0,0,0,828,recovery,975
15.597363975580437,161,0,206,633,0,0,0,829,infection,353
15.626753679984535,161,0,205,634,0,0,0,829,recovery,20
15.639059042547608,160,0,206,634,0,0,0,830,infection,86
15.647470005712062,160,0,205,635,0,0,0,830,recovery,983
15.659458799477795,160,0,204,636,0,0,0,830,recovery,538
15.673680218317784,160,0,203,637,0,0,0,830,recovery,244
15.693078742265879,159,0,204,637,0,0,0,831,infection,523
15.693893168043441,159,0,203,638,0,0,0,831,recovery,534
15.704511811706121,158,0,204,638,0,0,0,832,infection,749
15.724437280761892,158,0,203,639,0,0,0,832,recovery,6
15.73535760121868,158,0,202,640,0,0,0,832,recovery,385
15.791284280448544,157,0,203,640,0,0,0,833,infection,461
15.792055617146225,157,0,202,641,0,0,0,833,recovery,925
15.823435359681211,156,0,203,641,0,0,0,834,infection,646
15.82544436490939,156,0,202,642,0,0,0,834,recovery,890
15.82794246486673,156,0,201,643,0,0,0,834,recovery,513
15.834163427858265,156,0,200,644,0,0,0,834,recovery,370
15.849177108467439,156,0,199,645,0,0,0,834,recovery,817
15.850652346527767,156,0,198,646,0,0,0,834,recovery,694
15.861576481708834,156,0,197,647,0,0,0,834,recovery,442
15.880674438541856,156,0,196,648,0,0,0,834,recovery,284
15.886703565873093,155,0,197,648,0,0,0,835,infection,333
15.891174410460104,155,0,196,649,0,0,0,835,recovery,236
15.908528305829547,154,0,197,649,0,0,0,836,infection,343
15.916651547888133,153,0,198,649,0,0,0,837,infection,548
15.934473596000412,152,0,199,649,0,0,0,838,infection,570
15.934999970619618,152,0,198,650,0,0,0,838,recovery,465
15.938364157754974,151,0,199,650,0,0,0,839,infection,636
15.948208051390258,151,0,198,651,0,0,0,839,recovery,670
15.950780839042173,151,0,197,652,0,0,0,839,recovery,607
15.9739606298895,150,0,198,652,0,0,0,840,infection,237
16.06473906301443,150,0,197,653,0,0,0,840,recovery,963
16.08452331900054,150,0,196,654,0,0,0,840,recovery,74
16.112745347051437,150,0,195,655,0,0,0,840,recovery,300
16.114029817911955,150,0,194,656,0,0,0,840,recovery,333
16.14102042129196,149,0,195,656,0,0,0,841,infection,302
16.151322812849344,148,0,196,656,0,0,0,842,infection,101
16.15696315722185,148,0,195,657,0,0,0,842,recovery,959
16.17227173486716,148,0,194,658,0,0,0,842,recovery,191
16.172523885747786,148,0,193,659,0,0,0,842,recovery,231
16.17570816246641,147,0,194,659,0,0,0,843,infection,791
16.20862197901957,147,0,193,660,0,0,0,843,recovery,519
16.21485198595675,147,0,192,661,0,0,0,843,recovery,948
16.236342545889368,146,0,193,661,0,0,0,844,infection,249
16.250684170645936,146,0,192,662,0,0,0,844,recovery,588
16.2788296493284,146,0,191,663,0,0,0,844,recovery,803
16.307362678044772,146,0,190,664,0,0,0,844,recovery,101
16.322059051790248,146,0,189,665,0,0,0,844,recovery,16
16.33448801318828,146,0,188,666,0,0,0,844,recovery,86
16.369439102072405,145,0,189,666,0,0,0,845,infection,589
16.39608634356032,145,0,188,667,0,0,0,845,recovery,389
16.42167983461873,145,0,187,668,0,0,0,845,recovery,28
16.4483091573453,144,0,188,668,0,0,0,846,infection,347
16.461784530646845,144,0,187,669,0,0,0,846,recovery,972
16.485851202302754,143,0,188,669,0,0,0,847,infection,277
16.496584284423406,142,0,189,669,0,0,0,848,infection,268
16.529716277254174,141,0,190,669,0,0,0,849,infection,134
16.531127629183135,141,0,189,670,0,0,0,849,recovery,864
16.60437396954351,141,0,188,671,0,0,0,849,recovery,469
16.62715559668988,141,0,187,672,0,0,0,849,recovery,973
16.628015493389295,141,0,186,673,0,0,0,849,recovery,728
16.674582030190297,141,0,185,674,0,0,0,849,recovery,254
16.70375241103462,140,0,186,674,0,0,0,850,infection,381
16.71834478847032,140,0,185,675,0,0,0,850,recovery,169
16.73131906294765,140,0,184,676,0,0,0,850,recovery,199
16.766326858371375,140,0,183,677,0,0,0,850,recovery,195
16.770542993751526,140,0,182,678,0,0,0,850,recovery,985
16.778121085089065,140,0,181,679,0,0,0,850,recovery,977
16.808035591012885,140,0,180,680,0,0,0,850,recovery,570
16.815377360459674,139,0,181,680,0,0,0,851,infection,454
16.836705218536945,139,0,180,681,0,0,0,851,recovery,35
16.838362966996364,139,0,179,682,0,0,0,851,recovery,568
16.85715757044088,139,0,178,683,0,0,0,851,recovery,815
16.863714476764862,138,0,179,683,0,0,0,852,infection,329
16.86983697468225,138,0,178,684,0,0,0,852,recovery,186
16.912307720650734,138,0,177,685,0,0,0,852,recovery,646
16.922784899862073,138,0,176,686,0,0,0,852,recovery,92
16.932843697225994,138,0,175,687,0,0,0,852,recovery,780
16.946543794620432,138,0,174,688,0,0,0,852,recovery,826
16.946984616032545,138,0,173,689,0,0,0,852,recovery,681
16.955709920833282,138,0,172,690,0,0,0,852,recovery,955
16.958943126235226,138,0,171,691,0,0,0,852,recovery,302
16.976178119844718,138,0,170,692,0,0,0,852,recovery,704
16.99070232963619,138,0,169,693,0,0,0,852,recovery,673
16.995162884851513,138,0,168,694,0,0,0,852,recovery,162
17.032936993267683,138,0,167,695,0,0,0,852,recovery,639
17.037234914627447,138,0,166,696,0,0,0,852,recovery,707
17.045330617123113,138,0,165,697,0,0,0,852,recovery,934
17.087282031423793,138,0,164,698,0,0,0,852,recovery,888
17.094420108620167,138,0,163,699,0,0,0,852,recovery,152
17.10999193047067,138,0,162,700,0,0,0,852,recovery,56
17.115592501272598,138,0,161,701,0,0,0,852,recovery,523
17.130656155989662,138,0,160,702,0,0,0,852,recovery,158
17.145452449198277,138,0,159,703,0,0,0,852,recovery,286
17.156755654047416,138,0,158,704,0,0,0,852,recovery,967
17.21863946554406,138,0,157,705,0,0,0,852,recovery,536
17.22423432085111,138,0,156,706,0,0,0,852,recovery,957
17.325884814993838,138,0,155,707,0,0,0,852,recovery,661
17.35626292485553,138,0,154,708,0,0,0,852,recovery,266
17.363728933573633,138,0,153,709,0,0,0,852,recovery,294
17.388211005857237,138,0,152,710,0,0,0,852,recovery,76
17.410108618663052,137,0,153,710,0,0,0,853,infection,390
17.41123006009593,136,0,154,710,0,0,0,854,infection,198
17.42129663531675,136,0,153,711,0,0,0,854,recovery,198
17.425607011009525,136,0,152,712,0,0,0,854,recovery,157
17.430196098837598,136,0,151,713,0,0,0,854,recovery,638
17.470813358028618,135,0,152,713,0,0,0,855,infection,344
17.4708813736813,135,0,151,714,0,0,0,855,recovery,31
17.478514809443165,135,0,150,715,0,0,0,855,recovery,800
17.479890848007177,134,0,151,715,0,0,0,856,infection,558
17.48260555565366,134,0,150,716,0,0,0,856,recovery,882
17.493330667404827,134,0,149,717,0,0,0,856,recovery,894
17.50124825694949,133,0,150,717,0,0,0,857,infection,279
17.52522144407388,132,0,151,717,0,0,0,858,infection,525
17.535642038210003,132,0,150,718,0,0,0,858,recovery,791
17.56179135363651,132,0,149,719,0,0,0,858,recovery,324
17.57268494627911,132,0,148,720,0,0,0,858,recovery,216
17.578166835458724,132,0,147,721,0,0,0,858,recovery,678
17.582053866645808,132,0,146,722,0,0,0,858,recovery,541
17.655656588170707,132,0,145,723,0,0,0,858,recovery,795
17.677200778846895,132,0,144,724,0,0,0,858,recovery,962
17.71247922025568,132,0,143,725,0,0,0,858,recovery,759
17.728766533921014,132,0,142,726,0,0,0,858,recovery,916
17.7306683656534,132,0,141,727,0,0,0,858,recovery,280
17.84012780375744,131,0,142,727,0,0,0,859,infection,11
17.84923874274312,131,0,141,728,0,0,0,859,recovery,126
17.88093924868907,131,0,140,729,0,0,0,859,recovery,414
17.891702105264766,131,0,139,730,0,0,0,859,recovery,279
17.91732191015774,131,0,138,731,0,0,0,859,recovery,343
17.954954012913582,131,0,137,732,0,0,0,859,recovery,857
17.974172545022384,131,0,136,733,0,0,0,859,recovery,804
17.982325952448626,130,0,137,733,0,0,0,860,infection,912
18.022299637245226,130,0,136,734,0,0,0,860,recovery,434
18.04188964389626,130,0,135,735,0,0,0,860,recovery,577
18.048733813317924,130,0,134,736,0,0,0,860,recovery,799
18.07234290695759,130,0,133,737,0,0,0,860,recovery,716
18.082513746446878,130,0,132,738,0,0,0,860,recovery,350
18.093425688717794,129,0,133,738,0,0,0,861,infection,144
18.102999397274345,129,0,132,739,0,0,0,861,recovery,589
18.104906641387924,128,0,133,739,0,0,0,862,infection,68
18.125380270843586,128,0,132,740,0,0,0,862,recovery,423
18.13494935574004,127,0,133,740,0,0,0,863,infection,796
18.149875359685527,127,0,132,741,0,0,0,863,recovery,185
18.152963244144463,127,0,131,742,0,0,0,863,recovery,505
18.155591863240645,126,0,132,742,0,0,0,864,infection,464
18.16834464373805,126,0,131,743,0,0,0,864,recovery,762
18.19897066480001,126,0,130,744,0,0,0,864,recovery,347
18.201029025713062,125,0,131,744,0,0,0,865,infection,618
18.20709250123579,125,0,130,745,0,0,0,865,recovery,119
18.223062475322166,125,0,129,746,0,0,0,865,recovery,390
18.25864813709299,124,0,130,746,0,0,0,866,infection,365
18.304119864749715,124,0,129,747,0,0,0,866,recovery,381
18.32570944398683,124,0,128,748,0,0,0,866,recovery,475
18.381331118318972,124,0,127,749,0,0,0,866,recovery,613
18.40214929143503,124,0,126,750,0,0,0,866,recovery,533
18.47790699839704,124,0,125,751,0,0,0,866,recovery,237
18.491340280335244,124,0,124,752,0,0,0,866,recovery,275
18.49254491873194,124,0,123,753,0,0,0,866,recovery,11
18.507651338222942,124,0,122,754,0,0,0,866,recovery,590
18.51720338919251,123,0,123,754,0,0,0,867,infection,362
18.538562155015967,122,0,124,754,0,0,0,868,infection,626
18.563612579817583,122,0,123,755,0,0,0,868,recovery,288
18.572508948290583,122,0,122,756,0,0,0,868,recovery,540
18.57538206735242,121,0,123,756,0,0,0,869,infection,928
18.607757736642252,121,0,122,757,0,0,0,869,recovery,921
18.61518617396215,121,0,121,758,0,0,0,869,recovery,181
18.63856725966764,120,0,122,758,0,0,0,870,infection,332
18.702467083125644,120,0,121,759,0,0,0,870,recovery,754
18.703886247361858,120,0,120,760,0,0,0,870,recovery,949
18.754798034806058,120,0,119,761,0,0,0,870,recovery,367
18.773524866277572,120,0,118,762,0,0,0,870,recovery,591
18.774425983130747,120,0,117,763,0,0,0,870,recovery,173
18.783755172218036,120,0,116,764,0,0,0,870,recovery,917
18.795876386577298,119,0,117,764,0,0,0,871,infection,373
18.802073116075217,119,0,116,765,0,0,0,871,recovery,386
18.828184325432865,118,0,117,765,0,0,0,872,infection,687
18.835911192160257,118,0,116,766,0,0,0,872,recovery,113
18.839462187357604,117,0,117,766,0,0,0,873,infection,172
18.848639675163298,117,0,116,767,0,0,0,873,recovery,38
18.85624717470279,116,0,117,767,0,0,0,874,infection,732
18.929774162208048,116,0,116,768,0,0,0,874,recovery,837
19.026918728012422,116,0,115,769,0,0,0,874,recovery,81
19.03311071140302,116,0,114,770,0,0,0,874,recovery,359
19.123646220232178,116,0,113,771,0,0,0,874,recovery,464
19.12566094755894,116,0,112,772,0,0,0,874,recovery,358
19.13991792053897,116,0,111,773,0,0,0,874,recovery,770
19.141356245522093,116,0,110,774,0,0,0,874,recovery,329
19.19137580196302,116,0,109,775,0,0,0,874,recovery,48
19.199905505074266,116,0,108,776,0,0,0,874,recovery,150
19.200566955693397,116,0,107,777,0,0,0,874,recovery,393
19.222675432193046,115,0,108,777,0,0,0,875,infection,544
19.243579090996683,115,0,107,778,0,0,0,875,recovery,941
19.28801073137803,115,0,106,779,0,0,0,875,recovery,49
19.314896050305876,114,0,107,779,0,0,0,876,infection,557
19.32026704648385,114,0,106,780,0,0,0,876,recovery,365
19.398935815013054,113,0,107,780,0,0,0,877,infection,896
19.404424385120095,113,0,106,781,0,0,0,877,recovery,70
19.433450675761982,112,0,107,781,0,0,0,878,infection,569
19.45357314698625,112,0,106,782,0,0,0,878,recovery,340
19.484494379183978,111,0,107,782,0,0,0,879,infection,634
19.487493919195227,110,0,108,782,0,0,0,880,infection,105
19.512466188276438,110,0,107,783,0,0,0,880,recovery,732
19.552434897627485,110,0,106,784,0,0,0,880,recovery,708
19.587912814199687,110,0,105,785,0,0,0,880,recovery,796
19.611859647120923,110,0,104,786,0,0,0,880,recovery,483
19.61730808989585,110,0,103,787,0,0,0,880,recovery,893
19.63723509108025,110,0,102,788,0,0,0,880,recovery,270
19.6755034305211,110,0,101,789,0,0,0,880,recovery,268
19.726416280644862,110,0,100,790,0,0,0,880,recovery,362
19.73669987609539,110,0,99,791,0,0,0,880,recovery,446
19.784894661736953,110,0,98,792,0,0,0,880,recovery,425
19.79760502538879,110,0,97,793,0,0,0,880,recovery,334
19.866735852201877,110,0,96,794,0,0,0,880,recovery,544
19.910836405772855,110,0,95,795,0,0,0,880,recovery,353
19.917780688642438,110,0,94,796,0,0,0,880,recovery,37
19.9212668119404,110,0,93,797,0,0,0,880,recovery,878
20.048678990135233,110,0,92,798,0,0,0,880,recovery,277
20.075720981413156,109,0,93,798,0,0,0,881,infection,836
20.171478017241803,108,0,94,798,0,0,0,882,infection,842
20.203640251743906,108,0,93,799,0,0,0,882,recovery,671
20.22154250866975,108,0,92,800,0,0,0,882,recovery,842
20.22831114122151,108,0,91,801,0,0,0,882,recovery,405
20.260379666844393,108,0,90,802,0,0,0,882,recovery,134
20.29950214999318,108,0,89,803,0,0,0,882,recovery,212
20.317854459570977,107,0,90,803,0,0,0,883,infection,415
20.34172570300199,107,0,89,804,0,0,0,883,recovery,249
20.354271024766817,107,0,88,805,0,0,0,883,recovery,105
20.40823136536323,107,0,87,806,0,0,0,883,recovery,643
20.45990594050747,107,0,86,807,0,0,0,883,recovery,285
20.46885391989527,106,0,87,807,0,0,0,884,infection,388
20.474884145469275,106,0,86,808,0,0,0,884,recovery,501
20.52273618048667,105,0,87,808,0,0,0,885,infection,178
20.53911327631181,105,0,86,809,0,0,0,885,recovery,498
20.60716171092669,105,0,85,810,0,0,0,885,recovery,618
20.628869826103326,105,0,84,811,0,0,0,885,recovery,650
20.687283101014998,105,0,83,812,0,0,0,885,recovery,14
20.704022661270134,105,0,82,813,0,0,0,885,recovery,314
20.733747669691926,104,0,83,813,0,0,0,886,infection,445
20.754906450664294,103,0,84,813,0,0,0,887,infection,952
20.759050973622873,102,0,85,813,0,0,0,888,infection,700
20.785111057095733,101,0,86,813,0,0,0,889,infection,90
20.811530739898842,100,0,87,813,0,0,0,890,infection,954
20.813636236006804,100,0,86,814,0,0,0,890,recovery,636
20.83633159115805,100,0,85,815,0,0,0,890,recovery,341
20.84279053503597,100,0,84,816,0,0,0,890,recovery,952
20.851007456458397,100,0,83,817,0,0,0,890,recovery,702
20.876686448988895,100,0,82,818,0,0,0,890,recovery,196
20.914912293959105,100,0,81,819,0,0,0,890,recovery,197
20.9621014810123,100,0,80,820,0,0,0,890,recovery,307
20.967387706758238,100,0,79,821,0,0,0,890,recovery,695
21.01014233663578,100,0,78,822,0,0,0,890,recovery,283
21.01981433040894,100,0,77,823,0,0,0,890,recovery,558
21.053212391750463,99,0,78,823,0,0,0,891,infection,906
21.17838144663204,99,0,77,824,0,0,0,891,recovery,853
21.193561233414147,99,0,76,825,0,0,0,891,recovery,194
21.215577278849924,99,0,75,826,0,0,0,891,recovery,906
21.32819170668311,99,0,74,827,0,0,0,891,recovery,886
21.34676016559088,99,0,73,828,0,0,0,891,recovery,407
21.360102446405605,98,0,74,828,0,0,0,892,infection,915
21.513507926807677,98,0,73,829,0,0,0,892,recovery,445
21.523523134887604,98,0,72,830,0,0,0,892,recovery,468
21.545557845165202,98,0,71,831,0,0,0,892,recovery,51
21.584284251368565,97,0,72,831,0,0,0,893,infection,543
21.607758584984317,97,0,71,832,0,0,0,893,recovery,138
21.846674306508504,97,0,70,833,0,0,0,893,recovery,2
21.846729892174764,97,0,69,834,0,0,0,893,recovery,824
21.876355688950685,96,0,70,834,0,0,0,894,infection,36
22.07621499808927,96,0,69,835,0,0,0,894,recovery,207
22.07918137952212,95,0,70,835,0,0,0,895,infection,110
22.09107595222655,95,0,69,836,0,0,0,895,recovery,413
22.11930734707357,95,0,68,837,0,0,0,895,recovery,36
22.254638938797683,95,0,67,838,0,0,0,895,recovery,415
22.262316339721686,94,0,68,838,0,0,0,896,infection,970
22.27541192964898,93,0,69,838,0,0,0,897,infection,19
22.292481196093924,93,0,68,839,0,0,0,897,recovery,474
22.361708962533616,92,0,69,839,0,0,0,898,infection,52
22.38151264567875,92,0,68,840,0,0,0,898,recovery,19
22.482609334525865,92,0,67,841,0,0,0,898,recovery,252
22.51117323887469,91,0,68,841,0,0,0,899,infection,961
22.558584841300217,91,0,67,842,0,0,0,899,recovery,90
22.63811196996479,91,0,66,843,0,0,0,899,recovery,388
22.713478543763244,91,0,65,844,0,0,0,899,recovery,258
22.802107036639786,91,0,64,845,0,0,0,899,recovery,21
22.806650738834822,91,0,63,846,0,0,0,899,recovery,970
22.845255614018093,91,0,62,847,0,0,0,899,recovery,282
22.89973888066409,91,0,61,848,0,0,0,899,recovery,551
22.924915103828553,91,0,60,849,0,0,0,899,recovery,530
22.943892277693422,91,0,59,850,0,0,0,899,recovery,720
23.003059707549355,91,0,58,851,0,0,0,899,recovery,885
23.056524613014012,91,0,57,852,0,0,0,899,recovery,749
23.08027697673676,91,0,56,853,0,0,0,899,recovery,419
23.142959282589242,91,0,55,854,0,0,0,899,recovery,368
23.295280128656707,91,0,54,855,0,0,0,899,recovery,714
23.351581175218254,90,0,55,855,0,0,0,900,infection,206
23.361669096871836,89,0,56,855,0,0,0,901,infection,121
23.480822569779967,89,0,55,856,0,0,0,901,recovery,726
23.483474275213847,89,0,54,857,0,0,0,901,recovery,337
23.648611010976122,89,0,53,858,0,0,0,901,recovery,912
23.65785313379201,88,0,54,858,0,0,0,902,infection,291
23.67559985314435,87,0,55,858,0,0,0,903,infection,514
23.693772412375434,87,0,54,859,0,0,0,903,recovery,543
23.711395991880085,87,0,53,860,0,0,0,903,recovery,928
23.765509009425262,87,0,52,861,0,0,0,903,recovery,525
23.799823200748506,86,0,53,861,0,0,0,904,infection,412
23.84407878178736,86,0,52,862,0,0,0,904,recovery,225
23.87214461850775,86,0,51,863,0,0,0,904,recovery,206
23.894590724614606,85,0,52,863,0,0,0,905,infection,612
23.906981203253128,84,0,53,863,0,0,0,906,infection,219
23.94899169053882,84,0,52,864,0,0,0,906,recovery,569
23.949931359822052,84,0,51,865,0,0,0,906,recovery,623
23.957697415174188,84,0,50,866,0,0,0,906,recovery,132
23.973732065053895,84,0,49,867,0,0,0,906,recovery,557
23.981838597252953,84,0,48,868,0,0,0,906,recovery,412
24.12401908608859,83,0,49,868,0,0,0,907,infection,133
24.262681156766593,83,0,48,869,0,0,0,907,recovery,574
24.32311571128482,83,0,47,870,0,0,0,907,recovery,219
24.44708544528491,83,0,46,871,0,0,0,907,recovery,944
24.49619611817048,83,0,45,872,0,0,0,907,recovery,721
24.549895810870503,83,0,44,873,0,0,0,907,recovery,131
24.700979961931225,83,0,43,874,0,0,0,907,recovery,344
24.855680583125153,83,0,42,875,0,0,0,907,recovery,634
25.002079568600983,83,0,41,876,0,0,0,907,recovery,960
25.048879046070454,83,0,40,877,0,0,0,907,recovery,417
25.087509503836024,83,0,39,878,0,0,0,907,recovery,133
25.14350432974594,83,0,38,879,0,0,0,907,recovery,62
25.231320641819053,83,0,37,880,0,0,0,907,recovery,858
25.63131217256462,83,0,36,881,0,0,0,907,recovery,45
25.925134542770245,83,0,35,882,0,0,0,907,recovery,835
25.96219284296391,82,0,36,882,0,0,0,908,infection,224
26.077093207296453,82,0,35,883,0,0,0,908,recovery,612
26.11356710917009,82,0,34,884,0,0,0,908,recovery,514
26.15048907287618,82,0,33,885,0,0,0,908,recovery,297
26.328804946341954,82,0,32,886,0,0,0,908,recovery,110
26.5207068077043,81,0,33,886,0,0,0,909,infection,757
26.555771244482976,81,0,32,887,0,0,0,909,recovery,223
26.598632612912628,81,0,31,888,0,0,0,909,recovery,454
26.643135421357805,81,0,30,889,0,0,0,909,recovery,700
26.697638340862497,81,0,29,890,0,0,0,909,recovery,144
26.7452211249542,81,0,28,891,0,0,0,909,recovery,860
26.77331543757775,81,0,27,892,0,0,0,909,recovery,172
26.899407458877675,81,0,26,893,0,0,0,909,recovery,332
26.931173169301612,81,0,25,894,0,0,0,909,recovery,757
26.997051154593173,81,0,24,895,0,0,0,909,recovery,711
27.005734681279435,81,0,23,896,0,0,0,909,recovery,945
27.04725392703064,81,0,22,897,0,0,0,909,recovery,461
27.243732604963753,81,0,21,898,0,0,0,909,recovery,224
27.256945707498318,80,0,22,898,0,0,0,910,infection,201
27.51868253766169,80,0,21,899,0,0,0,910,recovery,100
27.712566120724084,80,0,20,900,0,0,0,910,recovery,687
28.088599966989577,80,0,19,901,0,0,0,910,recovery,452
28.14882993002693,79,0,20,901,0,0,0,911,infection,933
28.806573752596258,78,0,21,901,0,0,0,912,infection,492
29.16198129925167,78,0,20,902,0,0,0,912,recovery,506
29.31456489162064,78,0,19,903,0,0,0,912,recovery,548
29.519335607358574,78,0,18,904,0,0,0,912,recovery,492
29.555401372142562,77,0,19,904,0,0,0,913,infection,42
29.70667977186634,77,0,18,905,0,0,0,913,recovery,896
29.782954312656386,77,0,17,906,0,0,0,913,recovery,954
29.889635980479,77,0,16,907,0,0,0,913,recovery,933
30.078673961617337,76,0,17,907,0,0,0,914,infection,685
30.125349440933157,76,0,16,908,0,0,0,914,recovery,626
30.552988033307024,75,0,17,908,0,0,0,915,infection,410
30.833815362537074,75,0,16,909,0,0,0,915,recovery,915
31.43805374840648,74,0,17,909,0,0,0,916,infection,765
31.496978378122627,74,0,16,910,0,0,0,916,recovery,763
31.665713734181953,73,0,17,910,0,0,0,917,infection,316
31.82560129577998,73,0,16,911,0,0,0,917,recovery,68
31.83656812341116,73,0,15,912,0,0,0,917,recovery,201
31.956031450433475,72,0,16,912,0,0,0,918,infection,571
32.00472738512409,72,0,15,913,0,0,0,918,recovery,121
32.40431917333283,72,0,14,914,0,0,0,918,recovery,52
33.22399263577219,72,0,13,915,0,0,0,918,recovery,316
34.29216416257869,72,0,12,916,0,0,0,918,recovery,410
34.472676626952094,71,0,13,916,0,0,0,919,infection,868
34.73271184231936,70,0,14,916,0,0,0,920,infection,677
34.813652010495744,70,0,13,917,0,0,0,920,recovery,868
34.94511868602002,69,0,14,917,0,0,0,921,infection,289
35.00397713459647,69,0,13,918,0,0,0,921,recovery,373
35.01539550747101,68,0,14,918,0,0,0,922,infection,870
35.040567709519735,68,0,13,919,0,0,0,922,recovery,257
35.16356668466861,67,0,14,919,0,0,0,923,infection,743
35.37699225373491,67,0,13,920,0,0,0,923,recovery,677
35.397625077043514,67,0,12,921,0,0,0,923,recovery,178
35.45946724289564,66,0,13,921,0,0,0,924,infection,161
35.65817770717276,66,0,12,922,0,0,0,924,recovery,870
35.752104110318946,66,0,11,923,0,0,0,924,recovery,42
35.859110218568865,66,0,10,924,0,0,0,924,recovery,571
36.51376208842473,66,0,9,925,0,0,0,924,recovery,685
36.85704070372589,66,0,8,926,0,0,0,924,recovery,836
37.695292163516996,66,0,7,927,0,0,0,924,recovery,291
37.80217364139405,66,0,6,928,0,0,0,924,recovery,289
37.95160603132277,66,0,5,929,0,0,0,924,recovery,961
38.382023276147265,66,0,4,930,0,0,0,924,recovery,778
40.0,66,0,4,930,0,0,0,924,horizon,0
