t,S,E,I,R,births,deaths,vaccinated,infections,event,person
0.0,990,0,10,0,0,0,0,0,initial,0
0.05779557257770843,989,0,11,0,0,0,0,1,infection,443
0.20928858114479018,989,0,10,1,0,0,0,1,recovery,995
0.21126679283616337,988,0,11,1,0,0,0,2,infection,771
0.22938793912489727,987,0,12,1,0,0,0,3,infection,405
0.22981448450091868,986,0,13,1,0,0,0,4,infection,114
0.24284764915997104,985,0,14,1,0,0,0,5,infection,499
0.2651759028209043,984,0,15,1,0,0,0,6,infection,207
0.26758917410515665,983,0,16,1,0,0,0,7,infection,366
0.28782102822663863,982,0,17,1,0,0,0,8,infection,354
0.349927338699506,982,0,16,2,0,0,0,8,recovery,999
0.36171861050092646,982,0,15,3,0,0,0,8,recovery,443
0.5646953862710274,981,0,16,3,0,0,0,9,infection,863
0.6151615939465088,980,0,17,3,0,0,0,10,infection,814
0.6172109213725241,979,0,18,3,0,0,0,11,infection,777
0.6592154323333966,978,0,19,3,0,0,0,12,infection,539
0.6754278903811611,977,0,20,3,0,0,0,13,infection,807
0.6857793211410008,977,0,19,4,0,0,0,13,recovery,354
0.6956051669254991,976,0,20,4,0,0,0,14,infection,206
0.7017304309211986,975,0,21,4,0,0,0,15,infection,136
0.7112032589575656,974,0,22,4,0,0,0,16,infection,770
0.7230328751025126,973,0,23,4,0,0,0,17,infection,62
0.8509703127588591,972,0,24,4,0,0,0,18,infection,623
0.9163928938397586,971,0,25,4,0,0,0,19,infection,61
0.9303360769367387,970,0,26,4,0,0,0,20,infection,618
0.9792804226166039,969,0,27,4,0,0,0,21,infection,446
0.992937425720966,969,0,26,5,0,0,0,21,recovery,777
1.001960873147869,968,0,27,5,0,0,0,22,infection,293
1.032343487872207,968,0,26,6,0,0,0,22,recovery,863
1.048828709522178,967,0,27,6,0,0,0,23,infection,72
1.0542375410928655,966,0,28,6,0,0,0,24,infection,737
1.0732762228246653,965,0,29,6,0,0,0,25,infection,538
1.1487174148101778,965,0,28,7,0,0,0,25,recovery,206
1.184055496115061,964,0,29,7,0,0,0,26,infection,467
1.2015743403277022,963,0,30,7,0,0,0,27,infection,302
1.2382639822575736,963,0,29,8,0,0,0,27,recovery,996
1.27192140049678,962,0,30,8,0,0,0,28,infection,920
1.3138394462074272,961,0,31,8,0,0,0,29,infection,634
1.3140021154220858,960,0,32,8,0,0,0,30,infection,79
1.3343979064213105,959,0,33,8,0,0,0,31,infection,318
1.3681085072659647,958,0,34,8,0,0,0,32,infection,968
1.3772634741021479,957,0,35,8,0,0,0,33,infection,13
1.4200579133620488,956,0,36,8,0,0,0,34,infection,455
1.432694237336586,956,0,35,9,0,0,0,34,recovery,770
1.483183140264466,955,0,36,9,0,0,0,35,infection,211
1.4864334586742538,954,0,37,9,0,0,0,36,infection,522
1.4982054947467773,953,0,38,9,0,0,0,37,infection,630
1.5032300900805604,952,0,39,9,0,0,0,38,infection,562
1.531279976859357,951,0,40,9,0,0,0,39,infection,536
1.5603755889980682,951,0,39,10,0,0,0,39,recovery,634
1.5932577167271602,950,0,40,10,0,0,0,40,infection,47
1.6186109023072552,949,0,41,10,0,0,0,41,infection,524
1.6214749407340543,948,0,42,10,0,0,0,42,infection,378
1.6228244196054586,947,0,43,10,0,0,0,43,infection,718
1.631571240807853,946,0,44,10,0,0,0,44,infection,825
1.6453457106877547,945,0,45,10,0,0,0,45,infection,238
1.647682823186842,944,0,46,10,0,0,0,46,infection,544
1.6517334886911739,943,0,47,10,0,0,0,47,infection,944
1.659351799754601,942,0,48,10,0,0,0,48,infection,644
1.666923231413882,941,0,49,10,0,0,0,49,infection,431
1.6906191287619667,940,0,50,10,0,0,0,50,infection,899
1.7092848197933148,939,0,51,10,0,0,0,51,infection,740
1.7131315252247705,938,0,52,10,0,0,0,52,infection,514
1.7831956221194736,938,0,51,11,0,0,0,52,recovery,536
1.8288381289657378,937,0,52,11,0,0,0,53,infection,258
1.8783569648221954,937,0,51,12,0,0,0,53,recovery,114
1.9268087725066405,936,0,52,12,0,0,0,54,infection,752
1.928246076111994,935,0,53,12,0,0,0,55,infection,369
1.9384274750291381,934,0,54,12,0,0,0,56,infection,655
1.9633740304102445,933,0,55,12,0,0,0,57,infection,535
2.0275536684753757,932,0,56,12,0,0,0,58,infection,969
2.044241600480948,931,0,57,12,0,0,0,59,infection,332
2.0466319646974043,930,0,58,12,0,0,0,60,infection,864
2.071534605481055,929,0,59,12,0,0,0,61,infection,901
2.130077962658462,929,0,58,13,0,0,0,61,recovery,13
2.1634432923939424,928,0,59,13,0,0,0,62,infection,540
2.1664600636189904,927,0,60,13,0,0,0,63,infection,591
2.168892772216794,926,0,61,13,0,0,0,64,infection,257
2.193815681729095,925,0,62,13,0,0,0,65,infection,725
2.23431602633472,924,0,63,13,0,0,0,66,infection,751
2.2407663098953092,924,0,62,14,0,0,0,66,recovery,644
2.2478194290954256,924,0,61,15,0,0,0,66,recovery,630
2.2512833071842357,923,0,62,15,0,0,0,67,infection,199
2.2689631561085717,922,0,63,15,0,0,0,68,infection,364
2.3010111810008285,921,0,64,15,0,0,0,69,infection,935
2.307777650203902,920,0,65,15,0,0,0,70,infection,779
2.314279173593032,919,0,66,15,0,0,0,71,infection,391
2.3422280262034567,918,0,67,15,0,0,0,72,infection,917
2.3549460262653596,917,0,68,15,0,0,0,73,infection,958
2.3654253004148815,916,0,69,15,0,0,0,74,infection,924
2.3740995056867424,915,0,70,15,0,0,0,75,infection,309
2.3839519836533083,915,0,69,16,0,0,0,75,recovery,391
2.394963685778272,914,0,70,16,0,0,0,76,infection,5
2.4055190194334597,913,0,71,16,0,0,0,77,infection,911
2.4165242346101636,912,0,72,16,0,0,0,78,infection,736
2.4203690838244136,912,0,71,17,0,0,0,78,recovery,655
2.426694347716441,912,0,70,18,0,0,0,78,recovery,807
2.434372287717077,912,0,69,19,0,0,0,78,recovery,825
2.4461867231598515,911,0,70,19,0,0,0,79,infection,826
2.461162355859732,910,0,71,19,0,0,0,80,infection,566
2.47124452672801,909,0,72,19,0,0,0,81,infection,868
2.493450963087557,908,0,73,19,0,0,0,82,infection,323
2.4962969864087894,907,0,74,19,0,0,0,83,infection,32
2.5064741779949817,906,0,75,19,0,0,0,84,infection,690
2.5070713530245903,905,0,76,19,0,0,0,85,infection,94
2.5088789376957203,904,0,77,19,0,0,0,86,infection,687
2.521177793446576,904,0,76,20,0,0,0,86,recovery,924
2.5549069646634117,903,0,77,20,0,0,0,87,infection,776
2.5591208673445998,902,0,78,20,0,0,0,88,infection,921
2.5674562832118966,901,0,79,20,0,0,0,89,infection,523
2.583995189735477,900,0,80,20,0,0,0,90,infection,817
2.596256285726041,899,0,81,20,0,0,0,91,infection,579
2.6070751752762806,898,0,82,20,0,0,0,92,infection,301
2.6125164923383144,898,0,81,21,0,0,0,92,recovery,623
2.6159560763877843,898,0,80,22,0,0,0,92,recovery,826
2.662096621603698,898,0,79,23,0,0,0,92,recovery,431
2.666540528917972,898,0,78,24,0,0,0,92,recovery,944
2.6695376383898957,897,0,79,24,0,0,0,93,infection,829
2.6815341623495024,896,0,80,24,0,0,0,94,infection,519
2.6926998332326684,896,0,79,25,0,0,0,94,recovery,817
2.6982162470991535,896,0,78,26,0,0,0,94,recovery,868
2.7008684957081925,895,0,79,26,0,0,0,95,infection,358
2.723488095857774,894,0,80,26,0,0,0,96,infection,210
2.727621501911657,894,0,79,27,0,0,0,96,recovery,318
2.736136450408424,893,0,80,27,0,0,0,97,infection,949
2.737862585258242,893,0,79,28,0,0,0,97,recovery,776
2.7429421730482946,893,0,78,29,0,0,0,97,recovery,358
2.7460027792345105,892,0,79,29,0,0,0,98,infection,931
2.748807969377255,891,0,80,29,0,0,0,99,infection,37
2.752763989485478,890,0,81,29,0,0,0,100,infection,942
2.755350980784658,889,0,82,29,0,0,0,101,infection,930
2.7595425811922993,888,0,83,29,0,0,0,102,infection,937
2.767135504938625,887,0,84,29,0,0,0,103,infection,877
2.7703759420416034,887,0,83,30,0,0,0,103,recovery,61
2.8050716455382205,887,0,82,31,0,0,0,103,recovery,522
2.8069759722180354,887,0,81,32,0,0,0,103,recovery,258
2.8101880537479493,886,0,82,32,0,0,0,104,infection,977
2.8161946044721833,885,0,83,32,0,0,0,105,infection,347
2.85173683942676,884,0,84,32,0,0,0,106,infection,973
2.8552664465560578,883,0,85,32,0,0,0,107,infection,716
2.8838203316113127,882,0,86,32,0,0,0,108,infection,860
2.9098752164092563,881,0,87,32,0,0,0,109,infection,303
2.9182205104910444,880,0,88,32,0,0,0,110,infection,186
2.96883610978721,880,0,87,33,0,0,0,110,recovery,591
2.970204151044586,879,0,88,33,0,0,0,111,infection,477
2.9736353481232247,878,0,89,33,0,0,0,112,infection,319
2.996756100572677,877,0,90,33,0,0,0,113,infection,764
2.9982099729085276,876,0,91,33,0,0,0,114,infection,909
3.016466264092785,875,0,92,33,0,0,0,115,infection,306
3.016935542356822,874,0,93,33,0,0,0,116,infection,458
3.037923271544166,873,0,94,33,0,0,0,117,infection,714
3.0410127185993425,872,0,95,33,0,0,0,118,infection,987
3.0548765306603864,871,0,96,33,0,0,0,119,infection,508
3.0658539659027966,870,0,97,33,0,0,0,120,infection,966
3.0807246291492727,869,0,98,33,0,0,0,121,infection,801
3.088476151531393,868,0,99,33,0,0,0,122,infection,662
3.089920436236061,868,0,98,34,0,0,0,122,recovery,72
3.0909955956000057,867,0,99,34,0,0,0,123,infection,627
3.102691952311271,867,0,98,35,0,0,0,123,recovery,94
3.114262854065885,866,0,99,35,0,0,0,124,infection,145
3.1408476841787483,865,0,100,35,0,0,0,125,infection,338
3.1431647707571435,864,0,101,35,0,0,0,126,infection,54
3.1598058184859945,863,0,102,35,0,0,0,127,infection,766
3.161951265098387,863,0,101,36,0,0,0,127,recovery,662
3.163696151545286,862,0,102,36,0,0,0,128,infection,419
3.176125654568833,861,0,103,36,0,0,0,129,infection,131
3.1775147262569834,861,0,102,37,0,0,0,129,recovery,293
3.1788581381831986,860,0,103,37,0,0,0,130,infection,245
3.2211307293815143,859,0,104,37,0,0,0,131,infection,599
3.2626486297810415,858,0,105,37,0,0,0,132,infection,857
3.2664378107707113,857,0,106,37,0,0,0,133,infection,192
3.2698401480683335,856,0,107,37,0,0,0,134,infection,25
3.2946110743711765,855,0,108,37,0,0,0,135,infection,893
3.3040092376217016,854,0,109,37,0,0,0,136,infection,880
3.3132448439486426,853,0,110,37,0,0,0,137,infection,631
3.318400927835228,852,0,111,37,0,0,0,138,infection,698
3.334615688906329,851,0,112,37,0,0,0,139,infection,837
3.3371099370215824,850,0,113,37,0,0,0,140,infection,107
3.3383304718002447,849,0,114,37,0,0,0,141,infection,952
3.342981168693351,848,0,115,37,0,0,0,142,infection,721
3.362431394628146,847,0,116,37,0,0,0,143,infection,833
3.3812584338715705,846,0,117,37,0,0,0,144,infection,983
3.384182151108256,845,0,118,37,0,0,0,145,infection,960
3.3860223769789712,844,0,119,37,0,0,0,146,infection,125
3.3878871253646015,844,0,118,38,0,0,0,146,recovery,837
3.389729672998852,843,0,119,38,0,0,0,147,infection,661
3.404531722595113,842,0,120,38,0,0,0,148,infection,235
3.4136750694610027,841,0,121,38,0,0,0,149,infection,745
3.4169333773783785,840,0,122,38,0,0,0,150,infection,194
3.4174881429833257,839,0,123,38,0,0,0,151,infection,715
3.418118697945766,838,0,124,38,0,0,0,152,infection,472
3.420967573300014,837,0,125,38,0,0,0,153,infection,461
3.4258492972759025,836,0,126,38,0,0,0,154,infection,806
3.440234710731063,836,0,125,39,0,0,0,154,recovery,814
3.4452347837300916,836,0,124,40,0,0,0,154,recovery,194
3.448777734389784,835,0,125,40,0,0,0,155,infection,567
3.487317225279518,834,0,126,40,0,0,0,156,infection,428
3.494788806802087,834,0,125,41,0,0,0,156,recovery,211
3.509492004474414,833,0,126,41,0,0,0,157,infection,812
3.51366798921013,832,0,127,41,0,0,0,158,infection,474
3.519725586254728,831,0,128,41,0,0,0,159,infection,18
3.5299703003915783,830,0,129,41,0,0,0,160,infection,518
3.543266117724505,830,0,128,42,0,0,0,160,recovery,302
3.543608895989451,829,0,129,42,0,0,0,161,infection,287
3.5443438987466505,828,0,130,42,0,0,0,162,infection,520
3.54585226720806,827,0,131,42,0,0,0,163,infection,980
3.548358305971924,826,0,132,42,0,0,0,164,infection,587
3.550755105322231,825,0,133,42,0,0,0,165,infection,288
3.5573767640079703,824,0,134,42,0,0,0,166,infection,521
3.562122944545211,823,0,135,42,0,0,0,167,infection,734
3.562194240542443,822,0,136,42,0,0,0,168,infection,171
3.5635304705480904,821,0,137,42,0,0,0,169,infection,884
3.5728635146427585,820,0,138,42,0,0,0,170,infection,755
3.5732244541248246,819,0,139,42,0,0,0,171,infection,28
3.5803902083537653,818,0,140,42,0,0,0,172,infection,796
3.5827947151954427,818,0,139,43,0,0,0,172,recovery,857
3.5828122558589333,818,0,138,44,0,0,0,172,recovery,508
3.5866032531819294,817,0,139,44,0,0,0,173,infection,731
3.591620507009864,816,0,140,44,0,0,0,174,infection,772
3.5967403260757513,815,0,141,44,0,0,0,175,infection,407
3.597397586287623,815,0,140,45,0,0,0,175,recovery,566
3.605179327998235,815,0,139,46,0,0,0,175,recovery,860
3.605523921092354,815,0,138,47,0,0,0,175,recovery,207
3.6061636422175796,814,0,139,47,0,0,0,176,infection,671
3.617218493943657,813,0,140,47,0,0,0,177,infection,542
3.6175800287431064,812,0,141,47,0,0,0,178,infection,504
3.620765188694396,811,0,142,47,0,0,0,179,infection,456
3.6328588844003358,810,0,143,47,0,0,0,180,infection,335
3.635350354663575,809,0,144,47,0,0,0,181,infection,388
3.638236053353242,808,0,145,47,0,0,0,182,infection,88
3.641475984853817,808,0,144,48,0,0,0,182,recovery,79
3.644261131738978,808,0,143,49,0,0,0,182,recovery,319
3.6530718115070218,807,0,144,49,0,0,0,183,infection,454
3.6588437386500963,806,0,145,49,0,0,0,184,infection,534
3.6616050717414503,805,0,146,49,0,0,0,185,infection,291
3.6637613520331564,804,0,147,49,0,0,0,186,infection,310
3.6729611687483703,803,0,148,49,0,0,0,187,infection,317
3.6753054190233976,802,0,149,49,0,0,0,188,infection,982
3.675843007766752,801,0,150,49,0,0,0,189,infection,549
3.684518250972415,800,0,151,49,0,0,0,190,infection,357
3.6867645332677386,799,0,152,49,0,0,0,191,infection,226
3.700472489261587,798,0,153,49,0,0,0,192,infection,161
3.7086205203505838,797,0,154,49,0,0,0,193,infection,802
3.711033457913826,796,0,155,49,0,0,0,194,infection,939
3.712481054578227,795,0,156,49,0,0,0,195,infection,974
3.72620081258365,794,0,157,49,0,0,0,196,infection,367
3.727449725518011,793,0,158,49,0,0,0,197,infection,363
3.731591656671028,793,0,157,50,0,0,0,197,recovery,309
3.7381467092335425,792,0,158,50,0,0,0,198,infection,432
3.752732272892278,792,0,157,51,0,0,0,198,recovery,504
3.7584447220023636,791,0,158,51,0,0,0,199,infection,619
3.7611214333343175,790,0,159,51,0,0,0,200,infection,370
3.762688429526156,789,0,160,51,0,0,0,201,infection,781
3.7688231723186827,788,0,161,51,0,0,0,202,infection,550
3.776613200180967,788,0,160,52,0,0,0,202,recovery,993
3.7797403848403146,787,0,161,52,0,0,0,203,infection,830
3.7799134142838557,787,0,160,53,0,0,0,203,recovery,969
3.78080775377979,787,0,159,54,0,0,0,203,recovery,367
3.7827703042880603,786,0,160,54,0,0,0,204,infection,399
3.805919662700898,786,0,159,55,0,0,0,204,recovery,540
3.807538972573993,785,0,160,55,0,0,0,205,infection,153
3.814826177424442,785,0,159,56,0,0,0,205,recovery,366
3.819974465840439,785,0,158,57,0,0,0,205,recovery,161
3.836523319192718,785,0,157,58,0,0,0,205,recovery,378
3.8453762092104538,784,0,158,58,0,0,0,206,infection,26
3.851070495925951,783,0,159,58,0,0,0,207,infection,296
3.851224023649885,782,0,160,58,0,0,0,208,infection,76
3.854635752575305,781,0,161,58,0,0,0,209,infection,765
3.8547422050214695,780,0,162,58,0,0,0,210,infection,735
3.8584096987438636,780,0,161,59,0,0,0,210,recovery,751
3.865090337045718,779,0,162,59,0,0,0,211,infection,493
3.86968768187877,779,0,161,60,0,0,0,211,recovery,357
3.871987553826392,778,0,162,60,0,0,0,212,infection,30
3.873236726830277,777,0,163,60,0,0,0,213,infection,673
3.875249945066614,776,0,164,60,0,0,0,214,infection,284
3.9037090470764406,776,0,163,61,0,0,0,214,recovery,974
3.9087054460063326,776,0,162,62,0,0,0,214,recovery,671
3.9143149248214235,775,0,163,62,0,0,0,215,infection,31
3.9216786824186376,774,0,164,62,0,0,0,216,infection,665
3.9253630649900377,774,0,163,63,0,0,0,216,recovery,991
3.926045226292144,773,0,164,63,0,0,0,217,infection,686
3.933587780395931,772,0,165,63,0,0,0,218,infection,603
3.9357178749429877,771,0,166,63,0,0,0,219,infection,883
3.939042006191011,771,0,165,64,0,0,0,219,recovery,627
3.9400887933263284,771,0,164,65,0,0,0,219,recovery,245
3.9404148269317996,770,0,165,65,0,0,0,220,infection,63
3.9427718419951017,769,0,166,65,0,0,0,221,infection,583
3.9434909633514756,768,0,167,65,0,0,0,222,infection,925
3.9480316484127025,768,0,166,66,0,0,0,222,recovery,310
3.9600155096177194,768,0,165,67,0,0,0,222,recovery,153
3.960179843634244,768,0,164,68,0,0,0,222,recovery,587
3.962293428717961,767,0,165,68,0,0,0,223,infection,809
3.973236747880901,766,0,166,68,0,0,0,224,infection,119
3.980915355506171,766,0,165,69,0,0,0,224,recovery,518
3.984660392944801,765,0,166,69,0,0,0,225,infection,486
3.987326226774244,764,0,167,69,0,0,0,226,infection,712
3.9913844291453557,763,0,168,69,0,0,0,227,infection,476
3.9978260324455173,762,0,169,69,0,0,0,228,infection,191
4.013996207963415,761,0,170,69,0,0,0,229,infection,401
4.017331864591982,761,0,169,70,0,0,0,229,recovery,136
4.018237804636613,760,0,170,70,0,0,0,230,infection,227
4.019661249877357,759,0,171,70,0,0,0,231,infection,276
4.036841056369906,758,0,172,70,0,0,0,232,infection,441
4.039055575267611,757,0,173,70,0,0,0,233,infection,70
4.040060747871499,757,0,172,71,0,0,0,233,recovery,665
4.041453163474272,756,0,173,71,0,0,0,234,infection,667
4.057231066220114,756,0,172,72,0,0,0,234,recovery,32
4.062725454191593,756,0,171,73,0,0,0,234,recovery,338
4.071264978571194,756,0,170,74,0,0,0,234,recovery,893
4.078153134455627,756,0,169,75,0,0,0,234,recovery,520
4.080176447599227,755,0,170,75,0,0,0,235,infection,221
4.087473761141818,755,0,169,76,0,0,0,235,recovery,980
4.09301498961579,754,0,170,76,0,0,0,236,infection,492
4.100151486895949,754,0,169,77,0,0,0,236,recovery,779
4.101793220974039,754,0,168,78,0,0,0,236,recovery,812
4.101960029034642,753,0,169,78,0,0,0,237,infection,189
4.102176823175137,752,0,170,78,0,0,0,238,infection,300
4.119403422158769,751,0,171,78,0,0,0,239,infection,592
4.120902431402245,750,0,172,78,0,0,0,240,infection,497
4.123353948687489,750,0,171,79,0,0,0,240,recovery,125
4.124201281350717,749,0,172,79,0,0,0,241,infection,546
4.126888101509299,748,0,173,79,0,0,0,242,infection,58
4.137495469930272,747,0,174,79,0,0,0,243,infection,601
4.1416008020522135,747,0,173,80,0,0,0,243,recovery,931
4.1502538803159394,746,0,174,80,0,0,0,244,infection,681
4.155365485947889,745,0,175,80,0,0,0,245,infection,488
4.166647426023374,744,0,176,80,0,0,0,246,infection,594
4.167823673451598,743,0,177,80,0,0,0,247,infection,975
4.17599520553042,742,0,178,80,0,0,0,248,infection,167
4.178784221579156,741,0,179,80,0,0,0,249,infection,255
4.186284207962339,740,0,180,80,0,0,0,250,infection,422
4.187734296944386,740,0,179,81,0,0,0,250,recovery,973
4.1913089421678125,739,0,180,81,0,0,0,251,infection,558
4.191809653493979,738,0,181,81,0,0,0,252,infection,313
4.193701597832073,738,0,180,82,0,0,0,252,recovery,982
4.195580745954412,737,0,181,82,0,0,0,253,infection,517
4.197153351576948,736,0,182,82,0,0,0,254,infection,908
4.202193320203421,736,0,181,83,0,0,0,254,recovery,369
4.207254653075409,735,0,182,83,0,0,0,255,infection,871
4.207935582523682,734,0,183,83,0,0,0,256,infection,706
4.2123694302537045,733,0,184,83,0,0,0,257,infection,811
4.213033824472006,732,0,185,83,0,0,0,258,infection,870
4.23006037288614,731,0,186,83,0,0,0,259,infection,602
4.230581392563745,730,0,187,83,0,0,0,260,infection,118
4.238258764477313,729,0,188,83,0,0,0,261,infection,45
4.2398708584303275,729,0,187,84,0,0,0,261,recovery,539
4.25574303264426,728,0,188,84,0,0,0,262,infection,785
4.258026020254481,727,0,189,84,0,0,0,263,infection,228
4.262401650613371,726,0,190,84,0,0,0,264,infection,182
4.262650007946012,725,0,191,84,0,0,0,265,infection,494
4.2685381813997365,724,0,192,84,0,0,0,266,infection,325
4.28586904079201,723,0,193,84,0,0,0,267,infection,398
4.287338639538922,722,0,194,84,0,0,0,268,infection,223
4.287427982600013,722,0,193,85,0,0,0,268,recovery,486
4.294800067743534,721,0,194,85,0,0,0,269,infection,866
4.295042431101884,721,0,193,86,0,0,0,269,recovery,958
4.321201093724715,720,0,194,86,0,0,0,270,infection,505
4.322561935060868,719,0,195,86,0,0,0,271,infection,487
4.3259344548020335,718,0,196,86,0,0,0,272,infection,722
4.329507059596604,717,0,197,86,0,0,0,273,infection,237
4.332659858393428,716,0,198,86,0,0,0,274,infection,203
4.336947810303902,716,0,197,87,0,0,0,274,recovery,558
4.3410351699748,715,0,198,87,0,0,0,275,infection,959
4.343748373177185,714,0,199,87,0,0,0,276,infection,498
4.353874136146668,713,0,200,87,0,0,0,277,infection,240
4.361730390374007,712,0,201,87,0,0,0,278,infection,945
4.36348272841961,711,0,202,87,0,0,0,279,infection,460
4.363962256827363,711,0,201,88,0,0,0,279,recovery,806
4.365432083930104,710,0,202,88,0,0,0,280,infection,382
4.371620773073394,709,0,203,88,0,0,0,281,infection,787
4.378077180207806,708,0,204,88,0,0,0,282,infection,981
4.388531973810916,708,0,203,89,0,0,0,282,recovery,801
4.388839547822143,708,0,202,90,0,0,0,282,recovery,76
4.394158866043571,707,0,203,90,0,0,0,283,infection,827
4.406702891238979,707,0,202,91,0,0,0,283,recovery,673
4.408394205295089,707,0,201,92,0,0,0,283,recovery,618
4.4142937842029895,706,0,202,92,0,0,0,284,infection,395
4.420213242610232,705,0,203,92,0,0,0,285,infection,795
4.422989038353558,705,0,202,93,0,0,0,285,recovery,908
4.437604123379564,704,0,203,93,0,0,0,286,infection,438
4.439298920450825,703,0,204,93,0,0,0,287,infection,940
4.440345767728414,702,0,205,93,0,0,0,288,infection,402
4.440552682339276,701,0,206,93,0,0,0,289,infection,774
4.4426821181655995,700,0,207,93,0,0,0,290,infection,98
4.4433493800844435,699,0,208,93,0,0,0,291,infection,552
4.445166085317765,698,0,209,93,0,0,0,292,infection,408
4.458371531210815,697,0,210,93,0,0,0,293,infection,129
4.461788333280458,697,0,209,94,0,0,0,293,recovery,925
4.465320783443521,696,0,210,94,0,0,0,294,infection,529
4.469011151340732,695,0,211,94,0,0,0,295,infection,593
4.472548078704784,694,0,212,94,0,0,0,296,infection,515
4.47621711658853,693,0,213,94,0,0,0,297,infection,756
4.500304258672699,692,0,214,94,0,0,0,298,infection,775
4.500852448392069,691,0,215,94,0,0,0,299,infection,52
4.504633555108784,690,0,216,94,0,0,0,300,infection,219
4.507023891806797,690,0,215,95,0,0,0,300,recovery,998
4.508406268280293,689,0,216,95,0,0,0,301,infection,656
4.511614736861012,688,0,217,95,0,0,0,302,infection,479
4.512947939715407,687,0,218,95,0,0,0,303,infection,699
4.522472565652609,686,0,219,95,0,0,0,304,infection,389
4.522721630036735,685,0,220,95,0,0,0,305,infection,40
4.531483235256131,684,0,221,95,0,0,0,306,infection,413
4.532057087707451,683,0,222,95,0,0,0,307,infection,782
4.538345729805696,682,0,223,95,0,0,0,308,infection,33
4.5391530681855095,681,0,224,95,0,0,0,309,infection,233
4.542711933626726,680,0,225,95,0,0,0,310,infection,691
4.54584032941166,679,0,226,95,0,0,0,311,infection,585
4.549073528855815,678,0,227,95,0,0,0,312,infection,106
4.550695215603903,678,0,226,96,0,0,0,312,recovery,291
4.553634612035623,677,0,227,96,0,0,0,313,infection,290
4.5555302273341045,676,0,228,96,0,0,0,314,infection,792
4.571416947470551,675,0,229,96,0,0,0,315,infection,923
4.571940394444255,674,0,230,96,0,0,0,316,infection,269
4.575103467691312,673,0,231,96,0,0,0,317,infection,957
4.578187612529441,672,0,232,96,0,0,0,318,infection,414
4.5811075017478045,671,0,233,96,0,0,0,319,infection,647
4.585270289381078,670,0,234,96,0,0,0,320,infection,163
4.591113236812373,670,0,233,97,0,0,0,320,recovery,994
4.598908193670195,669,0,234,97,0,0,0,321,infection,916
4.606007380247859,668,0,235,97,0,0,0,322,infection,962
4.606530107925185,668,0,234,98,0,0,0,322,recovery,782
4.606763357492698,667,0,235,98,0,0,0,323,infection,790
4.618177979632229,666,0,236,98,0,0,0,324,infection,57
4.6228330726475715,665,0,237,98,0,0,0,325,infection,165
4.63170444586021,664,0,238,98,0,0,0,326,infection,526
4.634602249553282,664,0,237,99,0,0,0,326,recovery,830
4.640851758633153,664,0,236,100,0,0,0,326,recovery,191
4.641720674050019,664,0,235,101,0,0,0,326,recovery,227
4.645734202852217,663,0,236,101,0,0,0,327,infection,397
4.655896222891991,662,0,237,101,0,0,0,328,infection,7
4.656582530213941,661,0,238,101,0,0,0,329,infection,596
4.65884306961529,660,0,239,101,0,0,0,330,infection,677
4.663212513527319,659,0,240,101,0,0,0,331,infection,113
4.6678614995438,658,0,241,101,0,0,0,332,infection,437
4.66982302171728,658,0,240,102,0,0,0,332,recovery,288
4.671041353911577,657,0,241,102,0,0,0,333,infection,815
4.673309351517763,657,0,240,103,0,0,0,333,recovery,54
4.676738170576275,656,0,241,103,0,0,0,334,infection,581
4.677428778225439,656,0,240,104,0,0,0,334,recovery,223
4.679596501755294,655,0,241,104,0,0,0,335,infection,970
4.679604137108863,655,0,240,105,0,0,0,335,recovery,619
4.681509179745025,654,0,241,105,0,0,0,336,infection,672
4.693703852572417,654,0,240,106,0,0,0,336,recovery,129
4.694400731939332,653,0,241,106,0,0,0,337,infection,689
4.69513762154666,653,0,240,107,0,0,0,337,recovery,460
4.700653511275021,653,0,239,108,0,0,0,337,recovery,714
4.712738960155034,652,0,240,108,0,0,0,338,infection,307
4.716503859842419,652,0,239,109,0,0,0,338,recovery,88
4.721837868845073,652,0,238,110,0,0,0,338,recovery,47
4.723804431388008,651,0,239,110,0,0,0,339,infection,429
4.7249323759083355,650,0,240,110,0,0,0,340,infection,297
4.730846357979595,649,0,241,110,0,0,0,341,infection,97
4.733250279542847,648,0,242,110,0,0,0,342,infection,229
4.738694460133451,648,0,241,111,0,0,0,342,recovery,901
4.742680413577632,647,0,242,111,0,0,0,343,infection,265
4.74497280281822,647,0,241,112,0,0,0,343,recovery,983
4.745672755158767,647,0,240,113,0,0,0,343,recovery,499
4.74683011116367,646,0,241,113,0,0,0,344,infection,895
4.747338690373029,645,0,242,113,0,0,0,345,infection,77
4.752287271624982,644,0,243,113,0,0,0,346,infection,907
4.757820681234819,643,0,244,113,0,0,0,347,infection,888
4.758538776167155,642,0,245,113,0,0,0,348,infection,658
4.764428293279428,641,0,246,113,0,0,0,349,infection,222
4.779247239207098,640,0,247,113,0,0,0,350,infection,187
4.78065245493702,639,0,248,113,0,0,0,351,infection,133
4.785410198302269,638,0,249,113,0,0,0,352,infection,281
4.790803926806805,637,0,250,113,0,0,0,353,infection,750
4.794680071307905,636,0,251,113,0,0,0,354,infection,696
4.8028075665869,636,0,250,114,0,0,0,354,recovery,515
4.803692761098976,635,0,251,114,0,0,0,355,infection,115
4.808255318309394,634,0,252,114,0,0,0,356,infection,159
4.808603610458716,633,0,253,114,0,0,0,357,infection,34
4.808718028952621,632,0,254,114,0,0,0,358,infection,169
4.837375716980757,631,0,255,114,0,0,0,359,infection,64
4.8409490472348,630,0,256,114,0,0,0,360,infection,314
4.842158782189329,629,0,257,114,0,0,0,361,infection,278
4.847871936959362,629,0,256,115,0,0,0,361,recovery,474
4.850600100682173,628,0,257,115,0,0,0,362,infection,688
4.859476348234394,627,0,258,115,0,0,0,363,infection,659
4.871950766136785,626,0,259,115,0,0,0,364,infection,640
4.874972878065997,626,0,258,116,0,0,0,364,recovery,736
4.877040320569154,625,0,259,116,0,0,0,365,infection,856
4.878012963831424,625,0,258,117,0,0,0,365,recovery,159
4.878388143009523,625,0,257,118,0,0,0,365,recovery,332
4.881199106967379,625,0,256,119,0,0,0,365,recovery,659
4.883343312073609,624,0,257,119,0,0,0,366,infection,571
4.887782425928594,623,0,258,119,0,0,0,367,infection,151
4.896619143380066,622,0,259,119,0,0,0,368,infection,844
4.897691306174155,621,0,260,119,0,0,0,369,infection,445
4.900196508675904,620,0,261,119,0,0,0,370,infection,965
4.903112191855415,619,0,262,119,0,0,0,371,infection,886
4.905107846743856,618,0,263,119,0,0,0,372,infection,355
4.919510804006128,617,0,264,119,0,0,0,373,infection,139
4.924769682919486,617,0,263,120,0,0,0,373,recovery,740
4.927333990844552,616,0,264,120,0,0,0,374,infection,360
4.929640555656218,615,0,265,120,0,0,0,375,infection,250
4.9366532355235915,614,0,266,120,0,0,0,376,infection,892
4.938433660139556,614,0,265,121,0,0,0,376,recovery,585
4.946272063646384,613,0,266,121,0,0,0,377,infection,483
4.9475106041188495,612,0,267,121,0,0,0,378,infection,719
4.952102358287713,612,0,266,122,0,0,0,378,recovery,281
4.963757726172836,611,0,267,122,0,0,0,379,infection,272
4.970535400457079,610,0,268,122,0,0,0,380,infection,100
4.986480792656625,609,0,269,122,0,0,0,381,infection,694
4.990195870493266,608,0,270,122,0,0,0,382,infection,29
4.995726607807383,607,0,271,122,0,0,0,383,infection,651
4.99874165750358,606,0,272,122,0,0,0,384,infection,495
5.006439890844527,605,0,273,122,0,0,0,385,infection,155
5.008419579067201,605,0,272,123,0,0,0,385,recovery,731
5.011633788546019,604,0,273,123,0,0,0,386,infection,555
5.01189683635629,603,0,274,123,0,0,0,387,infection,941
5.013701938891508,603,0,273,124,0,0,0,387,recovery,189
5.0139820675220745,602,0,274,124,0,0,0,388,infection,442
5.018914574142641,602,0,273,125,0,0,0,388,recovery,397
5.026461590130255,601,0,274,125,0,0,0,389,infection,711
5.026492845049455,601,0,273,126,0,0,0,389,recovery,883
5.026781960341083,600,0,274,126,0,0,0,390,infection,453
5.028248112975058,599,0,275,126,0,0,0,391,infection,430
5.032445988594762,598,0,276,126,0,0,0,392,infection,12
5.034791768327368,597,0,277,126,0,0,0,393,infection,17
5.050461460480989,597,0,276,127,0,0,0,393,recovery,691
5.0508162766983995,597,0,275,128,0,0,0,393,recovery,494
5.05427727079257,596,0,276,128,0,0,0,394,infection,824
5.055847121088019,595,0,277,128,0,0,0,395,infection,763
5.058160529767008,594,0,278,128,0,0,0,396,infection,104
5.063134226157802,593,0,279,128,0,0,0,397,infection,531
5.064599525382549,592,0,280,128,0,0,0,398,infection,234
5.064728748982486,592,0,279,129,0,0,0,398,recovery,107
5.072067509083238,592,0,278,130,0,0,0,398,recovery,970
5.080570864238356,592,0,277,131,0,0,0,398,recovery,920
5.083005940666136,591,0,278,131,0,0,0,399,infection,869
5.083058409558077,591,0,277,132,0,0,0,399,recovery,667
5.089946360546968,590,0,278,132,0,0,0,400,infection,933
5.098137054534333,590,0,277,133,0,0,0,400,recovery,407
5.099958955538023,589,0,278,133,0,0,0,401,infection,757
5.101273644971523,589,0,277,134,0,0,0,401,recovery,593
5.102252140329957,589,0,276,135,0,0,0,401,recovery,877
5.1023727059409305,588,0,277,135,0,0,0,402,infection,501
5.102472846282167,588,0,276,136,0,0,0,402,recovery,531
5.115216987316234,587,0,277,136,0,0,0,403,infection,680
5.1172590181117865,586,0,278,136,0,0,0,404,infection,256
5.121152843566406,585,0,279,136,0,0,0,405,infection,749
5.124864745504672,584,0,280,136,0,0,0,406,infection,387
5.126873137420671,584,0,279,137,0,0,0,406,recovery,1000
5.13597603605971,583,0,280,137,0,0,0,407,infection,248
5.1426744032290665,583,0,279,138,0,0,0,407,recovery,549
5.146839852161953,582,0,280,138,0,0,0,408,infection,670
5.147740149626727,581,0,281,138,0,0,0,409,infection,885
5.153009993506092,580,0,282,138,0,0,0,410,infection,143
5.153721657674296,579,0,283,138,0,0,0,411,infection,813
5.156005853870709,578,0,284,138,0,0,0,412,infection,336
5.158987933978918,577,0,285,138,0,0,0,413,infection,50
5.166032246437462,576,0,286,138,0,0,0,414,infection,950
5.166297398631142,575,0,287,138,0,0,0,415,infection,406
5.177608630872054,574,0,288,138,0,0,0,416,infection,198
5.191353783525493,573,0,289,138,0,0,0,417,infection,16
5.194661159866286,572,0,290,138,0,0,0,418,infection,606
5.20421037749357,571,0,291,138,0,0,0,419,infection,377
5.206224017923813,571,0,290,139,0,0,0,419,recovery,916
5.206875237780089,570,0,291,139,0,0,0,420,infection,444
5.213681677923887,570,0,290,140,0,0,0,420,recovery,546
5.214107886211139,569,0,291,140,0,0,0,421,infection,642
5.229392452654914,568,0,292,140,0,0,0,422,infection,545
5.236446605375189,567,0,293,140,0,0,0,423,infection,956
5.241452908287256,566,0,294,140,0,0,0,424,infection,720
5.243451971509853,566,0,293,141,0,0,0,424,recovery,429
5.244937619518603,566,0,292,142,0,0,0,424,recovery,937
5.248913173773618,565,0,293,142,0,0,0,425,infection,548
5.250406707924801,564,0,294,142,0,0,0,426,infection,922
5.250628674299374,564,0,293,143,0,0,0,426,recovery,487
5.2549523485817815,563,0,294,143,0,0,0,427,infection,311
5.259019748199022,562,0,295,143,0,0,0,428,infection,695
5.261924722911633,562,0,294,144,0,0,0,428,recovery,680
5.2634185705697325,562,0,293,145,0,0,0,428,recovery,909
5.268563140880451,561,0,294,145,0,0,0,429,infection,951
5.269557961070871,560,0,295,145,0,0,0,430,infection,373
5.279968678895797,560,0,294,146,0,0,0,430,recovery,771
5.2799978635294,559,0,295,146,0,0,0,431,infection,418
5.28417778936713,559,0,294,147,0,0,0,431,recovery,757
5.285098686770217,558,0,295,147,0,0,0,432,infection,598
5.288680316570864,557,0,296,147,0,0,0,433,infection,260
5.288849767487557,556,0,297,147,0,0,0,434,infection,390
5.297708790803588,556,0,296,148,0,0,0,434,recovery,97
5.3008859829992785,555,0,297,148,0,0,0,435,infection,116
5.301514643654894,555,0,296,149,0,0,0,435,recovery,238
5.305135968816611,554,0,297,149,0,0,0,436,infection,702
5.305148378174478,554,0,296,150,0,0,0,436,recovery,219
5.311522911773141,554,0,295,151,0,0,0,436,recovery,171
5.31323545346457,553,0,296,151,0,0,0,437,infection,130
5.319381437244402,552,0,297,151,0,0,0,438,infection,412
5.322455966220746,551,0,298,151,0,0,0,439,infection,6
5.329843479023097,550,0,299,151,0,0,0,440,infection,849
5.329941023501656,549,0,300,151,0,0,0,441,infection,636
5.331204231096687,549,0,299,152,0,0,0,441,recovery,656
5.331242949621365,548,0,300,152,0,0,0,442,infection,434
5.33130288105611,547,0,301,152,0,0,0,443,infection,140
5.3383731221974,546,0,302,152,0,0,0,444,infection,108
5.341769530165969,545,0,303,152,0,0,0,445,infection,396
5.34779713549721,545,0,302,153,0,0,0,445,recovery,399
5.348063370845267,544,0,303,153,0,0,0,446,infection,213
5.3554145697595175,543,0,304,153,0,0,0,447,infection,961
5.367632287304203,542,0,305,153,0,0,0,448,infection,218
5.367853458274618,542,0,304,154,0,0,0,448,recovery,880
5.373229240921286,541,0,305,154,0,0,0,449,infection,181
5.380749605947281,540,0,306,154,0,0,0,450,infection,73
5.3886775342789255,539,0,307,154,0,0,0,451,infection,176
5.393766747438034,538,0,308,154,0,0,0,452,infection,733
5.395075266960022,538,0,307,155,0,0,0,452,recovery,307
5.412368560998506,537,0,308,155,0,0,0,453,infection,447
5.413296302697798,537,0,307,156,0,0,0,453,recovery,116
5.425760567320811,536,0,308,156,0,0,0,454,infection,682
5.427701839394308,535,0,309,156,0,0,0,455,infection,202
5.43424868568624,534,0,310,156,0,0,0,456,infection,349
5.437321952650975,533,0,311,156,0,0,0,457,infection,321
5.437418434004113,532,0,312,156,0,0,0,458,infection,425
5.438151526040942,531,0,313,156,0,0,0,459,infection,144
5.438401729874115,530,0,314,156,0,0,0,460,infection,156
5.439581646883316,529,0,315,156,0,0,0,461,infection,859
5.440582641257182,529,0,314,157,0,0,0,461,recovery,169
5.446252679881566,528,0,315,157,0,0,0,462,infection,608
5.45063787047873,528,0,314,158,0,0,0,462,recovery,133
5.452371436602736,527,0,315,158,0,0,0,463,infection,879
5.45595399204651,526,0,316,158,0,0,0,464,infection,329
5.468636930856219,526,0,315,159,0,0,0,464,recovery,301
5.473225073498923,525,0,316,159,0,0,0,465,infection,273
5.476859896738235,524,0,317,159,0,0,0,466,infection,664
5.48189315720872,524,0,316,160,0,0,0,466,recovery,405
5.483635112902796,523,0,317,160,0,0,0,467,infection,324
5.485080527064967,522,0,318,160,0,0,0,468,infection,330
5.48582672990566,521,0,319,160,0,0,0,469,infection,308
5.489057607178027,521,0,318,161,0,0,0,469,recovery,12
5.492041832972247,520,0,319,161,0,0,0,470,infection,112
5.492895002003644,519,0,320,161,0,0,0,471,infection,881
5.49553830025508,518,0,321,161,0,0,0,472,infection,684
5.496382443445912,517,0,322,161,0,0,0,473,infection,67
5.5009286696007305,516,0,323,161,0,0,0,474,infection,620
5.50170958511729,515,0,324,161,0,0,0,475,infection,320
5.510479084073033,515,0,323,162,0,0,0,475,recovery,694
5.511595577943262,514,0,324,162,0,0,0,476,infection,845
5.526163014978554,514,0,323,163,0,0,0,476,recovery,696
5.529765040980076,513,0,324,163,0,0,0,477,infection,724
5.534567919486443,512,0,325,163,0,0,0,478,infection,384
5.537575365255343,511,0,326,163,0,0,0,479,infection,386
5.54040346252993,511,0,325,164,0,0,0,479,recovery,16
5.54104443272318,510,0,326,164,0,0,0,480,infection,839
5.5418421786497545,510,0,325,165,0,0,0,480,recovery,957
5.552180533389204,509,0,326,165,0,0,0,481,infection,919
5.553199974956412,508,0,327,165,0,0,0,482,infection,500
5.555364339817553,507,0,328,165,0,0,0,483,infection,225
5.555667949530512,506,0,329,165,0,0,0,484,infection,400
5.558130319012027,505,0,330,165,0,0,0,485,infection,753
5.559199891129703,504,0,331,165,0,0,0,486,infection,791
5.560599599986339,503,0,332,165,0,0,0,487,infection,451
5.56168593710187,502,0,333,165,0,0,0,488,infection,49
5.569963648624915,502,0,332,166,0,0,0,488,recovery,523
5.5731058472115365,501,0,333,166,0,0,0,489,infection,134
5.573865061751499,500,0,334,166,0,0,0,490,infection,166
5.575577795372096,500,0,333,167,0,0,0,490,recovery,952
5.575699124855522,499,0,334,167,0,0,0,491,infection,645
5.584181808863993,498,0,335,167,0,0,0,492,infection,38
5.593682585166109,497,0,336,167,0,0,0,493,infection,409
5.6058087376643355,496,0,337,167,0,0,0,494,infection,475
5.607097862860632,496,0,336,168,0,0,0,494,recovery,269
5.608280467585252,495,0,337,168,0,0,0,495,infection,554
5.611020421599735,494,0,338,168,0,0,0,496,infection,44
5.613470153679731,493,0,339,168,0,0,0,497,infection,582
5.614976513714511,492,0,340,168,0,0,0,498,infection,274
5.616505008432774,491,0,341,168,0,0,0,499,infection,154
5.618195079148581,490,0,342,168,0,0,0,500,infection,35
5.623109711896193,489,0,343,168,0,0,0,501,infection,231
5.629400144074541,489,0,342,169,0,0,0,501,recovery,320
5.631104298596913,489,0,341,170,0,0,0,501,recovery,756
5.63938554245429,488,0,342,170,0,0,0,502,infection,39
5.640954931617405,488,0,341,171,0,0,0,502,recovery,25
5.641372286100782,487,0,342,171,0,0,0,503,infection,543
5.6427103772454394,487,0,341,172,0,0,0,503,recovery,690
5.648543703511704,487,0,340,173,0,0,0,503,recovery,658
5.650601682236088,486,0,341,173,0,0,0,504,infection,359
5.652188456630684,485,0,342,173,0,0,0,505,infection,805
5.653534611268718,484,0,343,173,0,0,0,506,infection,251
5.655066289931827,483,0,344,173,0,0,0,507,infection,485
5.656117424275838,482,0,345,173,0,0,0,508,infection,299
5.660723112519571,481,0,346,173,0,0,0,509,infection,570
5.667345384424955,480,0,347,173,0,0,0,510,infection,249
5.675100670995481,479,0,348,173,0,0,0,511,infection,254
5.679977532452615,479,0,347,174,0,0,0,511,recovery,992
5.683798110306064,479,0,346,175,0,0,0,511,recovery,686
5.686408716505166,479,0,345,176,0,0,0,511,recovery,187
5.688283360390997,479,0,344,177,0,0,0,511,recovery,26
5.691577401064919,479,0,343,178,0,0,0,511,recovery,297
5.69844305589675,478,0,344,178,0,0,0,512,infection,660
5.698515877390131,477,0,345,178,0,0,0,513,infection,334
5.707478746299051,476,0,346,178,0,0,0,514,infection,380
5.718841471847734,475,0,347,178,0,0,0,515,infection,577
5.7194846448429955,474,0,348,178,0,0,0,516,infection,565
5.719963495287829,473,0,349,178,0,0,0,517,infection,208
5.741783163584899,472,0,350,178,0,0,0,518,infection,21
5.747245873460131,471,0,351,178,0,0,0,519,infection,157
5.747465225782174,470,0,352,178,0,0,0,520,infection,654
5.752831879200297,470,0,351,179,0,0,0,520,recovery,922
5.754271460641277,470,0,350,180,0,0,0,520,recovery,711
5.760936187121427,470,0,349,181,0,0,0,520,recovery,113
5.761912626503684,469,0,350,181,0,0,0,521,infection,74
5.761982281911419,468,0,351,181,0,0,0,522,infection,841
5.763804617254179,467,0,352,181,0,0,0,523,infection,345
5.765543769595247,466,0,353,181,0,0,0,524,infection,858
5.768247730690302,465,0,354,181,0,0,0,525,infection,352
5.77064699499538,464,0,355,181,0,0,0,526,infection,657
5.773475469687795,463,0,356,181,0,0,0,527,infection,152
5.776318148018469,462,0,357,181,0,0,0,528,infection,304
5.781686622237655,461,0,358,181,0,0,0,529,infection,649
5.783612821068976,460,0,359,181,0,0,0,530,infection,89
5.79022025159166,459,0,360,181,0,0,0,531,infection,819
5.79393381273606,458,0,361,181,0,0,0,532,infection,351
5.794461315203653,457,0,362,181,0,0,0,533,infection,955
5.803230262365065,456,0,363,181,0,0,0,534,infection,643
5.808231536533022,456,0,362,182,0,0,0,534,recovery,30
5.809655928848371,455,0,363,182,0,0,0,535,infection,239
5.813371308477222,455,0,362,183,0,0,0,535,recovery,255
5.818113219516672,455,0,361,184,0,0,0,535,recovery,256
5.821313354459476,454,0,362,184,0,0,0,536,infection,963
5.8246836957491945,454,0,361,185,0,0,0,536,recovery,636
5.829758335436764,453,0,362,185,0,0,0,537,infection,848
5.831066861589041,453,0,361,186,0,0,0,537,recovery,384
5.8375023660871825,452,0,362,186,0,0,0,538,infection,149
5.838614741189403,451,0,363,186,0,0,0,539,infection,75
5.842038413434775,451,0,362,187,0,0,0,539,recovery,706
5.842468282948794,450,0,363,187,0,0,0,540,infection,42
5.850717205260907,449,0,364,187,0,0,0,541,infection,986
5.852365074957628,448,0,365,187,0,0,0,542,infection,561
5.85656185284618,447,0,366,187,0,0,0,543,infection,828
5.858513720599448,446,0,367,187,0,0,0,544,infection,212
5.861184465179158,445,0,368,187,0,0,0,545,infection,832
5.861253568981954,444,0,369,187,0,0,0,546,infection,509
5.863748568060182,443,0,370,187,0,0,0,547,infection,469
5.866367536199588,442,0,371,187,0,0,0,548,infection,915
5.871650751234904,442,0,370,188,0,0,0,548,recovery,681
5.877816813082468,442,0,369,189,0,0,0,548,recovery,498
5.8949825034720655,441,0,370,189,0,0,0,549,infection,754
5.8967548523581215,440,0,371,189,0,0,0,550,infection,87
5.901442768484031,439,0,372,189,0,0,0,551,infection,450
5.918077138607433,438,0,373,189,0,0,0,552,infection,946
5.919377132852863,437,0,374,189,0,0,0,553,infection,635
5.926686382819121,436,0,375,189,0,0,0,554,infection,280
5.933806705316349,436,0,374,190,0,0,0,554,recovery,74
5.934372427344103,436,0,373,191,0,0,0,554,recovery,202
5.934960852707445,435,0,374,191,0,0,0,555,infection,744
5.949798880308215,434,0,375,191,0,0,0,556,infection,786
5.9517710648063336,433,0,376,191,0,0,0,557,infection,609
5.952296553068688,432,0,377,191,0,0,0,558,infection,150
5.95350264744452,431,0,378,191,0,0,0,559,infection,341
5.954088480993734,430,0,379,191,0,0,0,560,infection,511
5.957273037370266,429,0,380,191,0,0,0,561,infection,168
5.961700512298916,428,0,381,191,0,0,0,562,infection,424
5.963679185004752,428,0,380,192,0,0,0,562,recovery,432
5.96645607161967,427,0,381,192,0,0,0,563,infection,36
5.967219955843884,427,0,380,193,0,0,0,563,recovery,682
5.970269791099635,426,0,381,193,0,0,0,564,infection,103
5.972155425745793,426,0,380,194,0,0,0,564,recovery,596
5.991598576230717,425,0,381,194,0,0,0,565,infection,23
5.994069691344178,424,0,382,194,0,0,0,566,infection,160
5.994866124175687,423,0,383,194,0,0,0,567,infection,46
5.9949714070604925,422,0,384,194,0,0,0,568,infection,502
5.995424706719309,421,0,385,194,0,0,0,569,infection,850
5.996033706923985,421,0,384,195,0,0,0,569,recovery,386
6.006077387285842,421,0,383,196,0,0,0,569,recovery,425
6.006464622437222,421,0,382,197,0,0,0,569,recovery,749
6.007966798271742,420,0,383,197,0,0,0,570,infection,246
6.009582906215039,419,0,384,197,0,0,0,571,infection,283
6.011451571264284,418,0,385,197,0,0,0,572,infection,491
6.018031255220622,417,0,386,197,0,0,0,573,infection,292
6.024164661422315,416,0,387,197,0,0,0,574,infection,730
6.0299671230008,416,0,386,198,0,0,0,574,recovery,446
6.031495645923233,416,0,385,199,0,0,0,574,recovery,254
6.033530239735728,415,0,386,199,0,0,0,575,infection,897
6.037041804180207,414,0,387,199,0,0,0,576,infection,835
6.045649111359498,413,0,388,199,0,0,0,577,infection,600
6.050963550463647,412,0,389,199,0,0,0,578,infection,326
6.056109634171259,411,0,390,199,0,0,0,579,infection,728
6.062722491933264,410,0,391,199,0,0,0,580,infection,179
6.0649456084301105,410,0,390,200,0,0,0,580,recovery,813
6.077985960127795,410,0,389,201,0,0,0,580,recovery,688
6.0837185186712075,409,0,390,201,0,0,0,581,infection,616
6.088600678781952,409,0,389,202,0,0,0,581,recovery,274
6.09288466086546,409,0,388,203,0,0,0,581,recovery,702
6.09524475710255,409,0,387,204,0,0,0,581,recovery,424
6.1008238568034985,408,0,388,204,0,0,0,582,infection,82
6.103701593182614,407,0,389,204,0,0,0,583,infection,803
6.103780815721215,407,0,388,205,0,0,0,583,recovery,396
6.110263529684204,407,0,387,206,0,0,0,583,recovery,450
6.111977016138452,407,0,386,207,0,0,0,583,recovery,730
6.11295726901155,406,0,387,207,0,0,0,584,infection,527
6.117780144471501,405,0,388,207,0,0,0,585,infection,773
6.120625781134496,404,0,389,207,0,0,0,586,infection,726
6.130931198567071,404,0,388,208,0,0,0,586,recovery,299
6.133460810765173,403,0,389,208,0,0,0,587,infection,48
6.135647349231769,403,0,388,209,0,0,0,587,recovery,724
6.1375440324484964,402,0,389,209,0,0,0,588,infection,216
6.139268589124534,402,0,388,210,0,0,0,588,recovery,933
6.139825067808148,401,0,389,210,0,0,0,589,infection,611
6.140669133863449,400,0,390,210,0,0,0,590,infection,820
6.143517040680639,400,0,389,211,0,0,0,590,recovery,911
6.146552204473711,399,0,390,211,0,0,0,591,infection,853
6.154676544395451,398,0,391,211,0,0,0,592,infection,362
6.155505989785034,398,0,390,212,0,0,0,592,recovery,408
6.1614970710315164,398,0,389,213,0,0,0,592,recovery,329
6.163144188138399,397,0,390,213,0,0,0,593,infection,142
6.1657426438493514,396,0,391,213,0,0,0,594,infection,356
6.165885887012142,395,0,392,213,0,0,0,595,infection,632
6.170910547905087,394,0,393,213,0,0,0,596,infection,710
6.172513773892856,393,0,394,213,0,0,0,597,infection,590
6.174364973325529,393,0,393,214,0,0,0,597,recovery,87
6.174517443918177,393,0,392,215,0,0,0,597,recovery,899
6.180437512039061,392,0,393,215,0,0,0,598,infection,713
6.184972061430955,391,0,394,215,0,0,0,599,infection,648
6.185119819384963,390,0,395,215,0,0,0,600,infection,697
6.195390510811629,389,0,396,215,0,0,0,601,infection,286
6.1974297438422425,389,0,395,216,0,0,0,601,recovery,488
6.202081908112022,388,0,396,216,0,0,0,602,infection,141
6.204587343380707,388,0,395,217,0,0,0,602,recovery,888
6.206438221731158,387,0,396,217,0,0,0,603,infection,700
6.206706445137767,386,0,397,217,0,0,0,604,infection,1
6.206845778493599,385,0,398,217,0,0,0,605,infection,110
6.207531046930288,384,0,399,217,0,0,0,606,infection,162
6.2164567328391325,383,0,400,217,0,0,0,607,infection,641
6.218605437774283,383,0,399,218,0,0,0,607,recovery,40
6.221064991009464,383,0,398,219,0,0,0,607,recovery,879
6.221775306004281,382,0,399,219,0,0,0,608,infection,584
6.222279794057042,381,0,400,219,0,0,0,609,infection,569
6.22703680401434,380,0,401,219,0,0,0,610,infection,769
6.228196351586732,379,0,402,219,0,0,0,611,infection,537
6.23191311215566,378,0,403,219,0,0,0,612,infection,551
6.232774832145935,377,0,404,219,0,0,0,613,infection,56
6.232955546655375,376,0,405,219,0,0,0,614,infection,209
6.234355670858626,375,0,406,219,0,0,0,615,infection,224
6.235974911930573,374,0,407,219,0,0,0,616,infection,480
6.24285883887277,373,0,408,219,0,0,0,617,infection,80
6.248389957119623,372,0,409,219,0,0,0,618,infection,652
6.251747831520372,371,0,410,219,0,0,0,619,infection,943
6.254051444062478,370,0,411,219,0,0,0,620,infection,423
6.254116311521812,370,0,410,220,0,0,0,620,recovery,959
6.259761906520218,369,0,411,220,0,0,0,621,infection,528
6.264786839443143,368,0,412,220,0,0,0,622,infection,789
6.265696014982047,367,0,413,220,0,0,0,623,infection,214
6.2725891891933445,366,0,414,220,0,0,0,624,infection,873
6.274578266215089,366,0,413,221,0,0,0,624,recovery,845
6.283173627939375,365,0,414,221,0,0,0,625,infection,708
6.287809620591874,364,0,415,221,0,0,0,626,infection,473
6.288169034822299,364,0,414,222,0,0,0,626,recovery,430
6.299204456409483,364,0,413,223,0,0,0,626,recovery,853
6.304119774211226,363,0,414,223,0,0,0,627,infection,758
6.307053653768063,362,0,415,223,0,0,0,628,infection,729
6.3243491613719325,362,0,414,224,0,0,0,628,recovery,892
6.328522061388734,362,0,413,225,0,0,0,628,recovery,112
6.3298160613052,362,0,412,226,0,0,0,628,recovery,554
6.330753336549766,362,0,411,227,0,0,0,628,recovery,176
6.332666062211885,362,0,410,228,0,0,0,628,recovery,722
6.3339518528164165,362,0,409,229,0,0,0,628,recovery,758
6.343566734233232,362,0,408,230,0,0,0,628,recovery,534
6.344567551490332,362,0,407,231,0,0,0,628,recovery,917
6.34459741872378,362,0,406,232,0,0,0,628,recovery,313
6.345171150392748,362,0,405,233,0,0,0,628,recovery,986
6.3488598812483605,361,0,406,233,0,0,0,629,infection,904
6.3560561855440145,361,0,405,234,0,0,0,629,recovery,904
6.358525156911817,360,0,406,234,0,0,0,630,infection,69
6.358610922876059,360,0,405,235,0,0,0,630,recovery,601
6.362013861157881,360,0,404,236,0,0,0,630,recovery,273
6.367786179210474,359,0,405,236,0,0,0,631,infection,66
6.367858302090138,359,0,404,237,0,0,0,631,recovery,535
6.37388153897942,359,0,403,238,0,0,0,631,recovery,930
6.377363713474432,358,0,404,238,0,0,0,632,infection,553
6.379153505434352,358,0,403,239,0,0,0,632,recovery,987
6.380955511765798,358,0,402,240,0,0,0,632,recovery,582
6.386441185417491,357,0,403,240,0,0,0,633,infection,556
6.388770363673232,357,0,402,241,0,0,0,633,recovery,226
6.391853766893,356,0,403,241,0,0,0,634,infection,985
6.394089480471038,355,0,404,241,0,0,0,635,infection,124
6.404282113043954,354,0,405,241,0,0,0,636,infection,586
6.405104184508722,353,0,406,241,0,0,0,637,infection,482
6.411543842599852,353,0,405,242,0,0,0,637,recovery,380
6.41288876151212,353,0,404,243,0,0,0,637,recovery,303
6.414268729628276,353,0,403,244,0,0,0,637,recovery,542
6.4200705890600105,352,0,404,244,0,0,0,638,infection,794
6.424867351015245,352,0,403,245,0,0,0,638,recovery,479
6.429143378191148,352,0,402,246,0,0,0,638,recovery,472
6.4307784637481555,351,0,403,246,0,0,0,639,infection,372
6.434942199017228,350,0,404,246,0,0,0,640,infection,295
6.437570577769682,350,0,403,247,0,0,0,640,recovery,781
6.4450089263321555,349,0,404,247,0,0,0,641,infection,742
6.447045578455564,349,0,403,248,0,0,0,641,recovery,581
6.447860185875679,348,0,404,248,0,0,0,642,infection,926
6.453981467014847,348,0,403,249,0,0,0,642,recovery,497
6.465620439232743,348,0,402,250,0,0,0,642,recovery,70
6.467391888632223,347,0,403,250,0,0,0,643,infection,741
6.469511457442837,346,0,404,250,0,0,0,644,infection,81
6.469942174513226,345,0,405,250,0,0,0,645,infection,847
6.472331214925251,345,0,404,251,0,0,0,645,recovery,165
6.47274173647461,345,0,403,252,0,0,0,645,recovery,997
6.4791695409489884,344,0,404,252,0,0,0,646,infection,24
6.482237052353445,344,0,403,253,0,0,0,646,recovery,476
6.482831290195145,343,0,404,253,0,0,0,647,infection,83
6.483652606500507,343,0,403,254,0,0,0,647,recovery,387
6.498803174196142,342,0,404,254,0,0,0,648,infection,489
6.50479874534846,341,0,405,254,0,0,0,649,infection,788
6.506145297117221,340,0,406,254,0,0,0,650,infection,464
6.507401837208129,339,0,407,254,0,0,0,651,infection,271
6.507746630822799,338,0,408,254,0,0,0,652,infection,348
6.513919933699598,337,0,409,254,0,0,0,653,infection,878
6.521295836414248,336,0,410,254,0,0,0,654,infection,855
6.522493544380794,336,0,409,255,0,0,0,654,recovery,602
6.523463486344633,335,0,410,255,0,0,0,655,infection,914
6.531654571491445,334,0,411,255,0,0,0,656,infection,666
6.53219691401826,333,0,412,255,0,0,0,657,infection,568
6.5336318846060415,333,0,411,256,0,0,0,657,recovery,280
6.5353805142078,333,0,410,257,0,0,0,657,recovery,640
6.5411083143920035,333,0,409,258,0,0,0,657,recovery,598
6.541989562839486,333,0,408,259,0,0,0,657,recovery,33
6.54373399581516,332,0,409,259,0,0,0,658,infection,462
6.5463688069508255,332,0,408,260,0,0,0,658,recovery,451
6.548085997274271,332,0,407,261,0,0,0,658,recovery,735
6.568002688864765,331,0,408,261,0,0,0,659,infection,121
6.569630743797845,330,0,409,261,0,0,0,660,infection,201
6.574364484203638,329,0,410,261,0,0,0,661,infection,259
6.574943267533449,329,0,409,262,0,0,0,661,recovery,726
6.575086080534614,328,0,410,262,0,0,0,662,infection,976
6.581837456050648,327,0,411,262,0,0,0,663,infection,247
6.583960951826618,327,0,410,263,0,0,0,663,recovery,489
6.584876823299121,326,0,411,263,0,0,0,664,infection,22
6.601277120332767,325,0,412,263,0,0,0,665,infection,678
6.606577724223788,324,0,413,263,0,0,0,666,infection,507
6.610078596916049,323,0,414,263,0,0,0,667,infection,242
6.610277121147638,322,0,415,263,0,0,0,668,infection,572
6.612296154526987,321,0,416,263,0,0,0,669,infection,557
6.618831363713399,320,0,417,263,0,0,0,670,infection,3
6.630357617741008,319,0,418,263,0,0,0,671,infection,10
6.635703240861117,319,0,417,264,0,0,0,671,recovery,594
6.640219180273935,319,0,416,265,0,0,0,671,recovery,477
6.643734366666795,319,0,415,266,0,0,0,671,recovery,962
6.649111481403374,319,0,414,267,0,0,0,671,recovery,445
6.654904743013479,318,0,415,267,0,0,0,672,infection,575
6.661741038262645,317,0,416,267,0,0,0,673,infection,875
6.672774236122947,316,0,417,267,0,0,0,674,infection,622
6.694638211910296,315,0,418,267,0,0,0,675,infection,541
6.697011044367958,315,0,417,268,0,0,0,675,recovery,966
6.699676288546896,315,0,416,269,0,0,0,675,recovery,52
6.700859804306415,315,0,415,270,0,0,0,675,recovery,833
6.7034787385664485,314,0,416,270,0,0,0,676,infection,800
6.70492411967924,314,0,415,271,0,0,0,676,recovery,670
6.706470278969258,314,0,414,272,0,0,0,676,recovery,50
6.712318014324877,313,0,415,272,0,0,0,677,infection,638
6.7149153469206135,312,0,416,272,0,0,0,678,infection,20
6.717775991022882,311,0,417,272,0,0,0,679,infection,127
6.730032537687402,310,0,418,272,0,0,0,680,infection,906
6.734437053128087,310,0,417,273,0,0,0,680,recovery,645
6.7354744069486525,309,0,418,273,0,0,0,681,infection,185
6.735691852670576,308,0,419,273,0,0,0,682,infection,137
6.742032937807152,308,0,418,274,0,0,0,682,recovery,455
6.7441785901559586,308,0,417,275,0,0,0,682,recovery,529
6.749051617945466,308,0,416,276,0,0,0,682,recovery,66
6.753097829601141,308,0,415,277,0,0,0,682,recovery,567
6.756198730801531,307,0,416,277,0,0,0,683,infection,337
6.765609379212262,307,0,415,278,0,0,0,683,recovery,115
6.766201203544285,306,0,416,278,0,0,0,684,infection,148
6.775007917686004,306,0,415,279,0,0,0,684,recovery,654
6.786467137786465,305,0,416,279,0,0,0,685,infection,559
6.794572055310863,304,0,417,279,0,0,0,686,infection,392
6.795062867406653,303,0,418,279,0,0,0,687,infection,440
6.795899914172582,302,0,419,279,0,0,0,688,infection,617
6.80514921691894,302,0,418,280,0,0,0,688,recovery,62
6.81008619186174,302,0,417,281,0,0,0,688,recovery,632
6.814587935789122,301,0,418,281,0,0,0,689,infection,746
6.828578717763627,300,0,419,281,0,0,0,690,infection,547
6.8292354909287365,300,0,418,282,0,0,0,690,recovery,699
6.832542715984656,299,0,419,282,0,0,0,691,infection,972
6.833102647859796,299,0,418,283,0,0,0,691,recovery,360
6.837159024995439,298,0,419,283,0,0,0,692,infection,65
6.837887503204386,298,0,418,284,0,0,0,692,recovery,661
6.839261813959651,297,0,419,284,0,0,0,693,infection,894
6.846030663195907,296,0,420,284,0,0,0,694,infection,353
6.848701102274559,295,0,421,284,0,0,0,695,infection,416
6.851363043884067,294,0,422,284,0,0,0,696,infection,331
6.856574868789234,294,0,421,285,0,0,0,696,recovery,324
6.857095299150285,293,0,422,285,0,0,0,697,infection,99
6.866493794207326,293,0,421,286,0,0,0,697,recovery,849
6.8729489437906235,293,0,420,287,0,0,0,697,recovery,398
6.884580800783984,292,0,421,287,0,0,0,698,infection,426
6.890756555026449,292,0,420,288,0,0,0,698,recovery,444
6.8921224023506,291,0,421,288,0,0,0,699,infection,19
6.89898394895277,290,0,422,288,0,0,0,700,infection,120
6.9008853154384155,290,0,421,289,0,0,0,700,recovery,919
6.905672071659792,289,0,422,289,0,0,0,701,infection,404
6.9079676798780945,288,0,423,289,0,0,0,702,infection,717
6.909984282269471,288,0,422,290,0,0,0,702,recovery,168
6.913495708594732,287,0,423,290,0,0,0,703,infection,947
6.916947767986535,286,0,424,290,0,0,0,704,infection,484
6.918208683443212,285,0,425,290,0,0,0,705,infection,948
6.921519555512917,285,0,424,291,0,0,0,705,recovery,260
6.925630230339903,284,0,425,291,0,0,0,706,infection,109
6.930962394914004,283,0,426,291,0,0,0,707,infection,852
6.932869918527123,283,0,425,292,0,0,0,707,recovery,28
6.932983027381232,282,0,426,292,0,0,0,708,infection,823
6.942019031814861,281,0,427,292,0,0,0,709,infection,842
6.9519536399383925,281,0,426,293,0,0,0,709,recovery,240
6.953539969789367,280,0,427,293,0,0,0,710,infection,322
6.983469111323865,280,0,426,294,0,0,0,710,recovery,49
6.984294059408095,280,0,425,295,0,0,0,710,recovery,575
6.993870130539298,279,0,426,295,0,0,0,711,infection,15
6.998709090338429,279,0,425,296,0,0,0,711,recovery,77
6.998949839715136,279,0,424,297,0,0,0,711,recovery,36
6.99912876016286,279,0,423,298,0,0,0,711,recovery,942
7.001978530850281,278,0,424,298,0,0,0,712,infection,840
7.003091589503325,278,0,423,299,0,0,0,712,recovery,423
7.013031937251116,277,0,424,299,0,0,0,713,infection,890
7.015098633047365,276,0,425,299,0,0,0,714,infection,887
7.015156750464142,276,0,424,300,0,0,0,714,recovery,943
7.017037582140607,275,0,425,300,0,0,0,715,infection,891
7.041640962666965,274,0,426,300,0,0,0,716,infection,459
7.0418868254029015,274,0,425,301,0,0,0,716,recovery,106
7.047306608085851,273,0,426,301,0,0,0,717,infection,90
7.048768768741365,273,0,425,302,0,0,0,717,recovery,412
7.056217252101749,273,0,424,303,0,0,0,717,recovery,402
7.069409060714218,272,0,425,303,0,0,0,718,infection,435
7.076374718318089,271,0,426,303,0,0,0,719,infection,468
7.078863721619622,271,0,425,304,0,0,0,719,recovery,80
7.093237128814313,270,0,426,304,0,0,0,720,infection,821
7.099316222119858,269,0,427,304,0,0,0,721,infection,393
7.106390411512832,268,0,428,304,0,0,0,722,infection,95
7.1096942594822705,267,0,429,304,0,0,0,723,infection,838
7.114991021610518,267,0,428,305,0,0,0,723,recovery,428
7.122699048579946,266,0,429,305,0,0,0,724,infection,92
7.126207219442554,265,0,430,305,0,0,0,725,infection,872
7.130329976195096,265,0,429,306,0,0,0,725,recovery,895
7.1313953415952875,265,0,428,307,0,0,0,725,recovery,155
7.140070576445448,264,0,429,307,0,0,0,726,infection,111
7.149419615525913,264,0,428,308,0,0,0,726,recovery,249
7.150631125597156,264,0,427,309,0,0,0,726,recovery,795
7.160432384154197,263,0,428,309,0,0,0,727,infection,236
7.164998788458224,263,0,427,310,0,0,0,727,recovery,790
7.172414376720669,262,0,428,310,0,0,0,728,infection,481
7.172566894122358,261,0,429,310,0,0,0,729,infection,629
7.173132578298278,261,0,428,311,0,0,0,729,recovery,839
7.1758162778893295,260,0,429,311,0,0,0,730,infection,93
7.181967627537375,260,0,428,312,0,0,0,730,recovery,772
7.192534425464566,259,0,429,312,0,0,0,731,infection,86
7.193199531396645,259,0,428,313,0,0,0,731,recovery,409
7.1950633279608045,258,0,429,313,0,0,0,732,infection,188
7.207918572369354,258,0,428,314,0,0,0,732,recovery,392
7.2088233566072075,257,0,429,314,0,0,0,733,infection,679
7.209757693549569,256,0,430,314,0,0,0,734,infection,457
7.215877478187936,256,0,429,315,0,0,0,734,recovery,553
7.216797197422269,255,0,430,315,0,0,0,735,infection,342
7.217726991512742,255,0,429,316,0,0,0,735,recovery,869
7.219920465212137,254,0,430,316,0,0,0,736,infection,560
7.220585430894394,254,0,429,317,0,0,0,736,recovery,528
7.233045130811819,254,0,428,318,0,0,0,736,recovery,90
7.2372650794256295,254,0,427,319,0,0,0,736,recovery,239
7.2547941462704255,254,0,426,320,0,0,0,736,recovery,325
7.256571718897916,253,0,427,320,0,0,0,737,infection,147
7.271939226396161,253,0,426,321,0,0,0,737,recovery,541
7.273306748471321,252,0,427,321,0,0,0,738,infection,138
7.283269584841854,252,0,426,322,0,0,0,738,recovery,885
7.284544302764952,252,0,425,323,0,0,0,738,recovery,940
7.293230347869198,251,0,426,323,0,0,0,739,infection,197
7.296815337784658,251,0,425,324,0,0,0,739,recovery,42
7.2985024191266366,250,0,426,324,0,0,0,740,infection,328
7.3006814520687575,249,0,427,324,0,0,0,741,infection,646
7.306744106343481,248,0,428,324,0,0,0,742,infection,478
7.32466133826896,248,0,427,325,0,0,0,742,recovery,276
7.327315449892495,247,0,428,325,0,0,0,743,infection,232
7.329444062576707,247,0,427,326,0,0,0,743,recovery,216
7.33263660437396,246,0,428,326,0,0,0,744,infection,243
7.335693787369987,246,0,427,327,0,0,0,744,recovery,389
7.341533574951246,246,0,426,328,0,0,0,744,recovery,872
7.345290489404174,246,0,425,329,0,0,0,744,recovery,960
7.347134994001234,246,0,424,330,0,0,0,744,recovery,829
7.350934255737971,245,0,425,330,0,0,0,745,infection,984
7.351777527065021,244,0,426,330,0,0,0,746,infection,692
7.35319502988802,244,0,425,331,0,0,0,746,recovery,306
7.357130502528492,244,0,424,332,0,0,0,746,recovery,568
7.35859080635281,244,0,423,333,0,0,0,746,recovery,871
7.388336573138731,243,0,424,333,0,0,0,747,infection,190
7.389617825611096,243,0,423,334,0,0,0,747,recovery,803
7.393570159198842,242,0,424,334,0,0,0,748,infection,279
7.399839926459859,241,0,425,334,0,0,0,749,infection,146
7.4010383249321325,240,0,426,334,0,0,0,750,infection,979
7.403527219006994,240,0,425,335,0,0,0,750,recovery,555
7.404607432227129,240,0,424,336,0,0,0,750,recovery,308
7.409480757448362,240,0,423,337,0,0,0,750,recovery,287
7.412584065186991,239,0,424,337,0,0,0,751,infection,333
7.416609879941591,239,0,423,338,0,0,0,751,recovery,769
7.421632202969221,239,0,422,339,0,0,0,751,recovery,372
7.42666793106964,239,0,421,340,0,0,0,751,recovery,527
7.440892470386204,239,0,420,341,0,0,0,751,recovery,37
7.447055971891175,238,0,421,341,0,0,0,752,infection,91
7.448765738468744,238,0,420,342,0,0,0,752,recovery,651
7.450783750644187,237,0,421,342,0,0,0,753,infection,739
7.456869524027008,236,0,422,342,0,0,0,754,infection,175
7.4600699221966815,235,0,423,342,0,0,0,755,infection,53
7.464603628101646,234,0,424,342,0,0,0,756,infection,4
7.46864977545586,233,0,425,342,0,0,0,757,infection,563
7.473016172446125,232,0,426,342,0,0,0,758,infection,614
7.473289195864914,231,0,427,342,0,0,0,759,infection,178
7.476757776282399,230,0,428,342,0,0,0,760,infection,315
7.477314698361826,229,0,429,342,0,0,0,761,infection,174
7.483378693396984,229,0,428,343,0,0,0,761,recovery,947
7.488048342683651,229,0,427,344,0,0,0,761,recovery,875
7.489076097311683,229,0,426,345,0,0,0,761,recovery,53
7.495622495008615,229,0,425,346,0,0,0,761,recovery,3
7.496302835680772,229,0,424,347,0,0,0,761,recovery,502
7.500050070388446,228,0,425,347,0,0,0,762,infection,607
7.502389077555032,227,0,426,347,0,0,0,763,infection,403
7.503501997533772,227,0,425,348,0,0,0,763,recovery,963
7.512095720511858,227,0,424,349,0,0,0,763,recovery,81
7.512382359543789,226,0,425,349,0,0,0,764,infection,605
7.5185903174177025,226,0,424,350,0,0,0,764,recovery,388
7.5215799854577075,225,0,425,350,0,0,0,765,infection,928
7.521814044910757,225,0,424,351,0,0,0,765,recovery,786
7.524210260184303,224,0,425,351,0,0,0,766,infection,289
7.525154214583539,223,0,426,351,0,0,0,767,infection,578
7.539522460369289,222,0,427,351,0,0,0,768,infection,252
7.543780768407529,221,0,428,351,0,0,0,769,infection,394
7.544889596004107,220,0,429,351,0,0,0,770,infection,466
7.552262535843334,220,0,428,352,0,0,0,770,recovery,150
7.553055494905114,220,0,427,353,0,0,0,770,recovery,805
7.558041156884593,219,0,428,353,0,0,0,771,infection,846
7.564780958685631,219,0,427,354,0,0,0,771,recovery,556
7.567520293436805,218,0,428,354,0,0,0,772,infection,525
7.569018376878394,218,0,427,355,0,0,0,772,recovery,250
7.572036477985429,218,0,426,356,0,0,0,772,recovery,252
7.576375880059129,218,0,425,357,0,0,0,772,recovery,435
7.584975471715188,218,0,424,358,0,0,0,772,recovery,454
7.585003914473545,217,0,425,358,0,0,0,773,infection,905
7.587426533564556,217,0,424,359,0,0,0,773,recovery,5
7.594210102139122,217,0,423,360,0,0,0,773,recovery,456
7.595072847647591,217,0,422,361,0,0,0,773,recovery,820
7.596788529968791,216,0,423,361,0,0,0,774,infection,205
7.599053125327993,216,0,422,362,0,0,0,774,recovery,143
7.599758815573577,215,0,423,362,0,0,0,775,infection,882
7.600353704135893,214,0,424,362,0,0,0,776,infection,128
7.600652662974279,213,0,425,362,0,0,0,777,infection,533
7.6124387146418275,213,0,424,363,0,0,0,777,recovery,823
7.613649264158546,213,0,423,364,0,0,0,777,recovery,131
7.614069184001051,212,0,424,364,0,0,0,778,infection,637
7.617404207290024,211,0,425,364,0,0,0,779,infection,910
7.62594099839099,210,0,426,364,0,0,0,780,infection,971
7.647538959193254,210,0,425,365,0,0,0,780,recovery,842
7.658647094538027,209,0,426,365,0,0,0,781,infection,874
7.665902110934535,208,0,427,365,0,0,0,782,infection,834
7.665940793149083,207,0,428,365,0,0,0,783,infection,954
7.667530138210629,206,0,429,365,0,0,0,784,infection,305
7.673387164224845,205,0,430,365,0,0,0,785,infection,639
7.676989794219631,205,0,429,366,0,0,0,785,recovery,118
7.688775564287021,204,0,430,366,0,0,0,786,infection,123
7.688847908459163,203,0,431,366,0,0,0,787,infection,804
7.694956122133194,203,0,430,367,0,0,0,787,recovery,100
7.69737156726376,203,0,429,368,0,0,0,787,recovery,660
7.71429115400862,203,0,428,369,0,0,0,787,recovery,21
7.719102496020096,203,0,427,370,0,0,0,787,recovery,715
7.720374336619232,203,0,426,371,0,0,0,787,recovery,317
7.720910400698353,202,0,427,371,0,0,0,788,infection,316
7.721834151240079,201,0,428,371,0,0,0,789,infection,621
7.7266027081052275,201,0,427,372,0,0,0,789,recovery,785
7.731502865506567,200,0,428,372,0,0,0,790,infection,204
7.735934684198749,200,0,427,373,0,0,0,790,recovery,533
7.741997080997551,200,0,426,374,0,0,0,790,recovery,63
7.744354761896869,200,0,425,375,0,0,0,790,recovery,198
7.752147344847472,200,0,424,376,0,0,0,790,recovery,763
7.755176590110346,199,0,425,376,0,0,0,791,infection,709
7.756034000752571,198,0,426,376,0,0,0,792,infection,747
7.756925098922877,198,0,425,377,0,0,0,792,recovery,475
7.759348860527164,198,0,424,378,0,0,0,792,recovery,928
7.760131189448324,198,0,423,379,0,0,0,792,recovery,800
7.761152801153616,197,0,424,379,0,0,0,793,infection,685
7.763265566862075,197,0,423,380,0,0,0,793,recovery,333
7.765671892823783,197,0,422,381,0,0,0,793,recovery,167
7.770766969563041,197,0,421,382,0,0,0,793,recovery,236
7.773246876788324,197,0,420,383,0,0,0,793,recovery,179
7.783710941048373,197,0,419,384,0,0,0,793,recovery,614
7.78407819010158,197,0,418,385,0,0,0,793,recovery,620
7.784116871544067,196,0,419,385,0,0,0,794,infection,836
7.7854811367870065,195,0,420,385,0,0,0,795,infection,953
7.790419876996413,195,0,419,386,0,0,0,795,recovery,144
7.802548146475175,194,0,420,386,0,0,0,796,infection,650
7.803430099127427,194,0,419,387,0,0,0,796,recovery,345
7.8070602695113624,194,0,418,388,0,0,0,796,recovery,45
7.819171585895848,193,0,419,388,0,0,0,797,infection,732
7.829314388403451,193,0,418,389,0,0,0,797,recovery,753
7.829988660921626,192,0,419,389,0,0,0,798,infection,193
7.843207225954011,192,0,418,390,0,0,0,798,recovery,348
7.85167163924409,191,0,419,390,0,0,0,799,infection,371
7.859430785530985,191,0,418,391,0,0,0,799,recovery,341
7.861399566832488,191,0,417,392,0,0,0,799,recovery,884
7.86192982056317,191,0,416,393,0,0,0,799,recovery,251
7.864675695253202,190,0,417,393,0,0,0,800,infection,506
7.873429232323435,190,0,416,394,0,0,0,800,recovery,38
7.875920424469262,190,0,415,395,0,0,0,800,recovery,34
7.877251910111067,190,0,414,396,0,0,0,800,recovery,480
7.878660798047583,189,0,415,396,0,0,0,801,infection,675
7.8816128619513615,189,0,414,397,0,0,0,801,recovery,935
7.8868623275412615,188,0,415,397,0,0,0,802,infection,889
7.895547069691119,188,0,414,398,0,0,0,802,recovery,824
7.909803917342853,187,0,415,398,0,0,0,803,infection,449
7.912856079297448,186,0,416,398,0,0,0,804,infection,936
7.913752178583776,185,0,417,398,0,0,0,805,infection,903
7.919167930864251,185,0,416,399,0,0,0,805,recovery,716
7.921211568774199,185,0,415,400,0,0,0,805,recovery,156
7.9237087089039715,184,0,416,400,0,0,0,806,infection,576
7.924684309923674,183,0,417,400,0,0,0,807,infection,117
7.925133079175103,183,0,416,401,0,0,0,807,recovery,441
7.93330946720975,182,0,417,401,0,0,0,808,infection,703
7.9560859943342965,181,0,418,401,0,0,0,809,infection,266
7.959882650733232,180,0,419,401,0,0,0,810,infection,738
7.9607176556954435,180,0,418,402,0,0,0,810,recovery,20
7.972304390184866,179,0,419,402,0,0,0,811,infection,929
7.977318323949231,178,0,420,402,0,0,0,812,infection,327
7.9778205134601645,178,0,419,403,0,0,0,812,recovery,698
7.980073876416609,178,0,418,404,0,0,0,812,recovery,742
7.993382228961043,178,0,417,405,0,0,0,812,recovery,145
7.994056379524887,178,0,416,406,0,0,0,812,recovery,832
7.9997172215798384,177,0,417,406,0,0,0,813,infection,27
8.001476508453361,177,0,416,407,0,0,0,813,recovery,945
8.0042950940649,176,0,417,407,0,0,0,814,infection,84
8.007092921749539,175,0,418,407,0,0,0,815,infection,381
8.018576842025041,175,0,417,408,0,0,0,815,recovery,811
8.033006591491587,175,0,416,409,0,0,0,815,recovery,271
8.036453693596734,174,0,417,409,0,0,0,816,infection,71
8.057486307200115,173,0,418,409,0,0,0,817,infection,530
8.064172140743267,173,0,417,410,0,0,0,817,recovery,437
8.075257206773268,172,0,418,410,0,0,0,818,infection,799
8.076258629294516,172,0,417,411,0,0,0,818,recovery,69
8.076386965010414,171,0,418,411,0,0,0,819,infection,365
8.089095568090942,171,0,417,412,0,0,0,819,recovery,545
8.099587889989401,171,0,416,413,0,0,0,819,recovery,603
8.104001064096773,170,0,417,413,0,0,0,820,infection,383
8.107328054896092,169,0,418,413,0,0,0,821,infection,14
8.115078579024987,169,0,417,414,0,0,0,821,recovery,373
8.11578918176708,169,0,416,415,0,0,0,821,recovery,197
8.123788424867232,168,0,417,415,0,0,0,822,infection,195
8.126850440225638,168,0,416,416,0,0,0,822,recovery,449
8.130409829340056,167,0,417,416,0,0,0,823,infection,215
8.131523237931482,166,0,418,416,0,0,0,824,infection,989
8.147478559688759,165,0,419,416,0,0,0,825,infection,267
8.15022509561304,165,0,418,417,0,0,0,825,recovery,137
8.151286962662487,165,0,417,418,0,0,0,825,recovery,744
8.16082756903837,165,0,416,419,0,0,0,825,recovery,890
8.165157077218252,164,0,417,419,0,0,0,826,infection,43
8.170397960284987,163,0,418,419,0,0,0,827,infection,913
8.174565236034994,162,0,419,419,0,0,0,828,infection,2
8.177794213250902,161,0,420,419,0,0,0,829,infection,11
8.180492027986817,160,0,421,419,0,0,0,830,infection,900
8.181562998494305,159,0,422,419,0,0,0,831,infection,55
8.192430337496146,158,0,423,419,0,0,0,832,infection,674
8.1979445315946,157,0,424,419,0,0,0,833,infection,932
8.203535006950977,157,0,423,420,0,0,0,833,recovery,495
8.203877662929123,156,0,424,420,0,0,0,834,infection,200
8.213951329587783,156,0,423,421,0,0,0,834,recovery,6
8.220947357418636,155,0,424,421,0,0,0,835,infection,417
8.221395136451559,155,0,423,422,0,0,0,835,recovery,95
8.22406579789094,155,0,422,423,0,0,0,835,recovery,266
8.236740808325548,155,0,421,424,0,0,0,835,recovery,563
8.254870381510555,154,0,422,424,0,0,0,836,infection,126
8.263861544200967,154,0,421,425,0,0,0,836,recovery,393
8.264488283680612,153,0,422,425,0,0,0,837,infection,574
8.272108222547898,153,0,421,426,0,0,0,837,recovery,606
8.277820723873564,153,0,420,427,0,0,0,837,recovery,984
8.2783234421415,153,0,419,428,0,0,0,837,recovery,887
8.291204620865056,153,0,418,429,0,0,0,837,recovery,551
8.300042756826459,152,0,419,429,0,0,0,838,infection,798
8.303520506136131,152,0,418,430,0,0,0,838,recovery,352
8.32249993011464,151,0,419,430,0,0,0,839,infection,918
8.33591842995922,151,0,418,431,0,0,0,839,recovery,695
8.34201734445399,151,0,417,432,0,0,0,839,recovery,950
8.34911406645803,150,0,418,432,0,0,0,840,infection,275
8.35546938720459,150,0,417,433,0,0,0,840,recovery,208
8.364853719415173,150,0,416,434,0,0,0,840,recovery,27
8.369537353300073,150,0,415,435,0,0,0,840,recovery,190
8.373855860410071,149,0,416,435,0,0,0,841,infection,516
8.377325737645096,149,0,415,436,0,0,0,841,recovery,43
8.378456982969478,149,0,414,437,0,0,0,841,recovery,93
8.379382315587106,148,0,415,437,0,0,0,842,infection,170
8.386749408454927,148,0,414,438,0,0,0,842,recovery,954
8.389033963843481,147,0,415,438,0,0,0,843,infection,865
8.390234209284962,147,0,414,439,0,0,0,843,recovery,562
8.392081473302854,146,0,415,439,0,0,0,844,infection,727
8.43041720162318,145,0,416,439,0,0,0,845,infection,818
8.437072595638858,145,0,415,440,0,0,0,845,recovery,734
8.4439844981614,145,0,414,441,0,0,0,845,recovery,284
8.444705209718057,145,0,413,442,0,0,0,845,recovery,739
8.447443148633088,145,0,412,443,0,0,0,845,recovery,878
8.450940011111642,145,0,411,444,0,0,0,845,recovery,213
8.452474058344208,145,0,410,445,0,0,0,845,recovery,362
8.463332969797952,144,0,411,445,0,0,0,846,infection,761
8.466267114578233,143,0,412,445,0,0,0,847,infection,597
8.476444326749448,142,0,413,445,0,0,0,848,infection,436
8.480978539999493,142,0,412,446,0,0,0,848,recovery,246
8.482797880052068,141,0,413,446,0,0,0,849,infection,463
8.48528969934775,141,0,412,447,0,0,0,849,recovery,149
8.491145428330253,141,0,411,448,0,0,0,849,recovery,160
8.500470256726357,141,0,410,449,0,0,0,849,recovery,186
8.503497425322067,141,0,409,450,0,0,0,849,recovery,89
8.503902664587732,140,0,410,450,0,0,0,850,infection,793
8.519534617698667,139,0,411,450,0,0,0,851,infection,564
8.523960615978318,138,0,412,450,0,0,0,852,infection,768
8.536408967201009,138,0,411,451,0,0,0,852,recovery,775
8.541215523885162,137,0,412,451,0,0,0,853,infection,912
8.54823476735533,137,0,411,452,0,0,0,853,recovery,259
8.556810768600474,137,0,410,453,0,0,0,853,recovery,370
8.569235327478998,137,0,409,454,0,0,0,853,recovery,215
8.574040991639645,137,0,408,455,0,0,0,853,recovery,886
8.591927067299547,137,0,407,456,0,0,0,853,recovery,225
8.59236964567161,136,0,408,456,0,0,0,854,infection,68
8.593676263015663,136,0,407,457,0,0,0,854,recovery,128
8.611131002327026,136,0,406,458,0,0,0,854,recovery,18
8.617022110092197,136,0,405,459,0,0,0,854,recovery,586
8.62769574360156,136,0,404,460,0,0,0,854,recovery,84
8.634192947946108,136,0,403,461,0,0,0,854,recovery,234
8.636639275526699,136,0,402,462,0,0,0,854,recovery,278
8.639634569276518,135,0,403,462,0,0,0,855,infection,379
8.641699400589523,135,0,402,463,0,0,0,855,recovery,643
8.642745714922336,135,0,401,464,0,0,0,855,recovery,571
8.644347913240845,134,0,402,464,0,0,0,856,infection,510
8.649982237719785,133,0,403,464,0,0,0,857,infection,496
8.663600356620293,133,0,402,465,0,0,0,857,recovery,526
8.67533956193304,133,0,401,466,0,0,0,857,recovery,218
8.687561916298156,133,0,400,467,0,0,0,857,recovery,932
8.696507453881043,133,0,399,468,0,0,0,857,recovery,492
8.699326420164969,133,0,398,469,0,0,0,857,recovery,64
8.706132053790721,133,0,397,470,0,0,0,857,recovery,233
8.709588749489383,132,0,398,470,0,0,0,858,infection,285
8.716343953906863,132,0,397,471,0,0,0,858,recovery,337
8.719255832441798,132,0,396,472,0,0,0,858,recovery,151
8.720489548541988,132,0,395,473,0,0,0,858,recovery,584
8.726424317727368,132,0,394,474,0,0,0,858,recovery,394
8.733831859877668,131,0,395,474,0,0,0,859,infection,158
8.736573176613808,131,0,394,475,0,0,0,859,recovery,330
8.743116910054727,131,0,393,476,0,0,0,859,recovery,364
8.764754519825388,131,0,392,477,0,0,0,859,recovery,728
8.765629649386117,131,0,391,478,0,0,0,859,recovery,210
8.787095498565916,130,0,392,478,0,0,0,860,infection,253
8.793560338149959,130,0,391,479,0,0,0,860,recovery,708
8.79858454299068,129,0,392,479,0,0,0,861,infection,867
8.803406463655651,129,0,391,480,0,0,0,861,recovery,652
8.807271224830787,128,0,392,480,0,0,0,862,infection,490
8.824716028393167,127,0,393,480,0,0,0,863,infection,375
8.826656954207216,127,0,392,481,0,0,0,863,recovery,383
8.838307906632267,126,0,393,481,0,0,0,864,infection,85
8.838572005574555,126,0,392,482,0,0,0,864,recovery,461
8.842410512182305,126,0,391,483,0,0,0,864,recovery,677
8.859405781189388,126,0,390,484,0,0,0,864,recovery,39
8.862771001191149,126,0,389,485,0,0,0,864,recovery,295
8.870976131384959,126,0,388,486,0,0,0,864,recovery,192
8.873833754120867,126,0,387,487,0,0,0,864,recovery,44
8.87586981993751,126,0,386,488,0,0,0,864,recovery,819
8.8813762685355,126,0,385,489,0,0,0,864,recovery,414
8.911961609403333,125,0,386,489,0,0,0,865,infection,628
8.918683601383604,125,0,385,490,0,0,0,865,recovery,608
8.933247550481866,124,0,386,490,0,0,0,866,infection,704
8.939747976599518,124,0,385,491,0,0,0,866,recovery,761
8.939767274777738,124,0,384,492,0,0,0,866,recovery,267
8.941486577759118,124,0,383,493,0,0,0,866,recovery,163
8.950193187145995,124,0,382,494,0,0,0,866,recovery,774
8.951686207856701,124,0,381,495,0,0,0,866,recovery,674
8.967301318222976,124,0,380,496,0,0,0,866,recovery,836
8.97533032668732,123,0,381,496,0,0,0,867,infection,604
8.981477792552202,122,0,382,496,0,0,0,868,infection,51
8.988787007981594,121,0,383,496,0,0,0,869,infection,589
9.015581736327409,121,0,382,497,0,0,0,869,recovery,697
9.020251629104205,121,0,381,498,0,0,0,869,recovery,547
9.021653209648289,120,0,382,498,0,0,0,870,infection,626
9.038167447522362,120,0,381,499,0,0,0,870,recovery,436
9.047119692092418,119,0,382,499,0,0,0,871,infection,854
9.04890223829817,118,0,383,499,0,0,0,872,infection,282
9.049792935121667,117,0,384,499,0,0,0,873,infection,876
9.056680305866173,117,0,383,500,0,0,0,873,recovery,463
9.070522072805344,117,0,382,501,0,0,0,873,recovery,170
9.072299738953305,116,0,383,501,0,0,0,874,infection,707
9.123211481849962,116,0,382,502,0,0,0,874,recovery,859
9.127169083832268,116,0,381,503,0,0,0,874,recovery,484
9.13807908807887,115,0,382,503,0,0,0,875,infection,612
9.153605118083487,114,0,383,503,0,0,0,876,infection,653
9.155722699196644,114,0,382,504,0,0,0,876,recovery,583
9.167573342866255,114,0,381,505,0,0,0,876,recovery,737
9.172186276867938,114,0,380,506,0,0,0,876,recovery,55
9.17633048280267,114,0,379,507,0,0,0,876,recovery,406
9.179315444020073,114,0,378,508,0,0,0,876,recovery,572
9.184908676650558,113,0,379,508,0,0,0,877,infection,230
9.19047707497641,113,0,378,509,0,0,0,877,recovery,235
9.199965710369252,112,0,379,509,0,0,0,878,infection,898
9.204526654945086,111,0,380,509,0,0,0,879,infection,797
9.20904101630142,110,0,381,509,0,0,0,880,infection,759
9.212383005836319,110,0,380,510,0,0,0,880,recovery,687
9.21508441331909,110,0,379,511,0,0,0,880,recovery,222
9.217193205452373,109,0,380,511,0,0,0,881,infection,102
9.218459808055941,109,0,379,512,0,0,0,881,recovery,14
9.23247037668177,108,0,380,512,0,0,0,882,infection,244
9.234511201882109,108,0,379,513,0,0,0,882,recovery,684
9.254013567526826,107,0,380,513,0,0,0,883,infection,588
9.258577396474893,107,0,379,514,0,0,0,883,recovery,718
9.268947619373018,107,0,378,515,0,0,0,883,recovery,282
9.281641125030411,107,0,377,516,0,0,0,883,recovery,891
9.28191307334077,106,0,378,516,0,0,0,884,infection,573
9.288684321989843,106,0,377,517,0,0,0,884,recovery,612
9.290176893628162,105,0,378,517,0,0,0,885,infection,8
9.290637360030273,105,0,377,518,0,0,0,885,recovery,272
9.300903505542674,105,0,376,519,0,0,0,885,recovery,290
9.3012667452154,104,0,377,519,0,0,0,886,infection,927
9.315702144405865,104,0,376,520,0,0,0,886,recovery,328
9.317899582342875,104,0,375,521,0,0,0,886,recovery,440
9.326887214377727,104,0,374,522,0,0,0,886,recovery,46
9.329325246238406,103,0,375,522,0,0,0,887,infection,433
9.34483608039234,102,0,376,522,0,0,0,888,infection,663
9.353042439861445,102,0,375,523,0,0,0,888,recovery,976
9.372368110021108,102,0,374,524,0,0,0,888,recovery,65
9.373767875873387,102,0,373,525,0,0,0,888,recovery,738
9.374199831895645,102,0,372,526,0,0,0,888,recovery,565
9.38725633531496,102,0,371,527,0,0,0,888,recovery,939
9.387467233080713,102,0,370,528,0,0,0,888,recovery,641
9.38953228492107,102,0,369,529,0,0,0,888,recovery,710
9.392183943931615,102,0,368,530,0,0,0,888,recovery,521
9.395531233368418,101,0,369,530,0,0,0,889,infection,217
9.405753709411885,100,0,370,530,0,0,0,890,infection,513
9.409312929528195,100,0,369,531,0,0,0,890,recovery,897
9.411612097182056,99,0,370,531,0,0,0,891,infection,822
9.428013821113733,98,0,371,531,0,0,0,892,infection,783
9.437271625731032,97,0,372,531,0,0,0,893,infection,411
9.438255117854867,96,0,373,531,0,0,0,894,infection,988
9.444204108479205,96,0,372,532,0,0,0,894,recovery,438
9.453919973406471,95,0,373,532,0,0,0,895,infection,743
9.457467057712083,95,0,372,533,0,0,0,895,recovery,349
9.460897374688008,94,0,373,533,0,0,0,896,infection,361
9.481667028574266,93,0,374,533,0,0,0,897,infection,902
9.500242253963913,92,0,375,533,0,0,0,898,infection,843
9.514007355538736,91,0,376,533,0,0,0,899,infection,964
9.524559622245217,91,0,375,534,0,0,0,899,recovery,754
9.534614309898203,91,0,374,535,0,0,0,899,recovery,955
9.53463094485042,91,0,373,536,0,0,0,899,recovery,193
9.536290066610627,90,0,374,536,0,0,0,900,infection,427
9.548989518322045,90,0,373,537,0,0,0,900,recovery,894
9.552843202704064,90,0,372,538,0,0,0,900,recovery,516
9.557164131331628,90,0,371,539,0,0,0,900,recovery,217
9.580013401438872,89,0,372,539,0,0,0,901,infection,668
9.585362874784686,89,0,371,540,0,0,0,901,recovery,700
9.590178527325374,89,0,370,541,0,0,0,901,recovery,764
9.594765309256097,89,0,369,542,0,0,0,901,recovery,108
9.604879883285193,89,0,368,543,0,0,0,901,recovery,609
9.606047974119944,89,0,367,544,0,0,0,901,recovery,8
9.616791577104618,89,0,366,545,0,0,0,901,recovery,158
9.631248944751784,89,0,365,546,0,0,0,901,recovery,413
9.647606771328112,89,0,364,547,0,0,0,901,recovery,195
9.65050134620996,89,0,363,548,0,0,0,901,recovery,792
9.652646041461088,89,0,362,549,0,0,0,901,recovery,99
9.655144047784956,89,0,361,550,0,0,0,901,recovery,617
9.667763900053536,89,0,360,551,0,0,0,901,recovery,972
9.671107774746808,88,0,361,551,0,0,0,902,infection,512
9.681082553540305,87,0,362,551,0,0,0,903,infection,78
9.68814009529581,87,0,361,552,0,0,0,903,recovery,467
9.69498455190645,86,0,362,552,0,0,0,904,infection,934
9.710835833465765,86,0,361,553,0,0,0,904,recovery,390
9.722318144389005,86,0,360,554,0,0,0,904,recovery,915
9.734196350852594,86,0,359,555,0,0,0,904,recovery,31
9.742079524037592,85,0,360,555,0,0,0,905,infection,101
9.745480333260673,85,0,359,556,0,0,0,905,recovery,557
9.75928506393611,85,0,358,557,0,0,0,905,recovery,635
9.762849625032478,84,0,359,557,0,0,0,906,infection,693
9.772374580070554,84,0,358,558,0,0,0,906,recovery,85
9.773594337014446,84,0,357,559,0,0,0,906,recovery,538
9.77419275482196,83,0,358,559,0,0,0,907,infection,173
9.777535812853253,83,0,357,560,0,0,0,907,recovery,548
9.784418390169563,82,0,358,560,0,0,0,908,infection,59
9.786895601008291,82,0,357,561,0,0,0,908,recovery,154
9.788360004325584,81,0,358,561,0,0,0,909,infection,938
9.792990162783697,80,0,359,561,0,0,0,910,infection,439
9.805637631027006,80,0,358,562,0,0,0,910,recovery,417
9.811087583134546,79,0,359,562,0,0,0,911,infection,532
9.819710491777487,79,0,358,563,0,0,0,911,recovery,941
9.848774490389875,79,0,357,564,0,0,0,911,recovery,75
9.855813036443463,79,0,356,565,0,0,0,911,recovery,365
9.867174107669413,79,0,355,566,0,0,0,911,recovery,468
9.901198807516373,78,0,356,566,0,0,0,912,infection,471
9.902215938154349,78,0,355,567,0,0,0,912,recovery,773
9.909504145263636,78,0,354,568,0,0,0,912,recovery,126
9.9274607108797,78,0,353,569,0,0,0,912,recovery,117
9.930269346020609,78,0,352,570,0,0,0,912,recovery,305
9.950810633083798,78,0,351,571,0,0,0,912,recovery,855
9.950865297208786,77,0,352,571,0,0,0,913,infection,465
9.971571495181985,76,0,353,571,0,0,0,914,infection,851
9.977584620871788,75,0,354,571,0,0,0,915,infection,241
9.980178392515652,74,0,355,571,0,0,0,916,infection,132
9.981014640998055,74,0,354,572,0,0,0,916,recovery,657
9.989040052976039,74,0,353,573,0,0,0,916,recovery,91
9.989277248127097,74,0,352,574,0,0,0,916,recovery,561
9.99939627727132,74,0,351,575,0,0,0,916,recovery,560
10.014279887393343,74,0,350,576,0,0,0,916,recovery,57
10.02424799752041,74,0,349,577,0,0,0,916,recovery,229
10.025608030783793,74,0,348,578,0,0,0,916,recovery,51
10.040428269078564,73,0,349,578,0,0,0,917,infection,344
10.053674293721091,73,0,348,579,0,0,0,917,recovery,689
10.057046071746674,73,0,347,580,0,0,0,917,recovery,934
10.08155619012812,73,0,346,581,0,0,0,917,recovery,464
10.08343331510047,73,0,345,582,0,0,0,917,recovery,478
10.085255378184655,73,0,344,583,0,0,0,917,recovery,483
10.096360117724576,73,0,343,584,0,0,0,917,recovery,103
10.118225471994515,72,0,344,584,0,0,0,918,infection,376
10.135621456712016,72,0,343,585,0,0,0,918,recovery,743
10.136168851180052,72,0,342,586,0,0,0,918,recovery,605
10.139097329501038,72,0,341,587,0,0,0,918,recovery,283
10.171948603986237,71,0,342,587,0,0,0,919,infection,294
10.181753620104892,71,0,341,588,0,0,0,919,recovery,7
10.197486428457076,71,0,340,589,0,0,0,919,recovery,787
10.199080640394946,71,0,339,590,0,0,0,919,recovery,253
10.211811606984792,71,0,338,591,0,0,0,919,recovery,604
10.213120515498302,71,0,337,592,0,0,0,919,recovery,664
10.259159701403703,71,0,336,593,0,0,0,919,recovery,679
10.26083628756136,70,0,337,593,0,0,0,920,infection,633
10.266912008014808,69,0,338,593,0,0,0,921,infection,808
10.269814508445027,69,0,337,594,0,0,0,921,recovery,23
10.2703101281105,69,0,336,595,0,0,0,921,recovery,573
10.299612423028927,68,0,337,595,0,0,0,922,infection,9
10.30329747291518,67,0,338,595,0,0,0,923,infection,990
10.316526601383364,67,0,337,596,0,0,0,923,recovery,92
10.325925620987288,67,0,336,597,0,0,0,923,recovery,746
10.350433794925383,67,0,335,598,0,0,0,923,recovery,745
10.358974261650452,67,0,334,599,0,0,0,923,recovery,912
10.368701104380076,67,0,333,600,0,0,0,923,recovery,289
10.375292039861401,67,0,332,601,0,0,0,923,recovery,663
10.375916766116747,67,0,331,602,0,0,0,923,recovery,471
10.38112963816408,67,0,330,603,0,0,0,923,recovery,485
10.385251301069328,66,0,331,603,0,0,0,924,infection,470
10.387854704895947,66,0,330,604,0,0,0,924,recovery,848
10.43506259257065,66,0,329,605,0,0,0,924,recovery,918
10.437714408288194,66,0,328,606,0,0,0,924,recovery,173
10.450828020614349,66,0,327,607,0,0,0,924,recovery,850
10.454062575525175,66,0,326,608,0,0,0,924,recovery,910
10.473172530988597,66,0,325,609,0,0,0,924,recovery,9
10.47391435983926,66,0,324,610,0,0,0,924,recovery,589
10.488605870407888,66,0,323,611,0,0,0,924,recovery,804
10.488915382447713,66,0,322,612,0,0,0,924,recovery,401
10.502971976123575,66,0,321,613,0,0,0,924,recovery,199
10.509714593787425,66,0,320,614,0,0,0,924,recovery,462
10.510422645471156,66,0,319,615,0,0,0,924,recovery,611
10.513447600610819,66,0,318,616,0,0,0,924,recovery,459
10.516137222072874,66,0,317,617,0,0,0,924,recovery,574
10.533528641068232,66,0,316,618,0,0,0,924,recovery,490
10.540103508886972,66,0,315,619,0,0,0,924,recovery,815
10.549169071886611,66,0,314,620,0,0,0,924,recovery,642
10.572320782775622,65,0,315,620,0,0,0,925,infection,452
10.573727024419306,65,0,314,621,0,0,0,925,recovery,864
10.575153438105335,65,0,313,622,0,0,0,925,recovery,797
10.575422437848083,65,0,312,623,0,0,0,925,recovery,379
10.57554108297887,64,0,313,623,0,0,0,926,infection,410
10.578169848770107,63,0,314,623,0,0,0,927,infection,177
10.580544120631036,63,0,313,624,0,0,0,927,recovery,798
10.593253835810238,63,0,312,625,0,0,0,927,recovery,638
10.608157023347088,62,0,313,625,0,0,0,928,infection,277
10.616044408595199,62,0,312,626,0,0,0,928,recovery,132
10.62534199846239,61,0,313,626,0,0,0,929,infection,861
10.636607386461558,61,0,312,627,0,0,0,929,recovery,852
10.63879346184903,60,0,313,627,0,0,0,930,infection,723
10.64048862724718,60,0,312,628,0,0,0,930,recovery,607
10.64120996780603,60,0,311,629,0,0,0,930,recovery,564
10.643194795693514,60,0,310,630,0,0,0,930,recovery,4
10.657715126969974,60,0,309,631,0,0,0,930,recovery,866
10.664928963850102,60,0,308,632,0,0,0,930,recovery,796
10.669647936999265,60,0,307,633,0,0,0,930,recovery,473
10.669852104995508,60,0,306,634,0,0,0,930,recovery,519
10.679079272025646,60,0,305,635,0,0,0,930,recovery,929
10.683566619910438,59,0,306,635,0,0,0,931,infection,862
10.69635222077266,59,0,305,636,0,0,0,931,recovery,650
10.712525805437965,59,0,304,637,0,0,0,931,recovery,828
10.752105251695086,59,0,303,638,0,0,0,931,recovery,104
10.7554454207014,59,0,302,639,0,0,0,931,recovery,759
10.778261721400268,58,0,303,639,0,0,0,932,infection,350
10.798069948395433,58,0,302,640,0,0,0,932,recovery,985
10.802460988021586,58,0,301,641,0,0,0,932,recovery,22
10.82527497005833,58,0,300,642,0,0,0,932,recovery,466
10.83912909864729,58,0,299,643,0,0,0,932,recovery,827
10.840058877607623,58,0,298,644,0,0,0,932,recovery,747
10.882444647495387,58,0,297,645,0,0,0,932,recovery,639
10.887369218872493,58,0,296,646,0,0,0,932,recovery,936
10.889101541124148,58,0,295,647,0,0,0,932,recovery,791
10.891850917146524,58,0,294,648,0,0,0,932,recovery,840
10.926332116819964,58,0,293,649,0,0,0,932,recovery,442
10.930486773414382,58,0,292,650,0,0,0,932,recovery,418
10.930930497923736,58,0,291,651,0,0,0,932,recovery,713
10.936318053649183,58,0,290,652,0,0,0,932,recovery,953
10.936908235323632,58,0,289,653,0,0,0,932,recovery,411
10.947130744890057,58,0,288,654,0,0,0,932,recovery,58
10.954223810304494,58,0,287,655,0,0,0,932,recovery,453
10.960098773723944,58,0,286,656,0,0,0,932,recovery,956
10.962562780064506,58,0,285,657,0,0,0,932,recovery,350
10.965069164706103,57,0,286,657,0,0,0,933,infection,503
10.998506194681545,57,0,285,658,0,0,0,933,recovery,513
10.999225453698488,57,0,284,659,0,0,0,933,recovery,874
11.027495085905649,57,0,283,660,0,0,0,933,recovery,505
11.033455305012943,57,0,282,661,0,0,0,933,recovery,631
11.115529569039223,57,0,281,662,0,0,0,933,recovery,277
11.119058977092223,56,0,282,662,0,0,0,934,infection,978
11.124959525630873,56,0,281,663,0,0,0,934,recovery,496
11.129714400581062,56,0,280,664,0,0,0,934,recovery,577
11.1359642001754,56,0,279,665,0,0,0,934,recovery,231
11.16078478091644,56,0,278,666,0,0,0,934,recovery,517
11.183701345264705,56,0,277,667,0,0,0,934,recovery,404
11.185467410258372,56,0,276,668,0,0,0,934,recovery,512
11.187136084039395,56,0,275,669,0,0,0,934,recovery,205
11.204176857431,55,0,276,669,0,0,0,935,infection,778
11.205304951933453,54,0,277,669,0,0,0,936,infection,368
11.209738371923141,54,0,276,670,0,0,0,936,recovery,725
11.243516597929844,54,0,275,671,0,0,0,936,recovery,181
11.254915592545444,54,0,274,672,0,0,0,936,recovery,375
11.255048042524374,54,0,273,673,0,0,0,936,recovery,175
11.26847497503922,53,0,274,673,0,0,0,937,infection,312
11.27288976377648,53,0,273,674,0,0,0,937,recovery,500
11.274205081457978,53,0,272,675,0,0,0,937,recovery,465
11.275853108872063,53,0,271,676,0,0,0,937,recovery,989
11.288365620682551,53,0,270,677,0,0,0,937,recovery,119
11.305911009053595,53,0,269,678,0,0,0,937,recovery,579
11.323776589976024,53,0,268,679,0,0,0,937,recovery,766
11.345534733073032,52,0,269,679,0,0,0,938,infection,831
11.348017234367502,52,0,268,680,0,0,0,938,recovery,668
11.36965518793755,51,0,269,680,0,0,0,939,infection,780
11.384653170689855,51,0,268,681,0,0,0,939,recovery,719
11.391117424357791,51,0,267,682,0,0,0,939,recovery,503
11.397730077520002,51,0,266,683,0,0,0,939,recovery,964
11.403605602761477,51,0,265,684,0,0,0,939,recovery,525
11.414159794322227,51,0,264,685,0,0,0,939,recovery,400
11.415784175724074,51,0,263,686,0,0,0,939,recovery,491
11.42835926057533,51,0,262,687,0,0,0,939,recovery,626
11.435449030655633,51,0,261,688,0,0,0,939,recovery,510
11.44073664812966,51,0,260,689,0,0,0,939,recovery,457
11.458659147779684,51,0,259,690,0,0,0,939,recovery,838
11.468087905044928,51,0,258,691,0,0,0,939,recovery,147
11.47531684374599,51,0,257,692,0,0,0,939,recovery,452
11.492768529330224,51,0,256,693,0,0,0,939,recovery,121
11.50480308801317,51,0,255,694,0,0,0,939,recovery,178
11.515387501740943,51,0,254,695,0,0,0,939,recovery,622
11.5415457437752,51,0,253,696,0,0,0,939,recovery,808
11.551896455182673,51,0,252,697,0,0,0,939,recovery,778
11.552339966165745,50,0,253,697,0,0,0,940,infection,705
11.570148672442802,50,0,252,698,0,0,0,940,recovery,543
11.588935631216545,50,0,251,699,0,0,0,940,recovery,351
11.59135041529699,50,0,250,700,0,0,0,940,recovery,56
11.596641975284408,50,0,249,701,0,0,0,940,recovery,501
11.59685921367474,50,0,248,702,0,0,0,940,recovery,342
11.616493186119621,50,0,247,703,0,0,0,940,recovery,755
11.63818674922833,50,0,246,704,0,0,0,940,recovery,889
11.645840864667903,49,0,247,704,0,0,0,941,infection,683
11.661378469872783,49,0,246,705,0,0,0,941,recovery,578
11.667063612196362,49,0,245,706,0,0,0,941,recovery,355
11.685984048392811,49,0,244,707,0,0,0,941,recovery,599
11.68805456540391,49,0,243,708,0,0,0,941,recovery,294
11.68951644217516,48,0,244,708,0,0,0,942,infection,816
11.723662171425172,48,0,243,709,0,0,0,942,recovery,979
11.726178971943513,48,0,242,710,0,0,0,942,recovery,949
11.748038393066853,48,0,241,711,0,0,0,942,recovery,704
11.769530582273173,48,0,240,712,0,0,0,942,recovery,854
11.778108892663404,48,0,239,713,0,0,0,942,recovery,67
11.800970698019718,48,0,238,714,0,0,0,942,recovery,344
11.801537138913778,47,0,239,714,0,0,0,943,infection,220
11.810887139967168,47,0,238,715,0,0,0,943,recovery,296
11.83284728507431,47,0,237,716,0,0,0,943,recovery,847
11.844192799183242,47,0,236,717,0,0,0,943,recovery,693
11.847983803228269,47,0,235,718,0,0,0,943,recovery,733
11.891808102160342,47,0,234,719,0,0,0,943,recovery,821
11.892773688108878,46,0,235,719,0,0,0,944,infection,421
11.909187179592557,45,0,236,719,0,0,0,945,infection,415
11.910654197063945,45,0,235,720,0,0,0,945,recovery,322
11.9562273988963,45,0,234,721,0,0,0,945,recovery,692
11.958231020538644,44,0,235,721,0,0,0,946,infection,748
11.972106982280819,44,0,234,722,0,0,0,946,recovery,923
11.98084885784198,44,0,233,723,0,0,0,946,recovery,844
11.992282084799836,44,0,232,724,0,0,0,946,recovery,793
11.996568212825903,43,0,233,724,0,0,0,947,infection,784
11.997762444711089,42,0,234,724,0,0,0,948,infection,263
11.99885397724234,42,0,233,725,0,0,0,948,recovery,559
12.049450873431464,42,0,232,726,0,0,0,948,recovery,2
12.061952672225875,41,0,233,726,0,0,0,949,infection,343
12.07986416526631,41,0,232,727,0,0,0,949,recovery,628
12.091326427350843,41,0,231,728,0,0,0,949,recovery,648
12.10401504570185,41,0,230,729,0,0,0,949,recovery,237
12.104760580487904,41,0,229,730,0,0,0,949,recovery,493
12.113980516516325,41,0,228,731,0,0,0,949,recovery,870
12.132950118631207,41,0,227,732,0,0,0,949,recovery,447
12.138679328302988,41,0,226,733,0,0,0,949,recovery,11
12.162020424183705,41,0,225,734,0,0,0,949,recovery,653
12.177693648703032,41,0,224,735,0,0,0,949,recovery,588
12.186252147841369,41,0,223,736,0,0,0,949,recovery,200
12.188962586706502,41,0,222,737,0,0,0,949,recovery,637
12.193882224572807,41,0,221,738,0,0,0,949,recovery,174
12.199908676981128,40,0,222,738,0,0,0,950,infection,184
12.201033310877026,40,0,221,739,0,0,0,950,recovery,315
12.206309915274872,40,0,220,740,0,0,0,950,recovery,971
12.246898250938013,40,0,219,741,0,0,0,950,recovery,898
12.250876990318957,39,0,220,741,0,0,0,951,infection,183
12.268901265708372,39,0,219,742,0,0,0,951,recovery,946
12.290915402689825,39,0,218,743,0,0,0,951,recovery,433
12.30510553165992,39,0,217,744,0,0,0,951,recovery,647
12.352414006326432,39,0,216,745,0,0,0,951,recovery,600
12.360487584848604,39,0,215,746,0,0,0,951,recovery,416
12.374964594073157,38,0,216,746,0,0,0,952,infection,385
12.37985772996052,38,0,215,747,0,0,0,952,recovery,458
12.380092383468224,38,0,214,748,0,0,0,952,recovery,861
12.395698375029069,37,0,215,748,0,0,0,953,infection,164
12.4053252471779,37,0,214,749,0,0,0,953,recovery,359
12.419541528892704,37,0,213,750,0,0,0,953,recovery,241
12.419684046304688,37,0,212,751,0,0,0,953,recovery,292
12.421502653135722,37,0,211,752,0,0,0,953,recovery,988
12.438077034943142,37,0,210,753,0,0,0,953,recovery,948
12.455509086358848,37,0,209,754,0,0,0,953,recovery,856
12.47594730631107,37,0,208,755,0,0,0,953,recovery,907
12.507586437714636,37,0,207,756,0,0,0,953,recovery,314
12.518065573008851,37,0,206,757,0,0,0,953,recovery,873
12.536944658984623,37,0,205,758,0,0,0,953,recovery,846
12.551427729100995,37,0,204,759,0,0,0,953,recovery,590
12.56147829669299,37,0,203,760,0,0,0,953,recovery,712
12.570242015701691,37,0,202,761,0,0,0,953,recovery,321
12.587310773931058,37,0,201,762,0,0,0,953,recovery,721
12.596247052404923,36,0,202,762,0,0,0,954,infection,610
12.614022027407081,36,0,201,763,0,0,0,954,recovery,184
12.628774057008323,36,0,200,764,0,0,0,954,recovery,232
12.63462180930232,36,0,199,765,0,0,0,954,recovery,382
12.678738709975804,36,0,198,766,0,0,0,954,recovery,683
12.682547103157919,36,0,197,767,0,0,0,954,recovery,243
12.693870235220507,36,0,196,768,0,0,0,954,recovery,421
12.70885070630527,36,0,195,769,0,0,0,954,recovery,86
12.734567187438083,36,0,194,770,0,0,0,954,recovery,685
12.735914010234,36,0,193,771,0,0,0,954,recovery,427
12.773846494353508,36,0,192,772,0,0,0,954,recovery,678
12.776788811170082,36,0,191,773,0,0,0,954,recovery,78
12.782061784363123,35,0,192,773,0,0,0,955,infection,261
12.78873882846218,35,0,191,774,0,0,0,955,recovery,221
12.822964808245708,35,0,190,775,0,0,0,955,recovery,261
12.84441832089874,34,0,191,775,0,0,0,956,infection,420
12.850001506845569,33,0,192,775,0,0,0,957,infection,340
12.891884103567037,33,0,191,776,0,0,0,957,recovery,228
12.89364421851175,33,0,190,777,0,0,0,957,recovery,331
12.914886540386075,33,0,189,778,0,0,0,957,recovery,316
12.919553542889169,33,0,188,779,0,0,0,957,recovery,938
12.969320830507181,32,0,189,779,0,0,0,958,infection,180
13.004031228270087,32,0,188,780,0,0,0,958,recovery,705
13.009660236145468,32,0,187,781,0,0,0,958,recovery,530
13.012604967413669,32,0,186,782,0,0,0,958,recovery,882
13.02708716254966,32,0,185,783,0,0,0,958,recovery,550
13.035528565668757,32,0,184,784,0,0,0,958,recovery,244
13.038174670805077,31,0,185,784,0,0,0,959,infection,96
13.06284109832384,31,0,184,785,0,0,0,959,recovery,257
13.092117616842119,30,0,185,785,0,0,0,960,infection,122
13.12317098097854,30,0,184,786,0,0,0,960,recovery,981
13.123222961941938,30,0,183,787,0,0,0,960,recovery,148
13.139323759761199,29,0,184,787,0,0,0,961,infection,767
13.157090676471299,29,0,183,788,0,0,0,961,recovery,732
13.180907928172472,29,0,182,789,0,0,0,961,recovery,482
13.216744727607207,29,0,181,790,0,0,0,961,recovery,48
13.267615281712615,29,0,180,791,0,0,0,961,recovery,469
13.283311324107693,29,0,179,792,0,0,0,961,recovery,481
13.294707580598086,29,0,178,793,0,0,0,961,recovery,434
13.31617279435984,29,0,177,794,0,0,0,961,recovery,426
13.416412194556283,29,0,176,795,0,0,0,961,recovery,646
13.456927591930263,29,0,175,796,0,0,0,961,recovery,927
13.466533418799617,29,0,174,797,0,0,0,961,recovery,965
13.468482344207509,28,0,175,797,0,0,0,962,infection,60
13.490810240101784,28,0,174,798,0,0,0,962,recovery,672
13.495993048125213,27,0,175,798,0,0,0,963,infection,669
13.559192194316209,27,0,174,799,0,0,0,963,recovery,361
13.568568212841361,27,0,173,800,0,0,0,963,recovery,368
13.582193559805157,27,0,172,801,0,0,0,963,recovery,275
13.585773873313343,27,0,171,802,0,0,0,963,recovery,818
13.592303577267945,27,0,170,803,0,0,0,963,recovery,507
13.611770357936951,27,0,169,804,0,0,0,963,recovery,381
13.611825493767213,27,0,168,805,0,0,0,963,recovery,544
13.613584241603984,27,0,167,806,0,0,0,963,recovery,968
13.635136378243125,27,0,166,807,0,0,0,963,recovery,420
13.645070186608962,26,0,167,807,0,0,0,964,infection,135
13.692128335050182,26,0,166,808,0,0,0,964,recovery,203
13.700556982641729,26,0,165,809,0,0,0,964,recovery,24
13.709334308848204,26,0,164,810,0,0,0,964,recovery,509
13.712266981666561,26,0,163,811,0,0,0,964,recovery,914
13.732703483409988,26,0,162,812,0,0,0,964,recovery,727
13.81698169725128,26,0,161,813,0,0,0,964,recovery,312
13.827572958205506,26,0,160,814,0,0,0,964,recovery,35
13.862227017328777,26,0,159,815,0,0,0,964,recovery,610
13.865017510593898,26,0,158,816,0,0,0,964,recovery,511
13.87281738724251,26,0,157,817,0,0,0,964,recovery,182
13.911347114761826,26,0,156,818,0,0,0,964,recovery,220
13.923664116652995,26,0,155,819,0,0,0,964,recovery,180
13.949133605010664,26,0,154,820,0,0,0,964,recovery,784
13.95318676729122,26,0,153,821,0,0,0,964,recovery,109
14.014347904562793,26,0,152,822,0,0,0,964,recovery,265
14.022457219516365,26,0,151,823,0,0,0,964,recovery,385
14.028871406677272,26,0,150,824,0,0,0,964,recovery,865
14.070594113951529,26,0,149,825,0,0,0,964,recovery,629
14.082927232089496,26,0,148,826,0,0,0,964,recovery,951
14.115861719118053,26,0,147,827,0,0,0,964,recovery,752
14.121125417941357,26,0,146,828,0,0,0,964,recovery,799
14.146684730893904,26,0,145,829,0,0,0,964,recovery,552
14.153308178568501,26,0,144,830,0,0,0,964,recovery,867
14.193791634446264,26,0,143,831,0,0,0,964,recovery,304
14.199874956675128,26,0,142,832,0,0,0,964,recovery,356
14.222172674509256,26,0,141,833,0,0,0,964,recovery,723
14.224226537451448,26,0,140,834,0,0,0,964,recovery,835
14.240321607079956,26,0,139,835,0,0,0,964,recovery,242
14.25846290894621,26,0,138,836,0,0,0,964,recovery,570
14.262321885517098,26,0,137,837,0,0,0,964,recovery,470
14.291185256492588,26,0,136,838,0,0,0,964,recovery,419
14.299576956334667,26,0,135,839,0,0,0,964,recovery,788
14.314796620599306,26,0,134,840,0,0,0,964,recovery,748
14.326107768247363,25,0,135,840,0,0,0,965,infection,625
14.382356213957383,25,0,134,841,0,0,0,965,recovery,98
14.390630052390188,25,0,133,842,0,0,0,965,recovery,71
14.445525232323131,25,0,132,843,0,0,0,965,recovery,110
14.450022452475913,25,0,131,844,0,0,0,965,recovery,10
14.45145623686197,25,0,130,845,0,0,0,965,recovery,327
14.455709207791923,25,0,129,846,0,0,0,965,recovery,209
14.5453205384989,25,0,128,847,0,0,0,965,recovery,134
14.547852950361785,25,0,127,848,0,0,0,965,recovery,188
14.588830042034395,25,0,126,849,0,0,0,965,recovery,363
14.633874920600743,25,0,125,850,0,0,0,965,recovery,903
14.660548619539789,25,0,124,851,0,0,0,965,recovery,977
14.670574422835525,25,0,123,852,0,0,0,965,recovery,569
14.68619165772675,25,0,122,853,0,0,0,965,recovery,802
14.719714108724048,25,0,121,854,0,0,0,965,recovery,834
14.726812586244012,25,0,120,855,0,0,0,965,recovery,102
14.748043126402532,25,0,119,856,0,0,0,965,recovery,347
14.783102020723417,25,0,118,857,0,0,0,965,recovery,794
14.789421264025123,25,0,117,858,0,0,0,965,recovery,111
14.829800595211328,25,0,116,859,0,0,0,965,recovery,506
14.84962779803585,25,0,115,860,0,0,0,965,recovery,82
14.87037678646691,25,0,114,861,0,0,0,965,recovery,73
14.978834124063305,25,0,113,862,0,0,0,965,recovery,395
15.04272607516964,25,0,112,863,0,0,0,965,recovery,666
15.07107801450718,25,0,111,864,0,0,0,965,recovery,514
15.10776068672121,25,0,110,865,0,0,0,965,recovery,717
15.177742246421031,25,0,109,866,0,0,0,965,recovery,961
15.214214990786303,25,0,108,867,0,0,0,965,recovery,750
15.252405967429654,24,0,109,867,0,0,0,966,infection,298
15.27493711096173,24,0,108,868,0,0,0,966,recovery,157
15.322967863492108,23,0,109,868,0,0,0,967,infection,615
15.367488794108496,22,0,110,868,0,0,0,968,infection,967
15.404643094570268,22,0,109,869,0,0,0,968,recovery,135
15.425226741596944,22,0,108,870,0,0,0,968,recovery,576
15.52271208703367,22,0,107,871,0,0,0,968,recovery,83
15.524035469653784,22,0,106,872,0,0,0,968,recovery,741
15.58005196624465,22,0,105,873,0,0,0,968,recovery,669
15.585370468688982,22,0,104,874,0,0,0,968,recovery,768
15.64860893965113,22,0,103,875,0,0,0,968,recovery,127
15.667697705884542,21,0,104,875,0,0,0,969,infection,270
15.684431882503205,21,0,103,876,0,0,0,969,recovery,183
15.757659796468513,21,0,102,877,0,0,0,969,recovery,729
15.759542481455865,21,0,101,878,0,0,0,969,recovery,881
15.78910408258421,21,0,100,879,0,0,0,969,recovery,123
15.795744459126027,21,0,99,880,0,0,0,969,recovery,780
15.85390156974962,21,0,98,881,0,0,0,969,recovery,906
15.884871871392942,21,0,97,882,0,0,0,969,recovery,60
15.907082263749611,21,0,96,883,0,0,0,969,recovery,783
15.913882796368663,21,0,95,884,0,0,0,969,recovery,285
15.932605904089609,21,0,94,885,0,0,0,969,recovery,439
16.015776896565292,21,0,93,886,0,0,0,969,recovery,185
16.03692732568365,20,0,94,886,0,0,0,970,infection,264
16.041143204270973,20,0,93,887,0,0,0,970,recovery,162
16.141695038597632,20,0,92,888,0,0,0,970,recovery,975
16.239279871683316,20,0,91,889,0,0,0,970,recovery,1
16.261247389390256,20,0,90,890,0,0,0,970,recovery,822
16.279751283810768,19,0,91,890,0,0,0,971,infection,172
16.396752616063637,19,0,90,891,0,0,0,971,recovery,326
16.403386861983808,19,0,89,892,0,0,0,971,recovery,172
16.447276464175395,19,0,88,893,0,0,0,971,recovery,621
16.44944726123991,19,0,87,894,0,0,0,971,recovery,17
16.490644859486334,19,0,86,895,0,0,0,971,recovery,323
16.56893240436434,19,0,85,896,0,0,0,971,recovery,921
16.594878424559262,19,0,84,897,0,0,0,971,recovery,270
16.64243333052461,18,0,85,897,0,0,0,972,infection,896
16.682558784753905,18,0,84,898,0,0,0,972,recovery,841
16.767301907903253,18,0,83,899,0,0,0,972,recovery,311
16.802740207299813,18,0,82,900,0,0,0,972,recovery,831
16.850290208147587,17,0,83,900,0,0,0,973,infection,448
16.905984077724774,17,0,82,901,0,0,0,973,recovery,29
16.96678126358077,17,0,81,902,0,0,0,973,recovery,141
16.98781613868994,17,0,80,903,0,0,0,973,recovery,809
17.003242039294154,17,0,79,904,0,0,0,973,recovery,703
17.123739812627846,16,0,80,904,0,0,0,974,infection,374
17.16178196921949,16,0,79,905,0,0,0,974,recovery,410
17.191629931169647,16,0,78,906,0,0,0,974,recovery,230
17.192613549998907,16,0,77,907,0,0,0,974,recovery,122
17.21901795405163,16,0,76,908,0,0,0,974,recovery,68
17.322908944762574,16,0,75,909,0,0,0,974,recovery,616
17.34643134869727,16,0,74,910,0,0,0,974,recovery,524
17.353733539568655,16,0,73,911,0,0,0,974,recovery,532
17.375831560571662,16,0,72,912,0,0,0,974,recovery,177
17.405534988099404,16,0,71,913,0,0,0,974,recovery,707
17.4377918876386,16,0,70,914,0,0,0,974,recovery,415
17.52574356658786,16,0,69,915,0,0,0,974,recovery,649
17.552254459682047,16,0,68,916,0,0,0,974,recovery,152
17.67715820702133,16,0,67,917,0,0,0,974,recovery,374
17.688878954513907,16,0,66,918,0,0,0,974,recovery,448
17.86467730806938,16,0,65,919,0,0,0,974,recovery,224
18.00269083657783,16,0,64,920,0,0,0,974,recovery,767
18.01356063750511,16,0,63,921,0,0,0,974,recovery,164
18.01534524468512,16,0,62,922,0,0,0,974,recovery,343
18.051922691035,16,0,61,923,0,0,0,974,recovery,120
18.083047802237918,16,0,60,924,0,0,0,974,recovery,138
18.181984911041873,16,0,59,925,0,0,0,974,recovery,615
18.1869830554976,16,0,58,926,0,0,0,974,recovery,334
18.254148095300618,16,0,57,927,0,0,0,974,recovery,336
18.353436483334885,16,0,56,928,0,0,0,974,recovery,858
18.39107899430033,16,0,55,929,0,0,0,974,recovery,130
18.395899991769163,16,0,54,930,0,0,0,974,recovery,597
18.426390982331416,16,0,53,931,0,0,0,974,recovery,142
18.525367434424012,16,0,52,932,0,0,0,974,recovery,789
18.558434018284,16,0,51,933,0,0,0,974,recovery,592
18.753629242221105,16,0,50,934,0,0,0,974,recovery,851
18.888109683167343,16,0,49,935,0,0,0,974,recovery,675
18.922562138796742,16,0,48,936,0,0,0,974,recovery,124
18.952279995019836,16,0,47,937,0,0,0,974,recovery,263
18.980992247728395,16,0,46,938,0,0,0,974,recovery,248
18.98359825001221,16,0,45,939,0,0,0,974,recovery,101
19.008480934417708,16,0,44,940,0,0,0,974,recovery,816
19.042484645715916,16,0,43,941,0,0,0,974,recovery,422
19.093133725663527,16,0,42,942,0,0,0,974,recovery,537
19.161088921010396,16,0,41,943,0,0,0,974,recovery,896
19.389337798659,16,0,40,944,0,0,0,974,recovery,377
19.400833833419146,16,0,39,945,0,0,0,974,recovery,765
19.470948282255776,16,0,38,946,0,0,0,974,recovery,876
19.48353215510884,16,0,37,947,0,0,0,974,recovery,913
19.491834816592366,16,0,36,948,0,0,0,974,recovery,247
19.508470263963254,16,0,35,949,0,0,0,974,recovery,298
19.519510159850153,16,0,34,950,0,0,0,974,recovery,633
19.619276752245014,16,0,33,951,0,0,0,974,recovery,140
19.666076782290244,16,0,32,952,0,0,0,974,recovery,19
19.729729831975455,16,0,31,953,0,0,0,974,recovery,204
19.759671018358205,16,0,30,954,0,0,0,974,recovery,279
19.82174702916704,16,0,29,955,0,0,0,974,recovery,902
19.950357487598115,16,0,28,956,0,0,0,974,recovery,353
19.989532974364025,16,0,27,957,0,0,0,974,recovery,371
20.065192602987093,16,0,26,958,0,0,0,974,recovery,967
20.198031606864298,16,0,25,959,0,0,0,974,recovery,625
20.32944985118073,15,0,26,959,0,0,0,975,infection,676
20.57098246426359,15,0,25,960,0,0,0,975,recovery,709
21.072975309307513,15,0,24,961,0,0,0,975,recovery,676
21.077914695171092,15,0,23,962,0,0,0,975,recovery,905
21.996521779171875,15,0,22,963,0,0,0,975,recovery,166
22.1867845269365,14,0,23,963,0,0,0,976,infection,262
22.213366673046263,14,0,22,964,0,0,0,976,recovery,403
22.38689140038673,14,0,21,965,0,0,0,976,recovery,286
22.39227879195869,14,0,20,966,0,0,0,976,recovery,264
22.40601653938841,14,0,19,967,0,0,0,976,recovery,340
23.23083850974649,14,0,18,968,0,0,0,976,recovery,990
23.495703918449422,14,0,17,969,0,0,0,976,recovery,843
23.913804742873204,14,0,16,970,0,0,0,976,recovery,214
23.952125490102766,14,0,15,971,0,0,0,976,recovery,139
23.971685002971626,14,0,14,972,0,0,0,976,recovery,146
24.095249584999305,14,0,13,973,0,0,0,976,recovery,59
24.181480648605678,14,0,12,974,0,0,0,976,recovery,300
24.449360298608646,14,0,11,975,0,0,0,976,recovery,978
24.485938961780914,14,0,10,976,0,0,0,976,recovery,212
24.870271108096002,14,0,9,977,0,0,0,976,recovery,926
26.502480691162287,14,0,8,978,0,0,0,976,recovery,862
26.89809582773377,14,0,7,979,0,0,0,976,recovery,900
26.92107075460366,14,0,6,980,0,0,0,976,recovery,262
27.45562274115392,14,0,5,981,0,0,0,976,recovery,335
27.984271009730882,14,0,4,982,0,0,0,976,recovery,720
28.10976051398037,14,0,3,983,0,0,0,976,recovery,376
28.14278971724672,14,0,2,984,0,0,0,976,recovery,96
29.984831167733184,14,0,1,985,0,0,0,976,recovery,15
30.59099272462533,14,0,0,986,0,0,0,976,recovery,201
40.0,14,0,0,986,0,0,0,976,horizon,0
