t,S,E,I,R,births,deaths,vaccinated,infections,event,person
0.0,990,0,10,0,0,0,0,0,initial,0
0.0519710855629983,989,0,11,0,0,0,0,1,infection,329
0.07877401791881752,989,0,10,1,0,0,0,1,recovery,998
0.10343214118268289,988,0,11,1,0,0,0,2,infection,676
0.27018865897663685,987,0,12,1,0,0,0,3,infection,735
0.40328492929084125,987,0,11,2,0,0,0,3,recovery,329
0.452738802776685,987,0,10,3,0,0,0,3,recovery,992
0.4661958297751443,987,0,9,4,0,0,0,3,recovery,1000
0.4875867626658632,987,0,8,5,0,0,0,3,recovery,996
0.5958207861305753,986,0,9,5,0,0,0,4,infection,654
0.8989546183164918,986,0,8,6,0,0,0,4,recovery,735
0.910531481137999,985,0,9,6,0,0,0,5,infection,92
0.9438971832163795,984,0,10,6,0,0,0,6,infection,633
1.1048890810195704,983,0,11,6,0,0,0,7,infection,911
1.1156148529424887,982,0,12,6,0,0,0,8,infection,184
1.3085799867652232,981,0,13,6,0,0,0,9,infection,677
1.3104025928416363,980,0,14,6,0,0,0,10,infection,791
1.3301694527868289,979,0,15,6,0,0,0,11,infection,110
1.3337628366071606,979,0,14,7,0,0,0,11,recovery,677
1.4348829975676634,979,0,13,8,0,0,0,11,recovery,997
1.4929255014485294,978,0,14,8,0,0,0,12,infection,461
1.6223235141820675,977,0,15,8,0,0,0,13,infection,578
1.6412504089063227,977,0,14,9,0,0,0,13,recovery,110
1.653255732301388,976,0,15,9,0,0,0,14,infection,235
1.7011797318049982,975,0,16,9,0,0,0,15,infection,576
1.7485336436575876,974,0,17,9,0,0,0,16,infection,122
1.8545956156990993,973,0,18,9,0,0,0,17,infection,891
1.8640667271751428,972,0,19,9,0,0,0,18,infection,116
1.8967421286672175,971,0,20,9,0,0,0,19,infection,95
1.9819516638358103,970,0,21,9,0,0,0,20,infection,133
2.085200869690023,970,0,20,10,0,0,0,20,recovery,791
2.0882003025808777,969,0,21,10,0,0,0,21,infection,35
2.1414230602420874,968,0,22,10,0,0,0,22,infection,661
2.268588469693321,967,0,23,10,0,0,0,23,infection,904
2.293357579254761,966,0,24,10,0,0,0,24,infection,27
2.301381624753617,965,0,25,10,0,0,0,25,infection,987
2.3289203090586414,965,0,24,11,0,0,0,25,recovery,891
2.4193612440836625,964,0,25,11,0,0,0,26,infection,323
2.4744277044039324,963,0,26,11,0,0,0,27,infection,377
2.513102783642417,963,0,25,12,0,0,0,27,recovery,994
2.563557350897404,963,0,24,13,0,0,0,27,recovery,576
2.7112423611315912,962,0,25,13,0,0,0,28,infection,930
2.7839460228342747,961,0,26,13,0,0,0,29,infection,357
2.8207417828940837,960,0,27,13,0,0,0,30,infection,32
2.8244112601840903,959,0,28,13,0,0,0,31,infection,779
2.860775564019242,958,0,29,13,0,0,0,32,infection,770
2.921931858202551,957,0,30,13,0,0,0,33,infection,519
2.927788439869933,956,0,31,13,0,0,0,34,infection,639
2.951612368997876,955,0,32,13,0,0,0,35,infection,366
2.9740683307360776,954,0,33,13,0,0,0,36,infection,957
2.992063609498037,953,0,34,13,0,0,0,37,infection,468
3.0055803394644474,952,0,35,13,0,0,0,38,infection,542
3.0165484980424777,951,0,36,13,0,0,0,39,infection,121
3.043212060811569,950,0,37,13,0,0,0,40,infection,240
3.0677670541631508,949,0,38,13,0,0,0,41,infection,40
3.077932026830589,948,0,39,13,0,0,0,42,infection,637
3.0958139685629216,948,0,38,14,0,0,0,42,recovery,92
3.1024310490892004,947,0,39,14,0,0,0,43,infection,483
3.121990010857998,946,0,40,14,0,0,0,44,infection,580
3.169947172307862,945,0,41,14,0,0,0,45,infection,489
3.2065353915311685,944,0,42,14,0,0,0,46,infection,539
3.226675244828365,943,0,43,14,0,0,0,47,infection,653
3.2308256292391793,942,0,44,14,0,0,0,48,infection,547
3.23577476728028,941,0,45,14,0,0,0,49,infection,764
3.236351872616496,940,0,46,14,0,0,0,50,infection,959
3.282768740297614,940,0,45,15,0,0,0,50,recovery,959
3.2866623170001494,939,0,46,15,0,0,0,51,infection,857
3.3154397162859857,938,0,47,15,0,0,0,52,infection,570
3.3210475514812265,937,0,48,15,0,0,0,53,infection,180
3.358129349473133,936,0,49,15,0,0,0,54,infection,17
3.3611855550902963,935,0,50,15,0,0,0,55,infection,896
3.378300984561584,934,0,51,15,0,0,0,56,infection,449
3.3869246653849903,933,0,52,15,0,0,0,57,infection,412
3.3873658154309076,933,0,51,16,0,0,0,57,recovery,993
3.3929490731355876,932,0,52,16,0,0,0,58,infection,760
3.3958262303553717,931,0,53,16,0,0,0,59,infection,296
3.397109776985181,931,0,52,17,0,0,0,59,recovery,35
3.4151310669010333,930,0,53,17,0,0,0,60,infection,22
3.422374677894684,929,0,54,17,0,0,0,61,infection,439
3.427769209165674,928,0,55,17,0,0,0,62,infection,188
3.4290668011795633,927,0,56,17,0,0,0,63,infection,983
3.442047989973596,927,0,55,18,0,0,0,63,recovery,377
3.444980242702313,926,0,56,18,0,0,0,64,infection,401
3.4629526675911904,926,0,55,19,0,0,0,64,recovery,296
3.4758205682287624,925,0,56,19,0,0,0,65,infection,205
3.4999173816402602,925,0,55,20,0,0,0,65,recovery,188
3.505526078572196,924,0,56,20,0,0,0,66,infection,491
3.509636622094618,924,0,55,21,0,0,0,66,recovery,235
3.557840105387567,923,0,56,21,0,0,0,67,infection,883
3.588959015206562,923,0,55,22,0,0,0,67,recovery,578
3.6473432997239614,922,0,56,22,0,0,0,68,infection,838
3.651794087210795,921,0,57,22,0,0,0,69,infection,65
3.658453777327355,920,0,58,22,0,0,0,70,infection,161
3.6875834538593164,919,0,59,22,0,0,0,71,infection,421
3.713609623202083,919,0,58,23,0,0,0,71,recovery,519
3.7200330786692284,918,0,59,23,0,0,0,72,infection,834
3.748528327673938,917,0,60,23,0,0,0,73,infection,921
3.7489522003286178,916,0,61,23,0,0,0,74,infection,531
3.764752055034661,915,0,62,23,0,0,0,75,infection,386
3.7834869440409684,914,0,63,23,0,0,0,76,infection,336
3.790864748483943,914,0,62,24,0,0,0,76,recovery,857
3.7982815842112077,914,0,61,25,0,0,0,76,recovery,116
3.819531805049692,913,0,62,25,0,0,0,77,infection,120
3.836533372791202,912,0,63,25,0,0,0,78,infection,743
3.8566630756397857,912,0,62,26,0,0,0,78,recovery,580
3.8770071116368525,911,0,63,26,0,0,0,79,infection,338
3.8820823854614526,910,0,64,26,0,0,0,80,infection,28
3.884285172232164,910,0,63,27,0,0,0,80,recovery,32
3.8914209233428685,909,0,64,27,0,0,0,81,infection,532
3.899396317107552,908,0,65,27,0,0,0,82,infection,826
3.9059313187842974,907,0,66,27,0,0,0,83,infection,628
3.936704273923379,906,0,67,27,0,0,0,84,infection,703
3.9557479979293353,906,0,66,28,0,0,0,84,recovery,987
3.972524996420653,905,0,67,28,0,0,0,85,infection,607
3.990843922514975,904,0,68,28,0,0,0,86,infection,29
4.08509839092785,903,0,69,28,0,0,0,87,infection,456
4.124426586918055,902,0,70,28,0,0,0,88,infection,318
4.143004166287928,901,0,71,28,0,0,0,89,infection,915
4.161127336469341,900,0,72,28,0,0,0,90,infection,159
4.17747353513082,899,0,73,28,0,0,0,91,infection,658
4.203566878277184,898,0,74,28,0,0,0,92,infection,549
4.203843637131343,897,0,75,28,0,0,0,93,infection,526
4.221086222483507,897,0,74,29,0,0,0,93,recovery,930
4.250513159071948,896,0,75,29,0,0,0,94,infection,324
4.255379217028753,895,0,76,29,0,0,0,95,infection,864
4.260861019855574,894,0,77,29,0,0,0,96,infection,771
4.275851519851527,894,0,76,30,0,0,0,96,recovery,439
4.284961670203379,894,0,75,31,0,0,0,96,recovery,999
4.296607785116754,893,0,76,31,0,0,0,97,infection,612
4.297105291255321,892,0,77,31,0,0,0,98,infection,1
4.322456914144799,891,0,78,31,0,0,0,99,infection,431
4.3540059375111255,890,0,79,31,0,0,0,100,infection,171
4.358003038657751,890,0,78,32,0,0,0,100,recovery,743
4.368705941156707,889,0,79,32,0,0,0,101,infection,529
4.382571732000118,889,0,78,33,0,0,0,101,recovery,323
4.454507954405819,888,0,79,33,0,0,0,102,infection,147
4.460313900985313,887,0,80,33,0,0,0,103,infection,83
4.463018738844698,886,0,81,33,0,0,0,104,infection,309
4.468120484946006,886,0,80,34,0,0,0,104,recovery,539
4.470811930740512,885,0,81,34,0,0,0,105,infection,719
4.482755222537215,885,0,80,35,0,0,0,105,recovery,122
4.491903765882417,884,0,81,35,0,0,0,106,infection,829
4.505348009306842,883,0,82,35,0,0,0,107,infection,150
4.528127012958312,882,0,83,35,0,0,0,108,infection,626
4.554270571912968,881,0,84,35,0,0,0,109,infection,443
4.576501947862488,880,0,85,35,0,0,0,110,infection,877
4.576588373598374,879,0,86,35,0,0,0,111,infection,51
4.577158981223979,878,0,87,35,0,0,0,112,infection,690
4.582659931293596,877,0,88,35,0,0,0,113,infection,553
4.5831710925856,876,0,89,35,0,0,0,114,infection,237
4.596058311375524,876,0,88,36,0,0,0,114,recovery,150
4.601121977982466,876,0,87,37,0,0,0,114,recovery,639
4.616491584454015,875,0,88,37,0,0,0,115,infection,178
4.627739282686759,874,0,89,37,0,0,0,116,infection,278
4.63500911658406,873,0,90,37,0,0,0,117,infection,125
4.644846083549946,873,0,89,38,0,0,0,117,recovery,28
4.652132880415157,872,0,90,38,0,0,0,118,infection,973
4.6639104727332255,871,0,91,38,0,0,0,119,infection,593
4.669180237468915,870,0,92,38,0,0,0,120,infection,533
4.675189153518442,869,0,93,38,0,0,0,121,infection,44
4.6767540937178795,868,0,94,38,0,0,0,122,infection,581
4.689569452345914,868,0,93,39,0,0,0,122,recovery,760
4.69631856884016,867,0,94,39,0,0,0,123,infection,356
4.698036327351333,867,0,93,40,0,0,0,123,recovery,529
4.708451228078611,866,0,94,40,0,0,0,124,infection,828
4.711593516457077,866,0,93,41,0,0,0,124,recovery,921
4.725297832942891,865,0,94,41,0,0,0,125,infection,943
4.736934840387295,865,0,93,42,0,0,0,125,recovery,324
4.759348984501731,864,0,94,42,0,0,0,126,infection,213
4.780595321625096,863,0,95,42,0,0,0,127,infection,717
4.79589670860032,862,0,96,42,0,0,0,128,infection,724
4.825654711668449,861,0,97,42,0,0,0,129,infection,242
4.836555531161431,860,0,98,42,0,0,0,130,infection,390
4.839609992720182,859,0,99,42,0,0,0,131,infection,10
4.8610920179076915,858,0,100,42,0,0,0,132,infection,103
4.874731655637443,857,0,101,42,0,0,0,133,infection,700
4.882046412317344,856,0,102,42,0,0,0,134,infection,946
4.887205054827935,855,0,103,42,0,0,0,135,infection,96
4.900308668660686,854,0,104,42,0,0,0,136,infection,343
4.910813844822953,853,0,105,42,0,0,0,137,infection,812
4.912639440189245,852,0,106,42,0,0,0,138,infection,255
4.932710796158435,851,0,107,42,0,0,0,139,infection,436
4.943845292318051,850,0,108,42,0,0,0,140,infection,196
4.9524743201268295,850,0,107,43,0,0,0,140,recovery,120
4.9574923467394125,849,0,108,43,0,0,0,141,infection,232
4.990731371608063,848,0,109,43,0,0,0,142,infection,383
5.002648864078191,847,0,110,43,0,0,0,143,infection,520
5.059948175795299,846,0,111,43,0,0,0,144,infection,503
5.062523036428555,845,0,112,43,0,0,0,145,infection,966
5.063437366543681,844,0,113,43,0,0,0,146,infection,684
5.072376658824542,843,0,114,43,0,0,0,147,infection,852
5.081963091514801,842,0,115,43,0,0,0,148,infection,152
5.08344734243581,841,0,116,43,0,0,0,149,infection,238
5.0919036598802405,840,0,117,43,0,0,0,150,infection,233
5.1108393604139515,840,0,116,44,0,0,0,150,recovery,570
5.124834424003593,839,0,117,44,0,0,0,151,infection,885
5.1303755863461005,838,0,118,44,0,0,0,152,infection,391
5.148004911611666,837,0,119,44,0,0,0,153,infection,224
5.149302602727263,836,0,120,44,0,0,0,154,infection,925
5.156767861754965,835,0,121,44,0,0,0,155,infection,426
5.158840241792745,835,0,120,45,0,0,0,155,recovery,612
5.177722982167559,835,0,119,46,0,0,0,155,recovery,771
5.1795197171710665,834,0,120,46,0,0,0,156,infection,48
5.221224353399238,834,0,119,47,0,0,0,156,recovery,184
5.231884196897573,833,0,120,47,0,0,0,157,infection,402
5.239333881779058,832,0,121,47,0,0,0,158,infection,195
5.240240452148984,831,0,122,47,0,0,0,159,infection,26
5.242364987110171,830,0,123,47,0,0,0,160,infection,596
5.2434317847158,829,0,124,47,0,0,0,161,infection,6
5.25420597213793,828,0,125,47,0,0,0,162,infection,259
5.266436319845405,828,0,124,48,0,0,0,162,recovery,461
5.269087238003825,827,0,125,48,0,0,0,163,infection,573
5.28110419951779,826,0,126,48,0,0,0,164,infection,971
5.286095103508161,826,0,125,49,0,0,0,164,recovery,29
5.291798380795031,825,0,126,49,0,0,0,165,infection,463
5.301226608914612,824,0,127,49,0,0,0,166,infection,901
5.30136502964034,823,0,128,49,0,0,0,167,infection,610
5.312773914015747,822,0,129,49,0,0,0,168,infection,579
5.329992185687971,821,0,130,49,0,0,0,169,infection,203
5.342080668288151,820,0,131,49,0,0,0,170,infection,212
5.3461013465721665,820,0,130,50,0,0,0,170,recovery,533
5.352915255916872,819,0,131,50,0,0,0,171,infection,191
5.355894042217509,818,0,132,50,0,0,0,172,infection,261
5.368328300376805,818,0,131,51,0,0,0,172,recovery,943
5.372904617159874,817,0,132,51,0,0,0,173,infection,944
5.374445809195171,816,0,133,51,0,0,0,174,infection,790
5.378065223947102,816,0,132,52,0,0,0,174,recovery,412
5.394676132758247,815,0,133,52,0,0,0,175,infection,582
5.396832883151012,814,0,134,52,0,0,0,176,infection,459
5.398586077465495,813,0,135,52,0,0,0,177,infection,314
5.400875675018529,812,0,136,52,0,0,0,178,infection,932
5.4062094286788245,811,0,137,52,0,0,0,179,infection,360
5.414868172111121,810,0,138,52,0,0,0,180,infection,130
5.426631664544927,809,0,139,52,0,0,0,181,infection,160
5.432518368978114,809,0,138,53,0,0,0,181,recovery,966
5.438569214298905,808,0,139,53,0,0,0,182,infection,844
5.455388414155374,808,0,138,54,0,0,0,182,recovery,724
5.47541423672109,808,0,137,55,0,0,0,182,recovery,44
5.479901265129675,808,0,136,56,0,0,0,182,recovery,829
5.480822535867353,807,0,137,56,0,0,0,183,infection,153
5.486993321787661,806,0,138,56,0,0,0,184,infection,963
5.494601511151596,805,0,139,56,0,0,0,185,infection,311
5.497538530976794,805,0,138,57,0,0,0,185,recovery,547
5.510734840098029,804,0,139,57,0,0,0,186,infection,949
5.513248048569723,803,0,140,57,0,0,0,187,infection,897
5.525300164030973,803,0,139,58,0,0,0,187,recovery,531
5.527312297535795,802,0,140,58,0,0,0,188,infection,18
5.534164202398766,801,0,141,58,0,0,0,189,infection,55
5.542814968325811,801,0,140,59,0,0,0,189,recovery,449
5.552323680567758,801,0,139,60,0,0,0,189,recovery,238
5.558085528388332,800,0,140,60,0,0,0,190,infection,333
5.56115963574988,799,0,141,60,0,0,0,191,infection,76
5.576036910791039,798,0,142,60,0,0,0,192,infection,422
5.576359510811879,798,0,141,61,0,0,0,192,recovery,946
5.596883877574718,797,0,142,61,0,0,0,193,infection,839
5.5975915066719155,796,0,143,61,0,0,0,194,infection,406
5.611890076555932,795,0,144,61,0,0,0,195,infection,849
5.614104952019094,794,0,145,61,0,0,0,196,infection,9
5.618713098566703,793,0,146,61,0,0,0,197,infection,24
5.6228536387355845,793,0,145,62,0,0,0,197,recovery,764
5.628078992154935,792,0,146,62,0,0,0,198,infection,917
5.630152810897741,791,0,147,62,0,0,0,199,infection,910
5.637302338545621,791,0,146,63,0,0,0,199,recovery,343
5.6445324684031295,790,0,147,63,0,0,0,200,infection,645
5.656831457126824,789,0,148,63,0,0,0,201,infection,769
5.670103578748156,788,0,149,63,0,0,0,202,infection,530
5.671417886243892,787,0,150,63,0,0,0,203,infection,77
5.673899624797864,787,0,149,64,0,0,0,203,recovery,357
5.674470871814733,786,0,150,64,0,0,0,204,infection,854
5.676686655341778,785,0,151,64,0,0,0,205,infection,12
5.677273538324063,785,0,150,65,0,0,0,205,recovery,22
5.68807071708951,784,0,151,65,0,0,0,206,infection,279
5.689399665067858,784,0,150,66,0,0,0,206,recovery,147
5.709996489417494,783,0,151,66,0,0,0,207,infection,50
5.714044045741282,782,0,152,66,0,0,0,208,infection,415
5.716227230414555,781,0,153,66,0,0,0,209,infection,339
5.7225373541665245,781,0,152,67,0,0,0,209,recovery,915
5.722594816998131,780,0,153,67,0,0,0,210,infection,622
5.741533571562882,780,0,152,68,0,0,0,210,recovery,261
5.742040057751997,780,0,151,69,0,0,0,210,recovery,153
5.750216987891686,780,0,150,70,0,0,0,210,recovery,828
5.764812680760917,779,0,151,70,0,0,0,211,infection,500
5.765911851823734,778,0,152,70,0,0,0,212,infection,488
5.773001864797331,777,0,153,70,0,0,0,213,infection,90
5.7769183316697825,777,0,152,71,0,0,0,213,recovery,468
5.783840242530164,776,0,153,71,0,0,0,214,infection,506
5.797577682628526,775,0,154,71,0,0,0,215,infection,869
5.816639273033308,774,0,155,71,0,0,0,216,infection,922
5.856106715167286,773,0,156,71,0,0,0,217,infection,540
5.862177206242736,773,0,155,72,0,0,0,217,recovery,530
5.862456082036277,772,0,156,72,0,0,0,218,infection,931
5.864493947171805,772,0,155,73,0,0,0,218,recovery,864
5.868641943457481,771,0,156,73,0,0,0,219,infection,693
5.872297105131078,770,0,157,73,0,0,0,220,infection,69
5.872942791022364,769,0,158,73,0,0,0,221,infection,701
5.873829325812892,769,0,157,74,0,0,0,221,recovery,549
5.881034624317494,768,0,158,74,0,0,0,222,infection,775
5.882628555431227,767,0,159,74,0,0,0,223,infection,127
5.884940327658407,767,0,158,75,0,0,0,223,recovery,203
5.8931997863876715,767,0,157,76,0,0,0,223,recovery,152
5.905187800838115,767,0,156,77,0,0,0,223,recovery,963
5.916504725975595,766,0,157,77,0,0,0,224,infection,572
5.919225432060719,765,0,158,77,0,0,0,225,infection,887
5.92686410808521,764,0,159,77,0,0,0,226,infection,694
5.934761468102146,763,0,160,77,0,0,0,227,infection,501
5.946084283916165,762,0,161,77,0,0,0,228,infection,953
5.949060874447683,762,0,160,78,0,0,0,228,recovery,904
5.954197333833882,761,0,161,78,0,0,0,229,infection,988
5.955329496543017,760,0,162,78,0,0,0,230,infection,978
5.957261060163722,759,0,163,78,0,0,0,231,infection,166
5.96198293144453,758,0,164,78,0,0,0,232,infection,453
5.963792583829699,758,0,163,79,0,0,0,232,recovery,532
5.97526283475867,758,0,162,80,0,0,0,232,recovery,463
5.985167601569722,758,0,161,81,0,0,0,232,recovery,693
5.985324351548575,757,0,162,81,0,0,0,233,infection,364
5.994962455969585,756,0,163,81,0,0,0,234,infection,508
6.001971011870512,755,0,164,81,0,0,0,235,infection,299
6.0245054763257535,755,0,163,82,0,0,0,235,recovery,922
6.056354100039813,754,0,164,82,0,0,0,236,infection,264
6.061326076897164,753,0,165,82,0,0,0,237,infection,285
6.066478156642221,752,0,166,82,0,0,0,238,infection,355
6.06744956371689,752,0,165,83,0,0,0,238,recovery,844
6.068106793719868,751,0,166,83,0,0,0,239,infection,940
6.080455851698789,751,0,165,84,0,0,0,239,recovery,401
6.081311113572919,750,0,166,84,0,0,0,240,infection,458
6.091175199630955,749,0,167,84,0,0,0,241,infection,81
6.091200193895219,749,0,166,85,0,0,0,241,recovery,81
6.104146832136785,748,0,167,85,0,0,0,242,infection,397
6.106426968670539,747,0,168,85,0,0,0,243,infection,305
6.107340164353465,746,0,169,85,0,0,0,244,infection,156
6.111438520315924,746,0,168,86,0,0,0,244,recovery,834
6.113443639433944,746,0,167,87,0,0,0,244,recovery,336
6.1138430021427865,745,0,168,87,0,0,0,245,infection,317
6.114660584793432,745,0,167,88,0,0,0,245,recovery,156
6.115930431663983,744,0,168,88,0,0,0,246,infection,334
6.128120501736003,743,0,169,88,0,0,0,247,infection,93
6.132512248795433,742,0,170,88,0,0,0,248,infection,875
6.153734568245577,741,0,171,88,0,0,0,249,infection,805
6.159186547926728,741,0,170,89,0,0,0,249,recovery,83
6.173110820007916,740,0,171,89,0,0,0,250,infection,155
6.183410131577245,739,0,172,89,0,0,0,251,infection,417
6.183532568220836,738,0,173,89,0,0,0,252,infection,25
6.1845390679875,737,0,174,89,0,0,0,253,infection,956
6.184676581496819,736,0,175,89,0,0,0,254,infection,600
6.198696041230255,735,0,176,89,0,0,0,255,infection,60
6.203083817836342,735,0,175,90,0,0,0,255,recovery,443
6.217301348760486,735,0,174,91,0,0,0,255,recovery,309
6.221111033908602,734,0,175,91,0,0,0,256,infection,229
6.228257526704898,734,0,174,92,0,0,0,256,recovery,633
6.230378233612889,734,0,173,93,0,0,0,256,recovery,255
6.2366695009090165,734,0,172,94,0,0,0,256,recovery,573
6.238860512277237,733,0,173,94,0,0,0,257,infection,749
6.241221225246961,733,0,172,95,0,0,0,257,recovery,90
6.242935812091284,733,0,171,96,0,0,0,257,recovery,622
6.2519288360640815,732,0,172,96,0,0,0,258,infection,518
6.279043181385425,731,0,173,96,0,0,0,259,infection,907
6.279400204333969,731,0,172,97,0,0,0,259,recovery,953
6.292437984322886,730,0,173,97,0,0,0,260,infection,873
6.296465080632353,729,0,174,97,0,0,0,261,infection,763
6.296500644734408,728,0,175,97,0,0,0,262,infection,298
6.306390803268737,728,0,174,98,0,0,0,262,recovery,852
6.30928275517842,727,0,175,98,0,0,0,263,infection,561
6.311178055878133,726,0,176,98,0,0,0,264,infection,462
6.331298333811886,725,0,177,98,0,0,0,265,infection,481
6.338576565284339,724,0,178,98,0,0,0,266,infection,378
6.341672129557299,724,0,177,99,0,0,0,266,recovery,873
6.341691947187525,723,0,178,99,0,0,0,267,infection,112
6.3452614523458575,722,0,179,99,0,0,0,268,infection,678
6.353957705327763,721,0,180,99,0,0,0,269,infection,358
6.356789295421706,720,0,181,99,0,0,0,270,infection,706
6.362127549207617,719,0,182,99,0,0,0,271,infection,14
6.388921155954007,719,0,181,100,0,0,0,271,recovery,50
6.411050462543753,718,0,182,100,0,0,0,272,infection,347
6.412545426119237,717,0,183,100,0,0,0,273,infection,290
6.415350356579563,716,0,184,100,0,0,0,274,infection,845
6.417228445661367,716,0,183,101,0,0,0,274,recovery,607
6.417909847594857,716,0,182,102,0,0,0,274,recovery,264
6.422977674359906,715,0,183,102,0,0,0,275,infection,606
6.42807876599133,715,0,182,103,0,0,0,275,recovery,462
6.4303058670127236,714,0,183,103,0,0,0,276,infection,848
6.431004097658574,713,0,184,103,0,0,0,277,infection,19
6.434594242895854,712,0,185,103,0,0,0,278,infection,597
6.442972305854031,712,0,184,104,0,0,0,278,recovery,415
6.446007620920586,711,0,185,104,0,0,0,279,infection,736
6.4518602592509575,711,0,184,105,0,0,0,279,recovery,125
6.4546505874687,711,0,183,106,0,0,0,279,recovery,971
6.455120207748906,710,0,184,106,0,0,0,280,infection,79
6.48891919151574,709,0,185,106,0,0,0,281,infection,815
6.493629479474515,708,0,186,106,0,0,0,282,infection,493
6.496621726450247,707,0,187,106,0,0,0,283,infection,117
6.508913953728274,706,0,188,106,0,0,0,284,infection,927
6.518642693807526,706,0,187,107,0,0,0,284,recovery,259
6.51944921825859,705,0,188,107,0,0,0,285,infection,551
6.528826413159319,704,0,189,107,0,0,0,286,infection,774
6.5685676801920785,704,0,188,108,0,0,0,286,recovery,159
6.581216475001732,704,0,187,109,0,0,0,286,recovery,582
6.583137252983688,703,0,188,109,0,0,0,287,infection,671
6.583532477923509,702,0,189,109,0,0,0,288,infection,814
6.606924824536118,701,0,190,109,0,0,0,289,infection,714
6.607624326192971,700,0,191,109,0,0,0,290,infection,144
6.634734139848764,699,0,192,109,0,0,0,291,infection,990
6.638402828809104,698,0,193,109,0,0,0,292,infection,811
6.63933218031365,697,0,194,109,0,0,0,293,infection,228
6.648973198554259,696,0,195,109,0,0,0,294,infection,955
6.66041603446501,695,0,196,109,0,0,0,295,infection,395
6.676483025470229,694,0,197,109,0,0,0,296,infection,325
6.691484693007389,694,0,196,110,0,0,0,296,recovery,14
6.692595614788643,693,0,197,110,0,0,0,297,infection,271
6.696609873003563,693,0,196,111,0,0,0,297,recovery,60
6.7002067212347285,692,0,197,111,0,0,0,298,infection,52
6.708105402290892,691,0,198,111,0,0,0,299,infection,274
6.710407897617131,690,0,199,111,0,0,0,300,infection,792
6.720962655539256,690,0,198,112,0,0,0,300,recovery,792
6.729532972926938,690,0,197,113,0,0,0,300,recovery,653
6.735594676676311,689,0,198,113,0,0,0,301,infection,202
6.743181359564164,688,0,199,113,0,0,0,302,infection,282
6.747779251373382,687,0,200,113,0,0,0,303,infection,789
6.755836495139671,686,0,201,113,0,0,0,304,infection,220
6.761780248419475,685,0,202,113,0,0,0,305,infection,448
6.76218031419582,684,0,203,113,0,0,0,306,infection,970
6.766206979571338,684,0,202,114,0,0,0,306,recovery,596
6.7836503758356015,683,0,203,114,0,0,0,307,infection,567
6.783835144184797,683,0,202,115,0,0,0,307,recovery,220
6.786974327960016,682,0,203,115,0,0,0,308,infection,131
6.792477952154565,682,0,202,116,0,0,0,308,recovery,506
6.792909572899576,682,0,201,117,0,0,0,308,recovery,775
6.8002780879751805,681,0,202,117,0,0,0,309,infection,72
6.802959511619092,680,0,203,117,0,0,0,310,infection,380
6.806422924658443,679,0,204,117,0,0,0,311,infection,135
6.815858914015994,679,0,203,118,0,0,0,311,recovery,69
6.825516496778782,678,0,204,118,0,0,0,312,infection,782
6.837910360843875,677,0,205,118,0,0,0,313,infection,36
6.840697951276252,677,0,204,119,0,0,0,313,recovery,978
6.846206105018996,676,0,205,119,0,0,0,314,infection,149
6.851033819654845,676,0,204,120,0,0,0,314,recovery,931
6.860147000987795,675,0,205,120,0,0,0,315,infection,306
6.862809643619962,675,0,204,121,0,0,0,315,recovery,875
6.869503125206727,674,0,205,121,0,0,0,316,infection,340
6.8701801234056195,673,0,206,121,0,0,0,317,infection,142
6.871373855230166,673,0,205,122,0,0,0,317,recovery,654
6.871775382624076,673,0,204,123,0,0,0,317,recovery,340
6.883786162952598,672,0,205,123,0,0,0,318,infection,38
6.88436225563364,672,0,204,124,0,0,0,318,recovery,678
6.924225168835157,671,0,205,124,0,0,0,319,infection,269
6.9277683162890025,671,0,204,125,0,0,0,319,recovery,347
6.930681419691676,670,0,205,125,0,0,0,320,infection,893
6.932684129698963,669,0,206,125,0,0,0,321,infection,872
6.93980411454881,668,0,207,125,0,0,0,322,infection,107
6.944780301652986,667,0,208,125,0,0,0,323,infection,416
6.9512896864479625,667,0,207,126,0,0,0,323,recovery,25
6.9552666449253016,666,0,208,126,0,0,0,324,infection,194
6.955438324530113,666,0,207,127,0,0,0,324,recovery,65
6.957002304154852,665,0,208,127,0,0,0,325,infection,759
6.959576613903838,665,0,207,128,0,0,0,325,recovery,459
6.963641076429296,664,0,208,128,0,0,0,326,infection,755
6.964793670681222,664,0,207,129,0,0,0,326,recovery,774
6.975212089440483,663,0,208,129,0,0,0,327,infection,46
6.987885067649892,662,0,209,129,0,0,0,328,infection,225
6.992802757483006,662,0,208,130,0,0,0,328,recovery,483
6.994505972369301,661,0,209,130,0,0,0,329,infection,129
6.996916400496528,660,0,210,130,0,0,0,330,infection,882
6.999263839765365,659,0,211,130,0,0,0,331,infection,257
7.0169781265812325,658,0,212,130,0,0,0,332,infection,726
7.018580615642908,658,0,211,131,0,0,0,332,recovery,166
7.024132048557973,657,0,212,131,0,0,0,333,infection,914
7.026271561055232,656,0,213,131,0,0,0,334,infection,739
7.049530293966697,656,0,212,132,0,0,0,334,recovery,133
7.050063239339336,655,0,213,132,0,0,0,335,infection,332
7.056272043762398,654,0,214,132,0,0,0,336,infection,337
7.059709259857567,654,0,213,133,0,0,0,336,recovery,769
7.077635573424017,653,0,214,133,0,0,0,337,infection,409
7.080874457018974,652,0,215,133,0,0,0,338,infection,57
7.0978087583587985,652,0,214,134,0,0,0,338,recovery,422
7.098483480485215,651,0,215,134,0,0,0,339,infection,61
7.124761383296292,651,0,214,135,0,0,0,339,recovery,854
7.1254158300709705,651,0,213,136,0,0,0,339,recovery,848
7.127475459499562,650,0,214,136,0,0,0,340,infection,53
7.133285754975851,649,0,215,136,0,0,0,341,infection,326
7.146183177092239,648,0,216,136,0,0,0,342,infection,185
7.146585258932552,648,0,215,137,0,0,0,342,recovery,826
7.147308220756265,648,0,214,138,0,0,0,342,recovery,540
7.149597122912746,647,0,215,138,0,0,0,343,infection,341
7.1509553645765545,646,0,216,138,0,0,0,344,infection,31
7.1586417754974,645,0,217,138,0,0,0,345,infection,315
7.190724569311194,645,0,216,139,0,0,0,345,recovery,10
7.191860325700977,644,0,217,139,0,0,0,346,infection,583
7.230130475515691,643,0,218,139,0,0,0,347,infection,652
7.230694619798434,642,0,219,139,0,0,0,348,infection,786
7.235546178395752,641,0,220,139,0,0,0,349,infection,218
7.2379468043378425,640,0,221,139,0,0,0,350,infection,376
7.247197988797322,639,0,222,139,0,0,0,351,infection,263
7.247871700439401,639,0,221,140,0,0,0,351,recovery,694
7.248620851116796,638,0,222,140,0,0,0,352,infection,933
7.251402845300429,638,0,221,141,0,0,0,352,recovery,19
7.254676006705729,638,0,220,142,0,0,0,352,recovery,53
7.256174317599084,637,0,221,142,0,0,0,353,infection,765
7.264870933775399,636,0,222,142,0,0,0,354,infection,272
7.272503022346499,636,0,221,143,0,0,0,354,recovery,593
7.275565948628845,635,0,222,143,0,0,0,355,infection,855
7.27824141447609,634,0,223,143,0,0,0,356,infection,475
7.28068791923882,633,0,224,143,0,0,0,357,infection,903
7.281552682368848,633,0,223,144,0,0,0,357,recovery,271
7.286418471831977,633,0,222,145,0,0,0,357,recovery,553
7.299018437324381,633,0,221,146,0,0,0,357,recovery,279
7.305178986098347,632,0,222,146,0,0,0,358,infection,403
7.306994652287802,631,0,223,146,0,0,0,359,infection,929
7.307813167496903,630,0,224,146,0,0,0,360,infection,313
7.311715595689113,629,0,225,146,0,0,0,361,infection,396
7.31925072671386,628,0,226,146,0,0,0,362,infection,105
7.3230647295464575,628,0,225,147,0,0,0,362,recovery,501
7.3383840994867615,627,0,226,147,0,0,0,363,infection,761
7.3476188938855564,626,0,227,147,0,0,0,364,infection,410
7.348490039547652,625,0,228,147,0,0,0,365,infection,374
7.364174943268285,624,0,229,147,0,0,0,366,infection,183
7.366957707848999,623,0,230,147,0,0,0,367,infection,862
7.372187514337593,623,0,229,148,0,0,0,367,recovery,12
7.376041410299615,623,0,228,149,0,0,0,367,recovery,815
7.377995584465413,622,0,229,149,0,0,0,368,infection,368
7.380063384524895,621,0,230,149,0,0,0,369,infection,830
7.388701240183281,620,0,231,149,0,0,0,370,infection,293
7.400908411147064,620,0,230,150,0,0,0,370,recovery,224
7.401658624338352,620,0,229,151,0,0,0,370,recovery,52
7.410129022362371,620,0,228,152,0,0,0,370,recovery,24
7.418704374356784,620,0,227,153,0,0,0,370,recovery,885
7.418741702229659,619,0,228,153,0,0,0,371,infection,369
7.423173939044866,618,0,229,153,0,0,0,372,infection,516
7.429696619248185,617,0,230,153,0,0,0,373,infection,3
7.446599053451711,616,0,231,153,0,0,0,374,infection,590
7.452498312622185,616,0,230,154,0,0,0,374,recovery,855
7.453001353215597,615,0,231,154,0,0,0,375,infection,564
7.464958177769988,614,0,232,154,0,0,0,376,infection,89
7.471461894193472,613,0,233,154,0,0,0,377,infection,288
7.474208510049813,613,0,232,155,0,0,0,377,recovery,79
7.474896441830727,612,0,233,155,0,0,0,378,infection,210
7.4782765995274305,612,0,232,156,0,0,0,378,recovery,786
7.479404499060243,611,0,233,156,0,0,0,379,infection,874
7.484313616521616,611,0,232,157,0,0,0,379,recovery,579
7.486467716540556,611,0,231,158,0,0,0,379,recovery,240
7.4933899712690835,610,0,232,158,0,0,0,380,infection,71
7.4944752659305784,610,0,231,159,0,0,0,380,recovery,518
7.495475934486495,609,0,232,159,0,0,0,381,infection,198
7.497347907476297,608,0,233,159,0,0,0,382,infection,524
7.499645926453213,607,0,234,159,0,0,0,383,infection,438
7.508923985692884,606,0,235,159,0,0,0,384,infection,707
7.512104989103987,605,0,236,159,0,0,0,385,infection,192
7.516662042564496,605,0,235,160,0,0,0,385,recovery,72
7.517108969843292,604,0,236,160,0,0,0,386,infection,960
7.524252420083167,603,0,237,160,0,0,0,387,infection,485
7.537126609063026,602,0,238,160,0,0,0,388,infection,487
7.542558449833202,602,0,237,161,0,0,0,388,recovery,717
7.548257231923632,601,0,238,161,0,0,0,389,infection,245
7.55367048356375,600,0,239,161,0,0,0,390,infection,99
7.559895638420341,599,0,240,161,0,0,0,391,infection,64
7.566788941177691,599,0,239,162,0,0,0,391,recovery,314
7.568163323837906,598,0,240,162,0,0,0,392,infection,320
7.569451619911071,597,0,241,162,0,0,0,393,infection,327
7.573359675989068,597,0,240,163,0,0,0,393,recovery,107
7.580325061737015,597,0,239,164,0,0,0,393,recovery,812
7.584366796078196,596,0,240,164,0,0,0,394,infection,865
7.616956701946839,596,0,239,165,0,0,0,394,recovery,416
7.622771923174643,596,0,238,166,0,0,0,394,recovery,707
7.6233532455277855,595,0,239,166,0,0,0,395,infection,94
7.624561503171915,594,0,240,166,0,0,0,396,infection,477
7.632354167442833,593,0,241,166,0,0,0,397,infection,793
7.639455920387837,592,0,242,166,0,0,0,398,infection,772
7.6511982473043485,591,0,243,166,0,0,0,399,infection,398
7.659170015585522,591,0,242,167,0,0,0,399,recovery,782
7.668817266566721,590,0,243,167,0,0,0,400,infection,541
7.675062948195005,590,0,242,168,0,0,0,400,recovery,149
7.6774972941543025,589,0,243,168,0,0,0,401,infection,372
7.684401189547015,588,0,244,168,0,0,0,402,infection,470
7.687190264413633,587,0,245,168,0,0,0,403,infection,197
7.687216182177393,586,0,246,168,0,0,0,404,infection,619
7.688331365365537,585,0,247,168,0,0,0,405,infection,405
7.690557046783491,584,0,248,168,0,0,0,406,infection,499
7.6914706294417385,583,0,249,168,0,0,0,407,infection,650
7.705001957815004,582,0,250,168,0,0,0,408,infection,418
7.710674071593731,582,0,249,169,0,0,0,408,recovery,703
7.711042441615754,582,0,248,170,0,0,0,408,recovery,508
7.712838138155469,582,0,247,171,0,0,0,408,recovery,288
7.729457179931961,581,0,248,171,0,0,0,409,infection,507
7.731193052108463,580,0,249,171,0,0,0,410,infection,905
7.734948308797382,580,0,248,172,0,0,0,410,recovery,257
7.737725194458657,579,0,249,172,0,0,0,411,infection,284
7.747376489162415,578,0,250,172,0,0,0,412,infection,900
7.750675849069603,577,0,251,172,0,0,0,413,infection,695
7.754066110576916,577,0,250,173,0,0,0,413,recovery,396
7.764940215357815,577,0,249,174,0,0,0,413,recovery,872
7.7679437265419,576,0,250,174,0,0,0,414,infection,236
7.774446957761086,575,0,251,174,0,0,0,415,infection,75
7.784949464135107,574,0,252,174,0,0,0,416,infection,591
7.789073812922633,574,0,251,175,0,0,0,416,recovery,315
7.78930706887384,574,0,250,176,0,0,0,416,recovery,236
7.792442203808666,573,0,251,176,0,0,0,417,infection,354
7.7990889082476516,572,0,252,176,0,0,0,418,infection,851
7.805415696259187,571,0,253,176,0,0,0,419,infection,836
7.814025890480798,570,0,254,176,0,0,0,420,infection,286
7.8140492756326925,569,0,255,176,0,0,0,421,infection,778
7.8207157927532585,568,0,256,176,0,0,0,422,infection,169
7.825624331096424,567,0,257,176,0,0,0,423,infection,648
7.838094495153045,566,0,258,176,0,0,0,424,infection,335
7.853299650824516,565,0,259,176,0,0,0,425,infection,912
7.860429058213511,565,0,258,177,0,0,0,425,recovery,129
7.86072291287279,565,0,257,178,0,0,0,425,recovery,905
7.864777561723999,565,0,256,179,0,0,0,425,recovery,901
7.866184799145184,565,0,255,180,0,0,0,425,recovery,903
7.867518737822473,564,0,256,180,0,0,0,426,infection,260
7.895038218274906,563,0,257,180,0,0,0,427,infection,614
7.895710909181253,562,0,258,180,0,0,0,428,infection,898
7.896289437461374,561,0,259,180,0,0,0,429,infection,635
7.905724294620136,560,0,260,180,0,0,0,430,infection,787
7.9093638785360385,560,0,259,181,0,0,0,430,recovery,635
7.914458685434954,560,0,258,182,0,0,0,430,recovery,369
7.9220864977728125,559,0,259,182,0,0,0,431,infection,474
7.927832180466913,558,0,260,182,0,0,0,432,infection,691
7.929212574895956,558,0,259,183,0,0,0,432,recovery,144
7.934176416327557,557,0,260,183,0,0,0,433,infection,176
7.94369962090305,557,0,259,184,0,0,0,433,recovery,260
7.9563886516898235,557,0,258,185,0,0,0,433,recovery,26
7.957488261404463,556,0,259,185,0,0,0,434,infection,598
7.960593623540561,555,0,260,185,0,0,0,435,infection,373
7.960911103772859,554,0,261,185,0,0,0,436,infection,588
7.964477593858047,553,0,262,185,0,0,0,437,infection,795
7.973756160576007,553,0,261,186,0,0,0,437,recovery,874
7.98132292154038,552,0,262,186,0,0,0,438,infection,878
7.987529783127131,551,0,263,186,0,0,0,439,infection,283
7.989096141505235,550,0,264,186,0,0,0,440,infection,385
7.990411824752979,550,0,263,187,0,0,0,440,recovery,648
8.001169944531203,549,0,264,187,0,0,0,441,infection,556
8.01146836992942,549,0,263,188,0,0,0,441,recovery,944
8.014284229847794,548,0,264,188,0,0,0,442,infection,919
8.02186464288862,548,0,263,189,0,0,0,442,recovery,726
8.037022911673386,548,0,262,190,0,0,0,442,recovery,836
8.041140728745908,547,0,263,190,0,0,0,443,infection,642
8.042254983428098,546,0,264,190,0,0,0,444,infection,687
8.054467566803138,545,0,265,190,0,0,0,445,infection,820
8.055131534382042,544,0,266,190,0,0,0,446,infection,164
8.061968480565756,543,0,267,190,0,0,0,447,infection,679
8.073405002926048,543,0,266,191,0,0,0,447,recovery,338
8.073831557645578,542,0,267,191,0,0,0,448,infection,686
8.090848781329797,542,0,266,192,0,0,0,448,recovery,121
8.098669091171587,541,0,267,192,0,0,0,449,infection,101
8.107005969090418,540,0,268,192,0,0,0,450,infection,951
8.107512260316248,539,0,269,192,0,0,0,451,infection,616
8.108325957244691,539,0,268,193,0,0,0,451,recovery,380
8.119201582260857,539,0,267,194,0,0,0,451,recovery,661
8.120358720577439,539,0,266,195,0,0,0,451,recovery,232
8.134892443363897,539,0,265,196,0,0,0,451,recovery,385
8.139180688709684,538,0,266,196,0,0,0,452,infection,492
8.142507265585175,537,0,267,196,0,0,0,453,infection,472
8.148109343871422,536,0,268,196,0,0,0,454,infection,54
8.150849439583997,535,0,269,196,0,0,0,455,infection,976
8.153035043740928,534,0,270,196,0,0,0,456,infection,969
8.154470603893566,534,0,269,197,0,0,0,456,recovery,326
8.157722238255463,534,0,268,198,0,0,0,456,recovery,700
8.180294801617952,533,0,269,198,0,0,0,457,infection,70
8.18375289668989,532,0,270,198,0,0,0,458,infection,918
8.1838449745446,532,0,269,199,0,0,0,458,recovery,507
8.18542414567958,532,0,268,200,0,0,0,458,recovery,405
8.193349356119313,531,0,269,200,0,0,0,459,infection,894
8.200131274494117,531,0,268,201,0,0,0,459,recovery,105
8.204780916170186,530,0,269,201,0,0,0,460,infection,200
8.207347274187262,530,0,268,202,0,0,0,460,recovery,805
8.211148380444104,529,0,269,202,0,0,0,461,infection,892
8.213231720893276,529,0,268,203,0,0,0,461,recovery,973
8.218416173031166,528,0,269,203,0,0,0,462,infection,711
8.224020623211038,528,0,268,204,0,0,0,462,recovery,719
8.24155475138554,527,0,269,204,0,0,0,463,infection,68
8.24806650814241,526,0,270,204,0,0,0,464,infection,56
8.26123158232399,525,0,271,204,0,0,0,465,infection,718
8.264958381532612,525,0,270,205,0,0,0,465,recovery,185
8.269915568900048,525,0,269,206,0,0,0,465,recovery,949
8.272140810528368,524,0,270,206,0,0,0,466,infection,473
8.276524176377173,523,0,271,206,0,0,0,467,infection,106
8.279595735962335,522,0,272,206,0,0,0,468,infection,902
8.287784478870437,521,0,273,206,0,0,0,469,infection,241
8.288844171897063,520,0,274,206,0,0,0,470,infection,821
8.291439321214849,520,0,273,207,0,0,0,470,recovery,272
8.293062702304,519,0,274,207,0,0,0,471,infection,697
8.304177833780534,519,0,273,208,0,0,0,471,recovery,364
8.30819580233168,518,0,274,208,0,0,0,472,infection,219
8.31198065304854,517,0,275,208,0,0,0,473,infection,466
8.316181621067859,517,0,274,209,0,0,0,473,recovery,658
8.328460507365177,516,0,275,209,0,0,0,474,infection,559
8.328864379094341,515,0,276,209,0,0,0,475,infection,599
8.335988867583438,514,0,277,209,0,0,0,476,infection,723
8.336124884312568,513,0,278,209,0,0,0,477,infection,73
8.351670709871424,512,0,279,209,0,0,0,478,infection,586
8.355144834609689,512,0,278,210,0,0,0,478,recovery,395
8.356846851636892,511,0,279,210,0,0,0,479,infection,446
8.374668081338571,511,0,278,211,0,0,0,479,recovery,64
8.383023709066428,510,0,279,211,0,0,0,480,infection,497
8.389359794630305,510,0,278,212,0,0,0,480,recovery,838
8.39582429582822,509,0,279,212,0,0,0,481,infection,705
8.405804835555656,508,0,280,212,0,0,0,482,infection,835
8.406218135785375,507,0,281,212,0,0,0,483,infection,84
8.408954287924146,506,0,282,212,0,0,0,484,infection,201
8.416173345964646,505,0,283,212,0,0,0,485,infection,312
8.419978547967167,505,0,282,213,0,0,0,485,recovery,48
8.42496710909898,504,0,283,213,0,0,0,486,infection,989
8.43780677684731,504,0,282,214,0,0,0,486,recovery,684
8.438343229185048,503,0,283,214,0,0,0,487,infection,206
8.438617193768982,502,0,284,214,0,0,0,488,infection,866
8.447979435551542,501,0,285,214,0,0,0,489,infection,111
8.451140135505046,500,0,286,214,0,0,0,490,infection,807
8.452174408783883,499,0,287,214,0,0,0,491,infection,186
8.458097760437202,498,0,288,214,0,0,0,492,infection,962
8.460755539703829,498,0,287,215,0,0,0,492,recovery,932
8.461721866946464,497,0,288,215,0,0,0,493,infection,227
8.471245860244201,497,0,287,216,0,0,0,493,recovery,438
8.475083495112312,496,0,288,216,0,0,0,494,infection,379
8.482628216401498,496,0,287,217,0,0,0,494,recovery,787
8.483015259685414,496,0,286,218,0,0,0,494,recovery,606
8.489947063853787,496,0,285,219,0,0,0,494,recovery,687
8.490487473140622,495,0,286,219,0,0,0,495,infection,985
8.49939865604332,495,0,285,220,0,0,0,495,recovery,652
8.501660674087278,494,0,286,220,0,0,0,496,infection,794
8.506408753302583,493,0,287,220,0,0,0,497,infection,722
8.516546939272507,493,0,286,221,0,0,0,497,recovery,794
8.524071851693943,493,0,285,222,0,0,0,497,recovery,642
8.52498784441265,493,0,284,223,0,0,0,497,recovery,298
8.538562577618345,493,0,283,224,0,0,0,497,recovery,581
8.545047610390307,492,0,284,224,0,0,0,498,infection,413
8.550937168206966,491,0,285,224,0,0,0,499,infection,563
8.551224189916745,491,0,284,225,0,0,0,499,recovery,212
8.557573356316933,490,0,285,225,0,0,0,500,infection,827
8.558095012640917,489,0,286,225,0,0,0,501,infection,584
8.558571014866638,488,0,287,225,0,0,0,502,infection,859
8.56025927790691,488,0,286,226,0,0,0,502,recovery,960
8.56583204408289,488,0,285,227,0,0,0,502,recovery,269
8.571378256189659,487,0,286,227,0,0,0,503,infection,146
8.57147395571798,486,0,287,227,0,0,0,504,infection,167
8.583164360883236,485,0,288,227,0,0,0,505,infection,698
8.586346531265864,484,0,289,227,0,0,0,506,infection,494
8.58999420370342,484,0,288,228,0,0,0,506,recovery,155
8.631108626189175,484,0,287,229,0,0,0,506,recovery,910
8.633635745389707,484,0,286,230,0,0,0,506,recovery,472
8.635206804749725,484,0,285,231,0,0,0,506,recovery,431
8.636687454842338,484,0,284,232,0,0,0,506,recovery,686
8.651183547571826,483,0,285,232,0,0,0,507,infection,208
8.654498276168262,482,0,286,232,0,0,0,508,infection,74
8.654584418989861,481,0,287,232,0,0,0,509,infection,798
8.654602721048555,481,0,286,233,0,0,0,509,recovery,183
8.659870303467121,480,0,287,233,0,0,0,510,infection,663
8.659960248511814,480,0,286,234,0,0,0,510,recovery,379
8.664024098795611,479,0,287,234,0,0,0,511,infection,672
8.66813053445675,478,0,288,234,0,0,0,512,infection,986
8.670826820853161,477,0,289,234,0,0,0,513,infection,871
8.670994708344795,476,0,290,234,0,0,0,514,infection,602
8.672990415764563,475,0,291,234,0,0,0,515,infection,742
8.677374256060519,474,0,292,234,0,0,0,516,infection,776
8.68617832957554,474,0,291,235,0,0,0,516,recovery,55
8.690185162511167,474,0,290,236,0,0,0,516,recovery,827
8.691738006554921,474,0,289,237,0,0,0,516,recovery,918
8.702549336339231,473,0,290,237,0,0,0,517,infection,521
8.702758672978415,473,0,289,238,0,0,0,517,recovery,610
8.703613772669739,472,0,290,238,0,0,0,518,infection,938
8.704994259792871,471,0,291,238,0,0,0,519,infection,231
8.710118501242302,470,0,292,238,0,0,0,520,infection,476
8.720188630449723,469,0,293,238,0,0,0,521,infection,375
8.722970330008716,468,0,294,238,0,0,0,522,infection,495
8.72496676140962,468,0,293,239,0,0,0,522,recovery,755
8.738337298627938,467,0,294,239,0,0,0,523,infection,486
8.752722850811873,466,0,295,239,0,0,0,524,infection,550
8.76218277984577,465,0,296,239,0,0,0,525,infection,267
8.767887065318115,465,0,295,240,0,0,0,525,recovery,591
8.778706507689789,464,0,296,240,0,0,0,526,infection,353
8.779011865152292,463,0,297,240,0,0,0,527,infection,813
8.784565702740363,462,0,298,240,0,0,0,528,infection,437
8.802262991601385,462,0,297,241,0,0,0,528,recovery,51
8.802449074599906,461,0,298,241,0,0,0,529,infection,881
8.802549764007988,461,0,297,242,0,0,0,529,recovery,795
8.803822739838397,460,0,298,242,0,0,0,530,infection,151
8.804738419848393,460,0,297,243,0,0,0,530,recovery,990
8.818296820879736,459,0,298,243,0,0,0,531,infection,754
8.8260723054714,458,0,299,243,0,0,0,532,infection,948
8.832638566425448,457,0,300,243,0,0,0,533,infection,514
8.83793901538081,456,0,301,243,0,0,0,534,infection,8
8.844934107183544,455,0,302,243,0,0,0,535,infection,226
8.848106422528078,454,0,303,243,0,0,0,536,infection,399
8.856407372840588,453,0,304,243,0,0,0,537,infection,601
8.862993841712989,452,0,305,243,0,0,0,538,infection,660
8.867376459148351,452,0,304,244,0,0,0,538,recovery,902
8.867489950436354,451,0,305,244,0,0,0,539,infection,193
8.87529774928342,450,0,306,244,0,0,0,540,infection,419
8.881549237887908,449,0,307,244,0,0,0,541,infection,824
8.885317709924927,448,0,308,244,0,0,0,542,infection,414
8.893298973758908,447,0,309,244,0,0,0,543,infection,457
8.924322678094496,446,0,310,244,0,0,0,544,infection,141
8.925685160016872,445,0,311,244,0,0,0,545,infection,342
8.925951719929929,444,0,312,244,0,0,0,546,infection,746
8.934278770915219,443,0,313,244,0,0,0,547,infection,543
8.936604607886872,443,0,312,245,0,0,0,547,recovery,397
8.945877639512416,442,0,313,245,0,0,0,548,infection,136
8.948081109614,442,0,312,246,0,0,0,548,recovery,193
8.954002903263197,442,0,311,247,0,0,0,548,recovery,335
8.957646017926143,441,0,312,247,0,0,0,549,infection,139
8.960523500344657,441,0,311,248,0,0,0,549,recovery,951
8.961351183972592,441,0,310,249,0,0,0,549,recovery,191
8.969399036297732,441,0,309,250,0,0,0,549,recovery,969
9.01260250328698,440,0,310,250,0,0,0,550,infection,783
9.01897912379556,439,0,311,250,0,0,0,551,infection,517
9.025894816156345,438,0,312,250,0,0,0,552,infection,861
9.028732737112454,437,0,313,250,0,0,0,553,infection,427
9.030898386805372,437,0,312,251,0,0,0,553,recovery,151
9.039081653449031,436,0,313,251,0,0,0,554,infection,248
9.042342546445342,435,0,314,251,0,0,0,555,infection,685
9.043603536305332,434,0,315,251,0,0,0,556,infection,752
9.055663057758286,433,0,316,251,0,0,0,557,infection,801
9.056727995051517,433,0,315,252,0,0,0,557,recovery,793
9.058684411261027,433,0,314,253,0,0,0,557,recovery,917
9.064446182849375,432,0,315,253,0,0,0,558,infection,964
9.066531216596431,431,0,316,253,0,0,0,559,infection,605
9.067815025659524,430,0,317,253,0,0,0,560,infection,490
9.070316023902562,429,0,318,253,0,0,0,561,infection,708
9.079335736706701,428,0,319,253,0,0,0,562,infection,886
9.07962867594171,428,0,318,254,0,0,0,562,recovery,213
9.0821849027213,428,0,317,255,0,0,0,562,recovery,95
9.094467127018987,428,0,316,256,0,0,0,562,recovery,893
9.094582241791748,427,0,317,256,0,0,0,563,infection,636
9.09481610819428,426,0,318,256,0,0,0,564,infection,330
9.095078190356865,425,0,319,256,0,0,0,565,infection,544
9.095600230631641,424,0,320,256,0,0,0,566,infection,244
9.096516097093811,423,0,321,256,0,0,0,567,infection,214
9.102242520650147,422,0,322,256,0,0,0,568,infection,788
9.10868745540169,422,0,321,257,0,0,0,568,recovery,6
9.11197135603532,421,0,322,257,0,0,0,569,infection,649
9.113623125666543,420,0,323,257,0,0,0,570,infection,692
9.126323323847013,419,0,324,257,0,0,0,571,infection,371
9.132463702848327,419,0,323,258,0,0,0,571,recovery,390
9.138897628126944,419,0,322,259,0,0,0,571,recovery,136
9.146630453771825,419,0,321,260,0,0,0,571,recovery,332
9.147207293901824,419,0,320,261,0,0,0,571,recovery,679
9.147402829273677,418,0,321,261,0,0,0,572,infection,362
9.173907670584583,418,0,320,262,0,0,0,572,recovery,192
9.17561442669706,418,0,319,263,0,0,0,572,recovery,227
9.179730031848694,417,0,320,263,0,0,0,573,infection,665
9.186748265719096,417,0,319,264,0,0,0,573,recovery,376
9.188237436545384,417,0,318,265,0,0,0,573,recovery,446
9.188740457131917,417,0,317,266,0,0,0,573,recovery,814
9.190832506206899,417,0,316,267,0,0,0,573,recovery,714
9.197119698544313,416,0,317,267,0,0,0,574,infection,950
9.213774401090014,416,0,316,268,0,0,0,574,recovery,317
9.224429203305125,415,0,317,268,0,0,0,575,infection,91
9.22615629793342,414,0,318,268,0,0,0,576,infection,143
9.233435071286376,414,0,317,269,0,0,0,576,recovery,761
9.235918412494666,413,0,318,269,0,0,0,577,infection,781
9.23718707563404,413,0,317,270,0,0,0,577,recovery,601
9.237652003160575,412,0,318,270,0,0,0,578,infection,124
9.239481596022427,411,0,319,270,0,0,0,579,infection,731
9.242868302208935,411,0,318,271,0,0,0,579,recovery,722
9.255668970690467,410,0,319,271,0,0,0,580,infection,316
9.255833300546561,409,0,320,271,0,0,0,581,infection,351
9.256702828977954,409,0,319,272,0,0,0,581,recovery,605
9.260089425516549,408,0,320,272,0,0,0,582,infection,348
9.269397912805253,407,0,321,272,0,0,0,583,infection,345
9.272716620454844,406,0,322,272,0,0,0,584,infection,5
9.276188999632,405,0,323,272,0,0,0,585,infection,734
9.285841961914825,405,0,322,273,0,0,0,585,recovery,414
9.292286782941972,405,0,321,274,0,0,0,585,recovery,299
9.296592720648615,405,0,320,275,0,0,0,585,recovery,830
9.30111770982671,405,0,319,276,0,0,0,585,recovery,198
9.302926582579275,404,0,320,276,0,0,0,586,infection,97
9.320548361230415,404,0,319,277,0,0,0,586,recovery,672
9.325096588336466,403,0,320,277,0,0,0,587,infection,712
9.334866585399558,402,0,321,277,0,0,0,588,infection,123
9.334917907996221,402,0,320,278,0,0,0,588,recovery,690
9.342812150846814,401,0,321,278,0,0,0,589,infection,643
9.34772248187278,401,0,320,279,0,0,0,589,recovery,167
9.348001551647817,401,0,319,280,0,0,0,589,recovery,551
9.353843907380625,401,0,318,281,0,0,0,589,recovery,93
9.358243622282913,400,0,319,281,0,0,0,590,infection,674
9.359244980877117,399,0,320,281,0,0,0,591,infection,199
9.370286971591225,399,0,319,282,0,0,0,591,recovery,372
9.375979749085195,399,0,318,283,0,0,0,591,recovery,950
9.379843062684394,398,0,319,283,0,0,0,592,infection,732
9.381308846275234,398,0,318,284,0,0,0,592,recovery,712
9.385249726646713,398,0,317,285,0,0,0,592,recovery,178
9.387931353385722,398,0,316,286,0,0,0,592,recovery,437
9.389224320407639,398,0,315,287,0,0,0,592,recovery,409
9.38970512213535,397,0,316,287,0,0,0,593,infection,784
9.394238718021438,397,0,315,288,0,0,0,593,recovery,541
9.399751955238221,396,0,316,288,0,0,0,594,infection,217
9.401400741488269,395,0,317,288,0,0,0,595,infection,496
9.407956322187651,395,0,316,289,0,0,0,595,recovery,436
9.41214452770282,394,0,317,289,0,0,0,596,infection,43
9.41269218078435,394,0,316,290,0,0,0,596,recovery,811
9.420705444877358,394,0,315,291,0,0,0,596,recovery,202
9.43084253034095,393,0,316,291,0,0,0,597,infection,295
9.433896160871907,392,0,317,291,0,0,0,598,infection,253
9.434934472780736,392,0,316,292,0,0,0,598,recovery,475
9.440870508319794,392,0,315,293,0,0,0,598,recovery,219
9.44330391762271,392,0,314,294,0,0,0,598,recovery,516
9.443793765734567,391,0,315,294,0,0,0,599,infection,571
9.445409627922123,390,0,316,294,0,0,0,600,infection,7
9.449929685943879,389,0,317,294,0,0,0,601,infection,548
9.452951014737438,389,0,316,295,0,0,0,601,recovery,427
9.455261190791742,389,0,315,296,0,0,0,601,recovery,821
9.456615595326975,388,0,316,296,0,0,0,602,infection,756
9.460296871466184,388,0,315,297,0,0,0,602,recovery,650
9.460472789866191,387,0,316,297,0,0,0,603,infection,277
9.467021950965446,386,0,317,297,0,0,0,604,infection,222
9.486780582532802,386,0,316,298,0,0,0,604,recovery,500
9.489968920466207,385,0,317,298,0,0,0,605,infection,174
9.51741466111914,384,0,318,298,0,0,0,606,infection,638
9.517716312057212,383,0,319,298,0,0,0,607,infection,552
9.520791464382533,383,0,318,299,0,0,0,607,recovery,559
9.521867967119901,382,0,319,299,0,0,0,608,infection,965
9.528627830523206,382,0,318,300,0,0,0,608,recovery,638
9.537532095566382,382,0,317,301,0,0,0,608,recovery,91
9.538474211322741,381,0,318,301,0,0,0,609,infection,860
9.539430378345683,381,0,317,302,0,0,0,609,recovery,499
9.539712039986249,380,0,318,302,0,0,0,610,infection,30
9.542164376635519,379,0,319,302,0,0,0,611,infection,618
9.543396529928103,379,0,318,303,0,0,0,611,recovery,96
9.547252206165401,379,0,317,304,0,0,0,611,recovery,776
9.550588314893513,378,0,318,304,0,0,0,612,infection,527
9.55456345780545,378,0,317,305,0,0,0,612,recovery,749
9.58206981318531,378,0,316,306,0,0,0,612,recovery,311
9.585714748361411,378,0,315,307,0,0,0,612,recovery,742
9.588124841195578,378,0,314,308,0,0,0,612,recovery,40
9.596602441454392,377,0,315,308,0,0,0,613,infection,555
9.59696786460704,376,0,316,308,0,0,0,614,infection,592
9.603476530199325,376,0,315,309,0,0,0,614,recovery,991
9.603933700358322,376,0,314,310,0,0,0,614,recovery,493
9.61480492366185,376,0,313,311,0,0,0,614,recovery,283
9.618253769248366,376,0,312,312,0,0,0,614,recovery,877
9.621758065768038,376,0,311,313,0,0,0,614,recovery,77
9.62606411464035,375,0,312,313,0,0,0,615,infection,641
9.63186640870014,374,0,313,313,0,0,0,616,infection,407
9.635357135683588,374,0,312,314,0,0,0,616,recovery,295
9.638056233659672,373,0,313,314,0,0,0,617,infection,704
9.638985544170904,373,0,312,315,0,0,0,617,recovery,196
9.65977534607748,372,0,313,315,0,0,0,618,infection,656
9.667876026097609,371,0,314,315,0,0,0,619,infection,331
9.672694315717251,371,0,313,316,0,0,0,619,recovery,68
9.67321773454863,370,0,314,316,0,0,0,620,infection,560
9.674656899027683,370,0,313,317,0,0,0,620,recovery,421
9.682911180001518,370,0,312,318,0,0,0,620,recovery,602
9.708416393576577,370,0,311,319,0,0,0,620,recovery,718
9.710349016045289,370,0,310,320,0,0,0,620,recovery,801
9.711000948730568,370,0,309,321,0,0,0,620,recovery,739
9.72031817809405,370,0,308,322,0,0,0,620,recovery,560
9.726844342179408,369,0,309,322,0,0,0,621,infection,538
9.750585248594014,369,0,308,323,0,0,0,621,recovery,495
9.755774328519026,369,0,307,324,0,0,0,621,recovery,331
9.77771334847373,369,0,306,325,0,0,0,621,recovery,866
9.797456428212165,369,0,305,326,0,0,0,621,recovery,676
9.79783246170032,369,0,304,327,0,0,0,621,recovery,197
9.813389855829538,368,0,305,327,0,0,0,622,infection,251
9.821913632949103,368,0,304,328,0,0,0,622,recovery,417
9.828164690120381,367,0,305,328,0,0,0,623,infection,423
9.829070411767264,366,0,306,328,0,0,0,624,infection,747
9.835107714307092,365,0,307,328,0,0,0,625,infection,537
9.843307645514738,364,0,308,328,0,0,0,626,infection,478
9.8529673093246,363,0,309,328,0,0,0,627,infection,281
9.853539163281779,362,0,310,328,0,0,0,628,infection,440
9.855586322797844,361,0,311,328,0,0,0,629,infection,796
9.859792167780096,361,0,310,329,0,0,0,629,recovery,406
9.876359719786416,360,0,311,329,0,0,0,630,infection,757
9.88303933061963,360,0,310,330,0,0,0,630,recovery,195
9.885690085356835,360,0,309,331,0,0,0,630,recovery,226
9.891042349322513,359,0,310,331,0,0,0,631,infection,363
9.892170141566728,358,0,311,331,0,0,0,632,infection,758
9.893693324734082,357,0,312,331,0,0,0,633,infection,33
9.897752971031375,357,0,311,332,0,0,0,633,recovery,544
9.909248202580182,356,0,312,332,0,0,0,634,infection,867
9.913359565459459,355,0,313,332,0,0,0,635,infection,297
9.917947482468623,354,0,314,332,0,0,0,636,infection,163
9.932904210009367,353,0,315,332,0,0,0,637,infection,908
9.934913035356667,353,0,314,333,0,0,0,637,recovery,656
9.93955566011303,352,0,315,333,0,0,0,638,infection,923
9.940438886157759,352,0,314,334,0,0,0,638,recovery,375
9.944351556160697,352,0,313,335,0,0,0,638,recovery,752
9.961845735834448,351,0,314,335,0,0,0,639,infection,841
9.979789649839791,351,0,313,336,0,0,0,639,recovery,923
9.984733980033845,350,0,314,336,0,0,0,640,infection,82
9.989403512902587,349,0,315,336,0,0,0,641,infection,454
9.990239184350994,349,0,314,337,0,0,0,641,recovery,701
9.991443858101325,348,0,315,337,0,0,0,642,infection,863
9.996552239110407,347,0,316,337,0,0,0,643,infection,165
10.014401337383447,347,0,315,338,0,0,0,643,recovery,841
10.015710229038884,347,0,314,339,0,0,0,643,recovery,704
10.01932428842138,347,0,313,340,0,0,0,643,recovery,267
10.024402037205395,347,0,312,341,0,0,0,643,recovery,27
10.026731558254708,346,0,313,341,0,0,0,644,infection,434
10.027303264038881,345,0,314,341,0,0,0,645,infection,367
10.033630864252642,344,0,315,341,0,0,0,646,infection,177
10.03687724311184,343,0,316,341,0,0,0,647,infection,88
10.057190444561531,343,0,315,342,0,0,0,647,recovery,813
10.066036061549735,343,0,314,343,0,0,0,647,recovery,839
10.066950993359274,343,0,313,344,0,0,0,647,recovery,995
10.068041315449543,343,0,312,345,0,0,0,647,recovery,485
10.072864202805977,343,0,311,346,0,0,0,647,recovery,892
10.07321491729199,343,0,310,347,0,0,0,647,recovery,386
10.07803964506193,343,0,309,348,0,0,0,647,recovery,572
10.090034650427945,342,0,310,348,0,0,0,648,infection,34
10.093696302497301,341,0,311,348,0,0,0,649,infection,715
10.10194230802308,341,0,310,349,0,0,0,649,recovery,784
10.10225614359547,341,0,309,350,0,0,0,649,recovery,345
10.107366180538897,341,0,308,351,0,0,0,649,recovery,330
10.116275343764586,340,0,309,351,0,0,0,650,infection,780
10.116679892470831,339,0,310,351,0,0,0,651,infection,280
10.11864626176465,338,0,311,351,0,0,0,652,infection,980
10.124488776297152,338,0,310,352,0,0,0,652,recovery,263
10.137161698473456,338,0,309,353,0,0,0,652,recovery,356
10.138879123732327,337,0,310,353,0,0,0,653,infection,766
10.13986973592778,337,0,309,354,0,0,0,653,recovery,898
10.141591749612614,337,0,308,355,0,0,0,653,recovery,514
10.146650846657446,337,0,307,356,0,0,0,653,recovery,293
10.155727287622218,336,0,308,356,0,0,0,654,infection,682
10.1606213385533,335,0,309,356,0,0,0,655,infection,344
10.168703183981474,335,0,308,357,0,0,0,655,recovery,3
10.171163572570627,335,0,307,358,0,0,0,655,recovery,378
10.177903837021642,335,0,306,359,0,0,0,655,recovery,896
10.182534250598675,335,0,305,360,0,0,0,655,recovery,285
10.194844125845174,334,0,306,360,0,0,0,656,infection,947
10.198475213067388,333,0,307,360,0,0,0,657,infection,420
10.203962972214756,332,0,308,360,0,0,0,658,infection,799
10.21161410043138,332,0,307,361,0,0,0,658,recovery,616
10.213114244657907,332,0,306,362,0,0,0,658,recovery,36
10.214185630383723,331,0,307,362,0,0,0,659,infection,451
10.21438176225675,331,0,306,363,0,0,0,659,recovery,362
10.21618606602911,331,0,305,364,0,0,0,659,recovery,597
10.217610622952366,331,0,304,365,0,0,0,659,recovery,177
10.227831894593127,331,0,303,366,0,0,0,659,recovery,869
10.230426112280533,330,0,304,366,0,0,0,660,infection,128
10.236733241982726,329,0,305,366,0,0,0,661,infection,733
10.241714232483405,329,0,304,367,0,0,0,661,recovery,371
10.242767848039332,329,0,303,368,0,0,0,661,recovery,34
10.244750328977446,329,0,302,369,0,0,0,661,recovery,527
10.251543178488049,329,0,301,370,0,0,0,661,recovery,820
10.26554879971658,328,0,302,370,0,0,0,662,infection,850
10.271546194248103,327,0,303,370,0,0,0,663,infection,657
10.273151545259346,326,0,304,370,0,0,0,664,infection,958
10.274308501648385,326,0,303,371,0,0,0,664,recovery,780
10.27781942999447,326,0,302,372,0,0,0,664,recovery,524
10.280690811934626,326,0,301,373,0,0,0,664,recovery,222
10.282588244337441,326,0,300,374,0,0,0,664,recovery,366
10.28388495286127,326,0,299,375,0,0,0,664,recovery,798
10.284394179391997,326,0,298,376,0,0,0,664,recovery,537
10.302947304338682,325,0,299,376,0,0,0,665,infection,615
10.304897108954755,324,0,300,376,0,0,0,666,infection,392
10.30539027033523,323,0,301,376,0,0,0,667,infection,509
10.313841931898596,322,0,302,376,0,0,0,668,infection,558
10.319420960635938,322,0,301,377,0,0,0,668,recovery,723
10.328823615070997,321,0,302,377,0,0,0,669,infection,823
10.33155232631463,320,0,303,377,0,0,0,670,infection,937
10.333646345726534,320,0,302,378,0,0,0,670,recovery,799
10.334492027756879,320,0,301,379,0,0,0,670,recovery,410
10.340738591883587,319,0,302,379,0,0,0,671,infection,909
10.341917810879984,319,0,301,380,0,0,0,671,recovery,473
10.345756694142892,318,0,302,380,0,0,0,672,infection,425
10.345871150934258,318,0,301,381,0,0,0,672,recovery,242
10.345950931307057,318,0,300,382,0,0,0,672,recovery,82
10.355324582709212,318,0,299,383,0,0,0,672,recovery,94
10.360738039231178,317,0,300,383,0,0,0,673,infection,275
10.369863944553778,316,0,301,383,0,0,0,674,infection,716
10.38973115098166,315,0,302,383,0,0,0,675,infection,471
10.399017029367398,314,0,303,383,0,0,0,676,infection,310
10.406172857851075,314,0,302,384,0,0,0,676,recovery,339
10.412494492913186,314,0,301,385,0,0,0,676,recovery,9
10.41882395141912,314,0,300,386,0,0,0,676,recovery,643
10.434113742453327,314,0,299,387,0,0,0,676,recovery,478
10.443712001756664,313,0,300,387,0,0,0,677,infection,740
10.467182169796214,312,0,301,387,0,0,0,678,infection,646
10.470956116957993,312,0,300,388,0,0,0,678,recovery,740
10.472170838256684,312,0,299,389,0,0,0,678,recovery,929
10.479747634451085,311,0,300,389,0,0,0,679,infection,523
10.48986398615702,311,0,299,390,0,0,0,679,recovery,907
10.506881604968427,311,0,298,391,0,0,0,679,recovery,558
10.51309709903268,311,0,297,392,0,0,0,679,recovery,419
10.52622256214509,310,0,298,392,0,0,0,680,infection,262
10.528247298577227,309,0,299,392,0,0,0,681,infection,175
10.532416095496165,309,0,298,393,0,0,0,681,recovery,734
10.532522875604368,309,0,297,394,0,0,0,681,recovery,399
10.533191182628109,309,0,296,395,0,0,0,681,recovery,488
10.548154014818566,308,0,297,395,0,0,0,682,infection,972
10.552790473605794,308,0,296,396,0,0,0,682,recovery,165
10.560561199505626,307,0,297,396,0,0,0,683,infection,182
10.562008294432033,306,0,298,396,0,0,0,684,infection,595
10.575704869032077,305,0,299,396,0,0,0,685,infection,545
10.580160905381456,305,0,298,397,0,0,0,685,recovery,237
10.58120349909865,304,0,299,397,0,0,0,686,infection,62
10.588769427838105,303,0,300,397,0,0,0,687,infection,173
10.589864353891656,302,0,301,397,0,0,0,688,infection,215
10.59666187628708,302,0,300,398,0,0,0,688,recovery,275
10.60226047334244,302,0,299,399,0,0,0,688,recovery,970
10.618990915079861,301,0,300,399,0,0,0,689,infection,42
10.62668680572371,300,0,301,399,0,0,0,690,infection,730
10.627236955295142,299,0,302,399,0,0,0,691,infection,982
10.6284394168983,299,0,301,400,0,0,0,691,recovery,492
10.629304075314035,299,0,300,401,0,0,0,691,recovery,201
10.643112267372397,298,0,301,401,0,0,0,692,infection,675
10.64583865002051,297,0,302,401,0,0,0,693,infection,445
10.649833662642816,296,0,303,401,0,0,0,694,infection,411
10.650353115557204,296,0,302,402,0,0,0,694,recovery,600
10.663080482033601,296,0,301,403,0,0,0,694,recovery,914
10.667054945019967,295,0,302,403,0,0,0,695,infection,832
10.667211004900144,294,0,303,403,0,0,0,696,infection,303
10.684785682113246,294,0,302,404,0,0,0,696,recovery,649
10.688519542129631,294,0,301,405,0,0,0,696,recovery,161
10.691709540411695,293,0,302,405,0,0,0,697,infection,287
10.698617470378775,293,0,301,406,0,0,0,697,recovery,225
10.702468763498587,293,0,300,407,0,0,0,697,recovery,413
10.70677581360766,292,0,301,407,0,0,0,698,infection,613
10.707776599086099,292,0,300,408,0,0,0,698,recovery,360
10.71346323001053,291,0,301,408,0,0,0,699,infection,659
10.715388964538537,291,0,300,409,0,0,0,699,recovery,824
10.74306248946558,291,0,299,410,0,0,0,699,recovery,456
10.75188215314113,290,0,300,410,0,0,0,700,infection,168
10.755432942183146,289,0,301,410,0,0,0,701,infection,741
10.756628522728292,288,0,302,410,0,0,0,702,infection,11
10.759409882485622,287,0,303,410,0,0,0,703,infection,230
10.766728310803593,287,0,302,411,0,0,0,703,recovery,955
10.770754558883581,287,0,301,412,0,0,0,703,recovery,142
10.77336873959358,286,0,302,412,0,0,0,704,infection,729
10.77992120666303,286,0,301,413,0,0,0,704,recovery,887
10.787699305114149,286,0,300,414,0,0,0,704,recovery,286
10.802561592916241,285,0,301,414,0,0,0,705,infection,20
10.802912293843862,284,0,302,414,0,0,0,706,infection,554
10.803302008559443,284,0,301,415,0,0,0,706,recovery,457
10.820692596367635,283,0,302,415,0,0,0,707,infection,442
10.841492852147764,283,0,301,416,0,0,0,707,recovery,477
10.845306230073167,283,0,300,417,0,0,0,707,recovery,862
10.856089269525302,283,0,299,418,0,0,0,707,recovery,341
10.861043507024421,282,0,300,418,0,0,0,708,infection,349
10.861701427808214,282,0,299,419,0,0,0,708,recovery,733
10.880017362974389,282,0,298,420,0,0,0,708,recovery,851
10.884722101957813,281,0,299,420,0,0,0,709,infection,104
10.888603821476659,280,0,300,420,0,0,0,710,infection,429
10.897459438387969,280,0,299,421,0,0,0,710,recovery,73
10.899345492726713,279,0,300,421,0,0,0,711,infection,819
10.920657926399592,278,0,301,421,0,0,0,712,infection,627
10.92357987494165,278,0,300,422,0,0,0,712,recovery,674
10.928223347190082,278,0,299,423,0,0,0,712,recovery,442
10.937751441523762,278,0,298,424,0,0,0,712,recovery,104
10.943259858272866,278,0,297,425,0,0,0,712,recovery,627
10.946075344472877,278,0,296,426,0,0,0,712,recovery,807
10.95072114453425,277,0,297,426,0,0,0,713,infection,498
10.951725768240502,277,0,296,427,0,0,0,713,recovery,42
10.96655237122739,276,0,297,427,0,0,0,714,infection,721
10.96668598573553,275,0,298,427,0,0,0,715,infection,162
10.969957377050271,274,0,299,427,0,0,0,716,infection,952
10.972955947665492,274,0,298,428,0,0,0,716,recovery,958
10.977073219980856,274,0,297,429,0,0,0,716,recovery,342
10.991877629886453,274,0,296,430,0,0,0,716,recovery,164
10.99536522849058,273,0,297,430,0,0,0,717,infection,114
11.00148736139341,273,0,296,431,0,0,0,717,recovery,588
11.005732628477364,272,0,297,431,0,0,0,718,infection,858
11.010377137065888,271,0,298,431,0,0,0,719,infection,346
11.036620726284605,271,0,297,432,0,0,0,719,recovery,858
11.042441744617348,271,0,296,433,0,0,0,719,recovery,908
11.049866621375642,271,0,295,434,0,0,0,719,recovery,333
11.070163650519746,271,0,294,435,0,0,0,719,recovery,747
11.074972896801354,271,0,293,436,0,0,0,719,recovery,471
11.088925736914147,271,0,292,437,0,0,0,719,recovery,374
11.095997790750435,271,0,291,438,0,0,0,719,recovery,770
11.10350089429683,271,0,290,439,0,0,0,719,recovery,101
11.12046944124048,271,0,289,440,0,0,0,719,recovery,175
11.127296385975646,271,0,288,441,0,0,0,719,recovery,613
11.138900197326768,271,0,287,442,0,0,0,719,recovery,75
11.1489086637129,270,0,288,442,0,0,0,720,infection,604
11.153535307848836,269,0,289,442,0,0,0,721,infection,223
11.153682663593456,268,0,290,442,0,0,0,722,infection,393
11.163125902294388,268,0,289,443,0,0,0,722,recovery,636
11.16556187973007,267,0,290,443,0,0,0,723,infection,157
11.173291678453944,267,0,289,444,0,0,0,723,recovery,143
11.176434267964312,266,0,290,444,0,0,0,724,infection,876
11.177390781537555,266,0,289,445,0,0,0,724,recovery,8
11.179797582228987,265,0,290,445,0,0,0,725,infection,806
11.199648147544906,264,0,291,445,0,0,0,726,infection,108
11.226454829472933,264,0,290,446,0,0,0,726,recovery,716
11.227159263313926,264,0,289,447,0,0,0,726,recovery,403
11.229055814246578,263,0,290,447,0,0,0,727,infection,66
11.231485596459157,262,0,291,447,0,0,0,728,infection,189
11.23699429019663,262,0,290,448,0,0,0,728,recovery,344
11.239802395334724,262,0,289,449,0,0,0,728,recovery,346
11.261226757652018,261,0,290,449,0,0,0,729,infection,810
11.27104585016369,261,0,289,450,0,0,0,729,recovery,62
11.2733130138342,261,0,288,451,0,0,0,729,recovery,756
11.309007766114465,261,0,287,452,0,0,0,729,recovery,474
11.314503974617978,261,0,286,453,0,0,0,729,recovery,448
11.328492499819676,260,0,287,453,0,0,0,730,infection,666
11.34873612639284,260,0,286,454,0,0,0,730,recovery,881
11.38115300888504,260,0,285,455,0,0,0,730,recovery,729
11.383875729985578,260,0,284,456,0,0,0,730,recovery,205
11.384583979991735,260,0,283,457,0,0,0,730,recovery,614
11.390461298722002,260,0,282,458,0,0,0,730,recovery,736
11.393656560761475,260,0,281,459,0,0,0,730,recovery,481
11.400966727504885,260,0,280,460,0,0,0,730,recovery,487
11.410451100830937,260,0,279,461,0,0,0,730,recovery,111
11.414056252674756,259,0,280,461,0,0,0,731,infection,935
11.428705524888425,259,0,279,462,0,0,0,731,recovery,56
11.430104365134117,259,0,278,463,0,0,0,731,recovery,171
11.432013963172015,258,0,279,463,0,0,0,732,infection,689
11.445916663973884,257,0,280,463,0,0,0,733,infection,534
11.477308347701703,256,0,281,463,0,0,0,734,infection,145
11.4879078216448,256,0,280,464,0,0,0,734,recovery,131
11.494944622757835,255,0,281,464,0,0,0,735,infection,270
11.496020553618488,254,0,282,464,0,0,0,736,infection,37
11.497955526088774,253,0,283,464,0,0,0,737,infection,265
11.500489054265756,253,0,282,465,0,0,0,737,recovery,7
11.514542634353365,252,0,283,465,0,0,0,738,infection,831
11.514832498038457,251,0,284,465,0,0,0,739,infection,800
11.522786668472518,251,0,283,466,0,0,0,739,recovery,909
11.527325570544399,251,0,282,467,0,0,0,739,recovery,11
11.527684066771817,250,0,283,467,0,0,0,740,infection,777
11.529958670355189,250,0,282,468,0,0,0,740,recovery,124
11.563771790268547,250,0,281,469,0,0,0,740,recovery,99
11.56470225283947,249,0,282,469,0,0,0,741,infection,975
11.578320900231182,249,0,281,470,0,0,0,741,recovery,865
11.582586969637706,249,0,280,471,0,0,0,741,recovery,210
11.603610773847898,248,0,281,471,0,0,0,742,infection,41
11.608881454890886,247,0,282,471,0,0,0,743,infection,884
11.613894260821297,246,0,283,471,0,0,0,744,infection,808
11.620754144038646,246,0,282,472,0,0,0,744,recovery,671
11.62446176956118,246,0,281,473,0,0,0,744,recovery,337
11.644892224011116,245,0,282,473,0,0,0,745,infection,979
11.649115998884382,245,0,281,474,0,0,0,745,recovery,503
11.649821412926405,245,0,280,475,0,0,0,745,recovery,882
11.654121260462318,245,0,279,476,0,0,0,745,recovery,554
11.682469835782559,245,0,278,477,0,0,0,745,recovery,278
11.688969148762405,244,0,279,477,0,0,0,746,infection,254
11.689468156169648,244,0,278,478,0,0,0,746,recovery,141
11.696889190222347,244,0,277,479,0,0,0,746,recovery,61
11.697164272061624,244,0,276,480,0,0,0,746,recovery,214
11.702012137208497,243,0,277,480,0,0,0,747,infection,515
11.706982029690487,243,0,276,481,0,0,0,747,recovery,180
11.717549847119885,243,0,275,482,0,0,0,747,recovery,174
11.743816287996228,243,0,274,483,0,0,0,747,recovery,685
11.746796566441496,242,0,275,483,0,0,0,748,infection,67
11.756640897674359,241,0,276,483,0,0,0,749,infection,148
11.763278210908531,241,0,275,484,0,0,0,749,recovery,426
11.775553735048627,241,0,274,485,0,0,0,749,recovery,270
11.775893259380178,241,0,273,486,0,0,0,749,recovery,348
11.795632789351949,240,0,274,486,0,0,0,750,infection,190
11.8076187398395,239,0,275,486,0,0,0,751,infection,16
11.814233240790822,238,0,276,486,0,0,0,752,infection,361
11.830016695621167,237,0,277,486,0,0,0,753,infection,464
11.834408697890941,236,0,278,486,0,0,0,754,infection,58
11.840771869549895,236,0,277,487,0,0,0,754,recovery,523
11.847272708346209,235,0,278,487,0,0,0,755,infection,389
11.872755676304427,235,0,277,488,0,0,0,755,recovery,682
11.877295857238288,235,0,276,489,0,0,0,755,recovery,391
11.891022594510318,234,0,277,489,0,0,0,756,infection,59
11.904226865053186,234,0,276,490,0,0,0,756,recovery,17
11.918925502988685,234,0,275,491,0,0,0,756,recovery,555
11.920529494553803,233,0,276,491,0,0,0,757,infection,289
11.930758877174377,233,0,275,492,0,0,0,757,recovery,429
11.942730168394496,233,0,274,493,0,0,0,757,recovery,783
11.967142225582842,232,0,275,493,0,0,0,758,infection,546
11.975371872469537,231,0,276,493,0,0,0,759,infection,631
11.987409778790479,231,0,275,494,0,0,0,759,recovery,361
11.990696802344576,230,0,276,494,0,0,0,760,infection,505
12.00995669748452,229,0,277,494,0,0,0,761,infection,928
12.011487303092155,229,0,276,495,0,0,0,761,recovery,241
12.023173535061744,228,0,277,495,0,0,0,762,infection,621
12.033571295872987,227,0,278,495,0,0,0,763,infection,941
12.041407594046206,226,0,279,495,0,0,0,764,infection,250
12.045045949221965,225,0,280,495,0,0,0,765,infection,745
12.052239052004166,224,0,281,495,0,0,0,766,infection,803
12.064463443077036,223,0,282,495,0,0,0,767,infection,321
12.06460170808342,222,0,283,495,0,0,0,768,infection,382
12.086940365467246,222,0,282,496,0,0,0,768,recovery,534
12.090863609008167,221,0,283,496,0,0,0,769,infection,387
12.092607437416817,221,0,282,497,0,0,0,769,recovery,117
12.10217568972065,221,0,281,498,0,0,0,769,recovery,402
12.121335246008945,220,0,282,498,0,0,0,770,infection,624
12.125303552774529,220,0,281,499,0,0,0,770,recovery,123
12.16970303831214,220,0,280,500,0,0,0,770,recovery,88
12.18727986104064,220,0,279,501,0,0,0,770,recovery,911
12.19590277596095,219,0,280,501,0,0,0,771,infection,102
12.203366055203661,219,0,279,502,0,0,0,771,recovery,169
12.215878403475353,219,0,278,503,0,0,0,771,recovery,313
12.231167469204347,218,0,279,503,0,0,0,772,infection,853
12.24012851744496,217,0,280,503,0,0,0,773,infection,511
12.25042297582573,216,0,281,503,0,0,0,774,infection,85
12.267329550765044,216,0,280,504,0,0,0,774,recovery,466
12.268735993023997,215,0,281,504,0,0,0,775,infection,239
12.287796988498119,214,0,282,504,0,0,0,776,infection,696
12.289051188290014,213,0,283,504,0,0,0,777,infection,977
12.289071311813593,212,0,284,504,0,0,0,778,infection,15
12.290660096593978,212,0,283,505,0,0,0,778,recovery,316
12.293612560819119,212,0,282,506,0,0,0,778,recovery,57
12.300658856201402,212,0,281,507,0,0,0,778,recovery,708
12.301158975343887,211,0,282,507,0,0,0,779,infection,753
12.301823391060564,210,0,283,507,0,0,0,780,infection,256
12.304185224570839,209,0,284,507,0,0,0,781,infection,460
12.313503126564143,209,0,283,508,0,0,0,781,recovery,253
12.330533947505916,209,0,282,509,0,0,0,781,recovery,883
12.3346801817645,209,0,281,510,0,0,0,781,recovery,985
12.337361728517935,208,0,282,510,0,0,0,782,infection,662
12.338642877077268,208,0,281,511,0,0,0,782,recovery,819
12.352493251375684,207,0,282,511,0,0,0,783,infection,467
12.358196720458498,207,0,281,512,0,0,0,783,recovery,835
12.35999356269468,207,0,280,513,0,0,0,783,recovery,753
12.389161746238967,206,0,281,513,0,0,0,784,infection,119
12.391399850729638,205,0,282,513,0,0,0,785,infection,211
12.398170105671223,204,0,283,513,0,0,0,786,infection,924
12.399123455199213,204,0,282,514,0,0,0,786,recovery,721
12.412411386013579,204,0,281,515,0,0,0,786,recovery,666
12.414915514178814,203,0,282,515,0,0,0,787,infection,479
12.41782640745972,203,0,281,516,0,0,0,787,recovery,831
12.430408095005857,202,0,282,516,0,0,0,788,infection,906
12.430763936926684,201,0,283,516,0,0,0,789,infection,266
12.453439724116514,201,0,282,517,0,0,0,789,recovery,321
12.453581504187337,201,0,281,518,0,0,0,789,recovery,128
12.463451650212862,201,0,280,519,0,0,0,789,recovery,924
12.470481270792837,200,0,281,519,0,0,0,790,infection,710
12.477184491459157,200,0,280,520,0,0,0,790,recovery,781
12.481791923704318,200,0,279,521,0,0,0,790,recovery,215
12.482018814098208,199,0,280,521,0,0,0,791,infection,984
12.501875420330189,199,0,279,522,0,0,0,791,recovery,148
12.510911222529364,198,0,280,522,0,0,0,792,infection,430
12.519568218250015,197,0,281,522,0,0,0,793,infection,384
12.52118842189619,197,0,280,523,0,0,0,793,recovery,731
12.530471974412652,197,0,279,524,0,0,0,793,recovery,71
12.535445152992757,197,0,278,525,0,0,0,793,recovery,919
12.53621591075619,196,0,279,525,0,0,0,794,infection,408
12.541456658728777,196,0,278,526,0,0,0,794,recovery,511
12.548990092626685,195,0,279,526,0,0,0,795,infection,644
12.551076631867895,195,0,278,527,0,0,0,795,recovery,108
12.562418173902033,195,0,277,528,0,0,0,795,recovery,297
12.562665182271122,195,0,276,529,0,0,0,795,recovery,467
12.57795202547087,194,0,277,529,0,0,0,796,infection,170
12.586023349189595,194,0,276,530,0,0,0,796,recovery,103
12.629862183295923,193,0,277,530,0,0,0,797,infection,895
12.630743530023928,193,0,276,531,0,0,0,797,recovery,938
12.637688658165107,193,0,275,532,0,0,0,797,recovery,37
12.651359997438579,192,0,276,532,0,0,0,798,infection,525
12.651808558774466,192,0,275,533,0,0,0,798,recovery,711
12.68161886478537,192,0,274,534,0,0,0,798,recovery,933
12.71565891470772,192,0,273,535,0,0,0,798,recovery,353
12.727053808212986,192,0,272,536,0,0,0,798,recovery,957
12.729214545629365,191,0,273,536,0,0,0,799,infection,113
12.737614730993556,191,0,272,537,0,0,0,799,recovery,173
12.803765657640886,191,0,271,538,0,0,0,799,recovery,119
12.8214149197874,191,0,270,539,0,0,0,799,recovery,274
12.823361208763746,191,0,269,540,0,0,0,799,recovery,788
12.835550923315608,191,0,268,541,0,0,0,799,recovery,663
12.840919368970942,190,0,269,541,0,0,0,800,infection,132
12.843897374973464,189,0,270,541,0,0,0,801,infection,713
12.844819514425263,189,0,269,542,0,0,0,801,recovery,189
12.869523925461266,189,0,268,543,0,0,0,801,recovery,223
12.875231434748295,189,0,267,544,0,0,0,801,recovery,373
12.875240632500386,188,0,268,544,0,0,0,802,infection,728
12.887785174923172,188,0,267,545,0,0,0,802,recovery,806
12.898234135146732,188,0,266,546,0,0,0,802,recovery,861
12.910224740589634,188,0,265,547,0,0,0,802,recovery,163
12.931430958006532,188,0,264,548,0,0,0,802,recovery,494
12.937308025153493,187,0,265,548,0,0,0,803,infection,751
12.944912754695254,186,0,266,548,0,0,0,804,infection,767
12.946454976822984,186,0,265,549,0,0,0,804,recovery,425
12.948089984659415,186,0,264,550,0,0,0,804,recovery,983
12.959862912184875,185,0,265,550,0,0,0,805,infection,640
12.963429074269706,185,0,264,551,0,0,0,805,recovery,948
12.977420941259744,185,0,263,552,0,0,0,805,recovery,84
12.986792450715292,184,0,264,552,0,0,0,806,infection,134
12.997094053790374,183,0,265,552,0,0,0,807,infection,484
13.00463744487626,182,0,266,552,0,0,0,808,infection,204
13.018933419910715,181,0,267,552,0,0,0,809,infection,109
13.021136108073689,180,0,268,552,0,0,0,810,infection,822
13.043226929438363,180,0,267,553,0,0,0,810,recovery,228
13.043961256353821,179,0,268,553,0,0,0,811,infection,954
13.04907563373495,179,0,267,554,0,0,0,811,recovery,912
13.049853757772597,179,0,266,555,0,0,0,811,recovery,884
13.05406591543823,178,0,267,555,0,0,0,812,infection,359
13.057513888937514,177,0,268,555,0,0,0,813,infection,744
13.062964330769503,176,0,269,555,0,0,0,814,infection,504
13.086773914589807,176,0,268,556,0,0,0,814,recovery,430
13.107706358206615,176,0,267,557,0,0,0,814,recovery,710
13.11121025676855,176,0,266,558,0,0,0,814,recovery,217
13.115812922647427,175,0,267,558,0,0,0,815,infection,629
13.117334113803407,174,0,268,558,0,0,0,816,infection,291
13.137647848333053,174,0,267,559,0,0,0,816,recovery,277
13.139225819684498,174,0,266,560,0,0,0,816,recovery,779
13.1797511205694,174,0,265,561,0,0,0,816,recovery,564
13.181536381747634,173,0,266,561,0,0,0,817,infection,623
13.197184357461529,173,0,265,562,0,0,0,817,recovery,20
13.204634346292496,172,0,266,562,0,0,0,818,infection,86
13.215858253578837,172,0,265,563,0,0,0,818,recovery,552
13.241763072813866,171,0,266,563,0,0,0,819,infection,268
13.252883137824346,170,0,267,563,0,0,0,820,infection,945
13.285476388376326,169,0,268,563,0,0,0,821,infection,469
13.285595078756387,169,0,267,564,0,0,0,821,recovery,86
13.309597034946515,169,0,266,565,0,0,0,821,recovery,418
13.325032706224192,169,0,265,566,0,0,0,821,recovery,162
13.335547959909379,168,0,266,566,0,0,0,822,infection,138
13.35014656684547,168,0,265,567,0,0,0,822,recovery,469
13.374620834806361,167,0,266,567,0,0,0,823,infection,773
13.384789874957953,167,0,265,568,0,0,0,823,recovery,132
13.385859406303346,166,0,266,568,0,0,0,824,infection,825
13.388404084943025,166,0,265,569,0,0,0,824,recovery,789
13.396094215895683,166,0,264,570,0,0,0,824,recovery,349
13.397350221324155,166,0,263,571,0,0,0,824,recovery,85
13.39929221165188,166,0,262,572,0,0,0,824,recovery,583
13.402189976838235,166,0,261,573,0,0,0,824,recovery,160
13.414959854668346,166,0,260,574,0,0,0,824,recovery,470
13.433196860775325,165,0,261,574,0,0,0,825,infection,209
13.43918687985358,165,0,260,575,0,0,0,825,recovery,434
13.45502533154563,165,0,259,576,0,0,0,825,recovery,134
13.456916484244461,165,0,258,577,0,0,0,825,recovery,713
13.50032016891196,165,0,257,578,0,0,0,825,recovery,354
13.507942387929221,164,0,258,578,0,0,0,826,infection,47
13.508755514614997,164,0,257,579,0,0,0,826,recovery,368
13.522300962674151,164,0,256,580,0,0,0,826,recovery,244
13.53048433324154,164,0,255,581,0,0,0,826,recovery,46
13.531227307350191,163,0,256,581,0,0,0,827,infection,725
13.53153709786411,163,0,255,582,0,0,0,827,recovery,423
13.543664966263881,162,0,256,582,0,0,0,828,infection,809
13.548538848325478,162,0,255,583,0,0,0,828,recovery,772
13.551865300016651,162,0,254,584,0,0,0,828,recovery,689
13.556804676252439,162,0,253,585,0,0,0,828,recovery,451
13.557659861567057,161,0,254,585,0,0,0,829,infection,670
13.557808851066264,161,0,253,586,0,0,0,829,recovery,937
13.571834435948853,161,0,252,587,0,0,0,829,recovery,490
13.578502243945525,161,0,251,588,0,0,0,829,recovery,972
13.59851197409618,161,0,250,589,0,0,0,829,recovery,383
13.60295815647816,160,0,251,589,0,0,0,830,infection,328
13.613536803036467,159,0,252,589,0,0,0,831,infection,840
13.618369831266383,159,0,251,590,0,0,0,831,recovery,303
13.64000742595185,158,0,252,590,0,0,0,832,infection,450
13.675720468398348,158,0,251,591,0,0,0,832,recovery,47
13.677043523550353,158,0,250,592,0,0,0,832,recovery,67
13.678567161447567,158,0,249,593,0,0,0,832,recovery,306
13.688344021335016,157,0,250,593,0,0,0,833,infection,804
13.692269319162397,156,0,251,593,0,0,0,834,infection,528
13.70048370855981,156,0,250,594,0,0,0,834,recovery,631
13.70179753819642,155,0,251,594,0,0,0,835,infection,21
13.705523376585399,154,0,252,594,0,0,0,836,infection,617
13.7063971053745,154,0,251,595,0,0,0,836,recovery,484
13.707547781542573,154,0,250,596,0,0,0,836,recovery,584
13.732133096509461,154,0,249,597,0,0,0,836,recovery,796
13.73602457389698,153,0,250,597,0,0,0,837,infection,535
13.743121285872887,153,0,249,598,0,0,0,837,recovery,113
13.759675706692146,153,0,248,599,0,0,0,837,recovery,489
13.75969105715017,153,0,247,600,0,0,0,837,recovery,170
13.817674790751576,152,0,248,600,0,0,0,838,infection,673
13.81824991170598,152,0,247,601,0,0,0,838,recovery,130
13.821786994480814,151,0,248,601,0,0,0,839,infection,216
13.85734527214156,151,0,247,602,0,0,0,839,recovery,460
13.866108450696984,151,0,246,603,0,0,0,839,recovery,759
13.872135116721125,151,0,245,604,0,0,0,839,recovery,567
13.889458736446935,150,0,246,604,0,0,0,840,infection,536
13.90289438114775,150,0,245,605,0,0,0,840,recovery,420
13.9104344035923,149,0,246,605,0,0,0,841,infection,444
13.912183437414324,149,0,245,606,0,0,0,841,recovery,18
13.913413085029482,148,0,246,606,0,0,0,842,infection,292
13.934624298332075,147,0,247,606,0,0,0,843,infection,98
13.953114976218535,147,0,246,607,0,0,0,843,recovery,675
13.954564189916042,147,0,245,608,0,0,0,843,recovery,778
13.960641079892294,147,0,244,609,0,0,0,843,recovery,705
13.97383095500292,147,0,243,610,0,0,0,843,recovery,670
13.99287587159512,147,0,242,611,0,0,0,843,recovery,66
14.018177978698997,147,0,241,612,0,0,0,843,recovery,289
14.024968270406433,147,0,240,613,0,0,0,843,recovery,629
14.031431500588273,146,0,241,613,0,0,0,844,infection,568
14.053263089186366,146,0,240,614,0,0,0,844,recovery,497
14.072166301166094,146,0,239,615,0,0,0,844,recovery,262
14.072331115951505,146,0,238,616,0,0,0,844,recovery,928
14.076057717359332,146,0,237,617,0,0,0,844,recovery,556
14.087934953535246,146,0,236,618,0,0,0,844,recovery,691
14.103465052421578,146,0,235,619,0,0,0,844,recovery,673
14.124039337798774,146,0,234,620,0,0,0,844,recovery,284
14.128819414139144,146,0,233,621,0,0,0,844,recovery,777
14.135403281586363,145,0,234,621,0,0,0,845,infection,888
14.147686175429392,145,0,233,622,0,0,0,845,recovery,282
14.165654745506995,145,0,232,623,0,0,0,845,recovery,1
14.17686708806273,144,0,233,623,0,0,0,846,infection,609
14.179781697916578,144,0,232,624,0,0,0,846,recovery,21
14.186558679075251,144,0,231,625,0,0,0,846,recovery,586
14.195932443789754,144,0,230,626,0,0,0,846,recovery,563
14.19842210053656,143,0,231,626,0,0,0,847,infection,981
14.208662725965597,142,0,232,626,0,0,0,848,infection,868
14.216028076072874,142,0,231,627,0,0,0,848,recovery,746
14.221783860012902,142,0,230,628,0,0,0,848,recovery,725
14.227975665551398,141,0,231,628,0,0,0,849,infection,447
14.239894055935736,141,0,230,629,0,0,0,849,recovery,935
14.2412020653639,141,0,229,630,0,0,0,849,recovery,325
14.248335848553655,141,0,228,631,0,0,0,849,recovery,209
14.27848342704681,140,0,229,631,0,0,0,850,infection,720
14.293323416141964,140,0,228,632,0,0,0,850,recovery,290
14.296079417196177,140,0,227,633,0,0,0,850,recovery,106
14.317853763884418,140,0,226,634,0,0,0,850,recovery,230
14.330120993512114,139,0,227,634,0,0,0,851,infection,181
14.330491577068639,139,0,226,635,0,0,0,851,recovery,548
14.346867477566727,138,0,227,635,0,0,0,852,infection,837
14.359943337634057,138,0,226,636,0,0,0,852,recovery,728
14.364637167328247,137,0,227,636,0,0,0,853,infection,322
14.372257431712509,137,0,226,637,0,0,0,853,recovery,231
14.385915851622233,137,0,225,638,0,0,0,853,recovery,947
14.42129426558503,137,0,224,639,0,0,0,853,recovery,626
14.42839217570218,137,0,223,640,0,0,0,853,recovery,256
14.428814698706022,137,0,222,641,0,0,0,853,recovery,981
14.430225308030193,137,0,221,642,0,0,0,853,recovery,70
14.446494488208593,137,0,220,643,0,0,0,853,recovery,598
14.457501721937726,136,0,221,643,0,0,0,854,infection,967
14.510321086201934,136,0,220,644,0,0,0,854,recovery,491
14.511808790678238,136,0,219,645,0,0,0,854,recovery,245
14.548431118797858,136,0,218,646,0,0,0,854,recovery,800
14.55099676213239,135,0,219,646,0,0,0,855,infection,4
14.55183089594841,135,0,218,647,0,0,0,855,recovery,967
14.566215129156959,135,0,217,648,0,0,0,855,recovery,692
14.56781636441279,135,0,216,649,0,0,0,855,recovery,823
14.56915847561876,135,0,215,650,0,0,0,855,recovery,773
14.569499091756855,135,0,214,651,0,0,0,855,recovery,498
14.581231273315922,135,0,213,652,0,0,0,855,recovery,496
14.581805669836106,135,0,212,653,0,0,0,855,recovery,204
14.598167545498725,135,0,211,654,0,0,0,855,recovery,526
14.603170600144065,135,0,210,655,0,0,0,855,recovery,176
14.604333815239494,135,0,209,656,0,0,0,855,recovery,571
14.618676947667966,135,0,208,657,0,0,0,855,recovery,520
14.646420630398621,134,0,209,657,0,0,0,856,infection,737
14.669011505034458,134,0,208,658,0,0,0,856,recovery,229
14.678728718681473,133,0,209,658,0,0,0,857,infection,926
14.699350452448176,133,0,208,659,0,0,0,857,recovery,320
14.700175554418113,133,0,207,660,0,0,0,857,recovery,941
14.709195614796831,133,0,206,661,0,0,0,857,recovery,568
14.719239146993862,132,0,207,661,0,0,0,858,infection,667
14.719860998308295,132,0,206,662,0,0,0,858,recovery,900
14.723695457027256,131,0,207,662,0,0,0,859,infection,880
14.745160490657229,130,0,208,662,0,0,0,860,infection,668
14.747320766671324,130,0,207,663,0,0,0,860,recovery,536
14.748862476236518,130,0,206,664,0,0,0,860,recovery,758
14.759978681657326,130,0,205,665,0,0,0,860,recovery,454
14.763428078294638,129,0,206,665,0,0,0,861,infection,899
14.782964470015934,129,0,205,666,0,0,0,861,recovery,754
14.812256691149228,129,0,204,667,0,0,0,861,recovery,43
14.826706353455902,128,0,205,667,0,0,0,862,infection,647
14.838544079220165,128,0,204,668,0,0,0,862,recovery,157
14.842611902654857,128,0,203,669,0,0,0,862,recovery,200
14.85005480439076,128,0,202,670,0,0,0,862,recovery,322
14.854704425646599,128,0,201,671,0,0,0,862,recovery,697
14.859720154772143,128,0,200,672,0,0,0,862,recovery,989
14.862510537150483,127,0,201,672,0,0,0,863,infection,699
14.870414430422812,127,0,200,673,0,0,0,863,recovery,641
14.882486864303269,126,0,201,673,0,0,0,864,infection,78
14.888171781510259,126,0,200,674,0,0,0,864,recovery,31
14.898832476287879,125,0,201,674,0,0,0,865,infection,352
14.914249674315348,124,0,202,674,0,0,0,866,infection,249
14.956013230710107,124,0,201,675,0,0,0,866,recovery,392
14.961842421490582,124,0,200,676,0,0,0,866,recovery,450
14.962521179923156,123,0,201,676,0,0,0,867,infection,562
14.977154052840655,123,0,200,677,0,0,0,867,recovery,382
14.982549968831636,123,0,199,678,0,0,0,867,recovery,74
14.989289340263799,123,0,198,679,0,0,0,867,recovery,871
15.023727387541914,122,0,199,679,0,0,0,868,infection,294
15.072332927979549,122,0,198,680,0,0,0,868,recovery,810
15.073967151066839,122,0,197,681,0,0,0,868,recovery,393
15.151740420036688,122,0,196,682,0,0,0,868,recovery,665
15.248788665824033,122,0,195,683,0,0,0,868,recovery,644
15.280986034711896,121,0,196,683,0,0,0,869,infection,308
15.282820326720412,121,0,195,684,0,0,0,869,recovery,359
15.310297616058062,121,0,194,685,0,0,0,869,recovery,561
15.34116346188515,120,0,195,685,0,0,0,870,infection,100
15.347644567566327,120,0,194,686,0,0,0,870,recovery,615
15.357362202330822,120,0,193,687,0,0,0,870,recovery,763
15.371646232721158,119,0,194,687,0,0,0,871,infection,45
15.472666113264486,118,0,195,687,0,0,0,872,infection,575
15.47399301396579,118,0,194,688,0,0,0,872,recovery,988
15.476627254045793,117,0,195,688,0,0,0,873,infection,276
15.478727564633695,117,0,194,689,0,0,0,873,recovery,542
15.479202218658966,117,0,193,690,0,0,0,873,recovery,190
15.489506370175167,117,0,192,691,0,0,0,873,recovery,15
15.492992393576987,117,0,191,692,0,0,0,873,recovery,977
15.505297737969668,117,0,190,693,0,0,0,873,recovery,657
15.507699242956408,116,0,191,693,0,0,0,874,infection,920
15.516578520705027,116,0,190,694,0,0,0,874,recovery,109
15.5167668953351,115,0,191,694,0,0,0,875,infection,846
15.540419294092095,115,0,190,695,0,0,0,875,recovery,276
15.542005529239391,115,0,189,696,0,0,0,875,recovery,4
15.571390278060312,115,0,188,697,0,0,0,875,recovery,894
15.572639226949644,115,0,187,698,0,0,0,875,recovery,291
15.57968919439846,115,0,186,699,0,0,0,875,recovery,54
15.587739766162441,115,0,185,700,0,0,0,875,recovery,249
15.590350726500848,115,0,184,701,0,0,0,875,recovery,962
15.605713142659905,115,0,183,702,0,0,0,875,recovery,590
15.609865526347146,115,0,182,703,0,0,0,875,recovery,863
15.6376568345971,115,0,181,704,0,0,0,875,recovery,16
15.644588170288925,114,0,182,704,0,0,0,876,infection,158
15.648245570702489,114,0,181,705,0,0,0,876,recovery,305
15.7118661731816,113,0,182,705,0,0,0,877,infection,634
15.7195760357385,113,0,181,706,0,0,0,877,recovery,517
15.743198241173385,113,0,180,707,0,0,0,877,recovery,822
15.745054733005832,113,0,179,708,0,0,0,877,recovery,254
15.74514168169534,113,0,178,709,0,0,0,877,recovery,146
15.779066758314418,113,0,177,710,0,0,0,877,recovery,216
15.786225876421135,113,0,176,711,0,0,0,877,recovery,265
15.789503643354848,113,0,175,712,0,0,0,877,recovery,328
15.79250267193122,112,0,176,712,0,0,0,878,infection,87
15.797065408559213,112,0,175,713,0,0,0,878,recovery,310
15.81717132800745,112,0,174,714,0,0,0,878,recovery,965
15.833912253302978,112,0,173,715,0,0,0,878,recovery,695
15.841941761000868,112,0,172,716,0,0,0,878,recovery,268
15.846139239539234,111,0,173,716,0,0,0,879,infection,126
15.849404005476998,111,0,172,717,0,0,0,879,recovery,89
15.859769227541015,110,0,173,717,0,0,0,880,infection,916
15.871565184127595,110,0,172,718,0,0,0,880,recovery,609
15.873304081322104,109,0,173,718,0,0,0,881,infection,513
15.88155196309132,109,0,172,719,0,0,0,881,recovery,659
15.885963781533905,109,0,171,720,0,0,0,881,recovery,720
15.88828850392306,109,0,170,721,0,0,0,881,recovery,645
15.897750003892009,108,0,171,721,0,0,0,882,infection,655
15.93182473308485,108,0,170,722,0,0,0,882,recovery,211
15.932383177459824,108,0,169,723,0,0,0,882,recovery,730
15.936414340804198,107,0,170,723,0,0,0,883,infection,961
15.987422630625067,107,0,169,724,0,0,0,883,recovery,808
16.015644762907492,107,0,168,725,0,0,0,883,recovery,766
16.028327943570865,107,0,167,726,0,0,0,883,recovery,961
16.067291334580325,107,0,166,727,0,0,0,883,recovery,550
16.074807387062965,106,0,167,727,0,0,0,884,infection,49
16.087396232030684,106,0,166,728,0,0,0,884,recovery,660
16.09909921215211,106,0,165,729,0,0,0,884,recovery,292
16.11005312621063,106,0,164,730,0,0,0,884,recovery,100
16.112396819079574,106,0,163,731,0,0,0,884,recovery,250
16.114253868690877,106,0,162,732,0,0,0,884,recovery,662
16.1386612922883,106,0,161,733,0,0,0,884,recovery,352
16.201850922131577,106,0,160,734,0,0,0,884,recovery,618
16.227556369824182,106,0,159,735,0,0,0,884,recovery,87
16.232495581874993,106,0,158,736,0,0,0,884,recovery,38
16.235403440965985,106,0,157,737,0,0,0,884,recovery,767
16.27456424647016,106,0,156,738,0,0,0,884,recovery,945
16.311937874420167,106,0,155,739,0,0,0,884,recovery,248
16.315154492755795,106,0,154,740,0,0,0,884,recovery,102
16.318882479095684,105,0,155,740,0,0,0,885,infection,39
16.337950233253057,104,0,156,740,0,0,0,886,infection,207
16.38811069228609,103,0,157,740,0,0,0,887,infection,400
16.39766427168649,103,0,156,741,0,0,0,887,recovery,207
16.3983391921456,103,0,155,742,0,0,0,887,recovery,312
16.44136188799535,103,0,154,743,0,0,0,887,recovery,239
16.446495952455216,103,0,153,744,0,0,0,887,recovery,351
16.479844769008817,103,0,152,745,0,0,0,887,recovery,846
16.503322767260066,103,0,151,746,0,0,0,887,recovery,387
16.52732843138152,103,0,150,747,0,0,0,887,recovery,543
16.5837672014186,102,0,151,747,0,0,0,888,infection,273
16.604489713178797,102,0,150,748,0,0,0,888,recovery,975
16.618424128189552,102,0,149,749,0,0,0,888,recovery,400
16.638350444352607,102,0,148,750,0,0,0,888,recovery,355
16.639159114302544,102,0,147,751,0,0,0,888,recovery,135
16.656704313364433,102,0,146,752,0,0,0,888,recovery,655
16.65933896783197,101,0,147,752,0,0,0,889,infection,608
16.661328305071784,100,0,148,752,0,0,0,890,infection,566
16.679373235176215,100,0,147,753,0,0,0,890,recovery,984
16.686261615928572,99,0,148,753,0,0,0,891,infection,939
16.716879295143777,98,0,149,753,0,0,0,892,infection,870
16.8242718572575,97,0,150,753,0,0,0,893,infection,683
16.83480627175549,97,0,149,754,0,0,0,893,recovery,98
16.843080400231187,97,0,148,755,0,0,0,893,recovery,608
16.888752078860826,96,0,149,755,0,0,0,894,infection,179
16.90076257758384,96,0,148,756,0,0,0,894,recovery,940
16.944145127231145,96,0,147,757,0,0,0,894,recovery,486
16.946592733253933,95,0,148,757,0,0,0,895,infection,435
17.001234101060565,95,0,147,758,0,0,0,895,recovery,509
17.01029134524147,95,0,146,759,0,0,0,895,recovery,624
17.050556778282434,95,0,145,760,0,0,0,895,recovery,41
17.059763594187057,95,0,144,761,0,0,0,895,recovery,845
17.105952539332637,95,0,143,762,0,0,0,895,recovery,538
17.180887885260184,95,0,142,763,0,0,0,895,recovery,706
17.18929359342369,95,0,141,764,0,0,0,895,recovery,384
17.20305366249827,94,0,142,764,0,0,0,896,infection,890
17.207092597945422,94,0,141,765,0,0,0,896,recovery,897
17.260298982491427,94,0,140,766,0,0,0,896,recovery,954
17.29787782252485,94,0,139,767,0,0,0,896,recovery,880
17.301396792333247,94,0,138,768,0,0,0,896,recovery,458
17.332801951466962,94,0,137,769,0,0,0,896,recovery,646
17.345306749939198,93,0,138,769,0,0,0,897,infection,768
17.34623636106319,93,0,137,770,0,0,0,897,recovery,476
17.392670936874758,92,0,138,770,0,0,0,898,infection,833
17.47085817362159,92,0,137,771,0,0,0,898,recovery,696
17.47584588565968,92,0,136,772,0,0,0,898,recovery,888
17.52533785455989,92,0,135,773,0,0,0,898,recovery,273
17.575146723348173,92,0,134,774,0,0,0,898,recovery,280
17.586283152323936,92,0,133,775,0,0,0,898,recovery,367
17.608111561900905,92,0,132,776,0,0,0,898,recovery,158
17.693400783963014,91,0,133,776,0,0,0,899,infection,221
17.715820557324257,91,0,132,777,0,0,0,899,recovery,886
17.744289024742567,90,0,133,777,0,0,0,900,infection,974
17.769376256648968,90,0,132,778,0,0,0,900,recovery,562
17.83654340633373,89,0,133,778,0,0,0,901,infection,611
17.876094908993373,89,0,132,779,0,0,0,901,recovery,604
17.879929903460027,89,0,131,780,0,0,0,901,recovery,221
17.90217412768922,89,0,130,781,0,0,0,901,recovery,916
17.939158974542703,89,0,129,782,0,0,0,901,recovery,611
17.94376167310359,89,0,128,783,0,0,0,901,recovery,876
18.028889078908392,89,0,127,784,0,0,0,901,recovery,870
18.049766154383185,89,0,126,785,0,0,0,901,recovery,698
18.099042967901386,89,0,125,786,0,0,0,901,recovery,837
18.115995888713197,88,0,126,786,0,0,0,902,infection,702
18.13082037275909,88,0,125,787,0,0,0,902,recovery,899
18.14389613894828,87,0,126,787,0,0,0,903,infection,942
18.149778342966954,86,0,127,787,0,0,0,904,infection,750
18.164171584807928,85,0,128,787,0,0,0,905,infection,455
18.166950435758256,84,0,129,787,0,0,0,906,infection,785
18.19704622503032,83,0,130,787,0,0,0,907,infection,632
18.198043680836648,83,0,129,788,0,0,0,907,recovery,859
18.260754347645072,83,0,128,789,0,0,0,907,recovery,49
18.286512629200566,83,0,127,790,0,0,0,907,recovery,266
18.286659752619194,83,0,126,791,0,0,0,907,recovery,623
18.355639962263332,83,0,125,792,0,0,0,907,recovery,952
18.39145549084106,83,0,124,793,0,0,0,907,recovery,233
18.394180642366315,83,0,123,794,0,0,0,907,recovery,668
18.430026295238576,82,0,124,794,0,0,0,908,infection,172
18.438799973613275,82,0,123,795,0,0,0,908,recovery,521
18.445155320689533,82,0,122,796,0,0,0,908,recovery,825
18.493521777272065,82,0,121,797,0,0,0,908,recovery,595
18.50010020303777,81,0,122,797,0,0,0,909,infection,620
18.547226144924924,81,0,121,798,0,0,0,909,recovery,667
18.559333158193496,81,0,120,799,0,0,0,909,recovery,525
18.56004914720157,81,0,119,800,0,0,0,909,recovery,737
18.58307307797437,81,0,118,801,0,0,0,909,recovery,287
18.587426290370956,81,0,117,802,0,0,0,909,recovery,363
18.692678792845616,81,0,116,803,0,0,0,909,recovery,765
18.707234846256732,81,0,115,804,0,0,0,909,recovery,334
18.708190860745155,81,0,114,805,0,0,0,909,recovery,145
18.760637786972577,81,0,113,806,0,0,0,909,recovery,634
18.764654496755064,81,0,112,807,0,0,0,909,recovery,715
18.785756457438683,81,0,111,808,0,0,0,909,recovery,566
18.82509199848883,81,0,110,809,0,0,0,909,recovery,528
18.839445122424525,81,0,109,810,0,0,0,909,recovery,408
18.87488167905914,80,0,110,810,0,0,0,910,infection,80
18.876199017783293,80,0,109,811,0,0,0,910,recovery,411
19.039179580691545,80,0,108,812,0,0,0,910,recovery,956
19.060249258903006,79,0,109,812,0,0,0,911,infection,522
19.07136567634991,79,0,108,813,0,0,0,911,recovery,515
19.084813280622303,79,0,107,814,0,0,0,911,recovery,878
19.106829569522,79,0,106,815,0,0,0,911,recovery,294
19.12095092892303,79,0,105,816,0,0,0,911,recovery,327
19.12360257246066,79,0,104,817,0,0,0,911,recovery,505
19.14070671414839,79,0,103,818,0,0,0,911,recovery,745
19.160337225077537,78,0,104,818,0,0,0,912,infection,307
19.1702012126147,78,0,103,819,0,0,0,912,recovery,126
19.189351987662292,78,0,102,820,0,0,0,912,recovery,58
19.197531019316944,78,0,101,821,0,0,0,912,recovery,619
19.205693351045014,77,0,102,821,0,0,0,913,infection,889
19.262544741657756,77,0,101,822,0,0,0,913,recovery,647
19.300912480670725,77,0,100,823,0,0,0,913,recovery,790
19.301620669882116,76,0,101,823,0,0,0,914,infection,594
19.3545697978381,76,0,100,824,0,0,0,914,recovery,407
19.416202942651445,76,0,99,825,0,0,0,914,recovery,447
19.438771326180255,76,0,98,826,0,0,0,914,recovery,398
19.449358915498483,76,0,97,827,0,0,0,914,recovery,455
19.488667474429683,76,0,96,828,0,0,0,914,recovery,440
19.516705531213585,76,0,95,829,0,0,0,914,recovery,181
19.532672896530475,76,0,94,830,0,0,0,914,recovery,757
19.569354200846092,76,0,93,831,0,0,0,914,recovery,964
19.633858683600454,75,0,94,831,0,0,0,915,infection,432
19.652465181856787,75,0,93,832,0,0,0,915,recovery,920
19.6703352955541,75,0,92,833,0,0,0,915,recovery,853
19.698142594044015,75,0,91,834,0,0,0,915,recovery,744
19.698690725703162,74,0,92,834,0,0,0,916,infection,482
19.713305435414355,74,0,91,835,0,0,0,916,recovery,30
19.796745656897492,74,0,90,836,0,0,0,916,recovery,637
19.874050146155806,74,0,89,837,0,0,0,916,recovery,895
19.888907602368548,73,0,90,837,0,0,0,917,infection,441
19.895520574104786,73,0,89,838,0,0,0,917,recovery,809
20.030764974439847,73,0,88,839,0,0,0,917,recovery,535
20.089462740426615,73,0,87,840,0,0,0,917,recovery,199
20.234489141898397,73,0,86,841,0,0,0,917,recovery,479
20.234881992853385,73,0,85,842,0,0,0,917,recovery,138
20.3238512755915,73,0,84,843,0,0,0,917,recovery,925
20.36378022883519,73,0,83,844,0,0,0,917,recovery,890
20.393748890892002,73,0,82,845,0,0,0,917,recovery,545
20.404908129337255,73,0,81,846,0,0,0,917,recovery,76
20.425362030292284,73,0,80,847,0,0,0,917,recovery,127
20.444710065260487,72,0,81,847,0,0,0,918,infection,587
20.452028909039452,72,0,80,848,0,0,0,918,recovery,504
20.50917001427254,71,0,81,848,0,0,0,919,infection,118
20.51702781122919,71,0,80,849,0,0,0,919,recovery,942
20.55083246963287,71,0,79,850,0,0,0,919,recovery,59
20.568396558608644,71,0,78,851,0,0,0,919,recovery,683
20.586943497279556,71,0,77,852,0,0,0,919,recovery,803
20.64116937653834,70,0,78,852,0,0,0,920,infection,797
20.739578782840525,70,0,77,853,0,0,0,920,recovery,982
20.749651447954044,70,0,76,854,0,0,0,920,recovery,139
20.788832230355464,70,0,75,855,0,0,0,920,recovery,218
20.824162549140667,70,0,74,856,0,0,0,920,recovery,186
20.925711954662393,70,0,73,857,0,0,0,920,recovery,208
20.925893945975712,70,0,72,858,0,0,0,920,recovery,482
20.95674356160772,70,0,71,859,0,0,0,920,recovery,45
21.016046215568306,70,0,70,860,0,0,0,920,recovery,389
21.021072260940045,69,0,71,860,0,0,0,921,infection,433
21.041070856700355,69,0,70,861,0,0,0,921,recovery,80
21.109951939846148,68,0,71,861,0,0,0,922,infection,381
21.169957402739772,68,0,70,862,0,0,0,922,recovery,168
21.175329481331573,68,0,69,863,0,0,0,922,recovery,702
21.321441073444696,67,0,70,863,0,0,0,923,infection,246
21.358320825201325,67,0,69,864,0,0,0,923,recovery,381
21.366238374782977,67,0,68,865,0,0,0,923,recovery,889
21.390862957305156,67,0,67,866,0,0,0,923,recovery,906
21.402984166589764,66,0,68,866,0,0,0,924,infection,738
21.415962479495256,66,0,67,867,0,0,0,924,recovery,206
21.444875552499397,66,0,66,868,0,0,0,924,recovery,464
21.503184035226973,66,0,65,869,0,0,0,924,recovery,251
21.515386656373785,66,0,64,870,0,0,0,924,recovery,194
21.559736526436946,66,0,63,871,0,0,0,924,recovery,621
21.575595268001102,65,0,64,871,0,0,0,925,infection,502
21.581783305984356,65,0,63,872,0,0,0,925,recovery,632
21.618632298643746,65,0,62,873,0,0,0,925,recovery,868
21.75925942444376,65,0,61,874,0,0,0,925,recovery,768
21.791473024083732,64,0,62,874,0,0,0,926,infection,424
21.981363799746823,63,0,63,874,0,0,0,927,infection,304
22.056222423446854,63,0,62,875,0,0,0,927,recovery,546
22.058474406360666,63,0,61,876,0,0,0,927,recovery,441
22.081601395620616,63,0,60,877,0,0,0,927,recovery,112
22.083261876284784,63,0,59,878,0,0,0,927,recovery,587
22.211682424462754,63,0,58,879,0,0,0,927,recovery,424
22.344962778581426,62,0,59,879,0,0,0,928,infection,350
22.475026787812777,62,0,58,880,0,0,0,928,recovery,620
22.544827323965322,62,0,57,881,0,0,0,928,recovery,926
22.57879065388226,62,0,56,882,0,0,0,928,recovery,849
22.706716503836102,62,0,55,883,0,0,0,928,recovery,350
22.74813919739344,61,0,56,883,0,0,0,929,infection,243
22.77454559522443,61,0,55,884,0,0,0,929,recovery,832
22.80319283627822,61,0,54,885,0,0,0,929,recovery,640
22.869139784347436,61,0,53,886,0,0,0,929,recovery,594
22.98239546256705,61,0,52,887,0,0,0,929,recovery,797
23.036573495481736,61,0,51,888,0,0,0,929,recovery,785
23.057068291375167,61,0,50,889,0,0,0,929,recovery,979
23.108250357830862,60,0,51,889,0,0,0,930,infection,319
23.16717954637136,60,0,50,890,0,0,0,930,recovery,246
23.184610880981253,60,0,49,891,0,0,0,930,recovery,939
23.328751091377796,60,0,48,892,0,0,0,930,recovery,804
23.691448415094666,60,0,47,893,0,0,0,930,recovery,114
23.75649396968296,59,0,48,893,0,0,0,931,infection,681
23.93800864548028,59,0,47,894,0,0,0,931,recovery,39
24.139859811830153,58,0,48,894,0,0,0,932,infection,817
24.142262862805914,58,0,47,895,0,0,0,932,recovery,980
24.624301477561588,58,0,46,896,0,0,0,932,recovery,860
24.63096254832491,58,0,45,897,0,0,0,932,recovery,599
24.638025433930288,58,0,44,898,0,0,0,932,recovery,78
24.745647601891267,58,0,43,899,0,0,0,932,recovery,358
24.79742313514157,58,0,42,900,0,0,0,932,recovery,308
24.881246270119007,58,0,41,901,0,0,0,932,recovery,575
24.885910281116445,58,0,40,902,0,0,0,932,recovery,840
24.94910950319305,58,0,39,903,0,0,0,932,recovery,304
25.009334769467912,58,0,38,904,0,0,0,932,recovery,974
25.141169230888305,58,0,37,905,0,0,0,932,recovery,617
25.157142753856924,58,0,36,906,0,0,0,932,recovery,750
25.218342791420472,58,0,35,907,0,0,0,932,recovery,976
25.220251143808774,58,0,34,908,0,0,0,932,recovery,97
25.22957252634491,58,0,33,909,0,0,0,932,recovery,243
25.25511262091514,58,0,32,910,0,0,0,932,recovery,432
25.41154436788238,58,0,31,911,0,0,0,932,recovery,927
25.511840012037286,58,0,30,912,0,0,0,932,recovery,732
25.536471858109415,58,0,29,913,0,0,0,932,recovery,179
25.550218542000785,57,0,30,913,0,0,0,933,infection,247
25.591201283657576,57,0,29,914,0,0,0,933,recovery,435
25.714094611478917,57,0,28,915,0,0,0,933,recovery,445
25.747650166274337,57,0,27,916,0,0,0,933,recovery,247
25.771833084978706,57,0,26,917,0,0,0,933,recovery,453
26.03732328286454,57,0,25,918,0,0,0,933,recovery,867
26.288815678501308,57,0,24,919,0,0,0,933,recovery,738
26.44095724249511,57,0,23,920,0,0,0,933,recovery,592
26.49921433906106,57,0,22,921,0,0,0,933,recovery,318
26.932576809575963,57,0,21,922,0,0,0,933,recovery,986
27.179296231393536,57,0,20,923,0,0,0,933,recovery,628
27.32266314805003,57,0,19,924,0,0,0,933,recovery,850
27.371897206365723,57,0,18,925,0,0,0,933,recovery,741
27.447217231821455,57,0,17,926,0,0,0,933,recovery,433
27.46084435207135,57,0,16,927,0,0,0,933,recovery,699
27.802866029129735,57,0,15,928,0,0,0,933,recovery,444
27.81425363241473,57,0,14,929,0,0,0,933,recovery,319
28.03214727824856,57,0,13,930,0,0,0,933,recovery,307
28.042153022507538,57,0,12,931,0,0,0,933,recovery,833
28.21767760282345,57,0,11,932,0,0,0,933,recovery,513
28.63351610035089,57,0,10,933,0,0,0,933,recovery,281
29.29376653127671,57,0,9,934,0,0,0,933,recovery,751
29.385543085777442,57,0,8,935,0,0,0,933,recovery,182
29.419912153289605,57,0,7,936,0,0,0,933,recovery,522
29.871774132076155,57,0,6,937,0,0,0,933,recovery,681
30.747607344998013,57,0,5,938,0,0,0,933,recovery,118
30.878465203757937,57,0,4,939,0,0,0,933,recovery,817
31.00214001263149,57,0,3,940,0,0,0,933,recovery,502
31.136748379168388,57,0,2,941,0,0,0,933,recovery,172
33.24218195764935,57,0,1,942,0,0,0,933,recovery,5
33.43022301978437,57,0,0,943,0,0,0,933,recovery,33
40.0,57,0,0,943,0,0,0,933,horizon,0
