t,S,E,I,R,births,deaths,vaccinated,infections,event,person
0.0,990,0,10,0,0,0,0,0,initial,0
0.43896604800026445,989,0,11,0,0,0,0,1,infection,392
0.5464443711862508,989,0,10,1,0,0,0,1,recovery,992
0.8352479708381438,988,0,11,1,0,0,0,2,infection,478
0.8784874646460138,987,0,12,1,0,0,0,3,infection,227
0.9481400963965999,986,0,13,1,0,0,0,4,infection,584
0.9499550670402191,985,0,14,1,0,0,0,5,infection,399
1.020410754143447,984,0,15,1,0,0,0,6,infection,291
1.0330600298667594,984,0,14,2,0,0,0,6,recovery,993
1.034133130298245,983,0,15,2,0,0,0,7,infection,592
1.1387151971640574,982,0,16,2,0,0,0,8,infection,512
1.228463122840093,981,0,17,2,0,0,0,9,infection,5
1.2341670209068119,980,0,18,2,0,0,0,10,infection,495
1.2416216010376098,979,0,19,2,0,0,0,11,infection,484
1.2598196589095252,978,0,20,2,0,0,0,12,infection,430
1.2870534635876443,977,0,21,2,0,0,0,13,infection,154
1.398103938846441,976,0,22,2,0,0,0,14,infection,802
1.4540778649595056,975,0,23,2,0,0,0,15,infection,17
1.460072429602857,974,0,24,2,0,0,0,16,infection,845
1.4893328835522612,973,0,25,2,0,0,0,17,infection,631
1.5900979078485127,972,0,26,2,0,0,0,18,infection,499
1.5925771714159265,971,0,27,2,0,0,0,19,infection,938
1.6174191328611598,970,0,28,2,0,0,0,20,infection,360
1.6384856844040658,969,0,29,2,0,0,0,21,infection,733
1.6835257718787444,968,0,30,2,0,0,0,22,infection,751
1.7049371894267766,967,0,31,2,0,0,0,23,infection,697
1.7274256184221513,967,0,30,3,0,0,0,23,recovery,392
1.7294867009788941,967,0,29,4,0,0,0,23,recovery,484
1.7622242591210915,966,0,30,4,0,0,0,24,infection,406
1.7851324111828202,965,0,31,4,0,0,0,25,infection,37
1.8604894244185142,964,0,32,4,0,0,0,26,infection,909
1.8638810014374176,963,0,33,4,0,0,0,27,infection,123
1.8659773248998759,962,0,34,4,0,0,0,28,infection,383
1.8938965111990325,961,0,35,4,0,0,0,29,infection,973
1.8988031285722395,960,0,36,4,0,0,0,30,infection,298
2.0038276455043147,959,0,37,4,0,0,0,31,infection,603
2.012139713777511,958,0,38,4,0,0,0,32,infection,629
2.0125718975408944,957,0,39,4,0,0,0,33,infection,431
2.0976129922996622,956,0,40,4,0,0,0,34,infection,296
2.123795333140562,955,0,41,4,0,0,0,35,infection,11
2.1339349613797394,954,0,42,4,0,0,0,36,infection,369
2.170935649368762,953,0,43,4,0,0,0,37,infection,88
2.1871453282274866,952,0,44,4,0,0,0,38,infection,866
2.2014821004125653,951,0,45,4,0,0,0,39,infection,531
2.216092412204218,950,0,46,4,0,0,0,40,infection,321
2.2314446855888463,949,0,47,4,0,0,0,41,infection,53
2.2948365412141953,948,0,48,4,0,0,0,42,infection,754
2.334504322101644,947,0,49,4,0,0,0,43,infection,39
2.3512649942874,946,0,50,4,0,0,0,44,infection,683
2.3871087742028676,946,0,49,5,0,0,0,44,recovery,499
2.3907180227758573,945,0,50,5,0,0,0,45,infection,859
2.398087069274345,944,0,51,5,0,0,0,46,infection,930
2.4039486254297544,943,0,52,5,0,0,0,47,infection,343
2.4172096667382377,942,0,53,5,0,0,0,48,infection,757
2.430314842988161,942,0,52,6,0,0,0,48,recovery,631
2.436592953906086,942,0,51,7,0,0,0,48,recovery,802
2.4428482959354594,941,0,52,7,0,0,0,49,infection,614
2.4611973070875943,941,0,51,8,0,0,0,49,recovery,973
2.4955884913325717,941,0,50,9,0,0,0,49,recovery,39
2.507324103448372,940,0,51,9,0,0,0,50,infection,917
2.517673070550731,939,0,52,9,0,0,0,51,infection,621
2.5380109433829787,939,0,51,10,0,0,0,51,recovery,5
2.54667869999792,939,0,50,11,0,0,0,51,recovery,431
2.5743112718025194,938,0,51,11,0,0,0,52,infection,76
2.6083182621015726,937,0,52,11,0,0,0,53,infection,695
2.6117507033070746,936,0,53,11,0,0,0,54,infection,886
2.6257389216966835,935,0,54,11,0,0,0,55,infection,686
2.6326806067868564,934,0,55,11,0,0,0,56,infection,276
2.6346182723860454,933,0,56,11,0,0,0,57,infection,964
2.6412250725002093,932,0,57,11,0,0,0,58,infection,248
2.6439447128609084,931,0,58,11,0,0,0,59,infection,228
2.682920270346002,930,0,59,11,0,0,0,60,infection,144
2.7135295291103505,929,0,60,11,0,0,0,61,infection,591
2.727530792818028,928,0,61,11,0,0,0,62,infection,595
2.7297011895405063,927,0,62,11,0,0,0,63,infection,857
2.76477996617673,926,0,63,11,0,0,0,64,infection,953
2.7704737882831947,925,0,64,11,0,0,0,65,infection,408
2.7839540121323205,924,0,65,11,0,0,0,66,infection,313
2.8191596696532812,924,0,64,12,0,0,0,66,recovery,886
2.826698782248709,923,0,65,12,0,0,0,67,infection,791
2.84165310831743,922,0,66,12,0,0,0,68,infection,138
2.8528052329158036,921,0,67,12,0,0,0,69,infection,67
2.8989253021174157,920,0,68,12,0,0,0,70,infection,974
2.911951775559355,919,0,69,12,0,0,0,71,infection,627
2.9204528661054807,918,0,70,12,0,0,0,72,infection,719
2.945788474491369,917,0,71,12,0,0,0,73,infection,194
2.9503938675686774,917,0,70,13,0,0,0,73,recovery,248
2.9926995157719682,916,0,71,13,0,0,0,74,infection,648
2.9987852262951797,915,0,72,13,0,0,0,75,infection,395
3.0194447532142217,914,0,73,13,0,0,0,76,infection,344
3.0619582484864196,913,0,74,13,0,0,0,77,infection,856
3.1024116461291755,912,0,75,13,0,0,0,78,infection,71
3.1109691939780864,911,0,76,13,0,0,0,79,infection,407
3.1293323074902455,910,0,77,13,0,0,0,80,infection,745
3.143092689461148,909,0,78,13,0,0,0,81,infection,275
3.1451402286674233,908,0,79,13,0,0,0,82,infection,521
3.1500438307987273,908,0,78,14,0,0,0,82,recovery,621
3.1598888182521736,908,0,77,15,0,0,0,82,recovery,88
3.184227419435549,907,0,78,15,0,0,0,83,infection,707
3.190521076035257,906,0,79,15,0,0,0,84,infection,736
3.196171198744553,905,0,80,15,0,0,0,85,infection,600
3.2102653797162537,904,0,81,15,0,0,0,86,infection,253
3.2411101127468047,904,0,80,16,0,0,0,86,recovery,930
3.250804804194903,903,0,81,16,0,0,0,87,infection,517
3.2529687023163754,902,0,82,16,0,0,0,88,infection,345
3.2570737336799573,902,0,81,17,0,0,0,88,recovery,856
3.2733222205272594,901,0,82,17,0,0,0,89,infection,137
3.284942172566493,900,0,83,17,0,0,0,90,infection,352
3.2976436279129637,899,0,84,17,0,0,0,91,infection,83
3.303450630090932,898,0,85,17,0,0,0,92,infection,79
3.338691925752634,897,0,86,17,0,0,0,93,infection,179
3.3387283895691557,897,0,85,18,0,0,0,93,recovery,683
3.3389123691868887,896,0,86,18,0,0,0,94,infection,457
3.3434687249523276,895,0,87,18,0,0,0,95,infection,178
3.3528815512176964,894,0,88,18,0,0,0,96,infection,847
3.359631538517753,893,0,89,18,0,0,0,97,infection,761
3.3644928198091466,892,0,90,18,0,0,0,98,infection,560
3.378514621776393,891,0,91,18,0,0,0,99,infection,467
3.3840380587574836,890,0,92,18,0,0,0,100,infection,905
3.4093612007120813,889,0,93,18,0,0,0,101,infection,36
3.412893376195596,888,0,94,18,0,0,0,102,infection,984
3.476630764980216,887,0,95,18,0,0,0,103,infection,583
3.5299104063408397,886,0,96,18,0,0,0,104,infection,427
3.56321071153507,885,0,97,18,0,0,0,105,infection,637
3.5703320057063372,884,0,98,18,0,0,0,106,infection,182
3.574880711344596,883,0,99,18,0,0,0,107,infection,450
3.5776462403972418,882,0,100,18,0,0,0,108,infection,350
3.5884809756113585,882,0,99,19,0,0,0,108,recovery,36
3.595221268378517,881,0,100,19,0,0,0,109,infection,916
3.6095142012412955,880,0,101,19,0,0,0,110,infection,490
3.611016017119434,880,0,100,20,0,0,0,110,recovery,595
3.6154093001495573,879,0,101,20,0,0,0,111,infection,732
3.6241583488474833,878,0,102,20,0,0,0,112,infection,931
3.6356176843062764,877,0,103,20,0,0,0,113,infection,574
3.640302736861099,876,0,104,20,0,0,0,114,infection,939
3.6415888026860466,875,0,105,20,0,0,0,115,infection,249
3.6484377765430147,874,0,106,20,0,0,0,116,infection,663
3.6522306281908246,873,0,107,20,0,0,0,117,infection,740
3.657277655301522,872,0,108,20,0,0,0,118,infection,655
3.6645566814404043,871,0,109,20,0,0,0,119,infection,188
3.6693589152754416,871,0,108,21,0,0,0,119,recovery,761
3.672496716253767,870,0,109,21,0,0,0,120,infection,556
3.6885572042986743,870,0,108,22,0,0,0,120,recovery,629
3.6940423608598802,869,0,109,22,0,0,0,121,infection,417
3.710970930953886,869,0,108,23,0,0,0,121,recovery,495
3.7364645411291293,868,0,109,23,0,0,0,122,infection,747
3.7620333714090552,867,0,110,23,0,0,0,123,infection,749
3.7755970728048465,866,0,111,23,0,0,0,124,infection,34
3.8015917490296385,865,0,112,23,0,0,0,125,infection,903
3.8096798697667005,864,0,113,23,0,0,0,126,infection,519
3.8308653180262313,863,0,114,23,0,0,0,127,infection,948
3.8320275907533405,862,0,115,23,0,0,0,128,infection,78
3.8498951285220357,861,0,116,23,0,0,0,129,infection,234
3.8853745627430065,860,0,117,23,0,0,0,130,infection,213
3.9093164355309575,859,0,118,23,0,0,0,131,infection,978
3.91244363858097,858,0,119,23,0,0,0,132,infection,129
3.916439931014008,857,0,120,23,0,0,0,133,infection,368
3.924017238663031,856,0,121,23,0,0,0,134,infection,942
3.930575769744354,855,0,122,23,0,0,0,135,infection,229
3.9415497651138196,855,0,121,24,0,0,0,135,recovery,560
3.9442380015597545,854,0,122,24,0,0,0,136,infection,271
3.9542618696339407,853,0,123,24,0,0,0,137,infection,763
3.964144498082237,852,0,124,24,0,0,0,138,infection,932
3.9746762461286886,851,0,125,24,0,0,0,139,infection,286
3.9934544966958643,850,0,126,24,0,0,0,140,infection,284
4.001445002911865,849,0,127,24,0,0,0,141,infection,449
4.012041653290273,848,0,128,24,0,0,0,142,infection,198
4.012107203222099,847,0,129,24,0,0,0,143,infection,888
4.01351578531934,846,0,130,24,0,0,0,144,infection,816
4.03499883890519,845,0,131,24,0,0,0,145,infection,425
4.047465504219498,844,0,132,24,0,0,0,146,infection,27
4.052571761361639,843,0,133,24,0,0,0,147,infection,335
4.070787842288316,842,0,134,24,0,0,0,148,infection,626
4.0744305394866815,842,0,133,25,0,0,0,148,recovery,736
4.092509775436392,841,0,134,25,0,0,0,149,infection,160
4.124107981359026,840,0,135,25,0,0,0,150,infection,95
4.148629386695132,839,0,136,25,0,0,0,151,infection,501
4.158009772359538,838,0,137,25,0,0,0,152,infection,413
4.1668158422886465,837,0,138,25,0,0,0,153,infection,273
4.180285464117472,836,0,139,25,0,0,0,154,infection,770
4.180663016181349,835,0,140,25,0,0,0,155,infection,473
4.200322997221478,834,0,141,25,0,0,0,156,infection,398
4.209044443970617,833,0,142,25,0,0,0,157,infection,794
4.219392350925666,833,0,141,26,0,0,0,157,recovery,138
4.2384094307001465,833,0,140,27,0,0,0,157,recovery,574
4.242908206943441,833,0,139,28,0,0,0,157,recovery,271
4.2460354021178075,833,0,138,29,0,0,0,157,recovery,932
4.249704110807689,832,0,139,29,0,0,0,158,infection,223
4.257366736217747,831,0,140,29,0,0,0,159,infection,122
4.257810857071277,830,0,141,29,0,0,0,160,infection,609
4.271270038776535,829,0,142,29,0,0,0,161,infection,668
4.285758727230978,828,0,143,29,0,0,0,162,infection,52
4.288023033707515,827,0,144,29,0,0,0,163,infection,445
4.336212164598724,826,0,145,29,0,0,0,164,infection,238
4.3365631889039395,825,0,146,29,0,0,0,165,infection,970
4.361475703040268,824,0,147,29,0,0,0,166,infection,861
4.371387649376273,823,0,148,29,0,0,0,167,infection,541
4.371621404833478,823,0,147,30,0,0,0,167,recovery,592
4.378333759538312,822,0,148,30,0,0,0,168,infection,302
4.397166885749058,822,0,147,31,0,0,0,168,recovery,816
4.397728096410432,821,0,148,31,0,0,0,169,infection,636
4.40812296720192,820,0,149,31,0,0,0,170,infection,118
4.421832313223072,819,0,150,31,0,0,0,171,infection,494
4.423158270080563,819,0,149,32,0,0,0,171,recovery,970
4.440092344137823,818,0,150,32,0,0,0,172,infection,381
4.465485163030091,817,0,151,32,0,0,0,173,infection,792
4.4741008037062855,816,0,152,32,0,0,0,174,infection,838
4.481027663436515,815,0,153,32,0,0,0,175,infection,328
4.487178150908199,815,0,152,33,0,0,0,175,recovery,350
4.495314159732667,815,0,151,34,0,0,0,175,recovery,757
4.4970099984990854,814,0,152,34,0,0,0,176,infection,279
4.502714109161858,813,0,153,34,0,0,0,177,infection,877
4.523207378368702,812,0,154,34,0,0,0,178,infection,403
4.525426816640828,811,0,155,34,0,0,0,179,infection,538
4.534157476745709,810,0,156,34,0,0,0,180,infection,646
4.546694540933083,809,0,157,34,0,0,0,181,infection,437
4.5549085007089705,808,0,158,34,0,0,0,182,infection,30
4.568596466961152,807,0,159,34,0,0,0,183,infection,292
4.573838167088723,807,0,158,35,0,0,0,183,recovery,253
4.582499858288746,806,0,159,35,0,0,0,184,infection,185
4.5917219224144885,806,0,158,36,0,0,0,184,recovery,909
4.598576250347907,806,0,157,37,0,0,0,184,recovery,229
4.599608989087375,805,0,158,37,0,0,0,185,infection,616
4.604373920716675,804,0,159,37,0,0,0,186,infection,579
4.612914541049294,804,0,158,38,0,0,0,186,recovery,732
4.617058324163484,803,0,159,38,0,0,0,187,infection,33
4.621758788075227,802,0,160,38,0,0,0,188,infection,804
4.626132414682255,802,0,159,39,0,0,0,188,recovery,383
4.630887545993097,802,0,158,40,0,0,0,188,recovery,614
4.637271332828038,801,0,159,40,0,0,0,189,infection,317
4.65778119092775,800,0,160,40,0,0,0,190,infection,167
4.657905183185744,799,0,161,40,0,0,0,191,infection,385
4.664626389697808,798,0,162,40,0,0,0,192,infection,962
4.667092868747011,797,0,163,40,0,0,0,193,infection,380
4.683818144293576,797,0,162,41,0,0,0,193,recovery,398
4.691161007126859,796,0,163,41,0,0,0,194,infection,651
4.720449157955669,796,0,162,42,0,0,0,194,recovery,381
4.725676212024668,795,0,163,42,0,0,0,195,infection,91
4.729114630569176,794,0,164,42,0,0,0,196,infection,868
4.734873006955541,794,0,163,43,0,0,0,196,recovery,939
4.743046476657431,794,0,162,44,0,0,0,196,recovery,317
4.766318683687887,794,0,161,45,0,0,0,196,recovery,17
4.773569526135524,793,0,162,45,0,0,0,197,infection,680
4.7942969532650705,792,0,163,45,0,0,0,198,infection,758
4.802712756664188,791,0,164,45,0,0,0,199,infection,215
4.804077639283459,790,0,165,45,0,0,0,200,infection,547
4.841208356725414,789,0,166,45,0,0,0,201,infection,534
4.845916843827812,788,0,167,45,0,0,0,202,infection,107
4.850603359050602,787,0,168,45,0,0,0,203,infection,97
4.850992070616998,787,0,167,46,0,0,0,203,recovery,406
4.858112375562551,786,0,168,46,0,0,0,204,infection,628
4.86436717554472,786,0,167,47,0,0,0,204,recovery,591
4.869308368919665,785,0,168,47,0,0,0,205,infection,475
4.873639729598163,784,0,169,47,0,0,0,206,infection,471
4.877706320605192,783,0,170,47,0,0,0,207,infection,727
4.895071089367026,782,0,171,47,0,0,0,208,infection,482
4.911766399334258,781,0,172,47,0,0,0,209,infection,605
4.91403141641828,780,0,173,47,0,0,0,210,infection,143
4.918150006258076,779,0,174,47,0,0,0,211,infection,111
4.918347896829095,778,0,175,47,0,0,0,212,infection,677
4.928934979937059,778,0,174,48,0,0,0,212,recovery,78
4.929237767393354,777,0,175,48,0,0,0,213,infection,734
4.932891602673583,776,0,176,48,0,0,0,214,infection,971
4.9341354183930894,776,0,175,49,0,0,0,214,recovery,385
4.9353755543131035,775,0,176,49,0,0,0,215,infection,453
4.9357520029435324,775,0,175,50,0,0,0,215,recovery,313
4.949735103323738,775,0,174,51,0,0,0,215,recovery,964
4.94975879118105,774,0,175,51,0,0,0,216,infection,468
4.968352900452668,774,0,174,52,0,0,0,216,recovery,215
4.972937663552493,774,0,173,53,0,0,0,216,recovery,238
4.976014752289536,773,0,174,53,0,0,0,217,infection,239
4.9802948215545095,772,0,175,53,0,0,0,218,infection,919
4.984116095026427,772,0,174,54,0,0,0,218,recovery,302
4.994233315373473,771,0,175,54,0,0,0,219,infection,692
5.002150001486852,770,0,176,54,0,0,0,220,infection,157
5.004377145027071,769,0,177,54,0,0,0,221,infection,488
5.013006637520478,768,0,178,54,0,0,0,222,infection,805
5.0264293452123985,768,0,177,55,0,0,0,222,recovery,482
5.034414676641154,767,0,178,55,0,0,0,223,infection,875
5.0377670343605985,766,0,179,55,0,0,0,224,infection,827
5.040345244045014,765,0,180,55,0,0,0,225,infection,81
5.054486902584145,764,0,181,55,0,0,0,226,infection,396
5.061413680645905,763,0,182,55,0,0,0,227,infection,691
5.061514645558217,763,0,181,56,0,0,0,227,recovery,343
5.064655028385669,762,0,182,56,0,0,0,228,infection,169
5.074495254439606,762,0,181,57,0,0,0,228,recovery,223
5.0895899206981055,762,0,180,58,0,0,0,228,recovery,827
5.0987151056895526,761,0,181,58,0,0,0,229,infection,125
5.102309606359517,760,0,182,58,0,0,0,230,infection,278
5.106215181889002,759,0,183,58,0,0,0,231,infection,572
5.108681901414424,758,0,184,58,0,0,0,232,infection,638
5.1139724786388525,757,0,185,58,0,0,0,233,infection,326
5.118989643722655,756,0,186,58,0,0,0,234,infection,257
5.125397418143212,755,0,187,58,0,0,0,235,infection,466
5.135074280575491,754,0,188,58,0,0,0,236,infection,134
5.16182784986211,753,0,189,58,0,0,0,237,infection,294
5.16509694302103,753,0,188,59,0,0,0,237,recovery,763
5.173336531907482,752,0,189,59,0,0,0,238,infection,23
5.18387536250601,751,0,190,59,0,0,0,239,infection,633
5.189289192868831,750,0,191,59,0,0,0,240,infection,739
5.209286406236074,749,0,192,59,0,0,0,241,infection,4
5.2230699656791035,749,0,191,60,0,0,0,241,recovery,368
5.22389490299515,749,0,190,61,0,0,0,241,recovery,129
5.241946440638874,749,0,189,62,0,0,0,241,recovery,875
5.255557568874392,748,0,190,62,0,0,0,242,infection,671
5.259711124467942,747,0,191,62,0,0,0,243,infection,323
5.263626150294689,746,0,192,62,0,0,0,244,infection,452
5.26814021745258,746,0,191,63,0,0,0,244,recovery,677
5.288510567775243,745,0,192,63,0,0,0,245,infection,386
5.301050833494357,744,0,193,63,0,0,0,246,infection,726
5.305955450862782,743,0,194,63,0,0,0,247,infection,212
5.3167810593469165,743,0,193,64,0,0,0,247,recovery,478
5.321624980009068,743,0,192,65,0,0,0,247,recovery,978
5.33143036917345,742,0,193,65,0,0,0,248,infection,412
5.339651936925154,741,0,194,65,0,0,0,249,infection,354
5.342748929354602,740,0,195,65,0,0,0,250,infection,102
5.347846316114193,740,0,194,66,0,0,0,250,recovery,745
5.357396608629811,739,0,195,66,0,0,0,251,infection,611
5.361910290589932,738,0,196,66,0,0,0,252,infection,462
5.362441311416677,737,0,197,66,0,0,0,253,infection,86
5.373159687386429,736,0,198,66,0,0,0,254,infection,290
5.377056741545776,735,0,199,66,0,0,0,255,infection,274
5.378700721870827,735,0,198,67,0,0,0,255,recovery,430
5.386081866917124,734,0,199,67,0,0,0,256,infection,22
5.386247190354522,733,0,200,67,0,0,0,257,infection,142
5.392598637598896,732,0,201,67,0,0,0,258,infection,899
5.409685982196849,731,0,202,67,0,0,0,259,infection,657
5.410336677956868,730,0,203,67,0,0,0,260,infection,700
5.411382433198106,729,0,204,67,0,0,0,261,infection,522
5.422439858734385,728,0,205,67,0,0,0,262,infection,409
5.43896506227228,727,0,206,67,0,0,0,263,infection,165
5.44103418362027,726,0,207,67,0,0,0,264,infection,155
5.446543008094714,725,0,208,67,0,0,0,265,infection,893
5.4469578516060935,724,0,209,67,0,0,0,266,infection,654
5.447406827029893,724,0,208,68,0,0,0,266,recovery,386
5.462664763815098,723,0,209,68,0,0,0,267,infection,191
5.492397344479927,722,0,210,68,0,0,0,268,infection,304
5.49812677674714,721,0,211,68,0,0,0,269,infection,2
5.498341673702601,720,0,212,68,0,0,0,270,infection,581
5.499638253918451,719,0,213,68,0,0,0,271,infection,184
5.502760321866356,718,0,214,68,0,0,0,272,infection,944
5.506533386962437,717,0,215,68,0,0,0,273,infection,6
5.515630121848109,716,0,216,68,0,0,0,274,infection,612
5.5188735020966,715,0,217,68,0,0,0,275,infection,795
5.521544401055632,714,0,218,68,0,0,0,276,infection,853
5.524022759967197,713,0,219,68,0,0,0,277,infection,14
5.527727387322821,713,0,218,69,0,0,0,277,recovery,845
5.530707338623529,712,0,219,69,0,0,0,278,infection,231
5.5428129750998325,712,0,218,70,0,0,0,278,recovery,279
5.544839388317712,711,0,219,70,0,0,0,279,infection,659
5.547705168983676,710,0,220,70,0,0,0,280,infection,979
5.5548097683317605,709,0,221,70,0,0,0,281,infection,961
5.555056021955267,708,0,222,70,0,0,0,282,infection,265
5.564087359437964,707,0,223,70,0,0,0,283,infection,308
5.565601402381705,706,0,224,70,0,0,0,284,infection,226
5.576877967871658,705,0,225,70,0,0,0,285,infection,177
5.583094841980689,704,0,226,70,0,0,0,286,infection,246
5.586293923775752,703,0,227,70,0,0,0,287,infection,454
5.5910572887315135,702,0,228,70,0,0,0,288,infection,842
5.592229855941053,701,0,229,70,0,0,0,289,infection,491
5.598462017767666,700,0,230,70,0,0,0,290,infection,863
5.602090365313232,699,0,231,70,0,0,0,291,infection,195
5.602347329478033,698,0,232,70,0,0,0,292,infection,814
5.604584376191226,697,0,233,70,0,0,0,293,infection,110
5.609542435035001,696,0,234,70,0,0,0,294,infection,151
5.614850060355784,695,0,235,70,0,0,0,295,infection,219
5.617500625963648,695,0,234,71,0,0,0,295,recovery,81
5.621218055275303,694,0,235,71,0,0,0,296,infection,867
5.621977017859131,694,0,234,72,0,0,0,296,recovery,184
5.622419153265059,693,0,235,72,0,0,0,297,infection,295
5.628653575748389,692,0,236,72,0,0,0,298,infection,92
5.6358962910005035,691,0,237,72,0,0,0,299,infection,189
5.637819971487778,690,0,238,72,0,0,0,300,infection,435
5.650633953012333,689,0,239,72,0,0,0,301,infection,767
5.6522708666571875,689,0,238,73,0,0,0,301,recovery,795
5.652724417193212,689,0,237,74,0,0,0,301,recovery,155
5.6657803420182855,688,0,238,74,0,0,0,302,infection,393
5.6933082492329365,688,0,237,75,0,0,0,302,recovery,437
5.696135786701385,687,0,238,75,0,0,0,303,infection,513
5.6971801587726025,686,0,239,75,0,0,0,304,infection,542
5.698442924317468,685,0,240,75,0,0,0,305,infection,711
5.703620366809924,684,0,241,75,0,0,0,306,infection,801
5.712219015606243,683,0,242,75,0,0,0,307,infection,773
5.718372912666387,682,0,243,75,0,0,0,308,infection,205
5.7199100815771065,682,0,242,76,0,0,0,308,recovery,697
5.728741190634708,682,0,241,77,0,0,0,308,recovery,893
5.7384683052819385,681,0,242,77,0,0,0,309,infection,456
5.738744575078462,680,0,243,77,0,0,0,310,infection,247
5.7537825941629785,679,0,244,77,0,0,0,311,infection,373
5.753819596323471,679,0,243,78,0,0,0,311,recovery,188
5.7547003287057965,678,0,244,78,0,0,0,312,infection,578
5.763950769961231,677,0,245,78,0,0,0,313,infection,197
5.777421349028655,677,0,244,79,0,0,0,313,recovery,859
5.793983994186821,676,0,245,79,0,0,0,314,infection,332
5.796078835539797,675,0,246,79,0,0,0,315,infection,370
5.80260018391584,674,0,247,79,0,0,0,316,infection,250
5.8078287562193855,673,0,248,79,0,0,0,317,infection,493
5.8085392606516555,672,0,249,79,0,0,0,318,infection,390
5.814082546102802,671,0,250,79,0,0,0,319,infection,334
5.815241871840126,670,0,251,79,0,0,0,320,infection,470
5.8324978777051095,669,0,252,79,0,0,0,321,infection,706
5.8328707960801225,668,0,253,79,0,0,0,322,infection,701
5.839113149733515,667,0,254,79,0,0,0,323,infection,865
5.8408156794575925,666,0,255,79,0,0,0,324,infection,824
5.866948020652935,666,0,254,80,0,0,0,324,recovery,177
5.870525029905809,665,0,255,80,0,0,0,325,infection,568
5.874521360382617,665,0,254,81,0,0,0,325,recovery,513
5.876793936018425,664,0,255,81,0,0,0,326,infection,446
5.878811896191888,663,0,256,81,0,0,0,327,infection,904
5.880884363178231,662,0,257,81,0,0,0,328,infection,834
5.884332365923775,661,0,258,81,0,0,0,329,infection,524
5.892474272455921,660,0,259,81,0,0,0,330,infection,252
5.893654123196103,660,0,258,82,0,0,0,330,recovery,581
5.8945765990495,659,0,259,82,0,0,0,331,infection,778
5.898294630483248,658,0,260,82,0,0,0,332,infection,527
5.9070214886226085,657,0,261,82,0,0,0,333,infection,93
5.9151422197356025,656,0,262,82,0,0,0,334,infection,933
5.920370347809846,655,0,263,82,0,0,0,335,infection,587
5.923083867890081,655,0,262,83,0,0,0,335,recovery,257
5.932636210167285,654,0,263,83,0,0,0,336,infection,318
5.933766307515328,653,0,264,83,0,0,0,337,infection,817
5.945746528248946,653,0,263,84,0,0,0,337,recovery,692
5.948461911711219,653,0,262,85,0,0,0,337,recovery,151
5.960314044487828,652,0,263,85,0,0,0,338,infection,46
5.9672795597284765,651,0,264,85,0,0,0,339,infection,508
5.967492803177057,651,0,263,86,0,0,0,339,recovery,517
5.972158475587288,650,0,264,86,0,0,0,340,infection,40
5.9853925955316,649,0,265,86,0,0,0,341,infection,15
5.987614319058112,648,0,266,86,0,0,0,342,infection,365
5.9890656376766245,648,0,265,87,0,0,0,342,recovery,488
5.991664239345986,648,0,264,88,0,0,0,342,recovery,380
5.992401246195361,647,0,265,88,0,0,0,343,infection,851
6.01378547293197,646,0,266,88,0,0,0,344,infection,746
6.023364787865755,645,0,267,88,0,0,0,345,infection,106
6.026376504158653,644,0,268,88,0,0,0,346,infection,890
6.046722471863875,643,0,269,88,0,0,0,347,infection,840
6.054823734854163,642,0,270,88,0,0,0,348,infection,607
6.05839671905023,641,0,271,88,0,0,0,349,infection,986
6.071245702599356,641,0,270,89,0,0,0,349,recovery,671
6.076848831712345,640,0,271,89,0,0,0,350,infection,54
6.0786281293699576,639,0,272,89,0,0,0,351,infection,553
6.080914881952107,639,0,271,90,0,0,0,351,recovery,568
6.096241232284889,639,0,270,91,0,0,0,351,recovery,328
6.099211031224579,638,0,271,91,0,0,0,352,infection,60
6.104482358422,638,0,270,92,0,0,0,352,recovery,15
6.105909983657366,637,0,271,92,0,0,0,353,infection,798
6.114514745113842,636,0,272,92,0,0,0,354,infection,889
6.124823559051439,635,0,273,92,0,0,0,355,infection,551
6.1457467142463456,634,0,274,92,0,0,0,356,infection,667
6.149946685739345,633,0,275,92,0,0,0,357,infection,963
6.150574003007746,633,0,274,93,0,0,0,357,recovery,276
6.161064034340041,632,0,275,93,0,0,0,358,infection,550
6.164833654732808,631,0,276,93,0,0,0,359,infection,312
6.168514013374523,631,0,275,94,0,0,0,359,recovery,695
6.172330895397261,631,0,274,95,0,0,0,359,recovery,751
6.172914348160864,630,0,275,95,0,0,0,360,infection,378
6.181306011100678,629,0,276,95,0,0,0,361,infection,567
6.1901618397632685,628,0,277,95,0,0,0,362,infection,175
6.193164346819048,627,0,278,95,0,0,0,363,infection,397
6.194530907696938,626,0,279,95,0,0,0,364,infection,353
6.200073790853232,625,0,280,95,0,0,0,365,infection,8
6.207448784132073,624,0,281,95,0,0,0,366,infection,21
6.208047475851283,623,0,282,95,0,0,0,367,infection,87
6.226928013165461,622,0,283,95,0,0,0,368,infection,548
6.2279599245173,621,0,284,95,0,0,0,369,infection,325
6.2281178962866495,620,0,285,95,0,0,0,370,infection,267
6.230992346376772,619,0,286,95,0,0,0,371,infection,268
6.234409180197485,618,0,287,95,0,0,0,372,infection,514
6.235037016128237,617,0,288,95,0,0,0,373,infection,615
6.240872809978535,617,0,287,96,0,0,0,373,recovery,278
6.255410322679078,616,0,288,96,0,0,0,374,infection,565
6.2615071196633245,616,0,287,97,0,0,0,374,recovery,587
6.26541882342381,615,0,288,97,0,0,0,375,infection,554
6.271763163899335,615,0,287,98,0,0,0,375,recovery,747
6.278297931772491,614,0,288,98,0,0,0,376,infection,625
6.2783649331121545,613,0,289,98,0,0,0,377,infection,821
6.282624126667708,612,0,290,98,0,0,0,378,infection,240
6.28638318650399,611,0,291,98,0,0,0,379,infection,858
6.287229788089642,611,0,290,99,0,0,0,379,recovery,205
6.303166484121007,610,0,291,99,0,0,0,380,infection,818
6.303527876976631,610,0,290,100,0,0,0,380,recovery,817
6.304324128289665,609,0,291,100,0,0,0,381,infection,822
6.304573227121935,608,0,292,100,0,0,0,382,infection,860
6.306560915231471,607,0,293,100,0,0,0,383,infection,156
6.3311704229577135,607,0,292,101,0,0,0,383,recovery,449
6.333884445571513,607,0,291,102,0,0,0,383,recovery,519
6.340901588562564,606,0,292,102,0,0,0,384,infection,270
6.3501237323416975,605,0,293,102,0,0,0,385,infection,235
6.35195275161218,604,0,294,102,0,0,0,386,infection,765
6.358932672273984,603,0,295,102,0,0,0,387,infection,55
6.36308540513668,603,0,294,103,0,0,0,387,recovery,134
6.368797734221858,603,0,293,104,0,0,0,387,recovery,514
6.369338165047573,603,0,292,105,0,0,0,387,recovery,468
6.37013228506904,603,0,291,106,0,0,0,387,recovery,23
6.377327088784368,602,0,292,106,0,0,0,388,infection,597
6.381657061809516,601,0,293,106,0,0,0,389,infection,260
6.389113107918782,601,0,292,107,0,0,0,389,recovery,765
6.391482357038228,601,0,291,108,0,0,0,389,recovery,995
6.393965121894101,600,0,292,108,0,0,0,390,infection,908
6.394343324643528,599,0,293,108,0,0,0,391,infection,489
6.395166576020696,598,0,294,108,0,0,0,392,infection,850
6.400204267042378,598,0,293,109,0,0,0,392,recovery,491
6.400681159903693,597,0,294,109,0,0,0,393,infection,539
6.403011680275392,596,0,295,109,0,0,0,394,infection,244
6.4039964140380805,595,0,296,109,0,0,0,395,infection,947
6.408111023672539,594,0,297,109,0,0,0,396,infection,735
6.413025658440943,593,0,298,109,0,0,0,397,infection,669
6.415594873892898,592,0,299,109,0,0,0,398,infection,401
6.418144546948115,591,0,300,109,0,0,0,399,infection,24
6.418916539745444,590,0,301,109,0,0,0,400,infection,920
6.4371621180744345,589,0,302,109,0,0,0,401,infection,880
6.437971813613448,588,0,303,109,0,0,0,402,infection,601
6.442841158151742,588,0,302,110,0,0,0,402,recovery,663
6.447839193570409,587,0,303,110,0,0,0,403,infection,329
6.451094670306468,587,0,302,111,0,0,0,403,recovery,370
6.45942785399931,586,0,303,111,0,0,0,404,infection,162
6.471698521725573,585,0,304,111,0,0,0,405,infection,741
6.490285499885004,584,0,305,111,0,0,0,406,infection,287
6.492008526152468,583,0,306,111,0,0,0,407,infection,422
6.4947544871031155,582,0,307,111,0,0,0,408,infection,656
6.5024014752619825,581,0,308,111,0,0,0,409,infection,960
6.520927949188563,581,0,307,112,0,0,0,409,recovery,867
6.520933785391402,580,0,308,112,0,0,0,410,infection,281
6.521913944100789,579,0,309,112,0,0,0,411,infection,96
6.5239962920795715,579,0,308,113,0,0,0,411,recovery,888
6.525638311327858,578,0,309,113,0,0,0,412,infection,359
6.528200568690425,577,0,310,113,0,0,0,413,infection,472
6.533573954506638,576,0,311,113,0,0,0,414,infection,62
6.545311907031333,576,0,310,114,0,0,0,414,recovery,191
6.556942782476614,575,0,311,114,0,0,0,415,infection,864
6.559390494766111,575,0,310,115,0,0,0,415,recovery,538
6.571030083085031,575,0,309,116,0,0,0,415,recovery,167
6.579493605895195,574,0,310,116,0,0,0,416,infection,723
6.585535248183613,574,0,309,117,0,0,0,416,recovery,353
6.588223052159357,573,0,310,117,0,0,0,417,infection,297
6.593355524670489,572,0,311,117,0,0,0,418,infection,924
6.596178285743452,571,0,312,117,0,0,0,419,infection,70
6.596224629108429,570,0,313,117,0,0,0,420,infection,316
6.600891658692511,569,0,314,117,0,0,0,421,infection,644
6.604947090661116,568,0,315,117,0,0,0,422,infection,366
6.620574411897027,567,0,316,117,0,0,0,423,infection,645
6.632295988527023,566,0,317,117,0,0,0,424,infection,730
6.633303066657077,565,0,318,117,0,0,0,425,infection,196
6.634909485353049,564,0,319,117,0,0,0,426,infection,927
6.637466135133186,563,0,320,117,0,0,0,427,infection,206
6.637697479925278,562,0,321,117,0,0,0,428,infection,503
6.639462103507942,561,0,322,117,0,0,0,429,infection,303
6.640658597713707,560,0,323,117,0,0,0,430,infection,772
6.654246164275893,560,0,322,118,0,0,0,430,recovery,87
6.660607181016944,560,0,321,119,0,0,0,430,recovery,344
6.662578961798502,559,0,322,119,0,0,0,431,infection,130
6.664495502800808,558,0,323,119,0,0,0,432,infection,443
6.670809323577869,558,0,322,120,0,0,0,432,recovery,175
6.676672547323307,557,0,323,120,0,0,0,433,infection,744
6.680412964236928,556,0,324,120,0,0,0,434,infection,762
6.6928377539629675,555,0,325,120,0,0,0,435,infection,251
6.693065362787782,554,0,326,120,0,0,0,436,infection,340
6.697039895558239,553,0,327,120,0,0,0,437,infection,559
6.699055657928444,552,0,328,120,0,0,0,438,infection,327
6.703859954582763,552,0,327,121,0,0,0,438,recovery,508
6.707029889395532,551,0,328,121,0,0,0,439,infection,367
6.713630032616214,550,0,329,121,0,0,0,440,infection,713
6.71758233485463,549,0,330,121,0,0,0,441,infection,737
6.724309950361006,548,0,331,121,0,0,0,442,infection,209
6.730523859943865,548,0,330,122,0,0,0,442,recovery,547
6.744899892525311,548,0,329,123,0,0,0,442,recovery,706
6.749612485802226,548,0,328,124,0,0,0,442,recovery,638
6.757096209248768,548,0,327,125,0,0,0,442,recovery,354
6.764991860251062,547,0,328,125,0,0,0,443,infection,50
6.768232925049388,546,0,329,125,0,0,0,444,infection,878
6.769985180614318,545,0,330,125,0,0,0,445,infection,806
6.772326473800628,545,0,329,126,0,0,0,445,recovery,303
6.778932498969993,544,0,330,126,0,0,0,446,infection,164
6.779361011715721,543,0,331,126,0,0,0,447,infection,376
6.77967889436509,542,0,332,126,0,0,0,448,infection,596
6.780200104461968,542,0,331,127,0,0,0,448,recovery,754
6.784714270752092,542,0,330,128,0,0,0,448,recovery,40
6.7861829813322405,542,0,329,129,0,0,0,448,recovery,680
6.790182930771299,541,0,330,129,0,0,0,449,infection,529
6.794963273211101,540,0,331,129,0,0,0,450,infection,785
6.796370929615831,539,0,332,129,0,0,0,451,infection,781
6.801670737460554,538,0,333,129,0,0,0,452,infection,420
6.822809379338715,538,0,332,130,0,0,0,452,recovery,198
6.826728487627008,537,0,333,130,0,0,0,453,infection,649
6.829757310810595,537,0,332,131,0,0,0,453,recovery,435
6.831274036234826,536,0,333,131,0,0,0,454,infection,540
6.835533599681411,535,0,334,131,0,0,0,455,infection,29
6.835963405119589,534,0,335,131,0,0,0,456,infection,319
6.845882466795563,533,0,336,131,0,0,0,457,infection,715
6.8463438200386815,532,0,337,131,0,0,0,458,infection,913
6.849156041869542,531,0,338,131,0,0,0,459,infection,874
6.8543272962813475,531,0,337,132,0,0,0,459,recovery,691
6.8722383748213,530,0,338,132,0,0,0,460,infection,755
6.873223650283356,529,0,339,132,0,0,0,461,infection,341
6.875076313088099,529,0,338,133,0,0,0,461,recovery,326
6.879787737746529,529,0,337,134,0,0,0,461,recovery,998
6.916992330319698,528,0,338,134,0,0,0,462,infection,641
6.919056993858556,528,0,337,135,0,0,0,462,recovery,605
6.923356040685785,527,0,338,135,0,0,0,463,infection,148
6.926848280916608,526,0,339,135,0,0,0,464,infection,558
6.92966656281862,526,0,338,136,0,0,0,464,recovery,645
6.933147364242468,525,0,339,136,0,0,0,465,infection,738
6.937076289639775,525,0,338,137,0,0,0,465,recovery,86
6.952783229744565,524,0,339,137,0,0,0,466,infection,598
6.966297561260538,523,0,340,137,0,0,0,467,infection,708
6.970466622134321,522,0,341,137,0,0,0,468,infection,439
6.978059250458926,522,0,340,138,0,0,0,468,recovery,857
6.979141419606627,521,0,341,138,0,0,0,469,infection,662
6.983769588282218,521,0,340,139,0,0,0,469,recovery,734
6.99066964684574,521,0,339,140,0,0,0,469,recovery,669
6.996115512170647,520,0,340,140,0,0,0,470,infection,266
6.998138175407926,519,0,341,140,0,0,0,471,infection,320
6.99911906848021,519,0,340,141,0,0,0,471,recovery,572
7.010448187826665,518,0,341,141,0,0,0,472,infection,103
7.013090884084036,517,0,342,141,0,0,0,473,infection,690
7.026998293988797,517,0,341,142,0,0,0,473,recovery,291
7.02720686056133,517,0,340,143,0,0,0,473,recovery,50
7.033282712661582,516,0,341,143,0,0,0,474,infection,588
7.033951311268716,516,0,340,144,0,0,0,474,recovery,584
7.037909556333417,515,0,341,144,0,0,0,475,infection,411
7.0404071167183995,514,0,342,144,0,0,0,476,infection,922
7.051661636533469,513,0,343,144,0,0,0,477,infection,969
7.056853528737516,513,0,342,145,0,0,0,477,recovery,730
7.075316255755561,512,0,343,145,0,0,0,478,infection,64
7.086265427727546,511,0,344,145,0,0,0,479,infection,841
7.089226966068618,510,0,345,145,0,0,0,480,infection,477
7.091898207632514,509,0,346,145,0,0,0,481,infection,590
7.0999572046909964,508,0,347,145,0,0,0,482,infection,837
7.102119248833854,507,0,348,145,0,0,0,483,infection,289
7.105451045192964,506,0,349,145,0,0,0,484,infection,163
7.1097728269905875,505,0,350,145,0,0,0,485,infection,832
7.136754333854097,504,0,351,145,0,0,0,486,infection,764
7.1406158178271975,503,0,352,145,0,0,0,487,infection,116
7.143200287764582,502,0,353,145,0,0,0,488,infection,63
7.157512795633978,501,0,354,145,0,0,0,489,infection,492
7.1580529251043306,500,0,355,145,0,0,0,490,infection,698
7.158337032559952,499,0,356,145,0,0,0,491,infection,575
7.164445349672269,498,0,357,145,0,0,0,492,infection,543
7.1674725938606985,498,0,356,146,0,0,0,492,recovery,194
7.169225453079719,497,0,357,146,0,0,0,493,infection,959
7.17137880752178,496,0,358,146,0,0,0,494,infection,640
7.1805416157920146,495,0,359,146,0,0,0,495,infection,977
7.185200878399561,495,0,358,147,0,0,0,495,recovery,904
7.188022451655617,494,0,359,147,0,0,0,496,infection,331
7.195654314717562,493,0,360,147,0,0,0,497,infection,218
7.220146281241283,493,0,359,148,0,0,0,497,recovery,791
7.226121639054038,492,0,360,148,0,0,0,498,infection,496
7.228658947847923,491,0,361,148,0,0,0,499,infection,464
7.232000184141435,490,0,362,148,0,0,0,500,infection,599
7.2345168476985595,489,0,363,148,0,0,0,501,infection,262
7.2368802223360085,488,0,364,148,0,0,0,502,infection,330
7.254050878597523,488,0,363,149,0,0,0,502,recovery,558
7.259668993613639,488,0,362,150,0,0,0,502,recovery,917
7.260469470945711,487,0,363,150,0,0,0,503,infection,955
7.2647744056517825,486,0,364,150,0,0,0,504,infection,564
7.269735974842039,485,0,365,150,0,0,0,505,infection,483
7.272751449528625,484,0,366,150,0,0,0,506,infection,957
7.281027646787265,484,0,365,151,0,0,0,506,recovery,997
7.286717666883502,483,0,366,151,0,0,0,507,infection,777
7.299078900919816,482,0,367,151,0,0,0,508,infection,945
7.301994808129289,481,0,368,151,0,0,0,509,infection,943
7.303014992083767,480,0,369,151,0,0,0,510,infection,349
7.3166847342476755,479,0,370,151,0,0,0,511,infection,891
7.3216529049776735,479,0,369,152,0,0,0,511,recovery,218
7.322724466414261,478,0,370,152,0,0,0,512,infection,3
7.327588497872386,477,0,371,152,0,0,0,513,infection,347
7.329643101830525,477,0,370,153,0,0,0,513,recovery,708
7.3314786921300374,476,0,371,153,0,0,0,514,infection,846
7.336888662316612,475,0,372,153,0,0,0,515,infection,159
7.3502577116852725,474,0,373,153,0,0,0,516,infection,264
7.355856548353985,473,0,374,153,0,0,0,517,infection,299
7.363462434208438,473,0,373,154,0,0,0,517,recovery,450
7.3644540425068525,472,0,374,154,0,0,0,518,infection,843
7.36874663712138,471,0,375,154,0,0,0,519,infection,72
7.385785559326234,470,0,376,154,0,0,0,520,infection,254
7.387298802948194,469,0,377,154,0,0,0,521,infection,689
7.391939745733527,469,0,376,155,0,0,0,521,recovery,524
7.394362446893894,468,0,377,155,0,0,0,522,infection,925
7.403301704930889,467,0,378,155,0,0,0,523,infection,440
7.416013914233357,466,0,379,155,0,0,0,524,infection,642
7.416379673196814,465,0,380,155,0,0,0,525,infection,12
7.422565511870513,464,0,381,155,0,0,0,526,infection,47
7.42750326196015,463,0,382,155,0,0,0,527,infection,776
7.43287760234,462,0,383,155,0,0,0,528,infection,983
7.435102676635307,461,0,384,155,0,0,0,529,infection,225
7.471839432243136,460,0,385,155,0,0,0,530,infection,580
7.472214866022576,460,0,384,156,0,0,0,530,recovery,889
7.488500490005101,460,0,383,157,0,0,0,530,recovery,304
7.495173936310732,459,0,384,157,0,0,0,531,infection,624
7.497988016993713,458,0,385,157,0,0,0,532,infection,577
7.505699948456984,458,0,384,158,0,0,0,532,recovery,420
7.507773357193674,457,0,385,158,0,0,0,533,infection,221
7.510481062422818,456,0,386,158,0,0,0,534,infection,956
7.51103522361424,456,0,385,159,0,0,0,534,recovery,840
7.513583301039182,456,0,384,160,0,0,0,534,recovery,762
7.5160310373428665,455,0,385,160,0,0,0,535,infection,915
7.5164296963139074,454,0,386,160,0,0,0,536,infection,237
7.524882407652267,453,0,387,160,0,0,0,537,infection,173
7.530557136037296,452,0,388,160,0,0,0,538,infection,25
7.536442652531024,451,0,389,160,0,0,0,539,infection,518
7.540970790488943,450,0,390,160,0,0,0,540,infection,242
7.544738109953355,450,0,389,161,0,0,0,540,recovery,249
7.545808079213995,449,0,390,161,0,0,0,541,infection,555
7.5462465170489,449,0,389,162,0,0,0,541,recovery,226
7.5530049762550275,448,0,390,162,0,0,0,542,infection,839
7.553993196287547,447,0,391,162,0,0,0,543,infection,282
7.572181646327684,446,0,392,162,0,0,0,544,infection,38
7.573776449598351,446,0,391,163,0,0,0,544,recovery,785
7.576112895524659,446,0,390,164,0,0,0,544,recovery,707
7.576665108899327,445,0,391,164,0,0,0,545,infection,897
7.577414604346233,444,0,392,164,0,0,0,546,infection,573
7.581017547924349,443,0,393,164,0,0,0,547,infection,404
7.584961936203566,442,0,394,164,0,0,0,548,infection,463
7.5911849031722385,441,0,395,164,0,0,0,549,infection,566
7.593204742553581,441,0,394,165,0,0,0,549,recovery,412
7.59624463186526,440,0,395,165,0,0,0,550,infection,803
7.596457372648247,439,0,396,165,0,0,0,551,infection,679
7.597219219135445,439,0,395,166,0,0,0,551,recovery,446
7.6029226707735,439,0,394,167,0,0,0,551,recovery,555
7.60306256951567,438,0,395,167,0,0,0,552,infection,105
7.605468433942258,437,0,396,167,0,0,0,553,infection,718
7.605886353326576,437,0,395,168,0,0,0,553,recovery,919
7.611019970741893,436,0,396,168,0,0,0,554,infection,750
7.615993330643708,435,0,397,168,0,0,0,555,infection,119
7.621274349513389,435,0,396,169,0,0,0,555,recovery,737
7.633873455885013,434,0,397,169,0,0,0,556,infection,201
7.63841990760265,433,0,398,169,0,0,0,557,infection,721
7.640749780276332,432,0,399,169,0,0,0,558,infection,280
7.640835144463479,431,0,400,169,0,0,0,559,infection,910
7.64185658750916,430,0,401,169,0,0,0,560,infection,486
7.644179560068084,429,0,402,169,0,0,0,561,infection,799
7.645846698328007,428,0,403,169,0,0,0,562,infection,507
7.651169238444008,427,0,404,169,0,0,0,563,infection,769
7.654190196735696,426,0,405,169,0,0,0,564,infection,829
7.662074257111892,425,0,406,169,0,0,0,565,infection,429
7.666764124620851,425,0,405,170,0,0,0,565,recovery,454
7.674751835924829,424,0,406,170,0,0,0,566,infection,84
7.677848053972537,423,0,407,170,0,0,0,567,infection,80
7.678262705927834,423,0,406,171,0,0,0,567,recovery,6
7.689094609712882,422,0,407,171,0,0,0,568,infection,876
7.6968403372453205,422,0,406,172,0,0,0,568,recovery,646
7.6981592040345745,422,0,405,173,0,0,0,568,recovery,979
7.701697044526934,422,0,404,174,0,0,0,568,recovery,858
7.705785291815772,422,0,403,175,0,0,0,568,recovery,636
7.70609220312158,422,0,402,176,0,0,0,568,recovery,489
7.712445846737767,422,0,401,177,0,0,0,568,recovery,212
7.71645661438857,421,0,402,177,0,0,0,569,infection,98
7.716863191254864,421,0,401,178,0,0,0,569,recovery,270
7.723702275631375,420,0,402,178,0,0,0,570,infection,372
7.726219573317389,419,0,403,178,0,0,0,571,infection,220
7.729040067514566,418,0,404,178,0,0,0,572,infection,51
7.750157422678539,417,0,405,178,0,0,0,573,infection,351
7.763009280914611,416,0,406,178,0,0,0,574,infection,870
7.770907162538094,415,0,407,178,0,0,0,575,infection,451
7.771822370909596,414,0,408,178,0,0,0,576,infection,480
7.772593411140092,413,0,409,178,0,0,0,577,infection,314
7.784777954549188,413,0,408,179,0,0,0,577,recovery,920
7.786395322383077,412,0,409,179,0,0,0,578,infection,497
7.792153902041402,412,0,408,180,0,0,0,578,recovery,656
7.80575693060834,411,0,409,180,0,0,0,579,infection,426
7.81263221181638,411,0,408,181,0,0,0,579,recovery,611
7.816990508818845,410,0,409,181,0,0,0,580,infection,586
7.832895002919771,410,0,408,182,0,0,0,580,recovery,37
7.835809938139095,409,0,409,182,0,0,0,581,infection,788
7.836061813612489,408,0,410,182,0,0,0,582,infection,113
7.850757636390903,408,0,409,183,0,0,0,582,recovery,777
7.8536650335305,407,0,410,183,0,0,0,583,infection,211
7.861055583006442,406,0,411,183,0,0,0,584,infection,702
7.86283517617817,406,0,410,184,0,0,0,584,recovery,903
7.863492829622518,405,0,411,184,0,0,0,585,infection,946
7.875571598056207,404,0,412,184,0,0,0,586,infection,585
7.883515399029524,404,0,411,185,0,0,0,586,recovery,221
7.884654210952269,403,0,412,185,0,0,0,587,infection,469
7.885897376297223,403,0,411,186,0,0,0,587,recovery,473
7.893599305516183,402,0,412,186,0,0,0,588,infection,479
7.896480962208855,401,0,413,186,0,0,0,589,infection,643
7.902280595315289,400,0,414,186,0,0,0,590,infection,448
7.902734106800031,400,0,413,187,0,0,0,590,recovery,295
7.9044458950604675,400,0,412,188,0,0,0,590,recovery,740
7.908389679252258,399,0,413,188,0,0,0,591,infection,759
7.909763097852639,399,0,412,189,0,0,0,591,recovery,829
7.9210219600626255,399,0,411,190,0,0,0,591,recovery,425
7.923957073453178,398,0,412,190,0,0,0,592,infection,926
7.935553531798756,398,0,411,191,0,0,0,592,recovery,824
7.954500506497376,397,0,412,191,0,0,0,593,infection,613
7.961421356052139,397,0,411,192,0,0,0,593,recovery,788
7.9660337517827555,396,0,412,192,0,0,0,594,infection,760
7.984071540629812,395,0,413,192,0,0,0,595,infection,28
7.995431595049689,394,0,414,192,0,0,0,596,infection,666
7.9965088757546,393,0,415,192,0,0,0,597,infection,828
8.006482833702467,392,0,416,192,0,0,0,598,infection,139
8.007340296387005,392,0,415,193,0,0,0,598,recovery,479
8.00775222554734,391,0,416,193,0,0,0,599,infection,101
8.011052721006077,390,0,417,193,0,0,0,600,infection,419
8.017498680120362,390,0,416,194,0,0,0,600,recovery,244
8.022883433824187,390,0,415,195,0,0,0,600,recovery,95
8.023133399837366,390,0,414,196,0,0,0,600,recovery,393
8.026784940151618,389,0,415,196,0,0,0,601,infection,835
8.033702719517006,389,0,414,197,0,0,0,601,recovery,559
8.049115248999675,388,0,415,197,0,0,0,602,infection,515
8.051461961879362,387,0,416,197,0,0,0,603,infection,461
8.053449173467756,386,0,417,197,0,0,0,604,infection,476
8.055278971713037,385,0,418,197,0,0,0,605,infection,780
8.067033216351081,385,0,417,198,0,0,0,605,recovery,165
8.071260489214605,384,0,418,198,0,0,0,606,infection,16
8.075135188521305,384,0,417,199,0,0,0,606,recovery,239
8.081118346757913,384,0,416,200,0,0,0,606,recovery,378
8.105862107396801,383,0,417,200,0,0,0,607,infection,774
8.106143789503097,383,0,416,201,0,0,0,607,recovery,475
8.112115313786587,382,0,417,201,0,0,0,608,infection,871
8.120389420383221,381,0,418,201,0,0,0,609,infection,782
8.123463119342187,381,0,417,202,0,0,0,609,recovery,821
8.128681088057387,380,0,418,202,0,0,0,610,infection,606
8.133857157793113,379,0,419,202,0,0,0,611,infection,193
8.135137765865055,378,0,420,202,0,0,0,612,infection,571
8.148966794735863,378,0,419,203,0,0,0,612,recovery,211
8.16019718251706,377,0,420,203,0,0,0,613,infection,688
8.164601956927614,377,0,419,204,0,0,0,613,recovery,874
8.170083355411194,376,0,420,204,0,0,0,614,infection,82
8.172817427940455,375,0,421,204,0,0,0,615,infection,634
8.176683853549784,374,0,422,204,0,0,0,616,infection,810
8.180774106040833,374,0,421,205,0,0,0,616,recovery,643
8.184755763721547,374,0,420,206,0,0,0,616,recovery,983
8.196219543091777,373,0,421,206,0,0,0,617,infection,301
8.214442361962337,373,0,420,207,0,0,0,617,recovery,164
8.216704557908475,373,0,419,208,0,0,0,617,recovery,209
8.21708895122883,372,0,420,208,0,0,0,618,infection,384
8.219490115868805,371,0,421,208,0,0,0,619,infection,831
8.223051577856355,370,0,422,208,0,0,0,620,infection,418
8.225947453700089,369,0,423,208,0,0,0,621,infection,309
8.237864129273909,368,0,424,208,0,0,0,622,infection,653
8.238823780851952,367,0,425,208,0,0,0,623,infection,682
8.239128786582551,366,0,426,208,0,0,0,624,infection,277
8.244297041853772,365,0,427,208,0,0,0,625,infection,127
8.245573149168182,364,0,428,208,0,0,0,626,infection,348
8.246726466830074,363,0,429,208,0,0,0,627,infection,10
8.259512247266933,362,0,430,208,0,0,0,628,infection,743
8.260408501239791,361,0,431,208,0,0,0,629,infection,676
8.262273044124946,360,0,432,208,0,0,0,630,infection,535
8.267600887748225,359,0,433,208,0,0,0,631,infection,563
8.268859247634026,358,0,434,208,0,0,0,632,infection,934
8.27359537541686,358,0,433,209,0,0,0,632,recovery,835
8.278049449553524,357,0,434,209,0,0,0,633,infection,305
8.279346173231673,356,0,435,209,0,0,0,634,infection,300
8.287741239808733,356,0,434,210,0,0,0,634,recovery,839
8.29281765829875,355,0,435,210,0,0,0,635,infection,364
8.294971863566348,354,0,436,210,0,0,0,636,infection,13
8.30602398889599,353,0,437,210,0,0,0,637,infection,20
8.3185636427777,352,0,438,210,0,0,0,638,infection,190
8.32053248497027,351,0,439,210,0,0,0,639,infection,94
8.344984072429643,351,0,438,211,0,0,0,639,recovery,289
8.359842703578103,350,0,439,211,0,0,0,640,infection,374
8.370457799418206,350,0,438,212,0,0,0,640,recovery,225
8.374176407897766,349,0,439,212,0,0,0,641,infection,523
8.376544784920661,348,0,440,212,0,0,0,642,infection,731
8.38159275000134,347,0,441,212,0,0,0,643,infection,214
8.381705384528146,346,0,442,212,0,0,0,644,infection,405
8.382968782403289,345,0,443,212,0,0,0,645,infection,562
8.38844780788503,344,0,444,212,0,0,0,646,infection,256
8.403345990378607,343,0,445,212,0,0,0,647,infection,361
8.418074726844264,342,0,446,212,0,0,0,648,infection,56
8.419796460199432,341,0,447,212,0,0,0,649,infection,854
8.438270384159889,340,0,448,212,0,0,0,650,infection,652
8.44025241229119,340,0,447,213,0,0,0,650,recovery,846
8.443051170176753,339,0,448,213,0,0,0,651,infection,358
8.44310757593746,338,0,449,213,0,0,0,652,infection,66
8.447661232904753,338,0,448,214,0,0,0,652,recovery,644
8.453704630680358,338,0,447,215,0,0,0,652,recovery,160
8.460327856478994,338,0,446,216,0,0,0,652,recovery,625
8.463121073745835,338,0,445,217,0,0,0,652,recovery,774
8.464473603391045,337,0,446,217,0,0,0,653,infection,152
8.467246610058508,336,0,447,217,0,0,0,654,infection,954
8.473412384010514,336,0,446,218,0,0,0,654,recovery,984
8.47593795818129,335,0,447,218,0,0,0,655,infection,126
8.47593823335728,334,0,448,218,0,0,0,656,infection,742
8.479462147759987,334,0,447,219,0,0,0,656,recovery,755
8.479576816609223,333,0,448,219,0,0,0,657,infection,500
8.484380302336758,332,0,449,219,0,0,0,658,infection,950
8.497884139068505,331,0,450,219,0,0,0,659,infection,222
8.498431898857744,331,0,449,220,0,0,0,659,recovery,870
8.498699132749879,330,0,450,220,0,0,0,660,infection,952
8.504610731299937,329,0,451,220,0,0,0,661,infection,410
8.510246071342484,329,0,450,221,0,0,0,661,recovery,101
8.513454089232406,329,0,449,222,0,0,0,661,recovery,25
8.524416496767374,328,0,450,222,0,0,0,662,infection,115
8.529602201711228,327,0,451,222,0,0,0,663,infection,442
8.54355374882493,327,0,450,223,0,0,0,663,recovery,427
8.543697179479919,327,0,449,224,0,0,0,663,recovery,2
8.545152602563983,326,0,450,224,0,0,0,664,infection,149
8.546638379872542,326,0,449,225,0,0,0,664,recovery,878
8.553578283515938,325,0,450,225,0,0,0,665,infection,465
8.554161434012633,324,0,451,225,0,0,0,666,infection,176
8.558542928516214,324,0,450,226,0,0,0,666,recovery,33
8.56827784765347,323,0,451,226,0,0,0,667,infection,112
8.56835853589012,323,0,450,227,0,0,0,667,recovery,309
8.574572985707215,322,0,451,227,0,0,0,668,infection,438
8.576641813154195,322,0,450,228,0,0,0,668,recovery,492
8.582648989569828,321,0,451,228,0,0,0,669,infection,394
8.582894489527673,321,0,450,229,0,0,0,669,recovery,47
8.589708315654747,320,0,451,229,0,0,0,670,infection,31
8.59280399734791,320,0,450,230,0,0,0,670,recovery,865
8.60760338588863,319,0,451,230,0,0,0,671,infection,796
8.615723232874497,319,0,450,231,0,0,0,671,recovery,616
8.62700882253341,319,0,449,232,0,0,0,671,recovery,925
8.62712367769363,319,0,448,233,0,0,0,671,recovery,590
8.630531264256236,318,0,449,233,0,0,0,672,infection,336
8.63619533881415,317,0,450,233,0,0,0,673,infection,224
8.637828608006743,317,0,449,234,0,0,0,673,recovery,556
8.64088405031725,316,0,450,234,0,0,0,674,infection,912
8.646515987684745,315,0,451,234,0,0,0,675,infection,972
8.648230264629527,314,0,452,234,0,0,0,676,infection,907
8.65655095527401,313,0,453,234,0,0,0,677,infection,826
8.659532387843502,313,0,452,235,0,0,0,677,recovery,445
8.660590844234171,313,0,451,236,0,0,0,677,recovery,318
8.661491232664302,312,0,452,236,0,0,0,678,infection,965
8.669724630801522,311,0,453,236,0,0,0,679,infection,333
8.675407781626255,310,0,454,236,0,0,0,680,infection,136
8.67793847916328,309,0,455,236,0,0,0,681,infection,968
8.687934623227092,308,0,456,236,0,0,0,682,infection,502
8.698193298290597,307,0,457,236,0,0,0,683,infection,980
8.700231613293889,307,0,456,237,0,0,0,683,recovery,711
8.707603994792734,307,0,455,238,0,0,0,683,recovery,80
8.7087322589541,306,0,456,238,0,0,0,684,infection,988
8.713438398582996,306,0,455,239,0,0,0,684,recovery,152
8.716360947595508,305,0,456,239,0,0,0,685,infection,911
8.72432162819724,304,0,457,239,0,0,0,686,infection,117
8.734796676261375,304,0,456,240,0,0,0,686,recovery,93
8.749169128849408,303,0,457,240,0,0,0,687,infection,44
8.759352092461938,303,0,456,241,0,0,0,687,recovery,359
8.76455441776136,302,0,457,241,0,0,0,688,infection,433
8.776068875388919,302,0,456,242,0,0,0,688,recovery,700
8.783580249761126,302,0,455,243,0,0,0,688,recovery,13
8.795149647730874,302,0,454,244,0,0,0,688,recovery,182
8.802346529638937,302,0,453,245,0,0,0,688,recovery,952
8.807878982612667,302,0,452,246,0,0,0,688,recovery,541
8.811150705786009,302,0,451,247,0,0,0,688,recovery,960
8.817553461257098,301,0,452,247,0,0,0,689,infection,58
8.822289533775075,300,0,453,247,0,0,0,690,infection,57
8.833409382141891,299,0,454,247,0,0,0,691,infection,337
8.836089660396244,298,0,455,247,0,0,0,692,infection,258
8.85354713036811,297,0,456,247,0,0,0,693,infection,823
8.853887020816597,296,0,457,247,0,0,0,694,infection,793
8.860428445399638,296,0,456,248,0,0,0,694,recovery,550
8.862337244707446,295,0,457,248,0,0,0,695,infection,520
8.866498089438634,295,0,456,249,0,0,0,695,recovery,548
8.866626392224756,294,0,457,249,0,0,0,696,infection,921
8.869885425518877,294,0,456,250,0,0,0,696,recovery,502
8.87057241933423,294,0,455,251,0,0,0,696,recovery,149
8.872168314558094,293,0,456,251,0,0,0,697,infection,825
8.907472911191347,292,0,457,251,0,0,0,698,infection,895
8.908991713576745,291,0,458,251,0,0,0,699,infection,525
8.918826810757578,291,0,457,252,0,0,0,699,recovery,305
8.919723102116384,291,0,456,253,0,0,0,699,recovery,53
8.920041330102302,290,0,457,253,0,0,0,700,infection,42
8.922136111058554,289,0,458,253,0,0,0,701,infection,936
8.924917906209316,289,0,457,254,0,0,0,701,recovery,55
8.937081459297131,289,0,456,255,0,0,0,701,recovery,843
8.943448546527504,289,0,455,256,0,0,0,701,recovery,251
8.951355177219959,289,0,454,257,0,0,0,701,recovery,741
8.95161217511114,288,0,455,257,0,0,0,702,infection,387
8.951631484739558,288,0,454,258,0,0,0,702,recovery,323
8.965819899805485,287,0,455,258,0,0,0,703,infection,48
8.978763797121854,287,0,454,259,0,0,0,703,recovery,562
8.988616929331338,287,0,453,260,0,0,0,703,recovery,224
8.99347815293297,286,0,454,260,0,0,0,704,infection,210
8.994202634645077,286,0,453,261,0,0,0,704,recovery,715
8.99918886024355,285,0,454,261,0,0,0,705,infection,779
8.999369623041424,285,0,453,262,0,0,0,705,recovery,596
9.003635708395676,284,0,454,262,0,0,0,706,infection,902
9.005224390033447,283,0,455,262,0,0,0,707,infection,315
9.005617959414582,282,0,456,262,0,0,0,708,infection,186
9.015891381170077,282,0,455,263,0,0,0,708,recovery,936
9.016299270743712,282,0,454,264,0,0,0,708,recovery,738
9.017921581136786,281,0,455,264,0,0,0,709,infection,729
9.025865262233506,281,0,454,265,0,0,0,709,recovery,70
9.037613529268498,280,0,455,265,0,0,0,710,infection,75
9.04200351037909,280,0,454,266,0,0,0,710,recovery,231
9.05027064195903,279,0,455,266,0,0,0,711,infection,812
9.055353272764968,278,0,456,266,0,0,0,712,infection,622
9.062899051099182,278,0,455,267,0,0,0,712,recovery,554
9.070698399800127,278,0,454,268,0,0,0,712,recovery,902
9.074851835008621,277,0,455,268,0,0,0,713,infection,898
9.077880478745241,277,0,454,269,0,0,0,713,recovery,102
9.08437751764181,276,0,455,269,0,0,0,714,infection,800
9.08753164133494,276,0,454,270,0,0,0,714,recovery,586
9.08909106515542,275,0,455,270,0,0,0,715,infection,200
9.092356095949583,275,0,454,271,0,0,0,715,recovery,284
9.094512375087838,275,0,453,272,0,0,0,715,recovery,206
9.10207672351828,275,0,452,273,0,0,0,715,recovery,980
9.102163469690261,275,0,451,274,0,0,0,715,recovery,448
9.105582206350281,274,0,452,274,0,0,0,716,infection,883
9.10917053499901,274,0,451,275,0,0,0,716,recovery,535
9.110815643079567,273,0,452,275,0,0,0,717,infection,121
9.114720957472041,272,0,453,275,0,0,0,718,infection,844
9.128736052924802,272,0,452,276,0,0,0,718,recovery,792
9.129523030927391,272,0,451,277,0,0,0,718,recovery,573
9.130044161457185,271,0,452,277,0,0,0,719,infection,120
9.134497516967748,271,0,451,278,0,0,0,719,recovery,977
9.13844054228109,270,0,452,278,0,0,0,720,infection,935
9.155840843738897,270,0,451,279,0,0,0,720,recovery,578
9.157725761384787,269,0,452,279,0,0,0,721,infection,516
9.158140930238405,268,0,453,279,0,0,0,722,infection,958
9.159069787609903,267,0,454,279,0,0,0,723,infection,949
9.17337350208469,267,0,453,280,0,0,0,723,recovery,321
9.173852069588204,266,0,454,280,0,0,0,724,infection,981
9.177003556127186,265,0,455,280,0,0,0,725,infection,681
9.178243736143273,265,0,454,281,0,0,0,725,recovery,553
9.178860676143993,264,0,455,281,0,0,0,726,infection,255
9.186515738205813,263,0,456,281,0,0,0,727,infection,929
9.191851973517103,262,0,457,281,0,0,0,728,infection,892
9.210037439120182,262,0,456,282,0,0,0,728,recovery,335
9.213544918773463,261,0,457,282,0,0,0,729,infection,526
9.247535181134637,260,0,458,282,0,0,0,730,infection,716
9.251129952953157,259,0,459,282,0,0,0,731,infection,355
9.253691331808918,259,0,458,283,0,0,0,731,recovery,476
9.259397496799957,259,0,457,284,0,0,0,731,recovery,796
9.262089819204466,258,0,458,284,0,0,0,732,infection,589
9.274001198150659,258,0,457,285,0,0,0,732,recovery,974
9.283882709197128,258,0,456,286,0,0,0,732,recovery,666
9.284144332015245,257,0,457,286,0,0,0,733,infection,665
9.284980948829494,256,0,458,286,0,0,0,734,infection,307
9.32036673434283,256,0,457,287,0,0,0,734,recovery,898
9.347955306335905,255,0,458,287,0,0,0,735,infection,230
9.373559034755822,255,0,457,288,0,0,0,735,recovery,307
9.373760956239193,254,0,458,288,0,0,0,736,infection,894
9.377570581997542,253,0,459,288,0,0,0,737,infection,85
9.382639563718753,253,0,458,289,0,0,0,737,recovery,769
9.382766402744751,253,0,457,290,0,0,0,737,recovery,54
9.394641626308154,253,0,456,291,0,0,0,737,recovery,111
9.407154964014028,252,0,457,291,0,0,0,738,infection,664
9.414796931606704,252,0,456,292,0,0,0,738,recovery,118
9.437029810112756,251,0,457,292,0,0,0,739,infection,459
9.448135985209127,251,0,456,293,0,0,0,739,recovery,534
9.45194240102079,250,0,457,293,0,0,0,740,infection,650
9.452586114787136,249,0,458,293,0,0,0,741,infection,133
9.454858882533323,248,0,459,293,0,0,0,742,infection,833
9.456134841514732,248,0,458,294,0,0,0,742,recovery,395
9.47080185693453,247,0,459,294,0,0,0,743,infection,104
9.473983485422938,246,0,460,294,0,0,0,744,infection,674
9.487795139563032,245,0,461,294,0,0,0,745,infection,722
9.497542179014594,245,0,460,295,0,0,0,745,recovery,79
9.500719520335368,244,0,461,295,0,0,0,746,infection,928
9.501385824406219,243,0,462,295,0,0,0,747,infection,545
9.503176186081156,243,0,461,296,0,0,0,747,recovery,403
9.506527609691318,243,0,460,297,0,0,0,747,recovery,376
9.50680747347647,243,0,459,298,0,0,0,747,recovery,926
9.509624387203726,243,0,458,299,0,0,0,747,recovery,676
9.52485954255679,243,0,457,300,0,0,0,747,recovery,727
9.535540759123679,242,0,458,300,0,0,0,748,infection,100
9.541696150476149,241,0,459,300,0,0,0,749,infection,485
9.554807055891771,240,0,460,300,0,0,0,750,infection,809
9.573666021190226,239,0,461,300,0,0,0,751,infection,951
9.577040481762154,238,0,462,300,0,0,0,752,infection,18
9.581083031204482,237,0,463,300,0,0,0,753,infection,375
9.584101036589493,236,0,464,300,0,0,0,754,infection,166
9.589832849409714,236,0,463,301,0,0,0,754,recovery,928
9.603775061529417,236,0,462,302,0,0,0,754,recovery,246
9.619975490837303,236,0,461,303,0,0,0,754,recovery,418
9.62455025130463,236,0,460,304,0,0,0,754,recovery,234
9.625991833660704,235,0,461,304,0,0,0,755,infection,204
9.630912882084445,235,0,460,305,0,0,0,755,recovery,64
9.634022743676699,234,0,461,305,0,0,0,756,infection,582
9.640181177757714,233,0,462,305,0,0,0,757,infection,768
9.660377144040593,232,0,463,305,0,0,0,758,infection,901
9.661241364654204,232,0,462,306,0,0,0,758,recovery,196
9.662552418917794,231,0,463,306,0,0,0,759,infection,569
9.662561330427419,230,0,464,306,0,0,0,760,infection,181
9.673868503905425,230,0,463,307,0,0,0,760,recovery,723
9.682417705697697,230,0,462,308,0,0,0,760,recovery,895
9.685228483937214,229,0,463,308,0,0,0,761,infection,391
9.691274962396282,228,0,464,308,0,0,0,762,infection,610
9.699732411218323,227,0,465,308,0,0,0,763,infection,171
9.716462464507726,226,0,466,308,0,0,0,764,infection,174
9.718611175294559,226,0,465,309,0,0,0,764,recovery,529
9.718704446744553,226,0,464,310,0,0,0,764,recovery,891
9.719508041520351,226,0,463,311,0,0,0,764,recovery,417
9.721042493097093,226,0,462,312,0,0,0,764,recovery,391
9.728477343137214,225,0,463,312,0,0,0,765,infection,710
9.742462139118937,225,0,462,313,0,0,0,765,recovery,773
9.743454472686697,224,0,463,313,0,0,0,766,infection,363
9.758135651788926,224,0,462,314,0,0,0,766,recovery,905
9.759165733903938,224,0,461,315,0,0,0,766,recovery,770
9.764491951278671,224,0,460,316,0,0,0,766,recovery,443
9.770878756878105,224,0,459,317,0,0,0,766,recovery,710
9.77315439317161,224,0,458,318,0,0,0,766,recovery,531
9.773404272382377,223,0,459,318,0,0,0,767,infection,670
9.78103460992475,223,0,458,319,0,0,0,767,recovery,18
9.785217459644384,222,0,459,319,0,0,0,768,infection,639
9.788335870188195,222,0,458,320,0,0,0,768,recovery,899
9.795271882402059,221,0,459,320,0,0,0,769,infection,725
9.795316572223477,221,0,458,321,0,0,0,769,recovery,609
9.7953913764061,220,0,459,321,0,0,0,770,infection,19
9.796557637566616,219,0,460,321,0,0,0,771,infection,388
9.802563287497355,219,0,459,322,0,0,0,771,recovery,907
9.802971711013548,218,0,460,322,0,0,0,772,infection,172
9.806005409827456,218,0,459,323,0,0,0,772,recovery,764
9.812259363568394,217,0,460,323,0,0,0,773,infection,873
9.8124788081197,217,0,459,324,0,0,0,773,recovery,803
9.826460939446607,216,0,460,324,0,0,0,774,infection,232
9.829314257977954,216,0,459,325,0,0,0,774,recovery,113
9.833671314641395,215,0,460,325,0,0,0,775,infection,263
9.843259110475744,215,0,459,326,0,0,0,775,recovery,260
9.847197339202978,214,0,460,326,0,0,0,776,infection,882
9.847337538572164,213,0,461,326,0,0,0,777,infection,202
9.84812203554783,212,0,462,326,0,0,0,778,infection,346
9.88037070448571,212,0,461,327,0,0,0,778,recovery,512
9.884331037753606,212,0,460,328,0,0,0,778,recovery,290
9.886083633238746,212,0,459,329,0,0,0,778,recovery,639
9.91244309327869,211,0,460,329,0,0,0,779,infection,49
9.929113751081744,210,0,461,329,0,0,0,780,infection,61
9.941556646396583,209,0,462,329,0,0,0,781,infection,848
9.944225913988062,209,0,461,330,0,0,0,781,recovery,387
9.945968750400775,208,0,462,330,0,0,0,782,infection,511
9.952803052960682,208,0,461,331,0,0,0,782,recovery,890
9.961618215260323,207,0,462,331,0,0,0,783,infection,941
9.963864770238414,207,0,461,332,0,0,0,783,recovery,348
9.978420928502464,206,0,462,332,0,0,0,784,infection,90
9.981289934709402,205,0,463,332,0,0,0,785,infection,402
9.983192251384615,204,0,464,332,0,0,0,786,infection,357
9.984944842177716,203,0,465,332,0,0,0,787,infection,217
9.989144982104916,202,0,466,332,0,0,0,788,infection,699
9.992871497090768,202,0,465,333,0,0,0,788,recovery,330
9.998260355232263,202,0,464,334,0,0,0,788,recovery,277
9.999849770264166,202,0,463,335,0,0,0,788,recovery,901
10.009675064406393,201,0,464,335,0,0,0,789,infection,285
10.011097332049346,201,0,463,336,0,0,0,789,recovery,842
10.03000804081591,200,0,464,336,0,0,0,790,infection,322
10.037058969251676,199,0,465,336,0,0,0,791,infection,593
10.08854925030519,198,0,466,336,0,0,0,792,infection,604
10.090128687738844,198,0,465,337,0,0,0,792,recovery,148
10.104668641234309,198,0,464,338,0,0,0,792,recovery,349
10.111912423237683,198,0,463,339,0,0,0,792,recovery,943
10.113500426129278,198,0,462,340,0,0,0,792,recovery,219
10.140585129155042,197,0,463,340,0,0,0,793,infection,985
10.151555099640392,196,0,464,340,0,0,0,794,infection,506
10.166017894549922,195,0,465,340,0,0,0,795,infection,790
10.171421424332479,194,0,466,340,0,0,0,796,infection,619
10.173661932380812,193,0,467,340,0,0,0,797,infection,145
10.180837884684422,192,0,468,340,0,0,0,798,infection,906
10.18104325686458,191,0,469,340,0,0,0,799,infection,293
10.20477234363322,190,0,470,340,0,0,0,800,infection,306
10.208100498716433,189,0,471,340,0,0,0,801,infection,576
10.210007417393724,189,0,470,341,0,0,0,801,recovery,833
10.218567232854587,189,0,469,342,0,0,0,801,recovery,759
10.242773113287729,189,0,468,343,0,0,0,801,recovery,793
10.249000129376842,189,0,467,344,0,0,0,801,recovery,103
10.263338294630891,189,0,466,345,0,0,0,801,recovery,419
10.26349490143467,188,0,467,345,0,0,0,802,infection,537
10.26592637777945,187,0,468,345,0,0,0,803,infection,236
10.269206301469508,187,0,467,346,0,0,0,803,recovery,768
10.28967251597951,187,0,466,347,0,0,0,803,recovery,329
10.29141123704282,187,0,465,348,0,0,0,803,recovery,522
10.292654572679567,187,0,464,349,0,0,0,803,recovery,640
10.294335828541008,187,0,463,350,0,0,0,803,recovery,972
10.33669415025957,186,0,464,350,0,0,0,804,infection,673
10.338836448958554,186,0,463,351,0,0,0,804,recovery,48
10.353407188568962,186,0,462,352,0,0,0,804,recovery,49
10.363645189129516,185,0,463,352,0,0,0,805,infection,552
10.380646799620479,184,0,464,352,0,0,0,806,infection,813
10.405213388474888,183,0,465,352,0,0,0,807,infection,207
10.415560913432824,182,0,466,352,0,0,0,808,infection,570
10.422931441325183,182,0,465,353,0,0,0,808,recovery,961
10.432205800573202,181,0,466,353,0,0,0,809,infection,311
10.444761031697656,180,0,467,353,0,0,0,810,infection,26
10.449215145578494,180,0,466,354,0,0,0,810,recovery,790
10.464620512703892,180,0,465,355,0,0,0,810,recovery,358
10.466531199207342,179,0,466,355,0,0,0,811,infection,807
10.476369661855864,179,0,465,356,0,0,0,811,recovery,480
10.480300858556944,178,0,466,356,0,0,0,812,infection,836
10.482819378996844,178,0,465,357,0,0,0,812,recovery,935
10.515530167076847,177,0,466,357,0,0,0,813,infection,647
10.527796659772267,177,0,465,358,0,0,0,813,recovery,46
10.536918642346809,177,0,464,359,0,0,0,813,recovery,746
10.566551606214736,176,0,465,359,0,0,0,814,infection,421
10.568869775148446,176,0,464,360,0,0,0,814,recovery,411
10.579889634160121,176,0,463,361,0,0,0,814,recovery,633
10.580777455547942,176,0,462,362,0,0,0,814,recovery,667
10.584454321833856,176,0,461,363,0,0,0,814,recovery,503
10.587723756079074,175,0,462,363,0,0,0,815,infection,68
10.588529761796256,175,0,461,364,0,0,0,815,recovery,969
10.590994807718776,175,0,460,365,0,0,0,815,recovery,798
10.60686335595194,174,0,461,365,0,0,0,816,infection,504
10.621707625157063,173,0,462,365,0,0,0,817,infection,630
10.624338354524342,173,0,461,366,0,0,0,817,recovery,429
10.652070845459724,173,0,460,367,0,0,0,817,recovery,407
10.653996629426262,173,0,459,368,0,0,0,817,recovery,459
10.661335195025353,173,0,458,369,0,0,0,817,recovery,873
10.67035106763633,173,0,457,370,0,0,0,817,recovery,813
10.676356357017898,173,0,456,371,0,0,0,817,recovery,38
10.701854303721628,172,0,457,371,0,0,0,818,infection,216
10.703258113776272,172,0,456,372,0,0,0,818,recovery,22
10.71248251820813,172,0,455,373,0,0,0,818,recovery,361
10.728170476987778,172,0,454,374,0,0,0,818,recovery,57
10.729040916413012,171,0,455,374,0,0,0,819,infection,982
10.73156317676412,171,0,454,375,0,0,0,819,recovery,327
10.734762034394231,171,0,453,376,0,0,0,819,recovery,953
10.736967797435758,171,0,452,377,0,0,0,819,recovery,516
10.738502483156683,170,0,453,377,0,0,0,820,infection,187
10.739443478421403,170,0,452,378,0,0,0,820,recovery,722
10.748181302465273,169,0,453,378,0,0,0,821,infection,789
10.76393092998684,168,0,454,378,0,0,0,822,infection,362
10.770893213854322,167,0,455,378,0,0,0,823,infection,1
10.778014688657827,167,0,454,379,0,0,0,823,recovery,837
10.788179465185248,167,0,453,380,0,0,0,823,recovery,189
10.794857499977553,166,0,454,380,0,0,0,824,infection,233
10.802826313475922,165,0,455,380,0,0,0,825,infection,342
10.8057487528214,165,0,454,381,0,0,0,825,recovery,34
10.806575952220445,164,0,455,381,0,0,0,826,infection,424
10.81169244832781,163,0,456,381,0,0,0,827,infection,808
10.824737777826456,163,0,455,382,0,0,0,827,recovery,871
10.826260616079084,162,0,456,382,0,0,0,828,infection,99
10.837077042875217,161,0,457,382,0,0,0,829,infection,73
10.841145206006123,161,0,456,383,0,0,0,829,recovery,716
10.852037598588183,161,0,455,384,0,0,0,829,recovery,1000
10.859965383166896,161,0,454,385,0,0,0,829,recovery,242
10.87834401619111,161,0,453,386,0,0,0,829,recovery,44
10.884146281551166,160,0,454,386,0,0,0,830,infection,544
10.897190284059025,160,0,453,387,0,0,0,830,recovery,999
10.901383413380575,160,0,452,388,0,0,0,830,recovery,217
10.902595207700466,159,0,453,388,0,0,0,831,infection,131
10.903111601406541,158,0,454,388,0,0,0,832,infection,771
10.906329381765621,157,0,455,388,0,0,0,833,infection,41
10.916359904404564,156,0,456,388,0,0,0,834,infection,109
10.916580423392043,155,0,457,388,0,0,0,835,infection,608
10.927554731267026,155,0,456,389,0,0,0,835,recovery,342
10.943930093913082,155,0,455,390,0,0,0,835,recovery,316
10.95568712637773,154,0,456,390,0,0,0,836,infection,694
10.966110681667114,154,0,455,391,0,0,0,836,recovery,593
10.966769027495776,153,0,456,391,0,0,0,837,infection,797
10.969988681496073,153,0,455,392,0,0,0,837,recovery,743
10.970068562839618,153,0,454,393,0,0,0,837,recovery,868
10.98095318894405,153,0,453,394,0,0,0,837,recovery,496
10.981862614531636,152,0,454,394,0,0,0,838,infection,283
10.995931168827209,152,0,453,395,0,0,0,838,recovery,996
11.031061277564195,152,0,452,396,0,0,0,838,recovery,946
11.047457799918432,152,0,451,397,0,0,0,838,recovery,159
11.049674213844598,152,0,450,398,0,0,0,838,recovery,971
11.055007529694986,152,0,449,399,0,0,0,838,recovery,145
11.055682293161436,152,0,448,400,0,0,0,838,recovery,804
11.064548405324924,151,0,449,400,0,0,0,839,infection,990
11.072837255767281,151,0,448,401,0,0,0,839,recovery,641
11.086312969908342,151,0,447,402,0,0,0,839,recovery,963
11.094211859337452,151,0,446,403,0,0,0,839,recovery,525
11.102477509842,150,0,447,403,0,0,0,840,infection,712
11.118576775543886,150,0,446,404,0,0,0,840,recovery,649
11.1280449282626,149,0,447,404,0,0,0,841,infection,620
11.131706263559376,149,0,446,405,0,0,0,841,recovery,384
11.132005774087197,149,0,445,406,0,0,0,841,recovery,668
11.133813065109514,148,0,446,406,0,0,0,842,infection,675
11.135537141858455,147,0,447,406,0,0,0,843,infection,660
11.144462154618317,147,0,446,407,0,0,0,843,recovery,832
11.161674275808858,147,0,445,408,0,0,0,843,recovery,985
11.169015358309899,147,0,444,409,0,0,0,843,recovery,467
11.1744860655641,147,0,443,410,0,0,0,843,recovery,828
11.184190956817591,147,0,442,411,0,0,0,843,recovery,822
11.185529611828876,147,0,441,412,0,0,0,843,recovery,97
11.186285018835017,146,0,442,412,0,0,0,844,infection,703
11.187738460527465,145,0,443,412,0,0,0,845,infection,693
11.199700178546884,145,0,442,413,0,0,0,845,recovery,604
11.20288640542138,145,0,441,414,0,0,0,845,recovery,780
11.203736059078606,144,0,442,414,0,0,0,846,infection,146
11.214967230175535,144,0,441,415,0,0,0,846,recovery,61
11.215289372855565,143,0,442,415,0,0,0,847,infection,170
11.216889788369034,143,0,441,416,0,0,0,847,recovery,202
11.218426062202038,143,0,440,417,0,0,0,847,recovery,589
11.224416718981816,142,0,441,417,0,0,0,848,infection,243
11.237532942626432,142,0,440,418,0,0,0,848,recovery,172
11.238123293730002,142,0,439,419,0,0,0,848,recovery,957
11.261985397415419,142,0,438,420,0,0,0,848,recovery,911
11.264828115773975,141,0,439,420,0,0,0,849,infection,324
11.267293518424106,141,0,438,421,0,0,0,849,recovery,28
11.27032419934906,141,0,437,422,0,0,0,849,recovery,642
11.30469022557279,140,0,438,422,0,0,0,850,infection,208
11.311893292789513,139,0,439,422,0,0,0,851,infection,414
11.32131475546061,138,0,440,422,0,0,0,852,infection,720
11.336155337590199,138,0,439,423,0,0,0,852,recovery,733
11.35142015993616,137,0,440,423,0,0,0,853,infection,914
11.369075915430264,136,0,441,423,0,0,0,854,infection,617
11.398640417690695,136,0,440,424,0,0,0,854,recovery,577
11.401817082913917,136,0,439,425,0,0,0,854,recovery,565
11.412336278503695,136,0,438,426,0,0,0,854,recovery,162
11.417033074115393,136,0,437,427,0,0,0,854,recovery,767
11.427744729813034,135,0,438,427,0,0,0,855,infection,377
11.429434496326264,134,0,439,427,0,0,0,856,infection,436
11.436496347466665,133,0,440,427,0,0,0,857,infection,310
11.445807625114352,133,0,439,428,0,0,0,857,recovery,402
11.45677739398492,132,0,440,428,0,0,0,858,infection,400
11.46081321794365,132,0,439,429,0,0,0,858,recovery,726
11.461590648831645,132,0,438,430,0,0,0,858,recovery,334
11.488618045826552,132,0,437,431,0,0,0,858,recovery,823
11.49005194998231,132,0,436,432,0,0,0,858,recovery,41
11.494964844445844,132,0,435,433,0,0,0,858,recovery,20
11.5084009743299,132,0,434,434,0,0,0,858,recovery,298
11.509795189022789,132,0,433,435,0,0,0,858,recovery,308
11.515779470675486,132,0,432,436,0,0,0,858,recovery,51
11.521829708228468,131,0,433,436,0,0,0,859,infection,481
11.523576988973208,130,0,434,436,0,0,0,860,infection,684
11.531114389205724,129,0,435,436,0,0,0,861,infection,546
11.549663732118308,129,0,434,437,0,0,0,861,recovery,521
11.552678374849247,128,0,435,437,0,0,0,862,infection,918
11.553016206517544,128,0,434,438,0,0,0,862,recovery,173
11.559663528299282,127,0,435,438,0,0,0,863,infection,9
11.561019274097303,126,0,436,438,0,0,0,864,infection,458
11.572419100113457,126,0,435,439,0,0,0,864,recovery,501
11.579984218609162,126,0,434,440,0,0,0,864,recovery,121
11.592532963771008,125,0,435,440,0,0,0,865,infection,852
11.5927195265081,124,0,436,440,0,0,0,866,infection,444
11.597506642109993,123,0,437,440,0,0,0,867,infection,447
11.610330368423602,123,0,436,441,0,0,0,867,recovery,466
11.639920672383301,123,0,435,442,0,0,0,867,recovery,142
11.646081689662283,122,0,436,442,0,0,0,868,infection,869
11.64827955721903,121,0,437,442,0,0,0,869,infection,594
11.649150575332587,120,0,438,442,0,0,0,870,infection,887
11.667563598616246,119,0,439,442,0,0,0,871,infection,704
11.67082166803095,119,0,438,443,0,0,0,871,recovery,414
11.706587307731077,119,0,437,444,0,0,0,871,recovery,123
11.72313959553549,119,0,436,445,0,0,0,871,recovery,652
11.725915246242344,119,0,435,446,0,0,0,871,recovery,942
11.731582531792174,118,0,436,446,0,0,0,872,infection,940
11.750484153095586,117,0,437,446,0,0,0,873,infection,685
11.75246618854292,117,0,436,447,0,0,0,873,recovery,285
11.765924593536052,117,0,435,448,0,0,0,873,recovery,834
11.779471065449545,117,0,434,449,0,0,0,873,recovery,801
11.785144453768444,117,0,433,450,0,0,0,873,recovery,306
11.785688613785663,117,0,432,451,0,0,0,873,recovery,264
11.802767003657987,117,0,431,452,0,0,0,873,recovery,4
11.806781695534195,117,0,430,453,0,0,0,873,recovery,401
11.807216633937538,116,0,431,453,0,0,0,874,infection,124
11.809612005646517,116,0,430,454,0,0,0,874,recovery,949
11.810522368017237,115,0,431,454,0,0,0,875,infection,65
11.820991223963867,114,0,432,454,0,0,0,876,infection,32
11.832220389314651,114,0,431,455,0,0,0,876,recovery,163
11.837349676056508,114,0,430,456,0,0,0,876,recovery,436
11.845264570619914,114,0,429,457,0,0,0,876,recovery,325
11.866085879569777,113,0,430,457,0,0,0,877,infection,900
11.884030549728966,112,0,431,457,0,0,0,878,infection,989
11.903469607709416,112,0,430,458,0,0,0,878,recovery,523
11.906930349550827,112,0,429,459,0,0,0,878,recovery,910
11.917459543881016,112,0,428,460,0,0,0,878,recovery,552
11.922652146795222,112,0,427,461,0,0,0,878,recovery,713
11.923593516799386,111,0,428,461,0,0,0,879,infection,536
11.92582655169747,111,0,427,462,0,0,0,879,recovery,627
11.932854639919693,111,0,426,463,0,0,0,879,recovery,749
11.942701544919226,110,0,427,463,0,0,0,880,infection,787
11.969765917224198,110,0,426,464,0,0,0,880,recovery,10
11.972447594213364,110,0,425,465,0,0,0,880,recovery,301
11.973468451565495,110,0,424,466,0,0,0,880,recovery,689
11.974606717953584,110,0,423,467,0,0,0,880,recovery,673
12.012104338808571,110,0,422,468,0,0,0,880,recovery,670
12.016831589620576,109,0,423,468,0,0,0,881,infection,967
12.05452794634591,109,0,422,469,0,0,0,881,recovery,11
12.061598943225471,108,0,423,469,0,0,0,882,infection,884
12.06384415091989,108,0,422,470,0,0,0,882,recovery,787
12.102024699787732,107,0,423,470,0,0,0,883,infection,460
12.105560058215364,107,0,422,471,0,0,0,883,recovery,579
12.117979978003087,106,0,423,471,0,0,0,884,infection,783
12.129272584883045,105,0,424,471,0,0,0,885,infection,180
12.132012323708384,105,0,423,472,0,0,0,885,recovery,14
12.134717740819651,104,0,424,472,0,0,0,886,infection,416
12.134877498642492,104,0,423,473,0,0,0,886,recovery,439
12.143348724628611,104,0,422,474,0,0,0,886,recovery,208
12.14892375073837,103,0,423,474,0,0,0,887,infection,141
12.157046172478452,103,0,422,475,0,0,0,887,recovery,287
12.179157454483127,102,0,423,475,0,0,0,888,infection,272
12.198724262111341,102,0,422,476,0,0,0,888,recovery,390
12.204097225303567,101,0,423,476,0,0,0,889,infection,862
12.206646407851503,101,0,422,477,0,0,0,889,recovery,240
12.212622903226304,100,0,423,477,0,0,0,890,infection,199
12.216106104521348,100,0,422,478,0,0,0,890,recovery,310
12.220862197943331,99,0,423,478,0,0,0,891,infection,261
12.261999463962646,99,0,422,479,0,0,0,891,recovery,227
12.263373501829074,99,0,421,480,0,0,0,891,recovery,374
12.2725729823769,99,0,420,481,0,0,0,891,recovery,500
12.305586675461253,98,0,421,481,0,0,0,892,infection,161
12.353520713566699,98,0,420,482,0,0,0,892,recovery,410
12.368341264004544,97,0,421,482,0,0,0,893,infection,474
12.372428290106537,97,0,420,483,0,0,0,893,recovery,916
12.389652402062033,97,0,419,484,0,0,0,893,recovery,146
12.394893087526484,97,0,418,485,0,0,0,893,recovery,355
12.406368611440909,97,0,417,486,0,0,0,893,recovery,900
12.406749066736207,97,0,416,487,0,0,0,893,recovery,204
12.410971643877474,97,0,415,488,0,0,0,893,recovery,452
12.43226081502641,97,0,414,489,0,0,0,893,recovery,472
12.43653994111067,97,0,413,490,0,0,0,893,recovery,882
12.448626637881938,97,0,412,491,0,0,0,893,recovery,263
12.45156388577778,97,0,411,492,0,0,0,893,recovery,315
12.455166491674637,96,0,412,492,0,0,0,894,infection,557
12.459580391480806,96,0,411,493,0,0,0,894,recovery,369
12.47570796718113,96,0,410,494,0,0,0,894,recovery,612
12.476289931124178,96,0,409,495,0,0,0,894,recovery,877
12.477201839897162,95,0,410,495,0,0,0,895,infection,923
12.482212793647602,95,0,409,496,0,0,0,895,recovery,210
12.484362099893055,95,0,408,497,0,0,0,895,recovery,570
12.504930873549693,95,0,407,498,0,0,0,895,recovery,106
12.52177040573872,95,0,406,499,0,0,0,895,recovery,408
12.524906604877556,94,0,407,499,0,0,0,896,infection,815
12.537997315079467,94,0,406,500,0,0,0,896,recovery,883
12.538856829006384,94,0,405,501,0,0,0,896,recovery,199
12.54030356052997,94,0,404,502,0,0,0,896,recovery,220
12.54456965256244,94,0,403,503,0,0,0,896,recovery,92
12.546952711662431,94,0,402,504,0,0,0,896,recovery,884
12.547490085610635,94,0,401,505,0,0,0,896,recovery,200
12.55198038033444,93,0,402,505,0,0,0,897,infection,245
12.558526491408115,92,0,403,505,0,0,0,898,infection,259
12.565021403176054,92,0,402,506,0,0,0,898,recovery,955
12.572362071715284,92,0,401,507,0,0,0,898,recovery,557
12.592810372912028,91,0,402,507,0,0,0,899,infection,132
12.594594754965817,91,0,401,508,0,0,0,899,recovery,864
12.602149944417253,91,0,400,509,0,0,0,899,recovery,266
12.603303445141062,90,0,401,509,0,0,0,900,infection,108
12.621980020477794,89,0,402,509,0,0,0,901,infection,114
12.626478536857238,89,0,401,510,0,0,0,901,recovery,693
12.628960439707438,89,0,400,511,0,0,0,901,recovery,174
12.634161720758229,89,0,399,512,0,0,0,901,recovery,345
12.639996892580474,89,0,398,513,0,0,0,901,recovery,27
12.646427611046079,89,0,397,514,0,0,0,901,recovery,216
12.647402773971042,88,0,398,514,0,0,0,902,infection,269
12.650410581864383,87,0,399,514,0,0,0,903,infection,532
12.69572688208099,87,0,398,515,0,0,0,903,recovery,624
12.697884366495243,87,0,397,516,0,0,0,903,recovery,826
12.69985197691961,87,0,396,517,0,0,0,903,recovery,808
12.707737647419815,87,0,395,518,0,0,0,903,recovery,588
12.71089125142094,86,0,396,518,0,0,0,904,infection,150
12.734219005429331,86,0,395,519,0,0,0,904,recovery,831
12.747335528887954,86,0,394,520,0,0,0,904,recovery,532
12.750208465251315,86,0,393,521,0,0,0,904,recovery,365
12.784766832592304,85,0,394,521,0,0,0,905,infection,672
12.795527513195406,85,0,393,522,0,0,0,905,recovery,120
12.810701995905152,85,0,392,523,0,0,0,905,recovery,615
12.81456913651174,84,0,393,523,0,0,0,906,infection,872
12.814785502251308,84,0,392,524,0,0,0,906,recovery,193
12.865195974451819,83,0,393,524,0,0,0,907,infection,775
12.868023418097563,82,0,394,524,0,0,0,908,infection,241
12.870874612122526,81,0,395,524,0,0,0,909,infection,69
12.877333564478825,81,0,394,525,0,0,0,909,recovery,139
12.908480159252806,81,0,393,526,0,0,0,909,recovery,259
12.916442274899488,80,0,394,526,0,0,0,910,infection,183
12.942057985612992,80,0,393,527,0,0,0,910,recovery,133
12.955991944048844,80,0,392,528,0,0,0,910,recovery,373
12.957156538578733,80,0,391,529,0,0,0,910,recovery,243
12.961878980749328,80,0,390,530,0,0,0,910,recovery,294
12.961879956811993,80,0,389,531,0,0,0,910,recovery,665
12.986337094840575,80,0,388,532,0,0,0,910,recovery,265
12.990368092896713,80,0,387,533,0,0,0,910,recovery,100
13.031528750567771,80,0,386,534,0,0,0,910,recovery,9
13.034998568346825,80,0,385,535,0,0,0,910,recovery,388
13.039241595216994,80,0,384,536,0,0,0,910,recovery,637
13.040994888511326,80,0,383,537,0,0,0,910,recovery,124
13.042859212913942,80,0,382,538,0,0,0,910,recovery,256
13.046654982458797,80,0,381,539,0,0,0,910,recovery,818
13.058542482275678,79,0,382,539,0,0,0,911,infection,819
13.072032155693048,79,0,381,540,0,0,0,911,recovery,130
13.079808736875876,79,0,380,541,0,0,0,911,recovery,800
13.10417200638646,78,0,381,541,0,0,0,912,infection,687
13.105832812082646,78,0,380,542,0,0,0,912,recovery,915
13.109463444224277,78,0,379,543,0,0,0,912,recovery,69
13.125728067669773,78,0,378,544,0,0,0,912,recovery,744
13.14911893145953,78,0,377,545,0,0,0,912,recovery,619
13.160415519583356,78,0,376,546,0,0,0,912,recovery,810
13.17232870272947,78,0,375,547,0,0,0,912,recovery,617
13.175194182751847,78,0,374,548,0,0,0,912,recovery,183
13.17928829360632,77,0,375,548,0,0,0,913,infection,509
13.195721531744782,77,0,374,549,0,0,0,913,recovery,232
13.2000660014358,77,0,373,550,0,0,0,913,recovery,82
13.206553988770473,77,0,372,551,0,0,0,913,recovery,657
13.219001090968987,77,0,371,552,0,0,0,913,recovery,72
13.231178304659416,77,0,370,553,0,0,0,913,recovery,477
13.23559407680031,77,0,369,554,0,0,0,913,recovery,758
13.238063550079644,77,0,368,555,0,0,0,913,recovery,958
13.278547828990746,76,0,369,555,0,0,0,914,infection,756
13.283476386252296,76,0,368,556,0,0,0,914,recovery,701
13.29305818507973,76,0,367,557,0,0,0,914,recovery,144
13.308828791993411,76,0,366,558,0,0,0,914,recovery,413
13.310757163281886,75,0,367,558,0,0,0,915,infection,753
13.325091279160256,74,0,368,558,0,0,0,916,infection,153
13.344790233445897,73,0,369,558,0,0,0,917,infection,434
13.356786596367197,72,0,370,558,0,0,0,918,infection,147
13.3688193665479,72,0,369,559,0,0,0,918,recovery,603
13.377385665777709,72,0,368,560,0,0,0,918,recovery,136
13.390221093583012,71,0,369,560,0,0,0,919,infection,382
13.39585515978927,70,0,370,560,0,0,0,920,infection,510
13.42093557882633,70,0,369,561,0,0,0,920,recovery,62
13.44899219939078,69,0,370,561,0,0,0,921,infection,356
13.46326572097351,69,0,369,562,0,0,0,921,recovery,950
13.495082672061287,68,0,370,562,0,0,0,922,infection,77
13.502450109160142,68,0,369,563,0,0,0,922,recovery,63
13.5061571120687,67,0,370,563,0,0,0,923,infection,714
13.53387586545277,67,0,369,564,0,0,0,923,recovery,333
13.534106757199751,67,0,368,565,0,0,0,923,recovery,230
13.58078120130619,67,0,367,566,0,0,0,923,recovery,394
13.581899364700224,67,0,366,567,0,0,0,923,recovery,607
13.616616675927173,67,0,365,568,0,0,0,923,recovery,990
13.623564254915735,67,0,364,569,0,0,0,923,recovery,682
13.653385712029793,66,0,365,569,0,0,0,924,infection,203
13.672679250218437,66,0,364,570,0,0,0,924,recovery,52
13.681295467414014,66,0,363,571,0,0,0,924,recovery,986
13.688491726350776,66,0,362,572,0,0,0,924,recovery,551
13.695239565681185,66,0,361,573,0,0,0,924,recovery,274
13.695580174485572,66,0,360,574,0,0,0,924,recovery,967
13.699481133988886,66,0,359,575,0,0,0,924,recovery,654
13.709548971349303,66,0,358,576,0,0,0,924,recovery,648
13.724994925491703,66,0,357,577,0,0,0,924,recovery,161
13.727507107857754,66,0,356,578,0,0,0,924,recovery,341
13.745565884546457,65,0,357,578,0,0,0,925,infection,786
13.779126492323249,64,0,358,578,0,0,0,926,infection,724
13.781858406100044,63,0,359,578,0,0,0,927,infection,423
13.801348075055305,63,0,358,579,0,0,0,927,recovery,906
13.813509728217973,62,0,359,579,0,0,0,928,infection,728
13.849346518012927,62,0,358,580,0,0,0,928,recovery,347
13.853755028348917,61,0,359,580,0,0,0,929,infection,602
13.882676615837537,61,0,358,581,0,0,0,929,recovery,470
13.885004683721933,61,0,357,582,0,0,0,929,recovery,694
13.890665342107475,60,0,358,582,0,0,0,930,infection,896
13.892073781114135,60,0,357,583,0,0,0,930,recovery,21
13.893415010244869,59,0,358,583,0,0,0,931,infection,89
13.958884228430286,59,0,357,584,0,0,0,931,recovery,137
14.01003844064221,59,0,356,585,0,0,0,931,recovery,566
14.014630224488027,59,0,355,586,0,0,0,931,recovery,660
14.018694055698475,59,0,354,587,0,0,0,931,recovery,399
14.051788895240456,59,0,353,588,0,0,0,931,recovery,854
14.082937956707102,58,0,354,588,0,0,0,932,infection,7
14.10492171503515,58,0,353,589,0,0,0,932,recovery,463
14.112724802405385,58,0,352,590,0,0,0,932,recovery,75
14.116409996893818,58,0,351,591,0,0,0,932,recovery,31
14.12998921695776,58,0,350,592,0,0,0,932,recovery,718
14.137455714121089,58,0,349,593,0,0,0,932,recovery,815
14.21092047514239,57,0,350,593,0,0,0,933,infection,288
14.257142103128157,57,0,349,594,0,0,0,933,recovery,504
14.28820452343706,57,0,348,595,0,0,0,933,recovery,416
14.28858981821267,56,0,349,595,0,0,0,934,infection,415
14.299144660316093,56,0,348,596,0,0,0,934,recovery,731
14.305966501746447,56,0,347,597,0,0,0,934,recovery,756
14.338219520407737,56,0,346,598,0,0,0,934,recovery,154
14.338696366404186,56,0,345,599,0,0,0,934,recovery,453
14.405094689921578,56,0,344,600,0,0,0,934,recovery,940
14.419074914884447,56,0,343,601,0,0,0,934,recovery,628
14.428102720241752,55,0,344,601,0,0,0,935,infection,709
14.434077460197791,55,0,343,602,0,0,0,935,recovery,490
14.483682909909872,54,0,344,602,0,0,0,936,infection,748
14.489118531114386,54,0,343,603,0,0,0,936,recovery,807
14.517810253207166,54,0,342,604,0,0,0,936,recovery,742
14.526670225548049,54,0,341,605,0,0,0,936,recovery,507
14.587131739578101,54,0,340,606,0,0,0,936,recovery,602
14.590498355648673,53,0,341,606,0,0,0,937,infection,533
14.63793288129714,53,0,340,607,0,0,0,937,recovery,16
14.649478214863814,52,0,341,607,0,0,0,938,infection,432
14.657072300252054,52,0,340,608,0,0,0,938,recovery,709
14.661230031780567,52,0,339,609,0,0,0,938,recovery,415
14.675600553128064,52,0,338,610,0,0,0,938,recovery,237
14.723861734929665,52,0,337,611,0,0,0,938,recovery,797
14.72599941130602,52,0,336,612,0,0,0,938,recovery,861
14.748762379487431,51,0,337,612,0,0,0,939,infection,987
14.761642764253619,51,0,336,613,0,0,0,939,recovery,296
14.780213283824043,51,0,335,614,0,0,0,939,recovery,585
14.780766087422968,51,0,334,615,0,0,0,939,recovery,288
14.811069705764634,51,0,333,616,0,0,0,939,recovery,956
14.84915810771307,51,0,332,617,0,0,0,939,recovery,991
14.871926198192881,51,0,331,618,0,0,0,939,recovery,89
14.890172565881171,51,0,330,619,0,0,0,939,recovery,434
14.907622890882452,51,0,329,620,0,0,0,939,recovery,844
14.91087855357775,51,0,328,621,0,0,0,939,recovery,872
14.911731655714291,50,0,329,621,0,0,0,940,infection,879
14.964545662480896,50,0,328,622,0,0,0,940,recovery,247
14.973510518254876,50,0,327,623,0,0,0,940,recovery,465
14.979355973724768,50,0,326,624,0,0,0,940,recovery,674
14.98746810319565,50,0,325,625,0,0,0,940,recovery,876
14.994785095786899,49,0,326,625,0,0,0,941,infection,371
15.00832029219165,49,0,325,626,0,0,0,941,recovery,440
15.009216950259209,49,0,324,627,0,0,0,941,recovery,60
15.019760470948494,49,0,323,628,0,0,0,941,recovery,297
15.046598580110548,49,0,322,629,0,0,0,941,recovery,190
15.055688537909898,49,0,321,630,0,0,0,941,recovery,685
15.056417664611214,49,0,320,631,0,0,0,941,recovery,65
15.123244116898455,49,0,319,632,0,0,0,941,recovery,267
15.134303578710742,49,0,318,633,0,0,0,941,recovery,12
15.144808335316085,49,0,317,634,0,0,0,941,recovery,98
15.17129606876736,49,0,316,635,0,0,0,941,recovery,927
15.204402370006903,49,0,315,636,0,0,0,941,recovery,311
15.22046814184765,49,0,314,637,0,0,0,941,recovery,493
15.220859352730068,49,0,313,638,0,0,0,941,recovery,400
15.226825424951395,49,0,312,639,0,0,0,941,recovery,739
15.235130860774904,49,0,311,640,0,0,0,941,recovery,122
15.248195736752361,49,0,310,641,0,0,0,941,recovery,254
15.254755213194535,49,0,309,642,0,0,0,941,recovery,510
15.256551663007421,49,0,308,643,0,0,0,941,recovery,3
15.257698842816485,49,0,307,644,0,0,0,941,recovery,753
15.261193228405043,49,0,306,645,0,0,0,941,recovery,571
15.280243487216616,49,0,305,646,0,0,0,941,recovery,564
15.304262365463568,49,0,304,647,0,0,0,941,recovery,110
15.315617453233887,49,0,303,648,0,0,0,941,recovery,945
15.321051549294909,49,0,302,649,0,0,0,941,recovery,157
15.338592453582297,49,0,301,650,0,0,0,941,recovery,836
15.376792239230141,49,0,300,651,0,0,0,941,recovery,153
15.395338307064307,49,0,299,652,0,0,0,941,recovery,233
15.400791874502648,49,0,298,653,0,0,0,941,recovery,241
15.413651439400379,49,0,297,654,0,0,0,941,recovery,197
15.419251082771858,48,0,298,654,0,0,0,942,infection,505
15.421103247690235,48,0,297,655,0,0,0,942,recovery,458
15.430243659504931,47,0,298,655,0,0,0,943,infection,528
15.467285251037154,47,0,297,656,0,0,0,943,recovery,528
15.467688813690568,47,0,296,657,0,0,0,943,recovery,598
15.49334991126373,47,0,295,658,0,0,0,943,recovery,725
15.514433456905838,47,0,294,659,0,0,0,943,recovery,981
15.520453046172662,47,0,293,660,0,0,0,943,recovery,181
15.532494626382919,47,0,292,661,0,0,0,943,recovery,178
15.532751299311794,47,0,291,662,0,0,0,943,recovery,116
15.532767696022965,47,0,290,663,0,0,0,943,recovery,599
15.565839374782364,47,0,289,664,0,0,0,943,recovery,509
15.567225777683518,47,0,288,665,0,0,0,943,recovery,29
15.580496238080768,46,0,289,665,0,0,0,944,infection,784
15.59669476254162,45,0,290,665,0,0,0,945,infection,135
15.639514278867376,45,0,289,666,0,0,0,945,recovery,362
15.688686337301199,45,0,288,667,0,0,0,945,recovery,115
15.708192869280431,45,0,287,668,0,0,0,945,recovery,438
15.712385759337407,45,0,286,669,0,0,0,945,recovery,150
15.769785816115448,45,0,285,670,0,0,0,945,recovery,536
15.81117885952159,45,0,284,671,0,0,0,945,recovery,228
15.81245458573603,45,0,283,672,0,0,0,945,recovery,90
15.822889298067187,45,0,282,673,0,0,0,945,recovery,108
15.834943676970546,45,0,281,674,0,0,0,945,recovery,862
15.89999022852297,45,0,280,675,0,0,0,945,recovery,457
15.955625434836351,44,0,281,675,0,0,0,946,infection,561
16.035698536425475,44,0,280,676,0,0,0,946,recovery,280
16.03875847620244,44,0,279,677,0,0,0,946,recovery,451
16.058412418541064,44,0,278,678,0,0,0,946,recovery,409
16.091764994894834,43,0,279,678,0,0,0,947,infection,635
16.10447774425474,43,0,278,679,0,0,0,947,recovery,84
16.146182916974183,43,0,277,680,0,0,0,947,recovery,772
16.19883090349227,43,0,276,681,0,0,0,947,recovery,250
16.200209002177765,42,0,277,681,0,0,0,948,infection,428
16.233766714133765,42,0,276,682,0,0,0,948,recovery,319
16.246886623419357,42,0,275,683,0,0,0,948,recovery,166
16.250580290089623,42,0,274,684,0,0,0,948,recovery,597
16.25342642955359,42,0,273,685,0,0,0,948,recovery,941
16.269621786099638,41,0,274,685,0,0,0,949,infection,158
16.3314925192704,41,0,273,686,0,0,0,949,recovery,363
16.333466245470966,41,0,272,687,0,0,0,949,recovery,575
16.334093272281482,41,0,271,688,0,0,0,949,recovery,7
16.335945801134578,41,0,270,689,0,0,0,949,recovery,860
16.336063355601016,41,0,269,690,0,0,0,949,recovery,336
16.34311623860139,41,0,268,691,0,0,0,949,recovery,954
16.349565558946534,41,0,267,692,0,0,0,949,recovery,662
16.354075994081207,41,0,266,693,0,0,0,949,recovery,750
16.361029195555275,41,0,265,694,0,0,0,949,recovery,784
16.390165465859106,41,0,264,695,0,0,0,949,recovery,132
16.410934160681418,40,0,265,695,0,0,0,950,infection,752
16.45068143115242,40,0,264,696,0,0,0,950,recovery,561
16.481102311605063,40,0,263,697,0,0,0,950,recovery,544
16.507715455349917,39,0,264,697,0,0,0,951,infection,379
16.51105145715689,39,0,263,698,0,0,0,951,recovery,428
16.516908084059295,39,0,262,699,0,0,0,951,recovery,112
16.576285070812098,39,0,261,700,0,0,0,951,recovery,292
16.616496107632486,39,0,260,701,0,0,0,951,recovery,988
16.633277712560222,38,0,261,701,0,0,0,952,infection,35
16.649340172143066,38,0,260,702,0,0,0,952,recovery,367
16.666927796521808,37,0,261,702,0,0,0,953,infection,168
16.6670216787461,37,0,260,703,0,0,0,953,recovery,497
16.685831849303046,37,0,259,704,0,0,0,953,recovery,125
16.741106860015478,36,0,260,704,0,0,0,954,infection,975
16.743365587778783,36,0,259,705,0,0,0,954,recovery,511
16.7854748562223,36,0,258,706,0,0,0,954,recovery,158
16.787437768913765,36,0,257,707,0,0,0,954,recovery,397
16.789614526690677,36,0,256,708,0,0,0,954,recovery,68
16.812050997961812,35,0,257,708,0,0,0,955,infection,128
16.829686815405548,35,0,256,709,0,0,0,955,recovery,851
16.837907849829456,35,0,255,710,0,0,0,955,recovery,563
16.8426553317445,35,0,254,711,0,0,0,955,recovery,852
16.86218621692327,34,0,255,711,0,0,0,956,infection,74
16.885372606320942,33,0,256,711,0,0,0,957,infection,43
16.887918551007516,33,0,255,712,0,0,0,957,recovery,422
16.90706457692776,33,0,254,713,0,0,0,957,recovery,735
16.914152706265096,33,0,253,714,0,0,0,957,recovery,506
16.92605120582393,33,0,252,715,0,0,0,957,recovery,951
16.928182382746936,33,0,251,716,0,0,0,957,recovery,880
16.933169042625696,33,0,250,717,0,0,0,957,recovery,282
16.934299582223186,33,0,249,718,0,0,0,957,recovery,819
16.955075313432587,33,0,248,719,0,0,0,957,recovery,396
17.016793601847798,33,0,247,720,0,0,0,957,recovery,461
17.027402518749113,33,0,246,721,0,0,0,957,recovery,812
17.031914515595073,33,0,245,722,0,0,0,957,recovery,195
17.044304130004164,33,0,244,723,0,0,0,957,recovery,892
17.047865706477875,33,0,243,724,0,0,0,957,recovery,141
17.05049411345393,33,0,242,725,0,0,0,957,recovery,794
17.120354873864944,33,0,241,726,0,0,0,957,recovery,659
17.182295663827606,33,0,240,727,0,0,0,957,recovery,675
17.202467557549806,33,0,239,728,0,0,0,957,recovery,283
17.247011072761453,33,0,238,729,0,0,0,957,recovery,433
17.28311492179925,33,0,237,730,0,0,0,957,recovery,537
17.285559407094212,33,0,236,731,0,0,0,957,recovery,620
17.343359202067106,33,0,235,732,0,0,0,957,recovery,107
17.41335267961559,33,0,234,733,0,0,0,957,recovery,569
17.451758378986824,33,0,233,734,0,0,0,957,recovery,32
17.496680281955296,33,0,232,735,0,0,0,957,recovery,687
17.529068706491564,33,0,231,736,0,0,0,957,recovery,324
17.628718425214505,33,0,230,737,0,0,0,957,recovery,968
17.645704617461345,32,0,231,737,0,0,0,958,infection,441
17.68840653391765,32,0,230,738,0,0,0,958,recovery,109
17.6935103148163,32,0,229,739,0,0,0,958,recovery,686
17.704174072980823,32,0,228,740,0,0,0,958,recovery,281
17.731371778430603,32,0,227,741,0,0,0,958,recovery,714
17.73679289318448,32,0,226,742,0,0,0,958,recovery,135
17.737848862519446,31,0,227,742,0,0,0,959,infection,632
17.782360696243565,30,0,228,742,0,0,0,960,infection,45
17.80072416335971,30,0,227,743,0,0,0,960,recovery,805
17.804510236519228,29,0,228,743,0,0,0,961,infection,855
17.81074979701967,29,0,227,744,0,0,0,961,recovery,356
17.853320121914894,29,0,226,745,0,0,0,961,recovery,299
17.85911893894602,29,0,225,746,0,0,0,961,recovery,379
17.869227773225788,29,0,224,747,0,0,0,961,recovery,866
17.92595645024977,29,0,223,748,0,0,0,961,recovery,703
17.929166023239297,29,0,222,749,0,0,0,961,recovery,346
17.93331946973594,29,0,221,750,0,0,0,961,recovery,760
17.937075463711835,29,0,220,751,0,0,0,961,recovery,424
17.940798761925095,29,0,219,752,0,0,0,961,recovery,582
17.943145172238243,29,0,218,753,0,0,0,961,recovery,576
17.96988261303452,29,0,217,754,0,0,0,961,recovery,201
17.986040191619942,29,0,216,755,0,0,0,961,recovery,783
18.02309875198344,28,0,217,755,0,0,0,962,infection,658
18.043913134985736,28,0,216,756,0,0,0,962,recovery,681
18.094947331469136,28,0,215,757,0,0,0,962,recovery,405
18.114655996943082,28,0,214,758,0,0,0,962,recovery,187
18.136620638871726,28,0,213,759,0,0,0,962,recovery,143
18.13918732581009,28,0,212,760,0,0,0,962,recovery,426
18.177516596126374,28,0,211,761,0,0,0,962,recovery,236
18.202952813802415,27,0,212,761,0,0,0,963,infection,530
18.29555472519834,27,0,211,762,0,0,0,963,recovery,690
18.30886631050648,27,0,210,763,0,0,0,963,recovery,869
18.310756693406006,27,0,209,764,0,0,0,963,recovery,934
18.354522319089007,27,0,208,765,0,0,0,963,recovery,185
18.367389703363365,26,0,209,765,0,0,0,964,infection,623
18.368183484932914,26,0,208,766,0,0,0,964,recovery,635
18.371508944624935,26,0,207,767,0,0,0,964,recovery,371
18.4606754986188,26,0,206,768,0,0,0,964,recovery,235
18.487494534226794,26,0,205,769,0,0,0,964,recovery,894
18.514144672863036,26,0,204,770,0,0,0,964,recovery,272
18.521693812752176,26,0,203,771,0,0,0,964,recovery,179
18.534399397980707,26,0,202,772,0,0,0,964,recovery,608
18.543591508036364,26,0,201,773,0,0,0,964,recovery,74
18.553707353657572,26,0,200,774,0,0,0,964,recovery,914
18.67425649212169,26,0,199,775,0,0,0,964,recovery,119
18.70850184364743,26,0,198,776,0,0,0,964,recovery,494
18.75632777128653,26,0,197,777,0,0,0,964,recovery,286
18.814884874508003,26,0,196,778,0,0,0,964,recovery,929
18.841476723325844,25,0,197,778,0,0,0,965,infection,696
18.848287393391445,25,0,196,779,0,0,0,965,recovery,128
18.887987365598804,24,0,197,779,0,0,0,966,infection,339
18.89144119985337,23,0,198,779,0,0,0,967,infection,766
18.918547984070937,23,0,197,780,0,0,0,967,recovery,56
18.923433439289386,23,0,196,781,0,0,0,967,recovery,77
18.981546929294407,22,0,197,781,0,0,0,968,infection,976
19.003733109638226,22,0,196,782,0,0,0,968,recovery,35
19.023183112363775,22,0,195,783,0,0,0,968,recovery,748
19.086717102211782,22,0,194,784,0,0,0,968,recovery,650
19.112504114354238,22,0,193,785,0,0,0,968,recovery,255
19.127197302401633,22,0,192,786,0,0,0,968,recovery,252
19.217589923147976,22,0,191,787,0,0,0,968,recovery,606
19.224202247457225,22,0,190,788,0,0,0,968,recovery,464
19.23147131819327,22,0,189,789,0,0,0,968,recovery,340
19.26091704896463,22,0,188,790,0,0,0,968,recovery,543
19.269662017954502,22,0,187,791,0,0,0,968,recovery,583
19.270150970380627,22,0,186,792,0,0,0,968,recovery,207
19.320348339478862,22,0,185,793,0,0,0,968,recovery,114
19.372550113068172,22,0,184,794,0,0,0,968,recovery,527
19.38888665608721,22,0,183,795,0,0,0,968,recovery,19
19.45911865347472,22,0,182,796,0,0,0,968,recovery,156
19.601096192505935,22,0,181,797,0,0,0,968,recovery,601
19.618628981726516,22,0,180,798,0,0,0,968,recovery,474
19.635203542103532,22,0,179,799,0,0,0,968,recovery,442
19.779674082628095,22,0,178,800,0,0,0,968,recovery,331
19.794786556024405,22,0,177,801,0,0,0,968,recovery,918
19.80008076818855,22,0,176,802,0,0,0,968,recovery,704
19.856221817233244,22,0,175,803,0,0,0,968,recovery,377
20.013863380420954,22,0,174,804,0,0,0,968,recovery,351
20.080157712424647,22,0,173,805,0,0,0,968,recovery,632
20.0912870742463,22,0,172,806,0,0,0,968,recovery,863
20.093567732829527,22,0,171,807,0,0,0,968,recovery,712
20.09378889920977,21,0,172,807,0,0,0,969,infection,717
20.09540989451385,21,0,171,808,0,0,0,969,recovery,471
20.11453202186412,20,0,172,808,0,0,0,970,infection,705
20.12240752243032,20,0,171,809,0,0,0,970,recovery,658
20.129304469622564,20,0,170,810,0,0,0,970,recovery,8
20.173631778426675,20,0,169,811,0,0,0,970,recovery,924
20.191553222975127,19,0,170,811,0,0,0,971,infection,937
20.197132565836768,19,0,169,812,0,0,0,971,recovery,887
20.213253498097274,19,0,168,813,0,0,0,971,recovery,976
20.249538423088623,19,0,167,814,0,0,0,971,recovery,127
20.307440767193903,19,0,166,815,0,0,0,971,recovery,921
20.334656305029227,19,0,165,816,0,0,0,971,recovery,848
20.40846442029859,19,0,164,817,0,0,0,971,recovery,776
20.432993259257735,19,0,163,818,0,0,0,971,recovery,262
20.540455029958043,19,0,162,819,0,0,0,971,recovery,775
20.547211507680768,19,0,161,820,0,0,0,971,recovery,947
20.56151631574997,19,0,160,821,0,0,0,971,recovery,441
20.603429201919976,19,0,159,822,0,0,0,971,recovery,922
20.647379223864952,19,0,158,823,0,0,0,971,recovery,460
20.654973110825985,19,0,157,824,0,0,0,971,recovery,626
20.66239646877485,19,0,156,825,0,0,0,971,recovery,43
20.712461638244758,19,0,155,826,0,0,0,971,recovery,778
20.714643238432583,19,0,154,827,0,0,0,971,recovery,931
20.736035981464383,19,0,153,828,0,0,0,971,recovery,213
20.74925386149,19,0,152,829,0,0,0,971,recovery,83
20.76272793726512,19,0,151,830,0,0,0,971,recovery,147
20.767711758475617,19,0,150,831,0,0,0,971,recovery,729
20.948373865950984,19,0,149,832,0,0,0,971,recovery,965
20.948927994657875,19,0,148,833,0,0,0,971,recovery,432
20.98180334381856,19,0,147,834,0,0,0,971,recovery,258
21.0585216105266,19,0,146,835,0,0,0,971,recovery,850
21.06510248037772,18,0,147,835,0,0,0,972,infection,678
21.21135117750373,18,0,146,836,0,0,0,972,recovery,799
21.21438975634928,18,0,145,837,0,0,0,972,recovery,222
21.28122841827264,18,0,144,838,0,0,0,972,recovery,352
21.383378222981626,18,0,143,839,0,0,0,972,recovery,58
21.47395622652079,18,0,142,840,0,0,0,972,recovery,938
21.480122617213954,18,0,141,841,0,0,0,972,recovery,994
21.482196539684594,18,0,140,842,0,0,0,972,recovery,85
21.56741288741768,18,0,139,843,0,0,0,972,recovery,684
21.575434848761745,18,0,138,844,0,0,0,972,recovery,542
21.64629990862561,18,0,137,845,0,0,0,972,recovery,896
21.736495935999738,18,0,136,846,0,0,0,972,recovery,169
21.83267185328731,17,0,137,846,0,0,0,973,infection,849
21.854572497703582,17,0,136,847,0,0,0,973,recovery,948
21.95508605094693,17,0,135,848,0,0,0,973,recovery,357
22.104625668685564,17,0,134,849,0,0,0,973,recovery,168
22.16284766894053,17,0,133,850,0,0,0,973,recovery,131
22.212554849514802,17,0,132,851,0,0,0,973,recovery,959
22.67450363415533,17,0,131,852,0,0,0,973,recovery,721
22.887518858607635,17,0,130,853,0,0,0,973,recovery,261
22.916303802182174,17,0,129,854,0,0,0,973,recovery,651
23.170868079501176,17,0,128,855,0,0,0,973,recovery,724
23.183109682620156,17,0,127,856,0,0,0,973,recovery,702
23.26874316433132,17,0,126,857,0,0,0,973,recovery,372
23.34874833181295,17,0,125,858,0,0,0,973,recovery,771
23.52808361439577,16,0,126,858,0,0,0,974,infection,881
23.54702936121601,16,0,125,859,0,0,0,974,recovery,469
23.574952936997736,16,0,124,860,0,0,0,974,recovery,825
23.597515134205562,16,0,123,861,0,0,0,974,recovery,533
23.6037567399599,16,0,122,862,0,0,0,974,recovery,171
23.620806121101246,16,0,121,863,0,0,0,974,recovery,879
23.620878274706403,16,0,120,864,0,0,0,974,recovery,897
23.696220925723644,16,0,119,865,0,0,0,974,recovery,782
23.74335133291664,16,0,118,866,0,0,0,974,recovery,421
23.779895419960276,16,0,117,867,0,0,0,974,recovery,720
23.783483615304107,16,0,116,868,0,0,0,974,recovery,653
23.849522906874785,16,0,115,869,0,0,0,974,recovery,546
23.900891914534704,16,0,114,870,0,0,0,974,recovery,105
23.9149416769857,16,0,113,871,0,0,0,974,recovery,789
24.054750143336136,16,0,112,872,0,0,0,974,recovery,610
24.067913259064696,16,0,111,873,0,0,0,974,recovery,698
24.10265538152924,16,0,110,874,0,0,0,974,recovery,855
24.116221651835808,16,0,109,875,0,0,0,974,recovery,923
24.272288544568784,15,0,110,875,0,0,0,975,infection,811
24.40032864581754,15,0,109,876,0,0,0,975,recovery,275
24.462543814000508,15,0,108,877,0,0,0,975,recovery,126
24.529299725859993,15,0,107,878,0,0,0,975,recovery,908
24.660294526333985,15,0,106,879,0,0,0,975,recovery,600
24.75036395927244,15,0,105,880,0,0,0,975,recovery,678
24.862760031149644,14,0,106,880,0,0,0,976,infection,498
24.86934009524974,14,0,105,881,0,0,0,976,recovery,526
24.911498348495435,14,0,104,882,0,0,0,976,recovery,719
24.915394646933485,14,0,103,883,0,0,0,976,recovery,622
24.93120030083149,14,0,102,884,0,0,0,976,recovery,462
24.953647039222062,14,0,101,885,0,0,0,976,recovery,67
25.04313364975433,13,0,102,885,0,0,0,977,infection,338
25.086480220608454,13,0,101,886,0,0,0,977,recovery,580
25.12575374560674,13,0,100,887,0,0,0,977,recovery,847
25.24327388919388,13,0,99,888,0,0,0,977,recovery,314
25.273581949821338,13,0,98,889,0,0,0,977,recovery,849
25.28298450397415,13,0,97,890,0,0,0,977,recovery,447
25.526092923428948,13,0,96,891,0,0,0,977,recovery,180
25.589638067756844,13,0,95,892,0,0,0,977,recovery,539
25.718838896509098,13,0,94,893,0,0,0,977,recovery,594
25.825889243927662,13,0,93,894,0,0,0,977,recovery,937
26.0191914313071,13,0,92,895,0,0,0,977,recovery,24
26.05327072218316,13,0,91,896,0,0,0,977,recovery,634
26.09657492008788,13,0,90,897,0,0,0,977,recovery,483
26.11660699234504,13,0,89,898,0,0,0,977,recovery,203
26.19471607256395,13,0,88,899,0,0,0,977,recovery,214
26.19732930779724,13,0,87,900,0,0,0,977,recovery,786
26.20699712781539,13,0,86,901,0,0,0,977,recovery,679
26.24926337504857,13,0,85,902,0,0,0,977,recovery,104
26.335441671668036,13,0,84,903,0,0,0,977,recovery,672
26.63248621047594,13,0,83,904,0,0,0,977,recovery,647
26.671430899492528,13,0,82,905,0,0,0,977,recovery,766
26.829258799636023,13,0,81,906,0,0,0,977,recovery,1
26.9057359209071,13,0,80,907,0,0,0,977,recovery,623
26.912392486734454,13,0,79,908,0,0,0,977,recovery,73
27.001927233384343,13,0,78,909,0,0,0,977,recovery,717
27.045891623776924,13,0,77,910,0,0,0,977,recovery,853
27.130443186918974,13,0,76,911,0,0,0,977,recovery,881
27.35949495611103,13,0,75,912,0,0,0,977,recovery,186
27.3618010899858,13,0,74,913,0,0,0,977,recovery,962
27.403356645840084,13,0,73,914,0,0,0,977,recovery,655
27.564950784182784,13,0,72,915,0,0,0,977,recovery,752
27.630153398144763,13,0,71,916,0,0,0,977,recovery,486
27.736810385818842,13,0,70,917,0,0,0,977,recovery,364
27.742887037034993,13,0,69,918,0,0,0,977,recovery,688
27.77926007546413,13,0,68,919,0,0,0,977,recovery,117
27.87666939906003,13,0,67,920,0,0,0,977,recovery,338
28.004525323061216,13,0,66,921,0,0,0,977,recovery,312
28.15250860625356,13,0,65,922,0,0,0,977,recovery,170
28.24225515516898,13,0,64,923,0,0,0,977,recovery,96
28.354885759840286,13,0,63,924,0,0,0,977,recovery,664
28.50009941515756,13,0,62,925,0,0,0,977,recovery,456
28.54197858088831,13,0,61,926,0,0,0,977,recovery,300
28.57690208185722,13,0,60,927,0,0,0,977,recovery,360
28.600586590119327,13,0,59,928,0,0,0,977,recovery,485
28.72050353645107,12,0,60,928,0,0,0,978,infection,966
28.73120885631502,12,0,59,929,0,0,0,978,recovery,728
28.74624793281849,12,0,58,930,0,0,0,978,recovery,515
28.797998275703684,12,0,57,931,0,0,0,978,recovery,944
28.818575592467976,11,0,58,931,0,0,0,979,infection,140
28.820282729751533,11,0,57,932,0,0,0,979,recovery,382
28.918789196302633,11,0,56,933,0,0,0,979,recovery,423
28.9229419618373,11,0,55,934,0,0,0,979,recovery,814
28.95287921610533,11,0,54,935,0,0,0,979,recovery,45
28.99387283407082,11,0,53,936,0,0,0,979,recovery,99
29.098009857656976,11,0,52,937,0,0,0,979,recovery,322
29.11435403676522,11,0,51,938,0,0,0,979,recovery,176
29.18145853866849,11,0,50,939,0,0,0,979,recovery,933
29.199292102714224,10,0,51,939,0,0,0,980,infection,192
29.259819267060855,10,0,50,940,0,0,0,980,recovery,540
29.40554756223569,10,0,49,941,0,0,0,980,recovery,91
29.568426841613956,10,0,48,942,0,0,0,980,recovery,966
29.649713853494827,10,0,47,943,0,0,0,980,recovery,293
29.80400736462108,10,0,46,944,0,0,0,980,recovery,26
29.976031066016226,10,0,45,945,0,0,0,980,recovery,444
29.978852469798575,10,0,44,946,0,0,0,980,recovery,781
30.701629632172754,10,0,43,947,0,0,0,980,recovery,404
31.158332700951714,10,0,42,948,0,0,0,980,recovery,66
31.168142786067435,10,0,41,949,0,0,0,980,recovery,630
31.211292572643096,10,0,40,950,0,0,0,980,recovery,245
31.212430540635747,10,0,39,951,0,0,0,980,recovery,192
31.296338007523058,10,0,38,952,0,0,0,980,recovery,912
31.398244072680072,10,0,37,953,0,0,0,980,recovery,806
31.398281462405258,10,0,36,954,0,0,0,980,recovery,779
31.8593251789086,10,0,35,955,0,0,0,980,recovery,269
31.88969537596961,10,0,34,956,0,0,0,980,recovery,567
32.347263679578006,10,0,33,957,0,0,0,980,recovery,273
32.577873106986814,10,0,32,958,0,0,0,980,recovery,838
32.716426692077064,10,0,31,959,0,0,0,980,recovery,268
32.95254978415442,10,0,30,960,0,0,0,980,recovery,498
33.02989242434836,10,0,29,961,0,0,0,980,recovery,809
33.250686942322965,10,0,28,962,0,0,0,980,recovery,320
33.65410743733585,10,0,27,963,0,0,0,980,recovery,337
33.68769006336842,10,0,26,964,0,0,0,980,recovery,339
33.8078730644624,10,0,25,965,0,0,0,980,recovery,518
33.863471356338394,10,0,24,966,0,0,0,980,recovery,811
34.23365799473368,10,0,23,967,0,0,0,980,recovery,76
34.74295788353239,10,0,22,968,0,0,0,980,recovery,530
34.76787675031611,10,0,21,969,0,0,0,980,recovery,140
35.050955398744236,10,0,20,970,0,0,0,980,recovery,332
35.380610077701164,10,0,19,971,0,0,0,980,recovery,42
35.6037784550294,10,0,18,972,0,0,0,980,recovery,975
35.733547835155065,10,0,17,973,0,0,0,980,recovery,705
35.848102371075825,10,0,16,974,0,0,0,980,recovery,505
36.27245944765809,10,0,15,975,0,0,0,980,recovery,366
37.153509387813536,10,0,14,976,0,0,0,980,recovery,30
38.693524182827474,10,0,13,977,0,0,0,980,recovery,545
39.28015604908491,10,0,12,978,0,0,0,980,recovery,94
39.63215512271039,10,0,11,979,0,0,0,980,recovery,982
40.0,10,0,11,979,0,0,0,980,horizon,0
