t,S,E,I,R,births,deaths,vaccinated,infections,event,person
0.0,990,0,10,0,0,0,0,0,initial,0
0.2142322030407875,989,0,11,0,0,0,0,1,infection,942
0.249057496120432,988,0,12,0,0,0,0,2,infection,523
0.29689750656977665,987,0,13,0,0,0,0,3,infection,389
0.31164987161226587,987,0,12,1,0,0,0,3,recovery,523
0.47978349771751383,986,0,13,1,0,0,0,4,infection,888
0.553913112796321,985,0,14,1,0,0,0,5,infection,111
0.6145835380012742,984,0,15,1,0,0,0,6,infection,216
0.6512101914984557,983,0,16,1,0,0,0,7,infection,738
0.6701191230882878,982,0,17,1,0,0,0,8,infection,320
0.6827961706459098,981,0,18,1,0,0,0,9,infection,543
0.7241616079128981,981,0,17,2,0,0,0,9,recovery,996
0.7663606785270314,980,0,18,2,0,0,0,10,infection,529
0.7778077139453534,980,0,17,3,0,0,0,10,recovery,991
0.8631356413114495,979,0,18,3,0,0,0,11,infection,627
0.8860047531844207,978,0,19,3,0,0,0,12,infection,665
0.9330464897401558,977,0,20,3,0,0,0,13,infection,613
0.9510462284502907,976,0,21,3,0,0,0,14,infection,220
0.992278265334144,975,0,22,3,0,0,0,15,infection,353
1.0322478792543848,974,0,23,3,0,0,0,16,infection,853
1.0538135605873198,973,0,24,3,0,0,0,17,infection,985
1.0544944213632863,972,0,25,3,0,0,0,18,infection,747
1.1064219343877455,971,0,26,3,0,0,0,19,infection,640
1.1375068075441523,970,0,27,3,0,0,0,20,infection,568
1.196710638730731,969,0,28,3,0,0,0,21,infection,482
1.2419020506582972,968,0,29,3,0,0,0,22,infection,971
1.2508365839525195,968,0,28,4,0,0,0,22,recovery,992
1.3011250699194215,967,0,29,4,0,0,0,23,infection,388
1.3183455298097426,966,0,30,4,0,0,0,24,infection,75
1.344593603148573,965,0,31,4,0,0,0,25,infection,799
1.3754736078098002,965,0,30,5,0,0,0,25,recovery,216
1.3921250554501647,964,0,31,5,0,0,0,26,infection,456
1.4190062900385911,963,0,32,5,0,0,0,27,infection,338
1.4557434336309314,962,0,33,5,0,0,0,28,infection,857
1.4727247657572824,961,0,34,5,0,0,0,29,infection,434
1.4992954576163324,960,0,35,5,0,0,0,30,infection,118
1.5109099034308502,959,0,36,5,0,0,0,31,infection,473
1.5314985471162965,958,0,37,5,0,0,0,32,infection,798
1.535617522374884,957,0,38,5,0,0,0,33,infection,48
1.567138516588216,956,0,39,5,0,0,0,34,infection,945
1.5775416553765873,955,0,40,5,0,0,0,35,infection,667
1.6009608698574174,954,0,41,5,0,0,0,36,infection,554
1.6074080796372008,953,0,42,5,0,0,0,37,infection,562
1.6109571154336917,952,0,43,5,0,0,0,38,infection,705
1.6124938914636138,951,0,44,5,0,0,0,39,infection,947
1.6214653050921148,950,0,45,5,0,0,0,40,infection,421
1.6468981218376966,949,0,46,5,0,0,0,41,infection,493
1.6558464924780885,948,0,47,5,0,0,0,42,infection,11
1.6871382466317126,947,0,48,5,0,0,0,43,infection,99
1.6875622898722986,946,0,49,5,0,0,0,44,infection,151
1.6905887309225172,946,0,48,6,0,0,0,44,recovery,945
1.6943932257651506,945,0,49,6,0,0,0,45,infection,189
1.696284368932767,944,0,50,6,0,0,0,46,infection,404
1.7278349014773988,943,0,51,6,0,0,0,47,infection,915
1.774466419808383,942,0,52,6,0,0,0,48,infection,565
1.782010432777017,941,0,53,6,0,0,0,49,infection,682
1.8732434231283575,940,0,54,6,0,0,0,50,infection,317
1.8774295135001169,939,0,55,6,0,0,0,51,infection,792
1.8786627165399117,938,0,56,6,0,0,0,52,infection,84
1.895003375887503,937,0,57,6,0,0,0,53,infection,355
1.9029883394488079,936,0,58,6,0,0,0,54,infection,657
1.9268780573135356,935,0,59,6,0,0,0,55,infection,395
1.9561025381682327,934,0,60,6,0,0,0,56,infection,772
1.957488432254441,933,0,61,6,0,0,0,57,infection,229
1.9673176492515163,932,0,62,6,0,0,0,58,infection,359
1.9721411031880733,931,0,63,6,0,0,0,59,infection,960
1.9921897449800394,930,0,64,6,0,0,0,60,infection,717
1.9928938639435247,929,0,65,6,0,0,0,61,infection,767
1.9966293665250352,928,0,66,6,0,0,0,62,infection,660
2.0079333382386166,927,0,67,6,0,0,0,63,infection,177
2.0639634478012554,926,0,68,6,0,0,0,64,infection,430
2.074569206235991,926,0,67,7,0,0,0,64,recovery,389
2.0798813629710553,926,0,66,8,0,0,0,64,recovery,947
2.0808651776137714,925,0,67,8,0,0,0,65,infection,939
2.090128976575116,924,0,68,8,0,0,0,66,infection,589
2.0908804718105563,923,0,69,8,0,0,0,67,infection,557
2.091101058029596,922,0,70,8,0,0,0,68,infection,916
2.0922988796361492,921,0,71,8,0,0,0,69,infection,984
2.100725797632543,920,0,72,8,0,0,0,70,infection,29
2.115382151382848,919,0,73,8,0,0,0,71,infection,332
2.118964160996703,918,0,74,8,0,0,0,72,infection,182
2.128443209580005,917,0,75,8,0,0,0,73,infection,91
2.1346616153000024,916,0,76,8,0,0,0,74,infection,67
2.1487688803849365,915,0,77,8,0,0,0,75,infection,409
2.1866376125176488,915,0,76,9,0,0,0,75,recovery,971
2.1884631764563736,914,0,77,9,0,0,0,76,infection,788
2.1916178664179333,914,0,76,10,0,0,0,76,recovery,995
2.1990839467688006,913,0,77,10,0,0,0,77,infection,809
2.200633472117048,912,0,78,10,0,0,0,78,infection,597
2.208157670706332,911,0,79,10,0,0,0,79,infection,862
2.220714074558884,911,0,78,11,0,0,0,79,recovery,994
2.2262329001813965,911,0,77,12,0,0,0,79,recovery,404
2.236463524469327,910,0,78,12,0,0,0,80,infection,270
2.2435111341087457,909,0,79,12,0,0,0,81,infection,687
2.2510445026826416,909,0,78,13,0,0,0,81,recovery,118
2.263332572787924,909,0,77,14,0,0,0,81,recovery,915
2.272055155838386,909,0,76,15,0,0,0,81,recovery,493
2.276067547220233,908,0,77,15,0,0,0,82,infection,120
2.2994060102317113,908,0,76,16,0,0,0,82,recovery,993
2.3092143813754897,907,0,77,16,0,0,0,83,infection,560
2.318372360901581,906,0,78,16,0,0,0,84,infection,328
2.323339655658904,905,0,79,16,0,0,0,85,infection,314
2.324192986924756,904,0,80,16,0,0,0,86,infection,765
2.3666556513940495,903,0,81,16,0,0,0,87,infection,965
2.387852868549465,902,0,82,16,0,0,0,88,infection,488
2.398470207215654,901,0,83,16,0,0,0,89,infection,179
2.4066412446118273,900,0,84,16,0,0,0,90,infection,641
2.407158095403873,899,0,85,16,0,0,0,91,infection,244
2.42713366628041,898,0,86,16,0,0,0,92,infection,856
2.4567851228190607,897,0,87,16,0,0,0,93,infection,974
2.459587479649273,896,0,88,16,0,0,0,94,infection,835
2.46026257984991,895,0,89,16,0,0,0,95,infection,378
2.4625346476617325,894,0,90,16,0,0,0,96,infection,467
2.466745331078782,893,0,91,16,0,0,0,97,infection,269
2.4822043868061874,892,0,92,16,0,0,0,98,infection,322
2.498203749251385,891,0,93,16,0,0,0,99,infection,619
2.498837002324348,890,0,94,16,0,0,0,100,infection,461
2.5002151978677256,890,0,93,17,0,0,0,100,recovery,772
2.513608471917777,889,0,94,17,0,0,0,101,infection,620
2.523988838030389,888,0,95,17,0,0,0,102,infection,294
2.526022274716329,888,0,94,18,0,0,0,102,recovery,554
2.5309527916700763,887,0,95,18,0,0,0,103,infection,365
2.5338214006889084,886,0,96,18,0,0,0,104,infection,356
2.5339349749889606,885,0,97,18,0,0,0,105,infection,73
2.533935342924225,884,0,98,18,0,0,0,106,infection,744
2.5401424269004558,884,0,97,19,0,0,0,106,recovery,320
2.5432405812155285,883,0,98,19,0,0,0,107,infection,341
2.5623592238989774,882,0,99,19,0,0,0,108,infection,940
2.5639825306577784,881,0,100,19,0,0,0,109,infection,207
2.5745248767321005,880,0,101,19,0,0,0,110,infection,644
2.5787375179164616,879,0,102,19,0,0,0,111,infection,165
2.5991919414502984,878,0,103,19,0,0,0,112,infection,712
2.603411905949833,878,0,102,20,0,0,0,112,recovery,120
2.6222981258847984,877,0,103,20,0,0,0,113,infection,89
2.625058717082377,876,0,104,20,0,0,0,114,infection,380
2.6269199674975474,875,0,105,20,0,0,0,115,infection,973
2.655343256405407,874,0,106,20,0,0,0,116,infection,21
2.6689341454542475,873,0,107,20,0,0,0,117,infection,824
2.6892757550663084,872,0,108,20,0,0,0,118,infection,202
2.6924756400451746,871,0,109,20,0,0,0,119,infection,383
2.7056570051517643,870,0,110,20,0,0,0,120,infection,204
2.7129676643050415,869,0,111,20,0,0,0,121,infection,760
2.7193909515421795,868,0,112,20,0,0,0,122,infection,88
2.7318211289145804,868,0,111,21,0,0,0,122,recovery,482
2.7746605202575303,867,0,112,21,0,0,0,123,infection,703
2.7774202562572574,866,0,113,21,0,0,0,124,infection,801
2.787249106089279,865,0,114,21,0,0,0,125,infection,980
2.7873772452575,864,0,115,21,0,0,0,126,infection,143
2.7935870464551216,863,0,116,21,0,0,0,127,infection,296
2.7947424427249414,862,0,117,21,0,0,0,128,infection,185
2.805930289990492,861,0,118,21,0,0,0,129,infection,802
2.808572562372475,860,0,119,21,0,0,0,130,infection,820
2.8392552181585025,859,0,120,21,0,0,0,131,infection,134
2.8407212411994367,859,0,119,22,0,0,0,131,recovery,703
2.8468883246768337,858,0,120,22,0,0,0,132,infection,18
2.8572754120118633,857,0,121,22,0,0,0,133,infection,128
2.865857111112385,856,0,122,22,0,0,0,134,infection,555
2.8710680152822268,855,0,123,22,0,0,0,135,infection,695
2.8752462549418034,854,0,124,22,0,0,0,136,infection,162
2.906813231725326,853,0,125,22,0,0,0,137,infection,36
2.907588458709342,852,0,126,22,0,0,0,138,infection,684
2.9202449632299117,852,0,125,23,0,0,0,138,recovery,973
2.9203257357267454,851,0,126,23,0,0,0,139,infection,588
2.9267126755804034,850,0,127,23,0,0,0,140,infection,542
2.931449937253349,849,0,128,23,0,0,0,141,infection,413
2.934502175560524,848,0,129,23,0,0,0,142,infection,264
2.9358805041080407,848,0,128,24,0,0,0,142,recovery,682
2.9369518750157453,848,0,127,25,0,0,0,142,recovery,75
2.9377805469373937,847,0,128,25,0,0,0,143,infection,398
2.946681490483382,846,0,129,25,0,0,0,144,infection,846
2.9537865025760333,845,0,130,25,0,0,0,145,infection,414
2.967264203365933,844,0,131,25,0,0,0,146,infection,265
2.9715418925729677,843,0,132,25,0,0,0,147,infection,45
2.974226567014563,842,0,133,25,0,0,0,148,infection,184
2.9792185377685922,841,0,134,25,0,0,0,149,infection,702
2.983739099682694,840,0,135,25,0,0,0,150,infection,551
2.9912973617145284,840,0,134,26,0,0,0,150,recovery,687
2.9974895025164234,839,0,135,26,0,0,0,151,infection,814
3.002111747783137,838,0,136,26,0,0,0,152,infection,719
3.0024115354457352,837,0,137,26,0,0,0,153,infection,127
3.0083378421271227,836,0,138,26,0,0,0,154,infection,427
3.008464557680184,835,0,139,26,0,0,0,155,infection,972
3.0171769993959097,835,0,138,27,0,0,0,155,recovery,294
3.02504587595677,834,0,139,27,0,0,0,156,infection,813
3.0288139558546745,833,0,140,27,0,0,0,157,infection,85
3.044382189697622,832,0,141,27,0,0,0,158,infection,603
3.0572642535699845,831,0,142,27,0,0,0,159,infection,549
3.0676235296888037,830,0,143,27,0,0,0,160,infection,700
3.0686261214087085,829,0,144,27,0,0,0,161,infection,403
3.077986064325552,828,0,145,27,0,0,0,162,infection,990
3.078094745451542,827,0,146,27,0,0,0,163,infection,933
3.088336875923479,827,0,145,28,0,0,0,163,recovery,29
3.0895877998051473,826,0,146,28,0,0,0,164,infection,893
3.0948396273122563,825,0,147,28,0,0,0,165,infection,964
3.111471136935127,824,0,148,28,0,0,0,166,infection,445
3.1223271462243565,823,0,149,28,0,0,0,167,infection,148
3.1298225255015475,822,0,150,28,0,0,0,168,infection,736
3.13174579059615,821,0,151,28,0,0,0,169,infection,240
3.1326196771120145,820,0,152,28,0,0,0,170,infection,401
3.1370793228235914,819,0,153,28,0,0,0,171,infection,638
3.1375223540760837,818,0,154,28,0,0,0,172,infection,513
3.138471705117552,817,0,155,28,0,0,0,173,infection,912
3.138819009632824,817,0,154,29,0,0,0,173,recovery,529
3.140423910501099,816,0,155,29,0,0,0,174,infection,462
3.1420559466429463,815,0,156,29,0,0,0,175,infection,416
3.1555232298501816,814,0,157,29,0,0,0,176,infection,867
3.1714269961756454,813,0,158,29,0,0,0,177,infection,952
3.173204190554827,812,0,159,29,0,0,0,178,infection,968
3.1769240969007875,811,0,160,29,0,0,0,179,infection,699
3.178635179953225,810,0,161,29,0,0,0,180,infection,805
3.1815935297068574,809,0,162,29,0,0,0,181,infection,257
3.1863049822321927,808,0,163,29,0,0,0,182,infection,880
3.1881112632437953,807,0,164,29,0,0,0,183,infection,4
3.1962075687544047,807,0,163,30,0,0,0,183,recovery,73
3.204092921635034,806,0,164,30,0,0,0,184,infection,501
3.2048094734761396,805,0,165,30,0,0,0,185,infection,931
3.2078402288255083,805,0,164,31,0,0,0,185,recovery,388
3.2087331569390587,804,0,165,31,0,0,0,186,infection,919
3.219066192000441,803,0,166,31,0,0,0,187,infection,253
3.2218950509855038,803,0,165,32,0,0,0,187,recovery,985
3.223432854824582,802,0,166,32,0,0,0,188,infection,374
3.223620070527543,801,0,167,32,0,0,0,189,infection,497
3.2312262674409165,800,0,168,32,0,0,0,190,infection,822
3.2341740938928076,800,0,167,33,0,0,0,190,recovery,813
3.238695861347467,799,0,168,33,0,0,0,191,infection,847
3.2482063118394944,798,0,169,33,0,0,0,192,infection,795
3.2719709753793453,797,0,170,33,0,0,0,193,infection,861
3.2765290612684908,796,0,171,33,0,0,0,194,infection,507
3.2774166282683823,795,0,172,33,0,0,0,195,infection,399
3.281846175175752,795,0,171,34,0,0,0,195,recovery,84
3.2846225767092574,795,0,170,35,0,0,0,195,recovery,760
3.288540483484023,794,0,171,35,0,0,0,196,infection,656
3.2949444427458605,793,0,172,35,0,0,0,197,infection,125
3.3030494664250716,792,0,173,35,0,0,0,198,infection,324
3.324703543603503,791,0,174,35,0,0,0,199,infection,263
3.327852849296245,791,0,173,36,0,0,0,199,recovery,18
3.329790928990852,790,0,174,36,0,0,0,200,infection,104
3.3384430914729846,789,0,175,36,0,0,0,201,infection,39
3.346908029051514,788,0,176,36,0,0,0,202,infection,898
3.352028247161906,787,0,177,36,0,0,0,203,infection,195
3.363549423056946,786,0,178,36,0,0,0,204,infection,312
3.411967587543247,785,0,179,36,0,0,0,205,infection,113
3.418876896325389,784,0,180,36,0,0,0,206,infection,368
3.441748968512181,783,0,181,36,0,0,0,207,infection,956
3.444119084268025,782,0,182,36,0,0,0,208,infection,302
3.4503681727832114,781,0,183,36,0,0,0,209,infection,496
3.4571304158782965,780,0,184,36,0,0,0,210,infection,516
3.476298037144345,779,0,185,36,0,0,0,211,infection,357
3.4763427887206935,779,0,184,37,0,0,0,211,recovery,640
3.478862389691797,778,0,185,37,0,0,0,212,infection,102
3.483887196573033,777,0,186,37,0,0,0,213,infection,406
3.4958018975509453,776,0,187,37,0,0,0,214,infection,650
3.501716584327567,775,0,188,37,0,0,0,215,infection,946
3.504635265014488,774,0,189,37,0,0,0,216,infection,384
3.50538198372893,773,0,190,37,0,0,0,217,infection,784
3.5160933329764896,772,0,191,37,0,0,0,218,infection,938
3.5201275597484614,771,0,192,37,0,0,0,219,infection,38
3.5256017593221394,770,0,193,37,0,0,0,220,infection,213
3.5266712374402185,769,0,194,37,0,0,0,221,infection,37
3.5280755285445378,768,0,195,37,0,0,0,222,infection,176
3.529344906396877,767,0,196,37,0,0,0,223,infection,122
3.5338008913079584,766,0,197,37,0,0,0,224,infection,131
3.534634257404071,765,0,198,37,0,0,0,225,infection,498
3.5352496438569325,764,0,199,37,0,0,0,226,infection,187
3.5395329315626824,763,0,200,37,0,0,0,227,infection,674
3.5412390163628973,762,0,201,37,0,0,0,228,infection,841
3.541660515660868,762,0,200,38,0,0,0,228,recovery,699
3.5437678279545053,761,0,201,38,0,0,0,229,infection,451
3.55548788646824,760,0,202,38,0,0,0,230,infection,908
3.5813589270349717,759,0,203,38,0,0,0,231,infection,894
3.5830877292136485,758,0,204,38,0,0,0,232,infection,604
3.595883511583829,757,0,205,38,0,0,0,233,infection,145
3.6078179294272315,756,0,206,38,0,0,0,234,infection,848
3.6084763854856305,756,0,205,39,0,0,0,234,recovery,461
3.6095954957604066,755,0,206,39,0,0,0,235,infection,630
3.6171263596490553,754,0,207,39,0,0,0,236,infection,618
3.6251657871179344,754,0,206,40,0,0,0,236,recovery,641
3.6290265936678066,753,0,207,40,0,0,0,237,infection,816
3.6350761789342507,752,0,208,40,0,0,0,238,infection,308
3.635299045387658,751,0,209,40,0,0,0,239,infection,785
3.6388600230029224,750,0,210,40,0,0,0,240,infection,706
3.6412556271999463,749,0,211,40,0,0,0,241,infection,646
3.6420799575717155,748,0,212,40,0,0,0,242,infection,6
3.643185346331603,747,0,213,40,0,0,0,243,infection,275
3.6434321851511005,746,0,214,40,0,0,0,244,infection,33
3.6470919039523295,745,0,215,40,0,0,0,245,infection,280
3.6490148340569366,744,0,216,40,0,0,0,246,infection,468
3.650473757735767,744,0,215,41,0,0,0,246,recovery,516
3.6589386029897955,743,0,216,41,0,0,0,247,infection,774
3.661369270600075,742,0,217,41,0,0,0,248,infection,950
3.6653133521976837,741,0,218,41,0,0,0,249,infection,139
3.6687475703523247,741,0,217,42,0,0,0,249,recovery,125
3.6699497574319118,740,0,218,42,0,0,0,250,infection,536
3.6699510927118286,739,0,219,42,0,0,0,251,infection,286
3.670659454404966,738,0,220,42,0,0,0,252,infection,495
3.671866672896752,737,0,221,42,0,0,0,253,infection,115
3.6741305623113787,736,0,222,42,0,0,0,254,infection,454
3.6838944242509806,735,0,223,42,0,0,0,255,infection,360
3.6878268666521574,735,0,222,43,0,0,0,255,recovery,861
3.6912221032587156,734,0,223,43,0,0,0,256,infection,977
3.6933009701942043,734,0,222,44,0,0,0,256,recovery,706
3.6946359098468635,734,0,221,45,0,0,0,256,recovery,378
3.7044855254996154,734,0,220,46,0,0,0,256,recovery,263
3.7073162588544535,733,0,221,46,0,0,0,257,infection,622
3.7132134305321247,732,0,222,46,0,0,0,258,infection,272
3.718228428841012,731,0,223,46,0,0,0,259,infection,448
3.7228770515434513,730,0,224,46,0,0,0,260,infection,370
3.7246130104224657,730,0,223,47,0,0,0,260,recovery,788
3.734057336781912,729,0,224,47,0,0,0,261,infection,17
3.739700277762857,729,0,223,48,0,0,0,261,recovery,148
3.741190443047048,728,0,224,48,0,0,0,262,infection,194
3.752082225505469,727,0,225,48,0,0,0,263,infection,566
3.7546377378157008,726,0,226,48,0,0,0,264,infection,836
3.771186613121516,725,0,227,48,0,0,0,265,infection,100
3.771376101542671,724,0,228,48,0,0,0,266,infection,581
3.7864437612618747,723,0,229,48,0,0,0,267,infection,678
3.7940582937318346,722,0,230,48,0,0,0,268,infection,331
3.800314950407401,721,0,231,48,0,0,0,269,infection,173
3.8185113397407155,720,0,232,48,0,0,0,270,infection,550
3.8204382561710264,719,0,233,48,0,0,0,271,infection,790
3.8215401887464004,718,0,234,48,0,0,0,272,infection,394
3.8227227977796785,717,0,235,48,0,0,0,273,infection,776
3.824348211143679,717,0,234,49,0,0,0,273,recovery,940
3.828764794750271,716,0,235,49,0,0,0,274,infection,924
3.8337224429035817,715,0,236,49,0,0,0,275,infection,791
3.8440492577289254,714,0,237,49,0,0,0,276,infection,504
3.858382891914525,713,0,238,49,0,0,0,277,infection,222
3.8607703149026644,712,0,239,49,0,0,0,278,infection,27
3.8612197265208006,712,0,238,50,0,0,0,278,recovery,816
3.865689176760691,711,0,239,50,0,0,0,279,infection,147
3.8718103393010392,711,0,238,51,0,0,0,279,recovery,37
3.8745569555727046,710,0,239,51,0,0,0,280,infection,775
3.8803795160552474,709,0,240,51,0,0,0,281,infection,592
3.889152099835762,708,0,241,51,0,0,0,282,infection,574
3.8989387651374554,707,0,242,51,0,0,0,283,infection,751
3.901010472103356,707,0,241,52,0,0,0,283,recovery,660
3.9039022272474417,706,0,242,52,0,0,0,284,infection,787
3.911438274000289,706,0,241,53,0,0,0,284,recovery,791
3.9163052329421832,705,0,242,53,0,0,0,285,infection,955
3.931886050672223,704,0,243,53,0,0,0,286,infection,842
3.933991618466773,703,0,244,53,0,0,0,287,infection,519
3.9394827180186134,702,0,245,53,0,0,0,288,infection,387
3.9622744715346583,702,0,244,54,0,0,0,288,recovery,143
3.9671142296774446,702,0,243,55,0,0,0,288,recovery,122
3.9723723659773866,701,0,244,55,0,0,0,289,infection,909
3.974457647602286,700,0,245,55,0,0,0,290,infection,5
3.9746274216245645,699,0,246,55,0,0,0,291,infection,236
3.982549331084471,698,0,247,55,0,0,0,292,infection,929
3.98334433212707,697,0,248,55,0,0,0,293,infection,840
3.9859002353708863,696,0,249,55,0,0,0,294,infection,137
3.99199597325022,695,0,250,55,0,0,0,295,infection,889
4.001378658317393,694,0,251,55,0,0,0,296,infection,659
4.006791602587453,694,0,250,56,0,0,0,296,recovery,751
4.010721139191279,693,0,251,56,0,0,0,297,infection,691
4.011572380453843,692,0,252,56,0,0,0,298,infection,133
4.013579701634856,691,0,253,56,0,0,0,299,infection,930
4.016154832230271,691,0,252,57,0,0,0,299,recovery,380
4.024910148317624,690,0,253,57,0,0,0,300,infection,725
4.026594036088785,689,0,254,57,0,0,0,301,infection,245
4.033692986814593,688,0,255,57,0,0,0,302,infection,40
4.034780932346241,687,0,256,57,0,0,0,303,infection,68
4.035050269545921,686,0,257,57,0,0,0,304,infection,31
4.041635226333667,685,0,258,57,0,0,0,305,infection,319
4.045393448627558,684,0,259,57,0,0,0,306,infection,524
4.053108050932392,683,0,260,57,0,0,0,307,infection,716
4.057854009105349,683,0,259,58,0,0,0,307,recovery,355
4.063326207243254,682,0,260,58,0,0,0,308,infection,530
4.069803027403477,681,0,261,58,0,0,0,309,infection,381
4.0698337842012515,680,0,262,58,0,0,0,310,infection,922
4.080588733846432,679,0,263,58,0,0,0,311,infection,170
4.087093793341949,678,0,264,58,0,0,0,312,infection,769
4.087628950008517,677,0,265,58,0,0,0,313,infection,469
4.087981358557904,676,0,266,58,0,0,0,314,infection,7
4.091834336197992,675,0,267,58,0,0,0,315,infection,367
4.101368667633422,674,0,268,58,0,0,0,316,infection,541
4.104395765553519,673,0,269,58,0,0,0,317,infection,651
4.107231675789655,672,0,270,58,0,0,0,318,infection,755
4.108123662191724,672,0,269,59,0,0,0,318,recovery,984
4.108415638044019,672,0,268,60,0,0,0,318,recovery,998
4.1116432198355035,671,0,269,60,0,0,0,319,infection,347
4.113652776592887,670,0,270,60,0,0,0,320,infection,903
4.118361533567962,669,0,271,60,0,0,0,321,infection,71
4.125481820842759,668,0,272,60,0,0,0,322,infection,547
4.127266035034355,667,0,273,60,0,0,0,323,infection,316
4.130919085624497,666,0,274,60,0,0,0,324,infection,711
4.133353661605883,665,0,275,60,0,0,0,325,infection,364
4.133613967529611,664,0,276,60,0,0,0,326,infection,585
4.135276277751079,663,0,277,60,0,0,0,327,infection,450
4.142558033503347,662,0,278,60,0,0,0,328,infection,279
4.144723642178982,661,0,279,60,0,0,0,329,infection,806
4.158818810598226,660,0,280,60,0,0,0,330,infection,273
4.162407814479914,659,0,281,60,0,0,0,331,infection,53
4.1624108953307495,658,0,282,60,0,0,0,332,infection,348
4.173014615200509,658,0,281,61,0,0,0,332,recovery,513
4.173942866806599,657,0,282,61,0,0,0,333,infection,745
4.1778655574888806,656,0,283,61,0,0,0,334,infection,146
4.187118489884306,655,0,284,61,0,0,0,335,infection,595
4.187368172660433,655,0,283,62,0,0,0,335,recovery,403
4.196232987768132,654,0,284,62,0,0,0,336,infection,124
4.197898710537698,653,0,285,62,0,0,0,337,infection,172
4.205586025121635,652,0,286,62,0,0,0,338,infection,344
4.212158791871848,651,0,287,62,0,0,0,339,infection,729
4.216090615644153,651,0,286,63,0,0,0,339,recovery,562
4.220156954800492,651,0,285,64,0,0,0,339,recovery,916
4.222508806242351,650,0,286,64,0,0,0,340,infection,910
4.2280717749674865,649,0,287,64,0,0,0,341,infection,918
4.229703882570114,648,0,288,64,0,0,0,342,infection,891
4.229882605466658,648,0,287,65,0,0,0,342,recovery,939
4.231228242118455,647,0,288,65,0,0,0,343,infection,298
4.233355664637466,646,0,289,65,0,0,0,344,infection,72
4.234922483042049,645,0,290,65,0,0,0,345,infection,849
4.241282484434594,644,0,291,65,0,0,0,346,infection,171
4.248909909764785,643,0,292,65,0,0,0,347,infection,766
4.2526229178085435,643,0,291,66,0,0,0,347,recovery,448
4.25347247457841,642,0,292,66,0,0,0,348,infection,872
4.254826594031952,642,0,291,67,0,0,0,348,recovery,597
4.258084323380844,641,0,292,67,0,0,0,349,infection,587
4.262832871592427,641,0,291,68,0,0,0,349,recovery,938
4.262940446071345,640,0,292,68,0,0,0,350,infection,868
4.266792261646049,639,0,293,68,0,0,0,351,infection,284
4.273050593558068,639,0,292,69,0,0,0,351,recovery,356
4.278969580151007,638,0,293,69,0,0,0,352,infection,680
4.282488104413214,638,0,292,70,0,0,0,352,recovery,765
4.286944315245817,638,0,291,71,0,0,0,352,recovery,595
4.288797008797925,637,0,292,71,0,0,0,353,infection,538
4.289852471805271,636,0,293,71,0,0,0,354,infection,758
4.302867525702778,636,0,292,72,0,0,0,354,recovery,657
4.309652976645863,635,0,293,72,0,0,0,355,infection,304
4.309799600325709,634,0,294,72,0,0,0,356,infection,962
4.310055598350039,633,0,295,72,0,0,0,357,infection,887
4.310084567536228,632,0,296,72,0,0,0,358,infection,412
4.312193787338474,631,0,297,72,0,0,0,359,infection,132
4.3162088313486064,630,0,298,72,0,0,0,360,infection,110
4.319050721581036,629,0,299,72,0,0,0,361,infection,289
4.320315930514376,629,0,298,73,0,0,0,361,recovery,809
4.320502281454262,628,0,299,73,0,0,0,362,infection,948
4.327144930079481,628,0,298,74,0,0,0,362,recovery,146
4.330114682338522,627,0,299,74,0,0,0,363,infection,123
4.3320657682501835,626,0,300,74,0,0,0,364,infection,371
4.337616113473972,626,0,299,75,0,0,0,364,recovery,11
4.3399725850630855,625,0,300,75,0,0,0,365,infection,478
4.3452277493170754,624,0,301,75,0,0,0,366,infection,391
4.349241147373135,623,0,302,75,0,0,0,367,infection,214
4.3521585395020415,622,0,303,75,0,0,0,368,infection,180
4.352981155051039,621,0,304,75,0,0,0,369,infection,153
4.354606747805538,620,0,305,75,0,0,0,370,infection,140
4.358447265822595,619,0,306,75,0,0,0,371,infection,669
4.36378090664223,618,0,307,75,0,0,0,372,infection,796
4.363932835290688,618,0,306,76,0,0,0,372,recovery,952
4.365761677768447,617,0,307,76,0,0,0,373,infection,227
4.3662885264020845,617,0,306,77,0,0,0,373,recovery,338
4.386985643011678,617,0,305,78,0,0,0,373,recovery,36
4.387385625039736,616,0,306,78,0,0,0,374,infection,672
4.387610799480184,616,0,305,79,0,0,0,374,recovery,795
4.394235675706294,615,0,306,79,0,0,0,375,infection,553
4.396924944029854,614,0,307,79,0,0,0,376,infection,778
4.3974487781096245,614,0,306,80,0,0,0,376,recovery,187
4.40421418877424,613,0,307,80,0,0,0,377,infection,201
4.411381975113431,612,0,308,80,0,0,0,378,infection,544
4.4221181208208575,611,0,309,80,0,0,0,379,infection,223
4.4255412475748725,611,0,308,81,0,0,0,379,recovery,147
4.429960973237503,610,0,309,81,0,0,0,380,infection,168
4.430923957365687,609,0,310,81,0,0,0,381,infection,8
4.432063954519292,608,0,311,81,0,0,0,382,infection,159
4.447896580828478,608,0,310,82,0,0,0,382,recovery,805
4.448098631429233,607,0,311,82,0,0,0,383,infection,633
4.450634171946437,606,0,312,82,0,0,0,384,infection,571
4.463365145952416,605,0,313,82,0,0,0,385,infection,539
4.463741457787011,604,0,314,82,0,0,0,386,infection,230
4.464565623333836,603,0,315,82,0,0,0,387,infection,479
4.464671522100334,602,0,316,82,0,0,0,388,infection,749
4.465068028949468,601,0,317,82,0,0,0,389,infection,664
4.470039136926523,601,0,316,83,0,0,0,389,recovery,123
4.470432803675851,600,0,317,83,0,0,0,390,infection,396
4.471511391195529,599,0,318,83,0,0,0,391,infection,900
4.480965787646617,599,0,317,84,0,0,0,391,recovery,273
4.4855796471015745,599,0,316,85,0,0,0,391,recovery,399
4.4941898738645865,598,0,317,85,0,0,0,392,infection,670
4.501761485083152,597,0,318,85,0,0,0,393,infection,248
4.506115891223358,596,0,319,85,0,0,0,394,infection,920
4.506377180366249,595,0,320,85,0,0,0,395,infection,663
4.506918935896887,594,0,321,85,0,0,0,396,infection,723
4.513486196093249,593,0,322,85,0,0,0,397,infection,343
4.5172325076702275,592,0,323,85,0,0,0,398,infection,926
4.520370533985949,591,0,324,85,0,0,0,399,infection,282
4.522090982455771,590,0,325,85,0,0,0,400,infection,869
4.522619188813102,589,0,326,85,0,0,0,401,infection,969
4.529568510604799,588,0,327,85,0,0,0,402,infection,442
4.536984608386005,588,0,326,86,0,0,0,402,recovery,801
4.541154619458718,587,0,327,86,0,0,0,403,infection,429
4.541287426236022,586,0,328,86,0,0,0,404,infection,129
4.546676943383898,585,0,329,86,0,0,0,405,infection,658
4.550005356545798,584,0,330,86,0,0,0,406,infection,19
4.551570119491023,583,0,331,86,0,0,0,407,infection,474
4.553120513012668,582,0,332,86,0,0,0,408,infection,455
4.5582075217919105,581,0,333,86,0,0,0,409,infection,837
4.558951619821087,580,0,334,86,0,0,0,410,infection,158
4.570100465116803,579,0,335,86,0,0,0,411,infection,250
4.571874854891923,578,0,336,86,0,0,0,412,infection,885
4.578437332826032,577,0,337,86,0,0,0,413,infection,506
4.584268838834506,576,0,338,86,0,0,0,414,infection,23
4.587825737477663,575,0,339,86,0,0,0,415,infection,259
4.589330319655728,575,0,338,87,0,0,0,415,recovery,450
4.596605308328312,574,0,339,87,0,0,0,416,infection,14
4.5968255793138475,573,0,340,87,0,0,0,417,infection,325
4.601997810612896,572,0,341,87,0,0,0,418,infection,291
4.60677864616202,572,0,340,88,0,0,0,418,recovery,236
4.621434314091222,571,0,341,88,0,0,0,419,infection,161
4.6234275418390185,571,0,340,89,0,0,0,419,recovery,968
4.628299730663349,570,0,341,89,0,0,0,420,infection,698
4.632806233304776,569,0,342,89,0,0,0,421,infection,981
4.638447963454705,568,0,343,89,0,0,0,422,infection,902
4.638892954242568,567,0,344,89,0,0,0,423,infection,293
4.640221230707024,567,0,343,90,0,0,0,423,recovery,364
4.642172511130464,566,0,344,90,0,0,0,424,infection,16
4.643838080038024,565,0,345,90,0,0,0,425,infection,748
4.645536168806603,564,0,346,90,0,0,0,426,infection,742
4.651139919454526,563,0,347,90,0,0,0,427,infection,896
4.651316652855632,563,0,346,91,0,0,0,427,recovery,497
4.651345650647074,563,0,345,92,0,0,0,427,recovery,972
4.661908907894728,562,0,346,92,0,0,0,428,infection,300
4.662189474777276,561,0,347,92,0,0,0,429,infection,192
4.666916163789629,560,0,348,92,0,0,0,430,infection,685
4.672135033709497,559,0,349,92,0,0,0,431,infection,876
4.672300607731053,558,0,350,92,0,0,0,432,infection,533
4.6726227831266485,558,0,349,93,0,0,0,432,recovery,680
4.684846304273581,558,0,348,94,0,0,0,432,recovery,185
4.685397321334368,557,0,349,94,0,0,0,433,infection,605
4.685717219921228,557,0,348,95,0,0,0,433,recovery,560
4.686585317318755,556,0,349,95,0,0,0,434,infection,734
4.689235612592052,555,0,350,95,0,0,0,435,infection,217
4.690551206308773,554,0,351,95,0,0,0,436,infection,731
4.692245971713351,553,0,352,95,0,0,0,437,infection,422
4.693052889755785,553,0,351,96,0,0,0,437,recovery,656
4.693244303363674,553,0,350,97,0,0,0,437,recovery,151
4.694323091501448,552,0,351,97,0,0,0,438,infection,443
4.6975904626070095,551,0,352,97,0,0,0,439,infection,584
4.714970938489127,550,0,353,97,0,0,0,440,infection,582
4.716147904966201,549,0,354,97,0,0,0,441,infection,878
4.718400892204145,549,0,353,98,0,0,0,441,recovery,903
4.718785186309137,548,0,354,98,0,0,0,442,infection,688
4.719904625932086,547,0,355,98,0,0,0,443,infection,92
4.72060772149237,546,0,356,98,0,0,0,444,infection,617
4.734856014056355,545,0,357,98,0,0,0,445,infection,508
4.735414592956597,545,0,356,99,0,0,0,445,recovery,842
4.736333071938894,544,0,357,99,0,0,0,446,infection,883
4.745828330251811,543,0,358,99,0,0,0,447,infection,334
4.7504295161247,542,0,359,99,0,0,0,448,infection,52
4.755067704675717,541,0,360,99,0,0,0,449,infection,831
4.756437522239464,541,0,359,100,0,0,0,449,recovery,257
4.758996697670323,540,0,360,100,0,0,0,450,infection,390
4.76001831624977,539,0,361,100,0,0,0,451,infection,97
4.761910283520834,538,0,362,100,0,0,0,452,infection,24
4.7708899694700175,537,0,363,100,0,0,0,453,infection,914
4.773077798567174,536,0,364,100,0,0,0,454,infection,433
4.777335453811291,535,0,365,100,0,0,0,455,infection,563
4.778133791078548,534,0,366,100,0,0,0,456,infection,274
4.780216043103085,533,0,367,100,0,0,0,457,infection,466
4.79446966227893,532,0,368,100,0,0,0,458,infection,532
4.795237405679228,531,0,369,100,0,0,0,459,infection,561
4.797393862530513,530,0,370,100,0,0,0,460,infection,420
4.800413837868925,529,0,371,100,0,0,0,461,infection,826
4.800830494768352,528,0,372,100,0,0,0,462,infection,224
4.80138140007268,527,0,373,100,0,0,0,463,infection,98
4.812269375649143,526,0,374,100,0,0,0,464,infection,191
4.812612126943125,525,0,375,100,0,0,0,465,infection,821
4.817831143015695,524,0,376,100,0,0,0,466,infection,57
4.819215395412039,523,0,377,100,0,0,0,467,infection,292
4.825658152859509,522,0,378,100,0,0,0,468,infection,477
4.831140957289907,521,0,379,100,0,0,0,469,infection,484
4.832126807664011,520,0,380,100,0,0,0,470,infection,546
4.834624629140334,519,0,381,100,0,0,0,471,infection,904
4.836713436226702,519,0,380,101,0,0,0,471,recovery,359
4.839295290892265,518,0,381,101,0,0,0,472,infection,487
4.841067796532239,517,0,382,101,0,0,0,473,infection,746
4.84613392258936,516,0,383,101,0,0,0,474,infection,418
4.858627537689047,515,0,384,101,0,0,0,475,infection,521
4.85994225486775,515,0,383,102,0,0,0,475,recovery,902
4.863370494108859,514,0,384,102,0,0,0,476,infection,154
4.866000901902212,513,0,385,102,0,0,0,477,infection,881
4.867559349740171,512,0,386,102,0,0,0,478,infection,242
4.868172965174551,511,0,387,102,0,0,0,479,infection,290
4.872732053041286,510,0,388,102,0,0,0,480,infection,522
4.875770047421047,509,0,389,102,0,0,0,481,infection,718
4.876088386366591,509,0,388,103,0,0,0,481,recovery,421
4.880688381441281,509,0,387,104,0,0,0,481,recovery,89
4.881937855956401,508,0,388,104,0,0,0,482,infection,94
4.882072575603363,508,0,387,105,0,0,0,482,recovery,792
4.884611775403165,507,0,388,105,0,0,0,483,infection,828
4.9001558378943235,506,0,389,105,0,0,0,484,infection,303
4.90832831803103,505,0,390,105,0,0,0,485,infection,570
4.909143880109942,504,0,391,105,0,0,0,486,infection,932
4.912433923578465,503,0,392,105,0,0,0,487,infection,911
4.9135743690237765,502,0,393,105,0,0,0,488,infection,12
4.913949499950287,501,0,394,105,0,0,0,489,infection,70
4.914575517024243,500,0,395,105,0,0,0,490,infection,74
4.92201149057092,499,0,396,105,0,0,0,491,infection,807
4.9270142884936075,498,0,397,105,0,0,0,492,infection,141
4.931188828380354,497,0,398,105,0,0,0,493,infection,435
4.935612958457303,496,0,399,105,0,0,0,494,infection,60
4.936861220637966,495,0,400,105,0,0,0,495,infection,901
4.937192315832562,494,0,401,105,0,0,0,496,infection,564
4.937389897182788,494,0,400,106,0,0,0,496,recovery,705
4.942623276159785,494,0,399,107,0,0,0,496,recovery,154
4.947298221397139,493,0,400,107,0,0,0,497,infection,243
4.953227390375148,492,0,401,107,0,0,0,498,infection,489
4.955714174670121,492,0,400,108,0,0,0,498,recovery,669
4.956983369175389,491,0,401,108,0,0,0,499,infection,621
4.966947508363467,490,0,402,108,0,0,0,500,infection,169
4.969241457083381,490,0,401,109,0,0,0,500,recovery,162
4.969831974444817,489,0,402,109,0,0,0,501,infection,531
4.97431093665032,489,0,401,110,0,0,0,501,recovery,383
4.979892507879672,488,0,402,110,0,0,0,502,infection,323
4.983460346066301,487,0,403,110,0,0,0,503,infection,834
4.98708762357089,487,0,402,111,0,0,0,503,recovery,214
4.989270938696952,486,0,403,111,0,0,0,504,infection,105
4.989936706930721,485,0,404,111,0,0,0,505,infection,944
4.991213903882832,484,0,405,111,0,0,0,506,infection,62
4.992227143315754,483,0,406,111,0,0,0,507,infection,773
5.00119400231873,483,0,405,112,0,0,0,507,recovery,184
5.011569955757903,483,0,404,113,0,0,0,507,recovery,688
5.0174286225238305,482,0,405,113,0,0,0,508,infection,610
5.0210555302244195,482,0,404,114,0,0,0,508,recovery,97
5.024153729968321,481,0,405,114,0,0,0,509,infection,780
5.024375494568112,480,0,406,114,0,0,0,510,infection,601
5.029715196709418,480,0,405,115,0,0,0,510,recovery,413
5.03016536439646,479,0,406,115,0,0,0,511,infection,642
5.040490316931966,478,0,407,115,0,0,0,512,infection,794
5.042369326131568,477,0,408,115,0,0,0,513,infection,50
5.042829281145063,476,0,409,115,0,0,0,514,infection,733
5.049302393670739,476,0,408,116,0,0,0,514,recovery,496
5.054753608623088,475,0,409,116,0,0,0,515,infection,475
5.056788552172639,474,0,410,116,0,0,0,516,infection,569
5.058088850651315,473,0,411,116,0,0,0,517,infection,351
5.060530348493738,472,0,412,116,0,0,0,518,infection,310
5.062476201342321,472,0,411,117,0,0,0,518,recovery,605
5.063103251713008,471,0,412,117,0,0,0,519,infection,342
5.066113929248163,470,0,413,117,0,0,0,520,infection,424
5.067331692867898,469,0,414,117,0,0,0,521,infection,175
5.071859266050412,468,0,415,117,0,0,0,522,infection,307
5.073204177952411,468,0,414,118,0,0,0,522,recovery,549
5.073617494575862,467,0,415,118,0,0,0,523,infection,76
5.074271822431815,466,0,416,118,0,0,0,524,infection,761
5.081807906863972,465,0,417,118,0,0,0,525,infection,423
5.088465468038386,464,0,418,118,0,0,0,526,infection,197
5.091786122955625,464,0,417,119,0,0,0,526,recovery,175
5.093272690872892,464,0,416,120,0,0,0,526,recovery,588
5.096587909896626,463,0,417,120,0,0,0,527,infection,126
5.100108223782367,462,0,418,120,0,0,0,528,infection,696
5.102013411073509,461,0,419,120,0,0,0,529,infection,943
5.114864526275336,460,0,420,120,0,0,0,530,infection,593
5.1241893567162915,460,0,419,121,0,0,0,530,recovery,462
5.127742592555762,460,0,418,122,0,0,0,530,recovery,868
5.152915150928841,460,0,417,123,0,0,0,530,recovery,557
5.156584301358912,460,0,416,124,0,0,0,530,recovery,603
5.158704298303585,459,0,417,124,0,0,0,531,infection,252
5.166030834341457,458,0,418,124,0,0,0,532,infection,415
5.168580311173591,457,0,419,124,0,0,0,533,infection,567
5.169647597009761,456,0,420,124,0,0,0,534,infection,810
5.170527954060875,455,0,421,124,0,0,0,535,infection,683
5.173089298436664,454,0,422,124,0,0,0,536,infection,675
5.176107140755497,453,0,423,124,0,0,0,537,infection,649
5.1772139383538,452,0,424,124,0,0,0,538,infection,505
5.189618315446748,451,0,425,124,0,0,0,539,infection,800
5.190368676215368,450,0,426,124,0,0,0,540,infection,786
5.194225898842959,449,0,427,124,0,0,0,541,infection,882
5.214762886936233,448,0,428,124,0,0,0,542,infection,503
5.215745749741794,447,0,429,124,0,0,0,543,infection,756
5.215783659761363,446,0,430,124,0,0,0,544,infection,673
5.217362465617832,445,0,431,124,0,0,0,545,infection,632
5.219258964709136,445,0,430,125,0,0,0,545,recovery,104
5.2209268664242,444,0,431,125,0,0,0,546,infection,82
5.228125745495991,443,0,432,125,0,0,0,547,infection,957
5.241732322410172,443,0,431,126,0,0,0,547,recovery,52
5.242131115100101,442,0,432,126,0,0,0,548,infection,499
5.2431285816557445,442,0,431,127,0,0,0,548,recovery,542
5.245450609602663,441,0,432,127,0,0,0,549,infection,575
5.245760632835741,440,0,433,127,0,0,0,550,infection,340
5.247528744614251,439,0,434,127,0,0,0,551,infection,63
5.2484561382070645,439,0,433,128,0,0,0,551,recovery,785
5.253324363911705,438,0,434,128,0,0,0,552,infection,600
5.2554095630104385,438,0,433,129,0,0,0,552,recovery,286
5.260518161958023,437,0,434,129,0,0,0,553,infection,49
5.260650919089291,436,0,435,129,0,0,0,554,infection,358
5.262775190794679,435,0,436,129,0,0,0,555,infection,720
5.268281357351764,434,0,437,129,0,0,0,556,infection,419
5.282946260613881,434,0,436,130,0,0,0,556,recovery,521
5.292414785556639,433,0,437,130,0,0,0,557,infection,237
5.292808869806966,433,0,436,131,0,0,0,557,recovery,259
5.305533699815575,432,0,437,131,0,0,0,558,infection,481
5.309083522546996,431,0,438,131,0,0,0,559,infection,59
5.3108283306424955,430,0,439,131,0,0,0,560,infection,186
5.311069350672551,429,0,440,131,0,0,0,561,infection,750
5.313840328879545,428,0,441,131,0,0,0,562,infection,47
5.317746543546209,427,0,442,131,0,0,0,563,infection,150
5.319771196895437,427,0,441,132,0,0,0,563,recovery,674
5.3226013813650175,426,0,442,132,0,0,0,564,infection,287
5.323723658397259,425,0,443,132,0,0,0,565,infection,509
5.325090239340676,425,0,442,133,0,0,0,565,recovery,272
5.327226123054404,424,0,443,133,0,0,0,566,infection,598
5.327953651930126,423,0,444,133,0,0,0,567,infection,514
5.335226523154489,422,0,445,133,0,0,0,568,infection,426
5.347543708514671,421,0,446,133,0,0,0,569,infection,193
5.3493126413625935,421,0,445,134,0,0,0,569,recovery,396
5.3530873847107845,420,0,446,134,0,0,0,570,infection,844
5.353813240597986,419,0,447,134,0,0,0,571,infection,953
5.355000305334823,419,0,446,135,0,0,0,571,recovery,381
5.361113272099432,418,0,447,135,0,0,0,572,infection,258
5.3677516777954555,417,0,448,135,0,0,0,573,infection,203
5.375837483130078,416,0,449,135,0,0,0,574,infection,873
5.379479231959465,415,0,450,135,0,0,0,575,infection,897
5.3802331159883305,414,0,451,135,0,0,0,576,infection,345
5.380972013239407,413,0,452,135,0,0,0,577,infection,309
5.393567920032184,412,0,453,135,0,0,0,578,infection,608
5.394785456494854,411,0,454,135,0,0,0,579,infection,385
5.396025379820602,410,0,455,135,0,0,0,580,infection,354
5.403265292543954,409,0,456,135,0,0,0,581,infection,369
5.405523196113121,409,0,455,136,0,0,0,581,recovery,806
5.407711712414108,408,0,456,136,0,0,0,582,infection,779
5.408478190604792,407,0,457,136,0,0,0,583,infection,79
5.411142764635894,406,0,458,136,0,0,0,584,infection,65
5.420617901875316,406,0,457,137,0,0,0,584,recovery,170
5.424444471908757,405,0,458,137,0,0,0,585,infection,852
5.431788648011999,404,0,459,137,0,0,0,586,infection,157
5.435665879794518,403,0,460,137,0,0,0,587,infection,535
5.449621803324971,402,0,461,137,0,0,0,588,infection,281
5.450276857043709,401,0,462,137,0,0,0,589,infection,728
5.457679051885739,401,0,461,138,0,0,0,589,recovery,298
5.459157791329725,400,0,462,138,0,0,0,590,infection,596
5.462953801325623,399,0,463,138,0,0,0,591,infection,262
5.480806684363304,398,0,464,138,0,0,0,592,infection,692
5.483292514643515,397,0,465,138,0,0,0,593,infection,875
5.486125852212314,397,0,464,139,0,0,0,593,recovery,844
5.488691964574053,397,0,463,140,0,0,0,593,recovery,422
5.490069514079569,396,0,464,140,0,0,0,594,infection,107
5.490748599328946,395,0,465,140,0,0,0,595,infection,892
5.4923320004594975,394,0,466,140,0,0,0,596,infection,267
5.496983792024137,393,0,467,140,0,0,0,597,infection,393
5.496995038839863,392,0,468,140,0,0,0,598,infection,333
5.499310334365413,392,0,467,141,0,0,0,598,recovery,787
5.500164971109759,391,0,468,141,0,0,0,599,infection,149
5.518748306455644,390,0,469,141,0,0,0,600,infection,336
5.5206491724715745,390,0,468,142,0,0,0,600,recovery,325
5.521200539421216,389,0,469,142,0,0,0,601,infection,215
5.521823043860935,388,0,470,142,0,0,0,602,infection,228
5.524275229756339,387,0,471,142,0,0,0,603,infection,142
5.528153085451102,386,0,472,142,0,0,0,604,infection,527
5.5313525086494915,385,0,473,142,0,0,0,605,infection,210
5.531411974024121,384,0,474,142,0,0,0,606,infection,54
5.532540476870268,383,0,475,142,0,0,0,607,infection,743
5.53410293355106,382,0,476,142,0,0,0,608,infection,694
5.53582255293864,381,0,477,142,0,0,0,609,infection,405
5.538555915025359,380,0,478,142,0,0,0,610,infection,246
5.5465844688049835,380,0,477,143,0,0,0,610,recovery,39
5.551313071468171,379,0,478,143,0,0,0,611,infection,614
5.552192411693132,378,0,479,143,0,0,0,612,infection,226
5.552535072079596,377,0,480,143,0,0,0,613,infection,130
5.556820879998986,377,0,479,144,0,0,0,613,recovery,981
5.558586291470913,377,0,478,145,0,0,0,613,recovery,348
5.564283796437313,376,0,479,145,0,0,0,614,infection,30
5.581641087883765,375,0,480,145,0,0,0,615,infection,935
5.587866939334385,374,0,481,145,0,0,0,616,infection,759
5.591309233667349,373,0,482,145,0,0,0,617,infection,136
5.591806438458128,373,0,481,146,0,0,0,617,recovery,598
5.597502224882125,372,0,482,146,0,0,0,618,infection,425
5.598655026645992,372,0,481,147,0,0,0,618,recovery,933
5.599873325718489,371,0,482,147,0,0,0,619,infection,966
5.602023242768409,370,0,483,147,0,0,0,620,infection,167
5.604448326413436,369,0,484,147,0,0,0,621,infection,346
5.607113788635386,369,0,483,148,0,0,0,621,recovery,347
5.610117726444866,369,0,482,149,0,0,0,621,recovery,317
5.623741064898143,368,0,483,149,0,0,0,622,infection,366
5.624253845879184,367,0,484,149,0,0,0,623,infection,730
5.627354002485496,366,0,485,149,0,0,0,624,infection,42
5.630863233011042,365,0,486,149,0,0,0,625,infection,241
5.631580051413222,364,0,487,149,0,0,0,626,infection,160
5.635917077995435,364,0,486,150,0,0,0,626,recovery,307
5.636415374611453,364,0,485,151,0,0,0,626,recovery,932
5.636790866294027,363,0,486,151,0,0,0,627,infection,234
5.639695413159685,362,0,487,151,0,0,0,628,infection,951
5.641379602933653,361,0,488,151,0,0,0,629,infection,178
5.64154079679364,360,0,489,151,0,0,0,630,infection,832
5.647880938754336,360,0,488,152,0,0,0,630,recovery,131
5.655276656486298,359,0,489,152,0,0,0,631,infection,256
5.6560517786267805,358,0,490,152,0,0,0,632,infection,417
5.661630165821411,358,0,489,153,0,0,0,632,recovery,70
5.6674167560218205,357,0,490,153,0,0,0,633,infection,64
5.667723573096299,356,0,491,153,0,0,0,634,infection,511
5.682241077687108,356,0,490,154,0,0,0,634,recovery,649
5.69004190698701,355,0,491,154,0,0,0,635,infection,181
5.691406011092591,355,0,490,155,0,0,0,635,recovery,563
5.693096708400634,354,0,491,155,0,0,0,636,infection,138
5.693603832252519,353,0,492,155,0,0,0,637,infection,576
5.694844202515434,353,0,491,156,0,0,0,637,recovery,393
5.6970206161897,352,0,492,156,0,0,0,638,infection,108
5.69918067038214,351,0,493,156,0,0,0,639,infection,690
5.700443153189058,350,0,494,156,0,0,0,640,infection,526
5.704158051719134,349,0,495,156,0,0,0,641,infection,225
5.705784700414846,349,0,494,157,0,0,0,641,recovery,100
5.708253258876929,348,0,495,157,0,0,0,642,infection,34
5.71825901304464,347,0,496,157,0,0,0,643,infection,480
5.723635639054969,346,0,497,157,0,0,0,644,infection,69
5.727072752007783,346,0,496,158,0,0,0,644,recovery,430
5.730012967803456,345,0,497,158,0,0,0,645,infection,198
5.748827977627598,344,0,498,158,0,0,0,646,infection,183
5.757972102087523,344,0,497,159,0,0,0,646,recovery,94
5.75927283282448,343,0,498,159,0,0,0,647,infection,155
5.759948667979055,342,0,499,159,0,0,0,648,infection,206
5.761968402883923,341,0,500,159,0,0,0,649,infection,701
5.762767871319068,340,0,501,159,0,0,0,650,infection,337
5.763315271866211,339,0,502,159,0,0,0,651,infection,77
5.775253003343796,338,0,503,159,0,0,0,652,infection,386
5.7861511767712255,338,0,502,160,0,0,0,652,recovery,309
5.786851866896574,337,0,503,160,0,0,0,653,infection,80
5.787480570578989,336,0,504,160,0,0,0,654,infection,375
5.787960427715098,336,0,503,161,0,0,0,654,recovery,738
5.80063364868657,335,0,504,161,0,0,0,655,infection,975
5.800676771439394,334,0,505,161,0,0,0,656,infection,15
5.806025902222731,333,0,506,161,0,0,0,657,infection,954
5.816564530724481,332,0,507,161,0,0,0,658,infection,552
5.822504719231057,331,0,508,161,0,0,0,659,infection,629
5.82839102184777,331,0,507,162,0,0,0,659,recovery,367
5.841948728825053,330,0,508,162,0,0,0,660,infection,907
5.85088499901235,329,0,509,162,0,0,0,661,infection,311
5.854896805991142,328,0,510,162,0,0,0,662,infection,502
5.85676189510973,327,0,511,162,0,0,0,663,infection,441
5.8583588894062375,326,0,512,162,0,0,0,664,infection,653
5.864831693887109,325,0,513,162,0,0,0,665,infection,797
5.87065778763421,324,0,514,162,0,0,0,666,infection,609
5.873911333393645,323,0,515,162,0,0,0,667,infection,190
5.875546204917685,322,0,516,162,0,0,0,668,infection,305
5.876880858819241,322,0,515,163,0,0,0,668,recovery,550
5.880950294238286,322,0,514,164,0,0,0,668,recovery,767
5.881164689478645,321,0,515,164,0,0,0,669,infection,219
5.88223915214868,320,0,516,164,0,0,0,670,infection,349
5.887698133723578,320,0,515,165,0,0,0,670,recovery,180
5.89077705750479,319,0,516,165,0,0,0,671,infection,829
5.893351795096966,318,0,517,165,0,0,0,672,infection,616
5.895589793648003,318,0,516,166,0,0,0,672,recovery,571
5.9042865702016165,317,0,517,166,0,0,0,673,infection,866
5.9057821434009705,317,0,516,167,0,0,0,673,recovery,256
5.908490960269888,317,0,515,168,0,0,0,673,recovery,922
5.909639860212314,316,0,516,168,0,0,0,674,infection,297
5.917265871395504,316,0,515,169,0,0,0,674,recovery,775
5.918449026630049,316,0,514,170,0,0,0,674,recovery,508
5.925609934682922,316,0,513,171,0,0,0,674,recovery,533
5.9265588134913205,315,0,514,171,0,0,0,675,infection,510
5.929706750659754,315,0,513,172,0,0,0,675,recovery,150
5.934061580178234,314,0,514,172,0,0,0,676,infection,709
5.93601036920478,314,0,513,173,0,0,0,676,recovery,900
5.938544867952193,313,0,514,173,0,0,0,677,infection,447
5.938727900427775,312,0,515,173,0,0,0,678,infection,777
5.93934771332007,311,0,516,173,0,0,0,679,infection,877
5.940533564477598,310,0,517,173,0,0,0,680,infection,949
5.94115244111699,310,0,516,174,0,0,0,680,recovery,759
5.941560965976153,309,0,517,174,0,0,0,681,infection,221
5.943372589936058,308,0,518,174,0,0,0,682,infection,500
5.946275857653839,307,0,519,174,0,0,0,683,infection,983
5.949493346773451,306,0,520,174,0,0,0,684,infection,326
5.952813095781384,306,0,519,175,0,0,0,684,recovery,585
5.957435440139384,305,0,520,175,0,0,0,685,infection,58
5.962253014027177,304,0,521,175,0,0,0,686,infection,218
5.967255085417223,303,0,522,175,0,0,0,687,infection,329
5.96775871482705,302,0,523,175,0,0,0,688,infection,200
5.967953990957588,301,0,524,175,0,0,0,689,infection,668
5.968550269542259,301,0,523,176,0,0,0,689,recovery,519
5.973111729096296,300,0,524,176,0,0,0,690,infection,135
5.9839475027513975,300,0,523,177,0,0,0,690,recovery,213
6.004338464579526,299,0,524,177,0,0,0,691,infection,361
6.00485646436887,298,0,525,177,0,0,0,692,infection,937
6.014398533791464,298,0,524,178,0,0,0,692,recovery,897
6.015201827526306,298,0,523,179,0,0,0,692,recovery,663
6.023851723841616,298,0,522,180,0,0,0,692,recovery,157
6.035915910868425,298,0,521,181,0,0,0,692,recovery,443
6.041690745585754,297,0,522,181,0,0,0,693,infection,634
6.054684324260568,297,0,521,182,0,0,0,693,recovery,780
6.057541387332336,296,0,522,182,0,0,0,694,infection,781
6.0610180564623075,295,0,523,182,0,0,0,695,infection,10
6.064608301425538,294,0,524,182,0,0,0,696,infection,490
6.065173013592457,293,0,525,182,0,0,0,697,infection,732
6.065324664293167,293,0,524,183,0,0,0,697,recovery,569
6.074777550103212,293,0,523,184,0,0,0,697,recovery,511
6.077482851088127,292,0,524,184,0,0,0,698,infection,839
6.077948055096604,292,0,523,185,0,0,0,698,recovery,308
6.079986934281259,291,0,524,185,0,0,0,699,infection,372
6.082347823209946,290,0,525,185,0,0,0,700,infection,61
6.0863073656062925,289,0,526,185,0,0,0,701,infection,476
6.087342981556504,288,0,527,185,0,0,0,702,infection,559
6.087882469305815,287,0,528,185,0,0,0,703,infection,114
6.089281580438059,287,0,527,186,0,0,0,703,recovery,999
6.090023458132055,286,0,528,186,0,0,0,704,infection,528
6.0936623442190445,286,0,527,187,0,0,0,704,recovery,405
6.100870213747776,285,0,528,187,0,0,0,705,infection,205
6.106266172593386,284,0,529,187,0,0,0,706,infection,643
6.115766529276507,283,0,530,187,0,0,0,707,infection,271
6.116874925899696,282,0,531,187,0,0,0,708,infection,439
6.127331493803905,282,0,530,188,0,0,0,708,recovery,7
6.140343944270366,281,0,531,188,0,0,0,709,infection,737
6.141014197540386,280,0,532,188,0,0,0,710,infection,925
6.143813727438587,280,0,531,189,0,0,0,710,recovery,230
6.151238463013129,279,0,532,189,0,0,0,711,infection,708
6.154671902470938,278,0,533,189,0,0,0,712,infection,762
6.159106991554086,277,0,534,189,0,0,0,713,infection,628
6.160850976963608,276,0,535,189,0,0,0,714,infection,681
6.167460943680813,275,0,536,189,0,0,0,715,infection,318
6.174801026771896,275,0,535,190,0,0,0,715,recovery,552
6.178339254372011,275,0,534,191,0,0,0,715,recovery,889
6.181885303527773,274,0,535,191,0,0,0,716,infection,103
6.187802061148798,273,0,536,191,0,0,0,717,infection,363
6.187871260693471,272,0,537,191,0,0,0,718,infection,884
6.192495590207249,272,0,536,192,0,0,0,718,recovery,576
6.193957700646228,271,0,537,192,0,0,0,719,infection,635
6.195452549934574,270,0,538,192,0,0,0,720,infection,472
6.200991002572529,270,0,537,193,0,0,0,720,recovery,219
6.201802881984572,269,0,538,193,0,0,0,721,infection,793
6.204117023026424,269,0,537,194,0,0,0,721,recovery,23
6.209983445741795,268,0,538,194,0,0,0,722,infection,87
6.210841298098384,267,0,539,194,0,0,0,723,infection,313
6.214725061187151,266,0,540,194,0,0,0,724,infection,625
6.223064813670464,265,0,541,194,0,0,0,725,infection,626
6.226894925509354,264,0,542,194,0,0,0,726,infection,556
6.229018112790554,263,0,543,194,0,0,0,727,infection,249
6.229139436858684,262,0,544,194,0,0,0,728,infection,735
6.231957606587872,261,0,545,194,0,0,0,729,infection,379
6.23554167017902,260,0,546,194,0,0,0,730,infection,662
6.239577979526839,260,0,545,195,0,0,0,730,recovery,129
6.243157921020547,259,0,546,195,0,0,0,731,infection,865
6.248853980927306,259,0,545,196,0,0,0,731,recovery,401
6.252021320672383,258,0,546,196,0,0,0,732,infection,411
6.2535532606750825,257,0,547,196,0,0,0,733,infection,174
6.257521494866503,256,0,548,196,0,0,0,734,infection,859
6.259261459450375,256,0,547,197,0,0,0,734,recovery,885
6.2606983700994885,256,0,546,198,0,0,0,734,recovery,822
6.260878314228928,255,0,547,198,0,0,0,735,infection,963
6.263852261032564,254,0,548,198,0,0,0,736,infection,96
6.264410579195768,253,0,549,198,0,0,0,737,infection,850
6.266012781422054,252,0,550,198,0,0,0,738,infection,235
6.267054616645303,251,0,551,198,0,0,0,739,infection,278
6.274435980163128,251,0,550,199,0,0,0,739,recovery,62
6.276098039371533,250,0,551,199,0,0,0,740,infection,373
6.280324289040071,249,0,552,199,0,0,0,741,infection,470
6.2814268304421885,249,0,551,200,0,0,0,741,recovery,435
6.281427360308227,248,0,552,200,0,0,0,742,infection,812
6.28567539285556,247,0,553,200,0,0,0,743,infection,212
6.289435902030348,247,0,552,201,0,0,0,743,recovery,630
6.296618460304069,247,0,551,202,0,0,0,743,recovery,58
6.299821245980532,246,0,552,202,0,0,0,744,infection,606
6.3143607403273005,246,0,551,203,0,0,0,744,recovery,331
6.317027804503183,245,0,552,203,0,0,0,745,infection,112
6.317744771945135,244,0,553,203,0,0,0,746,infection,239
6.3237886694399545,243,0,554,203,0,0,0,747,infection,572
6.333666463336847,242,0,555,203,0,0,0,748,infection,101
6.33658176259214,241,0,556,203,0,0,0,749,infection,752
6.338612114468233,240,0,557,203,0,0,0,750,infection,376
6.348565967666097,240,0,556,204,0,0,0,750,recovery,375
6.363386616732659,239,0,557,204,0,0,0,751,infection,288
6.368597934288843,238,0,558,204,0,0,0,752,infection,463
6.3721911026118265,237,0,559,204,0,0,0,753,infection,449
6.377996727757434,236,0,560,204,0,0,0,754,infection,727
6.388468174681742,236,0,559,205,0,0,0,754,recovery,824
6.396744107202978,235,0,560,205,0,0,0,755,infection,260
6.400463318079419,235,0,559,206,0,0,0,755,recovery,280
6.402481548524229,234,0,560,206,0,0,0,756,infection,491
6.403755561180635,234,0,559,207,0,0,0,756,recovery,467
6.410196657350439,233,0,560,207,0,0,0,757,infection,976
6.410489670120779,232,0,561,207,0,0,0,758,infection,402
6.412602759980905,232,0,560,208,0,0,0,758,recovery,203
6.413779498037632,232,0,559,209,0,0,0,758,recovery,882
6.423092818864576,231,0,560,209,0,0,0,759,infection,833
6.429738665612469,231,0,559,210,0,0,0,759,recovery,14
6.431267709947903,230,0,560,210,0,0,0,760,infection,927
6.441763594010183,230,0,559,211,0,0,0,760,recovery,290
6.449456995356844,230,0,558,212,0,0,0,760,recovery,250
6.450400029597238,229,0,559,212,0,0,0,761,infection,636
6.458116103527326,229,0,558,213,0,0,0,761,recovery,835
6.4684933523045105,228,0,559,213,0,0,0,762,infection,639
6.470536957956001,227,0,560,213,0,0,0,763,infection,817
6.476677966738163,226,0,561,213,0,0,0,764,infection,56
6.47833214463395,226,0,560,214,0,0,0,764,recovery,491
6.487436013301588,225,0,561,214,0,0,0,765,infection,464
6.488756932930989,224,0,562,214,0,0,0,766,infection,208
6.490627088893077,223,0,563,214,0,0,0,767,infection,43
6.491754690685904,222,0,564,214,0,0,0,768,infection,623
6.494554544361911,222,0,563,215,0,0,0,768,recovery,74
6.494692496250549,221,0,564,215,0,0,0,769,infection,20
6.496491278759187,221,0,563,216,0,0,0,769,recovery,145
6.503857364075528,220,0,564,216,0,0,0,770,infection,382
6.505207594329775,220,0,563,217,0,0,0,770,recovery,544
6.50966715510302,219,0,564,217,0,0,0,771,infection,624
6.512291648432937,219,0,563,218,0,0,0,771,recovery,701
6.513622589899749,219,0,562,219,0,0,0,771,recovery,582
6.514931546774935,219,0,561,220,0,0,0,771,recovery,291
6.52604971888023,218,0,562,220,0,0,0,772,infection,518
6.526668563802373,217,0,563,220,0,0,0,773,infection,95
6.527172955372456,216,0,564,220,0,0,0,774,infection,46
6.52765254426218,216,0,563,221,0,0,0,774,recovery,746
6.5314066993896205,215,0,564,221,0,0,0,775,infection,121
6.536816153508272,214,0,565,221,0,0,0,776,infection,9
6.538872336817574,213,0,566,221,0,0,0,777,infection,164
6.540166562478232,212,0,567,221,0,0,0,778,infection,408
6.550727167476642,211,0,568,221,0,0,0,779,infection,804
6.552734592537074,210,0,569,221,0,0,0,780,infection,679
6.556362901988696,209,0,570,221,0,0,0,781,infection,803
6.56640066489142,208,0,571,221,0,0,0,782,infection,458
6.5703334333858106,207,0,572,221,0,0,0,783,infection,858
6.570709636814419,207,0,571,222,0,0,0,783,recovery,872
6.573128427714002,206,0,572,222,0,0,0,784,infection,689
6.575238258040786,205,0,573,222,0,0,0,785,infection,874
6.577885104828454,204,0,574,222,0,0,0,786,infection,152
6.5820141936405765,204,0,573,223,0,0,0,786,recovery,429
6.588759035026275,203,0,574,223,0,0,0,787,infection,879
6.602816002958027,203,0,573,224,0,0,0,787,recovery,142
6.605758703969189,202,0,574,224,0,0,0,788,infection,276
6.614165034935394,201,0,575,224,0,0,0,789,infection,612
6.621475914760588,200,0,576,224,0,0,0,790,infection,578
6.630132384480836,200,0,575,225,0,0,0,790,recovery,927
6.631900069001956,200,0,574,226,0,0,0,790,recovery,873
6.632674422440201,199,0,575,226,0,0,0,791,infection,905
6.63474448993661,199,0,574,227,0,0,0,791,recovery,541
6.635893278133372,198,0,575,227,0,0,0,792,infection,109
6.6401043546026965,198,0,574,228,0,0,0,792,recovery,807
6.641058563920355,198,0,573,229,0,0,0,792,recovery,761
6.654367765662769,198,0,572,230,0,0,0,792,recovery,658
6.656451674026558,197,0,573,230,0,0,0,793,infection,44
6.658825594303318,196,0,574,230,0,0,0,794,infection,825
6.6604767824795905,196,0,573,231,0,0,0,794,recovery,628
6.668252751673568,195,0,574,231,0,0,0,795,infection,460
6.67040627050325,194,0,575,231,0,0,0,796,infection,917
6.670855276690967,193,0,576,231,0,0,0,797,infection,410
6.6719604261777885,192,0,577,231,0,0,0,798,infection,144
6.673242178878253,192,0,576,232,0,0,0,798,recovery,38
6.675182832558031,192,0,575,233,0,0,0,798,recovery,840
6.678388556419174,192,0,574,234,0,0,0,798,recovery,124
6.679555297062204,191,0,575,234,0,0,0,799,infection,446
6.680212469852488,191,0,574,235,0,0,0,799,recovery,488
6.683409771605462,190,0,575,235,0,0,0,800,infection,377
6.693060378542768,189,0,576,235,0,0,0,801,infection,676
6.696478873818479,188,0,577,235,0,0,0,802,infection,350
6.6995385709572375,188,0,576,236,0,0,0,802,recovery,374
6.706205714757322,188,0,575,237,0,0,0,802,recovery,153
6.711069190106604,187,0,576,237,0,0,0,803,infection,397
6.712313073606116,186,0,577,237,0,0,0,804,infection,261
6.713293009684225,185,0,578,237,0,0,0,805,infection,722
6.713741545108333,184,0,579,237,0,0,0,806,infection,707
6.719603316507336,184,0,578,238,0,0,0,806,recovery,50
6.719746672362766,184,0,577,239,0,0,0,806,recovery,27
6.720077909436294,184,0,576,240,0,0,0,806,recovery,451
6.725875987943159,183,0,577,240,0,0,0,807,infection,525
6.725991148870331,182,0,578,240,0,0,0,808,infection,66
6.735038839688151,181,0,579,240,0,0,0,809,infection,961
6.742948783338763,181,0,578,241,0,0,0,809,recovery,108
6.74383125693647,181,0,577,242,0,0,0,809,recovery,67
6.7467969390501406,180,0,578,242,0,0,0,810,infection,492
6.749926570111742,179,0,579,242,0,0,0,811,infection,156
6.75427323441677,178,0,580,242,0,0,0,812,infection,515
6.754553954933469,177,0,581,242,0,0,0,813,infection,3
6.755484025777385,177,0,580,243,0,0,0,813,recovery,747
6.758424101514814,177,0,579,244,0,0,0,813,recovery,887
6.75908797071373,177,0,578,245,0,0,0,813,recovery,376
6.75932231176585,177,0,577,246,0,0,0,813,recovery,681
6.760768608047671,176,0,578,246,0,0,0,814,infection,871
6.762584262762992,175,0,579,246,0,0,0,815,infection,741
6.767305699694555,175,0,578,247,0,0,0,815,recovery,466
6.771638350080397,174,0,579,247,0,0,0,816,infection,906
6.788646422421747,173,0,580,247,0,0,0,817,infection,233
6.791679859572533,173,0,579,248,0,0,0,817,recovery,604
6.792893202791818,172,0,580,248,0,0,0,818,infection,485
6.793408761215881,172,0,579,249,0,0,0,818,recovery,501
6.800477805137522,172,0,578,250,0,0,0,818,recovery,574
6.800843474672422,171,0,579,250,0,0,0,819,infection,301
6.810321954860298,170,0,580,250,0,0,0,820,infection,55
6.814895270337475,170,0,579,251,0,0,0,820,recovery,866
6.8150128610706036,170,0,578,252,0,0,0,820,recovery,948
6.815197978187307,169,0,579,252,0,0,0,821,infection,819
6.819148443880211,168,0,580,252,0,0,0,822,infection,93
6.825165195667995,168,0,579,253,0,0,0,822,recovery,575
6.827025403752665,167,0,580,253,0,0,0,823,infection,330
6.829703985602909,167,0,579,254,0,0,0,823,recovery,670
6.835583981606015,166,0,580,254,0,0,0,824,infection,166
6.835714589781758,166,0,579,255,0,0,0,824,recovery,478
6.8539530615255,165,0,580,255,0,0,0,825,infection,299
6.856104661496858,164,0,581,255,0,0,0,826,infection,941
6.859939584870315,164,0,580,256,0,0,0,826,recovery,114
6.860544379236634,164,0,579,257,0,0,0,826,recovery,96
6.861803959804279,164,0,578,258,0,0,0,826,recovery,893
6.8689006394058,164,0,577,259,0,0,0,826,recovery,853
6.878929224716291,163,0,578,259,0,0,0,827,infection,362
6.879860187774393,162,0,579,259,0,0,0,828,infection,51
6.888092692234657,161,0,580,259,0,0,0,829,infection,818
6.894644738398153,161,0,579,260,0,0,0,829,recovery,159
6.906194816164095,160,0,580,260,0,0,0,830,infection,863
6.917549291370619,160,0,579,261,0,0,0,830,recovery,679
6.920901673620115,160,0,578,262,0,0,0,830,recovery,316
6.923098950834593,159,0,579,262,0,0,0,831,infection,808
6.925182631754385,159,0,578,263,0,0,0,831,recovery,398
6.936901190143012,159,0,577,264,0,0,0,831,recovery,944
6.937585160939182,158,0,578,264,0,0,0,832,infection,753
6.93972994251581,157,0,579,264,0,0,0,833,infection,845
6.953291148412311,156,0,580,264,0,0,0,834,infection,339
6.9537778128523025,155,0,581,264,0,0,0,835,infection,428
6.9634341959137895,154,0,582,264,0,0,0,836,infection,979
6.971632724815201,153,0,583,264,0,0,0,837,infection,583
6.979533857451954,152,0,584,264,0,0,0,838,infection,811
6.979781246785212,151,0,585,264,0,0,0,839,infection,886
6.988426387794568,150,0,586,264,0,0,0,840,infection,654
6.9975621264555725,149,0,587,264,0,0,0,841,infection,591
7.000633111359511,149,0,586,265,0,0,0,841,recovery,337
7.007106964073881,148,0,587,265,0,0,0,842,infection,899
7.011685779855118,147,0,588,265,0,0,0,843,infection,978
7.013103751302628,146,0,589,265,0,0,0,844,infection,116
7.017814685244086,145,0,590,265,0,0,0,845,infection,199
7.018100718261412,145,0,589,266,0,0,0,845,recovery,172
7.0335518783834985,145,0,588,267,0,0,0,845,recovery,766
7.035217599773349,145,0,587,268,0,0,0,845,recovery,762
7.03642337593734,144,0,588,268,0,0,0,846,infection,830
7.039320455431957,143,0,589,268,0,0,0,847,infection,647
7.041756781024182,143,0,588,269,0,0,0,847,recovery,76
7.044200627451607,143,0,587,270,0,0,0,847,recovery,617
7.0458638366404145,143,0,586,271,0,0,0,847,recovery,460
7.0487535039523275,142,0,587,271,0,0,0,848,infection,438
7.059352674417234,141,0,588,271,0,0,0,849,infection,437
7.061113441783486,140,0,589,271,0,0,0,850,infection,982
7.072840026733211,139,0,590,271,0,0,0,851,infection,452
7.087083539942877,139,0,589,272,0,0,0,851,recovery,530
7.087546148296651,139,0,588,273,0,0,0,851,recovery,570
7.09367462118499,139,0,587,274,0,0,0,851,recovery,303
7.093900389297705,139,0,586,275,0,0,0,851,recovery,258
7.09545533140327,139,0,585,276,0,0,0,851,recovery,181
7.097430987716978,138,0,586,276,0,0,0,852,infection,392
7.100727378932621,138,0,585,277,0,0,0,852,recovery,810
7.103794387874501,137,0,586,277,0,0,0,853,infection,558
7.104980849706639,136,0,587,277,0,0,0,854,infection,352
7.114173805702088,136,0,586,278,0,0,0,854,recovery,174
7.120929166234391,136,0,585,279,0,0,0,854,recovery,578
7.127110903646891,136,0,584,280,0,0,0,854,recovery,110
7.130036729777165,136,0,583,281,0,0,0,854,recovery,127
7.141493156220161,135,0,584,281,0,0,0,855,infection,465
7.145790456442964,134,0,585,281,0,0,0,856,infection,285
7.1525369251695015,134,0,584,282,0,0,0,856,recovery,850
7.16078456245729,133,0,585,282,0,0,0,857,infection,459
7.174683678447152,133,0,584,283,0,0,0,857,recovery,678
7.178999847255758,133,0,583,284,0,0,0,857,recovery,593
7.180323767418619,132,0,584,284,0,0,0,858,infection,25
7.180808680738906,132,0,583,285,0,0,0,858,recovery,672
7.185790562600843,132,0,582,286,0,0,0,858,recovery,328
7.197124365299685,131,0,583,286,0,0,0,859,infection,540
7.197455077700104,131,0,582,287,0,0,0,859,recovery,707
7.201237204991845,131,0,581,288,0,0,0,859,recovery,591
7.2327191899698215,131,0,580,289,0,0,0,859,recovery,776
7.242176369970708,130,0,581,289,0,0,0,860,infection,754
7.245114958864818,129,0,582,289,0,0,0,861,infection,860
7.255351870210626,129,0,581,290,0,0,0,861,recovery,841
7.258122706774661,129,0,580,291,0,0,0,861,recovery,340
7.264320164469456,128,0,581,291,0,0,0,862,infection,594
7.2734390821741,128,0,580,292,0,0,0,862,recovery,796
7.276910827712832,127,0,581,292,0,0,0,863,infection,251
7.288493531515021,127,0,580,293,0,0,0,863,recovery,495
7.288745972410065,126,0,581,293,0,0,0,864,infection,471
7.290621266575377,126,0,580,294,0,0,0,864,recovery,969
7.296470317236671,125,0,581,294,0,0,0,865,infection,823
7.302447895628869,125,0,580,295,0,0,0,865,recovery,857
7.3067673439892005,124,0,581,295,0,0,0,866,infection,864
7.318793943186416,124,0,580,296,0,0,0,866,recovery,732
7.319162132230225,123,0,581,296,0,0,0,867,infection,81
7.324224311591711,123,0,580,297,0,0,0,867,recovery,261
7.32771148590939,123,0,579,298,0,0,0,867,recovery,907
7.332866174127408,122,0,580,298,0,0,0,868,infection,2
7.333021917602353,121,0,581,298,0,0,0,869,infection,988
7.335026868283412,121,0,580,299,0,0,0,869,recovery,642
7.3433616867488265,120,0,581,299,0,0,0,870,infection,119
7.343996426341086,120,0,580,300,0,0,0,870,recovery,241
7.345452042453582,119,0,581,300,0,0,0,871,infection,22
7.3458061883479076,119,0,580,301,0,0,0,871,recovery,126
7.3517819564437055,119,0,579,302,0,0,0,871,recovery,702
7.357844137438335,119,0,578,303,0,0,0,871,recovery,781
7.360618734744486,119,0,577,304,0,0,0,871,recovery,87
7.36480727285785,119,0,576,305,0,0,0,871,recovery,859
7.375081189064511,118,0,577,305,0,0,0,872,infection,315
7.37647460869486,117,0,578,305,0,0,0,873,infection,693
7.381095963014133,117,0,577,306,0,0,0,873,recovery,881
7.3820402448406215,117,0,576,307,0,0,0,873,recovery,392
7.3844814583409555,116,0,577,307,0,0,0,874,infection,483
7.388077207154378,116,0,576,308,0,0,0,874,recovery,349
7.395712231514861,115,0,577,308,0,0,0,875,infection,713
7.398194756646281,114,0,578,308,0,0,0,876,infection,637
7.413366776587313,113,0,579,308,0,0,0,877,infection,1
7.419247051152965,113,0,578,309,0,0,0,877,recovery,708
7.4281259079589805,113,0,577,310,0,0,0,877,recovery,608
7.44510636493736,113,0,576,311,0,0,0,877,recovery,777
7.445803685589945,113,0,575,312,0,0,0,877,recovery,60
7.456016334515875,113,0,574,313,0,0,0,877,recovery,741
7.465556339378422,112,0,575,313,0,0,0,878,infection,648
7.476929916799938,112,0,574,314,0,0,0,878,recovery,455
7.48046526305191,111,0,575,314,0,0,0,879,infection,986
7.488046184379785,111,0,574,315,0,0,0,879,recovery,786
7.49572499355315,111,0,573,316,0,0,0,879,recovery,77
7.498448311476187,110,0,574,316,0,0,0,880,infection,783
7.5043171340478345,109,0,575,316,0,0,0,881,infection,827
7.504627473886707,109,0,574,317,0,0,0,881,recovery,880
7.520270814755777,109,0,573,318,0,0,0,881,recovery,40
7.523732465294825,109,0,572,319,0,0,0,881,recovery,134
7.526375849749442,109,0,571,320,0,0,0,881,recovery,158
7.533929513655526,108,0,572,320,0,0,0,882,infection,41
7.559207235490598,108,0,571,321,0,0,0,882,recovery,270
7.579632976519761,107,0,572,321,0,0,0,883,infection,710
7.585126533016904,107,0,571,322,0,0,0,883,recovery,489
7.585623422126128,107,0,570,323,0,0,0,883,recovery,581
7.586742804357507,106,0,571,323,0,0,0,884,infection,602
7.5909125768417,106,0,570,324,0,0,0,884,recovery,128
7.600873565207395,105,0,571,324,0,0,0,885,infection,163
7.607129966926783,105,0,570,325,0,0,0,885,recovery,499
7.621137686273728,104,0,571,325,0,0,0,886,infection,453
7.623990966093996,103,0,572,325,0,0,0,887,infection,321
7.6298927796650595,103,0,571,326,0,0,0,887,recovery,132
7.633789284329615,103,0,570,327,0,0,0,887,recovery,287
7.64025138769253,103,0,569,328,0,0,0,887,recovery,322
7.64061288769957,102,0,570,328,0,0,0,888,infection,266
7.645049744895738,102,0,569,329,0,0,0,888,recovery,208
7.650959196688793,101,0,570,329,0,0,0,889,infection,615
7.656300246745755,101,0,569,330,0,0,0,889,recovery,731
7.656794880423075,101,0,568,331,0,0,0,889,recovery,639
7.659671350466127,100,0,569,331,0,0,0,890,infection,335
7.660521888503485,99,0,570,331,0,0,0,891,infection,923
7.661245444972104,99,0,569,332,0,0,0,891,recovery,943
7.664272709011304,99,0,568,333,0,0,0,891,recovery,81
7.668470197205544,99,0,567,334,0,0,0,891,recovery,113
7.672838896873523,98,0,568,334,0,0,0,892,infection,579
7.685370530529224,97,0,569,334,0,0,0,893,infection,545
7.700980876991627,97,0,568,335,0,0,0,893,recovery,296
7.700981029825691,97,0,567,336,0,0,0,893,recovery,301
7.712985289564897,97,0,566,337,0,0,0,893,recovery,830
7.733167677265624,96,0,567,337,0,0,0,894,infection,577
7.736914264227821,96,0,566,338,0,0,0,894,recovery,643
7.73965920835669,95,0,567,338,0,0,0,895,infection,306
7.747854535299019,95,0,566,339,0,0,0,895,recovery,949
7.758929505836491,94,0,567,339,0,0,0,896,infection,400
7.761268109124213,94,0,566,340,0,0,0,896,recovery,226
7.765976709575015,93,0,567,340,0,0,0,897,infection,586
7.766853927339662,93,0,566,341,0,0,0,897,recovery,837
7.767434959663377,93,0,565,342,0,0,0,897,recovery,918
7.767934540437181,92,0,566,342,0,0,0,898,infection,573
7.788920803844777,92,0,565,343,0,0,0,898,recovery,306
7.79015574282861,92,0,564,344,0,0,0,898,recovery,799
7.797559802380492,92,0,563,345,0,0,0,898,recovery,736
7.802597871670672,92,0,562,346,0,0,0,898,recovery,983
7.803665975639557,92,0,561,347,0,0,0,898,recovery,711
7.814225138278564,92,0,560,348,0,0,0,898,recovery,823
7.8187404151406525,92,0,559,349,0,0,0,898,recovery,242
7.820262967948691,92,0,558,350,0,0,0,898,recovery,228
7.821304287777493,92,0,557,351,0,0,0,898,recovery,937
7.8439305958342125,92,0,556,352,0,0,0,898,recovery,729
7.850977050849635,92,0,555,353,0,0,0,898,recovery,644
7.853681954224442,92,0,554,354,0,0,0,898,recovery,206
7.854140137708956,91,0,555,354,0,0,0,899,infection,686
7.854959814872023,90,0,556,354,0,0,0,900,infection,987
7.859318994354584,90,0,555,355,0,0,0,900,recovery,577
7.870874579434582,89,0,556,355,0,0,0,901,infection,770
7.882743461467781,88,0,557,355,0,0,0,902,infection,407
7.885555084053006,88,0,556,356,0,0,0,902,recovery,551
7.885862851427222,87,0,557,356,0,0,0,903,infection,436
7.8864274981461655,86,0,558,356,0,0,0,904,infection,671
7.891238849639317,86,0,557,357,0,0,0,904,recovery,689
7.90127710415564,86,0,556,358,0,0,0,904,recovery,436
7.905117050044878,85,0,557,358,0,0,0,905,infection,870
7.906389299149583,85,0,556,359,0,0,0,905,recovery,394
7.914119636878276,85,0,555,360,0,0,0,905,recovery,505
7.915584380739334,85,0,554,361,0,0,0,905,recovery,579
7.915745513061443,85,0,553,362,0,0,0,905,recovery,275
7.92194159767982,85,0,552,363,0,0,0,905,recovery,441
7.924932190520998,85,0,551,364,0,0,0,905,recovery,553
7.925017069928762,85,0,550,365,0,0,0,905,recovery,79
7.92828920593316,84,0,551,365,0,0,0,906,infection,238
7.931571405780032,83,0,552,365,0,0,0,907,infection,78
7.940644796745203,83,0,551,366,0,0,0,907,recovery,262
7.961798113610994,83,0,550,367,0,0,0,907,recovery,190
7.963240937181436,83,0,549,368,0,0,0,907,recovery,304
7.970406268278051,83,0,548,369,0,0,0,907,recovery,293
7.977019058228012,83,0,547,370,0,0,0,907,recovery,956
7.9829485698982925,83,0,546,371,0,0,0,907,recovery,229
7.987957793012857,83,0,545,372,0,0,0,907,recovery,284
7.99097054471204,83,0,544,373,0,0,0,907,recovery,91
7.992766414537534,83,0,543,374,0,0,0,907,recovery,212
8.000826850011281,83,0,542,375,0,0,0,907,recovery,812
8.012820880869084,83,0,541,376,0,0,0,907,recovery,862
8.014806639319382,82,0,542,376,0,0,0,908,infection,211
8.016174987167028,81,0,543,376,0,0,0,909,infection,652
8.024875347866466,81,0,542,377,0,0,0,909,recovery,963
8.025249192027134,80,0,543,377,0,0,0,910,infection,934
8.032445098378982,80,0,542,378,0,0,0,910,recovery,233
8.05498881955044,79,0,543,378,0,0,0,911,infection,432
8.058018429146223,79,0,542,379,0,0,0,911,recovery,80
8.05976402713996,79,0,541,380,0,0,0,911,recovery,276
8.072146930909957,78,0,542,380,0,0,0,912,infection,936
8.092131249225142,77,0,543,380,0,0,0,913,infection,890
8.1048433357341,77,0,542,381,0,0,0,913,recovery,30
8.119095049368923,77,0,541,382,0,0,0,913,recovery,847
8.126450989936373,77,0,540,383,0,0,0,913,recovery,744
8.127929328357807,76,0,541,383,0,0,0,914,infection,32
8.129716226847734,76,0,540,384,0,0,0,914,recovery,536
8.133683221982743,76,0,539,385,0,0,0,914,recovery,910
8.133801177767728,75,0,540,385,0,0,0,915,infection,277
8.135819609753163,75,0,539,386,0,0,0,915,recovery,734
8.136515065294883,75,0,538,387,0,0,0,915,recovery,140
8.140359271459815,75,0,537,388,0,0,0,915,recovery,458
8.140997390002395,75,0,536,389,0,0,0,915,recovery,25
8.142987562018284,75,0,535,390,0,0,0,915,recovery,395
8.144298355826407,74,0,536,390,0,0,0,916,infection,35
8.1468104994943,74,0,535,391,0,0,0,916,recovery,47
8.148417951008764,74,0,534,392,0,0,0,916,recovery,950
8.152055323989796,74,0,533,393,0,0,0,916,recovery,2
8.15253033083053,73,0,534,393,0,0,0,917,infection,666
8.15846292190018,72,0,535,393,0,0,0,918,infection,599
8.163593686125017,72,0,534,394,0,0,0,918,recovery,957
8.164527584594918,72,0,533,395,0,0,0,918,recovery,155
8.177479317466029,71,0,534,395,0,0,0,919,infection,921
8.18147187590743,71,0,533,396,0,0,0,919,recovery,34
8.203395313753985,71,0,532,397,0,0,0,919,recovery,790
8.20383529380836,71,0,531,398,0,0,0,919,recovery,409
8.21972741294749,70,0,532,398,0,0,0,920,infection,838
8.225020683807784,70,0,531,399,0,0,0,920,recovery,240
8.229525278532204,70,0,530,400,0,0,0,920,recovery,592
8.229930850961232,69,0,531,400,0,0,0,921,infection,254
8.23749793198092,69,0,530,401,0,0,0,921,recovery,278
8.245584716284888,68,0,531,401,0,0,0,922,infection,895
8.246966035799488,68,0,530,402,0,0,0,922,recovery,716
8.26295114187282,68,0,529,403,0,0,0,922,recovery,831
8.265063110387848,67,0,530,403,0,0,0,923,infection,740
8.27477147425236,66,0,531,403,0,0,0,924,infection,457
8.304618287306115,66,0,530,404,0,0,0,924,recovery,305
8.30990195142492,66,0,529,405,0,0,0,924,recovery,112
8.3154072218044,66,0,528,406,0,0,0,924,recovery,846
8.319680541671065,66,0,527,407,0,0,0,924,recovery,652
8.320403666739638,65,0,528,407,0,0,0,925,infection,440
8.344343714821367,65,0,527,408,0,0,0,925,recovery,817
8.35246597289619,65,0,526,409,0,0,0,925,recovery,449
8.358587049059736,65,0,525,410,0,0,0,925,recovery,800
8.362756648545885,64,0,526,410,0,0,0,926,infection,721
8.374687871968083,64,0,525,411,0,0,0,926,recovery,602
8.376247852534688,63,0,526,411,0,0,0,927,infection,268
8.377886789510244,63,0,525,412,0,0,0,927,recovery,919
8.379795875868888,63,0,524,413,0,0,0,927,recovery,353
8.39114526692899,62,0,525,413,0,0,0,928,infection,13
8.394678756813978,62,0,524,414,0,0,0,928,recovery,139
8.415367685193248,61,0,525,414,0,0,0,929,infection,611
8.44176298576814,61,0,524,415,0,0,0,929,recovery,474
8.4494782944314,61,0,523,416,0,0,0,929,recovery,662
8.449824667771374,60,0,524,416,0,0,0,930,infection,739
8.457801932489282,59,0,525,416,0,0,0,931,infection,782
8.46718990341445,59,0,524,417,0,0,0,931,recovery,473
8.4879029405759,59,0,523,418,0,0,0,931,recovery,698
8.49177935251215,59,0,522,419,0,0,0,931,recovery,414
8.499849500509198,59,0,521,420,0,0,0,931,recovery,951
8.505043580554482,58,0,522,420,0,0,0,932,infection,247
8.515324669300194,58,0,521,421,0,0,0,932,recovery,888
8.517315149922135,58,0,520,422,0,0,0,932,recovery,57
8.520704680836488,58,0,519,423,0,0,0,932,recovery,156
8.541221999983996,58,0,518,424,0,0,0,932,recovery,965
8.544352466652779,58,0,517,425,0,0,0,932,recovery,42
8.546956050693474,58,0,516,426,0,0,0,932,recovery,635
8.549909775697815,58,0,515,427,0,0,0,932,recovery,370
8.555867627660923,57,0,516,427,0,0,0,933,infection,764
8.556531926544036,57,0,515,428,0,0,0,933,recovery,978
8.565276600038382,57,0,514,429,0,0,0,933,recovery,141
8.581635322771142,57,0,513,430,0,0,0,933,recovery,434
8.58234169122629,56,0,514,430,0,0,0,934,infection,854
8.59436548794748,56,0,513,431,0,0,0,934,recovery,540
8.598993782952183,55,0,514,431,0,0,0,935,infection,28
8.603260720521495,55,0,513,432,0,0,0,935,recovery,191
8.604284320387892,55,0,512,433,0,0,0,935,recovery,288
8.6125337287789,54,0,513,433,0,0,0,936,infection,431
8.612695742980549,54,0,512,434,0,0,0,936,recovery,833
8.617930978139542,53,0,513,434,0,0,0,937,infection,231
8.629362527138767,53,0,512,435,0,0,0,937,recovery,980
8.666474115860606,52,0,513,435,0,0,0,938,infection,444
8.672506944314495,51,0,514,435,0,0,0,939,infection,295
8.673090325699185,51,0,513,436,0,0,0,939,recovery,964
8.681858286592528,50,0,514,436,0,0,0,940,infection,989
8.685583916613194,50,0,513,437,0,0,0,940,recovery,898
8.698114749687793,50,0,512,438,0,0,0,940,recovery,539
8.702280336072928,50,0,511,439,0,0,0,940,recovery,415
8.705381507451794,50,0,510,440,0,0,0,940,recovery,19
8.705787807199913,50,0,509,441,0,0,0,940,recovery,977
8.70811715215833,50,0,508,442,0,0,0,940,recovery,454
8.70836009502043,50,0,507,443,0,0,0,940,recovery,215
8.713715066814528,50,0,506,444,0,0,0,940,recovery,373
8.723866786949841,50,0,505,445,0,0,0,940,recovery,886
8.73306130979661,50,0,504,446,0,0,0,940,recovery,31
8.735334797559391,49,0,505,446,0,0,0,941,infection,771
8.738368822539794,49,0,504,447,0,0,0,941,recovery,742
8.744322924584997,49,0,503,448,0,0,0,941,recovery,470
8.754006096730807,48,0,504,448,0,0,0,942,infection,959
8.760074895954114,48,0,503,449,0,0,0,942,recovery,20
8.761914400866507,48,0,502,450,0,0,0,942,recovery,586
8.789640996210814,48,0,501,451,0,0,0,942,recovery,632
8.809576909981114,48,0,500,452,0,0,0,942,recovery,385
8.825623936257934,47,0,501,452,0,0,0,943,infection,548
8.826033580648485,46,0,502,452,0,0,0,944,infection,763
8.838277494601252,45,0,503,452,0,0,0,945,infection,661
8.843266158343294,45,0,502,453,0,0,0,945,recovery,251
8.86044682954044,45,0,501,454,0,0,0,945,recovery,217
8.885960454882898,44,0,502,454,0,0,0,946,infection,580
8.88879244268415,43,0,503,454,0,0,0,947,infection,970
8.89981420152478,43,0,502,455,0,0,0,947,recovery,282
8.909282095656941,43,0,501,456,0,0,0,947,recovery,931
8.92756542114161,43,0,500,457,0,0,0,947,recovery,710
8.930654093083055,43,0,499,458,0,0,0,947,recovery,624
8.931593916704728,43,0,498,459,0,0,0,947,recovery,300
8.939687828974735,43,0,497,460,0,0,0,947,recovery,33
8.950317563324104,42,0,498,460,0,0,0,948,infection,494
9.004346189606824,42,0,497,461,0,0,0,948,recovery,852
9.033257019491698,42,0,496,462,0,0,0,948,recovery,476
9.066969434524468,42,0,495,463,0,0,0,948,recovery,363
9.071749903316979,42,0,494,464,0,0,0,948,recovery,601
9.072795099038848,41,0,495,464,0,0,0,949,infection,196
9.075282980454261,41,0,494,465,0,0,0,949,recovery,13
9.090997585589504,41,0,493,466,0,0,0,949,recovery,924
9.09417834117487,40,0,494,466,0,0,0,950,infection,209
9.094886802799785,40,0,493,467,0,0,0,950,recovery,28
9.121996315937583,40,0,492,468,0,0,0,950,recovery,675
9.138763268611067,40,0,491,469,0,0,0,950,recovery,178
9.160404627908987,40,0,490,470,0,0,0,950,recovery,480
9.161413581806817,40,0,489,471,0,0,0,950,recovery,439
9.189016004356683,39,0,490,471,0,0,0,951,infection,517
9.203127971238683,39,0,489,472,0,0,0,951,recovery,690
9.220722128610522,38,0,490,472,0,0,0,952,infection,631
9.225471463749065,38,0,489,473,0,0,0,952,recovery,721
9.226394847481357,38,0,488,474,0,0,0,952,recovery,631
9.228790313225051,38,0,487,475,0,0,0,952,recovery,211
9.262667587415905,38,0,486,476,0,0,0,952,recovery,611
9.266628913346556,38,0,485,477,0,0,0,952,recovery,695
9.280429053049811,38,0,484,478,0,0,0,952,recovery,555
9.297027595415846,38,0,483,479,0,0,0,952,recovery,653
9.312916163677773,38,0,482,480,0,0,0,952,recovery,946
9.325530523772999,37,0,483,480,0,0,0,953,infection,655
9.337456795788007,37,0,482,481,0,0,0,953,recovery,989
9.355272074441535,36,0,483,481,0,0,0,954,infection,86
9.372906286043683,36,0,482,482,0,0,0,954,recovery,930
9.37545741413942,36,0,481,483,0,0,0,954,recovery,72
9.382342700728227,36,0,480,484,0,0,0,954,recovery,186
9.395164526347946,36,0,479,485,0,0,0,954,recovery,625
9.403195715231355,35,0,480,485,0,0,0,955,infection,913
9.415730899904794,35,0,479,486,0,0,0,955,recovery,238
9.420421344826279,35,0,478,487,0,0,0,955,recovery,814
9.421651043501594,35,0,477,488,0,0,0,955,recovery,63
9.43250057925521,35,0,476,489,0,0,0,955,recovery,693
9.438556365818215,35,0,475,490,0,0,0,955,recovery,344
9.441408065835496,35,0,474,491,0,0,0,955,recovery,808
9.44362600312692,35,0,473,492,0,0,0,955,recovery,244
9.459477048985509,35,0,472,493,0,0,0,955,recovery,299
9.461212011722374,35,0,471,494,0,0,0,955,recovery,384
9.465041111325418,35,0,470,495,0,0,0,955,recovery,783
9.465193827118519,35,0,469,496,0,0,0,955,recovery,260
9.47555843293198,34,0,470,496,0,0,0,956,infection,815
9.503205452641605,34,0,469,497,0,0,0,956,recovery,248
9.512486095960677,33,0,470,497,0,0,0,957,infection,726
9.547982758107803,33,0,469,498,0,0,0,957,recovery,921
9.55817783110552,33,0,468,499,0,0,0,957,recovery,204
9.588675348965255,33,0,467,500,0,0,0,957,recovery,892
9.595323899673858,33,0,466,501,0,0,0,957,recovery,755
9.605544284559114,33,0,465,502,0,0,0,957,recovery,440
9.625249513341506,33,0,464,503,0,0,0,957,recovery,196
9.632234352901685,33,0,463,504,0,0,0,957,recovery,265
9.682935172964248,33,0,462,505,0,0,0,957,recovery,485
9.702527719598148,33,0,461,506,0,0,0,957,recovery,266
9.722365502081168,33,0,460,507,0,0,0,957,recovery,743
9.748192194777458,32,0,461,507,0,0,0,958,infection,486
9.800984516082949,32,0,460,508,0,0,0,958,recovery,425
9.802479117144372,32,0,459,509,0,0,0,958,recovery,366
9.81682673254912,32,0,458,510,0,0,0,958,recovery,64
9.823743890696345,32,0,457,511,0,0,0,958,recovery,456
9.848999380836263,32,0,456,512,0,0,0,958,recovery,193
9.852547362410744,32,0,455,513,0,0,0,958,recovery,654
9.863091686208914,31,0,456,513,0,0,0,959,infection,715
9.901519554066374,30,0,457,513,0,0,0,960,infection,83
9.901688979566494,29,0,458,513,0,0,0,961,infection,645
9.910579513235227,29,0,457,514,0,0,0,961,recovery,419
9.911757014838567,29,0,456,515,0,0,0,961,recovery,502
9.9145689230207,28,0,457,515,0,0,0,962,infection,677
9.927475663299045,28,0,456,516,0,0,0,962,recovery,960
9.932132341420147,28,0,455,517,0,0,0,962,recovery,424
9.946223554421703,28,0,454,518,0,0,0,962,recovery,171
9.951883275303924,28,0,453,519,0,0,0,962,recovery,629
9.988622448418038,28,0,452,520,0,0,0,962,recovery,469
9.994567588887906,28,0,451,521,0,0,0,962,recovery,782
10.015495041504728,27,0,452,521,0,0,0,963,infection,607
10.017920460111542,27,0,451,522,0,0,0,963,recovery,607
10.029113296994161,27,0,450,523,0,0,0,963,recovery,179
10.032974904276433,27,0,449,524,0,0,0,963,recovery,433
10.040751468408288,27,0,448,525,0,0,0,963,recovery,839
10.048034769870618,27,0,447,526,0,0,0,963,recovery,548
10.096654330635346,27,0,446,527,0,0,0,963,recovery,138
10.100628314853214,27,0,445,528,0,0,0,963,recovery,48
10.111225662505989,27,0,444,529,0,0,0,963,recovery,6
10.120224171616384,26,0,445,529,0,0,0,964,infection,757
10.140231160621584,26,0,444,530,0,0,0,964,recovery,860
10.197855922856444,25,0,445,530,0,0,0,965,infection,967
10.216350126993142,25,0,444,531,0,0,0,965,recovery,935
10.216478370969932,25,0,443,532,0,0,0,965,recovery,17
10.238372087242183,24,0,444,532,0,0,0,966,infection,714
10.24023870527255,24,0,443,533,0,0,0,966,recovery,116
10.241890948940494,24,0,442,534,0,0,0,966,recovery,543
10.244017427495649,24,0,441,535,0,0,0,966,recovery,333
10.275369512717777,24,0,440,536,0,0,0,966,recovery,637
10.284160636216775,24,0,439,537,0,0,0,966,recovery,471
10.290262235267289,24,0,438,538,0,0,0,966,recovery,350
10.319424226301283,23,0,439,538,0,0,0,967,infection,26
10.319712500343199,22,0,440,538,0,0,0,968,infection,520
10.320123861736729,22,0,439,539,0,0,0,968,recovery,986
10.329364945506969,22,0,438,540,0,0,0,968,recovery,4
10.33680692293459,22,0,437,541,0,0,0,968,recovery,93
10.358234015798839,22,0,436,542,0,0,0,968,recovery,700
10.382101144185278,22,0,435,543,0,0,0,968,recovery,336
10.395803840099061,22,0,434,544,0,0,0,968,recovery,683
10.403485852213002,22,0,433,545,0,0,0,968,recovery,200
10.426807052682015,21,0,434,545,0,0,0,969,infection,855
10.432738974696761,21,0,433,546,0,0,0,969,recovery,183
10.446553637261143,21,0,432,547,0,0,0,969,recovery,728
10.464243189241293,21,0,431,548,0,0,0,969,recovery,368
10.479547337297177,21,0,430,549,0,0,0,969,recovery,231
10.480843449386793,21,0,429,550,0,0,0,969,recovery,313
10.486421792287402,21,0,428,551,0,0,0,969,recovery,137
10.488115772865301,21,0,427,552,0,0,0,969,recovery,923
10.500230694546762,21,0,426,553,0,0,0,969,recovery,754
10.506905808097805,20,0,427,553,0,0,0,970,infection,724
10.515940274867159,20,0,426,554,0,0,0,970,recovery,836
10.521604392771481,20,0,425,555,0,0,0,970,recovery,223
10.552090904394188,20,0,424,556,0,0,0,970,recovery,192
10.58670669510736,20,0,423,557,0,0,0,970,recovery,402
10.599079526891401,20,0,422,558,0,0,0,970,recovery,411
10.612909433011254,20,0,421,559,0,0,0,970,recovery,468
10.638436851022217,20,0,420,560,0,0,0,970,recovery,32
10.65458943010278,20,0,419,561,0,0,0,970,recovery,627
10.677586638457408,20,0,418,562,0,0,0,970,recovery,896
10.683659817344264,20,0,417,563,0,0,0,970,recovery,346
10.706165651847186,20,0,416,564,0,0,0,970,recovery,360
10.706680476186541,20,0,415,565,0,0,0,970,recovery,377
10.708635368052676,20,0,414,566,0,0,0,970,recovery,472
10.73682712493909,20,0,413,567,0,0,0,970,recovery,909
10.757843330715193,20,0,412,568,0,0,0,970,recovery,24
10.763917764789928,20,0,411,569,0,0,0,970,recovery,717
10.783264071307727,20,0,410,570,0,0,0,970,recovery,41
10.791095226860456,20,0,409,571,0,0,0,970,recovery,318
10.804234098301535,20,0,408,572,0,0,0,970,recovery,864
10.811129964816613,20,0,407,573,0,0,0,970,recovery,35
10.820373482013055,19,0,408,573,0,0,0,971,infection,768
10.823260543325624,19,0,407,574,0,0,0,971,recovery,445
10.850293750128813,19,0,406,575,0,0,0,971,recovery,163
10.851879270936877,19,0,405,576,0,0,0,971,recovery,538
10.854740697023555,19,0,404,577,0,0,0,971,recovery,3
10.859088857654113,19,0,403,578,0,0,0,971,recovery,803
10.860167580483392,19,0,402,579,0,0,0,971,recovery,849
10.879375275370744,19,0,401,580,0,0,0,971,recovery,650
10.90154031464187,19,0,400,581,0,0,0,971,recovery,757
10.903588279396633,19,0,399,582,0,0,0,971,recovery,55
10.918264759495411,19,0,398,583,0,0,0,971,recovery,459
10.923944254014218,19,0,397,584,0,0,0,971,recovery,254
10.943684062782623,18,0,398,584,0,0,0,972,infection,851
10.945253661131705,18,0,397,585,0,0,0,972,recovery,890
10.953680404816971,18,0,396,586,0,0,0,972,recovery,920
10.979451313085422,17,0,397,586,0,0,0,973,infection,90
11.000559560223003,17,0,396,587,0,0,0,973,recovery,714
11.021499567368535,17,0,395,588,0,0,0,973,recovery,26
11.026367062699848,17,0,394,589,0,0,0,973,recovery,357
11.028595884683053,17,0,393,590,0,0,0,973,recovery,382
11.042066833483966,17,0,392,591,0,0,0,973,recovery,207
11.063221007683172,17,0,391,592,0,0,0,973,recovery,546
11.086462886099422,17,0,390,593,0,0,0,973,recovery,1000
11.092771135749873,17,0,389,594,0,0,0,973,recovery,267
11.114606865431103,17,0,388,595,0,0,0,973,recovery,319
11.119131130619172,17,0,387,596,0,0,0,973,recovery,487
11.164855990301602,16,0,388,596,0,0,0,974,infection,789
11.202471456271006,16,0,387,597,0,0,0,974,recovery,237
11.208441668675292,16,0,386,598,0,0,0,974,recovery,522
11.219620795370641,16,0,385,599,0,0,0,974,recovery,583
11.222688905725072,16,0,384,600,0,0,0,974,recovery,566
11.27555855381253,16,0,383,601,0,0,0,974,recovery,103
11.329544446642615,16,0,382,602,0,0,0,974,recovery,221
11.350689866226826,16,0,381,603,0,0,0,974,recovery,71
11.365909008608156,15,0,382,603,0,0,0,975,infection,512
11.380220833408513,15,0,381,604,0,0,0,975,recovery,908
11.386022723289441,15,0,380,605,0,0,0,975,recovery,979
11.39456603795601,15,0,379,606,0,0,0,975,recovery,432
11.404298488039414,15,0,378,607,0,0,0,975,recovery,227
11.425314493352786,15,0,377,608,0,0,0,975,recovery,709
11.445422139058387,15,0,376,609,0,0,0,975,recovery,845
11.44596037627355,15,0,375,610,0,0,0,975,recovery,437
11.452671610396248,15,0,374,611,0,0,0,975,recovery,417
11.471314784215345,15,0,373,612,0,0,0,975,recovery,518
11.471695208745686,15,0,372,613,0,0,0,975,recovery,365
11.480586024513808,15,0,371,614,0,0,0,975,recovery,532
11.500940764609261,15,0,370,615,0,0,0,975,recovery,54
11.515484649777159,15,0,369,616,0,0,0,975,recovery,789
11.534772039263434,15,0,368,617,0,0,0,975,recovery,51
11.55320551199873,15,0,367,618,0,0,0,975,recovery,289
11.555435237092123,15,0,366,619,0,0,0,975,recovery,606
11.568930061136816,15,0,365,620,0,0,0,975,recovery,667
11.582096412082134,15,0,364,621,0,0,0,975,recovery,587
11.582096565303965,14,0,365,621,0,0,0,976,infection,958
11.588710824267102,13,0,366,621,0,0,0,977,infection,843
11.59157424076066,13,0,365,622,0,0,0,977,recovery,517
11.60522969325357,13,0,364,623,0,0,0,977,recovery,858
11.637693760657609,13,0,363,624,0,0,0,977,recovery,311
11.674777021548271,13,0,362,625,0,0,0,977,recovery,165
11.712922238447078,13,0,361,626,0,0,0,977,recovery,98
11.737438160390015,13,0,360,627,0,0,0,977,recovery,457
11.766788495964509,13,0,359,628,0,0,0,977,recovery,749
11.772901009800687,12,0,360,628,0,0,0,978,infection,590
11.792452080581995,12,0,359,629,0,0,0,978,recovery,856
11.852977590645038,12,0,358,630,0,0,0,978,recovery,982
11.893113666253551,12,0,357,631,0,0,0,978,recovery,199
11.906799963015626,12,0,356,632,0,0,0,978,recovery,618
11.934046304569222,12,0,355,633,0,0,0,978,recovery,1
11.936840920863023,12,0,354,634,0,0,0,978,recovery,205
11.973002333506335,12,0,353,635,0,0,0,978,recovery,904
11.982641008840623,12,0,352,636,0,0,0,978,recovery,224
11.997382531106838,12,0,351,637,0,0,0,978,recovery,895
12.038802312263659,12,0,350,638,0,0,0,978,recovery,633
12.045286429048666,11,0,351,638,0,0,0,979,infection,537
12.047741752160237,11,0,350,639,0,0,0,979,recovery,768
12.065656445625047,11,0,349,640,0,0,0,979,recovery,778
12.09233395969198,11,0,348,641,0,0,0,979,recovery,620
12.10475580939466,11,0,347,642,0,0,0,979,recovery,735
12.115451340327759,11,0,346,643,0,0,0,979,recovery,253
12.12405756460719,11,0,345,644,0,0,0,979,recovery,406
12.140494395923046,11,0,344,645,0,0,0,979,recovery,661
12.145420370974325,11,0,343,646,0,0,0,979,recovery,962
12.149549183027876,11,0,342,647,0,0,0,979,recovery,634
12.167456531886877,11,0,341,648,0,0,0,979,recovery,745
12.172188012511635,11,0,340,649,0,0,0,979,recovery,545
12.214046320649686,11,0,339,650,0,0,0,979,recovery,671
12.236839697265632,11,0,338,651,0,0,0,979,recovery,934
12.240684457114167,11,0,337,652,0,0,0,979,recovery,10
12.251211156996941,11,0,336,653,0,0,0,979,recovery,431
12.285236498547585,11,0,335,654,0,0,0,979,recovery,573
12.311748366564853,11,0,334,655,0,0,0,979,recovery,503
12.313328357527432,11,0,333,656,0,0,0,979,recovery,612
12.326601812986814,10,0,334,656,0,0,0,980,infection,232
12.332430331104362,10,0,333,657,0,0,0,980,recovery,558
12.349147023681535,10,0,332,658,0,0,0,980,recovery,911
12.350682102013756,10,0,331,659,0,0,0,980,recovery,561
12.355399102100302,10,0,330,660,0,0,0,980,recovery,21
12.357694685352893,10,0,329,661,0,0,0,980,recovery,53
12.357981110504104,10,0,328,662,0,0,0,980,recovery,427
12.369197202899814,10,0,327,663,0,0,0,980,recovery,666
12.370662297339878,10,0,326,664,0,0,0,980,recovery,828
12.376525718178646,10,0,325,665,0,0,0,980,recovery,176
12.390516467653285,10,0,324,666,0,0,0,980,recovery,358
12.40258237965129,10,0,323,667,0,0,0,980,recovery,975
12.415500242305676,10,0,322,668,0,0,0,980,recovery,101
12.429672740133583,10,0,321,669,0,0,0,980,recovery,234
12.446995469914816,10,0,320,670,0,0,0,980,recovery,572
12.449233285383627,10,0,319,671,0,0,0,980,recovery,310
12.480710886290915,10,0,318,672,0,0,0,980,recovery,651
12.496517778448709,9,0,319,672,0,0,0,981,infection,106
12.503996967855022,9,0,318,673,0,0,0,981,recovery,397
12.505211778535537,9,0,317,674,0,0,0,981,recovery,326
12.516825895883349,9,0,316,675,0,0,0,981,recovery,16
12.520909230386277,9,0,315,676,0,0,0,981,recovery,281
12.537603351873798,9,0,314,677,0,0,0,981,recovery,371
12.544506840469532,9,0,313,678,0,0,0,981,recovery,958
12.548538175952313,9,0,312,679,0,0,0,981,recovery,713
12.57436982268293,9,0,311,680,0,0,0,981,recovery,926
12.580578214531549,9,0,310,681,0,0,0,981,recovery,815
12.580848990251209,9,0,309,682,0,0,0,981,recovery,594
12.610708430258049,9,0,308,683,0,0,0,981,recovery,68
12.616336732254933,9,0,307,684,0,0,0,981,recovery,802
12.63088207507544,9,0,306,685,0,0,0,981,recovery,452
12.634073318006099,9,0,305,686,0,0,0,981,recovery,684
12.642686609655591,9,0,304,687,0,0,0,981,recovery,559
12.658100197327457,9,0,303,688,0,0,0,981,recovery,832
12.667296467402565,9,0,302,689,0,0,0,981,recovery,486
12.68194285403017,9,0,301,690,0,0,0,981,recovery,160
12.69237045975498,9,0,300,691,0,0,0,981,recovery,447
12.703822074448667,9,0,299,692,0,0,0,981,recovery,15
12.72918667173007,9,0,298,693,0,0,0,981,recovery,426
12.738151227048654,9,0,297,694,0,0,0,981,recovery,136
12.759234537036633,9,0,296,695,0,0,0,981,recovery,407
12.81720580539799,9,0,295,696,0,0,0,981,recovery,479
12.826081702333784,9,0,294,697,0,0,0,981,recovery,144
12.827042781682838,9,0,293,698,0,0,0,981,recovery,494
12.857239594028382,9,0,292,699,0,0,0,981,recovery,854
12.90353562602833,9,0,291,700,0,0,0,981,recovery,763
12.953652100257298,9,0,290,701,0,0,0,981,recovery,793
13.009452108758868,9,0,289,702,0,0,0,981,recovery,764
13.026373165372105,8,0,290,702,0,0,0,982,infection,697
13.091707332479242,8,0,289,703,0,0,0,982,recovery,966
13.107655057299809,8,0,288,704,0,0,0,982,recovery,877
13.119045345603075,8,0,287,705,0,0,0,982,recovery,332
13.119955933079764,7,0,288,705,0,0,0,983,infection,928
13.164215604068232,7,0,287,706,0,0,0,983,recovery,152
13.206137993367022,7,0,286,707,0,0,0,983,recovery,464
13.208761387632652,7,0,285,708,0,0,0,983,recovery,225
13.235148290029539,7,0,284,709,0,0,0,983,recovery,330
13.246866945207085,7,0,283,710,0,0,0,983,recovery,9
13.270520269440954,7,0,282,711,0,0,0,983,recovery,599
13.285080003175239,7,0,281,712,0,0,0,983,recovery,500
13.303205871136653,7,0,280,713,0,0,0,983,recovery,668
13.310706578612429,7,0,279,714,0,0,0,983,recovery,730
13.322467009421244,7,0,278,715,0,0,0,983,recovery,855
13.36181941513352,7,0,277,716,0,0,0,983,recovery,438
13.367970635285232,7,0,276,717,0,0,0,983,recovery,987
13.380353607098286,7,0,275,718,0,0,0,983,recovery,547
13.397880410471597,7,0,274,719,0,0,0,983,recovery,722
13.409152554353494,7,0,273,720,0,0,0,983,recovery,883
13.440001051603712,7,0,272,721,0,0,0,983,recovery,277
13.449533919684878,7,0,271,722,0,0,0,983,recovery,589
13.45980556214181,7,0,270,723,0,0,0,983,recovery,235
13.460963134968551,7,0,269,724,0,0,0,983,recovery,507
13.476692035724632,7,0,268,725,0,0,0,983,recovery,173
13.489119802000634,7,0,267,726,0,0,0,983,recovery,869
13.537326850952159,7,0,266,727,0,0,0,983,recovery,626
13.557002294856296,7,0,265,728,0,0,0,983,recovery,166
13.573131332697242,7,0,264,729,0,0,0,983,recovery,269
13.62695951231181,7,0,263,730,0,0,0,983,recovery,515
13.636574406376692,7,0,262,731,0,0,0,983,recovery,109
13.654114586087264,7,0,261,732,0,0,0,983,recovery,524
13.660547988162765,7,0,260,733,0,0,0,983,recovery,341
13.695537404459532,7,0,259,734,0,0,0,983,recovery,274
13.709401748679918,7,0,258,735,0,0,0,983,recovery,342
13.718697557161525,7,0,257,736,0,0,0,983,recovery,416
13.742800416844474,7,0,256,737,0,0,0,983,recovery,239
13.817344191061112,7,0,255,738,0,0,0,983,recovery,820
13.817500991701554,7,0,254,739,0,0,0,983,recovery,955
13.81792366451496,7,0,253,740,0,0,0,983,recovery,584
13.82868460725561,7,0,252,741,0,0,0,983,recovery,819
13.838465712059804,7,0,251,742,0,0,0,983,recovery,220
13.848743166361656,7,0,250,743,0,0,0,983,recovery,387
13.934484360983927,7,0,249,744,0,0,0,983,recovery,268
13.956651995648402,7,0,248,745,0,0,0,983,recovery,590
13.959947317889315,7,0,247,746,0,0,0,983,recovery,848
13.962699450543987,7,0,246,747,0,0,0,983,recovery,941
13.97971235278981,7,0,245,748,0,0,0,983,recovery,677
13.985794138900545,7,0,244,749,0,0,0,983,recovery,105
14.009066823466497,7,0,243,750,0,0,0,983,recovery,115
14.093403473132838,7,0,242,751,0,0,0,983,recovery,580
14.114748408789609,7,0,241,752,0,0,0,983,recovery,69
14.117125497531111,6,0,242,752,0,0,0,984,infection,704
14.144190193083073,6,0,241,753,0,0,0,984,recovery,685
14.15568226486815,6,0,240,754,0,0,0,984,recovery,804
14.164488625605731,6,0,239,755,0,0,0,984,recovery,149
14.169978713032485,6,0,238,756,0,0,0,984,recovery,913
14.198511895720554,6,0,237,757,0,0,0,984,recovery,410
14.203336005587394,6,0,236,758,0,0,0,984,recovery,773
14.232480505946064,6,0,235,759,0,0,0,984,recovery,345
14.252541509173806,6,0,234,760,0,0,0,984,recovery,697
14.287623436101173,6,0,233,761,0,0,0,984,recovery,623
14.29200643277255,6,0,232,762,0,0,0,984,recovery,673
14.331513886004998,6,0,231,763,0,0,0,984,recovery,391
14.342640795823854,6,0,230,764,0,0,0,984,recovery,974
14.368748662940575,6,0,229,765,0,0,0,984,recovery,95
14.370343567053986,6,0,228,766,0,0,0,984,recovery,769
14.429955797983826,6,0,227,767,0,0,0,984,recovery,86
14.430560490707396,6,0,226,768,0,0,0,984,recovery,694
14.440898010825844,6,0,225,769,0,0,0,984,recovery,202
14.524589498290304,6,0,224,770,0,0,0,984,recovery,121
14.544386269366495,6,0,223,771,0,0,0,984,recovery,509
14.555371242531816,6,0,222,772,0,0,0,984,recovery,61
14.558245175459517,6,0,221,773,0,0,0,984,recovery,279
14.591435741797035,6,0,220,774,0,0,0,984,recovery,164
14.627719085499809,6,0,219,775,0,0,0,984,recovery,198
14.64180121220258,6,0,218,776,0,0,0,984,recovery,169
14.67926339948271,6,0,217,777,0,0,0,984,recovery,917
14.688353009336925,6,0,216,778,0,0,0,984,recovery,712
14.744394221724255,6,0,215,779,0,0,0,984,recovery,870
14.747716195344045,6,0,214,780,0,0,0,984,recovery,691
14.751197237239749,6,0,213,781,0,0,0,984,recovery,5
14.826641345845616,6,0,212,782,0,0,0,984,recovery,526
14.830662268960703,6,0,211,783,0,0,0,984,recovery,825
14.886252179874596,6,0,210,784,0,0,0,984,recovery,412
14.889980744398825,6,0,209,785,0,0,0,984,recovery,525
14.949936891807205,6,0,208,786,0,0,0,984,recovery,610
14.967488070773625,6,0,207,787,0,0,0,984,recovery,871
15.013758456065897,6,0,206,788,0,0,0,984,recovery,723
15.020558340585314,6,0,205,789,0,0,0,984,recovery,875
15.022224606412811,6,0,204,790,0,0,0,984,recovery,83
15.025930271110058,5,0,205,790,0,0,0,985,infection,255
15.079449350141946,5,0,204,791,0,0,0,985,recovery,362
15.170834637481805,4,0,205,791,0,0,0,986,infection,327
15.228135213465535,4,0,204,792,0,0,0,986,recovery,386
15.255784407453783,4,0,203,793,0,0,0,986,recovery,22
15.277877465853322,4,0,202,794,0,0,0,986,recovery,504
15.280062897158134,3,0,203,794,0,0,0,987,infection,117
15.329983536676217,3,0,202,795,0,0,0,987,recovery,954
15.332156328629791,3,0,201,796,0,0,0,987,recovery,194
15.336579836033776,3,0,200,797,0,0,0,987,recovery,826
15.349458786776886,3,0,199,798,0,0,0,987,recovery,613
15.351666252733846,3,0,198,799,0,0,0,987,recovery,327
15.451219210285158,3,0,197,800,0,0,0,987,recovery,622
15.453636982973432,3,0,196,801,0,0,0,987,recovery,616
15.62219687221816,3,0,195,802,0,0,0,987,recovery,334
15.668601967944308,3,0,194,803,0,0,0,987,recovery,929
15.743010320405592,3,0,193,804,0,0,0,987,recovery,490
15.770508621184398,3,0,192,805,0,0,0,987,recovery,56
15.77872942304945,3,0,191,806,0,0,0,987,recovery,535
15.79474682637312,3,0,190,807,0,0,0,987,recovery,726
15.8477515973945,3,0,189,808,0,0,0,987,recovery,463
15.853804174465628,3,0,188,809,0,0,0,987,recovery,512
15.8547837345522,3,0,187,810,0,0,0,987,recovery,66
15.86206296215926,3,0,186,811,0,0,0,987,recovery,645
15.865538588221177,3,0,185,812,0,0,0,987,recovery,621
15.984734584823478,3,0,184,813,0,0,0,987,recovery,324
16.008016754672006,3,0,183,814,0,0,0,987,recovery,343
16.050073318127282,3,0,182,815,0,0,0,987,recovery,418
16.09692365537914,3,0,181,816,0,0,0,987,recovery,719
16.098877112162157,3,0,180,817,0,0,0,987,recovery,784
16.1705265346832,3,0,179,818,0,0,0,987,recovery,252
16.17128269499296,3,0,178,819,0,0,0,987,recovery,78
16.173708027347693,3,0,177,820,0,0,0,987,recovery,990
16.19076990447856,3,0,176,821,0,0,0,987,recovery,905
16.201264174457016,3,0,175,822,0,0,0,987,recovery,442
16.244874366214656,3,0,174,823,0,0,0,987,recovery,797
16.297685094315177,3,0,173,824,0,0,0,987,recovery,914
16.36372038877532,3,0,172,825,0,0,0,987,recovery,475
16.433980951866594,3,0,171,826,0,0,0,987,recovery,295
16.47001353849137,3,0,170,827,0,0,0,987,recovery,874
16.47674339282299,3,0,169,828,0,0,0,987,recovery,779
16.48090218845755,3,0,168,829,0,0,0,987,recovery,659
16.508971172932657,3,0,167,830,0,0,0,987,recovery,692
16.57350274612061,3,0,166,831,0,0,0,987,recovery,725
16.62490802103138,3,0,165,832,0,0,0,987,recovery,609
16.903540430814807,3,0,164,833,0,0,0,987,recovery,498
16.967042504941663,3,0,163,834,0,0,0,987,recovery,379
17.055098536634627,3,0,162,835,0,0,0,987,recovery,102
17.083099267332948,3,0,161,836,0,0,0,987,recovery,82
17.161461755421076,3,0,160,837,0,0,0,987,recovery,514
17.286389556106005,3,0,159,838,0,0,0,987,recovery,953
17.296193067773434,3,0,158,839,0,0,0,987,recovery,465
17.338349212162363,3,0,157,840,0,0,0,987,recovery,928
17.354296762634142,3,0,156,841,0,0,0,987,recovery,740
17.36885849675294,3,0,155,842,0,0,0,987,recovery,638
17.384079862610022,3,0,154,843,0,0,0,987,recovery,891
17.41181055821839,3,0,153,844,0,0,0,987,recovery,664
17.480793054120095,3,0,152,845,0,0,0,987,recovery,255
17.490663565814494,3,0,151,846,0,0,0,987,recovery,119
17.503510428144164,3,0,150,847,0,0,0,987,recovery,8
17.55840467015341,3,0,149,848,0,0,0,987,recovery,843
17.644948291799636,3,0,148,849,0,0,0,987,recovery,245
17.669301625027263,3,0,147,850,0,0,0,987,recovery,285
17.727373952760537,3,0,146,851,0,0,0,987,recovery,246
17.762637320063654,3,0,145,852,0,0,0,987,recovery,92
17.814001684448133,3,0,144,853,0,0,0,987,recovery,596
17.852378760764942,3,0,143,854,0,0,0,987,recovery,646
17.948981850209105,3,0,142,855,0,0,0,987,recovery,446
17.979338007497766,3,0,141,856,0,0,0,987,recovery,901
17.99057480615314,3,0,140,857,0,0,0,987,recovery,335
18.027460475805842,3,0,139,858,0,0,0,987,recovery,899
18.034506526142533,3,0,138,859,0,0,0,987,recovery,942
18.084166250195544,3,0,137,860,0,0,0,987,recovery,302
18.296945487526358,3,0,136,861,0,0,0,987,recovery,218
18.31799270851083,3,0,135,862,0,0,0,987,recovery,884
18.325502432711943,3,0,134,863,0,0,0,987,recovery,967
18.427891591488553,3,0,133,864,0,0,0,987,recovery,339
18.451706111343672,3,0,132,865,0,0,0,987,recovery,264
18.488817405079466,3,0,131,866,0,0,0,987,recovery,249
18.681386185336542,3,0,130,867,0,0,0,987,recovery,527
18.818903459157024,3,0,129,868,0,0,0,987,recovery,615
18.905986912684035,3,0,128,869,0,0,0,987,recovery,12
18.935231221552907,3,0,127,870,0,0,0,987,recovery,99
18.981522750626034,3,0,126,871,0,0,0,987,recovery,329
18.99946416588164,3,0,125,872,0,0,0,987,recovery,46
19.036999327293977,3,0,124,873,0,0,0,987,recovery,648
19.139230966320724,3,0,123,874,0,0,0,987,recovery,936
19.170489249347355,3,0,122,875,0,0,0,987,recovery,976
19.19728663252991,3,0,121,876,0,0,0,987,recovery,520
19.20328431063018,3,0,120,877,0,0,0,987,recovery,361
19.296973471251256,3,0,119,878,0,0,0,987,recovery,829
19.30533335527784,3,0,118,879,0,0,0,987,recovery,724
19.531924005488225,3,0,117,880,0,0,0,987,recovery,894
19.59813525419148,3,0,116,881,0,0,0,987,recovery,756
19.680647183326606,3,0,115,882,0,0,0,987,recovery,49
19.7348797357426,3,0,114,883,0,0,0,987,recovery,614
19.778971165131757,3,0,113,884,0,0,0,987,recovery,45
19.883980671916873,3,0,112,885,0,0,0,987,recovery,117
19.95290345543494,3,0,111,886,0,0,0,987,recovery,665
19.95382237378071,3,0,110,887,0,0,0,987,recovery,408
20.034512744347122,3,0,109,888,0,0,0,987,recovery,567
20.11949548036229,3,0,108,889,0,0,0,987,recovery,271
20.1871143611976,3,0,107,890,0,0,0,987,recovery,428
20.33151897123442,2,0,108,890,0,0,0,988,infection,283
20.51169104816464,2,0,107,891,0,0,0,988,recovery,232
20.558861422397264,2,0,106,892,0,0,0,988,recovery,292
20.664192638923993,2,0,105,893,0,0,0,988,recovery,727
20.708379943079496,2,0,104,894,0,0,0,988,recovery,351
20.76559812016238,2,0,103,895,0,0,0,988,recovery,44
20.828903937570967,2,0,102,896,0,0,0,988,recovery,210
20.942615828447973,2,0,101,897,0,0,0,988,recovery,851
21.06833140073374,2,0,100,898,0,0,0,988,recovery,879
21.114254166653268,2,0,99,899,0,0,0,988,recovery,283
21.231616976569136,2,0,98,900,0,0,0,988,recovery,794
21.3763146619124,2,0,97,901,0,0,0,988,recovery,90
21.53205437542896,2,0,96,902,0,0,0,988,recovery,600
21.6162894785925,2,0,95,903,0,0,0,988,recovery,111
21.76552745013377,2,0,94,904,0,0,0,988,recovery,492
21.785633959597845,2,0,93,905,0,0,0,988,recovery,444
21.816733636421375,2,0,92,906,0,0,0,988,recovery,647
21.840516899839685,2,0,91,907,0,0,0,988,recovery,720
21.851740956983154,2,0,90,908,0,0,0,988,recovery,390
21.905435830580387,2,0,89,909,0,0,0,988,recovery,243
21.956666717671933,2,0,88,910,0,0,0,988,recovery,453
22.000659571034177,2,0,87,911,0,0,0,988,recovery,827
22.434451683070655,2,0,86,912,0,0,0,988,recovery,878
22.465337492238824,2,0,85,913,0,0,0,988,recovery,752
22.47399349144134,2,0,84,914,0,0,0,988,recovery,195
22.497968732299526,2,0,83,915,0,0,0,988,recovery,704
22.506864147442762,2,0,82,916,0,0,0,988,recovery,297
22.564935003558222,2,0,81,917,0,0,0,988,recovery,997
22.58923322242741,2,0,80,918,0,0,0,988,recovery,531
22.670522757589254,2,0,79,919,0,0,0,988,recovery,167
22.71804354872452,2,0,78,920,0,0,0,988,recovery,423
22.760783564958707,2,0,77,921,0,0,0,988,recovery,65
22.80772691984741,2,0,76,922,0,0,0,988,recovery,354
22.83382396492415,2,0,75,923,0,0,0,988,recovery,565
22.912891624977213,2,0,74,924,0,0,0,988,recovery,477
23.20542299387483,2,0,73,925,0,0,0,988,recovery,770
23.34277519822357,2,0,72,926,0,0,0,988,recovery,739
23.529822747132368,2,0,71,927,0,0,0,988,recovery,568
23.567036816067667,2,0,70,928,0,0,0,988,recovery,906
23.63879148846467,2,0,69,929,0,0,0,988,recovery,753
23.690718693306227,2,0,68,930,0,0,0,988,recovery,133
23.84275423671512,2,0,67,931,0,0,0,988,recovery,201
23.84356417347148,2,0,66,932,0,0,0,988,recovery,312
24.162291626291175,2,0,65,933,0,0,0,988,recovery,484
24.25205351237666,2,0,64,934,0,0,0,988,recovery,696
24.299585871041426,2,0,63,935,0,0,0,988,recovery,686
24.3081978191723,2,0,62,936,0,0,0,988,recovery,556
24.37382931664607,2,0,61,937,0,0,0,988,recovery,718
24.408979709637094,2,0,60,938,0,0,0,988,recovery,222
24.482617541240042,2,0,59,939,0,0,0,988,recovery,876
24.54640957532778,2,0,58,940,0,0,0,988,recovery,961
24.844593373435483,2,0,57,941,0,0,0,988,recovery,619
25.01521259844046,2,0,56,942,0,0,0,988,recovery,737
25.1184310244878,2,0,55,943,0,0,0,988,recovery,564
25.19025255198922,2,0,54,944,0,0,0,988,recovery,85
25.20374899384483,2,0,53,945,0,0,0,988,recovery,758
25.208476159637765,2,0,52,946,0,0,0,988,recovery,59
25.255178697484617,2,0,51,947,0,0,0,988,recovery,483
25.741275942834513,2,0,50,948,0,0,0,988,recovery,420
25.779686121556566,2,0,49,949,0,0,0,988,recovery,676
25.829254801070064,2,0,48,950,0,0,0,988,recovery,247
25.8943454807366,2,0,47,951,0,0,0,988,recovery,636
26.081437745444408,2,0,46,952,0,0,0,988,recovery,400
26.440733557298916,2,0,45,953,0,0,0,988,recovery,506
26.707283817168985,2,0,44,954,0,0,0,988,recovery,959
26.747870022739683,2,0,43,955,0,0,0,988,recovery,481
26.96155893721017,2,0,42,956,0,0,0,988,recovery,321
27.00234173130254,2,0,41,957,0,0,0,988,recovery,352
27.13271456793174,2,0,40,958,0,0,0,988,recovery,774
27.152920407442323,2,0,39,959,0,0,0,988,recovery,834
27.2530906442924,2,0,38,960,0,0,0,988,recovery,925
27.31403649215763,2,0,37,961,0,0,0,988,recovery,798
27.31783301239541,2,0,36,962,0,0,0,988,recovery,838
27.631343558328105,2,0,35,963,0,0,0,988,recovery,715
27.86825788856071,2,0,34,964,0,0,0,988,recovery,197
27.972767470185566,2,0,33,965,0,0,0,988,recovery,510
28.07274937399186,2,0,32,966,0,0,0,988,recovery,189
28.086388845613822,2,0,31,967,0,0,0,988,recovery,43
28.249790134284055,2,0,30,968,0,0,0,988,recovery,771
28.268729818773522,2,0,29,969,0,0,0,988,recovery,369
28.619239212008438,2,0,28,970,0,0,0,988,recovery,537
28.648493253533676,2,0,27,971,0,0,0,988,recovery,811
28.65510876719967,2,0,26,972,0,0,0,988,recovery,314
28.678824645040674,2,0,25,973,0,0,0,988,recovery,863
28.926401758855583,2,0,24,974,0,0,0,988,recovery,168
29.007534985222875,2,0,23,975,0,0,0,988,recovery,107
29.326715900106073,2,0,22,976,0,0,0,988,recovery,209
29.657120151853697,2,0,21,977,0,0,0,988,recovery,988
30.433198007415196,2,0,20,978,0,0,0,988,recovery,733
31.156603004436267,2,0,19,979,0,0,0,988,recovery,750
31.253422261275915,2,0,18,980,0,0,0,988,recovery,88
31.823780119101347,2,0,17,981,0,0,0,988,recovery,821
31.978368323265755,2,0,16,982,0,0,0,988,recovery,130
33.30933583734729,2,0,15,983,0,0,0,988,recovery,161
33.494943664440626,2,0,14,984,0,0,0,988,recovery,912
33.66422934225893,2,0,13,985,0,0,0,988,recovery,106
34.29317432303531,2,0,12,986,0,0,0,988,recovery,315
34.71115105284286,2,0,11,987,0,0,0,988,recovery,323
35.523165218162625,2,0,10,988,0,0,0,988,recovery,865
35.75494574080981,2,0,9,989,0,0,0,988,recovery,970
37.04484566349934,2,0,8,990,0,0,0,988,recovery,372
37.16015009723726,2,0,7,991,0,0,0,988,recovery,177
37.34704844234757,2,0,6,992,0,0,0,988,recovery,528
38.513528005083536,2,0,5,993,0,0,0,988,recovery,655
39.50277392427831,2,0,4,994,0,0,0,988,recovery,182
40.0,2,0,4,994,0,0,0,988,horizon,0
