t,S,E,I,R,births,deaths,vaccinated,infections,event,person
0.0,990,0,10,0,0,0,0,0,initial,0
0.07795662834449746,989,0,11,0,0,0,0,1,infection,329
0.13129002986469587,989,0,10,1,0,0,0,1,recovery,998
0.15514821177402435,988,0,11,1,0,0,0,2,infection,676
0.40528298846495525,987,0,12,1,0,0,0,3,infection,735
0.6634797012242357,987,0,11,2,0,0,0,3,recovery,329
0.754564671294475,987,0,10,3,0,0,0,3,recovery,992
0.7769930496252405,987,0,9,4,0,0,0,3,recovery,1000
0.8126446044431054,987,0,8,5,0,0,0,3,recovery,996
0.8941348346747944,986,0,9,5,0,0,0,4,infection,915
1.3663141519995292,985,0,10,5,0,0,0,5,infection,57
1.4532262540313803,985,0,9,6,0,0,0,5,recovery,735
1.7718753596523862,984,0,10,6,0,0,0,6,infection,232
1.9598365312834998,983,0,11,6,0,0,0,7,infection,363
1.9624519257756254,982,0,12,6,0,0,0,8,infection,825
2.0018079476867285,982,0,11,7,0,0,0,8,recovery,363
2.16397670615116,981,0,12,7,0,0,0,9,infection,770
2.231157070698342,980,0,13,7,0,0,0,10,infection,553
2.3100764634766877,979,0,14,7,0,0,0,11,infection,968
2.3914716626127723,979,0,13,8,0,0,0,11,recovery,997
2.5600975859766906,978,0,14,8,0,0,0,12,infection,930
2.5773849933939994,977,0,15,8,0,0,0,13,infection,905
3.1283013122570575,976,0,16,8,0,0,0,14,infection,250
3.253782387189603,976,0,15,9,0,0,0,14,recovery,825
3.4388398649167304,975,0,16,9,0,0,0,15,infection,393
3.4433198428551712,974,0,17,9,0,0,0,16,infection,445
3.5252954043703912,973,0,18,9,0,0,0,17,infection,803
3.7242642293488415,972,0,19,9,0,0,0,18,infection,891
3.8561213800784016,972,0,18,10,0,0,0,18,recovery,968
4.188504639404028,972,0,17,11,0,0,0,18,recovery,994
4.326849151720216,972,0,16,12,0,0,0,18,recovery,232
4.327166958025636,971,0,17,12,0,0,0,19,infection,221
4.345386757575257,970,0,18,12,0,0,0,20,infection,723
4.360542680311006,969,0,19,12,0,0,0,21,infection,849
4.488542907488433,968,0,20,12,0,0,0,22,infection,809
4.536418336199803,967,0,21,12,0,0,0,23,infection,593
4.635993346885639,967,0,20,13,0,0,0,23,recovery,803
4.717595252611513,966,0,21,13,0,0,0,24,infection,33
4.781555994251719,965,0,22,13,0,0,0,25,infection,336
4.826656510506925,964,0,23,13,0,0,0,26,infection,644
4.844282592141951,963,0,24,13,0,0,0,27,infection,134
4.904017956642121,963,0,23,14,0,0,0,27,recovery,644
4.979015571516173,962,0,24,14,0,0,0,28,infection,578
5.008451631041067,962,0,23,15,0,0,0,28,recovery,57
5.053490725325861,961,0,24,15,0,0,0,29,infection,922
5.1069647602259245,960,0,25,15,0,0,0,30,infection,663
5.227211714350235,960,0,24,16,0,0,0,30,recovery,663
5.236957526753937,960,0,23,17,0,0,0,30,recovery,770
5.2552884933084725,959,0,24,17,0,0,0,31,infection,552
5.3098171029308965,959,0,23,18,0,0,0,31,recovery,250
5.355992690384372,958,0,24,18,0,0,0,32,infection,155
5.413209774536938,957,0,25,18,0,0,0,33,infection,929
5.57215521856559,956,0,26,18,0,0,0,34,infection,974
5.623155728005952,955,0,27,18,0,0,0,35,infection,22
5.645609692384847,955,0,26,19,0,0,0,35,recovery,993
5.680005621976893,955,0,25,20,0,0,0,35,recovery,849
5.69380713008453,954,0,26,20,0,0,0,36,infection,577
5.6952025241764455,953,0,27,20,0,0,0,37,infection,354
5.7381428959794425,952,0,28,20,0,0,0,38,infection,781
5.778448662402053,951,0,29,20,0,0,0,39,infection,388
5.844225773043011,950,0,30,20,0,0,0,40,infection,313
5.848163488536225,949,0,31,20,0,0,0,41,infection,53
5.867222094532058,948,0,32,20,0,0,0,42,infection,632
6.0312783642137315,947,0,33,20,0,0,0,43,infection,751
6.073293695693625,946,0,34,20,0,0,0,44,infection,703
6.085584126584686,946,0,33,21,0,0,0,44,recovery,809
6.114140092616474,945,0,34,21,0,0,0,45,infection,83
6.180986983850737,944,0,35,21,0,0,0,46,infection,246
6.212138931130782,943,0,36,21,0,0,0,47,infection,481
6.224227259650657,942,0,37,21,0,0,0,48,infection,185
6.239513702476259,941,0,38,21,0,0,0,49,infection,466
6.268946940086262,940,0,39,21,0,0,0,50,infection,800
6.294249616218092,939,0,40,21,0,0,0,51,infection,127
6.320816544823579,938,0,41,21,0,0,0,52,infection,765
6.3592279148323945,937,0,42,21,0,0,0,53,infection,856
6.3971938155566646,937,0,41,22,0,0,0,53,recovery,781
6.423333985538787,937,0,40,23,0,0,0,53,recovery,632
6.505375014592066,936,0,41,23,0,0,0,54,infection,886
6.5070434276341915,936,0,40,24,0,0,0,54,recovery,886
6.514939711481585,935,0,41,24,0,0,0,55,infection,139
6.517896362290847,934,0,42,24,0,0,0,56,infection,142
6.517924289080424,933,0,43,24,0,0,0,57,infection,200
6.5482985909643245,932,0,44,24,0,0,0,58,infection,99
6.6052646384447975,931,0,45,24,0,0,0,59,infection,706
6.6865484989577455,930,0,46,24,0,0,0,60,infection,895
6.6977670756200585,929,0,47,24,0,0,0,61,infection,918
6.705136415079798,929,0,46,25,0,0,0,61,recovery,765
6.73119049546535,928,0,47,25,0,0,0,62,infection,43
6.747514090531821,927,0,48,25,0,0,0,63,infection,869
6.765789274471641,926,0,49,25,0,0,0,64,infection,722
6.768167694561325,926,0,48,26,0,0,0,64,recovery,922
6.785258259673331,925,0,49,26,0,0,0,65,infection,598
6.800083834725585,925,0,48,27,0,0,0,65,recovery,33
6.805616621874463,924,0,49,27,0,0,0,66,infection,229
6.853280180193094,924,0,48,28,0,0,0,66,recovery,974
6.869301192816877,923,0,49,28,0,0,0,67,infection,579
6.884197816609783,923,0,48,29,0,0,0,67,recovery,336
6.927613099133279,922,0,49,29,0,0,0,68,infection,473
7.026290225692218,921,0,50,29,0,0,0,69,infection,164
7.060080244008398,920,0,51,29,0,0,0,70,infection,195
7.067179320732774,919,0,52,29,0,0,0,71,infection,103
7.108803035857177,918,0,53,29,0,0,0,72,infection,523
7.141602783672298,918,0,52,30,0,0,0,72,recovery,999
7.15363896141723,917,0,53,30,0,0,0,73,infection,682
7.1809049481338585,917,0,52,31,0,0,0,73,recovery,703
7.212643369624452,916,0,53,31,0,0,0,74,infection,341
7.238503723279909,915,0,54,31,0,0,0,75,infection,617
7.284851049617382,915,0,53,32,0,0,0,75,recovery,473
7.366433130919766,914,0,54,32,0,0,0,76,infection,710
7.376694208614433,914,0,53,33,0,0,0,76,recovery,22
7.392974765073834,913,0,54,33,0,0,0,77,infection,964
7.3931187727366385,912,0,55,33,0,0,0,78,infection,156
7.440216967267293,911,0,56,33,0,0,0,79,infection,66
7.4495056319070425,910,0,57,33,0,0,0,80,infection,890
7.509102446321965,910,0,56,34,0,0,0,80,recovery,127
7.5202726502683435,910,0,55,35,0,0,0,80,recovery,593
7.535830945316986,909,0,56,35,0,0,0,81,infection,917
7.54329639685262,908,0,57,35,0,0,0,82,infection,21
7.543681399353751,907,0,58,35,0,0,0,83,infection,944
7.59233372492058,907,0,57,36,0,0,0,83,recovery,598
7.614880045520554,906,0,58,36,0,0,0,84,infection,727
7.640627834017962,905,0,59,36,0,0,0,85,infection,828
7.6460628078202975,904,0,60,36,0,0,0,86,infection,525
7.66014587149896,903,0,61,36,0,0,0,87,infection,546
7.665272618059431,903,0,60,37,0,0,0,87,recovery,200
7.686228059481848,902,0,61,37,0,0,0,88,infection,464
7.698339294317147,902,0,60,38,0,0,0,88,recovery,918
7.7064378050196485,901,0,61,38,0,0,0,89,infection,846
7.768390347536275,900,0,62,38,0,0,0,90,infection,491
7.804047186380948,900,0,61,39,0,0,0,90,recovery,491
7.817989971776395,899,0,62,39,0,0,0,91,infection,480
7.856837684005861,898,0,63,39,0,0,0,92,infection,41
7.889230069489662,897,0,64,39,0,0,0,93,infection,496
7.90420032250634,896,0,65,39,0,0,0,94,infection,933
7.964493938371143,895,0,66,39,0,0,0,95,infection,687
7.993343213839772,894,0,67,39,0,0,0,96,infection,750
8.01353886109788,894,0,66,40,0,0,0,96,recovery,682
8.091849095668609,894,0,65,41,0,0,0,96,recovery,800
8.097298128382628,893,0,66,41,0,0,0,97,infection,73
8.09897983940317,892,0,67,41,0,0,0,98,infection,535
8.14830832636449,891,0,68,41,0,0,0,99,infection,265
8.164150156918398,890,0,69,41,0,0,0,100,infection,382
8.164898916258036,890,0,68,42,0,0,0,100,recovery,905
8.274829098516875,890,0,67,43,0,0,0,100,recovery,142
8.2923203257102,890,0,66,44,0,0,0,100,recovery,496
8.30544091543439,890,0,65,45,0,0,0,100,recovery,382
8.316546637030477,889,0,66,45,0,0,0,101,infection,111
8.335355633532336,888,0,67,45,0,0,0,102,infection,298
8.348496018012403,888,0,66,46,0,0,0,102,recovery,73
8.369831867115344,888,0,65,47,0,0,0,102,recovery,341
8.373914749462507,887,0,66,47,0,0,0,103,infection,675
8.394633474243394,886,0,67,47,0,0,0,104,infection,605
8.40057050136646,885,0,68,47,0,0,0,105,infection,833
8.403256037748394,884,0,69,47,0,0,0,106,infection,626
8.430372561068134,883,0,70,47,0,0,0,107,infection,226
8.443453766617043,883,0,69,48,0,0,0,107,recovery,710
8.487051714175077,882,0,70,48,0,0,0,108,infection,288
8.492709396035409,882,0,69,49,0,0,0,108,recovery,750
8.52034176802647,882,0,68,50,0,0,0,108,recovery,553
8.5385273089752,881,0,69,50,0,0,0,109,infection,694
8.543942373305622,881,0,68,51,0,0,0,109,recovery,869
8.632398078412123,881,0,67,52,0,0,0,109,recovery,139
8.64994476488548,880,0,68,52,0,0,0,110,infection,981
8.651547156731358,879,0,69,52,0,0,0,111,infection,107
8.655478346023301,879,0,68,53,0,0,0,111,recovery,298
8.657594743770245,879,0,67,54,0,0,0,111,recovery,833
8.679416882146434,879,0,66,55,0,0,0,111,recovery,846
8.69175931640383,878,0,67,55,0,0,0,112,infection,503
8.700628554956966,877,0,68,55,0,0,0,113,infection,223
8.705444932279043,876,0,69,55,0,0,0,114,infection,349
8.716240189940336,875,0,70,55,0,0,0,115,infection,866
8.720296870584772,874,0,71,55,0,0,0,116,infection,35
8.720724540574583,874,0,70,56,0,0,0,116,recovery,83
8.728197100746414,874,0,69,57,0,0,0,116,recovery,605
8.760212361056427,873,0,70,57,0,0,0,117,infection,830
8.776443776070266,872,0,71,57,0,0,0,118,infection,884
8.845660250990544,871,0,72,57,0,0,0,119,infection,335
8.883862751729346,871,0,71,58,0,0,0,119,recovery,884
8.89381913538167,870,0,72,58,0,0,0,120,infection,691
8.933996301717743,869,0,73,58,0,0,0,121,infection,978
8.983713463370085,869,0,72,59,0,0,0,121,recovery,895
8.990386459368931,868,0,73,59,0,0,0,122,infection,970
9.011342684900093,867,0,74,59,0,0,0,123,infection,483
9.040382567784967,866,0,75,59,0,0,0,124,infection,20
9.057711464578828,865,0,76,59,0,0,0,125,infection,785
9.060936579052152,864,0,77,59,0,0,0,126,infection,55
9.08160461260277,863,0,78,59,0,0,0,127,infection,487
9.08409139998905,863,0,77,60,0,0,0,127,recovery,964
9.124571198415973,862,0,78,60,0,0,0,128,infection,935
9.134515063414623,861,0,79,60,0,0,0,129,infection,402
9.14804834754669,860,0,80,60,0,0,0,130,infection,61
9.156615153421138,859,0,81,60,0,0,0,131,infection,575
9.206855747728973,859,0,80,61,0,0,0,131,recovery,694
9.232401429880106,859,0,79,62,0,0,0,131,recovery,388
9.238108181516154,858,0,80,62,0,0,0,132,infection,984
9.24511807412779,857,0,81,62,0,0,0,133,infection,763
9.24786418559367,856,0,82,62,0,0,0,134,infection,681
9.273031930923812,856,0,81,63,0,0,0,134,recovery,525
9.291112482823563,855,0,82,63,0,0,0,135,infection,228
9.339024771720885,855,0,81,64,0,0,0,135,recovery,445
9.345425217611234,854,0,82,64,0,0,0,136,infection,542
9.374024577702853,854,0,81,65,0,0,0,136,recovery,349
9.40976283745667,853,0,82,65,0,0,0,137,infection,478
9.413038258956565,852,0,83,65,0,0,0,138,infection,292
9.435256046897472,851,0,84,65,0,0,0,139,infection,939
9.44453155151658,850,0,85,65,0,0,0,140,infection,348
9.489078189726015,849,0,86,65,0,0,0,141,infection,629
9.505891783241507,848,0,87,65,0,0,0,142,infection,701
9.519631371810616,848,0,86,66,0,0,0,142,recovery,629
9.529068988304445,848,0,85,67,0,0,0,142,recovery,706
9.591908520647062,847,0,86,67,0,0,0,143,infection,189
9.62552801204375,846,0,87,67,0,0,0,144,infection,865
9.638898227531673,845,0,88,67,0,0,0,145,infection,498
9.692970649958468,844,0,89,67,0,0,0,146,infection,931
9.702260237043667,843,0,90,67,0,0,0,147,infection,106
9.720472619876674,842,0,91,67,0,0,0,148,infection,192
9.728506117978469,842,0,90,68,0,0,0,148,recovery,981
9.740697054171557,842,0,89,69,0,0,0,148,recovery,335
9.743467790734764,841,0,90,69,0,0,0,149,infection,524
9.750197613643302,840,0,91,69,0,0,0,150,infection,69
9.752146841328111,839,0,92,69,0,0,0,151,infection,216
9.773828165066064,838,0,93,69,0,0,0,152,infection,214
9.774186640954287,837,0,94,69,0,0,0,153,infection,277
9.774683501121267,836,0,95,69,0,0,0,154,infection,979
9.798231899270174,835,0,96,69,0,0,0,155,infection,841
9.818928121353068,834,0,97,69,0,0,0,156,infection,960
9.820267401434776,833,0,98,69,0,0,0,157,infection,149
9.835926132972812,832,0,99,69,0,0,0,158,infection,941
9.840585814176581,831,0,100,69,0,0,0,159,infection,611
9.842770947851305,830,0,101,69,0,0,0,160,infection,870
9.845287520581413,829,0,102,69,0,0,0,161,infection,583
9.88420300640716,828,0,103,69,0,0,0,162,infection,174
9.913686902267461,827,0,104,69,0,0,0,163,infection,80
9.920532256655093,826,0,105,69,0,0,0,164,infection,79
9.94375715226015,825,0,106,69,0,0,0,165,infection,230
9.9574198948128,825,0,105,70,0,0,0,165,recovery,944
9.97764588253704,825,0,104,71,0,0,0,165,recovery,277
9.980192950815015,824,0,105,71,0,0,0,166,infection,165
9.995427514527384,823,0,106,71,0,0,0,167,infection,919
10.00152513181772,822,0,107,71,0,0,0,168,infection,27
10.006867478412559,822,0,106,72,0,0,0,168,recovery,727
10.036651565184195,821,0,107,72,0,0,0,169,infection,594
10.066093474313162,820,0,108,72,0,0,0,170,infection,220
10.079575719819747,819,0,109,72,0,0,0,171,infection,858
10.098048652016292,818,0,110,72,0,0,0,172,infection,488
10.10194814318417,818,0,109,73,0,0,0,172,recovery,220
10.112268394840221,817,0,110,73,0,0,0,173,infection,234
10.112730526145945,816,0,111,73,0,0,0,174,infection,109
10.139869068114987,815,0,112,73,0,0,0,175,infection,596
10.141686924563588,814,0,113,73,0,0,0,176,infection,320
10.150550802700941,813,0,114,73,0,0,0,177,infection,831
10.184975123153386,812,0,115,73,0,0,0,178,infection,253
10.191920486727954,812,0,114,74,0,0,0,178,recovery,216
10.235503392120249,812,0,113,75,0,0,0,178,recovery,535
10.245216997499027,811,0,114,75,0,0,0,179,infection,323
10.25418730871167,811,0,113,76,0,0,0,179,recovery,464
10.255631507497961,811,0,112,77,0,0,0,179,recovery,480
10.262395946578783,810,0,113,77,0,0,0,180,infection,920
10.268979956953741,809,0,114,77,0,0,0,181,infection,861
10.287417703139973,808,0,115,77,0,0,0,182,infection,435
10.305476312459124,807,0,116,77,0,0,0,183,infection,569
10.308214699048879,807,0,115,78,0,0,0,183,recovery,189
10.309098580847321,806,0,116,78,0,0,0,184,infection,788
10.333917826768312,805,0,117,78,0,0,0,185,infection,760
10.35757549359698,804,0,118,78,0,0,0,186,infection,278
10.36099841288355,803,0,119,78,0,0,0,187,infection,122
10.402893913704617,803,0,118,79,0,0,0,187,recovery,890
10.408372084660067,802,0,119,79,0,0,0,188,infection,943
10.412039860236172,801,0,120,79,0,0,0,189,infection,507
10.435716891178178,801,0,119,80,0,0,0,189,recovery,20
10.448415437016603,800,0,120,80,0,0,0,190,infection,705
10.448758046270084,799,0,121,80,0,0,0,191,infection,655
10.47258923032451,798,0,122,80,0,0,0,192,infection,648
10.474387434965811,797,0,123,80,0,0,0,193,infection,790
10.491016786821614,796,0,124,80,0,0,0,194,infection,169
10.500177577463178,795,0,125,80,0,0,0,195,infection,977
10.500746486761921,794,0,126,80,0,0,0,196,infection,258
10.515362490186305,793,0,127,80,0,0,0,197,infection,482
10.533422437829593,792,0,128,80,0,0,0,198,infection,151
10.539126230582436,792,0,127,81,0,0,0,198,recovery,891
10.545852114856622,791,0,128,81,0,0,0,199,infection,877
10.549521480328817,791,0,127,82,0,0,0,199,recovery,265
10.552668539326447,790,0,128,82,0,0,0,200,infection,398
10.567623796692073,789,0,129,82,0,0,0,201,infection,414
10.570016448981468,789,0,128,83,0,0,0,201,recovery,66
10.577440496396399,788,0,129,83,0,0,0,202,infection,940
10.616166989047699,787,0,130,83,0,0,0,203,infection,306
10.616849514717268,786,0,131,83,0,0,0,204,infection,909
10.644317683081747,785,0,132,83,0,0,0,205,infection,45
10.651563222939036,784,0,133,83,0,0,0,206,infection,420
10.66052408484012,783,0,134,83,0,0,0,207,infection,459
10.676078858528701,782,0,135,83,0,0,0,208,infection,74
10.676590652272786,782,0,134,84,0,0,0,208,recovery,498
10.692511973461983,782,0,133,85,0,0,0,208,recovery,164
10.709970051693448,781,0,134,85,0,0,0,209,infection,508
10.75312532773959,780,0,135,85,0,0,0,210,infection,853
10.771673270621324,779,0,136,85,0,0,0,211,infection,10
10.772896685348975,779,0,135,86,0,0,0,211,recovery,723
10.778654648422712,779,0,134,87,0,0,0,211,recovery,929
10.790085666736587,779,0,133,88,0,0,0,211,recovery,785
10.847564080406908,779,0,132,89,0,0,0,211,recovery,229
10.849397155341398,778,0,133,89,0,0,0,212,infection,852
10.88681151028963,777,0,134,89,0,0,0,213,infection,29
10.913793078203929,777,0,133,90,0,0,0,213,recovery,939
10.937227038615035,776,0,134,90,0,0,0,214,infection,285
10.937372509136178,775,0,135,90,0,0,0,215,infection,289
10.946899050982777,774,0,136,90,0,0,0,216,infection,18
10.962357156665407,774,0,135,91,0,0,0,216,recovery,655
10.9706322397176,773,0,136,91,0,0,0,217,infection,333
10.983028297823056,773,0,135,92,0,0,0,217,recovery,594
10.988036849762647,772,0,136,92,0,0,0,218,infection,604
11.017956012565861,771,0,137,92,0,0,0,219,infection,959
11.019154261652767,770,0,138,92,0,0,0,220,infection,889
11.02770995615112,769,0,139,92,0,0,0,221,infection,698
11.029873639593964,768,0,140,92,0,0,0,222,infection,497
11.049697089183384,767,0,141,92,0,0,0,223,infection,819
11.071459571661292,766,0,142,92,0,0,0,224,infection,771
11.074800202622463,766,0,141,93,0,0,0,224,recovery,230
11.088010459950127,766,0,140,94,0,0,0,224,recovery,596
11.088392583507062,765,0,141,94,0,0,0,225,infection,347
11.11583029187323,764,0,142,94,0,0,0,226,infection,286
11.141394425305556,764,0,141,95,0,0,0,226,recovery,853
11.145480209412113,763,0,142,95,0,0,0,227,infection,516
11.188778029622569,762,0,143,95,0,0,0,228,infection,267
11.191529110414443,761,0,144,95,0,0,0,229,infection,434
11.201412697418055,760,0,145,95,0,0,0,230,infection,887
11.201646690123287,760,0,144,96,0,0,0,230,recovery,348
11.21163829311215,760,0,143,97,0,0,0,230,recovery,790
11.216967975947014,759,0,144,97,0,0,0,231,infection,796
11.2291094223722,758,0,145,97,0,0,0,232,infection,625
11.23845221118091,758,0,144,98,0,0,0,232,recovery,149
11.241641681403927,757,0,145,98,0,0,0,233,infection,986
11.242358763700132,756,0,146,98,0,0,0,234,infection,658
11.25752166049312,755,0,147,98,0,0,0,235,infection,255
11.294582906384278,754,0,148,98,0,0,0,236,infection,665
11.297823933347102,754,0,147,99,0,0,0,236,recovery,80
11.338683172741558,753,0,148,99,0,0,0,237,infection,591
11.340784129301177,752,0,149,99,0,0,0,238,infection,530
11.346244107938386,752,0,148,100,0,0,0,238,recovery,852
11.346910130229723,751,0,149,100,0,0,0,239,infection,715
11.353389949840778,751,0,148,101,0,0,0,239,recovery,915
11.406161600372652,751,0,147,102,0,0,0,239,recovery,483
11.428270136331298,751,0,146,103,0,0,0,239,recovery,917
11.451779501730305,750,0,147,103,0,0,0,240,infection,637
11.46467672167503,749,0,148,103,0,0,0,241,infection,601
11.466948978568219,748,0,149,103,0,0,0,242,infection,902
11.46796633225041,747,0,150,103,0,0,0,243,infection,736
11.485840912167138,747,0,149,104,0,0,0,243,recovery,552
11.506951974028807,746,0,150,104,0,0,0,244,infection,70
11.517947926012265,745,0,151,104,0,0,0,245,infection,284
11.524472938958567,745,0,150,105,0,0,0,245,recovery,99
11.527372021786604,744,0,151,105,0,0,0,246,infection,928
11.549176171731634,743,0,152,105,0,0,0,247,infection,921
11.565220066199641,742,0,153,105,0,0,0,248,infection,457
11.569075198931927,742,0,152,106,0,0,0,248,recovery,935
11.57631716778876,741,0,153,106,0,0,0,249,infection,547
11.57816537789147,741,0,152,107,0,0,0,249,recovery,687
11.601985546361036,741,0,151,108,0,0,0,249,recovery,648
11.615161054153994,740,0,152,108,0,0,0,250,infection,231
11.638618038153888,739,0,153,108,0,0,0,251,infection,832
11.644078399591674,738,0,154,108,0,0,0,252,infection,646
11.652732549045654,737,0,155,108,0,0,0,253,infection,766
11.670451201079619,737,0,154,109,0,0,0,253,recovery,103
11.673604323662977,736,0,155,109,0,0,0,254,infection,776
11.690595560586988,735,0,156,109,0,0,0,255,infection,458
11.696494773394615,734,0,157,109,0,0,0,256,infection,720
11.700378362708843,733,0,158,109,0,0,0,257,infection,740
11.704605759788496,733,0,157,110,0,0,0,257,recovery,705
11.705998188055814,732,0,158,110,0,0,0,258,infection,413
11.748118487233707,731,0,159,110,0,0,0,259,infection,227
11.764801830404549,731,0,158,111,0,0,0,259,recovery,487
11.768744498642416,730,0,159,111,0,0,0,260,infection,64
11.771962312784055,730,0,158,112,0,0,0,260,recovery,681
11.772034820884238,730,0,157,113,0,0,0,260,recovery,226
11.772983333251366,729,0,158,113,0,0,0,261,infection,36
11.842880785934835,728,0,159,113,0,0,0,262,infection,49
11.842895453967918,728,0,158,114,0,0,0,262,recovery,861
11.845035543114708,727,0,159,114,0,0,0,263,infection,643
11.847212009764071,726,0,160,114,0,0,0,264,infection,618
11.86312827181045,726,0,159,115,0,0,0,264,recovery,70
11.863920727525862,726,0,158,116,0,0,0,264,recovery,866
11.868022281797893,725,0,159,116,0,0,0,265,infection,6
11.869371367159234,724,0,160,116,0,0,0,266,infection,218
11.878277659105303,723,0,161,116,0,0,0,267,infection,534
11.886108329698661,722,0,162,116,0,0,0,268,infection,945
11.898929097289882,722,0,161,117,0,0,0,268,recovery,289
11.907621983929564,721,0,162,117,0,0,0,269,infection,716
11.91751832278759,720,0,163,117,0,0,0,270,infection,411
11.918083745391488,719,0,164,117,0,0,0,271,infection,558
11.91950017832186,719,0,163,118,0,0,0,271,recovery,933
11.934352909632215,718,0,164,118,0,0,0,272,infection,973
11.95078013893045,717,0,165,118,0,0,0,273,infection,550
11.971274457752324,716,0,166,118,0,0,0,274,infection,588
11.974033861824955,715,0,167,118,0,0,0,275,infection,971
11.97918641997802,714,0,168,118,0,0,0,276,infection,249
11.986488648419911,714,0,167,119,0,0,0,276,recovery,577
11.987001650619177,713,0,168,119,0,0,0,277,infection,506
11.990081945582999,712,0,169,119,0,0,0,278,infection,421
12.001688831324776,711,0,170,119,0,0,0,279,infection,780
12.002803781125031,710,0,171,119,0,0,0,280,infection,563
12.010558548396084,710,0,170,120,0,0,0,280,recovery,902
12.01634677987147,710,0,169,121,0,0,0,280,recovery,106
12.017135981056612,710,0,168,122,0,0,0,280,recovery,877
12.022097630521678,709,0,169,122,0,0,0,281,infection,381
12.022919841168369,708,0,170,122,0,0,0,282,infection,595
12.027465977874082,707,0,171,122,0,0,0,283,infection,792
12.030156341740453,706,0,172,122,0,0,0,284,infection,396
12.059959819255475,706,0,171,123,0,0,0,284,recovery,792
12.062613282363312,705,0,172,123,0,0,0,285,infection,732
12.06609064234261,704,0,173,123,0,0,0,286,infection,620
12.066878373226269,703,0,174,123,0,0,0,287,infection,500
12.071478905973708,703,0,173,124,0,0,0,287,recovery,253
12.086937596677325,703,0,172,125,0,0,0,287,recovery,530
12.10136052692115,702,0,173,125,0,0,0,288,infection,729
12.123786733510132,701,0,174,125,0,0,0,289,infection,475
12.130229050047783,701,0,173,126,0,0,0,289,recovery,588
12.13417543582693,701,0,172,127,0,0,0,289,recovery,313
12.148199901339943,700,0,173,127,0,0,0,290,infection,976
12.148279107720576,700,0,172,128,0,0,0,290,recovery,919
12.155361389202724,699,0,173,128,0,0,0,291,infection,650
12.16834127954381,698,0,174,128,0,0,0,292,infection,180
12.176294188974957,697,0,175,128,0,0,0,293,infection,97
12.188846488276107,696,0,176,128,0,0,0,294,infection,184
12.195468188551274,695,0,177,128,0,0,0,295,infection,282
12.201989766041217,695,0,176,129,0,0,0,295,recovery,396
12.210823804550467,694,0,177,129,0,0,0,296,infection,511
12.218719656586938,693,0,178,129,0,0,0,297,infection,900
12.250184711323978,692,0,179,129,0,0,0,298,infection,762
12.253389941459544,691,0,180,129,0,0,0,299,infection,296
12.266215905111311,691,0,179,130,0,0,0,299,recovery,760
12.267389417798492,691,0,178,131,0,0,0,299,recovery,402
12.272180726317247,690,0,179,131,0,0,0,300,infection,198
12.300272798475689,689,0,180,131,0,0,0,301,infection,211
12.302971555577848,688,0,181,131,0,0,0,302,infection,365
12.307295006033502,688,0,180,132,0,0,0,302,recovery,595
12.311180757676473,687,0,181,132,0,0,0,303,infection,342
12.313524024718031,686,0,182,132,0,0,0,304,infection,138
12.326734845995048,686,0,181,133,0,0,0,304,recovery,500
12.342164476635817,685,0,182,133,0,0,0,305,infection,423
12.356962130300976,685,0,181,134,0,0,0,305,recovery,940
12.359227887754352,684,0,182,134,0,0,0,306,infection,845
12.365368631680225,684,0,181,135,0,0,0,306,recovery,832
12.39280186198545,684,0,180,136,0,0,0,306,recovery,421
12.40163139288848,683,0,181,136,0,0,0,307,infection,389
12.407386595488378,683,0,180,137,0,0,0,307,recovery,978
12.430839857750245,683,0,179,138,0,0,0,307,recovery,221
12.443023620655264,682,0,180,138,0,0,0,308,infection,295
12.443314060103543,681,0,181,138,0,0,0,309,infection,303
12.471355794148367,681,0,180,139,0,0,0,309,recovery,858
12.481217419153658,681,0,179,140,0,0,0,309,recovery,21
12.495563115374159,681,0,178,141,0,0,0,309,recovery,920
12.50308764679702,680,0,179,141,0,0,0,310,infection,206
12.526186865839751,679,0,180,141,0,0,0,311,infection,707
12.53467106955898,678,0,181,141,0,0,0,312,infection,368
12.540148345772373,677,0,182,141,0,0,0,313,infection,672
12.549915298207278,676,0,183,141,0,0,0,314,infection,639
12.567594187353901,675,0,184,141,0,0,0,315,infection,385
12.57679069646273,675,0,183,142,0,0,0,315,recovery,288
12.590495564430318,674,0,184,142,0,0,0,316,infection,955
12.593237417755137,673,0,185,142,0,0,0,317,infection,775
12.605544499542964,672,0,186,142,0,0,0,318,infection,95
12.616057197632006,671,0,187,142,0,0,0,319,infection,430
12.6234901501727,671,0,186,143,0,0,0,319,recovery,195
12.631914967351697,671,0,185,144,0,0,0,319,recovery,184
12.654064841769724,670,0,186,144,0,0,0,320,infection,948
12.672473612860857,669,0,187,144,0,0,0,321,infection,91
12.692556864561979,668,0,188,144,0,0,0,322,infection,527
12.701363668974206,667,0,189,144,0,0,0,323,infection,408
12.703447420104963,666,0,190,144,0,0,0,324,infection,147
12.708971711300048,666,0,189,145,0,0,0,324,recovery,828
12.725862124259047,665,0,190,145,0,0,0,325,infection,152
12.755904443272815,664,0,191,145,0,0,0,326,infection,537
12.755910535092072,663,0,192,145,0,0,0,327,infection,448
12.775449013692763,662,0,193,145,0,0,0,328,infection,177
12.781603182072397,661,0,194,145,0,0,0,329,infection,463
12.786243961126592,661,0,193,146,0,0,0,329,recovery,527
12.79489650457154,660,0,194,146,0,0,0,330,infection,78
12.800999933495627,660,0,193,147,0,0,0,330,recovery,984
12.825283375936369,660,0,192,148,0,0,0,330,recovery,601
12.833220661406829,659,0,193,148,0,0,0,331,infection,778
12.833923380334348,658,0,194,148,0,0,0,332,infection,684
12.865694271588705,658,0,193,149,0,0,0,332,recovery,385
12.876890200572397,658,0,192,150,0,0,0,332,recovery,234
12.900366553449453,658,0,191,151,0,0,0,332,recovery,909
12.935659385540864,657,0,192,151,0,0,0,333,infection,802
12.93946261520031,656,0,193,151,0,0,0,334,infection,627
12.948209460913045,655,0,194,151,0,0,0,335,infection,662
12.957960264997515,654,0,195,151,0,0,0,336,infection,894
12.96506893328386,654,0,194,152,0,0,0,336,recovery,819
12.980578343174125,654,0,193,153,0,0,0,336,recovery,282
12.991100074576387,654,0,192,154,0,0,0,336,recovery,976
13.00026259452388,653,0,193,154,0,0,0,337,infection,652
13.000713776556854,652,0,194,154,0,0,0,338,infection,823
13.027240620640644,651,0,195,154,0,0,0,339,infection,424
13.032461441280997,651,0,194,155,0,0,0,339,recovery,457
13.047475245013311,650,0,195,155,0,0,0,340,infection,702
13.051461829855825,650,0,194,156,0,0,0,340,recovery,122
13.072541913219542,649,0,195,156,0,0,0,341,infection,176
13.09680394866982,649,0,194,157,0,0,0,341,recovery,218
13.098191521101116,648,0,195,157,0,0,0,342,infection,290
13.175098129053831,648,0,194,158,0,0,0,342,recovery,246
13.176665346184492,648,0,193,159,0,0,0,342,recovery,646
13.187104685175317,647,0,194,159,0,0,0,343,infection,186
13.194763587485388,646,0,195,159,0,0,0,344,infection,1
13.209277948039631,645,0,196,159,0,0,0,345,infection,219
13.218783429124532,644,0,197,159,0,0,0,346,infection,982
13.229011024410527,644,0,196,160,0,0,0,346,recovery,507
13.236377430991126,643,0,197,160,0,0,0,347,infection,384
13.237657165180263,642,0,198,160,0,0,0,348,infection,668
13.242201812043131,642,0,197,161,0,0,0,348,recovery,865
13.253918398734486,641,0,198,161,0,0,0,349,infection,927
13.270057079091806,641,0,197,162,0,0,0,349,recovery,284
13.275887013013584,640,0,198,162,0,0,0,350,infection,188
13.276270183688075,639,0,199,162,0,0,0,351,infection,987
13.303304240441706,638,0,200,162,0,0,0,352,infection,58
13.327263988807731,638,0,199,163,0,0,0,352,recovery,662
13.34286484709365,637,0,200,163,0,0,0,353,infection,276
13.354150261126659,636,0,201,163,0,0,0,354,infection,236
13.363862852936407,636,0,200,164,0,0,0,354,recovery,987
13.367965824007982,635,0,201,164,0,0,0,355,infection,443
13.388944868341477,634,0,202,164,0,0,0,356,infection,961
13.390396154579403,634,0,201,165,0,0,0,356,recovery,35
13.39925088537638,634,0,200,166,0,0,0,356,recovery,720
13.44804649879454,634,0,199,167,0,0,0,356,recovery,698
13.471829097628923,633,0,200,167,0,0,0,357,infection,898
13.49980481737889,632,0,201,167,0,0,0,358,infection,123
13.505568988439489,632,0,200,168,0,0,0,358,recovery,970
13.51023547449847,631,0,201,168,0,0,0,359,infection,661
13.520215921983963,630,0,202,168,0,0,0,360,infection,916
13.529686856482927,629,0,203,168,0,0,0,361,infection,711
13.536547473921674,628,0,204,168,0,0,0,362,infection,124
13.536618925352832,628,0,203,169,0,0,0,362,recovery,411
13.543769986498567,627,0,204,169,0,0,0,363,infection,562
13.559369986922011,627,0,203,170,0,0,0,363,recovery,97
13.578520294254664,626,0,204,170,0,0,0,364,infection,748
13.58237386473408,625,0,205,170,0,0,0,365,infection,5
13.583238810416383,624,0,206,170,0,0,0,366,infection,718
13.608562492543927,624,0,205,171,0,0,0,366,recovery,979
13.608945231564675,624,0,204,172,0,0,0,366,recovery,508
13.618849023959223,623,0,205,172,0,0,0,367,infection,806
13.649497778259859,623,0,204,173,0,0,0,367,recovery,276
13.65960931809459,623,0,203,174,0,0,0,367,recovery,423
13.678008334830674,622,0,204,174,0,0,0,368,infection,406
13.699747076206943,621,0,205,174,0,0,0,369,infection,693
13.700570623001973,621,0,204,175,0,0,0,369,recovery,219
13.706109644504227,621,0,203,176,0,0,0,369,recovery,488
13.715294284917237,620,0,204,176,0,0,0,370,infection,888
13.73086593807654,619,0,205,176,0,0,0,371,infection,587
13.739898618618259,618,0,206,176,0,0,0,372,infection,521
13.742602170452479,617,0,207,176,0,0,0,373,infection,540
13.75497782106013,617,0,206,177,0,0,0,373,recovery,231
13.76055695979385,616,0,207,177,0,0,0,374,infection,8
13.761774129755237,615,0,208,177,0,0,0,375,infection,171
13.783520484532252,614,0,209,177,0,0,0,376,infection,54
13.785873977561598,613,0,210,177,0,0,0,377,infection,240
13.823341325037674,612,0,211,177,0,0,0,378,infection,837
13.829632316785673,611,0,212,177,0,0,0,379,infection,659
13.848920889831337,610,0,213,177,0,0,0,380,infection,350
13.884015548224232,610,0,212,178,0,0,0,380,recovery,424
13.90954314384204,610,0,211,179,0,0,0,380,recovery,668
13.911220228094887,609,0,212,179,0,0,0,381,infection,795
13.913753225419077,608,0,213,179,0,0,0,382,infection,101
13.92452880515036,607,0,214,179,0,0,0,383,infection,322
13.925531405634226,606,0,215,179,0,0,0,384,infection,283
13.942966419752366,606,0,214,180,0,0,0,384,recovery,537
13.944160069250074,606,0,213,181,0,0,0,384,recovery,481
13.945807636995678,605,0,214,181,0,0,0,385,infection,616
13.948196510057304,604,0,215,181,0,0,0,386,infection,362
13.962380018893993,604,0,214,182,0,0,0,386,recovery,408
13.963666300730768,604,0,213,183,0,0,0,386,recovery,459
13.964954353478115,603,0,214,183,0,0,0,387,infection,400
13.966461155680596,602,0,215,183,0,0,0,388,infection,401
13.975684135198257,601,0,216,183,0,0,0,389,infection,741
13.993767917154868,600,0,217,183,0,0,0,390,infection,566
14.000956580157885,599,0,218,183,0,0,0,391,infection,504
14.010281345740774,598,0,219,183,0,0,0,392,infection,153
14.013467257482263,597,0,220,183,0,0,0,393,infection,580
14.025356507661478,596,0,221,183,0,0,0,394,infection,4
14.06837963884018,596,0,220,184,0,0,0,394,recovery,448
14.069022818042386,595,0,221,184,0,0,0,395,infection,222
14.072717440007928,595,0,220,185,0,0,0,395,recovery,888
14.077226292877125,594,0,221,185,0,0,0,396,infection,585
14.088522635474575,593,0,222,185,0,0,0,397,infection,15
14.098663578350688,593,0,221,186,0,0,0,397,recovery,153
14.105670140153196,592,0,222,186,0,0,0,398,infection,331
14.108244497913324,591,0,223,186,0,0,0,399,infection,84
14.127099963710794,591,0,222,187,0,0,0,399,recovery,578
14.164169311227946,590,0,223,187,0,0,0,400,infection,829
14.169163516361515,590,0,222,188,0,0,0,400,recovery,79
14.189335429688795,590,0,221,189,0,0,0,400,recovery,778
14.196451453697998,589,0,222,189,0,0,0,401,infection,397
14.203462994280265,588,0,223,189,0,0,0,402,infection,394
14.215427562612351,588,0,222,190,0,0,0,402,recovery,943
14.216109730329142,588,0,221,191,0,0,0,402,recovery,124
14.234769448625709,587,0,222,191,0,0,0,403,infection,783
14.268828711978484,587,0,221,192,0,0,0,403,recovery,401
14.27575766485678,587,0,220,193,0,0,0,403,recovery,151
14.295695418301268,587,0,219,194,0,0,0,403,recovery,27
14.309258449646256,586,0,220,194,0,0,0,404,infection,797
14.328001425043626,585,0,221,194,0,0,0,405,infection,954
14.336342411943601,584,0,222,194,0,0,0,406,infection,375
14.354621366111743,584,0,221,195,0,0,0,406,recovery,973
14.367934458747145,583,0,222,195,0,0,0,407,infection,947
14.380066360192668,582,0,223,195,0,0,0,408,infection,319
14.418677109788637,581,0,224,195,0,0,0,409,infection,247
14.435624800717566,580,0,225,195,0,0,0,410,infection,146
14.436917916402502,579,0,226,195,0,0,0,411,infection,494
14.44486206459549,578,0,227,195,0,0,0,412,infection,492
14.44490522410749,577,0,228,195,0,0,0,413,infection,201
14.451887915532417,576,0,229,195,0,0,0,414,infection,851
14.455451211431923,575,0,230,195,0,0,0,415,infection,390
14.472117179349471,574,0,231,195,0,0,0,416,infection,34
14.481386198256894,574,0,230,196,0,0,0,416,recovery,627
14.490438585149098,574,0,229,197,0,0,0,416,recovery,562
14.496689405202746,574,0,228,198,0,0,0,416,recovery,55
14.507230861351406,574,0,227,199,0,0,0,416,recovery,41
14.513374656899387,573,0,228,199,0,0,0,417,infection,407
14.532695405163734,572,0,229,199,0,0,0,418,infection,461
14.562114082183585,571,0,230,199,0,0,0,419,infection,225
14.566563667686168,571,0,229,200,0,0,0,419,recovery,948
14.573181636825257,570,0,230,200,0,0,0,420,infection,116
14.576982628572114,569,0,231,200,0,0,0,421,infection,112
14.584577762938876,569,0,230,201,0,0,0,421,recovery,521
14.598071638909577,569,0,229,202,0,0,0,421,recovery,693
14.622168352912597,568,0,230,202,0,0,0,422,infection,745
14.622655037376372,568,0,229,203,0,0,0,422,recovery,741
14.626651913017156,567,0,230,203,0,0,0,423,infection,215
14.6276283053099,566,0,231,203,0,0,0,424,infection,75
14.652496412511292,565,0,232,203,0,0,0,425,infection,453
14.658870173310467,565,0,231,204,0,0,0,425,recovery,49
14.659744981298731,565,0,230,205,0,0,0,425,recovery,188
14.662190286670647,564,0,231,205,0,0,0,426,infection,634
14.667715960648334,564,0,230,206,0,0,0,426,recovery,381
14.670940543723415,563,0,231,206,0,0,0,427,infection,193
14.673575013370886,563,0,230,207,0,0,0,427,recovery,675
14.681844592091878,562,0,231,207,0,0,0,428,infection,115
14.69538748575871,562,0,230,208,0,0,0,428,recovery,722
14.713088683703727,562,0,229,209,0,0,0,428,recovery,643
14.752702177563368,562,0,228,210,0,0,0,428,recovery,625
14.774123483088607,561,0,229,210,0,0,0,429,infection,68
14.81248651326533,560,0,230,210,0,0,0,430,infection,493
14.822262237591707,559,0,231,210,0,0,0,431,infection,321
14.832316856632133,558,0,232,210,0,0,0,432,infection,967
14.846982544306263,557,0,233,210,0,0,0,433,infection,737
14.849185201264262,556,0,234,210,0,0,0,434,infection,161
14.85388966399661,555,0,235,210,0,0,0,435,infection,903
14.897566337593908,555,0,234,211,0,0,0,435,recovery,147
14.936576086625832,554,0,235,211,0,0,0,436,infection,573
14.937706810370969,554,0,234,212,0,0,0,436,recovery,611
14.965649013969836,553,0,235,212,0,0,0,437,infection,950
14.966887473207992,553,0,234,213,0,0,0,437,recovery,959
14.975378838013874,552,0,235,213,0,0,0,438,infection,440
15.01036397303431,551,0,236,213,0,0,0,439,infection,874
15.013719763695233,550,0,237,213,0,0,0,440,infection,92
15.037935895874499,549,0,238,213,0,0,0,441,infection,183
15.045566164853204,548,0,239,213,0,0,0,442,infection,860
15.056451963600239,547,0,240,213,0,0,0,443,infection,502
15.061666437933907,547,0,239,214,0,0,0,443,recovery,947
15.067034815484552,546,0,240,214,0,0,0,444,infection,622
15.079737641571048,545,0,241,214,0,0,0,445,infection,934
15.087392768891736,545,0,240,215,0,0,0,445,recovery,420
15.093687313623116,544,0,241,215,0,0,0,446,infection,279
15.12578530835003,543,0,242,215,0,0,0,447,infection,59
15.12634431457423,542,0,243,215,0,0,0,448,infection,901
15.128256232659625,541,0,244,215,0,0,0,449,infection,460
15.13149140472036,540,0,245,215,0,0,0,450,infection,686
15.138201378420302,539,0,246,215,0,0,0,451,infection,316
15.14628732150474,539,0,245,216,0,0,0,451,recovery,547
15.167234118097053,539,0,244,217,0,0,0,451,recovery,851
15.16810062090677,538,0,245,217,0,0,0,452,infection,628
15.170248591742702,537,0,246,217,0,0,0,453,infection,951
15.189775321421424,536,0,247,217,0,0,0,454,infection,469
15.193536588320853,535,0,248,217,0,0,0,455,infection,391
15.211730955068846,535,0,247,218,0,0,0,455,recovery,321
15.225695506447835,534,0,248,218,0,0,0,456,infection,257
15.229448492042254,533,0,249,218,0,0,0,457,infection,344
15.249190950846035,532,0,250,218,0,0,0,458,infection,728
15.249405855909673,531,0,251,218,0,0,0,459,infection,818
15.268494543851347,530,0,252,218,0,0,0,460,infection,876
15.282190759912512,529,0,253,218,0,0,0,461,infection,615
15.283624486762788,528,0,254,218,0,0,0,462,infection,291
15.291259559566459,527,0,255,218,0,0,0,463,infection,490
15.299577845304649,526,0,256,218,0,0,0,464,infection,936
15.304861647630442,525,0,257,218,0,0,0,465,infection,63
15.334010313550454,524,0,258,218,0,0,0,466,infection,190
15.33996565718324,523,0,259,218,0,0,0,467,infection,301
15.347994892118383,522,0,260,218,0,0,0,468,infection,181
15.348167366730504,522,0,259,219,0,0,0,468,recovery,435
15.354183210049019,521,0,260,219,0,0,0,469,infection,87
15.357790548437235,520,0,261,219,0,0,0,470,infection,906
15.361835130837095,520,0,260,220,0,0,0,470,recovery,802
15.364716350418979,520,0,259,221,0,0,0,470,recovery,84
15.38047676952173,519,0,260,221,0,0,0,471,infection,56
15.39886703296178,518,0,261,221,0,0,0,472,infection,356
15.400393998604606,517,0,262,221,0,0,0,473,infection,386
15.401466355349346,517,0,261,222,0,0,0,473,recovery,296
15.41607075940821,516,0,262,222,0,0,0,474,infection,816
15.419172528948156,516,0,261,223,0,0,0,474,recovery,788
15.42352650750979,516,0,260,224,0,0,0,474,recovery,585
15.430939962693015,515,0,261,224,0,0,0,475,infection,717
15.432611435200602,514,0,262,224,0,0,0,476,infection,194
15.43304659286228,513,0,263,224,0,0,0,477,infection,117
15.458476326295708,513,0,262,225,0,0,0,477,recovery,845
15.467037618230595,512,0,263,225,0,0,0,478,infection,817
15.473705846975275,511,0,264,225,0,0,0,479,infection,260
15.477087824208684,510,0,265,225,0,0,0,480,infection,937
15.483021678667216,509,0,266,225,0,0,0,481,infection,847
15.493021141111742,508,0,267,225,0,0,0,482,infection,436
15.493861534693501,507,0,268,225,0,0,0,483,infection,162
15.49914544576959,507,0,267,226,0,0,0,483,recovery,123
15.499903331996563,507,0,266,227,0,0,0,483,recovery,937
15.500691160756201,506,0,267,227,0,0,0,484,infection,209
15.52314350420877,505,0,268,227,0,0,0,485,infection,28
15.534532319987632,504,0,269,227,0,0,0,486,infection,7
15.535606708467805,504,0,268,228,0,0,0,486,recovery,192
15.536243760964522,503,0,269,228,0,0,0,487,infection,474
15.551005313514697,503,0,268,229,0,0,0,487,recovery,816
15.55104222761597,503,0,267,230,0,0,0,487,recovery,783
15.554356230334609,502,0,268,230,0,0,0,488,infection,370
15.560223349732292,501,0,269,230,0,0,0,489,infection,512
15.560282481609418,500,0,270,230,0,0,0,490,infection,334
15.572166699519215,499,0,271,230,0,0,0,491,infection,499
15.581874026397378,498,0,272,230,0,0,0,492,infection,118
15.58653518741726,497,0,273,230,0,0,0,493,infection,242
15.599086143616454,496,0,274,230,0,0,0,494,infection,315
15.60132304461958,496,0,273,231,0,0,0,494,recovery,569
15.601334332187502,496,0,272,232,0,0,0,494,recovery,954
15.609013980943926,495,0,273,232,0,0,0,495,infection,427
15.61903281449484,495,0,272,233,0,0,0,495,recovery,63
15.639781789379262,494,0,273,233,0,0,0,496,infection,726
15.642877117527734,493,0,274,233,0,0,0,497,infection,744
15.64544011248288,492,0,275,233,0,0,0,498,infection,85
15.658964388623271,492,0,274,234,0,0,0,498,recovery,717
15.668246487978001,491,0,275,234,0,0,0,499,infection,543
15.669948296879351,490,0,276,234,0,0,0,500,infection,132
15.676985171604855,490,0,275,235,0,0,0,500,recovery,95
15.682408797467765,490,0,274,236,0,0,0,500,recovery,413
15.69014270102646,489,0,275,236,0,0,0,501,infection,310
15.706996752325145,489,0,274,237,0,0,0,501,recovery,176
15.709100216734992,488,0,275,237,0,0,0,502,infection,439
15.720141066988123,487,0,276,237,0,0,0,503,infection,96
15.72147286629935,487,0,275,238,0,0,0,503,recovery,702
15.722101498010458,487,0,274,239,0,0,0,503,recovery,183
15.734679288281459,487,0,273,240,0,0,0,503,recovery,386
15.74397481665747,486,0,274,240,0,0,0,504,infection,985
15.744780189402102,485,0,275,240,0,0,0,505,infection,774
15.74668306442598,485,0,274,241,0,0,0,505,recovery,736
15.74792678559762,484,0,275,241,0,0,0,506,infection,167
15.750499221345057,483,0,276,241,0,0,0,507,infection,148
15.750854027673968,482,0,277,241,0,0,0,508,infection,725
15.764673281064537,481,0,278,241,0,0,0,509,infection,654
15.774470664582408,481,0,277,242,0,0,0,509,recovery,874
15.815094523655677,481,0,276,243,0,0,0,509,recovery,209
15.83471867580431,481,0,275,244,0,0,0,509,recovery,458
15.839635226934472,480,0,276,244,0,0,0,510,infection,938
15.839853483847504,480,0,275,245,0,0,0,510,recovery,512
15.884469149128634,479,0,276,245,0,0,0,511,infection,168
15.887686089929007,478,0,277,245,0,0,0,512,infection,801
15.895294445876821,477,0,278,245,0,0,0,513,infection,213
15.89696829455129,476,0,279,245,0,0,0,514,infection,911
15.899845430138805,475,0,280,245,0,0,0,515,infection,160
15.922149520747883,474,0,281,245,0,0,0,516,infection,360
15.929565636935319,473,0,282,245,0,0,0,517,infection,680
15.95033501977275,473,0,281,246,0,0,0,517,recovery,492
15.95758548528863,473,0,280,247,0,0,0,517,recovery,715
15.959999574526144,473,0,279,248,0,0,0,517,recovery,889
15.964347654407977,472,0,280,248,0,0,0,518,infection,677
15.979599243293173,472,0,279,249,0,0,0,518,recovery,543
15.984963353783604,471,0,280,249,0,0,0,519,infection,373
16.00078270868948,470,0,281,249,0,0,0,520,infection,769
16.005794216998876,470,0,280,250,0,0,0,520,recovery,991
16.035884352732136,469,0,281,250,0,0,0,521,infection,433
16.059464525919378,468,0,282,250,0,0,0,522,infection,863
16.062078249986836,467,0,283,250,0,0,0,523,infection,946
16.064033113850922,466,0,284,250,0,0,0,524,infection,450
16.068499918850623,465,0,285,250,0,0,0,525,infection,539
16.079370486674915,464,0,286,250,0,0,0,526,infection,135
16.07996598002188,464,0,285,251,0,0,0,526,recovery,936
16.08631375440084,463,0,286,251,0,0,0,527,infection,144
16.08722781658795,462,0,287,251,0,0,0,528,infection,395
16.107340960775552,461,0,288,251,0,0,0,529,infection,586
16.10759366424975,461,0,287,252,0,0,0,529,recovery,390
16.116640691591666,460,0,288,252,0,0,0,530,infection,495
16.125662455085788,460,0,287,253,0,0,0,530,recovery,737
16.128647830810184,459,0,288,253,0,0,0,531,infection,81
16.13441969076077,458,0,289,253,0,0,0,532,infection,418
16.144669658501325,458,0,288,254,0,0,0,532,recovery,391
16.157997998707287,458,0,287,255,0,0,0,532,recovery,769
16.160675245658553,458,0,286,256,0,0,0,532,recovery,927
16.169425942401652,457,0,287,256,0,0,0,533,infection,510
16.175633830756528,456,0,288,256,0,0,0,534,infection,709
16.177579078195773,456,0,287,257,0,0,0,534,recovery,290
16.180140239126274,455,0,288,257,0,0,0,535,infection,597
16.182785836407017,454,0,289,257,0,0,0,536,infection,533
16.18632876312052,453,0,290,257,0,0,0,537,infection,747
16.193483534595725,452,0,291,257,0,0,0,538,infection,956
16.22547401274624,452,0,290,258,0,0,0,538,recovery,368
16.228842060940316,452,0,289,259,0,0,0,538,recovery,75
16.237085264678754,452,0,288,260,0,0,0,538,recovery,87
16.23732312002557,451,0,289,260,0,0,0,539,infection,377
16.23870178909091,450,0,290,260,0,0,0,540,infection,141
16.246180236068305,449,0,291,260,0,0,0,541,infection,133
16.268456812744404,449,0,290,261,0,0,0,541,recovery,168
16.275766641985552,449,0,289,262,0,0,0,541,recovery,347
16.276420495585338,449,0,288,263,0,0,0,541,recovery,817
16.27996513432157,448,0,289,263,0,0,0,542,infection,129
16.296540016499733,447,0,290,263,0,0,0,543,infection,641
16.311298747181596,446,0,291,263,0,0,0,544,infection,826
16.31185535682316,446,0,290,264,0,0,0,544,recovery,676
16.316961198033724,446,0,289,265,0,0,0,544,recovery,776
16.321385905780154,446,0,288,266,0,0,0,544,recovery,930
16.323913961501123,446,0,287,267,0,0,0,544,recovery,393
16.33333844917414,446,0,286,268,0,0,0,544,recovery,894
16.34234124422883,446,0,285,269,0,0,0,544,recovery,654
16.34471430174048,445,0,286,269,0,0,0,545,infection,957
16.345557236596598,444,0,287,269,0,0,0,546,infection,252
16.349760026464082,444,0,286,270,0,0,0,546,recovery,214
16.390981203277512,444,0,285,271,0,0,0,546,recovery,362
16.395290870760228,444,0,284,272,0,0,0,546,recovery,728
16.396409261593966,443,0,285,272,0,0,0,547,infection,755
16.427019132314328,443,0,284,273,0,0,0,547,recovery,620
16.42839286670166,443,0,283,274,0,0,0,547,recovery,955
16.446401038400154,443,0,282,275,0,0,0,547,recovery,729
16.45245661655184,443,0,281,276,0,0,0,547,recovery,856
16.453358223438563,443,0,280,277,0,0,0,547,recovery,709
16.454452289134192,443,0,279,278,0,0,0,547,recovery,155
16.458059509525267,443,0,278,279,0,0,0,547,recovery,74
16.502092426586184,443,0,277,280,0,0,0,547,recovery,841
16.50666777366925,442,0,278,280,0,0,0,548,infection,32
16.5087928809018,442,0,277,281,0,0,0,548,recovery,950
16.520986705601413,441,0,278,281,0,0,0,549,infection,212
16.522212952504812,440,0,279,281,0,0,0,550,infection,157
16.532099680836613,439,0,280,281,0,0,0,551,infection,862
16.541911001235054,438,0,281,281,0,0,0,552,infection,317
16.544508541385305,437,0,282,281,0,0,0,553,infection,486
16.544619900901395,436,0,283,281,0,0,0,554,infection,721
16.556860564084875,435,0,284,281,0,0,0,555,infection,746
16.56530835054066,435,0,283,282,0,0,0,555,recovery,436
16.570541509713436,434,0,284,282,0,0,0,556,infection,815
16.570999367070737,433,0,285,282,0,0,0,557,infection,854
16.57532968748032,433,0,284,283,0,0,0,557,recovery,252
16.57821275573783,433,0,283,284,0,0,0,557,recovery,317
16.584875551695887,432,0,284,284,0,0,0,558,infection,810
16.6020631383754,432,0,283,285,0,0,0,558,recovery,732
16.60376879070527,432,0,282,286,0,0,0,558,recovery,506
16.624618441722077,431,0,283,286,0,0,0,559,infection,30
16.63062778321908,430,0,284,286,0,0,0,560,infection,476
16.63108983049837,430,0,283,287,0,0,0,560,recovery,597
16.63422151525094,430,0,282,288,0,0,0,560,recovery,450
16.639004224051703,430,0,281,289,0,0,0,560,recovery,334
16.642592372820225,429,0,282,289,0,0,0,561,infection,554
16.644765283972824,429,0,281,290,0,0,0,561,recovery,453
16.657524497390558,429,0,280,291,0,0,0,561,recovery,677
16.692903339566534,428,0,281,291,0,0,0,562,infection,513
16.700424302847274,428,0,280,292,0,0,0,562,recovery,167
16.701189545530685,427,0,281,292,0,0,0,563,infection,462
16.711175199077896,426,0,282,292,0,0,0,564,infection,23
16.71406516759309,425,0,283,292,0,0,0,565,infection,734
16.717418267863575,425,0,282,293,0,0,0,565,recovery,745
16.748172726887947,424,0,283,293,0,0,0,566,infection,105
16.75839040010821,424,0,282,294,0,0,0,566,recovery,797
16.760853506465295,424,0,281,295,0,0,0,566,recovery,356
16.763944422729057,423,0,282,295,0,0,0,567,infection,428
16.77607515498353,422,0,283,295,0,0,0,568,infection,962
16.77825165559879,422,0,282,296,0,0,0,568,recovery,995
16.787286751198796,421,0,283,296,0,0,0,569,infection,712
16.787860093824925,420,0,284,296,0,0,0,570,infection,275
16.80100051623526,419,0,285,296,0,0,0,571,infection,340
16.80388249952396,418,0,286,296,0,0,0,572,infection,239
16.81365624355025,417,0,287,296,0,0,0,573,infection,332
16.83300403161779,417,0,286,297,0,0,0,573,recovery,493
16.833324781590782,417,0,285,298,0,0,0,573,recovery,333
16.833351014607995,416,0,286,298,0,0,0,574,infection,126
16.83601840407006,416,0,285,299,0,0,0,574,recovery,292
16.84628147798748,416,0,284,300,0,0,0,574,recovery,887
16.84753748188372,415,0,285,300,0,0,0,575,infection,442
16.860114155537197,415,0,284,301,0,0,0,575,recovery,8
16.874184454103666,414,0,285,301,0,0,0,576,infection,932
16.878058281180625,413,0,286,301,0,0,0,577,infection,836
16.87847756300121,412,0,287,301,0,0,0,578,infection,345
16.879666105094625,411,0,288,301,0,0,0,579,infection,417
16.879832765821227,411,0,287,302,0,0,0,579,recovery,332
16.88419487323289,411,0,286,303,0,0,0,579,recovery,744
16.889292292423818,411,0,285,304,0,0,0,579,recovery,428
16.88955989815334,411,0,284,305,0,0,0,579,recovery,28
16.897217559942934,411,0,283,306,0,0,0,579,recovery,228
16.89802509710268,411,0,282,307,0,0,0,579,recovery,916
16.900292745086553,410,0,283,307,0,0,0,580,infection,86
16.907439790644748,409,0,284,307,0,0,0,581,infection,44
16.914977992614524,409,0,283,308,0,0,0,581,recovery,659
16.914995161702237,409,0,282,309,0,0,0,581,recovery,407
16.919756554468393,409,0,281,310,0,0,0,581,recovery,342
16.927140615047094,408,0,282,310,0,0,0,582,infection,787
16.979606848727354,408,0,281,311,0,0,0,582,recovery,443
16.979700292863352,407,0,282,311,0,0,0,583,infection,454
17.00805586180141,406,0,283,311,0,0,0,584,infection,910
17.014171684499054,405,0,284,311,0,0,0,585,infection,110
17.05415116740471,405,0,283,312,0,0,0,585,recovery,91
17.06402711637115,404,0,284,312,0,0,0,586,infection,754
17.07282599757294,403,0,285,312,0,0,0,587,infection,383
17.083370767551987,402,0,286,312,0,0,0,588,infection,136
17.091388909557736,402,0,285,313,0,0,0,588,recovery,546
17.094228606195017,401,0,286,313,0,0,0,589,infection,166
17.137746497871444,400,0,287,313,0,0,0,590,infection,113
17.14306427238086,399,0,288,313,0,0,0,591,infection,739
17.154377640733365,398,0,289,313,0,0,0,592,infection,896
17.157760690336243,397,0,290,313,0,0,0,593,infection,11
17.173265994504092,396,0,291,313,0,0,0,594,infection,897
17.195249452604603,395,0,292,313,0,0,0,595,infection,532
17.198659504600137,394,0,293,313,0,0,0,596,infection,989
17.19940767870446,394,0,292,314,0,0,0,596,recovery,837
17.208625791701543,394,0,291,315,0,0,0,596,recovery,550
17.21089202208376,393,0,292,315,0,0,0,597,infection,696
17.215019585872355,393,0,291,316,0,0,0,597,recovery,225
17.227227863153864,392,0,292,316,0,0,0,598,infection,387
17.22797912377425,391,0,293,316,0,0,0,599,infection,834
17.25451836860147,390,0,294,316,0,0,0,600,infection,48
17.275869533606862,389,0,295,316,0,0,0,601,infection,749
17.281966825709247,388,0,296,316,0,0,0,602,infection,821
17.284944125380463,387,0,297,316,0,0,0,603,infection,556
17.289984240678756,387,0,296,317,0,0,0,603,recovery,133
17.29158402369922,386,0,297,317,0,0,0,604,infection,724
17.292436382477618,386,0,296,318,0,0,0,604,recovery,394
17.315967021007545,386,0,295,319,0,0,0,604,recovery,956
17.323943741258457,386,0,294,320,0,0,0,604,recovery,56
17.33859738727789,385,0,295,320,0,0,0,605,infection,77
17.35461778128227,384,0,296,320,0,0,0,606,infection,94
17.367282816154017,384,0,295,321,0,0,0,606,recovery,240
17.374283777037075,384,0,294,322,0,0,0,606,recovery,836
17.41080578816932,383,0,295,322,0,0,0,607,infection,561
17.415693946512388,382,0,296,322,0,0,0,608,infection,415
17.41782367340973,382,0,295,323,0,0,0,608,recovery,561
17.420678557069788,381,0,296,323,0,0,0,609,infection,422
17.434437316680775,380,0,297,323,0,0,0,610,infection,102
17.435080983694526,380,0,296,324,0,0,0,610,recovery,686
17.46255555833131,380,0,295,325,0,0,0,610,recovery,15
17.47864341609234,380,0,294,326,0,0,0,610,recovery,971
17.482858553670592,380,0,293,327,0,0,0,610,recovery,532
17.48475760271417,380,0,292,328,0,0,0,610,recovery,162
17.48971894951793,380,0,291,329,0,0,0,610,recovery,242
17.495978303573743,380,0,290,330,0,0,0,610,recovery,181
17.50955939455836,379,0,291,330,0,0,0,611,infection,612
17.51465787463396,379,0,290,331,0,0,0,611,recovery,476
17.51711290309449,378,0,291,331,0,0,0,612,infection,651
17.519432565011485,377,0,292,331,0,0,0,613,infection,140
17.559494535240123,376,0,293,331,0,0,0,614,infection,203
17.561296793405088,375,0,294,331,0,0,0,615,infection,786
17.56745320923428,374,0,295,331,0,0,0,616,infection,713
17.57428964462661,373,0,296,331,0,0,0,617,infection,374
17.601590733268132,372,0,297,331,0,0,0,618,infection,191
17.63351736681522,372,0,296,332,0,0,0,618,recovery,375
17.639270396433492,371,0,297,332,0,0,0,619,infection,777
17.6448266028095,370,0,298,332,0,0,0,620,infection,108
17.65178071938259,370,0,297,333,0,0,0,620,recovery,212
17.652588139366884,370,0,296,334,0,0,0,620,recovery,906
17.653817277494376,370,0,295,335,0,0,0,620,recovery,960
17.66329229841154,369,0,296,335,0,0,0,621,infection,549
17.663742145804907,369,0,295,336,0,0,0,621,recovery,637
17.67567187290474,369,0,294,337,0,0,0,621,recovery,44
17.687565631243803,369,0,293,338,0,0,0,621,recovery,433
17.723910364465794,369,0,292,339,0,0,0,621,recovery,818
17.72684199769036,369,0,291,340,0,0,0,621,recovery,579
17.734135795693447,368,0,292,340,0,0,0,622,infection,125
17.74522673074136,367,0,293,340,0,0,0,623,infection,204
17.762467926515438,366,0,294,340,0,0,0,624,infection,623
17.78910548915709,365,0,295,340,0,0,0,625,infection,567
17.79542550543164,364,0,296,340,0,0,0,626,infection,808
17.851033610254515,364,0,295,341,0,0,0,626,recovery,747
17.85375907752018,363,0,296,341,0,0,0,627,infection,263
17.86045171713938,362,0,297,341,0,0,0,628,infection,412
17.863737717881868,362,0,296,342,0,0,0,628,recovery,977
17.866556206194698,362,0,295,343,0,0,0,628,recovery,30
17.875344735417222,362,0,294,344,0,0,0,628,recovery,267
17.88386357568762,361,0,295,344,0,0,0,629,infection,882
17.89003938735076,360,0,296,344,0,0,0,630,infection,813
17.89197307931456,359,0,297,344,0,0,0,631,infection,71
17.900888670853988,358,0,298,344,0,0,0,632,infection,914
17.90363264116658,357,0,299,344,0,0,0,633,infection,773
17.915189895246893,356,0,300,344,0,0,0,634,infection,471
17.915399670363872,355,0,301,344,0,0,0,635,infection,857
17.978092377885684,354,0,302,344,0,0,0,636,infection,794
17.98293450379966,353,0,303,344,0,0,0,637,infection,972
17.98884912904742,353,0,302,345,0,0,0,637,recovery,278
18.0092674187505,352,0,303,345,0,0,0,638,infection,351
18.010548920638694,351,0,304,345,0,0,0,639,infection,559
18.019861366661356,351,0,303,346,0,0,0,639,recovery,113
18.02718092343494,351,0,302,347,0,0,0,639,recovery,71
18.034607654107003,350,0,303,347,0,0,0,640,infection,824
18.036458992937735,350,0,302,348,0,0,0,640,recovery,263
18.04480820636095,350,0,301,349,0,0,0,640,recovery,144
18.05227286988817,350,0,300,350,0,0,0,640,recovery,503
18.06824496136155,349,0,301,350,0,0,0,641,infection,565
18.076665594710448,348,0,302,350,0,0,0,642,infection,280
18.09497900584546,348,0,301,351,0,0,0,642,recovery,870
18.096758348502,347,0,302,351,0,0,0,643,infection,24
18.098169659971308,346,0,303,351,0,0,0,644,infection,294
18.103752673385863,346,0,302,352,0,0,0,644,recovery,617
18.10944502702154,346,0,301,353,0,0,0,644,recovery,204
18.11325967798181,345,0,302,353,0,0,0,645,infection,679
18.114673672138327,344,0,303,353,0,0,0,646,infection,557
18.12284058396545,343,0,304,353,0,0,0,647,infection,163
18.140824529990915,342,0,305,353,0,0,0,648,infection,666
18.140930324366135,342,0,304,354,0,0,0,648,recovery,946
18.159678528380475,341,0,305,354,0,0,0,649,infection,545
18.204534020080033,340,0,306,354,0,0,0,650,infection,544
18.22047436306071,340,0,305,355,0,0,0,650,recovery,482
18.22329783822998,339,0,306,355,0,0,0,651,infection,12
18.240932348895928,338,0,307,355,0,0,0,652,infection,683
18.24815153245288,337,0,308,355,0,0,0,653,infection,560
18.249167196407722,337,0,307,356,0,0,0,653,recovery,533
18.254205451258162,336,0,308,356,0,0,0,654,infection,235
18.264394317877272,335,0,309,356,0,0,0,655,infection,880
18.269482517563944,334,0,310,356,0,0,0,656,infection,217
18.269506650667875,333,0,311,356,0,0,0,657,infection,798
18.294013100678598,333,0,310,357,0,0,0,657,recovery,796
18.298416470896917,332,0,311,357,0,0,0,658,infection,528
18.299423710608092,331,0,312,357,0,0,0,659,infection,608
18.299823026776288,331,0,311,358,0,0,0,659,recovery,806
18.319759459169052,331,0,310,359,0,0,0,659,recovery,830
18.32248842040202,330,0,311,359,0,0,0,660,infection,16
18.334107830256094,330,0,310,360,0,0,0,660,recovery,374
18.34314901308103,329,0,311,360,0,0,0,661,infection,518
18.361741469902224,328,0,312,360,0,0,0,662,infection,404
18.36972054068293,328,0,311,361,0,0,0,662,recovery,417
18.39723824336091,328,0,310,362,0,0,0,662,recovery,239
18.410083783168538,328,0,309,363,0,0,0,662,recovery,986
18.413139249054222,327,0,310,363,0,0,0,663,infection,431
18.413207122773205,327,0,309,364,0,0,0,663,recovery,86
18.42208258932217,326,0,310,364,0,0,0,664,infection,361
18.44882222021086,326,0,309,365,0,0,0,664,recovery,194
18.474856501506224,326,0,308,366,0,0,0,664,recovery,762
18.477732996663946,325,0,309,366,0,0,0,665,infection,355
18.485344435360574,324,0,310,366,0,0,0,666,infection,438
18.49257609464702,323,0,311,366,0,0,0,667,infection,426
18.50749621687354,323,0,310,367,0,0,0,667,recovery,81
18.515926745346924,323,0,309,368,0,0,0,667,recovery,141
18.54216709212659,322,0,310,368,0,0,0,668,infection,304
18.5472984054414,322,0,309,369,0,0,0,668,recovery,808
18.55727894289683,321,0,310,369,0,0,0,669,infection,88
18.568503271840523,321,0,309,370,0,0,0,669,recovery,365
18.578915625382713,321,0,308,371,0,0,0,669,recovery,932
18.580643407595097,320,0,309,371,0,0,0,670,infection,261
18.599885443275376,320,0,308,372,0,0,0,670,recovery,957
18.62420473282418,320,0,307,373,0,0,0,670,recovery,469
18.625172006363975,319,0,308,373,0,0,0,671,infection,237
18.63145016059336,319,0,307,374,0,0,0,671,recovery,815
18.637504263162356,319,0,306,375,0,0,0,671,recovery,490
18.644562493086898,318,0,307,375,0,0,0,672,infection,975
18.651653678507827,318,0,306,376,0,0,0,672,recovery,934
18.673965678594644,317,0,307,376,0,0,0,673,infection,324
18.677962581895333,316,0,308,376,0,0,0,674,infection,2
18.690109385385536,315,0,309,376,0,0,0,675,infection,925
18.701875435728432,314,0,310,376,0,0,0,676,infection,266
18.705971845941114,313,0,311,376,0,0,0,677,infection,452
18.723779459417802,312,0,312,376,0,0,0,678,infection,730
18.73198637797895,312,0,311,377,0,0,0,678,recovery,109
18.736043444598494,312,0,310,378,0,0,0,678,recovery,583
18.748226977739684,312,0,309,379,0,0,0,678,recovery,972
18.748569574683888,312,0,308,380,0,0,0,678,recovery,213
18.76631968451056,311,0,309,380,0,0,0,679,infection,584
18.783113803844536,310,0,310,380,0,0,0,680,infection,31
18.789887468795513,309,0,311,380,0,0,0,681,infection,128
18.795912619372732,309,0,310,381,0,0,0,681,recovery,863
18.802974026459214,308,0,311,381,0,0,0,682,infection,704
18.809602404894893,308,0,310,382,0,0,0,682,recovery,12
18.809817801608304,307,0,311,382,0,0,0,683,infection,456
18.823920266275465,307,0,310,383,0,0,0,683,recovery,193
18.82774953806268,306,0,311,383,0,0,0,684,infection,983
18.866490076382558,306,0,310,384,0,0,0,684,recovery,125
18.873138917565772,305,0,311,384,0,0,0,685,infection,883
18.878477529363686,305,0,310,385,0,0,0,685,recovery,810
18.892077780117155,305,0,309,386,0,0,0,685,recovery,511
18.892253121040632,304,0,310,386,0,0,0,686,infection,606
18.898837981479005,303,0,311,386,0,0,0,687,infection,13
18.903305480317012,303,0,310,387,0,0,0,687,recovery,161
18.92186431503982,302,0,311,387,0,0,0,688,infection,568
18.927004764400156,301,0,312,387,0,0,0,689,infection,908
18.9366837898006,301,0,311,388,0,0,0,689,recovery,721
18.96033301833577,301,0,310,389,0,0,0,689,recovery,718
18.978890880252244,301,0,309,390,0,0,0,689,recovery,13
18.982274006710796,301,0,308,391,0,0,0,689,recovery,96
18.984025070705055,300,0,309,391,0,0,0,690,infection,660
18.99100745456344,300,0,308,392,0,0,0,690,recovery,132
19.015090498302232,300,0,307,393,0,0,0,690,recovery,591
19.01898229051564,300,0,306,394,0,0,0,690,recovery,461
19.031802282799777,300,0,305,395,0,0,0,690,recovery,773
19.03215785071635,299,0,306,395,0,0,0,691,infection,17
19.0335229078057,298,0,307,395,0,0,0,692,infection,444
19.03379489250196,297,0,308,395,0,0,0,693,infection,311
19.05949610368491,296,0,309,395,0,0,0,694,infection,647
19.062090470533928,296,0,308,396,0,0,0,694,recovery,404
19.062804238342036,296,0,307,397,0,0,0,694,recovery,829
19.071185203906282,295,0,308,397,0,0,0,695,infection,610
19.0802636471194,295,0,307,398,0,0,0,695,recovery,4
19.08462284869124,295,0,306,399,0,0,0,695,recovery,303
19.08857175615179,294,0,307,399,0,0,0,696,infection,372
19.089796032294302,294,0,306,400,0,0,0,696,recovery,319
19.090562323616485,294,0,305,401,0,0,0,696,recovery,261
19.095511465160246,293,0,306,401,0,0,0,697,infection,37
19.122797580250598,292,0,307,401,0,0,0,698,infection,656
19.13449975385371,292,0,306,402,0,0,0,698,recovery,118
19.153442730411058,292,0,305,403,0,0,0,698,recovery,351
19.16404807213725,291,0,306,403,0,0,0,699,infection,635
19.17847385857277,291,0,305,404,0,0,0,699,recovery,557
19.17984373087671,290,0,306,404,0,0,0,700,infection,799
19.1892584059844,290,0,305,405,0,0,0,700,recovery,430
19.1906783301379,289,0,306,405,0,0,0,701,infection,3
19.19279001158966,289,0,305,406,0,0,0,701,recovery,418
19.209554283487908,288,0,306,406,0,0,0,702,infection,378
19.240341616588495,287,0,307,406,0,0,0,703,infection,872
19.25199800359169,287,0,306,407,0,0,0,703,recovery,880
19.253256459071743,287,0,305,408,0,0,0,703,recovery,427
19.290327889396067,286,0,306,408,0,0,0,704,infection,287
19.29809006824175,285,0,307,408,0,0,0,705,infection,764
19.30236361419357,284,0,308,408,0,0,0,706,infection,447
19.307471134698552,284,0,307,409,0,0,0,706,recovery,191
19.331406504114277,284,0,306,410,0,0,0,706,recovery,286
19.332580430452737,284,0,305,411,0,0,0,706,recovery,716
19.34021922275977,284,0,304,412,0,0,0,706,recovery,249
19.340578205840416,284,0,303,413,0,0,0,706,recovery,787
19.368817098723223,283,0,304,413,0,0,0,707,infection,271
19.37474895500301,282,0,305,413,0,0,0,708,infection,519
19.37580096773708,281,0,306,413,0,0,0,709,infection,202
19.37640879595617,281,0,305,414,0,0,0,709,recovery,169
19.376484915495347,280,0,306,414,0,0,0,710,infection,879
19.377128062869,279,0,307,414,0,0,0,711,infection,700
19.38184291562309,279,0,306,415,0,0,0,711,recovery,748
19.38443096533673,278,0,307,415,0,0,0,712,infection,529
19.413521915162754,277,0,308,415,0,0,0,713,infection,364
19.437756090842196,276,0,309,415,0,0,0,714,infection,814
19.442797968966865,276,0,308,416,0,0,0,714,recovery,524
19.44896338514565,275,0,309,416,0,0,0,715,infection,379
19.471236600844584,275,0,308,417,0,0,0,715,recovery,37
19.494772936060443,275,0,307,418,0,0,0,715,recovery,766
19.498723501400647,275,0,306,419,0,0,0,715,recovery,666
19.500902925373158,275,0,305,420,0,0,0,715,recovery,201
19.519013859655118,275,0,304,421,0,0,0,715,recovery,462
19.527712845721744,275,0,303,422,0,0,0,715,recovery,78
19.53444137185936,274,0,304,422,0,0,0,716,infection,980
19.537442622870064,273,0,305,422,0,0,0,717,infection,864
19.541316227382104,272,0,306,422,0,0,0,718,infection,820
19.549347236482202,272,0,305,423,0,0,0,718,recovery,115
19.557290281840736,271,0,306,423,0,0,0,719,infection,873
19.580791443867458,270,0,307,423,0,0,0,720,infection,274
19.585336700343372,269,0,308,423,0,0,0,721,infection,233
19.59960821802762,268,0,309,423,0,0,0,722,infection,590
19.60423378739995,267,0,310,423,0,0,0,723,infection,143
19.6080836500721,266,0,311,423,0,0,0,724,infection,245
19.61779554099909,266,0,310,424,0,0,0,724,recovery,237
19.624582848350837,265,0,311,424,0,0,0,725,infection,965
19.625158966479763,265,0,310,425,0,0,0,725,recovery,777
19.626324925481452,265,0,309,426,0,0,0,725,recovery,2
19.640772169778213,265,0,308,427,0,0,0,725,recovery,587
19.64398755135326,265,0,307,428,0,0,0,725,recovery,105
19.645861044429523,265,0,306,429,0,0,0,725,recovery,898
19.64801597469468,265,0,305,430,0,0,0,725,recovery,186
19.653691348755427,264,0,306,430,0,0,0,726,infection,353
19.6599043390967,264,0,305,431,0,0,0,726,recovery,466
19.660694971516143,264,0,304,432,0,0,0,726,recovery,502
19.662835729377754,263,0,305,432,0,0,0,727,infection,640
19.6641553729886,262,0,306,432,0,0,0,728,infection,484
19.680539798216703,262,0,305,433,0,0,0,728,recovery,554
19.68453939943128,262,0,304,434,0,0,0,728,recovery,873
19.696521458028553,262,0,303,435,0,0,0,728,recovery,447
19.69743101851488,261,0,304,435,0,0,0,729,infection,455
19.72111025525915,260,0,305,435,0,0,0,730,infection,293
19.72336745060559,259,0,306,435,0,0,0,731,infection,871
19.725164020572937,258,0,307,435,0,0,0,732,infection,93
19.73307556837765,258,0,306,436,0,0,0,732,recovery,831
19.739149669114884,257,0,307,436,0,0,0,733,infection,403
19.757201658686995,256,0,308,436,0,0,0,734,infection,926
19.764388639621497,255,0,309,436,0,0,0,735,infection,699
19.77128308357244,254,0,310,436,0,0,0,736,infection,636
19.777676891421535,254,0,309,437,0,0,0,736,recovery,499
19.781441213560143,253,0,310,437,0,0,0,737,infection,327
19.803716706790976,252,0,311,437,0,0,0,738,infection,761
19.82354048273767,252,0,310,438,0,0,0,738,recovery,156
19.83444418961134,252,0,309,439,0,0,0,738,recovery,567
19.844385788924107,252,0,308,440,0,0,0,738,recovery,247
19.880807253124654,252,0,307,441,0,0,0,738,recovery,217
19.884191873762507,252,0,306,442,0,0,0,738,recovery,280
19.90223672810353,252,0,305,443,0,0,0,738,recovery,565
19.94752958442121,252,0,304,444,0,0,0,738,recovery,54
19.960868730998552,252,0,303,445,0,0,0,738,recovery,746
19.97353060125998,252,0,302,446,0,0,0,738,recovery,340
19.978098955087034,252,0,301,447,0,0,0,738,recovery,626
19.9970736459066,251,0,302,447,0,0,0,739,infection,690
20.05472840189653,250,0,303,447,0,0,0,740,infection,685
20.062624940592155,250,0,302,448,0,0,0,740,recovery,463
20.063103801931774,250,0,301,449,0,0,0,740,recovery,539
20.0701828493971,249,0,302,449,0,0,0,741,infection,551
20.07966444455757,248,0,303,449,0,0,0,742,infection,281
20.093662827176313,247,0,304,449,0,0,0,743,infection,76
20.09602159321173,247,0,303,450,0,0,0,743,recovery,658
20.096730407186254,247,0,302,451,0,0,0,743,recovery,331
20.12067214857695,246,0,303,451,0,0,0,744,infection,791
20.12115423650971,246,0,302,452,0,0,0,744,recovery,864
20.13525367780101,245,0,303,452,0,0,0,745,infection,839
20.137436749664854,244,0,304,452,0,0,0,746,infection,366
20.14180165285202,244,0,303,453,0,0,0,746,recovery,610
20.147050831947986,243,0,304,453,0,0,0,747,infection,756
20.17279269585,242,0,305,453,0,0,0,748,infection,811
20.17989802317045,241,0,306,453,0,0,0,749,infection,742
20.19629733043682,240,0,307,453,0,0,0,750,infection,451
20.21532464350007,240,0,306,454,0,0,0,750,recovery,454
20.242566343707267,240,0,305,455,0,0,0,750,recovery,813
20.252752812343015,239,0,306,455,0,0,0,751,infection,673
20.26448959872307,239,0,305,456,0,0,0,751,recovery,344
20.265331517927837,238,0,306,456,0,0,0,752,infection,308
20.298459333090257,238,0,305,457,0,0,0,752,recovery,345
20.30844204841855,238,0,304,458,0,0,0,752,recovery,749
20.317876519201032,238,0,303,459,0,0,0,752,recovery,279
20.333845940944727,238,0,302,460,0,0,0,752,recovery,69
20.33506513340889,238,0,301,461,0,0,0,752,recovery,921
20.33994814191372,237,0,302,461,0,0,0,753,infection,782
20.340077748363424,237,0,301,462,0,0,0,753,recovery,673
20.34169114502251,237,0,300,463,0,0,0,753,recovery,563
20.374553362560007,237,0,299,464,0,0,0,753,recovery,931
20.39189905155608,237,0,298,465,0,0,0,753,recovery,896
20.394511780329843,237,0,297,466,0,0,0,753,recovery,975
20.39672265512786,237,0,296,467,0,0,0,753,recovery,636
20.39764490327154,237,0,295,468,0,0,0,753,recovery,586
20.404518659186778,237,0,294,469,0,0,0,753,recovery,780
20.414741381089108,236,0,295,469,0,0,0,754,infection,645
20.4276947507257,236,0,294,470,0,0,0,754,recovery,685
20.44632645620543,235,0,295,470,0,0,0,755,infection,678
20.44755441696813,234,0,296,470,0,0,0,756,infection,262
20.475797844565356,234,0,295,471,0,0,0,756,recovery,36
20.49114852534028,234,0,294,472,0,0,0,756,recovery,295
20.499347043476913,234,0,293,473,0,0,0,756,recovery,310
20.514311658231907,234,0,292,474,0,0,0,756,recovery,862
20.59471977893804,234,0,291,475,0,0,0,756,recovery,680
20.59693119332056,233,0,292,475,0,0,0,757,infection,952
20.603653831766817,233,0,291,476,0,0,0,757,recovery,801
20.610739141506773,233,0,290,477,0,0,0,757,recovery,32
20.619741689596424,232,0,291,477,0,0,0,758,infection,913
20.649871518087966,231,0,292,477,0,0,0,759,infection,963
20.66325722818312,230,0,293,477,0,0,0,760,infection,589
20.67367351125996,230,0,292,478,0,0,0,760,recovery,426
20.698163903028437,229,0,293,478,0,0,0,761,infection,371
20.74784002904835,229,0,292,479,0,0,0,761,recovery,725
20.756956335051918,228,0,293,479,0,0,0,762,infection,574
20.75885932850698,228,0,292,480,0,0,0,762,recovery,45
20.77060175624242,228,0,291,481,0,0,0,762,recovery,398
20.775611048731438,227,0,292,481,0,0,0,763,infection,581
20.782335754405924,226,0,293,481,0,0,0,764,infection,90
20.788527281970396,225,0,294,481,0,0,0,765,infection,52
20.792593164167943,224,0,295,481,0,0,0,766,infection,326
20.792860253990575,223,0,296,481,0,0,0,767,infection,467
20.798507738809626,223,0,295,482,0,0,0,767,recovery,764
20.799617281094598,223,0,294,483,0,0,0,767,recovery,651
20.834790558430548,222,0,295,483,0,0,0,768,infection,40
20.845915461467857,222,0,294,484,0,0,0,768,recovery,34
20.855553687354863,221,0,295,484,0,0,0,769,infection,768
20.8588269008904,220,0,296,484,0,0,0,770,infection,309
20.86787928158446,220,0,295,485,0,0,0,770,recovery,315
20.872099738835864,220,0,294,486,0,0,0,770,recovery,584
20.87249109249571,220,0,293,487,0,0,0,770,recovery,92
20.878252082534424,219,0,294,487,0,0,0,771,infection,531
20.903296913785947,219,0,293,488,0,0,0,771,recovery,704
20.90874734818035,219,0,292,489,0,0,0,771,recovery,839
20.91138015760129,218,0,293,489,0,0,0,772,infection,835
20.935116263938955,218,0,292,490,0,0,0,772,recovery,143
20.952627459590655,217,0,293,490,0,0,0,773,infection,302
20.96057038795125,216,0,294,490,0,0,0,774,infection,619
20.97186851760075,216,0,293,491,0,0,0,774,recovery,650
20.97423891048873,216,0,292,492,0,0,0,774,recovery,799
20.980334951306684,215,0,293,492,0,0,0,775,infection,339
20.991636200087118,214,0,294,492,0,0,0,776,infection,688
21.006523965852363,213,0,295,492,0,0,0,777,infection,312
21.010948001506915,212,0,296,492,0,0,0,778,infection,175
21.051940974116903,211,0,297,492,0,0,0,779,infection,697
21.057004382000287,211,0,296,493,0,0,0,779,recovery,48
21.060543193460482,211,0,295,494,0,0,0,779,recovery,94
21.068117157221316,211,0,294,495,0,0,0,779,recovery,983
21.07163351294071,211,0,293,496,0,0,0,779,recovery,645
21.08900852252532,211,0,292,497,0,0,0,779,recovery,322
21.090712929725388,210,0,293,497,0,0,0,780,infection,150
21.107262705373667,210,0,292,498,0,0,0,780,recovery,266
21.113018417354013,210,0,291,499,0,0,0,780,recovery,372
21.113224764295882,209,0,292,499,0,0,0,781,infection,47
21.130317951622942,209,0,291,500,0,0,0,781,recovery,138
21.138267318146024,209,0,290,501,0,0,0,781,recovery,306
21.147268019506793,208,0,291,501,0,0,0,782,infection,807
21.14995181621873,207,0,292,501,0,0,0,783,infection,114
21.15995724511916,206,0,293,501,0,0,0,784,infection,299
21.16466587000235,206,0,292,502,0,0,0,784,recovery,312
21.178922326362134,206,0,291,503,0,0,0,784,recovery,542
21.18381907570806,206,0,290,504,0,0,0,784,recovery,814
21.18661683961828,205,0,291,504,0,0,0,785,infection,479
21.192768741994016,205,0,290,505,0,0,0,785,recovery,823
21.220440225596292,205,0,289,506,0,0,0,785,recovery,486
21.260608533872507,204,0,290,506,0,0,0,786,infection,259
21.270346988527045,204,0,289,507,0,0,0,786,recovery,965
21.280806762018234,204,0,288,508,0,0,0,786,recovery,444
21.295376320670243,204,0,287,509,0,0,0,786,recovery,914
21.305651095466875,204,0,286,510,0,0,0,786,recovery,771
21.313270653574182,204,0,285,511,0,0,0,786,recovery,982
21.343214448922456,204,0,284,512,0,0,0,786,recovery,360
21.34933020134445,203,0,285,512,0,0,0,787,infection,753
21.39027671760108,203,0,284,513,0,0,0,787,recovery,150
21.419395861097826,203,0,283,514,0,0,0,787,recovery,665
21.441094133909527,202,0,284,514,0,0,0,788,infection,238
21.452547275044946,201,0,285,514,0,0,0,789,infection,848
21.496920018354878,200,0,286,514,0,0,0,790,infection,600
21.503537592800374,199,0,287,514,0,0,0,791,infection,256
21.50873608164713,199,0,286,515,0,0,0,791,recovery,211
21.53196237707988,198,0,287,515,0,0,0,792,infection,130
21.53319932251776,197,0,288,515,0,0,0,793,infection,949
21.535768786043125,196,0,289,515,0,0,0,794,infection,509
21.537954370757287,196,0,288,516,0,0,0,794,recovery,879
21.566098523998615,196,0,287,517,0,0,0,794,recovery,484
21.567401228640808,195,0,288,517,0,0,0,795,infection,446
21.574357572187296,194,0,289,517,0,0,0,796,infection,305
21.576563318714662,194,0,288,518,0,0,0,796,recovery,406
21.57715170784078,193,0,289,518,0,0,0,797,infection,205
21.60461922537722,193,0,288,519,0,0,0,797,recovery,171
21.615586125339956,192,0,289,519,0,0,0,798,infection,904
21.63199027759899,192,0,288,520,0,0,0,798,recovery,108
21.63473100204676,191,0,289,520,0,0,0,799,infection,416
21.63604569617368,191,0,288,521,0,0,0,799,recovery,600
21.639000283499833,191,0,287,522,0,0,0,799,recovery,798
21.684418050776216,190,0,288,522,0,0,0,800,infection,269
21.7075143713614,190,0,287,523,0,0,0,800,recovery,726
21.70923862642744,189,0,288,523,0,0,0,801,infection,437
21.718982333189693,188,0,289,523,0,0,0,802,infection,772
21.720333034073278,187,0,290,523,0,0,0,803,infection,19
21.72131394588362,186,0,291,523,0,0,0,804,infection,885
21.72185812623111,186,0,290,524,0,0,0,804,recovery,128
21.738590400604046,186,0,289,525,0,0,0,804,recovery,259
21.753043387385983,186,0,288,526,0,0,0,804,recovery,205
21.78534492350836,185,0,289,526,0,0,0,805,infection,224
21.82015460355845,184,0,290,526,0,0,0,806,infection,613
21.86795034043203,184,0,289,527,0,0,0,806,recovery,724
21.892155514763914,184,0,288,528,0,0,0,806,recovery,962
21.91711293742245,184,0,287,529,0,0,0,806,recovery,807
21.921042073430797,184,0,286,530,0,0,0,806,recovery,438
21.934993387395746,183,0,287,530,0,0,0,807,infection,669
21.948024442858355,182,0,288,530,0,0,0,808,infection,767
21.955938441976684,182,0,287,531,0,0,0,808,recovery,68
22.014766495707896,182,0,286,532,0,0,0,808,recovery,326
22.018682906249506,182,0,285,533,0,0,0,808,recovery,235
22.02276341154313,181,0,286,533,0,0,0,809,infection,924
22.02321797642003,180,0,287,533,0,0,0,810,infection,912
22.032243264100863,180,0,286,534,0,0,0,810,recovery,198
22.039294421901836,179,0,287,534,0,0,0,811,infection,9
22.045332054144232,179,0,286,535,0,0,0,811,recovery,215
22.05725557115447,178,0,287,535,0,0,0,812,infection,25
22.0914678616228,177,0,288,535,0,0,0,813,infection,120
22.09594768043034,177,0,287,536,0,0,0,813,recovery,16
22.113454509497515,177,0,286,537,0,0,0,813,recovery,400
22.115403850564253,177,0,285,538,0,0,0,813,recovery,93
22.14711114304024,176,0,286,538,0,0,0,814,infection,50
22.16155645744761,176,0,285,539,0,0,0,814,recovery,294
22.17458284064712,176,0,284,540,0,0,0,814,recovery,545
22.21550603353358,175,0,285,540,0,0,0,815,infection,297
22.253102444771717,174,0,286,540,0,0,0,816,infection,376
22.258420020239594,174,0,285,541,0,0,0,816,recovery,238
22.271953739914863,173,0,286,541,0,0,0,817,infection,990
22.275933472362937,173,0,285,542,0,0,0,817,recovery,910
22.33105080095044,173,0,284,543,0,0,0,817,recovery,415
22.36015933056091,172,0,285,543,0,0,0,818,infection,89
22.369624944053392,172,0,284,544,0,0,0,818,recovery,24
22.369948312019556,172,0,283,545,0,0,0,818,recovery,688
22.375865260060475,172,0,282,546,0,0,0,818,recovery,223
22.37905100455275,171,0,283,546,0,0,0,819,infection,692
22.398283958971874,171,0,282,547,0,0,0,819,recovery,652
22.40614125338968,171,0,281,548,0,0,0,819,recovery,291
22.441504476790268,171,0,280,549,0,0,0,819,recovery,11
22.449458223675613,171,0,279,550,0,0,0,819,recovery,371
22.450798209754673,170,0,280,550,0,0,0,820,infection,793
22.450900627706243,169,0,281,550,0,0,0,821,infection,804
22.455282113511334,169,0,280,551,0,0,0,821,recovery,961
22.473839034654784,168,0,281,551,0,0,0,822,infection,343
22.499096755035016,167,0,282,551,0,0,0,823,infection,653
22.501775167810678,167,0,281,552,0,0,0,823,recovery,130
22.503265945187273,167,0,280,553,0,0,0,823,recovery,639
22.504817325360726,167,0,279,554,0,0,0,823,recovery,529
22.509540751957,166,0,280,554,0,0,0,824,infection,325
22.523341689015,165,0,281,554,0,0,0,825,infection,449
22.534335072614148,165,0,280,555,0,0,0,825,recovery,40
22.53895625459944,165,0,279,556,0,0,0,825,recovery,690
22.572648390574326,164,0,280,556,0,0,0,826,infection,758
22.590423665927723,164,0,279,557,0,0,0,826,recovery,928
22.62045845286347,164,0,278,558,0,0,0,826,recovery,136
22.633553202149294,164,0,277,559,0,0,0,826,recovery,440
22.656985151638438,164,0,276,560,0,0,0,826,recovery,10
22.66734035418474,164,0,275,561,0,0,0,826,recovery,58
22.66927722950917,164,0,274,562,0,0,0,826,recovery,61
22.710531128850587,163,0,275,562,0,0,0,827,infection,564
22.72278344845794,163,0,274,563,0,0,0,827,recovery,712
22.72896375695013,163,0,273,564,0,0,0,827,recovery,699
22.73156479319367,162,0,274,564,0,0,0,828,infection,708
22.737971040660717,162,0,273,565,0,0,0,828,recovery,949
22.7676618522931,162,0,272,566,0,0,0,828,recovery,753
22.772179374152767,161,0,273,566,0,0,0,829,infection,100
22.812607872731412,161,0,272,567,0,0,0,829,recovery,924
22.827728659697566,160,0,273,567,0,0,0,830,infection,170
22.842112963236247,160,0,272,568,0,0,0,830,recovery,751
22.850157127241502,160,0,271,569,0,0,0,830,recovery,50
22.868065936924285,159,0,272,569,0,0,0,831,infection,689
22.868889235521316,159,0,271,570,0,0,0,831,recovery,165
22.87843838187668,159,0,270,571,0,0,0,831,recovery,361
22.88640369940306,159,0,269,572,0,0,0,831,recovery,370
22.904121189599863,158,0,270,572,0,0,0,832,infection,179
22.909450255357374,158,0,269,573,0,0,0,832,recovery,835
22.911688303941407,157,0,270,573,0,0,0,833,infection,196
22.939041999755595,157,0,269,574,0,0,0,833,recovery,860
22.953553011379807,156,0,270,574,0,0,0,834,infection,572
22.956689867531036,156,0,269,575,0,0,0,834,recovery,754
22.960890249369054,156,0,268,576,0,0,0,834,recovery,245
22.964090485494626,156,0,267,577,0,0,0,834,recovery,114
23.008529512609428,156,0,266,578,0,0,0,834,recovery,323
23.03560885106799,156,0,265,579,0,0,0,834,recovery,224
23.050267028349587,155,0,266,579,0,0,0,835,infection,38
23.0536391696623,155,0,265,580,0,0,0,835,recovery,297
23.065669571060894,155,0,264,581,0,0,0,835,recovery,320
23.070903928699625,155,0,263,582,0,0,0,835,recovery,904
23.07947889680483,154,0,264,582,0,0,0,836,infection,199
23.106327515948117,154,0,263,583,0,0,0,836,recovery,871
23.109508094486273,153,0,264,583,0,0,0,837,infection,65
23.22851951980336,153,0,263,584,0,0,0,837,recovery,387
23.240114967309168,153,0,262,585,0,0,0,837,recovery,640
23.249674312187068,153,0,261,586,0,0,0,837,recovery,110
23.25114420753121,152,0,262,586,0,0,0,838,infection,489
23.255945751142093,152,0,261,587,0,0,0,838,recovery,689
23.29546497268126,152,0,260,588,0,0,0,838,recovery,308
23.314395060595988,152,0,259,589,0,0,0,838,recovery,908
23.320174693147777,151,0,260,589,0,0,0,839,infection,328
23.325429267288193,151,0,259,590,0,0,0,839,recovery,206
23.341421221348373,151,0,258,591,0,0,0,839,recovery,18
23.35938208813127,151,0,257,592,0,0,0,839,recovery,431
23.420437564381256,151,0,256,593,0,0,0,839,recovery,199
23.421051011262477,150,0,257,593,0,0,0,840,infection,850
23.450165268162657,150,0,256,594,0,0,0,840,recovery,740
23.466688332896936,150,0,255,595,0,0,0,840,recovery,756
23.479782390681986,149,0,256,595,0,0,0,841,infection,268
23.531808666237307,148,0,257,595,0,0,0,842,infection,757
23.54810044026296,148,0,256,596,0,0,0,842,recovery,185
23.56929291279338,148,0,255,597,0,0,0,842,recovery,389
23.573078080774504,148,0,254,598,0,0,0,842,recovery,120
23.62400777706647,148,0,253,599,0,0,0,842,recovery,355
23.624055848163536,148,0,252,600,0,0,0,842,recovery,618
23.628635219380673,148,0,251,601,0,0,0,842,recovery,31
23.63108411581294,148,0,250,602,0,0,0,842,recovery,384
23.636300040131385,148,0,249,603,0,0,0,842,recovery,309
23.65877318529937,147,0,250,603,0,0,0,843,infection,207
23.676258647428842,147,0,249,604,0,0,0,843,recovery,302
23.716458205921157,146,0,250,604,0,0,0,844,infection,346
23.7496310573976,146,0,249,605,0,0,0,844,recovery,437
23.764245080993266,145,0,250,605,0,0,0,845,infection,838
23.775738420175816,145,0,249,606,0,0,0,845,recovery,564
23.80086141930471,145,0,248,607,0,0,0,845,recovery,6
23.82858746716551,145,0,247,608,0,0,0,845,recovery,134
23.84156559143596,145,0,246,609,0,0,0,845,recovery,619
23.842479741251474,145,0,245,610,0,0,0,845,recovery,573
23.848228896652866,144,0,246,610,0,0,0,846,infection,330
23.849182867041645,144,0,245,611,0,0,0,846,recovery,938
23.85111599029753,143,0,246,611,0,0,0,847,infection,522
23.85568081496871,143,0,245,612,0,0,0,847,recovery,434
23.95436169121223,143,0,244,613,0,0,0,847,recovery,990
24.001331418501582,142,0,245,613,0,0,0,848,infection,642
24.01879952956879,141,0,246,613,0,0,0,849,infection,603
24.047836703772692,141,0,245,614,0,0,0,849,recovery,882
24.054209230124375,140,0,246,614,0,0,0,850,infection,624
24.05931495797245,140,0,245,615,0,0,0,850,recovery,102
24.14667158641695,139,0,246,615,0,0,0,851,infection,515
24.20335943227846,139,0,245,616,0,0,0,851,recovery,166
24.22103805464912,139,0,244,617,0,0,0,851,recovery,857
24.225090417874213,138,0,245,617,0,0,0,852,infection,759
24.231093138389365,138,0,244,618,0,0,0,852,recovery,540
24.249026337455252,138,0,243,619,0,0,0,852,recovery,275
24.26098283223991,137,0,244,619,0,0,0,853,infection,784
24.269240446484282,136,0,245,619,0,0,0,854,infection,399
24.296121962805685,136,0,244,620,0,0,0,854,recovery,848
24.307897918696657,136,0,243,621,0,0,0,854,recovery,451
24.347778531903106,135,0,244,621,0,0,0,855,infection,369
24.34854495869321,135,0,243,622,0,0,0,855,recovery,691
24.356478052023377,135,0,242,623,0,0,0,855,recovery,838
24.371079522210362,135,0,241,624,0,0,0,855,recovery,495
24.372677713737204,135,0,240,625,0,0,0,855,recovery,268
24.385401074931885,135,0,239,626,0,0,0,855,recovery,900
24.399699719274256,135,0,238,627,0,0,0,855,recovery,551
24.423355603308575,134,0,239,627,0,0,0,856,infection,178
24.484427819888552,133,0,240,627,0,0,0,857,infection,182
24.494497374344434,133,0,239,628,0,0,0,857,recovery,559
24.495302012301764,133,0,238,629,0,0,0,857,recovery,256
24.502569080491995,133,0,237,630,0,0,0,857,recovery,255
24.532783197180024,133,0,236,631,0,0,0,857,recovery,574
24.539932972514944,133,0,235,632,0,0,0,857,recovery,707
24.57068050021131,132,0,236,632,0,0,0,858,infection,338
24.58218447487523,132,0,235,633,0,0,0,858,recovery,353
24.6027120291942,132,0,234,634,0,0,0,858,recovery,876
24.60400031388226,132,0,233,635,0,0,0,858,recovery,47
24.61269714521748,132,0,232,636,0,0,0,858,recovery,258
24.68429636983492,132,0,231,637,0,0,0,858,recovery,793
24.732082791104247,131,0,232,637,0,0,0,859,infection,505
24.739795527543563,131,0,231,638,0,0,0,859,recovery,325
24.747951556810428,131,0,230,639,0,0,0,859,recovery,38
24.748602536886057,131,0,229,640,0,0,0,859,recovery,757
24.753026232657227,131,0,228,641,0,0,0,859,recovery,603
24.75668031155275,131,0,227,642,0,0,0,859,recovery,768
24.76225864878711,131,0,226,643,0,0,0,859,recovery,623
24.815880366761757,131,0,225,644,0,0,0,859,recovery,494
24.82039932558768,131,0,224,645,0,0,0,859,recovery,811
24.844971420968793,131,0,223,646,0,0,0,859,recovery,338
24.859841090267878,131,0,222,647,0,0,0,859,recovery,274
24.864577197615077,131,0,221,648,0,0,0,859,recovery,456
24.871196427027304,131,0,220,649,0,0,0,859,recovery,913
24.877194382082987,130,0,221,649,0,0,0,860,infection,719
24.931872279882015,130,0,220,650,0,0,0,860,recovery,963
24.972966249165758,130,0,219,651,0,0,0,860,recovery,901
24.982474022680734,130,0,218,652,0,0,0,860,recovery,854
24.988047943118083,130,0,217,653,0,0,0,860,recovery,116
24.99151825835978,129,0,218,653,0,0,0,861,infection,241
25.03157654336605,129,0,217,654,0,0,0,861,recovery,678
25.06152232807615,129,0,216,655,0,0,0,861,recovery,784
25.072354242277342,129,0,215,656,0,0,0,861,recovery,64
25.097193793565744,129,0,214,657,0,0,0,861,recovery,88
25.10203722138207,128,0,215,657,0,0,0,862,infection,571
25.127099146959193,128,0,214,658,0,0,0,862,recovery,399
25.12999790898963,128,0,213,659,0,0,0,862,recovery,672
25.156957691692554,127,0,214,659,0,0,0,863,infection,827
25.223177699077947,126,0,215,659,0,0,0,864,infection,208
25.283526606245907,125,0,216,659,0,0,0,865,infection,526
25.31994236376616,124,0,217,659,0,0,0,866,infection,969
25.362174322201458,124,0,216,660,0,0,0,866,recovery,794
25.37255142387951,124,0,215,661,0,0,0,866,recovery,236
25.419050141488455,124,0,214,662,0,0,0,866,recovery,742
25.45848036225276,123,0,215,662,0,0,0,867,infection,942
25.459430723399258,123,0,214,663,0,0,0,867,recovery,285
25.49298509954729,123,0,213,664,0,0,0,867,recovery,504
25.572416834931776,123,0,212,665,0,0,0,867,recovery,622
25.608652505825155,123,0,211,666,0,0,0,867,recovery,100
25.610782520049998,123,0,210,667,0,0,0,867,recovery,522
25.623063572280387,123,0,209,668,0,0,0,867,recovery,911
25.65641183101692,123,0,208,669,0,0,0,867,recovery,604
25.67329438188192,122,0,209,669,0,0,0,868,infection,272
25.755658793075828,121,0,210,669,0,0,0,869,infection,26
25.770167212084964,121,0,209,670,0,0,0,869,recovery,775
25.83526710023359,121,0,208,671,0,0,0,869,recovery,227
25.855512708645108,121,0,207,672,0,0,0,869,recovery,589
25.868858737062155,121,0,206,673,0,0,0,869,recovery,299
25.91634119866082,120,0,207,673,0,0,0,870,infection,657
25.91668793496528,120,0,206,674,0,0,0,870,recovery,373
25.9886021970529,120,0,205,675,0,0,0,870,recovery,872
26.04051306038124,120,0,204,676,0,0,0,870,recovery,568
26.06860773526676,120,0,203,677,0,0,0,870,recovery,774
26.078657278733655,120,0,202,678,0,0,0,870,recovery,697
26.085458601353196,120,0,201,679,0,0,0,870,recovery,572
26.09228687214362,120,0,200,680,0,0,0,870,recovery,178
26.123290974979383,119,0,201,680,0,0,0,871,infection,570
26.16299236753955,119,0,200,681,0,0,0,871,recovery,5
26.179569181643764,118,0,201,681,0,0,0,872,infection,187
26.17992133789639,118,0,200,682,0,0,0,872,recovery,478
26.213231484549326,118,0,199,683,0,0,0,872,recovery,612
26.225129084195633,118,0,198,684,0,0,0,872,recovery,207
26.226943985354765,117,0,199,684,0,0,0,873,infection,614
26.228104479280702,117,0,198,685,0,0,0,873,recovery,804
26.262840457468666,117,0,197,686,0,0,0,873,recovery,526
26.284692301679087,117,0,196,687,0,0,0,873,recovery,969
26.31439566916233,117,0,195,688,0,0,0,873,recovery,202
26.337042796012724,117,0,194,689,0,0,0,873,recovery,951
26.407680165694075,117,0,193,690,0,0,0,873,recovery,301
26.42668553634453,117,0,192,691,0,0,0,873,recovery,897
26.443178071223922,116,0,193,691,0,0,0,874,infection,674
26.46532371673806,116,0,192,692,0,0,0,874,recovery,834
26.549310636914228,116,0,191,693,0,0,0,874,recovery,452
26.5497562153192,116,0,190,694,0,0,0,874,recovery,471
26.586721042774855,116,0,189,695,0,0,0,874,recovery,460
26.65132368042132,116,0,188,696,0,0,0,874,recovery,446
26.660039930526878,116,0,187,697,0,0,0,874,recovery,606
26.662477838224397,116,0,186,698,0,0,0,874,recovery,549
26.771016826181892,116,0,185,699,0,0,0,874,recovery,708
26.787694607821734,115,0,186,699,0,0,0,875,infection,789
26.79954784045481,115,0,185,700,0,0,0,875,recovery,647
26.86827594665137,114,0,186,700,0,0,0,876,infection,51
26.943042513662647,113,0,187,700,0,0,0,877,infection,631
26.950164028671686,113,0,186,701,0,0,0,877,recovery,692
26.97003458829128,113,0,185,702,0,0,0,877,recovery,581
26.972595901881952,113,0,184,703,0,0,0,877,recovery,260
27.01582001304314,113,0,183,704,0,0,0,877,recovery,518
27.01668513294159,113,0,182,705,0,0,0,877,recovery,660
27.051963415325417,112,0,183,705,0,0,0,878,infection,485
27.068356307261134,111,0,184,705,0,0,0,879,infection,273
27.098402555735852,110,0,185,705,0,0,0,880,infection,300
27.10046273253929,110,0,184,706,0,0,0,880,recovery,1
27.12038341646032,110,0,183,707,0,0,0,880,recovery,53
27.307281022360815,110,0,182,708,0,0,0,880,recovery,449
27.309151699841866,109,0,183,708,0,0,0,881,infection,173
27.320791573795937,109,0,182,709,0,0,0,881,recovery,505
27.327974199780513,109,0,181,710,0,0,0,881,recovery,570
27.365997668801867,109,0,180,711,0,0,0,881,recovery,759
27.36682152242367,109,0,179,712,0,0,0,881,recovery,395
27.403756349555017,108,0,180,712,0,0,0,882,infection,472
27.445185416002502,108,0,179,713,0,0,0,882,recovery,767
27.455014985877902,108,0,178,714,0,0,0,882,recovery,51
27.49014506301114,108,0,177,715,0,0,0,882,recovery,755
27.563249110328123,108,0,176,716,0,0,0,882,recovery,379
27.57316993403728,107,0,177,716,0,0,0,883,infection,358
27.575632670652343,106,0,178,716,0,0,0,884,infection,517
27.5816300370061,106,0,177,717,0,0,0,884,recovery,656
27.601344190687715,106,0,176,718,0,0,0,884,recovery,135
27.601385573572305,105,0,177,718,0,0,0,885,infection,609
27.603086971276902,105,0,176,719,0,0,0,885,recovery,328
27.617472661618642,105,0,175,720,0,0,0,885,recovery,287
27.63892001337315,104,0,176,720,0,0,0,886,infection,520
27.63927585353934,104,0,175,721,0,0,0,886,recovery,544
27.643285680193678,104,0,174,722,0,0,0,886,recovery,383
27.650968432570316,103,0,175,722,0,0,0,887,infection,822
27.67293753883711,102,0,176,722,0,0,0,888,infection,39
27.687753740545094,102,0,175,723,0,0,0,888,recovery,531
27.783051644786962,102,0,174,724,0,0,0,888,recovery,23
27.812112617017277,102,0,173,725,0,0,0,888,recovery,412
27.846341481758945,102,0,172,726,0,0,0,888,recovery,76
27.85084984095481,101,0,173,726,0,0,0,889,infection,14
27.853038008777837,101,0,172,727,0,0,0,889,recovery,222
27.855592517244382,100,0,173,727,0,0,0,890,infection,893
27.94888309369125,100,0,172,728,0,0,0,890,recovery,513
27.993557313559787,100,0,171,729,0,0,0,890,recovery,175
28.000414020283646,100,0,170,730,0,0,0,890,recovery,90
28.046882920515408,100,0,169,731,0,0,0,890,recovery,657
28.054561234152054,99,0,170,731,0,0,0,891,infection,878
28.109596665710296,99,0,169,732,0,0,0,891,recovery,520
28.146970811497876,98,0,170,732,0,0,0,892,infection,840
28.196267549953582,97,0,171,732,0,0,0,893,infection,752
28.22569074034198,97,0,170,733,0,0,0,893,recovery,634
28.228102559654996,97,0,169,734,0,0,0,893,recovery,739
28.27325750472918,97,0,168,735,0,0,0,893,recovery,300
28.312172690220805,97,0,167,736,0,0,0,893,recovery,271
28.363244856919657,97,0,166,737,0,0,0,893,recovery,642
28.367933364105983,96,0,167,737,0,0,0,894,infection,582
28.369340723003226,96,0,166,738,0,0,0,894,recovery,9
28.376927563273114,96,0,165,739,0,0,0,894,recovery,350
28.39039646295752,95,0,166,739,0,0,0,895,infection,907
28.41145755884531,94,0,167,739,0,0,0,896,infection,812
28.413572482971368,94,0,166,740,0,0,0,896,recovery,180
28.41499567781752,94,0,165,741,0,0,0,896,recovery,582
28.42535321479386,94,0,164,742,0,0,0,896,recovery,822
28.485249726574168,93,0,165,742,0,0,0,897,infection,633
28.487672536944963,93,0,164,743,0,0,0,897,recovery,989
28.582884525799102,93,0,163,744,0,0,0,897,recovery,43
28.629303852251343,93,0,162,745,0,0,0,897,recovery,26
28.633213102034595,93,0,161,746,0,0,0,897,recovery,89
28.655637371009565,93,0,160,747,0,0,0,897,recovery,173
28.655803967122253,93,0,159,748,0,0,0,897,recovery,580
28.720448311389365,93,0,158,749,0,0,0,897,recovery,358
28.7529278091385,93,0,157,750,0,0,0,897,recovery,560
28.759197503726966,93,0,156,751,0,0,0,897,recovery,941
28.76599096849305,92,0,157,751,0,0,0,898,infection,538
28.804535479189564,92,0,156,752,0,0,0,898,recovery,179
28.80964374342833,92,0,155,753,0,0,0,898,recovery,439
28.816262032529917,92,0,154,754,0,0,0,898,recovery,101
28.82821122041427,92,0,153,755,0,0,0,898,recovery,608
28.8294821595289,92,0,152,756,0,0,0,898,recovery,786
28.843543013600133,92,0,151,757,0,0,0,898,recovery,575
28.84591842815823,92,0,150,758,0,0,0,898,recovery,850
28.920693047632923,92,0,149,759,0,0,0,898,recovery,528
28.940224525964027,92,0,148,760,0,0,0,898,recovery,187
28.962765295038622,92,0,147,761,0,0,0,898,recovery,414
28.96969396536699,92,0,146,762,0,0,0,898,recovery,517
28.98673620042847,92,0,145,763,0,0,0,898,recovery,304
29.0193844642271,92,0,144,764,0,0,0,898,recovery,945
29.109122822724093,92,0,143,765,0,0,0,898,recovery,305
29.262463775051387,92,0,142,766,0,0,0,898,recovery,283
29.40431846088368,92,0,141,767,0,0,0,898,recovery,641
29.409154740650862,92,0,140,768,0,0,0,898,recovery,262
29.412608778234087,92,0,139,769,0,0,0,898,recovery,734
29.416446159764114,92,0,138,770,0,0,0,898,recovery,474
29.461421094138373,92,0,137,771,0,0,0,898,recovery,126
29.532257733106288,91,0,138,771,0,0,0,899,infection,72
29.541971249193498,91,0,137,772,0,0,0,899,recovery,233
29.554999573485876,91,0,136,773,0,0,0,899,recovery,293
29.57770269271147,90,0,137,773,0,0,0,900,infection,357
29.618081491121774,89,0,138,773,0,0,0,901,infection,60
29.661675938081256,88,0,139,773,0,0,0,902,infection,425
29.662237604723266,87,0,140,773,0,0,0,903,infection,314
29.704746721350528,87,0,139,774,0,0,0,903,recovery,613
29.80780618131068,87,0,138,775,0,0,0,903,recovery,653
29.809563921417617,87,0,137,776,0,0,0,903,recovery,378
29.81200028152425,87,0,136,777,0,0,0,903,recovery,761
29.86621891367503,87,0,135,778,0,0,0,903,recovery,812
29.867601276604965,87,0,134,779,0,0,0,903,recovery,257
29.907963587877767,87,0,133,780,0,0,0,903,recovery,635
29.91775794904853,87,0,132,781,0,0,0,903,recovery,820
29.92673698927335,87,0,131,782,0,0,0,903,recovery,497
29.959245903701873,87,0,130,783,0,0,0,903,recovery,196
29.9670891195185,87,0,129,784,0,0,0,903,recovery,700
29.979407806400076,86,0,130,784,0,0,0,904,infection,131
30.04489984908884,86,0,129,785,0,0,0,904,recovery,403
30.107489044673322,86,0,128,786,0,0,0,904,recovery,534
30.29011073282743,85,0,129,786,0,0,0,905,infection,318
30.413619386685372,85,0,128,787,0,0,0,905,recovery,72
30.49055110675727,84,0,129,787,0,0,0,906,infection,251
30.511124984931158,83,0,130,787,0,0,0,907,infection,359
30.54511421656053,83,0,129,788,0,0,0,907,recovery,752
30.609558390174875,83,0,128,789,0,0,0,907,recovery,152
30.69644340656155,83,0,127,790,0,0,0,907,recovery,324
30.720137516024344,83,0,126,791,0,0,0,907,recovery,566
30.723053557395737,83,0,125,792,0,0,0,907,recovery,148
30.733102357980766,83,0,124,793,0,0,0,907,recovery,674
30.80387750818843,83,0,123,794,0,0,0,907,recovery,614
30.810475023764017,82,0,124,794,0,0,0,908,infection,649
30.893114328624577,82,0,123,795,0,0,0,908,recovery,912
30.920745163858495,82,0,122,796,0,0,0,908,recovery,515
30.965178962120415,81,0,123,796,0,0,0,909,infection,548
30.979758293347583,81,0,122,797,0,0,0,909,recovery,538
31.010168967261134,81,0,121,798,0,0,0,909,recovery,60
31.065092252689922,81,0,120,799,0,0,0,909,recovery,758
31.096128958385385,81,0,119,800,0,0,0,909,recovery,369
31.10815203267771,81,0,118,801,0,0,0,909,recovery,241
31.13630323920969,81,0,117,802,0,0,0,909,recovery,893
31.16568281882637,81,0,116,803,0,0,0,909,recovery,314
31.19103221763295,81,0,115,804,0,0,0,909,recovery,624
31.19174989057283,81,0,114,805,0,0,0,909,recovery,883
31.21931370095522,81,0,113,806,0,0,0,909,recovery,684
31.238185089474854,81,0,112,807,0,0,0,909,recovery,479
31.31861534096315,81,0,111,808,0,0,0,909,recovery,455
31.322263269318583,81,0,110,809,0,0,0,909,recovery,485
31.34195306599366,80,0,111,809,0,0,0,910,infection,731
31.34925630281105,80,0,110,810,0,0,0,910,recovery,146
31.385392235142085,79,0,111,810,0,0,0,911,infection,121
31.41692354717754,79,0,110,811,0,0,0,911,recovery,472
31.463845498433198,79,0,109,812,0,0,0,911,recovery,926
31.524207130026383,79,0,108,813,0,0,0,911,recovery,772
31.605646655449284,79,0,107,814,0,0,0,911,recovery,339
31.670074602697515,79,0,106,815,0,0,0,911,recovery,516
31.760298629714406,79,0,105,816,0,0,0,911,recovery,157
31.82140739996485,79,0,104,817,0,0,0,911,recovery,824
31.894704703601285,79,0,103,818,0,0,0,911,recovery,925
32.18874855661712,79,0,102,819,0,0,0,911,recovery,633
32.23304394510466,79,0,101,820,0,0,0,911,recovery,649
32.329401242458296,79,0,100,821,0,0,0,911,recovery,730
32.44381805508708,79,0,99,822,0,0,0,911,recovery,731
32.486619898252314,78,0,100,822,0,0,0,912,infection,779
32.53930083419974,77,0,101,822,0,0,0,913,infection,733
32.55786042993216,77,0,100,823,0,0,0,913,recovery,129
32.823269120216416,76,0,101,823,0,0,0,914,infection,805
32.93794984574113,75,0,102,823,0,0,0,915,infection,536
32.962969663049364,75,0,101,824,0,0,0,915,recovery,669
33.008176470166745,75,0,100,825,0,0,0,915,recovery,558
33.37340971956649,75,0,99,826,0,0,0,915,recovery,346
33.38782581638777,75,0,98,827,0,0,0,915,recovery,330
33.401761239118336,75,0,97,828,0,0,0,915,recovery,19
33.429215986372164,75,0,96,829,0,0,0,915,recovery,475
33.556674161303604,74,0,97,829,0,0,0,916,infection,465
33.60203808549575,74,0,96,830,0,0,0,916,recovery,467
33.64737469323816,74,0,95,831,0,0,0,916,recovery,719
33.67499855034903,74,0,94,832,0,0,0,916,recovery,590
33.701141233997255,74,0,93,833,0,0,0,916,recovery,203
33.72123849446482,74,0,92,834,0,0,0,916,recovery,359
33.755911072443,74,0,91,835,0,0,0,916,recovery,111
33.86533157872513,74,0,90,836,0,0,0,916,recovery,85
33.9017852129044,74,0,89,837,0,0,0,916,recovery,131
33.918952966153114,73,0,90,837,0,0,0,917,infection,670
33.99221496115639,73,0,89,838,0,0,0,917,recovery,840
34.028391435034514,73,0,88,839,0,0,0,917,recovery,789
34.18660061439328,73,0,87,840,0,0,0,917,recovery,609
34.205844075977694,73,0,86,841,0,0,0,917,recovery,425
34.21286163785637,73,0,85,842,0,0,0,917,recovery,523
34.2936423616771,72,0,86,842,0,0,0,918,infection,555
34.310929690444894,71,0,87,842,0,0,0,919,infection,254
34.31151549381422,71,0,86,843,0,0,0,919,recovery,791
34.35980201936199,71,0,85,844,0,0,0,919,recovery,942
34.428602712575426,71,0,84,845,0,0,0,919,recovery,416
34.45341231784648,71,0,83,846,0,0,0,919,recovery,509
34.61326667520067,71,0,82,847,0,0,0,919,recovery,805
34.61740767271155,71,0,81,848,0,0,0,919,recovery,327
34.67632321068773,71,0,80,849,0,0,0,919,recovery,311
34.684730606856476,71,0,79,850,0,0,0,919,recovery,733
34.72903538652407,71,0,78,851,0,0,0,919,recovery,847
34.832471395974025,71,0,77,852,0,0,0,919,recovery,628
34.844232273770125,71,0,76,853,0,0,0,919,recovery,631
34.87847358147875,71,0,75,854,0,0,0,919,recovery,442
34.88323799144723,70,0,76,854,0,0,0,920,infection,844
34.983749606032134,69,0,77,854,0,0,0,921,infection,441
35.005858236216,69,0,76,855,0,0,0,921,recovery,510
35.028497830609446,69,0,75,856,0,0,0,921,recovery,117
35.06157688319534,69,0,74,857,0,0,0,921,recovery,826
35.12943905534348,69,0,73,858,0,0,0,921,recovery,967
35.355345452717266,69,0,72,859,0,0,0,921,recovery,548
35.39954650482315,69,0,71,860,0,0,0,921,recovery,885
35.46377021174239,69,0,70,861,0,0,0,921,recovery,952
35.480305905788676,69,0,69,862,0,0,0,921,recovery,39
35.53656284860493,68,0,70,862,0,0,0,922,infection,514
35.54945706878435,68,0,69,863,0,0,0,922,recovery,661
35.575139852343455,68,0,68,864,0,0,0,922,recovery,670
35.61169012758093,68,0,67,865,0,0,0,922,recovery,343
35.61865296847681,68,0,66,866,0,0,0,922,recovery,318
35.77462543974742,68,0,65,867,0,0,0,922,recovery,269
36.072727728642604,68,0,64,868,0,0,0,922,recovery,121
36.278098518614335,68,0,63,869,0,0,0,922,recovery,14
36.37050093438895,67,0,64,869,0,0,0,923,infection,337
36.57742132511805,67,0,63,870,0,0,0,923,recovery,821
36.64458861128717,67,0,62,871,0,0,0,923,recovery,555
36.71536219307569,67,0,61,872,0,0,0,923,recovery,571
36.82467772387868,67,0,60,873,0,0,0,923,recovery,140
36.990585149246385,67,0,59,874,0,0,0,923,recovery,377
37.11178290698838,66,0,60,874,0,0,0,924,infection,159
37.129745463413926,66,0,59,875,0,0,0,924,recovery,77
37.197704086361895,66,0,58,876,0,0,0,924,recovery,903
37.376024300653135,65,0,59,876,0,0,0,925,infection,410
37.53369819260636,65,0,58,877,0,0,0,925,recovery,616
37.708465956003124,65,0,57,878,0,0,0,925,recovery,182
37.75232645580432,65,0,56,879,0,0,0,925,recovery,354
37.830732070313566,65,0,55,880,0,0,0,925,recovery,713
38.046733935389156,65,0,54,881,0,0,0,925,recovery,251
38.344928548271675,65,0,53,882,0,0,0,925,recovery,7
38.40476317388059,64,0,54,882,0,0,0,926,infection,270
38.40810485677602,64,0,53,883,0,0,0,926,recovery,366
38.511478657397966,64,0,52,884,0,0,0,926,recovery,364
38.598548696952804,64,0,51,885,0,0,0,926,recovery,422
38.60677454125313,64,0,50,886,0,0,0,926,recovery,337
38.697073010376855,64,0,49,887,0,0,0,926,recovery,701
38.797116710898884,63,0,50,887,0,0,0,927,infection,892
39.10674547183388,62,0,51,887,0,0,0,928,infection,419
39.22954202308365,62,0,50,888,0,0,0,928,recovery,679
39.33832088149919,62,0,49,889,0,0,0,928,recovery,985
39.6642863701072,61,0,50,889,0,0,0,929,infection,158
39.66479796528719,61,0,49,890,0,0,0,929,recovery,316
40.0,61,0,49,890,0,0,0,929,horizon,0
