t,S,E,I,R,births,deaths,vaccinated,infections,event,person
0.0,990,0,10,0,0,0,0,0,initial,0
0.2142322030407875,989,0,11,0,0,0,0,1,infection,942
0.249057496120432,988,0,12,0,0,0,0,2,infection,523
0.31164987161226587,988,0,11,1,0,0,0,2,recovery,523
0.47938890742086837,987,0,12,1,0,0,0,3,infection,145
0.4985484879724315,986,0,13,1,0,0,0,4,infection,285
0.5912545688716753,985,0,14,1,0,0,0,5,infection,763
0.650958112951926,984,0,15,1,0,0,0,6,infection,693
0.7241616079128981,984,0,14,2,0,0,0,6,recovery,996
0.7778077139453534,984,0,13,3,0,0,0,6,recovery,991
0.8802446586641727,983,0,14,3,0,0,0,7,infection,947
0.890812790511154,982,0,15,3,0,0,0,8,infection,334
0.9327169133594664,981,0,16,3,0,0,0,9,infection,569
1.0564314843151659,980,0,17,3,0,0,0,10,infection,844
1.1097090314577682,979,0,18,3,0,0,0,11,infection,246
1.2003384837686943,978,0,19,3,0,0,0,12,infection,459
1.2508365839525195,978,0,18,4,0,0,0,12,recovery,992
1.3137346601036946,977,0,19,4,0,0,0,13,infection,267
1.3554310503694469,976,0,20,4,0,0,0,14,infection,358
1.4026105419004247,975,0,21,4,0,0,0,15,infection,469
1.4981174057029065,975,0,20,5,0,0,0,15,recovery,947
1.546513485759678,974,0,21,5,0,0,0,16,infection,608
1.6210895501425562,973,0,22,5,0,0,0,17,infection,661
1.6265585362993464,972,0,23,5,0,0,0,18,infection,709
1.64437725948529,971,0,24,5,0,0,0,19,infection,367
1.8573166215457497,970,0,25,5,0,0,0,20,infection,356
1.8867779167892238,969,0,26,5,0,0,0,21,infection,724
1.9238565178331664,968,0,27,5,0,0,0,22,infection,69
1.9353929608380416,967,0,28,5,0,0,0,23,infection,36
2.0411327310073926,966,0,29,5,0,0,0,24,infection,482
2.1094857553303004,965,0,30,5,0,0,0,25,infection,129
2.13171030705264,964,0,31,5,0,0,0,26,infection,304
2.1377021480918947,963,0,32,5,0,0,0,27,infection,828
2.165480096305362,962,0,33,5,0,0,0,28,infection,183
2.17220901579205,961,0,34,5,0,0,0,29,infection,39
2.177032564704223,960,0,35,5,0,0,0,30,infection,738
2.1916178664179333,960,0,34,6,0,0,0,30,recovery,995
2.220714074558884,960,0,33,7,0,0,0,30,recovery,994
2.2773854807717875,959,0,34,7,0,0,0,31,infection,749
2.281385845855207,958,0,35,7,0,0,0,32,infection,420
2.2913781803800775,957,0,36,7,0,0,0,33,infection,513
2.2968001154296145,956,0,37,7,0,0,0,34,infection,596
2.2994060102317113,956,0,36,8,0,0,0,34,recovery,993
2.299804846307949,955,0,37,8,0,0,0,35,infection,12
2.3090764931291594,954,0,38,8,0,0,0,36,infection,88
2.3240697568539734,953,0,39,8,0,0,0,37,infection,591
2.356907163927093,952,0,40,8,0,0,0,38,infection,921
2.4751064895073727,951,0,41,8,0,0,0,39,infection,282
2.481713750362738,951,0,40,9,0,0,0,39,recovery,183
2.5072766309128234,950,0,41,9,0,0,0,40,infection,251
2.508602819174828,949,0,42,9,0,0,0,41,infection,380
2.549254960624173,948,0,43,9,0,0,0,42,infection,504
2.605511932946974,947,0,44,9,0,0,0,43,infection,276
2.607075686415288,946,0,45,9,0,0,0,44,infection,889
2.6138355078968827,945,0,46,9,0,0,0,45,infection,365
2.6153122142186116,944,0,47,9,0,0,0,46,infection,549
2.629860877489982,943,0,48,9,0,0,0,47,infection,655
2.7027249847018195,942,0,49,9,0,0,0,48,infection,736
2.721131498661936,941,0,50,9,0,0,0,49,infection,522
2.729325552448846,940,0,51,9,0,0,0,50,infection,61
2.7354489739525443,940,0,50,10,0,0,0,50,recovery,459
2.7409546732379058,939,0,51,10,0,0,0,51,infection,161
2.7426881715502796,938,0,52,10,0,0,0,52,infection,65
2.7834534552783823,937,0,53,10,0,0,0,53,infection,908
2.8137429268956318,936,0,54,10,0,0,0,54,infection,939
2.855508917278502,935,0,55,10,0,0,0,55,infection,926
2.884147247415134,935,0,54,11,0,0,0,55,recovery,356
2.905651363557684,934,0,55,11,0,0,0,56,infection,673
2.9456336452513403,933,0,56,11,0,0,0,57,infection,7
2.959107704826349,932,0,57,11,0,0,0,58,infection,499
2.98710476980002,931,0,58,11,0,0,0,59,infection,694
2.9902690385905935,930,0,59,11,0,0,0,60,infection,210
3.0207736366957376,929,0,60,11,0,0,0,61,infection,156
3.022125807259579,928,0,61,11,0,0,0,62,infection,326
3.0638206131376773,927,0,62,11,0,0,0,63,infection,789
3.073824567412337,926,0,63,11,0,0,0,64,infection,562
3.075804866954614,926,0,62,12,0,0,0,64,recovery,522
3.076736930523305,925,0,63,12,0,0,0,65,infection,273
3.0945951553598987,924,0,64,12,0,0,0,66,infection,851
3.1209276573799904,923,0,65,12,0,0,0,67,infection,669
3.146038298277104,922,0,66,12,0,0,0,68,infection,224
3.1741586263955583,921,0,67,12,0,0,0,69,infection,602
3.1758651919576617,921,0,66,13,0,0,0,69,recovery,285
3.1917484953456974,920,0,67,13,0,0,0,70,infection,64
3.2368232523649265,919,0,68,13,0,0,0,71,infection,768
3.275881875774685,919,0,67,14,0,0,0,71,recovery,12
3.2856509006641264,918,0,68,14,0,0,0,72,infection,431
3.333605662419384,917,0,69,14,0,0,0,73,infection,968
3.3345608233321267,917,0,68,15,0,0,0,73,recovery,926
3.3901019870898152,916,0,69,15,0,0,0,74,infection,890
3.4068443185114337,915,0,70,15,0,0,0,75,infection,441
3.4212987942539983,914,0,71,15,0,0,0,76,infection,98
3.431418472937209,913,0,72,15,0,0,0,77,infection,250
3.445650874497565,912,0,73,15,0,0,0,78,infection,605
3.4782675874924744,911,0,74,15,0,0,0,79,infection,109
3.4796298857907164,911,0,73,16,0,0,0,79,recovery,246
3.4838667652648305,910,0,74,16,0,0,0,80,infection,72
3.4882968819071434,909,0,75,16,0,0,0,81,infection,74
3.5363537333427764,908,0,76,16,0,0,0,82,infection,346
3.5389457456198152,907,0,77,16,0,0,0,83,infection,378
3.5553346239317323,906,0,78,16,0,0,0,84,infection,94
3.5590549903664583,905,0,79,16,0,0,0,85,infection,252
3.5674993444066176,904,0,80,16,0,0,0,86,infection,943
3.588027176503742,903,0,81,16,0,0,0,87,infection,671
3.642996030724134,902,0,82,16,0,0,0,88,infection,543
3.659893708141699,902,0,81,17,0,0,0,88,recovery,72
3.6692905775842926,901,0,82,17,0,0,0,89,infection,960
3.674324769049143,900,0,83,17,0,0,0,90,infection,539
3.6763100489258975,899,0,84,17,0,0,0,91,infection,685
3.68927046385423,898,0,85,17,0,0,0,92,infection,957
3.7245798486421355,898,0,84,18,0,0,0,92,recovery,890
3.7423439657440585,897,0,85,18,0,0,0,93,infection,33
3.7425073094653953,896,0,86,18,0,0,0,94,infection,905
3.783422546965854,896,0,85,19,0,0,0,94,recovery,694
3.7881052384036575,895,0,86,19,0,0,0,95,infection,452
3.7921551111592047,894,0,87,19,0,0,0,96,infection,449
3.813480899920353,893,0,88,19,0,0,0,97,infection,414
3.8359610091610916,892,0,89,19,0,0,0,98,infection,44
3.843155618487829,891,0,90,19,0,0,0,99,infection,677
3.8512485263144205,890,0,91,19,0,0,0,100,infection,612
3.8780915631833817,890,0,90,20,0,0,0,100,recovery,74
3.884490207505948,889,0,91,20,0,0,0,101,infection,31
3.896863827709323,889,0,90,21,0,0,0,101,recovery,449
3.902290448237553,888,0,91,21,0,0,0,102,infection,597
3.9610833523928273,887,0,92,21,0,0,0,103,infection,196
3.97865484608671,886,0,93,21,0,0,0,104,infection,651
3.9874493898746297,885,0,94,21,0,0,0,105,infection,876
3.9952439297561777,884,0,95,21,0,0,0,106,infection,822
3.995476920796504,883,0,96,21,0,0,0,107,infection,910
4.036864794350126,882,0,97,21,0,0,0,108,infection,136
4.072960117514093,881,0,98,21,0,0,0,109,infection,54
4.108415638044019,881,0,97,22,0,0,0,109,recovery,998
4.121670862616975,880,0,98,22,0,0,0,110,infection,774
4.1265151021099795,879,0,99,22,0,0,0,111,infection,212
4.137079790883706,878,0,100,22,0,0,0,112,infection,460
4.199020508843529,878,0,99,23,0,0,0,112,recovery,69
4.204144138378154,877,0,100,23,0,0,0,113,infection,243
4.208525286094646,876,0,101,23,0,0,0,114,infection,275
4.211676643336038,875,0,102,23,0,0,0,115,infection,32
4.217774910395149,874,0,103,23,0,0,0,116,infection,123
4.221634984997179,873,0,104,23,0,0,0,117,infection,875
4.222519240351122,873,0,103,24,0,0,0,117,recovery,273
4.225524160859746,872,0,104,24,0,0,0,118,infection,73
4.2651250856236,871,0,105,24,0,0,0,119,infection,11
4.274942501133434,871,0,104,25,0,0,0,119,recovery,136
4.2819330785026715,870,0,105,25,0,0,0,120,infection,956
4.283015541260344,869,0,106,25,0,0,0,121,infection,82
4.293912583349764,868,0,107,25,0,0,0,122,infection,29
4.300325079511185,867,0,108,25,0,0,0,123,infection,502
4.3040067581821475,866,0,109,25,0,0,0,124,infection,102
4.305096401056513,865,0,110,25,0,0,0,125,infection,259
4.3170108360878805,864,0,111,25,0,0,0,126,infection,570
4.319870955325699,863,0,112,25,0,0,0,127,infection,188
4.3344748303737966,862,0,113,25,0,0,0,128,infection,172
4.335430956428959,861,0,114,25,0,0,0,129,infection,362
4.347650407283545,860,0,115,25,0,0,0,130,infection,226
4.366810732197774,859,0,116,25,0,0,0,131,infection,745
4.36861999252866,858,0,117,25,0,0,0,132,infection,218
4.370109224919062,857,0,118,25,0,0,0,133,infection,189
4.37497535702719,856,0,119,25,0,0,0,134,infection,810
4.385724820805841,855,0,120,25,0,0,0,135,infection,232
4.3936191253522985,855,0,119,26,0,0,0,135,recovery,908
4.443041015110154,855,0,118,27,0,0,0,135,recovery,61
4.453529958513325,855,0,117,28,0,0,0,135,recovery,685
4.463181486496876,855,0,116,29,0,0,0,135,recovery,655
4.471361415449335,854,0,117,29,0,0,0,136,infection,407
4.507659437445917,853,0,118,29,0,0,0,137,infection,284
4.509724111133201,853,0,117,30,0,0,0,137,recovery,738
4.538383979003326,852,0,118,30,0,0,0,138,infection,227
4.544153445055445,851,0,119,30,0,0,0,139,infection,439
4.576227326039226,850,0,120,30,0,0,0,140,infection,231
4.577870509390854,849,0,121,30,0,0,0,141,infection,116
4.585671248373224,848,0,122,30,0,0,0,142,infection,565
4.595998852610098,847,0,123,30,0,0,0,143,infection,754
4.6124460779300875,846,0,124,30,0,0,0,144,infection,897
4.632994053295601,845,0,125,30,0,0,0,145,infection,173
4.653924567927518,844,0,126,30,0,0,0,146,infection,377
4.663894358388969,844,0,125,31,0,0,0,146,recovery,276
4.66519511236283,843,0,126,31,0,0,0,147,infection,510
4.678561600053201,842,0,127,31,0,0,0,148,infection,766
4.685579331674898,842,0,126,32,0,0,0,148,recovery,88
4.697717133893799,841,0,127,32,0,0,0,149,infection,264
4.703563059005628,841,0,126,33,0,0,0,149,recovery,156
4.718358288005147,841,0,125,34,0,0,0,149,recovery,188
4.7189377714645016,841,0,124,35,0,0,0,149,recovery,774
4.729378428432266,841,0,123,36,0,0,0,149,recovery,161
4.730701288063335,840,0,124,36,0,0,0,150,infection,343
4.741992861731925,840,0,123,37,0,0,0,150,recovery,250
4.771271729305256,839,0,124,37,0,0,0,151,infection,584
4.773498748921683,839,0,123,38,0,0,0,151,recovery,661
4.787891179531006,838,0,124,38,0,0,0,152,infection,626
4.791357623868696,837,0,125,38,0,0,0,153,infection,40
4.818551817320794,836,0,126,38,0,0,0,154,infection,551
4.820626590187353,836,0,125,39,0,0,0,154,recovery,431
4.854103815371287,835,0,126,39,0,0,0,155,infection,43
4.86437695623311,834,0,127,39,0,0,0,156,infection,180
4.865526202590863,834,0,126,40,0,0,0,156,recovery,570
4.873815150550965,833,0,127,40,0,0,0,157,infection,778
4.882415621292957,832,0,128,40,0,0,0,158,infection,737
4.890200134564427,832,0,127,41,0,0,0,158,recovery,227
4.89142097889247,832,0,126,42,0,0,0,158,recovery,724
4.893680205503297,831,0,127,42,0,0,0,159,infection,457
4.908352035450287,831,0,126,43,0,0,0,159,recovery,64
4.912741557700518,830,0,127,43,0,0,0,160,infection,986
4.927392644007782,829,0,128,43,0,0,0,161,infection,702
4.94408974363281,828,0,129,43,0,0,0,162,infection,114
4.944601668843936,827,0,130,43,0,0,0,163,infection,78
4.9529913180484435,827,0,129,44,0,0,0,163,recovery,709
4.9968612247339905,826,0,130,44,0,0,0,164,infection,656
5.008378319139828,825,0,131,44,0,0,0,165,infection,262
5.018057464584094,824,0,132,44,0,0,0,166,infection,466
5.03593016680879,823,0,133,44,0,0,0,167,infection,977
5.05247149493473,823,0,132,45,0,0,0,167,recovery,626
5.059775033237169,822,0,133,45,0,0,0,168,infection,51
5.063847632954812,821,0,134,45,0,0,0,169,infection,631
5.069120690124067,820,0,135,45,0,0,0,170,infection,857
5.071730382884476,819,0,136,45,0,0,0,171,infection,941
5.0757758250893525,818,0,137,45,0,0,0,172,infection,363
5.087405123781388,818,0,136,46,0,0,0,172,recovery,275
5.0874844280906935,817,0,137,46,0,0,0,173,infection,67
5.0934293939750415,816,0,138,46,0,0,0,174,infection,49
5.095977545687762,815,0,139,46,0,0,0,175,infection,887
5.096034941868771,814,0,140,46,0,0,0,176,infection,244
5.096700483512587,813,0,141,46,0,0,0,177,infection,718
5.140565764990934,812,0,142,46,0,0,0,178,infection,417
5.143083490940763,812,0,141,47,0,0,0,178,recovery,259
5.14626212384044,812,0,140,48,0,0,0,178,recovery,718
5.149242757284634,811,0,141,48,0,0,0,179,infection,560
5.154505475981156,810,0,142,48,0,0,0,180,infection,933
5.164267341065509,809,0,143,48,0,0,0,181,infection,311
5.166447654187841,808,0,144,48,0,0,0,182,infection,668
5.172817820205332,807,0,145,48,0,0,0,183,infection,257
5.174630306933266,806,0,146,48,0,0,0,184,infection,618
5.1883208722387595,805,0,147,48,0,0,0,185,infection,77
5.188481971853841,804,0,148,48,0,0,0,186,infection,633
5.197051865240624,804,0,147,49,0,0,0,186,recovery,173
5.211305431982099,803,0,148,49,0,0,0,187,infection,711
5.221011139048601,803,0,147,50,0,0,0,187,recovery,33
5.2214302630758365,802,0,148,50,0,0,0,188,infection,299
5.2350781746764845,801,0,149,50,0,0,0,189,infection,576
5.236662285306504,800,0,150,50,0,0,0,190,infection,238
5.23932818494395,799,0,151,50,0,0,0,191,infection,740
5.23975523245851,798,0,152,50,0,0,0,192,infection,912
5.262390843929476,797,0,153,50,0,0,0,193,infection,107
5.267713596371889,797,0,152,51,0,0,0,193,recovery,921
5.2758830474620515,796,0,153,51,0,0,0,194,infection,645
5.300646132469835,796,0,152,52,0,0,0,194,recovery,669
5.307683608738242,796,0,151,53,0,0,0,194,recovery,668
5.320127136602977,795,0,152,53,0,0,0,195,infection,318
5.323171757078531,794,0,153,53,0,0,0,196,infection,518
5.32461974911969,793,0,154,53,0,0,0,197,infection,732
5.327871324210354,792,0,155,53,0,0,0,198,infection,269
5.336886597429197,791,0,156,53,0,0,0,199,infection,458
5.353175161877151,790,0,157,53,0,0,0,200,infection,465
5.365158759571589,789,0,158,53,0,0,0,201,infection,383
5.370619210691993,789,0,157,54,0,0,0,201,recovery,414
5.393405513027361,788,0,158,54,0,0,0,202,infection,719
5.393782446101783,787,0,159,54,0,0,0,203,infection,950
5.395602138183237,787,0,158,55,0,0,0,203,recovery,363
5.40416964297718,786,0,159,55,0,0,0,204,infection,517
5.4272922418469065,785,0,160,55,0,0,0,205,infection,413
5.430214193308938,784,0,161,55,0,0,0,206,infection,148
5.432259721787377,783,0,162,55,0,0,0,207,infection,850
5.433978695990183,782,0,163,55,0,0,0,208,infection,467
5.436509832076174,782,0,162,56,0,0,0,208,recovery,560
5.445321930740861,781,0,163,56,0,0,0,209,infection,864
5.451795373261575,780,0,164,56,0,0,0,210,infection,167
5.500421933392893,779,0,165,56,0,0,0,211,infection,19
5.510191173839758,778,0,166,56,0,0,0,212,infection,330
5.518660268965968,777,0,167,56,0,0,0,213,infection,295
5.532364471730615,776,0,168,56,0,0,0,214,infection,16
5.541617094973103,775,0,169,56,0,0,0,215,infection,930
5.548468329393109,774,0,170,56,0,0,0,216,infection,884
5.551909474221261,774,0,169,57,0,0,0,216,recovery,732
5.579137623281416,773,0,170,57,0,0,0,217,infection,800
5.586288609166867,772,0,171,57,0,0,0,218,infection,955
5.586428051485991,771,0,172,57,0,0,0,219,infection,588
5.597875375760218,770,0,173,57,0,0,0,220,infection,239
5.6086668324778,769,0,174,57,0,0,0,221,infection,854
5.624026084249989,769,0,173,58,0,0,0,221,recovery,905
5.640100979264871,768,0,174,58,0,0,0,222,infection,675
5.644942159285667,767,0,175,58,0,0,0,223,infection,521
5.647136971248305,767,0,174,59,0,0,0,223,recovery,239
5.647641453890032,766,0,175,59,0,0,0,224,infection,3
5.664250650771679,766,0,174,60,0,0,0,224,recovery,102
5.66790191162763,766,0,173,61,0,0,0,224,recovery,172
5.6804681578228635,765,0,174,61,0,0,0,225,infection,700
5.688576527873215,764,0,175,61,0,0,0,226,infection,25
5.689218683112952,763,0,176,61,0,0,0,227,infection,514
5.7034966597242,762,0,177,61,0,0,0,228,infection,984
5.709397577950791,761,0,178,61,0,0,0,229,infection,817
5.730807951514007,761,0,177,62,0,0,0,229,recovery,930
5.731080850498443,760,0,178,62,0,0,0,230,infection,120
5.736818124906472,759,0,179,62,0,0,0,231,infection,48
5.760268337014772,758,0,180,62,0,0,0,232,infection,81
5.768298952469953,757,0,181,62,0,0,0,233,infection,967
5.769424414364126,756,0,182,62,0,0,0,234,infection,185
5.787708349168568,756,0,181,63,0,0,0,234,recovery,693
5.834361570112432,755,0,182,63,0,0,0,235,infection,580
5.83602030314802,755,0,181,64,0,0,0,235,recovery,740
5.860023274587397,754,0,182,64,0,0,0,236,infection,845
5.861605248496393,753,0,183,64,0,0,0,237,infection,75
5.862784855404144,752,0,184,64,0,0,0,238,infection,393
5.875381444892182,751,0,185,64,0,0,0,239,infection,567
5.884814594129177,750,0,186,64,0,0,0,240,infection,537
5.901983256943759,749,0,187,64,0,0,0,241,infection,870
5.914761460924424,749,0,186,65,0,0,0,241,recovery,955
5.9148732284938035,748,0,187,65,0,0,0,242,infection,379
5.915220549150171,747,0,188,65,0,0,0,243,infection,310
5.967967449775643,747,0,187,66,0,0,0,243,recovery,521
5.986602233229676,746,0,188,66,0,0,0,244,infection,5
5.99115952068027,746,0,187,67,0,0,0,244,recovery,651
5.9913073398264345,745,0,188,67,0,0,0,245,infection,595
6.001268090183915,745,0,187,68,0,0,0,245,recovery,700
6.011221269214282,745,0,186,69,0,0,0,245,recovery,75
6.018403189006181,744,0,187,69,0,0,0,246,infection,509
6.0244837166641405,743,0,188,69,0,0,0,247,infection,306
6.02501474846754,742,0,189,69,0,0,0,248,infection,209
6.02709157088562,742,0,188,70,0,0,0,248,recovery,358
6.03251702767125,741,0,189,70,0,0,0,249,infection,623
6.050745549417234,740,0,190,70,0,0,0,250,infection,961
6.054962163206182,739,0,191,70,0,0,0,251,infection,904
6.066523083956973,739,0,190,71,0,0,0,251,recovery,605
6.069376354727828,738,0,191,71,0,0,0,252,infection,839
6.069659379050239,737,0,192,71,0,0,0,253,infection,962
6.069869624591192,737,0,191,72,0,0,0,253,recovery,817
6.0746144031926725,737,0,190,73,0,0,0,253,recovery,551
6.074684042641013,736,0,191,73,0,0,0,254,infection,849
6.076795783995243,735,0,192,73,0,0,0,255,infection,314
6.079551199412085,734,0,193,73,0,0,0,256,infection,624
6.085074883479288,733,0,194,73,0,0,0,257,infection,270
6.089281580438059,733,0,193,74,0,0,0,257,recovery,999
6.0942727552890945,732,0,194,74,0,0,0,258,infection,290
6.0944785005346755,731,0,195,74,0,0,0,259,infection,455
6.101153232993095,730,0,196,74,0,0,0,260,infection,756
6.103429095740191,729,0,197,74,0,0,0,261,infection,201
6.105682734149261,728,0,198,74,0,0,0,262,infection,629
6.110053542222533,727,0,199,74,0,0,0,263,infection,868
6.110857505051063,726,0,200,74,0,0,0,264,infection,497
6.111462625753806,725,0,201,74,0,0,0,265,infection,430
6.116162046166193,724,0,202,74,0,0,0,266,infection,280
6.136944918706243,723,0,203,74,0,0,0,267,infection,557
6.138399211025736,722,0,204,74,0,0,0,268,infection,903
6.140331524054357,721,0,205,74,0,0,0,269,infection,965
6.142281627992421,720,0,206,74,0,0,0,270,infection,858
6.1580472362072936,719,0,207,74,0,0,0,271,infection,601
6.162372071500385,719,0,206,75,0,0,0,271,recovery,82
6.1678680322942645,718,0,207,75,0,0,0,272,infection,627
6.173571027170314,717,0,208,75,0,0,0,273,infection,932
6.174925968390233,716,0,209,75,0,0,0,274,infection,228
6.179087386553162,715,0,210,75,0,0,0,275,infection,296
6.181195444543246,714,0,211,75,0,0,0,276,infection,313
6.185111702960554,714,0,210,76,0,0,0,276,recovery,514
6.2035080447869255,713,0,211,76,0,0,0,277,infection,581
6.206079632084899,713,0,210,77,0,0,0,277,recovery,39
6.216325348521887,712,0,211,77,0,0,0,278,infection,174
6.219761920651065,711,0,212,77,0,0,0,279,infection,463
6.221968963719565,710,0,213,77,0,0,0,280,infection,916
6.223783254812396,709,0,214,77,0,0,0,281,infection,399
6.233935047717284,708,0,215,77,0,0,0,282,infection,453
6.241771908316707,707,0,216,77,0,0,0,283,infection,791
6.261257279679468,706,0,217,77,0,0,0,284,infection,133
6.261296663392383,705,0,218,77,0,0,0,285,infection,138
6.264968106112727,704,0,219,77,0,0,0,286,infection,300
6.28212673859565,703,0,220,77,0,0,0,287,infection,529
6.287707368731588,702,0,221,77,0,0,0,288,infection,730
6.2979284825084285,702,0,220,78,0,0,0,288,recovery,3
6.306050895728349,701,0,221,78,0,0,0,289,infection,390
6.306298534944868,700,0,222,78,0,0,0,290,infection,337
6.323387150597238,699,0,223,78,0,0,0,291,infection,277
6.332089660921976,698,0,224,78,0,0,0,292,infection,335
6.332104433967883,697,0,225,78,0,0,0,293,infection,573
6.341084670824819,696,0,226,78,0,0,0,294,infection,213
6.343948063297851,696,0,225,79,0,0,0,294,recovery,238
6.344802707404236,695,0,226,79,0,0,0,295,infection,855
6.354107932258672,694,0,227,79,0,0,0,296,infection,297
6.360555990764013,694,0,226,80,0,0,0,296,recovery,673
6.372412165154485,693,0,227,80,0,0,0,297,infection,825
6.390848724712593,692,0,228,80,0,0,0,298,infection,948
6.391288823253286,691,0,229,80,0,0,0,299,infection,879
6.394946336883095,690,0,230,80,0,0,0,300,infection,422
6.396033751616364,689,0,231,80,0,0,0,301,infection,245
6.414945074427748,689,0,230,81,0,0,0,301,recovery,509
6.419137876373348,688,0,231,81,0,0,0,302,infection,119
6.424749468285381,687,0,232,81,0,0,0,303,infection,751
6.457898833520678,686,0,233,81,0,0,0,304,infection,641
6.465165117575567,685,0,234,81,0,0,0,305,infection,881
6.465590862582136,684,0,235,81,0,0,0,306,infection,536
6.4668399205809886,683,0,236,81,0,0,0,307,infection,909
6.4725374304698535,682,0,237,81,0,0,0,308,infection,256
6.476537925839072,681,0,238,81,0,0,0,309,infection,615
6.482470439315555,680,0,239,81,0,0,0,310,infection,721
6.487735486707892,679,0,240,81,0,0,0,311,infection,853
6.488358443235831,678,0,241,81,0,0,0,312,infection,187
6.499895562937332,678,0,240,82,0,0,0,312,recovery,452
6.534986072782409,678,0,239,83,0,0,0,312,recovery,44
6.535758925638203,677,0,240,83,0,0,0,313,infection,526
6.539627045696904,676,0,241,83,0,0,0,314,infection,278
6.545024869612785,675,0,242,83,0,0,0,315,infection,657
6.5455377903215055,675,0,241,84,0,0,0,315,recovery,51
6.548526400709348,674,0,242,84,0,0,0,316,infection,765
6.55868665312687,673,0,243,84,0,0,0,317,infection,177
6.5619262461624395,673,0,242,85,0,0,0,317,recovery,78
6.570537247624827,673,0,241,86,0,0,0,317,recovery,800
6.571313726320673,672,0,242,86,0,0,0,318,infection,315
6.573565611064549,672,0,241,87,0,0,0,318,recovery,502
6.5795105542835275,671,0,242,87,0,0,0,319,infection,819
6.58716721724671,670,0,243,87,0,0,0,320,infection,898
6.593153702692457,669,0,244,87,0,0,0,321,infection,710
6.594464694040007,668,0,245,87,0,0,0,322,infection,203
6.59620182918352,668,0,244,88,0,0,0,322,recovery,910
6.601561629696059,667,0,245,88,0,0,0,323,infection,321
6.603312306535378,666,0,246,88,0,0,0,324,infection,435
6.6054938288576,665,0,247,88,0,0,0,325,infection,103
6.618273572082831,664,0,248,88,0,0,0,326,infection,759
6.619580025206333,663,0,249,88,0,0,0,327,infection,786
6.6246223835214355,662,0,250,88,0,0,0,328,infection,471
6.6259847286741955,661,0,251,88,0,0,0,329,infection,14
6.628088669565374,661,0,250,89,0,0,0,329,recovery,897
6.643243144077091,660,0,251,89,0,0,0,330,infection,797
6.647261396110022,660,0,250,90,0,0,0,330,recovery,257
6.66078023942931,660,0,249,91,0,0,0,330,recovery,465
6.669692136522593,659,0,250,91,0,0,0,331,infection,474
6.677071002857375,658,0,251,91,0,0,0,332,infection,91
6.677569943685908,657,0,252,91,0,0,0,333,infection,130
6.679527370307262,656,0,253,91,0,0,0,334,infection,178
6.684730849750907,655,0,254,91,0,0,0,335,infection,445
6.685050548811141,654,0,255,91,0,0,0,336,infection,211
6.686859717851359,654,0,254,92,0,0,0,336,recovery,109
6.700168859220326,653,0,255,92,0,0,0,337,infection,842
6.704425359370345,653,0,254,93,0,0,0,337,recovery,413
6.711202111279624,653,0,253,94,0,0,0,337,recovery,326
6.72858157275411,652,0,254,94,0,0,0,338,infection,287
6.738388750047734,651,0,255,94,0,0,0,339,infection,885
6.740784478794197,651,0,254,95,0,0,0,339,recovery,751
6.741594022777428,650,0,255,95,0,0,0,340,infection,863
6.746871789728361,650,0,254,96,0,0,0,340,recovery,828
6.74948669452968,649,0,255,96,0,0,0,341,infection,761
6.757421088729264,649,0,254,97,0,0,0,341,recovery,844
6.760214863957894,648,0,255,97,0,0,0,342,infection,635
6.763246505902848,647,0,256,97,0,0,0,343,infection,248
6.764539341909491,646,0,257,97,0,0,0,344,infection,21
6.765824761473403,645,0,258,97,0,0,0,345,infection,488
6.7704588648905295,644,0,259,97,0,0,0,346,infection,555
6.777245921539908,644,0,258,98,0,0,0,346,recovery,933
6.788273682976743,643,0,259,98,0,0,0,347,infection,716
6.798989708655504,642,0,260,98,0,0,0,348,infection,865
6.806210488015372,641,0,261,98,0,0,0,349,infection,643
6.810652253224053,641,0,260,99,0,0,0,349,recovery,763
6.810800453173159,640,0,261,99,0,0,0,350,infection,717
6.812262488700383,639,0,262,99,0,0,0,351,infection,508
6.813281447983386,639,0,261,100,0,0,0,351,recovery,196
6.8159122388423095,638,0,262,100,0,0,0,352,infection,461
6.825570880045328,638,0,261,101,0,0,0,352,recovery,430
6.828414362126727,637,0,262,101,0,0,0,353,infection,100
6.83926267081143,636,0,263,101,0,0,0,354,infection,237
6.842379846761074,635,0,264,101,0,0,0,355,infection,268
6.849261432860208,635,0,263,102,0,0,0,355,recovery,671
6.8546936379580945,634,0,264,102,0,0,0,356,infection,630
6.8948785583426115,634,0,263,103,0,0,0,356,recovery,474
6.897760496462492,633,0,264,103,0,0,0,357,infection,918
6.902275045285144,632,0,265,103,0,0,0,358,infection,970
6.90799778693012,631,0,266,103,0,0,0,359,infection,535
6.911333104464018,630,0,267,103,0,0,0,360,infection,427
6.923192150307394,629,0,268,103,0,0,0,361,infection,23
6.926750019462407,628,0,269,103,0,0,0,362,infection,140
6.9324986092358865,627,0,270,103,0,0,0,363,infection,128
6.933139937814936,626,0,271,103,0,0,0,364,infection,610
6.934358218832554,625,0,272,103,0,0,0,365,infection,204
6.936462306157404,625,0,271,104,0,0,0,365,recovery,148
6.94044597185856,624,0,272,104,0,0,0,366,infection,785
6.945307160828878,623,0,273,104,0,0,0,367,infection,558
6.954300704299499,622,0,274,104,0,0,0,368,infection,697
6.95740965904221,621,0,275,104,0,0,0,369,infection,149
6.962051805820819,620,0,276,104,0,0,0,370,infection,293
6.963472087858278,619,0,277,104,0,0,0,371,infection,110
6.967925848080266,618,0,278,104,0,0,0,372,infection,820
6.999233164727242,617,0,279,104,0,0,0,373,infection,808
6.999363114895927,616,0,280,104,0,0,0,374,infection,501
7.000543063387914,615,0,281,104,0,0,0,375,infection,17
7.010845863332763,614,0,282,104,0,0,0,376,infection,771
7.01205789673752,613,0,283,104,0,0,0,377,infection,220
7.012416352561831,612,0,284,104,0,0,0,378,infection,958
7.022755309355552,611,0,285,104,0,0,0,379,infection,796
7.026070668133819,610,0,286,104,0,0,0,380,infection,606
7.027510737798346,610,0,285,105,0,0,0,380,recovery,885
7.0318833744999125,609,0,286,105,0,0,0,381,infection,611
7.033725413551236,608,0,287,105,0,0,0,382,infection,660
7.034625384928798,608,0,286,106,0,0,0,382,recovery,778
7.049333568501035,607,0,287,106,0,0,0,383,infection,575
7.065192074758759,606,0,288,106,0,0,0,384,infection,478
7.073444264311103,605,0,289,106,0,0,0,385,infection,234
7.073623013797101,604,0,290,106,0,0,0,386,infection,639
7.081709940530828,603,0,291,106,0,0,0,387,infection,202
7.087693225453824,602,0,292,106,0,0,0,388,infection,813
7.10802631045755,601,0,293,106,0,0,0,389,infection,727
7.10965564068286,601,0,292,107,0,0,0,389,recovery,624
7.11211743692575,600,0,293,107,0,0,0,390,infection,144
7.116938548751859,599,0,294,107,0,0,0,391,infection,468
7.117197525735211,599,0,293,108,0,0,0,391,recovery,365
7.1213167289700365,599,0,292,109,0,0,0,391,recovery,854
7.1301705613176845,598,0,293,109,0,0,0,392,infection,607
7.140865430599108,597,0,294,109,0,0,0,393,infection,428
7.143575242735184,596,0,295,109,0,0,0,394,infection,236
7.165690914012697,595,0,296,109,0,0,0,395,infection,405
7.17531803278296,594,0,297,109,0,0,0,396,infection,541
7.17630451267574,593,0,298,109,0,0,0,397,infection,503
7.17696114194949,592,0,299,109,0,0,0,398,infection,341
7.178990043606526,591,0,300,109,0,0,0,399,infection,135
7.183762469365531,590,0,301,109,0,0,0,400,infection,974
7.190360901943308,590,0,300,110,0,0,0,400,recovery,766
7.196889881863038,589,0,301,110,0,0,0,401,infection,53
7.201179279689472,588,0,302,110,0,0,0,402,infection,386
7.212995102600578,587,0,303,110,0,0,0,403,infection,436
7.227853128420173,586,0,304,110,0,0,0,404,infection,221
7.2309949940298655,585,0,305,110,0,0,0,405,infection,93
7.237152274587738,584,0,306,110,0,0,0,406,infection,470
7.240905516358448,583,0,307,110,0,0,0,407,infection,507
7.242299321445658,582,0,308,110,0,0,0,408,infection,900
7.248175130740695,581,0,309,110,0,0,0,409,infection,305
7.249881139416687,580,0,310,110,0,0,0,410,infection,66
7.256455940595428,580,0,309,111,0,0,0,410,recovery,710
7.259084252078221,579,0,310,111,0,0,0,411,infection,241
7.265138386070002,578,0,311,111,0,0,0,412,infection,735
7.271067621943574,577,0,312,111,0,0,0,413,infection,84
7.278038085045139,576,0,313,111,0,0,0,414,infection,764
7.278900508292515,575,0,314,111,0,0,0,415,infection,505
7.2977537685514635,574,0,315,111,0,0,0,416,infection,650
7.298969337674472,573,0,316,111,0,0,0,417,infection,327
7.3083186166998715,572,0,317,111,0,0,0,418,infection,200
7.310288467651655,571,0,318,111,0,0,0,419,infection,838
7.319902834632169,570,0,319,111,0,0,0,420,infection,253
7.323654580009539,569,0,320,111,0,0,0,421,infection,349
7.325276261783801,568,0,321,111,0,0,0,422,infection,294
7.32889808581055,567,0,322,111,0,0,0,423,infection,811
7.335388627132607,566,0,323,111,0,0,0,424,infection,902
7.367330679764636,565,0,324,111,0,0,0,425,infection,725
7.383110503192846,564,0,325,111,0,0,0,426,infection,729
7.388167361446701,563,0,326,111,0,0,0,427,infection,682
7.398253862373763,562,0,327,111,0,0,0,428,infection,689
7.413227082086383,561,0,328,111,0,0,0,429,infection,622
7.418147890876064,560,0,329,111,0,0,0,430,infection,55
7.423312216354532,560,0,328,112,0,0,0,430,recovery,466
7.423985151539648,560,0,327,113,0,0,0,430,recovery,306
7.4287050944308035,559,0,328,113,0,0,0,431,infection,642
7.431022357304676,558,0,329,113,0,0,0,432,infection,801
7.435180545711814,558,0,328,114,0,0,0,432,recovery,543
7.438609748142839,557,0,329,114,0,0,0,433,infection,664
7.439592863341602,557,0,328,115,0,0,0,433,recovery,912
7.443949513212749,556,0,329,115,0,0,0,434,infection,331
7.44948498467425,555,0,330,115,0,0,0,435,infection,10
7.450824877798385,555,0,329,116,0,0,0,435,recovery,262
7.454398839136565,554,0,330,116,0,0,0,436,infection,126
7.455999113037891,553,0,331,116,0,0,0,437,infection,695
7.465499731763339,552,0,332,116,0,0,0,438,infection,373
7.47134102926864,551,0,333,116,0,0,0,439,infection,261
7.472057012752307,550,0,334,116,0,0,0,440,infection,981
7.476675860849806,549,0,335,116,0,0,0,441,infection,978
7.477577530149251,548,0,336,116,0,0,0,442,infection,122
7.47812788919399,548,0,335,117,0,0,0,442,recovery,943
7.488614633577893,547,0,336,117,0,0,0,443,infection,781
7.495745837944996,546,0,337,117,0,0,0,444,infection,681
7.496217946535241,546,0,336,118,0,0,0,444,recovery,565
7.498888049044476,546,0,335,119,0,0,0,444,recovery,759
7.500693757986666,546,0,334,120,0,0,0,444,recovery,278
7.508192584732671,545,0,335,120,0,0,0,445,infection,34
7.508935903099154,544,0,336,120,0,0,0,446,infection,836
7.5109441911376775,544,0,335,121,0,0,0,446,recovery,623
7.516780751117285,544,0,334,122,0,0,0,446,recovery,645
7.531204673128165,543,0,335,122,0,0,0,447,infection,395
7.533100389920467,542,0,336,122,0,0,0,448,infection,690
7.540793965705379,542,0,335,123,0,0,0,448,recovery,488
7.549297171915071,542,0,334,124,0,0,0,448,recovery,855
7.551115429914065,541,0,335,124,0,0,0,449,infection,292
7.553903395520652,540,0,336,124,0,0,0,450,infection,235
7.576802414183302,539,0,337,124,0,0,0,451,infection,762
7.581921448884266,539,0,336,125,0,0,0,451,recovery,591
7.588554156782097,539,0,335,126,0,0,0,451,recovery,518
7.602563093698739,538,0,336,126,0,0,0,452,infection,375
7.6032610223057215,537,0,337,126,0,0,0,453,infection,821
7.612408351244756,536,0,338,126,0,0,0,454,infection,833
7.616456252514695,535,0,339,126,0,0,0,455,infection,480
7.617266708202645,535,0,338,127,0,0,0,455,recovery,970
7.622868133922867,534,0,339,127,0,0,0,456,infection,303
7.6258046466724245,533,0,340,127,0,0,0,457,infection,776
7.630998007059818,533,0,339,128,0,0,0,457,recovery,602
7.635301282313273,532,0,340,128,0,0,0,458,infection,22
7.638230118825937,531,0,341,128,0,0,0,459,infection,339
7.639025193298587,530,0,342,128,0,0,0,460,infection,263
7.647696464375251,529,0,343,128,0,0,0,461,infection,429
7.648270005869298,529,0,342,129,0,0,0,461,recovery,65
7.664646918889295,529,0,341,130,0,0,0,461,recovery,7
7.678464192014756,528,0,342,130,0,0,0,462,infection,409
7.679160601857517,528,0,341,131,0,0,0,462,recovery,606
7.679254308125346,527,0,342,131,0,0,0,463,infection,438
7.687944044887851,526,0,343,131,0,0,0,464,infection,381
7.692586080628827,526,0,342,132,0,0,0,464,recovery,656
7.692897747401092,525,0,343,132,0,0,0,465,infection,279
7.705313604807727,524,0,344,132,0,0,0,466,infection,640
7.707629208764696,523,0,345,132,0,0,0,467,infection,667
7.711089515909034,522,0,346,132,0,0,0,468,infection,498
7.7264201330648365,521,0,347,132,0,0,0,469,infection,878
7.7286945715032305,521,0,346,133,0,0,0,469,recovery,508
7.733107403474882,520,0,347,133,0,0,0,470,infection,579
7.755836247728881,520,0,346,134,0,0,0,470,recovery,639
7.769904908524891,519,0,347,134,0,0,0,471,infection,425
7.777477158306887,518,0,348,134,0,0,0,472,infection,731
7.777625231775048,518,0,347,135,0,0,0,472,recovery,611
7.779372265364162,518,0,346,136,0,0,0,472,recovery,808
7.7811888741013355,517,0,347,136,0,0,0,473,infection,769
7.784478884392114,517,0,346,137,0,0,0,473,recovery,23
7.786532457999774,517,0,345,138,0,0,0,473,recovery,754
7.786806152510331,516,0,346,138,0,0,0,474,infection,96
7.790254535062004,515,0,347,138,0,0,0,475,infection,142
7.79523285319221,514,0,348,138,0,0,0,476,infection,369
7.7975378264624595,514,0,347,139,0,0,0,476,recovery,796
7.8126597779471405,513,0,348,139,0,0,0,477,infection,403
7.813172047210476,512,0,349,139,0,0,0,478,infection,336
7.819532448818937,511,0,350,139,0,0,0,479,infection,170
7.82124967105144,511,0,349,140,0,0,0,479,recovery,138
7.824429208871777,510,0,350,140,0,0,0,480,infection,191
7.825758256764607,509,0,351,140,0,0,0,481,infection,410
7.8257994616208615,508,0,352,140,0,0,0,482,infection,444
7.8263284608362405,507,0,353,140,0,0,0,483,infection,418
7.831072987492819,507,0,352,141,0,0,0,483,recovery,269
7.832269838970349,506,0,353,141,0,0,0,484,infection,58
7.832620655974547,505,0,354,141,0,0,0,485,infection,846
7.836914566644837,505,0,353,142,0,0,0,485,recovery,221
7.838623181845104,504,0,354,142,0,0,0,486,infection,524
7.854706845094723,503,0,355,142,0,0,0,487,infection,734
7.8751181567711495,503,0,354,143,0,0,0,487,recovery,622
7.881674570157092,502,0,355,143,0,0,0,488,infection,384
7.881707007215665,501,0,356,143,0,0,0,489,infection,125
7.89193416963484,500,0,357,143,0,0,0,490,infection,402
7.892385040633214,499,0,358,143,0,0,0,491,infection,217
7.893830425800749,499,0,357,144,0,0,0,491,recovery,315
7.897571925310202,498,0,358,144,0,0,0,492,infection,592
7.902681344706866,498,0,357,145,0,0,0,492,recovery,839
7.905838750740563,497,0,358,145,0,0,0,493,infection,121
7.912817632181993,496,0,359,145,0,0,0,494,infection,13
7.916461635454455,495,0,360,145,0,0,0,495,infection,753
7.918073048230274,494,0,361,145,0,0,0,496,infection,648
7.929337836539088,493,0,362,145,0,0,0,497,infection,886
7.930873694561639,492,0,363,145,0,0,0,498,infection,715
7.934281549233134,492,0,362,146,0,0,0,498,recovery,857
7.942422707395005,491,0,363,146,0,0,0,499,infection,568
7.94846222056023,490,0,364,146,0,0,0,500,infection,376
7.951768070997952,489,0,365,146,0,0,0,501,infection,163
7.954850929751602,488,0,366,146,0,0,0,502,infection,964
7.9621013309055115,487,0,367,146,0,0,0,503,infection,117
7.9644906600373115,487,0,366,147,0,0,0,503,recovery,445
7.965776945280192,486,0,367,147,0,0,0,504,infection,982
7.967731356312173,485,0,368,147,0,0,0,505,infection,726
7.971265349909679,485,0,367,148,0,0,0,505,recovery,213
7.971667383411596,484,0,368,148,0,0,0,506,infection,371
7.982989291395231,484,0,367,149,0,0,0,506,recovery,791
7.994237642184675,484,0,366,150,0,0,0,506,recovery,304
7.995503096654758,484,0,365,151,0,0,0,506,recovery,67
7.998556063498762,484,0,364,152,0,0,0,506,recovery,66
8.000274507272671,483,0,365,152,0,0,0,507,infection,197
8.004285144907094,483,0,364,153,0,0,0,507,recovery,34
8.004813910877834,482,0,365,153,0,0,0,508,infection,907
8.005097016064298,482,0,364,154,0,0,0,508,recovery,251
8.007932181031908,481,0,365,154,0,0,0,509,infection,317
8.010746312968882,480,0,366,154,0,0,0,510,infection,852
8.016054624618423,480,0,365,155,0,0,0,510,recovery,607
8.035228488326306,479,0,366,155,0,0,0,511,infection,874
8.047826891329429,479,0,365,156,0,0,0,511,recovery,191
8.049418169970673,479,0,364,157,0,0,0,511,recovery,116
8.049497010412894,478,0,365,157,0,0,0,512,infection,157
8.049525479731052,477,0,366,157,0,0,0,513,infection,703
8.051836010168033,476,0,367,157,0,0,0,514,infection,216
8.06023861695583,476,0,366,158,0,0,0,514,recovery,317
8.065389775964965,475,0,367,158,0,0,0,515,infection,24
8.068615318704445,474,0,368,158,0,0,0,516,infection,598
8.078036228441036,473,0,369,158,0,0,0,517,infection,434
8.087168223929815,472,0,370,158,0,0,0,518,infection,877
8.095802638394684,472,0,369,159,0,0,0,518,recovery,310
8.098584679010255,472,0,368,160,0,0,0,518,recovery,303
8.098764020250785,471,0,369,160,0,0,0,519,infection,787
8.09976725343258,470,0,370,160,0,0,0,520,infection,360
8.102245333999827,469,0,371,160,0,0,0,521,infection,118
8.108999806741753,468,0,372,160,0,0,0,522,infection,312
8.109132386961114,468,0,371,161,0,0,0,522,recovery,650
8.115100376344769,468,0,370,162,0,0,0,522,recovery,384
8.12723083607793,467,0,371,162,0,0,0,523,infection,464
8.127441635358336,466,0,372,162,0,0,0,524,infection,552
8.134804169436672,465,0,373,162,0,0,0,525,infection,62
8.13530044240676,465,0,372,163,0,0,0,525,recovery,513
8.143066941589739,465,0,371,164,0,0,0,525,recovery,529
8.143504352021605,464,0,372,164,0,0,0,526,infection,166
8.150714578746909,464,0,371,165,0,0,0,526,recovery,405
8.15150246554279,464,0,370,166,0,0,0,526,recovery,36
8.152373156888306,463,0,371,166,0,0,0,527,infection,90
8.159832800453417,462,0,372,166,0,0,0,528,infection,164
8.161723408711941,461,0,373,166,0,0,0,529,infection,815
8.167528158145204,460,0,374,166,0,0,0,530,infection,770
8.172768689521918,459,0,375,166,0,0,0,531,infection,538
8.173269163132069,458,0,376,166,0,0,0,532,infection,658
8.186764028471398,457,0,377,166,0,0,0,533,infection,772
8.194499686283379,457,0,376,167,0,0,0,533,recovery,592
8.196830249522021,457,0,375,168,0,0,0,533,recovery,770
8.201865410380378,456,0,376,168,0,0,0,534,infection,959
8.203943710953148,456,0,375,169,0,0,0,534,recovery,811
8.206189503938242,455,0,376,169,0,0,0,535,infection,532
8.209820457614384,455,0,375,170,0,0,0,535,recovery,725
8.210382300150357,454,0,376,170,0,0,0,536,infection,222
8.212171108283691,454,0,375,171,0,0,0,536,recovery,629
8.212376304117534,454,0,374,172,0,0,0,536,recovery,444
8.216527258369355,453,0,375,172,0,0,0,537,infection,80
8.221941540416088,452,0,376,172,0,0,0,538,infection,70
8.225498274375129,452,0,375,173,0,0,0,538,recovery,730
8.227180995359458,452,0,374,174,0,0,0,538,recovery,539
8.229145466277132,451,0,375,174,0,0,0,539,infection,546
8.231918764816175,451,0,374,175,0,0,0,539,recovery,884
8.23503808236313,450,0,375,175,0,0,0,540,infection,111
8.246732843432726,450,0,374,176,0,0,0,540,recovery,436
8.258434266135021,450,0,373,177,0,0,0,540,recovery,218
8.267194847772243,450,0,372,178,0,0,0,540,recovery,727
8.282081476305569,449,0,373,178,0,0,0,541,infection,582
8.291410851825045,448,0,374,178,0,0,0,542,infection,818
8.296078281885563,447,0,375,178,0,0,0,543,infection,708
8.302515571725394,447,0,374,179,0,0,0,543,recovery,468
8.303026651542943,446,0,375,179,0,0,0,544,infection,614
8.314886057597434,446,0,374,180,0,0,0,544,recovery,845
8.317093177795172,445,0,375,180,0,0,0,545,infection,500
8.321557116706204,444,0,376,180,0,0,0,546,infection,826
8.32171025990005,444,0,375,181,0,0,0,546,recovery,573
8.327501567185688,444,0,374,182,0,0,0,546,recovery,84
8.333547196356612,443,0,375,182,0,0,0,547,infection,443
8.346815983788344,443,0,374,183,0,0,0,547,recovery,695
8.347737834026194,443,0,373,184,0,0,0,547,recovery,537
8.349086176013833,442,0,374,184,0,0,0,548,infection,747
8.350435995013997,441,0,375,184,0,0,0,549,infection,665
8.351791811665928,440,0,376,184,0,0,0,550,infection,387
8.354735583118817,440,0,375,185,0,0,0,550,recovery,390
8.355975236239502,439,0,376,185,0,0,0,551,infection,835
8.379316002188656,438,0,377,185,0,0,0,552,infection,416
8.401869728236631,438,0,376,186,0,0,0,552,recovery,299
8.402165674530854,437,0,377,186,0,0,0,553,infection,398
8.408288856916549,436,0,378,186,0,0,0,554,infection,653
8.412585206923048,435,0,379,186,0,0,0,555,infection,391
8.412741203534637,434,0,380,186,0,0,0,556,infection,923
8.412866952984466,433,0,381,186,0,0,0,557,infection,249
8.41482528098122,432,0,382,186,0,0,0,558,infection,127
8.419403798850686,432,0,381,187,0,0,0,558,recovery,80
8.42373136167802,431,0,382,187,0,0,0,559,infection,184
8.423886819781348,430,0,383,187,0,0,0,560,infection,168
8.42681737155481,430,0,382,188,0,0,0,560,recovery,287
8.428522041102125,429,0,383,188,0,0,0,561,infection,931
8.429640137044949,429,0,382,189,0,0,0,561,recovery,849
8.448729870236631,428,0,383,189,0,0,0,562,infection,775
8.450234135171598,427,0,384,189,0,0,0,563,infection,155
8.454401020400253,426,0,385,189,0,0,0,564,infection,332
8.4604639824254,425,0,386,189,0,0,0,565,infection,944
8.463340667013947,424,0,387,189,0,0,0,566,infection,171
8.468919044182297,423,0,388,189,0,0,0,567,infection,892
8.4702037299716,422,0,389,189,0,0,0,568,infection,937
8.472728363320055,421,0,390,189,0,0,0,569,infection,9
8.473670550854388,420,0,391,189,0,0,0,570,infection,447
8.479071516776,419,0,392,189,0,0,0,571,infection,940
8.481506473834095,419,0,391,190,0,0,0,571,recovery,505
8.481820395849839,419,0,390,191,0,0,0,571,recovery,422
8.488719512264332,418,0,391,191,0,0,0,572,infection,927
8.491261431118222,417,0,392,191,0,0,0,573,infection,355
8.491541332204903,416,0,393,191,0,0,0,574,infection,348
8.50311512480038,415,0,394,191,0,0,0,575,infection,757
8.503367732911666,414,0,395,191,0,0,0,576,infection,988
8.514930079003548,414,0,394,192,0,0,0,576,recovery,145
8.515263393089395,413,0,395,192,0,0,0,577,infection,511
8.524032016291963,412,0,396,192,0,0,0,578,infection,949
8.529853861095276,411,0,397,192,0,0,0,579,infection,104
8.531414715100373,410,0,398,192,0,0,0,580,infection,87
8.533545122926848,409,0,399,192,0,0,0,581,infection,528
8.540091177782374,408,0,400,192,0,0,0,582,infection,975
8.54132044186745,408,0,399,193,0,0,0,582,recovery,189
8.554390802526692,408,0,398,194,0,0,0,582,recovery,810
8.565359407747497,407,0,399,194,0,0,0,583,infection,370
8.572947188604594,407,0,398,195,0,0,0,583,recovery,270
8.573929837816756,406,0,399,195,0,0,0,584,infection,755
8.576923226911301,406,0,398,196,0,0,0,584,recovery,775
8.590112253827476,406,0,397,197,0,0,0,584,recovery,820
8.595939625785425,405,0,398,197,0,0,0,585,infection,779
8.599275264724321,404,0,399,197,0,0,0,586,infection,353
8.604601775742053,403,0,400,197,0,0,0,587,infection,223
8.623951431931355,403,0,399,198,0,0,0,587,recovery,429
8.629760477146698,402,0,400,198,0,0,0,588,infection,400
8.63068513456524,402,0,399,199,0,0,0,588,recovery,579
8.641682429301424,401,0,400,199,0,0,0,589,infection,281
8.64365381576112,400,0,401,199,0,0,0,590,infection,359
8.646090356813756,400,0,400,200,0,0,0,590,recovery,975
8.648833278668855,399,0,401,200,0,0,0,591,infection,388
8.659137817683217,398,0,402,200,0,0,0,592,infection,603
8.6753288040974,397,0,403,200,0,0,0,593,infection,946
8.693948292402556,397,0,402,201,0,0,0,593,recovery,171
8.695990070219446,396,0,403,201,0,0,0,594,infection,919
8.7096832286161,395,0,404,201,0,0,0,595,infection,922
8.710000713852418,395,0,403,202,0,0,0,595,recovery,263
8.734291629798747,394,0,404,202,0,0,0,596,infection,415
8.73700575682923,394,0,403,203,0,0,0,596,recovery,892
8.742834279190824,393,0,404,203,0,0,0,597,infection,554
8.748804016910043,392,0,405,203,0,0,0,598,infection,169
8.752199382777295,392,0,404,204,0,0,0,598,recovery,31
8.767502328869604,392,0,403,205,0,0,0,598,recovery,875
8.770460272293024,391,0,404,205,0,0,0,599,infection,344
8.772496264924907,390,0,405,205,0,0,0,600,infection,286
8.775977829814197,389,0,406,205,0,0,0,601,infection,6
8.777919684848744,389,0,405,206,0,0,0,601,recovery,203
8.780127578484686,388,0,406,206,0,0,0,602,infection,2
8.793956000291704,387,0,407,206,0,0,0,603,infection,561
8.79772931428256,387,0,406,207,0,0,0,603,recovery,425
8.839021623551893,387,0,405,208,0,0,0,603,recovery,982
8.840531810360487,386,0,406,208,0,0,0,604,infection,621
8.850510920457905,386,0,405,209,0,0,0,604,recovery,224
8.850740957157056,386,0,404,210,0,0,0,604,recovery,184
8.851154539785837,386,0,403,211,0,0,0,604,recovery,129
8.852317501668196,385,0,404,211,0,0,0,605,infection,720
8.857359081024798,384,0,405,211,0,0,0,606,infection,361
8.858447490960122,383,0,406,211,0,0,0,607,infection,728
8.861644296186167,382,0,407,211,0,0,0,608,infection,806
8.871022383774054,382,0,406,212,0,0,0,608,recovery,510
8.872765813211258,382,0,405,213,0,0,0,608,recovery,286
8.881044261668752,382,0,404,214,0,0,0,608,recovery,360
8.886981048849616,381,0,405,214,0,0,0,609,infection,705
8.888923001945182,381,0,404,215,0,0,0,609,recovery,821
8.891780642898583,381,0,403,216,0,0,0,609,recovery,367
8.926162585547976,380,0,404,216,0,0,0,610,infection,979
8.928973462814284,379,0,405,216,0,0,0,611,infection,481
8.93056460445391,378,0,406,216,0,0,0,612,infection,692
8.934623459224508,378,0,405,217,0,0,0,612,recovery,785
8.934954802156746,377,0,406,217,0,0,0,613,infection,456
8.939122249557068,376,0,407,217,0,0,0,614,infection,625
8.942829560755145,375,0,408,217,0,0,0,615,infection,527
8.943552901318226,375,0,407,218,0,0,0,615,recovery,100
8.947430817438589,374,0,408,218,0,0,0,616,infection,746
8.947905660730859,373,0,409,218,0,0,0,617,infection,533
8.956978720710778,372,0,410,218,0,0,0,618,infection,976
8.960449189621357,372,0,409,219,0,0,0,618,recovery,731
8.977346016799352,371,0,410,219,0,0,0,619,infection,848
8.97769306294579,370,0,411,219,0,0,0,620,infection,928
8.979869249126185,369,0,412,219,0,0,0,621,infection,309
8.984093334204086,369,0,411,220,0,0,0,621,recovery,569
8.98871561548982,368,0,412,220,0,0,0,622,infection,809
8.993146441254321,367,0,413,220,0,0,0,623,infection,260
8.993718917691798,366,0,414,220,0,0,0,624,infection,298
9.012106425858104,365,0,415,220,0,0,0,625,infection,493
9.01281282891622,365,0,414,221,0,0,0,625,recovery,96
9.013041530574604,364,0,415,221,0,0,0,626,infection,8
9.015456952232782,363,0,416,221,0,0,0,627,infection,953
9.02499880583632,362,0,417,221,0,0,0,628,infection,888
9.02931481366981,361,0,418,221,0,0,0,629,infection,827
9.030343551293917,360,0,419,221,0,0,0,630,infection,329
9.031832454277655,360,0,418,222,0,0,0,630,recovery,312
9.033671443808288,359,0,419,222,0,0,0,631,infection,824
9.042089528110742,359,0,418,223,0,0,0,631,recovery,290
9.046332174852001,358,0,419,223,0,0,0,632,infection,917
9.046790367543986,357,0,420,223,0,0,0,633,infection,30
9.048698734066406,356,0,421,223,0,0,0,634,infection,181
9.055734135367224,355,0,422,223,0,0,0,635,infection,506
9.06014474345746,355,0,421,224,0,0,0,635,recovery,690
9.090945558939378,355,0,420,225,0,0,0,635,recovery,11
9.09553790537382,354,0,421,225,0,0,0,636,infection,351
9.101911487507909,353,0,422,225,0,0,0,637,infection,556
9.108448502757412,353,0,421,226,0,0,0,637,recovery,927
9.11103016680782,352,0,422,226,0,0,0,638,infection,924
9.113292020601948,352,0,421,227,0,0,0,638,recovery,298
9.117713555371607,352,0,420,228,0,0,0,638,recovery,677
9.123274957462552,351,0,421,228,0,0,0,639,infection,840
9.131142356886176,351,0,420,229,0,0,0,639,recovery,428
9.136410969237419,351,0,419,230,0,0,0,639,recovery,641
9.144792296403791,351,0,418,231,0,0,0,639,recovery,332
9.153336706071883,351,0,417,232,0,0,0,639,recovery,295
9.1602298469327,350,0,418,232,0,0,0,640,infection,696
9.167691524583848,349,0,419,232,0,0,0,641,infection,599
9.171463213611727,348,0,420,232,0,0,0,642,infection,153
9.173286692314102,348,0,419,233,0,0,0,642,recovery,361
9.185173418371024,348,0,418,234,0,0,0,642,recovery,747
9.19107681465273,347,0,419,234,0,0,0,643,infection,847
9.215879052321087,346,0,420,234,0,0,0,644,infection,893
9.229091226022126,345,0,421,234,0,0,0,645,infection,219
9.239761066018358,345,0,420,235,0,0,0,645,recovery,538
9.244021999069554,344,0,421,235,0,0,0,646,infection,841
9.250747425602073,343,0,422,235,0,0,0,647,infection,867
9.251699504092455,343,0,421,236,0,0,0,647,recovery,916
9.277349893326468,343,0,420,237,0,0,0,647,recovery,87
9.28826985388107,342,0,421,237,0,0,0,648,infection,490
9.297788234193312,341,0,422,237,0,0,0,649,infection,572
9.29814601553868,341,0,421,238,0,0,0,649,recovery,729
9.304836333152846,340,0,422,238,0,0,0,650,infection,86
9.319989456897849,339,0,423,238,0,0,0,651,infection,647
9.320908464068562,338,0,424,238,0,0,0,652,infection,972
9.323294796105447,337,0,425,238,0,0,0,653,infection,79
9.33151514767424,337,0,424,239,0,0,0,653,recovery,841
9.33358856625739,336,0,425,239,0,0,0,654,infection,670
9.335810348617605,335,0,426,239,0,0,0,655,infection,654
9.338786853073524,335,0,425,240,0,0,0,655,recovery,249
9.345931699614976,335,0,424,241,0,0,0,655,recovery,297
9.350145037149684,334,0,425,241,0,0,0,656,infection,512
9.350269038167111,334,0,424,242,0,0,0,656,recovery,735
9.351031220957559,333,0,425,242,0,0,0,657,infection,271
9.355894455962488,333,0,424,243,0,0,0,657,recovery,868
9.363371008476353,333,0,423,244,0,0,0,657,recovery,228
9.364118176405036,332,0,424,244,0,0,0,658,infection,733
9.368265470656578,331,0,425,244,0,0,0,659,infection,50
9.371414229969952,330,0,426,244,0,0,0,660,infection,272
9.379255639318346,329,0,427,244,0,0,0,661,infection,691
9.380196317326126,328,0,428,244,0,0,0,662,infection,496
9.383853936283957,327,0,429,244,0,0,0,663,infection,915
9.383882034546904,327,0,428,245,0,0,0,663,recovery,836
9.38401612772524,327,0,427,246,0,0,0,663,recovery,863
9.389172270438698,326,0,428,246,0,0,0,664,infection,473
9.404846498100463,325,0,429,246,0,0,0,665,infection,494
9.407310139782798,324,0,430,246,0,0,0,666,infection,113
9.41399376359031,323,0,431,246,0,0,0,667,infection,476
9.416432101648745,323,0,430,247,0,0,0,667,recovery,216
9.419990713180589,322,0,431,247,0,0,0,668,infection,938
9.424048075174275,321,0,432,247,0,0,0,669,infection,547
9.430463900347013,321,0,431,248,0,0,0,669,recovery,948
9.438895937084558,320,0,432,248,0,0,0,670,infection,95
9.446898374915412,319,0,433,248,0,0,0,671,infection,59
9.453550825648142,318,0,434,248,0,0,0,672,infection,38
9.458541337480378,317,0,435,248,0,0,0,673,infection,545
9.458950236206373,316,0,436,248,0,0,0,674,infection,750
9.46730655200701,316,0,435,249,0,0,0,674,recovery,887
9.468867088854028,316,0,434,250,0,0,0,674,recovery,17
9.46948156220724,315,0,435,250,0,0,0,675,infection,41
9.471626213985342,315,0,434,251,0,0,0,675,recovery,898
9.473522665570263,314,0,435,251,0,0,0,676,infection,985
9.47856839471328,314,0,434,252,0,0,0,676,recovery,691
9.483719738157163,314,0,433,253,0,0,0,676,recovery,580
9.484620449827439,314,0,432,254,0,0,0,676,recovery,111
9.492026872808857,313,0,433,254,0,0,0,677,infection,563
9.51116977622014,313,0,432,255,0,0,0,677,recovery,750
9.5173586192039,312,0,433,255,0,0,0,678,infection,274
9.517374513677714,311,0,434,255,0,0,0,679,infection,861
9.51741285270453,310,0,435,255,0,0,0,680,infection,804
9.518285618632596,309,0,436,255,0,0,0,681,infection,35
9.518333005886225,309,0,435,256,0,0,0,681,recovery,697
9.518708567198068,308,0,436,256,0,0,0,682,infection,89
9.522807747799657,307,0,437,256,0,0,0,683,infection,619
9.534030793907245,306,0,438,256,0,0,0,684,infection,880
9.535372943365369,306,0,437,257,0,0,0,684,recovery,931
9.537273587042169,305,0,438,257,0,0,0,685,infection,589
9.550132748967636,305,0,437,258,0,0,0,685,recovery,79
9.558167323853729,305,0,436,259,0,0,0,685,recovery,456
9.561699329987638,304,0,437,259,0,0,0,686,infection,773
9.561816784460243,303,0,438,259,0,0,0,687,infection,357
9.569958625658062,302,0,439,259,0,0,0,688,infection,743
9.573939597376697,302,0,438,260,0,0,0,688,recovery,503
9.575360149031628,302,0,437,261,0,0,0,688,recovery,339
9.582136380895504,302,0,436,262,0,0,0,688,recovery,576
9.587362584277402,301,0,437,262,0,0,0,689,infection,792
9.588211131957953,300,0,438,262,0,0,0,690,infection,832
9.589495586502968,299,0,439,262,0,0,0,691,infection,68
9.604284900521103,299,0,438,263,0,0,0,691,recovery,582
9.605137714337841,299,0,437,264,0,0,0,691,recovery,781
9.60818248372083,299,0,436,265,0,0,0,691,recovery,981
9.61196896966533,298,0,437,265,0,0,0,692,infection,159
9.613825965832742,297,0,438,265,0,0,0,693,infection,646
9.620765407687424,296,0,439,265,0,0,0,694,infection,590
9.62684813510791,295,0,440,265,0,0,0,695,infection,869
9.63043128988416,295,0,439,266,0,0,0,695,recovery,380
9.632648134337444,295,0,438,267,0,0,0,695,recovery,746
9.643413331238392,294,0,439,267,0,0,0,696,infection,566
9.643917571088144,293,0,440,267,0,0,0,697,infection,628
9.64560555010881,292,0,441,267,0,0,0,698,infection,492
9.646566583780182,292,0,440,268,0,0,0,698,recovery,2
9.662780145742268,292,0,439,269,0,0,0,698,recovery,62
9.665830700376526,291,0,440,269,0,0,0,699,infection,487
9.668174862566678,291,0,439,270,0,0,0,699,recovery,575
9.67030452230632,290,0,440,270,0,0,0,700,infection,542
9.677543965947054,290,0,439,271,0,0,0,700,recovery,497
9.677806556657897,289,0,440,271,0,0,0,701,infection,712
9.682081915518935,289,0,439,272,0,0,0,701,recovery,630
9.682113906059142,288,0,440,272,0,0,0,702,infection,894
9.688832222344264,288,0,439,273,0,0,0,702,recovery,261
9.693313279935177,287,0,440,273,0,0,0,703,infection,901
9.709292405020355,286,0,441,273,0,0,0,704,infection,92
9.71510402080276,285,0,442,273,0,0,0,705,infection,160
9.715732773705943,285,0,441,274,0,0,0,705,recovery,976
9.726428467456753,284,0,442,274,0,0,0,706,infection,990
9.732460209405177,283,0,443,274,0,0,0,707,infection,659
9.7426618958215,283,0,442,275,0,0,0,707,recovery,944
9.752529941780926,282,0,443,275,0,0,0,708,infection,663
9.75816721238462,281,0,444,275,0,0,0,709,infection,225
9.75938610985367,281,0,443,276,0,0,0,709,recovery,6
9.764627657513088,280,0,444,276,0,0,0,710,infection,368
9.767978137075605,280,0,443,277,0,0,0,710,recovery,415
9.776526828635003,279,0,444,277,0,0,0,711,infection,319
9.784596036807196,279,0,443,278,0,0,0,711,recovery,107
9.798225680753129,278,0,444,278,0,0,0,712,infection,27
9.823367508601983,278,0,443,279,0,0,0,712,recovery,720
9.83085195285393,277,0,444,279,0,0,0,713,infection,564
9.834229377146604,277,0,443,280,0,0,0,713,recovery,469
9.834567844133236,277,0,442,281,0,0,0,713,recovery,185
9.836450543031523,276,0,443,281,0,0,0,714,infection,52
9.853933302368299,275,0,444,281,0,0,0,715,infection,162
9.871149257533897,275,0,443,282,0,0,0,715,recovery,581
9.872764656869371,274,0,444,282,0,0,0,716,infection,799
9.87342102853699,274,0,443,283,0,0,0,716,recovery,153
9.876254264133875,273,0,444,283,0,0,0,717,infection,404
9.879191821406986,272,0,445,283,0,0,0,718,infection,652
9.881805815548077,271,0,446,283,0,0,0,719,infection,26
9.883471941779227,271,0,445,284,0,0,0,719,recovery,772
9.890527127622299,271,0,444,285,0,0,0,719,recovery,737
9.890645283859998,270,0,445,285,0,0,0,720,infection,179
9.893839639515736,270,0,444,286,0,0,0,720,recovery,653
9.902020225984149,270,0,443,287,0,0,0,720,recovery,177
9.912894792454033,269,0,444,287,0,0,0,721,infection,333
9.915382078055364,268,0,445,287,0,0,0,722,infection,662
9.916578248135828,268,0,444,288,0,0,0,722,recovery,330
9.922397791916937,268,0,443,289,0,0,0,722,recovery,711
9.922455008724278,267,0,444,289,0,0,0,723,infection,540
9.931083257864694,266,0,445,289,0,0,0,724,infection,99
9.936008919574093,266,0,444,290,0,0,0,724,recovery,956
9.944562265220588,265,0,445,290,0,0,0,725,infection,531
9.94731133747852,265,0,444,291,0,0,0,725,recovery,755
9.949162556734152,264,0,445,291,0,0,0,726,infection,350
9.951188241515837,263,0,446,291,0,0,0,727,infection,193
9.953206266397522,262,0,447,291,0,0,0,728,infection,687
9.954920850157741,262,0,446,292,0,0,0,728,recovery,640
9.957696360387562,261,0,447,292,0,0,0,729,infection,302
9.963474430675307,261,0,446,293,0,0,0,729,recovery,25
9.97059658575382,261,0,445,294,0,0,0,729,recovery,292
9.97265649827383,260,0,446,294,0,0,0,730,infection,484
9.976338634494919,259,0,447,294,0,0,0,731,infection,308
9.977813765507815,259,0,446,295,0,0,0,731,recovery,881
9.984412970291942,258,0,447,295,0,0,0,732,infection,230
9.990040526639769,257,0,448,295,0,0,0,733,infection,426
9.998403930577561,256,0,449,295,0,0,0,734,infection,15
10.0008701415398,255,0,450,295,0,0,0,735,infection,600
10.023301234563638,255,0,449,296,0,0,0,735,recovery,114
10.024661227878916,255,0,448,297,0,0,0,735,recovery,458
10.033348667499578,255,0,447,298,0,0,0,735,recovery,417
10.03472423939913,255,0,446,299,0,0,0,735,recovery,648
10.044983450019451,255,0,445,300,0,0,0,735,recovery,373
10.045159822622837,254,0,446,300,0,0,0,736,infection,288
10.062796681713563,253,0,447,300,0,0,0,737,infection,347
10.06586080110444,252,0,448,300,0,0,0,738,infection,56
10.072079431672398,252,0,447,301,0,0,0,738,recovery,130
10.079594705391251,251,0,448,301,0,0,0,739,infection,392
10.08160521846275,250,0,449,301,0,0,0,740,infection,63
10.081849072770414,250,0,448,302,0,0,0,740,recovery,633
10.084771859768798,250,0,447,303,0,0,0,740,recovery,15
10.087171573276418,250,0,446,304,0,0,0,740,recovery,850
10.0935838477967,249,0,447,304,0,0,0,741,infection,812
10.097171181340144,248,0,448,304,0,0,0,742,infection,701
10.111524278238008,248,0,447,305,0,0,0,742,recovery,608
10.112226179587068,248,0,446,306,0,0,0,742,recovery,950
10.11526265838696,247,0,447,306,0,0,0,743,infection,374
10.122263654389677,247,0,446,307,0,0,0,743,recovery,597
10.127131397857823,247,0,445,308,0,0,0,743,recovery,343
10.132456147980216,246,0,446,308,0,0,0,744,infection,638
10.139897463732224,245,0,447,308,0,0,0,745,infection,688
10.14552320810938,245,0,446,309,0,0,0,745,recovery,949
10.151810622617562,245,0,445,310,0,0,0,745,recovery,260
10.165082409476744,244,0,446,310,0,0,0,746,infection,935
10.167190912454629,244,0,445,311,0,0,0,746,recovery,708
10.170412908066615,243,0,446,311,0,0,0,747,infection,649
10.171480358709859,243,0,445,312,0,0,0,747,recovery,313
10.172373094469796,243,0,444,313,0,0,0,747,recovery,715
10.174363672636375,243,0,443,314,0,0,0,747,recovery,494
10.17838689639419,243,0,442,315,0,0,0,747,recovery,507
10.181343518469768,242,0,443,315,0,0,0,748,infection,328
10.18870818595487,242,0,442,316,0,0,0,748,recovery,160
10.188954413081596,242,0,441,317,0,0,0,748,recovery,333
10.198597643448142,242,0,440,318,0,0,0,748,recovery,874
10.219005279183856,241,0,441,318,0,0,0,749,infection,686
10.223300634978298,241,0,440,319,0,0,0,749,recovery,281
10.224052375417873,240,0,441,319,0,0,0,750,infection,684
10.233125057684928,240,0,440,320,0,0,0,750,recovery,331
10.242694896432038,239,0,441,320,0,0,0,751,infection,583
10.245054674311701,238,0,442,320,0,0,0,752,infection,150
10.247317776024378,238,0,441,321,0,0,0,752,recovery,481
10.247752253833045,237,0,442,321,0,0,0,753,infection,752
10.253612473266958,237,0,441,322,0,0,0,753,recovery,900
10.266795672275853,236,0,442,322,0,0,0,754,infection,843
10.291669510389156,235,0,443,322,0,0,0,755,infection,1
10.298175142064022,235,0,442,323,0,0,0,755,recovery,296
10.299461997357815,234,0,443,323,0,0,0,756,infection,134
10.303045313573477,234,0,442,324,0,0,0,756,recovery,826
10.303600781793868,234,0,441,325,0,0,0,756,recovery,846
10.30423521079599,233,0,442,325,0,0,0,757,infection,132
10.31793130146097,232,0,443,325,0,0,0,758,infection,594
10.319530247433352,232,0,442,326,0,0,0,758,recovery,824
10.320151061885502,231,0,443,326,0,0,0,759,infection,229
10.325022565903877,230,0,444,326,0,0,0,760,infection,519
10.333330206966165,230,0,443,327,0,0,0,760,recovery,847
10.335532665875387,229,0,444,327,0,0,0,761,infection,233
10.34328456751048,229,0,443,328,0,0,0,761,recovery,773
10.354244291832805,228,0,444,328,0,0,0,762,infection,637
10.362100419405804,227,0,445,328,0,0,0,763,infection,175
10.36532709659533,227,0,444,329,0,0,0,763,recovery,209
10.380290330092858,227,0,443,330,0,0,0,763,recovery,110
10.382897297531459,226,0,444,330,0,0,0,764,infection,76
10.391428822222641,226,0,443,331,0,0,0,764,recovery,615
10.408178538120456,226,0,442,332,0,0,0,764,recovery,526
10.4095752157565,225,0,443,332,0,0,0,765,infection,37
10.40975215833329,225,0,442,333,0,0,0,765,recovery,274
10.422848085458812,224,0,443,333,0,0,0,766,infection,291
10.423934028177245,223,0,444,333,0,0,0,767,infection,289
10.426382955325781,222,0,445,333,0,0,0,768,infection,385
10.429521764519652,221,0,446,333,0,0,0,769,infection,266
10.443008337540435,220,0,447,333,0,0,0,770,infection,936
10.455095640002762,219,0,448,333,0,0,0,771,infection,680
10.461864954784309,218,0,449,333,0,0,0,772,infection,454
10.466702630162885,218,0,448,334,0,0,0,772,recovery,393
10.474673434138854,217,0,449,334,0,0,0,773,infection,971
10.47936655553794,217,0,448,335,0,0,0,773,recovery,621
10.486802934047953,217,0,447,336,0,0,0,773,recovery,150
10.487515605518322,217,0,446,337,0,0,0,773,recovery,667
10.489789499576716,217,0,445,338,0,0,0,773,recovery,957
10.490900283632907,216,0,446,338,0,0,0,774,infection,966
10.49791797355972,215,0,447,338,0,0,0,775,infection,242
10.500248332297092,215,0,446,339,0,0,0,775,recovery,346
10.502834407073635,215,0,445,340,0,0,0,775,recovery,941
10.508919170229708,214,0,446,340,0,0,0,776,infection,896
10.539917322073098,214,0,445,341,0,0,0,776,recovery,403
10.551838336288588,213,0,446,341,0,0,0,777,infection,199
10.557929988474653,213,0,445,342,0,0,0,777,recovery,478
10.56329127224485,212,0,446,342,0,0,0,778,infection,137
10.579568457321743,212,0,445,343,0,0,0,778,recovery,427
10.58744928398571,211,0,446,343,0,0,0,779,infection,176
10.59235144931186,210,0,447,343,0,0,0,780,infection,108
10.608415373286284,210,0,446,344,0,0,0,780,recovery,594
10.614690653880698,210,0,445,345,0,0,0,780,recovery,972
10.616810026987274,210,0,444,346,0,0,0,780,recovery,546
10.61715882776236,210,0,443,347,0,0,0,780,recovery,435
10.623029177932619,210,0,442,348,0,0,0,780,recovery,21
10.62624036193667,210,0,441,349,0,0,0,780,recovery,174
10.63454896157753,209,0,442,349,0,0,0,781,infection,316
10.634996838848139,209,0,441,350,0,0,0,781,recovery,418
10.639164809221045,208,0,442,350,0,0,0,782,infection,632
10.641252928594948,208,0,441,351,0,0,0,782,recovery,399
10.65429813188407,207,0,442,351,0,0,0,783,infection,323
10.656114620139062,206,0,443,351,0,0,0,784,infection,206
10.674366313610843,206,0,442,352,0,0,0,784,recovery,965
10.678409672484586,206,0,441,353,0,0,0,784,recovery,893
10.69300422733489,205,0,442,353,0,0,0,785,infection,141
10.695293187859061,205,0,441,354,0,0,0,785,recovery,765
10.6977917810297,204,0,442,354,0,0,0,786,infection,698
10.700319709146742,204,0,441,355,0,0,0,786,recovery,670
10.704118378734936,204,0,440,356,0,0,0,786,recovery,835
10.71986469546739,204,0,439,357,0,0,0,786,recovery,8
10.721496509934202,204,0,438,358,0,0,0,786,recovery,547
10.722703222904876,203,0,439,358,0,0,0,787,infection,412
10.737551803236851,202,0,440,358,0,0,0,788,infection,424
10.738568383076485,202,0,439,359,0,0,0,788,recovery,940
10.743419410466936,202,0,438,360,0,0,0,788,recovery,181
10.756447305529967,201,0,439,360,0,0,0,789,infection,823
10.77909855485998,200,0,440,360,0,0,0,790,infection,147
10.787570191034277,200,0,439,361,0,0,0,790,recovery,756
10.800014279205685,200,0,438,362,0,0,0,790,recovery,122
10.808526031789247,200,0,437,363,0,0,0,790,recovery,851
10.811450036014856,199,0,438,363,0,0,0,791,infection,929
10.816925837132448,199,0,437,364,0,0,0,791,recovery,865
10.826688265476067,198,0,438,364,0,0,0,792,infection,550
10.829017422240923,197,0,439,364,0,0,0,793,infection,895
10.831349937979082,197,0,438,365,0,0,0,793,recovery,815
10.85065639460007,197,0,437,366,0,0,0,793,recovery,631
10.865560329547888,196,0,438,366,0,0,0,794,infection,338
10.870558606266776,196,0,437,367,0,0,0,794,recovery,13
10.887455028660122,196,0,436,368,0,0,0,794,recovery,842
10.889820756817748,196,0,435,369,0,0,0,794,recovery,818
10.916344225192649,196,0,434,370,0,0,0,794,recovery,692
10.9188325323554,195,0,435,370,0,0,0,795,infection,472
10.92102696557686,195,0,434,371,0,0,0,795,recovery,212
10.927382758012268,195,0,433,372,0,0,0,795,recovery,771
10.927674631850454,194,0,434,372,0,0,0,796,infection,553
10.931184268121022,194,0,433,373,0,0,0,796,recovery,63
10.947811290169659,193,0,434,373,0,0,0,797,infection,515
10.965289571312946,192,0,435,373,0,0,0,798,infection,411
10.971403344415727,191,0,436,373,0,0,0,799,infection,980
10.980724121582565,190,0,437,373,0,0,0,800,infection,534
10.99420704887503,190,0,436,374,0,0,0,800,recovery,728
11.002987817100728,189,0,437,374,0,0,0,801,infection,530
11.005888518046072,188,0,438,374,0,0,0,802,infection,593
11.026284664147374,187,0,439,374,0,0,0,803,infection,899
11.02707237219272,187,0,438,375,0,0,0,803,recovery,29
11.031223276437627,186,0,439,375,0,0,0,804,infection,634
11.031657710274537,186,0,438,376,0,0,0,804,recovery,178
11.03197342392866,185,0,439,376,0,0,0,805,infection,871
11.054737611915169,185,0,438,377,0,0,0,805,recovery,686
11.059979242092481,184,0,439,377,0,0,0,806,infection,46
11.062646011506384,184,0,438,378,0,0,0,806,recovery,680
11.08074077207166,183,0,439,378,0,0,0,807,infection,748
11.086462886099422,183,0,438,379,0,0,0,807,recovery,1000
11.087398127948697,182,0,439,379,0,0,0,808,infection,679
11.092721038145708,182,0,438,380,0,0,0,808,recovery,197
11.096669970365422,181,0,439,380,0,0,0,809,infection,421
11.101236497178533,180,0,440,380,0,0,0,810,infection,704
11.105995392829744,179,0,441,380,0,0,0,811,infection,872
11.112283282583547,179,0,440,381,0,0,0,811,recovery,590
11.114325591077565,179,0,439,382,0,0,0,811,recovery,938
11.120014966492768,179,0,438,383,0,0,0,811,recovery,76
11.126614706084428,179,0,437,384,0,0,0,811,recovery,939
11.14434508879291,179,0,436,385,0,0,0,811,recovery,242
11.147195155517213,179,0,435,386,0,0,0,811,recovery,256
11.15173828523912,178,0,436,386,0,0,0,812,infection,837
11.163872217715369,178,0,435,387,0,0,0,812,recovery,752
11.168618635736584,177,0,436,387,0,0,0,813,infection,920
11.173763851121276,177,0,435,388,0,0,0,813,recovery,878
11.176300902144842,177,0,434,389,0,0,0,813,recovery,753
11.179274462960198,177,0,433,390,0,0,0,813,recovery,490
11.18053610144516,177,0,432,391,0,0,0,813,recovery,353
11.183804139708924,177,0,431,392,0,0,0,813,recovery,786
11.187128842547011,177,0,430,393,0,0,0,813,recovery,421
11.1924839596137,176,0,431,393,0,0,0,814,infection,516
11.193472353319732,175,0,432,393,0,0,0,815,infection,139
11.200803957251862,174,0,433,393,0,0,0,816,infection,784
11.221981371207052,173,0,434,393,0,0,0,817,infection,495
11.222114371749523,173,0,433,394,0,0,0,817,recovery,557
11.223410276847469,172,0,434,394,0,0,0,818,infection,433
11.231518634667937,171,0,435,394,0,0,0,819,infection,676
11.242424813559326,170,0,436,394,0,0,0,820,infection,406
11.254938688277608,169,0,437,394,0,0,0,821,infection,45
11.260778809370695,168,0,438,394,0,0,0,822,infection,882
11.272618536560204,168,0,437,395,0,0,0,822,recovery,657
11.272690839598773,168,0,436,396,0,0,0,822,recovery,447
11.273975111684464,168,0,435,397,0,0,0,822,recovery,797
11.290488930209944,167,0,436,397,0,0,0,823,infection,873
11.310025151383877,167,0,435,398,0,0,0,823,recovery,229
11.313114876650134,167,0,434,399,0,0,0,823,recovery,917
11.330314412177444,167,0,433,400,0,0,0,823,recovery,589
11.340505043109358,167,0,432,401,0,0,0,823,recovery,870
11.353012620984835,167,0,431,402,0,0,0,823,recovery,971
11.393384418756051,167,0,430,403,0,0,0,823,recovery,632
11.412020028217825,166,0,431,403,0,0,0,824,infection,548
11.4336574305948,166,0,430,404,0,0,0,824,recovery,920
11.452469059131323,165,0,431,404,0,0,0,825,infection,683
11.459850994096138,164,0,432,404,0,0,0,826,infection,520
11.481775361326033,164,0,431,405,0,0,0,826,recovery,433
11.485413158950344,163,0,432,405,0,0,0,827,infection,352
11.503675447374858,163,0,431,406,0,0,0,827,recovery,461
11.506221497139151,163,0,430,407,0,0,0,827,recovery,888
11.527821787465145,162,0,431,407,0,0,0,828,infection,989
11.530871018847694,161,0,432,407,0,0,0,829,infection,389
11.53597635475744,161,0,431,408,0,0,0,829,recovery,550
11.558487879055992,160,0,432,408,0,0,0,830,infection,208
11.564572096638358,160,0,431,409,0,0,0,830,recovery,267
11.568839417288796,159,0,432,409,0,0,0,831,infection,143
11.583395982256773,159,0,431,410,0,0,0,831,recovery,385
11.58964020229583,159,0,430,411,0,0,0,831,recovery,359
11.590166202107508,158,0,431,411,0,0,0,832,infection,666
11.59044082539151,158,0,430,412,0,0,0,832,recovery,825
11.598953580399675,158,0,429,413,0,0,0,832,recovery,896
11.606906514610616,157,0,430,413,0,0,0,833,infection,741
11.609676499881019,157,0,429,414,0,0,0,833,recovery,635
11.614338582834163,156,0,430,414,0,0,0,834,infection,451
11.62344115548444,156,0,429,415,0,0,0,834,recovery,201
11.630876559962513,156,0,428,416,0,0,0,834,recovery,264
11.63106652258214,156,0,427,417,0,0,0,834,recovery,658
11.640861030841634,156,0,426,418,0,0,0,834,recovery,511
11.642165744326858,155,0,427,418,0,0,0,835,infection,240
11.649478184514962,155,0,426,419,0,0,0,835,recovery,968
11.65102523431216,154,0,427,419,0,0,0,836,infection,829
11.652458780818321,154,0,426,420,0,0,0,836,recovery,451
11.65884596978077,154,0,425,421,0,0,0,836,recovery,56
11.659908207739141,154,0,424,422,0,0,0,836,recovery,170
11.661286226207269,153,0,425,422,0,0,0,837,infection,85
11.683920783465258,153,0,424,423,0,0,0,837,recovery,566
11.692468091361542,153,0,423,424,0,0,0,837,recovery,400
11.70203546605202,152,0,424,424,0,0,0,838,infection,816
11.709306010971584,151,0,425,424,0,0,0,839,infection,798
11.711987533762137,151,0,424,425,0,0,0,839,recovery,978
11.717577748368335,151,0,423,426,0,0,0,839,recovery,35
11.7190086443635,150,0,424,426,0,0,0,840,infection,408
11.72595583501685,149,0,425,426,0,0,0,841,infection,578
11.728672935062722,149,0,424,427,0,0,0,841,recovery,967
11.7335563771301,149,0,423,428,0,0,0,841,recovery,809
11.73890716450724,149,0,422,429,0,0,0,841,recovery,665
11.740928961093552,149,0,421,430,0,0,0,841,recovery,610
11.74447631363168,148,0,422,430,0,0,0,842,infection,760
11.748218441849513,147,0,423,430,0,0,0,843,infection,802
11.753543713779491,146,0,424,430,0,0,0,844,infection,194
11.75869461729711,146,0,423,431,0,0,0,844,recovery,140
11.768210526086154,145,0,424,431,0,0,0,845,infection,788
11.768332902358154,145,0,423,432,0,0,0,845,recovery,311
11.771578805649781,145,0,422,433,0,0,0,845,recovery,240
11.772405565823684,144,0,423,433,0,0,0,846,infection,146
11.773702799979572,144,0,422,434,0,0,0,846,recovery,660
11.789836092177499,144,0,421,435,0,0,0,846,recovery,953
11.792664806106563,144,0,420,436,0,0,0,846,recovery,683
11.798699065844747,144,0,419,437,0,0,0,846,recovery,664
11.821496270030469,144,0,418,438,0,0,0,846,recovery,721
11.823063779957595,143,0,419,438,0,0,0,847,infection,247
11.826863965470986,142,0,420,438,0,0,0,848,infection,372
11.828305956151533,142,0,419,439,0,0,0,848,recovery,323
11.8285118377696,141,0,420,439,0,0,0,849,infection,462
11.829937651133926,140,0,421,439,0,0,0,850,infection,214
11.833028075339197,139,0,422,439,0,0,0,851,infection,856
11.837675430628728,139,0,421,440,0,0,0,851,recovery,168
11.843570386261904,139,0,420,441,0,0,0,851,recovery,316
11.847414890309526,139,0,419,442,0,0,0,851,recovery,915
11.848574831798217,138,0,420,442,0,0,0,852,infection,714
11.856513704913917,137,0,421,442,0,0,0,853,infection,914
11.857397028982906,136,0,422,442,0,0,0,854,infection,559
11.858053958486442,135,0,423,442,0,0,0,855,infection,758
11.882539573123978,135,0,422,443,0,0,0,855,recovery,92
11.883199468795006,135,0,421,444,0,0,0,855,recovery,45
11.885207277543092,134,0,422,444,0,0,0,856,infection,616
11.892753228303103,134,0,421,445,0,0,0,856,recovery,561
11.903947436754986,134,0,420,446,0,0,0,856,recovery,327
11.907838806820918,134,0,419,447,0,0,0,856,recovery,137
11.9102844536768,133,0,420,447,0,0,0,857,infection,723
11.912500608131516,132,0,421,447,0,0,0,858,infection,620
11.942140840244356,131,0,422,447,0,0,0,859,infection,913
11.95491210417233,130,0,423,447,0,0,0,860,infection,483
11.964474002507782,130,0,422,448,0,0,0,860,recovery,453
11.975997063264288,130,0,421,449,0,0,0,860,recovery,163
11.985235022708682,130,0,420,450,0,0,0,860,recovery,528
12.000189895600846,130,0,419,451,0,0,0,860,recovery,126
12.010857211622048,130,0,418,452,0,0,0,860,recovery,520
12.016120332246526,130,0,417,453,0,0,0,860,recovery,222
12.026433911020224,129,0,418,453,0,0,0,861,infection,604
12.03543714295081,129,0,417,454,0,0,0,861,recovery,234
12.038829116668413,129,0,416,455,0,0,0,861,recovery,318
12.04159960608855,129,0,415,456,0,0,0,861,recovery,402
12.066472112262792,128,0,416,456,0,0,0,862,infection,18
12.080791589292524,128,0,415,457,0,0,0,862,recovery,913
12.082456241834295,127,0,416,457,0,0,0,863,infection,394
12.084786488147623,126,0,417,457,0,0,0,864,infection,891
12.085005154651002,125,0,418,457,0,0,0,865,infection,401
12.086194786872019,124,0,419,457,0,0,0,866,infection,342
12.103523461241716,123,0,420,457,0,0,0,867,infection,834
12.122089135336095,123,0,419,458,0,0,0,867,recovery,858
12.127106942515343,123,0,418,459,0,0,0,867,recovery,5
12.13120264074584,122,0,419,459,0,0,0,868,infection,780
12.145270720350329,122,0,418,460,0,0,0,868,recovery,749
12.146597436064155,121,0,419,460,0,0,0,869,infection,437
12.150430770832006,121,0,418,461,0,0,0,869,recovery,823
12.153293075066681,121,0,417,462,0,0,0,869,recovery,85
12.163774797109832,120,0,418,462,0,0,0,870,infection,866
12.178960906458355,119,0,419,462,0,0,0,871,infection,255
12.179408157725982,118,0,420,462,0,0,0,872,infection,165
12.18488427993037,117,0,421,462,0,0,0,873,infection,485
12.189469623573777,117,0,420,463,0,0,0,873,recovery,903
12.195505406762836,116,0,421,463,0,0,0,874,infection,57
12.197198593749782,116,0,420,464,0,0,0,874,recovery,531
12.200823551691151,115,0,421,464,0,0,0,875,infection,105
12.215518000962383,115,0,420,465,0,0,0,875,recovery,336
12.22695236865876,114,0,421,465,0,0,0,876,infection,574
12.238235226567394,114,0,420,466,0,0,0,876,recovery,370
12.241243297621082,113,0,421,466,0,0,0,877,infection,254
12.242425818671633,113,0,420,467,0,0,0,877,recovery,420
12.245303201392158,112,0,421,467,0,0,0,878,infection,945
12.251466640114025,111,0,422,467,0,0,0,879,infection,448
12.276855920872219,111,0,421,468,0,0,0,879,recovery,517
12.281329811103697,111,0,420,469,0,0,0,879,recovery,819
12.300860107672408,111,0,419,470,0,0,0,879,recovery,55
12.302056183826855,111,0,418,471,0,0,0,879,recovery,302
12.310761052183313,111,0,417,472,0,0,0,879,recovery,395
12.315270136238922,111,0,416,473,0,0,0,879,recovery,484
12.316640431585624,110,0,417,473,0,0,0,880,infection,906
12.325447681997431,110,0,416,474,0,0,0,880,recovery,383
12.330840364269916,109,0,417,474,0,0,0,881,infection,265
12.334415453546182,109,0,416,475,0,0,0,881,recovery,980
12.34414504588795,109,0,415,476,0,0,0,881,recovery,616
12.352542394778867,108,0,416,476,0,0,0,882,infection,131
12.35498861195915,108,0,415,477,0,0,0,882,recovery,398
12.361509455595012,108,0,414,478,0,0,0,882,recovery,527
12.364976975324035,108,0,413,479,0,0,0,882,recovery,271
12.395458534969183,108,0,412,480,0,0,0,882,recovery,689
12.399434673058137,108,0,411,481,0,0,0,882,recovery,26
12.39990280494164,108,0,410,482,0,0,0,882,recovery,223
12.399987911411632,107,0,411,482,0,0,0,883,infection,783
12.411382848516164,106,0,412,482,0,0,0,884,infection,207
12.41874196167116,106,0,411,483,0,0,0,884,recovery,638
12.43375564242825,105,0,412,483,0,0,0,885,infection,713
12.44357130241922,104,0,413,483,0,0,0,886,infection,186
12.459746672842568,103,0,414,483,0,0,0,887,infection,158
12.474281453530079,102,0,415,483,0,0,0,888,infection,71
12.486555444397778,102,0,414,484,0,0,0,888,recovery,372
12.490774792121252,102,0,413,485,0,0,0,888,recovery,604
12.496225783920808,102,0,412,486,0,0,0,888,recovery,54
12.519311409343283,102,0,411,487,0,0,0,888,recovery,723
12.52895460586619,102,0,410,488,0,0,0,888,recovery,141
12.533182808118763,102,0,409,489,0,0,0,888,recovery,135
12.538468856912203,102,0,408,490,0,0,0,888,recovery,568
12.53971109205672,102,0,407,491,0,0,0,888,recovery,379
12.548911814896133,101,0,408,491,0,0,0,889,infection,382
12.556784320442308,101,0,407,492,0,0,0,889,recovery,243
12.567718114624796,101,0,406,493,0,0,0,889,recovery,904
12.573978581053185,101,0,405,494,0,0,0,889,recovery,599
12.582269445357777,100,0,406,494,0,0,0,890,infection,301
12.599551161062234,100,0,405,495,0,0,0,890,recovery,666
12.619571264107524,99,0,406,495,0,0,0,891,infection,364
12.620642655837418,99,0,405,496,0,0,0,891,recovery,889
12.623485962715966,98,0,406,496,0,0,0,892,infection,489
12.653589447266368,97,0,407,496,0,0,0,893,infection,60
12.697378268933033,96,0,408,496,0,0,0,894,infection,324
12.697484949290164,95,0,409,496,0,0,0,895,infection,742
12.710014202640501,95,0,408,497,0,0,0,895,recovery,371
12.712603896719159,95,0,407,498,0,0,0,895,recovery,301
12.714195982710148,95,0,406,499,0,0,0,895,recovery,319
12.716755861251182,95,0,405,500,0,0,0,895,recovery,294
12.72141783535177,95,0,404,501,0,0,0,895,recovery,186
12.73452232489851,95,0,403,502,0,0,0,895,recovery,553
12.73634786376577,95,0,402,503,0,0,0,895,recovery,350
12.753301608153835,95,0,401,504,0,0,0,895,recovery,437
12.802641521230834,95,0,400,505,0,0,0,895,recovery,98
12.81010416461593,94,0,401,505,0,0,0,896,infection,152
12.819230959376291,94,0,400,506,0,0,0,896,recovery,516
12.8207503403642,93,0,401,506,0,0,0,897,infection,450
12.831880586427856,93,0,400,507,0,0,0,897,recovery,768
12.83265464881563,92,0,401,507,0,0,0,898,infection,794
12.856455587575963,91,0,402,507,0,0,0,899,infection,644
12.879870581325049,90,0,403,507,0,0,0,900,infection,767
12.912813913724593,90,0,402,508,0,0,0,900,recovery,704
12.91768543234642,90,0,401,509,0,0,0,900,recovery,563
12.920487680696684,90,0,400,510,0,0,0,900,recovery,612
12.925548488350325,90,0,399,511,0,0,0,900,recovery,734
12.933261825009527,90,0,398,512,0,0,0,900,recovery,347
12.936869465819912,90,0,397,513,0,0,0,900,recovery,162
12.970628207385996,90,0,396,514,0,0,0,900,recovery,922
12.976017067585842,90,0,395,515,0,0,0,900,recovery,646
12.980746538516684,89,0,396,515,0,0,0,901,infection,790
12.985139122097022,88,0,397,515,0,0,0,902,infection,115
12.994544955898823,88,0,396,516,0,0,0,902,recovery,891
13.010431936376872,88,0,395,517,0,0,0,902,recovery,816
13.017259373993342,88,0,394,518,0,0,0,902,recovery,679
13.026594058015839,87,0,395,518,0,0,0,903,infection,807
13.028213750944914,87,0,394,519,0,0,0,903,recovery,159
13.04290932810543,86,0,395,519,0,0,0,904,infection,674
13.044950007986015,85,0,396,519,0,0,0,905,infection,340
13.048643020198698,85,0,395,520,0,0,0,905,recovery,649
13.06886898264568,85,0,394,521,0,0,0,905,recovery,391
13.069616391440528,85,0,393,522,0,0,0,905,recovery,958
13.110998001357295,84,0,394,522,0,0,0,906,infection,258
13.11530509497381,84,0,393,523,0,0,0,906,recovery,471
13.118240343288543,84,0,392,524,0,0,0,906,recovery,807
13.1329142296456,84,0,391,525,0,0,0,906,recovery,245
13.148649863017493,84,0,390,526,0,0,0,906,recovery,840
13.160250684895328,84,0,389,527,0,0,0,906,recovery,500
13.160473593888122,84,0,388,528,0,0,0,906,recovery,783
13.182952384319286,84,0,387,529,0,0,0,906,recovery,165
13.182971743658031,83,0,388,529,0,0,0,907,infection,706
13.198116641917446,82,0,389,529,0,0,0,908,infection,925
13.200384528508874,81,0,390,529,0,0,0,909,infection,42
13.204880388751228,80,0,391,529,0,0,0,910,infection,491
13.221278066117382,80,0,390,530,0,0,0,910,recovery,95
13.228568351356602,79,0,391,530,0,0,0,911,infection,475
13.244787727181244,78,0,392,530,0,0,0,912,infection,195
13.250120272525201,78,0,391,531,0,0,0,912,recovery,289
13.258481439585315,77,0,392,531,0,0,0,913,infection,803
13.259360817155613,77,0,391,532,0,0,0,913,recovery,489
13.267404346017003,76,0,392,532,0,0,0,914,infection,987
13.276263237178123,75,0,393,532,0,0,0,915,infection,793
13.282008845436973,75,0,392,533,0,0,0,915,recovery,293
13.299140395795977,75,0,391,534,0,0,0,915,recovery,674
13.3107071673655,75,0,390,535,0,0,0,915,recovery,265
13.372768320596862,75,0,389,536,0,0,0,915,recovery,733
13.402994944392454,75,0,388,537,0,0,0,915,recovery,614
13.424394820291795,75,0,387,538,0,0,0,915,recovery,314
13.429378358560516,75,0,386,539,0,0,0,915,recovery,90
13.440907416038224,75,0,385,540,0,0,0,915,recovery,118
13.470030762256702,75,0,384,541,0,0,0,915,recovery,280
13.476855463351004,75,0,383,542,0,0,0,915,recovery,86
13.503664050486506,75,0,382,543,0,0,0,915,recovery,19
13.51656133563023,75,0,381,544,0,0,0,915,recovery,837
13.525637973432097,75,0,380,545,0,0,0,915,recovery,712
13.551948755211379,75,0,379,546,0,0,0,915,recovery,876
13.553097044278655,75,0,378,547,0,0,0,915,recovery,282
13.589717317499087,74,0,379,547,0,0,0,916,infection,777
13.591869061456984,74,0,378,548,0,0,0,916,recovery,483
13.59968552725205,74,0,377,549,0,0,0,916,recovery,681
13.601062576335488,74,0,376,550,0,0,0,916,recovery,329
13.614381786408469,74,0,375,551,0,0,0,916,recovery,169
13.621927756027048,74,0,374,552,0,0,0,916,recovery,567
13.637992332316491,74,0,373,553,0,0,0,916,recovery,49
13.641832754992471,74,0,372,554,0,0,0,916,recovery,42
13.647264145603632,74,0,371,555,0,0,0,916,recovery,108
13.655850531020477,74,0,370,556,0,0,0,916,recovery,277
13.684009706485016,74,0,369,557,0,0,0,916,recovery,386
13.726582036882506,73,0,370,557,0,0,0,917,infection,322
13.733123681389195,73,0,369,558,0,0,0,917,recovery,703
13.73562327757609,73,0,368,559,0,0,0,917,recovery,743
13.740392754414213,72,0,369,559,0,0,0,918,infection,814
13.755141108494623,72,0,368,560,0,0,0,918,recovery,496
13.778485898018587,72,0,367,561,0,0,0,918,recovery,512
13.803520196483994,72,0,366,562,0,0,0,918,recovery,241
13.837714302090257,72,0,365,563,0,0,0,918,recovery,491
13.843640050671748,72,0,364,564,0,0,0,918,recovery,519
13.865042249466654,72,0,363,565,0,0,0,918,recovery,627
13.892534774501478,72,0,362,566,0,0,0,918,recovery,94
13.903189795096452,72,0,361,567,0,0,0,918,recovery,663
13.904306804410982,72,0,360,568,0,0,0,918,recovery,220
13.9093085996517,72,0,359,569,0,0,0,918,recovery,853
13.912517478097701,71,0,360,569,0,0,0,919,infection,151
13.915013655161637,71,0,359,570,0,0,0,919,recovery,882
13.990545710334633,71,0,358,571,0,0,0,919,recovery,919
14.002432616274866,71,0,357,572,0,0,0,919,recovery,38
14.008700828206722,71,0,356,573,0,0,0,919,recovery,866
14.017680798517233,70,0,357,573,0,0,0,920,infection,636
14.01932606333611,70,0,356,574,0,0,0,920,recovery,179
14.024291878041849,70,0,355,575,0,0,0,920,recovery,909
14.037021021702596,70,0,354,576,0,0,0,920,recovery,349
14.04324056137817,70,0,353,577,0,0,0,920,recovery,637
14.092208156287327,70,0,352,578,0,0,0,920,recovery,128
14.09777841517764,70,0,351,579,0,0,0,920,recovery,233
14.105594399694874,70,0,350,580,0,0,0,920,recovery,532
14.11718850400662,70,0,349,581,0,0,0,920,recovery,787
14.119384308660882,69,0,350,581,0,0,0,921,infection,477
14.124964775504946,68,0,351,581,0,0,0,922,infection,973
14.136065811051353,68,0,350,582,0,0,0,922,recovery,93
14.138439144873248,68,0,349,583,0,0,0,922,recovery,540
14.154449971436787,67,0,350,583,0,0,0,923,infection,366
14.156237693251818,67,0,349,584,0,0,0,923,recovery,187
14.167812550210645,67,0,348,585,0,0,0,923,recovery,642
14.194806327491005,67,0,347,586,0,0,0,923,recovery,357
14.202339774103866,67,0,346,587,0,0,0,923,recovery,989
14.23331758666821,67,0,345,588,0,0,0,923,recovery,619
14.251595181674679,67,0,344,589,0,0,0,923,recovery,717
14.263859528254631,67,0,343,590,0,0,0,923,recovery,829
14.274571529690817,67,0,342,591,0,0,0,923,recovery,247
14.308915008696776,67,0,341,592,0,0,0,923,recovery,562
14.309539638839889,67,0,340,593,0,0,0,923,recovery,133
14.32177906651267,67,0,339,594,0,0,0,923,recovery,822
14.323308126702376,67,0,338,595,0,0,0,923,recovery,202
14.331798668795338,66,0,339,595,0,0,0,924,infection,617
14.365574546371226,66,0,338,596,0,0,0,924,recovery,248
14.374761385099866,66,0,337,597,0,0,0,924,recovery,869
14.394011681879327,66,0,336,598,0,0,0,924,recovery,741
14.405081368696495,66,0,335,599,0,0,0,924,recovery,871
14.459443577681732,66,0,334,600,0,0,0,924,recovery,530
14.464726449113378,65,0,335,600,0,0,0,925,infection,805
14.468097967290584,65,0,334,601,0,0,0,925,recovery,495
14.472040469907487,64,0,335,601,0,0,0,926,infection,782
14.500747493686529,64,0,334,602,0,0,0,926,recovery,207
14.54916378415161,63,0,335,602,0,0,0,927,infection,112
14.573511793935563,63,0,334,603,0,0,0,927,recovery,131
14.651624768189283,63,0,333,604,0,0,0,927,recovery,736
14.654639332670564,62,0,334,604,0,0,0,928,infection,707
14.667024882595562,62,0,333,605,0,0,0,928,recovery,470
14.66753490023991,62,0,332,606,0,0,0,928,recovery,377
14.677190568775806,62,0,331,607,0,0,0,928,recovery,206
14.684586811867526,62,0,330,608,0,0,0,928,recovery,89
14.684598112593706,62,0,329,609,0,0,0,928,recovery,487
14.707227849817102,62,0,328,610,0,0,0,928,recovery,364
14.717419049146454,62,0,327,611,0,0,0,928,recovery,291
14.722535642553673,62,0,326,612,0,0,0,928,recovery,918
14.729820952637553,62,0,325,613,0,0,0,928,recovery,337
14.737162051585335,61,0,326,613,0,0,0,929,infection,190
14.752467519385593,61,0,325,614,0,0,0,929,recovery,601
14.78340100184011,61,0,324,615,0,0,0,929,recovery,139
14.796104556668753,61,0,323,616,0,0,0,929,recovery,914
14.811047947421994,60,0,324,616,0,0,0,930,infection,860
14.812724808490426,60,0,323,617,0,0,0,930,recovery,476
14.828809326691957,60,0,322,618,0,0,0,930,recovery,158
14.829092326643053,60,0,321,619,0,0,0,930,recovery,73
14.882420225262091,60,0,320,620,0,0,0,930,recovery,792
14.902832699000141,60,0,319,621,0,0,0,930,recovery,745
14.903650056973003,60,0,318,622,0,0,0,930,recovery,596
14.914541196754385,60,0,317,623,0,0,0,930,recovery,701
14.939090064646644,60,0,316,624,0,0,0,930,recovery,907
14.943301136971087,60,0,315,625,0,0,0,930,recovery,901
14.980051888127294,59,0,316,625,0,0,0,931,infection,525
15.008811843029491,59,0,315,626,0,0,0,931,recovery,91
15.0529822544034,59,0,314,627,0,0,0,931,recovery,524
15.05581372906837,58,0,315,627,0,0,0,932,infection,678
15.057259789751868,58,0,314,628,0,0,0,932,recovery,199
15.057897462338946,58,0,313,629,0,0,0,932,recovery,43
15.059700346249905,57,0,314,629,0,0,0,933,infection,97
15.092733560044312,57,0,313,630,0,0,0,933,recovery,776
15.111635244133193,57,0,312,631,0,0,0,933,recovery,194
15.118720346413829,56,0,313,631,0,0,0,934,infection,613
15.122919115041512,56,0,312,632,0,0,0,934,recovery,387
15.169725753742245,56,0,311,633,0,0,0,934,recovery,104
15.181416411664104,55,0,312,633,0,0,0,935,infection,983
15.21380371001592,55,0,311,634,0,0,0,935,recovery,654
15.226743765774108,54,0,312,634,0,0,0,936,infection,28
15.229147053881036,54,0,311,635,0,0,0,936,recovery,164
15.231380496652404,53,0,312,635,0,0,0,937,infection,283
15.283244516922156,53,0,311,636,0,0,0,937,recovery,764
15.306989235279566,53,0,310,637,0,0,0,937,recovery,268
15.30837932294694,53,0,309,638,0,0,0,937,recovery,70
15.334471258308428,53,0,308,639,0,0,0,937,recovery,872
15.338937612893282,52,0,309,639,0,0,0,938,infection,571
15.36137932247862,52,0,308,640,0,0,0,938,recovery,757
15.39198758063576,52,0,307,641,0,0,0,938,recovery,235
15.421521215231541,52,0,306,642,0,0,0,938,recovery,571
15.437150711930437,52,0,305,643,0,0,0,938,recovery,81
15.488974944109534,51,0,306,643,0,0,0,939,infection,486
15.508245887901918,50,0,307,643,0,0,0,940,infection,205
15.52550071338467,50,0,306,644,0,0,0,940,recovery,10
15.567270488401451,49,0,307,644,0,0,0,941,infection,101
15.586214561641917,49,0,306,645,0,0,0,941,recovery,788
15.61089717784279,48,0,307,645,0,0,0,942,infection,951
15.611896282837908,48,0,306,646,0,0,0,942,recovery,127
15.634460566593075,48,0,305,647,0,0,0,942,recovery,167
15.647705493645294,48,0,304,648,0,0,0,942,recovery,713
15.665137172584007,48,0,303,649,0,0,0,942,recovery,255
15.679666350796282,48,0,302,650,0,0,0,942,recovery,16
15.68013902320737,47,0,303,650,0,0,0,943,infection,831
15.688494587915757,47,0,302,651,0,0,0,943,recovery,342
15.693487186020478,47,0,301,652,0,0,0,943,recovery,375
15.707696050927119,47,0,300,653,0,0,0,943,recovery,180
15.71263391780303,47,0,299,654,0,0,0,943,recovery,480
15.723492619986047,47,0,298,655,0,0,0,943,recovery,355
15.728995108601833,47,0,297,656,0,0,0,943,recovery,804
15.758284120628243,47,0,296,657,0,0,0,943,recovery,860
15.789294871760488,47,0,295,658,0,0,0,943,recovery,132
15.79193616717389,47,0,294,659,0,0,0,943,recovery,951
15.799915092740648,47,0,293,660,0,0,0,943,recovery,906
15.827208539692567,47,0,292,661,0,0,0,943,recovery,237
15.833621648614084,47,0,291,662,0,0,0,943,recovery,696
15.8605775972571,47,0,290,663,0,0,0,943,recovery,321
15.868736609608344,47,0,289,664,0,0,0,943,recovery,369
15.881941569343258,46,0,290,664,0,0,0,944,infection,47
15.883163107494143,46,0,289,665,0,0,0,944,recovery,556
15.905921861868409,46,0,288,666,0,0,0,944,recovery,195
15.9284069615865,46,0,287,667,0,0,0,944,recovery,548
15.935197421489033,46,0,286,668,0,0,0,944,recovery,143
15.96188985501981,46,0,285,669,0,0,0,944,recovery,805
15.963075000828571,46,0,284,670,0,0,0,944,recovery,37
15.96535724443002,45,0,285,670,0,0,0,945,infection,124
15.996715933301061,44,0,286,670,0,0,0,946,infection,192
16.034861165539652,44,0,285,671,0,0,0,946,recovery,813
16.062186999954044,44,0,284,672,0,0,0,946,recovery,441
16.06492602764024,44,0,283,673,0,0,0,946,recovery,880
16.081854386139394,44,0,282,674,0,0,0,946,recovery,305
16.14015234644482,44,0,281,675,0,0,0,946,recovery,644
16.153909407833282,44,0,280,676,0,0,0,946,recovery,103
16.235317366946013,44,0,279,677,0,0,0,946,recovery,324
16.236631083356244,44,0,278,678,0,0,0,946,recovery,284
16.24006293800053,44,0,277,679,0,0,0,946,recovery,40
16.24826327895757,44,0,276,680,0,0,0,946,recovery,803
16.255649127555905,44,0,275,681,0,0,0,946,recovery,719
16.26215466282492,44,0,274,682,0,0,0,946,recovery,119
16.27394970076395,44,0,273,683,0,0,0,946,recovery,416
16.29224266361172,43,0,274,683,0,0,0,947,infection,423
16.35604742607471,42,0,275,683,0,0,0,948,infection,20
16.372744816557,42,0,274,684,0,0,0,948,recovery,936
16.42313596752583,42,0,273,685,0,0,0,948,recovery,68
16.440895471309613,42,0,272,686,0,0,0,948,recovery,986
16.445237222695813,42,0,271,687,0,0,0,948,recovery,534
16.47688570603607,42,0,270,688,0,0,0,948,recovery,482
16.487647752069243,41,0,271,688,0,0,0,949,infection,577
16.49181125364676,41,0,270,689,0,0,0,949,recovery,151
16.508580382548317,41,0,269,690,0,0,0,949,recovery,462
16.52850423343162,41,0,268,691,0,0,0,949,recovery,856
16.5367145562873,40,0,269,691,0,0,0,950,infection,609
16.555249709749646,39,0,270,691,0,0,0,951,infection,4
16.575307649314254,39,0,269,692,0,0,0,951,recovery,894
16.593049459216658,39,0,268,693,0,0,0,951,recovery,142
16.61309329957148,39,0,267,694,0,0,0,951,recovery,125
16.613355445400103,39,0,266,695,0,0,0,951,recovery,647
16.6338166814171,39,0,265,696,0,0,0,951,recovery,300
16.695396821790197,39,0,264,697,0,0,0,951,recovery,152
16.707185014675638,39,0,263,698,0,0,0,951,recovery,675
16.708587243235524,39,0,262,699,0,0,0,951,recovery,705
16.71657044950298,39,0,261,700,0,0,0,951,recovery,493
16.74002704327821,39,0,260,701,0,0,0,951,recovery,678
16.740652680094115,39,0,259,702,0,0,0,951,recovery,217
16.746105449607143,39,0,258,703,0,0,0,951,recovery,50
16.74860439323654,39,0,257,704,0,0,0,951,recovery,412
16.752728751205932,38,0,258,704,0,0,0,952,infection,795
16.776619635897262,38,0,257,705,0,0,0,952,recovery,351
16.782773335121504,37,0,258,705,0,0,0,953,infection,215
16.830491080136028,37,0,257,706,0,0,0,953,recovery,252
16.837452186753236,37,0,256,707,0,0,0,953,recovery,113
16.87733468326468,37,0,255,708,0,0,0,953,recovery,134
16.88579905957072,37,0,254,709,0,0,0,953,recovery,814
16.896914827948173,36,0,255,709,0,0,0,954,infection,397
16.899842767503205,36,0,254,710,0,0,0,954,recovery,977
16.932772956399685,36,0,253,711,0,0,0,954,recovery,706
16.97200522711331,36,0,252,712,0,0,0,954,recovery,426
16.994631039898852,36,0,251,713,0,0,0,954,recovery,572
16.9954703692846,36,0,250,714,0,0,0,954,recovery,46
16.99580747690435,36,0,249,715,0,0,0,954,recovery,707
16.999945361013417,36,0,248,716,0,0,0,954,recovery,501
17.04306872453384,36,0,247,717,0,0,0,954,recovery,769
17.044871853679567,36,0,246,718,0,0,0,954,recovery,352
17.08239269258933,36,0,245,719,0,0,0,954,recovery,554
17.087498784048265,36,0,244,720,0,0,0,954,recovery,924
17.089584754213178,36,0,243,721,0,0,0,954,recovery,226
17.105221084734275,36,0,242,722,0,0,0,954,recovery,166
17.11508262477622,36,0,241,723,0,0,0,954,recovery,225
17.143925889821876,36,0,240,724,0,0,0,954,recovery,962
17.19749441243551,35,0,241,724,0,0,0,955,infection,934
17.221241048056882,35,0,240,725,0,0,0,955,recovery,961
17.24532154810636,35,0,239,726,0,0,0,955,recovery,802
17.27190718427817,35,0,238,727,0,0,0,955,recovery,983
17.34184333919253,34,0,239,727,0,0,0,956,infection,722
17.342177752139257,34,0,238,728,0,0,0,956,recovery,105
17.403701323616996,34,0,237,729,0,0,0,956,recovery,945
17.411791881422484,34,0,236,730,0,0,0,956,recovery,617
17.42668242107235,33,0,237,730,0,0,0,957,infection,744
17.441741319127534,33,0,236,731,0,0,0,957,recovery,714
17.445188623988138,33,0,235,732,0,0,0,957,recovery,204
17.447333167722306,33,0,234,733,0,0,0,957,recovery,394
17.46470439101108,33,0,233,734,0,0,0,957,recovery,636
17.477886034344927,33,0,232,735,0,0,0,957,recovery,58
17.500866743620172,33,0,231,736,0,0,0,957,recovery,541
17.517500951419876,33,0,230,737,0,0,0,957,recovery,966
17.582796196919638,33,0,229,738,0,0,0,957,recovery,381
17.586630231915244,33,0,228,739,0,0,0,957,recovery,439
17.601419983582318,33,0,227,740,0,0,0,957,recovery,973
17.65270914661118,33,0,226,741,0,0,0,957,recovery,762
17.674729327267304,33,0,225,742,0,0,0,957,recovery,123
17.74816035459549,33,0,224,743,0,0,0,957,recovery,408
17.807448437876122,33,0,223,744,0,0,0,957,recovery,584
17.821173113756075,33,0,222,745,0,0,0,957,recovery,401
17.83634338252056,33,0,221,746,0,0,0,957,recovery,688
17.91221451960346,33,0,220,747,0,0,0,957,recovery,985
17.97082317433052,33,0,219,748,0,0,0,957,recovery,799
18.023497780482916,33,0,218,749,0,0,0,957,recovery,545
18.032851603793198,33,0,217,750,0,0,0,957,recovery,115
18.034506526142533,33,0,216,751,0,0,0,957,recovery,942
18.055133403706222,32,0,217,751,0,0,0,958,infection,862
18.07295166682831,32,0,216,752,0,0,0,958,recovery,838
18.096971430380545,31,0,217,752,0,0,0,959,infection,830
18.140575184841467,31,0,216,753,0,0,0,959,recovery,959
18.193613917000484,31,0,215,754,0,0,0,959,recovery,389
18.197311894409573,31,0,214,755,0,0,0,959,recovery,144
18.202093758064468,31,0,213,756,0,0,0,959,recovery,827
18.202125631212873,31,0,212,757,0,0,0,959,recovery,308
18.214235514707543,31,0,211,758,0,0,0,959,recovery,932
18.277523693269213,31,0,210,759,0,0,0,959,recovery,577
18.28619373988738,31,0,209,760,0,0,0,959,recovery,272
18.296825108831502,31,0,208,761,0,0,0,959,recovery,348
18.3262981275779,31,0,207,762,0,0,0,959,recovery,877
18.445022490946606,31,0,206,763,0,0,0,959,recovery,843
18.49482621193665,30,0,207,763,0,0,0,960,infection,883
18.544912207724256,30,0,206,764,0,0,0,960,recovery,124
18.56159999881193,30,0,205,765,0,0,0,960,recovery,28
18.57576785150734,30,0,204,766,0,0,0,960,recovery,407
18.587867801521444,30,0,203,767,0,0,0,960,recovery,99
18.61037909049623,30,0,202,768,0,0,0,960,recovery,492
18.626791388904053,30,0,201,769,0,0,0,960,recovery,473
18.642667619715034,30,0,200,770,0,0,0,960,recovery,625
18.657995267150255,30,0,199,771,0,0,0,960,recovery,18
18.671040764418052,30,0,198,772,0,0,0,960,recovery,595
18.74004772385963,29,0,199,772,0,0,0,961,infection,446
18.751703765883445,29,0,198,773,0,0,0,961,recovery,618
18.824583477641326,29,0,197,774,0,0,0,961,recovery,448
18.828493941786324,29,0,196,775,0,0,0,961,recovery,883
18.84090610015898,29,0,195,776,0,0,0,961,recovery,97
18.908438328605808,29,0,194,777,0,0,0,961,recovery,486
18.924088593595698,29,0,193,778,0,0,0,961,recovery,446
18.957359607688854,29,0,192,779,0,0,0,961,recovery,328
18.987313984999165,29,0,191,780,0,0,0,961,recovery,767
19.01283097383857,29,0,190,781,0,0,0,961,recovery,404
19.03099989882032,29,0,189,782,0,0,0,961,recovery,155
19.055491869788458,29,0,188,783,0,0,0,961,recovery,406
19.095479904581786,28,0,189,783,0,0,0,962,infection,969
19.11193712410444,28,0,188,784,0,0,0,962,recovery,20
19.172198365779643,27,0,189,784,0,0,0,963,infection,182
19.280848686724227,27,0,188,785,0,0,0,963,recovery,784
19.383425873890914,27,0,187,786,0,0,0,963,recovery,613
19.405822701850468,27,0,186,787,0,0,0,963,recovery,392
19.411365366513625,27,0,185,788,0,0,0,963,recovery,146
19.47483663211964,27,0,184,789,0,0,0,963,recovery,157
19.479716753866622,27,0,183,790,0,0,0,963,recovery,397
19.488873096268414,27,0,182,791,0,0,0,963,recovery,388
19.543713080843656,27,0,181,792,0,0,0,963,recovery,937
19.546625608178076,27,0,180,793,0,0,0,963,recovery,979
19.597512532383163,27,0,179,794,0,0,0,963,recovery,960
19.615946177054248,27,0,178,795,0,0,0,963,recovery,969
19.630168355571044,27,0,177,796,0,0,0,963,recovery,812
19.67523343182921,26,0,178,796,0,0,0,964,infection,345
19.688781307821962,26,0,177,797,0,0,0,964,recovery,662
19.767415247506733,26,0,176,798,0,0,0,964,recovery,946
19.800877774924366,26,0,175,799,0,0,0,964,recovery,32
19.819772739773583,25,0,176,799,0,0,0,965,infection,198
19.900516729435132,25,0,175,800,0,0,0,965,recovery,475
19.91855776581724,25,0,174,801,0,0,0,965,recovery,14
19.957711492761675,25,0,173,802,0,0,0,965,recovery,334
20.00123549543992,25,0,172,803,0,0,0,965,recovery,338
20.074387456938233,25,0,171,804,0,0,0,965,recovery,659
20.144801327143952,25,0,170,805,0,0,0,965,recovery,424
20.155387675634717,24,0,171,805,0,0,0,966,infection,544
20.244707291982074,24,0,170,806,0,0,0,966,recovery,831
20.311080910846748,24,0,169,807,0,0,0,966,recovery,193
20.376393097556843,24,0,168,808,0,0,0,966,recovery,789
20.37887297958489,23,0,169,808,0,0,0,967,infection,432
20.38567192168167,23,0,168,809,0,0,0,967,recovery,283
20.41098832516979,23,0,167,810,0,0,0,967,recovery,59
20.42347014022461,23,0,166,811,0,0,0,967,recovery,53
20.424553602748716,23,0,165,812,0,0,0,967,recovery,990
20.436648561714645,23,0,164,813,0,0,0,967,recovery,925
20.56377427128296,23,0,163,814,0,0,0,967,recovery,525
20.695305205573096,23,0,162,815,0,0,0,967,recovery,198
20.71213634120217,23,0,161,816,0,0,0,967,recovery,378
20.744617366110525,23,0,160,817,0,0,0,967,recovery,716
20.752060198911693,23,0,159,818,0,0,0,967,recovery,477
20.768232239994795,23,0,158,819,0,0,0,967,recovery,758
20.770733397227314,23,0,157,820,0,0,0,967,recovery,410
20.771747321632056,23,0,156,821,0,0,0,967,recovery,698
20.777491942381324,23,0,155,822,0,0,0,967,recovery,873
20.821451478574907,23,0,154,823,0,0,0,967,recovery,434
20.86818619702985,22,0,155,823,0,0,0,968,infection,442
20.93190450073638,21,0,156,823,0,0,0,969,infection,325
20.9478058811407,21,0,155,824,0,0,0,969,recovery,552
20.959613498740886,21,0,154,825,0,0,0,969,recovery,879
21.00366958197461,21,0,153,826,0,0,0,969,recovery,795
21.035619661931104,20,0,154,826,0,0,0,970,infection,354
21.038813689671265,20,0,153,827,0,0,0,970,recovery,443
21.088268483034906,20,0,152,828,0,0,0,970,recovery,288
21.119352989381117,19,0,153,828,0,0,0,971,infection,859
21.14613904097257,19,0,152,829,0,0,0,971,recovery,450
21.187070585656258,18,0,153,829,0,0,0,972,infection,307
21.193268877093942,18,0,152,830,0,0,0,972,recovery,964
21.204451775591284,18,0,151,831,0,0,0,972,recovery,52
21.262976193323816,18,0,150,832,0,0,0,972,recovery,782
21.28340820596891,18,0,149,833,0,0,0,972,recovery,210
21.42321863176784,18,0,148,834,0,0,0,972,recovery,200
21.623602898739293,18,0,147,835,0,0,0,972,recovery,798
21.733012651054704,18,0,146,836,0,0,0,972,recovery,24
21.864219163017715,18,0,145,837,0,0,0,972,recovery,309
21.87103557386914,18,0,144,838,0,0,0,972,recovery,4
21.895782958384025,18,0,143,839,0,0,0,972,recovery,454
22.012603265900427,18,0,142,840,0,0,0,972,recovery,335
22.05492704653448,18,0,141,841,0,0,0,972,recovery,806
22.069457072446212,18,0,140,842,0,0,0,972,recovery,190
22.146528258266347,18,0,139,843,0,0,0,972,recovery,864
22.166882943865584,18,0,138,844,0,0,0,972,recovery,230
22.183733397709016,18,0,137,845,0,0,0,972,recovery,208
22.201068163521164,17,0,138,845,0,0,0,973,infection,963
22.221843378540203,17,0,137,846,0,0,0,973,recovery,793
22.31025247698648,17,0,136,847,0,0,0,973,recovery,30
22.36882178720571,16,0,137,847,0,0,0,974,infection,672
22.428576219012403,16,0,136,848,0,0,0,974,recovery,409
22.444531087950516,16,0,135,849,0,0,0,974,recovery,41
22.451407609037634,16,0,134,850,0,0,0,974,recovery,801
22.564935003558222,16,0,133,851,0,0,0,974,recovery,997
22.57739748626394,16,0,132,852,0,0,0,974,recovery,175
22.614655981206386,16,0,131,853,0,0,0,974,recovery,460
22.699255076939416,16,0,130,854,0,0,0,974,recovery,498
22.70905914115242,16,0,129,855,0,0,0,974,recovery,423
22.717525127999135,16,0,128,856,0,0,0,974,recovery,535
22.72343166651845,15,0,129,856,0,0,0,975,infection,954
22.748583681850995,15,0,128,857,0,0,0,975,recovery,322
22.80516042753033,15,0,127,858,0,0,0,975,recovery,628
22.854681902494555,15,0,126,859,0,0,0,975,recovery,22
22.868285765571304,15,0,125,860,0,0,0,975,recovery,266
22.974825367534418,15,0,124,861,0,0,0,975,recovery,620
23.08568755954213,14,0,125,861,0,0,0,976,infection,585
23.105694856915377,14,0,124,862,0,0,0,976,recovery,600
23.21090137431376,14,0,123,863,0,0,0,976,recovery,376
23.26520492767038,14,0,122,864,0,0,0,976,recovery,861
23.31084015274117,14,0,121,865,0,0,0,976,recovery,411
23.315055639644868,14,0,120,866,0,0,0,976,recovery,588
23.329222153083,14,0,119,867,0,0,0,976,recovery,515
23.422364448708713,14,0,118,868,0,0,0,976,recovery,368
23.463239222276588,14,0,117,869,0,0,0,976,recovery,205
23.480577868641934,14,0,116,870,0,0,0,976,recovery,923
23.495651381876534,14,0,115,871,0,0,0,976,recovery,574
23.656774380162382,14,0,114,872,0,0,0,976,recovery,984
23.792514216232785,14,0,113,873,0,0,0,976,recovery,963
23.805817277302395,14,0,112,874,0,0,0,976,recovery,559
23.831287043616804,14,0,111,875,0,0,0,976,recovery,1
23.84744050186693,14,0,110,876,0,0,0,976,recovery,555
23.856026757657403,14,0,109,877,0,0,0,976,recovery,549
23.928750516476263,14,0,108,878,0,0,0,976,recovery,211
23.99777666706444,14,0,107,879,0,0,0,976,recovery,117
24.149685543960516,14,0,106,880,0,0,0,976,recovery,57
24.160676939939776,14,0,105,881,0,0,0,976,recovery,253
24.2288928408199,14,0,104,882,0,0,0,976,recovery,382
24.417522075403614,14,0,103,883,0,0,0,976,recovery,344
24.440905151560028,14,0,102,884,0,0,0,976,recovery,258
24.512408483464785,14,0,101,885,0,0,0,976,recovery,859
24.538063144474027,14,0,100,886,0,0,0,976,recovery,542
24.588383299638274,14,0,99,887,0,0,0,976,recovery,182
24.609569318044166,14,0,98,888,0,0,0,976,recovery,643
24.673734089779895,14,0,97,889,0,0,0,976,recovery,325
24.68632323089973,14,0,96,890,0,0,0,976,recovery,742
24.69655347372986,14,0,95,891,0,0,0,976,recovery,935
24.824072469444832,14,0,94,892,0,0,0,976,recovery,120
24.830361658589695,14,0,93,893,0,0,0,976,recovery,598
24.835593363506867,14,0,92,894,0,0,0,976,recovery,192
24.867710432287648,14,0,91,895,0,0,0,976,recovery,504
24.90345069099379,14,0,90,896,0,0,0,976,recovery,279
24.911745722522294,14,0,89,897,0,0,0,976,recovery,988
24.930884836603084,14,0,88,898,0,0,0,976,recovery,176
24.950223103132775,14,0,87,899,0,0,0,976,recovery,47
24.996438516706185,14,0,86,900,0,0,0,976,recovery,362
25.014838590389726,14,0,85,901,0,0,0,976,recovery,340
25.047609690302796,14,0,84,902,0,0,0,976,recovery,121
25.208314491598678,14,0,83,903,0,0,0,976,recovery,236
25.210551939196584,14,0,82,904,0,0,0,976,recovery,702
25.23670068041873,14,0,81,905,0,0,0,976,recovery,438
25.304298459044727,14,0,80,906,0,0,0,976,recovery,232
25.41714225603465,14,0,79,907,0,0,0,976,recovery,71
25.60261326817868,14,0,78,908,0,0,0,976,recovery,27
25.994580525235882,14,0,77,909,0,0,0,976,recovery,593
26.122705989944237,14,0,76,910,0,0,0,976,recovery,852
26.184417527891267,14,0,75,911,0,0,0,976,recovery,341
26.22378768681363,14,0,74,912,0,0,0,976,recovery,214
26.257219930018522,14,0,73,913,0,0,0,976,recovery,744
26.26684788217065,14,0,72,914,0,0,0,976,recovery,254
26.27545019087958,14,0,71,915,0,0,0,976,recovery,790
26.3612050458834,14,0,70,916,0,0,0,976,recovery,886
26.41663395706804,14,0,69,917,0,0,0,976,recovery,987
26.45568857914828,14,0,68,918,0,0,0,976,recovery,147
26.49093581709181,14,0,67,919,0,0,0,976,recovery,780
26.506505188791827,14,0,66,920,0,0,0,976,recovery,219
26.58360714233185,14,0,65,921,0,0,0,976,recovery,832
26.618758841652635,14,0,64,922,0,0,0,976,recovery,603
26.671282405884586,14,0,63,923,0,0,0,976,recovery,499
26.72769667841277,14,0,62,924,0,0,0,976,recovery,779
26.926951653833804,14,0,61,925,0,0,0,976,recovery,899
26.991842211679053,14,0,60,926,0,0,0,976,recovery,609
27.00852794247118,14,0,59,927,0,0,0,976,recovery,585
27.10304455726406,14,0,58,928,0,0,0,976,recovery,558
27.271642665636485,14,0,57,929,0,0,0,976,recovery,929
27.483404329884213,14,0,56,930,0,0,0,976,recovery,895
27.494059586378235,14,0,55,931,0,0,0,976,recovery,463
27.567014511950514,14,0,54,932,0,0,0,976,recovery,672
27.619760057305797,14,0,53,933,0,0,0,976,recovery,374
27.765408454241303,14,0,52,934,0,0,0,976,recovery,533
27.904109859564052,14,0,51,935,0,0,0,976,recovery,442
28.022204691050824,14,0,50,936,0,0,0,976,recovery,954
28.02430044121223,14,0,49,937,0,0,0,976,recovery,934
28.064427281562534,14,0,48,938,0,0,0,976,recovery,928
28.129457869070368,14,0,47,939,0,0,0,976,recovery,544
28.28608912949812,14,0,46,940,0,0,0,976,recovery,149
28.492738831815295,14,0,45,941,0,0,0,976,recovery,833
28.83076507473937,14,0,44,942,0,0,0,976,recovery,583
28.97055895165802,14,0,43,943,0,0,0,976,recovery,687
29.01353581983082,14,0,42,944,0,0,0,976,recovery,834
29.022719332995216,14,0,41,945,0,0,0,976,recovery,830
29.28392318069399,14,0,40,946,0,0,0,976,recovery,676
29.521022297909944,14,0,39,947,0,0,0,976,recovery,472
29.80175633982511,14,0,38,948,0,0,0,976,recovery,485
30.03194452177058,13,0,39,948,0,0,0,977,infection,440
30.32091721246676,13,0,38,949,0,0,0,977,recovery,457
30.61593443123423,13,0,37,950,0,0,0,977,recovery,307
30.977870653363695,12,0,38,950,0,0,0,978,infection,106
31.050624629978614,12,0,37,951,0,0,0,978,recovery,578
31.0995242701723,12,0,36,952,0,0,0,978,recovery,760
31.141610854307753,12,0,35,953,0,0,0,978,recovery,682
32.22906347551343,12,0,34,954,0,0,0,978,recovery,244
32.275976909175554,12,0,33,955,0,0,0,978,recovery,215
32.35440490963871,12,0,32,956,0,0,0,978,recovery,848
32.65646491017733,12,0,31,957,0,0,0,978,recovery,536
32.81119939602964,11,0,32,957,0,0,0,979,infection,419
33.16540890051512,11,0,31,958,0,0,0,979,recovery,419
33.320556782145346,11,0,30,959,0,0,0,979,recovery,354
33.53166844059956,11,0,29,960,0,0,0,979,recovery,634
33.55428659029981,10,0,30,960,0,0,0,980,infection,586
33.73952412940576,10,0,29,961,0,0,0,980,recovery,586
33.88310623213902,10,0,28,962,0,0,0,980,recovery,722
33.887476717903084,10,0,27,963,0,0,0,980,recovery,777
34.03385637002333,10,0,26,964,0,0,0,980,recovery,564
34.92481560621701,10,0,25,965,0,0,0,980,recovery,48
35.42227128135097,10,0,24,966,0,0,0,980,recovery,366
36.29064860714844,10,0,23,967,0,0,0,980,recovery,231
36.29867094477346,10,0,22,968,0,0,0,980,recovery,455
36.71603614827032,10,0,21,969,0,0,0,980,recovery,432
36.907699984145395,10,0,20,970,0,0,0,980,recovery,794
36.98571170592112,10,0,19,971,0,0,0,980,recovery,345
37.295038514898216,10,0,18,972,0,0,0,980,recovery,77
37.491623694409185,10,0,17,973,0,0,0,980,recovery,684
38.64659124198613,10,0,16,974,0,0,0,980,recovery,974
39.045516124932206,10,0,15,975,0,0,0,980,recovery,652
39.17927648496696,10,0,14,976,0,0,0,980,recovery,761
40.0,10,0,14,976,0,0,0,980,horizon,0
