t,S,E,I,R,births,deaths,vaccinated,infections,event,person
0.0,990,0,10,0,0,0,0,0,initial,0
0.05779557257770843,989,0,11,0,0,0,0,1,infection,443
0.20928858114479018,989,0,10,1,0,0,0,1,recovery,995
0.21126679283616337,988,0,11,1,0,0,0,2,infection,771
0.22938793912489727,987,0,12,1,0,0,0,3,infection,405
0.22981448450091868,986,0,13,1,0,0,0,4,infection,114
0.28765508404390294,985,0,14,1,0,0,0,5,infection,486
0.349927338699506,985,0,13,2,0,0,0,5,recovery,999
0.36171861050092646,985,0,12,3,0,0,0,5,recovery,443
0.5644779918465636,984,0,13,3,0,0,0,6,infection,856
0.6132688213189167,983,0,14,3,0,0,0,7,infection,815
0.6771894367344062,982,0,15,3,0,0,0,8,infection,434
0.6856133769582652,982,0,14,4,0,0,0,8,recovery,486
0.7036149656266557,981,0,15,4,0,0,0,9,infection,103
0.9475349047609165,980,0,16,4,0,0,0,10,infection,473
0.9589502016388036,979,0,17,4,0,0,0,11,infection,614
1.0321260934477432,979,0,16,5,0,0,0,11,recovery,856
1.0499383330203718,978,0,17,5,0,0,0,12,infection,887
1.099390415906502,977,0,18,5,0,0,0,13,infection,59
1.2382639822575736,977,0,17,6,0,0,0,13,recovery,996
1.4230930716273071,976,0,18,6,0,0,0,14,infection,692
1.4827144184683996,975,0,19,6,0,0,0,15,infection,162
1.5711639569489775,974,0,20,6,0,0,0,16,infection,146
1.6252654113305163,973,0,21,6,0,0,0,17,infection,780
1.712622646850991,972,0,22,6,0,0,0,18,infection,886
1.794613787531813,971,0,23,6,0,0,0,19,infection,945
1.8783569648221954,971,0,22,7,0,0,0,19,recovery,114
1.9413563490616759,970,0,23,7,0,0,0,20,infection,294
1.9619597716963877,969,0,24,7,0,0,0,21,infection,825
2.106539930491805,968,0,25,7,0,0,0,22,infection,391
2.2817671693182926,967,0,26,7,0,0,0,23,infection,650
2.286968091923775,966,0,27,7,0,0,0,24,infection,123
2.301377715051841,965,0,28,7,0,0,0,25,infection,858
2.3148839752266896,965,0,27,8,0,0,0,25,recovery,945
2.42806645823974,965,0,26,9,0,0,0,25,recovery,780
2.4284558940696863,965,0,25,10,0,0,0,25,recovery,434
2.4349660225839345,964,0,26,10,0,0,0,26,infection,378
2.4500369606612526,964,0,25,11,0,0,0,26,recovery,614
2.497545801746667,963,0,26,11,0,0,0,27,infection,752
2.525558053346887,962,0,27,11,0,0,0,28,infection,615
2.5410428701547474,961,0,28,11,0,0,0,29,infection,456
2.613839670954621,960,0,29,11,0,0,0,30,infection,312
2.6675149878191875,959,0,30,11,0,0,0,31,infection,654
2.6788531816528187,958,0,31,11,0,0,0,32,infection,163
2.7355482730960796,958,0,30,12,0,0,0,32,recovery,59
2.7429147075340277,957,0,31,12,0,0,0,33,infection,447
2.7595768025048457,956,0,32,12,0,0,0,34,infection,411
2.7704264313705282,955,0,33,12,0,0,0,35,infection,584
2.796340459900788,954,0,34,12,0,0,0,36,infection,448
2.801352605332366,954,0,33,13,0,0,0,36,recovery,162
2.80607620099202,953,0,34,13,0,0,0,37,infection,308
2.8595248575533136,952,0,35,13,0,0,0,38,infection,948
2.8707057051543976,951,0,36,13,0,0,0,39,infection,490
2.9339656252346415,950,0,37,13,0,0,0,40,infection,517
2.9403077130434365,949,0,38,13,0,0,0,41,infection,801
2.960700811816142,948,0,39,13,0,0,0,42,infection,600
2.9855168936675343,947,0,40,13,0,0,0,43,infection,433
2.9874467660965855,946,0,41,13,0,0,0,44,infection,606
3.041973172785024,945,0,42,13,0,0,0,45,infection,307
3.0465328685829194,944,0,43,13,0,0,0,46,infection,324
3.0721036473622063,943,0,44,13,0,0,0,47,infection,239
3.0905660955098173,942,0,45,13,0,0,0,48,infection,846
3.091030059734255,942,0,44,14,0,0,0,48,recovery,887
3.1027021651425684,941,0,45,14,0,0,0,49,infection,755
3.128448232291373,940,0,46,14,0,0,0,50,infection,507
3.133513423685717,939,0,47,14,0,0,0,51,infection,707
3.168450772972096,938,0,48,14,0,0,0,52,infection,763
3.1958043751118588,937,0,49,14,0,0,0,53,infection,271
3.222991562919815,936,0,50,14,0,0,0,54,infection,41
3.2587614561510656,936,0,49,15,0,0,0,54,recovery,801
3.2951334188536405,935,0,50,15,0,0,0,55,infection,555
3.326950280775759,934,0,51,15,0,0,0,56,infection,421
3.360558161806138,933,0,52,15,0,0,0,57,infection,30
3.3893380226152945,932,0,53,15,0,0,0,58,infection,328
3.427300110282224,931,0,54,15,0,0,0,59,infection,857
3.43226795890056,930,0,55,15,0,0,0,60,infection,412
3.4383419381034708,930,0,54,16,0,0,0,60,recovery,815
3.4644421403199077,929,0,55,16,0,0,0,61,infection,691
3.480048406697114,928,0,56,16,0,0,0,62,infection,322
3.486369518071031,928,0,55,17,0,0,0,62,recovery,294
3.529420836704784,928,0,54,18,0,0,0,62,recovery,433
3.54275076840817,927,0,55,18,0,0,0,63,infection,4
3.566364590343366,927,0,54,19,0,0,0,63,recovery,517
3.5845740727068462,926,0,55,19,0,0,0,64,infection,761
3.5884420194272018,926,0,54,20,0,0,0,64,recovery,555
3.626341251634386,925,0,55,20,0,0,0,65,infection,793
3.635990755602842,924,0,56,20,0,0,0,66,infection,258
3.640556308941074,924,0,55,21,0,0,0,66,recovery,421
3.6868272661085637,924,0,54,22,0,0,0,66,recovery,448
3.7040760492856983,924,0,53,23,0,0,0,66,recovery,761
3.708400090544626,923,0,54,23,0,0,0,67,infection,156
3.7220186647008187,922,0,55,23,0,0,0,68,infection,987
3.7390468141833866,921,0,56,23,0,0,0,69,infection,301
3.7503937734412065,920,0,57,23,0,0,0,70,infection,864
3.763240636767173,920,0,56,24,0,0,0,70,recovery,328
3.771991276432245,920,0,55,25,0,0,0,70,recovery,324
3.776613200180967,920,0,54,26,0,0,0,70,recovery,993
3.781172723999713,919,0,55,26,0,0,0,71,infection,451
3.81151071839719,919,0,54,27,0,0,0,71,recovery,412
3.83240074098781,918,0,55,27,0,0,0,72,infection,655
3.853029931765016,917,0,56,27,0,0,0,73,infection,724
3.9253630649900377,917,0,55,28,0,0,0,73,recovery,991
3.955402016982385,916,0,56,28,0,0,0,74,infection,438
3.957687247104992,915,0,57,28,0,0,0,75,infection,268
3.9588463874660125,914,0,58,28,0,0,0,76,infection,458
4.004468927901922,914,0,57,29,0,0,0,76,recovery,948
4.005695681738871,914,0,56,30,0,0,0,76,recovery,307
4.01921639929744,914,0,55,31,0,0,0,76,recovery,103
4.033325066308474,913,0,56,31,0,0,0,77,infection,745
4.045658219114318,912,0,57,31,0,0,0,78,infection,387
4.047638473316022,912,0,56,32,0,0,0,78,recovery,4
4.07414100601034,912,0,55,33,0,0,0,78,recovery,650
4.08586402645415,911,0,56,33,0,0,0,79,infection,782
4.09643300965697,911,0,55,34,0,0,0,79,recovery,490
4.102339081399673,910,0,56,34,0,0,0,80,infection,577
4.102804429457789,909,0,57,34,0,0,0,81,infection,515
4.102827417124483,908,0,58,34,0,0,0,82,infection,557
4.104684526493038,908,0,57,35,0,0,0,82,recovery,123
4.121738207266829,907,0,58,35,0,0,0,83,infection,240
4.140219344659154,907,0,57,36,0,0,0,83,recovery,378
4.212823604227596,906,0,58,36,0,0,0,84,infection,967
4.213992555602952,906,0,57,37,0,0,0,84,recovery,507
4.214689957170941,906,0,56,38,0,0,0,84,recovery,692
4.220948556068618,905,0,57,38,0,0,0,85,infection,248
4.224586614530476,904,0,58,38,0,0,0,86,infection,385
4.227764739819763,903,0,59,38,0,0,0,87,infection,205
4.230584012460127,902,0,60,38,0,0,0,88,infection,400
4.231524687694554,902,0,59,39,0,0,0,88,recovery,752
4.2339986095470685,902,0,58,40,0,0,0,88,recovery,473
4.242175342512034,901,0,59,40,0,0,0,89,infection,348
4.273662706466972,900,0,60,40,0,0,0,90,infection,399
4.292337552818135,900,0,59,41,0,0,0,90,recovery,322
4.314399622540524,900,0,58,42,0,0,0,90,recovery,400
4.35713597462179,899,0,59,42,0,0,0,91,infection,521
4.381281878823086,898,0,60,42,0,0,0,92,infection,828
4.389149807526642,897,0,61,42,0,0,0,93,infection,52
4.415120096611267,897,0,60,43,0,0,0,93,recovery,312
4.438082215282419,897,0,59,44,0,0,0,93,recovery,458
4.4487254596800705,896,0,60,44,0,0,0,94,infection,952
4.461316590962034,895,0,61,44,0,0,0,95,infection,848
4.507023891806797,895,0,60,45,0,0,0,95,recovery,998
4.553796758645031,895,0,59,46,0,0,0,95,recovery,848
4.591113236812373,895,0,58,47,0,0,0,95,recovery,994
4.606052131708035,895,0,57,48,0,0,0,95,recovery,239
4.648926625199064,894,0,58,48,0,0,0,96,infection,409
4.653533017042237,893,0,59,48,0,0,0,97,infection,388
4.670996014841175,892,0,60,48,0,0,0,98,infection,237
4.679406962786105,892,0,59,49,0,0,0,98,recovery,615
4.698951004037637,891,0,60,49,0,0,0,99,infection,466
4.7008428501908615,890,0,61,49,0,0,0,100,infection,78
4.70840279572287,889,0,62,49,0,0,0,101,infection,94
4.733269950432661,888,0,63,49,0,0,0,102,infection,332
4.734474594955505,887,0,64,49,0,0,0,103,infection,917
4.745011811387942,887,0,63,50,0,0,0,103,recovery,301
4.7852059389976995,886,0,64,50,0,0,0,104,infection,639
4.7994225909402655,885,0,65,50,0,0,0,105,infection,266
4.814470598696354,884,0,66,50,0,0,0,106,infection,765
4.836942854427897,883,0,67,50,0,0,0,107,infection,83
4.863133031700671,882,0,68,50,0,0,0,108,infection,631
4.9036456630843945,881,0,69,50,0,0,0,109,infection,570
4.9124435923381204,881,0,68,51,0,0,0,109,recovery,782
4.926036848201202,880,0,69,51,0,0,0,110,infection,742
4.944293362105681,879,0,70,51,0,0,0,111,infection,777
4.946541414647079,878,0,71,51,0,0,0,112,infection,191
5.026670731295298,877,0,72,51,0,0,0,113,infection,224
5.039922310201025,876,0,73,51,0,0,0,114,infection,560
5.0523280793443925,875,0,74,51,0,0,0,115,infection,323
5.059573591426961,874,0,75,51,0,0,0,116,infection,936
5.062844384004497,873,0,76,51,0,0,0,117,infection,342
5.069314350815763,873,0,75,52,0,0,0,117,recovery,266
5.097024221688144,872,0,76,52,0,0,0,118,infection,368
5.11316141970689,871,0,77,52,0,0,0,119,infection,505
5.126873137420671,871,0,76,53,0,0,0,119,recovery,1000
5.139230106002185,870,0,77,53,0,0,0,120,infection,253
5.146573771105755,869,0,78,53,0,0,0,121,infection,420
5.147853296129798,869,0,77,54,0,0,0,121,recovery,825
5.161690872154131,868,0,78,54,0,0,0,122,infection,647
5.165667111261948,867,0,79,54,0,0,0,123,infection,970
5.189736568339933,866,0,80,54,0,0,0,124,infection,159
5.223762351918528,865,0,81,54,0,0,0,125,infection,675
5.225193339436642,864,0,82,54,0,0,0,126,infection,122
5.229800005805477,864,0,81,55,0,0,0,126,recovery,654
5.24559006920964,864,0,80,56,0,0,0,126,recovery,970
5.279253265144481,864,0,79,57,0,0,0,126,recovery,342
5.279968678895797,864,0,78,58,0,0,0,126,recovery,771
5.281906103034116,863,0,79,58,0,0,0,127,infection,740
5.301234932109134,863,0,78,59,0,0,0,127,recovery,707
5.304656295685928,862,0,79,59,0,0,0,128,infection,776
5.308878817262159,861,0,80,59,0,0,0,129,infection,197
5.319203651666117,860,0,81,59,0,0,0,130,infection,166
5.325904926882235,859,0,82,59,0,0,0,131,infection,730
5.372846891335817,858,0,83,59,0,0,0,132,infection,623
5.377348662864991,857,0,84,59,0,0,0,133,infection,959
5.400530191640115,856,0,85,59,0,0,0,134,infection,471
5.408908898564778,855,0,86,59,0,0,0,135,infection,284
5.439831461933789,854,0,87,59,0,0,0,136,infection,910
5.442959990543296,853,0,88,59,0,0,0,137,infection,365
5.4740155999210085,852,0,89,59,0,0,0,138,infection,796
5.48189315720872,852,0,88,60,0,0,0,138,recovery,405
5.48448726588542,851,0,89,60,0,0,0,139,infection,173
5.50274565443715,850,0,90,60,0,0,0,140,infection,185
5.506844274020636,849,0,91,60,0,0,0,141,infection,903
5.510522996508275,848,0,92,60,0,0,0,142,infection,816
5.521044739900676,847,0,93,60,0,0,0,143,infection,246
5.538925608013633,847,0,92,61,0,0,0,143,recovery,451
5.554478771412236,846,0,93,61,0,0,0,144,infection,551
5.570982465756789,845,0,94,61,0,0,0,145,infection,630
5.594461774564113,845,0,93,62,0,0,0,145,recovery,308
5.624980630188789,844,0,94,62,0,0,0,146,infection,109
5.645017651398893,844,0,93,63,0,0,0,146,recovery,237
5.679977532452615,844,0,92,64,0,0,0,146,recovery,992
5.696721157299093,844,0,91,65,0,0,0,146,recovery,828
5.703065336302423,843,0,92,65,0,0,0,147,infection,637
5.704891779346322,842,0,93,65,0,0,0,148,infection,586
5.706164298727485,841,0,94,65,0,0,0,149,infection,542
5.718279932335901,840,0,95,65,0,0,0,150,infection,652
5.721654555733936,839,0,96,65,0,0,0,151,infection,750
5.7454624069177065,838,0,97,65,0,0,0,152,infection,333
5.752727452872208,837,0,98,65,0,0,0,153,infection,469
5.760524154313328,836,0,99,65,0,0,0,154,infection,632
5.7620191369822065,835,0,100,65,0,0,0,155,infection,773
5.791852720931157,834,0,101,65,0,0,0,156,infection,49
5.799549077898606,834,0,100,66,0,0,0,156,recovery,471
5.8024478458621935,833,0,101,66,0,0,0,157,infection,63
5.806090454073254,832,0,102,66,0,0,0,158,infection,854
5.808111730107384,832,0,101,67,0,0,0,158,recovery,224
5.83282273340038,831,0,102,67,0,0,0,159,infection,499
5.833134035542939,831,0,101,68,0,0,0,159,recovery,858
5.851466427400293,830,0,102,68,0,0,0,160,infection,90
5.890696346088479,829,0,103,68,0,0,0,161,infection,460
5.899711837534909,828,0,104,68,0,0,0,162,infection,646
5.920367199131576,827,0,105,68,0,0,0,163,infection,626
5.9261078352294785,826,0,106,68,0,0,0,164,infection,624
5.927904652162461,825,0,107,68,0,0,0,165,infection,117
5.944167252459471,824,0,108,68,0,0,0,166,infection,18
5.946477347386754,823,0,109,68,0,0,0,167,infection,951
5.948627898354182,822,0,110,68,0,0,0,168,infection,649
5.956115833572872,822,0,109,69,0,0,0,168,recovery,542
5.969211757563968,821,0,110,69,0,0,0,169,infection,128
5.9741176924082655,820,0,111,69,0,0,0,170,infection,820
5.977605859312476,819,0,112,69,0,0,0,171,infection,721
5.987942455123902,818,0,113,69,0,0,0,172,infection,226
6.002806015985452,817,0,114,69,0,0,0,173,infection,506
6.0101198769286155,817,0,113,70,0,0,0,173,recovery,721
6.02695532651174,816,0,114,70,0,0,0,174,infection,596
6.037600207212482,815,0,115,70,0,0,0,175,infection,157
6.053394058570356,814,0,116,70,0,0,0,176,infection,214
6.054393210023974,813,0,117,70,0,0,0,177,infection,227
6.055659647988711,812,0,118,70,0,0,0,178,infection,370
6.097292214572081,811,0,119,70,0,0,0,179,infection,444
6.11226523890361,810,0,120,70,0,0,0,180,infection,764
6.115140278310041,809,0,121,70,0,0,0,181,infection,110
6.117479138473667,808,0,122,70,0,0,0,182,infection,895
6.138226971723665,807,0,123,70,0,0,0,183,infection,826
6.145224017843704,806,0,124,70,0,0,0,184,infection,267
6.169901715774275,805,0,125,70,0,0,0,185,infection,811
6.201827178273838,804,0,126,70,0,0,0,186,infection,800
6.204368271406102,803,0,127,70,0,0,0,187,infection,502
6.218908745002234,802,0,128,70,0,0,0,188,infection,84
6.229389804990216,801,0,129,70,0,0,0,189,infection,593
6.247553992645947,800,0,130,70,0,0,0,190,infection,177
6.24943557488659,799,0,131,70,0,0,0,191,infection,608
6.252870216269936,799,0,130,71,0,0,0,191,recovery,348
6.259671192170855,798,0,131,71,0,0,0,192,infection,454
6.264061678629398,797,0,132,71,0,0,0,193,infection,814
6.303352467537854,796,0,133,71,0,0,0,194,infection,585
6.3050438635202735,795,0,134,71,0,0,0,195,infection,71
6.307319473594589,795,0,133,72,0,0,0,195,recovery,83
6.328432497342078,795,0,132,73,0,0,0,195,recovery,110
6.337150063781394,795,0,131,74,0,0,0,195,recovery,776
6.339896583659682,795,0,130,75,0,0,0,195,recovery,177
6.349278392626688,794,0,131,75,0,0,0,196,infection,216
6.358189994782224,793,0,132,75,0,0,0,197,infection,470
6.365272018128726,793,0,131,76,0,0,0,197,recovery,444
6.367132807146384,792,0,132,76,0,0,0,198,infection,182
6.378270720351548,791,0,133,76,0,0,0,199,infection,149
6.379528056528641,791,0,132,77,0,0,0,199,recovery,551
6.39182491402003,790,0,133,77,0,0,0,200,infection,573
6.422030063190094,790,0,132,78,0,0,0,200,recovery,826
6.423252126669931,789,0,133,78,0,0,0,201,infection,957
6.424125982117476,788,0,134,78,0,0,0,202,infection,933
6.424580907679842,787,0,135,78,0,0,0,203,infection,418
6.431035812483009,786,0,136,78,0,0,0,204,infection,314
6.441893038671877,786,0,135,79,0,0,0,204,recovery,470
6.445888738493132,785,0,136,79,0,0,0,205,infection,622
6.4724865466217985,785,0,135,80,0,0,0,205,recovery,399
6.47274173647461,785,0,134,81,0,0,0,205,recovery,997
6.481012914443897,785,0,133,82,0,0,0,205,recovery,156
6.494687879545439,785,0,132,83,0,0,0,205,recovery,675
6.496684490509437,784,0,133,83,0,0,0,206,infection,485
6.5021735032819965,783,0,134,83,0,0,0,207,infection,293
6.504757399537945,782,0,135,83,0,0,0,208,infection,453
6.508363807332345,782,0,134,84,0,0,0,208,recovery,90
6.515216192582657,781,0,135,84,0,0,0,209,infection,91
6.515425295404609,780,0,136,84,0,0,0,210,infection,362
6.542241011493434,779,0,137,84,0,0,0,211,infection,151
6.546049822000321,778,0,138,84,0,0,0,212,infection,589
6.558709900154518,778,0,137,85,0,0,0,212,recovery,608
6.5598863207178555,777,0,138,85,0,0,0,213,infection,352
6.57321921663452,777,0,137,86,0,0,0,213,recovery,957
6.584747454350371,776,0,138,86,0,0,0,214,infection,238
6.593340522755113,775,0,139,86,0,0,0,215,infection,230
6.600129392473625,774,0,140,86,0,0,0,216,infection,965
6.606133927101274,774,0,139,87,0,0,0,216,recovery,214
6.623967974468338,773,0,140,87,0,0,0,217,infection,264
6.62544074708883,772,0,141,87,0,0,0,218,infection,789
6.630234853067784,771,0,142,87,0,0,0,219,infection,950
6.632040240316476,770,0,143,87,0,0,0,220,infection,28
6.638485538072468,769,0,144,87,0,0,0,221,infection,946
6.640186285920061,769,0,143,88,0,0,0,221,recovery,368
6.645581504758724,768,0,144,88,0,0,0,222,infection,944
6.648177382298183,767,0,145,88,0,0,0,223,infection,853
6.654278560586807,767,0,144,89,0,0,0,223,recovery,515
6.6825717267766045,767,0,143,90,0,0,0,223,recovery,857
6.692462186882286,766,0,144,90,0,0,0,224,infection,511
6.69986133504403,765,0,145,90,0,0,0,225,infection,532
6.703983850401552,764,0,146,90,0,0,0,226,infection,836
6.708107518134442,763,0,147,90,0,0,0,227,infection,913
6.7332442370138965,762,0,148,90,0,0,0,228,infection,909
6.735665888440269,762,0,147,91,0,0,0,228,recovery,764
6.743874057551082,761,0,148,91,0,0,0,229,infection,442
6.74692808153449,760,0,149,91,0,0,0,230,infection,435
6.773636111837564,760,0,148,92,0,0,0,230,recovery,630
6.783419656121787,759,0,149,92,0,0,0,231,infection,481
6.790645477326692,758,0,150,92,0,0,0,232,infection,206
6.801832187121043,757,0,151,92,0,0,0,233,infection,601
6.811809242529934,756,0,152,92,0,0,0,234,infection,781
6.819784314423535,755,0,153,92,0,0,0,235,infection,220
6.820535080286397,755,0,152,93,0,0,0,235,recovery,166
6.825762483717019,754,0,153,93,0,0,0,236,infection,754
6.827100516404661,753,0,154,93,0,0,0,237,infection,53
6.859164556888804,752,0,155,93,0,0,0,238,infection,265
6.887288118477919,751,0,156,93,0,0,0,239,infection,363
6.89028566097105,750,0,157,93,0,0,0,240,infection,372
6.8990545740111,749,0,158,93,0,0,0,241,infection,949
6.9073086153908205,749,0,157,94,0,0,0,241,recovery,624
6.915339615267585,748,0,158,94,0,0,0,242,infection,610
6.916042908548164,748,0,157,95,0,0,0,242,recovery,456
6.920361916687589,747,0,158,95,0,0,0,243,infection,607
6.923114915794466,746,0,159,95,0,0,0,244,infection,56
6.923884350366949,745,0,160,95,0,0,0,245,infection,334
6.926262862322778,744,0,161,95,0,0,0,246,infection,572
6.926985287912001,743,0,162,95,0,0,0,247,infection,678
6.92731062341705,742,0,163,95,0,0,0,248,infection,875
6.928214165744731,742,0,162,96,0,0,0,248,recovery,933
6.933901036355994,742,0,161,97,0,0,0,248,recovery,363
6.9455072660585495,742,0,160,98,0,0,0,248,recovery,284
6.947827458339106,742,0,159,99,0,0,0,248,recovery,499
6.967861530236376,741,0,160,99,0,0,0,249,infection,867
6.980336294800658,740,0,161,99,0,0,0,250,infection,37
6.9814599875851,739,0,162,99,0,0,0,251,infection,863
6.983319834263324,738,0,163,99,0,0,0,252,infection,717
6.992736337459981,738,0,162,100,0,0,0,252,recovery,230
6.9949660210547435,737,0,163,100,0,0,0,253,infection,23
7.002947343667955,737,0,162,101,0,0,0,253,recovery,267
7.0217113528953465,736,0,163,101,0,0,0,254,infection,897
7.025919849746546,735,0,164,101,0,0,0,255,infection,833
7.045406378062071,735,0,163,102,0,0,0,255,recovery,23
7.055046011043739,734,0,164,102,0,0,0,256,infection,223
7.063395351658681,734,0,163,103,0,0,0,256,recovery,460
7.066193938382745,734,0,162,104,0,0,0,256,recovery,248
7.081754754572678,734,0,161,105,0,0,0,256,recovery,622
7.083490415960459,733,0,162,105,0,0,0,257,infection,884
7.087705197001567,732,0,163,105,0,0,0,258,infection,40
7.090615131129025,731,0,164,105,0,0,0,259,infection,947
7.093588168096094,731,0,163,106,0,0,0,259,recovery,268
7.093625240787006,730,0,164,106,0,0,0,260,infection,756
7.0939827943068074,729,0,165,106,0,0,0,261,infection,548
7.10740782641252,728,0,166,106,0,0,0,262,infection,245
7.108406339402583,727,0,167,106,0,0,0,263,infection,642
7.112358705044088,726,0,168,106,0,0,0,264,infection,748
7.1124543750021925,726,0,167,107,0,0,0,264,recovery,352
7.12642774400499,725,0,168,107,0,0,0,265,infection,329
7.127230372556243,724,0,169,107,0,0,0,266,infection,286
7.133229839290754,723,0,170,107,0,0,0,267,infection,732
7.148508072295352,722,0,171,107,0,0,0,268,infection,336
7.179365885883564,721,0,172,107,0,0,0,269,infection,55
7.18119751109003,720,0,173,107,0,0,0,270,infection,476
7.185146963517431,719,0,174,107,0,0,0,271,infection,439
7.206426311603014,718,0,175,107,0,0,0,272,infection,806
7.235626103246366,717,0,176,107,0,0,0,273,infection,668
7.248008909190901,717,0,175,108,0,0,0,273,recovery,639
7.249233659688054,717,0,174,109,0,0,0,273,recovery,936
7.249335247513584,716,0,175,109,0,0,0,274,infection,728
7.249525051337951,715,0,176,109,0,0,0,275,infection,977
7.252109039642651,714,0,177,109,0,0,0,276,infection,605
7.2536619387211605,714,0,176,110,0,0,0,276,recovery,951
7.256835979959257,713,0,177,110,0,0,0,277,infection,436
7.2674736225530205,712,0,178,110,0,0,0,278,infection,26
7.272615089985682,711,0,179,110,0,0,0,279,infection,19
7.279112948084774,710,0,180,110,0,0,0,280,infection,389
7.280693313758996,709,0,181,110,0,0,0,281,infection,641
7.290164614598356,708,0,182,110,0,0,0,282,infection,219
7.298655741153629,707,0,183,110,0,0,0,283,infection,784
7.304491998946771,707,0,182,111,0,0,0,283,recovery,816
7.315558606098817,706,0,183,111,0,0,0,284,infection,672
7.317954828414912,706,0,182,112,0,0,0,284,recovery,220
7.325596547953906,706,0,181,113,0,0,0,284,recovery,63
7.3276020401106265,705,0,182,113,0,0,0,285,infection,616
7.328301016488514,704,0,183,113,0,0,0,286,infection,759
7.330729863167268,703,0,184,113,0,0,0,287,infection,516
7.331852058221146,702,0,185,113,0,0,0,288,infection,727
7.335164040081582,701,0,186,113,0,0,0,289,infection,441
7.346020130820565,700,0,187,113,0,0,0,290,infection,263
7.354484597886526,699,0,188,113,0,0,0,291,infection,472
7.361627224936177,699,0,187,114,0,0,0,291,recovery,853
7.36397791375793,699,0,186,115,0,0,0,291,recovery,884
7.364027291950337,698,0,187,115,0,0,0,292,infection,132
7.376774136903048,697,0,188,115,0,0,0,293,infection,445
7.3773524669741555,697,0,187,116,0,0,0,293,recovery,560
7.378679388617628,696,0,188,116,0,0,0,294,infection,38
7.38131172898152,696,0,187,117,0,0,0,294,recovery,977
7.384275472547738,696,0,186,118,0,0,0,294,recovery,182
7.385042451687446,695,0,187,118,0,0,0,295,infection,923
7.396621165089464,695,0,186,119,0,0,0,295,recovery,53
7.414108351981092,694,0,187,119,0,0,0,296,infection,899
7.4198160141695535,693,0,188,119,0,0,0,297,infection,546
7.421943527171857,693,0,187,120,0,0,0,297,recovery,37
7.4284875281656095,693,0,186,121,0,0,0,297,recovery,793
7.429199342528346,693,0,185,122,0,0,0,297,recovery,626
7.44686553344786,692,0,186,122,0,0,0,298,infection,424
7.457171128512963,692,0,185,123,0,0,0,298,recovery,516
7.464169686863155,691,0,186,123,0,0,0,299,infection,837
7.469457009258376,690,0,187,123,0,0,0,300,infection,840
7.476311520903931,689,0,188,123,0,0,0,301,infection,14
7.4858740857885095,688,0,189,123,0,0,0,302,infection,958
7.4881619580556285,687,0,190,123,0,0,0,303,infection,741
7.488280307339119,686,0,191,123,0,0,0,304,infection,581
7.492752769171455,685,0,192,123,0,0,0,305,infection,501
7.4990755742613775,684,0,193,123,0,0,0,306,infection,95
7.499950744221685,683,0,194,123,0,0,0,307,infection,76
7.504016746034433,682,0,195,123,0,0,0,308,infection,812
7.508955102307014,681,0,196,123,0,0,0,309,infection,161
7.510121519925719,680,0,197,123,0,0,0,310,infection,508
7.540211340858974,680,0,196,124,0,0,0,310,recovery,649
7.542004213997773,680,0,195,125,0,0,0,310,recovery,987
7.542112649089411,680,0,194,126,0,0,0,310,recovery,78
7.558615511179849,680,0,193,127,0,0,0,310,recovery,447
7.565284076710881,679,0,194,127,0,0,0,311,infection,484
7.571492627447897,678,0,195,127,0,0,0,312,infection,628
7.575492470520123,678,0,194,128,0,0,0,312,recovery,745
7.590567247070516,677,0,195,128,0,0,0,313,infection,101
7.590791115599121,676,0,196,128,0,0,0,314,infection,61
7.594179073220169,676,0,195,129,0,0,0,314,recovery,484
7.609697380195773,675,0,196,129,0,0,0,315,infection,190
7.625801097191088,674,0,197,129,0,0,0,316,infection,531
7.62648765325668,673,0,198,129,0,0,0,317,infection,467
7.646325836039156,672,0,199,129,0,0,0,318,infection,574
7.650838310416533,671,0,200,129,0,0,0,319,infection,541
7.6585164353279165,671,0,199,130,0,0,0,319,recovery,329
7.6593195513097685,671,0,198,131,0,0,0,319,recovery,439
7.676815998462952,670,0,199,131,0,0,0,320,infection,204
7.682122447793195,669,0,200,131,0,0,0,321,infection,234
7.683596194617376,669,0,199,132,0,0,0,321,recovery,197
7.689579257327605,669,0,198,133,0,0,0,321,recovery,226
7.6936102811206055,669,0,197,134,0,0,0,321,recovery,647
7.706464464972126,668,0,198,134,0,0,0,322,infection,794
7.7123265554959515,667,0,199,134,0,0,0,323,infection,345
7.713129113262172,667,0,198,135,0,0,0,323,recovery,190
7.716966814559548,667,0,197,136,0,0,0,323,recovery,655
7.71761663525152,667,0,196,137,0,0,0,323,recovery,584
7.719742363903471,667,0,195,138,0,0,0,323,recovery,748
7.732301018527339,666,0,196,138,0,0,0,324,infection,143
7.736533573132828,665,0,197,138,0,0,0,325,infection,962
7.743682231264451,664,0,198,138,0,0,0,326,infection,225
7.746404890441639,663,0,199,138,0,0,0,327,infection,669
7.750666862368523,663,0,198,139,0,0,0,327,recovery,370
7.753460250634097,662,0,199,139,0,0,0,328,infection,407
7.772306740138408,662,0,198,140,0,0,0,328,recovery,30
7.777491831722031,661,0,199,140,0,0,0,329,infection,21
7.792969053294725,660,0,200,140,0,0,0,330,infection,904
7.798916668609986,660,0,199,141,0,0,0,330,recovery,730
7.80185105580747,659,0,200,141,0,0,0,331,infection,734
7.80200525566893,659,0,199,142,0,0,0,331,recovery,336
7.8035128122865975,658,0,200,142,0,0,0,332,infection,876
7.814566960575076,657,0,201,142,0,0,0,333,infection,277
7.817262942117318,656,0,202,142,0,0,0,334,infection,533
7.821582033133413,655,0,203,142,0,0,0,335,infection,398
7.828800828416419,654,0,204,142,0,0,0,336,infection,525
7.833835392861843,653,0,205,142,0,0,0,337,infection,11
7.834657212096372,653,0,204,143,0,0,0,337,recovery,91
7.83601505316379,652,0,205,143,0,0,0,338,infection,437
7.841386531900592,651,0,206,143,0,0,0,339,infection,905
7.844000774952045,650,0,207,143,0,0,0,340,infection,70
7.853728393869966,650,0,206,144,0,0,0,340,recovery,864
7.859876378162888,650,0,205,145,0,0,0,340,recovery,759
7.86522464838187,649,0,206,145,0,0,0,341,infection,873
7.866879470225764,648,0,207,145,0,0,0,342,infection,13
7.872822790995263,648,0,206,146,0,0,0,342,recovery,755
7.875906046252128,648,0,205,147,0,0,0,342,recovery,143
7.887127275708694,647,0,206,147,0,0,0,343,infection,137
7.896923268461402,646,0,207,147,0,0,0,344,infection,317
7.900909669675084,645,0,208,147,0,0,0,345,infection,974
7.90995284367648,645,0,207,148,0,0,0,345,recovery,652
7.938424390864096,644,0,208,148,0,0,0,346,infection,898
7.949817508724067,644,0,207,149,0,0,0,346,recovery,734
7.953157746014931,643,0,208,149,0,0,0,347,infection,698
7.975601955159609,643,0,207,150,0,0,0,347,recovery,814
7.977752264572061,642,0,208,150,0,0,0,348,infection,538
7.980936499585785,641,0,209,150,0,0,0,349,infection,211
7.989580399203893,641,0,208,151,0,0,0,349,recovery,205
7.999501500491784,640,0,209,151,0,0,0,350,infection,313
8.000160011848479,639,0,210,151,0,0,0,351,infection,198
8.003511266892493,638,0,211,151,0,0,0,352,infection,900
8.013119264813895,637,0,212,151,0,0,0,353,infection,340
8.014136018597119,636,0,213,151,0,0,0,354,infection,681
8.049407271072209,635,0,214,151,0,0,0,355,infection,969
8.055510927291683,634,0,215,151,0,0,0,356,infection,618
8.057258795776066,634,0,214,152,0,0,0,356,recovery,532
8.069185573653414,634,0,213,153,0,0,0,356,recovery,442
8.094460916454507,633,0,214,153,0,0,0,357,infection,595
8.096877444269735,632,0,215,153,0,0,0,358,infection,928
8.11162171417347,631,0,216,153,0,0,0,359,infection,296
8.11253317079929,630,0,217,153,0,0,0,360,infection,813
8.114250428120833,630,0,216,154,0,0,0,360,recovery,895
8.118229019604788,630,0,215,155,0,0,0,360,recovery,678
8.125651311855187,629,0,216,155,0,0,0,361,infection,285
8.126321214691702,628,0,217,155,0,0,0,362,infection,611
8.134591836638066,627,0,218,155,0,0,0,363,infection,270
8.139733702622284,626,0,219,155,0,0,0,364,infection,309
8.145232975277507,626,0,218,156,0,0,0,364,recovery,61
8.166221509849393,625,0,219,156,0,0,0,365,infection,464
8.171134756157338,624,0,220,156,0,0,0,366,infection,32
8.1733485550017,623,0,221,156,0,0,0,367,infection,939
8.182705875066482,622,0,222,156,0,0,0,368,infection,980
8.18893336153444,621,0,223,156,0,0,0,369,infection,869
8.194301569532934,620,0,224,156,0,0,0,370,infection,426
8.195289871428752,619,0,225,156,0,0,0,371,infection,790
8.197064914075684,619,0,224,157,0,0,0,371,recovery,476
8.202088738359043,618,0,225,157,0,0,0,372,infection,80
8.20830778653294,617,0,226,157,0,0,0,373,infection,912
8.219572284510528,616,0,227,157,0,0,0,374,infection,213
8.23729574723344,615,0,228,157,0,0,0,375,infection,702
8.239440604538954,615,0,227,158,0,0,0,375,recovery,340
8.240251869505348,614,0,228,158,0,0,0,376,infection,43
8.246800828020454,613,0,229,158,0,0,0,377,infection,8
8.256863640759606,613,0,228,159,0,0,0,377,recovery,750
8.269301942427822,612,0,229,159,0,0,0,378,infection,537
8.269437277435758,612,0,228,160,0,0,0,378,recovery,389
8.275056065589165,611,0,229,160,0,0,0,379,infection,920
8.277996218286429,611,0,228,161,0,0,0,379,recovery,94
8.278830061142465,610,0,229,161,0,0,0,380,infection,963
8.281348549623907,609,0,230,161,0,0,0,381,infection,783
8.289980068201265,608,0,231,161,0,0,0,382,infection,134
8.290952706791758,607,0,232,161,0,0,0,383,infection,127
8.300087638208206,607,0,231,162,0,0,0,383,recovery,596
8.302020381222142,606,0,232,162,0,0,0,384,infection,968
8.306527747274417,605,0,233,162,0,0,0,385,infection,395
8.313343271224216,605,0,232,163,0,0,0,385,recovery,122
8.320143735683112,604,0,233,163,0,0,0,386,infection,487
8.3203078784888,603,0,234,163,0,0,0,387,infection,50
8.321530726199299,603,0,233,164,0,0,0,387,recovery,309
8.33000507925995,602,0,234,164,0,0,0,388,infection,719
8.336067908136215,602,0,233,165,0,0,0,388,recovery,790
8.347827387409865,602,0,232,166,0,0,0,388,recovery,454
8.34855133699775,601,0,233,166,0,0,0,389,infection,736
8.351898190329083,601,0,232,167,0,0,0,389,recovery,637
8.355524210849945,600,0,233,167,0,0,0,390,infection,888
8.35959110327126,599,0,234,167,0,0,0,391,infection,154
8.360360287287508,598,0,235,167,0,0,0,392,infection,79
8.362116610840118,597,0,236,167,0,0,0,393,infection,496
8.367703089308165,596,0,237,167,0,0,0,394,infection,819
8.371266544775095,595,0,238,167,0,0,0,395,infection,343
8.371729272232104,594,0,239,167,0,0,0,396,infection,758
8.377202291508098,593,0,240,167,0,0,0,397,infection,566
8.390665166363044,592,0,241,167,0,0,0,398,infection,229
8.395545855137833,591,0,242,167,0,0,0,399,infection,553
8.398714933532586,591,0,241,168,0,0,0,399,recovery,538
8.399170889709037,590,0,242,168,0,0,0,400,infection,535
8.400482166185343,589,0,243,168,0,0,0,401,infection,747
8.405159599709364,589,0,242,169,0,0,0,401,recovery,854
8.406323672000564,588,0,243,169,0,0,0,402,infection,657
8.40866983869932,587,0,244,169,0,0,0,403,infection,564
8.430289509194823,586,0,245,169,0,0,0,404,infection,465
8.432789135664823,586,0,244,170,0,0,0,404,recovery,728
8.433994789209173,585,0,245,170,0,0,0,405,infection,186
8.436522491600488,585,0,244,171,0,0,0,405,recovery,717
8.443224812639194,584,0,245,171,0,0,0,406,infection,757
8.447685602466715,583,0,246,171,0,0,0,407,infection,341
8.457876124581635,582,0,247,171,0,0,0,408,infection,513
8.459352237278893,581,0,248,171,0,0,0,409,infection,358
8.469310738212195,580,0,249,171,0,0,0,410,infection,711
8.47508764992679,579,0,250,171,0,0,0,411,infection,57
8.478803315648525,578,0,251,171,0,0,0,412,infection,244
8.48263177761047,578,0,250,172,0,0,0,412,recovery,773
8.484190014809085,577,0,251,172,0,0,0,413,infection,770
8.484567854879513,576,0,252,172,0,0,0,414,infection,376
8.4854783946752,576,0,251,173,0,0,0,414,recovery,333
8.486151333544335,576,0,250,174,0,0,0,414,recovery,18
8.487116977269947,575,0,251,174,0,0,0,415,infection,331
8.4956864818001,574,0,252,174,0,0,0,416,infection,183
8.497186913070756,573,0,253,174,0,0,0,417,infection,346
8.499226853316067,572,0,254,174,0,0,0,418,infection,31
8.505220475923242,571,0,255,174,0,0,0,419,infection,17
8.524139510050471,571,0,254,175,0,0,0,419,recovery,56
8.529258722913442,570,0,255,175,0,0,0,420,infection,713
8.53827607389193,570,0,254,176,0,0,0,420,recovery,736
8.543643372520258,569,0,255,176,0,0,0,421,infection,259
8.554224083855987,568,0,256,176,0,0,0,422,infection,24
8.56634697741022,568,0,255,177,0,0,0,422,recovery,900
8.566629526610278,568,0,254,178,0,0,0,422,recovery,765
8.570355030918538,567,0,255,178,0,0,0,423,infection,66
8.571770054140135,566,0,256,178,0,0,0,424,infection,956
8.578674798386535,565,0,257,178,0,0,0,425,infection,482
8.580774043986198,564,0,258,178,0,0,0,426,infection,558
8.590502786104338,564,0,257,179,0,0,0,426,recovery,711
8.59299824920023,564,0,256,180,0,0,0,426,recovery,128
8.596226425117752,563,0,257,180,0,0,0,427,infection,603
8.598246748283648,562,0,258,180,0,0,0,428,infection,138
8.60151059260921,561,0,259,180,0,0,0,429,infection,131
8.608303080057514,560,0,260,180,0,0,0,430,infection,602
8.61893572745996,559,0,261,180,0,0,0,431,infection,552
8.619186435156822,558,0,262,180,0,0,0,432,infection,288
8.62013978246172,558,0,261,181,0,0,0,432,recovery,436
8.62118509253643,557,0,262,181,0,0,0,433,infection,716
8.623045908701116,556,0,263,181,0,0,0,434,infection,494
8.623808047148069,555,0,264,181,0,0,0,435,infection,374
8.631389559702583,555,0,263,182,0,0,0,435,recovery,965
8.635680896593232,554,0,264,182,0,0,0,436,infection,88
8.635759168748349,553,0,265,182,0,0,0,437,infection,125
8.636056773144384,552,0,266,182,0,0,0,438,infection,924
8.641952206323706,551,0,267,182,0,0,0,439,infection,635
8.64830906166888,551,0,266,183,0,0,0,439,recovery,837
8.654019187002206,550,0,267,183,0,0,0,440,infection,498
8.656148688678185,550,0,266,184,0,0,0,440,recovery,537
8.66926842655422,549,0,267,184,0,0,0,441,infection,795
8.675291728959229,548,0,268,184,0,0,0,442,infection,938
8.679162113318784,547,0,269,184,0,0,0,443,infection,590
8.679906004033855,547,0,268,185,0,0,0,443,recovery,57
8.680349920364268,546,0,269,185,0,0,0,444,infection,47
8.682017147419675,545,0,270,185,0,0,0,445,infection,955
8.68213380156304,545,0,269,186,0,0,0,445,recovery,758
8.690620368239562,544,0,270,186,0,0,0,446,infection,478
8.696422268943229,543,0,271,186,0,0,0,447,infection,609
8.696534245386882,543,0,270,187,0,0,0,447,recovery,698
8.69846956183054,542,0,271,187,0,0,0,448,infection,921
8.710214659135614,542,0,270,188,0,0,0,448,recovery,898
8.715337657800855,541,0,271,188,0,0,0,449,infection,194
8.715947623680144,541,0,270,189,0,0,0,449,recovery,631
8.718825378552877,540,0,271,189,0,0,0,450,infection,619
8.720994735181163,540,0,270,190,0,0,0,450,recovery,163
8.724449181111797,540,0,269,191,0,0,0,450,recovery,229
8.729958431686487,539,0,270,191,0,0,0,451,infection,530
8.734927642932428,538,0,271,191,0,0,0,452,infection,703
8.736223913351282,537,0,272,191,0,0,0,453,infection,449
8.744237586006026,537,0,271,192,0,0,0,453,recovery,923
8.745528037995765,536,0,272,192,0,0,0,454,infection,121
8.74571992417291,535,0,273,192,0,0,0,455,infection,545
8.751832269377198,534,0,274,192,0,0,0,456,infection,768
8.752444347051494,534,0,273,193,0,0,0,456,recovery,332
8.754005812622955,533,0,274,193,0,0,0,457,infection,392
8.770344032877999,533,0,273,194,0,0,0,457,recovery,564
8.77126792946406,533,0,272,195,0,0,0,457,recovery,910
8.780809412957725,532,0,273,195,0,0,0,458,infection,351
8.783866737786086,531,0,274,195,0,0,0,459,infection,318
8.788434510451921,531,0,273,196,0,0,0,459,recovery,138
8.799650245488873,530,0,274,196,0,0,0,460,infection,594
8.80952471862059,529,0,275,196,0,0,0,461,infection,73
8.810319019038593,528,0,276,196,0,0,0,462,infection,106
8.8173810130406,527,0,277,196,0,0,0,463,infection,6
8.830443467556163,527,0,276,197,0,0,0,463,recovery,548
8.838595067120558,527,0,275,198,0,0,0,463,recovery,833
8.846257405902426,527,0,274,199,0,0,0,463,recovery,574
8.849498352145105,526,0,275,199,0,0,0,464,infection,643
8.849569370723358,525,0,276,199,0,0,0,465,infection,937
8.855310366326915,524,0,277,199,0,0,0,466,infection,527
8.862080394020616,524,0,276,200,0,0,0,466,recovery,593
8.869385782274106,523,0,277,200,0,0,0,467,infection,2
8.871048511256836,523,0,276,201,0,0,0,467,recovery,296
8.879303777536235,522,0,277,201,0,0,0,468,infection,344
8.881345159079185,522,0,276,202,0,0,0,468,recovery,398
8.885741012180826,522,0,275,203,0,0,0,468,recovery,341
8.889581973740995,521,0,276,203,0,0,0,469,infection,709
8.889789496526875,520,0,277,203,0,0,0,470,infection,33
8.910771820391686,519,0,278,203,0,0,0,471,infection,529
8.911510192053584,518,0,279,203,0,0,0,472,infection,141
8.912360654449568,518,0,278,204,0,0,0,472,recovery,265
8.916210006195104,518,0,277,205,0,0,0,472,recovery,466
8.916213755567592,517,0,278,205,0,0,0,473,infection,725
8.918431450042767,516,0,279,205,0,0,0,474,infection,155
8.920409609965017,515,0,280,205,0,0,0,475,infection,925
8.938485954570162,515,0,279,206,0,0,0,475,recovery,244
8.940418076386496,514,0,280,206,0,0,0,476,infection,981
8.940448655520244,514,0,279,207,0,0,0,476,recovery,609
8.940976003618154,514,0,278,208,0,0,0,476,recovery,154
8.944819360424406,514,0,277,209,0,0,0,476,recovery,13
8.953732028445566,513,0,278,209,0,0,0,477,infection,375
8.966657573816418,512,0,279,209,0,0,0,478,infection,839
8.97459083493873,511,0,280,209,0,0,0,479,infection,275
8.979212689158112,511,0,279,210,0,0,0,479,recovery,109
8.991595096080172,511,0,278,211,0,0,0,479,recovery,742
8.995053012753068,511,0,277,212,0,0,0,479,recovery,151
8.999586789348827,511,0,276,213,0,0,0,479,recovery,245
8.999911325248725,511,0,275,214,0,0,0,479,recovery,2
9.002377038631337,510,0,276,214,0,0,0,480,infection,359
9.012793986137162,509,0,277,214,0,0,0,481,infection,715
9.012900502119868,508,0,278,214,0,0,0,482,infection,360
9.042616244125021,507,0,279,214,0,0,0,483,infection,228
9.046851502843046,506,0,280,214,0,0,0,484,infection,112
9.061488225130345,505,0,281,214,0,0,0,485,infection,415
9.065978152648052,505,0,280,215,0,0,0,485,recovery,334
9.073948744436954,505,0,279,216,0,0,0,485,recovery,494
9.076937488554519,504,0,280,216,0,0,0,486,infection,136
9.077897823706014,503,0,281,216,0,0,0,487,infection,394
9.082716984043834,503,0,280,217,0,0,0,487,recovery,331
9.083337846255528,503,0,279,218,0,0,0,487,recovery,159
9.083675971817797,503,0,278,219,0,0,0,487,recovery,600
9.087559704121137,502,0,279,219,0,0,0,488,infection,105
9.090962724545857,501,0,280,219,0,0,0,489,infection,872
9.094554539501043,500,0,281,219,0,0,0,490,infection,576
9.098038598637658,500,0,280,220,0,0,0,490,recovery,225
9.101304800316832,499,0,281,220,0,0,0,491,infection,983
9.103650911200887,498,0,282,220,0,0,0,492,infection,347
9.106108453792778,497,0,283,220,0,0,0,493,infection,617
9.11149911230194,496,0,284,220,0,0,0,494,infection,874
9.119986811334543,495,0,285,220,0,0,0,495,infection,93
9.123159577277029,495,0,284,221,0,0,0,495,recovery,558
9.1381751970592,494,0,285,221,0,0,0,496,infection,203
9.138416703733153,493,0,286,221,0,0,0,497,infection,269
9.140085978954634,493,0,285,222,0,0,0,497,recovery,313
9.141407359816089,492,0,286,222,0,0,0,498,infection,809
9.147499983397775,491,0,287,222,0,0,0,499,infection,287
9.151165743018879,490,0,288,222,0,0,0,500,infection,48
9.154255430737097,489,0,289,222,0,0,0,501,infection,180
9.160588175901005,488,0,290,222,0,0,0,502,infection,119
9.162993509231852,487,0,291,222,0,0,0,503,infection,12
9.165125384433782,487,0,290,223,0,0,0,503,recovery,867
9.167540236980619,487,0,289,224,0,0,0,503,recovery,545
9.16871648972861,486,0,290,224,0,0,0,504,infection,588
9.176118338931925,486,0,289,225,0,0,0,504,recovery,275
9.186532435228237,486,0,288,226,0,0,0,504,recovery,691
9.196686673443285,486,0,287,227,0,0,0,504,recovery,703
9.205646164107986,485,0,288,227,0,0,0,505,infection,338
9.211796456383672,484,0,289,227,0,0,0,506,infection,966
9.216406170744914,483,0,290,227,0,0,0,507,infection,3
9.220086870966973,482,0,291,227,0,0,0,508,infection,339
9.238646458722492,481,0,292,227,0,0,0,509,infection,547
9.244289213369017,480,0,293,227,0,0,0,510,infection,908
9.247224828406653,479,0,294,227,0,0,0,511,infection,892
9.253712319693225,478,0,295,227,0,0,0,512,infection,787
9.26889321702879,477,0,296,227,0,0,0,513,infection,865
9.288482467479666,476,0,297,227,0,0,0,514,infection,738
9.29359391787414,475,0,298,227,0,0,0,515,infection,906
9.298136926072457,475,0,297,228,0,0,0,515,recovery,376
9.306633121509318,474,0,298,228,0,0,0,516,infection,871
9.306664367945277,473,0,299,228,0,0,0,517,infection,261
9.327421700896036,473,0,298,229,0,0,0,517,recovery,418
9.330910945706679,472,0,299,229,0,0,0,518,infection,160
9.335430546770544,471,0,300,229,0,0,0,519,infection,804
9.33697829742658,470,0,301,229,0,0,0,520,infection,108
9.342610706185878,470,0,300,230,0,0,0,520,recovery,6
9.356605722945085,470,0,299,231,0,0,0,520,recovery,924
9.365112288064164,469,0,300,231,0,0,0,521,infection,35
9.36588902472725,468,0,301,231,0,0,0,522,infection,843
9.378865247272703,467,0,302,231,0,0,0,523,infection,827
9.38303569195747,466,0,303,231,0,0,0,524,infection,249
9.388943710864904,465,0,304,231,0,0,0,525,infection,174
9.397687673876165,464,0,305,231,0,0,0,526,infection,578
9.40209706426004,463,0,306,231,0,0,0,527,infection,845
9.409250134576356,462,0,307,231,0,0,0,528,infection,200
9.41631866565487,461,0,308,231,0,0,0,529,infection,145
9.416489995286161,460,0,309,231,0,0,0,530,infection,350
9.430373780227816,459,0,310,231,0,0,0,531,infection,233
9.44685702487923,459,0,309,232,0,0,0,531,recovery,223
9.448803912884495,458,0,310,232,0,0,0,532,infection,427
9.452431209451788,457,0,311,232,0,0,0,533,infection,396
9.453999069371589,456,0,312,232,0,0,0,534,infection,583
9.460497697299042,456,0,311,233,0,0,0,534,recovery,117
9.463564280979426,455,0,312,233,0,0,0,535,infection,818
9.469067996150645,454,0,313,233,0,0,0,536,infection,766
9.487700245272688,453,0,314,233,0,0,0,537,infection,452
9.488596818746474,452,0,315,233,0,0,0,538,infection,232
9.494659271503767,452,0,314,234,0,0,0,538,recovery,552
9.497163199252107,452,0,313,235,0,0,0,538,recovery,947
9.498836063029987,451,0,314,235,0,0,0,539,infection,87
9.505209199179918,451,0,313,236,0,0,0,539,recovery,619
9.508429765983315,451,0,312,237,0,0,0,539,recovery,958
9.508837518296353,450,0,313,237,0,0,0,540,infection,697
9.508904049551898,450,0,312,238,0,0,0,540,recovery,725
9.509752823134713,450,0,311,239,0,0,0,540,recovery,928
9.514446022715504,449,0,312,239,0,0,0,541,infection,503
9.52480722806988,448,0,313,239,0,0,0,542,infection,665
9.52602454580327,447,0,314,239,0,0,0,543,infection,536
9.526151642305415,447,0,313,240,0,0,0,543,recovery,813
9.528792689629787,446,0,314,240,0,0,0,544,infection,510
9.532485119953723,445,0,315,240,0,0,0,545,infection,406
9.537765499946385,445,0,314,241,0,0,0,545,recovery,213
9.551802138192844,445,0,313,242,0,0,0,545,recovery,203
9.56171851013407,444,0,314,242,0,0,0,546,infection,523
9.5636448804785,444,0,313,243,0,0,0,546,recovery,503
9.564247640452738,444,0,312,244,0,0,0,546,recovery,271
9.56501530330332,443,0,313,244,0,0,0,547,infection,153
9.56504360247914,442,0,314,244,0,0,0,548,infection,575
9.56754467985349,441,0,315,244,0,0,0,549,infection,222
9.570697295919022,440,0,316,244,0,0,0,550,infection,582
9.573353733958367,439,0,317,244,0,0,0,551,infection,74
9.574807412905718,439,0,316,245,0,0,0,551,recovery,136
9.575277960933436,438,0,317,245,0,0,0,552,infection,254
9.579925747434492,437,0,318,245,0,0,0,553,infection,844
9.57993707784406,437,0,317,246,0,0,0,553,recovery,47
9.581348360441835,436,0,318,246,0,0,0,554,infection,832
9.588554926927683,436,0,317,247,0,0,0,554,recovery,79
9.590423008977035,436,0,316,248,0,0,0,554,recovery,872
9.591011030743882,436,0,315,249,0,0,0,554,recovery,641
9.591186246248462,436,0,314,250,0,0,0,554,recovery,323
9.601080004046953,436,0,313,251,0,0,0,554,recovery,17
9.601485020048916,436,0,312,252,0,0,0,554,recovery,952
9.611065111777338,436,0,311,253,0,0,0,554,recovery,981
9.618380143480067,435,0,312,253,0,0,0,555,infection,9
9.619623981157744,435,0,311,254,0,0,0,555,recovery,529
9.620989652022072,435,0,310,255,0,0,0,555,recovery,501
9.623699079425707,434,0,311,255,0,0,0,556,infection,514
9.627024519594881,433,0,312,255,0,0,0,557,infection,788
9.629740205659086,432,0,313,255,0,0,0,558,infection,295
9.64814809091379,432,0,312,256,0,0,0,558,recovery,269
9.656242467002764,431,0,313,256,0,0,0,559,infection,488
9.657154206853406,431,0,312,257,0,0,0,559,recovery,295
9.670100145476992,430,0,313,257,0,0,0,560,infection,706
9.677171106937184,429,0,314,257,0,0,0,561,infection,120
9.680736971034307,428,0,315,257,0,0,0,562,infection,355
9.6817251072274,428,0,314,258,0,0,0,562,recovery,49
9.689155760287736,428,0,313,259,0,0,0,562,recovery,48
9.697490853406647,428,0,312,260,0,0,0,562,recovery,101
9.697995641497142,428,0,311,261,0,0,0,562,recovery,438
9.69974931721172,427,0,312,261,0,0,0,563,infection,97
9.714270978324963,426,0,313,261,0,0,0,564,infection,666
9.716468986946134,425,0,314,261,0,0,0,565,infection,474
9.746400826861004,424,0,315,261,0,0,0,566,infection,497
9.746415032543203,424,0,314,262,0,0,0,566,recovery,576
9.753459316161347,424,0,313,263,0,0,0,566,recovery,106
9.758943446008445,423,0,314,263,0,0,0,567,infection,65
9.761068152396776,422,0,315,263,0,0,0,568,infection,658
9.761239082628341,421,0,316,263,0,0,0,569,infection,231
9.761615980132,420,0,317,263,0,0,0,570,infection,883
9.761852524338577,419,0,318,263,0,0,0,571,infection,221
9.768656204391778,418,0,319,263,0,0,0,572,infection,366
9.768717024930817,417,0,320,263,0,0,0,573,infection,760
9.772435955235826,416,0,321,263,0,0,0,574,infection,383
9.776176819644535,416,0,320,264,0,0,0,574,recovery,198
9.77833600723402,416,0,319,265,0,0,0,574,recovery,523
9.78524356937118,416,0,318,266,0,0,0,574,recovery,800
9.794209666951877,415,0,319,266,0,0,0,575,infection,1
9.797442735138551,414,0,320,266,0,0,0,576,infection,879
9.799616575629587,414,0,319,267,0,0,0,576,recovery,508
9.806835035242273,414,0,318,268,0,0,0,576,recovery,391
9.808525108349304,414,0,317,269,0,0,0,576,recovery,875
9.81370294853783,414,0,316,270,0,0,0,576,recovery,796
9.814640746700837,414,0,315,271,0,0,0,576,recovery,657
9.817185356647318,413,0,316,271,0,0,0,577,infection,320
9.818890173326267,412,0,317,271,0,0,0,578,infection,683
9.826453840429846,411,0,318,271,0,0,0,579,infection,880
9.826491569594461,411,0,317,272,0,0,0,579,recovery,738
9.827038782625122,411,0,316,273,0,0,0,579,recovery,339
9.830983773266809,410,0,317,273,0,0,0,580,infection,973
9.834573076588768,409,0,318,273,0,0,0,581,infection,520
9.839312960534018,408,0,319,273,0,0,0,582,infection,179
9.839744942087249,407,0,320,273,0,0,0,583,infection,100
9.848227599758,406,0,321,273,0,0,0,584,infection,414
9.853291161841197,405,0,322,273,0,0,0,585,infection,701
9.859696135353483,404,0,323,273,0,0,0,586,infection,785
9.877061535653972,403,0,324,273,0,0,0,587,infection,661
9.878802937082982,402,0,325,273,0,0,0,588,infection,534
9.885919593909689,402,0,324,274,0,0,0,588,recovery,635
9.902374600622798,402,0,323,275,0,0,0,588,recovery,585
9.90378817123994,402,0,322,276,0,0,0,588,recovery,874
9.904097269899712,402,0,321,277,0,0,0,588,recovery,437
9.904402588576174,401,0,322,277,0,0,0,589,infection,337
9.904404553824266,400,0,323,277,0,0,0,590,infection,831
9.905874899425335,400,0,322,278,0,0,0,590,recovery,231
9.918671104328544,400,0,321,279,0,0,0,590,recovery,876
9.940813442252182,400,0,320,280,0,0,0,590,recovery,702
9.9498590227474,400,0,319,281,0,0,0,590,recovery,465
9.952652745116492,399,0,320,281,0,0,0,591,infection,792
9.955276626113632,398,0,321,281,0,0,0,592,infection,700
9.960192576909355,397,0,322,281,0,0,0,593,infection,823
9.965370260345738,397,0,321,282,0,0,0,593,recovery,351
9.965849347491902,396,0,322,282,0,0,0,594,infection,682
9.966035556026469,396,0,321,283,0,0,0,594,recovery,617
9.96747534739586,395,0,322,283,0,0,0,595,infection,77
9.98501118985561,394,0,323,283,0,0,0,596,infection,495
9.987155892776952,394,0,322,284,0,0,0,596,recovery,616
10.007691534554016,393,0,323,284,0,0,0,597,infection,69
10.00884170841745,393,0,322,285,0,0,0,597,recovery,337
10.016482301219519,392,0,323,285,0,0,0,598,infection,419
10.017288406759237,391,0,324,285,0,0,0,599,infection,217
10.02501384832318,390,0,325,285,0,0,0,600,infection,353
10.025963208857958,390,0,324,286,0,0,0,600,recovery,715
10.035637759727987,390,0,323,287,0,0,0,600,recovery,28
10.03748447337569,389,0,324,287,0,0,0,601,infection,422
10.044023072509818,388,0,325,287,0,0,0,602,infection,929
10.052621370693416,388,0,324,288,0,0,0,602,recovery,232
10.053641474332514,387,0,325,288,0,0,0,603,infection,468
10.059710926202452,387,0,324,289,0,0,0,603,recovery,602
10.065239514664123,387,0,323,290,0,0,0,603,recovery,288
10.07836814046151,387,0,322,291,0,0,0,603,recovery,520
10.082232648099792,386,0,323,291,0,0,0,604,infection,455
10.08463215736961,385,0,324,291,0,0,0,605,infection,850
10.086935304774325,385,0,323,292,0,0,0,605,recovery,628
10.096163384497046,385,0,322,293,0,0,0,605,recovery,863
10.102557777266664,384,0,323,293,0,0,0,606,infection,798
10.107257121302592,383,0,324,293,0,0,0,607,infection,684
10.122976152361328,382,0,325,293,0,0,0,608,infection,483
10.123939956563639,382,0,324,294,0,0,0,608,recovery,32
10.136879290814731,381,0,325,294,0,0,0,609,infection,111
10.151690003879988,381,0,324,295,0,0,0,609,recovery,246
10.153904769491403,380,0,325,295,0,0,0,610,infection,859
10.15497962404158,379,0,326,295,0,0,0,611,infection,315
10.155243589095374,378,0,327,295,0,0,0,612,infection,139
10.161741304400623,377,0,328,295,0,0,0,613,infection,199
10.16986309624801,376,0,329,295,0,0,0,614,infection,746
10.175799408386059,375,0,330,295,0,0,0,615,infection,803
10.187782593376351,375,0,329,296,0,0,0,615,recovery,840
10.193805736346269,375,0,328,297,0,0,0,615,recovery,350
10.195928049621909,375,0,327,298,0,0,0,615,recovery,643
10.20216053307941,374,0,328,298,0,0,0,616,infection,187
10.212815244505183,374,0,327,299,0,0,0,616,recovery,93
10.213506975549242,374,0,326,300,0,0,0,616,recovery,388
10.214947906686293,374,0,325,301,0,0,0,616,recovery,820
10.219689894935941,374,0,324,302,0,0,0,616,recovery,254
10.219762303284892,373,0,325,302,0,0,0,617,infection,861
10.220822034779726,373,0,324,303,0,0,0,617,recovery,108
10.229310375389764,373,0,323,304,0,0,0,617,recovery,173
10.23082699514712,373,0,322,305,0,0,0,617,recovery,43
10.257585598789941,373,0,321,306,0,0,0,617,recovery,892
10.2620632884196,372,0,322,306,0,0,0,618,infection,653
10.269402074166669,372,0,321,307,0,0,0,618,recovery,575
10.271943888038903,372,0,320,308,0,0,0,618,recovery,646
10.280639287686574,371,0,321,308,0,0,0,619,infection,704
10.280730729728791,370,0,322,308,0,0,0,620,infection,932
10.285308474257999,370,0,321,309,0,0,0,620,recovery,968
10.289517039407377,370,0,320,310,0,0,0,620,recovery,832
10.293747434473223,370,0,319,311,0,0,0,620,recovery,483
10.301829242902755,369,0,320,311,0,0,0,621,infection,866
10.307779137914409,369,0,319,312,0,0,0,621,recovery,732
10.324132436946995,369,0,318,313,0,0,0,621,recovery,97
10.325419608629126,369,0,317,314,0,0,0,621,recovery,183
10.32919101938331,368,0,318,314,0,0,0,622,infection,382
10.332291251843237,368,0,317,315,0,0,0,622,recovery,19
10.36726496229404,368,0,316,316,0,0,0,622,recovery,253
10.376773787228135,367,0,317,316,0,0,0,623,infection,461
10.388303442122039,367,0,316,317,0,0,0,623,recovery,74
10.398183467144106,367,0,315,318,0,0,0,623,recovery,963
10.41109569921151,367,0,314,319,0,0,0,623,recovery,770
10.420183350784438,366,0,315,319,0,0,0,624,infection,559
10.420823713729252,365,0,316,319,0,0,0,625,infection,568
10.43275758633013,365,0,315,320,0,0,0,625,recovery,784
10.437035670301814,364,0,316,320,0,0,0,626,infection,54
10.458938718057999,364,0,315,321,0,0,0,626,recovery,146
10.468062245981253,364,0,314,322,0,0,0,626,recovery,572
10.46844743319576,363,0,315,322,0,0,0,627,infection,571
10.477407490901124,362,0,316,322,0,0,0,628,infection,718
10.487697229504754,361,0,317,322,0,0,0,629,infection,518
10.492905065452254,361,0,316,323,0,0,0,629,recovery,668
10.494670915604253,361,0,315,324,0,0,0,629,recovery,131
10.502624276260656,361,0,314,325,0,0,0,629,recovery,706
10.504547848417621,361,0,313,326,0,0,0,629,recovery,541
10.516226515333342,361,0,312,327,0,0,0,629,recovery,112
10.518434410626142,361,0,311,328,0,0,0,629,recovery,187
10.519357055430328,360,0,312,328,0,0,0,630,infection,327
10.534761744492082,359,0,313,328,0,0,0,631,infection,148
10.541439334168045,359,0,312,329,0,0,0,631,recovery,603
10.555105310622002,359,0,311,330,0,0,0,631,recovery,88
10.566337748635961,359,0,310,331,0,0,0,631,recovery,406
10.582616862900725,359,0,309,332,0,0,0,631,recovery,26
10.58839379446659,359,0,308,333,0,0,0,631,recovery,595
10.589727676750481,359,0,307,334,0,0,0,631,recovery,533
10.592318078855001,359,0,306,335,0,0,0,631,recovery,697
10.592636190774165,358,0,307,335,0,0,0,632,infection,901
10.60640454018698,357,0,308,335,0,0,0,633,infection,580
10.617161394701954,357,0,307,336,0,0,0,633,recovery,684
10.619262233043514,357,0,306,337,0,0,0,633,recovery,488
10.626477607728326,357,0,305,338,0,0,0,633,recovery,148
10.638191530043398,357,0,304,339,0,0,0,633,recovery,983
10.668614181944006,356,0,305,339,0,0,0,634,infection,940
10.674605797913603,355,0,306,339,0,0,0,635,infection,354
10.67838835948043,354,0,307,339,0,0,0,636,infection,540
10.687330555502276,353,0,308,339,0,0,0,637,infection,808
10.69973805425047,352,0,309,339,0,0,0,638,infection,902
10.701199197234597,352,0,308,340,0,0,0,638,recovery,409
10.705738628867298,351,0,309,340,0,0,0,639,infection,680
10.7086956489716,350,0,310,340,0,0,0,640,infection,829
10.710650805633419,350,0,309,341,0,0,0,640,recovery,510
10.720677054096196,350,0,308,342,0,0,0,640,recovery,525
10.721075820434562,350,0,307,343,0,0,0,640,recovery,812
10.732288937828088,350,0,306,344,0,0,0,640,recovery,547
10.740617728571028,349,0,307,344,0,0,0,641,infection,972
10.748500453884253,349,0,306,345,0,0,0,641,recovery,920
10.750603608549017,349,0,305,346,0,0,0,641,recovery,683
10.756908554538834,348,0,306,346,0,0,0,642,infection,640
10.7590896440355,348,0,305,347,0,0,0,642,recovery,327
10.759924829726698,347,0,306,347,0,0,0,643,infection,689
10.761929754089662,346,0,307,347,0,0,0,644,infection,953
10.771755570743808,345,0,308,347,0,0,0,645,infection,935
10.787380595190662,344,0,309,347,0,0,0,646,infection,170
10.790078484473115,343,0,310,347,0,0,0,647,infection,659
10.791434644661642,343,0,309,348,0,0,0,647,recovery,689
10.80523178155567,342,0,310,348,0,0,0,648,infection,403
10.808547363280004,341,0,311,348,0,0,0,649,infection,303
10.815699752914862,341,0,310,349,0,0,0,649,recovery,358
10.819440256682993,341,0,309,350,0,0,0,649,recovery,939
10.822948046778341,341,0,308,351,0,0,0,649,recovery,553
10.830493795283923,341,0,307,352,0,0,0,649,recovery,861
10.839302582825383,341,0,306,353,0,0,0,649,recovery,277
10.84050644039022,340,0,307,353,0,0,0,650,infection,982
10.848734305024722,340,0,306,354,0,0,0,650,recovery,137
10.854203904136183,340,0,305,355,0,0,0,650,recovery,317
10.86283583349742,339,0,306,355,0,0,0,651,infection,479
10.865533696570335,339,0,305,356,0,0,0,651,recovery,581
10.889041381764555,339,0,304,357,0,0,0,651,recovery,478
10.896842634847351,339,0,303,358,0,0,0,651,recovery,845
10.900537420098507,339,0,302,359,0,0,0,651,recovery,969
10.902261714544052,339,0,301,360,0,0,0,651,recovery,783
10.906718912169124,338,0,302,360,0,0,0,652,infection,75
10.911999394312087,337,0,303,360,0,0,0,653,infection,821
10.913280400983517,337,0,302,361,0,0,0,653,recovery,105
10.925528130701784,336,0,303,361,0,0,0,654,infection,695
10.925655256814274,335,0,304,361,0,0,0,655,infection,236
10.932768357210856,335,0,303,362,0,0,0,655,recovery,200
10.942432006099622,334,0,304,362,0,0,0,656,infection,664
10.942988477916728,333,0,305,362,0,0,0,657,infection,96
10.948708641336346,332,0,306,362,0,0,0,658,infection,150
10.953429943988668,332,0,305,363,0,0,0,658,recovery,35
10.95882984245879,332,0,304,364,0,0,0,658,recovery,485
10.969415813621975,331,0,305,364,0,0,0,659,infection,674
10.97142568028024,331,0,304,365,0,0,0,659,recovery,982
10.974492167656068,331,0,303,366,0,0,0,659,recovery,879
10.975585595564786,330,0,304,366,0,0,0,660,infection,416
10.989308533547497,330,0,303,367,0,0,0,660,recovery,909
10.990604777986558,330,0,302,368,0,0,0,660,recovery,590
11.006713148379061,329,0,303,368,0,0,0,661,infection,896
11.006973324946571,328,0,304,368,0,0,0,662,infection,712
11.012108671721071,327,0,305,368,0,0,0,663,infection,42
11.014957773908506,326,0,306,368,0,0,0,664,infection,273
11.018133083656004,326,0,305,369,0,0,0,664,recovery,610
11.064612870861314,326,0,304,370,0,0,0,664,recovery,21
11.084257156700914,325,0,305,370,0,0,0,665,infection,779
11.103690076774988,324,0,306,370,0,0,0,666,infection,305
11.107604148881041,324,0,305,371,0,0,0,666,recovery,757
11.10784897364039,323,0,306,371,0,0,0,667,infection,893
11.113634502030433,322,0,307,371,0,0,0,668,infection,457
11.114121942750057,321,0,308,371,0,0,0,669,infection,289
11.118007090637192,321,0,307,372,0,0,0,669,recovery,904
11.131518932981155,320,0,308,372,0,0,0,670,infection,975
11.136095516857242,319,0,309,372,0,0,0,671,infection,272
11.139410267705225,318,0,310,372,0,0,0,672,infection,235
11.154211202155434,318,0,309,373,0,0,0,672,recovery,513
11.162735463491474,317,0,310,373,0,0,0,673,infection,835
11.1630082817696,317,0,309,374,0,0,0,673,recovery,479
11.168609485666149,316,0,310,374,0,0,0,674,infection,118
11.187460840827441,316,0,309,375,0,0,0,674,recovery,913
11.188657442593946,315,0,310,375,0,0,0,675,infection,961
11.191555983648424,315,0,309,376,0,0,0,675,recovery,403
11.21897774507355,315,0,308,377,0,0,0,675,recovery,695
11.225371310518211,315,0,307,378,0,0,0,675,recovery,787
11.228743864298982,315,0,306,379,0,0,0,675,recovery,917
11.234425144878882,314,0,307,379,0,0,0,676,infection,834
11.234600494102766,314,0,306,380,0,0,0,676,recovery,9
11.238183753332098,314,0,305,381,0,0,0,676,recovery,789
11.24117103681505,314,0,304,382,0,0,0,676,recovery,66
11.241683392672678,313,0,305,382,0,0,0,677,infection,868
11.244045969417785,312,0,306,382,0,0,0,678,infection,911
11.246496823245112,312,0,305,383,0,0,0,678,recovery,681
11.254536866999848,312,0,304,384,0,0,0,678,recovery,846
11.257322096857756,312,0,303,385,0,0,0,678,recovery,839
11.264589787488159,311,0,304,385,0,0,0,679,infection,817
11.27780806933252,311,0,303,386,0,0,0,679,recovery,746
11.290548178347962,311,0,302,387,0,0,0,679,recovery,897
11.295178707794102,310,0,303,387,0,0,0,680,infection,942
11.296467875259804,310,0,302,388,0,0,0,680,recovery,145
11.311976674600505,309,0,303,388,0,0,0,681,infection,625
11.3121236471975,308,0,304,388,0,0,0,682,infection,310
11.317880177189487,308,0,303,389,0,0,0,682,recovery,942
11.3198493692689,308,0,302,390,0,0,0,682,recovery,580
11.320736451428502,308,0,301,391,0,0,0,682,recovery,921
11.325394698555575,307,0,302,391,0,0,0,683,infection,753
11.326322848643235,307,0,301,392,0,0,0,683,recovery,472
11.327490427715116,307,0,300,393,0,0,0,683,recovery,346
11.357081792242038,307,0,299,394,0,0,0,683,recovery,566
11.370036916964121,307,0,298,395,0,0,0,683,recovery,868
11.37566315630569,307,0,297,396,0,0,0,683,recovery,536
11.380688390748904,307,0,296,397,0,0,0,683,recovery,521
11.381665410162682,307,0,295,398,0,0,0,683,recovery,700
11.390144287329178,307,0,294,399,0,0,0,683,recovery,768
11.398510417895915,307,0,293,400,0,0,0,683,recovery,777
11.407916610734556,306,0,294,400,0,0,0,684,infection,169
11.408658644340171,305,0,295,400,0,0,0,685,infection,247
11.41161528377727,305,0,294,401,0,0,0,685,recovery,577
11.411919545064618,305,0,293,402,0,0,0,685,recovery,973
11.415120006192593,304,0,294,402,0,0,0,686,infection,321
11.416160467188815,303,0,295,402,0,0,0,687,infection,299
11.433984545976504,302,0,296,402,0,0,0,688,infection,528
11.44478701534436,302,0,295,403,0,0,0,688,recovery,586
11.46700881229626,302,0,294,404,0,0,0,688,recovery,817
11.486540592306836,301,0,295,404,0,0,0,689,infection,34
11.493062238173247,301,0,294,405,0,0,0,689,recovery,880
11.498902942435814,301,0,293,406,0,0,0,689,recovery,69
11.50758018003975,301,0,292,407,0,0,0,689,recovery,899
11.508416665945305,301,0,291,408,0,0,0,689,recovery,709
11.50918499102063,301,0,290,409,0,0,0,689,recovery,785
11.512290614806304,300,0,291,409,0,0,0,690,infection,660
11.51612398378066,300,0,290,410,0,0,0,690,recovery,570
11.517934567481035,300,0,289,411,0,0,0,690,recovery,481
11.524762178428027,300,0,288,412,0,0,0,690,recovery,73
11.537530118264048,299,0,289,412,0,0,0,691,infection,167
11.540523333911585,299,0,288,413,0,0,0,691,recovery,929
11.544990281513236,299,0,287,414,0,0,0,691,recovery,502
11.555884329922876,299,0,286,415,0,0,0,691,recovery,980
11.558859062935824,299,0,285,416,0,0,0,691,recovery,318
11.564077770230831,299,0,284,417,0,0,0,691,recovery,40
11.594672146247714,299,0,283,418,0,0,0,691,recovery,540
11.601043003610304,299,0,282,419,0,0,0,691,recovery,414
11.603917695572493,299,0,281,420,0,0,0,691,recovery,96
11.609915937939732,299,0,280,421,0,0,0,691,recovery,41
11.626169656958057,299,0,279,422,0,0,0,691,recovery,966
11.626908180104373,299,0,278,423,0,0,0,691,recovery,359
11.636122726617316,299,0,277,424,0,0,0,691,recovery,161
11.643580851712727,298,0,278,424,0,0,0,692,infection,687
11.648334308071876,297,0,279,424,0,0,0,693,infection,890
11.65486861626029,296,0,280,424,0,0,0,694,infection,192
11.658920874225405,296,0,279,425,0,0,0,694,recovery,441
11.664586589960882,296,0,278,426,0,0,0,694,recovery,222
11.680688996750069,296,0,277,427,0,0,0,694,recovery,937
11.690623310875736,296,0,276,428,0,0,0,694,recovery,557
11.691485484639852,296,0,275,429,0,0,0,694,recovery,611
11.692868219183984,296,0,274,430,0,0,0,694,recovery,411
11.694728082942241,295,0,275,430,0,0,0,695,infection,252
11.700601234256052,295,0,274,431,0,0,0,695,recovery,534
11.702932212303628,295,0,273,432,0,0,0,695,recovery,669
11.720503934632582,294,0,274,432,0,0,0,696,infection,878
11.739847136831063,293,0,275,432,0,0,0,697,infection,512
11.743870442923585,293,0,274,433,0,0,0,697,recovery,394
11.745818473820334,293,0,273,434,0,0,0,697,recovery,87
11.75162820750137,293,0,272,435,0,0,0,697,recovery,127
11.771389641539237,292,0,273,435,0,0,0,698,infection,140
11.774130258086407,291,0,274,435,0,0,0,699,infection,281
11.776714200527582,290,0,275,435,0,0,0,700,infection,390
11.77971270189595,289,0,276,435,0,0,0,701,infection,922
11.784771416126892,289,0,275,436,0,0,0,701,recovery,680
11.788881052851687,289,0,274,437,0,0,0,701,recovery,419
11.790505871682255,288,0,275,437,0,0,0,702,infection,425
11.791279585136737,288,0,274,438,0,0,0,702,recovery,704
11.798817411496236,288,0,273,439,0,0,0,702,recovery,179
11.802989371879237,288,0,272,440,0,0,0,702,recovery,170
11.806624266074678,287,0,273,440,0,0,0,703,infection,524
11.8069731605816,287,0,272,441,0,0,0,703,recovery,1
11.811593317870768,286,0,273,441,0,0,0,704,infection,218
11.813283662705997,286,0,272,442,0,0,0,704,recovery,962
11.814014890171494,285,0,273,442,0,0,0,705,infection,251
11.816411992471828,284,0,274,442,0,0,0,706,infection,613
11.819009740170504,284,0,273,443,0,0,0,706,recovery,185
11.830950965946085,283,0,274,443,0,0,0,707,infection,46
11.834958761640433,283,0,273,444,0,0,0,707,recovery,530
11.839786380837964,282,0,274,444,0,0,0,708,infection,410
11.840176333096236,282,0,273,445,0,0,0,708,recovery,118
11.864976755705769,281,0,274,445,0,0,0,709,infection,440
11.926133696670096,281,0,273,446,0,0,0,709,recovery,955
11.932745252161155,280,0,274,446,0,0,0,710,infection,367
11.932879969208074,279,0,275,446,0,0,0,711,infection,862
11.933285614595805,278,0,276,446,0,0,0,712,infection,22
11.936740929703417,277,0,277,446,0,0,0,713,infection,210
11.95620137686144,276,0,278,446,0,0,0,714,infection,165
11.960788994106188,275,0,279,446,0,0,0,715,infection,493
11.9623026968556,274,0,280,446,0,0,0,716,infection,311
11.98256837912389,274,0,279,447,0,0,0,716,recovery,464
11.983091428592147,273,0,280,447,0,0,0,717,infection,591
11.995793996908288,273,0,279,448,0,0,0,717,recovery,582
11.997525788285023,273,0,278,449,0,0,0,717,recovery,665
12.004291917991074,272,0,279,449,0,0,0,718,infection,335
12.017544548747939,272,0,278,450,0,0,0,718,recovery,495
12.03076675247202,271,0,279,450,0,0,0,719,infection,92
12.056947432655505,271,0,278,451,0,0,0,719,recovery,818
12.058348812224455,271,0,277,452,0,0,0,719,recovery,227
12.060165669493742,271,0,276,453,0,0,0,719,recovery,469
12.063160373849708,271,0,275,454,0,0,0,719,recovery,903
12.064496619025352,270,0,276,454,0,0,0,720,infection,193
12.070580037566577,269,0,277,454,0,0,0,721,infection,356
12.071325785663985,268,0,278,454,0,0,0,722,infection,889
12.075167621190387,267,0,279,454,0,0,0,723,infection,282
12.075657956654156,266,0,280,454,0,0,0,724,infection,316
12.106873621072605,265,0,281,454,0,0,0,725,infection,39
12.115250742177892,265,0,280,455,0,0,0,725,recovery,71
12.119343756311205,264,0,281,455,0,0,0,726,infection,556
12.122403761727226,263,0,282,455,0,0,0,727,infection,306
12.129824339403251,263,0,281,456,0,0,0,727,recovery,272
12.133818251905668,263,0,280,457,0,0,0,727,recovery,659
12.136055107260495,262,0,281,457,0,0,0,728,infection,99
12.136459660621046,261,0,282,457,0,0,0,729,infection,662
12.138541263101068,260,0,283,457,0,0,0,730,infection,822
12.140682913498948,259,0,284,457,0,0,0,731,infection,855
12.158197088754227,258,0,285,457,0,0,0,732,infection,300
12.164411881698648,258,0,284,458,0,0,0,732,recovery,65
12.168358202183612,258,0,283,459,0,0,0,732,recovery,55
12.186121984895449,257,0,284,459,0,0,0,733,infection,44
12.187195286638483,256,0,285,459,0,0,0,734,infection,852
12.204804100075124,255,0,286,459,0,0,0,735,infection,504
12.211861195365834,254,0,287,459,0,0,0,736,infection,690
12.22740335220266,254,0,286,460,0,0,0,736,recovery,747
12.238385746383006,254,0,285,461,0,0,0,736,recovery,211
12.24248092260087,253,0,286,461,0,0,0,737,infection,960
12.281585138255076,253,0,285,462,0,0,0,737,recovery,194
12.290602346181373,252,0,286,462,0,0,0,738,infection,733
12.2950832364794,252,0,285,463,0,0,0,738,recovery,588
12.295420310377391,252,0,284,464,0,0,0,738,recovery,287
12.297564054980327,252,0,283,465,0,0,0,738,recovery,607
12.301012600553882,252,0,282,466,0,0,0,738,recovery,11
12.302111703468945,251,0,283,466,0,0,0,739,infection,181
12.34352016765063,250,0,284,466,0,0,0,740,infection,769
12.351916250499848,250,0,283,467,0,0,0,740,recovery,642
12.359771639749626,250,0,282,468,0,0,0,740,recovery,949
12.370396904464824,250,0,281,469,0,0,0,740,recovery,571
12.373252201934799,250,0,280,470,0,0,0,740,recovery,396
12.37805063191041,250,0,279,471,0,0,0,740,recovery,157
12.396684829965212,249,0,280,471,0,0,0,741,infection,29
12.396797644130192,248,0,281,471,0,0,0,742,infection,978
12.404489403746425,248,0,280,472,0,0,0,742,recovery,206
12.411454864574317,248,0,279,473,0,0,0,742,recovery,788
12.415791786104133,248,0,278,474,0,0,0,742,recovery,422
12.437049197604575,247,0,279,474,0,0,0,743,infection,737
12.443578253356074,247,0,278,475,0,0,0,743,recovery,911
12.454780358834583,247,0,277,476,0,0,0,743,recovery,950
12.473700470724301,247,0,276,477,0,0,0,743,recovery,804
12.480720880567814,247,0,275,478,0,0,0,743,recovery,218
12.491376150575533,247,0,274,479,0,0,0,743,recovery,100
12.4926537480821,247,0,273,480,0,0,0,743,recovery,199
12.494634918669988,246,0,274,480,0,0,0,744,infection,767
12.498126082747639,246,0,273,481,0,0,0,744,recovery,756
12.509313777243328,246,0,272,482,0,0,0,744,recovery,320
12.513640641392586,245,0,273,482,0,0,0,745,infection,113
12.52002282984248,245,0,272,483,0,0,0,745,recovery,365
12.528502839298442,245,0,271,484,0,0,0,745,recovery,906
12.533783073205914,245,0,270,485,0,0,0,745,recovery,38
12.570668170958662,245,0,269,486,0,0,0,745,recovery,827
12.573824511826258,245,0,268,487,0,0,0,745,recovery,594
12.6128324408847,245,0,267,488,0,0,0,745,recovery,640
12.661422176940489,245,0,266,489,0,0,0,745,recovery,901
12.668206151074266,244,0,267,489,0,0,0,746,infection,543
12.673614137636545,243,0,268,489,0,0,0,747,infection,722
12.6743763704751,242,0,269,489,0,0,0,748,infection,459
12.676083083198021,242,0,268,490,0,0,0,748,recovery,843
12.703824618828879,241,0,269,490,0,0,0,749,infection,509
12.721652764692124,241,0,268,491,0,0,0,749,recovery,75
12.74386622397897,240,0,269,491,0,0,0,750,infection,954
12.74643909589757,240,0,268,492,0,0,0,750,recovery,912
12.788080691264645,240,0,267,493,0,0,0,750,recovery,632
12.790659468739129,239,0,268,493,0,0,0,751,infection,450
12.793321475224078,239,0,267,494,0,0,0,751,recovery,682
12.796703860429936,239,0,266,495,0,0,0,751,recovery,972
12.801729557450031,239,0,265,496,0,0,0,751,recovery,719
12.806271509830117,238,0,266,496,0,0,0,752,infection,620
12.806326451918935,237,0,267,496,0,0,0,753,infection,544
12.815023465180364,237,0,266,497,0,0,0,753,recovery,390
12.816080310370333,236,0,267,497,0,0,0,754,infection,276
12.81764458243187,235,0,268,497,0,0,0,755,infection,104
12.819965574641095,235,0,267,498,0,0,0,755,recovery,468
12.823568824460203,235,0,266,499,0,0,0,755,recovery,192
12.829202126210653,234,0,267,499,0,0,0,756,infection,386
12.833286764567877,234,0,266,500,0,0,0,756,recovery,546
12.861215096535968,234,0,265,501,0,0,0,756,recovery,496
12.863200854080922,234,0,264,502,0,0,0,756,recovery,219
12.8730335008897,234,0,263,503,0,0,0,756,recovery,811
12.875983317681241,233,0,264,503,0,0,0,757,infection,393
12.87714023043075,233,0,263,504,0,0,0,757,recovery,425
12.883909503988498,233,0,262,505,0,0,0,757,recovery,809
12.893162504383913,233,0,261,506,0,0,0,757,recovery,286
12.899939968386215,232,0,262,506,0,0,0,758,infection,916
12.92067532193027,231,0,263,506,0,0,0,759,infection,256
12.925088617792522,230,0,264,506,0,0,0,760,infection,297
12.932483365827585,230,0,263,507,0,0,0,760,recovery,916
12.93753321001358,230,0,262,508,0,0,0,760,recovery,193
12.939278407615125,230,0,261,509,0,0,0,760,recovery,54
12.944595989670344,229,0,262,509,0,0,0,761,infection,10
12.96295007918275,229,0,261,510,0,0,0,761,recovery,605
12.965623782811056,229,0,260,511,0,0,0,761,recovery,311
12.967768803543859,228,0,261,511,0,0,0,762,infection,599
12.99183488095647,227,0,262,511,0,0,0,763,infection,772
13.003006753439738,226,0,263,511,0,0,0,764,infection,799
13.008810271664188,225,0,264,511,0,0,0,765,infection,446
13.009809271096216,225,0,263,512,0,0,0,765,recovery,459
13.011668396604316,224,0,264,512,0,0,0,766,infection,824
13.01537701631084,223,0,265,512,0,0,0,767,infection,775
13.01675050603656,222,0,266,512,0,0,0,768,infection,168
13.021511489978506,221,0,267,512,0,0,0,769,infection,280
13.027879629853444,221,0,266,513,0,0,0,769,recovery,259
13.056040155054625,221,0,265,514,0,0,0,769,recovery,382
13.076594740547009,221,0,264,515,0,0,0,769,recovery,953
13.088895917796577,220,0,265,515,0,0,0,770,infection,423
13.090998285778568,220,0,264,516,0,0,0,770,recovery,453
13.09595275388755,220,0,263,517,0,0,0,770,recovery,247
13.108440231815067,220,0,262,518,0,0,0,770,recovery,535
13.114636744267798,220,0,261,519,0,0,0,770,recovery,238
13.119127532628895,219,0,262,519,0,0,0,771,infection,989
13.130019524276642,218,0,263,519,0,0,0,772,infection,791
13.138591478680647,218,0,262,520,0,0,0,772,recovery,104
13.158397586071809,217,0,263,520,0,0,0,773,infection,634
13.162836897310573,216,0,264,520,0,0,0,774,infection,941
13.179697038879095,216,0,263,521,0,0,0,774,recovery,366
13.180053201832152,216,0,262,522,0,0,0,774,recovery,50
13.181336133055103,215,0,263,522,0,0,0,775,infection,569
13.182556185947728,214,0,264,522,0,0,0,776,infection,677
13.183121621731265,213,0,265,522,0,0,0,777,infection,696
13.185727300703086,213,0,264,523,0,0,0,777,recovery,258
13.189946208717522,213,0,263,524,0,0,0,777,recovery,961
13.210652441621173,212,0,264,524,0,0,0,778,infection,667
13.217379735063542,212,0,263,525,0,0,0,778,recovery,299
13.227906012559748,212,0,262,526,0,0,0,778,recovery,149
13.239155792662974,211,0,263,526,0,0,0,779,infection,107
13.243293577101381,210,0,264,526,0,0,0,780,infection,918
13.2555802784816,209,0,265,526,0,0,0,781,infection,670
13.261889073705516,209,0,264,527,0,0,0,781,recovery,724
13.269392769926057,208,0,265,527,0,0,0,782,infection,907
13.272135536117263,207,0,266,527,0,0,0,783,infection,25
13.276319237761378,207,0,265,528,0,0,0,783,recovery,134
13.291437039242732,207,0,264,529,0,0,0,783,recovery,251
13.332212657405751,207,0,263,530,0,0,0,783,recovery,233
13.333688592124773,206,0,264,530,0,0,0,784,infection,130
13.342649886830557,205,0,265,530,0,0,0,785,infection,915
13.354428746389443,204,0,266,530,0,0,0,786,infection,404
13.365800119029275,204,0,265,531,0,0,0,786,recovery,234
13.37160236791923,204,0,264,532,0,0,0,786,recovery,718
13.37169134914254,204,0,263,533,0,0,0,786,recovery,392
13.373658518604588,204,0,262,534,0,0,0,786,recovery,168
13.390772717385737,204,0,261,535,0,0,0,786,recovery,474
13.413884944636374,203,0,262,535,0,0,0,787,infection,686
13.415626583861421,202,0,263,535,0,0,0,788,infection,373
13.44361602539887,202,0,262,536,0,0,0,788,recovery,925
13.4445537092346,202,0,261,537,0,0,0,788,recovery,667
13.450116402507383,202,0,260,538,0,0,0,788,recovery,908
13.465912437973314,202,0,259,539,0,0,0,788,recovery,543
13.466390493996482,202,0,258,540,0,0,0,788,recovery,107
13.468281888658742,202,0,257,541,0,0,0,788,recovery,803
13.475518368516898,202,0,256,542,0,0,0,788,recovery,34
13.477476247259823,202,0,255,543,0,0,0,788,recovery,754
13.493619036800434,202,0,254,544,0,0,0,788,recovery,518
13.50335813479819,202,0,253,545,0,0,0,788,recovery,946
13.54004809491865,202,0,252,546,0,0,0,788,recovery,169
13.551633075399165,202,0,251,547,0,0,0,788,recovery,343
13.562500903992685,202,0,250,548,0,0,0,788,recovery,866
13.563146201949142,201,0,251,548,0,0,0,789,infection,241
13.580049447295114,201,0,250,549,0,0,0,789,recovery,670
13.583422296069385,201,0,249,550,0,0,0,789,recovery,855
13.607079174505776,201,0,248,551,0,0,0,789,recovery,819
13.611981136956768,200,0,249,551,0,0,0,790,infection,685
13.616887187085402,200,0,248,552,0,0,0,790,recovery,410
13.627213494202245,200,0,247,553,0,0,0,790,recovery,606
13.653245869222634,200,0,246,554,0,0,0,790,recovery,216
13.674751020053856,200,0,245,555,0,0,0,790,recovery,316
13.678512607167143,200,0,244,556,0,0,0,790,recovery,427
13.683385697649054,199,0,245,556,0,0,0,791,infection,919
13.701556631925783,199,0,244,557,0,0,0,791,recovery,132
13.704711570106932,199,0,243,558,0,0,0,791,recovery,824
13.706876208895487,198,0,244,558,0,0,0,792,infection,195
13.717233376265865,197,0,245,558,0,0,0,793,infection,361
13.722824084493523,197,0,244,559,0,0,0,793,recovery,289
13.732380749332599,197,0,243,560,0,0,0,793,recovery,660
13.751249812841806,197,0,242,561,0,0,0,793,recovery,77
13.766387941059804,197,0,241,562,0,0,0,793,recovery,672
13.782489587152712,197,0,240,563,0,0,0,793,recovery,865
13.78415586029257,197,0,239,564,0,0,0,793,recovery,221
13.797437951127346,196,0,240,564,0,0,0,794,infection,432
13.803708690488778,195,0,241,564,0,0,0,795,infection,694
13.811195983332047,195,0,240,565,0,0,0,795,recovery,989
13.812669574185566,195,0,239,566,0,0,0,795,recovery,799
13.83889593472829,195,0,238,567,0,0,0,795,recovery,694
13.905353385960304,195,0,237,568,0,0,0,795,recovery,210
13.910940938095031,195,0,236,569,0,0,0,795,recovery,701
13.92838444180111,194,0,237,569,0,0,0,796,infection,371
13.931896127565285,194,0,236,570,0,0,0,796,recovery,120
13.934170001729022,193,0,237,570,0,0,0,797,infection,648
13.935787591087767,193,0,236,571,0,0,0,797,recovery,625
13.940970016600845,192,0,237,571,0,0,0,798,infection,431
13.94493156533833,192,0,236,572,0,0,0,798,recovery,618
13.945618678979194,192,0,235,573,0,0,0,798,recovery,92
13.95853694545474,192,0,234,574,0,0,0,798,recovery,836
13.968196315098725,192,0,233,575,0,0,0,798,recovery,932
13.981961976749147,192,0,232,576,0,0,0,798,recovery,314
14.004829785764553,192,0,231,577,0,0,0,798,recovery,967
14.019167062797571,192,0,230,578,0,0,0,798,recovery,687
14.025128735831425,192,0,229,579,0,0,0,798,recovery,282
14.032057833589386,192,0,228,580,0,0,0,798,recovery,559
14.037290742374958,191,0,229,580,0,0,0,799,infection,778
14.052579688067981,191,0,228,581,0,0,0,799,recovery,690
14.055550945441945,191,0,227,582,0,0,0,799,recovery,852
14.068500904042605,191,0,226,583,0,0,0,799,recovery,360
14.08056269151379,191,0,225,584,0,0,0,799,recovery,869
14.10346565296975,191,0,224,585,0,0,0,799,recovery,888
14.11934303437899,191,0,223,586,0,0,0,799,recovery,940
14.12102958095707,191,0,222,587,0,0,0,799,recovery,467
14.12406000606067,191,0,221,588,0,0,0,799,recovery,713
14.126152604097344,191,0,220,589,0,0,0,799,recovery,959
14.126440143497575,191,0,219,590,0,0,0,799,recovery,52
14.133358418816686,190,0,220,590,0,0,0,800,infection,178
14.136841136597837,190,0,219,591,0,0,0,800,recovery,974
14.143653861424909,190,0,218,592,0,0,0,800,recovery,823
14.151102663384394,190,0,217,593,0,0,0,800,recovery,760
14.16426071032226,190,0,216,594,0,0,0,800,recovery,385
14.169552881111864,190,0,215,595,0,0,0,800,recovery,167
14.184350014391791,189,0,216,595,0,0,0,801,infection,645
14.20161992411295,189,0,215,596,0,0,0,801,recovery,902
14.20520373268739,189,0,214,597,0,0,0,801,recovery,165
14.23100535539009,189,0,213,598,0,0,0,801,recovery,792
14.231610072547443,189,0,212,599,0,0,0,801,recovery,497
14.23755701985064,188,0,213,599,0,0,0,802,infection,408
14.269539117542879,188,0,212,600,0,0,0,802,recovery,457
14.323422492506538,188,0,211,601,0,0,0,802,recovery,310
14.33038453632376,187,0,212,601,0,0,0,803,infection,926
14.336538335689525,187,0,211,602,0,0,0,803,recovery,119
14.343250606105835,187,0,210,603,0,0,0,803,recovery,722
14.345798315433,187,0,209,604,0,0,0,803,recovery,261
14.34910290396144,186,0,210,604,0,0,0,804,infection,51
14.355868313755272,185,0,211,604,0,0,0,805,infection,638
14.360446399473453,185,0,210,605,0,0,0,805,recovery,871
14.372579804664205,184,0,211,605,0,0,0,806,infection,413
14.376845998421029,184,0,210,606,0,0,0,806,recovery,33
14.383256355792629,184,0,209,607,0,0,0,806,recovery,174
14.426869069126518,183,0,210,607,0,0,0,807,infection,604
14.434377723081932,182,0,211,607,0,0,0,808,infection,860
14.438461994664603,182,0,210,608,0,0,0,808,recovery,604
14.439027079856325,181,0,211,608,0,0,0,809,infection,786
14.459389044885054,181,0,210,609,0,0,0,809,recovery,941
14.460096895537404,181,0,209,610,0,0,0,809,recovery,686
14.464860341658937,180,0,210,610,0,0,0,810,infection,810
14.467543458347542,180,0,209,611,0,0,0,810,recovery,753
14.49440746755495,180,0,208,612,0,0,0,810,recovery,829
14.505876746900546,180,0,207,613,0,0,0,810,recovery,276
14.544682262282757,180,0,206,614,0,0,0,810,recovery,716
14.560957374226827,180,0,205,615,0,0,0,810,recovery,531
14.562190018486191,180,0,204,616,0,0,0,810,recovery,404
14.589484705889253,179,0,205,616,0,0,0,811,infection,489
14.5954582097849,179,0,204,617,0,0,0,811,recovery,264
14.60625528950117,179,0,203,618,0,0,0,811,recovery,383
14.609384245807805,179,0,202,619,0,0,0,811,recovery,344
14.610099791883286,179,0,201,620,0,0,0,811,recovery,393
14.621911368179592,179,0,200,621,0,0,0,811,recovery,778
14.625388790601363,179,0,199,622,0,0,0,811,recovery,407
14.626525716028324,178,0,200,622,0,0,0,812,infection,492
14.630491819088551,178,0,199,623,0,0,0,812,recovery,315
14.634236067100073,178,0,198,624,0,0,0,812,recovery,524
14.644681006995699,178,0,197,625,0,0,0,812,recovery,795
14.654967525129237,178,0,196,626,0,0,0,812,recovery,781
14.686051587972992,177,0,197,626,0,0,0,813,infection,176
14.73235094007968,177,0,196,627,0,0,0,813,recovery,775
14.753982560166197,177,0,195,628,0,0,0,813,recovery,270
14.767006311163344,177,0,194,629,0,0,0,813,recovery,14
14.77750611381408,176,0,195,629,0,0,0,814,infection,774
14.784200193417783,175,0,196,629,0,0,0,815,infection,209
14.784731606219639,175,0,195,630,0,0,0,815,recovery,528
14.792159729215092,174,0,196,630,0,0,0,816,infection,298
14.859226641045977,173,0,197,630,0,0,0,817,infection,274
14.869487711549352,173,0,196,631,0,0,0,817,recovery,489
14.891976016179548,173,0,195,632,0,0,0,817,recovery,487
14.89713593863112,173,0,194,633,0,0,0,817,recovery,415
14.899988038358279,172,0,195,633,0,0,0,818,infection,565
14.906054276307808,171,0,196,633,0,0,0,819,infection,526
14.926805615918342,170,0,197,633,0,0,0,820,infection,797
14.939817129247574,170,0,196,634,0,0,0,820,recovery,293
14.96871669598853,170,0,195,635,0,0,0,820,recovery,186
15.030481431091339,170,0,194,636,0,0,0,820,recovery,511
15.095145630152512,170,0,193,637,0,0,0,820,recovery,423
15.120109762896739,169,0,194,637,0,0,0,821,infection,89
15.122761340210701,169,0,193,638,0,0,0,821,recovery,424
15.13066424834904,168,0,194,638,0,0,0,822,infection,86
15.198063422183772,168,0,193,639,0,0,0,822,recovery,601
15.210251730575134,168,0,192,640,0,0,0,822,recovery,195
15.21285608551182,168,0,191,641,0,0,0,822,recovery,373
15.22073654908972,168,0,190,642,0,0,0,822,recovery,922
15.239948965952786,168,0,189,643,0,0,0,822,recovery,256
15.248992877584117,167,0,190,643,0,0,0,823,infection,429
15.27231218043628,167,0,189,644,0,0,0,823,recovery,960
15.277448443033236,167,0,188,645,0,0,0,823,recovery,446
15.285911097686881,167,0,187,646,0,0,0,823,recovery,153
15.294055601357034,167,0,186,647,0,0,0,823,recovery,22
15.302207425500004,167,0,185,648,0,0,0,823,recovery,889
15.30722781152444,166,0,186,648,0,0,0,824,infection,847
15.313820432222403,166,0,185,649,0,0,0,824,recovery,139
15.316797619810243,165,0,186,649,0,0,0,825,infection,735
15.316987255568632,165,0,185,650,0,0,0,825,recovery,80
15.320687602693969,164,0,186,650,0,0,0,826,infection,629
15.324286642459452,163,0,187,650,0,0,0,827,infection,142
15.333066255014131,163,0,186,651,0,0,0,827,recovery,455
15.33543802578038,162,0,187,651,0,0,0,828,infection,364
15.335761771586453,161,0,188,651,0,0,0,829,infection,102
15.35236087714021,161,0,187,652,0,0,0,829,recovery,338
15.360729189629728,161,0,186,653,0,0,0,829,recovery,544
15.413860256834417,160,0,187,653,0,0,0,830,infection,563
15.438746979631393,160,0,186,654,0,0,0,830,recovery,371
15.446799793598233,159,0,187,654,0,0,0,831,infection,401
15.462295656700302,158,0,188,654,0,0,0,832,infection,184
15.471486334738003,158,0,187,655,0,0,0,832,recovery,273
15.49149834389355,158,0,186,656,0,0,0,832,recovery,896
15.515777199097931,157,0,187,656,0,0,0,833,infection,621
15.525362327255207,157,0,186,657,0,0,0,833,recovery,774
15.544508904561207,156,0,187,657,0,0,0,834,infection,708
15.564744944943474,156,0,186,658,0,0,0,834,recovery,95
15.568423598037494,155,0,187,658,0,0,0,835,infection,349
15.579427183335467,155,0,186,659,0,0,0,835,recovery,482
15.585188550867285,155,0,185,660,0,0,0,835,recovery,374
15.594337858745977,154,0,186,660,0,0,0,836,infection,379
15.602262432227658,154,0,185,661,0,0,0,836,recovery,677
15.610591923546702,154,0,184,662,0,0,0,836,recovery,954
15.657656054673696,153,0,185,662,0,0,0,837,infection,744
15.670401867157475,153,0,184,663,0,0,0,837,recovery,613
15.670976511016482,152,0,185,663,0,0,0,838,infection,480
15.696791289178817,152,0,184,664,0,0,0,838,recovery,24
15.722073745769201,152,0,183,665,0,0,0,838,recovery,527
15.729548755789878,152,0,182,666,0,0,0,838,recovery,160
15.752980276284045,152,0,181,667,0,0,0,838,recovery,662
15.76373066094513,151,0,182,667,0,0,0,839,infection,188
15.77011612162758,151,0,181,668,0,0,0,839,recovery,935
15.794658062413648,150,0,182,668,0,0,0,840,infection,475
15.801950444804167,150,0,181,669,0,0,0,840,recovery,431
15.82903493577329,150,0,180,670,0,0,0,840,recovery,844
15.857198000919471,150,0,179,671,0,0,0,840,recovery,349
15.859789235560426,149,0,180,671,0,0,0,841,infection,636
15.88846878121457,149,0,179,672,0,0,0,841,recovery,708
15.914223702092835,148,0,180,672,0,0,0,842,infection,990
15.922865296475667,147,0,181,672,0,0,0,843,infection,397
15.932127324462927,147,0,180,673,0,0,0,843,recovery,636
15.932623758676172,146,0,181,673,0,0,0,844,infection,714
15.946967502300689,146,0,180,674,0,0,0,844,recovery,664
15.972053564951738,145,0,181,674,0,0,0,845,infection,147
15.972773740052933,145,0,180,675,0,0,0,845,recovery,178
15.99756539440602,144,0,181,675,0,0,0,846,infection,561
16.01165048072872,143,0,182,675,0,0,0,847,infection,207
16.028750486904197,143,0,181,676,0,0,0,847,recovery,102
16.044972562986153,143,0,180,677,0,0,0,847,recovery,297
16.04553573967901,142,0,181,677,0,0,0,848,infection,36
16.045590629444057,142,0,180,678,0,0,0,848,recovery,188
16.060663164981644,141,0,181,678,0,0,0,849,infection,870
16.07806198900573,141,0,180,679,0,0,0,849,recovery,629
16.122581763096736,141,0,179,680,0,0,0,849,recovery,763
16.128583561964604,141,0,178,681,0,0,0,849,recovery,440
16.140911069070242,140,0,179,681,0,0,0,850,infection,627
16.148541622193164,140,0,178,682,0,0,0,850,recovery,84
16.15202669007047,140,0,177,683,0,0,0,850,recovery,252
16.153673410351658,140,0,176,684,0,0,0,850,recovery,493
16.1633323764405,140,0,175,685,0,0,0,850,recovery,111
16.16642151850991,139,0,176,685,0,0,0,851,infection,927
16.178199398473527,138,0,177,685,0,0,0,852,infection,597
16.188363412566382,137,0,178,685,0,0,0,853,infection,144
16.232084117155,136,0,179,685,0,0,0,854,infection,304
16.250651825870392,136,0,178,686,0,0,0,854,recovery,733
16.26479602979371,135,0,179,686,0,0,0,855,infection,882
16.271571438171623,135,0,178,687,0,0,0,855,recovery,345
16.281553787356405,134,0,179,687,0,0,0,856,infection,731
16.29724732857941,134,0,178,688,0,0,0,856,recovery,714
16.30448505743425,134,0,177,689,0,0,0,856,recovery,794
16.334956432802095,134,0,176,690,0,0,0,856,recovery,144
16.36467356985528,133,0,177,690,0,0,0,857,infection,841
16.375402741609665,132,0,178,690,0,0,0,858,infection,519
16.41771919275171,131,0,179,690,0,0,0,859,infection,212
16.418997712638557,130,0,180,690,0,0,0,860,infection,644
16.419009793969664,129,0,181,690,0,0,0,861,infection,491
16.43594119106549,129,0,180,691,0,0,0,861,recovery,514
16.436174914007026,128,0,181,691,0,0,0,862,infection,319
16.437194751432727,127,0,182,691,0,0,0,863,infection,67
16.446394135668882,127,0,181,692,0,0,0,863,recovery,505
16.467132857075867,127,0,180,693,0,0,0,863,recovery,375
16.477024779556324,127,0,179,694,0,0,0,863,recovery,386
16.51231482219267,127,0,178,695,0,0,0,863,recovery,492
16.52205722188873,127,0,177,696,0,0,0,863,recovery,834
16.52246998074359,126,0,178,696,0,0,0,864,infection,116
16.525016668558965,125,0,179,696,0,0,0,865,infection,158
16.531455927532942,125,0,178,697,0,0,0,865,recovery,387
16.60185417479038,125,0,177,698,0,0,0,865,recovery,859
16.605947216910636,124,0,178,698,0,0,0,866,infection,68
16.626197241711452,123,0,179,698,0,0,0,867,infection,417
16.62669308907419,123,0,178,699,0,0,0,867,recovery,798
16.651539917023598,123,0,177,700,0,0,0,867,recovery,621
16.654584046904887,123,0,176,701,0,0,0,867,recovery,883
16.67807201612176,123,0,175,702,0,0,0,867,recovery,767
16.705387373027655,123,0,174,703,0,0,0,867,recovery,620
16.73236945817943,123,0,173,704,0,0,0,867,recovery,353
16.776436123521925,123,0,172,705,0,0,0,867,recovery,822
16.803074520619997,123,0,171,706,0,0,0,867,recovery,797
16.83500352707822,123,0,170,707,0,0,0,867,recovery,416
16.850197877852246,123,0,169,708,0,0,0,867,recovery,241
16.871708778445026,122,0,170,708,0,0,0,868,infection,964
16.895229439387748,122,0,169,709,0,0,0,868,recovery,158
16.91900276141301,122,0,168,710,0,0,0,868,recovery,306
16.930929924417523,122,0,167,711,0,0,0,868,recovery,766
16.975360572413077,122,0,166,712,0,0,0,868,recovery,808
16.995485728052447,122,0,165,713,0,0,0,868,recovery,335
17.0076705991799,122,0,164,714,0,0,0,868,recovery,176
17.00829046221419,122,0,163,715,0,0,0,868,recovery,39
17.018828003636752,122,0,162,716,0,0,0,868,recovery,569
17.088515822841,122,0,161,717,0,0,0,868,recovery,281
17.10249833118806,122,0,160,718,0,0,0,868,recovery,347
17.12544765351883,121,0,161,718,0,0,0,869,infection,428
17.163341176183753,120,0,162,718,0,0,0,870,infection,851
17.170769051261576,120,0,161,719,0,0,0,870,recovery,42
17.175705930265913,120,0,160,720,0,0,0,870,recovery,181
17.205794558434675,120,0,159,721,0,0,0,870,recovery,36
17.221525525272156,120,0,158,722,0,0,0,870,recovery,212
17.230724287388924,120,0,157,723,0,0,0,870,recovery,147
17.276099221736626,120,0,156,724,0,0,0,870,recovery,51
17.285981537443813,120,0,155,725,0,0,0,870,recovery,420
17.310132592738995,119,0,156,725,0,0,0,871,infection,633
17.33437822599882,119,0,155,726,0,0,0,871,recovery,249
17.36890739485808,119,0,154,727,0,0,0,871,recovery,938
17.380603082736577,119,0,153,728,0,0,0,871,recovery,8
17.39736833798459,119,0,152,729,0,0,0,871,recovery,491
17.39953706293256,118,0,153,729,0,0,0,872,infection,64
17.42995281055104,117,0,154,729,0,0,0,873,infection,369
17.47044324401653,117,0,153,730,0,0,0,873,recovery,563
17.477083285977233,117,0,152,731,0,0,0,873,recovery,990
17.523138768131815,117,0,151,732,0,0,0,873,recovery,627
17.54343407658122,116,0,152,732,0,0,0,874,infection,885
17.56831643502879,116,0,151,733,0,0,0,874,recovery,744
17.577264430571855,115,0,152,733,0,0,0,875,infection,986
17.597451398386568,115,0,151,734,0,0,0,875,recovery,847
17.613967280441358,115,0,150,735,0,0,0,875,recovery,506
17.619448134618526,114,0,151,735,0,0,0,876,infection,549
17.634629211002277,114,0,150,736,0,0,0,876,recovery,658
17.639404994622954,113,0,151,736,0,0,0,877,infection,500
17.66919698248264,113,0,150,737,0,0,0,877,recovery,480
17.687403548738807,113,0,149,738,0,0,0,877,recovery,125
17.708881551056592,113,0,148,739,0,0,0,877,recovery,68
17.721757887671977,113,0,147,740,0,0,0,877,recovery,140
17.73805724871689,113,0,146,741,0,0,0,877,recovery,806
17.777190903214997,113,0,145,742,0,0,0,877,recovery,589
17.7859298362306,112,0,146,742,0,0,0,878,infection,7
17.80006304355124,112,0,145,743,0,0,0,878,recovery,653
17.84072337093312,112,0,144,744,0,0,0,878,recovery,207
17.872143428779957,112,0,143,745,0,0,0,878,recovery,500
17.880349181505498,112,0,142,746,0,0,0,878,recovery,786
17.920044231897435,112,0,141,747,0,0,0,878,recovery,121
17.92626255040117,112,0,140,748,0,0,0,878,recovery,217
17.92711420439224,112,0,139,749,0,0,0,878,recovery,893
17.93947485616789,112,0,138,750,0,0,0,878,recovery,452
17.964718666083947,112,0,137,751,0,0,0,878,recovery,737
17.97292430971035,111,0,138,751,0,0,0,879,infection,215
18.022560594481746,111,0,137,752,0,0,0,879,recovery,191
18.040678161110364,110,0,138,752,0,0,0,880,infection,357
18.05198526761762,110,0,137,753,0,0,0,880,recovery,918
18.0763361470562,110,0,136,754,0,0,0,880,recovery,356
18.077708854172037,110,0,135,755,0,0,0,880,recovery,772
18.08575870711747,110,0,134,756,0,0,0,880,recovery,890
18.097343261526188,110,0,133,757,0,0,0,880,recovery,3
18.09973052691437,110,0,132,758,0,0,0,880,recovery,236
18.107723418669764,110,0,131,759,0,0,0,880,recovery,944
18.13286326043897,109,0,132,759,0,0,0,881,infection,115
18.140994313440473,109,0,131,760,0,0,0,881,recovery,831
18.15430267036035,109,0,130,761,0,0,0,881,recovery,401
18.160997315909217,109,0,129,762,0,0,0,881,recovery,978
18.162410164730634,108,0,130,762,0,0,0,882,infection,20
18.211317329712795,107,0,131,762,0,0,0,883,infection,16
18.22594760995304,106,0,132,762,0,0,0,884,infection,743
18.28597108211422,106,0,131,763,0,0,0,884,recovery,504
18.29055633676861,106,0,130,764,0,0,0,884,recovery,204
18.30399928735192,106,0,129,765,0,0,0,884,recovery,835
18.338261591092785,106,0,128,766,0,0,0,884,recovery,369
18.39066496900832,106,0,127,767,0,0,0,884,recovery,379
18.421471115536065,106,0,126,768,0,0,0,884,recovery,975
18.434505232853,106,0,125,769,0,0,0,884,recovery,769
18.471032176704945,106,0,124,770,0,0,0,884,recovery,735
18.495812932750923,105,0,125,770,0,0,0,885,infection,663
18.513247259645823,105,0,124,771,0,0,0,885,recovery,397
18.51654844121872,105,0,123,772,0,0,0,885,recovery,740
18.63008529975175,105,0,122,773,0,0,0,885,recovery,319
18.664394893248872,105,0,121,774,0,0,0,885,recovery,905
18.705617246815688,105,0,120,775,0,0,0,885,recovery,274
18.719639446036584,105,0,119,776,0,0,0,885,recovery,298
18.73135760601136,104,0,120,776,0,0,0,886,infection,196
18.81483482657712,104,0,119,777,0,0,0,886,recovery,280
18.81785917397787,104,0,118,778,0,0,0,886,recovery,512
18.84339472582182,104,0,117,779,0,0,0,886,recovery,666
18.870227898132057,104,0,116,780,0,0,0,886,recovery,583
18.967291794179413,104,0,115,781,0,0,0,886,recovery,645
18.97762573967001,104,0,114,782,0,0,0,886,recovery,661
18.99619205932455,104,0,113,783,0,0,0,886,recovery,70
19.030601845319765,104,0,112,784,0,0,0,886,recovery,417
19.04603483514886,104,0,111,785,0,0,0,886,recovery,685
19.06454063610014,104,0,110,786,0,0,0,886,recovery,791
19.082267625598696,104,0,109,787,0,0,0,886,recovery,674
19.09302816849357,104,0,108,788,0,0,0,886,recovery,413
19.156641071155182,103,0,109,788,0,0,0,887,infection,971
19.178027929044617,102,0,110,788,0,0,0,888,infection,292
19.233643300015824,101,0,111,788,0,0,0,889,infection,290
19.26238932427181,101,0,110,789,0,0,0,889,recovery,321
19.29629734742124,100,0,111,789,0,0,0,890,infection,243
19.347451538559607,100,0,110,790,0,0,0,890,recovery,727
19.37066537143866,100,0,109,791,0,0,0,890,recovery,526
19.3783959171557,100,0,108,792,0,0,0,890,recovery,290
19.397237988428515,100,0,107,793,0,0,0,890,recovery,12
19.412502766766075,100,0,106,794,0,0,0,890,recovery,150
19.457934818037018,100,0,105,795,0,0,0,890,recovery,116
19.489092607249674,99,0,106,795,0,0,0,891,infection,522
19.538724533709793,98,0,107,795,0,0,0,892,infection,255
19.570508579146264,98,0,106,796,0,0,0,892,recovery,243
19.606878594335583,97,0,107,796,0,0,0,893,infection,85
19.632726814117948,96,0,108,796,0,0,0,894,infection,729
19.640445161567836,95,0,109,796,0,0,0,895,infection,550
19.665453390167336,95,0,108,797,0,0,0,895,recovery,300
19.691295946426056,95,0,107,798,0,0,0,895,recovery,556
19.691861593431376,95,0,106,799,0,0,0,895,recovery,578
19.692190824479553,95,0,105,800,0,0,0,895,recovery,956
19.70269139906113,95,0,104,801,0,0,0,895,recovery,663
19.70853593239965,95,0,103,802,0,0,0,895,recovery,130
19.754212740082405,95,0,102,803,0,0,0,895,recovery,731
19.760996438517438,95,0,101,804,0,0,0,895,recovery,89
19.78146104689921,95,0,100,805,0,0,0,895,recovery,67
19.81793486249607,95,0,99,806,0,0,0,895,recovery,810
19.834933754343123,95,0,98,807,0,0,0,895,recovery,113
19.879012516279182,95,0,97,808,0,0,0,895,recovery,364
19.9104328941325,95,0,96,809,0,0,0,895,recovery,743
19.968937298719226,95,0,95,810,0,0,0,895,recovery,85
19.98053072893249,95,0,94,811,0,0,0,895,recovery,509
19.998572066949556,95,0,93,812,0,0,0,895,recovery,550
20.03155671033858,95,0,92,813,0,0,0,895,recovery,850
20.05241419415961,95,0,91,814,0,0,0,895,recovery,20
20.13466970364014,94,0,92,814,0,0,0,896,infection,943
20.22685502844185,94,0,91,815,0,0,0,896,recovery,184
20.272144399480013,94,0,90,816,0,0,0,896,recovery,696
20.37746690693305,94,0,89,817,0,0,0,896,recovery,561
20.387286578505538,94,0,88,818,0,0,0,896,recovery,573
20.421166645846622,93,0,89,818,0,0,0,897,infection,15
20.45970115006312,93,0,88,819,0,0,0,897,recovery,741
20.482749318133468,93,0,87,820,0,0,0,897,recovery,634
20.53686597356689,93,0,86,821,0,0,0,897,recovery,142
20.57044877347208,93,0,85,822,0,0,0,897,recovery,779
20.657322416435658,93,0,84,823,0,0,0,897,recovery,522
20.670719168521938,93,0,83,824,0,0,0,897,recovery,255
20.67716765952477,93,0,82,825,0,0,0,897,recovery,429
20.681967434255064,92,0,83,825,0,0,0,898,infection,5
20.793317921557485,92,0,82,826,0,0,0,898,recovery,428
20.86032956753614,92,0,81,827,0,0,0,898,recovery,435
20.860795452769963,92,0,80,828,0,0,0,898,recovery,943
20.874961593084254,92,0,79,829,0,0,0,898,recovery,623
20.88576750922574,91,0,80,829,0,0,0,899,infection,881
20.8926265217626,90,0,81,829,0,0,0,900,infection,175
20.928003880443956,90,0,80,830,0,0,0,900,recovery,235
20.943950768801233,89,0,81,830,0,0,0,901,infection,129
21.05901478472836,89,0,80,831,0,0,0,901,recovery,873
21.0594005228361,89,0,79,832,0,0,0,901,recovery,907
21.10279989502141,89,0,78,833,0,0,0,901,recovery,76
21.1101338338409,89,0,77,834,0,0,0,901,recovery,305
21.309739948150913,89,0,76,835,0,0,0,901,recovery,292
21.41437568564884,89,0,75,836,0,0,0,901,recovery,915
21.48595764805839,89,0,74,837,0,0,0,901,recovery,196
21.53362335105805,88,0,75,837,0,0,0,902,infection,260
21.616013994999193,88,0,74,838,0,0,0,902,recovery,633
21.668908907171012,88,0,73,839,0,0,0,902,recovery,15
21.79991867089118,88,0,72,840,0,0,0,902,recovery,228
21.8323686669641,88,0,71,841,0,0,0,902,recovery,498
21.85467384550787,88,0,70,842,0,0,0,902,recovery,885
21.910840452032062,88,0,69,843,0,0,0,902,recovery,180
21.9147731316355,88,0,68,844,0,0,0,902,recovery,304
21.99282847575024,87,0,69,844,0,0,0,903,infection,679
22.030281704592852,87,0,68,845,0,0,0,903,recovery,851
22.143365217369585,86,0,69,845,0,0,0,904,infection,807
22.19666076613982,86,0,68,846,0,0,0,904,recovery,260
22.221364952546892,86,0,67,847,0,0,0,904,recovery,882
22.245545153650333,86,0,66,848,0,0,0,904,recovery,285
22.30071706469597,85,0,67,848,0,0,0,905,infection,81
22.334339366656458,85,0,66,849,0,0,0,905,recovery,362
22.35449837355304,85,0,65,850,0,0,0,905,recovery,729
22.36710262713823,85,0,64,851,0,0,0,905,recovery,599
22.383990686711375,84,0,65,851,0,0,0,906,infection,133
22.38793185234068,84,0,64,852,0,0,0,906,recovery,971
22.410083689283276,84,0,63,853,0,0,0,906,recovery,44
22.43600746372796,84,0,62,854,0,0,0,906,recovery,432
22.52658880910905,83,0,63,854,0,0,0,907,infection,45
22.545832517674285,83,0,62,855,0,0,0,907,recovery,133
22.60611436634283,82,0,63,855,0,0,0,908,infection,124
22.67565925086701,82,0,62,856,0,0,0,908,recovery,129
22.81068603958761,82,0,61,857,0,0,0,908,recovery,426
22.981574526963286,82,0,60,858,0,0,0,908,recovery,263
23.14105875163263,82,0,59,859,0,0,0,908,recovery,919
23.211511767878626,82,0,58,860,0,0,0,908,recovery,31
23.317069895041097,82,0,57,861,0,0,0,908,recovery,115
23.34754750145028,82,0,56,862,0,0,0,908,recovery,648
23.44158990137416,81,0,57,862,0,0,0,909,infection,171
23.441920574021385,81,0,56,863,0,0,0,909,recovery,408
23.47447976611935,81,0,55,864,0,0,0,909,recovery,927
23.62536897782599,81,0,54,865,0,0,0,909,recovery,45
23.746393909292905,81,0,53,866,0,0,0,909,recovery,519
23.76133518393692,80,0,54,866,0,0,0,910,infection,554
23.80542387836215,80,0,53,867,0,0,0,910,recovery,878
23.831137017357218,80,0,52,868,0,0,0,910,recovery,475
23.875752776715593,80,0,51,869,0,0,0,910,recovery,591
24.136978066965227,80,0,50,870,0,0,0,910,recovery,10
24.14628268767789,79,0,51,870,0,0,0,911,infection,723
24.274216160204674,79,0,50,871,0,0,0,911,recovery,81
24.357428797939534,79,0,49,872,0,0,0,911,recovery,445
24.49939603175359,78,0,50,872,0,0,0,912,infection,567
24.539342822347948,78,0,49,873,0,0,0,912,recovery,240
24.558772562197237,78,0,48,874,0,0,0,912,recovery,886
24.568681946716872,78,0,47,875,0,0,0,912,recovery,597
24.596852058898737,78,0,46,876,0,0,0,912,recovery,554
24.696018973101673,78,0,45,877,0,0,0,912,recovery,155
24.788482569077278,77,0,46,877,0,0,0,913,infection,82
24.826648679399398,77,0,45,878,0,0,0,913,recovery,171
24.830466596745715,77,0,44,879,0,0,0,913,recovery,395
24.884099871460315,77,0,43,880,0,0,0,913,recovery,870
24.969164875698922,77,0,42,881,0,0,0,913,recovery,25
24.98140865241443,77,0,41,882,0,0,0,913,recovery,5
25.006090774175284,77,0,40,883,0,0,0,913,recovery,29
25.02387263656778,76,0,41,883,0,0,0,914,infection,587
25.12035871089689,76,0,40,884,0,0,0,914,recovery,986
25.152263762820226,76,0,39,885,0,0,0,914,recovery,549
25.1946330496492,75,0,40,885,0,0,0,915,infection,58
25.22185834197483,75,0,39,886,0,0,0,915,recovery,926
25.26268365930183,75,0,38,887,0,0,0,915,recovery,862
25.634096852631878,75,0,37,888,0,0,0,915,recovery,355
25.68191754287308,75,0,36,889,0,0,0,915,recovery,450
25.714675718362898,75,0,35,890,0,0,0,915,recovery,357
25.75814224840091,74,0,36,890,0,0,0,916,infection,688
26.044508555798238,74,0,35,891,0,0,0,916,recovery,175
26.080760808163152,74,0,34,892,0,0,0,916,recovery,679
26.24308381418538,74,0,33,893,0,0,0,916,recovery,567
26.256000666948367,73,0,34,893,0,0,0,917,infection,172
26.42859114944655,73,0,33,894,0,0,0,917,recovery,587
26.63323733012801,73,0,32,895,0,0,0,917,recovery,303
26.687335499042742,73,0,31,896,0,0,0,917,recovery,16
26.795540100732673,73,0,30,897,0,0,0,917,recovery,688
26.8585950665453,73,0,29,898,0,0,0,917,recovery,372
27.003236162614165,73,0,28,899,0,0,0,917,recovery,807
27.16165686581393,72,0,29,899,0,0,0,918,infection,325
27.299202122485916,72,0,28,900,0,0,0,918,recovery,638
27.333108292208497,71,0,29,900,0,0,0,919,infection,930
27.34426593792838,71,0,28,901,0,0,0,919,recovery,215
27.39005269340362,71,0,27,902,0,0,0,919,recovery,172
27.428066118137224,71,0,26,903,0,0,0,919,recovery,141
27.543162099182986,71,0,25,904,0,0,0,919,recovery,58
27.582809331283705,71,0,24,905,0,0,0,919,recovery,841
27.598841069753124,71,0,23,906,0,0,0,919,recovery,644
27.693035238918185,71,0,22,907,0,0,0,919,recovery,86
27.86350706890476,71,0,21,908,0,0,0,919,recovery,881
28.142938345928194,71,0,20,909,0,0,0,919,recovery,367
28.343337486587664,71,0,19,910,0,0,0,919,recovery,325
28.419091632409327,71,0,18,911,0,0,0,919,recovery,209
28.55972340780754,71,0,17,912,0,0,0,919,recovery,860
28.575273779593623,71,0,16,913,0,0,0,919,recovery,124
28.67136390089704,71,0,15,914,0,0,0,919,recovery,712
28.923907869451945,71,0,14,915,0,0,0,919,recovery,361
29.003589082487466,71,0,13,916,0,0,0,919,recovery,46
29.12557187192933,71,0,12,917,0,0,0,919,recovery,99
29.467916143207194,71,0,11,918,0,0,0,919,recovery,930
29.847883641652547,70,0,12,918,0,0,0,920,infection,462
30.132509128867078,70,0,11,919,0,0,0,920,recovery,7
30.59341678146988,70,0,10,920,0,0,0,920,recovery,82
30.6117912089438,70,0,9,921,0,0,0,920,recovery,723
30.629586895360028,70,0,8,922,0,0,0,920,recovery,565
30.831908557612795,70,0,7,923,0,0,0,920,recovery,64
31.79597112359631,70,0,6,924,0,0,0,920,recovery,462
31.95302618216194,70,0,5,925,0,0,0,920,recovery,449
32.046890333734986,70,0,4,926,0,0,0,920,recovery,461
32.09993937514761,70,0,3,927,0,0,0,920,recovery,568
33.27679623036518,70,0,2,928,0,0,0,920,recovery,821
34.77785493728314,69,0,3,928,0,0,0,921,infection,598
38.681615777041216,69,0,2,929,0,0,0,921,recovery,964
40.0,69,0,2,929,0,0,0,921,horizon,0
