t,S,E,I,R,births,deaths,vaccinated,infections,event,person
0.0,990,0,10,0,0,0,0,0,initial,0
0.036581245554521864,989,0,11,0,0,0,0,1,infection,518
0.038913845217287746,988,0,12,0,0,0,0,2,infection,3
0.13086959622811856,987,0,13,0,0,0,0,3,infection,150
0.2122618948796768,986,0,14,0,0,0,0,4,infection,229
0.27868270553717556,986,0,13,1,0,0,0,4,recovery,991
0.45401837680527174,985,0,14,1,0,0,0,5,infection,21
0.5013891226050885,984,0,15,1,0,0,0,6,infection,730
0.8996375264581847,983,0,16,1,0,0,0,7,infection,580
1.069327192722756,982,0,17,1,0,0,0,8,infection,475
1.2258830108421497,981,0,18,1,0,0,0,9,infection,350
1.2311990720921422,981,0,17,2,0,0,0,9,recovery,730
1.426621837579297,980,0,18,2,0,0,0,10,infection,372
1.4479667519523753,980,0,17,3,0,0,0,10,recovery,998
1.6278070258709745,979,0,18,3,0,0,0,11,infection,163
1.775638482108472,978,0,19,3,0,0,0,12,infection,74
1.8343481767940655,977,0,20,3,0,0,0,13,infection,206
1.8664331743747886,976,0,21,3,0,0,0,14,infection,300
1.9775015621158551,975,0,22,3,0,0,0,15,infection,308
2.1100945523027286,974,0,23,3,0,0,0,16,infection,798
2.2019887530129876,973,0,24,3,0,0,0,17,infection,956
2.2923346657307757,972,0,25,3,0,0,0,18,infection,180
2.411685497978318,971,0,26,3,0,0,0,19,infection,522
2.4660891901331627,970,0,27,3,0,0,0,20,infection,11
2.4829631161033543,969,0,28,3,0,0,0,21,infection,695
2.5214570956285507,968,0,29,3,0,0,0,22,infection,933
2.6177939521907865,967,0,30,3,0,0,0,23,infection,285
2.631274902449503,966,0,31,3,0,0,0,24,infection,560
2.658278115632053,966,0,30,4,0,0,0,24,recovery,74
2.7155067215884925,965,0,31,4,0,0,0,25,infection,33
2.7284342466088702,964,0,32,4,0,0,0,26,infection,105
2.786037785665458,964,0,31,5,0,0,0,26,recovery,994
2.8013450063986665,963,0,32,5,0,0,0,27,infection,83
2.8279314891089866,962,0,33,5,0,0,0,28,infection,815
2.845190825637977,962,0,32,6,0,0,0,28,recovery,993
2.8619826222904607,961,0,33,6,0,0,0,29,infection,619
3.0378517500327007,960,0,34,6,0,0,0,30,infection,963
3.0584926928087692,959,0,35,6,0,0,0,31,infection,291
3.15496225340896,958,0,36,6,0,0,0,32,infection,515
3.203730520578704,957,0,37,6,0,0,0,33,infection,347
3.237504558013099,956,0,38,6,0,0,0,34,infection,984
3.3081767051022024,955,0,39,6,0,0,0,35,infection,52
3.3498227781723533,954,0,40,6,0,0,0,36,infection,746
3.3521648756450735,953,0,41,6,0,0,0,37,infection,777
3.3525171640714935,952,0,42,6,0,0,0,38,infection,179
3.408807718599177,951,0,43,6,0,0,0,39,infection,256
3.409842989489825,950,0,44,6,0,0,0,40,infection,856
3.4151939408311827,949,0,45,6,0,0,0,41,infection,875
3.433807082320226,949,0,44,7,0,0,0,41,recovery,180
3.440550805085469,948,0,45,7,0,0,0,42,infection,130
3.450202914946603,947,0,46,7,0,0,0,43,infection,466
3.4521201599904514,947,0,45,8,0,0,0,43,recovery,21
3.5110464165360376,947,0,44,9,0,0,0,43,recovery,619
3.513066108079286,946,0,45,9,0,0,0,44,infection,583
3.526026376151933,945,0,46,9,0,0,0,45,infection,215
3.564676255752534,945,0,45,10,0,0,0,45,recovery,580
3.5678671568353115,945,0,44,11,0,0,0,45,recovery,997
3.579497402669359,944,0,45,11,0,0,0,46,infection,17
3.580503469229029,943,0,46,11,0,0,0,47,infection,388
3.5860835013701844,942,0,47,11,0,0,0,48,infection,269
3.5974089481796896,941,0,48,11,0,0,0,49,infection,61
3.599269525212105,940,0,49,11,0,0,0,50,infection,204
3.605733189311426,939,0,50,11,0,0,0,51,infection,942
3.6131771407869686,938,0,51,11,0,0,0,52,infection,586
3.6615486004572775,937,0,52,11,0,0,0,53,infection,42
3.7312616690325604,936,0,53,11,0,0,0,54,infection,31
3.739699395561749,935,0,54,11,0,0,0,55,infection,40
3.7593185301227905,935,0,53,12,0,0,0,55,recovery,746
3.768898967769154,934,0,54,12,0,0,0,56,infection,648
3.979274882909372,933,0,55,12,0,0,0,57,infection,234
3.9838335459445315,932,0,56,12,0,0,0,58,infection,929
3.9987574743574643,931,0,57,12,0,0,0,59,infection,275
4.0641084708604795,931,0,56,13,0,0,0,59,recovery,350
4.080659185434627,930,0,57,13,0,0,0,60,infection,689
4.119201086313531,930,0,56,14,0,0,0,60,recovery,996
4.123168363685144,929,0,57,14,0,0,0,61,infection,738
4.129893415315828,928,0,58,14,0,0,0,62,infection,952
4.146126080592322,927,0,59,14,0,0,0,63,infection,433
4.192424966453405,926,0,60,14,0,0,0,64,infection,594
4.19439169167538,925,0,61,14,0,0,0,65,infection,390
4.264754636957205,925,0,60,15,0,0,0,65,recovery,33
4.285026494073284,924,0,61,15,0,0,0,66,infection,80
4.339771176130344,923,0,62,15,0,0,0,67,infection,329
4.34568889370155,922,0,63,15,0,0,0,68,infection,614
4.349514328579967,921,0,64,15,0,0,0,69,infection,223
4.353114243253069,920,0,65,15,0,0,0,70,infection,927
4.37352731644959,919,0,66,15,0,0,0,71,infection,643
4.415022063181432,919,0,65,16,0,0,0,71,recovery,614
4.418751419341918,918,0,66,16,0,0,0,72,infection,27
4.419754680547603,917,0,67,16,0,0,0,73,infection,644
4.4721665833495425,916,0,68,16,0,0,0,74,infection,295
4.47699526715615,915,0,69,16,0,0,0,75,infection,328
4.503464426995665,914,0,70,16,0,0,0,76,infection,653
4.513600772496447,913,0,71,16,0,0,0,77,infection,268
4.565827380204256,913,0,70,17,0,0,0,77,recovery,995
4.599631021911361,912,0,71,17,0,0,0,78,infection,187
4.606600410045035,911,0,72,17,0,0,0,79,infection,853
4.645865914043995,911,0,71,18,0,0,0,79,recovery,689
4.657496296333746,911,0,70,19,0,0,0,79,recovery,83
4.673613161460387,910,0,71,19,0,0,0,80,infection,404
4.6830896200955126,909,0,72,19,0,0,0,81,infection,178
4.717057036628596,908,0,73,19,0,0,0,82,infection,82
4.730222737579767,907,0,74,19,0,0,0,83,infection,119
4.740408922605898,906,0,75,19,0,0,0,84,infection,668
4.79234857381256,905,0,76,19,0,0,0,85,infection,682
4.808835145193406,904,0,77,19,0,0,0,86,infection,161
4.8296763668531355,903,0,78,19,0,0,0,87,infection,915
4.839270080479597,902,0,79,19,0,0,0,88,infection,410
4.873604644520403,901,0,80,19,0,0,0,89,infection,714
4.875994185894425,900,0,81,19,0,0,0,90,infection,744
4.878573408534551,900,0,80,20,0,0,0,90,recovery,466
4.888807265517583,899,0,81,20,0,0,0,91,infection,387
4.901242299253803,898,0,82,20,0,0,0,92,infection,567
4.920169268587117,897,0,83,20,0,0,0,93,infection,697
4.926504813036949,896,0,84,20,0,0,0,94,infection,590
4.963789855821539,895,0,85,20,0,0,0,95,infection,711
4.993106105184847,894,0,86,20,0,0,0,96,infection,44
5.015612298098997,893,0,87,20,0,0,0,97,infection,732
5.021313539111561,892,0,88,20,0,0,0,98,infection,172
5.032568030794496,891,0,89,20,0,0,0,99,infection,800
5.04652633560426,890,0,90,20,0,0,0,100,infection,598
5.060714201276512,889,0,91,20,0,0,0,101,infection,920
5.084961564020908,888,0,92,20,0,0,0,102,infection,519
5.0870644725997956,887,0,93,20,0,0,0,103,infection,819
5.091590906555383,887,0,92,21,0,0,0,103,recovery,187
5.09255502661793,886,0,93,21,0,0,0,104,infection,427
5.12521902386191,886,0,92,22,0,0,0,104,recovery,3
5.181327036220621,885,0,93,22,0,0,0,105,infection,719
5.192312874834463,884,0,94,22,0,0,0,106,infection,820
5.197869093810445,883,0,95,22,0,0,0,107,infection,16
5.203365092256862,882,0,96,22,0,0,0,108,infection,183
5.221431444225208,881,0,97,22,0,0,0,109,infection,18
5.235158452792566,880,0,98,22,0,0,0,110,infection,343
5.244140257840335,879,0,99,22,0,0,0,111,infection,203
5.248891934447018,879,0,98,23,0,0,0,111,recovery,105
5.2610119928323495,878,0,99,23,0,0,0,112,infection,878
5.264605020126755,878,0,98,24,0,0,0,112,recovery,372
5.271670782406822,877,0,99,24,0,0,0,113,infection,817
5.329924860828044,876,0,100,24,0,0,0,114,infection,705
5.349584387082818,875,0,101,24,0,0,0,115,infection,309
5.356933860484524,875,0,100,25,0,0,0,115,recovery,952
5.357798273228789,874,0,101,25,0,0,0,116,infection,854
5.4122508595878305,873,0,102,25,0,0,0,117,infection,534
5.483158772442722,872,0,103,25,0,0,0,118,infection,941
5.490496051210995,871,0,104,25,0,0,0,119,infection,973
5.544822557646418,870,0,105,25,0,0,0,120,infection,100
5.545746175077754,869,0,106,25,0,0,0,121,infection,924
5.5925177362198095,869,0,105,26,0,0,0,121,recovery,929
5.599818756409574,868,0,106,26,0,0,0,122,infection,750
5.607078892518195,867,0,107,26,0,0,0,123,infection,379
5.61832634767217,867,0,106,27,0,0,0,123,recovery,329
5.627550142445824,866,0,107,27,0,0,0,124,infection,77
5.640161264781735,865,0,108,27,0,0,0,125,infection,698
5.656174421803367,864,0,109,27,0,0,0,126,infection,400
5.673530835015534,864,0,108,28,0,0,0,126,recovery,291
5.705199566608419,863,0,109,28,0,0,0,127,infection,249
5.730511011171445,863,0,108,29,0,0,0,127,recovery,594
5.750635095237321,862,0,109,29,0,0,0,128,infection,663
5.755457552577732,862,0,108,30,0,0,0,128,recovery,172
5.770496279054163,862,0,107,31,0,0,0,128,recovery,973
5.7919413985332495,862,0,106,32,0,0,0,128,recovery,648
5.807657260242609,861,0,107,32,0,0,0,129,infection,971
5.811970650194274,861,0,106,33,0,0,0,129,recovery,992
5.821763125944012,860,0,107,33,0,0,0,130,infection,543
5.833268186957823,860,0,106,34,0,0,0,130,recovery,875
5.867382047537364,859,0,107,34,0,0,0,131,infection,221
5.9028358136820795,858,0,108,34,0,0,0,132,infection,767
5.953792121778083,858,0,107,35,0,0,0,132,recovery,328
5.991961793664954,857,0,108,35,0,0,0,133,infection,270
6.026851481971535,856,0,109,35,0,0,0,134,infection,834
6.0422295782909705,856,0,108,36,0,0,0,134,recovery,856
6.043244453189624,856,0,107,37,0,0,0,134,recovery,61
6.059898807025519,855,0,108,37,0,0,0,135,infection,386
6.06654042739234,854,0,109,37,0,0,0,136,infection,605
6.071949064255068,853,0,110,37,0,0,0,137,infection,1
6.078850354647256,853,0,109,38,0,0,0,137,recovery,927
6.115507657884572,852,0,110,38,0,0,0,138,infection,157
6.11614861519605,852,0,109,39,0,0,0,138,recovery,215
6.13731584518645,851,0,110,39,0,0,0,139,infection,535
6.151734227548156,850,0,111,39,0,0,0,140,infection,755
6.177635435122207,849,0,112,39,0,0,0,141,infection,173
6.1821639682345495,848,0,113,39,0,0,0,142,infection,167
6.185685040791836,848,0,112,40,0,0,0,142,recovery,100
6.202520496711593,847,0,113,40,0,0,0,143,infection,118
6.207480813254811,847,0,112,41,0,0,0,143,recovery,157
6.208103941762315,846,0,113,41,0,0,0,144,infection,657
6.2110489600360665,846,0,112,42,0,0,0,144,recovery,732
6.225183333759395,846,0,111,43,0,0,0,144,recovery,920
6.227122775591643,845,0,112,43,0,0,0,145,infection,949
6.265176496117317,845,0,111,44,0,0,0,145,recovery,1000
6.2690526655562095,845,0,110,45,0,0,0,145,recovery,179
6.2816320169600095,844,0,111,45,0,0,0,146,infection,944
6.30509855214909,844,0,110,46,0,0,0,146,recovery,42
6.3140632639555045,843,0,111,46,0,0,0,147,infection,898
6.328295926741471,842,0,112,46,0,0,0,148,infection,55
6.38101752782151,841,0,113,46,0,0,0,149,infection,88
6.383642144825202,840,0,114,46,0,0,0,150,infection,939
6.389437874106999,839,0,115,46,0,0,0,151,infection,212
6.393489900723901,838,0,116,46,0,0,0,152,infection,166
6.4011135312612435,837,0,117,46,0,0,0,153,infection,805
6.431406425325779,836,0,118,46,0,0,0,154,infection,426
6.446090704594599,836,0,117,47,0,0,0,154,recovery,698
6.447179411394971,835,0,118,47,0,0,0,155,infection,356
6.463564627787348,834,0,119,47,0,0,0,156,infection,890
6.472512479888416,833,0,120,47,0,0,0,157,infection,405
6.47539194730642,832,0,121,47,0,0,0,158,infection,145
6.504380893943948,831,0,122,47,0,0,0,159,infection,585
6.509329997400912,830,0,123,47,0,0,0,160,infection,708
6.529050148960045,830,0,122,48,0,0,0,160,recovery,427
6.540763568583882,829,0,123,48,0,0,0,161,infection,14
6.54186495590166,829,0,122,49,0,0,0,161,recovery,275
6.564888608552754,828,0,123,49,0,0,0,162,infection,642
6.575636414124292,828,0,122,50,0,0,0,162,recovery,119
6.587823694002348,827,0,123,50,0,0,0,163,infection,38
6.588877010195075,826,0,124,50,0,0,0,164,infection,363
6.5990213797142125,825,0,125,50,0,0,0,165,infection,604
6.612139260752904,825,0,124,51,0,0,0,165,recovery,605
6.640689566420653,824,0,125,51,0,0,0,166,infection,108
6.688673534921784,823,0,126,51,0,0,0,167,infection,60
6.719100693802065,822,0,127,51,0,0,0,168,infection,253
6.763065310628161,822,0,126,52,0,0,0,168,recovery,705
6.774255725840083,822,0,125,53,0,0,0,168,recovery,77
6.786772946411701,821,0,126,53,0,0,0,169,infection,835
6.791819967341714,820,0,127,53,0,0,0,170,infection,435
6.795714217543385,819,0,128,53,0,0,0,171,infection,293
6.802912311336831,818,0,129,53,0,0,0,172,infection,870
6.812779172000226,817,0,130,53,0,0,0,173,infection,654
6.822230404799029,816,0,131,53,0,0,0,174,infection,508
6.828124737968661,816,0,130,54,0,0,0,174,recovery,386
6.892315954127429,815,0,131,54,0,0,0,175,infection,125
6.8930294189218655,814,0,132,54,0,0,0,176,infection,514
6.929970696017331,813,0,133,54,0,0,0,177,infection,116
6.959648831634989,812,0,134,54,0,0,0,178,infection,175
6.967226191979781,811,0,135,54,0,0,0,179,infection,784
6.990889906502255,810,0,136,54,0,0,0,180,infection,58
7.011033789664196,809,0,137,54,0,0,0,181,infection,330
7.012077424020749,809,0,136,55,0,0,0,181,recovery,854
7.040928124810595,809,0,135,56,0,0,0,181,recovery,519
7.094746567753079,808,0,136,56,0,0,0,182,infection,37
7.104233720575354,807,0,137,56,0,0,0,183,infection,701
7.117106340872759,806,0,138,56,0,0,0,184,infection,885
7.1191828484550355,805,0,139,56,0,0,0,185,infection,360
7.130418067762881,804,0,140,56,0,0,0,186,infection,894
7.152834673231461,803,0,141,56,0,0,0,187,infection,833
7.153654019689239,802,0,142,56,0,0,0,188,infection,132
7.182464788607428,801,0,143,56,0,0,0,189,infection,463
7.192498018138508,801,0,142,57,0,0,0,189,recovery,108
7.197956937306922,800,0,143,57,0,0,0,190,infection,54
7.213313525830403,799,0,144,57,0,0,0,191,infection,503
7.21631587688755,798,0,145,57,0,0,0,192,infection,41
7.228249844861302,797,0,146,57,0,0,0,193,infection,106
7.235075893222493,796,0,147,57,0,0,0,194,infection,606
7.253214062165396,795,0,148,57,0,0,0,195,infection,47
7.256889101981624,795,0,147,58,0,0,0,195,recovery,16
7.26763934764628,794,0,148,58,0,0,0,196,infection,98
7.272953265125215,794,0,147,59,0,0,0,196,recovery,88
7.2815382722384525,793,0,148,59,0,0,0,197,infection,616
7.290068836256639,793,0,147,60,0,0,0,197,recovery,695
7.299732445594239,792,0,148,60,0,0,0,198,infection,707
7.314846600859893,792,0,147,61,0,0,0,198,recovery,183
7.343389893823583,791,0,148,61,0,0,0,199,infection,599
7.375151502569645,790,0,149,61,0,0,0,200,infection,170
7.404279163169161,789,0,150,61,0,0,0,201,infection,562
7.410583224622877,788,0,151,61,0,0,0,202,infection,628
7.437169809603894,787,0,152,61,0,0,0,203,infection,315
7.449227585822786,786,0,153,61,0,0,0,204,infection,155
7.453516061480684,785,0,154,61,0,0,0,205,infection,29
7.458447163230005,784,0,155,61,0,0,0,206,infection,230
7.460511656840761,783,0,156,61,0,0,0,207,infection,188
7.4824304087224665,783,0,155,62,0,0,0,207,recovery,590
7.4905050907247785,783,0,154,63,0,0,0,207,recovery,166
7.493120512043714,782,0,155,63,0,0,0,208,infection,258
7.553673321952793,781,0,156,63,0,0,0,209,infection,409
7.5804266974091945,780,0,157,63,0,0,0,210,infection,916
7.58503949100095,779,0,158,63,0,0,0,211,infection,842
7.5903172205869645,779,0,157,64,0,0,0,211,recovery,834
7.592156119011958,778,0,158,64,0,0,0,212,infection,376
7.603418120399723,778,0,157,65,0,0,0,212,recovery,534
7.626510397030433,777,0,158,65,0,0,0,213,infection,321
7.639843111847565,776,0,159,65,0,0,0,214,infection,660
7.658195437476996,775,0,160,65,0,0,0,215,infection,975
7.677017543833261,774,0,161,65,0,0,0,216,infection,983
7.683161413410099,773,0,162,65,0,0,0,217,infection,700
7.687302826130523,772,0,163,65,0,0,0,218,infection,884
7.706978561556022,772,0,162,66,0,0,0,218,recovery,999
7.713764259970278,772,0,161,67,0,0,0,218,recovery,853
7.753715259820408,771,0,162,67,0,0,0,219,infection,735
7.756987590736495,770,0,163,67,0,0,0,220,infection,445
7.760655740476154,769,0,164,67,0,0,0,221,infection,15
7.761717801067316,768,0,165,67,0,0,0,222,infection,905
7.784479143949592,767,0,166,67,0,0,0,223,infection,443
7.7921332666265,766,0,167,67,0,0,0,224,infection,461
7.79319022753302,765,0,168,67,0,0,0,225,infection,62
7.7943931028188,764,0,169,67,0,0,0,226,infection,305
7.810525475825843,763,0,170,67,0,0,0,227,infection,896
7.812062011745981,762,0,171,67,0,0,0,228,infection,957
7.817706707540712,761,0,172,67,0,0,0,229,infection,91
7.831437158137842,760,0,173,67,0,0,0,230,infection,351
7.8422459104946,760,0,172,68,0,0,0,230,recovery,29
7.85096093226987,760,0,171,69,0,0,0,230,recovery,884
7.85618110276021,760,0,170,70,0,0,0,230,recovery,475
7.8855726258443335,759,0,171,70,0,0,0,231,infection,13
7.904579639807445,759,0,170,71,0,0,0,231,recovery,941
7.922186587043157,759,0,169,72,0,0,0,231,recovery,315
7.923262546219137,758,0,170,72,0,0,0,232,infection,211
7.924486326712419,757,0,171,72,0,0,0,233,infection,459
7.927079476965406,756,0,172,72,0,0,0,234,infection,272
7.92905290433279,755,0,173,72,0,0,0,235,infection,951
7.933984843913188,755,0,172,73,0,0,0,235,recovery,744
7.945459511213286,754,0,173,73,0,0,0,236,infection,799
7.946429999826795,753,0,174,73,0,0,0,237,infection,683
7.952086838474273,752,0,175,73,0,0,0,238,infection,352
7.964192658915995,751,0,176,73,0,0,0,239,infection,338
7.982522465834658,750,0,177,73,0,0,0,240,infection,358
7.986141040529572,749,0,178,73,0,0,0,241,infection,470
8.001165952678468,748,0,179,73,0,0,0,242,infection,265
8.00129395648675,747,0,180,73,0,0,0,243,infection,327
8.00331222062652,746,0,181,73,0,0,0,244,infection,375
8.006767272826453,745,0,182,73,0,0,0,245,infection,852
8.024779984854817,744,0,183,73,0,0,0,246,infection,687
8.026749825964874,744,0,182,74,0,0,0,246,recovery,644
8.034145379406699,743,0,183,74,0,0,0,247,infection,153
8.034575615152804,743,0,182,75,0,0,0,247,recovery,161
8.051335012143229,742,0,183,75,0,0,0,248,infection,760
8.066597191943176,742,0,182,76,0,0,0,248,recovery,153
8.078922121186253,742,0,181,77,0,0,0,248,recovery,150
8.10698599185639,741,0,182,77,0,0,0,249,infection,793
8.108722120545101,741,0,181,78,0,0,0,249,recovery,916
8.14142585417192,740,0,182,78,0,0,0,250,infection,266
8.168600825874048,739,0,183,78,0,0,0,251,infection,923
8.1845415483371,738,0,184,78,0,0,0,252,infection,164
8.187769901240536,737,0,185,78,0,0,0,253,infection,497
8.195832645504858,737,0,184,79,0,0,0,253,recovery,295
8.208516952033492,736,0,185,79,0,0,0,254,infection,488
8.219964297579644,735,0,186,79,0,0,0,255,infection,73
8.220776686113052,734,0,187,79,0,0,0,256,infection,587
8.242040104159603,733,0,188,79,0,0,0,257,infection,373
8.25594367129334,732,0,189,79,0,0,0,258,infection,655
8.259030741699627,731,0,190,79,0,0,0,259,infection,752
8.273452080915135,730,0,191,79,0,0,0,260,infection,233
8.300972206526374,729,0,192,79,0,0,0,261,infection,36
8.318902702214553,728,0,193,79,0,0,0,262,infection,237
8.331609964645791,727,0,194,79,0,0,0,263,infection,339
8.357648635826315,727,0,193,80,0,0,0,263,recovery,852
8.365293553860106,727,0,192,81,0,0,0,263,recovery,31
8.376428302919473,726,0,193,81,0,0,0,264,infection,422
8.377804772724515,725,0,194,81,0,0,0,265,infection,635
8.381861728816471,725,0,193,82,0,0,0,265,recovery,253
8.383001096613064,724,0,194,82,0,0,0,266,infection,860
8.395774291771401,724,0,193,83,0,0,0,266,recovery,894
8.406084173511646,723,0,194,83,0,0,0,267,infection,296
8.407688999486737,722,0,195,83,0,0,0,268,infection,151
8.415617481526818,721,0,196,83,0,0,0,269,infection,728
8.482922885600868,720,0,197,83,0,0,0,270,infection,134
8.518390179299189,720,0,196,84,0,0,0,270,recovery,842
8.532576450329426,719,0,197,84,0,0,0,271,infection,391
8.54260124611742,718,0,198,84,0,0,0,272,infection,986
8.54873615270051,717,0,199,84,0,0,0,273,infection,980
8.554420757023344,716,0,200,84,0,0,0,274,infection,978
8.555399064980012,716,0,199,85,0,0,0,274,recovery,351
8.578741313792206,715,0,200,85,0,0,0,275,infection,546
8.582449960172685,714,0,201,85,0,0,0,276,infection,756
8.58604442554664,714,0,200,86,0,0,0,276,recovery,387
8.593981592112286,713,0,201,86,0,0,0,277,infection,286
8.596513914502529,712,0,202,86,0,0,0,278,infection,765
8.60126002341515,711,0,203,86,0,0,0,279,infection,243
8.630112933614155,710,0,204,86,0,0,0,280,infection,976
8.63581057761636,709,0,205,86,0,0,0,281,infection,455
8.638506183241173,709,0,204,87,0,0,0,281,recovery,363
8.650389426686372,708,0,205,87,0,0,0,282,infection,945
8.66008671409655,707,0,206,87,0,0,0,283,infection,39
8.663682514545355,706,0,207,87,0,0,0,284,infection,505
8.66697210915513,705,0,208,87,0,0,0,285,infection,417
8.673129676893074,704,0,209,87,0,0,0,286,infection,217
8.691499102401636,703,0,210,87,0,0,0,287,infection,323
8.705382598657248,703,0,209,88,0,0,0,287,recovery,463
8.711897702892902,702,0,210,88,0,0,0,288,infection,354
8.734478530086646,702,0,209,89,0,0,0,288,recovery,944
8.787712444828031,702,0,208,90,0,0,0,288,recovery,711
8.791482152392891,702,0,207,91,0,0,0,288,recovery,700
8.79449771577109,701,0,208,91,0,0,0,289,infection,536
8.801831027889076,700,0,209,91,0,0,0,290,infection,607
8.815419818139816,699,0,210,91,0,0,0,291,infection,79
8.823340631529897,698,0,211,91,0,0,0,292,infection,934
8.832161287835449,697,0,212,91,0,0,0,293,infection,909
8.842642220261073,696,0,213,91,0,0,0,294,infection,814
8.85423986101515,695,0,214,91,0,0,0,295,infection,703
8.860625611911768,694,0,215,91,0,0,0,296,infection,264
8.863743521485926,694,0,214,92,0,0,0,296,recovery,323
8.889391375700608,694,0,213,93,0,0,0,296,recovery,426
8.92174953822211,693,0,214,93,0,0,0,297,infection,748
8.937189559390184,692,0,215,93,0,0,0,298,infection,444
8.939396189301489,691,0,216,93,0,0,0,299,infection,684
8.945133101883759,691,0,215,94,0,0,0,299,recovery,52
8.953612591380468,691,0,214,95,0,0,0,299,recovery,13
8.960901887023573,690,0,215,95,0,0,0,300,infection,412
8.971606639323834,689,0,216,95,0,0,0,301,infection,378
8.977351896699613,688,0,217,95,0,0,0,302,infection,596
8.977892276097599,687,0,218,95,0,0,0,303,infection,632
8.978753789340857,686,0,219,95,0,0,0,304,infection,550
8.979487772181425,685,0,220,95,0,0,0,305,infection,861
8.979515455279977,685,0,219,96,0,0,0,305,recovery,410
8.98022197454492,684,0,220,96,0,0,0,306,infection,922
8.98971926172208,684,0,219,97,0,0,0,306,recovery,870
9.004982538939943,683,0,220,97,0,0,0,307,infection,779
9.00972949153194,682,0,221,97,0,0,0,308,infection,552
9.023029765481104,681,0,222,97,0,0,0,309,infection,731
9.023826572385257,680,0,223,97,0,0,0,310,infection,802
9.029720564998811,679,0,224,97,0,0,0,311,infection,970
9.031044611249179,678,0,225,97,0,0,0,312,infection,310
9.049743249778011,677,0,226,97,0,0,0,313,infection,133
9.052253503123097,676,0,227,97,0,0,0,314,infection,871
9.054703297493251,676,0,226,98,0,0,0,314,recovery,305
9.06076146940708,675,0,227,98,0,0,0,315,infection,571
9.066369758873964,675,0,226,99,0,0,0,315,recovery,793
9.099674425756145,674,0,227,99,0,0,0,316,infection,808
9.10090064477186,674,0,226,100,0,0,0,316,recovery,535
9.10898540740344,673,0,227,100,0,0,0,317,infection,159
9.128720670065222,672,0,228,100,0,0,0,318,infection,622
9.132288689604318,671,0,229,100,0,0,0,319,infection,591
9.137622897142009,671,0,228,101,0,0,0,319,recovery,587
9.164728842239837,671,0,227,102,0,0,0,319,recovery,211
9.184959235907323,671,0,226,103,0,0,0,319,recovery,62
9.194009011048864,670,0,227,103,0,0,0,320,infection,365
9.199762874567208,669,0,228,103,0,0,0,321,infection,9
9.20224410021312,668,0,229,103,0,0,0,322,infection,666
9.203742225560397,668,0,228,104,0,0,0,322,recovery,871
9.22488446357808,668,0,227,105,0,0,0,322,recovery,956
9.228064822465559,668,0,226,106,0,0,0,322,recovery,488
9.229434240613365,667,0,227,106,0,0,0,323,infection,631
9.24810685527117,666,0,228,106,0,0,0,324,infection,709
9.255947516263973,666,0,227,107,0,0,0,324,recovery,243
9.263469166834982,665,0,228,107,0,0,0,325,infection,415
9.275050665733493,664,0,229,107,0,0,0,326,infection,76
9.283012788746973,664,0,228,108,0,0,0,326,recovery,445
9.315187739796745,663,0,229,108,0,0,0,327,infection,346
9.318410084762315,663,0,228,109,0,0,0,327,recovery,130
9.33708247939191,662,0,229,109,0,0,0,328,infection,467
9.34107806787974,662,0,228,110,0,0,0,328,recovery,978
9.341558738344954,662,0,227,111,0,0,0,328,recovery,178
9.348633589592733,662,0,226,112,0,0,0,328,recovery,756
9.359647534985104,661,0,227,112,0,0,0,329,infection,195
9.359702621040453,661,0,226,113,0,0,0,329,recovery,983
9.375299086747983,660,0,227,113,0,0,0,330,infection,385
9.387815403966401,659,0,228,113,0,0,0,331,infection,651
9.403302630092536,658,0,229,113,0,0,0,332,infection,239
9.421092800834053,658,0,228,114,0,0,0,332,recovery,415
9.432692142899066,657,0,229,114,0,0,0,333,infection,782
9.436816867669593,657,0,228,115,0,0,0,333,recovery,339
9.442970439372042,656,0,229,115,0,0,0,334,infection,969
9.462760449039843,655,0,230,115,0,0,0,335,infection,190
9.469131979439792,654,0,231,115,0,0,0,336,infection,462
9.47090808053885,653,0,232,115,0,0,0,337,infection,761
9.49579134406093,652,0,233,115,0,0,0,338,infection,341
9.50024837229613,652,0,232,116,0,0,0,338,recovery,405
9.503251175452542,651,0,233,116,0,0,0,339,infection,114
9.51393799890514,651,0,232,117,0,0,0,339,recovery,217
9.523743670127743,650,0,233,117,0,0,0,340,infection,723
9.531331916582205,649,0,234,117,0,0,0,341,infection,468
9.53319056823395,648,0,235,117,0,0,0,342,infection,688
9.537820454948188,647,0,236,117,0,0,0,343,infection,773
9.555045210699175,646,0,237,117,0,0,0,344,infection,686
9.556743982015526,645,0,238,117,0,0,0,345,infection,241
9.559565438766512,644,0,239,117,0,0,0,346,infection,559
9.566993040813093,643,0,240,117,0,0,0,347,infection,152
9.567790303004221,642,0,241,117,0,0,0,348,infection,977
9.588098182859024,642,0,240,118,0,0,0,348,recovery,503
9.59903811882296,641,0,241,118,0,0,0,349,infection,573
9.606616904361033,640,0,242,118,0,0,0,350,infection,612
9.609062209539463,640,0,241,119,0,0,0,350,recovery,767
9.61010025250555,639,0,242,119,0,0,0,351,infection,762
9.632752107826226,638,0,243,119,0,0,0,352,infection,251
9.633205577544421,637,0,244,119,0,0,0,353,infection,502
9.633267762104655,636,0,245,119,0,0,0,354,infection,97
9.635801610710653,635,0,246,119,0,0,0,355,infection,177
9.635978426525007,634,0,247,119,0,0,0,356,infection,191
9.637179522147715,633,0,248,119,0,0,0,357,infection,45
9.656846659533345,632,0,249,119,0,0,0,358,infection,160
9.659543840709174,631,0,250,119,0,0,0,359,infection,509
9.670409990112338,631,0,249,120,0,0,0,359,recovery,155
9.673509183740647,631,0,248,121,0,0,0,359,recovery,779
9.686023281982866,630,0,249,121,0,0,0,360,infection,416
9.688900268983796,629,0,250,121,0,0,0,361,infection,489
9.697996467310624,628,0,251,121,0,0,0,362,infection,640
9.698816851517012,627,0,252,121,0,0,0,363,infection,553
9.705047974627377,626,0,253,121,0,0,0,364,infection,362
9.709572973894344,626,0,252,122,0,0,0,364,recovery,330
9.730788292538156,626,0,251,123,0,0,0,364,recovery,607
9.743315298262122,626,0,250,124,0,0,0,364,recovery,750
9.744200215891887,625,0,251,124,0,0,0,365,infection,510
9.754168124944428,624,0,252,124,0,0,0,366,infection,696
9.759360574947513,624,0,251,125,0,0,0,366,recovery,731
9.761216116234758,623,0,252,125,0,0,0,367,infection,958
9.764749201906117,622,0,253,125,0,0,0,368,infection,537
9.76675822377616,622,0,252,126,0,0,0,368,recovery,459
9.785676671001925,622,0,251,127,0,0,0,368,recovery,632
9.789455223510625,622,0,250,128,0,0,0,368,recovery,653
9.80856660751217,621,0,251,128,0,0,0,369,infection,900
9.816415324698008,620,0,252,128,0,0,0,370,infection,207
9.81752475508514,620,0,251,129,0,0,0,370,recovery,11
9.819176063526704,620,0,250,130,0,0,0,370,recovery,514
9.832415945824417,619,0,251,130,0,0,0,371,infection,857
9.845250714717936,618,0,252,130,0,0,0,372,infection,577
9.85643249399017,617,0,253,130,0,0,0,373,infection,887
9.861517272343697,616,0,254,130,0,0,0,374,infection,366
9.872611168395249,615,0,255,130,0,0,0,375,infection,829
9.872863597908157,614,0,256,130,0,0,0,376,infection,677
9.893449309849714,613,0,257,130,0,0,0,377,infection,182
9.899898186179476,612,0,258,130,0,0,0,378,infection,185
9.90767635907416,611,0,259,130,0,0,0,379,infection,847
9.909515435168581,611,0,258,131,0,0,0,379,recovery,559
9.91505649707908,610,0,259,131,0,0,0,380,infection,882
9.917357840301179,610,0,258,132,0,0,0,380,recovery,91
9.923654415235408,609,0,259,132,0,0,0,381,infection,49
9.923691364743803,608,0,260,132,0,0,0,382,infection,652
9.929873298450168,607,0,261,132,0,0,0,383,infection,921
9.931735950585896,607,0,260,133,0,0,0,383,recovery,55
10.009142177235406,606,0,261,133,0,0,0,384,infection,219
10.04588274886487,605,0,262,133,0,0,0,385,infection,554
10.047786512436208,604,0,263,133,0,0,0,386,infection,749
10.05047034040942,603,0,264,133,0,0,0,387,infection,371
10.05179521839919,602,0,265,133,0,0,0,388,infection,859
10.052072913451692,602,0,264,134,0,0,0,388,recovery,118
10.058617329692368,601,0,265,134,0,0,0,389,infection,868
10.070174332676528,601,0,264,135,0,0,0,389,recovery,379
10.07294391692104,601,0,263,136,0,0,0,389,recovery,896
10.073207721142186,600,0,264,136,0,0,0,390,infection,24
10.093222768033911,600,0,263,137,0,0,0,390,recovery,400
10.111226315315381,600,0,262,138,0,0,0,390,recovery,14
10.112400684633478,600,0,261,139,0,0,0,390,recovery,945
10.11758877758961,599,0,262,139,0,0,0,391,infection,981
10.126235889614914,599,0,261,140,0,0,0,391,recovery,868
10.132818457017242,599,0,260,141,0,0,0,391,recovery,857
10.136814820230061,599,0,259,142,0,0,0,391,recovery,251
10.153466287071474,598,0,260,142,0,0,0,392,infection,831
10.159375835391483,598,0,259,143,0,0,0,392,recovery,604
10.167537691005519,598,0,258,144,0,0,0,392,recovery,518
10.169186931306092,597,0,259,144,0,0,0,393,infection,581
10.171182810691118,597,0,258,145,0,0,0,393,recovery,933
10.196646652435899,596,0,259,145,0,0,0,394,infection,679
10.199878599852743,596,0,258,146,0,0,0,394,recovery,859
10.21344870355638,595,0,259,146,0,0,0,395,infection,8
10.215933306119345,594,0,260,146,0,0,0,396,infection,950
10.235856855447993,593,0,261,146,0,0,0,397,infection,437
10.239108553441183,592,0,262,146,0,0,0,398,infection,932
10.243584303875078,592,0,261,147,0,0,0,398,recovery,44
10.246282154309368,591,0,262,147,0,0,0,399,infection,399
10.25281273228629,590,0,263,147,0,0,0,400,infection,331
10.253276888025765,589,0,264,147,0,0,0,401,infection,592
10.256378770512637,588,0,265,147,0,0,0,402,infection,214
10.263275971629744,587,0,266,147,0,0,0,403,infection,865
10.270528248019847,587,0,265,148,0,0,0,403,recovery,404
10.272527147670758,586,0,266,148,0,0,0,404,infection,477
10.277452167961147,585,0,267,148,0,0,0,405,infection,349
10.284058114122933,584,0,268,148,0,0,0,406,infection,382
10.295688297108015,583,0,269,148,0,0,0,407,infection,982
10.308267404093975,583,0,268,149,0,0,0,407,recovery,58
10.310306243804535,582,0,269,149,0,0,0,408,infection,512
10.322093831695145,581,0,270,149,0,0,0,409,infection,803
10.34976641809271,580,0,271,149,0,0,0,410,infection,623
10.35175353774353,580,0,270,150,0,0,0,410,recovery,878
10.356052575357875,579,0,271,150,0,0,0,411,infection,593
10.358435190432635,579,0,270,151,0,0,0,411,recovery,188
10.377448685963982,579,0,269,152,0,0,0,411,recovery,652
10.377950366990573,579,0,268,153,0,0,0,411,recovery,921
10.385955123297597,578,0,269,153,0,0,0,412,infection,838
10.394618787621097,577,0,270,153,0,0,0,413,infection,186
10.39958066388892,577,0,269,154,0,0,0,413,recovery,915
10.40654229222168,577,0,268,155,0,0,0,413,recovery,714
10.411601860937905,576,0,269,155,0,0,0,414,infection,786
10.412346284316195,575,0,270,155,0,0,0,415,infection,283
10.426690577182425,574,0,271,155,0,0,0,416,infection,556
10.433666137296377,574,0,270,156,0,0,0,416,recovery,554
10.451333614237138,573,0,271,156,0,0,0,417,infection,406
10.476096424019532,572,0,272,156,0,0,0,418,infection,797
10.481101346451611,571,0,273,156,0,0,0,419,infection,446
10.483377200044078,570,0,274,156,0,0,0,420,infection,931
10.492607827350916,569,0,275,156,0,0,0,421,infection,407
10.49676116100126,568,0,276,156,0,0,0,422,infection,578
10.502747121980708,567,0,277,156,0,0,0,423,infection,487
10.509268576851218,566,0,278,156,0,0,0,424,infection,320
10.516052339678094,565,0,279,156,0,0,0,425,infection,953
10.51677507359814,564,0,280,156,0,0,0,426,infection,102
10.525046872263664,563,0,281,156,0,0,0,427,infection,774
10.526558389132623,562,0,282,156,0,0,0,428,infection,902
10.532219659761301,562,0,281,157,0,0,0,428,recovery,258
10.537582868231464,561,0,282,157,0,0,0,429,infection,312
10.541328870478274,561,0,281,158,0,0,0,429,recovery,782
10.543416801465858,560,0,282,158,0,0,0,430,infection,86
10.544331584979899,560,0,281,159,0,0,0,430,recovery,114
10.5652672791877,560,0,280,160,0,0,0,430,recovery,60
10.56541713579259,559,0,281,160,0,0,0,431,infection,294
10.567614645716692,558,0,282,160,0,0,0,432,infection,498
10.592547883869083,558,0,281,161,0,0,0,432,recovery,82
10.601023515499039,557,0,282,161,0,0,0,433,infection,424
10.610191057789242,557,0,281,162,0,0,0,433,recovery,309
10.612864967219945,557,0,280,163,0,0,0,433,recovery,37
10.620020075998838,556,0,281,163,0,0,0,434,infection,961
10.632383641594608,556,0,280,164,0,0,0,434,recovery,106
10.632790308874352,555,0,281,164,0,0,0,435,infection,252
10.634764426025964,554,0,282,164,0,0,0,436,infection,336
10.657462567768658,554,0,281,165,0,0,0,436,recovery,264
10.663211417127284,553,0,282,165,0,0,0,437,infection,965
10.66699992019585,552,0,283,165,0,0,0,438,infection,25
10.670410142831106,552,0,282,166,0,0,0,438,recovery,677
10.675124820176013,551,0,283,166,0,0,0,439,infection,30
10.675580145259836,550,0,284,166,0,0,0,440,infection,334
10.686061012114875,549,0,285,166,0,0,0,441,infection,781
10.693405949839677,549,0,284,167,0,0,0,441,recovery,882
10.703095568955883,548,0,285,167,0,0,0,442,infection,790
10.715977636409754,547,0,286,167,0,0,0,443,infection,22
10.718536168107361,546,0,287,167,0,0,0,444,infection,807
10.723665757490016,546,0,286,168,0,0,0,444,recovery,164
10.744465567564703,546,0,285,169,0,0,0,444,recovery,980
10.773940243669726,545,0,286,169,0,0,0,445,infection,897
10.782011348792132,544,0,287,169,0,0,0,446,infection,848
10.787949392109986,543,0,288,169,0,0,0,447,infection,10
10.789212643827153,542,0,289,169,0,0,0,448,infection,303
10.792767928081398,541,0,290,169,0,0,0,449,infection,549
10.79653624991242,540,0,291,169,0,0,0,450,infection,974
10.839214948483912,539,0,292,169,0,0,0,451,infection,7
10.857889034415937,539,0,291,170,0,0,0,451,recovery,343
10.858030048542682,538,0,292,170,0,0,0,452,infection,257
10.860059965223947,538,0,291,171,0,0,0,452,recovery,719
10.864602502212653,537,0,292,171,0,0,0,453,infection,940
10.869101587140063,537,0,291,172,0,0,0,453,recovery,616
10.883355397584621,536,0,292,172,0,0,0,454,infection,71
10.894563440216432,535,0,293,172,0,0,0,455,infection,727
10.899747373197116,535,0,292,173,0,0,0,455,recovery,467
10.905537510128312,535,0,291,174,0,0,0,455,recovery,748
10.906907555632738,535,0,290,175,0,0,0,455,recovery,934
10.918875484025977,535,0,289,176,0,0,0,455,recovery,505
10.922447439883307,534,0,290,176,0,0,0,456,infection,380
10.92282198022075,534,0,289,177,0,0,0,456,recovery,347
10.935303362853688,534,0,288,178,0,0,0,456,recovery,969
10.952769671922509,533,0,289,178,0,0,0,457,infection,883
10.961048038690468,532,0,290,178,0,0,0,458,infection,123
10.965376306930068,531,0,291,178,0,0,0,459,infection,858
10.97082422262567,530,0,292,178,0,0,0,460,infection,818
10.972854790472528,529,0,293,178,0,0,0,461,infection,828
10.97748304373765,528,0,294,178,0,0,0,462,infection,665
11.008746345537098,527,0,295,178,0,0,0,463,infection,506
11.009063890542475,527,0,294,179,0,0,0,463,recovery,643
11.009145735688893,526,0,295,179,0,0,0,464,infection,242
11.015039118497732,526,0,294,180,0,0,0,464,recovery,257
11.02856990355129,525,0,295,180,0,0,0,465,infection,250
11.03097377143469,525,0,294,181,0,0,0,465,recovery,536
11.037725597845299,524,0,295,181,0,0,0,466,infection,874
11.049378452359381,524,0,294,182,0,0,0,466,recovery,623
11.05064447909479,523,0,295,182,0,0,0,467,infection,600
11.055649326419582,522,0,296,182,0,0,0,468,infection,456
11.0602796479941,521,0,297,182,0,0,0,469,infection,575
11.068762492001836,520,0,298,182,0,0,0,470,infection,778
11.07895165254862,519,0,299,182,0,0,0,471,infection,544
11.097720382803503,518,0,300,182,0,0,0,472,infection,751
11.100303131842177,517,0,301,182,0,0,0,473,infection,165
11.100529681847851,517,0,300,183,0,0,0,473,recovery,229
11.119118102602501,516,0,301,183,0,0,0,474,infection,823
11.125983581896016,516,0,300,184,0,0,0,474,recovery,388
11.130222923808944,515,0,301,184,0,0,0,475,infection,772
11.132222121664483,514,0,302,184,0,0,0,476,infection,676
11.132517577843325,513,0,303,184,0,0,0,477,infection,936
11.133377225139784,512,0,304,184,0,0,0,478,infection,176
11.142710263801996,511,0,305,184,0,0,0,479,infection,50
11.146537789314147,510,0,306,184,0,0,0,480,infection,104
11.169704725844204,510,0,305,185,0,0,0,480,recovery,772
11.176855390255549,509,0,306,185,0,0,0,481,infection,436
11.18480809225072,509,0,305,186,0,0,0,481,recovery,133
11.18536072771538,508,0,306,186,0,0,0,482,infection,613
11.186425792487215,507,0,307,186,0,0,0,483,infection,28
11.187814912274876,506,0,308,186,0,0,0,484,infection,938
11.188251880586659,505,0,309,186,0,0,0,485,infection,776
11.194224883590246,504,0,310,186,0,0,0,486,infection,955
11.210953693623187,503,0,311,186,0,0,0,487,infection,292
11.212084300361832,502,0,312,186,0,0,0,488,infection,57
11.220560658588903,501,0,313,186,0,0,0,489,infection,527
11.224313087680542,500,0,314,186,0,0,0,490,infection,32
11.229474850350567,500,0,313,187,0,0,0,490,recovery,817
11.230136030165577,499,0,314,187,0,0,0,491,infection,85
11.236397256049093,498,0,315,187,0,0,0,492,infection,840
11.23685337047496,497,0,316,187,0,0,0,493,infection,122
11.2564289739889,497,0,315,188,0,0,0,493,recovery,409
11.259411446276562,497,0,314,189,0,0,0,493,recovery,102
11.27112669519683,497,0,313,190,0,0,0,493,recovery,905
11.271680713818093,496,0,314,190,0,0,0,494,infection,601
11.27215843606354,495,0,315,190,0,0,0,495,infection,880
11.28735600036215,494,0,316,190,0,0,0,496,infection,725
11.297326346959958,493,0,317,190,0,0,0,497,infection,743
11.305843764434018,493,0,316,191,0,0,0,497,recovery,949
11.325267362983823,492,0,317,191,0,0,0,498,infection,658
11.342884400713292,491,0,318,191,0,0,0,499,infection,656
11.344152160546713,491,0,317,192,0,0,0,499,recovery,163
11.356966880767969,490,0,318,192,0,0,0,500,infection,742
11.359630518820008,490,0,317,193,0,0,0,500,recovery,805
11.364622339679997,490,0,316,194,0,0,0,500,recovery,955
11.367931508370328,489,0,317,194,0,0,0,501,infection,841
11.368560037756309,488,0,318,194,0,0,0,502,infection,636
11.37341577636129,487,0,319,194,0,0,0,503,infection,726
11.40014277366669,486,0,320,194,0,0,0,504,infection,863
11.402789117565614,485,0,321,194,0,0,0,505,infection,713
11.41769223815506,485,0,320,195,0,0,0,505,recovery,39
11.426561754209574,484,0,321,195,0,0,0,506,infection,370
11.435500660320729,483,0,322,195,0,0,0,507,infection,681
11.441535761067305,482,0,323,195,0,0,0,508,infection,558
11.444642687380941,481,0,324,195,0,0,0,509,infection,566
11.455811865770023,480,0,325,195,0,0,0,510,infection,490
11.465796742889676,479,0,326,195,0,0,0,511,infection,702
11.47391239285101,479,0,325,196,0,0,0,511,recovery,522
11.480304872560039,478,0,326,196,0,0,0,512,infection,428
11.487069187592645,478,0,325,197,0,0,0,512,recovery,444
11.487363957992402,477,0,326,197,0,0,0,513,infection,967
11.488241170712293,477,0,325,198,0,0,0,513,recovery,506
11.496587317818499,477,0,324,199,0,0,0,513,recovery,818
11.49690546118942,476,0,325,199,0,0,0,514,infection,483
11.504861781222958,475,0,326,199,0,0,0,515,infection,457
11.524623372441289,474,0,327,199,0,0,0,516,infection,729
11.525278764186249,474,0,326,200,0,0,0,516,recovery,250
11.526558228113432,473,0,327,200,0,0,0,517,infection,397
11.531007970285357,473,0,326,201,0,0,0,517,recovery,338
11.538122776537302,472,0,327,201,0,0,0,518,infection,892
11.564439623030655,471,0,328,201,0,0,0,519,infection,680
11.567351942905931,470,0,329,201,0,0,0,520,infection,271
11.577582334095716,469,0,330,201,0,0,0,521,infection,126
11.605139299198852,468,0,331,201,0,0,0,522,infection,369
11.609605713363571,467,0,332,201,0,0,0,523,infection,620
11.610991095997436,466,0,333,201,0,0,0,524,infection,917
11.61168665225654,466,0,332,202,0,0,0,524,recovery,191
11.612243261239861,465,0,333,202,0,0,0,525,infection,670
11.623932913945898,464,0,334,202,0,0,0,526,infection,947
11.627073542634541,464,0,333,203,0,0,0,526,recovery,967
11.627090782965514,464,0,332,204,0,0,0,526,recovery,334
11.62859372162917,464,0,331,205,0,0,0,526,recovery,360
11.640349724944345,463,0,332,205,0,0,0,527,infection,780
11.640978625083665,463,0,331,206,0,0,0,527,recovery,265
11.663645071318943,462,0,332,206,0,0,0,528,infection,809
11.676153142485736,462,0,331,207,0,0,0,528,recovery,9
11.680424449467457,461,0,332,207,0,0,0,529,infection,479
11.693723930767822,460,0,333,207,0,0,0,530,infection,826
11.698491194865715,459,0,334,207,0,0,0,531,infection,610
11.711228310276374,458,0,335,207,0,0,0,532,infection,383
11.732563323178844,457,0,336,207,0,0,0,533,infection,844
11.737953501816147,457,0,335,208,0,0,0,533,recovery,874
11.747766809915664,456,0,336,208,0,0,0,534,infection,364
11.758053580016407,456,0,335,209,0,0,0,534,recovery,586
11.762236855404726,455,0,336,209,0,0,0,535,infection,146
11.762548968343046,454,0,337,209,0,0,0,536,infection,661
11.762646675438713,453,0,338,209,0,0,0,537,infection,985
11.774337097135088,452,0,339,209,0,0,0,538,infection,907
11.788144756448931,451,0,340,209,0,0,0,539,infection,94
11.790064543142718,451,0,339,210,0,0,0,539,recovery,214
11.811178179374098,451,0,338,211,0,0,0,539,recovery,974
11.81145361758579,450,0,339,211,0,0,0,540,infection,908
11.817621638399142,450,0,338,212,0,0,0,540,recovery,407
11.817785121097842,450,0,337,213,0,0,0,540,recovery,182
11.832251008993946,449,0,338,213,0,0,0,541,infection,196
11.839677929906406,448,0,339,213,0,0,0,542,infection,930
11.857844551618037,447,0,340,213,0,0,0,543,infection,127
11.878472075679692,446,0,341,213,0,0,0,544,infection,359
11.880244542367448,445,0,342,213,0,0,0,545,infection,638
11.920987030516468,444,0,343,213,0,0,0,546,infection,263
11.922089395854686,444,0,342,214,0,0,0,546,recovery,327
11.957682800121665,444,0,341,215,0,0,0,546,recovery,953
11.974574605360594,443,0,342,215,0,0,0,547,infection,225
11.978245221795339,443,0,341,216,0,0,0,547,recovery,977
11.98295520373965,442,0,342,216,0,0,0,548,infection,539
11.99017225047452,441,0,343,216,0,0,0,549,infection,136
11.99147041298904,441,0,342,217,0,0,0,549,recovery,640
11.998630949338422,440,0,343,217,0,0,0,550,infection,254
12.003051951546652,439,0,344,217,0,0,0,551,infection,35
12.007590505265751,439,0,343,218,0,0,0,551,recovery,965
12.00905579823559,438,0,344,218,0,0,0,552,infection,227
12.017032235463853,438,0,343,219,0,0,0,552,recovery,831
12.025575480530257,438,0,342,220,0,0,0,552,recovery,575
12.03335429661353,437,0,343,220,0,0,0,553,infection,867
12.043850768102375,436,0,344,220,0,0,0,554,infection,627
12.054255723503124,435,0,345,220,0,0,0,555,infection,721
12.055558010783537,434,0,346,220,0,0,0,556,infection,787
12.07339702189206,433,0,347,220,0,0,0,557,infection,928
12.086054280582582,433,0,346,221,0,0,0,557,recovery,370
12.088683214727517,432,0,347,221,0,0,0,558,infection,325
12.098495325602055,431,0,348,221,0,0,0,559,infection,142
12.118009187166818,430,0,349,221,0,0,0,560,infection,855
12.122016516946081,429,0,350,221,0,0,0,561,infection,563
12.139896012290649,428,0,351,221,0,0,0,562,infection,914
12.140439793797727,428,0,350,222,0,0,0,562,recovery,32
12.146204139308516,428,0,349,223,0,0,0,562,recovery,94
12.1546011386689,427,0,350,223,0,0,0,563,infection,110
12.161646762894764,426,0,351,223,0,0,0,564,infection,491
12.168824555954426,425,0,352,223,0,0,0,565,infection,691
12.178758198460116,425,0,351,224,0,0,0,565,recovery,838
12.17904750715882,424,0,352,224,0,0,0,566,infection,6
12.188740792838814,424,0,351,225,0,0,0,566,recovery,159
12.191333111505944,424,0,350,226,0,0,0,566,recovery,778
12.191886729957831,423,0,351,226,0,0,0,567,infection,322
12.195205126252638,423,0,350,227,0,0,0,567,recovery,167
12.196497338284814,423,0,349,228,0,0,0,567,recovery,900
12.20005669152496,423,0,348,229,0,0,0,567,recovery,406
12.216275665317369,422,0,349,229,0,0,0,568,infection,741
12.225396950190111,421,0,350,229,0,0,0,569,infection,770
12.228066065408507,420,0,351,229,0,0,0,570,infection,394
12.229677949901607,420,0,350,230,0,0,0,570,recovery,981
12.234406673915514,419,0,351,230,0,0,0,571,infection,304
12.244671824422673,418,0,352,230,0,0,0,572,infection,641
12.252939140258631,417,0,353,230,0,0,0,573,infection,895
12.259405904967718,416,0,354,230,0,0,0,574,infection,311
12.2615680485603,415,0,355,230,0,0,0,575,infection,576
12.274243267584728,415,0,354,231,0,0,0,575,recovery,743
12.287281339090036,414,0,355,231,0,0,0,576,infection,451
12.291328992593272,414,0,354,232,0,0,0,576,recovery,76
12.294385409128981,414,0,353,233,0,0,0,576,recovery,735
12.314325672006454,414,0,352,234,0,0,0,576,recovery,583
12.314868067253961,414,0,351,235,0,0,0,576,recovery,373
12.327933148959183,413,0,352,235,0,0,0,577,infection,53
12.340074300125169,412,0,353,235,0,0,0,578,infection,763
12.340939086582544,412,0,352,236,0,0,0,578,recovery,446
12.346393695747283,411,0,353,236,0,0,0,579,infection,450
12.349049328683495,411,0,352,237,0,0,0,579,recovery,30
12.350444240220197,410,0,353,237,0,0,0,580,infection,785
12.350823045541965,410,0,352,238,0,0,0,580,recovery,491
12.358108257163806,410,0,351,239,0,0,0,580,recovery,890
12.368678814098235,409,0,352,239,0,0,0,581,infection,637
12.370867867081666,408,0,353,239,0,0,0,582,infection,342
12.374992183318232,407,0,354,239,0,0,0,583,infection,34
12.37740220287684,407,0,353,240,0,0,0,583,recovery,38
12.382085750432969,406,0,354,240,0,0,0,584,infection,869
12.382666469207487,406,0,353,241,0,0,0,584,recovery,47
12.38397916628838,406,0,352,242,0,0,0,584,recovery,665
12.385207754118522,405,0,353,242,0,0,0,585,infection,879
12.389722270341577,404,0,354,242,0,0,0,586,infection,987
12.416050078010272,403,0,355,242,0,0,0,587,infection,824
12.416659091889434,403,0,354,243,0,0,0,587,recovery,847
12.424194859559288,402,0,355,243,0,0,0,588,infection,937
12.428327481636787,402,0,354,244,0,0,0,588,recovery,544
12.456467586142859,401,0,355,244,0,0,0,589,infection,925
12.458991943433466,400,0,356,244,0,0,0,590,infection,789
12.46044741578413,400,0,355,245,0,0,0,590,recovery,908
12.475197267699974,399,0,356,245,0,0,0,591,infection,93
12.483196157884679,398,0,357,245,0,0,0,592,infection,392
12.500461813095777,397,0,358,245,0,0,0,593,infection,273
12.509009151691085,396,0,359,245,0,0,0,594,infection,990
12.513612697964689,395,0,360,245,0,0,0,595,infection,128
12.523271662305383,394,0,361,245,0,0,0,596,infection,255
12.524486484953867,393,0,362,245,0,0,0,597,infection,90
12.524868796681158,393,0,361,246,0,0,0,597,recovery,342
12.537850218546136,392,0,362,246,0,0,0,598,infection,827
12.554197347386454,391,0,363,246,0,0,0,599,infection,81
12.56250588400107,390,0,364,246,0,0,0,600,infection,4
12.569703224874662,389,0,365,246,0,0,0,601,infection,218
12.590295906370002,388,0,366,246,0,0,0,602,infection,51
12.598765942283475,388,0,365,247,0,0,0,602,recovery,93
12.604867200285277,388,0,364,248,0,0,0,602,recovery,223
12.605560259508646,387,0,365,248,0,0,0,603,infection,117
12.613372269932672,387,0,364,249,0,0,0,603,recovery,510
12.621551327086435,387,0,363,250,0,0,0,603,recovery,987
12.625829872006943,387,0,362,251,0,0,0,603,recovery,303
12.629023246840719,386,0,363,251,0,0,0,604,infection,361
12.637474517474157,385,0,364,251,0,0,0,605,infection,200
12.642178824973866,385,0,363,252,0,0,0,605,recovery,622
12.643282563665103,384,0,364,252,0,0,0,606,infection,115
12.64723151377612,384,0,363,253,0,0,0,606,recovery,249
12.661804695545198,383,0,364,253,0,0,0,607,infection,759
12.671160474347296,382,0,365,253,0,0,0,608,infection,625
12.671351888431147,381,0,366,253,0,0,0,609,infection,757
12.673484062392403,381,0,365,254,0,0,0,609,recovery,824
12.68468050686332,380,0,366,254,0,0,0,610,infection,298
12.687016103561175,380,0,365,255,0,0,0,610,recovery,798
12.687434999837317,379,0,366,255,0,0,0,611,infection,245
12.690695859992328,378,0,367,255,0,0,0,612,infection,46
12.71427235053362,377,0,368,255,0,0,0,613,infection,64
12.717808773365984,377,0,367,256,0,0,0,613,recovery,266
12.721916102421147,377,0,366,257,0,0,0,613,recovery,581
12.74057963412782,377,0,365,258,0,0,0,613,recovery,797
12.745829571450706,376,0,366,258,0,0,0,614,infection,523
12.747466662008424,375,0,367,258,0,0,0,615,infection,326
12.747608948324594,375,0,366,259,0,0,0,615,recovery,385
12.749173666143665,375,0,365,260,0,0,0,615,recovery,835
12.760545399759927,374,0,366,260,0,0,0,616,infection,19
12.777660372130875,373,0,367,260,0,0,0,617,infection,216
12.780902349081734,373,0,366,261,0,0,0,617,recovery,392
12.790098457221905,372,0,367,261,0,0,0,618,infection,238
12.791092953815081,372,0,366,262,0,0,0,618,recovery,723
12.800825677916023,372,0,365,263,0,0,0,618,recovery,200
12.807745036063263,371,0,366,263,0,0,0,619,infection,716
12.821134696717035,370,0,367,263,0,0,0,620,infection,395
12.823991769272595,370,0,366,264,0,0,0,620,recovery,808
12.82431916463941,369,0,367,264,0,0,0,621,infection,671
12.854500829340127,368,0,368,264,0,0,0,622,infection,812
12.872239039097451,368,0,367,265,0,0,0,622,recovery,358
12.874424489262633,368,0,366,266,0,0,0,622,recovery,382
12.877270790996455,367,0,367,266,0,0,0,623,infection,617
12.877614835189942,366,0,368,266,0,0,0,624,infection,421
12.89556297236765,366,0,367,267,0,0,0,624,recovery,308
12.90311689648677,366,0,366,268,0,0,0,624,recovery,809
12.90383557907774,366,0,365,269,0,0,0,624,recovery,787
12.912349604713823,365,0,366,269,0,0,0,625,infection,260
12.91291893916491,364,0,367,269,0,0,0,626,infection,903
12.917163581015892,364,0,366,270,0,0,0,626,recovery,512
12.921531381443128,363,0,367,270,0,0,0,627,infection,317
12.92253457284182,362,0,368,270,0,0,0,628,infection,431
12.933825665095432,361,0,369,270,0,0,0,629,infection,532
12.940193600987703,360,0,370,270,0,0,0,630,infection,500
12.940315976354288,360,0,369,271,0,0,0,630,recovery,263
12.944210277219716,360,0,368,272,0,0,0,630,recovery,751
12.947330501430956,360,0,367,273,0,0,0,630,recovery,271
12.95291534535535,360,0,366,274,0,0,0,630,recovery,362
12.95376151038252,360,0,365,275,0,0,0,630,recovery,354
12.963158345630896,359,0,366,275,0,0,0,631,infection,56
12.964543664133208,359,0,365,276,0,0,0,631,recovery,576
12.968807242066097,358,0,366,276,0,0,0,632,infection,645
12.98051729193628,357,0,367,276,0,0,0,633,infection,469
12.984320186911546,357,0,366,277,0,0,0,633,recovery,294
13.004701107733101,357,0,365,278,0,0,0,633,recovery,125
13.024498175241604,356,0,366,278,0,0,0,634,infection,465
13.03542562206026,355,0,367,278,0,0,0,635,infection,565
13.04208857556134,355,0,366,279,0,0,0,635,recovery,4
13.049237373619963,355,0,365,280,0,0,0,635,recovery,497
13.055845453592967,355,0,364,281,0,0,0,635,recovery,807
13.073564195708494,354,0,365,281,0,0,0,636,infection,699
13.076818136043487,354,0,364,282,0,0,0,636,recovery,637
13.077989635521561,354,0,363,283,0,0,0,636,recovery,177
13.07951882499535,354,0,362,284,0,0,0,636,recovery,390
13.08281821103837,354,0,361,285,0,0,0,636,recovery,691
13.091680212738684,353,0,362,285,0,0,0,637,infection,541
13.099886551360653,353,0,361,286,0,0,0,637,recovery,146
13.10402527150087,352,0,362,286,0,0,0,638,infection,335
13.1109162986215,351,0,363,286,0,0,0,639,infection,724
13.111113948498485,351,0,362,287,0,0,0,639,recovery,612
13.111140592377804,350,0,363,287,0,0,0,640,infection,332
13.111392190599227,349,0,364,287,0,0,0,641,infection,813
13.118247304526363,348,0,365,287,0,0,0,642,infection,747
13.119349834190748,348,0,364,288,0,0,0,642,recovery,931
13.152173643130094,348,0,363,289,0,0,0,642,recovery,54
13.160413432214174,348,0,362,290,0,0,0,642,recovery,552
13.163169362870184,347,0,363,290,0,0,0,643,infection,282
13.164182798675744,347,0,362,291,0,0,0,643,recovery,668
13.184559667290337,346,0,363,291,0,0,0,644,infection,318
13.190435161077998,345,0,364,291,0,0,0,645,infection,248
13.20650460652458,344,0,365,291,0,0,0,646,infection,492
13.21475085176329,343,0,366,291,0,0,0,647,infection,649
13.221573033152499,342,0,367,291,0,0,0,648,infection,768
13.22692421677532,341,0,368,291,0,0,0,649,infection,693
13.237130736212174,340,0,369,291,0,0,0,650,infection,673
13.240159339360657,339,0,370,291,0,0,0,651,infection,289
13.258815246067854,339,0,369,292,0,0,0,651,recovery,98
13.263503117098892,339,0,368,293,0,0,0,651,recovery,361
13.264068158630561,339,0,367,294,0,0,0,651,recovery,755
13.265355102010712,339,0,366,295,0,0,0,651,recovery,50
13.26682370543512,338,0,367,295,0,0,0,652,infection,103
13.270251421636994,338,0,366,296,0,0,0,652,recovery,245
13.303980432053276,337,0,367,296,0,0,0,653,infection,184
13.309863578022592,336,0,368,296,0,0,0,654,infection,168
13.317057273526771,335,0,369,296,0,0,0,655,infection,147
13.317204781400566,335,0,368,297,0,0,0,655,recovery,757
13.319029792994765,335,0,367,298,0,0,0,655,recovery,950
13.319946865484013,335,0,366,299,0,0,0,655,recovery,600
13.322349586753727,334,0,367,299,0,0,0,656,infection,138
13.327309785637503,334,0,366,300,0,0,0,656,recovery,64
13.341013995794983,333,0,367,300,0,0,0,657,infection,570
13.341035291735766,332,0,368,300,0,0,0,658,infection,516
13.350909494620815,332,0,367,301,0,0,0,658,recovery,958
13.369685250969217,332,0,366,302,0,0,0,658,recovery,645
13.373917428639533,332,0,365,303,0,0,0,658,recovery,598
13.374821463290843,332,0,364,304,0,0,0,658,recovery,907
13.392612692720245,331,0,365,304,0,0,0,659,infection,345
13.398127905777297,331,0,364,305,0,0,0,659,recovery,151
13.407630111950061,330,0,365,305,0,0,0,660,infection,482
13.410865372963709,330,0,364,306,0,0,0,660,recovery,176
13.413092939816792,330,0,363,307,0,0,0,660,recovery,537
13.417336238568733,330,0,362,308,0,0,0,660,recovery,359
13.432652734174223,330,0,361,309,0,0,0,660,recovery,680
13.437938990841017,330,0,360,310,0,0,0,660,recovery,887
13.441958109810336,329,0,361,310,0,0,0,661,infection,876
13.453679810860699,329,0,360,311,0,0,0,661,recovery,725
13.464958808646962,329,0,359,312,0,0,0,661,recovery,738
13.480328281595902,328,0,360,312,0,0,0,662,infection,521
13.491221797282378,328,0,359,313,0,0,0,662,recovery,165
13.492250732735108,328,0,358,314,0,0,0,662,recovery,860
13.509799825315104,327,0,359,314,0,0,0,663,infection,87
13.510852103587352,326,0,360,314,0,0,0,664,infection,101
13.511716273207963,326,0,359,315,0,0,0,664,recovery,701
13.51647405261267,326,0,358,316,0,0,0,664,recovery,713
13.520836719148823,326,0,357,317,0,0,0,664,recovery,699
13.528585552618202,326,0,356,318,0,0,0,664,recovery,922
13.536237264035723,325,0,357,318,0,0,0,665,infection,584
13.551131520278366,325,0,356,319,0,0,0,665,recovery,897
13.555043385355702,325,0,355,320,0,0,0,665,recovery,51
13.557298901487393,324,0,356,320,0,0,0,666,infection,564
13.588538708061677,324,0,355,321,0,0,0,666,recovery,325
13.591888190420633,324,0,354,322,0,0,0,666,recovery,749
13.624049169489837,323,0,355,322,0,0,0,667,infection,811
13.627568786902591,323,0,354,323,0,0,0,667,recovery,234
13.657191173602808,323,0,353,324,0,0,0,667,recovery,523
13.658400221769183,323,0,352,325,0,0,0,667,recovery,104
13.675689536027923,322,0,353,325,0,0,0,668,infection,276
13.678392271908145,322,0,352,326,0,0,0,668,recovery,693
13.694405407059383,322,0,351,327,0,0,0,668,recovery,276
13.696382533217884,321,0,352,327,0,0,0,669,infection,717
13.70440816864265,320,0,353,327,0,0,0,670,infection,297
13.704551404718888,319,0,354,327,0,0,0,671,infection,659
13.715053200669711,319,0,353,328,0,0,0,671,recovery,310
13.722308446673981,319,0,352,329,0,0,0,671,recovery,844
13.731865961728994,318,0,353,329,0,0,0,672,infection,634
13.738648638831705,318,0,352,330,0,0,0,672,recovery,509
13.741721919221867,318,0,351,331,0,0,0,672,recovery,286
13.744744488497759,318,0,350,332,0,0,0,672,recovery,341
13.747672843629367,318,0,349,333,0,0,0,672,recovery,489
13.748316237649266,318,0,348,334,0,0,0,672,recovery,876
13.768719844076319,317,0,349,334,0,0,0,673,infection,569
13.771770486106327,316,0,350,334,0,0,0,674,infection,129
13.786624745203628,316,0,349,335,0,0,0,674,recovery,212
13.791558075057642,315,0,350,335,0,0,0,675,infection,423
13.811012662285751,315,0,349,336,0,0,0,675,recovery,892
13.814573300214942,314,0,350,336,0,0,0,676,infection,306
13.832761626950699,314,0,349,337,0,0,0,676,recovery,627
13.835717906053388,314,0,348,338,0,0,0,676,recovery,115
13.84382023989625,314,0,347,339,0,0,0,676,recovery,676
13.84569940812071,313,0,348,339,0,0,0,677,infection,279
13.851024447679244,312,0,349,339,0,0,0,678,infection,935
13.854822627520186,311,0,350,339,0,0,0,679,infection,135
13.883904043030324,310,0,351,339,0,0,0,680,infection,715
13.902546410996509,309,0,352,339,0,0,0,681,infection,169
13.947119648001149,309,0,351,340,0,0,0,681,recovery,546
13.962037119505627,308,0,352,340,0,0,0,682,infection,873
13.968667728935795,308,0,351,341,0,0,0,682,recovery,10
13.985391494733614,308,0,350,342,0,0,0,682,recovery,135
13.993722906993641,308,0,349,343,0,0,0,682,recovery,469
14.002900006295748,307,0,350,343,0,0,0,683,infection,734
14.011028414786868,306,0,351,343,0,0,0,684,infection,712
14.015176861357531,306,0,350,344,0,0,0,684,recovery,421
14.028818145096954,305,0,351,344,0,0,0,685,infection,850
14.030720453818965,305,0,350,345,0,0,0,685,recovery,696
14.082922660923202,304,0,351,345,0,0,0,686,infection,608
14.091313971590674,304,0,350,346,0,0,0,686,recovery,40
14.125599251768882,304,0,349,347,0,0,0,686,recovery,585
14.140907460046312,304,0,348,348,0,0,0,686,recovery,468
14.154705398955961,304,0,347,349,0,0,0,686,recovery,715
14.158771090147578,303,0,348,349,0,0,0,687,infection,530
14.162881034749896,303,0,347,350,0,0,0,687,recovery,566
14.164782646228183,303,0,346,351,0,0,0,687,recovery,961
14.174544534361033,303,0,345,352,0,0,0,687,recovery,515
14.178006106528997,303,0,344,353,0,0,0,687,recovery,455
14.20374245118557,302,0,345,353,0,0,0,688,infection,650
14.229766985657228,302,0,344,354,0,0,0,688,recovery,366
14.24063279347831,302,0,343,355,0,0,0,688,recovery,147
14.246806515957964,301,0,344,355,0,0,0,689,infection,232
14.254490359574492,301,0,343,356,0,0,0,689,recovery,483
14.256838844642125,301,0,342,357,0,0,0,689,recovery,282
14.257135457626259,300,0,343,357,0,0,0,690,infection,381
14.261156417170824,300,0,342,358,0,0,0,690,recovery,381
14.263312341030025,299,0,343,358,0,0,0,691,infection,154
14.27184692910842,298,0,344,358,0,0,0,692,infection,690
14.277233846095019,297,0,345,358,0,0,0,693,infection,555
14.321393099547258,297,0,344,359,0,0,0,693,recovery,7
14.32151982046319,296,0,345,359,0,0,0,694,infection,919
14.351886602632842,295,0,346,359,0,0,0,695,infection,290
14.362984583319946,294,0,347,359,0,0,0,696,infection,367
14.375703619158763,294,0,346,360,0,0,0,696,recovery,937
14.382393337855513,293,0,347,360,0,0,0,697,infection,277
14.387931203888963,293,0,346,361,0,0,0,697,recovery,813
14.405063986927773,292,0,347,361,0,0,0,698,infection,912
14.409511493519291,291,0,348,361,0,0,0,699,infection,771
14.419049325510773,291,0,347,362,0,0,0,699,recovery,238
14.4207103984182,290,0,348,362,0,0,0,700,infection,678
14.424848834374078,290,0,347,363,0,0,0,700,recovery,383
14.433134853406774,290,0,346,364,0,0,0,700,recovery,297
14.433876210254503,290,0,345,365,0,0,0,700,recovery,914
14.473307635080626,290,0,344,366,0,0,0,700,recovery,763
14.47511730742917,290,0,343,367,0,0,0,700,recovery,564
14.478085538273273,290,0,342,368,0,0,0,700,recovery,990
14.48073732064666,289,0,343,368,0,0,0,701,infection,313
14.482904928634966,288,0,344,368,0,0,0,702,infection,794
14.512162569330329,287,0,345,368,0,0,0,703,infection,525
14.513524100335651,287,0,344,369,0,0,0,703,recovery,975
14.520166599012448,287,0,343,370,0,0,0,703,recovery,391
14.532256325470424,286,0,344,370,0,0,0,704,infection,557
14.533529078164552,286,0,343,371,0,0,0,704,recovery,928
14.543885544648765,285,0,344,371,0,0,0,705,infection,48
14.559878213051759,284,0,345,371,0,0,0,706,infection,414
14.565558196620374,284,0,344,372,0,0,0,706,recovery,168
14.566058908338968,284,0,343,373,0,0,0,706,recovery,716
14.577949624662196,283,0,344,373,0,0,0,707,infection,284
14.592793270426892,283,0,343,374,0,0,0,707,recovery,799
14.594164042981472,282,0,344,374,0,0,0,708,infection,517
14.598218568885263,281,0,345,374,0,0,0,709,infection,529
14.604985411862357,280,0,346,374,0,0,0,710,infection,595
14.646472183317632,279,0,347,374,0,0,0,711,infection,202
14.668288626806767,279,0,346,375,0,0,0,711,recovery,549
14.668732155279574,279,0,345,376,0,0,0,711,recovery,811
14.672326149177797,278,0,346,376,0,0,0,712,infection,267
14.672328565665389,277,0,347,376,0,0,0,713,infection,843
14.673645840277354,277,0,346,377,0,0,0,713,recovery,663
14.71096840376319,277,0,345,378,0,0,0,713,recovery,356
14.717415623768382,277,0,344,379,0,0,0,713,recovery,417
14.725078497627257,277,0,343,380,0,0,0,713,recovery,48
14.734445065823072,276,0,344,380,0,0,0,714,infection,189
14.770321721779647,275,0,345,380,0,0,0,715,infection,316
14.781639788160954,275,0,344,381,0,0,0,715,recovery,638
14.782571960194947,275,0,343,382,0,0,0,715,recovery,457
14.801557419221542,274,0,344,382,0,0,0,716,infection,739
14.81711771206519,273,0,345,382,0,0,0,717,infection,602
14.822652422087144,272,0,346,382,0,0,0,718,infection,2
14.827448668417528,272,0,345,383,0,0,0,718,recovery,431
14.828692163775527,271,0,346,383,0,0,0,719,infection,758
14.829618063985887,270,0,347,383,0,0,0,720,infection,262
14.844924889713226,270,0,346,384,0,0,0,720,recovery,681
14.853107826488808,269,0,347,384,0,0,0,721,infection,822
14.863363229684712,269,0,346,385,0,0,0,721,recovery,861
14.86483116290507,269,0,345,386,0,0,0,721,recovery,508
14.882068997094805,268,0,346,386,0,0,0,722,infection,538
14.909387506072957,267,0,347,386,0,0,0,723,infection,694
14.918311404438887,267,0,346,387,0,0,0,723,recovery,555
14.926678217726284,266,0,347,387,0,0,0,724,infection,954
14.967340541855595,266,0,346,388,0,0,0,724,recovery,790
14.971725218993159,266,0,345,389,0,0,0,724,recovery,823
14.97925621067538,266,0,344,390,0,0,0,724,recovery,239
14.99312978313583,265,0,345,390,0,0,0,725,infection,156
14.995245346503413,265,0,344,391,0,0,0,725,recovery,465
15.004446261173083,265,0,343,392,0,0,0,725,recovery,712
15.00866026561352,265,0,342,393,0,0,0,725,recovery,19
15.013922570978874,265,0,341,394,0,0,0,725,recovery,673
15.040113253186615,264,0,342,394,0,0,0,726,infection,66
15.050642035841099,264,0,341,395,0,0,0,726,recovery,734
15.053403069254061,263,0,342,395,0,0,0,727,infection,78
15.076170440671273,262,0,343,395,0,0,0,728,infection,99
15.08053591209243,262,0,342,396,0,0,0,728,recovery,789
15.091138510396526,262,0,341,397,0,0,0,728,recovery,917
15.108004775059346,262,0,340,398,0,0,0,728,recovery,803
15.108335190375564,261,0,341,398,0,0,0,729,infection,979
15.113287364628885,261,0,340,399,0,0,0,729,recovery,829
15.133045383619537,260,0,341,399,0,0,0,730,infection,597
15.148912992811841,260,0,340,400,0,0,0,730,recovery,717
15.157271139032503,260,0,339,401,0,0,0,730,recovery,820
15.199612986178282,259,0,340,401,0,0,0,731,infection,111
15.202504695724539,259,0,339,402,0,0,0,731,recovery,237
15.213633294565657,259,0,338,403,0,0,0,731,recovery,189
15.22456867740244,259,0,337,404,0,0,0,731,recovery,985
15.233909241272416,258,0,338,404,0,0,0,732,infection,806
15.239674177636099,258,0,337,405,0,0,0,732,recovery,242
15.247855521172628,258,0,336,406,0,0,0,732,recovery,543
15.249763312185635,257,0,337,406,0,0,0,733,infection,226
15.268397652792585,256,0,338,406,0,0,0,734,infection,210
15.272357865789315,255,0,339,406,0,0,0,735,infection,484
15.338498417327711,254,0,340,406,0,0,0,736,infection,962
15.346204680895548,253,0,341,406,0,0,0,737,infection,43
15.348146341785437,253,0,340,407,0,0,0,737,recovery,273
15.358908738496638,253,0,339,408,0,0,0,737,recovery,78
15.371038044441688,253,0,338,409,0,0,0,737,recovery,298
15.37641680654119,252,0,339,409,0,0,0,738,infection,736
15.40162469261602,251,0,340,409,0,0,0,739,infection,674
15.415686397621533,250,0,341,409,0,0,0,740,infection,662
15.420460970660265,250,0,340,410,0,0,0,740,recovery,954
15.421749226786275,249,0,341,410,0,0,0,741,infection,753
15.42998149971899,249,0,340,411,0,0,0,741,recovery,43
15.431706995123674,248,0,341,411,0,0,0,742,infection,84
15.444526812113223,248,0,340,412,0,0,0,742,recovery,662
15.446330068490395,248,0,339,413,0,0,0,742,recovery,218
15.457973697746889,247,0,340,413,0,0,0,743,infection,355
15.459217836051867,247,0,339,414,0,0,0,743,recovery,129
15.46160090774096,246,0,340,414,0,0,0,744,infection,222
15.482211922252182,245,0,341,414,0,0,0,745,infection,453
15.48396930978017,245,0,340,415,0,0,0,745,recovery,957
15.495672046253294,245,0,339,416,0,0,0,745,recovery,521
15.50605685923008,244,0,340,416,0,0,0,746,infection,281
15.51133545184861,244,0,339,417,0,0,0,746,recovery,753
15.511647367509529,244,0,338,418,0,0,0,746,recovery,634
15.514846987589285,244,0,337,419,0,0,0,746,recovery,768
15.51697365337321,244,0,336,420,0,0,0,746,recovery,599
15.528485859888121,244,0,335,421,0,0,0,746,recovery,741
15.544548835046566,243,0,336,421,0,0,0,747,infection,59
15.565059671991943,243,0,335,422,0,0,0,747,recovery,595
15.570523462854165,243,0,334,423,0,0,0,747,recovery,322
15.571366164929337,243,0,333,424,0,0,0,747,recovery,462
15.583743138586698,242,0,334,424,0,0,0,748,infection,208
15.593032639125543,242,0,333,425,0,0,0,748,recovery,132
15.60020638521058,242,0,332,426,0,0,0,748,recovery,596
15.617122164622415,242,0,331,427,0,0,0,748,recovery,584
15.617495588154958,241,0,332,427,0,0,0,749,infection,402
15.62197073740516,240,0,333,427,0,0,0,750,infection,647
15.62837825496914,240,0,332,428,0,0,0,750,recovery,728
15.629372646111078,239,0,333,428,0,0,0,751,infection,830
15.644195702984371,239,0,332,429,0,0,0,751,recovery,479
15.652872750115694,238,0,333,429,0,0,0,752,infection,572
15.683610126546085,237,0,334,429,0,0,0,753,infection,862
15.699225184539822,236,0,335,429,0,0,0,754,infection,432
15.706321697652823,236,0,334,430,0,0,0,754,recovery,320
15.717956061513432,236,0,333,431,0,0,0,754,recovery,924
15.721909958670665,235,0,334,431,0,0,0,755,infection,718
15.723233853393834,234,0,335,431,0,0,0,756,infection,246
15.732489155564249,233,0,336,431,0,0,0,757,infection,609
15.734222246927214,233,0,335,432,0,0,0,757,recovery,567
15.73558972294271,232,0,336,432,0,0,0,758,infection,889
15.762618750444222,232,0,335,433,0,0,0,758,recovery,550
15.763182899436924,232,0,334,434,0,0,0,758,recovery,660
15.765167294831132,231,0,335,434,0,0,0,759,infection,112
15.782344090574657,230,0,336,434,0,0,0,760,infection,582
15.786996532587205,230,0,335,435,0,0,0,760,recovery,879
15.803022026749382,230,0,334,436,0,0,0,760,recovery,365
15.823370922341411,230,0,333,437,0,0,0,760,recovery,986
15.826184399258471,229,0,334,437,0,0,0,761,infection,449
15.864096885381736,229,0,333,438,0,0,0,761,recovery,498
15.887587136525761,228,0,334,438,0,0,0,762,infection,480
15.894533236736184,228,0,333,439,0,0,0,762,recovery,602
15.900761868913111,228,0,332,440,0,0,0,762,recovery,25
15.908516784712116,228,0,331,441,0,0,0,762,recovery,336
15.91598670773997,227,0,332,441,0,0,0,763,infection,448
15.925258918826078,227,0,331,442,0,0,0,763,recovery,451
15.940445730255034,226,0,332,442,0,0,0,764,infection,837
15.943373413308235,226,0,331,443,0,0,0,764,recovery,321
15.963397842963396,225,0,332,443,0,0,0,765,infection,783
15.968200946548102,225,0,331,444,0,0,0,765,recovery,963
16.004153013887343,225,0,330,445,0,0,0,765,recovery,97
16.00956559983748,224,0,331,445,0,0,0,766,infection,810
16.01731006237129,224,0,330,446,0,0,0,766,recovery,708
16.018741173854725,223,0,331,446,0,0,0,767,infection,886
16.02025117486938,222,0,332,446,0,0,0,768,infection,401
16.023933478792777,221,0,333,446,0,0,0,769,infection,474
16.039092918071972,221,0,332,447,0,0,0,769,recovery,597
16.044992764802863,221,0,331,448,0,0,0,769,recovery,979
16.04520750895931,221,0,330,449,0,0,0,769,recovery,923
16.050159510208932,220,0,331,449,0,0,0,770,infection,574
16.05050658722261,219,0,332,449,0,0,0,771,infection,531
16.05987374165158,219,0,331,450,0,0,0,771,recovery,53
16.070182458959284,218,0,332,450,0,0,0,772,infection,588
16.075226705666335,218,0,331,451,0,0,0,772,recovery,686
16.086531781782437,218,0,330,452,0,0,0,772,recovery,225
16.090536575037852,217,0,331,452,0,0,0,773,infection,504
16.091988172448982,216,0,332,452,0,0,0,774,infection,471
16.093871428581313,215,0,333,452,0,0,0,775,infection,396
16.112786206196162,214,0,334,452,0,0,0,776,infection,353
16.128828387799217,214,0,333,453,0,0,0,776,recovery,785
16.145143168172797,214,0,332,454,0,0,0,776,recovery,59
16.151543771421473,214,0,331,455,0,0,0,776,recovery,169
16.208337800798187,213,0,332,455,0,0,0,777,infection,611
16.208919866242965,212,0,333,455,0,0,0,778,infection,551
16.21744783370345,211,0,334,455,0,0,0,779,infection,95
16.23397274385675,210,0,335,455,0,0,0,780,infection,988
16.25669151272357,209,0,336,455,0,0,0,781,infection,236
16.259018411824666,209,0,335,456,0,0,0,781,recovery,395
16.281955265475805,208,0,336,456,0,0,0,782,infection,704
16.321351611294286,208,0,335,457,0,0,0,782,recovery,684
16.32170615385006,208,0,334,458,0,0,0,782,recovery,770
16.347252683707666,207,0,335,458,0,0,0,783,infection,849
16.358986523860466,207,0,334,459,0,0,0,783,recovery,814
16.369870379481235,206,0,335,459,0,0,0,784,infection,447
16.371746661955882,206,0,334,460,0,0,0,784,recovery,103
16.381330170365178,206,0,333,461,0,0,0,784,recovery,154
16.38474338074918,206,0,332,462,0,0,0,784,recovery,562
16.385241169568165,205,0,333,462,0,0,0,785,infection,307
16.395698561902485,205,0,332,463,0,0,0,785,recovery,142
16.400588790039436,205,0,331,464,0,0,0,785,recovery,970
16.408060265703664,205,0,330,465,0,0,0,785,recovery,396
16.414456984333658,204,0,331,465,0,0,0,786,infection,624
16.417624055514313,204,0,330,466,0,0,0,786,recovery,414
16.437853936907036,203,0,331,466,0,0,0,787,infection,913
16.44452804592566,203,0,330,467,0,0,0,787,recovery,304
16.449761045786047,202,0,331,467,0,0,0,788,infection,278
16.45569836654556,201,0,332,467,0,0,0,789,infection,745
16.464966499893038,200,0,333,467,0,0,0,790,infection,299
16.469479388117342,200,0,332,468,0,0,0,790,recovery,436
16.473795815948904,199,0,333,468,0,0,0,791,infection,493
16.48460028960173,199,0,332,469,0,0,0,791,recovery,628
16.485339675344854,199,0,331,470,0,0,0,791,recovery,516
16.509667475019274,199,0,330,471,0,0,0,791,recovery,849
16.51215834115193,199,0,329,472,0,0,0,791,recovery,345
16.529792085021043,199,0,328,473,0,0,0,791,recovery,45
16.54842740454473,198,0,329,473,0,0,0,792,infection,408
16.559557724884876,197,0,330,473,0,0,0,793,infection,528
16.56023908518692,197,0,329,474,0,0,0,793,recovery,530
16.57777275276587,197,0,328,475,0,0,0,793,recovery,773
16.584940330469514,197,0,327,476,0,0,0,793,recovery,942
16.593037640300995,197,0,326,477,0,0,0,793,recovery,784
16.627972455683718,197,0,325,478,0,0,0,793,recovery,863
16.643939676951913,196,0,326,478,0,0,0,794,infection,198
16.646486722795014,195,0,327,478,0,0,0,795,infection,438
16.65785661286978,194,0,328,478,0,0,0,796,infection,333
16.65952167129649,194,0,327,479,0,0,0,796,recovery,346
16.67329488158171,193,0,328,479,0,0,0,797,infection,926
16.67991391158921,193,0,327,480,0,0,0,797,recovery,819
16.696063479377084,193,0,326,481,0,0,0,797,recovery,41
16.698581566176717,193,0,325,482,0,0,0,797,recovery,355
16.703976835081583,193,0,324,483,0,0,0,797,recovery,402
16.707124902136798,192,0,325,483,0,0,0,798,infection,324
16.72375528923243,192,0,324,484,0,0,0,798,recovery,438
16.724404585235682,192,0,323,485,0,0,0,798,recovery,971
16.748312098762156,192,0,322,486,0,0,0,798,recovery,726
16.752591102354856,192,0,321,487,0,0,0,798,recovery,794
16.76128230096665,191,0,322,487,0,0,0,799,infection,511
16.795448515339693,191,0,321,488,0,0,0,799,recovery,216
16.82005522546045,190,0,322,488,0,0,0,800,infection,201
16.826731792772765,189,0,323,488,0,0,0,801,infection,199
16.86511567358784,189,0,322,489,0,0,0,801,recovery,609
16.86671669827133,188,0,323,489,0,0,0,802,infection,389
16.86675685510007,187,0,324,489,0,0,0,803,infection,542
16.868876472983413,187,0,323,490,0,0,0,803,recovery,122
16.872242634165325,187,0,322,491,0,0,0,803,recovery,437
16.882655045377312,187,0,321,492,0,0,0,803,recovery,525
16.884310135142965,187,0,320,493,0,0,0,803,recovery,574
16.944846098406416,186,0,321,493,0,0,0,804,infection,972
16.956203016608466,185,0,322,493,0,0,0,805,infection,197
16.9573960250561,185,0,321,494,0,0,0,805,recovery,482
17.01509256231028,185,0,320,495,0,0,0,805,recovery,659
17.018517816333375,185,0,319,496,0,0,0,805,recovery,606
17.032290660298468,184,0,320,496,0,0,0,806,infection,836
17.070788813677993,183,0,321,496,0,0,0,807,infection,337
17.071663263629304,183,0,320,497,0,0,0,807,recovery,542
17.088947182826544,182,0,321,497,0,0,0,808,infection,792
17.134582699221255,182,0,320,498,0,0,0,808,recovery,450
17.15629895008852,182,0,319,499,0,0,0,808,recovery,284
17.16824392364751,181,0,320,499,0,0,0,809,infection,481
17.173169506358143,180,0,321,499,0,0,0,810,infection,92
17.174004135650055,180,0,320,500,0,0,0,810,recovery,99
17.219058234039593,180,0,319,501,0,0,0,810,recovery,762
17.22104494157812,180,0,318,502,0,0,0,810,recovery,8
17.237822304917277,180,0,317,503,0,0,0,810,recovery,843
17.240510768442782,180,0,316,504,0,0,0,810,recovery,780
17.244514632978273,180,0,315,505,0,0,0,810,recovery,826
17.247586260993963,179,0,316,505,0,0,0,811,infection,75
17.250594492694827,178,0,317,505,0,0,0,812,infection,209
17.261809772352485,178,0,316,506,0,0,0,812,recovery,828
17.283869809919576,177,0,317,506,0,0,0,813,infection,5
17.295966119840465,177,0,316,507,0,0,0,813,recovery,976
17.308920525344398,177,0,315,508,0,0,0,813,recovery,389
17.309810538396135,176,0,316,508,0,0,0,814,infection,280
17.328637509510745,175,0,317,508,0,0,0,815,infection,816
17.33066308148976,175,0,316,509,0,0,0,815,recovery,504
17.340124403535203,175,0,315,510,0,0,0,815,recovery,326
17.35753002041607,174,0,316,510,0,0,0,816,infection,425
17.363452934891587,174,0,315,511,0,0,0,816,recovery,66
17.380039417194954,173,0,316,511,0,0,0,817,infection,174
17.390602954547475,172,0,317,511,0,0,0,818,infection,832
17.414435649789596,172,0,316,512,0,0,0,818,recovery,380
17.44988013740671,171,0,317,512,0,0,0,819,infection,710
17.453610076188305,170,0,318,512,0,0,0,820,infection,420
17.45638222462759,169,0,319,512,0,0,0,821,infection,485
17.460447911902016,169,0,318,513,0,0,0,821,recovery,27
17.467637889919597,168,0,319,513,0,0,0,822,infection,540
17.47161468496673,167,0,320,513,0,0,0,823,infection,244
17.47892005155646,166,0,321,513,0,0,0,824,infection,888
17.533633078261136,166,0,320,514,0,0,0,824,recovery,449
17.56319307347577,165,0,321,514,0,0,0,825,infection,231
17.573469833676935,165,0,320,515,0,0,0,825,recovery,529
17.597328258358683,165,0,319,516,0,0,0,825,recovery,420
17.626534563543757,165,0,318,517,0,0,0,825,recovery,671
17.63905518405811,165,0,317,518,0,0,0,825,recovery,850
17.674660470781703,165,0,316,519,0,0,0,825,recovery,710
17.676666206716256,165,0,315,520,0,0,0,825,recovery,493
17.683656407352583,165,0,314,521,0,0,0,825,recovery,833
17.689586428281636,165,0,313,522,0,0,0,825,recovery,563
17.71712693493111,164,0,314,522,0,0,0,826,infection,667
17.73186532681049,163,0,315,522,0,0,0,827,infection,440
17.740418160603888,163,0,314,523,0,0,0,827,recovery,774
17.743365097835493,163,0,313,524,0,0,0,827,recovery,352
17.767199561135225,163,0,312,525,0,0,0,827,recovery,815
17.775423636416566,162,0,313,525,0,0,0,828,infection,496
17.78210516466304,162,0,312,526,0,0,0,828,recovery,800
17.80258440690769,161,0,313,526,0,0,0,829,infection,548
17.816626764203523,161,0,312,527,0,0,0,829,recovery,199
17.828465342197205,161,0,311,528,0,0,0,829,recovery,822
17.830831651179615,161,0,310,529,0,0,0,829,recovery,110
17.853859808712457,161,0,309,530,0,0,0,829,recovery,84
17.863074586351853,161,0,308,531,0,0,0,829,recovery,399
17.892393262769254,160,0,309,531,0,0,0,830,infection,964
17.912178676891862,159,0,310,531,0,0,0,831,infection,301
17.92659479103248,159,0,309,532,0,0,0,831,recovery,736
17.932539185715658,158,0,310,532,0,0,0,832,infection,646
17.9555132990559,157,0,311,532,0,0,0,833,infection,261
17.95734385204054,157,0,310,533,0,0,0,833,recovery,588
17.958265785634257,157,0,309,534,0,0,0,833,recovery,551
17.958916475125623,157,0,308,535,0,0,0,833,recovery,869
17.990175179516687,157,0,307,536,0,0,0,833,recovery,416
17.99346850202574,157,0,306,537,0,0,0,833,recovery,702
18.007655674259357,157,0,305,538,0,0,0,833,recovery,443
18.00766975858403,156,0,306,538,0,0,0,834,infection,960
18.01142541304424,155,0,307,538,0,0,0,835,infection,131
18.014012387554654,155,0,306,539,0,0,0,835,recovery,170
18.01450553967237,155,0,305,540,0,0,0,835,recovery,367
18.01915932690653,154,0,306,540,0,0,0,836,infection,891
18.043118209445193,153,0,307,540,0,0,0,837,infection,520
18.054220607208922,153,0,306,541,0,0,0,837,recovery,221
18.05773042606067,153,0,305,542,0,0,0,837,recovery,873
18.0613905844536,152,0,306,542,0,0,0,838,infection,501
18.0704699320442,151,0,307,542,0,0,0,839,infection,733
18.08917878352098,151,0,306,543,0,0,0,839,recovery,635
18.121623243711294,151,0,305,544,0,0,0,839,recovery,87
18.13189583823878,151,0,304,545,0,0,0,839,recovery,174
18.148398876344118,150,0,305,545,0,0,0,840,infection,357
18.149648793455167,149,0,306,545,0,0,0,841,infection,845
18.179397766049668,149,0,305,546,0,0,0,841,recovery,812
18.191746331380774,148,0,306,546,0,0,0,842,infection,274
18.21107054408675,148,0,305,547,0,0,0,842,recovery,324
18.218466053096606,148,0,304,548,0,0,0,842,recovery,279
18.220403107419234,148,0,303,549,0,0,0,842,recovery,447
18.22148865235893,148,0,302,550,0,0,0,842,recovery,422
18.235047573812313,148,0,301,551,0,0,0,842,recovery,909
18.247968266694915,147,0,302,551,0,0,0,843,infection,439
18.28088635323795,147,0,301,552,0,0,0,843,recovery,312
18.28726879954935,147,0,300,553,0,0,0,843,recovery,364
18.28935309325545,147,0,299,554,0,0,0,843,recovery,117
18.29635502047142,146,0,300,554,0,0,0,844,infection,904
18.29896723876682,145,0,301,554,0,0,0,845,infection,911
18.322458662669472,144,0,302,554,0,0,0,846,infection,478
18.327330162106072,144,0,301,555,0,0,0,846,recovery,481
18.345649490907377,144,0,300,556,0,0,0,846,recovery,674
18.37027324473246,144,0,299,557,0,0,0,846,recovery,962
18.380745530524653,144,0,298,558,0,0,0,846,recovery,46
18.38573529858273,144,0,297,559,0,0,0,846,recovery,49
18.3970753377252,143,0,298,559,0,0,0,847,infection,664
18.408843574350872,142,0,299,559,0,0,0,848,infection,384
18.42802565420361,142,0,298,560,0,0,0,848,recovery,186
18.432695429585635,142,0,297,561,0,0,0,848,recovery,935
18.44566271834161,142,0,296,562,0,0,0,848,recovery,558
18.44690785335167,142,0,295,563,0,0,0,848,recovery,667
18.475713183233516,141,0,296,563,0,0,0,849,infection,319
18.508123804214993,141,0,295,564,0,0,0,849,recovery,891
18.52921340015776,140,0,296,564,0,0,0,850,infection,545
18.565966611248953,140,0,295,565,0,0,0,850,recovery,517
18.60016139449163,140,0,294,566,0,0,0,850,recovery,349
18.61115619808147,140,0,293,567,0,0,0,850,recovery,18
18.624786543343816,139,0,294,567,0,0,0,851,infection,722
18.661836915731293,139,0,293,568,0,0,0,851,recovery,761
18.69233843324546,138,0,294,568,0,0,0,852,infection,603
18.693637496839898,138,0,293,569,0,0,0,852,recovery,538
18.696379881806337,138,0,292,570,0,0,0,852,recovery,425
18.714641923895247,138,0,291,571,0,0,0,852,recovery,22
18.748661923977195,138,0,290,572,0,0,0,852,recovery,296
18.789092073252263,137,0,291,572,0,0,0,853,infection,430
18.79269320911031,137,0,290,573,0,0,0,853,recovery,940
18.809415033144838,137,0,289,574,0,0,0,853,recovery,5
18.837742858404454,136,0,290,574,0,0,0,854,infection,194
18.845271783297285,136,0,289,575,0,0,0,854,recovery,201
18.850552475894755,136,0,288,576,0,0,0,854,recovery,474
18.867745815441822,136,0,287,577,0,0,0,854,recovery,244
18.88630772945075,136,0,286,578,0,0,0,854,recovery,620
18.8992076304648,136,0,285,579,0,0,0,854,recovery,230
18.91160528499216,136,0,284,580,0,0,0,854,recovery,111
18.918653893422608,135,0,285,580,0,0,0,855,infection,344
18.943941371056606,135,0,284,581,0,0,0,855,recovery,703
18.951246691650528,134,0,285,581,0,0,0,856,infection,626
18.98668901538699,133,0,286,581,0,0,0,857,infection,235
18.9980797631265,132,0,287,581,0,0,0,858,infection,121
19.004417006490925,132,0,286,582,0,0,0,858,recovery,75
19.007269810922747,131,0,287,582,0,0,0,859,infection,561
19.035996770524257,131,0,286,583,0,0,0,859,recovery,624
19.038492973554373,130,0,287,583,0,0,0,860,infection,403
19.04667826462166,130,0,286,584,0,0,0,860,recovery,670
19.0683419376492,130,0,285,585,0,0,0,860,recovery,456
19.081794349322497,130,0,284,586,0,0,0,860,recovery,293
19.09066045142228,129,0,285,586,0,0,0,861,infection,441
19.10911608348564,128,0,286,586,0,0,0,862,infection,948
19.155350062028145,128,0,285,587,0,0,0,862,recovery,262
19.15715240511139,128,0,284,588,0,0,0,862,recovery,71
19.18053858677668,128,0,283,589,0,0,0,862,recovery,281
19.189063417791324,128,0,282,590,0,0,0,862,recovery,126
19.195395843063505,127,0,283,590,0,0,0,863,infection,672
19.20208645997918,127,0,282,591,0,0,0,863,recovery,112
19.25022006765202,127,0,281,592,0,0,0,863,recovery,248
19.25048013397321,127,0,280,593,0,0,0,863,recovery,964
19.274993529270272,127,0,279,594,0,0,0,863,recovery,733
19.29471162513113,127,0,278,595,0,0,0,863,recovery,707
19.31921465763466,126,0,279,595,0,0,0,864,infection,633
19.32355053922782,126,0,278,596,0,0,0,864,recovery,34
19.324451758455307,126,0,277,597,0,0,0,864,recovery,948
19.339096914819564,126,0,276,598,0,0,0,864,recovery,307
19.389123951475405,126,0,275,599,0,0,0,864,recovery,858
19.41046488565759,126,0,274,600,0,0,0,864,recovery,57
19.422595115507175,125,0,275,600,0,0,0,865,infection,171
19.46536517406797,125,0,274,601,0,0,0,865,recovery,184
19.48214477232431,124,0,275,601,0,0,0,866,infection,630
19.48528757505181,123,0,276,601,0,0,0,867,infection,193
19.509333950056426,122,0,277,601,0,0,0,868,infection,629
19.52502119602115,122,0,276,602,0,0,0,868,recovery,440
19.550018800813717,122,0,275,603,0,0,0,868,recovery,278
19.557528886935188,122,0,274,604,0,0,0,868,recovery,477
19.562011872085453,122,0,273,605,0,0,0,868,recovery,299
19.573821239482186,121,0,274,605,0,0,0,869,infection,240
19.603126238883497,121,0,273,606,0,0,0,869,recovery,15
19.605404726630386,121,0,272,607,0,0,0,869,recovery,313
19.678699778166337,120,0,273,607,0,0,0,870,infection,621
19.678720841774304,120,0,272,608,0,0,0,870,recovery,722
19.705463134312243,119,0,273,608,0,0,0,871,infection,149
19.722259735953486,119,0,272,609,0,0,0,871,recovery,610
19.73043927853859,119,0,271,610,0,0,0,871,recovery,56
19.743370590771207,119,0,270,611,0,0,0,871,recovery,268
19.759475261049783,119,0,269,612,0,0,0,871,recovery,747
19.761378524741747,119,0,268,613,0,0,0,871,recovery,658
19.765229828041523,119,0,267,614,0,0,0,871,recovery,540
19.79363527540973,119,0,266,615,0,0,0,871,recovery,569
19.82399126570689,118,0,267,615,0,0,0,872,infection,398
19.843990991792467,117,0,268,615,0,0,0,873,infection,120
19.860880501879887,117,0,267,616,0,0,0,873,recovery,461
19.866141633154108,117,0,266,617,0,0,0,873,recovery,222
19.87180706079572,117,0,265,618,0,0,0,873,recovery,207
19.87248534441336,116,0,266,618,0,0,0,874,infection,109
19.88778647414886,116,0,265,619,0,0,0,874,recovery,845
19.897864285275787,116,0,264,620,0,0,0,874,recovery,593
19.89944982789744,115,0,265,620,0,0,0,875,infection,162
19.913810656834745,115,0,264,621,0,0,0,875,recovery,837
19.924680425640922,114,0,265,621,0,0,0,876,infection,846
19.936321110594868,113,0,266,621,0,0,0,877,infection,124
19.973816388582186,113,0,265,622,0,0,0,877,recovery,688
20.011997338045223,113,0,264,623,0,0,0,877,recovery,260
20.034311795681745,113,0,263,624,0,0,0,877,recovery,570
20.058756308889283,113,0,262,625,0,0,0,877,recovery,827
20.100165884594865,113,0,261,626,0,0,0,877,recovery,528
20.120550141008966,113,0,260,627,0,0,0,877,recovery,240
20.12062954986425,113,0,259,628,0,0,0,877,recovery,394
20.144712585772304,113,0,258,629,0,0,0,877,recovery,951
20.15724150753737,113,0,257,630,0,0,0,877,recovery,136
20.157964238383613,113,0,256,631,0,0,0,877,recovery,704
20.170584834729155,113,0,255,632,0,0,0,877,recovery,376
20.181081293784473,113,0,254,633,0,0,0,877,recovery,424
20.205431518228103,113,0,253,634,0,0,0,877,recovery,786
20.230554902287334,112,0,254,634,0,0,0,878,infection,796
20.247352512671842,111,0,255,634,0,0,0,879,infection,692
20.259394701464267,111,0,254,635,0,0,0,879,recovery,448
20.269046364019776,111,0,253,636,0,0,0,879,recovery,226
20.285589947786107,111,0,252,637,0,0,0,879,recovery,765
20.29675915204568,111,0,251,638,0,0,0,879,recovery,862
20.314284827204062,111,0,250,639,0,0,0,879,recovery,572
20.319417100205662,111,0,249,640,0,0,0,879,recovery,85
20.37849617290785,111,0,248,641,0,0,0,879,recovery,236
20.403692683000017,111,0,247,642,0,0,0,879,recovery,423
20.453333385665335,111,0,246,643,0,0,0,879,recovery,982
20.45976707185199,110,0,247,643,0,0,0,880,infection,866
20.492424621967043,110,0,246,644,0,0,0,880,recovery,289
20.505811489965026,109,0,247,644,0,0,0,881,infection,959
20.507191195310355,109,0,246,645,0,0,0,881,recovery,926
20.5097441123994,109,0,245,646,0,0,0,881,recovery,810
20.540036600294307,109,0,244,647,0,0,0,881,recovery,759
20.548072931622745,108,0,245,647,0,0,0,882,infection,69
20.573034502801452,107,0,246,647,0,0,0,883,infection,393
20.675215181829543,107,0,245,648,0,0,0,883,recovery,545
20.695262492301957,107,0,244,649,0,0,0,883,recovery,541
20.708875598453933,107,0,243,650,0,0,0,883,recovery,69
20.723263221191722,107,0,242,651,0,0,0,883,recovery,496
20.723325825531028,106,0,243,651,0,0,0,884,infection,754
20.72403751502526,106,0,242,652,0,0,0,884,recovery,285
20.72611967527692,106,0,241,653,0,0,0,884,recovery,408
20.746033990267755,106,0,240,654,0,0,0,884,recovery,432
20.757352677870546,105,0,241,654,0,0,0,885,infection,720
20.81161261259497,105,0,240,655,0,0,0,885,recovery,149
20.82682000161988,104,0,241,655,0,0,0,886,infection,872
20.845303588875673,104,0,240,656,0,0,0,886,recovery,912
20.84727944599503,104,0,239,657,0,0,0,886,recovery,885
20.864578223719477,104,0,238,658,0,0,0,886,recovery,270
20.897988720357354,103,0,239,658,0,0,0,887,infection,618
20.92954687232025,102,0,240,658,0,0,0,888,infection,374
20.934766150073152,102,0,239,659,0,0,0,888,recovery,617
20.944252410222536,102,0,238,660,0,0,0,888,recovery,306
20.989253264609832,101,0,239,660,0,0,0,889,infection,113
20.9897260265751,101,0,238,661,0,0,0,889,recovery,317
20.99759918914719,101,0,237,662,0,0,0,889,recovery,651
21.029913169943793,101,0,236,663,0,0,0,889,recovery,777
21.038550647012812,101,0,235,664,0,0,0,889,recovery,138
21.08950420818058,101,0,234,665,0,0,0,889,recovery,925
21.095651960001383,101,0,233,666,0,0,0,889,recovery,904
21.131312807496563,101,0,232,667,0,0,0,889,recovery,232
21.136652503013128,101,0,231,668,0,0,0,889,recovery,832
21.151845214355053,101,0,230,669,0,0,0,889,recovery,771
21.16285167179635,100,0,231,669,0,0,0,890,infection,943
21.163685850042633,100,0,230,670,0,0,0,890,recovery,35
21.19144632636957,99,0,231,670,0,0,0,891,infection,148
21.199059636715436,99,0,230,671,0,0,0,891,recovery,195
21.240154371402298,99,0,229,672,0,0,0,891,recovery,848
21.250041140944365,99,0,228,673,0,0,0,891,recovery,697
21.251962017571415,99,0,227,674,0,0,0,891,recovery,621
21.26106283556326,99,0,226,675,0,0,0,891,recovery,252
21.301560320001748,99,0,225,676,0,0,0,891,recovery,866
21.307874630743985,99,0,224,677,0,0,0,891,recovery,608
21.318964329519495,99,0,223,678,0,0,0,891,recovery,571
21.31917962647039,99,0,222,679,0,0,0,891,recovery,121
21.335312523763584,98,0,223,679,0,0,0,892,infection,946
21.33880300369218,97,0,224,679,0,0,0,893,infection,413
21.357084390350714,97,0,223,680,0,0,0,893,recovery,478
21.397825778481923,97,0,222,681,0,0,0,893,recovery,846
21.412134745537593,97,0,221,682,0,0,0,893,recovery,277
21.433293261671114,97,0,220,683,0,0,0,893,recovery,127
21.4392799086834,97,0,219,684,0,0,0,893,recovery,156
21.44725721507036,97,0,218,685,0,0,0,893,recovery,290
21.489030044567635,97,0,217,686,0,0,0,893,recovery,754
21.515633204461686,97,0,216,687,0,0,0,893,recovery,582
21.57302785921589,97,0,215,688,0,0,0,893,recovery,501
21.57757224384104,97,0,214,689,0,0,0,893,recovery,867
21.587593264146815,97,0,213,690,0,0,0,893,recovery,311
21.59746689863932,97,0,212,691,0,0,0,893,recovery,430
21.601510950151933,97,0,211,692,0,0,0,893,recovery,231
21.651475738657847,97,0,210,693,0,0,0,893,recovery,626
21.671603026470798,97,0,209,694,0,0,0,893,recovery,185
21.67163528344659,97,0,208,695,0,0,0,893,recovery,175
21.70627623722216,97,0,207,696,0,0,0,893,recovery,484
21.728617400936315,96,0,208,696,0,0,0,894,infection,507
21.73531005654681,96,0,207,697,0,0,0,894,recovery,193
21.737349564044795,95,0,208,697,0,0,0,895,infection,615
21.753924149178303,94,0,209,697,0,0,0,896,infection,12
21.760992391171612,94,0,208,698,0,0,0,896,recovery,28
21.76170814907001,94,0,207,699,0,0,0,896,recovery,573
21.823361295743474,94,0,206,700,0,0,0,896,recovery,227
21.851164225652525,94,0,205,701,0,0,0,896,recovery,369
21.865871038868725,94,0,204,702,0,0,0,896,recovery,902
21.86669353101207,94,0,203,703,0,0,0,896,recovery,591
21.869568202784976,94,0,202,704,0,0,0,896,recovery,692
21.87202785267339,94,0,201,705,0,0,0,896,recovery,895
21.90765836486549,94,0,200,706,0,0,0,896,recovery,840
21.93046907577315,94,0,199,707,0,0,0,896,recovery,932
21.962293768281263,94,0,198,708,0,0,0,896,recovery,930
21.975428629208825,94,0,197,709,0,0,0,896,recovery,855
21.984361587153565,94,0,196,710,0,0,0,896,recovery,210
21.997896684439304,94,0,195,711,0,0,0,896,recovery,561
21.99790887517682,94,0,194,712,0,0,0,896,recovery,683
22.017250155056846,94,0,193,713,0,0,0,896,recovery,781
22.027314645222173,94,0,192,714,0,0,0,896,recovery,208
22.105996640915887,94,0,191,715,0,0,0,896,recovery,592
22.140632256947658,94,0,190,716,0,0,0,896,recovery,344
22.19156817828857,94,0,189,717,0,0,0,896,recovery,625
22.191936267715462,94,0,188,718,0,0,0,896,recovery,331
22.200157367186108,93,0,189,718,0,0,0,897,infection,137
22.20563359209655,93,0,188,719,0,0,0,897,recovery,500
22.20806810293456,93,0,187,720,0,0,0,897,recovery,439
22.25294309626239,93,0,186,721,0,0,0,897,recovery,397
22.292700009907367,93,0,185,722,0,0,0,897,recovery,357
22.297471816691644,92,0,186,722,0,0,0,898,infection,639
22.327779648490687,91,0,187,722,0,0,0,899,infection,464
22.35465049079162,91,0,186,723,0,0,0,899,recovery,880
22.40131360885879,91,0,185,724,0,0,0,899,recovery,631
22.431271975791063,91,0,184,725,0,0,0,899,recovery,470
22.434515134233482,90,0,185,725,0,0,0,900,infection,675
22.43867028688325,90,0,184,726,0,0,0,900,recovery,384
22.441743252654152,90,0,183,727,0,0,0,900,recovery,886
22.47865700727435,90,0,182,728,0,0,0,900,recovery,656
22.594722734732294,90,0,181,729,0,0,0,900,recovery,464
22.595433645450004,90,0,180,730,0,0,0,900,recovery,548
22.6936192889747,89,0,181,730,0,0,0,901,infection,766
22.742449958503883,88,0,182,730,0,0,0,902,infection,144
22.818907900054533,87,0,183,730,0,0,0,903,infection,893
22.839685112299236,86,0,184,730,0,0,0,904,infection,486
22.858398575037928,86,0,183,731,0,0,0,904,recovery,959
22.862913987946776,86,0,182,732,0,0,0,904,recovery,80
22.86595990490505,85,0,183,732,0,0,0,905,infection,579
22.88739869286738,85,0,182,733,0,0,0,905,recovery,556
22.953972370284205,85,0,181,734,0,0,0,905,recovery,903
22.99812334042763,84,0,182,734,0,0,0,906,infection,139
23.035444482961346,84,0,181,735,0,0,0,906,recovery,441
23.044160709585896,84,0,180,736,0,0,0,906,recovery,92
23.051357988006146,84,0,179,737,0,0,0,906,recovery,398
23.087806602076476,84,0,178,738,0,0,0,906,recovery,269
23.118422051901895,84,0,177,739,0,0,0,906,recovery,641
23.130025243822068,84,0,176,740,0,0,0,906,recovery,865
23.188572511041578,83,0,177,740,0,0,0,907,infection,205
23.19522892491287,82,0,178,740,0,0,0,908,infection,287
23.21337900323381,82,0,177,741,0,0,0,908,recovery,796
23.272146983052956,82,0,176,742,0,0,0,908,recovery,137
23.33800433089991,81,0,177,742,0,0,0,909,infection,839
23.39905537020369,81,0,176,743,0,0,0,909,recovery,657
23.401948654577833,81,0,175,744,0,0,0,909,recovery,116
23.43241156865559,81,0,174,745,0,0,0,909,recovery,198
23.507108906264826,81,0,173,746,0,0,0,909,recovery,618
23.54223493000492,81,0,172,747,0,0,0,909,recovery,300
23.556583945676085,81,0,171,748,0,0,0,909,recovery,611
23.573736727869846,81,0,170,749,0,0,0,909,recovery,675
23.63114919486084,80,0,171,749,0,0,0,910,infection,906
23.679888379913756,80,0,170,750,0,0,0,910,recovery,412
23.737643281093114,80,0,169,751,0,0,0,910,recovery,81
23.77890404769129,80,0,168,752,0,0,0,910,recovery,292
23.824643649979823,80,0,167,753,0,0,0,910,recovery,841
23.830925241345934,80,0,166,754,0,0,0,910,recovery,630
23.86437476393994,80,0,165,755,0,0,0,910,recovery,507
23.9188881334615,80,0,164,756,0,0,0,910,recovery,486
23.951276872196914,80,0,163,757,0,0,0,910,recovery,246
23.953361175503712,79,0,164,757,0,0,0,911,infection,669
24.023959892252762,78,0,165,757,0,0,0,912,infection,65
24.03203561175345,77,0,166,757,0,0,0,913,infection,513
24.03899527659975,76,0,167,757,0,0,0,914,infection,411
24.096673458435063,76,0,166,758,0,0,0,914,recovery,233
24.106002513042995,76,0,165,759,0,0,0,914,recovery,160
24.13195088749578,76,0,164,760,0,0,0,914,recovery,650
24.1429226655739,76,0,163,761,0,0,0,914,recovery,403
24.155818527727778,76,0,162,762,0,0,0,914,recovery,120
24.1980493779497,76,0,161,763,0,0,0,914,recovery,776
24.199614869194825,76,0,160,764,0,0,0,914,recovery,532
24.199785865139745,76,0,159,765,0,0,0,914,recovery,531
24.242458806270168,76,0,158,766,0,0,0,914,recovery,960
24.288412240363606,76,0,157,767,0,0,0,914,recovery,553
24.337268842653913,76,0,156,768,0,0,0,914,recovery,988
24.345103343811587,76,0,155,769,0,0,0,914,recovery,718
24.349328977677473,76,0,154,770,0,0,0,914,recovery,433
24.35504503299044,76,0,153,771,0,0,0,914,recovery,709
24.358878262352945,76,0,152,772,0,0,0,914,recovery,196
24.397480465348796,76,0,151,773,0,0,0,914,recovery,642
24.426305717301503,76,0,150,774,0,0,0,914,recovery,86
24.467552612108165,76,0,149,775,0,0,0,914,recovery,471
24.484037032988912,75,0,150,775,0,0,0,915,infection,821
24.492873703822635,74,0,151,775,0,0,0,916,infection,881
24.493743941984434,73,0,152,775,0,0,0,917,infection,442
24.54132631887238,73,0,151,776,0,0,0,917,recovery,577
24.56231511111472,72,0,152,776,0,0,0,918,infection,228
24.56260122766892,72,0,151,777,0,0,0,918,recovery,601
24.590960801616802,71,0,152,777,0,0,0,919,infection,458
24.650068896561024,71,0,151,778,0,0,0,919,recovery,272
24.715035569756893,71,0,150,779,0,0,0,919,recovery,371
24.73418298118945,70,0,151,779,0,0,0,920,infection,143
24.75881647704839,69,0,152,779,0,0,0,921,infection,472
24.78749828280683,69,0,151,780,0,0,0,921,recovery,283
24.816457438570783,69,0,150,781,0,0,0,921,recovery,143
24.81971735833707,68,0,151,781,0,0,0,922,infection,419
24.862924458581,68,0,150,782,0,0,0,922,recovery,171
24.869870582403404,67,0,151,782,0,0,0,923,infection,107
24.87730829482298,67,0,150,783,0,0,0,923,recovery,557
24.8986560962374,67,0,149,784,0,0,0,923,recovery,458
24.971078531235758,67,0,148,785,0,0,0,923,recovery,472
25.20627467104077,67,0,147,786,0,0,0,923,recovery,578
25.21715714324662,67,0,146,787,0,0,0,923,recovery,428
25.224748528018296,67,0,145,788,0,0,0,923,recovery,739
25.246558834137296,67,0,144,789,0,0,0,923,recovery,672
25.406158004863393,67,0,143,790,0,0,0,923,recovery,883
25.464971262989483,67,0,142,791,0,0,0,923,recovery,101
25.4807775099324,67,0,141,792,0,0,0,923,recovery,1
25.520250440021393,67,0,140,793,0,0,0,923,recovery,254
25.553431426181334,67,0,139,794,0,0,0,923,recovery,453
25.655091763486595,67,0,138,795,0,0,0,923,recovery,615
25.661846945733263,67,0,137,796,0,0,0,923,recovery,629
25.68022982124436,67,0,136,797,0,0,0,923,recovery,690
25.686156902904813,67,0,135,798,0,0,0,923,recovery,633
25.69511850213354,67,0,134,799,0,0,0,923,recovery,107
25.783722775332084,67,0,133,800,0,0,0,923,recovery,109
25.814643500563665,67,0,132,801,0,0,0,923,recovery,889
25.861774047397248,67,0,131,802,0,0,0,923,recovery,513
25.875989952429304,67,0,130,803,0,0,0,923,recovery,205
25.89161337379531,67,0,129,804,0,0,0,923,recovery,816
25.93411461578315,66,0,130,804,0,0,0,924,infection,247
25.9492781208797,66,0,129,805,0,0,0,924,recovery,162
26.14547503850392,65,0,130,805,0,0,0,925,infection,158
26.168139658938237,65,0,129,806,0,0,0,925,recovery,943
26.198825946638877,65,0,128,807,0,0,0,925,recovery,792
26.214380248659783,65,0,127,808,0,0,0,925,recovery,158
26.216096184018305,65,0,126,809,0,0,0,925,recovery,353
26.267245639799718,65,0,125,810,0,0,0,925,recovery,148
26.27207162327993,65,0,124,811,0,0,0,925,recovery,881
26.376967445268107,65,0,123,812,0,0,0,925,recovery,152
26.493504270445094,65,0,122,813,0,0,0,925,recovery,490
26.54952770346686,65,0,121,814,0,0,0,925,recovery,378
26.589501048572682,65,0,120,815,0,0,0,925,recovery,836
26.68503071768485,65,0,119,816,0,0,0,925,recovery,206
26.715886242462222,65,0,118,817,0,0,0,925,recovery,539
26.804086895782046,65,0,117,818,0,0,0,925,recovery,480
26.829689316548368,65,0,116,819,0,0,0,925,recovery,936
26.835057593682155,64,0,117,819,0,0,0,926,infection,524
26.899638186254865,64,0,116,820,0,0,0,926,recovery,123
27.0188835370044,64,0,115,821,0,0,0,926,recovery,319
27.047876323638224,63,0,116,821,0,0,0,927,infection,220
27.099490777950116,62,0,117,821,0,0,0,928,infection,302
27.113305451988637,62,0,116,822,0,0,0,928,recovery,492
27.120476398212134,62,0,115,823,0,0,0,928,recovery,669
27.135572618518367,62,0,114,824,0,0,0,928,recovery,913
27.384442943551292,62,0,113,825,0,0,0,928,recovery,90
27.402091715256187,62,0,112,826,0,0,0,928,recovery,280
27.419022832351743,62,0,111,827,0,0,0,928,recovery,219
27.491956183200475,61,0,112,827,0,0,0,929,infection,737
27.515935701535263,61,0,111,828,0,0,0,929,recovery,783
27.53453227378803,61,0,110,829,0,0,0,929,recovery,579
27.68377963150477,61,0,109,830,0,0,0,929,recovery,720
27.720505560295532,61,0,108,831,0,0,0,929,recovery,939
27.730397525537917,61,0,107,832,0,0,0,929,recovery,316
27.753884339109135,61,0,106,833,0,0,0,929,recovery,729
27.789153396615298,61,0,105,834,0,0,0,929,recovery,742
27.7985046343423,61,0,104,835,0,0,0,929,recovery,375
27.847766785376784,61,0,103,836,0,0,0,929,recovery,666
27.929413317118303,61,0,102,837,0,0,0,929,recovery,209
27.936691294614963,61,0,101,838,0,0,0,929,recovery,36
27.939497407160133,61,0,100,839,0,0,0,929,recovery,124
27.960849558691777,60,0,101,839,0,0,0,930,infection,26
27.96444332509701,59,0,102,839,0,0,0,931,infection,70
27.970985772825237,59,0,101,840,0,0,0,931,recovery,6
28.07977323217367,59,0,100,841,0,0,0,931,recovery,202
28.154800539218545,58,0,101,841,0,0,0,932,infection,67
28.246305884544686,58,0,100,842,0,0,0,932,recovery,758
28.27169666820801,58,0,99,843,0,0,0,932,recovery,737
28.27609759026342,58,0,98,844,0,0,0,932,recovery,79
28.304063088059152,58,0,97,845,0,0,0,932,recovery,26
28.312065943950337,58,0,96,846,0,0,0,932,recovery,727
28.38288967672537,58,0,95,847,0,0,0,932,recovery,393
28.497537306284173,58,0,94,848,0,0,0,932,recovery,228
28.54101390239755,58,0,93,849,0,0,0,932,recovery,332
28.76029552678808,58,0,92,850,0,0,0,932,recovery,70
28.7658241035942,58,0,91,851,0,0,0,932,recovery,639
28.79356431445497,57,0,92,851,0,0,0,933,infection,72
29.056457386319316,57,0,91,852,0,0,0,933,recovery,235
29.060120779960826,57,0,90,853,0,0,0,933,recovery,821
29.12075172680458,57,0,89,854,0,0,0,933,recovery,565
29.127721020567748,56,0,90,854,0,0,0,934,infection,20
29.158810946471522,56,0,89,855,0,0,0,934,recovery,524
29.198167717830188,56,0,88,856,0,0,0,934,recovery,984
29.26119936679168,56,0,87,857,0,0,0,934,recovery,435
29.526312829298732,56,0,86,858,0,0,0,934,recovery,872
29.562978965775287,56,0,85,859,0,0,0,934,recovery,687
29.576548086882244,56,0,84,860,0,0,0,934,recovery,241
29.59132422413036,56,0,83,861,0,0,0,934,recovery,760
29.695765306555938,55,0,84,861,0,0,0,935,infection,499
29.814675143549003,55,0,83,862,0,0,0,935,recovery,203
29.87098279122569,55,0,82,863,0,0,0,935,recovery,220
29.880579464944304,55,0,81,864,0,0,0,935,recovery,337
29.881520631766293,55,0,80,865,0,0,0,935,recovery,335
29.896053920646843,55,0,79,866,0,0,0,935,recovery,972
29.963680035899895,54,0,80,866,0,0,0,936,infection,288
29.97161769407982,54,0,79,867,0,0,0,936,recovery,95
30.071941008515147,53,0,80,867,0,0,0,937,infection,804
30.073765745064353,53,0,79,868,0,0,0,937,recovery,806
30.15895159655151,53,0,78,869,0,0,0,937,recovery,655
30.294741001220928,53,0,77,870,0,0,0,937,recovery,694
30.534780627128832,53,0,76,871,0,0,0,937,recovery,511
30.6122527231669,53,0,75,872,0,0,0,937,recovery,65
30.87059610179567,53,0,74,873,0,0,0,937,recovery,919
31.282290004435957,53,0,73,874,0,0,0,937,recovery,204
31.312332979919706,52,0,74,874,0,0,0,938,infection,989
31.331380688210427,52,0,73,875,0,0,0,938,recovery,318
31.40156880062472,52,0,72,876,0,0,0,938,recovery,73
31.67606174983355,52,0,71,877,0,0,0,938,recovery,139
31.70249123230241,51,0,72,877,0,0,0,939,infection,473
31.710124474722555,51,0,71,878,0,0,0,939,recovery,487
31.751078391610072,51,0,70,879,0,0,0,939,recovery,745
32.06590234830969,51,0,69,880,0,0,0,939,recovery,911
32.0833582054218,51,0,68,881,0,0,0,939,recovery,145
32.145861061359824,51,0,67,882,0,0,0,939,recovery,679
32.179109430933096,51,0,66,883,0,0,0,939,recovery,678
32.181764050784665,51,0,65,884,0,0,0,939,recovery,144
32.19329010679411,51,0,64,885,0,0,0,939,recovery,134
32.19364002770972,51,0,63,886,0,0,0,939,recovery,989
32.31669162317983,51,0,62,887,0,0,0,939,recovery,261
32.36897663635892,51,0,61,888,0,0,0,939,recovery,906
32.42350285206851,51,0,60,889,0,0,0,939,recovery,636
32.42680253811842,50,0,61,889,0,0,0,940,infection,63
32.547878537265944,50,0,60,890,0,0,0,940,recovery,721
32.58664939541225,50,0,59,891,0,0,0,940,recovery,647
32.63587524752114,50,0,58,892,0,0,0,940,recovery,664
32.70445012448188,50,0,57,893,0,0,0,940,recovery,131
32.722489733150965,50,0,56,894,0,0,0,940,recovery,613
32.74394914775383,49,0,57,894,0,0,0,941,infection,454
32.77691410920859,49,0,56,895,0,0,0,941,recovery,682
32.85396464261827,49,0,55,896,0,0,0,941,recovery,502
32.93278201661304,49,0,54,897,0,0,0,941,recovery,766
33.376193581740104,49,0,53,898,0,0,0,941,recovery,413
33.40229185244189,49,0,52,899,0,0,0,941,recovery,173
33.433705891060725,49,0,51,900,0,0,0,941,recovery,649
33.704848303831554,49,0,50,901,0,0,0,941,recovery,20
33.7279391948541,49,0,49,902,0,0,0,941,recovery,302
33.79420976980945,49,0,48,903,0,0,0,941,recovery,419
33.88216730202136,49,0,47,904,0,0,0,941,recovery,661
34.00528610548198,49,0,46,905,0,0,0,941,recovery,2
34.232933120713646,49,0,45,906,0,0,0,941,recovery,830
34.287616598691045,49,0,44,907,0,0,0,941,recovery,485
34.32467199500699,49,0,43,908,0,0,0,941,recovery,442
34.42285816666275,49,0,42,909,0,0,0,941,recovery,499
34.44089448384305,49,0,41,910,0,0,0,941,recovery,898
34.656237998188345,48,0,42,910,0,0,0,942,infection,864
34.741839495230735,48,0,41,911,0,0,0,942,recovery,63
34.81834830409329,48,0,40,912,0,0,0,942,recovery,520
34.86959352804545,48,0,39,913,0,0,0,942,recovery,802
35.20713503814943,48,0,38,914,0,0,0,942,recovery,888
35.319682718435494,48,0,37,915,0,0,0,942,recovery,374
35.33183412441515,47,0,38,915,0,0,0,943,infection,96
35.409635428797195,47,0,37,916,0,0,0,943,recovery,72
35.413241322125124,47,0,36,917,0,0,0,943,recovery,603
35.81543406943402,47,0,35,918,0,0,0,943,recovery,197
35.84957552588891,46,0,36,918,0,0,0,944,infection,791
36.1275109404984,46,0,35,919,0,0,0,944,recovery,527
36.3348555971888,46,0,34,920,0,0,0,944,recovery,96
36.38285015736153,46,0,33,921,0,0,0,944,recovery,560
36.393027592492054,46,0,32,922,0,0,0,944,recovery,67
36.70939520086319,46,0,31,923,0,0,0,944,recovery,947
36.8215545476228,46,0,30,924,0,0,0,944,recovery,454
36.92256149504368,46,0,29,925,0,0,0,944,recovery,646
37.11865940939008,46,0,28,926,0,0,0,944,recovery,17
37.30464179719675,45,0,29,926,0,0,0,945,infection,764
37.3446514804457,44,0,30,926,0,0,0,946,infection,452
37.38254893840081,44,0,29,927,0,0,0,946,recovery,724
37.870360954323225,44,0,28,928,0,0,0,946,recovery,247
38.52167308381184,43,0,29,928,0,0,0,947,infection,825
38.8935522344761,43,0,28,929,0,0,0,947,recovery,24
39.053140184341345,43,0,27,930,0,0,0,947,recovery,764
39.372707217564454,43,0,26,931,0,0,0,947,recovery,333
39.5262259380168,43,0,25,932,0,0,0,947,recovery,194
39.541236455062375,43,0,24,933,0,0,0,947,recovery,401
39.68206280252979,43,0,23,934,0,0,0,947,recovery,301
40.0,43,0,23,934,0,0,0,947,horizon,0
