t,S,E,I,R,births,deaths,vaccinated,infections,event,person
0.0,990,0,10,0,0,0,0,0,initial,0
0.09291726917481917,989,0,11,0,0,0,0,1,infection,383
0.6429054127527689,988,0,12,0,0,0,0,2,infection,172
0.671679352755828,987,0,13,0,0,0,0,3,infection,206
0.67890645876592,986,0,14,0,0,0,0,4,infection,345
0.7581975856100663,985,0,15,0,0,0,0,5,infection,896
0.7615672472915922,984,0,16,0,0,0,0,6,infection,26
0.8428603815528869,983,0,17,0,0,0,0,7,infection,165
0.8694620469408794,982,0,18,0,0,0,0,8,infection,256
0.9022165006342138,981,0,19,0,0,0,0,9,infection,212
0.9246146702633734,980,0,20,0,0,0,0,10,infection,700
1.1117074004062781,979,0,21,0,0,0,0,11,infection,189
1.1151331489729448,978,0,22,0,0,0,0,12,infection,226
1.1275923399383,978,0,21,1,0,0,0,12,recovery,993
1.150893041497559,977,0,22,1,0,0,0,13,infection,167
1.171109557505742,977,0,21,2,0,0,0,13,recovery,896
1.206470083267224,977,0,20,3,0,0,0,13,recovery,700
1.4132639391955784,976,0,21,3,0,0,0,14,infection,325
1.4487496814116332,976,0,20,4,0,0,0,14,recovery,26
1.4724834817189991,976,0,19,5,0,0,0,14,recovery,997
1.4757671932018406,975,0,20,5,0,0,0,15,infection,955
1.580775800533946,974,0,21,5,0,0,0,16,infection,504
1.6794144497850945,973,0,22,5,0,0,0,17,infection,644
1.7107235301303398,972,0,23,5,0,0,0,18,infection,753
1.717411061135412,972,0,22,6,0,0,0,18,recovery,345
1.8196384897285929,971,0,23,6,0,0,0,19,infection,833
1.8232223321516732,970,0,24,6,0,0,0,20,infection,878
1.8771925700949832,969,0,25,6,0,0,0,21,infection,378
1.961387717095732,969,0,24,7,0,0,0,21,recovery,189
2.0085788762877654,968,0,25,7,0,0,0,22,infection,343
2.0416788849452296,967,0,26,7,0,0,0,23,infection,554
2.0652995497106255,966,0,27,7,0,0,0,24,infection,904
2.155463438064301,965,0,28,7,0,0,0,25,infection,969
2.163853210127874,964,0,29,7,0,0,0,26,infection,368
2.173864610980631,963,0,30,7,0,0,0,27,infection,241
2.179307250262587,962,0,31,7,0,0,0,28,infection,163
2.1910130739217863,961,0,32,7,0,0,0,29,infection,641
2.2021948410237155,960,0,33,7,0,0,0,30,infection,632
2.386352996645999,959,0,34,7,0,0,0,31,infection,413
2.43624995863612,958,0,35,7,0,0,0,32,infection,945
2.46240356644181,957,0,36,7,0,0,0,33,infection,509
2.479866028822385,956,0,37,7,0,0,0,34,infection,679
2.500981922341213,955,0,38,7,0,0,0,35,infection,958
2.5688911778899763,954,0,39,7,0,0,0,36,infection,736
2.6120489781812575,953,0,40,7,0,0,0,37,infection,921
2.63587303036895,952,0,41,7,0,0,0,38,infection,466
2.6652253572142577,951,0,42,7,0,0,0,39,infection,507
2.6786458503641635,950,0,43,7,0,0,0,40,infection,903
2.679952338797365,949,0,44,7,0,0,0,41,infection,188
2.687253723805829,948,0,45,7,0,0,0,42,infection,654
2.726545831139243,947,0,46,7,0,0,0,43,infection,19
2.729804504111276,946,0,47,7,0,0,0,44,infection,242
2.7502492918809245,946,0,46,8,0,0,0,44,recovery,368
2.752057262875563,946,0,45,9,0,0,0,44,recovery,994
2.764965614806193,945,0,46,9,0,0,0,45,infection,67
2.782388889866246,944,0,47,9,0,0,0,46,infection,50
2.7832894929899683,943,0,48,9,0,0,0,47,infection,564
2.7896972301751415,942,0,49,9,0,0,0,48,infection,149
2.840857205334082,941,0,50,9,0,0,0,49,infection,732
2.85028096580961,940,0,51,9,0,0,0,50,infection,677
2.8509611199289404,940,0,50,10,0,0,0,50,recovery,167
2.8828104028286217,939,0,51,10,0,0,0,51,infection,702
2.919240603896509,938,0,52,10,0,0,0,52,infection,403
2.9283846348117315,937,0,53,10,0,0,0,53,infection,605
2.944532573984015,936,0,54,10,0,0,0,54,infection,230
2.9587060619408203,936,0,53,11,0,0,0,54,recovery,230
3.0449470202199453,935,0,54,11,0,0,0,55,infection,578
3.0532086923544686,935,0,53,12,0,0,0,55,recovery,554
3.060650760580042,935,0,52,13,0,0,0,55,recovery,679
3.0808491007704863,934,0,53,13,0,0,0,56,infection,184
3.106980658321749,933,0,54,13,0,0,0,57,infection,416
3.2178766868544217,933,0,53,14,0,0,0,57,recovery,504
3.26191365963302,932,0,54,14,0,0,0,58,infection,385
3.282011616792215,932,0,53,15,0,0,0,58,recovery,605
3.284871940310115,931,0,54,15,0,0,0,59,infection,795
3.2944724458940513,930,0,55,15,0,0,0,60,infection,38
3.404439784482218,929,0,56,15,0,0,0,61,infection,197
3.4221634994262393,929,0,55,16,0,0,0,61,recovery,999
3.450277980810931,929,0,54,17,0,0,0,61,recovery,702
3.451891125388464,929,0,53,18,0,0,0,61,recovery,955
3.5158586626417443,928,0,54,18,0,0,0,62,infection,470
3.532990710015613,927,0,55,18,0,0,0,63,infection,443
3.5524423356403645,926,0,56,18,0,0,0,64,infection,867
3.570364385097215,925,0,57,18,0,0,0,65,infection,727
3.6148514250846797,924,0,58,18,0,0,0,66,infection,525
3.621672194912545,923,0,59,18,0,0,0,67,infection,952
3.674346012769681,923,0,58,19,0,0,0,67,recovery,19
3.686554689271844,922,0,59,19,0,0,0,68,infection,106
3.7004084409168336,921,0,60,19,0,0,0,69,infection,653
3.722190970792013,920,0,61,19,0,0,0,70,infection,166
3.7544278035953975,919,0,62,19,0,0,0,71,infection,405
3.7944269436705795,918,0,63,19,0,0,0,72,infection,717
3.80520279958815,918,0,62,20,0,0,0,72,recovery,921
3.8430149089065093,917,0,63,20,0,0,0,73,infection,220
3.8524745496244717,917,0,62,21,0,0,0,73,recovery,383
3.8792828105134354,916,0,63,21,0,0,0,74,infection,292
3.879979550552765,915,0,64,21,0,0,0,75,infection,739
3.8976031372801225,915,0,63,22,0,0,0,75,recovery,403
3.927079937536462,915,0,62,23,0,0,0,75,recovery,325
3.929971003916918,914,0,63,23,0,0,0,76,infection,691
3.957462703108613,913,0,64,23,0,0,0,77,infection,114
3.960681946723667,912,0,65,23,0,0,0,78,infection,781
3.9799924948130423,911,0,66,23,0,0,0,79,infection,351
4.041394428280564,910,0,67,23,0,0,0,80,infection,913
4.047837190162786,909,0,68,23,0,0,0,81,infection,253
4.0550855236574,908,0,69,23,0,0,0,82,infection,692
4.069325257101929,907,0,70,23,0,0,0,83,infection,344
4.072460190263546,907,0,69,24,0,0,0,83,recovery,443
4.072637527162214,906,0,70,24,0,0,0,84,infection,785
4.137211017834678,905,0,71,24,0,0,0,85,infection,704
4.141495151218142,904,0,72,24,0,0,0,86,infection,433
4.165884402967182,903,0,73,24,0,0,0,87,infection,625
4.184318022769509,902,0,74,24,0,0,0,88,infection,477
4.238650266468287,901,0,75,24,0,0,0,89,infection,125
4.241901390061354,900,0,76,24,0,0,0,90,infection,810
4.243683610300518,899,0,77,24,0,0,0,91,infection,647
4.24581340757252,899,0,76,25,0,0,0,91,recovery,466
4.266086908591729,898,0,77,25,0,0,0,92,infection,885
4.275400582190234,897,0,78,25,0,0,0,93,infection,59
4.290845885184428,896,0,79,25,0,0,0,94,infection,764
4.324374871814255,895,0,80,25,0,0,0,95,infection,568
4.374742343552639,894,0,81,25,0,0,0,96,infection,886
4.387970986224147,893,0,82,25,0,0,0,97,infection,380
4.403209302501642,892,0,83,25,0,0,0,98,infection,175
4.4113242482420745,891,0,84,25,0,0,0,99,infection,353
4.427034319778018,891,0,83,26,0,0,0,99,recovery,242
4.461018718375511,890,0,84,26,0,0,0,100,infection,597
4.507292264192318,890,0,83,27,0,0,0,100,recovery,378
4.519703858657536,889,0,84,27,0,0,0,101,infection,159
4.56997429925196,888,0,85,27,0,0,0,102,infection,546
4.586526240819566,888,0,84,28,0,0,0,102,recovery,564
4.587410060210669,887,0,85,28,0,0,0,103,infection,667
4.588112822425137,886,0,86,28,0,0,0,104,infection,936
4.605962623126831,885,0,87,28,0,0,0,105,infection,471
4.6253909778360915,884,0,88,28,0,0,0,106,infection,626
4.661855927341384,883,0,89,28,0,0,0,107,infection,570
4.686468172054181,882,0,90,28,0,0,0,108,infection,915
4.694369770492433,881,0,91,28,0,0,0,109,infection,750
4.6973306762196145,881,0,90,29,0,0,0,109,recovery,570
4.697855628788326,880,0,91,29,0,0,0,110,infection,985
4.722082896979883,879,0,92,29,0,0,0,111,infection,666
4.746982836228609,878,0,93,29,0,0,0,112,infection,447
4.801667175365051,878,0,92,30,0,0,0,112,recovery,416
4.840368857633126,877,0,93,30,0,0,0,113,infection,803
4.8585001424589285,876,0,94,30,0,0,0,114,infection,589
4.901594572224945,875,0,95,30,0,0,0,115,infection,233
4.9087051879051975,874,0,96,30,0,0,0,116,infection,854
4.911208654274738,873,0,97,30,0,0,0,117,infection,22
4.91421003149749,872,0,98,30,0,0,0,118,infection,60
4.916934713736028,871,0,99,30,0,0,0,119,infection,134
4.9198592364478495,871,0,98,31,0,0,0,119,recovery,125
4.967901138986033,870,0,99,31,0,0,0,120,infection,616
4.989118324617218,869,0,100,31,0,0,0,121,infection,85
5.005993082659518,868,0,101,31,0,0,0,122,infection,161
5.007581593854667,867,0,102,31,0,0,0,123,infection,519
5.038055999523655,867,0,101,32,0,0,0,123,recovery,59
5.1366891627624245,867,0,100,33,0,0,0,123,recovery,904
5.147848495914379,866,0,101,33,0,0,0,124,infection,949
5.153249912692687,865,0,102,33,0,0,0,125,infection,574
5.184434242265102,865,0,101,34,0,0,0,125,recovery,344
5.186360761393649,865,0,100,35,0,0,0,125,recovery,546
5.186958955062363,864,0,101,35,0,0,0,126,infection,664
5.192029791121641,863,0,102,35,0,0,0,127,infection,237
5.20041432149584,862,0,103,35,0,0,0,128,infection,811
5.205439456257719,861,0,104,35,0,0,0,129,infection,431
5.213947352991054,860,0,105,35,0,0,0,130,infection,941
5.218284850885192,859,0,106,35,0,0,0,131,infection,831
5.2318652820031675,858,0,107,35,0,0,0,132,infection,611
5.279991898626047,857,0,108,35,0,0,0,133,infection,331
5.31351818897162,857,0,107,36,0,0,0,133,recovery,206
5.323147506602695,856,0,108,36,0,0,0,134,infection,454
5.334635447185912,856,0,107,37,0,0,0,134,recovery,184
5.354564865186134,855,0,108,37,0,0,0,135,infection,708
5.370374556817979,855,0,107,38,0,0,0,135,recovery,22
5.4019141208853805,854,0,108,38,0,0,0,136,infection,152
5.4022094401992025,853,0,109,38,0,0,0,137,infection,869
5.4046635443275575,853,0,108,39,0,0,0,137,recovery,936
5.40698797021003,852,0,109,39,0,0,0,138,infection,946
5.414470433017103,852,0,108,40,0,0,0,138,recovery,433
5.41664395454058,851,0,109,40,0,0,0,139,infection,76
5.417666783514803,850,0,110,40,0,0,0,140,infection,914
5.428295559292279,849,0,111,40,0,0,0,141,infection,668
5.434815012596394,849,0,110,41,0,0,0,141,recovery,616
5.45104624863068,848,0,111,41,0,0,0,142,infection,387
5.469425788870121,848,0,110,42,0,0,0,142,recovery,152
5.472628677479658,847,0,111,42,0,0,0,143,infection,338
5.472642480782799,847,0,110,43,0,0,0,143,recovery,626
5.473436453230052,846,0,111,43,0,0,0,144,infection,160
5.487965005344454,845,0,112,43,0,0,0,145,infection,964
5.489501430545727,844,0,113,43,0,0,0,146,infection,266
5.541217886402039,843,0,114,43,0,0,0,147,infection,348
5.559133027420235,842,0,115,43,0,0,0,148,infection,871
5.573030292573476,842,0,114,44,0,0,0,148,recovery,431
5.588278756728575,842,0,113,45,0,0,0,148,recovery,160
5.588518823976769,842,0,112,46,0,0,0,148,recovery,134
5.619764532285746,841,0,113,46,0,0,0,149,infection,336
5.621799381639805,840,0,114,46,0,0,0,150,infection,25
5.65926993739892,839,0,115,46,0,0,0,151,infection,862
5.661952797999003,838,0,116,46,0,0,0,152,infection,673
5.6647190128238165,837,0,117,46,0,0,0,153,infection,548
5.689686475315622,836,0,118,46,0,0,0,154,infection,932
5.698783822482634,835,0,119,46,0,0,0,155,infection,656
5.699896878495197,834,0,120,46,0,0,0,156,infection,734
5.714690939006605,834,0,119,47,0,0,0,156,recovery,867
5.725385982615859,834,0,118,48,0,0,0,156,recovery,854
5.752469088636281,833,0,119,48,0,0,0,157,infection,243
5.752743436498591,832,0,120,48,0,0,0,158,infection,950
5.7535999179075015,832,0,119,49,0,0,0,158,recovery,641
5.761153163175392,831,0,120,49,0,0,0,159,infection,259
5.766091277005176,830,0,121,49,0,0,0,160,infection,248
5.767782586281325,829,0,122,49,0,0,0,161,infection,697
5.773656760223916,829,0,121,50,0,0,0,161,recovery,241
5.7827349706892175,828,0,122,50,0,0,0,162,infection,92
5.786352478352805,828,0,121,51,0,0,0,162,recovery,507
5.826433318420678,827,0,122,51,0,0,0,163,infection,857
5.833731093106002,827,0,121,52,0,0,0,163,recovery,385
5.849909810718788,827,0,120,53,0,0,0,163,recovery,949
5.861167197782093,827,0,119,54,0,0,0,163,recovery,691
5.878513173616747,827,0,118,55,0,0,0,163,recovery,248
5.8850247384290935,826,0,119,55,0,0,0,164,infection,84
5.889124797915352,825,0,120,55,0,0,0,165,infection,384
5.896301746219172,824,0,121,55,0,0,0,166,infection,665
5.905248024699626,823,0,122,55,0,0,0,167,infection,310
5.905739778399519,823,0,121,56,0,0,0,167,recovery,106
5.9076282417734625,822,0,122,56,0,0,0,168,infection,815
5.91745036952482,821,0,123,56,0,0,0,169,infection,956
5.931463149139166,821,0,122,57,0,0,0,169,recovery,85
5.944639198516679,820,0,123,57,0,0,0,170,infection,850
5.960409769603762,820,0,122,58,0,0,0,170,recovery,734
5.968492210530972,820,0,121,59,0,0,0,170,recovery,611
5.977183939365123,819,0,122,59,0,0,0,171,infection,177
5.990316835879096,818,0,123,59,0,0,0,172,infection,818
6.002292765134138,817,0,124,59,0,0,0,173,infection,244
6.032591207680031,817,0,123,60,0,0,0,173,recovery,878
6.034657370343905,817,0,122,61,0,0,0,173,recovery,159
6.046133749527992,817,0,121,62,0,0,0,173,recovery,405
6.06138980213853,816,0,122,62,0,0,0,174,infection,671
6.064646398027386,815,0,123,62,0,0,0,175,infection,45
6.068902023045859,814,0,124,62,0,0,0,176,infection,978
6.088380709427975,813,0,125,62,0,0,0,177,infection,401
6.089692845042031,812,0,126,62,0,0,0,178,infection,255
6.109205572214827,811,0,127,62,0,0,0,179,infection,341
6.111759811997245,811,0,126,63,0,0,0,179,recovery,447
6.134389404413313,810,0,127,63,0,0,0,180,infection,638
6.138163747234663,809,0,128,63,0,0,0,181,infection,14
6.142972675794274,809,0,127,64,0,0,0,181,recovery,956
6.164997764160982,809,0,126,65,0,0,0,181,recovery,172
6.19458710632012,809,0,125,66,0,0,0,181,recovery,638
6.199008260535584,808,0,126,66,0,0,0,182,infection,780
6.199244082957503,808,0,125,67,0,0,0,182,recovery,656
6.217234390109038,807,0,126,67,0,0,0,183,infection,37
6.253303074405945,806,0,127,67,0,0,0,184,infection,216
6.270044874292084,805,0,128,67,0,0,0,185,infection,100
6.282324910739158,804,0,129,67,0,0,0,186,infection,74
6.285928799157022,803,0,130,67,0,0,0,187,infection,639
6.28610718338183,802,0,131,67,0,0,0,188,infection,136
6.3032870679526685,801,0,132,67,0,0,0,189,infection,48
6.312913415215648,801,0,131,68,0,0,0,189,recovery,815
6.32602838195139,800,0,132,68,0,0,0,190,infection,689
6.34899683062701,800,0,131,69,0,0,0,190,recovery,353
6.372133007288971,800,0,130,70,0,0,0,190,recovery,114
6.378128100850433,799,0,131,70,0,0,0,191,infection,323
6.417053977019137,799,0,130,71,0,0,0,191,recovery,244
6.417528137594543,799,0,129,72,0,0,0,191,recovery,161
6.425938413959225,799,0,128,73,0,0,0,191,recovery,727
6.4286132185311,798,0,129,73,0,0,0,192,infection,540
6.433555740700604,797,0,130,73,0,0,0,193,infection,69
6.437149799872489,796,0,131,73,0,0,0,194,infection,5
6.448680847809353,795,0,132,73,0,0,0,195,infection,97
6.453435727323828,794,0,133,73,0,0,0,196,infection,102
6.474322614846661,794,0,132,74,0,0,0,196,recovery,996
6.492825335435826,793,0,133,74,0,0,0,197,infection,27
6.507662585058562,793,0,132,75,0,0,0,197,recovery,163
6.509541561612191,793,0,131,76,0,0,0,197,recovery,750
6.513382689649828,792,0,132,76,0,0,0,198,infection,420
6.519335189136774,792,0,131,77,0,0,0,198,recovery,25
6.528175814991259,791,0,132,77,0,0,0,199,infection,751
6.53365886532746,790,0,133,77,0,0,0,200,infection,767
6.533689878936227,789,0,134,77,0,0,0,201,infection,296
6.540179842276025,789,0,133,78,0,0,0,201,recovery,380
6.552169112103712,789,0,132,79,0,0,0,201,recovery,708
6.553304817979924,789,0,131,80,0,0,0,201,recovery,540
6.576137023264889,788,0,132,80,0,0,0,202,infection,47
6.583344365231812,787,0,133,80,0,0,0,203,infection,746
6.588708947761923,787,0,132,81,0,0,0,203,recovery,48
6.599789828113147,786,0,133,81,0,0,0,204,infection,116
6.612386292781385,785,0,134,81,0,0,0,205,infection,947
6.614395219402743,784,0,135,81,0,0,0,206,infection,711
6.620585958960727,783,0,136,81,0,0,0,207,infection,34
6.623528992187676,782,0,137,81,0,0,0,208,infection,321
6.630083873627079,782,0,136,82,0,0,0,208,recovery,351
6.634539645196006,782,0,135,83,0,0,0,208,recovery,665
6.644183024455214,781,0,136,83,0,0,0,209,infection,128
6.665019902841543,780,0,137,83,0,0,0,210,infection,377
6.672490675686878,779,0,138,83,0,0,0,211,infection,190
6.676132431670017,778,0,139,83,0,0,0,212,infection,586
6.690812282558379,777,0,140,83,0,0,0,213,infection,424
6.715096057982715,776,0,141,83,0,0,0,214,infection,391
6.728001494667037,776,0,140,84,0,0,0,214,recovery,673
6.73948445053616,775,0,141,84,0,0,0,215,infection,285
6.741177943158471,775,0,140,85,0,0,0,215,recovery,781
6.753012620703907,774,0,141,85,0,0,0,216,infection,98
6.754507554964907,773,0,142,85,0,0,0,217,infection,690
6.758838533837098,772,0,143,85,0,0,0,218,infection,712
6.767740344363716,771,0,144,85,0,0,0,219,infection,228
6.76826921254293,770,0,145,85,0,0,0,220,infection,555
6.788158394131769,769,0,146,85,0,0,0,221,infection,695
6.791454638269579,768,0,147,85,0,0,0,222,infection,359
6.808984924589272,767,0,148,85,0,0,0,223,infection,522
6.8392638770693805,766,0,149,85,0,0,0,224,infection,129
6.851506112089645,765,0,150,85,0,0,0,225,infection,511
6.8550293689783794,764,0,151,85,0,0,0,226,infection,498
6.858952391149917,763,0,152,85,0,0,0,227,infection,623
6.859170877050277,762,0,153,85,0,0,0,228,infection,46
6.875714613060879,761,0,154,85,0,0,0,229,infection,892
6.877225944937816,760,0,155,85,0,0,0,230,infection,173
6.899246107898657,760,0,154,86,0,0,0,230,recovery,237
6.915056793723114,759,0,155,86,0,0,0,231,infection,435
6.91523481317113,758,0,156,86,0,0,0,232,infection,444
6.916560034554245,757,0,157,86,0,0,0,233,infection,845
6.923420529409264,756,0,158,86,0,0,0,234,infection,852
6.940978222088783,755,0,159,86,0,0,0,235,infection,118
6.956933905988395,754,0,160,86,0,0,0,236,infection,524
6.967141125811984,753,0,161,86,0,0,0,237,infection,659
6.986226300672299,752,0,162,86,0,0,0,238,infection,655
7.019285357344172,752,0,161,87,0,0,0,238,recovery,833
7.032770363100017,751,0,162,87,0,0,0,239,infection,309
7.0440677065130695,750,0,163,87,0,0,0,240,infection,101
7.046428545946999,749,0,164,87,0,0,0,241,infection,371
7.0469235201939915,749,0,163,88,0,0,0,241,recovery,259
7.047565491412742,748,0,164,88,0,0,0,242,infection,375
7.054657626984252,747,0,165,88,0,0,0,243,infection,9
7.070533762784688,746,0,166,88,0,0,0,244,infection,787
7.100584053571938,745,0,167,88,0,0,0,245,infection,357
7.119380890152355,744,0,168,88,0,0,0,246,infection,883
7.123576554257539,743,0,169,88,0,0,0,247,infection,829
7.125835592141969,742,0,170,88,0,0,0,248,infection,65
7.136032636137302,741,0,171,88,0,0,0,249,infection,680
7.1381910976681056,741,0,170,89,0,0,0,249,recovery,188
7.152063468465142,740,0,171,89,0,0,0,250,infection,652
7.15678066607121,740,0,170,90,0,0,0,250,recovery,387
7.160885738631212,739,0,171,90,0,0,0,251,infection,94
7.166197608332872,738,0,172,90,0,0,0,252,infection,825
7.199639604165958,737,0,173,90,0,0,0,253,infection,755
7.212386765908983,736,0,174,90,0,0,0,254,infection,650
7.21356787327303,736,0,173,91,0,0,0,254,recovery,589
7.2186814497446425,735,0,174,91,0,0,0,255,infection,502
7.2316529531309754,734,0,175,91,0,0,0,256,infection,390
7.236294822905395,733,0,176,91,0,0,0,257,infection,501
7.26280965087619,732,0,177,91,0,0,0,258,infection,205
7.263617438918627,731,0,178,91,0,0,0,259,infection,409
7.268210562667514,731,0,177,92,0,0,0,259,recovery,903
7.296804185813976,730,0,178,92,0,0,0,260,infection,931
7.31828915930187,729,0,179,92,0,0,0,261,infection,170
7.324114786057681,728,0,180,92,0,0,0,262,infection,541
7.327240280804262,727,0,181,92,0,0,0,263,infection,897
7.347827446190931,726,0,182,92,0,0,0,264,infection,213
7.352724653647135,725,0,183,92,0,0,0,265,infection,563
7.364344205335075,725,0,182,93,0,0,0,265,recovery,732
7.385369406569427,724,0,183,93,0,0,0,266,infection,362
7.390228465962572,723,0,184,93,0,0,0,267,infection,808
7.395638121289134,722,0,185,93,0,0,0,268,infection,940
7.405349058239583,721,0,186,93,0,0,0,269,infection,709
7.416317714833047,720,0,187,93,0,0,0,270,infection,80
7.420971445190148,719,0,188,93,0,0,0,271,infection,234
7.421997391198689,718,0,189,93,0,0,0,272,infection,561
7.424373320516894,718,0,188,94,0,0,0,272,recovery,654
7.425198608158621,718,0,187,95,0,0,0,272,recovery,371
7.448043341286043,717,0,188,95,0,0,0,273,infection,889
7.452154197468031,717,0,187,96,0,0,0,273,recovery,220
7.475459466590098,717,0,186,97,0,0,0,273,recovery,34
7.522287970263544,716,0,187,97,0,0,0,274,infection,823
7.526611132721559,715,0,188,97,0,0,0,275,infection,579
7.5348193005989765,714,0,189,97,0,0,0,276,infection,489
7.556342967939909,713,0,190,97,0,0,0,277,infection,316
7.562777183947227,712,0,191,97,0,0,0,278,infection,798
7.563386566200995,711,0,192,97,0,0,0,279,infection,250
7.568017443264414,710,0,193,97,0,0,0,280,infection,975
7.5693960463529475,709,0,194,97,0,0,0,281,infection,421
7.569911648152382,708,0,195,97,0,0,0,282,infection,879
7.580030535217881,707,0,196,97,0,0,0,283,infection,773
7.586842041745347,707,0,195,98,0,0,0,283,recovery,563
7.5879673877482885,706,0,196,98,0,0,0,284,infection,608
7.620824082788954,706,0,195,99,0,0,0,284,recovery,578
7.631509994462149,705,0,196,99,0,0,0,285,infection,636
7.639503307064234,704,0,197,99,0,0,0,286,infection,265
7.658396301554685,703,0,198,99,0,0,0,287,infection,799
7.6587198136274175,702,0,199,99,0,0,0,288,infection,793
7.6617818018588615,701,0,200,99,0,0,0,289,infection,322
7.673348538288134,700,0,201,99,0,0,0,290,infection,236
7.68303266702669,699,0,202,99,0,0,0,291,infection,339
7.692660322183153,698,0,203,99,0,0,0,292,infection,194
7.706957747834847,697,0,204,99,0,0,0,293,infection,986
7.707781630663883,696,0,205,99,0,0,0,294,infection,146
7.727729762775889,695,0,206,99,0,0,0,295,infection,726
7.73444584455362,694,0,207,99,0,0,0,296,infection,967
7.736595115680526,694,0,206,100,0,0,0,296,recovery,454
7.747610356525169,693,0,207,100,0,0,0,297,infection,513
7.748660118666381,692,0,208,100,0,0,0,298,infection,115
7.75501443355618,691,0,209,100,0,0,0,299,infection,382
7.755130004624384,690,0,210,100,0,0,0,300,infection,414
7.7633343483273975,690,0,209,101,0,0,0,300,recovery,357
7.7719310379166595,689,0,210,101,0,0,0,301,infection,288
7.775174875350638,688,0,211,101,0,0,0,302,infection,79
7.778655018831672,687,0,212,101,0,0,0,303,infection,888
7.7827464749044495,687,0,211,102,0,0,0,303,recovery,256
7.7931665922228195,686,0,212,102,0,0,0,304,infection,139
7.801017206425632,686,0,211,103,0,0,0,304,recovery,798
7.810511622288784,686,0,210,104,0,0,0,304,recovery,421
7.820786604139293,686,0,209,105,0,0,0,304,recovery,336
7.825199742782493,685,0,210,105,0,0,0,305,infection,682
7.8320504050726845,684,0,211,105,0,0,0,306,infection,630
7.838248441845964,683,0,212,105,0,0,0,307,infection,741
7.848436002592834,682,0,213,105,0,0,0,308,infection,538
7.8542406370715545,682,0,212,106,0,0,0,308,recovery,764
7.881572217104152,682,0,211,107,0,0,0,308,recovery,739
7.88397064559896,681,0,212,107,0,0,0,309,infection,836
7.889352896739483,681,0,211,108,0,0,0,309,recovery,197
7.910099087671803,680,0,212,108,0,0,0,310,infection,2
7.918010221379964,679,0,213,108,0,0,0,311,infection,612
7.9264078643123606,679,0,212,109,0,0,0,311,recovery,136
7.950785585500789,679,0,211,110,0,0,0,311,recovery,888
7.956981262677973,678,0,212,110,0,0,0,312,infection,593
7.9633689427573415,678,0,211,111,0,0,0,312,recovery,5
7.982487919995258,677,0,212,111,0,0,0,313,infection,756
7.998034111853055,676,0,213,111,0,0,0,314,infection,521
8.004628539945813,675,0,214,111,0,0,0,315,infection,714
8.009981054267046,674,0,215,111,0,0,0,316,infection,143
8.018644545194752,673,0,216,111,0,0,0,317,infection,209
8.02294665378074,672,0,217,111,0,0,0,318,infection,685
8.023989585619987,671,0,218,111,0,0,0,319,infection,797
8.024398008640398,670,0,219,111,0,0,0,320,infection,562
8.027825310080853,670,0,218,112,0,0,0,320,recovery,79
8.030858756051028,670,0,217,113,0,0,0,320,recovery,709
8.036103773749037,669,0,218,113,0,0,0,321,infection,769
8.048227969070112,668,0,219,113,0,0,0,322,infection,920
8.068054897014541,667,0,220,113,0,0,0,323,infection,926
8.081317954792103,666,0,221,113,0,0,0,324,infection,488
8.105367310730031,666,0,220,114,0,0,0,324,recovery,384
8.120866465022006,665,0,221,114,0,0,0,325,infection,294
8.134308250227269,665,0,220,115,0,0,0,325,recovery,714
8.136657692177312,664,0,221,115,0,0,0,326,infection,683
8.14579624611998,664,0,220,116,0,0,0,326,recovery,995
8.149932242682896,663,0,221,116,0,0,0,327,infection,601
8.153892992912347,662,0,222,116,0,0,0,328,infection,487
8.155110054137017,661,0,223,116,0,0,0,329,infection,410
8.181065439872787,660,0,224,116,0,0,0,330,infection,35
8.191021292699014,659,0,225,116,0,0,0,331,infection,372
8.199501075680262,658,0,226,116,0,0,0,332,infection,643
8.203659151976156,657,0,227,116,0,0,0,333,infection,274
8.208458917811509,657,0,226,117,0,0,0,333,recovery,643
8.223760587826018,656,0,227,117,0,0,0,334,infection,792
8.24392999046182,656,0,226,118,0,0,0,334,recovery,97
8.249331242288562,655,0,227,118,0,0,0,335,infection,44
8.279783343914627,654,0,228,118,0,0,0,336,infection,491
8.28381424079343,653,0,229,118,0,0,0,337,infection,776
8.285114907181491,653,0,228,119,0,0,0,337,recovery,850
8.287830743084639,652,0,229,119,0,0,0,338,infection,55
8.294604735361066,651,0,230,119,0,0,0,339,infection,646
8.2991828026593,650,0,231,119,0,0,0,340,infection,52
8.306038776637,649,0,232,119,0,0,0,341,infection,801
8.312806281821475,649,0,231,120,0,0,0,341,recovery,435
8.313090617941706,648,0,232,120,0,0,0,342,infection,104
8.32549434363757,647,0,233,120,0,0,0,343,infection,400
8.32827638781679,646,0,234,120,0,0,0,344,infection,453
8.32915977057804,646,0,233,121,0,0,0,344,recovery,400
8.332979044188505,645,0,234,121,0,0,0,345,infection,333
8.334994714560944,644,0,235,121,0,0,0,346,infection,223
8.345624836085316,644,0,234,122,0,0,0,346,recovery,410
8.350135772752806,643,0,235,122,0,0,0,347,infection,141
8.358315243528072,642,0,236,122,0,0,0,348,infection,935
8.392356410823007,641,0,237,122,0,0,0,349,infection,376
8.395755056140143,640,0,238,122,0,0,0,350,infection,802
8.398856367080922,639,0,239,122,0,0,0,351,infection,290
8.405575818952757,639,0,238,123,0,0,0,351,recovery,321
8.415428370740264,638,0,239,123,0,0,0,352,infection,988
8.416771608483588,638,0,238,124,0,0,0,352,recovery,797
8.433151361495623,637,0,239,124,0,0,0,353,infection,512
8.437598824911698,636,0,240,124,0,0,0,354,infection,944
8.4568437730516,636,0,239,125,0,0,0,354,recovery,659
8.46083006359527,636,0,238,126,0,0,0,354,recovery,601
8.475897116157054,635,0,239,126,0,0,0,355,infection,133
8.475925201112322,634,0,240,126,0,0,0,356,infection,500
8.477317152132507,633,0,241,126,0,0,0,357,infection,881
8.484621235295961,632,0,242,126,0,0,0,358,infection,64
8.49962622000151,631,0,243,126,0,0,0,359,infection,430
8.515033814635183,630,0,244,126,0,0,0,360,infection,758
8.525774298317154,629,0,245,126,0,0,0,361,infection,320
8.555601703025566,628,0,246,126,0,0,0,362,infection,796
8.560441377962444,628,0,245,127,0,0,0,362,recovery,44
8.57092750740678,628,0,244,128,0,0,0,362,recovery,194
8.592842712910775,627,0,245,128,0,0,0,363,infection,483
8.597551234039285,626,0,246,128,0,0,0,364,infection,304
8.606954896517719,625,0,247,128,0,0,0,365,infection,119
8.610296204666865,624,0,248,128,0,0,0,366,infection,576
8.612814730922556,624,0,247,129,0,0,0,366,recovery,377
8.624030275006216,623,0,248,129,0,0,0,367,infection,891
8.625266750011821,622,0,249,129,0,0,0,368,infection,607
8.642624724621779,622,0,248,130,0,0,0,368,recovery,274
8.644535559759014,621,0,249,130,0,0,0,369,infection,528
8.647697051165608,620,0,250,130,0,0,0,370,infection,909
8.658699751535213,619,0,251,130,0,0,0,371,infection,706
8.662499835016266,619,0,250,131,0,0,0,371,recovery,143
8.672918827311218,619,0,249,132,0,0,0,371,recovery,683
8.674489108778301,618,0,250,132,0,0,0,372,infection,142
8.681114956037549,618,0,249,133,0,0,0,372,recovery,792
8.696086036780216,617,0,250,133,0,0,0,373,infection,720
8.697769222629027,616,0,251,133,0,0,0,374,infection,392
8.7074412363577,615,0,252,133,0,0,0,375,infection,43
8.708440313369472,614,0,253,133,0,0,0,376,infection,649
8.72702449032366,614,0,252,134,0,0,0,376,recovery,773
8.735246317032903,613,0,253,134,0,0,0,377,infection,844
8.748947551259032,613,0,252,135,0,0,0,377,recovery,470
8.784070960743371,613,0,251,136,0,0,0,377,recovery,390
8.791173198841424,612,0,252,136,0,0,0,378,infection,3
8.802376643997231,611,0,253,136,0,0,0,379,infection,651
8.813747129161,610,0,254,136,0,0,0,380,infection,56
8.818472432138114,609,0,255,136,0,0,0,381,infection,308
8.831894275870166,608,0,256,136,0,0,0,382,infection,42
8.84412974449562,607,0,257,136,0,0,0,383,infection,58
8.861059225558908,607,0,256,137,0,0,0,383,recovery,758
8.872524953311444,606,0,257,137,0,0,0,384,infection,178
8.888130369604873,605,0,258,137,0,0,0,385,infection,261
8.901094656639769,604,0,259,137,0,0,0,386,infection,533
8.906055511992342,604,0,258,138,0,0,0,386,recovery,975
8.9077886632496,603,0,259,138,0,0,0,387,infection,928
8.908423017881447,603,0,258,139,0,0,0,387,recovery,704
8.912044351335464,602,0,259,139,0,0,0,388,infection,16
8.91830249067748,602,0,258,140,0,0,0,388,recovery,795
8.928031528667228,601,0,259,140,0,0,0,389,infection,832
8.930647392437548,601,0,258,141,0,0,0,389,recovery,511
8.94770526919131,600,0,259,141,0,0,0,390,infection,966
8.960088031614443,599,0,260,141,0,0,0,391,infection,840
8.977330182924076,599,0,259,142,0,0,0,391,recovery,857
8.992825744376596,599,0,258,143,0,0,0,391,recovery,139
9.001985499219197,598,0,259,143,0,0,0,392,infection,911
9.00274143342423,597,0,260,143,0,0,0,393,infection,902
9.005286223404836,596,0,261,143,0,0,0,394,infection,192
9.011170590537484,596,0,260,144,0,0,0,394,recovery,926
9.013106988577693,595,0,261,144,0,0,0,395,infection,423
9.016828242846866,595,0,260,145,0,0,0,395,recovery,16
9.018906732523664,594,0,261,145,0,0,0,396,infection,738
9.033301081705446,593,0,262,145,0,0,0,397,infection,759
9.037115288768986,593,0,261,146,0,0,0,397,recovery,212
9.039201523079536,593,0,260,147,0,0,0,397,recovery,192
9.039845974128689,592,0,261,147,0,0,0,398,infection,366
9.045488371093588,591,0,262,147,0,0,0,399,infection,239
9.058515836237014,590,0,263,147,0,0,0,400,infection,827
9.060574297145152,589,0,264,147,0,0,0,401,infection,127
9.062439775551923,589,0,263,148,0,0,0,401,recovery,128
9.07233532148603,589,0,262,149,0,0,0,401,recovery,296
9.073027597908391,588,0,263,149,0,0,0,402,infection,861
9.073842714739468,587,0,264,149,0,0,0,403,infection,856
9.093718014277885,586,0,265,149,0,0,0,404,infection,923
9.104666881986876,585,0,266,149,0,0,0,405,infection,298
9.11597522783648,584,0,267,149,0,0,0,406,infection,492
9.120805405419926,584,0,266,150,0,0,0,406,recovery,498
9.13051748283221,583,0,267,150,0,0,0,407,infection,701
9.132554962698785,582,0,268,150,0,0,0,408,infection,367
9.150069623524026,582,0,267,151,0,0,0,408,recovery,862
9.151026107636147,581,0,268,151,0,0,0,409,infection,580
9.152745467463298,581,0,267,152,0,0,0,409,recovery,2
9.167938167626074,581,0,266,153,0,0,0,409,recovery,944
9.175751707083283,581,0,265,154,0,0,0,409,recovery,966
9.182188920294855,580,0,266,154,0,0,0,410,infection,473
9.223072691256537,579,0,267,154,0,0,0,411,infection,662
9.22905085460878,578,0,268,154,0,0,0,412,infection,707
9.229285189843315,577,0,269,154,0,0,0,413,infection,140
9.229806187755198,576,0,270,154,0,0,0,414,infection,745
9.273686002461071,576,0,269,155,0,0,0,414,recovery,525
9.287512392084624,575,0,270,155,0,0,0,415,infection,302
9.303494160112557,574,0,271,155,0,0,0,416,infection,648
9.31621684611613,573,0,272,155,0,0,0,417,infection,88
9.328015822481342,572,0,273,155,0,0,0,418,infection,927
9.334390591864635,572,0,272,156,0,0,0,418,recovery,823
9.334425669118573,571,0,273,156,0,0,0,419,infection,977
9.33543813384087,571,0,272,157,0,0,0,419,recovery,911
9.33861902526706,570,0,273,157,0,0,0,420,infection,872
9.347029235669023,570,0,272,158,0,0,0,420,recovery,266
9.350786311501299,569,0,273,158,0,0,0,421,infection,124
9.35673549436345,569,0,272,159,0,0,0,421,recovery,84
9.37236353295106,569,0,271,160,0,0,0,421,recovery,285
9.3887135660721,568,0,272,160,0,0,0,422,infection,200
9.39686555284571,568,0,271,161,0,0,0,422,recovery,129
9.399734877516243,567,0,272,161,0,0,0,423,infection,448
9.407889204412891,567,0,271,162,0,0,0,423,recovery,170
9.409908531657596,567,0,270,163,0,0,0,423,recovery,889
9.430649103147708,566,0,271,163,0,0,0,424,infection,257
9.433405099791932,565,0,272,163,0,0,0,425,infection,983
9.439341305757008,564,0,273,163,0,0,0,426,infection,30
9.440580577747935,563,0,274,163,0,0,0,427,infection,733
9.44313086426668,562,0,275,163,0,0,0,428,infection,675
9.44612028393627,561,0,276,163,0,0,0,429,infection,270
9.451474237429874,560,0,277,163,0,0,0,430,infection,493
9.45298725921928,559,0,278,163,0,0,0,431,infection,20
9.454813422461964,558,0,279,163,0,0,0,432,infection,614
9.45795103393607,557,0,280,163,0,0,0,433,infection,440
9.463279496110129,556,0,281,163,0,0,0,434,infection,29
9.46651900788255,555,0,282,163,0,0,0,435,infection,972
9.469119606965164,555,0,281,164,0,0,0,435,recovery,787
9.484889823512585,554,0,282,164,0,0,0,436,infection,99
9.486617724281151,554,0,281,165,0,0,0,436,recovery,372
9.490694311745916,553,0,282,165,0,0,0,437,infection,407
9.491549932596772,552,0,283,165,0,0,0,438,infection,510
9.501647153627339,551,0,284,165,0,0,0,439,infection,627
9.50960979264596,550,0,285,165,0,0,0,440,infection,475
9.519565917678907,550,0,284,166,0,0,0,440,recovery,680
9.522917316903545,550,0,283,167,0,0,0,440,recovery,140
9.537634830006255,550,0,282,168,0,0,0,440,recovery,580
9.538316577062817,549,0,283,168,0,0,0,441,infection,722
9.542873087627378,548,0,284,168,0,0,0,442,infection,584
9.543120532083712,547,0,285,168,0,0,0,443,infection,263
9.552251729822986,547,0,284,169,0,0,0,443,recovery,632
9.559261605824446,547,0,283,170,0,0,0,443,recovery,650
9.561261416871275,546,0,284,170,0,0,0,444,infection,6
9.567234391610281,545,0,285,170,0,0,0,445,infection,179
9.568772387054858,545,0,284,171,0,0,0,445,recovery,362
9.579980621539214,544,0,285,171,0,0,0,446,infection,880
9.585541693583568,544,0,284,172,0,0,0,446,recovery,646
9.596302307621821,543,0,285,172,0,0,0,447,infection,517
9.604359500921225,542,0,286,172,0,0,0,448,infection,90
9.615100015636495,541,0,287,172,0,0,0,449,infection,68
9.629511848203567,540,0,288,172,0,0,0,450,infection,70
9.629637069234555,539,0,289,172,0,0,0,451,infection,870
9.631167552212487,538,0,290,172,0,0,0,452,infection,451
9.64185916994349,537,0,291,172,0,0,0,453,infection,469
9.64253119034618,536,0,292,172,0,0,0,454,infection,214
9.647312393793287,536,0,291,173,0,0,0,454,recovery,488
9.660196512583703,536,0,290,174,0,0,0,454,recovery,440
9.663339744044167,535,0,291,174,0,0,0,455,infection,156
9.685751719386626,535,0,290,175,0,0,0,455,recovery,175
9.691645423649645,535,0,289,176,0,0,0,455,recovery,3
9.701628525276082,535,0,288,177,0,0,0,455,recovery,253
9.707750446876698,534,0,289,177,0,0,0,456,infection,943
9.716568176565273,534,0,288,178,0,0,0,456,recovery,871
9.725499034996563,534,0,287,179,0,0,0,456,recovery,243
9.741585265292711,534,0,286,180,0,0,0,456,recovery,662
9.75266429286373,534,0,285,181,0,0,0,456,recovery,745
9.753593457222717,534,0,284,182,0,0,0,456,recovery,802
9.755503423782658,534,0,283,183,0,0,0,456,recovery,538
9.758518981626555,533,0,284,183,0,0,0,457,infection,582
9.789097161078564,533,0,283,184,0,0,0,457,recovery,701
9.794547230694226,532,0,284,184,0,0,0,458,infection,217
9.805472439764001,531,0,285,184,0,0,0,459,infection,916
9.811156671729073,531,0,284,185,0,0,0,459,recovery,290
9.820370661684125,530,0,285,185,0,0,0,460,infection,910
9.820869691196854,530,0,284,186,0,0,0,460,recovery,872
9.828513168268922,529,0,285,186,0,0,0,461,infection,247
9.846015546351207,528,0,286,186,0,0,0,462,infection,458
9.851648766920713,527,0,287,186,0,0,0,463,infection,185
9.860579877449046,526,0,288,186,0,0,0,464,infection,12
9.867913709558016,525,0,289,186,0,0,0,465,infection,971
9.873324367215005,525,0,288,187,0,0,0,465,recovery,469
9.897570492831516,524,0,289,187,0,0,0,466,infection,539
9.952732349805247,523,0,290,187,0,0,0,467,infection,54
9.962926135380746,522,0,291,187,0,0,0,468,infection,186
9.97247896875035,521,0,292,187,0,0,0,469,infection,441
9.994256969969797,521,0,291,188,0,0,0,469,recovery,47
10.00588352630012,521,0,290,189,0,0,0,469,recovery,509
10.018034649106323,520,0,291,189,0,0,0,470,infection,120
10.027814269371238,519,0,292,189,0,0,0,471,infection,326
10.036439954800882,518,0,293,189,0,0,0,472,infection,330
10.051226777357165,518,0,292,190,0,0,0,472,recovery,935
10.058806345247435,517,0,293,190,0,0,0,473,infection,842
10.064823474456878,517,0,292,191,0,0,0,473,recovery,12
10.069853635427995,517,0,291,192,0,0,0,473,recovery,343
10.073231717136792,516,0,292,192,0,0,0,474,infection,422
10.075978285606142,516,0,291,193,0,0,0,474,recovery,58
10.079466849787911,515,0,292,193,0,0,0,475,infection,807
10.090336075156065,514,0,293,193,0,0,0,476,infection,8
10.098979585588614,513,0,294,193,0,0,0,477,infection,604
10.105840188355101,513,0,293,194,0,0,0,477,recovery,827
10.10809583487264,513,0,292,195,0,0,0,477,recovery,972
10.109838716002177,513,0,291,196,0,0,0,477,recovery,323
10.11561650283057,512,0,292,196,0,0,0,478,infection,287
10.1168953399631,512,0,291,197,0,0,0,478,recovery,501
10.120462132539942,511,0,292,197,0,0,0,479,infection,450
10.125969848552694,510,0,293,197,0,0,0,480,infection,937
10.131962561491754,509,0,294,197,0,0,0,481,infection,839
10.143557813551686,509,0,293,198,0,0,0,481,recovery,869
10.15949464382319,509,0,292,199,0,0,0,481,recovery,555
10.170372455286579,509,0,291,200,0,0,0,481,recovery,746
10.175844835856793,509,0,290,201,0,0,0,481,recovery,885
10.175929302840837,509,0,289,202,0,0,0,481,recovery,487
10.177832522570755,508,0,290,202,0,0,0,482,infection,537
10.178719907113978,507,0,291,202,0,0,0,483,infection,821
10.19086682444634,506,0,292,202,0,0,0,484,infection,979
10.214774696476734,506,0,291,203,0,0,0,484,recovery,310
10.232928717691724,506,0,290,204,0,0,0,484,recovery,810
10.246111161727464,505,0,291,204,0,0,0,485,infection,135
10.25295668718898,504,0,292,204,0,0,0,486,infection,221
10.256042142334312,503,0,293,204,0,0,0,487,infection,534
10.278721743416511,503,0,292,205,0,0,0,487,recovery,471
10.281692784427939,502,0,293,205,0,0,0,488,infection,890
10.283070918505885,501,0,294,205,0,0,0,489,infection,518
10.313260611902615,500,0,295,205,0,0,0,490,infection,710
10.314084730421186,499,0,296,205,0,0,0,491,infection,33
10.315746345707531,499,0,295,206,0,0,0,491,recovery,667
10.31657100520747,498,0,296,206,0,0,0,492,infection,305
10.326054458330342,497,0,297,206,0,0,0,493,infection,198
10.334255666538882,496,0,298,206,0,0,0,494,infection,281
10.34098389629091,496,0,297,207,0,0,0,494,recovery,46
10.35518488494655,495,0,298,207,0,0,0,495,infection,786
10.37990602674203,494,0,299,207,0,0,0,496,infection,432
10.39334495360223,493,0,300,207,0,0,0,497,infection,328
10.402900328298848,492,0,301,207,0,0,0,498,infection,195
10.404306982390818,491,0,302,207,0,0,0,499,infection,887
10.413626161024657,490,0,303,207,0,0,0,500,infection,694
10.425399138358838,490,0,302,208,0,0,0,500,recovery,840
10.42797837944089,489,0,303,208,0,0,0,501,infection,516
10.431911589693096,488,0,304,208,0,0,0,502,infection,688
10.447417870161267,487,0,305,208,0,0,0,503,infection,740
10.449896629345817,486,0,306,208,0,0,0,504,infection,130
10.462876528718416,485,0,307,208,0,0,0,505,infection,556
10.46364056229969,484,0,308,208,0,0,0,506,infection,481
10.463981230356266,483,0,309,208,0,0,0,507,infection,606
10.468635880954047,483,0,308,209,0,0,0,507,recovery,682
10.46963411420952,483,0,307,210,0,0,0,507,recovery,217
10.474098984871599,482,0,308,210,0,0,0,508,infection,791
10.476921303082964,482,0,307,211,0,0,0,508,recovery,706
10.483011199773546,481,0,308,211,0,0,0,509,infection,594
10.50699681714057,480,0,309,211,0,0,0,510,infection,948
10.508825751687505,479,0,310,211,0,0,0,511,infection,752
10.510592261136106,478,0,311,211,0,0,0,512,infection,485
10.51376949288527,477,0,312,211,0,0,0,513,infection,934
10.516586421678614,477,0,311,212,0,0,0,513,recovery,35
10.520002083775289,476,0,312,212,0,0,0,514,infection,990
10.521389382116427,475,0,313,212,0,0,0,515,infection,633
10.521738843318527,474,0,314,212,0,0,0,516,infection,271
10.527671992134477,473,0,315,212,0,0,0,517,infection,812
10.530135418766978,472,0,316,212,0,0,0,518,infection,622
10.540618909515985,472,0,315,213,0,0,0,518,recovery,348
10.540732037902279,471,0,316,213,0,0,0,519,infection,749
10.543467568498874,471,0,315,214,0,0,0,519,recovery,562
10.554457403498,471,0,314,215,0,0,0,519,recovery,173
10.555033946251617,470,0,315,215,0,0,0,520,infection,592
10.55841503245529,469,0,316,215,0,0,0,521,infection,596
10.561157875315908,468,0,317,215,0,0,0,522,infection,284
10.563892566409404,468,0,316,216,0,0,0,522,recovery,940
10.566519709912278,467,0,317,216,0,0,0,523,infection,472
10.57661506823836,466,0,318,216,0,0,0,524,infection,895
10.591219953987483,465,0,319,216,0,0,0,525,infection,637
10.601424977491643,465,0,318,217,0,0,0,525,recovery,767
10.628989499891155,464,0,319,217,0,0,0,526,infection,719
10.649961923156205,464,0,318,218,0,0,0,526,recovery,292
10.650678552421395,464,0,317,219,0,0,0,526,recovery,236
10.652527558427332,463,0,318,219,0,0,0,527,infection,374
10.65793832117587,463,0,317,220,0,0,0,527,recovery,576
10.665105915838847,462,0,318,220,0,0,0,528,infection,572
10.667363697490698,462,0,317,221,0,0,0,528,recovery,331
10.673975971749694,462,0,316,222,0,0,0,528,recovery,991
10.676930909727938,462,0,315,223,0,0,0,528,recovery,842
10.680861971122878,461,0,316,223,0,0,0,529,infection,148
10.682508267068446,461,0,315,224,0,0,0,529,recovery,422
10.6865982149773,460,0,316,224,0,0,0,530,infection,898
10.711835339441114,459,0,317,224,0,0,0,531,infection,112
10.714290914511814,459,0,316,225,0,0,0,531,recovery,607
10.71539322249508,459,0,315,226,0,0,0,531,recovery,923
10.719204948763746,458,0,316,226,0,0,0,532,infection,918
10.719753552532072,458,0,315,227,0,0,0,532,recovery,517
10.721655238620286,457,0,316,227,0,0,0,533,infection,486
10.726475690496057,456,0,317,227,0,0,0,534,infection,429
10.747394284497878,456,0,316,228,0,0,0,534,recovery,502
10.748854971463906,455,0,317,228,0,0,0,535,infection,182
10.751439532449451,455,0,316,229,0,0,0,535,recovery,636
10.75640717249724,455,0,315,230,0,0,0,535,recovery,156
10.762247973607945,454,0,316,230,0,0,0,536,infection,282
10.772236793081412,453,0,317,230,0,0,0,537,infection,790
10.773540119414745,452,0,318,230,0,0,0,538,infection,484
10.77592866077677,451,0,319,230,0,0,0,539,infection,312
10.788216360799577,450,0,320,230,0,0,0,540,infection,779
10.802174544015974,449,0,321,230,0,0,0,541,infection,311
10.804408621008687,448,0,322,230,0,0,0,542,infection,464
10.80450841935144,447,0,323,230,0,0,0,543,infection,715
10.809728943254774,446,0,324,230,0,0,0,544,infection,970
10.817176883049804,446,0,323,231,0,0,0,544,recovery,593
10.817597810104944,446,0,322,232,0,0,0,544,recovery,988
10.831563063936013,446,0,321,233,0,0,0,544,recovery,653
10.840321951365034,445,0,322,233,0,0,0,545,infection,544
10.841868220779556,445,0,321,234,0,0,0,545,recovery,756
10.85436167205387,444,0,322,234,0,0,0,546,infection,157
10.858295143003245,444,0,321,235,0,0,0,546,recovery,486
10.860245560770363,443,0,322,235,0,0,0,547,infection,865
10.871664928276017,442,0,323,235,0,0,0,548,infection,924
10.878467885990128,441,0,324,235,0,0,0,549,infection,929
10.8840276819937,440,0,325,235,0,0,0,550,infection,634
10.896474035819566,439,0,326,235,0,0,0,551,infection,725
10.896813159645916,439,0,325,236,0,0,0,551,recovery,897
10.898713946184907,438,0,326,236,0,0,0,552,infection,399
10.920029854263255,437,0,327,236,0,0,0,553,infection,358
10.92372417423074,436,0,328,236,0,0,0,554,infection,961
10.929055107326333,435,0,329,236,0,0,0,555,infection,82
10.94032110960731,435,0,328,237,0,0,0,555,recovery,671
10.946270412938963,434,0,329,237,0,0,0,556,infection,356
10.9466372105039,433,0,330,237,0,0,0,557,infection,906
10.952517894249832,432,0,331,237,0,0,0,558,infection,306
10.954444136224218,432,0,330,238,0,0,0,558,recovery,932
10.962531178962653,432,0,329,239,0,0,0,558,recovery,304
10.990338237265401,431,0,330,239,0,0,0,559,infection,402
10.998911128781774,430,0,331,239,0,0,0,560,infection,951
11.008925110807095,429,0,332,239,0,0,0,561,infection,834
11.017598784166998,428,0,333,239,0,0,0,562,infection,765
11.033365517722075,427,0,334,239,0,0,0,563,infection,456
11.033856292574239,427,0,333,240,0,0,0,563,recovery,769
11.037310599971306,426,0,334,240,0,0,0,564,infection,800
11.048661359391618,426,0,333,241,0,0,0,564,recovery,118
11.060312978308147,426,0,332,242,0,0,0,564,recovery,226
11.065486389003716,425,0,333,242,0,0,0,565,infection,123
11.070858660134927,424,0,334,242,0,0,0,566,infection,427
11.071826162636068,423,0,335,242,0,0,0,567,infection,982
11.081993441717659,423,0,334,243,0,0,0,567,recovery,639
11.097655760349518,422,0,335,243,0,0,0,568,infection,989
11.098339040758741,422,0,334,244,0,0,0,568,recovery,8
11.098963781594575,422,0,333,245,0,0,0,568,recovery,707
11.103814889929424,422,0,332,246,0,0,0,568,recovery,895
11.12180345699728,422,0,331,247,0,0,0,568,recovery,785
11.122713597256887,422,0,330,248,0,0,0,568,recovery,983
11.129100013027482,422,0,329,249,0,0,0,568,recovery,753
11.131719212287466,422,0,328,250,0,0,0,568,recovery,146
11.15754279645328,421,0,329,250,0,0,0,569,infection,571
11.16155304511048,421,0,328,251,0,0,0,569,recovery,791
11.16958674371225,420,0,329,251,0,0,0,570,infection,545
11.174544616852732,419,0,330,251,0,0,0,571,infection,171
11.18270850978505,418,0,331,251,0,0,0,572,infection,415
11.212654918442292,417,0,332,251,0,0,0,573,infection,219
11.21267966210303,416,0,333,251,0,0,0,574,infection,340
11.216143760750994,415,0,334,251,0,0,0,575,infection,610
11.223075807896066,414,0,335,251,0,0,0,576,infection,10
11.226717100217137,414,0,334,252,0,0,0,576,recovery,190
11.230240075854566,413,0,335,252,0,0,0,577,infection,15
11.239014555630124,412,0,336,252,0,0,0,578,infection,663
11.250089910599506,412,0,335,253,0,0,0,578,recovery,402
11.255703937708473,411,0,336,253,0,0,0,579,infection,109
11.26164566447518,411,0,335,254,0,0,0,579,recovery,148
11.27518413685201,411,0,334,255,0,0,0,579,recovery,845
11.287856488998655,411,0,333,256,0,0,0,579,recovery,556
11.294462059638859,410,0,334,256,0,0,0,580,infection,490
11.308419891702538,409,0,335,256,0,0,0,581,infection,176
11.31572069366633,409,0,334,257,0,0,0,581,recovery,722
11.320163186851039,408,0,335,257,0,0,0,582,infection,698
11.321142249993747,407,0,336,257,0,0,0,583,infection,39
11.321769879654731,407,0,335,258,0,0,0,583,recovery,521
11.334692498135137,406,0,336,258,0,0,0,584,infection,446
11.339101406194052,405,0,337,258,0,0,0,585,infection,346
11.355090538230012,405,0,336,259,0,0,0,585,recovery,330
11.373462857411036,405,0,335,260,0,0,0,585,recovery,992
11.379254995121835,404,0,336,260,0,0,0,586,infection,113
11.379996054403767,403,0,337,260,0,0,0,587,infection,229
11.383464799408655,403,0,336,261,0,0,0,587,recovery,861
11.38936621963893,403,0,335,262,0,0,0,587,recovery,818
11.391434060524059,402,0,336,262,0,0,0,588,infection,575
11.395515774263801,402,0,335,263,0,0,0,588,recovery,929
11.396116821997632,402,0,334,264,0,0,0,588,recovery,120
11.408921620785197,402,0,333,265,0,0,0,588,recovery,720
11.417936985349867,402,0,332,266,0,0,0,588,recovery,430
11.456608533751336,402,0,331,267,0,0,0,588,recovery,340
11.483939077298169,402,0,330,268,0,0,0,588,recovery,698
11.492944119856917,401,0,331,268,0,0,0,589,infection,600
11.50972236774907,401,0,330,269,0,0,0,589,recovery,668
11.510310145851676,400,0,331,269,0,0,0,590,infection,18
11.514291003984535,399,0,332,269,0,0,0,591,infection,543
11.529546021868107,399,0,331,270,0,0,0,591,recovery,528
11.531143568493217,398,0,332,270,0,0,0,592,infection,273
11.544323123338808,397,0,333,270,0,0,0,593,infection,724
11.556564222253753,396,0,334,270,0,0,0,594,infection,62
11.560299430925996,395,0,335,270,0,0,0,595,infection,218
11.581167959585807,394,0,336,270,0,0,0,596,infection,573
11.585494025455006,394,0,335,271,0,0,0,596,recovery,790
11.599277473034876,393,0,336,271,0,0,0,597,infection,581
11.600511978860947,393,0,335,272,0,0,0,597,recovery,690
11.602593473833869,392,0,336,272,0,0,0,598,infection,762
11.615959739275297,392,0,335,273,0,0,0,598,recovery,825
11.619179609539806,392,0,334,274,0,0,0,598,recovery,752
11.6363495849314,391,0,335,274,0,0,0,599,infection,83
11.636969640322357,390,0,336,274,0,0,0,600,infection,154
11.656962903312081,390,0,335,275,0,0,0,600,recovery,157
11.661265534022595,389,0,336,275,0,0,0,601,infection,418
11.661451487133423,389,0,335,276,0,0,0,601,recovery,803
11.663120349892655,389,0,334,277,0,0,0,601,recovery,724
11.67056523449647,389,0,333,278,0,0,0,601,recovery,989
11.690842832558294,388,0,334,278,0,0,0,602,infection,4
11.692252693325614,388,0,333,279,0,0,0,602,recovery,950
11.715795126363382,388,0,332,280,0,0,0,602,recovery,971
11.722006402998549,388,0,331,281,0,0,0,602,recovery,765
11.726955284566674,388,0,330,282,0,0,0,602,recovery,67
11.739322119821642,388,0,329,283,0,0,0,602,recovery,135
11.760164693355655,387,0,330,283,0,0,0,603,infection,335
11.77677366450376,387,0,329,284,0,0,0,603,recovery,166
11.783072936340332,386,0,330,284,0,0,0,604,infection,138
11.789866053362417,385,0,331,284,0,0,0,605,infection,813
11.79151664216243,384,0,332,284,0,0,0,606,infection,595
11.794328318458478,383,0,333,284,0,0,0,607,infection,315
11.795012290458523,383,0,332,285,0,0,0,607,recovery,491
11.823230068022426,382,0,333,285,0,0,0,608,infection,417
11.852796528215562,382,0,332,286,0,0,0,608,recovery,424
11.85376988069108,381,0,333,286,0,0,0,609,infection,164
11.858906653934685,381,0,332,287,0,0,0,609,recovery,265
11.875500725024182,380,0,333,287,0,0,0,610,infection,474
11.875945198425166,379,0,334,287,0,0,0,611,infection,858
11.876575251486278,378,0,335,287,0,0,0,612,infection,603
11.879657081672743,378,0,334,288,0,0,0,612,recovery,725
11.881064884438125,378,0,333,289,0,0,0,612,recovery,582
11.89088908780478,377,0,334,289,0,0,0,613,infection,437
11.920325722620248,377,0,333,290,0,0,0,613,recovery,890
11.93353428551639,377,0,332,291,0,0,0,613,recovery,335
11.949536124870013,377,0,331,292,0,0,0,613,recovery,697
11.951672749268289,377,0,330,293,0,0,0,613,recovery,109
11.952903925857743,376,0,331,293,0,0,0,614,infection,583
11.95348991347906,376,0,330,294,0,0,0,614,recovery,473
11.955436229740348,375,0,331,294,0,0,0,615,infection,661
11.961293200331403,375,0,330,295,0,0,0,615,recovery,918
11.969296348569095,375,0,329,296,0,0,0,615,recovery,799
11.970613038118723,374,0,330,296,0,0,0,616,infection,705
11.97161497006826,374,0,329,297,0,0,0,616,recovery,844
11.983656994421164,374,0,328,298,0,0,0,616,recovery,142
11.988973561646093,373,0,329,298,0,0,0,617,infection,520
11.989814401669602,372,0,330,298,0,0,0,618,infection,658
11.993328489930947,372,0,329,299,0,0,0,618,recovery,309
11.993943165914644,372,0,328,300,0,0,0,618,recovery,451
11.994883393182471,371,0,329,300,0,0,0,619,infection,293
12.01373253595164,371,0,328,301,0,0,0,619,recovery,493
12.017128022264348,370,0,329,301,0,0,0,620,infection,361
12.025892202014713,369,0,330,301,0,0,0,621,infection,329
12.04953615502002,368,0,331,301,0,0,0,622,infection,28
12.073385352634354,367,0,332,301,0,0,0,623,infection,974
12.07677593941394,366,0,333,301,0,0,0,624,infection,559
12.07835834008383,366,0,332,302,0,0,0,624,recovery,886
12.08686831758738,365,0,333,302,0,0,0,625,infection,350
12.090990343226279,364,0,334,302,0,0,0,626,infection,922
12.094727326749924,364,0,333,303,0,0,0,626,recovery,171
12.097359335136291,364,0,332,304,0,0,0,626,recovery,52
12.098512035278251,364,0,331,305,0,0,0,626,recovery,811
12.104022567994768,363,0,332,305,0,0,0,627,infection,742
12.107428917911054,363,0,331,306,0,0,0,627,recovery,695
12.111077771356113,363,0,330,307,0,0,0,627,recovery,666
12.112008169633603,363,0,329,308,0,0,0,627,recovery,359
12.114545398152758,362,0,330,308,0,0,0,628,infection,412
12.114595746060798,361,0,331,308,0,0,0,629,infection,73
12.131428170315818,361,0,330,309,0,0,0,629,recovery,880
12.14184595647143,360,0,331,309,0,0,0,630,infection,360
12.149837550463774,360,0,330,310,0,0,0,630,recovery,821
12.150870481651982,359,0,331,310,0,0,0,631,infection,36
12.153209864985532,358,0,332,310,0,0,0,632,infection,900
12.169839964772276,357,0,333,310,0,0,0,633,infection,817
12.214503560363637,356,0,334,310,0,0,0,634,infection,503
12.24360545376926,355,0,335,310,0,0,0,635,infection,132
12.266877011091847,355,0,334,311,0,0,0,635,recovery,969
12.28037463209419,355,0,333,312,0,0,0,635,recovery,29
12.283773228814528,354,0,334,312,0,0,0,636,infection,117
12.30977810594755,354,0,333,313,0,0,0,636,recovery,366
12.31035857349314,354,0,332,314,0,0,0,636,recovery,209
12.322996833916237,353,0,333,314,0,0,0,637,infection,268
12.325822235233565,352,0,334,314,0,0,0,638,infection,954
12.328316476419053,352,0,333,315,0,0,0,638,recovery,692
12.331571651388826,351,0,334,315,0,0,0,639,infection,569
12.356484256902865,350,0,335,315,0,0,0,640,infection,89
12.369973032195452,349,0,336,315,0,0,0,641,infection,107
12.370779344610927,349,0,335,316,0,0,0,641,recovery,358
12.376280560227453,349,0,334,317,0,0,0,641,recovery,977
12.38935451857359,349,0,333,318,0,0,0,641,recovery,20
12.392732304020994,349,0,332,319,0,0,0,641,recovery,627
12.406493288568289,348,0,333,319,0,0,0,642,infection,278
12.408480335789537,347,0,334,319,0,0,0,643,infection,373
12.438423524467785,346,0,335,319,0,0,0,644,infection,396
12.449713579260568,346,0,334,320,0,0,0,644,recovery,604
12.465177982256533,345,0,335,320,0,0,0,645,infection,981
12.468887947551355,345,0,334,321,0,0,0,645,recovery,273
12.469902689841378,345,0,333,322,0,0,0,645,recovery,594
12.470607509806369,344,0,334,322,0,0,0,646,infection,681
12.478398777999452,343,0,335,322,0,0,0,647,infection,252
12.484841000246622,342,0,336,322,0,0,0,648,infection,976
12.48725971900164,341,0,337,322,0,0,0,649,infection,729
12.48989018082921,341,0,336,323,0,0,0,649,recovery,892
12.511939470528214,340,0,337,323,0,0,0,650,infection,754
12.517075520257505,339,0,338,323,0,0,0,651,infection,468
12.519652817616503,338,0,339,323,0,0,0,652,infection,873
12.533342783280208,337,0,340,323,0,0,0,653,infection,496
12.534156025901877,337,0,339,324,0,0,0,653,recovery,610
12.53694299367925,337,0,338,325,0,0,0,653,recovery,415
12.541264268585447,337,0,337,326,0,0,0,653,recovery,329
12.544073923652965,336,0,338,326,0,0,0,654,infection,408
12.556409141676152,336,0,337,327,0,0,0,654,recovery,652
12.570799213311505,335,0,338,327,0,0,0,655,infection,588
12.590095320783243,335,0,337,328,0,0,0,655,recovery,902
12.592261251226756,334,0,338,328,0,0,0,656,infection,231
12.593632730908332,334,0,337,329,0,0,0,656,recovery,464
12.606178226818807,333,0,338,329,0,0,0,657,infection,676
12.60631923533158,333,0,337,330,0,0,0,657,recovery,76
12.608656795411248,333,0,336,331,0,0,0,657,recovery,164
12.614510854625227,332,0,337,331,0,0,0,658,infection,830
12.64164328371368,332,0,336,332,0,0,0,658,recovery,80
12.64437130208525,332,0,335,333,0,0,0,658,recovery,583
12.651755680627613,332,0,334,334,0,0,0,658,recovery,719
12.663630450856084,332,0,333,335,0,0,0,658,recovery,123
12.709157107539149,332,0,332,336,0,0,0,658,recovery,124
12.713043275491035,331,0,333,336,0,0,0,659,infection,617
12.713874511372504,330,0,334,336,0,0,0,660,infection,848
12.73050125132708,330,0,333,337,0,0,0,660,recovery,320
12.731566754706577,329,0,334,337,0,0,0,661,infection,202
12.73685551767873,329,0,333,338,0,0,0,661,recovery,964
12.74656953316848,328,0,334,338,0,0,0,662,infection,81
12.748728489138877,328,0,333,339,0,0,0,662,recovery,293
12.773620576672034,328,0,332,340,0,0,0,662,recovery,50
12.774721554266545,328,0,331,341,0,0,0,662,recovery,367
12.775585088618797,328,0,330,342,0,0,0,662,recovery,456
12.783289761058214,328,0,329,343,0,0,0,662,recovery,346
12.809041706735139,327,0,330,343,0,0,0,663,infection,462
12.840996164112536,327,0,329,344,0,0,0,663,recovery,519
12.842524103113837,326,0,330,344,0,0,0,664,infection,122
12.845917839648491,326,0,329,345,0,0,0,664,recovery,945
12.848011592027888,326,0,328,346,0,0,0,664,recovery,450
12.875861374507616,325,0,329,346,0,0,0,665,infection,174
12.876156600101421,324,0,330,346,0,0,0,666,infection,291
12.884742156395859,323,0,331,346,0,0,0,667,infection,313
12.89453407532695,323,0,330,347,0,0,0,667,recovery,33
12.90365200748235,322,0,331,347,0,0,0,668,infection,71
12.904329387592181,322,0,330,348,0,0,0,668,recovery,574
12.920409520489152,322,0,329,349,0,0,0,668,recovery,250
12.92775785204578,322,0,328,350,0,0,0,668,recovery,446
12.946874395306972,322,0,327,351,0,0,0,668,recovery,568
12.951706783731458,322,0,326,352,0,0,0,668,recovery,630
12.97585316517427,321,0,327,352,0,0,0,669,infection,260
12.978532359229108,320,0,328,352,0,0,0,670,infection,494
13.002342222034036,319,0,329,352,0,0,0,671,infection,686
13.004102875001852,318,0,330,352,0,0,0,672,infection,262
13.015926660379353,317,0,331,352,0,0,0,673,infection,436
13.033785892378486,317,0,330,353,0,0,0,673,recovery,518
13.061724206267314,316,0,331,353,0,0,0,674,infection,151
13.062659425183679,316,0,330,354,0,0,0,674,recovery,65
13.062960361038824,315,0,331,354,0,0,0,675,infection,855
13.064156965864997,315,0,330,355,0,0,0,675,recovery,69
13.070713289261908,314,0,331,355,0,0,0,676,infection,973
13.07277397258062,313,0,332,355,0,0,0,677,infection,841
13.073997772455561,312,0,333,355,0,0,0,678,infection,158
13.076151445483838,312,0,332,356,0,0,0,678,recovery,413
13.079196082025357,311,0,333,356,0,0,0,679,infection,449
13.101561563280455,310,0,334,356,0,0,0,680,infection,577
13.109343839421678,310,0,333,357,0,0,0,680,recovery,122
13.109787444983391,310,0,332,358,0,0,0,680,recovery,685
13.114718629698444,310,0,331,359,0,0,0,680,recovery,780
13.115091858067823,310,0,330,360,0,0,0,680,recovery,539
13.120633268811856,310,0,329,361,0,0,0,680,recovery,663
13.120949227912938,309,0,330,361,0,0,0,681,infection,953
13.12373875613476,309,0,329,362,0,0,0,681,recovery,444
13.131202984284865,309,0,328,363,0,0,0,681,recovery,740
13.133278819608627,308,0,329,363,0,0,0,682,infection,514
13.136746331813267,307,0,330,363,0,0,0,683,infection,277
13.142891292902668,307,0,329,364,0,0,0,683,recovery,278
13.143952955987618,307,0,328,365,0,0,0,683,recovery,661
13.145410937420568,307,0,327,366,0,0,0,683,recovery,865
13.14544582923622,307,0,326,367,0,0,0,683,recovery,177
13.145878149022431,306,0,327,367,0,0,0,684,infection,527
13.14797543265495,305,0,328,367,0,0,0,685,infection,866
13.15212339665281,305,0,327,368,0,0,0,685,recovery,541
13.186867484088014,304,0,328,368,0,0,0,686,infection,426
13.18752202075171,304,0,327,369,0,0,0,686,recovery,361
13.211126024673788,304,0,326,370,0,0,0,686,recovery,281
13.227512214221194,303,0,327,370,0,0,0,687,infection,245
13.236143760028092,302,0,328,370,0,0,0,688,infection,168
13.236679856584436,301,0,329,370,0,0,0,689,infection,846
13.250697959404713,301,0,328,371,0,0,0,689,recovery,981
13.251591161784805,300,0,329,371,0,0,0,690,infection,227
13.26758743459069,299,0,330,371,0,0,0,691,infection,204
13.297013036158493,299,0,329,372,0,0,0,691,recovery,520
13.343986227717512,299,0,328,373,0,0,0,691,recovery,928
13.345524030615502,298,0,329,373,0,0,0,692,infection,337
13.348290096509999,298,0,328,374,0,0,0,692,recovery,664
13.365137809113763,298,0,327,375,0,0,0,692,recovery,637
13.370994886321695,298,0,326,376,0,0,0,692,recovery,998
13.379245990266217,298,0,325,377,0,0,0,692,recovery,102
13.41189111668619,298,0,324,378,0,0,0,692,recovery,441
13.437500086172584,297,0,325,378,0,0,0,693,infection,960
13.45361055113193,297,0,324,379,0,0,0,693,recovery,423
13.45418717081668,296,0,325,379,0,0,0,694,infection,314
13.458314592842797,295,0,326,379,0,0,0,695,infection,794
13.458606735756511,295,0,325,380,0,0,0,695,recovery,376
13.481337873330446,295,0,324,381,0,0,0,695,recovery,245
13.483005596054573,294,0,325,381,0,0,0,696,infection,849
13.485349012819787,293,0,326,381,0,0,0,697,infection,267
13.50328205388307,293,0,325,382,0,0,0,697,recovery,633
13.514718423622595,292,0,326,382,0,0,0,698,infection,77
13.517447846763861,292,0,325,383,0,0,0,698,recovery,913
13.521709322688805,291,0,326,383,0,0,0,699,infection,602
13.527977382470876,291,0,325,384,0,0,0,699,recovery,132
13.552100304076083,290,0,326,384,0,0,0,700,infection,822
13.593547641072846,290,0,325,385,0,0,0,700,recovery,458
13.5939718338715,289,0,326,385,0,0,0,701,infection,901
13.621653896170654,289,0,325,386,0,0,0,701,recovery,705
13.630207249750892,288,0,326,386,0,0,0,702,infection,457
13.646050820309073,287,0,327,386,0,0,0,703,infection,788
13.64839565499976,286,0,328,386,0,0,0,704,infection,506
13.65281375921288,286,0,327,387,0,0,0,704,recovery,496
13.65331476824954,286,0,326,388,0,0,0,704,recovery,976
13.670570105340362,285,0,327,388,0,0,0,705,infection,181
13.686719588659354,284,0,328,388,0,0,0,706,infection,467
13.693770683379155,283,0,329,388,0,0,0,707,infection,957
13.71886895004219,282,0,330,388,0,0,0,708,infection,23
13.725369698865787,282,0,329,389,0,0,0,708,recovery,427
13.726309465326189,282,0,328,390,0,0,0,708,recovery,294
13.734225951160221,281,0,329,390,0,0,0,709,infection,93
13.76223786964534,281,0,328,391,0,0,0,709,recovery,475
13.804000630064216,280,0,329,391,0,0,0,710,infection,778
13.817591446022284,280,0,328,392,0,0,0,710,recovery,625
13.85137026066463,279,0,329,392,0,0,0,711,infection,669
13.856414415046524,278,0,330,392,0,0,0,712,infection,460
13.862898325489619,277,0,331,392,0,0,0,713,infection,609
13.869599817708362,276,0,332,392,0,0,0,714,infection,775
13.871225400852046,275,0,333,392,0,0,0,715,infection,355
13.873554133892943,275,0,332,393,0,0,0,715,recovery,36
13.877252234298428,275,0,331,394,0,0,0,715,recovery,104
13.882929537574773,274,0,332,394,0,0,0,716,infection,295
13.886241579777113,273,0,333,394,0,0,0,717,infection,459
13.886978080565338,273,0,332,395,0,0,0,717,recovery,178
13.887118763010971,273,0,331,396,0,0,0,717,recovery,906
13.916087135735255,272,0,332,396,0,0,0,718,infection,419
13.963933882170904,272,0,331,397,0,0,0,718,recovery,500
13.989673392530646,272,0,330,398,0,0,0,718,recovery,485
13.99197707419845,271,0,331,398,0,0,0,719,infection,110
13.997224520943304,270,0,332,398,0,0,0,720,infection,723
14.001559623027648,270,0,331,399,0,0,0,720,recovery,113
14.009703755816648,269,0,332,399,0,0,0,721,infection,369
14.020605207532851,268,0,333,399,0,0,0,722,infection,269
14.036815181509946,268,0,332,400,0,0,0,722,recovery,81
14.042101285732109,267,0,333,400,0,0,0,723,infection,980
14.04239350841749,266,0,334,400,0,0,0,724,infection,169
14.045547389473015,266,0,333,401,0,0,0,724,recovery,947
14.050358134455236,265,0,334,401,0,0,0,725,infection,919
14.05528962765011,264,0,335,401,0,0,0,726,infection,434
14.058223596005693,264,0,334,402,0,0,0,726,recovery,186
14.06793253999981,263,0,335,402,0,0,0,727,infection,743
14.111154518821799,262,0,336,402,0,0,0,728,infection,816
14.126573205280506,262,0,335,403,0,0,0,728,recovery,429
14.151001487793925,262,0,334,404,0,0,0,728,recovery,920
14.15848707583866,261,0,335,404,0,0,0,729,infection,761
14.162114047014038,261,0,334,405,0,0,0,729,recovery,516
14.163129246045553,261,0,333,406,0,0,0,729,recovery,980
14.188318960443585,260,0,334,406,0,0,0,730,infection,599
14.188476406616603,259,0,335,406,0,0,0,731,infection,32
14.188563384107814,258,0,336,406,0,0,0,732,infection,394
14.19447778382215,257,0,337,406,0,0,0,733,infection,523
14.19597489793297,256,0,338,406,0,0,0,734,infection,211
14.205232822754075,256,0,337,407,0,0,0,734,recovery,198
14.208173451491977,255,0,338,407,0,0,0,735,infection,882
14.223403908088171,255,0,337,408,0,0,0,735,recovery,881
14.228939548307851,254,0,338,408,0,0,0,736,infection,215
14.234402112075639,254,0,337,409,0,0,0,736,recovery,68
14.243278193924338,254,0,336,410,0,0,0,736,recovery,306
14.243932501611372,254,0,335,411,0,0,0,736,recovery,350
14.251572183928507,253,0,336,411,0,0,0,737,infection,748
14.27660963541212,252,0,337,411,0,0,0,738,infection,24
14.281976311610979,252,0,336,412,0,0,0,738,recovery,333
14.297815653822811,252,0,335,413,0,0,0,738,recovery,602
14.301822749351134,251,0,336,413,0,0,0,739,infection,851
14.308270769900856,250,0,337,413,0,0,0,740,infection,864
14.311681395787868,250,0,336,414,0,0,0,740,recovery,214
14.32169156357712,249,0,337,414,0,0,0,741,infection,552
14.331254308582334,248,0,338,414,0,0,0,742,infection,96
14.33383906480903,248,0,337,415,0,0,0,742,recovery,481
14.334845457496732,248,0,336,416,0,0,0,742,recovery,291
14.354490411061452,248,0,335,417,0,0,0,742,recovery,268
14.362171260342347,247,0,336,417,0,0,0,743,infection,618
14.364519780296494,246,0,337,417,0,0,0,744,infection,442
14.37696330477419,246,0,336,418,0,0,0,744,recovery,288
14.380383990387095,246,0,335,419,0,0,0,744,recovery,260
14.409577179289887,245,0,336,419,0,0,0,745,infection,838
14.409972552246394,245,0,335,420,0,0,0,745,recovery,970
14.417505209004858,245,0,334,421,0,0,0,745,recovery,534
14.41971151310637,244,0,335,421,0,0,0,746,infection,349
14.426317697039565,244,0,334,422,0,0,0,746,recovery,552
14.430924708207687,244,0,333,423,0,0,0,746,recovery,94
14.459874896515995,244,0,332,424,0,0,0,746,recovery,426
14.500499628207885,243,0,333,424,0,0,0,747,infection,497
14.501044717738298,243,0,332,425,0,0,0,747,recovery,931
14.506828315973955,243,0,331,426,0,0,0,747,recovery,228
14.516069343972346,242,0,332,426,0,0,0,748,infection,566
14.520758589721808,242,0,331,427,0,0,0,748,recovery,216
14.52476694000481,242,0,330,428,0,0,0,748,recovery,239
14.542550548200047,242,0,329,429,0,0,0,748,recovery,115
14.549543786409124,241,0,330,429,0,0,0,749,infection,965
14.555270830268688,241,0,329,430,0,0,0,749,recovery,282
14.558505724365663,241,0,328,431,0,0,0,749,recovery,436
14.565835196899373,240,0,329,431,0,0,0,750,infection,657
14.595227108844256,240,0,328,432,0,0,0,750,recovery,736
14.60310697051108,240,0,327,433,0,0,0,750,recovery,801
14.61847969223848,240,0,326,434,0,0,0,750,recovery,453
14.625342740912675,240,0,325,435,0,0,0,750,recovery,934
14.630983101315296,239,0,326,435,0,0,0,751,infection,324
14.646515771976649,238,0,327,435,0,0,0,752,infection,246
14.64852788771684,237,0,328,435,0,0,0,753,infection,210
14.649679096938721,237,0,327,436,0,0,0,753,recovery,960
14.651934270491225,237,0,326,437,0,0,0,753,recovery,9
14.657452848952046,236,0,327,437,0,0,0,754,infection,72
14.694810903030593,236,0,326,438,0,0,0,754,recovery,489
14.694818394179853,235,0,327,438,0,0,0,755,infection,899
14.695155563496533,235,0,326,439,0,0,0,755,recovery,392
14.717153907750149,235,0,325,440,0,0,0,755,recovery,831
14.726425998093887,235,0,324,441,0,0,0,755,recovery,492
14.75345338994842,235,0,323,442,0,0,0,755,recovery,141
14.766357306700058,234,0,324,442,0,0,0,756,infection,224
14.76914206202061,233,0,325,442,0,0,0,757,infection,137
14.772136841446818,232,0,326,442,0,0,0,758,infection,499
14.774308867925233,231,0,327,442,0,0,0,759,infection,249
14.785327581242903,231,0,326,443,0,0,0,759,recovery,10
14.788412899102553,230,0,327,443,0,0,0,760,infection,587
14.82136732839049,229,0,328,443,0,0,0,761,infection,479
14.821798201908901,229,0,327,444,0,0,0,761,recovery,213
14.846574502994766,228,0,328,444,0,0,0,762,infection,774
14.865268452155659,228,0,327,445,0,0,0,762,recovery,982
14.870752844565299,228,0,326,446,0,0,0,762,recovery,855
14.887832896919,228,0,325,447,0,0,0,762,recovery,524
14.900967904935913,227,0,326,447,0,0,0,763,infection,78
14.922671400453723,227,0,325,448,0,0,0,763,recovery,952
14.947810332734118,227,0,324,449,0,0,0,763,recovery,712
14.957587916840366,226,0,325,449,0,0,0,764,infection,258
14.964916615278305,226,0,324,450,0,0,0,764,recovery,581
14.985482350999312,226,0,323,451,0,0,0,764,recovery,70
14.985558421026775,225,0,324,451,0,0,0,765,infection,187
15.000160847388482,225,0,323,452,0,0,0,765,recovery,269
15.023876686999865,225,0,322,453,0,0,0,765,recovery,1000
15.041370809341881,224,0,323,453,0,0,0,766,infection,884
15.043831620486303,224,0,322,454,0,0,0,766,recovery,813
15.049490551635731,223,0,323,454,0,0,0,767,infection,645
15.053911462703145,223,0,322,455,0,0,0,767,recovery,915
15.054226949542425,222,0,323,455,0,0,0,768,infection,984
15.06054962107358,222,0,322,456,0,0,0,768,recovery,762
15.068721557528205,222,0,321,457,0,0,0,768,recovery,437
15.080989102649477,221,0,322,457,0,0,0,769,infection,565
15.106898138135126,221,0,321,458,0,0,0,769,recovery,927
15.123755612862494,221,0,320,459,0,0,0,769,recovery,922
15.135037289176363,221,0,319,460,0,0,0,769,recovery,287
15.172267377145099,221,0,318,461,0,0,0,769,recovery,324
15.182917910053133,221,0,317,462,0,0,0,769,recovery,559
15.190732397187627,220,0,318,462,0,0,0,770,infection,809
15.192242668287422,220,0,317,463,0,0,0,770,recovery,93
15.21656823576871,220,0,316,464,0,0,0,770,recovery,24
15.229624361315551,219,0,317,464,0,0,0,771,infection,860
15.251295992143682,218,0,318,464,0,0,0,772,infection,208
15.278171928512618,217,0,319,464,0,0,0,773,infection,558
15.28308780502058,216,0,320,464,0,0,0,774,infection,254
15.292857235434555,215,0,321,464,0,0,0,775,infection,455
15.300285898955712,215,0,320,465,0,0,0,775,recovery,965
15.305462705568308,214,0,321,465,0,0,0,776,infection,783
15.316348308375991,213,0,322,465,0,0,0,777,infection,804
15.323657392346709,213,0,321,466,0,0,0,777,recovery,158
15.324313024049125,213,0,320,467,0,0,0,777,recovery,788
15.358983441546453,212,0,321,467,0,0,0,778,infection,532
15.362460768526601,212,0,320,468,0,0,0,778,recovery,315
15.37529173089195,211,0,321,468,0,0,0,779,infection,515
15.381933293076184,211,0,320,469,0,0,0,779,recovery,586
15.414002386214644,211,0,319,470,0,0,0,779,recovery,749
15.432968749851199,210,0,320,470,0,0,0,780,infection,847
15.439286702098542,209,0,321,470,0,0,0,781,infection,461
15.443725595338627,209,0,320,471,0,0,0,781,recovery,812
15.451299923642988,209,0,319,472,0,0,0,781,recovery,748
15.460536087455308,208,0,320,472,0,0,0,782,infection,150
15.47273711885114,208,0,319,473,0,0,0,782,recovery,247
15.512708537299757,208,0,318,474,0,0,0,782,recovery,544
15.513604957808948,207,0,319,474,0,0,0,783,infection,828
15.523607137703056,207,0,318,475,0,0,0,783,recovery,39
15.53677080671196,207,0,317,476,0,0,0,783,recovery,133
15.542676175925333,207,0,316,477,0,0,0,783,recovery,694
15.55850935772713,207,0,315,478,0,0,0,783,recovery,849
15.572378876171188,206,0,316,478,0,0,0,784,infection,735
15.585890267427372,205,0,317,478,0,0,0,785,infection,619
15.594577606562005,205,0,316,479,0,0,0,785,recovery,27
15.603227690441665,205,0,315,480,0,0,0,785,recovery,117
15.609832237907804,205,0,314,481,0,0,0,785,recovery,375
15.691327022585556,205,0,313,482,0,0,0,785,recovery,884
15.70079781240198,204,0,314,482,0,0,0,786,infection,411
15.718770736624379,204,0,313,483,0,0,0,786,recovery,30
15.72273131830142,204,0,312,484,0,0,0,786,recovery,55
15.728834151538248,204,0,311,485,0,0,0,786,recovery,592
15.734008901385454,204,0,310,486,0,0,0,786,recovery,543
15.75044363156072,204,0,309,487,0,0,0,786,recovery,675
15.753090753131,204,0,308,488,0,0,0,786,recovery,224
15.76728163608956,204,0,307,489,0,0,0,786,recovery,4
15.776896221655928,204,0,306,490,0,0,0,786,recovery,587
15.780629708265213,203,0,307,490,0,0,0,787,infection,567
15.78136208616874,203,0,306,491,0,0,0,787,recovery,277
15.783144749938485,202,0,307,491,0,0,0,788,infection,276
15.795235129096454,201,0,308,491,0,0,0,789,infection,66
15.795533862681129,200,0,309,491,0,0,0,790,infection,131
15.832752900721372,199,0,310,491,0,0,0,791,infection,275
15.876263998715274,199,0,309,492,0,0,0,791,recovery,284
15.901119011839201,198,0,310,492,0,0,0,792,infection,86
15.906196467941086,198,0,309,493,0,0,0,792,recovery,467
15.910310928797125,197,0,310,493,0,0,0,793,infection,95
15.915902081062393,197,0,309,494,0,0,0,793,recovery,816
15.918925538027175,197,0,308,495,0,0,0,793,recovery,73
15.919210789536509,197,0,307,496,0,0,0,793,recovery,72
15.926352557472834,196,0,308,496,0,0,0,794,infection,251
15.930663997157021,196,0,307,497,0,0,0,794,recovery,497
15.940399075983585,196,0,306,498,0,0,0,794,recovery,804
15.960306879260981,196,0,305,499,0,0,0,794,recovery,322
15.969187998757487,196,0,304,500,0,0,0,794,recovery,185
15.970549277871378,196,0,303,501,0,0,0,794,recovery,503
15.992224426617076,196,0,302,502,0,0,0,794,recovery,460
16.003650652238303,196,0,301,503,0,0,0,794,recovery,100
16.01266131123789,195,0,302,503,0,0,0,795,infection,478
16.013979353555534,194,0,303,503,0,0,0,796,infection,300
16.01433377212235,194,0,302,504,0,0,0,796,recovery,89
16.035254109656652,193,0,303,504,0,0,0,797,infection,730
16.040133345296223,193,0,302,505,0,0,0,797,recovery,174
16.042310511869534,193,0,301,506,0,0,0,797,recovery,569
16.044964229692248,192,0,302,506,0,0,0,798,infection,772
16.04624949561444,192,0,301,507,0,0,0,798,recovery,839
16.050935652999573,192,0,300,508,0,0,0,798,recovery,459
16.065101077749787,192,0,299,509,0,0,0,798,recovery,860
16.070545036194446,191,0,300,509,0,0,0,799,infection,272
16.070798159484482,190,0,301,509,0,0,0,800,infection,386
16.087562545319503,189,0,302,509,0,0,0,801,infection,317
16.095025235565345,188,0,303,509,0,0,0,802,infection,61
16.121240390753748,188,0,302,510,0,0,0,802,recovery,830
16.14965367161352,188,0,301,511,0,0,0,802,recovery,914
16.15823160712172,187,0,302,511,0,0,0,803,infection,307
16.16784978399033,186,0,303,511,0,0,0,804,infection,877
16.181743340078967,186,0,302,512,0,0,0,804,recovery,834
16.195450728921553,186,0,301,513,0,0,0,804,recovery,946
16.20303736136735,186,0,300,514,0,0,0,804,recovery,634
16.233118692441586,186,0,299,515,0,0,0,804,recovery,979
16.25052514646031,186,0,298,516,0,0,0,804,recovery,527
16.27735597204322,185,0,299,516,0,0,0,805,infection,590
16.28807347439708,185,0,298,517,0,0,0,805,recovery,483
16.29478656304328,185,0,297,518,0,0,0,805,recovery,941
16.327248683916288,184,0,298,518,0,0,0,806,infection,806
16.33820220336961,183,0,299,518,0,0,0,807,infection,868
16.347899060078632,182,0,300,518,0,0,0,808,infection,737
16.357603535948673,182,0,299,519,0,0,0,808,recovery,937
16.369855296725365,181,0,300,519,0,0,0,809,infection,987
16.377057442054472,181,0,299,520,0,0,0,809,recovery,477
16.383291623904,181,0,298,521,0,0,0,809,recovery,985
16.412083605085723,180,0,299,521,0,0,0,810,infection,628
16.418960553230495,180,0,298,522,0,0,0,810,recovery,442
16.423686427257667,179,0,299,522,0,0,0,811,infection,598
16.426190725328173,179,0,298,523,0,0,0,811,recovery,619
16.47592220537728,179,0,297,524,0,0,0,811,recovery,478
16.5214600218115,178,0,298,524,0,0,0,812,infection,283
16.528586708326028,178,0,297,525,0,0,0,812,recovery,645
16.53349841313388,177,0,298,525,0,0,0,813,infection,777
16.56199209136648,177,0,297,526,0,0,0,813,recovery,614
16.564990035923078,177,0,296,527,0,0,0,813,recovery,267
16.57736907469549,177,0,295,528,0,0,0,813,recovery,90
16.57798299193606,176,0,296,528,0,0,0,814,infection,629
16.581508675329918,176,0,295,529,0,0,0,814,recovery,251
16.604582415608995,175,0,296,529,0,0,0,815,infection,352
16.61584992294162,175,0,295,530,0,0,0,815,recovery,131
16.656806634930987,175,0,294,531,0,0,0,815,recovery,598
16.65862782396606,175,0,293,532,0,0,0,815,recovery,179
16.677978754318616,175,0,292,533,0,0,0,815,recovery,66
16.679531154268766,175,0,291,534,0,0,0,815,recovery,608
16.692437346703272,174,0,292,534,0,0,0,816,infection,342
16.710423094144065,173,0,293,534,0,0,0,817,infection,770
16.71069116121622,173,0,292,535,0,0,0,817,recovery,612
16.733307250047304,172,0,293,535,0,0,0,818,infection,560
16.73903039186304,171,0,294,535,0,0,0,819,infection,31
16.739442016895197,170,0,295,535,0,0,0,820,infection,938
16.74752636758769,170,0,294,536,0,0,0,820,recovery,943
16.7581093811998,170,0,293,537,0,0,0,820,recovery,312
16.76433471738764,169,0,294,537,0,0,0,821,infection,771
16.77087840340415,169,0,293,538,0,0,0,821,recovery,588
16.798002911458994,169,0,292,539,0,0,0,821,recovery,967
16.79862627264325,168,0,293,539,0,0,0,822,infection,395
16.80729051397086,168,0,292,540,0,0,0,822,recovery,647
16.815756017270456,168,0,291,541,0,0,0,822,recovery,689
16.843987624605948,168,0,290,542,0,0,0,822,recovery,873
16.84719356749293,167,0,291,542,0,0,0,823,infection,53
16.852883571073605,167,0,290,543,0,0,0,823,recovery,990
16.853500135228796,166,0,291,543,0,0,0,824,infection,191
16.857633372743297,165,0,292,543,0,0,0,825,infection,111
16.878626649854855,165,0,291,544,0,0,0,825,recovery,848
16.87985576422639,164,0,292,544,0,0,0,826,infection,299
16.88582699630966,163,0,293,544,0,0,0,827,infection,716
16.90251916733077,163,0,292,545,0,0,0,827,recovery,681
16.919845614795072,163,0,291,546,0,0,0,827,recovery,776
16.923801663245513,163,0,290,547,0,0,0,827,recovery,472
16.9354047933747,162,0,291,547,0,0,0,828,infection,536
16.97527110389996,162,0,290,548,0,0,0,828,recovery,533
16.988765705467095,161,0,291,548,0,0,0,829,infection,162
17.011361376218375,160,0,292,548,0,0,0,830,infection,222
17.01277754381752,160,0,291,549,0,0,0,830,recovery,311
17.01295124801181,160,0,290,550,0,0,0,830,recovery,342
17.018043368919137,159,0,291,550,0,0,0,831,infection,445
17.05637469722562,158,0,292,550,0,0,0,832,infection,687
17.079668474828196,157,0,293,550,0,0,0,833,infection,757
17.08501796342772,157,0,292,551,0,0,0,833,recovery,532
17.093757689073204,157,0,291,552,0,0,0,833,recovery,726
17.099416411086878,157,0,290,553,0,0,0,833,recovery,772
17.11683056618108,157,0,289,554,0,0,0,833,recovery,14
17.13225876708265,157,0,288,555,0,0,0,833,recovery,548
17.13459413907348,156,0,289,555,0,0,0,834,infection,505
17.148789544173145,155,0,290,555,0,0,0,835,infection,508
17.170305334830456,155,0,289,556,0,0,0,835,recovery,572
17.19772296674956,155,0,288,557,0,0,0,835,recovery,261
17.2092802002377,155,0,287,558,0,0,0,835,recovery,565
17.22302906222764,154,0,288,558,0,0,0,836,infection,354
17.227981546518457,154,0,287,559,0,0,0,836,recovery,793
17.228653846723734,154,0,286,560,0,0,0,836,recovery,233
17.250908239387016,153,0,287,560,0,0,0,837,infection,49
17.258246920422383,153,0,286,561,0,0,0,837,recovery,352
17.28248172028082,152,0,287,561,0,0,0,838,infection,240
17.308792770639094,152,0,286,562,0,0,0,838,recovery,648
17.314887395954205,152,0,285,563,0,0,0,838,recovery,191
17.318572480827772,151,0,286,563,0,0,0,839,infection,547
17.341737980916545,151,0,285,564,0,0,0,839,recovery,308
17.34401489296334,150,0,286,564,0,0,0,840,infection,744
17.358313081241405,150,0,285,565,0,0,0,840,recovery,590
17.38132608264922,150,0,284,566,0,0,0,840,recovery,828
17.40832842040195,150,0,283,567,0,0,0,840,recovery,263
17.41428172567022,150,0,282,568,0,0,0,840,recovery,355
17.41536591117599,150,0,281,569,0,0,0,840,recovery,302
17.434414488149518,150,0,280,570,0,0,0,840,recovery,879
17.44534511939902,150,0,279,571,0,0,0,840,recovery,961
17.448350952752953,150,0,278,572,0,0,0,840,recovery,584
17.452853102664147,150,0,277,573,0,0,0,840,recovery,258
17.459855805368147,150,0,276,574,0,0,0,840,recovery,112
17.505135902595715,149,0,277,574,0,0,0,841,infection,624
17.51667067442854,149,0,276,575,0,0,0,841,recovery,953
17.527696806640034,149,0,275,576,0,0,0,841,recovery,74
17.536614517764725,149,0,274,577,0,0,0,841,recovery,255
17.540463819118937,149,0,273,578,0,0,0,841,recovery,901
17.566492018417744,149,0,272,579,0,0,0,841,recovery,606
17.57447122587121,149,0,271,580,0,0,0,841,recovery,349
17.590251703407503,149,0,270,581,0,0,0,841,recovery,856
17.590743838552466,148,0,271,581,0,0,0,842,infection,531
17.615487720645454,148,0,270,582,0,0,0,842,recovery,973
17.63360076646722,148,0,269,583,0,0,0,842,recovery,512
17.64038303295683,148,0,268,584,0,0,0,842,recovery,71
17.657006495144937,148,0,267,585,0,0,0,842,recovery,386
17.671516255484455,148,0,266,586,0,0,0,842,recovery,271
17.686592194793622,147,0,267,586,0,0,0,843,infection,747
17.69804528915078,147,0,266,587,0,0,0,843,recovery,42
17.716975582499426,147,0,265,588,0,0,0,843,recovery,246
17.744423550597794,147,0,264,589,0,0,0,843,recovery,202
17.872972271751188,147,0,263,590,0,0,0,843,recovery,338
17.876318041810485,146,0,264,590,0,0,0,844,infection,678
17.91698777698041,146,0,263,591,0,0,0,844,recovery,531
17.961166097392436,146,0,262,592,0,0,0,844,recovery,832
17.97759233428218,145,0,263,592,0,0,0,845,infection,319
17.989377336803695,145,0,262,593,0,0,0,845,recovery,899
17.992820160408936,145,0,261,594,0,0,0,845,recovery,449
18.004529633103402,145,0,260,595,0,0,0,845,recovery,717
18.02348039960409,145,0,259,596,0,0,0,845,recovery,82
18.037870909030257,145,0,258,597,0,0,0,845,recovery,628
18.044169199717086,145,0,257,598,0,0,0,845,recovery,32
18.0621042150992,144,0,258,598,0,0,0,846,infection,805
18.109690494383056,143,0,259,598,0,0,0,847,infection,621
18.111702458563894,143,0,258,599,0,0,0,847,recovery,883
18.12463353582623,143,0,257,600,0,0,0,847,recovery,688
18.145860158901456,143,0,256,601,0,0,0,847,recovery,195
18.183624069296986,143,0,255,602,0,0,0,847,recovery,240
18.18453250912337,142,0,256,602,0,0,0,848,infection,814
18.187522837086764,142,0,255,603,0,0,0,848,recovery,356
18.217815059678905,142,0,254,604,0,0,0,848,recovery,222
18.22482613010628,142,0,253,605,0,0,0,848,recovery,95
18.241829699480302,142,0,252,606,0,0,0,848,recovery,978
18.287343473919798,142,0,251,607,0,0,0,848,recovery,316
18.32282018128338,142,0,250,608,0,0,0,848,recovery,571
18.335189016481408,142,0,249,609,0,0,0,848,recovery,110
18.335410012567078,142,0,248,610,0,0,0,848,recovery,300
18.351347444700018,141,0,249,610,0,0,0,849,infection,303
18.359165263786863,140,0,250,610,0,0,0,850,infection,863
18.36695373064104,140,0,249,611,0,0,0,850,recovery,547
18.37798031385689,140,0,248,612,0,0,0,850,recovery,851
18.379853559345182,140,0,247,613,0,0,0,850,recovery,31
18.396920607258114,139,0,248,613,0,0,0,851,infection,153
18.421042446772148,139,0,247,614,0,0,0,851,recovery,900
18.44393411022956,138,0,248,614,0,0,0,852,infection,728
18.48014482520079,138,0,247,615,0,0,0,852,recovery,678
18.497339661935357,138,0,246,616,0,0,0,852,recovery,715
18.510105307328345,138,0,245,617,0,0,0,852,recovery,657
18.511025607318977,138,0,244,618,0,0,0,852,recovery,829
18.51982514277412,138,0,243,619,0,0,0,852,recovery,778
18.523600913344737,138,0,242,620,0,0,0,852,recovery,204
18.53281580091941,138,0,241,621,0,0,0,852,recovery,624
18.536614516142723,138,0,240,622,0,0,0,852,recovery,686
18.54420729269612,138,0,239,623,0,0,0,852,recovery,407
18.547476663295665,138,0,238,624,0,0,0,852,recovery,513
18.564897927874362,138,0,237,625,0,0,0,852,recovery,741
18.579404088479382,138,0,236,626,0,0,0,852,recovery,508
18.62581566718049,138,0,235,627,0,0,0,852,recovery,151
18.631355684889943,138,0,234,628,0,0,0,852,recovery,919
18.63378999678583,137,0,235,628,0,0,0,853,infection,591
18.64218126652111,137,0,234,629,0,0,0,853,recovery,6
18.690501731766183,137,0,233,630,0,0,0,853,recovery,807
18.725923469228757,137,0,232,631,0,0,0,853,recovery,623
18.770888352445233,137,0,231,632,0,0,0,853,recovery,858
18.77266258367708,137,0,230,633,0,0,0,853,recovery,218
18.80637387410423,137,0,229,634,0,0,0,853,recovery,49
18.863303522464747,137,0,228,635,0,0,0,853,recovery,729
18.882110543885588,136,0,229,635,0,0,0,854,infection,835
18.924583140071007,136,0,228,636,0,0,0,854,recovery,37
18.932339028652873,135,0,229,636,0,0,0,855,infection,121
18.967820588360183,135,0,228,637,0,0,0,855,recovery,276
18.968028254393133,135,0,227,638,0,0,0,855,recovery,887
18.973000186112206,135,0,226,639,0,0,0,855,recovery,622
18.992658294459137,135,0,225,640,0,0,0,855,recovery,490
19.021557579406995,134,0,226,640,0,0,0,856,infection,363
19.03305249621387,133,0,227,640,0,0,0,857,infection,438
19.062279024304207,132,0,228,640,0,0,0,858,infection,388
19.07533115681342,132,0,227,641,0,0,0,858,recovery,735
19.077013552848804,132,0,226,642,0,0,0,858,recovery,229
19.132453032011533,131,0,227,642,0,0,0,859,infection,660
19.148215438753912,130,0,228,642,0,0,0,860,infection,843
19.158326720305528,130,0,227,643,0,0,0,860,recovery,771
19.18636437955317,130,0,226,644,0,0,0,860,recovery,382
19.189761241862684,130,0,225,645,0,0,0,860,recovery,870
19.228802865240475,130,0,224,646,0,0,0,860,recovery,303
19.232987636485646,129,0,225,646,0,0,0,861,infection,180
19.297953389362565,129,0,224,647,0,0,0,861,recovery,536
19.340950741359265,129,0,223,648,0,0,0,861,recovery,369
19.34919092866693,128,0,224,648,0,0,0,862,infection,731
19.360258712645695,127,0,225,648,0,0,0,863,infection,826
19.363829326301797,126,0,226,648,0,0,0,864,infection,875
19.37833944850843,125,0,227,648,0,0,0,865,infection,642
19.386752480000514,125,0,226,649,0,0,0,865,recovery,852
19.387039292440438,125,0,225,650,0,0,0,865,recovery,577
19.461132650199733,125,0,224,651,0,0,0,865,recovery,211
19.474335795372944,125,0,223,652,0,0,0,865,recovery,987
19.478662437927788,125,0,222,653,0,0,0,865,recovery,388
19.49250571072065,125,0,221,654,0,0,0,865,recovery,738
19.552248268165652,124,0,222,654,0,0,0,866,infection,51
19.62289459248672,123,0,223,654,0,0,0,867,infection,379
19.629488308751192,123,0,222,655,0,0,0,867,recovery,43
19.637069056420117,123,0,221,656,0,0,0,867,recovery,676
19.668579050458444,123,0,220,657,0,0,0,867,recovery,374
19.6763488910953,123,0,219,658,0,0,0,867,recovery,984
19.735049775320515,122,0,220,658,0,0,0,868,infection,476
19.745870507373297,121,0,221,658,0,0,0,869,infection,147
19.770296391851574,121,0,220,659,0,0,0,869,recovery,644
19.794683701022485,121,0,219,660,0,0,0,869,recovery,432
19.810694456359833,121,0,218,661,0,0,0,869,recovery,215
19.822005837316652,121,0,217,662,0,0,0,869,recovery,77
19.942344657390215,120,0,218,662,0,0,0,870,infection,63
19.942900752180112,120,0,217,663,0,0,0,870,recovery,898
19.956097352188873,119,0,218,663,0,0,0,871,infection,196
19.9936874885835,119,0,217,664,0,0,0,871,recovery,272
20.041039274621898,119,0,216,665,0,0,0,871,recovery,938
20.071724625111827,119,0,215,666,0,0,0,871,recovery,168
20.098985989356706,119,0,214,667,0,0,0,871,recovery,360
20.170869520537096,119,0,213,668,0,0,0,871,recovery,523
20.19609494211571,119,0,212,669,0,0,0,871,recovery,153
20.231017824339926,119,0,211,670,0,0,0,871,recovery,396
20.238258708904944,119,0,210,671,0,0,0,871,recovery,138
20.266962209114073,118,0,211,671,0,0,0,872,infection,894
20.28999730892241,118,0,210,672,0,0,0,872,recovery,461
20.334939253866093,118,0,209,673,0,0,0,872,recovery,180
20.338184950038773,118,0,208,674,0,0,0,872,recovery,510
20.362126069724503,118,0,207,675,0,0,0,872,recovery,399
20.370816234956123,118,0,206,676,0,0,0,872,recovery,23
20.370897971974983,117,0,207,676,0,0,0,873,infection,542
20.428920919073747,117,0,206,677,0,0,0,873,recovery,742
20.432127273110506,116,0,207,677,0,0,0,874,infection,640
20.455627071378593,116,0,206,678,0,0,0,874,recovery,894
20.5084414737754,115,0,207,678,0,0,0,875,infection,718
20.535116244746327,115,0,206,679,0,0,0,875,recovery,499
20.562703592695044,114,0,207,679,0,0,0,876,infection,103
20.57433820686183,113,0,208,679,0,0,0,877,infection,784
20.595201114447548,112,0,209,679,0,0,0,878,infection,585
20.647110955544047,111,0,210,679,0,0,0,879,infection,530
20.67378408256848,111,0,209,680,0,0,0,879,recovery,710
20.72195269618115,110,0,210,680,0,0,0,880,infection,925
20.731814276017385,110,0,209,681,0,0,0,880,recovery,45
20.73378445897173,110,0,208,682,0,0,0,880,recovery,299
20.738932100875484,110,0,207,683,0,0,0,880,recovery,649
20.761503924616335,110,0,206,684,0,0,0,880,recovery,208
20.85941002293786,109,0,207,684,0,0,0,881,infection,463
20.86545750228977,108,0,208,684,0,0,0,882,infection,465
20.871719969849448,108,0,207,685,0,0,0,882,recovery,822
20.908038214458205,108,0,206,686,0,0,0,882,recovery,221
20.926496766237555,108,0,205,687,0,0,0,882,recovery,417
20.93957346342784,107,0,206,687,0,0,0,883,infection,334
20.94496940247565,107,0,205,688,0,0,0,883,recovery,808
20.969172187951088,107,0,204,689,0,0,0,883,recovery,573
20.996173642357412,107,0,203,690,0,0,0,883,recovery,15
21.007727033215758,107,0,202,691,0,0,0,883,recovery,775
21.020243464276728,107,0,201,692,0,0,0,883,recovery,51
21.112735851589456,106,0,202,692,0,0,0,884,infection,439
21.112999196229776,105,0,203,692,0,0,0,885,infection,238
21.123826547559364,105,0,202,693,0,0,0,885,recovery,515
21.13852034583005,104,0,203,693,0,0,0,886,infection,381
21.16542640489363,103,0,204,693,0,0,0,887,infection,207
21.222341158266175,103,0,203,694,0,0,0,887,recovery,951
21.279288428100536,103,0,202,695,0,0,0,887,recovery,484
21.287956262749496,102,0,203,695,0,0,0,888,infection,482
21.293895392784684,102,0,202,696,0,0,0,888,recovery,599
21.299362798404722,101,0,203,696,0,0,0,889,infection,968
21.34457000022581,100,0,204,696,0,0,0,890,infection,286
21.358091126871283,100,0,203,697,0,0,0,890,recovery,784
21.367530059693834,100,0,202,698,0,0,0,890,recovery,121
21.389853019509943,99,0,203,698,0,0,0,891,infection,11
21.446439443365183,99,0,202,699,0,0,0,891,recovery,716
21.44891679402928,99,0,201,700,0,0,0,891,recovery,609
21.525446802183012,99,0,200,701,0,0,0,891,recovery,317
21.591783746459374,98,0,201,701,0,0,0,892,infection,908
21.600559533113803,98,0,200,702,0,0,0,892,recovery,655
21.625646337532874,97,0,201,702,0,0,0,893,infection,57
21.632190927558483,97,0,200,703,0,0,0,893,recovery,223
21.660504588066416,97,0,199,704,0,0,0,893,recovery,394
21.672126266455646,96,0,200,704,0,0,0,894,infection,917
21.690472449639646,96,0,199,705,0,0,0,894,recovery,669
21.69557931185952,96,0,198,706,0,0,0,894,recovery,600
21.742171246483856,95,0,199,706,0,0,0,895,infection,631
21.757421878651378,94,0,200,706,0,0,0,896,infection,1
21.77668317535077,94,0,199,707,0,0,0,896,recovery,597
21.881914543839756,94,0,198,708,0,0,0,896,recovery,181
21.963308689838364,94,0,197,709,0,0,0,896,recovery,595
22.032950590417137,94,0,196,710,0,0,0,896,recovery,986
22.109017465999393,94,0,195,711,0,0,0,896,recovery,354
22.15512269283712,94,0,194,712,0,0,0,896,recovery,877
22.171475336461032,94,0,193,713,0,0,0,896,recovery,770
22.175909598764846,94,0,192,714,0,0,0,896,recovery,603
22.229704468998797,94,0,191,715,0,0,0,896,recovery,909
22.271377199306677,94,0,190,716,0,0,0,896,recovery,130
22.288894604133045,94,0,189,717,0,0,0,896,recovery,63
22.292000492832095,94,0,188,718,0,0,0,896,recovery,863
22.29342174115442,93,0,189,718,0,0,0,897,infection,939
22.311797881994035,93,0,188,719,0,0,0,897,recovery,363
22.324791844070706,93,0,187,720,0,0,0,897,recovery,468
22.32848363846591,93,0,186,721,0,0,0,897,recovery,162
22.343001155404934,92,0,187,721,0,0,0,898,infection,406
22.407444183442912,92,0,186,722,0,0,0,898,recovery,99
22.426521666778665,92,0,185,723,0,0,0,898,recovery,774
22.42960389096585,92,0,184,724,0,0,0,898,recovery,149
22.443848551392264,92,0,183,725,0,0,0,898,recovery,711
22.450649412967913,92,0,182,726,0,0,0,898,recovery,414
22.498043084344125,92,0,181,727,0,0,0,898,recovery,621
22.508561411345198,92,0,180,728,0,0,0,898,recovery,561
22.629375902708738,92,0,179,729,0,0,0,898,recovery,111
22.63040600376547,92,0,178,730,0,0,0,898,recovery,283
22.654555155800665,92,0,177,731,0,0,0,898,recovery,806
22.65526523734826,92,0,176,732,0,0,0,898,recovery,262
22.751731688721378,91,0,177,732,0,0,0,899,infection,703
22.76801429055175,91,0,176,733,0,0,0,899,recovery,939
22.777748029457285,91,0,175,734,0,0,0,899,recovery,796
22.817187911470157,91,0,174,735,0,0,0,899,recovery,56
22.87613847674337,91,0,173,736,0,0,0,899,recovery,210
22.882802045289747,91,0,172,737,0,0,0,899,recovery,585
22.887852281276736,91,0,171,738,0,0,0,899,recovery,847
22.931075069272275,91,0,170,739,0,0,0,899,recovery,86
22.954824391127843,91,0,169,740,0,0,0,899,recovery,455
22.95945734228932,91,0,168,741,0,0,0,899,recovery,465
22.981547086564177,91,0,167,742,0,0,0,899,recovery,412
23.10067983719557,90,0,168,742,0,0,0,900,infection,635
23.131672082787436,89,0,169,742,0,0,0,901,infection,404
23.170859334326952,88,0,170,742,0,0,0,902,infection,126
23.182773357094458,87,0,171,742,0,0,0,903,infection,819
23.18278848077988,87,0,170,743,0,0,0,903,recovery,635
23.20108368888382,87,0,169,744,0,0,0,903,recovery,866
23.310550496208023,86,0,170,744,0,0,0,904,infection,365
23.315104682391773,86,0,169,745,0,0,0,904,recovery,60
23.387184490558802,86,0,168,746,0,0,0,904,recovery,298
23.409415776966085,86,0,167,747,0,0,0,904,recovery,83
23.41516870753326,86,0,166,748,0,0,0,904,recovery,494
23.42199535249732,86,0,165,749,0,0,0,904,recovery,463
23.43586376361308,86,0,164,750,0,0,0,904,recovery,917
23.46731582166356,86,0,163,751,0,0,0,904,recovery,254
23.50590003701256,86,0,162,752,0,0,0,904,recovery,642
23.5123298178945,86,0,161,753,0,0,0,904,recovery,78
23.549729572314103,86,0,160,754,0,0,0,904,recovery,119
23.582666633803953,86,0,159,755,0,0,0,904,recovery,482
23.619416684288485,85,0,160,755,0,0,0,905,infection,495
23.647996889516225,85,0,159,756,0,0,0,905,recovery,658
23.669434997930033,84,0,160,756,0,0,0,906,infection,87
23.686764716728632,84,0,159,757,0,0,0,906,recovery,381
23.767357901853316,84,0,158,758,0,0,0,906,recovery,205
23.788440157273044,83,0,159,758,0,0,0,907,infection,264
23.80910394502677,83,0,158,759,0,0,0,907,recovery,651
23.816835318342974,83,0,157,760,0,0,0,907,recovery,575
23.837722355084804,83,0,156,761,0,0,0,907,recovery,757
23.85549024152496,83,0,155,762,0,0,0,907,recovery,882
23.891083154980002,83,0,154,763,0,0,0,907,recovery,28
23.895894502217867,82,0,155,763,0,0,0,908,infection,452
23.949692869074006,82,0,154,764,0,0,0,908,recovery,777
23.975723907975233,82,0,153,765,0,0,0,908,recovery,62
23.978244621170813,82,0,152,766,0,0,0,908,recovery,505
24.00073429975753,82,0,151,767,0,0,0,908,recovery,629
24.010739816669993,81,0,152,767,0,0,0,909,infection,389
24.03688069061353,81,0,151,768,0,0,0,909,recovery,794
24.149130696488836,81,0,150,769,0,0,0,909,recovery,411
24.171255947882905,81,0,149,770,0,0,0,909,recovery,391
24.17875252879414,81,0,148,771,0,0,0,909,recovery,38
24.267376985366774,81,0,147,772,0,0,0,909,recovery,567
24.414556232798795,81,0,146,773,0,0,0,909,recovery,445
24.429567439503533,80,0,147,773,0,0,0,910,infection,398
24.458478420115206,80,0,146,774,0,0,0,910,recovery,783
24.49951467075724,80,0,145,775,0,0,0,910,recovery,137
24.500869757785093,79,0,146,775,0,0,0,911,infection,75
24.50278107145455,79,0,145,776,0,0,0,911,recovery,126
24.510029762421023,79,0,144,777,0,0,0,911,recovery,249
24.545588337860003,78,0,145,777,0,0,0,912,infection,782
24.707247402680018,78,0,144,778,0,0,0,912,recovery,558
24.716938508551753,77,0,145,778,0,0,0,913,infection,17
24.772875008021998,77,0,144,779,0,0,0,913,recovery,864
24.83043239420163,77,0,143,780,0,0,0,913,recovery,916
24.851255648091282,77,0,142,781,0,0,0,913,recovery,838
24.91893823800903,76,0,143,781,0,0,0,914,infection,551
24.940860896424127,76,0,142,782,0,0,0,914,recovery,560
24.998377256032345,76,0,141,783,0,0,0,914,recovery,264
25.028922301515728,76,0,140,784,0,0,0,914,recovery,127
25.030045380717254,76,0,139,785,0,0,0,914,recovery,116
25.03483804666306,76,0,138,786,0,0,0,914,recovery,54
25.05358808471179,76,0,137,787,0,0,0,914,recovery,957
25.139195582836223,76,0,136,788,0,0,0,914,recovery,631
25.21467792550481,76,0,135,789,0,0,0,914,recovery,398
25.217569733385112,76,0,134,790,0,0,0,914,recovery,326
25.258966530332575,76,0,133,791,0,0,0,914,recovery,87
25.31787246066263,75,0,134,791,0,0,0,915,infection,108
25.337105552966886,74,0,135,791,0,0,0,916,infection,684
25.371244988971018,74,0,134,792,0,0,0,916,recovery,530
25.39434376865218,74,0,133,793,0,0,0,916,recovery,744
25.476572471990664,74,0,132,794,0,0,0,916,recovery,817
25.496972652448328,74,0,131,795,0,0,0,916,recovery,925
25.628947212013546,74,0,130,796,0,0,0,916,recovery,974
25.706153651929704,74,0,129,797,0,0,0,916,recovery,751
25.73113180870777,74,0,128,798,0,0,0,916,recovery,319
25.77992788816719,74,0,127,799,0,0,0,916,recovery,805
25.84461380705856,74,0,126,800,0,0,0,916,recovery,64
25.8831922030488,74,0,125,801,0,0,0,916,recovery,542
25.921755109956052,74,0,124,802,0,0,0,916,recovery,11
25.959293114803245,74,0,123,803,0,0,0,916,recovery,819
25.974615762971276,73,0,124,803,0,0,0,917,infection,280
25.993907972285403,72,0,125,803,0,0,0,918,infection,232
26.07801871380653,72,0,124,804,0,0,0,918,recovery,545
26.08534681962912,72,0,123,805,0,0,0,918,recovery,234
26.21287071720661,71,0,124,805,0,0,0,919,infection,327
26.22539750112304,71,0,123,806,0,0,0,919,recovery,438
26.252168025350763,71,0,122,807,0,0,0,919,recovery,743
26.25405952171929,71,0,121,808,0,0,0,919,recovery,506
26.33318004934975,71,0,120,809,0,0,0,919,recovery,591
26.411089428332776,71,0,119,810,0,0,0,919,recovery,57
26.42892633993715,71,0,118,811,0,0,0,919,recovery,187
26.43291166518111,71,0,117,812,0,0,0,919,recovery,579
26.454550441123963,71,0,116,813,0,0,0,919,recovery,640
26.471312748400308,71,0,115,814,0,0,0,919,recovery,107
26.489798975181245,70,0,116,814,0,0,0,920,infection,615
26.511238133634862,70,0,115,815,0,0,0,920,recovery,846
26.55014661900343,70,0,114,816,0,0,0,920,recovery,257
26.57058588289134,70,0,113,817,0,0,0,920,recovery,835
26.684932042673445,69,0,114,817,0,0,0,921,infection,21
26.713694590216008,69,0,113,818,0,0,0,921,recovery,53
26.751769385964597,69,0,112,819,0,0,0,921,recovery,314
26.855512887262574,69,0,111,820,0,0,0,921,recovery,270
26.86000293352316,69,0,110,821,0,0,0,921,recovery,88
26.974732360469726,69,0,109,822,0,0,0,921,recovery,21
26.979411471488454,69,0,108,823,0,0,0,921,recovery,754
27.021947924274897,69,0,107,824,0,0,0,921,recovery,660
27.066695279987215,69,0,106,825,0,0,0,921,recovery,286
27.090661113243947,68,0,107,825,0,0,0,922,infection,768
27.18633268552342,68,0,106,826,0,0,0,922,recovery,891
27.235728277407663,68,0,105,827,0,0,0,922,recovery,800
27.242170235312347,68,0,104,828,0,0,0,922,recovery,814
27.386109145606266,68,0,103,829,0,0,0,922,recovery,61
27.415786785775698,67,0,104,829,0,0,0,923,infection,183
27.443239485727496,67,0,103,830,0,0,0,923,recovery,307
27.44627481470717,67,0,102,831,0,0,0,923,recovery,908
27.5408269706613,67,0,101,832,0,0,0,923,recovery,537
27.603871725363568,67,0,100,833,0,0,0,923,recovery,183
27.694423654242357,67,0,99,834,0,0,0,923,recovery,615
27.73361276734346,66,0,100,834,0,0,0,924,infection,318
27.798597673343114,65,0,101,834,0,0,0,925,infection,824
27.86812215251943,65,0,100,835,0,0,0,925,recovery,617
28.013791299059097,65,0,99,836,0,0,0,925,recovery,295
28.02480454402148,65,0,98,837,0,0,0,925,recovery,147
28.064714551123473,64,0,99,837,0,0,0,926,infection,763
28.106796679429895,64,0,98,838,0,0,0,926,recovery,313
28.16306680364192,64,0,97,839,0,0,0,926,recovery,723
28.17022715648097,63,0,98,839,0,0,0,927,infection,480
28.19855505812478,63,0,97,840,0,0,0,927,recovery,759
28.24845928575447,63,0,96,841,0,0,0,927,recovery,92
28.249264241154652,63,0,95,842,0,0,0,927,recovery,341
28.263392673661894,63,0,94,843,0,0,0,927,recovery,968
28.290646020733245,63,0,93,844,0,0,0,927,recovery,1
28.313259806726514,63,0,92,845,0,0,0,927,recovery,948
28.32025849153839,63,0,91,846,0,0,0,927,recovery,684
28.332423888028934,63,0,90,847,0,0,0,927,recovery,401
28.388845643055852,63,0,89,848,0,0,0,927,recovery,434
28.390836762449656,63,0,88,849,0,0,0,927,recovery,232
28.40718211107955,63,0,87,850,0,0,0,927,recovery,418
28.507964475301378,63,0,86,851,0,0,0,927,recovery,868
28.58538556684544,63,0,85,852,0,0,0,927,recovery,98
28.603285604115698,62,0,86,852,0,0,0,928,infection,347
28.63408397048604,62,0,85,853,0,0,0,928,recovery,207
28.643748972124005,61,0,86,853,0,0,0,929,infection,942
28.74684314043903,60,0,87,853,0,0,0,930,infection,721
28.767279121263098,60,0,86,854,0,0,0,930,recovery,875
28.779847669721157,60,0,85,855,0,0,0,930,recovery,462
28.86523551848255,60,0,84,856,0,0,0,930,recovery,231
28.912647047383125,60,0,83,857,0,0,0,930,recovery,150
29.021159039377917,60,0,82,858,0,0,0,930,recovery,165
29.02459739327064,60,0,81,859,0,0,0,930,recovery,761
29.118625622495955,60,0,80,860,0,0,0,930,recovery,786
29.239028607547585,60,0,79,861,0,0,0,930,recovery,439
29.346214040559317,60,0,78,862,0,0,0,930,recovery,408
29.410640230398723,60,0,77,863,0,0,0,930,recovery,275
29.46932615963059,60,0,76,864,0,0,0,930,recovery,703
29.50159796796594,59,0,77,864,0,0,0,931,infection,613
29.631318842809986,59,0,76,865,0,0,0,931,recovery,763
29.692234339657947,59,0,75,866,0,0,0,931,recovery,409
29.73265094101628,59,0,74,867,0,0,0,931,recovery,420
29.736165484204463,59,0,73,868,0,0,0,931,recovery,731
29.737207887738087,59,0,72,869,0,0,0,931,recovery,954
29.9162346829752,59,0,71,870,0,0,0,931,recovery,733
30.08580196246098,58,0,72,870,0,0,0,932,infection,279
30.09413832659036,58,0,71,871,0,0,0,932,recovery,522
30.269097921011465,57,0,72,871,0,0,0,933,infection,876
30.314383687007222,57,0,71,872,0,0,0,933,recovery,96
30.384486090186662,57,0,70,873,0,0,0,933,recovery,514
30.49883455287113,57,0,69,874,0,0,0,933,recovery,219
30.69458502014046,57,0,68,875,0,0,0,933,recovery,551
30.730322768396263,57,0,67,876,0,0,0,933,recovery,334
30.832364776572042,57,0,66,877,0,0,0,933,recovery,826
30.89513134910259,57,0,65,878,0,0,0,933,recovery,176
30.953996518955197,57,0,64,879,0,0,0,933,recovery,103
30.96886411443967,57,0,63,880,0,0,0,933,recovery,718
31.058245010378517,57,0,62,881,0,0,0,933,recovery,347
31.104241250857644,56,0,63,881,0,0,0,934,infection,13
31.112814674482998,56,0,62,882,0,0,0,934,recovery,596
31.400062795164125,56,0,61,883,0,0,0,934,recovery,755
31.44837827514987,56,0,60,884,0,0,0,934,recovery,566
31.459525961458816,56,0,59,885,0,0,0,934,recovery,782
31.477355186245497,56,0,58,886,0,0,0,934,recovery,677
31.485934031675335,56,0,57,887,0,0,0,934,recovery,942
31.551927583904764,56,0,56,888,0,0,0,934,recovery,452
31.66653950516058,56,0,55,889,0,0,0,934,recovery,910
31.669788088501335,56,0,54,890,0,0,0,934,recovery,379
31.67091308170723,55,0,55,890,0,0,0,935,infection,699
31.68357427877377,55,0,54,891,0,0,0,935,recovery,836
31.754593541568838,54,0,55,891,0,0,0,936,infection,145
31.88427459325635,54,0,54,892,0,0,0,936,recovery,843
31.924538792273914,54,0,53,893,0,0,0,936,recovery,448
32.061501332635515,54,0,52,894,0,0,0,936,recovery,280
32.286998082533465,54,0,51,895,0,0,0,936,recovery,779
32.34131861854034,54,0,50,896,0,0,0,936,recovery,18
32.344626031456755,53,0,51,896,0,0,0,937,infection,766
32.450583516904686,53,0,50,897,0,0,0,937,recovery,389
32.67805941619943,53,0,49,898,0,0,0,937,recovery,101
32.682280097781295,53,0,48,899,0,0,0,937,recovery,395
32.71783681124149,53,0,47,900,0,0,0,937,recovery,699
32.71913382559754,53,0,46,901,0,0,0,937,recovery,721
32.733001739066424,53,0,45,902,0,0,0,937,recovery,824
32.75541853805826,52,0,46,902,0,0,0,938,infection,201
32.80881244835456,52,0,45,903,0,0,0,938,recovery,201
33.011811249613835,52,0,44,904,0,0,0,938,recovery,495
33.25432066905035,51,0,45,904,0,0,0,939,infection,428
33.4265856576054,51,0,44,905,0,0,0,939,recovery,169
33.47232778460774,51,0,43,906,0,0,0,939,recovery,479
33.489820659258875,51,0,42,907,0,0,0,939,recovery,747
33.521710071440395,51,0,41,908,0,0,0,939,recovery,737
33.59812240679632,51,0,40,909,0,0,0,939,recovery,766
33.6226126117201,51,0,39,910,0,0,0,939,recovery,252
33.68693363619591,51,0,38,911,0,0,0,939,recovery,327
33.74132773073718,51,0,37,912,0,0,0,939,recovery,618
34.261963398486586,51,0,36,913,0,0,0,939,recovery,279
34.51208726276402,51,0,35,914,0,0,0,939,recovery,337
34.545047720035555,50,0,36,914,0,0,0,940,infection,696
34.595180970073386,50,0,35,915,0,0,0,940,recovery,841
34.64036731361929,50,0,34,916,0,0,0,940,recovery,200
35.27600897783535,49,0,35,916,0,0,0,941,infection,297
35.49712900994219,49,0,34,917,0,0,0,941,recovery,75
36.07658723089892,49,0,33,918,0,0,0,941,recovery,227
36.43646353563876,49,0,32,919,0,0,0,941,recovery,196
36.57766014817358,49,0,31,920,0,0,0,941,recovery,768
36.73477294524442,49,0,30,921,0,0,0,941,recovery,687
37.20406753011965,49,0,29,922,0,0,0,941,recovery,404
37.3042493221524,49,0,28,923,0,0,0,941,recovery,108
37.35725903700852,49,0,27,924,0,0,0,941,recovery,13
37.47853186075952,48,0,28,924,0,0,0,942,infection,672
37.49935650261861,48,0,27,925,0,0,0,942,recovery,154
37.605131765764106,48,0,26,926,0,0,0,942,recovery,318
38.07318914846273,48,0,25,927,0,0,0,942,recovery,730
38.12954539073486,48,0,24,928,0,0,0,942,recovery,958
38.32381305312654,48,0,23,929,0,0,0,942,recovery,365
38.341316791393695,48,0,22,930,0,0,0,942,recovery,809
38.58321842238806,48,0,21,931,0,0,0,942,recovery,328
38.58478069498089,48,0,20,932,0,0,0,942,recovery,17
39.5634384177714,48,0,19,933,0,0,0,942,recovery,728
40.0,48,0,19,933,0,0,0,942,horizon,0
