t,S,E,I,R,births,deaths,vaccinated,infections,event,person
0.0,990,0,10,0,0,0,0,0,initial,0
0.023435728579124005,990,0,9,1,0,0,0,0,recovery,995
0.12314881353158756,989,0,10,1,0,0,0,1,infection,314
0.26966566766941946,988,0,11,1,0,0,0,2,infection,35
0.31905254346533374,987,0,12,1,0,0,0,3,infection,781
0.739730715425548,986,0,13,1,0,0,0,4,infection,568
0.7906127051216467,986,0,12,2,0,0,0,4,recovery,781
0.8907108507191345,985,0,13,2,0,0,0,5,infection,683
0.894106964285565,984,0,14,2,0,0,0,6,infection,924
0.9340275502046838,983,0,15,2,0,0,0,7,infection,4
0.9912128218680348,983,0,14,3,0,0,0,7,recovery,993
1.331284096850126,982,0,15,3,0,0,0,8,infection,760
1.3758149057364424,981,0,16,3,0,0,0,9,infection,194
1.447560394050296,980,0,17,3,0,0,0,10,infection,539
1.467044615284112,979,0,18,3,0,0,0,11,infection,204
1.4673810375168328,978,0,19,3,0,0,0,12,infection,211
1.524423692559826,978,0,18,4,0,0,0,12,recovery,1000
1.5321198110242504,977,0,19,4,0,0,0,13,infection,620
1.7075230200059006,977,0,18,5,0,0,0,13,recovery,997
1.8300519604385497,976,0,19,5,0,0,0,14,infection,843
1.9567759536664058,975,0,20,5,0,0,0,15,infection,282
1.9575339257120667,974,0,21,5,0,0,0,16,infection,709
1.9775600052182432,973,0,22,5,0,0,0,17,infection,170
1.9862748362945528,972,0,23,5,0,0,0,18,infection,215
2.0434428162778504,972,0,22,6,0,0,0,18,recovery,211
2.1321476060442714,972,0,21,7,0,0,0,18,recovery,170
2.13571523280434,972,0,20,8,0,0,0,18,recovery,999
2.138980136355223,972,0,19,9,0,0,0,18,recovery,194
2.155669055015244,972,0,18,10,0,0,0,18,recovery,998
2.1566015298338255,971,0,19,10,0,0,0,19,infection,301
2.157610348415237,970,0,20,10,0,0,0,20,infection,976
2.1695575262405398,969,0,21,10,0,0,0,21,infection,530
2.194740762063179,968,0,22,10,0,0,0,22,infection,7
2.2839123932993926,967,0,23,10,0,0,0,23,infection,10
2.3023745186016193,966,0,24,10,0,0,0,24,infection,567
2.338075322041127,965,0,25,10,0,0,0,25,infection,835
2.3701822442707403,965,0,24,11,0,0,0,25,recovery,835
2.3978779243918895,964,0,25,11,0,0,0,26,infection,327
2.4457706847910177,964,0,24,12,0,0,0,26,recovery,215
2.4911977277540975,963,0,25,12,0,0,0,27,infection,147
2.564194832446421,962,0,26,12,0,0,0,28,infection,767
2.580769542002141,961,0,27,12,0,0,0,29,infection,478
2.585607650522092,960,0,28,12,0,0,0,30,infection,235
2.614847053779916,959,0,29,12,0,0,0,31,infection,172
2.627724608726995,958,0,30,12,0,0,0,32,infection,823
2.6495021570175585,957,0,31,12,0,0,0,33,infection,685
2.6717591948864037,956,0,32,12,0,0,0,34,infection,506
2.7287178818335214,955,0,33,12,0,0,0,35,infection,598
2.730078433816371,955,0,32,13,0,0,0,35,recovery,994
2.831445255174516,955,0,31,14,0,0,0,35,recovery,530
2.883414780393802,954,0,32,14,0,0,0,36,infection,840
2.9491855540593273,953,0,33,14,0,0,0,37,infection,503
3.0079066667967327,952,0,34,14,0,0,0,38,infection,88
3.0143623553015124,951,0,35,14,0,0,0,39,infection,933
3.062076263122809,950,0,36,14,0,0,0,40,infection,864
3.11381409704512,949,0,37,14,0,0,0,41,infection,203
3.1542974869513927,948,0,38,14,0,0,0,42,infection,90
3.169951131228642,947,0,39,14,0,0,0,43,infection,102
3.2002524684054965,947,0,38,15,0,0,0,43,recovery,840
3.211312285415868,947,0,37,16,0,0,0,43,recovery,314
3.2729546749307135,946,0,38,16,0,0,0,44,infection,249
3.308451789592096,946,0,37,17,0,0,0,44,recovery,864
3.3382118048290783,946,0,36,18,0,0,0,44,recovery,620
3.3392853238336904,945,0,37,18,0,0,0,45,infection,721
3.3589754826497864,945,0,36,19,0,0,0,45,recovery,503
3.3787649398012904,944,0,37,19,0,0,0,46,infection,292
3.4001806018989367,944,0,36,20,0,0,0,46,recovery,760
3.417455355533273,944,0,35,21,0,0,0,46,recovery,933
3.4932952248640645,943,0,36,21,0,0,0,47,infection,636
3.502222728182912,942,0,37,21,0,0,0,48,infection,743
3.5516833293414773,942,0,36,22,0,0,0,48,recovery,90
3.568909732933889,942,0,35,23,0,0,0,48,recovery,976
3.5827290196923354,941,0,36,23,0,0,0,49,infection,930
3.607656265440979,940,0,37,23,0,0,0,50,infection,883
3.627993363646135,939,0,38,23,0,0,0,51,infection,135
3.64539237478868,938,0,39,23,0,0,0,52,infection,329
3.6483498410290935,937,0,40,23,0,0,0,53,infection,335
3.695589436888293,937,0,39,24,0,0,0,53,recovery,991
3.6973293660479447,936,0,40,24,0,0,0,54,infection,594
3.7431919345216773,935,0,41,24,0,0,0,55,infection,625
3.8613129348998823,934,0,42,24,0,0,0,56,infection,168
3.9381600802849293,933,0,43,24,0,0,0,57,infection,742
3.9439147571272923,932,0,44,24,0,0,0,58,infection,278
3.9526090521776043,932,0,43,25,0,0,0,58,recovery,636
3.982913744258316,931,0,44,25,0,0,0,59,infection,886
3.986648293122196,930,0,45,25,0,0,0,60,infection,196
4.036446824995213,930,0,44,26,0,0,0,60,recovery,282
4.039073915576321,929,0,45,26,0,0,0,61,infection,226
4.048415511582606,928,0,46,26,0,0,0,62,infection,263
4.059228109321254,927,0,47,26,0,0,0,63,infection,408
4.0978172055004345,926,0,48,26,0,0,0,64,infection,873
4.135946418665974,925,0,49,26,0,0,0,65,infection,741
4.153016183010562,925,0,48,27,0,0,0,65,recovery,742
4.1937045827857995,925,0,47,28,0,0,0,65,recovery,235
4.267855981015811,924,0,48,28,0,0,0,66,infection,424
4.3086363866942605,923,0,49,28,0,0,0,67,infection,15
4.317903800891663,923,0,48,29,0,0,0,67,recovery,767
4.365255158654151,922,0,49,29,0,0,0,68,infection,83
4.370112074644322,922,0,48,30,0,0,0,68,recovery,506
4.406091125760878,922,0,47,31,0,0,0,68,recovery,35
4.412990048288026,921,0,48,31,0,0,0,69,infection,911
4.437945130123536,920,0,49,31,0,0,0,70,infection,560
4.456489572199747,919,0,50,31,0,0,0,71,infection,137
4.630000270382474,918,0,51,31,0,0,0,72,infection,859
4.630389579709252,917,0,52,31,0,0,0,73,infection,851
4.632789843194287,916,0,53,31,0,0,0,74,infection,836
4.645026271793675,915,0,54,31,0,0,0,75,infection,744
4.6463059747677855,914,0,55,31,0,0,0,76,infection,816
4.6559149959523465,913,0,56,31,0,0,0,77,infection,122
4.689406541394689,912,0,57,31,0,0,0,78,infection,738
4.692367749435372,911,0,58,31,0,0,0,79,infection,612
4.722124712040755,911,0,57,32,0,0,0,79,recovery,683
4.735416874923447,911,0,56,33,0,0,0,79,recovery,836
4.742358347286401,911,0,55,34,0,0,0,79,recovery,738
4.771227597720322,910,0,56,34,0,0,0,80,infection,793
4.871342672832606,910,0,55,35,0,0,0,80,recovery,203
4.877188580918901,910,0,54,36,0,0,0,80,recovery,823
4.905118803973033,909,0,55,36,0,0,0,81,infection,814
4.928553887550318,908,0,56,36,0,0,0,82,infection,376
4.948660319660076,908,0,55,37,0,0,0,82,recovery,147
4.95627658889243,907,0,56,37,0,0,0,83,infection,357
4.957784274287386,907,0,55,38,0,0,0,83,recovery,743
4.958017180689623,907,0,54,39,0,0,0,83,recovery,278
5.022706093840123,906,0,55,39,0,0,0,84,infection,807
5.078220317932812,905,0,56,39,0,0,0,85,infection,940
5.174911995561327,904,0,57,39,0,0,0,86,infection,465
5.1928028978008225,903,0,58,39,0,0,0,87,infection,951
5.193848017756913,903,0,57,40,0,0,0,87,recovery,335
5.206107210414092,903,0,56,41,0,0,0,87,recovery,15
5.229783395349981,902,0,57,41,0,0,0,88,infection,715
5.250151225523334,902,0,56,42,0,0,0,88,recovery,137
5.250856522893804,901,0,57,42,0,0,0,89,infection,674
5.272691774496084,900,0,58,42,0,0,0,90,infection,378
5.289526395442141,899,0,59,42,0,0,0,91,infection,945
5.294444519659795,898,0,60,42,0,0,0,92,infection,609
5.31123783545773,897,0,61,42,0,0,0,93,infection,915
5.334475877049889,896,0,62,42,0,0,0,94,infection,596
5.338458900027811,896,0,61,43,0,0,0,94,recovery,83
5.353879808791046,895,0,62,43,0,0,0,95,infection,140
5.3637426961709735,894,0,63,43,0,0,0,96,infection,628
5.391363439397767,893,0,64,43,0,0,0,97,infection,123
5.4045431173111655,892,0,65,43,0,0,0,98,infection,202
5.407112896080753,891,0,66,43,0,0,0,99,infection,30
5.416416666409901,890,0,67,43,0,0,0,100,infection,960
5.420458056375698,889,0,68,43,0,0,0,101,infection,541
5.431127471337714,888,0,69,43,0,0,0,102,infection,829
5.464593278389483,888,0,68,44,0,0,0,102,recovery,628
5.4761657870127145,887,0,69,44,0,0,0,103,infection,128
5.48629267641263,886,0,70,44,0,0,0,104,infection,607
5.49723183904236,885,0,71,44,0,0,0,105,infection,705
5.537324167908577,884,0,72,44,0,0,0,106,infection,723
5.544060522171469,883,0,73,44,0,0,0,107,infection,195
5.556381291300152,882,0,74,44,0,0,0,108,infection,51
5.557055536847105,881,0,75,44,0,0,0,109,infection,453
5.567810035335608,880,0,76,44,0,0,0,110,infection,831
5.573274357704009,879,0,77,44,0,0,0,111,infection,587
5.595580009803534,878,0,78,44,0,0,0,112,infection,251
5.607681035052284,878,0,77,45,0,0,0,112,recovery,249
5.6247566104457825,877,0,78,45,0,0,0,113,infection,647
5.6489551891817555,876,0,79,45,0,0,0,114,infection,415
5.65199901261841,875,0,80,45,0,0,0,115,infection,515
5.664276603629152,874,0,81,45,0,0,0,116,infection,144
5.685917494984035,873,0,82,45,0,0,0,117,infection,459
5.724655437113725,873,0,81,46,0,0,0,117,recovery,831
5.729208467587266,872,0,82,46,0,0,0,118,infection,343
5.761354220524852,871,0,83,46,0,0,0,119,infection,905
5.80965352518253,870,0,84,46,0,0,0,120,infection,50
5.831428838125279,869,0,85,46,0,0,0,121,infection,309
5.838906232797375,869,0,84,47,0,0,0,121,recovery,251
5.839631561909197,868,0,85,47,0,0,0,122,infection,6
5.871229684017701,867,0,86,47,0,0,0,123,infection,145
5.875077075991178,866,0,87,47,0,0,0,124,infection,20
5.875106779573708,865,0,88,47,0,0,0,125,infection,571
5.875141683629229,864,0,89,47,0,0,0,126,infection,78
5.881949102550186,863,0,90,47,0,0,0,127,infection,449
5.888177002041066,862,0,91,47,0,0,0,128,infection,12
5.889319815676276,861,0,92,47,0,0,0,129,infection,74
5.912901640794606,861,0,91,48,0,0,0,129,recovery,911
5.916446973945098,860,0,92,48,0,0,0,130,infection,759
5.918757445330911,859,0,93,48,0,0,0,131,infection,699
5.921590058450068,858,0,94,48,0,0,0,132,infection,966
5.933258381683661,858,0,93,49,0,0,0,132,recovery,571
5.95571182829907,857,0,94,49,0,0,0,133,infection,703
5.971546003148141,856,0,95,49,0,0,0,134,infection,323
5.980691950719565,856,0,94,50,0,0,0,134,recovery,378
5.9834824335149115,856,0,93,51,0,0,0,134,recovery,612
5.989993199514298,855,0,94,51,0,0,0,135,infection,2
6.016674298734637,854,0,95,51,0,0,0,136,infection,552
6.030527691843582,853,0,96,51,0,0,0,137,infection,142
6.03672568128835,852,0,97,51,0,0,0,138,infection,154
6.047910511083202,851,0,98,51,0,0,0,139,infection,151
6.04913492660415,850,0,99,51,0,0,0,140,infection,91
6.053219603654512,849,0,100,51,0,0,0,141,infection,649
6.061967328161003,848,0,101,51,0,0,0,142,infection,635
6.078986449998928,848,0,100,52,0,0,0,142,recovery,424
6.0907875715063495,848,0,99,53,0,0,0,142,recovery,685
6.0971766912130185,847,0,100,53,0,0,0,143,infection,59
6.116130727280256,846,0,101,53,0,0,0,144,infection,525
6.143395692638059,846,0,100,54,0,0,0,144,recovery,329
6.145136979893859,845,0,101,54,0,0,0,145,infection,261
6.173936785648871,844,0,102,54,0,0,0,146,infection,765
6.174912175856619,843,0,103,54,0,0,0,147,infection,291
6.18048763841302,842,0,104,54,0,0,0,148,infection,845
6.1886153114166875,842,0,103,55,0,0,0,148,recovery,594
6.205519432869281,841,0,104,55,0,0,0,149,infection,785
6.22582346479711,840,0,105,55,0,0,0,150,infection,774
6.2287681034533655,840,0,104,56,0,0,0,150,recovery,709
6.2387394700763,840,0,103,57,0,0,0,150,recovery,515
6.244595450050799,839,0,104,57,0,0,0,151,infection,213
6.264891655617369,838,0,105,57,0,0,0,152,infection,671
6.266869730521976,837,0,106,57,0,0,0,153,infection,446
6.32013508092661,836,0,107,57,0,0,0,154,infection,401
6.325036012925103,836,0,106,58,0,0,0,154,recovery,699
6.325550301684324,835,0,107,58,0,0,0,155,infection,324
6.343193246216389,834,0,108,58,0,0,0,156,infection,423
6.348506734141958,833,0,109,58,0,0,0,157,infection,9
6.353615135096396,832,0,110,58,0,0,0,158,infection,174
6.367255210439947,831,0,111,58,0,0,0,159,infection,964
6.375185241819468,831,0,110,59,0,0,0,159,recovery,309
6.379417955379298,830,0,111,59,0,0,0,160,infection,334
6.407649479189463,830,0,110,60,0,0,0,160,recovery,446
6.423285736987081,830,0,109,61,0,0,0,160,recovery,568
6.430297450853937,829,0,110,61,0,0,0,161,infection,217
6.477904034705041,829,0,109,62,0,0,0,161,recovery,423
6.485785712085236,828,0,110,62,0,0,0,162,infection,192
6.4867616814030455,827,0,111,62,0,0,0,163,infection,602
6.492517302282675,826,0,112,62,0,0,0,164,infection,923
6.500513347817053,826,0,111,63,0,0,0,164,recovery,174
6.504959206630555,825,0,112,63,0,0,0,165,infection,165
6.5125887654366545,825,0,111,64,0,0,0,165,recovery,195
6.546694786267206,824,0,112,64,0,0,0,166,infection,162
6.566831858127596,823,0,113,64,0,0,0,167,infection,353
6.574853518496004,822,0,114,64,0,0,0,168,infection,247
6.581492080533351,821,0,115,64,0,0,0,169,infection,789
6.6139048225206105,821,0,114,65,0,0,0,169,recovery,607
6.61493820790115,820,0,115,65,0,0,0,170,infection,429
6.630378312260091,820,0,114,66,0,0,0,170,recovery,587
6.633392719954398,819,0,115,66,0,0,0,171,infection,58
6.641138001632997,819,0,114,67,0,0,0,171,recovery,789
6.644620076210813,819,0,113,68,0,0,0,171,recovery,102
6.64736160891412,818,0,114,68,0,0,0,172,infection,85
6.648615394525231,817,0,115,68,0,0,0,173,infection,389
6.654037790616485,816,0,116,68,0,0,0,174,infection,409
6.662683715293293,815,0,117,68,0,0,0,175,infection,522
6.673682318107164,814,0,118,68,0,0,0,176,infection,752
6.676851482265831,813,0,119,68,0,0,0,177,infection,510
6.6814832097190155,812,0,120,68,0,0,0,178,infection,96
6.683429210061185,812,0,119,69,0,0,0,178,recovery,560
6.687767656322377,811,0,120,69,0,0,0,179,infection,616
6.702190261097036,811,0,119,70,0,0,0,179,recovery,453
6.707708120477835,811,0,118,71,0,0,0,179,recovery,7
6.711019411761736,810,0,119,71,0,0,0,180,infection,748
6.7184812516889245,810,0,118,72,0,0,0,180,recovery,609
6.7350115849454335,809,0,119,72,0,0,0,181,infection,454
6.744458098159276,808,0,120,72,0,0,0,182,infection,950
6.757800619641709,807,0,121,72,0,0,0,183,infection,549
6.7578424978033915,807,0,120,73,0,0,0,183,recovery,165
6.7794300401555585,806,0,121,73,0,0,0,184,infection,512
6.78130946104231,806,0,120,74,0,0,0,184,recovery,4
6.787049537508082,805,0,121,74,0,0,0,185,infection,208
6.78728166459633,805,0,120,75,0,0,0,185,recovery,886
6.79350860142524,805,0,119,76,0,0,0,185,recovery,671
6.795242690000919,805,0,118,77,0,0,0,185,recovery,859
6.81607849016847,804,0,119,77,0,0,0,186,infection,615
6.822821315025854,803,0,120,77,0,0,0,187,infection,134
6.8242495185103955,803,0,119,78,0,0,0,187,recovery,992
6.829572510293852,802,0,120,78,0,0,0,188,infection,627
6.832544911197278,802,0,119,79,0,0,0,188,recovery,960
6.832732970864427,801,0,120,79,0,0,0,189,infection,163
6.835012445663717,800,0,121,79,0,0,0,190,infection,179
6.835275352475466,800,0,120,80,0,0,0,190,recovery,966
6.853727456890272,799,0,121,80,0,0,0,191,infection,657
6.85638860159537,798,0,122,80,0,0,0,192,infection,578
6.873946524041233,797,0,123,80,0,0,0,193,infection,761
6.886365741931566,796,0,124,80,0,0,0,194,infection,269
6.888979439299254,795,0,125,80,0,0,0,195,infection,894
6.8906220360292885,795,0,124,81,0,0,0,195,recovery,192
6.893288937581113,795,0,123,82,0,0,0,195,recovery,154
6.9010667088354865,794,0,124,82,0,0,0,196,infection,518
6.955293618828111,794,0,123,83,0,0,0,196,recovery,627
6.9740569337967555,794,0,122,84,0,0,0,196,recovery,765
6.9789063615662155,793,0,123,84,0,0,0,197,infection,417
6.98721260163499,792,0,124,84,0,0,0,198,infection,286
7.0061069041880515,792,0,123,85,0,0,0,198,recovery,873
7.041709250875842,791,0,124,85,0,0,0,199,infection,550
7.06396000439754,791,0,123,86,0,0,0,199,recovery,196
7.099129194622719,790,0,124,86,0,0,0,200,infection,56
7.112179928116563,789,0,125,86,0,0,0,201,infection,490
7.117887009092091,788,0,126,86,0,0,0,202,infection,984
7.118743204631329,788,0,125,87,0,0,0,202,recovery,128
7.134292799150279,787,0,126,87,0,0,0,203,infection,753
7.134460340323251,786,0,127,87,0,0,0,204,infection,566
7.14020562959884,785,0,128,87,0,0,0,205,infection,276
7.142474254694207,784,0,129,87,0,0,0,206,infection,386
7.1441436307733595,784,0,128,88,0,0,0,206,recovery,51
7.147291651411922,783,0,129,88,0,0,0,207,infection,127
7.161156341139717,783,0,128,89,0,0,0,207,recovery,945
7.168026989000003,782,0,129,89,0,0,0,208,infection,328
7.1736393956613265,781,0,130,89,0,0,0,209,infection,833
7.182015373664984,781,0,129,90,0,0,0,209,recovery,168
7.198050419690937,780,0,130,90,0,0,0,210,infection,642
7.22763846263291,779,0,131,90,0,0,0,211,infection,948
7.237552776723276,779,0,130,91,0,0,0,211,recovery,753
7.246286525643246,779,0,129,92,0,0,0,211,recovery,163
7.247293992798003,779,0,128,93,0,0,0,211,recovery,334
7.248224814549459,778,0,129,93,0,0,0,212,infection,693
7.253254169031744,778,0,128,94,0,0,0,212,recovery,401
7.266048467774412,777,0,129,94,0,0,0,213,infection,493
7.270648209693688,777,0,128,95,0,0,0,213,recovery,567
7.288660399834736,777,0,127,96,0,0,0,213,recovery,144
7.289468898860058,776,0,128,96,0,0,0,214,infection,257
7.325896336048281,776,0,127,97,0,0,0,214,recovery,833
7.336599250547852,775,0,128,97,0,0,0,215,infection,963
7.34255349985353,774,0,129,97,0,0,0,216,infection,664
7.363158456734045,773,0,130,97,0,0,0,217,infection,654
7.376682060218511,772,0,131,97,0,0,0,218,infection,603
7.382755443532388,771,0,132,97,0,0,0,219,infection,825
7.392825275753076,771,0,131,98,0,0,0,219,recovery,74
7.393774612374949,771,0,130,99,0,0,0,219,recovery,539
7.39619659702298,770,0,131,99,0,0,0,220,infection,185
7.401538400474115,770,0,130,100,0,0,0,220,recovery,552
7.407537493189753,769,0,131,100,0,0,0,221,infection,862
7.433974590274375,769,0,130,101,0,0,0,221,recovery,984
7.435229141056523,768,0,131,101,0,0,0,222,infection,285
7.440682522267324,767,0,132,101,0,0,0,223,infection,232
7.488274574192541,766,0,133,101,0,0,0,224,infection,17
7.508458911873228,765,0,134,101,0,0,0,225,infection,266
7.519938982083523,764,0,135,101,0,0,0,226,infection,132
7.52645193923078,763,0,136,101,0,0,0,227,infection,670
7.530809029809724,763,0,135,102,0,0,0,227,recovery,654
7.549800651110607,763,0,134,103,0,0,0,227,recovery,705
7.562609883384344,763,0,133,104,0,0,0,227,recovery,657
7.570063050254957,763,0,132,105,0,0,0,227,recovery,478
7.571451254074543,762,0,133,105,0,0,0,228,infection,801
7.588609696750424,761,0,134,105,0,0,0,229,infection,563
7.591341595470162,761,0,133,106,0,0,0,229,recovery,12
7.614098597780194,761,0,132,107,0,0,0,229,recovery,723
7.629175779513224,760,0,133,107,0,0,0,230,infection,468
7.636653217319537,759,0,134,107,0,0,0,231,infection,29
7.641345691113105,758,0,135,107,0,0,0,232,infection,907
7.6503911397503375,758,0,134,108,0,0,0,232,recovery,468
7.652835110599812,757,0,135,108,0,0,0,233,infection,340
7.6717512330639535,756,0,136,108,0,0,0,234,infection,434
7.673277246585578,756,0,135,109,0,0,0,234,recovery,894
7.680338236662115,756,0,134,110,0,0,0,234,recovery,323
7.68555203472941,755,0,135,110,0,0,0,235,infection,962
7.696673053493807,754,0,136,110,0,0,0,236,infection,152
7.718441555098671,753,0,137,110,0,0,0,237,infection,695
7.726754373410237,752,0,138,110,0,0,0,238,infection,296
7.7277135952129274,751,0,139,110,0,0,0,239,infection,531
7.748694674902119,750,0,140,110,0,0,0,240,infection,967
7.756754565776818,749,0,141,110,0,0,0,241,infection,554
7.764529635768627,748,0,142,110,0,0,0,242,infection,422
7.7724251822017285,747,0,143,110,0,0,0,243,infection,733
7.780813339342849,747,0,142,111,0,0,0,243,recovery,851
7.781496894576299,746,0,143,111,0,0,0,244,infection,267
7.781738862949145,745,0,144,111,0,0,0,245,infection,95
7.8021430337992195,745,0,143,112,0,0,0,245,recovery,518
7.81008913550744,744,0,144,112,0,0,0,246,infection,475
7.817593809964128,744,0,143,113,0,0,0,246,recovery,522
7.859056009640953,744,0,142,114,0,0,0,246,recovery,940
7.867055866455133,743,0,143,114,0,0,0,247,infection,508
7.899036833055497,743,0,142,115,0,0,0,247,recovery,301
7.926920138281164,742,0,143,115,0,0,0,248,infection,57
7.936279243914581,741,0,144,115,0,0,0,249,infection,155
7.937979841690548,741,0,143,116,0,0,0,249,recovery,429
7.943766124763666,740,0,144,116,0,0,0,250,infection,254
7.9450681364573486,739,0,145,116,0,0,0,251,infection,107
7.95389629698255,739,0,144,117,0,0,0,251,recovery,434
7.9552828200554355,738,0,145,117,0,0,0,252,infection,442
7.9901956083490795,737,0,146,117,0,0,0,253,infection,341
7.995081652670504,736,0,147,117,0,0,0,254,infection,770
7.999992310983122,735,0,148,117,0,0,0,255,infection,279
8.01004272914851,734,0,149,117,0,0,0,256,infection,431
8.013266390672518,734,0,148,118,0,0,0,256,recovery,721
8.013715640113752,733,0,149,118,0,0,0,257,infection,305
8.014240997267551,732,0,150,118,0,0,0,258,infection,533
8.024485864416071,732,0,149,119,0,0,0,258,recovery,279
8.038138669649234,732,0,148,120,0,0,0,258,recovery,996
8.059217266809226,731,0,149,120,0,0,0,259,infection,377
8.08222526519799,731,0,148,121,0,0,0,259,recovery,324
8.085386818902489,730,0,149,121,0,0,0,260,infection,311
8.089786041161233,729,0,150,121,0,0,0,261,infection,582
8.09284160915925,728,0,151,121,0,0,0,262,infection,280
8.093401746286258,727,0,152,121,0,0,0,263,infection,177
8.102163985874192,726,0,153,121,0,0,0,264,infection,290
8.102172564774648,725,0,154,121,0,0,0,265,infection,72
8.103639577485275,724,0,155,121,0,0,0,266,infection,755
8.109234334947827,724,0,154,122,0,0,0,266,recovery,533
8.113247295022996,723,0,155,122,0,0,0,267,infection,944
8.11380098006051,723,0,154,123,0,0,0,267,recovery,566
8.127352362556783,722,0,155,123,0,0,0,268,infection,99
8.13037743835322,721,0,156,123,0,0,0,269,infection,464
8.131174277737713,721,0,155,124,0,0,0,269,recovery,285
8.150192068297123,720,0,156,124,0,0,0,270,infection,861
8.18443367763792,719,0,157,124,0,0,0,271,infection,461
8.190172824748977,718,0,158,124,0,0,0,272,infection,939
8.195787766900558,717,0,159,124,0,0,0,273,infection,874
8.20016757697158,716,0,160,124,0,0,0,274,infection,977
8.201705684097398,715,0,161,124,0,0,0,275,infection,219
8.211381575170135,714,0,162,124,0,0,0,276,infection,306
8.21575677820144,713,0,163,124,0,0,0,277,infection,129
8.23676943900357,712,0,164,124,0,0,0,278,infection,523
8.244117553656029,711,0,165,124,0,0,0,279,infection,815
8.25000897348298,710,0,166,124,0,0,0,280,infection,727
8.252764929400275,709,0,167,124,0,0,0,281,infection,246
8.258929009351577,708,0,168,124,0,0,0,282,infection,114
8.270884906737484,707,0,169,124,0,0,0,283,infection,528
8.273373180096804,706,0,170,124,0,0,0,284,infection,936
8.282604388345721,705,0,171,124,0,0,0,285,infection,448
8.291115869614364,704,0,172,124,0,0,0,286,infection,798
8.313721461726029,703,0,173,124,0,0,0,287,infection,418
8.321659513199844,703,0,172,125,0,0,0,287,recovery,454
8.337174592744441,702,0,173,125,0,0,0,288,infection,265
8.374635112191442,701,0,174,125,0,0,0,289,infection,366
8.392956171294033,701,0,173,126,0,0,0,289,recovery,246
8.394193433875403,700,0,174,126,0,0,0,290,infection,436
8.39883907292423,699,0,175,126,0,0,0,291,infection,405
8.40100109319403,698,0,176,126,0,0,0,292,infection,561
8.40650944252908,698,0,175,127,0,0,0,292,recovery,905
8.416496458718857,697,0,176,127,0,0,0,293,infection,537
8.416966289457884,696,0,177,127,0,0,0,294,infection,681
8.425572623086518,695,0,178,127,0,0,0,295,infection,16
8.438002238478433,694,0,179,127,0,0,0,296,infection,689
8.450942291280699,693,0,180,127,0,0,0,297,infection,900
8.45557280574905,693,0,179,128,0,0,0,297,recovery,263
8.463482237867394,692,0,180,128,0,0,0,298,infection,75
8.480907393083651,691,0,181,128,0,0,0,299,infection,120
8.490708193427967,691,0,180,129,0,0,0,299,recovery,741
8.492761506972153,690,0,181,129,0,0,0,300,infection,579
8.504518443858078,689,0,182,129,0,0,0,301,infection,887
8.50534907215956,688,0,183,129,0,0,0,302,infection,913
8.527587126088443,687,0,184,129,0,0,0,303,infection,410
8.52761429398262,686,0,185,129,0,0,0,304,infection,565
8.533124016785997,686,0,184,130,0,0,0,304,recovery,549
8.53409530958281,685,0,185,130,0,0,0,305,infection,14
8.548539017252256,684,0,186,130,0,0,0,306,infection,867
8.563478801966253,684,0,185,131,0,0,0,306,recovery,10
8.57273360933026,683,0,186,131,0,0,0,307,infection,507
8.573931856826645,682,0,187,131,0,0,0,308,infection,655
8.579209185393811,681,0,188,131,0,0,0,309,infection,61
8.583864021337794,680,0,189,131,0,0,0,310,infection,592
8.59363696852241,679,0,190,131,0,0,0,311,infection,71
8.611792385894304,679,0,189,132,0,0,0,311,recovery,50
8.615224540570386,678,0,190,132,0,0,0,312,infection,189
8.617909015117098,677,0,191,132,0,0,0,313,infection,882
8.623396449672757,676,0,192,132,0,0,0,314,infection,714
8.629820128442297,676,0,191,133,0,0,0,314,recovery,422
8.636506582973176,676,0,190,134,0,0,0,314,recovery,598
8.640456522289206,675,0,191,134,0,0,0,315,infection,640
8.646284926668647,675,0,190,135,0,0,0,315,recovery,801
8.651495193578393,674,0,191,135,0,0,0,316,infection,133
8.655239589692878,673,0,192,135,0,0,0,317,infection,347
8.665994725634972,672,0,193,135,0,0,0,318,infection,275
8.666267916181324,671,0,194,135,0,0,0,319,infection,974
8.666960791457669,670,0,195,135,0,0,0,320,infection,881
8.667549327619719,669,0,196,135,0,0,0,321,infection,491
8.668947492561546,669,0,195,136,0,0,0,321,recovery,296
8.682339421900071,668,0,196,136,0,0,0,322,infection,326
8.682722319850445,667,0,197,136,0,0,0,323,infection,18
8.683324536123587,666,0,198,136,0,0,0,324,infection,547
8.687963279540538,665,0,199,136,0,0,0,325,infection,457
8.691806873965412,665,0,198,137,0,0,0,325,recovery,386
8.696308768551074,664,0,199,137,0,0,0,326,infection,802
8.698419155200812,664,0,198,138,0,0,0,326,recovery,464
8.700848844935779,664,0,197,139,0,0,0,326,recovery,266
8.716829854169204,664,0,196,140,0,0,0,326,recovery,58
8.719871211569359,663,0,197,140,0,0,0,327,infection,375
8.741662171210285,663,0,196,141,0,0,0,327,recovery,405
8.753570178040224,662,0,197,141,0,0,0,328,infection,527
8.765210865709452,661,0,198,141,0,0,0,329,infection,771
8.772328724038235,660,0,199,141,0,0,0,330,infection,148
8.777740148387213,659,0,200,141,0,0,0,331,infection,706
8.782861079351962,658,0,201,141,0,0,0,332,infection,387
8.796818053267195,657,0,202,141,0,0,0,333,infection,546
8.797741547670437,657,0,201,142,0,0,0,333,recovery,340
8.827635421802398,657,0,200,143,0,0,0,333,recovery,20
8.833698152424386,656,0,201,143,0,0,0,334,infection,277
8.841218169306558,655,0,202,143,0,0,0,335,infection,604
8.842345345229917,654,0,203,143,0,0,0,336,infection,365
8.84698385000316,653,0,204,143,0,0,0,337,infection,720
8.897112979212682,652,0,205,143,0,0,0,338,infection,241
8.89723417433041,651,0,206,143,0,0,0,339,infection,971
8.899393634369417,650,0,207,143,0,0,0,340,infection,665
8.904330974465992,650,0,206,144,0,0,0,340,recovery,341
8.909713809995443,650,0,205,145,0,0,0,340,recovery,845
8.913163609084561,650,0,204,146,0,0,0,340,recovery,861
8.91434532977481,649,0,205,146,0,0,0,341,infection,540
8.914858568878575,649,0,204,147,0,0,0,341,recovery,247
8.926082795886856,648,0,205,147,0,0,0,342,infection,678
8.929323709522581,648,0,204,148,0,0,0,342,recovery,695
8.938406975383492,647,0,205,148,0,0,0,343,infection,787
8.954938208898954,646,0,206,148,0,0,0,344,infection,369
8.95954969629771,645,0,207,148,0,0,0,345,infection,108
8.960622737500879,645,0,206,149,0,0,0,345,recovery,17
8.965592485858126,645,0,205,150,0,0,0,345,recovery,508
8.970521801876554,644,0,206,150,0,0,0,346,infection,228
8.971280138882085,644,0,205,151,0,0,0,346,recovery,120
8.986154772216121,643,0,206,151,0,0,0,347,infection,987
8.996198068067173,642,0,207,151,0,0,0,348,infection,452
9.00408902863654,641,0,208,151,0,0,0,349,infection,220
9.005845936377792,641,0,207,152,0,0,0,349,recovery,140
9.010551169622097,640,0,208,152,0,0,0,350,infection,344
9.011468097770878,640,0,207,153,0,0,0,350,recovery,129
9.01499487511934,639,0,208,153,0,0,0,351,infection,248
9.019303597740112,639,0,207,154,0,0,0,351,recovery,107
9.019467035416593,638,0,208,154,0,0,0,352,infection,970
9.028939017938173,638,0,207,155,0,0,0,352,recovery,475
9.037989869524141,637,0,208,155,0,0,0,353,infection,704
9.043376840866758,636,0,209,155,0,0,0,354,infection,191
9.044037896697445,635,0,210,155,0,0,0,355,infection,828
9.047322668648679,634,0,211,155,0,0,0,356,infection,863
9.068328660067486,633,0,212,155,0,0,0,357,infection,467
9.095737252549467,633,0,211,156,0,0,0,357,recovery,537
9.100352183856389,632,0,212,156,0,0,0,358,infection,39
9.101868177240128,631,0,213,156,0,0,0,359,infection,312
9.104029305750515,631,0,212,157,0,0,0,359,recovery,825
9.109239197367618,630,0,213,157,0,0,0,360,infection,34
9.109842021535357,629,0,214,157,0,0,0,361,infection,260
9.120194811223657,628,0,215,157,0,0,0,362,infection,430
9.12287482912393,627,0,216,157,0,0,0,363,infection,754
9.12601612534488,626,0,217,157,0,0,0,364,infection,209
9.12950627095373,625,0,218,157,0,0,0,365,infection,206
9.13475433253639,624,0,219,157,0,0,0,366,infection,153
9.163443306595717,623,0,220,157,0,0,0,367,infection,302
9.171051516183573,622,0,221,157,0,0,0,368,infection,804
9.171524652907728,621,0,222,157,0,0,0,369,infection,112
9.177445645430083,620,0,223,157,0,0,0,370,infection,799
9.186992467282447,620,0,222,158,0,0,0,370,recovery,254
9.187102172397838,620,0,221,159,0,0,0,370,recovery,527
9.187705400631492,619,0,222,159,0,0,0,371,infection,986
9.189145529638928,619,0,221,160,0,0,0,371,recovery,829
9.193809632731957,619,0,220,161,0,0,0,371,recovery,389
9.196094655736443,619,0,219,162,0,0,0,371,recovery,647
9.197987267886187,618,0,220,162,0,0,0,372,infection,973
9.20544264356647,618,0,219,163,0,0,0,372,recovery,882
9.210369806576889,617,0,220,163,0,0,0,373,infection,584
9.21159925267052,617,0,219,164,0,0,0,373,recovery,962
9.21829058098852,617,0,218,165,0,0,0,373,recovery,2
9.242035706082978,616,0,219,165,0,0,0,374,infection,427
9.252848282384914,615,0,220,165,0,0,0,375,infection,413
9.256527558753294,614,0,221,165,0,0,0,376,infection,115
9.257169368004275,613,0,222,165,0,0,0,377,infection,289
9.259293749112954,613,0,221,166,0,0,0,377,recovery,365
9.261350035509615,613,0,220,167,0,0,0,377,recovery,248
9.288266259680498,612,0,221,167,0,0,0,378,infection,444
9.308370201025346,612,0,220,168,0,0,0,378,recovery,209
9.308739990309766,611,0,221,168,0,0,0,379,infection,917
9.308777416924151,610,0,222,168,0,0,0,380,infection,447
9.314415021301695,609,0,223,168,0,0,0,381,infection,775
9.314583616091424,608,0,224,168,0,0,0,382,infection,906
9.315771803535215,608,0,223,169,0,0,0,382,recovery,95
9.325103125978128,608,0,222,170,0,0,0,382,recovery,177
9.331685142349814,607,0,223,170,0,0,0,383,infection,941
9.336888825083008,607,0,222,171,0,0,0,383,recovery,867
9.345790305527009,607,0,221,172,0,0,0,383,recovery,9
9.347111761554972,606,0,222,172,0,0,0,384,infection,811
9.36949131855157,605,0,223,172,0,0,0,385,infection,210
9.374437990699583,604,0,224,172,0,0,0,386,infection,659
9.377551327051151,604,0,223,173,0,0,0,386,recovery,906
9.386207567206627,603,0,224,173,0,0,0,387,infection,499
9.394667122809246,603,0,223,174,0,0,0,387,recovery,457
9.395784139213495,602,0,224,174,0,0,0,388,infection,304
9.396991319406984,601,0,225,174,0,0,0,389,infection,384
9.402214038916386,601,0,224,175,0,0,0,389,recovery,714
9.403024890541486,600,0,225,175,0,0,0,390,infection,745
9.403198494930507,599,0,226,175,0,0,0,391,infection,588
9.411852473758236,598,0,227,175,0,0,0,392,infection,161
9.41292743459594,597,0,228,175,0,0,0,393,infection,22
9.43633157089262,596,0,229,175,0,0,0,394,infection,641
9.444695103214325,595,0,230,175,0,0,0,395,infection,943
9.451163300876145,595,0,229,176,0,0,0,395,recovery,39
9.459542798865144,594,0,230,176,0,0,0,396,infection,669
9.476828356271204,593,0,231,176,0,0,0,397,infection,818
9.478700286254355,593,0,230,177,0,0,0,397,recovery,775
9.483591874258254,592,0,231,177,0,0,0,398,infection,193
9.49400346484222,592,0,230,178,0,0,0,398,recovery,499
9.495185226159418,592,0,229,179,0,0,0,398,recovery,670
9.510060171252965,592,0,228,180,0,0,0,398,recovery,974
9.513757185567671,592,0,227,181,0,0,0,398,recovery,787
9.5198424717781,592,0,226,182,0,0,0,398,recovery,88
9.521127177893163,591,0,227,182,0,0,0,399,infection,460
9.521208150804856,590,0,228,182,0,0,0,400,infection,645
9.522799301275947,589,0,229,182,0,0,0,401,infection,38
9.523620250250687,589,0,228,183,0,0,0,401,recovery,376
9.527316064854581,588,0,229,183,0,0,0,402,infection,668
9.54540504081614,588,0,228,184,0,0,0,402,recovery,720
9.551309858661597,588,0,227,185,0,0,0,402,recovery,924
9.564034637988176,588,0,226,186,0,0,0,402,recovery,134
9.566693152407879,587,0,227,186,0,0,0,403,infection,846
9.569195297783933,587,0,226,187,0,0,0,403,recovery,674
9.571753572558496,587,0,225,188,0,0,0,403,recovery,659
9.582398304644974,586,0,226,188,0,0,0,404,infection,535
9.593648421387112,586,0,225,189,0,0,0,404,recovery,703
9.601727229507713,585,0,226,189,0,0,0,405,infection,300
9.607222234660103,585,0,225,190,0,0,0,405,recovery,917
9.620109362598184,584,0,226,190,0,0,0,406,infection,318
9.628625395334634,584,0,225,191,0,0,0,406,recovery,755
9.632062543743324,583,0,226,191,0,0,0,407,infection,555
9.632995928958064,582,0,227,191,0,0,0,408,infection,691
9.633894317211046,582,0,226,192,0,0,0,408,recovery,269
9.637354267952025,581,0,227,192,0,0,0,409,infection,98
9.646734696399456,580,0,228,192,0,0,0,410,infection,757
9.655723803702033,579,0,229,192,0,0,0,411,infection,952
9.657404759613712,579,0,228,193,0,0,0,411,recovery,353
9.66640432152739,579,0,227,194,0,0,0,411,recovery,645
9.6722946496774,578,0,228,194,0,0,0,412,infection,325
9.672750430124028,578,0,227,195,0,0,0,412,recovery,977
9.680175417779957,577,0,228,195,0,0,0,413,infection,575
9.680369497721792,577,0,227,196,0,0,0,413,recovery,152
9.690103107483544,577,0,226,197,0,0,0,413,recovery,507
9.70141664147795,577,0,225,198,0,0,0,413,recovery,189
9.70280921520149,576,0,226,198,0,0,0,414,infection,270
9.705450277897496,575,0,227,198,0,0,0,415,infection,109
9.720007294494318,574,0,228,198,0,0,0,416,infection,795
9.720863887384239,574,0,227,199,0,0,0,416,recovery,99
9.721510458748426,574,0,226,200,0,0,0,416,recovery,347
9.724994869499916,573,0,227,200,0,0,0,417,infection,893
9.746508109822388,572,0,228,200,0,0,0,418,infection,495
9.74658238609431,571,0,229,200,0,0,0,419,infection,143
9.75920352054272,570,0,230,200,0,0,0,420,infection,82
9.761127612667238,569,0,231,200,0,0,0,421,infection,643
9.763248699215708,568,0,232,200,0,0,0,422,infection,638
9.779002272822908,567,0,233,200,0,0,0,423,infection,837
9.784576962791986,566,0,234,200,0,0,0,424,infection,922
9.786857777779288,566,0,233,201,0,0,0,424,recovery,616
9.788493960863681,566,0,232,202,0,0,0,424,recovery,554
9.79150773195057,565,0,233,202,0,0,0,425,infection,792
9.793956268662223,565,0,232,203,0,0,0,425,recovery,625
9.798376050148185,564,0,233,203,0,0,0,426,infection,24
9.803232541863446,564,0,232,204,0,0,0,426,recovery,447
9.807828640482127,564,0,231,205,0,0,0,426,recovery,325
9.815099106878293,564,0,230,206,0,0,0,426,recovery,427
9.836754428949723,564,0,229,207,0,0,0,426,recovery,430
9.840684176041812,564,0,228,208,0,0,0,426,recovery,261
9.849984260473477,564,0,227,209,0,0,0,426,recovery,715
9.854700031828987,563,0,228,209,0,0,0,427,infection,462
9.861228112917985,563,0,227,210,0,0,0,427,recovery,270
9.862227876848083,563,0,226,211,0,0,0,427,recovery,678
9.867358479357154,562,0,227,211,0,0,0,428,infection,485
9.868122159875407,561,0,228,211,0,0,0,429,infection,969
9.87601672364353,560,0,229,211,0,0,0,430,infection,331
9.880534016973986,559,0,230,211,0,0,0,431,infection,450
9.886408285227425,558,0,231,211,0,0,0,432,infection,130
9.889010446705134,558,0,230,212,0,0,0,432,recovery,123
9.891746084830844,558,0,229,213,0,0,0,432,recovery,561
9.894209057086432,557,0,230,213,0,0,0,433,infection,476
9.895417110075316,557,0,229,214,0,0,0,433,recovery,213
9.898675860159944,556,0,230,214,0,0,0,434,infection,472
9.92190530622652,556,0,229,215,0,0,0,434,recovery,604
9.92273591770748,555,0,230,215,0,0,0,435,infection,212
9.934652561522864,554,0,231,215,0,0,0,436,infection,985
9.936526263058155,553,0,232,215,0,0,0,437,infection,979
9.951744670022522,552,0,233,215,0,0,0,438,infection,779
9.95322655697758,551,0,234,215,0,0,0,439,infection,848
9.958551384268905,550,0,235,215,0,0,0,440,infection,610
9.958692428925897,549,0,236,215,0,0,0,441,infection,935
9.961335212916122,549,0,235,216,0,0,0,441,recovery,467
9.9648962295965,548,0,236,216,0,0,0,442,infection,675
9.965103671978563,548,0,235,217,0,0,0,442,recovery,941
9.980973481472754,547,0,236,217,0,0,0,443,infection,830
9.98185299956125,546,0,237,217,0,0,0,444,infection,65
9.995806391589491,545,0,238,217,0,0,0,445,infection,824
10.005557347874669,545,0,237,218,0,0,0,445,recovery,802
10.00829322682158,545,0,236,219,0,0,0,445,recovery,260
10.010430425275246,545,0,235,220,0,0,0,445,recovery,950
10.013570246927712,544,0,236,220,0,0,0,446,infection,956
10.01486887502045,544,0,235,221,0,0,0,446,recovery,208
10.027834005769062,543,0,236,221,0,0,0,447,infection,350
10.036701933678357,542,0,237,221,0,0,0,448,infection,380
10.040691365659525,541,0,238,221,0,0,0,449,infection,382
10.042050187416969,540,0,239,221,0,0,0,450,infection,890
10.04812562586645,540,0,238,222,0,0,0,450,recovery,930
10.058549173840497,540,0,237,223,0,0,0,450,recovery,436
10.06046712983876,540,0,236,224,0,0,0,450,recovery,704
10.067309373861598,540,0,235,225,0,0,0,450,recovery,635
10.076099426474027,540,0,234,226,0,0,0,450,recovery,82
10.07743178653638,539,0,235,226,0,0,0,451,infection,435
10.083942661314746,538,0,236,226,0,0,0,452,infection,361
10.091687841290918,537,0,237,226,0,0,0,453,infection,600
10.096671571205894,536,0,238,226,0,0,0,454,infection,696
10.104997831056142,535,0,239,226,0,0,0,455,infection,725
10.117017343090907,535,0,238,227,0,0,0,455,recovery,970
10.119276985007417,534,0,239,227,0,0,0,456,infection,268
10.125882703115888,533,0,240,227,0,0,0,457,infection,806
10.127735370933342,532,0,241,227,0,0,0,458,infection,630
10.130245763272523,532,0,240,228,0,0,0,458,recovery,665
10.137500959591483,531,0,241,228,0,0,0,459,infection,732
10.144725369779817,531,0,240,229,0,0,0,459,recovery,815
10.160095404206286,530,0,241,229,0,0,0,460,infection,214
10.165145507638117,529,0,242,229,0,0,0,461,infection,471
10.171266300141204,528,0,243,229,0,0,0,462,infection,545
10.172051924235511,528,0,242,230,0,0,0,462,recovery,546
10.185467100286326,528,0,241,231,0,0,0,462,recovery,267
10.188921173146523,527,0,242,231,0,0,0,463,infection,319
10.19596472495519,526,0,243,231,0,0,0,464,infection,968
10.202927073692443,526,0,242,232,0,0,0,464,recovery,757
10.211458382780389,526,0,241,233,0,0,0,464,recovery,369
10.212327548529995,526,0,240,234,0,0,0,464,recovery,449
10.22228085068305,525,0,241,234,0,0,0,465,infection,308
10.223843459407737,525,0,240,235,0,0,0,465,recovery,153
10.225160257098448,524,0,241,235,0,0,0,466,infection,404
10.225318180264637,523,0,242,235,0,0,0,467,infection,532
10.22866865536285,522,0,243,235,0,0,0,468,infection,500
10.232271862353121,521,0,244,235,0,0,0,469,infection,97
10.239488239457186,521,0,243,236,0,0,0,469,recovery,675
10.243566493744634,521,0,242,237,0,0,0,469,recovery,824
10.249481644191018,521,0,241,238,0,0,0,469,recovery,18
10.255673917789423,520,0,242,238,0,0,0,470,infection,237
10.25972328316451,520,0,241,239,0,0,0,470,recovery,212
10.26030191747512,520,0,240,240,0,0,0,470,recovery,843
10.262674452897238,520,0,239,241,0,0,0,470,recovery,752
10.28498707725746,520,0,238,242,0,0,0,470,recovery,510
10.286879797335938,520,0,237,243,0,0,0,470,recovery,127
10.292473689332484,519,0,238,243,0,0,0,471,infection,651
10.306978692226254,519,0,237,244,0,0,0,471,recovery,913
10.307024814698696,519,0,236,245,0,0,0,471,recovery,217
10.31135151349559,518,0,237,245,0,0,0,472,infection,360
10.313986610516025,518,0,236,246,0,0,0,472,recovery,689
10.318864385238557,518,0,235,247,0,0,0,472,recovery,798
10.320512517994969,517,0,236,247,0,0,0,473,infection,553
10.331771235181746,516,0,237,247,0,0,0,474,infection,684
10.344125763742342,515,0,238,247,0,0,0,475,infection,470
10.350514491829829,514,0,239,247,0,0,0,476,infection,492
10.351943107723223,513,0,240,247,0,0,0,477,infection,708
10.35557338675935,513,0,239,248,0,0,0,477,recovery,275
10.366458609539318,512,0,240,248,0,0,0,478,infection,700
10.377283998487776,512,0,239,249,0,0,0,478,recovery,16
10.39143073246489,511,0,240,249,0,0,0,479,infection,879
10.397481622860274,510,0,241,249,0,0,0,480,infection,827
10.398530641511773,509,0,242,249,0,0,0,481,infection,466
10.399750225930138,509,0,241,250,0,0,0,481,recovery,384
10.40638127602882,508,0,242,250,0,0,0,482,infection,175
10.416588888317971,508,0,241,251,0,0,0,482,recovery,491
10.41715971536665,508,0,240,252,0,0,0,482,recovery,969
10.426415594332205,508,0,239,253,0,0,0,482,recovery,525
10.42706991625477,508,0,238,254,0,0,0,482,recovery,600
10.432039816556946,507,0,239,254,0,0,0,483,infection,414
10.433677906345617,506,0,240,254,0,0,0,484,infection,698
10.437381609310108,505,0,241,254,0,0,0,485,infection,362
10.440116493958278,504,0,242,254,0,0,0,486,infection,916
10.444667354917184,504,0,241,255,0,0,0,486,recovery,452
10.44879550825229,503,0,242,255,0,0,0,487,infection,734
10.454955021994794,502,0,243,255,0,0,0,488,infection,892
10.45850108479924,501,0,244,255,0,0,0,489,infection,947
10.461500167074014,500,0,245,255,0,0,0,490,infection,712
10.479797463712396,500,0,244,256,0,0,0,490,recovery,96
10.48674510821278,500,0,243,257,0,0,0,490,recovery,555
10.492328738425893,499,0,244,257,0,0,0,491,infection,599
10.506703827358807,498,0,245,257,0,0,0,492,infection,680
10.50893317668266,498,0,244,258,0,0,0,492,recovery,700
10.51716661552718,498,0,243,259,0,0,0,492,recovery,691
10.522102333899133,497,0,244,259,0,0,0,493,infection,164
10.526870163013587,497,0,243,260,0,0,0,493,recovery,630
10.531945697972356,497,0,242,261,0,0,0,493,recovery,280
10.534364421123133,496,0,243,261,0,0,0,494,infection,817
10.543443187807481,495,0,244,261,0,0,0,495,infection,358
10.54773881918229,494,0,245,261,0,0,0,496,infection,32
10.560774469004258,493,0,246,261,0,0,0,497,infection,42
10.5608541666259,492,0,247,261,0,0,0,498,infection,928
10.636096108568724,492,0,246,262,0,0,0,498,recovery,754
10.646206989581298,491,0,247,262,0,0,0,499,infection,136
10.646723846710058,490,0,248,262,0,0,0,500,infection,394
10.655920695649698,490,0,247,263,0,0,0,500,recovery,540
10.665341011982001,489,0,248,263,0,0,0,501,infection,381
10.676630200971243,489,0,247,264,0,0,0,501,recovery,431
10.678768137597624,488,0,248,264,0,0,0,502,infection,63
10.695951297663864,488,0,247,265,0,0,0,502,recovery,761
10.700108639899526,488,0,246,266,0,0,0,502,recovery,655
10.704920747586819,488,0,245,267,0,0,0,502,recovery,476
10.706463974337138,487,0,246,267,0,0,0,503,infection,173
10.713718276641597,486,0,247,267,0,0,0,504,infection,216
10.714153525862445,485,0,248,267,0,0,0,505,infection,786
10.717736962168185,485,0,247,268,0,0,0,505,recovery,414
10.72335457107587,485,0,246,269,0,0,0,505,recovery,744
10.730797228125475,484,0,247,269,0,0,0,506,infection,121
10.748535036484055,484,0,246,270,0,0,0,506,recovery,708
10.754714364352186,483,0,247,270,0,0,0,507,infection,55
10.766153870995694,482,0,248,270,0,0,0,508,infection,672
10.766634425833587,482,0,247,271,0,0,0,508,recovery,381
10.778849182089996,482,0,246,272,0,0,0,508,recovery,531
10.78530080550421,481,0,247,272,0,0,0,509,infection,902
10.786210780137122,480,0,248,272,0,0,0,510,infection,961
10.7910030365264,480,0,247,273,0,0,0,510,recovery,358
10.79345035533731,480,0,246,274,0,0,0,510,recovery,142
10.799367432364699,479,0,247,274,0,0,0,511,infection,31
10.801615409336215,478,0,248,274,0,0,0,512,infection,166
10.801636314183192,477,0,249,274,0,0,0,513,infection,958
10.808271995589541,476,0,250,274,0,0,0,514,infection,942
10.81046480610244,476,0,249,275,0,0,0,514,recovery,460
10.818077564575653,475,0,250,275,0,0,0,515,infection,860
10.844092695887712,474,0,251,275,0,0,0,516,infection,240
10.845334978139215,473,0,252,275,0,0,0,517,infection,855
10.846628098303045,472,0,253,275,0,0,0,518,infection,784
10.858274940203511,471,0,254,275,0,0,0,519,infection,200
10.866180590767476,470,0,255,275,0,0,0,520,infection,443
10.882186385106738,470,0,254,276,0,0,0,520,recovery,964
10.89211273468936,469,0,255,276,0,0,0,521,infection,810
10.897869639510718,469,0,254,277,0,0,0,521,recovery,862
10.905789590189084,468,0,255,277,0,0,0,522,infection,297
10.908140530866692,467,0,256,277,0,0,0,523,infection,736
10.908172221176669,466,0,257,277,0,0,0,524,infection,662
10.924138686749835,465,0,258,277,0,0,0,525,infection,385
10.92854920547438,465,0,257,278,0,0,0,525,recovery,603
10.931106001715758,465,0,256,279,0,0,0,525,recovery,860
10.942751857462566,464,0,257,279,0,0,0,526,infection,611
10.952324167839436,463,0,258,279,0,0,0,527,infection,758
10.956980655413735,463,0,257,280,0,0,0,527,recovery,947
10.974869904245185,462,0,258,280,0,0,0,528,infection,207
10.976880353534899,462,0,257,281,0,0,0,528,recovery,29
10.98105059378215,461,0,258,281,0,0,0,529,infection,593
10.982440486026743,461,0,257,282,0,0,0,529,recovery,734
10.989840012483526,461,0,256,283,0,0,0,529,recovery,923
10.991091705964813,461,0,255,284,0,0,0,529,recovery,277
10.99109253846978,460,0,256,284,0,0,0,530,infection,363
10.99404801377335,459,0,257,284,0,0,0,531,infection,797
11.001717366181932,458,0,258,284,0,0,0,532,infection,820
11.010554903055349,457,0,259,284,0,0,0,533,infection,455
11.023171194629704,456,0,260,284,0,0,0,534,infection,273
11.024958232532192,455,0,261,284,0,0,0,535,infection,54
11.03094774720254,455,0,260,285,0,0,0,535,recovery,59
11.034572027732889,455,0,259,286,0,0,0,535,recovery,14
11.045065963775741,455,0,258,287,0,0,0,535,recovery,207
11.046779273207367,455,0,257,288,0,0,0,535,recovery,922
11.04693278018083,454,0,258,288,0,0,0,536,infection,644
11.051751579173947,453,0,259,288,0,0,0,537,infection,718
11.060307038377596,452,0,260,288,0,0,0,538,infection,903
11.061560942935413,452,0,259,289,0,0,0,538,recovery,265
11.079310929859941,451,0,260,289,0,0,0,539,infection,274
11.082622313535456,450,0,261,289,0,0,0,540,infection,509
11.090794509662024,450,0,260,290,0,0,0,540,recovery,797
11.095946660009767,450,0,259,291,0,0,0,540,recovery,200
11.097106931377255,450,0,258,292,0,0,0,540,recovery,579
11.106178712494689,449,0,259,292,0,0,0,541,infection,497
11.114365731138765,449,0,258,293,0,0,0,541,recovery,644
11.115310193256537,448,0,259,293,0,0,0,542,infection,356
11.12723223854648,448,0,258,294,0,0,0,542,recovery,664
11.136688680179104,447,0,259,294,0,0,0,543,infection,842
11.140093735061471,446,0,260,294,0,0,0,544,infection,634
11.145831542504437,446,0,259,295,0,0,0,544,recovery,350
11.147677722562825,446,0,258,296,0,0,0,544,recovery,759
11.15428080464254,445,0,259,296,0,0,0,545,infection,667
11.172944565681385,445,0,258,297,0,0,0,545,recovery,736
11.175272745665245,444,0,259,297,0,0,0,546,infection,631
11.17838355420364,443,0,260,297,0,0,0,547,infection,190
11.206076111326398,443,0,259,298,0,0,0,547,recovery,846
11.214847657759359,443,0,258,299,0,0,0,547,recovery,758
11.227878926249321,443,0,257,300,0,0,0,547,recovery,122
11.228445303665403,443,0,256,301,0,0,0,547,recovery,292
11.22943975805344,443,0,255,302,0,0,0,547,recovery,816
11.230153957763745,443,0,254,303,0,0,0,547,recovery,413
11.237344652399205,442,0,255,303,0,0,0,548,infection,81
11.241909479815822,442,0,254,304,0,0,0,548,recovery,55
11.244972324507328,442,0,253,305,0,0,0,548,recovery,109
11.246007961126828,442,0,252,306,0,0,0,548,recovery,81
11.250276046131404,442,0,251,307,0,0,0,548,recovery,582
11.250488816577386,442,0,250,308,0,0,0,548,recovery,75
11.277893084040036,442,0,249,309,0,0,0,548,recovery,667
11.283416027798117,441,0,250,309,0,0,0,549,infection,777
11.285466036301104,440,0,251,309,0,0,0,550,infection,504
11.296610057269948,439,0,252,309,0,0,0,551,infection,716
11.302437794495061,439,0,251,310,0,0,0,551,recovery,963
11.311855086068784,439,0,250,311,0,0,0,551,recovery,565
11.314855104150835,439,0,249,312,0,0,0,551,recovery,942
11.315737458318923,439,0,248,313,0,0,0,551,recovery,133
11.315743349187086,438,0,249,313,0,0,0,552,infection,354
11.31847622670011,437,0,250,313,0,0,0,553,infection,379
11.326532392974517,437,0,249,314,0,0,0,553,recovery,497
11.33659268515154,437,0,248,315,0,0,0,553,recovery,770
11.33943266665044,436,0,249,315,0,0,0,554,infection,221
11.345458705380048,435,0,250,315,0,0,0,555,infection,957
11.346918510668784,435,0,249,316,0,0,0,555,recovery,696
11.347515323133255,435,0,248,317,0,0,0,555,recovery,360
11.348014750254032,435,0,247,318,0,0,0,555,recovery,495
11.365327366491034,434,0,248,318,0,0,0,556,infection,229
11.370264497369925,434,0,247,319,0,0,0,556,recovery,779
11.371869117193981,433,0,248,319,0,0,0,557,infection,870
11.37535481590768,432,0,249,319,0,0,0,558,infection,812
11.378392341876193,431,0,250,319,0,0,0,559,infection,160
11.392359269131113,431,0,249,320,0,0,0,559,recovery,602
11.398821601758549,431,0,248,321,0,0,0,559,recovery,148
11.408106895764796,430,0,249,321,0,0,0,560,infection,783
11.412541328673283,429,0,250,321,0,0,0,561,infection,488
11.416433046777813,428,0,251,321,0,0,0,562,infection,834
11.41826383135718,427,0,252,321,0,0,0,563,infection,250
11.420131857267474,426,0,253,321,0,0,0,564,infection,764
11.421543199530479,425,0,254,321,0,0,0,565,infection,198
11.43056439427035,425,0,253,322,0,0,0,565,recovery,404
11.432999722372621,424,0,254,322,0,0,0,566,infection,686
11.433293126867976,424,0,253,323,0,0,0,566,recovery,883
11.43429642497691,423,0,254,323,0,0,0,567,infection,420
11.435007378682403,423,0,253,324,0,0,0,567,recovery,61
11.478901904274219,422,0,254,324,0,0,0,568,infection,954
11.482139788295436,422,0,253,325,0,0,0,568,recovery,668
11.48334538546256,422,0,252,326,0,0,0,568,recovery,500
11.492028590254112,421,0,253,326,0,0,0,569,infection,336
11.49350341753276,420,0,254,326,0,0,0,570,infection,87
11.49691030275891,419,0,255,326,0,0,0,571,infection,589
11.50515469830532,418,0,256,326,0,0,0,572,infection,486
11.508554229983423,417,0,257,326,0,0,0,573,infection,294
11.517192560791528,417,0,256,327,0,0,0,573,recovery,354
11.540168865237586,416,0,257,327,0,0,0,574,infection,573
11.561336754734539,415,0,258,327,0,0,0,575,infection,330
11.57313599499891,414,0,259,327,0,0,0,576,infection,990
11.586067179758205,413,0,260,327,0,0,0,577,infection,918
11.58657963340851,412,0,261,327,0,0,0,578,infection,395
11.589437769112351,412,0,260,328,0,0,0,578,recovery,672
11.608403819414233,411,0,261,328,0,0,0,579,infection,559
11.609805979130952,411,0,260,329,0,0,0,579,recovery,848
11.612866199472796,410,0,261,329,0,0,0,580,infection,909
11.61998995224787,409,0,262,329,0,0,0,581,infection,299
11.620197179862336,409,0,261,330,0,0,0,581,recovery,87
11.63005982685468,408,0,262,330,0,0,0,582,infection,264
11.634401657895326,407,0,263,330,0,0,0,583,infection,585
11.642815969146818,407,0,262,331,0,0,0,583,recovery,967
11.648739092059033,406,0,263,331,0,0,0,584,infection,590
11.653003136962887,406,0,262,332,0,0,0,584,recovery,725
11.660668453346,405,0,263,332,0,0,0,585,infection,432
11.664055593593039,404,0,264,332,0,0,0,586,infection,125
11.66438336600367,404,0,263,333,0,0,0,586,recovery,71
11.670261136045598,403,0,264,333,0,0,0,587,infection,441
11.670261963344219,403,0,263,334,0,0,0,587,recovery,228
11.672784392740482,403,0,262,335,0,0,0,587,recovery,264
11.672968837018146,402,0,263,335,0,0,0,588,infection,445
11.676638657298566,401,0,264,335,0,0,0,589,infection,138
11.684484443411261,401,0,263,336,0,0,0,589,recovery,863
11.69088060431203,400,0,264,336,0,0,0,590,infection,437
11.719820536435993,400,0,263,337,0,0,0,590,recovery,879
11.7202152915143,399,0,264,337,0,0,0,591,infection,929
11.721516041419914,398,0,265,337,0,0,0,592,infection,849
11.737691182810947,397,0,266,337,0,0,0,593,infection,570
11.738391528568178,397,0,265,338,0,0,0,593,recovery,466
11.740109436712153,397,0,264,339,0,0,0,593,recovery,394
11.741595538487594,396,0,265,339,0,0,0,594,infection,322
11.744958492337346,396,0,264,340,0,0,0,594,recovery,810
11.749413800279797,395,0,265,340,0,0,0,595,infection,591
11.759777138670724,395,0,264,341,0,0,0,595,recovery,681
11.76190948830025,395,0,263,342,0,0,0,595,recovery,461
11.767047099792313,394,0,264,342,0,0,0,596,infection,77
11.77783871866397,393,0,265,342,0,0,0,597,infection,878
11.784502351003505,392,0,266,342,0,0,0,598,infection,243
11.794855501565387,391,0,267,342,0,0,0,599,infection,293
11.79814096152207,390,0,268,342,0,0,0,600,infection,666
11.803074738283822,389,0,269,342,0,0,0,601,infection,47
11.807821143334259,389,0,268,343,0,0,0,601,recovery,290
11.81304242269589,388,0,269,343,0,0,0,602,infection,919
11.818023235423379,388,0,268,344,0,0,0,602,recovery,649
11.82778356674991,388,0,267,345,0,0,0,602,recovery,827
11.834496735351381,388,0,266,346,0,0,0,602,recovery,472
11.838443491866782,388,0,265,347,0,0,0,602,recovery,459
11.87975260721852,388,0,264,348,0,0,0,602,recovery,232
11.881514015922468,388,0,263,349,0,0,0,602,recovery,874
11.88472883126706,387,0,264,349,0,0,0,603,infection,233
11.889665671757312,387,0,263,350,0,0,0,603,recovery,887
11.895207810567024,386,0,264,350,0,0,0,604,infection,469
11.89725804428397,385,0,265,350,0,0,0,605,infection,788
11.913996447153558,384,0,266,350,0,0,0,606,infection,803
11.919240160114262,384,0,265,351,0,0,0,606,recovery,56
11.919911005628501,384,0,264,352,0,0,0,606,recovery,54
11.94771371885739,384,0,263,353,0,0,0,606,recovery,748
11.953149270213263,383,0,264,353,0,0,0,607,infection,345
11.959467011165666,382,0,265,353,0,0,0,608,infection,397
11.977775632227855,382,0,264,354,0,0,0,608,recovery,318
11.979149489091725,381,0,265,354,0,0,0,609,infection,111
11.981651607714262,381,0,264,355,0,0,0,609,recovery,817
12.000566552964951,381,0,263,356,0,0,0,609,recovery,786
12.011958079695958,380,0,264,356,0,0,0,610,infection,157
12.01726850583846,379,0,265,356,0,0,0,611,infection,756
12.033194550437395,378,0,266,356,0,0,0,612,infection,581
12.04510684412866,378,0,265,357,0,0,0,612,recovery,448
12.05345479492398,377,0,266,357,0,0,0,613,infection,551
12.054878545739582,376,0,267,357,0,0,0,614,infection,800
12.055297183122995,376,0,266,358,0,0,0,614,recovery,435
12.061377474739713,375,0,267,358,0,0,0,615,infection,419
12.072586408590208,374,0,268,358,0,0,0,616,infection,298
12.075450405542961,373,0,269,358,0,0,0,617,infection,520
12.086434508337446,372,0,270,358,0,0,0,618,infection,480
12.088599400246856,371,0,271,358,0,0,0,619,infection,623
12.089889728344403,370,0,272,358,0,0,0,620,infection,310
12.117814654978599,370,0,271,359,0,0,0,620,recovery,297
12.119198906144817,370,0,270,360,0,0,0,620,recovery,952
12.1408092495234,369,0,271,360,0,0,0,621,infection,230
12.157681028167305,368,0,272,360,0,0,0,622,infection,701
12.1623215026392,368,0,271,361,0,0,0,622,recovery,22
12.182476775072326,367,0,272,361,0,0,0,623,infection,569
12.186436536896052,366,0,273,361,0,0,0,624,infection,622
12.187843275718029,366,0,272,362,0,0,0,624,recovery,115
12.188319729063041,365,0,273,362,0,0,0,625,infection,8
12.191286721354057,364,0,274,362,0,0,0,626,infection,370
12.203955669119237,363,0,275,362,0,0,0,627,infection,673
12.215243316955496,362,0,276,362,0,0,0,628,infection,534
12.228115399515408,361,0,277,362,0,0,0,629,infection,332
12.236321270770034,360,0,278,362,0,0,0,630,infection,13
12.243790526365029,359,0,279,362,0,0,0,631,infection,536
12.247505574958687,359,0,278,363,0,0,0,631,recovery,130
12.250388036718658,358,0,279,363,0,0,0,632,infection,938
12.255887635923939,358,0,278,364,0,0,0,632,recovery,948
12.261857700450971,358,0,277,365,0,0,0,632,recovery,332
12.274367365110896,358,0,276,366,0,0,0,632,recovery,916
12.3147124766236,358,0,275,367,0,0,0,632,recovery,545
12.316105552908997,358,0,274,368,0,0,0,632,recovery,32
12.325788309810385,358,0,273,369,0,0,0,632,recovery,98
12.334255024992913,357,0,274,369,0,0,0,633,infection,617
12.343870064804888,356,0,275,369,0,0,0,634,infection,841
12.345743148928273,355,0,276,369,0,0,0,635,infection,438
12.34808738250029,355,0,275,370,0,0,0,635,recovery,291
12.34812010546361,354,0,276,370,0,0,0,636,infection,912
12.34931106094003,354,0,275,371,0,0,0,636,recovery,166
12.35416751723977,353,0,276,371,0,0,0,637,infection,150
12.362022743185204,353,0,275,372,0,0,0,637,recovery,366
12.380704059532903,352,0,276,372,0,0,0,638,infection,639
12.390673642901397,352,0,275,373,0,0,0,638,recovery,814
12.39126189917635,351,0,276,373,0,0,0,639,infection,746
12.39156168158951,350,0,277,373,0,0,0,640,infection,676
12.393278190852659,350,0,276,374,0,0,0,640,recovery,890
12.39522515472391,349,0,277,374,0,0,0,641,infection,897
12.403785983621022,349,0,276,375,0,0,0,641,recovery,135
12.40720689952948,349,0,275,376,0,0,0,641,recovery,596
12.413572907828929,348,0,276,376,0,0,0,642,infection,103
12.418913664909763,347,0,277,376,0,0,0,643,infection,613
12.419122371426882,346,0,278,376,0,0,0,644,infection,5
12.426970826750914,345,0,279,376,0,0,0,645,infection,542
12.434618312847785,345,0,278,377,0,0,0,645,recovery,569
12.437685788095822,344,0,279,377,0,0,0,646,infection,416
12.440824512296992,344,0,278,378,0,0,0,646,recovery,490
12.443516629180337,344,0,277,379,0,0,0,646,recovery,408
12.466106391453724,344,0,276,380,0,0,0,646,recovery,504
12.47617693482644,343,0,277,380,0,0,0,647,infection,259
12.476621395065948,342,0,278,380,0,0,0,648,infection,62
12.506299755142624,341,0,279,380,0,0,0,649,infection,3
12.515272744321015,340,0,280,380,0,0,0,650,infection,316
12.526007083932173,339,0,281,380,0,0,0,651,infection,690
12.527499287582387,338,0,282,380,0,0,0,652,infection,946
12.53547405823338,338,0,281,381,0,0,0,652,recovery,450
12.542789590451195,338,0,280,382,0,0,0,652,recovery,849
12.544863158204276,338,0,279,383,0,0,0,652,recovery,30
12.546551280839997,337,0,280,383,0,0,0,653,infection,474
12.547964533955557,336,0,281,383,0,0,0,654,infection,256
12.550994707787451,336,0,280,384,0,0,0,654,recovery,108
12.560119480173778,336,0,279,385,0,0,0,654,recovery,377
12.578999813805549,335,0,280,385,0,0,0,655,infection,487
12.586026508726412,334,0,281,385,0,0,0,656,infection,895
12.586458283689769,333,0,282,385,0,0,0,657,infection,110
12.588574620640594,332,0,283,385,0,0,0,658,infection,105
12.588634436364721,331,0,284,385,0,0,0,659,infection,481
12.594702965720618,331,0,283,386,0,0,0,659,recovery,300
12.605232918550508,330,0,284,386,0,0,0,660,infection,64
12.606727633900787,329,0,285,386,0,0,0,661,infection,218
12.609772666614795,328,0,286,386,0,0,0,662,infection,41
12.614128864552606,328,0,285,387,0,0,0,662,recovery,842
12.621424156653735,327,0,286,387,0,0,0,663,infection,139
12.63281545662236,327,0,285,388,0,0,0,663,recovery,243
12.642428313205777,326,0,286,388,0,0,0,664,infection,371
12.660824213226002,325,0,287,388,0,0,0,665,infection,852
12.664796230605031,324,0,288,388,0,0,0,666,infection,805
12.666643744812566,324,0,287,389,0,0,0,666,recovery,512
12.682230635142812,323,0,288,389,0,0,0,667,infection,94
12.686438101454382,322,0,289,389,0,0,0,668,infection,688
12.69205947979229,322,0,288,390,0,0,0,668,recovery,979
12.693284877091578,322,0,287,391,0,0,0,668,recovery,795
12.702023825213375,322,0,286,392,0,0,0,668,recovery,553
12.70575359300939,321,0,287,392,0,0,0,669,infection,44
12.713656703012074,321,0,286,393,0,0,0,669,recovery,892
12.714226301070273,320,0,287,393,0,0,0,670,infection,937
12.726425410856688,319,0,288,393,0,0,0,671,infection,856
12.732664113450024,319,0,287,394,0,0,0,671,recovery,214
12.733769959017419,319,0,286,395,0,0,0,671,recovery,64
12.753487923945569,318,0,287,395,0,0,0,672,infection,934
12.754963162869359,317,0,288,395,0,0,0,673,infection,692
12.757208725369708,316,0,289,395,0,0,0,674,infection,521
12.761597114899432,316,0,288,396,0,0,0,674,recovery,676
12.768470655819696,315,0,289,396,0,0,0,675,infection,983
12.770481154138224,314,0,290,396,0,0,0,676,infection,222
12.770503775289868,313,0,291,396,0,0,0,677,infection,988
12.773667859742623,313,0,290,397,0,0,0,677,recovery,202
12.778205259637096,313,0,289,398,0,0,0,677,recovery,136
12.801189790642326,313,0,288,399,0,0,0,677,recovery,274
12.813216401355653,313,0,287,400,0,0,0,677,recovery,62
12.814948702622765,312,0,288,400,0,0,0,678,infection,711
12.822446024515948,311,0,289,400,0,0,0,679,infection,682
12.829837277309842,311,0,288,401,0,0,0,679,recovery,305
12.833505110961518,311,0,287,402,0,0,0,679,recovery,357
12.862634386823771,310,0,288,402,0,0,0,680,infection,239
12.864482988624703,310,0,287,403,0,0,0,680,recovery,330
12.871641113470465,310,0,286,404,0,0,0,680,recovery,534
12.873007953686809,310,0,285,405,0,0,0,680,recovery,589
12.880769538817809,309,0,286,405,0,0,0,681,infection,808
12.898828104268516,308,0,287,405,0,0,0,682,infection,813
12.903324569813744,307,0,288,405,0,0,0,683,infection,373
12.911304195970423,307,0,287,406,0,0,0,683,recovery,937
12.913717442079673,306,0,288,406,0,0,0,684,infection,517
12.921273786828959,305,0,289,406,0,0,0,685,infection,317
12.921955156943335,305,0,288,407,0,0,0,685,recovery,588
12.923315555724594,304,0,289,407,0,0,0,686,infection,100
12.926661149473773,303,0,290,407,0,0,0,687,infection,167
12.935849168250606,303,0,289,408,0,0,0,687,recovery,239
12.938624827502553,303,0,288,409,0,0,0,687,recovery,191
12.94524835912668,302,0,289,409,0,0,0,688,infection,989
12.952700939323902,301,0,290,409,0,0,0,689,infection,889
12.952808232756842,300,0,291,409,0,0,0,690,infection,11
12.959159842014982,300,0,290,410,0,0,0,690,recovery,610
12.965416833408941,300,0,289,411,0,0,0,690,recovery,380
12.966942452362801,299,0,290,411,0,0,0,691,infection,23
12.98038687890442,299,0,289,412,0,0,0,691,recovery,771
12.982423618680372,299,0,288,413,0,0,0,691,recovery,971
12.993831079551388,299,0,287,414,0,0,0,691,recovery,193
12.997547800602396,298,0,288,414,0,0,0,692,infection,284
13.002271813470719,297,0,289,414,0,0,0,693,infection,372
13.010196682642633,297,0,288,415,0,0,0,693,recovery,805
13.012260057379226,297,0,287,416,0,0,0,693,recovery,302
13.021026375026308,296,0,288,416,0,0,0,694,infection,40
13.02209178611455,296,0,287,417,0,0,0,694,recovery,336
13.02259274321635,296,0,286,418,0,0,0,694,recovery,617
13.033819635757544,296,0,285,419,0,0,0,694,recovery,419
13.036677890117632,296,0,284,420,0,0,0,694,recovery,521
13.048074979916658,295,0,285,420,0,0,0,695,infection,710
13.058925891000074,294,0,286,420,0,0,0,696,infection,458
13.059975382617324,294,0,285,421,0,0,0,696,recovery,581
13.064801831111518,294,0,284,422,0,0,0,696,recovery,13
13.07195300026607,293,0,285,422,0,0,0,697,infection,927
13.084185302343904,293,0,284,423,0,0,0,697,recovery,764
13.098783524598947,292,0,285,423,0,0,0,698,infection,178
13.116292409884162,292,0,284,424,0,0,0,698,recovery,804
13.145752723395919,291,0,285,424,0,0,0,699,infection,46
13.155547725113431,291,0,284,425,0,0,0,699,recovery,662
13.166197021529667,291,0,283,426,0,0,0,699,recovery,893
13.169887537988705,291,0,282,427,0,0,0,699,recovery,216
13.178330978591895,291,0,281,428,0,0,0,699,recovery,642
13.178344803649658,291,0,280,429,0,0,0,699,recovery,698
13.181714476657202,291,0,279,430,0,0,0,699,recovery,317
13.193265461767663,291,0,278,431,0,0,0,699,recovery,46
13.20190472597778,291,0,277,432,0,0,0,699,recovery,78
13.203622621059191,290,0,278,432,0,0,0,700,infection,156
13.207569577343348,290,0,277,433,0,0,0,700,recovery,638
13.212804997053357,289,0,278,433,0,0,0,701,infection,926
13.223561485959937,288,0,279,433,0,0,0,702,infection,374
13.22760352726308,288,0,278,434,0,0,0,702,recovery,345
13.255619174580488,287,0,279,434,0,0,0,703,infection,80
13.256663279146771,286,0,280,434,0,0,0,704,infection,92
13.258880482182024,285,0,281,434,0,0,0,705,infection,773
13.275662340389983,285,0,280,435,0,0,0,705,recovery,852
13.278088824441944,285,0,279,436,0,0,0,705,recovery,65
13.280913220924479,285,0,278,437,0,0,0,705,recovery,198
13.282305016071934,285,0,277,438,0,0,0,705,recovery,250
13.283463836100434,284,0,278,438,0,0,0,706,infection,619
13.298121765200525,284,0,277,439,0,0,0,706,recovery,328
13.304706384287464,283,0,278,439,0,0,0,707,infection,320
13.315145927943163,283,0,277,440,0,0,0,707,recovery,881
13.320189433303446,283,0,276,441,0,0,0,707,recovery,312
13.322936722779511,283,0,275,442,0,0,0,707,recovery,692
13.32481538250391,283,0,274,443,0,0,0,707,recovery,257
13.3269717298629,282,0,275,443,0,0,0,708,infection,839
13.329138543234738,281,0,276,443,0,0,0,709,infection,850
13.332414394188604,280,0,277,443,0,0,0,710,infection,225
13.336714314904881,279,0,278,443,0,0,0,711,infection,562
13.339986363113551,278,0,279,443,0,0,0,712,infection,885
13.343828321822224,278,0,278,444,0,0,0,712,recovery,812
13.354269383366589,278,0,277,445,0,0,0,712,recovery,746
13.356382031873439,277,0,278,445,0,0,0,713,infection,857
13.361362736663297,277,0,277,446,0,0,0,713,recovery,445
13.366824688796234,277,0,276,447,0,0,0,713,recovery,458
13.367900736903767,277,0,275,448,0,0,0,713,recovery,5
13.374490690788415,277,0,274,449,0,0,0,713,recovery,132
13.391334613165986,277,0,273,450,0,0,0,713,recovery,372
13.396006009662555,276,0,274,450,0,0,0,714,infection,33
13.402216924863342,275,0,275,450,0,0,0,715,infection,626
13.402586698485102,275,0,274,451,0,0,0,715,recovery,562
13.417623954251267,275,0,273,452,0,0,0,715,recovery,41
13.418587848799621,274,0,274,452,0,0,0,716,infection,393
13.428944924376246,273,0,275,452,0,0,0,717,infection,149
13.447525993407803,272,0,276,452,0,0,0,718,infection,740
13.464364807918612,272,0,275,453,0,0,0,718,recovery,615
13.468672227759894,271,0,276,453,0,0,0,719,infection,735
13.474576342328476,270,0,277,453,0,0,0,720,infection,624
13.483925180364654,270,0,276,454,0,0,0,720,recovery,909
13.48795754769824,270,0,275,455,0,0,0,720,recovery,471
13.508651328102413,270,0,274,456,0,0,0,720,recovery,919
13.509967977117675,269,0,275,456,0,0,0,721,infection,477
13.52410875402032,268,0,276,456,0,0,0,722,infection,76
13.53468130230513,268,0,275,457,0,0,0,722,recovery,322
13.537269539366855,267,0,276,457,0,0,0,723,infection,188
13.540046102086047,266,0,277,457,0,0,0,724,infection,809
13.555726516038453,265,0,278,457,0,0,0,725,infection,501
13.556560426037159,265,0,277,458,0,0,0,725,recovery,684
13.569492724080337,265,0,276,459,0,0,0,725,recovery,907
13.571789859342216,264,0,277,459,0,0,0,726,infection,629
13.582402692657586,264,0,276,460,0,0,0,726,recovery,178
13.585032787865913,264,0,275,461,0,0,0,726,recovery,912
13.598337497520362,263,0,276,461,0,0,0,727,infection,891
13.606891165216583,262,0,277,461,0,0,0,728,infection,910
13.609469531866468,261,0,278,461,0,0,0,729,infection,346
13.617120316041522,261,0,277,462,0,0,0,729,recovery,956
13.630253770959664,260,0,278,462,0,0,0,730,infection,67
13.642959375524233,260,0,277,463,0,0,0,730,recovery,319
13.662394221647874,260,0,276,464,0,0,0,730,recovery,517
13.668702127516527,260,0,275,465,0,0,0,730,recovery,935
13.677952125385179,260,0,274,466,0,0,0,730,recovery,76
13.68337058365545,260,0,273,467,0,0,0,730,recovery,432
13.687851097457537,260,0,272,468,0,0,0,730,recovery,973
13.688587299060835,259,0,273,468,0,0,0,731,infection,295
13.689702202394212,258,0,274,468,0,0,0,732,infection,776
13.689825206046123,258,0,273,469,0,0,0,732,recovery,112
13.691489807399915,258,0,272,470,0,0,0,732,recovery,492
13.711140213429193,258,0,271,471,0,0,0,732,recovery,219
13.711598880398924,258,0,270,472,0,0,0,732,recovery,585
13.719224340018986,258,0,269,473,0,0,0,732,recovery,268
13.728320524293672,258,0,268,474,0,0,0,732,recovery,870
13.738408029424411,258,0,267,475,0,0,0,732,recovery,149
13.742831648786707,258,0,266,476,0,0,0,732,recovery,240
13.744507895936994,257,0,267,476,0,0,0,733,infection,227
13.766655155079583,257,0,266,477,0,0,0,733,recovery,114
13.769097180225708,257,0,265,478,0,0,0,733,recovery,834
13.777309100953836,257,0,264,479,0,0,0,733,recovery,344
13.789423705587916,256,0,265,479,0,0,0,734,infection,234
13.790696918362059,256,0,264,480,0,0,0,734,recovery,443
13.797480890877672,256,0,263,481,0,0,0,734,recovery,811
13.840713285743616,256,0,262,482,0,0,0,734,recovery,295
13.842959655222813,255,0,263,482,0,0,0,735,infection,794
13.854928376156481,254,0,264,482,0,0,0,736,infection,236
13.867234032211154,253,0,265,482,0,0,0,737,infection,750
13.86836897825562,253,0,264,483,0,0,0,737,recovery,850
13.870470391020751,253,0,263,484,0,0,0,737,recovery,370
13.883889508824263,252,0,264,484,0,0,0,738,infection,349
13.884031349132416,252,0,263,485,0,0,0,738,recovery,839
13.908813012888729,252,0,262,486,0,0,0,738,recovery,410
13.911503622227562,252,0,261,487,0,0,0,738,recovery,477
13.925645733686432,252,0,260,488,0,0,0,738,recovery,125
13.945610210947876,251,0,261,488,0,0,0,739,infection,737
13.946780428657089,251,0,260,489,0,0,0,739,recovery,343
13.947497524709949,251,0,259,490,0,0,0,739,recovery,94
13.965474779613075,251,0,258,491,0,0,0,739,recovery,575
13.96640448605221,251,0,257,492,0,0,0,739,recovery,470
13.971315530620368,250,0,258,492,0,0,0,740,infection,428
14.004638115958198,250,0,257,493,0,0,0,740,recovery,639
14.010184951872935,249,0,258,493,0,0,0,741,infection,37
14.015347746369999,248,0,259,493,0,0,0,742,infection,556
14.015447000446521,248,0,258,494,0,0,0,742,recovery,818
14.020196307187021,248,0,257,495,0,0,0,742,recovery,711
14.036225725012667,247,0,258,495,0,0,0,743,infection,118
14.046374202761854,247,0,257,496,0,0,0,743,recovery,643
14.046587103478739,247,0,256,497,0,0,0,743,recovery,237
14.057856815311752,247,0,255,498,0,0,0,743,recovery,944
14.08210954910929,247,0,254,499,0,0,0,743,recovery,682
14.085503388296353,247,0,253,500,0,0,0,743,recovery,441
14.088446614515657,247,0,252,501,0,0,0,743,recovery,179
14.089097918136586,246,0,253,501,0,0,0,744,infection,896
14.09755824878367,245,0,254,501,0,0,0,745,infection,920
14.098810326979788,245,0,253,502,0,0,0,745,recovery,289
14.099666236182493,244,0,254,502,0,0,0,746,infection,633
14.115266380062323,243,0,255,502,0,0,0,747,infection,66
14.136835140752616,242,0,256,502,0,0,0,748,infection,577
14.139095398277632,242,0,255,503,0,0,0,748,recovery,190
14.166379211455038,242,0,254,504,0,0,0,748,recovery,299
14.168379695841876,241,0,255,504,0,0,0,749,infection,663
14.168898449528776,241,0,254,505,0,0,0,749,recovery,11
14.19419216153077,240,0,255,505,0,0,0,750,infection,865
14.222414426833206,240,0,254,506,0,0,0,750,recovery,474
14.23284977430816,240,0,253,507,0,0,0,750,recovery,939
14.245610778856507,240,0,252,508,0,0,0,750,recovery,298
14.276756155057098,240,0,251,509,0,0,0,750,recovery,151
14.283284570353773,239,0,252,509,0,0,0,751,infection,19
14.293835980269666,239,0,251,510,0,0,0,751,recovery,690
14.295727685270462,238,0,252,510,0,0,0,752,infection,898
14.298671666832831,238,0,251,511,0,0,0,752,recovery,651
14.302884116214832,237,0,252,511,0,0,0,753,infection,181
14.30841619679698,237,0,251,512,0,0,0,753,recovery,229
14.321830064261128,236,0,252,512,0,0,0,754,infection,367
14.322410172591688,236,0,251,513,0,0,0,754,recovery,185
14.32301855383526,235,0,252,513,0,0,0,755,infection,728
14.32371561185104,235,0,251,514,0,0,0,755,recovery,155
14.332731505105794,235,0,250,515,0,0,0,755,recovery,968
14.334514722914143,235,0,249,516,0,0,0,755,recovery,80
14.371619893892428,235,0,248,517,0,0,0,755,recovery,210
14.374532169670745,234,0,249,517,0,0,0,756,infection,980
14.375375788125089,234,0,248,518,0,0,0,756,recovery,284
14.37644730464853,234,0,247,519,0,0,0,756,recovery,693
14.389523151394318,233,0,248,519,0,0,0,757,infection,595
14.390082492250608,233,0,247,520,0,0,0,757,recovery,857
14.402586174560877,233,0,246,521,0,0,0,757,recovery,595
14.431434874908406,233,0,245,522,0,0,0,757,recovery,103
14.440818448039836,232,0,246,522,0,0,0,758,infection,231
14.441057199160216,232,0,245,523,0,0,0,758,recovery,889
14.447929124722865,232,0,244,524,0,0,0,758,recovery,382
14.451024276367896,232,0,243,525,0,0,0,758,recovery,706
14.451641926795341,231,0,244,525,0,0,0,759,infection,117
14.470418311656001,231,0,243,526,0,0,0,759,recovery,160
14.47296586243101,230,0,244,526,0,0,0,760,infection,1
14.484609028105352,229,0,245,526,0,0,0,761,infection,60
14.512132078757721,228,0,246,526,0,0,0,762,infection,866
14.512421860370846,227,0,247,526,0,0,0,763,infection,597
14.518801005769912,226,0,248,526,0,0,0,764,infection,482
14.523067195008142,226,0,247,527,0,0,0,764,recovery,927
14.533975595135562,225,0,248,527,0,0,0,765,infection,557
14.54123170849255,225,0,247,528,0,0,0,765,recovery,563
14.559311996328926,225,0,246,529,0,0,0,765,recovery,987
14.561627148593097,224,0,247,529,0,0,0,766,infection,399
14.56909779403358,224,0,246,530,0,0,0,766,recovery,304
14.579206900206334,223,0,247,530,0,0,0,767,infection,529
14.5805778486957,222,0,248,530,0,0,0,768,infection,576
14.583380909966364,222,0,247,531,0,0,0,768,recovery,712
14.584570989782968,222,0,246,532,0,0,0,768,recovery,885
14.59586629081934,222,0,245,533,0,0,0,768,recovery,926
14.614343392083233,222,0,244,534,0,0,0,768,recovery,559
14.616038632913153,222,0,243,535,0,0,0,768,recovery,701
14.636610479221257,222,0,242,536,0,0,0,768,recovery,117
14.65596476354773,222,0,241,537,0,0,0,768,recovery,92
14.67189362905941,221,0,242,537,0,0,0,769,infection,658
14.714182279145614,221,0,241,538,0,0,0,769,recovery,629
14.718443921003802,221,0,240,539,0,0,0,769,recovery,310
14.72907159562384,220,0,241,539,0,0,0,770,infection,697
14.736560943488278,219,0,242,539,0,0,0,771,infection,43
14.74124997523031,218,0,243,539,0,0,0,772,infection,184
14.753488875983434,217,0,244,539,0,0,0,773,infection,421
14.77275017219117,217,0,243,540,0,0,0,773,recovery,420
14.783661945199643,216,0,244,540,0,0,0,774,infection,502
14.792323767888114,216,0,243,541,0,0,0,774,recovery,983
14.794362596847169,216,0,242,542,0,0,0,774,recovery,570
14.804704410657855,216,0,241,543,0,0,0,774,recovery,920
14.820813894262137,216,0,240,544,0,0,0,774,recovery,363
14.828461394845,216,0,239,545,0,0,0,774,recovery,900
14.830224102729792,215,0,240,545,0,0,0,775,infection,661
14.83665564579415,215,0,239,546,0,0,0,775,recovery,455
14.838415650754147,215,0,238,547,0,0,0,775,recovery,626
14.844361221968432,215,0,237,548,0,0,0,775,recovery,225
14.844386470205968,215,0,236,549,0,0,0,775,recovery,444
14.857233814432034,215,0,235,550,0,0,0,775,recovery,306
14.8588801059531,215,0,234,551,0,0,0,775,recovery,803
14.872425574585215,215,0,233,552,0,0,0,775,recovery,31
14.879532702321645,214,0,234,552,0,0,0,776,infection,853
14.883193215768031,214,0,233,553,0,0,0,776,recovery,710
14.883701179239074,213,0,234,553,0,0,0,777,infection,113
14.884293784720363,213,0,233,554,0,0,0,777,recovery,485
14.89025972470244,213,0,232,555,0,0,0,777,recovery,371
14.890737265093273,213,0,231,556,0,0,0,777,recovery,42
14.896118391481917,213,0,230,557,0,0,0,777,recovery,143
14.939567173972607,212,0,231,557,0,0,0,778,infection,978
14.95334605757261,212,0,230,558,0,0,0,778,recovery,97
14.970249845404302,211,0,231,558,0,0,0,779,infection,255
14.98680581353397,211,0,230,559,0,0,0,779,recovery,740
14.994401599782838,211,0,229,560,0,0,0,779,recovery,66
15.003434730281432,210,0,230,560,0,0,0,780,infection,271
15.009430411827411,210,0,229,561,0,0,0,780,recovery,331
15.015056013410128,210,0,228,562,0,0,0,780,recovery,716
15.01812957776232,209,0,229,562,0,0,0,781,infection,223
15.026719455776547,208,0,230,562,0,0,0,782,infection,932
15.029727274776032,208,0,229,563,0,0,0,782,recovery,820
15.045730622543786,208,0,228,564,0,0,0,782,recovery,34
15.11553213957268,208,0,227,565,0,0,0,782,recovery,184
15.133689223604993,207,0,228,565,0,0,0,783,infection,751
15.14158475774126,206,0,229,565,0,0,0,784,infection,868
15.175507851646909,206,0,228,566,0,0,0,784,recovery,399
15.178586843667684,206,0,227,567,0,0,0,784,recovery,536
15.195875167439343,205,0,228,567,0,0,0,785,infection,48
15.204899001894171,205,0,227,568,0,0,0,785,recovery,138
15.213630581757748,205,0,226,569,0,0,0,785,recovery,308
15.21923271050786,205,0,225,570,0,0,0,785,recovery,878
15.220738270668527,205,0,224,571,0,0,0,785,recovery,529
15.224385949898622,205,0,223,572,0,0,0,785,recovery,624
15.22892068346612,204,0,224,572,0,0,0,786,infection,433
15.251281919686532,204,0,223,573,0,0,0,786,recovery,113
15.261389508378642,203,0,224,573,0,0,0,787,infection,426
15.266314982141068,202,0,225,573,0,0,0,788,infection,187
15.2712116898093,202,0,224,574,0,0,0,788,recovery,551
15.296559370337317,202,0,223,575,0,0,0,788,recovery,750
15.330696642652612,201,0,224,575,0,0,0,789,infection,722
15.331428908446657,201,0,223,576,0,0,0,789,recovery,774
15.361701192576229,201,0,222,577,0,0,0,789,recovery,613
15.396372444929794,200,0,223,577,0,0,0,790,infection,731
15.40807172642802,200,0,222,578,0,0,0,790,recovery,105
15.411140809263486,199,0,223,578,0,0,0,791,infection,632
15.427188838254956,199,0,222,579,0,0,0,791,recovery,541
15.43233151518525,198,0,223,579,0,0,0,792,infection,201
15.432856329552584,197,0,224,579,0,0,0,793,infection,473
15.433241182442709,197,0,223,580,0,0,0,793,recovery,841
15.43644895102857,197,0,222,581,0,0,0,793,recovery,728
15.454598988200889,197,0,221,582,0,0,0,793,recovery,946
15.458121128222048,197,0,220,583,0,0,0,793,recovery,230
15.491731177546038,197,0,219,584,0,0,0,793,recovery,731
15.498510958305353,196,0,220,584,0,0,0,794,infection,28
15.499684001196462,196,0,219,585,0,0,0,794,recovery,961
15.517590767837097,196,0,218,586,0,0,0,794,recovery,286
15.52911911924073,196,0,217,587,0,0,0,794,recovery,118
15.52962467328593,196,0,216,588,0,0,0,794,recovery,593
15.548008419992001,196,0,215,589,0,0,0,794,recovery,784
15.589536199352382,196,0,214,590,0,0,0,794,recovery,777
15.595244225777634,196,0,213,591,0,0,0,794,recovery,63
15.603333845180195,195,0,214,591,0,0,0,795,infection,772
15.612363716141754,194,0,215,591,0,0,0,796,infection,244
15.645359324077498,194,0,214,592,0,0,0,796,recovery,813
15.664016015240328,194,0,213,593,0,0,0,796,recovery,934
15.669786507180099,194,0,212,594,0,0,0,796,recovery,806
15.687665365101806,193,0,213,594,0,0,0,797,infection,791
15.70682536324919,193,0,212,595,0,0,0,797,recovery,808
15.723373286330196,192,0,213,595,0,0,0,798,infection,313
15.736056854192158,192,0,212,596,0,0,0,798,recovery,584
15.737465341377703,191,0,213,596,0,0,0,799,infection,884
15.74154182428795,191,0,212,597,0,0,0,799,recovery,794
15.750966904048754,190,0,213,597,0,0,0,800,infection,780
15.763648811804844,189,0,214,597,0,0,0,801,infection,702
15.766484367535927,189,0,213,598,0,0,0,801,recovery,520
15.775091800860004,189,0,212,599,0,0,0,801,recovery,902
15.830960320810064,188,0,213,599,0,0,0,802,infection,766
15.833426297978821,188,0,212,600,0,0,0,802,recovery,121
15.839449729405647,187,0,213,600,0,0,0,803,infection,949
15.85104206931328,186,0,214,600,0,0,0,804,infection,79
15.855144488258897,186,0,213,601,0,0,0,804,recovery,294
15.855956485883642,186,0,212,602,0,0,0,804,recovery,367
15.86036027833193,185,0,213,602,0,0,0,805,infection,403
15.862543386688738,185,0,212,603,0,0,0,805,recovery,3
15.878112944918481,185,0,211,604,0,0,0,805,recovery,493
15.89088352903618,185,0,210,605,0,0,0,805,recovery,145
15.897428922071734,184,0,211,605,0,0,0,806,infection,238
15.920344406518275,184,0,210,606,0,0,0,806,recovery,807
15.926238909940873,184,0,209,607,0,0,0,806,recovery,737
15.942333289239885,184,0,208,608,0,0,0,806,recovery,932
15.945783384526619,184,0,207,609,0,0,0,806,recovery,915
15.951707027084387,184,0,206,610,0,0,0,806,recovery,896
15.965981536492047,183,0,207,610,0,0,0,807,infection,729
15.981478523490551,182,0,208,610,0,0,0,808,infection,888
15.99412433338443,181,0,209,610,0,0,0,809,infection,726
15.998209777134921,180,0,210,610,0,0,0,810,infection,262
16.06294154677671,180,0,209,611,0,0,0,810,recovery,865
16.06316739545686,179,0,210,611,0,0,0,811,infection,245
16.069188354530624,179,0,209,612,0,0,0,811,recovery,77
16.08954609615702,179,0,208,613,0,0,0,811,recovery,910
16.093345302314145,178,0,209,613,0,0,0,812,infection,106
16.110358467231038,178,0,208,614,0,0,0,812,recovery,19
16.114540054451226,177,0,209,614,0,0,0,813,infection,391
16.124695043124454,176,0,210,614,0,0,0,814,infection,981
16.12770918586316,175,0,211,614,0,0,0,815,infection,648
16.13314496874438,175,0,210,615,0,0,0,815,recovery,884
16.159287408342557,175,0,209,616,0,0,0,815,recovery,356
16.19225640844715,175,0,208,617,0,0,0,815,recovery,206
16.196804066561544,175,0,207,618,0,0,0,815,recovery,661
16.199607184445235,174,0,208,618,0,0,0,816,infection,572
16.209274241249215,173,0,209,618,0,0,0,817,infection,869
16.209652954095162,173,0,208,619,0,0,0,817,recovery,418
16.21852070281933,173,0,207,620,0,0,0,817,recovery,663
16.23400427746172,173,0,206,621,0,0,0,817,recovery,37
16.2369521752907,173,0,205,622,0,0,0,817,recovery,172
16.238698617123667,173,0,204,623,0,0,0,817,recovery,241
16.24056744980721,172,0,205,623,0,0,0,818,infection,838
16.260463441854316,172,0,204,624,0,0,0,818,recovery,611
16.265230793591577,172,0,203,625,0,0,0,818,recovery,838
16.300666087725435,171,0,204,625,0,0,0,819,infection,605
16.321665804788694,171,0,203,626,0,0,0,819,recovery,989
16.337557763185533,170,0,204,626,0,0,0,820,infection,69
16.3503982332577,170,0,203,627,0,0,0,820,recovery,673
16.369769339682623,169,0,204,627,0,0,0,821,infection,52
16.38154482477489,169,0,203,628,0,0,0,821,recovery,28
16.384147657161677,168,0,204,628,0,0,0,822,infection,49
16.4113007252234,168,0,203,629,0,0,0,822,recovery,23
16.41907805230713,168,0,202,630,0,0,0,822,recovery,891
16.429771214981205,168,0,201,631,0,0,0,822,recovery,938
16.441188290258204,168,0,200,632,0,0,0,822,recovery,868
16.448889976137504,168,0,199,633,0,0,0,822,recovery,47
16.471779190430908,168,0,198,634,0,0,0,822,recovery,951
16.480612967853837,168,0,197,635,0,0,0,822,recovery,792
16.481763601166953,168,0,196,636,0,0,0,822,recovery,33
16.48363080929097,167,0,197,636,0,0,0,823,infection,352
16.499460254995913,167,0,196,637,0,0,0,823,recovery,482
16.510353279066045,167,0,195,638,0,0,0,823,recovery,990
16.532532784756004,166,0,196,638,0,0,0,824,infection,513
16.534747761429873,165,0,197,638,0,0,0,825,infection,543
16.549433854846633,165,0,196,639,0,0,0,825,recovery,409
16.55203356705287,165,0,195,640,0,0,0,825,recovery,187
16.555178255122552,164,0,196,640,0,0,0,826,infection,778
16.55547229145919,164,0,195,641,0,0,0,826,recovery,837
16.55823881764109,164,0,194,642,0,0,0,826,recovery,756
16.56947012419883,163,0,195,642,0,0,0,827,infection,653
16.573335053575402,162,0,196,642,0,0,0,828,infection,844
16.598825593448954,162,0,195,643,0,0,0,828,recovery,69
16.62107210782226,161,0,196,643,0,0,0,829,infection,84
16.630241221205512,160,0,197,643,0,0,0,830,infection,45
16.637433133714996,160,0,196,644,0,0,0,830,recovery,373
16.696551146667634,160,0,195,645,0,0,0,830,recovery,67
16.70245961014488,160,0,194,646,0,0,0,830,recovery,462
16.709412756489588,159,0,195,646,0,0,0,831,infection,921
16.71545763102888,159,0,194,647,0,0,0,831,recovery,204
16.717573215844794,158,0,195,647,0,0,0,832,infection,451
16.723155595038754,157,0,196,647,0,0,0,833,infection,650
16.723992646370714,156,0,197,647,0,0,0,834,infection,93
16.732084029333244,156,0,196,648,0,0,0,834,recovery,362
16.74536830931573,156,0,195,649,0,0,0,834,recovery,415
16.746787390032875,156,0,194,650,0,0,0,834,recovery,40
16.768050246336642,156,0,193,651,0,0,0,834,recovery,680
16.780323404754164,156,0,192,652,0,0,0,834,recovery,426
16.78194271108546,156,0,191,653,0,0,0,834,recovery,632
16.789060505729694,156,0,190,654,0,0,0,834,recovery,106
16.867616860082922,156,0,189,655,0,0,0,834,recovery,501
16.87324700748566,156,0,188,656,0,0,0,834,recovery,374
16.892394259234575,156,0,187,657,0,0,0,834,recovery,238
16.894246061390753,156,0,186,658,0,0,0,834,recovery,487
16.896777926764322,156,0,185,659,0,0,0,834,recovery,38
16.914754914926608,156,0,184,660,0,0,0,834,recovery,421
16.91686070045748,155,0,185,660,0,0,0,835,infection,36
16.92196360972562,155,0,184,661,0,0,0,835,recovery,139
16.951597608661533,154,0,185,661,0,0,0,836,infection,586
16.959634346452972,154,0,184,662,0,0,0,836,recovery,255
16.967216842815194,154,0,183,663,0,0,0,836,recovery,52
16.972597697842502,154,0,182,664,0,0,0,836,recovery,783
16.99095506076248,154,0,181,665,0,0,0,836,recovery,550
17.004566563541257,153,0,182,665,0,0,0,837,infection,288
17.005746149951545,152,0,183,665,0,0,0,838,infection,355
17.016775988425405,152,0,182,666,0,0,0,838,recovery,658
17.029341169865244,152,0,181,667,0,0,0,838,recovery,732
17.046034108713457,152,0,180,668,0,0,0,838,recovery,623
17.051356431686965,152,0,179,669,0,0,0,838,recovery,311
17.06561674479871,152,0,178,670,0,0,0,838,recovery,110
17.06678801829835,152,0,177,671,0,0,0,838,recovery,417
17.07096211848006,152,0,176,672,0,0,0,838,recovery,175
17.07825314672669,152,0,175,673,0,0,0,838,recovery,346
17.089130708444543,152,0,174,674,0,0,0,838,recovery,48
17.092575776644097,152,0,173,675,0,0,0,838,recovery,326
17.09738318992688,152,0,172,676,0,0,0,838,recovery,164
17.100211787436507,151,0,173,676,0,0,0,839,infection,463
17.105782685701538,150,0,174,676,0,0,0,840,infection,131
17.125421659019423,150,0,173,677,0,0,0,840,recovery,986
17.133459700207574,150,0,172,678,0,0,0,840,recovery,233
17.136221111862383,150,0,171,679,0,0,0,840,recovery,91
17.139080256051894,149,0,172,679,0,0,0,841,infection,847
17.142643688987164,149,0,171,680,0,0,0,841,recovery,943
17.163041881000098,148,0,172,680,0,0,0,842,infection,901
17.16572439683933,147,0,173,680,0,0,0,843,infection,982
17.166873561814167,147,0,172,681,0,0,0,843,recovery,288
17.177929237715198,147,0,171,682,0,0,0,843,recovery,780
17.19181077506418,146,0,172,682,0,0,0,844,infection,505
17.215049015009345,146,0,171,683,0,0,0,844,recovery,648
17.21768197579312,146,0,170,684,0,0,0,844,recovery,556
17.220661640350286,146,0,169,685,0,0,0,844,recovery,480
17.2285053158077,145,0,170,685,0,0,0,845,infection,489
17.24632511828196,144,0,171,685,0,0,0,846,infection,383
17.248197995262228,144,0,170,686,0,0,0,846,recovery,162
17.279750752021233,144,0,169,687,0,0,0,846,recovery,157
17.281100159796303,143,0,170,687,0,0,0,847,infection,762
17.29241119828075,143,0,169,688,0,0,0,847,recovery,985
17.3134058856724,142,0,170,688,0,0,0,848,infection,73
17.318334434749158,142,0,169,689,0,0,0,848,recovery,469
17.324459931728597,142,0,168,690,0,0,0,848,recovery,981
17.357935343118193,142,0,167,691,0,0,0,848,recovery,762
17.380762187906548,142,0,166,692,0,0,0,848,recovery,650
17.400901059423276,142,0,165,693,0,0,0,848,recovery,727
17.406879307223793,142,0,164,694,0,0,0,848,recovery,591
17.41435768165843,142,0,163,695,0,0,0,848,recovery,634
17.415681406911123,141,0,164,695,0,0,0,849,infection,614
17.44880454590701,140,0,165,695,0,0,0,850,infection,719
17.469070598886756,140,0,164,696,0,0,0,850,recovery,181
17.474880712603202,140,0,163,697,0,0,0,850,recovery,100
17.48200329527527,139,0,164,697,0,0,0,851,infection,364
17.49047616842465,138,0,165,697,0,0,0,852,infection,440
17.4929797408988,138,0,164,698,0,0,0,852,recovery,800
17.50076888846126,138,0,163,699,0,0,0,852,recovery,921
17.568233084570632,138,0,162,700,0,0,0,852,recovery,631
17.57274581127453,137,0,163,700,0,0,0,853,infection,180
17.592610391435382,136,0,164,700,0,0,0,854,infection,749
17.621220842033427,136,0,163,701,0,0,0,854,recovery,509
17.637823827206766,136,0,162,702,0,0,0,854,recovery,844
17.658080950763953,136,0,161,703,0,0,0,854,recovery,465
17.68446843295858,136,0,160,704,0,0,0,854,recovery,903
17.710527425920517,136,0,159,705,0,0,0,854,recovery,428
17.7142252885914,136,0,158,706,0,0,0,854,recovery,6
17.72512396236815,136,0,157,707,0,0,0,854,recovery,375
17.734580330883503,135,0,158,707,0,0,0,855,infection,819
17.74628758237939,135,0,157,708,0,0,0,855,recovery,557
17.758520916690202,135,0,156,709,0,0,0,855,recovery,799
17.77546676213021,135,0,155,710,0,0,0,855,recovery,688
17.775988225388392,134,0,156,710,0,0,0,856,infection,159
17.77963747206637,133,0,157,710,0,0,0,857,infection,392
17.79874347966516,133,0,156,711,0,0,0,857,recovery,259
17.800709252078256,132,0,157,711,0,0,0,858,infection,141
17.816743012082846,132,0,156,712,0,0,0,858,recovery,641
17.82269615007698,131,0,157,712,0,0,0,859,infection,70
17.912542163619317,130,0,158,712,0,0,0,860,infection,411
17.913266676214192,129,0,159,712,0,0,0,861,infection,479
17.94790283660789,129,0,158,713,0,0,0,861,recovery,486
17.963275185092627,129,0,157,714,0,0,0,861,recovery,227
17.965366760070278,128,0,158,714,0,0,0,862,infection,608
17.9809710652689,127,0,159,714,0,0,0,863,infection,412
17.993108576682857,126,0,160,714,0,0,0,864,infection,713
17.99590138500942,126,0,159,715,0,0,0,864,recovery,391
18.01102238585503,126,0,158,716,0,0,0,864,recovery,535
18.01281589139643,126,0,157,717,0,0,0,864,recovery,271
18.0208076169819,126,0,156,718,0,0,0,864,recovery,8
18.043428973100244,126,0,155,719,0,0,0,864,recovery,980
18.043894947395835,126,0,154,720,0,0,0,864,recovery,669
18.044409387030232,126,0,153,721,0,0,0,864,recovery,928
18.055773248673074,125,0,154,721,0,0,0,865,infection,953
18.063469498714454,125,0,153,722,0,0,0,865,recovery,819
18.083160104030924,125,0,152,723,0,0,0,865,recovery,597
18.083304092114044,125,0,151,724,0,0,0,865,recovery,729
18.102511386848704,124,0,152,724,0,0,0,866,infection,483
18.139595930022285,124,0,151,725,0,0,0,866,recovery,847
18.142950076956843,124,0,150,726,0,0,0,866,recovery,349
18.144915996911386,124,0,149,727,0,0,0,866,recovery,44
18.204787350106457,124,0,148,728,0,0,0,866,recovery,79
18.23411906695349,124,0,147,729,0,0,0,866,recovery,586
18.25545569492348,124,0,146,730,0,0,0,866,recovery,982
18.262569291306615,124,0,145,731,0,0,0,866,recovery,93
18.285223842921422,123,0,146,731,0,0,0,867,infection,407
18.2969977023779,123,0,145,732,0,0,0,867,recovery,751
18.301806993209183,123,0,144,733,0,0,0,867,recovery,936
18.33138225937847,123,0,143,734,0,0,0,867,recovery,85
18.332945013765464,123,0,142,735,0,0,0,867,recovery,245
18.376853267791045,122,0,143,735,0,0,0,868,infection,402
18.38434889253878,122,0,142,736,0,0,0,868,recovery,159
18.411921891520596,122,0,141,737,0,0,0,868,recovery,188
18.433784013749836,122,0,140,738,0,0,0,868,recovery,532
18.43960612086311,122,0,139,739,0,0,0,868,recovery,853
18.453889215767127,122,0,138,740,0,0,0,868,recovery,403
18.466949021229507,122,0,137,741,0,0,0,868,recovery,440
18.552346797612003,122,0,136,742,0,0,0,868,recovery,572
18.5560689026669,122,0,135,743,0,0,0,868,recovery,590
18.610599826472697,122,0,134,744,0,0,0,868,recovery,608
18.61300737475098,122,0,133,745,0,0,0,868,recovery,60
18.622934272569797,122,0,132,746,0,0,0,868,recovery,488
18.767441163630203,122,0,131,747,0,0,0,868,recovery,502
18.804735462865843,122,0,130,748,0,0,0,868,recovery,218
18.83655640799034,122,0,129,749,0,0,0,868,recovery,957
18.854097217549214,121,0,130,749,0,0,0,869,infection,908
18.872698694382922,121,0,129,750,0,0,0,869,recovery,622
18.890950043953453,121,0,128,751,0,0,0,869,recovery,84
18.965832639094092,121,0,127,752,0,0,0,869,recovery,954
18.96607715950583,121,0,126,753,0,0,0,869,recovery,686
18.973996958557876,120,0,127,753,0,0,0,870,infection,514
18.97794801577591,119,0,128,753,0,0,0,871,infection,183
18.997318663763917,119,0,127,754,0,0,0,871,recovery,383
19.01792366161822,119,0,126,755,0,0,0,871,recovery,416
19.02584001654632,118,0,127,755,0,0,0,872,infection,176
19.077226237762037,118,0,126,756,0,0,0,872,recovery,201
19.108099131256495,118,0,125,757,0,0,0,872,recovery,978
19.129994198407125,118,0,124,758,0,0,0,872,recovery,223
19.137323785970576,117,0,125,758,0,0,0,873,infection,315
19.152909336041173,117,0,124,759,0,0,0,873,recovery,653
19.167947722359724,117,0,123,760,0,0,0,873,recovery,543
19.220910074406913,116,0,124,760,0,0,0,874,infection,25
19.324921821939196,116,0,123,761,0,0,0,874,recovery,605
19.326364984248695,115,0,124,761,0,0,0,875,infection,396
19.350644394671978,115,0,123,762,0,0,0,875,recovery,619
19.383088051431304,115,0,122,763,0,0,0,875,recovery,433
19.409514627092907,115,0,121,764,0,0,0,875,recovery,236
19.4145284324943,115,0,120,765,0,0,0,875,recovery,901
19.447704018369325,115,0,119,766,0,0,0,875,recovery,180
19.450450829235663,114,0,120,766,0,0,0,876,infection,768
19.453888259521612,114,0,119,767,0,0,0,876,recovery,226
19.488599329919474,114,0,118,768,0,0,0,876,recovery,958
19.55855612700101,114,0,117,769,0,0,0,876,recovery,361
19.564216929750696,114,0,116,770,0,0,0,876,recovery,167
19.56572427263319,114,0,115,771,0,0,0,876,recovery,528
19.584560296525435,113,0,116,771,0,0,0,877,infection,68
19.601744895310194,113,0,115,772,0,0,0,877,recovery,43
19.638049800255203,113,0,114,773,0,0,0,877,recovery,726
19.64129431177287,113,0,113,774,0,0,0,877,recovery,599
19.669253774623606,113,0,112,775,0,0,0,877,recovery,220
19.684189287081605,113,0,111,776,0,0,0,877,recovery,830
19.703756745306297,113,0,110,777,0,0,0,877,recovery,402
19.705631546252697,113,0,109,778,0,0,0,877,recovery,768
19.747576827500854,113,0,108,779,0,0,0,877,recovery,988
19.77282827523066,113,0,107,780,0,0,0,877,recovery,141
19.786202994230848,113,0,106,781,0,0,0,877,recovery,776
19.815440464209814,113,0,105,782,0,0,0,877,recovery,316
19.84080540200641,113,0,104,783,0,0,0,877,recovery,396
19.842366076764396,112,0,105,783,0,0,0,878,infection,656
19.845395240642393,112,0,104,784,0,0,0,878,recovery,412
19.8622316398041,112,0,103,785,0,0,0,878,recovery,293
19.871389413329826,111,0,104,785,0,0,0,879,infection,398
19.8925198405596,110,0,105,785,0,0,0,880,infection,283
19.930114551928703,110,0,104,786,0,0,0,880,recovery,395
19.97783109637566,110,0,103,787,0,0,0,880,recovery,772
19.98049039339859,110,0,102,788,0,0,0,880,recovery,473
20.045846193245893,109,0,103,788,0,0,0,881,infection,186
20.06607260654447,109,0,102,789,0,0,0,881,recovery,70
20.09044040217286,108,0,103,789,0,0,0,882,infection,646
20.216993726625017,108,0,102,790,0,0,0,882,recovery,57
20.238612989422453,108,0,101,791,0,0,0,882,recovery,929
20.270335042411702,108,0,100,792,0,0,0,882,recovery,749
20.321288576701583,108,0,99,793,0,0,0,882,recovery,387
20.34555239691507,108,0,98,794,0,0,0,882,recovery,898
20.347495107453412,108,0,97,795,0,0,0,882,recovery,479
20.387982862524623,108,0,96,796,0,0,0,882,recovery,666
20.39228502573483,108,0,95,797,0,0,0,882,recovery,451
20.455585131922525,108,0,94,798,0,0,0,882,recovery,745
20.495190193122294,108,0,93,799,0,0,0,882,recovery,523
20.521431295100065,108,0,92,800,0,0,0,882,recovery,542
20.53850202699373,108,0,91,801,0,0,0,882,recovery,718
20.57481979147825,108,0,90,802,0,0,0,882,recovery,385
20.65612363696954,108,0,89,803,0,0,0,882,recovery,646
20.661729437760425,108,0,88,804,0,0,0,882,recovery,364
20.801155358675224,108,0,87,805,0,0,0,882,recovery,72
20.81572347441412,108,0,86,806,0,0,0,882,recovery,547
20.82233242397785,108,0,85,807,0,0,0,882,recovery,505
20.90718471280544,108,0,84,808,0,0,0,882,recovery,592
20.952948948648732,108,0,83,809,0,0,0,882,recovery,398
20.994855122822727,108,0,82,810,0,0,0,882,recovery,150
21.009865739606813,108,0,81,811,0,0,0,882,recovery,866
21.07243048080114,108,0,80,812,0,0,0,882,recovery,791
21.080903993445098,108,0,79,813,0,0,0,882,recovery,173
21.096061735710364,108,0,78,814,0,0,0,882,recovery,156
21.1224099488324,108,0,77,815,0,0,0,882,recovery,953
21.147896025508334,108,0,76,816,0,0,0,882,recovery,656
21.193890025339407,107,0,77,816,0,0,0,883,infection,498
21.237729741114787,106,0,78,816,0,0,0,884,infection,877
21.27207299682282,106,0,77,817,0,0,0,884,recovery,888
21.364904880656823,105,0,78,817,0,0,0,885,infection,359
21.37543520997326,104,0,79,817,0,0,0,886,infection,652
21.430986948699353,104,0,78,818,0,0,0,886,recovery,489
21.434025930367678,104,0,77,819,0,0,0,886,recovery,352
21.520190785400526,103,0,78,819,0,0,0,887,infection,574
21.521762423087566,103,0,77,820,0,0,0,887,recovery,778
21.5229475055551,103,0,76,821,0,0,0,887,recovery,176
21.724783326680893,103,0,75,822,0,0,0,887,recovery,897
21.775656673110557,103,0,74,823,0,0,0,887,recovery,407
21.8455581991446,103,0,73,824,0,0,0,887,recovery,697
21.886576352420576,103,0,72,825,0,0,0,887,recovery,161
21.89487055403519,103,0,71,826,0,0,0,887,recovery,73
21.931147682566024,103,0,70,827,0,0,0,887,recovery,633
21.979949295075066,103,0,69,828,0,0,0,887,recovery,111
22.04801638211907,102,0,70,828,0,0,0,888,infection,564
22.114995794649108,102,0,69,829,0,0,0,888,recovery,234
22.134758115155464,102,0,68,830,0,0,0,888,recovery,573
22.135420319595738,102,0,67,831,0,0,0,888,recovery,877
22.14244694529419,102,0,66,832,0,0,0,888,recovery,856
22.168988742695483,102,0,65,833,0,0,0,888,recovery,327
22.225240116999377,102,0,64,834,0,0,0,888,recovery,49
22.22591033143434,102,0,63,835,0,0,0,888,recovery,183
22.225983578987684,101,0,64,835,0,0,0,889,infection,205
22.24664293211673,101,0,63,836,0,0,0,889,recovery,576
22.331962146364106,100,0,64,836,0,0,0,890,infection,182
22.341451626479767,99,0,65,836,0,0,0,891,infection,348
22.34750938823582,98,0,66,836,0,0,0,892,infection,790
22.380406206573355,98,0,65,837,0,0,0,892,recovery,733
22.396782744647656,97,0,66,837,0,0,0,893,infection,730
22.402905497297844,97,0,65,838,0,0,0,893,recovery,895
22.443544178234514,97,0,64,839,0,0,0,893,recovery,790
22.45484421458184,97,0,63,840,0,0,0,893,recovery,855
22.47677088236124,97,0,62,841,0,0,0,893,recovery,722
22.489132204287017,97,0,61,842,0,0,0,893,recovery,392
22.518189577771984,97,0,60,843,0,0,0,893,recovery,640
22.534237265759288,97,0,59,844,0,0,0,893,recovery,949
22.590751565307578,96,0,60,844,0,0,0,894,infection,158
22.87931588615026,96,0,59,845,0,0,0,894,recovery,24
22.88392048557958,96,0,58,846,0,0,0,894,recovery,320
22.951536052925903,96,0,57,847,0,0,0,894,recovery,577
22.980361232132278,96,0,56,848,0,0,0,894,recovery,186
22.99231262721936,96,0,55,849,0,0,0,894,recovery,785
23.10696662200896,96,0,54,850,0,0,0,894,recovery,908
23.189489464807416,96,0,53,851,0,0,0,894,recovery,574
23.292537053226283,96,0,52,852,0,0,0,894,recovery,379
23.317054996807485,95,0,53,852,0,0,0,895,infection,763
23.417521329731077,94,0,54,852,0,0,0,896,infection,769
23.503228446485863,93,0,55,852,0,0,0,897,infection,26
23.517489766127134,93,0,54,853,0,0,0,897,recovery,713
23.523773357994635,93,0,53,854,0,0,0,897,recovery,411
23.563780706218083,93,0,52,855,0,0,0,897,recovery,315
23.584303989481246,93,0,51,856,0,0,0,897,recovery,273
23.64026099465776,93,0,50,857,0,0,0,897,recovery,25
23.762864555393683,93,0,49,858,0,0,0,897,recovery,244
23.77858772643663,93,0,48,859,0,0,0,897,recovery,463
23.916945962057845,93,0,47,860,0,0,0,897,recovery,773
24.021719514698162,92,0,48,860,0,0,0,898,infection,871
24.06989006948599,92,0,47,861,0,0,0,898,recovery,131
24.08123274196575,91,0,48,861,0,0,0,899,infection,548
24.21927727333111,91,0,47,862,0,0,0,899,recovery,222
24.403405777567883,91,0,46,863,0,0,0,899,recovery,702
24.472326920778954,90,0,47,863,0,0,0,900,infection,21
24.51155362801545,90,0,46,864,0,0,0,900,recovery,262
24.682148084567928,90,0,45,865,0,0,0,900,recovery,438
24.71550651254345,90,0,44,866,0,0,0,900,recovery,719
24.908030599220897,90,0,43,867,0,0,0,900,recovery,793
24.90949603466211,89,0,44,867,0,0,0,901,infection,677
24.931205760082513,88,0,45,867,0,0,0,902,infection,724
25.06249391616127,88,0,44,868,0,0,0,902,recovery,514
25.213191354316372,88,0,43,869,0,0,0,902,recovery,483
25.288367661229337,88,0,42,870,0,0,0,902,recovery,769
25.31025150111043,88,0,41,871,0,0,0,902,recovery,313
25.360500793821036,88,0,40,872,0,0,0,902,recovery,26
25.382979637989546,88,0,39,873,0,0,0,902,recovery,735
25.524135515252766,88,0,38,874,0,0,0,902,recovery,348
25.534164573995994,88,0,37,875,0,0,0,902,recovery,677
25.91837943723699,88,0,36,876,0,0,0,902,recovery,397
26.02294884564042,88,0,35,877,0,0,0,902,recovery,45
26.045042980088404,88,0,34,878,0,0,0,902,recovery,828
26.17596930642068,87,0,35,878,0,0,0,903,infection,707
26.237544737627786,87,0,34,879,0,0,0,903,recovery,256
26.28286573893756,87,0,33,880,0,0,0,903,recovery,918
26.384354740537745,87,0,32,881,0,0,0,903,recovery,276
26.447694236668113,87,0,31,882,0,0,0,903,recovery,442
26.538326188761758,87,0,30,883,0,0,0,903,recovery,158
26.59196882958157,86,0,31,883,0,0,0,904,infection,124
26.68624888497349,85,0,32,883,0,0,0,905,infection,53
26.77525587598642,85,0,31,884,0,0,0,905,recovery,614
26.791231569628813,85,0,30,885,0,0,0,905,recovery,359
26.799720390804623,85,0,29,886,0,0,0,905,recovery,481
26.880683442951288,85,0,28,887,0,0,0,905,recovery,68
27.138164505316066,84,0,29,887,0,0,0,906,infection,338
27.194999702126708,84,0,28,888,0,0,0,906,recovery,393
27.46016327674233,84,0,27,889,0,0,0,906,recovery,498
27.538310292087107,84,0,26,890,0,0,0,906,recovery,338
27.771530340081178,84,0,25,891,0,0,0,906,recovery,355
28.066351891042718,83,0,26,891,0,0,0,907,infection,965
28.08944285586648,83,0,25,892,0,0,0,907,recovery,513
28.159441863975527,83,0,24,893,0,0,0,907,recovery,205
28.535585732321064,83,0,23,894,0,0,0,907,recovery,652
28.848119122770314,83,0,22,895,0,0,0,907,recovery,564
29.067630222384242,83,0,21,896,0,0,0,907,recovery,124
29.131024177676064,83,0,20,897,0,0,0,907,recovery,809
29.24308898397581,83,0,19,898,0,0,0,907,recovery,182
29.56640219960427,82,0,20,898,0,0,0,908,infection,544
29.579103048284818,81,0,21,898,0,0,0,909,infection,368
29.599693762214294,81,0,20,899,0,0,0,909,recovery,53
29.65048367331996,80,0,21,899,0,0,0,910,infection,287
29.70320258907757,80,0,20,900,0,0,0,910,recovery,965
29.83178272410414,80,0,19,901,0,0,0,910,recovery,548
30.015889495255504,79,0,20,901,0,0,0,911,infection,89
30.17849460493677,79,0,19,902,0,0,0,911,recovery,287
30.318689461593113,78,0,20,902,0,0,0,912,infection,959
30.32427270406759,78,0,19,903,0,0,0,912,recovery,766
30.411473687356324,78,0,18,904,0,0,0,912,recovery,707
30.422020047642576,78,0,17,905,0,0,0,912,recovery,544
30.65990190198407,77,0,18,905,0,0,0,913,infection,832
30.781835987991776,77,0,17,906,0,0,0,913,recovery,283
30.94086098505287,76,0,18,906,0,0,0,914,infection,821
31.283017765406093,76,0,17,907,0,0,0,914,recovery,578
31.323910285151165,76,0,16,908,0,0,0,914,recovery,89
31.349770374858316,76,0,15,909,0,0,0,914,recovery,368
31.38101083722993,76,0,14,910,0,0,0,914,recovery,832
31.39209091609174,76,0,13,911,0,0,0,914,recovery,959
31.47919873162691,76,0,12,912,0,0,0,914,recovery,231
31.699670514094812,75,0,13,912,0,0,0,915,infection,796
31.915412275526165,75,0,12,913,0,0,0,915,recovery,763
32.567210648826226,75,0,11,914,0,0,0,915,recovery,221
32.80194228103875,74,0,12,914,0,0,0,916,infection,126
33.07336143069556,74,0,11,915,0,0,0,916,recovery,871
33.48161065915844,74,0,10,916,0,0,0,916,recovery,788
33.51979048028657,73,0,11,916,0,0,0,917,infection,524
33.72015669754704,73,0,10,917,0,0,0,917,recovery,796
33.733478480315625,73,0,9,918,0,0,0,917,recovery,730
33.8137117164041,73,0,8,919,0,0,0,917,recovery,524
34.33003232966482,73,0,7,920,0,0,0,917,recovery,36
34.450539598883196,73,0,6,921,0,0,0,917,recovery,869
34.507560396234354,73,0,5,922,0,0,0,917,recovery,1
36.92782252226264,73,0,4,923,0,0,0,917,recovery,126
37.918648430130666,72,0,5,923,0,0,0,918,infection,717
38.213700721277135,72,0,4,924,0,0,0,918,recovery,724
38.731063312340424,71,0,5,924,0,0,0,919,infection,146
40.0,71,0,5,924,0,0,0,919,horizon,0
