t,S,E,I,R,births,deaths,vaccinated,infections,event,person
0.0,990,0,10,0,0,0,0,0,initial,0
0.05779557257770843,989,0,11,0,0,0,0,1,infection,443
0.21126679283616337,988,0,12,0,0,0,0,2,infection,771
0.22912287053594665,987,0,13,0,0,0,0,3,infection,329
0.28759710518355347,986,0,14,0,0,0,0,4,infection,439
0.3488143019079836,986,0,13,1,0,0,0,4,recovery,995
0.5643339691164051,986,0,12,2,0,0,0,4,recovery,443
0.5663697002002949,985,0,13,2,0,0,0,5,infection,672
0.5832122311658433,985,0,12,3,0,0,0,5,recovery,999
0.6152345823895856,984,0,13,3,0,0,0,6,infection,115
0.6442704322353838,983,0,14,3,0,0,0,7,infection,271
0.7018131273068396,982,0,15,3,0,0,0,8,infection,888
0.7033797330806842,981,0,16,3,0,0,0,9,infection,104
0.7490476725859514,980,0,17,3,0,0,0,10,infection,824
0.7797171365204782,979,0,18,3,0,0,0,11,infection,295
0.9508609267074906,979,0,17,4,0,0,0,11,recovery,439
1.0585787591700722,978,0,18,4,0,0,0,12,infection,621
1.0977505586920113,978,0,17,5,0,0,0,12,recovery,824
1.3123570364635266,977,0,18,5,0,0,0,13,infection,554
1.338620157567619,976,0,19,5,0,0,0,14,infection,542
1.3457832028689274,976,0,18,6,0,0,0,14,recovery,672
1.412409273524291,975,0,19,6,0,0,0,15,infection,196
1.4418609511081815,974,0,20,6,0,0,0,16,infection,57
1.5137161688881395,973,0,21,6,0,0,0,17,infection,509
1.5142549015755147,972,0,22,6,0,0,0,18,infection,372
1.5143479592377986,971,0,23,6,0,0,0,19,infection,884
1.5215772353169126,970,0,24,6,0,0,0,20,infection,111
1.6019030140393413,969,0,25,6,0,0,0,21,infection,763
1.6296659127247195,968,0,26,6,0,0,0,22,infection,371
1.6471238119531526,967,0,27,6,0,0,0,23,infection,428
1.7156263469567399,966,0,28,6,0,0,0,24,infection,95
1.7184846970438403,965,0,29,6,0,0,0,25,infection,72
1.7360318501786896,964,0,30,6,0,0,0,26,infection,416
1.7971204614443244,963,0,31,6,0,0,0,27,infection,337
1.9667693398357133,962,0,32,6,0,0,0,28,infection,582
1.9840001947182384,961,0,33,6,0,0,0,29,infection,166
1.991515320722201,960,0,34,6,0,0,0,30,infection,593
2.0194111095871285,959,0,35,6,0,0,0,31,infection,736
2.063773303762623,959,0,34,7,0,0,0,31,recovery,996
2.08594025310243,958,0,35,7,0,0,0,32,infection,602
2.0925571932148954,957,0,36,7,0,0,0,33,infection,708
2.20941022370305,957,0,35,8,0,0,0,33,recovery,295
2.218958989037557,956,0,36,8,0,0,0,34,infection,786
2.24446814732116,955,0,37,8,0,0,0,35,infection,80
2.2522996080625903,954,0,38,8,0,0,0,36,infection,221
2.3481681032885375,954,0,37,9,0,0,0,36,recovery,602
2.4275293585584827,953,0,38,9,0,0,0,37,infection,688
2.4308225971067143,952,0,39,9,0,0,0,38,infection,791
2.4639593630014085,951,0,40,9,0,0,0,39,infection,77
2.508991140293854,950,0,41,9,0,0,0,40,infection,585
2.5390581339831186,949,0,42,9,0,0,0,41,infection,759
2.570844315689476,948,0,43,9,0,0,0,42,infection,374
2.574623891868859,947,0,44,9,0,0,0,43,infection,928
2.5753409202068824,946,0,45,9,0,0,0,44,infection,154
2.586203230453931,945,0,46,9,0,0,0,45,infection,331
2.5986584150577037,944,0,47,9,0,0,0,46,infection,420
2.622061229649535,943,0,48,9,0,0,0,47,infection,902
2.62757596833838,942,0,49,9,0,0,0,48,infection,616
2.641394593984227,941,0,50,9,0,0,0,49,infection,466
2.6549795575548085,940,0,51,9,0,0,0,50,infection,300
2.6642374409357856,940,0,50,10,0,0,0,50,recovery,337
2.665363178557797,939,0,51,10,0,0,0,51,infection,583
2.6699052149873856,938,0,52,10,0,0,0,52,infection,206
2.700876767382311,937,0,53,10,0,0,0,53,infection,404
2.721696310878175,936,0,54,10,0,0,0,54,infection,349
2.777359563275439,935,0,55,10,0,0,0,55,infection,400
2.7929046811860165,934,0,56,10,0,0,0,56,infection,532
2.832824249913042,933,0,57,10,0,0,0,57,infection,508
2.850153701943031,932,0,58,10,0,0,0,58,infection,911
2.851867735671597,931,0,59,10,0,0,0,59,infection,865
2.869114995533924,930,0,60,10,0,0,0,60,infection,666
2.871222319245117,930,0,59,11,0,0,0,60,recovery,708
2.8851592942142563,929,0,60,11,0,0,0,61,infection,252
2.891628204000473,928,0,61,11,0,0,0,62,infection,37
2.9088936667156777,927,0,62,11,0,0,0,63,infection,138
2.9486642577864695,926,0,63,11,0,0,0,64,infection,231
2.9545914946018144,925,0,64,11,0,0,0,65,infection,20
2.967667657573426,925,0,63,12,0,0,0,65,recovery,371
2.973648120078238,924,0,64,12,0,0,0,66,infection,737
3.0343931406643914,923,0,65,12,0,0,0,67,infection,750
3.0581104034668307,922,0,66,12,0,0,0,68,infection,281
3.106502930907221,921,0,67,12,0,0,0,69,infection,240
3.111973754131512,920,0,68,12,0,0,0,70,infection,870
3.118015972730088,919,0,69,12,0,0,0,71,infection,171
3.238626155480937,918,0,70,12,0,0,0,72,infection,976
3.2412131586459685,917,0,71,12,0,0,0,73,infection,487
3.25086160351977,916,0,72,12,0,0,0,74,infection,861
3.2800411380351684,915,0,73,12,0,0,0,75,infection,56
3.2837846410265734,914,0,74,12,0,0,0,76,infection,9
3.2945425095337026,913,0,75,12,0,0,0,77,infection,522
3.320095826663272,912,0,76,12,0,0,0,78,infection,971
3.3476710170744584,911,0,77,12,0,0,0,79,infection,180
3.354952295663945,910,0,78,12,0,0,0,80,infection,149
3.374420180981827,909,0,79,12,0,0,0,81,infection,968
3.3769631376770683,908,0,80,12,0,0,0,82,infection,432
3.395681214223624,907,0,81,12,0,0,0,83,infection,812
3.4024586769278504,906,0,82,12,0,0,0,84,infection,109
3.4128087318115976,905,0,83,12,0,0,0,85,infection,233
3.4229176195728193,904,0,84,12,0,0,0,86,infection,476
3.4258218465917185,903,0,85,12,0,0,0,87,infection,749
3.4346011631340003,902,0,86,12,0,0,0,88,infection,153
3.4428955132444092,901,0,87,12,0,0,0,89,infection,49
3.4516582729462977,900,0,88,12,0,0,0,90,infection,97
3.458985194416411,899,0,89,12,0,0,0,91,infection,311
3.4742621076894853,898,0,90,12,0,0,0,92,infection,478
3.474717598589908,897,0,91,12,0,0,0,93,infection,586
3.4809874175774294,896,0,92,12,0,0,0,94,infection,858
3.4867049700492525,895,0,93,12,0,0,0,95,infection,30
3.541454841160541,894,0,94,12,0,0,0,96,infection,556
3.544590466425668,893,0,95,12,0,0,0,97,infection,330
3.550819824558263,892,0,96,12,0,0,0,98,infection,491
3.569759833522432,892,0,95,13,0,0,0,98,recovery,138
3.5714677560263994,891,0,96,13,0,0,0,99,infection,273
3.5882097777147686,890,0,97,13,0,0,0,100,infection,158
3.5900760037757844,889,0,98,13,0,0,0,101,infection,150
3.5987802590979414,888,0,99,13,0,0,0,102,infection,546
3.608008275980298,887,0,100,13,0,0,0,103,infection,11
3.6105438441454702,886,0,101,13,0,0,0,104,infection,76
3.6420740402790512,885,0,102,13,0,0,0,105,infection,214
3.646909632568608,884,0,103,13,0,0,0,106,infection,863
3.662386716388118,883,0,104,13,0,0,0,107,infection,489
3.6673226114216875,882,0,105,13,0,0,0,108,infection,798
3.6674649896760725,881,0,106,13,0,0,0,109,infection,595
3.6721491229294925,880,0,107,13,0,0,0,110,infection,639
3.6839990395308932,879,0,108,13,0,0,0,111,infection,563
3.707231910051475,878,0,109,13,0,0,0,112,infection,576
3.7273744139739162,878,0,108,14,0,0,0,112,recovery,330
3.744098840868645,877,0,109,14,0,0,0,113,infection,102
3.7496953045397676,876,0,110,14,0,0,0,114,infection,904
3.7576728619346773,875,0,111,14,0,0,0,115,infection,795
3.7591823461097404,874,0,112,14,0,0,0,116,infection,534
3.7839671146687577,874,0,111,15,0,0,0,116,recovery,736
3.784783887608232,873,0,112,15,0,0,0,117,infection,826
3.7942484704512336,872,0,113,15,0,0,0,118,infection,876
3.80091006839945,871,0,114,15,0,0,0,119,infection,474
3.8075224228090963,871,0,113,16,0,0,0,119,recovery,404
3.8154709453060263,870,0,114,16,0,0,0,120,infection,29
3.8161603279018697,869,0,115,16,0,0,0,121,infection,161
3.8216995479476474,868,0,116,16,0,0,0,122,infection,369
3.8404610099295655,867,0,117,16,0,0,0,123,infection,625
3.845390733947929,866,0,118,16,0,0,0,124,infection,952
3.846083008307081,865,0,119,16,0,0,0,125,infection,347
3.8538697887856856,864,0,120,16,0,0,0,126,infection,705
3.857536297949192,863,0,121,16,0,0,0,127,infection,248
3.8653271797187414,862,0,122,16,0,0,0,128,infection,631
3.865481429247745,861,0,123,16,0,0,0,129,infection,814
3.8703477306833167,861,0,122,17,0,0,0,129,recovery,180
3.8731951137053247,860,0,123,17,0,0,0,130,infection,414
3.875844809281742,859,0,124,17,0,0,0,131,infection,935
3.8792853943978285,858,0,125,17,0,0,0,132,infection,19
3.8996754433379635,857,0,126,17,0,0,0,133,infection,480
3.90983240201154,856,0,127,17,0,0,0,134,infection,299
3.929970041618796,855,0,128,17,0,0,0,135,infection,744
3.9317735837108003,854,0,129,17,0,0,0,136,infection,758
3.953548406840468,854,0,128,18,0,0,0,136,recovery,311
3.9564148067884446,854,0,127,19,0,0,0,136,recovery,400
3.9595322235590436,853,0,128,19,0,0,0,137,infection,559
3.990539040408479,852,0,129,19,0,0,0,138,infection,291
3.990612749928762,851,0,130,19,0,0,0,139,infection,500
3.9929266131304066,850,0,131,19,0,0,0,140,infection,48
3.9981823177151377,850,0,130,20,0,0,0,140,recovery,29
4.021901698785269,850,0,129,21,0,0,0,140,recovery,80
4.023419619870092,849,0,130,21,0,0,0,141,infection,395
4.038645336527803,848,0,131,21,0,0,0,142,infection,626
4.042831622524675,847,0,132,21,0,0,0,143,infection,635
4.055205313505545,846,0,133,21,0,0,0,144,infection,742
4.056304200876613,845,0,134,21,0,0,0,145,infection,365
4.0662837063128645,845,0,133,22,0,0,0,145,recovery,635
4.077740351153996,844,0,134,22,0,0,0,146,infection,958
4.0818860309933385,844,0,133,23,0,0,0,146,recovery,952
4.082079110802191,844,0,132,24,0,0,0,146,recovery,428
4.085041070848735,843,0,133,24,0,0,0,147,infection,513
4.120235993465054,842,0,134,24,0,0,0,148,infection,567
4.123596897127529,841,0,135,24,0,0,0,149,infection,114
4.125674921178064,840,0,136,24,0,0,0,150,infection,73
4.130414720435325,839,0,137,24,0,0,0,151,infection,250
4.131183955693412,838,0,138,24,0,0,0,152,infection,286
4.132675456211841,837,0,139,24,0,0,0,153,infection,53
4.142465677501242,837,0,138,25,0,0,0,153,recovery,474
4.144962364727388,836,0,139,25,0,0,0,154,infection,459
4.160570029250792,835,0,140,25,0,0,0,155,infection,734
4.180040062389768,834,0,141,25,0,0,0,156,infection,664
4.185127140434068,833,0,142,25,0,0,0,157,infection,31
4.2001435571104215,832,0,143,25,0,0,0,158,infection,611
4.208591432664523,831,0,144,25,0,0,0,159,infection,390
4.210811018581123,830,0,145,25,0,0,0,160,infection,190
4.228755638367108,829,0,146,25,0,0,0,161,infection,878
4.230914110283801,828,0,147,25,0,0,0,162,infection,700
4.234842514578752,827,0,148,25,0,0,0,163,infection,965
4.2467472683686385,826,0,149,25,0,0,0,164,infection,301
4.260752412717312,826,0,148,26,0,0,0,164,recovery,76
4.26638130108123,825,0,149,26,0,0,0,165,infection,753
4.278302902655669,824,0,150,26,0,0,0,166,infection,580
4.279265203048014,823,0,151,26,0,0,0,167,infection,391
4.284525566974305,822,0,152,26,0,0,0,168,infection,804
4.291096351483082,821,0,153,26,0,0,0,169,infection,852
4.295088291972805,820,0,154,26,0,0,0,170,infection,267
4.2961509571775975,819,0,155,26,0,0,0,171,infection,142
4.297406201342257,819,0,154,27,0,0,0,171,recovery,705
4.297936760399027,819,0,153,28,0,0,0,171,recovery,742
4.300161775981389,819,0,152,29,0,0,0,171,recovery,534
4.313874699553363,818,0,153,29,0,0,0,172,infection,163
4.315709633972373,817,0,154,29,0,0,0,173,infection,362
4.322873872150813,816,0,155,29,0,0,0,174,infection,729
4.343877176958829,815,0,156,29,0,0,0,175,infection,189
4.347918040924784,814,0,157,29,0,0,0,176,infection,422
4.364279352755961,813,0,158,29,0,0,0,177,infection,944
4.368213503482961,812,0,159,29,0,0,0,178,infection,699
4.370094078673097,812,0,158,30,0,0,0,178,recovery,814
4.402726165217196,811,0,159,30,0,0,0,179,infection,627
4.416966074079593,810,0,160,30,0,0,0,180,infection,880
4.418308291705758,810,0,159,31,0,0,0,180,recovery,611
4.423096770945608,809,0,160,31,0,0,0,181,infection,413
4.423694175446889,808,0,161,31,0,0,0,182,infection,412
4.452203409062561,808,0,160,32,0,0,0,182,recovery,158
4.460311046235164,808,0,159,33,0,0,0,182,recovery,231
4.461521398076279,807,0,160,33,0,0,0,183,infection,66
4.508907621069488,806,0,161,33,0,0,0,184,infection,257
4.511107572685761,805,0,162,33,0,0,0,185,infection,636
4.521342749552558,804,0,163,33,0,0,0,186,infection,985
4.521768794329893,803,0,164,33,0,0,0,187,infection,833
4.527701030399307,803,0,163,34,0,0,0,187,recovery,763
4.533338063903528,802,0,164,34,0,0,0,188,infection,446
4.535689333898232,802,0,163,35,0,0,0,188,recovery,19
4.543740987524755,801,0,164,35,0,0,0,189,infection,929
4.546825215383587,800,0,165,35,0,0,0,190,infection,978
4.551349126438435,799,0,166,35,0,0,0,191,infection,564
4.554135892707183,798,0,167,35,0,0,0,192,infection,831
4.555915394188807,797,0,168,35,0,0,0,193,infection,923
4.576430793267907,796,0,169,35,0,0,0,194,infection,778
4.59279541516101,795,0,170,35,0,0,0,195,infection,46
4.606851709826011,794,0,171,35,0,0,0,196,infection,704
4.612945258014156,793,0,172,35,0,0,0,197,infection,65
4.616026238833441,792,0,173,35,0,0,0,198,infection,274
4.621985138327477,792,0,172,36,0,0,0,198,recovery,923
4.623533744104624,791,0,173,36,0,0,0,199,infection,377
4.624413466933987,790,0,174,36,0,0,0,200,infection,760
4.627798367777028,789,0,175,36,0,0,0,201,infection,260
4.627892344156084,789,0,174,37,0,0,0,201,recovery,958
4.650381289886265,788,0,175,37,0,0,0,202,infection,183
4.656792768950904,787,0,176,37,0,0,0,203,infection,435
4.661037121806507,786,0,177,37,0,0,0,204,infection,558
4.663098547738274,785,0,178,37,0,0,0,205,infection,283
4.6702424356325585,784,0,179,37,0,0,0,206,infection,256
4.676201628819848,784,0,178,38,0,0,0,206,recovery,688
4.676729383838622,783,0,179,38,0,0,0,207,infection,510
4.6768445313583715,782,0,180,38,0,0,0,208,infection,223
4.684159431614226,781,0,181,38,0,0,0,209,infection,355
4.686857909715528,780,0,182,38,0,0,0,210,infection,838
4.687471676708524,780,0,181,39,0,0,0,210,recovery,446
4.6904760959629614,779,0,182,39,0,0,0,211,infection,966
4.695331382351423,778,0,183,39,0,0,0,212,infection,610
4.7026119677247165,777,0,184,39,0,0,0,213,infection,515
4.706261352434492,776,0,185,39,0,0,0,214,infection,21
4.7124318966588685,775,0,186,39,0,0,0,215,infection,164
4.717074428333076,775,0,185,40,0,0,0,215,recovery,704
4.720249819170336,774,0,186,40,0,0,0,216,infection,598
4.726150430782798,773,0,187,40,0,0,0,217,infection,277
4.730405544401527,772,0,188,40,0,0,0,218,infection,516
4.740004716268954,772,0,187,41,0,0,0,218,recovery,749
4.74851228806886,771,0,188,41,0,0,0,219,infection,517
4.751300999664869,770,0,189,41,0,0,0,220,infection,490
4.754556012347181,769,0,190,41,0,0,0,221,infection,333
4.766649499927822,769,0,189,42,0,0,0,221,recovery,97
4.786494556954691,768,0,190,42,0,0,0,222,infection,964
4.786832820856547,767,0,191,42,0,0,0,223,infection,218
4.80198827431977,766,0,192,42,0,0,0,224,infection,584
4.808346039619478,765,0,193,42,0,0,0,225,infection,680
4.815583818822283,764,0,194,42,0,0,0,226,infection,539
4.819659798069575,763,0,195,42,0,0,0,227,infection,338
4.8199577537841405,762,0,196,42,0,0,0,228,infection,305
4.8237551222071,761,0,197,42,0,0,0,229,infection,442
4.826836684729573,760,0,198,42,0,0,0,230,infection,571
4.829554916027119,759,0,199,42,0,0,0,231,infection,596
4.842578048961254,758,0,200,42,0,0,0,232,infection,528
4.865107371265099,757,0,201,42,0,0,0,233,infection,731
4.868064509328357,756,0,202,42,0,0,0,234,infection,772
4.868713990094217,755,0,203,42,0,0,0,235,infection,925
4.870371118344889,754,0,204,42,0,0,0,236,infection,656
4.873015541332118,753,0,205,42,0,0,0,237,infection,341
4.875175977127061,752,0,206,42,0,0,0,238,infection,457
4.877352550726748,752,0,205,43,0,0,0,238,recovery,416
4.885663024363715,751,0,206,43,0,0,0,239,infection,343
4.889213673344511,751,0,205,44,0,0,0,239,recovery,349
4.891120917586835,750,0,206,44,0,0,0,240,infection,797
4.893223445968627,749,0,207,44,0,0,0,241,infection,715
4.895709903308594,749,0,206,45,0,0,0,241,recovery,196
4.897545162557372,749,0,205,46,0,0,0,241,recovery,734
4.900339231669465,748,0,206,46,0,0,0,242,infection,34
4.91690324170645,748,0,205,47,0,0,0,242,recovery,250
4.918230456703914,747,0,206,47,0,0,0,243,infection,235
4.936433836195034,746,0,207,47,0,0,0,244,infection,201
4.93795155213549,745,0,208,47,0,0,0,245,infection,899
4.940783827433587,744,0,209,47,0,0,0,246,infection,132
4.955411773487306,743,0,210,47,0,0,0,247,infection,259
4.9806736625903225,742,0,211,47,0,0,0,248,infection,967
4.9866636939741245,742,0,210,48,0,0,0,248,recovery,656
4.987871695130389,741,0,211,48,0,0,0,249,infection,200
4.991087350380696,740,0,212,48,0,0,0,250,infection,74
5.0069934669348175,739,0,213,48,0,0,0,251,infection,175
5.007253397854866,738,0,214,48,0,0,0,252,infection,169
5.010505853071426,737,0,215,48,0,0,0,253,infection,7
5.01203471622475,736,0,216,48,0,0,0,254,infection,322
5.030089335605985,736,0,215,49,0,0,0,254,recovery,666
5.031907585983694,735,0,216,49,0,0,0,255,infection,319
5.033697298560037,735,0,215,50,0,0,0,255,recovery,510
5.034437548291066,735,0,214,51,0,0,0,255,recovery,331
5.046772572891843,734,0,215,51,0,0,0,256,infection,39
5.050121716224245,733,0,216,51,0,0,0,257,infection,207
5.051359852060266,732,0,217,51,0,0,0,258,infection,864
5.05914410345598,731,0,218,51,0,0,0,259,infection,682
5.062763161139295,730,0,219,51,0,0,0,260,infection,649
5.065352541801715,729,0,220,51,0,0,0,261,infection,883
5.094494085031901,728,0,221,51,0,0,0,262,infection,128
5.118174307401263,727,0,222,51,0,0,0,263,infection,698
5.118741906394479,726,0,223,51,0,0,0,264,infection,789
5.119145445247386,725,0,224,51,0,0,0,265,infection,285
5.133859744152765,724,0,225,51,0,0,0,266,infection,645
5.141399976176235,724,0,224,52,0,0,0,266,recovery,259
5.14790544186032,723,0,225,52,0,0,0,267,infection,465
5.149445266746961,722,0,226,52,0,0,0,268,infection,450
5.153701738309801,721,0,227,52,0,0,0,269,infection,55
5.166103254197694,721,0,226,53,0,0,0,269,recovery,285
5.167528297892916,720,0,227,53,0,0,0,270,infection,549
5.168256602617242,719,0,228,53,0,0,0,271,infection,25
5.172126656086229,718,0,229,53,0,0,0,272,infection,137
5.178143693530094,717,0,230,53,0,0,0,273,infection,270
5.187332166853609,716,0,231,53,0,0,0,274,infection,937
5.1908784110824495,715,0,232,53,0,0,0,275,infection,434
5.191480152183078,715,0,231,54,0,0,0,275,recovery,554
5.192985252230953,714,0,232,54,0,0,0,276,infection,765
5.194513019229203,713,0,233,54,0,0,0,277,infection,496
5.195803752408542,713,0,232,55,0,0,0,277,recovery,798
5.1988527143810535,713,0,231,56,0,0,0,277,recovery,863
5.217153464840986,712,0,232,56,0,0,0,278,infection,945
5.226819654946727,711,0,233,56,0,0,0,279,infection,62
5.2284215657654585,710,0,234,56,0,0,0,280,infection,879
5.230299772182951,710,0,233,57,0,0,0,280,recovery,522
5.231580675716469,709,0,234,57,0,0,0,281,infection,472
5.233423666857399,708,0,235,57,0,0,0,282,infection,24
5.23373079400597,707,0,236,57,0,0,0,283,infection,360
5.236007093183536,706,0,237,57,0,0,0,284,infection,707
5.239054887657485,705,0,238,57,0,0,0,285,infection,950
5.241219707829794,704,0,239,57,0,0,0,286,infection,334
5.245898890217654,703,0,240,57,0,0,0,287,infection,406
5.258906654370271,702,0,241,57,0,0,0,288,infection,942
5.264285634127678,701,0,242,57,0,0,0,289,infection,617
5.292685697386296,700,0,243,57,0,0,0,290,infection,675
5.293189307192209,699,0,244,57,0,0,0,291,infection,312
5.2962636826015945,698,0,245,57,0,0,0,292,infection,3
5.30933277944917,697,0,246,57,0,0,0,293,infection,17
5.3145751905498235,696,0,247,57,0,0,0,294,infection,382
5.323689777030509,696,0,246,58,0,0,0,294,recovery,115
5.32978991222041,695,0,247,58,0,0,0,295,infection,107
5.3379900824191076,694,0,248,58,0,0,0,296,infection,112
5.3407320819575705,693,0,249,58,0,0,0,297,infection,862
5.351987688361184,693,0,248,59,0,0,0,297,recovery,976
5.353150645380952,693,0,247,60,0,0,0,297,recovery,372
5.355280359958814,693,0,246,61,0,0,0,297,recovery,831
5.355974141288183,692,0,247,61,0,0,0,298,infection,694
5.364458688636885,691,0,248,61,0,0,0,299,infection,359
5.370195334467729,690,0,249,61,0,0,0,300,infection,421
5.3723629759537905,689,0,250,61,0,0,0,301,infection,867
5.372873242096259,688,0,251,61,0,0,0,302,infection,866
5.377411329797489,687,0,252,61,0,0,0,303,infection,638
5.3910599992160355,687,0,251,62,0,0,0,303,recovery,39
5.392440758518855,687,0,250,63,0,0,0,303,recovery,183
5.393520466826194,686,0,251,63,0,0,0,304,infection,160
5.394017711857159,685,0,252,63,0,0,0,305,infection,323
5.3944002614464885,685,0,251,64,0,0,0,305,recovery,558
5.396219803238635,684,0,252,64,0,0,0,306,infection,716
5.420340225827362,683,0,253,64,0,0,0,307,infection,717
5.4331911343930726,682,0,254,64,0,0,0,308,infection,963
5.438925180357977,681,0,255,64,0,0,0,309,infection,733
5.441165780614493,680,0,256,64,0,0,0,310,infection,785
5.443092112031199,679,0,257,64,0,0,0,311,infection,990
5.452867196225946,678,0,258,64,0,0,0,312,infection,903
5.46347925137401,677,0,259,64,0,0,0,313,infection,5
5.464909055371721,676,0,260,64,0,0,0,314,infection,600
5.465209411163189,675,0,261,64,0,0,0,315,infection,269
5.470875018743166,674,0,262,64,0,0,0,316,infection,83
5.478089186663866,673,0,263,64,0,0,0,317,infection,293
5.513419092533631,672,0,264,64,0,0,0,318,infection,643
5.513819951725928,672,0,263,65,0,0,0,318,recovery,627
5.518409607578943,671,0,264,65,0,0,0,319,infection,718
5.532206995199875,670,0,265,65,0,0,0,320,infection,604
5.53479703387648,669,0,266,65,0,0,0,321,infection,192
5.539419934785879,668,0,267,65,0,0,0,322,infection,71
5.5395257391346036,667,0,268,65,0,0,0,323,infection,47
5.548984546226955,666,0,269,65,0,0,0,324,infection,537
5.565529226228918,666,0,268,66,0,0,0,324,recovery,586
5.566246041157124,665,0,269,66,0,0,0,325,infection,32
5.567477354022198,664,0,270,66,0,0,0,326,infection,654
5.57052510511671,663,0,271,66,0,0,0,327,infection,934
5.573512529451763,662,0,272,66,0,0,0,328,infection,181
5.577383435552359,661,0,273,66,0,0,0,329,infection,512
5.579200325427673,661,0,272,67,0,0,0,329,recovery,37
5.595076169085105,660,0,273,67,0,0,0,330,infection,805
5.598187296712884,659,0,274,67,0,0,0,331,infection,449
5.600723542955198,658,0,275,67,0,0,0,332,infection,504
5.6022738548152375,657,0,276,67,0,0,0,333,infection,232
5.6029475994700615,657,0,275,68,0,0,0,333,recovery,459
5.604296345232193,656,0,276,68,0,0,0,334,infection,618
5.607909996825319,655,0,277,68,0,0,0,335,infection,99
5.607975107818875,654,0,278,68,0,0,0,336,infection,93
5.624296105850703,653,0,279,68,0,0,0,337,infection,120
5.624921263045587,652,0,280,68,0,0,0,338,infection,249
5.628303520335015,651,0,281,68,0,0,0,339,infection,8
5.632854320240222,650,0,282,68,0,0,0,340,infection,709
5.637006947544962,649,0,283,68,0,0,0,341,infection,670
5.639657831458425,649,0,282,69,0,0,0,341,recovery,369
5.639829393604219,648,0,283,69,0,0,0,342,infection,278
5.644295433362901,647,0,284,69,0,0,0,343,infection,614
5.64746311866555,647,0,283,70,0,0,0,343,recovery,626
5.647731540520399,646,0,284,70,0,0,0,344,infection,701
5.6498447839222,645,0,285,70,0,0,0,345,infection,227
5.649950982078618,644,0,286,70,0,0,0,346,infection,954
5.650285360361945,643,0,287,70,0,0,0,347,infection,456
5.680474436018245,642,0,288,70,0,0,0,348,infection,892
5.681756865128101,641,0,289,70,0,0,0,349,infection,199
5.6966908330456585,640,0,290,70,0,0,0,350,infection,290
5.704131750879823,639,0,291,70,0,0,0,351,infection,982
5.704311468754134,638,0,292,70,0,0,0,352,infection,284
5.711945084545303,637,0,293,70,0,0,0,353,infection,75
5.7192356687701835,637,0,292,71,0,0,0,353,recovery,638
5.720332405960525,636,0,293,71,0,0,0,354,infection,425
5.720821325271591,635,0,294,71,0,0,0,355,infection,632
5.732773761625731,635,0,293,72,0,0,0,355,recovery,190
5.736398718229389,634,0,294,72,0,0,0,356,infection,352
5.746410964054309,634,0,293,73,0,0,0,356,recovery,290
5.750457923101725,633,0,294,73,0,0,0,357,infection,243
5.755317278369127,632,0,295,73,0,0,0,358,infection,809
5.764301615185493,631,0,296,73,0,0,0,359,infection,394
5.772824159943337,630,0,297,73,0,0,0,360,infection,483
5.780866098177145,629,0,298,73,0,0,0,361,infection,424
5.7845710205971725,629,0,297,74,0,0,0,361,recovery,260
5.788889103488154,628,0,298,74,0,0,0,362,infection,131
5.791429554176383,627,0,299,74,0,0,0,363,infection,346
5.791546874407047,626,0,300,74,0,0,0,364,infection,361
5.792953343950094,625,0,301,74,0,0,0,365,infection,495
5.79350028658843,624,0,302,74,0,0,0,366,infection,45
5.804556645772841,623,0,303,74,0,0,0,367,infection,350
5.804580644408919,622,0,304,74,0,0,0,368,infection,54
5.807902867720363,621,0,305,74,0,0,0,369,infection,213
5.808575617331759,620,0,306,74,0,0,0,370,infection,913
5.813237479815426,619,0,307,74,0,0,0,371,infection,951
5.815590635193628,619,0,306,75,0,0,0,371,recovery,34
5.821658084501816,618,0,307,75,0,0,0,372,infection,842
5.838643004771091,618,0,306,76,0,0,0,372,recovery,812
5.842035993761794,617,0,307,76,0,0,0,373,infection,229
5.849070892788605,617,0,306,77,0,0,0,373,recovery,150
5.851647123499564,616,0,307,77,0,0,0,374,infection,774
5.877858971117222,615,0,308,77,0,0,0,375,infection,739
5.882019725184263,614,0,309,77,0,0,0,376,infection,514
5.887243513715871,613,0,310,77,0,0,0,377,infection,340
5.8873461071356585,612,0,311,77,0,0,0,378,infection,407
5.891198555419437,611,0,312,77,0,0,0,379,infection,930
5.8966224275545445,610,0,313,77,0,0,0,380,infection,36
5.897150886746674,609,0,314,77,0,0,0,381,infection,100
5.91091891439816,608,0,315,77,0,0,0,382,infection,234
5.919061681055337,607,0,316,77,0,0,0,383,infection,237
5.920982838606137,606,0,317,77,0,0,0,384,infection,501
5.931993403319391,605,0,318,77,0,0,0,385,infection,894
5.942112927905238,604,0,319,77,0,0,0,386,infection,134
5.947773560065994,604,0,318,78,0,0,0,386,recovery,664
5.948710906589643,603,0,319,78,0,0,0,387,infection,327
5.94983249710449,603,0,318,79,0,0,0,387,recovery,213
5.953597268322124,602,0,319,79,0,0,0,388,infection,845
5.961391576936357,602,0,318,80,0,0,0,388,recovery,490
5.9687118137127015,602,0,317,81,0,0,0,388,recovery,476
5.976024101233,602,0,316,82,0,0,0,388,recovery,347
5.97793738425451,601,0,317,82,0,0,0,389,infection,353
5.985412930283503,600,0,318,82,0,0,0,390,infection,43
5.986347617286737,599,0,319,82,0,0,0,391,infection,392
5.987819757529815,598,0,320,82,0,0,0,392,infection,523
5.994184759880273,597,0,321,82,0,0,0,393,infection,642
5.995577943324953,596,0,322,82,0,0,0,394,infection,50
6.004580032827949,596,0,321,83,0,0,0,394,recovery,968
6.011512343107931,596,0,320,84,0,0,0,394,recovery,164
6.015218408103094,595,0,321,84,0,0,0,395,infection,423
6.017173060849841,594,0,322,84,0,0,0,396,infection,887
6.0211266613338,593,0,323,84,0,0,0,397,infection,835
6.023106410998943,593,0,322,85,0,0,0,397,recovery,206
6.024083704923217,592,0,323,85,0,0,0,398,infection,746
6.025662701355421,592,0,322,86,0,0,0,398,recovery,341
6.030831273547458,591,0,323,86,0,0,0,399,infection,482
6.033371556763835,590,0,324,86,0,0,0,400,infection,110
6.033859988928549,589,0,325,86,0,0,0,401,infection,383
6.034690672012683,589,0,324,87,0,0,0,401,recovery,564
6.041090679347367,588,0,325,87,0,0,0,402,infection,533
6.047003599337117,587,0,326,87,0,0,0,403,infection,415
6.056131388111922,586,0,327,87,0,0,0,404,infection,813
6.056689216974184,585,0,328,87,0,0,0,405,infection,484
6.059622018743935,584,0,329,87,0,0,0,406,infection,613
6.061810436438087,583,0,330,87,0,0,0,407,infection,458
6.075374837783044,582,0,331,87,0,0,0,408,infection,693
6.082147181162667,581,0,332,87,0,0,0,409,infection,417
6.084513542614494,580,0,333,87,0,0,0,410,infection,379
6.0859922229199075,580,0,332,88,0,0,0,410,recovery,894
6.086243014756145,579,0,333,88,0,0,0,411,infection,182
6.089952585021649,578,0,334,88,0,0,0,412,infection,313
6.096986756769686,577,0,335,88,0,0,0,413,infection,671
6.105399474171789,576,0,336,88,0,0,0,414,infection,219
6.105942254891313,575,0,337,88,0,0,0,415,infection,176
6.116298107221235,575,0,336,89,0,0,0,415,recovery,514
6.131789005877038,575,0,335,90,0,0,0,415,recovery,223
6.132843836257532,575,0,334,91,0,0,0,415,recovery,833
6.135953938181357,574,0,335,91,0,0,0,416,infection,932
6.136087862205879,573,0,336,91,0,0,0,417,infection,265
6.137261584560662,572,0,337,91,0,0,0,418,infection,603
6.141140816036198,571,0,338,91,0,0,0,419,infection,520
6.1437606424330955,570,0,339,91,0,0,0,420,infection,721
6.144407958764378,570,0,338,92,0,0,0,420,recovery,858
6.163135509074411,569,0,339,92,0,0,0,421,infection,665
6.168919430898262,568,0,340,92,0,0,0,422,infection,873
6.170829870619051,567,0,341,92,0,0,0,423,infection,569
6.172662607246478,566,0,342,92,0,0,0,424,infection,506
6.177882419714746,565,0,343,92,0,0,0,425,infection,683
6.1895451004271,564,0,344,92,0,0,0,426,infection,768
6.192562274522563,563,0,345,92,0,0,0,427,infection,335
6.204674569065425,562,0,346,92,0,0,0,428,infection,834
6.209821900012735,561,0,347,92,0,0,0,429,infection,939
6.219042359381882,560,0,348,92,0,0,0,430,infection,210
6.2221536539608655,559,0,349,92,0,0,0,431,infection,906
6.225396068999351,558,0,350,92,0,0,0,432,infection,821
6.229382122531991,558,0,349,93,0,0,0,432,recovery,104
6.229896826745705,557,0,350,93,0,0,0,433,infection,469
6.2304150803329765,557,0,349,94,0,0,0,433,recovery,355
6.2372746995813175,557,0,348,95,0,0,0,433,recovery,281
6.240947050881672,557,0,347,96,0,0,0,433,recovery,576
6.249293381822443,556,0,348,96,0,0,0,434,infection,713
6.26010764618259,556,0,347,97,0,0,0,434,recovery,805
6.267763463643554,555,0,348,97,0,0,0,435,infection,630
6.281468720592498,555,0,347,98,0,0,0,435,recovery,760
6.286788232640061,554,0,348,98,0,0,0,436,infection,127
6.288266147293987,553,0,349,98,0,0,0,437,infection,14
6.294355333634946,553,0,348,99,0,0,0,437,recovery,993
6.296124961685606,552,0,349,99,0,0,0,438,infection,315
6.299810004246078,551,0,350,99,0,0,0,439,infection,565
6.299988700626762,550,0,351,99,0,0,0,440,infection,511
6.301582390853192,549,0,352,99,0,0,0,441,infection,148
6.304565144915516,549,0,351,100,0,0,0,441,recovery,352
6.306317774569679,548,0,352,100,0,0,0,442,infection,777
6.316748562642028,548,0,351,101,0,0,0,442,recovery,945
6.318440993463993,547,0,352,101,0,0,0,443,infection,679
6.318945238484141,547,0,351,102,0,0,0,443,recovery,625
6.31923203322953,546,0,352,102,0,0,0,444,infection,499
6.320053762570977,545,0,353,102,0,0,0,445,infection,730
6.323470694186158,544,0,354,102,0,0,0,446,infection,712
6.330135277594554,543,0,355,102,0,0,0,447,infection,776
6.33125911963477,542,0,356,102,0,0,0,448,infection,573
6.33457924621728,542,0,355,103,0,0,0,448,recovery,512
6.3347431228878035,541,0,356,103,0,0,0,449,infection,88
6.342552007554835,540,0,357,103,0,0,0,450,infection,612
6.3546460652894945,539,0,358,103,0,0,0,451,infection,162
6.356847459135821,538,0,359,103,0,0,0,452,infection,898
6.361254619704268,537,0,360,103,0,0,0,453,infection,141
6.362602984168339,536,0,361,103,0,0,0,454,infection,351
6.374690334268225,535,0,362,103,0,0,0,455,infection,587
6.37718057347,534,0,363,103,0,0,0,456,infection,393
6.380564459251571,534,0,362,104,0,0,0,456,recovery,111
6.381832487734779,533,0,363,104,0,0,0,457,infection,4
6.39626825389712,532,0,364,104,0,0,0,458,infection,378
6.399516794777944,531,0,365,104,0,0,0,459,infection,197
6.411432210852084,530,0,366,104,0,0,0,460,infection,332
6.418451107290629,529,0,367,104,0,0,0,461,infection,525
6.424041509692532,528,0,368,104,0,0,0,462,infection,28
6.426672830688441,527,0,369,104,0,0,0,463,infection,133
6.428177597258571,526,0,370,104,0,0,0,464,infection,135
6.445558912353164,526,0,369,105,0,0,0,464,recovery,207
6.4465074666347,525,0,370,105,0,0,0,465,infection,784
6.46315979953509,525,0,369,106,0,0,0,465,recovery,750
6.464296715036792,524,0,370,106,0,0,0,466,infection,752
6.464375337009818,523,0,371,106,0,0,0,467,infection,81
6.4655800660112535,523,0,370,107,0,0,0,467,recovery,175
6.4699335284681885,522,0,371,107,0,0,0,468,infection,320
6.47660499190156,521,0,372,107,0,0,0,469,infection,524
6.483262027637712,520,0,373,107,0,0,0,470,infection,455
6.483942903316522,519,0,374,107,0,0,0,471,infection,451
6.485926118040296,518,0,375,107,0,0,0,472,infection,384
6.486182272644116,518,0,374,108,0,0,0,472,recovery,758
6.4909952426371795,518,0,373,109,0,0,0,472,recovery,265
6.499216157503778,517,0,374,109,0,0,0,473,infection,651
6.5009117575163495,516,0,375,109,0,0,0,474,infection,757
6.510642818611583,515,0,376,109,0,0,0,475,infection,816
6.515101847196701,514,0,377,109,0,0,0,476,infection,843
6.524534424301273,514,0,376,110,0,0,0,476,recovery,739
6.531111232808146,513,0,377,110,0,0,0,477,infection,910
6.5350057563211195,512,0,378,110,0,0,0,478,infection,386
6.535894270524814,511,0,379,110,0,0,0,479,infection,304
6.536181998057919,510,0,380,110,0,0,0,480,infection,368
6.538096320265079,509,0,381,110,0,0,0,481,infection,727
6.538603680989209,508,0,382,110,0,0,0,482,infection,147
6.542271774983396,508,0,381,111,0,0,0,482,recovery,991
6.544111584731495,508,0,380,112,0,0,0,482,recovery,435
6.54479374244847,507,0,381,112,0,0,0,483,infection,815
6.555583145443262,506,0,382,112,0,0,0,484,infection,769
6.557283922148752,506,0,381,113,0,0,0,484,recovery,707
6.559222812278312,505,0,382,113,0,0,0,485,infection,979
6.564510140468643,504,0,383,113,0,0,0,486,infection,140
6.566031753128839,503,0,384,113,0,0,0,487,infection,168
6.567160362047305,502,0,385,113,0,0,0,488,infection,279
6.568828134746752,502,0,384,114,0,0,0,488,recovery,305
6.5815183427035935,501,0,385,114,0,0,0,489,infection,356
6.585980423404473,500,0,386,114,0,0,0,490,infection,832
6.586724655078383,500,0,385,115,0,0,0,490,recovery,141
6.587749424457582,499,0,386,115,0,0,0,491,infection,634
6.591029492061268,499,0,385,116,0,0,0,491,recovery,864
6.594922126874754,498,0,386,116,0,0,0,492,infection,801
6.602525717509789,498,0,385,117,0,0,0,492,recovery,378
6.606243879528533,497,0,386,117,0,0,0,493,infection,653
6.615780006533014,496,0,387,117,0,0,0,494,infection,918
6.616010575967635,495,0,388,117,0,0,0,495,infection,244
6.635968364386081,494,0,389,117,0,0,0,496,infection,743
6.636895787954101,493,0,390,117,0,0,0,497,infection,419
6.640651117977823,492,0,391,117,0,0,0,498,infection,695
6.6410917787802095,492,0,390,118,0,0,0,498,recovery,284
6.6415300572878015,492,0,389,119,0,0,0,498,recovery,785
6.641724307968471,491,0,390,119,0,0,0,499,infection,294
6.64737032759773,490,0,391,119,0,0,0,500,infection,927
6.660755006230946,489,0,392,119,0,0,0,501,infection,258
6.661547668081562,488,0,393,119,0,0,0,502,infection,380
6.66384584224028,488,0,392,120,0,0,0,502,recovery,449
6.664073462103703,487,0,393,120,0,0,0,503,infection,364
6.670517724361618,487,0,392,121,0,0,0,503,recovery,614
6.680953526400828,487,0,391,122,0,0,0,503,recovery,487
6.693308736954601,486,0,392,122,0,0,0,504,infection,498
6.699418090111201,485,0,393,122,0,0,0,505,infection,788
6.711237563990356,484,0,394,122,0,0,0,506,infection,974
6.714088052151248,483,0,395,122,0,0,0,507,infection,841
6.714935774847232,482,0,396,122,0,0,0,508,infection,624
6.727622037718527,481,0,397,122,0,0,0,509,infection,941
6.73263384029419,480,0,398,122,0,0,0,510,infection,890
6.733061469167768,480,0,397,123,0,0,0,510,recovery,892
6.736821753381003,479,0,398,123,0,0,0,511,infection,276
6.741121771073492,478,0,399,123,0,0,0,512,infection,837
6.741343338685222,477,0,400,123,0,0,0,513,infection,306
6.751464175223005,476,0,401,123,0,0,0,514,infection,740
6.752829222949382,475,0,402,123,0,0,0,515,infection,18
6.778770108967831,474,0,403,123,0,0,0,516,infection,545
6.781504189895868,474,0,402,124,0,0,0,516,recovery,420
6.7838652103994175,474,0,401,125,0,0,0,516,recovery,508
6.784678173056756,473,0,402,125,0,0,0,517,infection,623
6.785220993106313,472,0,403,125,0,0,0,518,infection,357
6.791248899428637,471,0,404,125,0,0,0,519,infection,681
6.791639161259792,471,0,403,126,0,0,0,519,recovery,634
6.795807907019853,470,0,404,126,0,0,0,520,infection,553
6.802587928029812,469,0,405,126,0,0,0,521,infection,473
6.811389727975292,468,0,406,126,0,0,0,522,infection,881
6.8117950251689905,467,0,407,126,0,0,0,523,infection,108
6.813108080316287,467,0,406,127,0,0,0,523,recovery,978
6.817113404024025,466,0,407,127,0,0,0,524,infection,969
6.825143481034109,465,0,408,127,0,0,0,525,infection,316
6.825847056768633,465,0,407,128,0,0,0,525,recovery,911
6.832182415564924,464,0,408,128,0,0,0,526,infection,819
6.834055804598203,463,0,409,128,0,0,0,527,infection,241
6.836824312922129,462,0,410,128,0,0,0,528,infection,658
6.838367689156979,462,0,409,129,0,0,0,528,recovery,252
6.83886205076642,461,0,410,129,0,0,0,529,infection,336
6.842145796242331,461,0,409,130,0,0,0,529,recovery,778
6.844763260535843,461,0,408,131,0,0,0,529,recovery,985
6.8450667584300815,460,0,409,131,0,0,0,530,infection,59
6.850748426465054,460,0,408,132,0,0,0,530,recovery,715
6.852377136631952,459,0,409,132,0,0,0,531,infection,735
6.852481620411461,459,0,408,133,0,0,0,531,recovery,442
6.853024995042149,458,0,409,133,0,0,0,532,infection,292
6.856467147410769,457,0,410,133,0,0,0,533,infection,440
6.872698944368517,457,0,409,134,0,0,0,533,recovery,838
6.874491416575534,456,0,410,134,0,0,0,534,infection,282
6.87705774430181,455,0,411,134,0,0,0,535,infection,367
6.880498847016481,455,0,410,135,0,0,0,535,recovery,4
6.889799570636024,455,0,409,136,0,0,0,535,recovery,852
6.890072151782003,454,0,410,136,0,0,0,536,infection,851
6.890513631371485,453,0,411,136,0,0,0,537,infection,551
6.895541413001448,452,0,412,136,0,0,0,538,infection,298
6.898013515317211,451,0,413,136,0,0,0,539,infection,962
6.9020861904706745,451,0,412,137,0,0,0,539,recovery,199
6.906783997350337,451,0,411,138,0,0,0,539,recovery,276
6.909457792453975,450,0,412,138,0,0,0,540,infection,280
6.909709576541795,449,0,413,138,0,0,0,541,infection,810
6.911073099839002,448,0,414,138,0,0,0,542,infection,589
6.914458155426415,447,0,415,138,0,0,0,543,infection,629
6.924904078282282,447,0,414,139,0,0,0,543,recovery,887
6.927529660283119,446,0,415,139,0,0,0,544,infection,155
6.928698738542679,445,0,416,139,0,0,0,545,infection,703
6.9407592168684324,445,0,415,140,0,0,0,545,recovery,440
6.943989910019216,444,0,416,140,0,0,0,546,infection,783
6.945177375216684,443,0,417,140,0,0,0,547,infection,211
6.9452030031243535,442,0,418,140,0,0,0,548,infection,579
6.945976686303444,441,0,419,140,0,0,0,549,infection,686
6.948165835215159,440,0,420,140,0,0,0,550,infection,975
6.952452876142539,440,0,419,141,0,0,0,550,recovery,306
6.958060071787513,439,0,420,141,0,0,0,551,infection,856
6.960489293095322,439,0,419,142,0,0,0,551,recovery,100
6.96101646061806,439,0,418,143,0,0,0,551,recovery,114
6.974143295950314,439,0,417,144,0,0,0,551,recovery,312
6.976053248236476,438,0,418,144,0,0,0,552,infection,956
6.982821876863405,437,0,419,144,0,0,0,553,infection,839
6.992293939849606,436,0,420,144,0,0,0,554,infection,803
6.99861345542645,435,0,421,144,0,0,0,555,infection,920
6.999904319873062,434,0,422,144,0,0,0,556,infection,674
7.009459605059649,434,0,421,145,0,0,0,556,recovery,740
7.011227398590251,433,0,422,145,0,0,0,557,infection,431
7.021062481727155,432,0,423,145,0,0,0,558,infection,915
7.032845757009257,431,0,424,145,0,0,0,559,infection,376
7.037974247806822,431,0,423,146,0,0,0,559,recovery,515
7.039828173730005,430,0,424,146,0,0,0,560,infection,685
7.047064389088161,429,0,425,146,0,0,0,561,infection,986
7.054211710018075,428,0,426,146,0,0,0,562,infection,720
7.057517782370644,428,0,425,147,0,0,0,562,recovery,65
7.058075395355637,427,0,426,147,0,0,0,563,infection,215
7.063518373825419,427,0,425,148,0,0,0,563,recovery,685
7.081374114784485,427,0,424,149,0,0,0,563,recovery,542
7.081978813558352,426,0,425,149,0,0,0,564,infection,697
7.08616372117545,426,0,424,150,0,0,0,564,recovery,394
7.088900392367825,425,0,425,150,0,0,0,565,infection,519
7.089309805386341,425,0,424,151,0,0,0,565,recovery,3
7.0986660621087,424,0,425,151,0,0,0,566,infection,40
7.103196707835914,423,0,426,151,0,0,0,567,infection,51
7.105812749339499,422,0,427,151,0,0,0,568,infection,606
7.122777262020752,421,0,428,151,0,0,0,569,infection,959
7.1299405302741015,421,0,427,152,0,0,0,569,recovery,776
7.13264355115375,420,0,428,152,0,0,0,570,infection,427
7.136311925011006,419,0,429,152,0,0,0,571,infection,13
7.140246224335578,418,0,430,152,0,0,0,572,infection,692
7.147083915423609,418,0,429,153,0,0,0,572,recovery,9
7.147656742931221,418,0,428,154,0,0,0,572,recovery,320
7.1537690528092375,417,0,429,154,0,0,0,573,infection,82
7.159741014656764,416,0,430,154,0,0,0,574,infection,762
7.167971849543083,415,0,431,154,0,0,0,575,infection,924
7.170075398376927,415,0,430,155,0,0,0,575,recovery,915
7.170636717015186,414,0,431,155,0,0,0,576,infection,44
7.170657141429135,413,0,432,155,0,0,0,577,infection,751
7.1794297447714435,413,0,431,156,0,0,0,577,recovery,415
7.180482073158232,412,0,432,156,0,0,0,578,infection,850
7.184746908410726,411,0,433,156,0,0,0,579,infection,726
7.186087908856198,411,0,432,157,0,0,0,579,recovery,942
7.18815431567231,411,0,431,158,0,0,0,579,recovery,700
7.188963610256551,410,0,432,158,0,0,0,580,infection,972
7.194505657430296,409,0,433,158,0,0,0,581,infection,242
7.202117806819032,408,0,434,158,0,0,0,582,infection,63
7.2032639631209285,407,0,435,158,0,0,0,583,infection,900
7.205384445886097,406,0,436,158,0,0,0,584,infection,557
7.20805774909033,405,0,437,158,0,0,0,585,infection,946
7.225998398177458,405,0,436,159,0,0,0,585,recovery,956
7.232809136644301,405,0,435,160,0,0,0,585,recovery,368
7.2359415897981325,404,0,436,160,0,0,0,586,infection,145
7.251309663797634,403,0,437,160,0,0,0,587,infection,113
7.252643174440611,402,0,438,160,0,0,0,588,infection,205
7.253749021818117,401,0,439,160,0,0,0,589,infection,493
7.253815494240854,400,0,440,160,0,0,0,590,infection,782
7.255030770500375,400,0,439,161,0,0,0,590,recovery,617
7.270015698485458,400,0,438,162,0,0,0,590,recovery,621
7.271362198626718,399,0,439,162,0,0,0,591,infection,919
7.280913710038859,398,0,440,162,0,0,0,592,infection,633
7.281947811673461,398,0,439,163,0,0,0,592,recovery,131
7.283734236499522,397,0,440,163,0,0,0,593,infection,855
7.2838068590749785,396,0,441,163,0,0,0,594,infection,637
7.2872196116519135,395,0,442,163,0,0,0,595,infection,790
7.287474872821447,395,0,441,164,0,0,0,595,recovery,406
7.291420112045143,395,0,440,165,0,0,0,595,recovery,537
7.294665005550594,394,0,441,165,0,0,0,596,infection,676
7.295013482933134,393,0,442,165,0,0,0,597,infection,977
7.296826629627864,392,0,443,165,0,0,0,598,infection,955
7.297108439933947,391,0,444,165,0,0,0,599,infection,889
7.298306601412448,390,0,445,165,0,0,0,600,infection,543
7.305321422701469,389,0,446,165,0,0,0,601,infection,521
7.313090172017495,389,0,445,166,0,0,0,601,recovery,783
7.321843068482602,388,0,446,166,0,0,0,602,infection,275
7.322188566749345,387,0,447,166,0,0,0,603,infection,344
7.333613458374068,386,0,448,166,0,0,0,604,infection,418
7.3416750631639855,385,0,449,166,0,0,0,605,infection,122
7.34389348450209,385,0,448,167,0,0,0,605,recovery,928
7.350691419507692,385,0,447,168,0,0,0,605,recovery,393
7.351294833231066,385,0,446,169,0,0,0,605,recovery,214
7.354526329434972,384,0,447,169,0,0,0,606,infection,453
7.355953507999881,383,0,448,169,0,0,0,607,infection,481
7.389867305385244,382,0,449,169,0,0,0,608,infection,940
7.410148390273652,381,0,450,169,0,0,0,609,infection,552
7.419546621246047,380,0,451,169,0,0,0,610,infection,268
7.422351470739313,379,0,452,169,0,0,0,611,infection,326
7.426860049694015,379,0,451,170,0,0,0,611,recovery,395
7.430059051327341,379,0,450,171,0,0,0,611,recovery,950
7.4306637866430005,378,0,451,171,0,0,0,612,infection,505
7.43362910826262,378,0,450,172,0,0,0,612,recovery,66
7.436117756091873,377,0,451,172,0,0,0,613,infection,836
7.442680517815332,376,0,452,172,0,0,0,614,infection,325
7.443480356118068,376,0,451,173,0,0,0,614,recovery,13
7.445637482408373,376,0,450,174,0,0,0,614,recovery,596
7.455572679417506,376,0,449,175,0,0,0,614,recovery,380
7.460814874543998,375,0,450,175,0,0,0,615,infection,885
7.464259894679397,374,0,451,175,0,0,0,616,infection,144
7.464539619068332,373,0,452,175,0,0,0,617,infection,957
7.464871621857168,373,0,451,176,0,0,0,617,recovery,772
7.46714153748634,372,0,452,176,0,0,0,618,infection,408
7.467866118283708,371,0,453,176,0,0,0,619,infection,773
7.468539282710547,370,0,454,176,0,0,0,620,infection,69
7.472404439083711,370,0,453,177,0,0,0,620,recovery,649
7.506896784312241,370,0,452,178,0,0,0,620,recovery,623
7.509760023482416,370,0,451,179,0,0,0,620,recovery,53
7.511706486344662,370,0,450,180,0,0,0,620,recovery,998
7.512459358074056,369,0,451,180,0,0,0,621,infection,94
7.513803701927648,368,0,452,180,0,0,0,622,infection,764
7.520529507448748,368,0,451,181,0,0,0,622,recovery,888
7.526698030550639,368,0,450,182,0,0,0,622,recovery,144
7.529187312855414,368,0,449,183,0,0,0,622,recovery,361
7.5341781765077735,367,0,450,183,0,0,0,623,infection,92
7.543222090641091,366,0,451,183,0,0,0,624,infection,714
7.5548445256398855,366,0,450,184,0,0,0,624,recovery,423
7.555527370018086,365,0,451,184,0,0,0,625,infection,829
7.556022306983234,365,0,450,185,0,0,0,625,recovery,192
7.565504958345544,364,0,451,185,0,0,0,626,infection,339
7.568206493301813,364,0,450,186,0,0,0,626,recovery,651
7.571712205558332,364,0,449,187,0,0,0,626,recovery,43
7.573121077636368,363,0,450,187,0,0,0,627,infection,648
7.574842771054089,362,0,451,187,0,0,0,628,infection,882
7.583419939331998,362,0,450,188,0,0,0,628,recovery,51
7.596327458829157,362,0,449,189,0,0,0,628,recovery,821
7.597273916372037,361,0,450,189,0,0,0,629,infection,23
7.6012819914973235,360,0,451,189,0,0,0,630,infection,696
7.624112021112896,359,0,452,189,0,0,0,631,infection,436
7.634164513482432,358,0,453,189,0,0,0,632,infection,52
7.637946912778936,358,0,452,190,0,0,0,632,recovery,335
7.644283809592949,358,0,451,191,0,0,0,632,recovery,365
7.6468745928156405,358,0,450,192,0,0,0,632,recovery,258
7.651855394687289,358,0,449,193,0,0,0,632,recovery,994
7.65431103194734,358,0,448,194,0,0,0,632,recovery,782
7.685649232290528,357,0,449,194,0,0,0,633,infection,646
7.686253206148109,357,0,448,195,0,0,0,633,recovery,746
7.6880843248633886,356,0,449,195,0,0,0,634,infection,42
7.701446004844039,355,0,450,195,0,0,0,635,infection,184
7.70211889280691,354,0,451,195,0,0,0,636,infection,129
7.705964825564982,353,0,452,195,0,0,0,637,infection,794
7.710671074736334,353,0,451,196,0,0,0,637,recovery,654
7.721938485004003,352,0,452,196,0,0,0,638,infection,84
7.730127742415894,351,0,453,196,0,0,0,639,infection,560
7.742074342634156,350,0,454,196,0,0,0,640,infection,126
7.759723419028279,350,0,453,197,0,0,0,640,recovery,819
7.774641676001484,349,0,454,197,0,0,0,641,infection,527
7.774756451437418,348,0,455,197,0,0,0,642,infection,186
7.774958871291949,347,0,456,197,0,0,0,643,infection,781
7.786949933933637,346,0,457,197,0,0,0,644,infection,389
7.799385240386978,345,0,458,197,0,0,0,645,infection,796
7.799998604035784,344,0,459,197,0,0,0,646,infection,170
7.8001604415753425,343,0,460,197,0,0,0,647,infection,188
7.800330905948297,342,0,461,197,0,0,0,648,infection,540
7.80351744943633,342,0,460,198,0,0,0,648,recovery,472
7.804383680354611,342,0,459,199,0,0,0,648,recovery,154
7.807849333403372,342,0,458,200,0,0,0,648,recovery,427
7.809003387876878,342,0,457,201,0,0,0,648,recovery,54
7.818103857674967,341,0,458,201,0,0,0,649,infection,239
7.818814549437001,341,0,457,202,0,0,0,649,recovery,133
7.823311658507061,341,0,456,203,0,0,0,649,recovery,752
7.839219578057999,340,0,457,203,0,0,0,650,infection,828
7.845084556009909,339,0,458,203,0,0,0,651,infection,891
7.853867405627066,338,0,459,203,0,0,0,652,infection,96
7.855899010168536,337,0,460,203,0,0,0,653,infection,255
7.857257591110291,336,0,461,203,0,0,0,654,infection,897
7.861522023113845,336,0,460,204,0,0,0,654,recovery,421
7.868075535937699,336,0,459,205,0,0,0,654,recovery,904
7.8736125700239725,335,0,460,205,0,0,0,655,infection,1
7.879894063382054,335,0,459,206,0,0,0,655,recovery,466
7.887675207184746,335,0,458,207,0,0,0,655,recovery,549
7.891164935663376,335,0,457,208,0,0,0,655,recovery,563
7.898608329266222,335,0,456,209,0,0,0,655,recovery,219
7.899137120580591,334,0,457,209,0,0,0,656,infection,806
7.903098097245792,334,0,456,210,0,0,0,656,recovery,630
7.90422615138006,333,0,457,210,0,0,0,657,infection,597
7.918021822877071,332,0,458,210,0,0,0,658,infection,921
7.9322535429747365,331,0,459,210,0,0,0,659,infection,262
7.934556102260471,331,0,458,211,0,0,0,659,recovery,553
7.936905545980236,331,0,457,212,0,0,0,659,recovery,939
7.945117494607885,330,0,458,212,0,0,0,660,infection,202
7.9526607268087215,330,0,457,213,0,0,0,660,recovery,315
7.953343670124515,329,0,458,213,0,0,0,661,infection,86
7.9534641559924255,328,0,459,213,0,0,0,662,infection,538
7.959061988339064,327,0,460,213,0,0,0,663,infection,10
7.975571562173585,326,0,461,213,0,0,0,664,infection,800
7.978614112910824,325,0,462,213,0,0,0,665,infection,477
7.9801761588660725,325,0,461,214,0,0,0,665,recovery,944
7.988495518789036,325,0,460,215,0,0,0,665,recovery,543
7.990302382290978,324,0,461,215,0,0,0,666,infection,657
7.992433939578945,323,0,462,215,0,0,0,667,infection,288
7.994295146412568,323,0,461,216,0,0,0,667,recovery,932
7.9992357344015685,323,0,460,217,0,0,0,667,recovery,182
7.99937221193251,322,0,461,217,0,0,0,668,infection,541
8.006353223346395,322,0,460,218,0,0,0,668,recovery,356
8.010436582174643,321,0,461,218,0,0,0,669,infection,620
8.019985922542237,321,0,460,219,0,0,0,669,recovery,384
8.024616152385473,321,0,459,220,0,0,0,669,recovery,414
8.038936446119548,320,0,460,220,0,0,0,670,infection,531
8.041079500804472,319,0,461,220,0,0,0,671,infection,441
8.051646916855901,319,0,460,221,0,0,0,671,recovery,675
8.059312170321144,318,0,461,221,0,0,0,672,infection,988
8.072327989119621,318,0,460,222,0,0,0,672,recovery,31
8.078613410847804,318,0,459,223,0,0,0,672,recovery,163
8.088706325844392,318,0,458,224,0,0,0,672,recovery,7
8.090315964071547,318,0,457,225,0,0,0,672,recovery,791
8.094126588917629,317,0,458,225,0,0,0,673,infection,938
8.095743286941458,316,0,459,225,0,0,0,674,infection,886
8.096972197259273,316,0,458,226,0,0,0,674,recovery,866
8.103219747802804,316,0,457,227,0,0,0,674,recovery,803
8.110547943001444,315,0,458,227,0,0,0,675,infection,914
8.119954482534045,315,0,457,228,0,0,0,675,recovery,699
8.122582073541691,315,0,456,229,0,0,0,675,recovery,878
8.129004506230892,315,0,455,230,0,0,0,675,recovery,946
8.130373963957807,314,0,456,230,0,0,0,676,infection,741
8.131819382454264,314,0,455,231,0,0,0,676,recovery,269
8.135037420058536,314,0,454,232,0,0,0,676,recovery,499
8.139459075960659,313,0,455,232,0,0,0,677,infection,641
8.142330829647289,312,0,456,232,0,0,0,678,infection,146
8.149484256900635,312,0,455,233,0,0,0,678,recovery,71
8.14973927085234,312,0,454,234,0,0,0,678,recovery,692
8.153153758943178,312,0,453,235,0,0,0,678,recovery,146
8.161006571674722,312,0,452,236,0,0,0,678,recovery,959
8.165293624388479,312,0,451,237,0,0,0,678,recovery,618
8.206047103742783,311,0,452,237,0,0,0,679,infection,398
8.207623342817826,310,0,453,237,0,0,0,680,infection,194
8.208110837368084,310,0,452,238,0,0,0,680,recovery,483
8.217518077545545,309,0,453,238,0,0,0,681,infection,263
8.22277671893982,308,0,454,238,0,0,0,682,infection,296
8.223189979966875,308,0,453,239,0,0,0,682,recovery,657
8.227267583222313,307,0,454,239,0,0,0,683,infection,328
8.231545208854811,306,0,455,239,0,0,0,684,infection,970
8.235375676153321,305,0,456,239,0,0,0,685,infection,983
8.236949500038229,304,0,457,239,0,0,0,686,infection,430
8.24378307610256,303,0,458,239,0,0,0,687,infection,875
8.243978107111976,302,0,459,239,0,0,0,688,infection,792
8.248059745294224,301,0,460,239,0,0,0,689,infection,289
8.250450674415982,300,0,461,239,0,0,0,690,infection,454
8.251044662240163,300,0,460,240,0,0,0,690,recovery,513
8.257625439006798,299,0,461,240,0,0,0,691,infection,224
8.261724954463013,298,0,462,240,0,0,0,692,infection,722
8.262165060112428,297,0,463,240,0,0,0,693,infection,607
8.27349698194846,296,0,464,240,0,0,0,694,infection,179
8.277283260826623,296,0,463,241,0,0,0,694,recovery,244
8.287073572319924,295,0,464,241,0,0,0,695,infection,916
8.287166911994321,295,0,463,242,0,0,0,695,recovery,806
8.301660645060625,295,0,462,243,0,0,0,695,recovery,682
8.312515835390704,294,0,463,243,0,0,0,696,infection,901
8.31712239293083,293,0,464,243,0,0,0,697,infection,869
8.31759158706576,292,0,465,243,0,0,0,698,infection,123
8.334736675957593,292,0,464,244,0,0,0,698,recovery,77
8.348342283843765,291,0,465,244,0,0,0,699,infection,78
8.354439158033438,291,0,464,245,0,0,0,699,recovery,132
8.36439182727614,290,0,465,245,0,0,0,700,infection,64
8.369444607952257,289,0,466,245,0,0,0,701,infection,497
8.374130428172894,288,0,467,245,0,0,0,702,infection,594
8.377699338507266,288,0,466,246,0,0,0,702,recovery,153
8.386993531265576,287,0,467,246,0,0,0,703,infection,38
8.38884947564682,286,0,468,246,0,0,0,704,infection,673
8.389892649464949,286,0,467,247,0,0,0,704,recovery,607
8.39079672317052,285,0,468,247,0,0,0,705,infection,667
8.39590040237974,284,0,469,247,0,0,0,706,infection,547
8.39942825013059,283,0,470,247,0,0,0,707,infection,566
8.402146781710053,282,0,471,247,0,0,0,708,infection,314
8.402668380344727,282,0,470,248,0,0,0,708,recovery,855
8.404988198803782,281,0,471,248,0,0,0,709,infection,953
8.414729564306423,280,0,472,248,0,0,0,710,infection,973
8.422105688672188,279,0,473,248,0,0,0,711,infection,429
8.427929715452763,279,0,472,249,0,0,0,711,recovery,925
8.42932285471766,279,0,471,250,0,0,0,711,recovery,140
8.452854267444494,279,0,470,251,0,0,0,711,recovery,362
8.45499204867888,278,0,471,251,0,0,0,712,infection,872
8.460898010032148,277,0,472,251,0,0,0,713,infection,370
8.471263906953418,276,0,473,251,0,0,0,714,infection,264
8.473655720044416,276,0,472,252,0,0,0,714,recovery,109
8.475632732298354,275,0,473,252,0,0,0,715,infection,41
8.479885562423805,274,0,474,252,0,0,0,716,infection,578
8.483194608042087,274,0,473,253,0,0,0,716,recovery,902
8.50832463701039,273,0,474,253,0,0,0,717,infection,297
8.512797204625166,273,0,473,254,0,0,0,717,recovery,545
8.51582593483443,272,0,474,254,0,0,0,718,infection,463
8.529583020711707,271,0,475,254,0,0,0,719,infection,793
8.539014658206373,270,0,476,254,0,0,0,720,infection,677
8.544788562367785,270,0,475,255,0,0,0,720,recovery,1000
8.545036579063204,270,0,474,256,0,0,0,720,recovery,481
8.548990745879284,270,0,473,257,0,0,0,720,recovery,643
8.550173242765725,269,0,474,257,0,0,0,721,infection,222
8.570170307504055,268,0,475,257,0,0,0,722,infection,588
8.58171868315669,267,0,476,257,0,0,0,723,infection,488
8.585086513627495,267,0,475,258,0,0,0,723,recovery,102
8.589263779461175,266,0,476,258,0,0,0,724,infection,302
8.592180990829316,265,0,477,258,0,0,0,725,infection,468
8.60411430537342,264,0,478,258,0,0,0,726,infection,396
8.60666548374934,263,0,479,258,0,0,0,727,infection,60
8.610806184290112,263,0,478,259,0,0,0,727,recovery,606
8.611936401144952,262,0,479,259,0,0,0,728,infection,444
8.619948391678962,261,0,480,259,0,0,0,729,infection,644
8.626554714271382,260,0,481,259,0,0,0,730,infection,745
8.634012236681142,260,0,480,260,0,0,0,730,recovery,482
8.63556792692254,260,0,479,261,0,0,0,730,recovery,671
8.640003496251953,260,0,478,262,0,0,0,730,recovery,990
8.648994063333578,259,0,479,262,0,0,0,731,infection,710
8.65624255313779,259,0,478,263,0,0,0,731,recovery,624
8.65910326960222,259,0,477,264,0,0,0,731,recovery,771
8.675655065696613,258,0,478,264,0,0,0,732,infection,909
8.689521145943152,258,0,477,265,0,0,0,732,recovery,47
8.698619635779151,257,0,478,265,0,0,0,733,infection,397
8.698912147761513,257,0,477,266,0,0,0,733,recovery,293
8.704845870662442,257,0,476,267,0,0,0,733,recovery,648
8.705227197705057,257,0,475,268,0,0,0,733,recovery,128
8.710680594220213,257,0,474,269,0,0,0,733,recovery,593
8.714626166862821,257,0,473,270,0,0,0,733,recovery,477
8.725983709474635,256,0,474,270,0,0,0,734,infection,822
8.72729954222598,256,0,473,271,0,0,0,734,recovery,94
8.727617307610265,255,0,474,271,0,0,0,735,infection,106
8.73615180794942,254,0,475,271,0,0,0,736,infection,26
8.736344490309298,254,0,474,272,0,0,0,736,recovery,552
8.742561285674253,254,0,473,273,0,0,0,736,recovery,743
8.742870501082987,253,0,474,273,0,0,0,737,infection,678
8.745941183258187,253,0,473,274,0,0,0,737,recovery,376
8.757533167712177,253,0,472,275,0,0,0,737,recovery,509
8.769817705505005,253,0,471,276,0,0,0,737,recovery,222
8.772731803048206,252,0,472,276,0,0,0,738,infection,690
8.774126601803726,252,0,471,277,0,0,0,738,recovery,377
8.77444645079697,251,0,472,277,0,0,0,739,infection,732
8.789489939416802,250,0,473,277,0,0,0,740,infection,12
8.80734144438738,249,0,474,277,0,0,0,741,infection,33
8.819358514914295,249,0,473,278,0,0,0,741,recovery,816
8.837397223338687,248,0,474,278,0,0,0,742,infection,943
8.851524768635972,247,0,475,278,0,0,0,743,infection,193
8.906332481242199,247,0,474,279,0,0,0,743,recovery,598
8.907701621063797,246,0,475,279,0,0,0,744,infection,518
8.912897818018083,246,0,474,280,0,0,0,744,recovery,804
8.918418714776228,245,0,475,280,0,0,0,745,infection,381
8.918753474692089,244,0,476,280,0,0,0,746,infection,555
8.926687863354273,244,0,475,281,0,0,0,746,recovery,57
8.930856060592482,244,0,474,282,0,0,0,746,recovery,441
8.935991277118246,243,0,475,282,0,0,0,747,infection,198
8.936446375433208,243,0,474,283,0,0,0,747,recovery,81
8.940047729007764,242,0,475,283,0,0,0,748,infection,659
8.944828614618629,241,0,476,283,0,0,0,749,infection,961
8.952449075087397,241,0,475,284,0,0,0,749,recovery,565
8.957154004821666,240,0,476,284,0,0,0,750,infection,448
8.957650198243545,239,0,477,284,0,0,0,751,infection,605
8.968609824092878,239,0,476,285,0,0,0,751,recovery,350
8.970475378957621,238,0,477,285,0,0,0,752,infection,572
8.970561797466171,237,0,478,285,0,0,0,753,infection,668
8.976041070153425,236,0,479,285,0,0,0,754,infection,908
8.978116258546523,236,0,478,286,0,0,0,754,recovery,962
8.979198798165775,235,0,479,286,0,0,0,755,infection,663
8.9809060314066,234,0,480,286,0,0,0,756,infection,846
8.983298234008984,234,0,479,287,0,0,0,756,recovery,329
8.985442835766714,234,0,478,288,0,0,0,756,recovery,33
8.99167418084131,233,0,479,288,0,0,0,757,infection,767
8.99847794048922,233,0,478,289,0,0,0,757,recovery,899
9.000696621513715,233,0,477,290,0,0,0,757,recovery,658
9.0022761771959,232,0,478,290,0,0,0,758,infection,437
9.003625565391593,231,0,479,290,0,0,0,759,infection,220
9.006416012599198,231,0,478,291,0,0,0,759,recovery,541
9.02525028122419,231,0,477,292,0,0,0,759,recovery,304
9.030621903419645,231,0,476,293,0,0,0,759,recovery,680
9.031825155067414,230,0,477,293,0,0,0,760,infection,592
9.036418825599034,229,0,478,293,0,0,0,761,infection,754
9.052512273884707,228,0,479,293,0,0,0,762,infection,799
9.079479374298975,228,0,478,294,0,0,0,762,recovery,92
9.091951994617318,228,0,477,295,0,0,0,762,recovery,884
9.106137792664432,228,0,476,296,0,0,0,762,recovery,18
9.106496280790548,228,0,475,297,0,0,0,762,recovery,604
9.119363921500456,227,0,476,297,0,0,0,763,infection,599
9.137402966975898,227,0,475,298,0,0,0,763,recovery,292
9.140564166111274,226,0,476,298,0,0,0,764,infection,461
9.158984797874975,225,0,477,298,0,0,0,765,infection,980
9.169031135961525,225,0,476,299,0,0,0,765,recovery,797
9.17390671632528,225,0,475,300,0,0,0,765,recovery,436
9.175236464123945,225,0,474,301,0,0,0,765,recovery,134
9.180609654417946,225,0,473,302,0,0,0,765,recovery,696
9.18849408078821,224,0,474,302,0,0,0,766,infection,152
9.195190815257458,224,0,473,303,0,0,0,766,recovery,242
9.212182211079002,223,0,474,303,0,0,0,767,infection,185
9.220828218870103,222,0,475,303,0,0,0,768,infection,860
9.221716996537614,221,0,476,303,0,0,0,769,infection,581
9.231615902976234,220,0,477,303,0,0,0,770,infection,503
9.241703351280005,219,0,478,303,0,0,0,771,infection,67
9.248757624008723,219,0,477,304,0,0,0,771,recovery,642
9.251905841520284,218,0,478,304,0,0,0,772,infection,609
9.256284205210948,218,0,477,305,0,0,0,772,recovery,792
9.261817029836315,217,0,478,305,0,0,0,773,infection,254
9.272072103850176,217,0,477,306,0,0,0,773,recovery,127
9.272281258039417,216,0,478,306,0,0,0,774,infection,825
9.276622988649592,215,0,479,306,0,0,0,775,infection,373
9.283291364424871,214,0,480,306,0,0,0,776,infection,90
9.28461805501228,214,0,479,307,0,0,0,776,recovery,233
9.31170780623693,214,0,478,308,0,0,0,776,recovery,765
9.31202087844015,213,0,479,308,0,0,0,777,infection,307
9.31402597374003,213,0,478,309,0,0,0,777,recovery,135
9.320095956390965,213,0,477,310,0,0,0,777,recovery,390
9.320807367206537,212,0,478,310,0,0,0,778,infection,22
9.32197517684472,212,0,477,311,0,0,0,778,recovery,500
9.334043655031328,212,0,476,312,0,0,0,778,recovery,929
9.339134776291328,212,0,475,313,0,0,0,778,recovery,64
9.350075615303014,211,0,476,313,0,0,0,779,infection,91
9.355250742257383,210,0,477,313,0,0,0,780,infection,261
9.366017153100271,210,0,476,314,0,0,0,780,recovery,424
9.375941057379801,210,0,475,315,0,0,0,780,recovery,612
9.377627033172521,210,0,474,316,0,0,0,780,recovery,155
9.380669803772106,210,0,473,317,0,0,0,780,recovery,495
9.381583491713608,210,0,472,318,0,0,0,780,recovery,975
9.389476995777096,209,0,473,318,0,0,0,781,infection,253
9.397805345191484,209,0,472,319,0,0,0,781,recovery,20
9.403377795461287,209,0,471,320,0,0,0,781,recovery,964
9.408418719993337,209,0,470,321,0,0,0,781,recovery,84
9.410467449160002,209,0,469,322,0,0,0,781,recovery,589
9.416266958983352,208,0,470,322,0,0,0,782,infection,272
9.416954188148187,207,0,471,322,0,0,0,783,infection,157
9.423838273171947,206,0,472,322,0,0,0,784,infection,321
9.426351600307825,205,0,473,322,0,0,0,785,infection,130
9.436442001719321,204,0,474,322,0,0,0,786,infection,178
9.46662922075436,204,0,473,323,0,0,0,786,recovery,992
9.467242073088496,204,0,472,324,0,0,0,786,recovery,397
9.467567452446067,203,0,473,324,0,0,0,787,infection,905
9.472880609955215,203,0,472,325,0,0,0,787,recovery,300
9.474979548046539,202,0,473,325,0,0,0,788,infection,462
9.47966811181557,201,0,474,325,0,0,0,789,infection,823
9.48839945392724,201,0,473,326,0,0,0,789,recovery,431
9.491502747174074,201,0,472,327,0,0,0,789,recovery,166
9.493919003310214,200,0,473,327,0,0,0,790,infection,660
9.494483575624328,199,0,474,327,0,0,0,791,infection,562
9.500258771297435,198,0,475,327,0,0,0,792,infection,820
9.503014106336837,197,0,476,327,0,0,0,793,infection,802
9.51157932163028,197,0,475,328,0,0,0,793,recovery,186
9.517579865676472,197,0,474,329,0,0,0,793,recovery,17
9.519214265868237,196,0,475,329,0,0,0,794,infection,775
9.5277059714836,195,0,476,329,0,0,0,795,infection,464
9.533810756099953,194,0,477,329,0,0,0,796,infection,225
9.552642493077261,194,0,476,330,0,0,0,796,recovery,323
9.55524453796346,194,0,475,331,0,0,0,796,recovery,107
9.556070960923535,194,0,474,332,0,0,0,796,recovery,559
9.558035340246487,194,0,473,333,0,0,0,796,recovery,741
9.558621080459956,193,0,474,333,0,0,0,797,infection,706
9.562088786923043,192,0,475,333,0,0,0,798,infection,652
9.562587429107712,192,0,474,334,0,0,0,798,recovery,110
9.56794379224717,191,0,475,334,0,0,0,799,infection,247
9.586169784936486,190,0,476,334,0,0,0,800,infection,79
9.59179390648166,189,0,477,334,0,0,0,801,infection,857
9.60102788177325,189,0,476,335,0,0,0,801,recovery,520
9.611085552263457,189,0,475,336,0,0,0,801,recovery,205
9.618819645081954,189,0,474,337,0,0,0,801,recovery,60
9.632783384023027,189,0,473,338,0,0,0,801,recovery,253
9.638635824053784,189,0,472,339,0,0,0,801,recovery,846
9.638786810538372,188,0,473,339,0,0,0,802,infection,303
9.641440157224153,188,0,472,340,0,0,0,802,recovery,360
9.643121542988599,188,0,471,341,0,0,0,802,recovery,24
9.649134593007227,188,0,470,342,0,0,0,802,recovery,982
9.652014470797486,188,0,469,343,0,0,0,802,recovery,444
9.655427026638701,188,0,468,344,0,0,0,802,recovery,145
9.658214291322771,187,0,469,344,0,0,0,803,infection,143
9.658278975764805,187,0,468,345,0,0,0,803,recovery,220
9.665120859386453,187,0,467,346,0,0,0,803,recovery,665
9.679984673036707,187,0,466,347,0,0,0,803,recovery,160
9.684868183243497,187,0,465,348,0,0,0,803,recovery,346
9.699967510261509,187,0,464,349,0,0,0,803,recovery,75
9.70532450553504,186,0,465,349,0,0,0,804,infection,570
9.705537278244309,186,0,464,350,0,0,0,804,recovery,413
9.706645871429208,185,0,465,350,0,0,0,805,infection,830
9.709334224561752,185,0,464,351,0,0,0,805,recovery,886
9.732712589094069,185,0,463,352,0,0,0,805,recovery,726
9.739247200018688,184,0,464,352,0,0,0,806,infection,375
9.758701471046065,184,0,463,353,0,0,0,806,recovery,594
9.759826566469881,184,0,462,354,0,0,0,806,recovery,418
9.760168696208277,183,0,463,354,0,0,0,807,infection,529
9.763865806377304,183,0,462,355,0,0,0,807,recovery,273
9.778229856695269,183,0,461,356,0,0,0,807,recovery,516
9.779171467494418,183,0,460,357,0,0,0,807,recovery,764
9.786578351477264,183,0,459,358,0,0,0,807,recovery,370
9.792794123838489,183,0,458,359,0,0,0,807,recovery,298
9.796553902700666,182,0,459,359,0,0,0,808,infection,15
9.80130373648942,182,0,458,360,0,0,0,808,recovery,254
9.80468824154671,182,0,457,361,0,0,0,808,recovery,152
9.806456787288864,182,0,456,362,0,0,0,808,recovery,235
9.808372535112223,181,0,457,362,0,0,0,809,infection,118
9.808570290194679,180,0,458,362,0,0,0,810,infection,245
9.809034704893614,179,0,459,362,0,0,0,811,infection,236
9.81401324601253,179,0,458,363,0,0,0,811,recovery,869
9.829488567228637,178,0,459,363,0,0,0,812,infection,574
9.854689953411063,178,0,458,364,0,0,0,812,recovery,938
9.87778996886209,177,0,459,364,0,0,0,813,infection,460
9.890581119664795,177,0,458,365,0,0,0,813,recovery,261
9.893964679791573,176,0,459,365,0,0,0,814,infection,550
9.909988554824574,175,0,460,365,0,0,0,815,infection,203
9.919602492211746,174,0,461,365,0,0,0,816,infection,68
9.92194305715647,174,0,460,366,0,0,0,816,recovery,971
9.928834521555508,174,0,459,367,0,0,0,816,recovery,99
9.947832047970232,174,0,458,368,0,0,0,816,recovery,21
9.95282914626668,174,0,457,369,0,0,0,816,recovery,980
9.953640979182882,173,0,458,369,0,0,0,817,infection,212
9.966480924812451,172,0,459,369,0,0,0,818,infection,121
9.979609003651206,171,0,460,369,0,0,0,819,infection,874
9.98812038886423,171,0,459,370,0,0,0,819,recovery,762
9.989683902969102,170,0,460,370,0,0,0,820,infection,502
9.992132680337463,169,0,461,370,0,0,0,821,infection,895
9.995511137082397,168,0,462,370,0,0,0,822,infection,840
10.001775330595237,168,0,461,371,0,0,0,822,recovery,977
10.01140577341045,168,0,460,372,0,0,0,822,recovery,834
10.021614510740028,168,0,459,373,0,0,0,822,recovery,979
10.021960900797632,167,0,460,373,0,0,0,823,infection,723
10.027897867446981,167,0,459,374,0,0,0,823,recovery,359
10.035787819134303,166,0,460,374,0,0,0,824,infection,893
10.04223773207391,165,0,461,374,0,0,0,825,infection,167
10.051273732307108,164,0,462,374,0,0,0,826,infection,159
10.053003302892499,164,0,461,375,0,0,0,826,recovery,678
10.056846516087873,164,0,460,376,0,0,0,826,recovery,137
10.057995441318827,164,0,459,377,0,0,0,826,recovery,632
10.059126317814291,164,0,458,378,0,0,0,826,recovery,876
10.063139390615934,163,0,459,378,0,0,0,827,infection,817
10.067572894661264,163,0,458,379,0,0,0,827,recovery,856
10.06789030114133,162,0,459,379,0,0,0,828,infection,411
10.074664546973334,162,0,458,380,0,0,0,828,recovery,686
10.087880418783687,161,0,459,380,0,0,0,829,infection,687
10.092540588440013,161,0,458,381,0,0,0,829,recovery,566
10.106328755148585,161,0,457,382,0,0,0,829,recovery,484
10.110497373070961,160,0,458,382,0,0,0,830,infection,399
10.135161081890942,160,0,457,383,0,0,0,830,recovery,184
10.137576982498539,159,0,458,383,0,0,0,831,infection,933
10.15316034213668,158,0,459,383,0,0,0,832,infection,345
10.161465460392662,157,0,460,383,0,0,0,833,infection,119
10.162439796802236,156,0,461,383,0,0,0,834,infection,165
10.166753790925732,155,0,462,383,0,0,0,835,infection,827
10.188070647605386,155,0,461,384,0,0,0,835,recovery,197
10.196488498553217,154,0,462,384,0,0,0,836,infection,738
10.20774020360587,154,0,461,385,0,0,0,836,recovery,745
10.217554066852696,154,0,460,386,0,0,0,836,recovery,162
10.221233824370788,154,0,459,387,0,0,0,836,recovery,891
10.231629677711474,154,0,458,388,0,0,0,836,recovery,531
10.233806895847676,154,0,457,389,0,0,0,836,recovery,419
10.234091047544494,154,0,456,390,0,0,0,836,recovery,194
10.235835795407498,154,0,455,391,0,0,0,836,recovery,344
10.244022313075996,154,0,454,392,0,0,0,836,recovery,574
10.244867886981234,153,0,455,392,0,0,0,837,infection,622
10.245015159131345,152,0,456,392,0,0,0,838,infection,628
10.267138199355962,152,0,455,393,0,0,0,838,recovery,96
10.270488940597268,152,0,454,394,0,0,0,838,recovery,644
10.28175212592227,151,0,455,394,0,0,0,839,infection,447
10.28414002960525,151,0,454,395,0,0,0,839,recovery,224
10.302065746344121,150,0,455,395,0,0,0,840,infection,756
10.30280135473792,150,0,454,396,0,0,0,840,recovery,832
10.305146722293813,150,0,453,397,0,0,0,840,recovery,282
10.311561641273109,150,0,452,398,0,0,0,840,recovery,872
10.320440874831856,149,0,453,398,0,0,0,841,infection,577
10.32674706871189,148,0,454,398,0,0,0,842,infection,854
10.333778662732467,147,0,455,398,0,0,0,843,infection,403
10.364057065595865,147,0,454,399,0,0,0,843,recovery,157
10.381837196153933,146,0,455,399,0,0,0,844,infection,724
10.385444386034804,145,0,456,399,0,0,0,845,infection,251
10.391378438588157,144,0,457,399,0,0,0,846,infection,470
10.404276636215927,143,0,458,399,0,0,0,847,infection,808
10.416615612873974,143,0,457,400,0,0,0,847,recovery,918
10.42428150820777,142,0,458,400,0,0,0,848,infection,317
10.440523315577332,141,0,459,400,0,0,0,849,infection,117
10.442424475449558,141,0,458,401,0,0,0,849,recovery,299
10.445158593606008,140,0,459,401,0,0,0,850,infection,761
10.447547953431155,139,0,460,401,0,0,0,851,infection,471
10.469963068588159,138,0,461,401,0,0,0,852,infection,87
10.474364500129557,138,0,460,402,0,0,0,852,recovery,338
10.483546868049348,137,0,461,402,0,0,0,853,infection,139
10.49338571132377,137,0,460,403,0,0,0,853,recovery,496
10.494481362741746,137,0,459,404,0,0,0,853,recovery,227
10.498023983967109,136,0,460,404,0,0,0,854,infection,388
10.506862129880329,136,0,459,405,0,0,0,854,recovery,450
10.517577672235118,136,0,458,406,0,0,0,854,recovery,637
10.519255600493484,136,0,457,407,0,0,0,854,recovery,493
10.523755617205465,136,0,456,408,0,0,0,854,recovery,225
10.525602984440447,136,0,455,409,0,0,0,854,recovery,527
10.53036734576719,136,0,454,410,0,0,0,854,recovery,903
10.541885436047782,136,0,453,411,0,0,0,854,recovery,738
10.563804152519014,135,0,454,411,0,0,0,855,infection,105
10.571738086334609,134,0,455,411,0,0,0,856,infection,204
10.57837978504574,134,0,454,412,0,0,0,856,recovery,267
10.580334821104556,133,0,455,412,0,0,0,857,infection,266
10.582301871261866,133,0,454,413,0,0,0,857,recovery,277
10.599481590794905,132,0,455,413,0,0,0,858,infection,601
10.621154692347224,132,0,454,414,0,0,0,858,recovery,245
10.632230246510794,131,0,455,414,0,0,0,859,infection,947
10.640816010391033,131,0,454,415,0,0,0,859,recovery,41
10.658893943686275,131,0,453,416,0,0,0,859,recovery,538
10.658912993434964,131,0,452,417,0,0,0,859,recovery,289
10.682221139920909,130,0,453,417,0,0,0,860,infection,669
10.688142655773444,130,0,452,418,0,0,0,860,recovery,122
10.696448180246595,130,0,451,419,0,0,0,860,recovery,712
10.708696522438249,130,0,450,420,0,0,0,860,recovery,730
10.740738361571243,129,0,451,420,0,0,0,861,infection,948
10.751310645259036,129,0,450,421,0,0,0,861,recovery,584
10.758992227295504,129,0,449,422,0,0,0,861,recovery,722
10.771562846986068,129,0,448,423,0,0,0,861,recovery,234
10.77437348619446,129,0,447,424,0,0,0,861,recovery,713
10.778679206542712,129,0,446,425,0,0,0,861,recovery,383
10.782445235256946,128,0,447,425,0,0,0,862,infection,16
10.786912318279253,128,0,446,426,0,0,0,862,recovery,389
10.78790289412435,128,0,445,427,0,0,0,862,recovery,997
10.796378219848632,127,0,446,427,0,0,0,863,infection,766
10.799283390103346,126,0,447,427,0,0,0,864,infection,387
10.800480517641112,126,0,446,428,0,0,0,864,recovery,339
10.80619263998605,125,0,447,428,0,0,0,865,infection,608
10.822630476290492,124,0,448,428,0,0,0,866,infection,849
10.82297177671406,124,0,447,429,0,0,0,866,recovery,108
10.82943565264114,123,0,448,429,0,0,0,867,infection,844
10.830268221227588,122,0,449,429,0,0,0,868,infection,452
10.832981148937057,122,0,448,430,0,0,0,868,recovery,296
10.843925119855944,121,0,449,430,0,0,0,869,infection,655
10.872482460354133,120,0,450,430,0,0,0,870,infection,691
10.879802774426738,120,0,449,431,0,0,0,870,recovery,328
10.886897612765894,120,0,448,432,0,0,0,870,recovery,756
10.901383617179668,119,0,449,432,0,0,0,871,infection,647
10.916567052098937,119,0,448,433,0,0,0,871,recovery,189
10.929674911902463,119,0,447,434,0,0,0,871,recovery,5
10.934525576001537,119,0,446,435,0,0,0,871,recovery,332
10.937631427470428,119,0,445,436,0,0,0,871,recovery,473
10.965966517366672,119,0,444,437,0,0,0,871,recovery,69
10.966364786158845,118,0,445,437,0,0,0,872,infection,989
10.970020469704215,117,0,446,437,0,0,0,873,infection,922
10.97681257286405,116,0,447,437,0,0,0,874,infection,445
10.999609872388929,115,0,448,437,0,0,0,875,infection,485
11.0177590540694,114,0,449,437,0,0,0,876,infection,591
11.019856019993199,114,0,448,438,0,0,0,876,recovery,608
11.022434124984262,113,0,449,438,0,0,0,877,infection,853
11.025799507879029,113,0,448,439,0,0,0,877,recovery,694
11.028098019485077,113,0,447,440,0,0,0,877,recovery,900
11.034212235836398,112,0,448,440,0,0,0,878,infection,187
11.03518391106638,111,0,449,440,0,0,0,879,infection,287
11.058763752245753,111,0,448,441,0,0,0,879,recovery,333
11.068217015817913,111,0,447,442,0,0,0,879,recovery,171
11.092214890896466,111,0,446,443,0,0,0,879,recovery,667
11.094003022947414,110,0,447,443,0,0,0,880,infection,35
11.09640747245749,110,0,446,444,0,0,0,880,recovery,257
11.120726933639418,110,0,445,445,0,0,0,880,recovery,279
11.128188800716533,110,0,444,446,0,0,0,880,recovery,263
11.14053110187015,109,0,445,446,0,0,0,881,infection,640
11.154157804437862,109,0,444,447,0,0,0,881,recovery,432
11.155952635671122,109,0,443,448,0,0,0,881,recovery,706
11.190030290570252,108,0,444,448,0,0,0,882,infection,467
11.20012565307085,108,0,443,449,0,0,0,882,recovery,701
11.209057627827985,107,0,444,449,0,0,0,883,infection,309
11.217085542870542,107,0,443,450,0,0,0,883,recovery,673
11.232417917155725,107,0,442,451,0,0,0,883,recovery,325
11.274101494855838,106,0,443,451,0,0,0,884,infection,318
11.275642898987362,106,0,442,452,0,0,0,884,recovery,592
11.27606964390367,105,0,443,452,0,0,0,885,infection,719
11.288184353293525,104,0,444,452,0,0,0,886,infection,209
11.29757667427326,104,0,443,453,0,0,0,886,recovery,170
11.29919951857717,104,0,442,454,0,0,0,886,recovery,830
11.302642817653826,104,0,441,455,0,0,0,886,recovery,45
11.31116338282019,104,0,440,456,0,0,0,886,recovery,373
11.316749987513242,103,0,441,456,0,0,0,887,infection,896
11.32556184754695,103,0,440,457,0,0,0,887,recovery,318
11.330285200160706,103,0,439,458,0,0,0,887,recovery,489
11.33417525099413,102,0,440,458,0,0,0,888,infection,619
11.354464887658619,102,0,439,459,0,0,0,888,recovery,969
11.36199259019564,102,0,438,460,0,0,0,888,recovery,519
11.36548124686448,102,0,437,461,0,0,0,888,recovery,645
11.369208333515404,101,0,438,461,0,0,0,889,infection,807
11.37402996908041,101,0,437,462,0,0,0,889,recovery,800
11.375096874618132,101,0,436,463,0,0,0,889,recovery,759
11.383478338058483,100,0,437,463,0,0,0,890,infection,811
11.389007281047167,100,0,436,464,0,0,0,890,recovery,983
11.391971115807829,100,0,435,465,0,0,0,890,recovery,485
11.39943813554552,100,0,434,466,0,0,0,890,recovery,693
11.401437958475556,99,0,435,466,0,0,0,891,infection,173
11.405235090583657,99,0,434,467,0,0,0,891,recovery,934
11.40851291630252,98,0,435,467,0,0,0,892,infection,818
11.439655963352374,97,0,436,467,0,0,0,893,infection,156
11.459427409239336,97,0,435,468,0,0,0,893,recovery,546
11.47088410758569,97,0,434,469,0,0,0,893,recovery,317
11.47986101465488,97,0,433,470,0,0,0,893,recovery,896
11.488741649927636,97,0,432,471,0,0,0,893,recovery,807
11.514003139646174,97,0,431,472,0,0,0,893,recovery,44
11.523825623518412,97,0,430,473,0,0,0,893,recovery,456
11.52847960346972,97,0,429,474,0,0,0,893,recovery,392
11.560733269408662,97,0,428,475,0,0,0,893,recovery,826
11.565284112646907,96,0,429,475,0,0,0,894,infection,702
11.586628406471302,96,0,428,476,0,0,0,894,recovery,455
11.589372790322425,95,0,429,476,0,0,0,895,infection,931
11.595446619573686,95,0,428,477,0,0,0,895,recovery,828
11.599234336839638,95,0,427,478,0,0,0,895,recovery,148
11.60298806544721,95,0,426,479,0,0,0,895,recovery,647
11.607432674325317,95,0,425,480,0,0,0,895,recovery,460
11.61545009378686,95,0,424,481,0,0,0,895,recovery,86
11.627379273965861,95,0,423,482,0,0,0,895,recovery,622
11.64425374957791,94,0,424,482,0,0,0,896,infection,363
11.653639806379363,94,0,423,483,0,0,0,896,recovery,386
11.657493305517843,94,0,422,484,0,0,0,896,recovery,751
11.69304106523119,94,0,421,485,0,0,0,896,recovery,193
11.716448734883725,94,0,420,486,0,0,0,896,recovery,38
11.726936955042909,94,0,419,487,0,0,0,896,recovery,860
11.727439599736092,93,0,420,487,0,0,0,897,infection,662
11.741466586009095,92,0,421,487,0,0,0,898,infection,410
11.74805106162379,92,0,420,488,0,0,0,898,recovery,90
11.762433360229043,91,0,421,488,0,0,0,899,infection,486
11.784679684290026,90,0,422,488,0,0,0,900,infection,868
11.787027573782398,90,0,421,489,0,0,0,900,recovery,633
11.817218926974745,89,0,422,489,0,0,0,901,infection,725
11.830067545150229,89,0,421,490,0,0,0,901,recovery,862
11.837768174294126,89,0,420,491,0,0,0,901,recovery,716
11.860375947202199,89,0,419,492,0,0,0,901,recovery,15
11.860917738387638,89,0,418,493,0,0,0,901,recovery,556
11.873804812873754,88,0,419,493,0,0,0,902,infection,101
11.8978225681006,88,0,418,494,0,0,0,902,recovery,870
11.900399066827742,88,0,417,495,0,0,0,902,recovery,652
11.930598037579886,88,0,416,496,0,0,0,902,recovery,735
11.943602289400394,87,0,417,496,0,0,0,903,infection,58
11.956259959777366,87,0,416,497,0,0,0,903,recovery,101
11.972271753365941,87,0,415,498,0,0,0,903,recovery,187
11.97493316696026,87,0,414,499,0,0,0,903,recovery,87
11.984098819277774,87,0,413,500,0,0,0,903,recovery,881
11.99512919003805,87,0,412,501,0,0,0,903,recovery,25
12.004759198718949,87,0,411,502,0,0,0,903,recovery,702
12.024222987919238,87,0,410,503,0,0,0,903,recovery,340
12.029575893876672,86,0,411,503,0,0,0,904,infection,433
12.031071487716883,85,0,412,503,0,0,0,905,infection,342
12.031284603238019,85,0,411,504,0,0,0,905,recovery,247
12.038244222389931,85,0,410,505,0,0,0,905,recovery,387
12.061300716486972,85,0,409,506,0,0,0,905,recovery,676
12.072794387956277,85,0,408,507,0,0,0,905,recovery,353
12.07754251574001,84,0,409,507,0,0,0,906,infection,492
12.089224408925787,83,0,410,507,0,0,0,907,infection,936
12.104825506240998,83,0,409,508,0,0,0,907,recovery,119
12.111989539660753,83,0,408,509,0,0,0,907,recovery,200
12.11230255307877,83,0,407,510,0,0,0,907,recovery,737
12.116941915090635,83,0,406,511,0,0,0,907,recovery,815
12.12156597129163,83,0,405,512,0,0,0,907,recovery,882
12.129279421095172,83,0,404,513,0,0,0,907,recovery,883
12.144752206020675,83,0,403,514,0,0,0,907,recovery,497
12.163422193778919,83,0,402,515,0,0,0,907,recovery,50
12.181762314459338,83,0,401,516,0,0,0,907,recovery,974
12.217056307592058,83,0,400,517,0,0,0,907,recovery,550
12.241468457853408,82,0,401,517,0,0,0,908,infection,426
12.24172507727041,82,0,400,518,0,0,0,908,recovery,761
12.282177805496822,81,0,401,518,0,0,0,909,infection,366
12.321387807086058,81,0,400,519,0,0,0,909,recovery,585
12.324462873847946,81,0,399,520,0,0,0,909,recovery,873
12.366542168292352,80,0,400,520,0,0,0,910,infection,85
12.383017052361922,79,0,401,520,0,0,0,911,infection,689
12.394789912214224,79,0,400,521,0,0,0,911,recovery,118
12.435378266821676,79,0,399,522,0,0,0,911,recovery,547
12.442655293478081,79,0,398,523,0,0,0,911,recovery,669
12.505024206669807,79,0,397,524,0,0,0,911,recovery,430
12.511490299769283,79,0,396,525,0,0,0,911,recovery,461
12.51579934586066,79,0,395,526,0,0,0,911,recovery,399
12.528589315637726,79,0,394,527,0,0,0,911,recovery,930
12.541729217582049,79,0,393,528,0,0,0,911,recovery,232
12.54709937508802,79,0,392,529,0,0,0,911,recovery,26
12.559946063112328,79,0,391,530,0,0,0,911,recovery,788
12.56526782498974,79,0,390,531,0,0,0,911,recovery,417
12.571479166655642,79,0,389,532,0,0,0,911,recovery,55
12.57884232992638,78,0,390,532,0,0,0,912,infection,172
12.583501140716319,78,0,389,533,0,0,0,912,recovery,58
12.587801979385302,78,0,388,534,0,0,0,912,recovery,411
12.593171617275063,78,0,387,535,0,0,0,912,recovery,948
12.600005670362144,78,0,386,536,0,0,0,912,recovery,729
12.616937262981985,78,0,385,537,0,0,0,912,recovery,46
12.62439273886758,78,0,384,538,0,0,0,912,recovery,327
12.646470395955676,77,0,385,538,0,0,0,913,infection,494
12.656538228028714,77,0,384,539,0,0,0,913,recovery,502
12.671036291434236,77,0,383,540,0,0,0,913,recovery,511
12.67563671157773,77,0,382,541,0,0,0,913,recovery,1
12.696829983410524,77,0,381,542,0,0,0,913,recovery,469
12.713293754459638,77,0,380,543,0,0,0,913,recovery,913
12.714434579979704,77,0,379,544,0,0,0,913,recovery,766
12.73916597465844,76,0,380,544,0,0,0,914,infection,912
12.742907305036878,76,0,379,545,0,0,0,914,recovery,270
12.756140942361977,75,0,380,545,0,0,0,915,infection,191
12.770549574189051,74,0,381,545,0,0,0,916,infection,561
12.7769268380907,74,0,380,546,0,0,0,916,recovery,943
12.782959879412818,73,0,381,546,0,0,0,917,infection,544
12.791610958550153,73,0,380,547,0,0,0,917,recovery,492
12.793047081712766,72,0,381,547,0,0,0,918,infection,536
12.793634823927501,72,0,380,548,0,0,0,918,recovery,781
12.796895837642998,71,0,381,548,0,0,0,919,infection,98
12.799074064159552,71,0,380,549,0,0,0,919,recovery,697
12.818028778168316,71,0,379,550,0,0,0,919,recovery,8
12.830982580690671,70,0,380,550,0,0,0,920,infection,174
12.883063430799165,70,0,379,551,0,0,0,920,recovery,130
12.897674667798796,70,0,378,552,0,0,0,920,recovery,382
12.89876532977904,70,0,377,553,0,0,0,920,recovery,689
12.909965078050185,70,0,376,554,0,0,0,920,recovery,363
12.946456935001983,69,0,377,554,0,0,0,921,infection,847
12.969190258385765,69,0,376,555,0,0,0,921,recovery,867
12.993013948080778,68,0,377,555,0,0,0,922,infection,779
13.002754257240598,67,0,378,555,0,0,0,923,infection,2
13.006405614740551,67,0,377,556,0,0,0,923,recovery,560
13.012509604327924,67,0,376,557,0,0,0,923,recovery,789
13.023522128229803,67,0,375,558,0,0,0,923,recovery,30
13.027912909675216,67,0,374,559,0,0,0,923,recovery,521
13.037341363627966,67,0,373,560,0,0,0,923,recovery,912
13.037907116286343,66,0,374,560,0,0,0,924,infection,987
13.070088771586803,66,0,373,561,0,0,0,924,recovery,129
13.092818950415205,66,0,372,562,0,0,0,924,recovery,909
13.123467052951728,65,0,373,562,0,0,0,925,infection,228
13.131298751280521,65,0,372,563,0,0,0,925,recovery,251
13.13265788418038,64,0,373,563,0,0,0,926,infection,124
13.136929719476116,63,0,374,563,0,0,0,927,infection,984
13.154294836209544,63,0,373,564,0,0,0,927,recovery,16
13.162114461219655,63,0,372,565,0,0,0,927,recovery,897
13.200390593470708,63,0,371,566,0,0,0,927,recovery,957
13.200544759004517,63,0,370,567,0,0,0,927,recovery,313
13.206774272647541,62,0,371,567,0,0,0,928,infection,438
13.223742053781457,61,0,372,567,0,0,0,929,infection,871
13.24066977322087,61,0,371,568,0,0,0,929,recovery,93
13.242603605327297,61,0,370,569,0,0,0,929,recovery,817
13.30202115867853,61,0,369,570,0,0,0,929,recovery,916
13.363185809355716,61,0,368,571,0,0,0,929,recovery,796
13.382172875044173,61,0,367,572,0,0,0,929,recovery,271
13.386055409154872,61,0,366,573,0,0,0,929,recovery,865
13.393824789157408,60,0,367,573,0,0,0,930,infection,89
13.402169998915802,60,0,366,574,0,0,0,930,recovery,725
13.40385712859472,59,0,367,574,0,0,0,931,infection,877
13.40766711399384,59,0,366,575,0,0,0,931,recovery,779
13.419209105367731,59,0,365,576,0,0,0,931,recovery,972
13.489648460847885,59,0,364,577,0,0,0,931,recovery,768
13.53660535073534,59,0,363,578,0,0,0,931,recovery,910
13.538569250235183,59,0,362,579,0,0,0,931,recovery,837
13.53998706719242,59,0,361,580,0,0,0,931,recovery,517
13.568544083660122,59,0,360,581,0,0,0,931,recovery,874
13.568818186378135,59,0,359,582,0,0,0,931,recovery,940
13.56897858678047,59,0,358,583,0,0,0,931,recovery,379
13.575975340110588,59,0,357,584,0,0,0,931,recovery,827
13.600404279658198,58,0,358,584,0,0,0,932,infection,116
13.612944294023716,58,0,357,585,0,0,0,932,recovery,808
13.615799780860572,57,0,358,585,0,0,0,933,infection,401
13.640880868131385,56,0,359,585,0,0,0,934,infection,103
13.657426717174221,55,0,360,585,0,0,0,935,infection,195
13.66242331446266,55,0,359,586,0,0,0,935,recovery,951
13.664170547065215,55,0,358,587,0,0,0,935,recovery,767
13.679498065296798,54,0,359,587,0,0,0,936,infection,590
13.730906122880056,54,0,358,588,0,0,0,936,recovery,209
13.734635304666,54,0,357,589,0,0,0,936,recovery,286
13.803291989128946,54,0,356,590,0,0,0,936,recovery,139
13.823595088455221,54,0,355,591,0,0,0,936,recovery,572
13.824728993443179,53,0,356,591,0,0,0,937,infection,960
13.826649056347843,52,0,357,591,0,0,0,938,infection,907
13.87328656547796,52,0,356,592,0,0,0,938,recovery,506
13.88780620830742,52,0,355,593,0,0,0,938,recovery,297
13.888642460695415,52,0,354,594,0,0,0,938,recovery,316
13.896827447116454,52,0,353,595,0,0,0,938,recovery,117
13.903343585307313,52,0,352,596,0,0,0,938,recovery,720
13.90449075583056,51,0,353,596,0,0,0,939,infection,324
13.924754254913022,51,0,352,597,0,0,0,939,recovery,503
13.927744971465362,51,0,351,598,0,0,0,939,recovery,268
13.927806899613488,50,0,352,598,0,0,0,940,infection,61
13.930838051637586,50,0,351,599,0,0,0,940,recovery,922
13.93297413288509,50,0,350,600,0,0,0,940,recovery,147
13.933474780502078,50,0,349,601,0,0,0,940,recovery,88
13.950824314921206,50,0,348,602,0,0,0,940,recovery,249
13.963147515359385,50,0,347,603,0,0,0,940,recovery,757
14.000904349699738,50,0,346,604,0,0,0,940,recovery,582
14.009219966967915,50,0,345,605,0,0,0,940,recovery,569
14.01087131023358,50,0,344,606,0,0,0,940,recovery,539
14.017036587048079,50,0,343,607,0,0,0,940,recovery,744
14.039607659888706,50,0,342,608,0,0,0,940,recovery,687
14.040108476004319,50,0,341,609,0,0,0,940,recovery,845
14.069365242807049,50,0,340,610,0,0,0,940,recovery,639
14.098965901772669,49,0,341,610,0,0,0,941,infection,177
14.114502513374017,49,0,340,611,0,0,0,941,recovery,302
14.125180686935897,49,0,339,612,0,0,0,941,recovery,525
14.13686495766019,49,0,338,613,0,0,0,941,recovery,451
14.151882757174555,49,0,337,614,0,0,0,941,recovery,83
14.160382831337639,49,0,336,615,0,0,0,941,recovery,68
14.18011033222739,49,0,335,616,0,0,0,941,recovery,777
14.186014151316373,49,0,334,617,0,0,0,941,recovery,775
14.193060647533356,48,0,335,617,0,0,0,942,infection,216
14.202759734898844,47,0,336,617,0,0,0,943,infection,136
14.210095945485786,47,0,335,618,0,0,0,943,recovery,573
14.222864320715974,47,0,334,619,0,0,0,943,recovery,794
14.285259031281957,47,0,333,620,0,0,0,943,recovery,595
14.299888240969228,47,0,332,621,0,0,0,943,recovery,173
14.30476036851773,47,0,331,622,0,0,0,943,recovery,641
14.309928759518113,47,0,330,623,0,0,0,943,recovery,889
14.31798843356955,47,0,329,624,0,0,0,943,recovery,813
14.32775622820874,47,0,328,625,0,0,0,943,recovery,49
14.349099177146211,47,0,327,626,0,0,0,943,recovery,861
14.352453460736596,47,0,326,627,0,0,0,943,recovery,769
14.361856653783033,47,0,325,628,0,0,0,943,recovery,48
14.375234836946879,47,0,324,629,0,0,0,943,recovery,717
14.3810356846911,47,0,323,630,0,0,0,943,recovery,960
14.389230501927319,47,0,322,631,0,0,0,943,recovery,10
14.42786484248401,47,0,321,632,0,0,0,943,recovery,790
14.449648369029987,47,0,320,633,0,0,0,943,recovery,609
14.476329166859273,47,0,319,634,0,0,0,943,recovery,544
14.481419386977246,47,0,318,635,0,0,0,943,recovery,631
14.48509370492578,47,0,317,636,0,0,0,943,recovery,215
14.527915092424507,46,0,318,636,0,0,0,944,infection,70
14.531152453283358,45,0,319,636,0,0,0,945,infection,615
14.545940174920682,45,0,318,637,0,0,0,945,recovery,165
14.562042165008886,45,0,317,638,0,0,0,945,recovery,907
14.594307721320591,45,0,316,639,0,0,0,945,recovery,179
14.602849164256419,45,0,315,640,0,0,0,945,recovery,690
14.604123738298824,45,0,314,641,0,0,0,945,recovery,142
14.611922537159415,45,0,313,642,0,0,0,945,recovery,732
14.652875072179032,45,0,312,643,0,0,0,945,recovery,388
14.661825435632217,45,0,311,644,0,0,0,945,recovery,198
14.66796158907506,45,0,310,645,0,0,0,945,recovery,161
14.668828383597306,44,0,311,645,0,0,0,946,infection,650
14.685095235744424,43,0,312,645,0,0,0,947,infection,405
14.71575750405134,43,0,311,646,0,0,0,947,recovery,597
14.717455788228792,43,0,310,647,0,0,0,947,recovery,303
14.736140235269847,43,0,309,648,0,0,0,947,recovery,906
14.773147811319685,43,0,308,649,0,0,0,947,recovery,524
14.781893030883655,43,0,307,650,0,0,0,947,recovery,590
14.801216809228617,43,0,306,651,0,0,0,947,recovery,905
14.804153783392831,43,0,305,652,0,0,0,947,recovery,919
14.810605726586346,43,0,304,653,0,0,0,947,recovery,677
14.830088327251268,43,0,303,654,0,0,0,947,recovery,464
14.850782482118955,43,0,302,655,0,0,0,947,recovery,966
14.870562652099053,43,0,301,656,0,0,0,947,recovery,275
14.872713474834057,43,0,300,657,0,0,0,947,recovery,588
14.884968708315077,42,0,301,657,0,0,0,948,infection,310
14.899927858075028,42,0,300,658,0,0,0,948,recovery,169
14.914222922400452,42,0,299,659,0,0,0,948,recovery,36
14.9148536118412,41,0,300,659,0,0,0,949,infection,6
14.926403745698998,41,0,299,660,0,0,0,949,recovery,885
14.930376180664323,41,0,298,661,0,0,0,949,recovery,629
14.938471887606516,41,0,297,662,0,0,0,949,recovery,448
14.966591414232559,41,0,296,663,0,0,0,949,recovery,571
14.981521401233634,41,0,295,664,0,0,0,949,recovery,731
15.039873615441632,40,0,296,664,0,0,0,950,infection,358
15.073537784823516,40,0,295,665,0,0,0,950,recovery,396
15.17431166754544,40,0,294,666,0,0,0,950,recovery,599
15.189567491675273,40,0,293,667,0,0,0,950,recovery,195
15.194018290963081,39,0,294,667,0,0,0,951,infection,770
15.236523177250163,39,0,293,668,0,0,0,951,recovery,345
15.253118979427057,39,0,292,669,0,0,0,951,recovery,847
15.256701162364621,39,0,291,670,0,0,0,951,recovery,605
15.261220138175986,39,0,290,671,0,0,0,951,recovery,454
15.288544635260553,39,0,289,672,0,0,0,951,recovery,659
15.325890910179472,39,0,288,673,0,0,0,951,recovery,98
15.425618839930085,39,0,287,674,0,0,0,951,recovery,422
15.45404684972693,39,0,286,675,0,0,0,951,recovery,561
15.475133387786329,39,0,285,676,0,0,0,951,recovery,562
15.488778575274807,39,0,284,677,0,0,0,951,recovery,970
15.511441184883932,39,0,283,678,0,0,0,951,recovery,908
15.512308545265794,39,0,282,679,0,0,0,951,recovery,823
15.520626698473087,39,0,281,680,0,0,0,951,recovery,935
15.533506240551784,39,0,280,681,0,0,0,951,recovery,842
15.552033969809672,39,0,279,682,0,0,0,951,recovery,662
15.55495206973741,39,0,278,683,0,0,0,951,recovery,650
15.570276948282704,39,0,277,684,0,0,0,951,recovery,407
15.622512503038934,39,0,276,685,0,0,0,951,recovery,529
15.651106439851139,39,0,275,686,0,0,0,951,recovery,310
15.66213233295144,39,0,274,687,0,0,0,951,recovery,91
15.696563584479229,39,0,273,688,0,0,0,951,recovery,724
15.74150130121598,39,0,272,689,0,0,0,951,recovery,491
15.758204152174724,39,0,271,690,0,0,0,951,recovery,967
15.839888013501568,39,0,270,691,0,0,0,951,recovery,74
15.844552088387932,39,0,269,692,0,0,0,951,recovery,367
15.844613843192626,39,0,268,693,0,0,0,951,recovery,343
15.84973025039551,39,0,267,694,0,0,0,951,recovery,784
15.859642577271485,38,0,268,694,0,0,0,952,infection,780
15.88530275793866,38,0,267,695,0,0,0,952,recovery,931
15.88787526571689,38,0,266,696,0,0,0,952,recovery,877
15.921081263250652,38,0,265,697,0,0,0,952,recovery,714
15.932807702441771,38,0,264,698,0,0,0,952,recovery,640
15.940168711386736,38,0,263,699,0,0,0,952,recovery,256
15.946893588509228,38,0,262,700,0,0,0,952,recovery,63
15.968811805911447,38,0,261,701,0,0,0,952,recovery,646
16.03254029339811,38,0,260,702,0,0,0,952,recovery,358
16.03426620113566,38,0,259,703,0,0,0,952,recovery,901
16.04430494583165,38,0,258,704,0,0,0,952,recovery,309
16.055239733207802,38,0,257,705,0,0,0,952,recovery,840
16.06235036786686,38,0,256,706,0,0,0,952,recovery,82
16.068401549656954,37,0,257,706,0,0,0,953,infection,479
16.077899821361743,37,0,256,707,0,0,0,953,recovery,799
16.096694195968187,37,0,255,708,0,0,0,953,recovery,603
16.101073924814855,37,0,254,709,0,0,0,953,recovery,577
16.122886767624784,37,0,253,710,0,0,0,953,recovery,880
16.201151604851006,37,0,252,711,0,0,0,953,recovery,457
16.206287674083327,37,0,251,712,0,0,0,953,recovery,793
16.220787673853437,36,0,252,712,0,0,0,954,infection,926
16.238161458578816,36,0,251,713,0,0,0,954,recovery,875
16.315402203259104,36,0,250,714,0,0,0,954,recovery,463
16.408464281091778,36,0,249,715,0,0,0,954,recovery,754
16.415313299701435,36,0,248,716,0,0,0,954,recovery,375
16.421952259203614,35,0,249,716,0,0,0,955,infection,535
16.428684156964213,34,0,250,716,0,0,0,956,infection,548
16.431423790944304,34,0,249,717,0,0,0,956,recovery,248
16.44122432385237,34,0,248,718,0,0,0,956,recovery,342
16.45315242487063,34,0,247,719,0,0,0,956,recovery,176
16.45478758070309,34,0,246,720,0,0,0,956,recovery,478
16.456470289548616,34,0,245,721,0,0,0,956,recovery,73
16.470148071841464,34,0,244,722,0,0,0,956,recovery,283
16.481271030694067,34,0,243,723,0,0,0,956,recovery,35
16.483791598558085,34,0,242,724,0,0,0,956,recovery,322
16.50511683564593,33,0,243,724,0,0,0,957,infection,917
16.554926435995906,33,0,242,725,0,0,0,957,recovery,229
16.560693127915766,33,0,241,726,0,0,0,957,recovery,121
16.561226041759472,33,0,240,727,0,0,0,957,recovery,557
16.58599702227088,33,0,239,728,0,0,0,957,recovery,228
16.637859357668088,33,0,238,729,0,0,0,957,recovery,410
16.65004710062449,33,0,237,730,0,0,0,957,recovery,123
16.67317889116479,32,0,238,730,0,0,0,958,infection,981
16.67788682794112,32,0,237,731,0,0,0,958,recovery,462
16.713120883390605,32,0,236,732,0,0,0,958,recovery,240
16.737870088636107,32,0,235,733,0,0,0,958,recovery,528
16.760029397481645,32,0,234,734,0,0,0,958,recovery,920
16.810431845926995,31,0,235,734,0,0,0,959,infection,575
16.8278345598518,30,0,236,734,0,0,0,960,infection,238
16.861722770339764,29,0,237,734,0,0,0,961,infection,848
16.87275123815187,29,0,236,735,0,0,0,961,recovery,185
16.96193286550446,29,0,235,736,0,0,0,961,recovery,986
16.977597454090333,29,0,234,737,0,0,0,961,recovery,505
16.981098980697702,29,0,233,738,0,0,0,961,recovery,112
16.990230532933317,28,0,234,738,0,0,0,962,infection,226
17.04832351780871,28,0,233,739,0,0,0,962,recovery,809
17.05289389241429,27,0,234,739,0,0,0,963,infection,728
17.064537368177092,27,0,233,740,0,0,0,963,recovery,6
17.07333413235031,27,0,232,741,0,0,0,963,recovery,468
17.09105104726121,27,0,231,742,0,0,0,963,recovery,23
17.105109803353113,27,0,230,743,0,0,0,963,recovery,288
17.116676593486897,27,0,229,744,0,0,0,963,recovery,581
17.129896724056287,27,0,228,745,0,0,0,963,recovery,470
17.169908625379502,27,0,227,746,0,0,0,963,recovery,981
17.170430623828043,27,0,226,747,0,0,0,963,recovery,488
17.17647616703624,27,0,225,748,0,0,0,963,recovery,136
17.199171188890915,27,0,224,749,0,0,0,963,recovery,174
17.21062559472467,26,0,225,749,0,0,0,964,infection,530
17.224504403373153,26,0,224,750,0,0,0,964,recovery,433
17.258874110211423,25,0,225,750,0,0,0,965,infection,402
17.27253458088857,25,0,224,751,0,0,0,965,recovery,591
17.37358559138125,25,0,223,752,0,0,0,965,recovery,890
17.419001422828565,25,0,222,753,0,0,0,965,recovery,181
17.428037147750473,25,0,221,754,0,0,0,965,recovery,601
17.47768938613295,25,0,220,755,0,0,0,965,recovery,434
17.515951591587502,25,0,219,756,0,0,0,965,recovery,575
17.538260924507412,25,0,218,757,0,0,0,965,recovery,210
17.544336369676245,25,0,217,758,0,0,0,965,recovery,811
17.578193645039725,25,0,216,759,0,0,0,965,recovery,326
17.58732666341571,25,0,215,760,0,0,0,965,recovery,953
17.64848452903299,25,0,214,761,0,0,0,965,recovery,660
17.681066444415425,25,0,213,762,0,0,0,965,recovery,294
17.707905196847104,25,0,212,763,0,0,0,965,recovery,280
17.751603689038586,25,0,211,764,0,0,0,965,recovery,70
17.762015591200452,25,0,210,765,0,0,0,965,recovery,72
17.78749441837402,24,0,211,765,0,0,0,966,infection,748
17.7982206641096,24,0,210,766,0,0,0,966,recovery,452
17.877794366768335,24,0,209,767,0,0,0,966,recovery,314
17.94174510550161,24,0,208,768,0,0,0,966,recovery,168
17.948593603616402,24,0,207,769,0,0,0,966,recovery,494
17.99301304813004,24,0,206,770,0,0,0,966,recovery,668
17.993215475837975,24,0,205,771,0,0,0,966,recovery,89
17.993970438020852,23,0,206,771,0,0,0,967,infection,711
18.03604810369248,23,0,205,772,0,0,0,967,recovery,40
18.134458480326682,23,0,204,773,0,0,0,967,recovery,113
18.136758737437706,23,0,203,774,0,0,0,967,recovery,178
18.157588745558698,23,0,202,775,0,0,0,967,recovery,879
18.16051581517915,23,0,201,776,0,0,0,967,recovery,405
18.189132473091544,22,0,202,776,0,0,0,968,infection,151
18.281976785209494,22,0,201,777,0,0,0,968,recovery,683
18.285972846278327,22,0,200,778,0,0,0,968,recovery,226
18.286411841746304,22,0,199,779,0,0,0,968,recovery,947
18.333087492232778,22,0,198,780,0,0,0,968,recovery,786
18.360887813393763,22,0,197,781,0,0,0,968,recovery,425
18.382637182192575,22,0,196,782,0,0,0,968,recovery,437
18.417201888541687,22,0,195,783,0,0,0,968,recovery,851
18.421592324319732,22,0,194,784,0,0,0,968,recovery,307
18.43241374702692,22,0,193,785,0,0,0,968,recovery,836
18.434778999722912,22,0,192,786,0,0,0,968,recovery,334
18.447069119673404,22,0,191,787,0,0,0,968,recovery,849
18.455030447374792,22,0,190,788,0,0,0,968,recovery,518
18.505493123786074,22,0,189,789,0,0,0,968,recovery,62
18.512433132487303,22,0,188,790,0,0,0,968,recovery,728
18.533428486721586,22,0,187,791,0,0,0,968,recovery,893
18.641234054888674,22,0,186,792,0,0,0,968,recovery,381
18.64632443919171,22,0,185,793,0,0,0,968,recovery,211
18.680163286876997,22,0,184,794,0,0,0,968,recovery,12
18.687257146764683,22,0,183,795,0,0,0,968,recovery,56
18.760763289103426,22,0,182,796,0,0,0,968,recovery,321
18.79985106598178,22,0,181,797,0,0,0,968,recovery,963
18.808350639362214,22,0,180,798,0,0,0,968,recovery,357
18.83456678398133,21,0,181,798,0,0,0,969,infection,230
18.848999311491564,21,0,180,799,0,0,0,969,recovery,616
18.85754742882046,21,0,179,800,0,0,0,969,recovery,587
18.912883131612876,21,0,178,801,0,0,0,969,recovery,820
18.96241822108592,21,0,177,802,0,0,0,969,recovery,801
18.996426408164208,21,0,176,803,0,0,0,969,recovery,917
19.051721992207163,21,0,175,804,0,0,0,969,recovery,301
19.073068141223967,21,0,174,805,0,0,0,969,recovery,850
19.10960216624677,21,0,173,806,0,0,0,969,recovery,126
19.125648105478728,21,0,172,807,0,0,0,969,recovery,238
19.167701103206067,21,0,171,808,0,0,0,969,recovery,32
19.17566341724445,21,0,170,809,0,0,0,969,recovery,447
19.18820849609782,21,0,169,810,0,0,0,969,recovery,548
19.236418972506126,21,0,168,811,0,0,0,969,recovery,555
19.243827528258926,21,0,167,812,0,0,0,969,recovery,106
19.27648414986723,21,0,166,813,0,0,0,969,recovery,67
19.303346269295634,21,0,165,814,0,0,0,969,recovery,79
19.33589303168073,20,0,166,814,0,0,0,970,infection,208
19.35058017864687,19,0,167,814,0,0,0,971,infection,661
19.3545404173062,19,0,166,815,0,0,0,971,recovery,954
19.36398674328944,19,0,165,816,0,0,0,971,recovery,709
19.40053321052595,19,0,164,817,0,0,0,971,recovery,843
19.430399006589987,19,0,163,818,0,0,0,971,recovery,533
19.46240588858592,19,0,162,819,0,0,0,971,recovery,501
19.50736504815493,19,0,161,820,0,0,0,971,recovery,408
19.555096856857443,19,0,160,821,0,0,0,971,recovery,615
19.61683091197078,19,0,159,822,0,0,0,971,recovery,695
19.618509971494785,19,0,158,823,0,0,0,971,recovery,401
19.62060192584555,19,0,157,824,0,0,0,971,recovery,530
19.65523022124836,19,0,156,825,0,0,0,971,recovery,898
19.680680227566043,19,0,155,826,0,0,0,971,recovery,579
19.745121849356668,19,0,154,827,0,0,0,971,recovery,839
19.750013543657783,19,0,153,828,0,0,0,971,recovery,610
19.778352210625386,18,0,154,828,0,0,0,972,infection,684
19.845729987771207,18,0,153,829,0,0,0,972,recovery,366
19.911190815370347,18,0,152,830,0,0,0,972,recovery,770
19.947447874891413,17,0,153,830,0,0,0,973,infection,859
19.970995320991854,17,0,152,831,0,0,0,973,recovery,733
20.032241600132036,17,0,151,832,0,0,0,973,recovery,825
20.05419448370091,17,0,150,833,0,0,0,973,recovery,536
20.098872615232118,17,0,149,834,0,0,0,973,recovery,780
20.11608374800943,17,0,148,835,0,0,0,973,recovery,156
20.131991493161244,16,0,149,835,0,0,0,974,infection,747
20.13759555451362,16,0,148,836,0,0,0,974,recovery,567
20.151956160035702,16,0,147,837,0,0,0,974,recovery,868
20.19553024543356,15,0,148,837,0,0,0,975,infection,475
20.282692732526087,15,0,147,838,0,0,0,975,recovery,324
20.383133731773707,15,0,146,839,0,0,0,975,recovery,773
20.4334768427854,15,0,145,840,0,0,0,975,recovery,412
20.438644085640938,15,0,144,841,0,0,0,975,recovery,727
20.45149078773045,15,0,143,842,0,0,0,975,recovery,391
20.456448493322934,15,0,142,843,0,0,0,975,recovery,613
20.504157111088052,15,0,141,844,0,0,0,975,recovery,636
20.576220199717362,15,0,140,845,0,0,0,975,recovery,475
20.586391603642824,15,0,139,846,0,0,0,975,recovery,753
20.623461900055908,15,0,138,847,0,0,0,975,recovery,59
20.635582941353757,15,0,137,848,0,0,0,975,recovery,398
20.672147683680958,15,0,136,849,0,0,0,975,recovery,926
20.69413609660826,15,0,135,850,0,0,0,975,recovery,578
20.718757483384888,15,0,134,851,0,0,0,975,recovery,237
20.74281800850269,15,0,133,852,0,0,0,975,recovery,600
20.839947755508767,14,0,134,852,0,0,0,976,infection,949
20.889808180747753,14,0,133,853,0,0,0,976,recovery,583
20.97355393264248,14,0,132,854,0,0,0,976,recovery,266
20.983582493381633,13,0,133,854,0,0,0,977,infection,246
20.983940972103966,13,0,132,855,0,0,0,977,recovery,204
21.138474891855175,13,0,131,856,0,0,0,977,recovery,262
21.149156431708857,13,0,130,857,0,0,0,977,recovery,255
21.161634165727087,13,0,129,858,0,0,0,977,recovery,653
21.301843592222333,13,0,128,859,0,0,0,977,recovery,619
21.445346913616238,13,0,127,860,0,0,0,977,recovery,895
21.527909950809132,13,0,126,861,0,0,0,977,recovery,936
21.554267366769405,12,0,127,861,0,0,0,978,infection,507
21.627883238586982,12,0,126,862,0,0,0,978,recovery,52
21.647720530745787,12,0,125,863,0,0,0,978,recovery,78
21.65673081456418,12,0,124,864,0,0,0,978,recovery,949
21.72519092035588,12,0,123,865,0,0,0,978,recovery,336
21.73548161234193,12,0,122,866,0,0,0,978,recovery,467
21.77799119423202,12,0,121,867,0,0,0,978,recovery,989
21.855736504279747,11,0,122,867,0,0,0,979,infection,27
21.887713618154162,11,0,121,868,0,0,0,979,recovery,711
21.893797077299546,11,0,120,869,0,0,0,979,recovery,844
21.897102526357656,11,0,119,870,0,0,0,979,recovery,841
21.994023688442983,11,0,118,871,0,0,0,979,recovery,551
22.064629035832958,11,0,117,872,0,0,0,979,recovery,988
22.156917380118507,11,0,116,873,0,0,0,979,recovery,465
22.274825085838167,11,0,115,874,0,0,0,979,recovery,103
22.393949594213918,11,0,114,875,0,0,0,979,recovery,802
22.404943171806618,11,0,113,876,0,0,0,979,recovery,965
22.47651232907952,11,0,112,877,0,0,0,979,recovery,230
22.574271749611167,11,0,111,878,0,0,0,979,recovery,933
22.680213699875548,11,0,110,879,0,0,0,979,recovery,218
22.922371640717895,10,0,111,879,0,0,0,980,infection,354
22.96513055639088,10,0,110,880,0,0,0,980,recovery,681
23.12663757942266,10,0,109,881,0,0,0,980,recovery,216
23.211274136759393,10,0,108,882,0,0,0,980,recovery,829
23.21346159075526,10,0,107,883,0,0,0,980,recovery,364
23.28121805033971,10,0,106,884,0,0,0,980,recovery,453
23.323309911620825,10,0,105,885,0,0,0,980,recovery,143
23.32624796458029,10,0,104,886,0,0,0,980,recovery,319
23.376767005155962,10,0,103,887,0,0,0,980,recovery,167
23.39376887904897,10,0,102,888,0,0,0,980,recovery,351
23.44068673708656,10,0,101,889,0,0,0,980,recovery,570
23.656954796085458,10,0,100,890,0,0,0,980,recovery,212
23.65846626962557,10,0,99,891,0,0,0,980,recovery,620
23.726332620029712,10,0,98,892,0,0,0,980,recovery,264
23.81124151784975,10,0,97,893,0,0,0,980,recovery,188
23.811984231545114,10,0,96,894,0,0,0,980,recovery,241
23.906984243705615,10,0,95,895,0,0,0,980,recovery,149
23.9159219591482,10,0,94,896,0,0,0,980,recovery,955
23.946112684427966,10,0,93,897,0,0,0,980,recovery,11
24.08998352030351,10,0,92,898,0,0,0,980,recovery,984
24.14905997146973,10,0,91,899,0,0,0,980,recovery,272
24.168552765998335,10,0,90,900,0,0,0,980,recovery,438
24.188640253537386,10,0,89,901,0,0,0,980,recovery,655
24.2008662789939,10,0,88,902,0,0,0,980,recovery,723
24.462859967355133,9,0,89,902,0,0,0,981,infection,568
24.49518221012748,9,0,88,903,0,0,0,981,recovery,22
24.51383053284809,9,0,87,904,0,0,0,981,recovery,191
24.519987868099044,9,0,86,905,0,0,0,981,recovery,924
24.53218527259478,9,0,85,906,0,0,0,981,recovery,857
24.82027680140515,9,0,84,907,0,0,0,981,recovery,221
24.845040436468146,9,0,83,908,0,0,0,981,recovery,721
24.846448677007483,9,0,82,909,0,0,0,981,recovery,937
24.977670772698247,9,0,81,910,0,0,0,981,recovery,14
24.978681502655828,9,0,80,911,0,0,0,981,recovery,540
25.0211612070714,9,0,79,912,0,0,0,981,recovery,429
25.022013175629866,9,0,78,913,0,0,0,981,recovery,628
25.282497918746405,9,0,77,914,0,0,0,981,recovery,859
25.38414794491626,9,0,76,915,0,0,0,981,recovery,274
25.552087418667078,9,0,75,916,0,0,0,981,recovery,504
25.594808838929985,9,0,74,917,0,0,0,981,recovery,698
25.63376995025839,9,0,73,918,0,0,0,981,recovery,927
26.001632057433397,9,0,72,919,0,0,0,981,recovery,670
26.352796899061495,9,0,71,920,0,0,0,981,recovery,2
26.387948021172278,9,0,70,921,0,0,0,981,recovery,236
26.728051281942204,9,0,69,922,0,0,0,981,recovery,853
26.788479288561117,8,0,70,922,0,0,0,982,infection,787
26.919185904661013,8,0,69,923,0,0,0,982,recovery,580
27.201912641488537,8,0,68,924,0,0,0,982,recovery,471
27.29130999231384,8,0,67,925,0,0,0,982,recovery,42
27.368309391069094,8,0,66,926,0,0,0,982,recovery,774
27.405975415166473,8,0,65,927,0,0,0,982,recovery,402
27.6237282579251,8,0,64,928,0,0,0,982,recovery,203
27.752059021209146,8,0,63,929,0,0,0,982,recovery,354
27.78371796661461,8,0,62,930,0,0,0,982,recovery,28
27.801846087786586,8,0,61,931,0,0,0,982,recovery,172
27.890337785638007,8,0,60,932,0,0,0,982,recovery,710
28.05559003395053,8,0,59,933,0,0,0,982,recovery,291
28.148153440494006,8,0,58,934,0,0,0,982,recovery,151
28.19937790226958,8,0,57,935,0,0,0,982,recovery,661
28.365094337625692,8,0,56,936,0,0,0,982,recovery,854
28.367664677322594,8,0,55,937,0,0,0,982,recovery,848
28.456519373561488,8,0,54,938,0,0,0,982,recovery,663
28.713487139571985,8,0,53,939,0,0,0,982,recovery,507
28.76525832140409,8,0,52,940,0,0,0,982,recovery,201
28.789847834648278,8,0,51,941,0,0,0,982,recovery,445
28.95294058149406,8,0,50,942,0,0,0,982,recovery,914
29.026664619231205,8,0,49,943,0,0,0,982,recovery,718
29.057120162082818,8,0,48,944,0,0,0,982,recovery,719
29.0686292241256,8,0,47,945,0,0,0,982,recovery,85
29.107303301917888,8,0,46,946,0,0,0,982,recovery,674
29.3398847381021,8,0,45,947,0,0,0,982,recovery,822
29.531491016811067,8,0,44,948,0,0,0,982,recovery,202
29.908209411843316,8,0,43,949,0,0,0,982,recovery,921
29.935805388908566,8,0,42,950,0,0,0,982,recovery,243
30.07099479645101,8,0,41,951,0,0,0,982,recovery,159
30.254468179351857,8,0,40,952,0,0,0,982,recovery,703
30.360537040620585,8,0,39,953,0,0,0,982,recovery,27
30.712003210443186,8,0,38,954,0,0,0,982,recovery,116
30.83673698594938,8,0,37,955,0,0,0,982,recovery,679
30.86173423876866,8,0,36,956,0,0,0,982,recovery,246
30.89661733918045,8,0,35,957,0,0,0,982,recovery,374
30.906552875175592,7,0,36,957,0,0,0,983,infection,125
31.131486761378838,7,0,35,958,0,0,0,983,recovery,535
31.13758325340438,7,0,34,959,0,0,0,983,recovery,532
32.17823218803563,7,0,33,960,0,0,0,983,recovery,835
32.179728836614366,7,0,32,961,0,0,0,983,recovery,124
32.61013092180921,7,0,31,962,0,0,0,983,recovery,120
32.793389554652734,7,0,30,963,0,0,0,983,recovery,177
33.0952183057581,7,0,29,964,0,0,0,983,recovery,480
33.33909293137904,7,0,28,965,0,0,0,983,recovery,61
33.93316517962825,7,0,27,966,0,0,0,983,recovery,278
34.09516803780175,7,0,26,967,0,0,0,983,recovery,125
34.22487761077986,7,0,25,968,0,0,0,983,recovery,941
34.390721038698274,7,0,24,969,0,0,0,983,recovery,105
34.53423102818184,7,0,23,970,0,0,0,983,recovery,498
34.89049672062451,7,0,22,971,0,0,0,983,recovery,426
35.38408975820293,7,0,21,972,0,0,0,983,recovery,795
35.644061306476544,7,0,20,973,0,0,0,983,recovery,486
35.95073422344046,7,0,19,974,0,0,0,983,recovery,523
35.96024529300071,7,0,18,975,0,0,0,983,recovery,287
36.32015259762064,7,0,17,976,0,0,0,983,recovery,208
36.94543887701748,7,0,16,977,0,0,0,983,recovery,684
37.904911265645694,7,0,15,978,0,0,0,983,recovery,403
38.31486361202915,7,0,14,979,0,0,0,983,recovery,810
39.75141021831051,7,0,13,980,0,0,0,983,recovery,748
39.792542872533815,7,0,12,981,0,0,0,983,recovery,95
40.0,7,0,12,981,0,0,0,983,horizon,0
