t,S,E,I,R,births,deaths,vaccinated,infections,event,person
0.0,990,0,10,0,0,0,0,0,initial,0
0.09860385999345399,989,0,11,0,0,0,0,1,infection,254
0.16285203166688098,988,0,12,0,0,0,0,2,infection,387
0.22264601712682067,987,0,13,0,0,0,0,3,infection,78
0.34225009200692985,986,0,14,0,0,0,0,4,infection,301
0.40818156090712593,985,0,15,0,0,0,0,5,infection,196
0.4540077432479584,984,0,16,0,0,0,0,6,infection,6
0.4708951429329157,983,0,17,0,0,0,0,7,infection,712
0.6585657422100195,982,0,18,0,0,0,0,8,infection,714
0.6829809225245189,981,0,19,0,0,0,0,9,infection,33
0.7191418274456765,980,0,20,0,0,0,0,10,infection,565
0.7510827633321225,979,0,21,0,0,0,0,11,infection,646
0.7814094608765337,979,0,20,1,0,0,0,11,recovery,33
0.9317261536866939,978,0,21,1,0,0,0,12,infection,921
0.956416246593337,977,0,22,1,0,0,0,13,infection,848
1.0476152362627893,976,0,23,1,0,0,0,14,infection,411
1.121517037299322,976,0,22,2,0,0,0,14,recovery,646
1.299213588113434,975,0,23,2,0,0,0,15,infection,73
1.4708369226723534,974,0,24,2,0,0,0,16,infection,872
1.4893705471824585,973,0,25,2,0,0,0,17,infection,293
1.7553567021941392,972,0,26,2,0,0,0,18,infection,463
1.7683740633713956,971,0,27,2,0,0,0,19,infection,442
1.8161930610125052,970,0,28,2,0,0,0,20,infection,199
1.8228776831612572,969,0,29,2,0,0,0,21,infection,52
1.8973010592690636,968,0,30,2,0,0,0,22,infection,956
1.9331859258060617,967,0,31,2,0,0,0,23,infection,584
2.0279086314194297,966,0,32,2,0,0,0,24,infection,361
2.273755944103052,965,0,33,2,0,0,0,25,infection,304
2.3219030049939473,964,0,34,2,0,0,0,26,infection,271
2.453103508002579,963,0,35,2,0,0,0,27,infection,152
2.4794460973289625,963,0,34,3,0,0,0,27,recovery,1000
2.496850460845644,962,0,35,3,0,0,0,28,infection,979
2.5250626805483227,962,0,34,4,0,0,0,28,recovery,956
2.5509455870036812,961,0,35,4,0,0,0,29,infection,201
2.5621320238644625,961,0,34,5,0,0,0,29,recovery,997
2.5736120256467125,961,0,33,6,0,0,0,29,recovery,992
2.574010832844885,961,0,32,7,0,0,0,29,recovery,584
2.586532239164231,960,0,33,7,0,0,0,30,infection,150
2.6010167931532595,959,0,34,7,0,0,0,31,infection,62
2.6722495889375306,958,0,35,7,0,0,0,32,infection,755
2.7208580336523296,957,0,36,7,0,0,0,33,infection,18
2.796620202506885,956,0,37,7,0,0,0,34,infection,559
2.8003090513994118,956,0,36,8,0,0,0,34,recovery,196
2.861288248545568,955,0,37,8,0,0,0,35,infection,689
2.8652110655892558,954,0,38,8,0,0,0,36,infection,549
2.9058978394195885,953,0,39,8,0,0,0,37,infection,233
2.9318877037420883,952,0,40,8,0,0,0,38,infection,318
3.013247825468933,951,0,41,8,0,0,0,39,infection,441
3.10090620824992,950,0,42,8,0,0,0,40,infection,844
3.164815372874659,949,0,43,8,0,0,0,41,infection,609
3.1791412809394752,948,0,44,8,0,0,0,42,infection,44
3.2744873121886764,947,0,45,8,0,0,0,43,infection,195
3.3033542196097825,946,0,46,8,0,0,0,44,infection,812
3.3678882627856184,945,0,47,8,0,0,0,45,infection,535
3.396090626920845,944,0,48,8,0,0,0,46,infection,417
3.39791296832528,943,0,49,8,0,0,0,47,infection,732
3.4462001567212592,942,0,50,8,0,0,0,48,infection,647
3.46947887739396,942,0,49,9,0,0,0,48,recovery,812
3.4910290868908262,941,0,50,9,0,0,0,49,infection,858
3.5012331433932267,941,0,49,10,0,0,0,49,recovery,73
3.526341856049917,940,0,50,10,0,0,0,50,infection,222
3.527499284547496,939,0,51,10,0,0,0,51,infection,269
3.5365962812809846,939,0,50,11,0,0,0,51,recovery,755
3.5608642629474025,938,0,51,11,0,0,0,52,infection,412
3.573127381046441,937,0,52,11,0,0,0,53,infection,740
3.5748170700775863,937,0,51,12,0,0,0,53,recovery,442
3.6113332948686727,936,0,52,12,0,0,0,54,infection,457
3.630230412823322,935,0,53,12,0,0,0,55,infection,170
3.6858406997256776,935,0,52,13,0,0,0,55,recovery,304
3.695892249129589,934,0,53,13,0,0,0,56,infection,266
3.6977967631482183,933,0,54,13,0,0,0,57,infection,491
3.7977017818903027,932,0,55,13,0,0,0,58,infection,580
3.8188987721706673,931,0,56,13,0,0,0,59,infection,783
3.8384735428333663,931,0,55,14,0,0,0,59,recovery,441
3.8478602739672247,930,0,56,14,0,0,0,60,infection,659
3.867807489210456,929,0,57,14,0,0,0,61,infection,556
3.8748527613523462,928,0,58,14,0,0,0,62,infection,528
3.8767287393021737,927,0,59,14,0,0,0,63,infection,462
3.8909990359026865,926,0,60,14,0,0,0,64,infection,828
3.9004353152274955,925,0,61,14,0,0,0,65,infection,832
3.9403051763053507,924,0,62,14,0,0,0,66,infection,192
3.973595923332566,923,0,63,14,0,0,0,67,infection,503
4.015210911525462,922,0,64,14,0,0,0,68,infection,54
4.054438029867103,921,0,65,14,0,0,0,69,infection,583
4.106762604024154,920,0,66,14,0,0,0,70,infection,11
4.109401895571984,920,0,65,15,0,0,0,70,recovery,848
4.124449011741863,919,0,66,15,0,0,0,71,infection,554
4.124600270756107,919,0,65,16,0,0,0,71,recovery,828
4.131623960744572,918,0,66,16,0,0,0,72,infection,67
4.136436184078811,917,0,67,16,0,0,0,73,infection,731
4.234724216883045,917,0,66,17,0,0,0,73,recovery,872
4.235666836726701,916,0,67,17,0,0,0,74,infection,520
4.243558185729208,915,0,68,17,0,0,0,75,infection,470
4.250170693276145,914,0,69,17,0,0,0,76,infection,263
4.25614709696929,913,0,70,17,0,0,0,77,infection,49
4.258039502826412,913,0,69,18,0,0,0,77,recovery,556
4.270339291702677,912,0,70,18,0,0,0,78,infection,219
4.364761294362774,911,0,71,18,0,0,0,79,infection,792
4.408164093351699,911,0,70,19,0,0,0,79,recovery,559
4.4503994553115245,910,0,71,19,0,0,0,80,infection,876
4.453073248596653,909,0,72,19,0,0,0,81,infection,490
4.460839814910486,909,0,71,20,0,0,0,81,recovery,44
4.4753293316332785,908,0,72,20,0,0,0,82,infection,592
4.538578238557947,907,0,73,20,0,0,0,83,infection,209
4.544832250397063,906,0,74,20,0,0,0,84,infection,474
4.5510122912274875,906,0,73,21,0,0,0,84,recovery,195
4.577279955916913,905,0,74,21,0,0,0,85,infection,636
4.59226801087281,905,0,73,22,0,0,0,85,recovery,387
4.645209785039809,904,0,74,22,0,0,0,86,infection,451
4.668037436595417,903,0,75,22,0,0,0,87,infection,976
4.7263548208391635,902,0,76,22,0,0,0,88,infection,579
4.728918782860946,901,0,77,22,0,0,0,89,infection,834
4.744177277245533,901,0,76,23,0,0,0,89,recovery,712
4.778079253933528,900,0,77,23,0,0,0,90,infection,952
4.795040756820016,899,0,78,23,0,0,0,91,infection,159
4.810002829253538,898,0,79,23,0,0,0,92,infection,602
4.813938091323519,897,0,80,23,0,0,0,93,infection,76
4.828716532913739,897,0,79,24,0,0,0,93,recovery,209
4.854418082007563,896,0,80,24,0,0,0,94,infection,394
4.898330939847195,895,0,81,24,0,0,0,95,infection,228
4.902531763311116,895,0,80,25,0,0,0,95,recovery,394
4.917586818107065,894,0,81,25,0,0,0,96,infection,17
4.939602914176411,893,0,82,25,0,0,0,97,infection,281
4.961877178723237,892,0,83,25,0,0,0,98,infection,365
4.998705115399974,891,0,84,25,0,0,0,99,infection,134
5.0001411653675785,891,0,83,26,0,0,0,99,recovery,170
5.006575579299613,891,0,82,27,0,0,0,99,recovery,792
5.083843520431559,890,0,83,27,0,0,0,100,infection,954
5.128164239470016,890,0,82,28,0,0,0,100,recovery,976
5.137203556443706,889,0,83,28,0,0,0,101,infection,215
5.138146225822323,889,0,82,29,0,0,0,101,recovery,999
5.164584591164838,888,0,83,29,0,0,0,102,infection,88
5.184536211806837,887,0,84,29,0,0,0,103,infection,944
5.196732653381796,886,0,85,29,0,0,0,104,infection,202
5.20114953634532,885,0,86,29,0,0,0,105,infection,572
5.203582588523056,884,0,87,29,0,0,0,106,infection,906
5.214341762685686,883,0,88,29,0,0,0,107,infection,316
5.226448828961292,883,0,87,30,0,0,0,107,recovery,714
5.243740268589112,883,0,86,31,0,0,0,107,recovery,952
5.244506337063363,883,0,85,32,0,0,0,107,recovery,254
5.270970955173929,882,0,86,32,0,0,0,108,infection,16
5.282064976206461,881,0,87,32,0,0,0,109,infection,376
5.282181181622017,880,0,88,32,0,0,0,110,infection,435
5.380304119531053,879,0,89,32,0,0,0,111,infection,761
5.405841711699471,878,0,90,32,0,0,0,112,infection,477
5.4121703905174225,877,0,91,32,0,0,0,113,infection,472
5.4237802448399375,876,0,92,32,0,0,0,114,infection,473
5.428449740835011,875,0,93,32,0,0,0,115,infection,773
5.431025782994493,874,0,94,32,0,0,0,116,infection,405
5.4682559809137175,873,0,95,32,0,0,0,117,infection,257
5.538459703891645,872,0,96,32,0,0,0,118,infection,283
5.540665666420597,872,0,95,33,0,0,0,118,recovery,998
5.559489731651443,872,0,94,34,0,0,0,118,recovery,412
5.5659409158191195,872,0,93,35,0,0,0,118,recovery,457
5.584338353525517,871,0,94,35,0,0,0,119,infection,560
5.6002334553284285,871,0,93,36,0,0,0,119,recovery,560
5.608324200069433,870,0,94,36,0,0,0,120,infection,289
5.616690589891827,869,0,95,36,0,0,0,121,infection,582
5.63533418131369,868,0,96,36,0,0,0,122,infection,476
5.636866703902458,867,0,97,36,0,0,0,123,infection,492
5.640582443054928,867,0,96,37,0,0,0,123,recovery,979
5.661351271440772,866,0,97,37,0,0,0,124,infection,596
5.713871006804804,865,0,98,37,0,0,0,125,infection,439
5.719083666696153,864,0,99,37,0,0,0,126,infection,776
5.720897066678823,864,0,98,38,0,0,0,126,recovery,477
5.731469874027257,863,0,99,38,0,0,0,127,infection,456
5.745310890962304,862,0,100,38,0,0,0,128,infection,570
5.7500038480652815,861,0,101,38,0,0,0,129,infection,510
5.792848713483821,860,0,102,38,0,0,0,130,infection,367
5.842241333821848,859,0,103,38,0,0,0,131,infection,305
5.850268028976372,858,0,104,38,0,0,0,132,infection,69
5.856145767454868,857,0,105,38,0,0,0,133,infection,767
5.863351259427668,856,0,106,38,0,0,0,134,infection,274
5.87851213926296,855,0,107,38,0,0,0,135,infection,314
5.897866070495803,854,0,108,38,0,0,0,136,infection,381
5.904107435385268,854,0,107,39,0,0,0,136,recovery,314
5.907454157508444,853,0,108,39,0,0,0,137,infection,648
5.913875119997416,852,0,109,39,0,0,0,138,infection,691
5.928700705675779,852,0,108,40,0,0,0,138,recovery,228
5.945175595272169,851,0,109,40,0,0,0,139,infection,79
5.972564385529048,850,0,110,40,0,0,0,140,infection,436
5.977526972249894,849,0,111,40,0,0,0,141,infection,378
5.988344551337087,848,0,112,40,0,0,0,142,infection,71
6.022546330504881,848,0,111,41,0,0,0,142,recovery,257
6.0381126129994005,847,0,112,41,0,0,0,143,infection,24
6.045788082197658,846,0,113,41,0,0,0,144,infection,268
6.057128559819426,845,0,114,41,0,0,0,145,infection,718
6.067887056716444,845,0,113,42,0,0,0,145,recovery,718
6.068118035227763,844,0,114,42,0,0,0,146,infection,980
6.087125743640363,844,0,113,43,0,0,0,146,recovery,381
6.111219721611293,844,0,112,44,0,0,0,146,recovery,52
6.112357011821116,843,0,113,44,0,0,0,147,infection,179
6.162138402977566,842,0,114,44,0,0,0,148,infection,619
6.164946067409904,841,0,115,44,0,0,0,149,infection,425
6.171066294551534,840,0,116,44,0,0,0,150,infection,307
6.212707675241273,839,0,117,44,0,0,0,151,infection,75
6.218481361709723,838,0,118,44,0,0,0,152,infection,61
6.253893881041209,837,0,119,44,0,0,0,153,infection,344
6.258316582413669,836,0,120,44,0,0,0,154,infection,454
6.2667407301501,835,0,121,44,0,0,0,155,infection,495
6.301519962194705,835,0,120,45,0,0,0,155,recovery,906
6.309604609902114,834,0,121,45,0,0,0,156,infection,671
6.320585604173551,833,0,122,45,0,0,0,157,infection,638
6.329970471987903,832,0,123,45,0,0,0,158,infection,656
6.333856250083702,832,0,122,46,0,0,0,158,recovery,520
6.3401336304947815,832,0,121,47,0,0,0,158,recovery,740
6.341079925109974,832,0,120,48,0,0,0,158,recovery,269
6.352468929719135,832,0,119,49,0,0,0,158,recovery,88
6.3639629842373635,831,0,120,49,0,0,0,159,infection,311
6.3670910925850235,830,0,121,49,0,0,0,160,infection,105
6.411178282514861,830,0,120,50,0,0,0,160,recovery,761
6.445376091695566,829,0,121,50,0,0,0,161,infection,120
6.458945764134292,828,0,122,50,0,0,0,162,infection,4
6.468164338453824,827,0,123,50,0,0,0,163,infection,896
6.487806218198219,826,0,124,50,0,0,0,164,infection,223
6.508156843669072,825,0,125,50,0,0,0,165,infection,153
6.515837998710434,824,0,126,50,0,0,0,166,infection,514
6.545566894049652,823,0,127,50,0,0,0,167,infection,561
6.570031838517171,822,0,128,50,0,0,0,168,infection,862
6.57816336538866,821,0,129,50,0,0,0,169,infection,966
6.586600779406663,820,0,130,50,0,0,0,170,infection,851
6.628155483091977,819,0,131,50,0,0,0,171,infection,245
6.631640383159404,818,0,132,50,0,0,0,172,infection,811
6.633254821611675,817,0,133,50,0,0,0,173,infection,725
6.633911161518438,816,0,134,50,0,0,0,174,infection,566
6.656191718431049,815,0,135,50,0,0,0,175,infection,567
6.661925712610863,814,0,136,50,0,0,0,176,infection,12
6.662377506468082,814,0,135,51,0,0,0,176,recovery,954
6.668417602867148,813,0,136,51,0,0,0,177,infection,461
6.677610025563356,812,0,137,51,0,0,0,178,infection,519
6.68426567597389,812,0,136,52,0,0,0,178,recovery,572
6.688473775011783,811,0,137,52,0,0,0,179,infection,815
6.695131385278236,810,0,138,52,0,0,0,180,infection,824
6.718321807767271,809,0,139,52,0,0,0,181,infection,43
6.725436099336136,808,0,140,52,0,0,0,182,infection,513
6.725743305848454,807,0,141,52,0,0,0,183,infection,468
6.741783128267095,806,0,142,52,0,0,0,184,infection,907
6.749097229136656,805,0,143,52,0,0,0,185,infection,940
6.756640488926128,804,0,144,52,0,0,0,186,infection,243
6.765295103305017,804,0,143,53,0,0,0,186,recovery,17
6.769688632338003,803,0,144,53,0,0,0,187,infection,608
6.784143902953126,803,0,143,54,0,0,0,187,recovery,980
6.797972122300676,803,0,142,55,0,0,0,187,recovery,365
6.806507949279827,802,0,143,55,0,0,0,188,infection,788
6.810832831356315,801,0,144,55,0,0,0,189,infection,309
6.813808099008769,801,0,143,56,0,0,0,189,recovery,561
6.841331225710776,800,0,144,56,0,0,0,190,infection,103
6.841425990808236,799,0,145,56,0,0,0,191,infection,576
6.845310833541161,798,0,146,56,0,0,0,192,infection,789
6.847541163129138,798,0,145,57,0,0,0,192,recovery,425
6.867570729476724,797,0,146,57,0,0,0,193,infection,98
6.875679336453595,796,0,147,57,0,0,0,194,infection,445
6.879769746897057,795,0,148,57,0,0,0,195,infection,193
6.879906230184248,794,0,149,57,0,0,0,196,infection,536
6.881380996775692,793,0,150,57,0,0,0,197,infection,827
6.889294146039231,792,0,151,57,0,0,0,198,infection,349
6.913098024662477,792,0,150,58,0,0,0,198,recovery,134
6.933749688605831,791,0,151,58,0,0,0,199,infection,915
6.945778063881715,790,0,152,58,0,0,0,200,infection,118
6.9618932493870185,789,0,153,58,0,0,0,201,infection,487
6.975559158540598,788,0,154,58,0,0,0,202,infection,926
6.99094514683136,787,0,155,58,0,0,0,203,infection,540
7.0075019064218464,786,0,156,58,0,0,0,204,infection,242
7.010212898267361,785,0,157,58,0,0,0,205,infection,752
7.024836531061758,785,0,156,59,0,0,0,205,recovery,536
7.045015012318304,785,0,155,60,0,0,0,205,recovery,827
7.047021917920588,784,0,156,60,0,0,0,206,infection,920
7.054891393244601,784,0,155,61,0,0,0,206,recovery,549
7.059774627901341,783,0,156,61,0,0,0,207,infection,829
7.094897983718088,782,0,157,61,0,0,0,208,infection,591
7.111844754241997,782,0,156,62,0,0,0,208,recovery,103
7.113672808262286,781,0,157,62,0,0,0,209,infection,119
7.116060289161237,780,0,158,62,0,0,0,210,infection,107
7.122936549410242,779,0,159,62,0,0,0,211,infection,178
7.129271098373836,779,0,158,63,0,0,0,211,recovery,16
7.135150953069474,778,0,159,63,0,0,0,212,infection,585
7.150366796464071,777,0,160,63,0,0,0,213,infection,696
7.154189394916009,776,0,161,63,0,0,0,214,infection,377
7.155000950776079,776,0,160,64,0,0,0,214,recovery,233
7.155403621979114,776,0,159,65,0,0,0,214,recovery,994
7.157472692589368,775,0,160,65,0,0,0,215,infection,760
7.177289042991418,774,0,161,65,0,0,0,216,infection,453
7.177693692411089,773,0,162,65,0,0,0,217,infection,639
7.188177724448299,773,0,161,66,0,0,0,217,recovery,451
7.193894566413579,772,0,162,66,0,0,0,218,infection,36
7.198381498236074,772,0,161,67,0,0,0,218,recovery,61
7.200768573669688,771,0,162,67,0,0,0,219,infection,400
7.202996249730573,771,0,161,68,0,0,0,219,recovery,773
7.2107309314923675,770,0,162,68,0,0,0,220,infection,422
7.216041353447092,769,0,163,68,0,0,0,221,infection,226
7.234208464142035,768,0,164,68,0,0,0,222,infection,467
7.251215482210067,768,0,163,69,0,0,0,222,recovery,454
7.255980827226023,767,0,164,69,0,0,0,223,infection,861
7.2651610315114326,766,0,165,69,0,0,0,224,infection,455
7.2718620613944704,765,0,166,69,0,0,0,225,infection,486
7.297590072044533,764,0,167,69,0,0,0,226,infection,975
7.315657107893468,763,0,168,69,0,0,0,227,infection,2
7.344269565752482,762,0,169,69,0,0,0,228,infection,969
7.374918434140555,761,0,170,69,0,0,0,229,infection,94
7.378334936250841,760,0,171,69,0,0,0,230,infection,698
7.386819409767366,759,0,172,69,0,0,0,231,infection,247
7.387468554726393,759,0,171,70,0,0,0,231,recovery,474
7.388275256328389,758,0,172,70,0,0,0,232,infection,924
7.392941043511458,758,0,171,71,0,0,0,232,recovery,293
7.397251878313439,757,0,172,71,0,0,0,233,infection,212
7.404322016560091,756,0,173,71,0,0,0,234,infection,452
7.409509135809596,756,0,172,72,0,0,0,234,recovery,226
7.409849739961916,756,0,171,73,0,0,0,234,recovery,896
7.410058135589255,755,0,172,73,0,0,0,235,infection,747
7.424989105699561,755,0,171,74,0,0,0,235,recovery,274
7.469709659659314,754,0,172,74,0,0,0,236,infection,942
7.471158241103294,753,0,173,74,0,0,0,237,infection,526
7.479362597808518,752,0,174,74,0,0,0,238,infection,699
7.503364521305853,752,0,173,75,0,0,0,238,recovery,698
7.519862536742924,751,0,174,75,0,0,0,239,infection,232
7.525265422845955,750,0,175,75,0,0,0,240,infection,447
7.529176069568131,749,0,176,75,0,0,0,241,infection,563
7.529546830719816,748,0,177,75,0,0,0,242,infection,643
7.537529315165725,747,0,178,75,0,0,0,243,infection,46
7.538177087067085,746,0,179,75,0,0,0,244,infection,625
7.538441493816345,745,0,180,75,0,0,0,245,infection,928
7.563066703801954,745,0,179,76,0,0,0,245,recovery,439
7.564625530826979,745,0,178,77,0,0,0,245,recovery,349
7.572073788129288,744,0,179,77,0,0,0,246,infection,403
7.576532277484976,744,0,178,78,0,0,0,246,recovery,565
7.577700240984899,743,0,179,78,0,0,0,247,infection,895
7.5792920563398125,743,0,178,79,0,0,0,247,recovery,179
7.582402033159609,742,0,179,79,0,0,0,248,infection,74
7.583853530192528,742,0,178,80,0,0,0,248,recovery,263
7.611992677170645,742,0,177,81,0,0,0,248,recovery,243
7.638209098141061,741,0,178,81,0,0,0,249,infection,397
7.639333964384618,740,0,179,81,0,0,0,250,infection,897
7.642105046856168,739,0,180,81,0,0,0,251,infection,359
7.676048518455361,738,0,181,81,0,0,0,252,infection,650
7.676786333053593,737,0,182,81,0,0,0,253,infection,499
7.727835295476158,737,0,181,82,0,0,0,253,recovery,940
7.729233096103496,736,0,182,82,0,0,0,254,infection,868
7.73104467956701,735,0,183,82,0,0,0,255,infection,188
7.738012593008824,735,0,182,83,0,0,0,255,recovery,834
7.747391203630659,734,0,183,83,0,0,0,256,infection,258
7.767036432313787,733,0,184,83,0,0,0,257,infection,434
7.76930135763194,732,0,185,83,0,0,0,258,infection,13
7.770635742563649,732,0,184,84,0,0,0,258,recovery,403
7.772715726341804,731,0,185,84,0,0,0,259,infection,177
7.780153925166924,730,0,186,84,0,0,0,260,infection,337
7.780396081727697,729,0,187,84,0,0,0,261,infection,295
7.786013102289298,728,0,188,84,0,0,0,262,infection,386
7.790423095403717,728,0,187,85,0,0,0,262,recovery,467
7.792329295954463,728,0,186,86,0,0,0,262,recovery,159
7.795001591600533,727,0,187,86,0,0,0,263,infection,413
7.795634164477061,727,0,186,87,0,0,0,263,recovery,596
7.803817381548022,727,0,185,88,0,0,0,263,recovery,453
7.8064539693538535,727,0,184,89,0,0,0,263,recovery,75
7.81857727294152,727,0,183,90,0,0,0,263,recovery,526
7.821418379030916,726,0,184,90,0,0,0,264,infection,904
7.828697582118828,725,0,185,90,0,0,0,265,infection,953
7.83343867756558,725,0,184,91,0,0,0,265,recovery,309
7.846591060951278,724,0,185,91,0,0,0,266,infection,32
7.867580863300242,723,0,186,91,0,0,0,267,infection,464
7.8775583864572685,722,0,187,91,0,0,0,268,infection,354
7.885238556695799,721,0,188,91,0,0,0,269,infection,508
7.8940778210412,720,0,189,91,0,0,0,270,infection,770
7.899591136503399,720,0,188,92,0,0,0,270,recovery,490
7.9231800787373885,719,0,189,92,0,0,0,271,infection,139
7.93510961408641,718,0,190,92,0,0,0,272,infection,517
7.99078765916822,717,0,191,92,0,0,0,273,infection,865
8.01613820522368,717,0,190,93,0,0,0,273,recovery,789
8.016969264084729,717,0,189,94,0,0,0,273,recovery,49
8.02797277090633,717,0,188,95,0,0,0,273,recovery,118
8.042811289838905,716,0,189,95,0,0,0,274,infection,404
8.045809308550915,715,0,190,95,0,0,0,275,infection,541
8.054505331215701,715,0,189,96,0,0,0,275,recovery,858
8.061671713854674,714,0,190,96,0,0,0,276,infection,484
8.069010841669662,713,0,191,96,0,0,0,277,infection,931
8.078211505715938,712,0,192,96,0,0,0,278,infection,741
8.081634512917606,711,0,193,96,0,0,0,279,infection,854
8.082307049258093,711,0,192,97,0,0,0,279,recovery,11
8.0928274768411,711,0,191,98,0,0,0,279,recovery,445
8.094987754278858,711,0,190,99,0,0,0,279,recovery,344
8.10365460226804,710,0,191,99,0,0,0,280,infection,371
8.11358618203128,709,0,192,99,0,0,0,281,infection,218
8.125323917365765,708,0,193,99,0,0,0,282,infection,864
8.133436747316852,707,0,194,99,0,0,0,283,infection,140
8.138950904131336,706,0,195,99,0,0,0,284,infection,108
8.139984744664668,705,0,196,99,0,0,0,285,infection,203
8.149022574258705,704,0,197,99,0,0,0,286,infection,154
8.154524269976298,703,0,198,99,0,0,0,287,infection,372
8.160950542496854,702,0,199,99,0,0,0,288,infection,615
8.169695547037843,701,0,200,99,0,0,0,289,infection,982
8.172391013616227,701,0,199,100,0,0,0,289,recovery,178
8.178518590437967,700,0,200,100,0,0,0,290,infection,111
8.186222797344458,699,0,201,100,0,0,0,291,infection,983
8.189740336800567,698,0,202,100,0,0,0,292,infection,589
8.202235608234947,697,0,203,100,0,0,0,293,infection,166
8.203083424032362,697,0,202,101,0,0,0,293,recovery,108
8.213680048212096,696,0,203,101,0,0,0,294,infection,927
8.217750027059267,696,0,202,102,0,0,0,294,recovery,864
8.230688097770015,695,0,203,102,0,0,0,295,infection,562
8.234647253964646,695,0,202,103,0,0,0,295,recovery,517
8.24207181776636,694,0,203,103,0,0,0,296,infection,705
8.246884643418035,693,0,204,103,0,0,0,297,infection,532
8.257226643006048,692,0,205,103,0,0,0,298,infection,437
8.275458642237226,691,0,206,103,0,0,0,299,infection,600
8.277405905610726,690,0,207,103,0,0,0,300,infection,633
8.28261838902268,689,0,208,103,0,0,0,301,infection,813
8.292058033181831,689,0,207,104,0,0,0,301,recovery,815
8.327789407877729,689,0,206,105,0,0,0,301,recovery,609
8.335235441234442,688,0,207,105,0,0,0,302,infection,173
8.380627543719983,687,0,208,105,0,0,0,303,infection,739
8.382646275375496,687,0,207,106,0,0,0,303,recovery,580
8.396056395078695,687,0,206,107,0,0,0,303,recovery,120
8.399213105257662,686,0,207,107,0,0,0,304,infection,122
8.403026599883477,686,0,206,108,0,0,0,304,recovery,359
8.417382454522102,685,0,207,108,0,0,0,305,infection,482
8.423995256480861,684,0,208,108,0,0,0,306,infection,702
8.425826212208632,684,0,207,109,0,0,0,306,recovery,982
8.44509206540725,683,0,208,109,0,0,0,307,infection,916
8.445286072697893,682,0,209,109,0,0,0,308,infection,335
8.455118607634265,682,0,208,110,0,0,0,308,recovery,456
8.460953623420963,682,0,207,111,0,0,0,308,recovery,173
8.481476044562475,681,0,208,111,0,0,0,309,infection,534
8.489532412912784,681,0,207,112,0,0,0,309,recovery,6
8.496808591687799,681,0,206,113,0,0,0,309,recovery,202
8.499965747893997,680,0,207,113,0,0,0,310,infection,500
8.501622465860994,679,0,208,113,0,0,0,311,infection,409
8.505890668018324,678,0,209,113,0,0,0,312,infection,692
8.508063836497556,677,0,210,113,0,0,0,313,infection,930
8.513598920714033,676,0,211,113,0,0,0,314,infection,987
8.51746056208947,675,0,212,113,0,0,0,315,infection,902
8.517860529327294,675,0,211,114,0,0,0,315,recovery,54
8.520849029123468,675,0,210,115,0,0,0,315,recovery,111
8.535222187582205,674,0,211,115,0,0,0,316,infection,260
8.538031442695436,673,0,212,115,0,0,0,317,infection,611
8.539109404119014,672,0,213,115,0,0,0,318,infection,51
8.539315986278455,671,0,214,115,0,0,0,319,infection,279
8.54873030130423,670,0,215,115,0,0,0,320,infection,142
8.54894022378775,670,0,214,116,0,0,0,320,recovery,283
8.5532015255538,669,0,215,116,0,0,0,321,infection,882
8.553603944286259,668,0,216,116,0,0,0,322,infection,672
8.569331553476141,667,0,217,116,0,0,0,323,infection,65
8.581082093416384,666,0,218,116,0,0,0,324,infection,224
8.60884011408639,665,0,219,116,0,0,0,325,infection,234
8.63492878253099,664,0,220,116,0,0,0,326,infection,414
8.64885844470716,663,0,221,116,0,0,0,327,infection,363
8.6598022794306,662,0,222,116,0,0,0,328,infection,547
8.674076167568668,661,0,223,116,0,0,0,329,infection,385
8.684255776519157,660,0,224,116,0,0,0,330,infection,353
8.686236880773873,659,0,225,116,0,0,0,331,infection,355
8.688976409844008,658,0,226,116,0,0,0,332,infection,45
8.695994098753186,657,0,227,116,0,0,0,333,infection,786
8.710216851268537,656,0,228,116,0,0,0,334,infection,817
8.722097777600789,655,0,229,116,0,0,0,335,infection,149
8.724964878696188,654,0,230,116,0,0,0,336,infection,496
8.753883156584013,653,0,231,116,0,0,0,337,infection,641
8.757899987842903,652,0,232,116,0,0,0,338,infection,677
8.759104586331764,652,0,231,117,0,0,0,338,recovery,149
8.761572327508473,651,0,232,117,0,0,0,339,infection,805
8.769826964145363,651,0,231,118,0,0,0,339,recovery,397
8.772281707696262,650,0,232,118,0,0,0,340,infection,842
8.772325400253859,650,0,231,119,0,0,0,340,recovery,79
8.774111771483689,649,0,232,119,0,0,0,341,infection,374
8.792769732913465,648,0,233,119,0,0,0,342,infection,612
8.79324565860277,647,0,234,119,0,0,0,343,infection,964
8.796152402211684,646,0,235,119,0,0,0,344,infection,962
8.802894778983303,645,0,236,119,0,0,0,345,infection,682
8.806469010664944,644,0,237,119,0,0,0,346,infection,737
8.813099912695964,643,0,238,119,0,0,0,347,infection,960
8.820805659228458,642,0,239,119,0,0,0,348,infection,683
8.820990832739389,642,0,238,120,0,0,0,348,recovery,122
8.840273104010992,641,0,239,120,0,0,0,349,infection,21
8.853952557408894,641,0,238,121,0,0,0,349,recovery,222
8.863595072303244,641,0,237,122,0,0,0,349,recovery,491
8.874950976352395,641,0,236,123,0,0,0,349,recovery,404
8.89176259692326,640,0,237,123,0,0,0,350,infection,569
8.905648337806088,639,0,238,123,0,0,0,351,infection,720
8.906479105232041,638,0,239,123,0,0,0,352,infection,899
8.913506839624947,637,0,240,123,0,0,0,353,infection,415
8.931769721822956,637,0,239,124,0,0,0,353,recovery,355
8.934849073388747,636,0,240,124,0,0,0,354,infection,368
8.95983879295839,635,0,241,124,0,0,0,355,infection,227
8.965774888582484,634,0,242,124,0,0,0,356,infection,416
8.973327421723667,633,0,243,124,0,0,0,357,infection,511
8.978467105528663,633,0,242,125,0,0,0,357,recovery,473
8.993276815938799,633,0,241,126,0,0,0,357,recovery,363
8.997046384643182,632,0,242,126,0,0,0,358,infection,72
8.99827201597257,631,0,243,126,0,0,0,359,infection,875
9.013730047974713,631,0,242,127,0,0,0,359,recovery,689
9.019040487429276,631,0,241,128,0,0,0,359,recovery,65
9.025849624576532,631,0,240,129,0,0,0,359,recovery,995
9.026763253848799,631,0,239,130,0,0,0,359,recovery,311
9.034996232832539,631,0,238,131,0,0,0,359,recovery,71
9.05775821807601,630,0,239,131,0,0,0,360,infection,161
9.057823183988932,629,0,240,131,0,0,0,361,infection,676
9.059690476573973,629,0,239,132,0,0,0,361,recovery,916
9.063956639988588,628,0,240,132,0,0,0,362,infection,971
9.071737511516027,627,0,241,132,0,0,0,363,infection,278
9.086833603342624,626,0,242,132,0,0,0,364,infection,446
9.095078882903259,626,0,241,133,0,0,0,364,recovery,705
9.102110878635159,625,0,242,133,0,0,0,365,infection,429
9.103972993940722,624,0,243,133,0,0,0,366,infection,155
9.137323220874872,623,0,244,133,0,0,0,367,infection,7
9.142597510937293,623,0,243,134,0,0,0,367,recovery,374
9.15240446430834,622,0,244,134,0,0,0,368,infection,104
9.15933099040964,621,0,245,134,0,0,0,369,infection,748
9.162277231227419,620,0,246,134,0,0,0,370,infection,750
9.17052321819535,619,0,247,134,0,0,0,371,infection,821
9.171102707920374,619,0,246,135,0,0,0,371,recovery,422
9.196749171011872,619,0,245,136,0,0,0,371,recovery,436
9.203338582343845,619,0,244,137,0,0,0,371,recovery,677
9.221513891184648,619,0,243,138,0,0,0,371,recovery,975
9.231002668104633,619,0,242,139,0,0,0,371,recovery,510
9.232155696129826,618,0,243,139,0,0,0,372,infection,286
9.242022858606784,618,0,242,140,0,0,0,372,recovery,566
9.24859430299191,617,0,243,140,0,0,0,373,infection,15
9.25353641588014,616,0,244,140,0,0,0,374,infection,347
9.264828751735951,616,0,243,141,0,0,0,374,recovery,305
9.299406720679926,616,0,242,142,0,0,0,374,recovery,227
9.369534012394809,615,0,243,142,0,0,0,375,infection,759
9.37036958722473,614,0,244,142,0,0,0,376,infection,590
9.372184313637508,613,0,245,142,0,0,0,377,infection,34
9.375056550305919,612,0,246,142,0,0,0,378,infection,937
9.379104317967927,611,0,247,142,0,0,0,379,infection,296
9.386447513363754,610,0,248,142,0,0,0,380,infection,742
9.397215335794346,609,0,249,142,0,0,0,381,infection,644
9.411849811417444,608,0,250,142,0,0,0,382,infection,778
9.413819725266999,607,0,251,142,0,0,0,383,infection,523
9.416105014215326,606,0,252,142,0,0,0,384,infection,529
9.41780211597345,605,0,253,142,0,0,0,385,infection,99
9.429408519024541,605,0,252,143,0,0,0,385,recovery,353
9.477133754537471,604,0,253,143,0,0,0,386,infection,892
9.477144783872093,603,0,254,143,0,0,0,387,infection,564
9.485654551839286,603,0,253,144,0,0,0,387,recovery,829
9.498532489406188,602,0,254,144,0,0,0,388,infection,630
9.500587716162741,601,0,255,144,0,0,0,389,infection,291
9.502612019248614,601,0,254,145,0,0,0,389,recovery,851
9.508923284814914,600,0,255,145,0,0,0,390,infection,29
9.518122497943335,599,0,256,145,0,0,0,391,infection,951
9.518309600432747,598,0,257,145,0,0,0,392,infection,860
9.527057417137371,598,0,256,146,0,0,0,392,recovery,281
9.529136986457237,597,0,257,146,0,0,0,393,infection,664
9.53279303366886,596,0,258,146,0,0,0,394,infection,984
9.540673204838706,595,0,259,146,0,0,0,395,infection,816
9.540911351258202,594,0,260,146,0,0,0,396,infection,90
9.582983691841953,594,0,259,147,0,0,0,396,recovery,150
9.587595133572373,593,0,260,147,0,0,0,397,infection,706
9.592014898592229,592,0,261,147,0,0,0,398,infection,743
9.598756151440133,591,0,262,147,0,0,0,399,infection,871
9.620830830876564,590,0,263,147,0,0,0,400,infection,614
9.624122042748622,589,0,264,147,0,0,0,401,infection,889
9.628886384374931,589,0,263,148,0,0,0,401,recovery,279
9.639320435124015,588,0,264,148,0,0,0,402,infection,524
9.642979777212533,588,0,263,149,0,0,0,402,recovery,991
9.645972866891354,587,0,264,149,0,0,0,403,infection,838
9.648053552593389,587,0,263,150,0,0,0,403,recovery,562
9.653151294312542,586,0,264,150,0,0,0,404,infection,959
9.693585622302798,586,0,263,151,0,0,0,404,recovery,462
9.705405984948946,585,0,264,151,0,0,0,405,infection,781
9.712775434406783,584,0,265,151,0,0,0,406,infection,620
9.713468989789941,583,0,266,151,0,0,0,407,infection,574
9.739196158125846,582,0,267,151,0,0,0,408,infection,10
9.759961266618097,581,0,268,151,0,0,0,409,infection,334
9.760363429301613,581,0,267,152,0,0,0,409,recovery,630
9.770625815391618,580,0,268,152,0,0,0,410,infection,845
9.771907422616755,579,0,269,152,0,0,0,411,infection,665
9.783333917387672,578,0,270,152,0,0,0,412,infection,351
9.791952693484278,578,0,269,153,0,0,0,412,recovery,499
9.793961069931639,578,0,268,154,0,0,0,412,recovery,4
9.804839912300578,577,0,269,154,0,0,0,413,infection,933
9.807088500203287,576,0,270,154,0,0,0,414,infection,106
9.813710677942273,576,0,269,155,0,0,0,414,recovery,72
9.827548048435508,575,0,270,155,0,0,0,415,infection,945
9.858970619320532,574,0,271,155,0,0,0,416,infection,587
9.882638379482843,573,0,272,155,0,0,0,417,infection,93
9.898121743673517,573,0,271,156,0,0,0,417,recovery,996
9.912758660198156,572,0,272,156,0,0,0,418,infection,350
9.917728416526575,571,0,273,156,0,0,0,419,infection,919
9.929516806123926,570,0,274,156,0,0,0,420,infection,390
9.936303567487473,570,0,273,157,0,0,0,420,recovery,245
9.941699018976154,569,0,274,157,0,0,0,421,infection,23
9.963880772269277,569,0,273,158,0,0,0,421,recovery,429
9.970839955244024,569,0,272,159,0,0,0,421,recovery,155
9.987256649987804,568,0,273,159,0,0,0,422,infection,716
9.989196802916283,568,0,272,160,0,0,0,422,recovery,486
9.990837452449066,568,0,271,161,0,0,0,422,recovery,904
9.993178197750224,568,0,270,162,0,0,0,422,recovery,633
10.003238791881314,568,0,269,163,0,0,0,422,recovery,862
10.011037748666855,567,0,270,163,0,0,0,423,infection,26
10.020366471965007,566,0,271,163,0,0,0,424,infection,190
10.03994280404074,565,0,272,163,0,0,0,425,infection,806
10.041855188185467,564,0,273,163,0,0,0,426,infection,312
10.050149037911904,564,0,272,164,0,0,0,426,recovery,832
10.052024771170055,563,0,273,164,0,0,0,427,infection,322
10.058000518762942,562,0,274,164,0,0,0,428,infection,216
10.060817196156616,561,0,275,164,0,0,0,429,infection,891
10.064885858101782,561,0,274,165,0,0,0,429,recovery,742
10.074044875423926,560,0,275,165,0,0,0,430,infection,48
10.08150104796845,559,0,276,165,0,0,0,431,infection,231
10.096393379328816,559,0,275,166,0,0,0,431,recovery,411
10.125275124998488,558,0,276,166,0,0,0,432,infection,521
10.13525848094022,557,0,277,166,0,0,0,433,infection,818
10.141950893214448,556,0,278,166,0,0,0,434,infection,662
10.148230412917863,555,0,279,166,0,0,0,435,infection,382
10.162332190541282,555,0,278,167,0,0,0,435,recovery,334
10.164620173068112,554,0,279,167,0,0,0,436,infection,957
10.18526068059569,554,0,278,168,0,0,0,436,recovery,563
10.199437770708663,553,0,279,168,0,0,0,437,infection,253
10.203405913903321,552,0,280,168,0,0,0,438,infection,831
10.227465977113823,551,0,281,168,0,0,0,439,infection,383
10.228282134239395,550,0,282,168,0,0,0,440,infection,929
10.234858492384264,549,0,283,168,0,0,0,441,infection,867
10.236207745570445,548,0,284,168,0,0,0,442,infection,460
10.247954066585617,548,0,283,169,0,0,0,442,recovery,513
10.248656850134644,548,0,282,170,0,0,0,442,recovery,98
10.264917458804337,548,0,281,171,0,0,0,442,recovery,737
10.278997383206692,548,0,280,172,0,0,0,442,recovery,253
10.281842340382513,547,0,281,172,0,0,0,443,infection,777
10.283745992927688,547,0,280,173,0,0,0,443,recovery,937
10.305681520793472,546,0,281,173,0,0,0,444,infection,326
10.309496247453833,545,0,282,173,0,0,0,445,infection,172
10.315495658470867,545,0,281,174,0,0,0,445,recovery,322
10.31784617956081,545,0,280,175,0,0,0,445,recovery,540
10.326465130044392,544,0,281,175,0,0,0,446,infection,573
10.331236615254495,543,0,282,175,0,0,0,447,infection,801
10.333770728331563,542,0,283,175,0,0,0,448,infection,116
10.347961548815267,542,0,282,176,0,0,0,448,recovery,177
10.348697581263767,541,0,283,176,0,0,0,449,infection,310
10.368546624263834,540,0,284,176,0,0,0,450,infection,240
10.37740153498107,539,0,285,176,0,0,0,451,infection,604
10.383821232797125,539,0,284,177,0,0,0,451,recovery,720
10.389803044083452,538,0,285,177,0,0,0,452,infection,433
10.390303968212798,538,0,284,178,0,0,0,452,recovery,619
10.42129319120041,537,0,285,178,0,0,0,453,infection,802
10.427292860123465,536,0,286,178,0,0,0,454,infection,28
10.44752996163916,536,0,285,179,0,0,0,454,recovery,806
10.453366301704756,535,0,286,179,0,0,0,455,infection,174
10.456545909556965,534,0,287,179,0,0,0,456,infection,595
10.47711459577999,533,0,288,179,0,0,0,457,infection,450
10.524546501984544,532,0,289,179,0,0,0,458,infection,38
10.529946370671698,532,0,288,180,0,0,0,458,recovery,930
10.540942895514128,532,0,287,181,0,0,0,458,recovery,511
10.547572609563673,531,0,288,181,0,0,0,459,infection,419
10.56313242164616,530,0,289,181,0,0,0,460,infection,578
10.576172108200685,529,0,290,181,0,0,0,461,infection,840
10.580057274325716,528,0,291,181,0,0,0,462,infection,719
10.592470893570745,527,0,292,181,0,0,0,463,infection,480
10.595167827368115,527,0,291,182,0,0,0,463,recovery,528
10.597638333141875,527,0,290,183,0,0,0,463,recovery,554
10.598251086457337,527,0,289,184,0,0,0,463,recovery,152
10.625148179295731,527,0,288,185,0,0,0,463,recovery,644
10.627584746769806,526,0,289,185,0,0,0,464,infection,14
10.629067077162915,525,0,290,185,0,0,0,465,infection,709
10.63072416865622,524,0,291,185,0,0,0,466,infection,779
10.633709998060874,524,0,290,186,0,0,0,466,recovery,464
10.64930615822994,523,0,291,186,0,0,0,467,infection,769
10.64994502454429,522,0,292,186,0,0,0,468,infection,629
10.656118437104887,521,0,293,186,0,0,0,469,infection,160
10.66296987527377,520,0,294,186,0,0,0,470,infection,497
10.663237024538244,519,0,295,186,0,0,0,471,infection,345
10.663669825458035,518,0,296,186,0,0,0,472,infection,370
10.664425671993905,518,0,295,187,0,0,0,472,recovery,140
10.669244557296413,517,0,296,187,0,0,0,473,infection,795
10.673914309662305,516,0,297,187,0,0,0,474,infection,426
10.680788983640182,516,0,296,188,0,0,0,474,recovery,699
10.68186604264088,515,0,297,188,0,0,0,475,infection,515
10.702874834627544,515,0,296,189,0,0,0,475,recovery,570
10.71729411192613,514,0,297,189,0,0,0,476,infection,626
10.718588577039727,513,0,298,189,0,0,0,477,infection,288
10.72525712768554,512,0,299,189,0,0,0,478,infection,948
10.72785691895535,511,0,300,189,0,0,0,479,infection,401
10.73055198633434,511,0,299,190,0,0,0,479,recovery,361
10.731732281322595,511,0,298,191,0,0,0,479,recovery,468
10.742994593669167,511,0,297,192,0,0,0,479,recovery,193
10.744321089054651,510,0,298,192,0,0,0,480,infection,803
10.745484840613742,509,0,299,192,0,0,0,481,infection,290
10.763016634572644,509,0,298,193,0,0,0,481,recovery,318
10.764896512865324,509,0,297,194,0,0,0,481,recovery,983
10.775644617705874,509,0,296,195,0,0,0,481,recovery,882
10.81825286013051,509,0,295,196,0,0,0,481,recovery,867
10.818374324255187,508,0,296,196,0,0,0,482,infection,340
10.82134146669726,507,0,297,196,0,0,0,483,infection,57
10.829518402472342,507,0,296,197,0,0,0,483,recovery,948
10.840140377419388,507,0,295,198,0,0,0,483,recovery,582
10.847453751702812,506,0,296,198,0,0,0,484,infection,494
10.8503720842912,505,0,297,198,0,0,0,485,infection,252
10.856709395656624,504,0,298,198,0,0,0,486,infection,685
10.858629515521919,504,0,297,199,0,0,0,486,recovery,860
10.859429562263712,503,0,298,199,0,0,0,487,infection,249
10.867403979324848,502,0,299,199,0,0,0,488,infection,913
10.869690898491152,501,0,300,199,0,0,0,489,infection,501
10.887557593640196,501,0,299,200,0,0,0,489,recovery,960
10.90381848096563,500,0,300,200,0,0,0,490,infection,373
10.915229279078865,499,0,301,200,0,0,0,491,infection,272
10.91529558124482,498,0,302,200,0,0,0,492,infection,735
10.925763330267408,497,0,303,200,0,0,0,493,infection,613
10.939279222898865,496,0,304,200,0,0,0,494,infection,717
10.939325943462347,495,0,305,200,0,0,0,495,infection,466
10.943000094476835,495,0,304,201,0,0,0,495,recovery,446
10.94552853530813,494,0,305,201,0,0,0,496,infection,963
10.95509362517824,493,0,306,201,0,0,0,497,infection,542
10.956034972189158,492,0,307,201,0,0,0,498,infection,516
10.960381141499193,491,0,308,201,0,0,0,499,infection,715
10.96800286260421,490,0,309,201,0,0,0,500,infection,796
10.974380600383002,489,0,310,201,0,0,0,501,infection,623
10.975618960595884,489,0,309,202,0,0,0,501,recovery,382
10.98270446648662,488,0,310,202,0,0,0,502,infection,171
10.98657977362952,487,0,311,202,0,0,0,503,infection,420
10.988678873059548,487,0,310,203,0,0,0,503,recovery,463
10.988829744218148,487,0,309,204,0,0,0,503,recovery,779
11.002673688207214,487,0,308,205,0,0,0,503,recovery,813
11.004623345517981,486,0,309,205,0,0,0,504,infection,280
11.010541719425836,485,0,310,205,0,0,0,505,infection,893
11.022823675462782,485,0,309,206,0,0,0,505,recovery,413
11.027502203979624,484,0,310,206,0,0,0,506,infection,852
11.030134302590694,483,0,311,206,0,0,0,507,infection,198
11.044073850871044,482,0,312,206,0,0,0,508,infection,369
11.04609710726725,482,0,311,207,0,0,0,508,recovery,46
11.046225825058901,481,0,312,207,0,0,0,509,infection,410
11.050872182712322,481,0,311,208,0,0,0,509,recovery,377
11.058617894737479,480,0,312,208,0,0,0,510,infection,489
11.061588976379978,479,0,313,208,0,0,0,511,infection,9
11.075975428699634,478,0,314,208,0,0,0,512,infection,726
11.085062353659026,478,0,313,209,0,0,0,512,recovery,750
11.087155207072053,477,0,314,209,0,0,0,513,infection,124
11.089938070240647,477,0,313,210,0,0,0,513,recovery,452
11.100247705498926,477,0,312,211,0,0,0,513,recovery,69
11.101272865462951,477,0,311,212,0,0,0,513,recovery,685
11.104034523139791,477,0,310,213,0,0,0,513,recovery,854
11.10755205032795,476,0,311,213,0,0,0,514,infection,787
11.129115263028057,475,0,312,213,0,0,0,515,infection,40
11.129700240937181,474,0,313,213,0,0,0,516,infection,908
11.132039818459287,474,0,312,214,0,0,0,516,recovery,492
11.138738583299343,473,0,313,214,0,0,0,517,infection,766
11.15303565758261,472,0,314,214,0,0,0,518,infection,518
11.156313202846059,471,0,315,214,0,0,0,519,infection,392
11.170115168934691,471,0,314,215,0,0,0,519,recovery,891
11.186836379443543,471,0,313,216,0,0,0,519,recovery,726
11.188537361075896,471,0,312,217,0,0,0,519,recovery,232
11.191042124078763,471,0,311,218,0,0,0,519,recovery,310
11.196102417368671,470,0,312,218,0,0,0,520,infection,790
11.199680609137857,469,0,313,218,0,0,0,521,infection,943
11.203730839735513,469,0,312,219,0,0,0,521,recovery,18
11.208869894727071,468,0,313,219,0,0,0,522,infection,652
11.212892857446723,467,0,314,219,0,0,0,523,infection,909
11.223898997059754,466,0,315,219,0,0,0,524,infection,25
11.237019558261565,466,0,314,220,0,0,0,524,recovery,861
11.237106850596662,465,0,315,220,0,0,0,525,infection,165
11.245231055525844,464,0,316,220,0,0,0,526,infection,399
11.24784909022336,463,0,317,220,0,0,0,527,infection,918
11.249940974411373,463,0,316,221,0,0,0,527,recovery,907
11.257426714523586,463,0,315,222,0,0,0,527,recovery,743
11.28179712231507,462,0,316,222,0,0,0,528,infection,873
11.283215372832226,461,0,317,222,0,0,0,529,infection,527
11.286839602543091,461,0,316,223,0,0,0,529,recovery,702
11.304548582488723,460,0,317,223,0,0,0,530,infection,130
11.317087392682001,460,0,316,224,0,0,0,530,recovery,51
11.331624100871927,460,0,315,225,0,0,0,530,recovery,409
11.333934842170324,459,0,316,225,0,0,0,531,infection,701
11.33621485966857,459,0,315,226,0,0,0,531,recovery,312
11.34106552732249,459,0,314,227,0,0,0,531,recovery,521
11.34683405239349,458,0,315,227,0,0,0,532,infection,974
11.346885914872454,457,0,316,227,0,0,0,533,infection,538
11.34739863218985,457,0,315,228,0,0,0,533,recovery,258
11.356377688396526,456,0,316,228,0,0,0,534,infection,331
11.363895024413658,456,0,315,229,0,0,0,534,recovery,296
11.401595683357444,456,0,314,230,0,0,0,534,recovery,25
11.402291954779457,456,0,313,231,0,0,0,534,recovery,717
11.406148849893771,455,0,314,231,0,0,0,535,infection,965
11.41446889309588,454,0,315,231,0,0,0,536,infection,856
11.423972329164227,454,0,314,232,0,0,0,536,recovery,974
11.436039586139348,454,0,313,233,0,0,0,536,recovery,614
11.437464604427547,454,0,312,234,0,0,0,536,recovery,45
11.442582107718817,454,0,311,235,0,0,0,536,recovery,368
11.45797703350816,453,0,312,235,0,0,0,537,infection,880
11.493536606448696,452,0,313,235,0,0,0,538,infection,588
11.49806133243083,451,0,314,235,0,0,0,539,infection,550
11.503599787208993,450,0,315,235,0,0,0,540,infection,637
11.514149573744014,449,0,316,235,0,0,0,541,infection,807
11.516375534273799,449,0,315,236,0,0,0,541,recovery,383
11.520146393671896,448,0,316,236,0,0,0,542,infection,727
11.553847131713454,448,0,315,237,0,0,0,542,recovery,852
11.557632695956421,448,0,314,238,0,0,0,542,recovery,965
11.55813086138477,447,0,315,238,0,0,0,543,infection,764
11.562294396251872,446,0,316,238,0,0,0,544,infection,791
11.590088325150878,445,0,317,238,0,0,0,545,infection,330
11.59541096694432,444,0,318,238,0,0,0,546,infection,744
11.621894318765234,444,0,317,239,0,0,0,546,recovery,260
11.643699168685115,443,0,318,239,0,0,0,547,infection,886
11.67557618180923,442,0,319,239,0,0,0,548,infection,391
11.682424655637796,441,0,320,239,0,0,0,549,infection,427
11.685157544949405,440,0,321,239,0,0,0,550,infection,577
11.692961317238368,439,0,322,239,0,0,0,551,infection,949
11.696833816918621,438,0,323,239,0,0,0,552,infection,635
11.699665320536322,437,0,324,239,0,0,0,553,infection,115
11.707303226040837,436,0,325,239,0,0,0,554,infection,624
11.713074863107527,435,0,326,239,0,0,0,555,infection,859
11.736287578640496,435,0,325,240,0,0,0,555,recovery,602
11.7473848408069,434,0,326,240,0,0,0,556,infection,64
11.751110220698411,434,0,325,241,0,0,0,556,recovery,160
11.759936305745477,434,0,324,242,0,0,0,556,recovery,330
11.774711522778386,433,0,325,242,0,0,0,557,infection,144
11.781894602568245,433,0,324,243,0,0,0,557,recovery,641
11.782129800543515,433,0,323,244,0,0,0,557,recovery,532
11.798443274292884,432,0,324,244,0,0,0,558,infection,181
11.806714081791947,432,0,323,245,0,0,0,558,recovery,591
11.813407305016753,431,0,324,245,0,0,0,559,infection,60
11.817976647442505,430,0,325,245,0,0,0,560,infection,884
11.824680575946775,430,0,324,246,0,0,0,560,recovery,433
11.826598505128564,429,0,325,246,0,0,0,561,infection,238
11.828803027628728,429,0,324,247,0,0,0,561,recovery,12
11.834105151888972,429,0,323,248,0,0,0,561,recovery,648
11.835155306274132,428,0,324,248,0,0,0,562,infection,622
11.83704560061459,427,0,325,248,0,0,0,563,infection,210
11.839529591528672,426,0,326,248,0,0,0,564,infection,285
11.84224449169931,425,0,327,248,0,0,0,565,infection,194
11.847757924000454,424,0,328,248,0,0,0,566,infection,593
11.848380872629875,424,0,327,249,0,0,0,566,recovery,48
11.850600294672176,424,0,326,250,0,0,0,566,recovery,373
11.850775429496442,424,0,325,251,0,0,0,566,recovery,781
11.855343098669428,424,0,324,252,0,0,0,566,recovery,959
11.856404125149036,423,0,325,252,0,0,0,567,infection,200
11.860222419173194,422,0,326,252,0,0,0,568,infection,710
11.867606557638842,421,0,327,252,0,0,0,569,infection,544
11.877229325730811,420,0,328,252,0,0,0,570,infection,432
11.87984579078526,419,0,329,252,0,0,0,571,infection,533
11.912299373026926,418,0,330,252,0,0,0,572,infection,695
11.914117431058566,417,0,331,252,0,0,0,573,infection,465
11.922140677623585,416,0,332,252,0,0,0,574,infection,121
11.933937962702679,416,0,331,253,0,0,0,574,recovery,529
11.941801900425421,415,0,332,253,0,0,0,575,infection,352
11.942660428381775,415,0,331,254,0,0,0,575,recovery,192
11.961031482984849,414,0,332,254,0,0,0,576,infection,135
11.9617037568014,414,0,331,255,0,0,0,576,recovery,769
11.977305397599425,413,0,332,255,0,0,0,577,infection,262
11.993466271719505,412,0,333,255,0,0,0,578,infection,302
11.996494631513787,411,0,334,255,0,0,0,579,infection,294
11.998265378304845,410,0,335,255,0,0,0,580,infection,912
12.020906691558322,410,0,334,256,0,0,0,580,recovery,777
12.027790922410329,409,0,335,256,0,0,0,581,infection,147
12.02879947538603,408,0,336,256,0,0,0,582,infection,847
12.031588075868592,407,0,337,256,0,0,0,583,infection,877
12.03269533698271,406,0,338,256,0,0,0,584,infection,825
12.042309929304606,405,0,339,256,0,0,0,585,infection,607
12.04232813503091,405,0,338,257,0,0,0,585,recovery,585
12.044926536457597,405,0,337,258,0,0,0,585,recovery,918
12.053323593253728,404,0,338,258,0,0,0,586,infection,681
12.058086705869924,403,0,339,258,0,0,0,587,infection,87
12.07944402946853,402,0,340,258,0,0,0,588,infection,869
12.085680352559951,402,0,339,259,0,0,0,588,recovery,489
12.090107601953614,401,0,340,259,0,0,0,589,infection,225
12.106377174286811,400,0,341,259,0,0,0,590,infection,879
12.107071749902179,399,0,342,259,0,0,0,591,infection,395
12.113133624374369,398,0,343,259,0,0,0,592,infection,837
12.116809011952022,398,0,342,260,0,0,0,592,recovery,818
12.120787910711156,398,0,341,261,0,0,0,592,recovery,876
12.124759833463633,398,0,340,262,0,0,0,592,recovery,437
12.13528437415838,397,0,341,262,0,0,0,593,infection,82
12.135932991898402,397,0,340,263,0,0,0,593,recovery,692
12.144586506207691,396,0,341,263,0,0,0,594,infection,364
12.146668408164013,395,0,342,263,0,0,0,595,infection,80
12.166395243472758,394,0,343,263,0,0,0,596,infection,123
12.169979131450345,394,0,342,264,0,0,0,596,recovery,326
12.171575850430498,393,0,343,264,0,0,0,597,infection,346
12.184818361585956,393,0,342,265,0,0,0,597,recovery,767
12.194174017651235,392,0,343,265,0,0,0,598,infection,175
12.201977433745787,391,0,344,265,0,0,0,599,infection,808
12.205294109412282,391,0,343,266,0,0,0,599,recovery,838
12.218611862705902,390,0,344,266,0,0,0,600,infection,780
12.22086773533982,390,0,343,267,0,0,0,600,recovery,38
12.221947522372066,390,0,342,268,0,0,0,600,recovery,909
12.23905224041365,389,0,343,268,0,0,0,601,infection,843
12.24813199697773,388,0,344,268,0,0,0,602,infection,668
12.25915051637487,388,0,343,269,0,0,0,602,recovery,201
12.269540012229525,387,0,344,269,0,0,0,603,infection,680
12.288652014734451,387,0,343,270,0,0,0,603,recovery,993
12.290574417772264,386,0,344,270,0,0,0,604,infection,885
12.294291208445472,385,0,345,270,0,0,0,605,infection,100
12.297727763605403,385,0,344,271,0,0,0,605,recovery,803
12.315286929122296,385,0,343,272,0,0,0,605,recovery,346
12.338179893764138,384,0,344,272,0,0,0,606,infection,70
12.357175486943573,383,0,345,272,0,0,0,607,infection,754
12.385809427468415,382,0,346,272,0,0,0,608,infection,41
12.400316618775951,381,0,347,272,0,0,0,609,infection,282
12.40783369781379,380,0,348,272,0,0,0,610,infection,649
12.419113577293786,379,0,349,272,0,0,0,611,infection,738
12.427567631869731,378,0,350,272,0,0,0,612,infection,151
12.441720026195012,378,0,349,273,0,0,0,612,recovery,225
12.442357693388114,378,0,348,274,0,0,0,612,recovery,345
12.453823495557165,377,0,349,274,0,0,0,613,infection,336
12.471375415699256,376,0,350,274,0,0,0,614,infection,292
12.472684422970401,376,0,349,275,0,0,0,614,recovery,650
12.47588036141103,376,0,348,276,0,0,0,614,recovery,845
12.48090627725433,376,0,347,277,0,0,0,614,recovery,957
12.496244414167293,375,0,348,277,0,0,0,615,infection,910
12.508755086392226,374,0,349,277,0,0,0,616,infection,546
12.537201415758513,373,0,350,277,0,0,0,617,infection,241
12.54666566003888,372,0,351,277,0,0,0,618,infection,655
12.552201733859967,371,0,352,277,0,0,0,619,infection,319
12.58423017863754,370,0,353,277,0,0,0,620,infection,721
12.588652578584862,370,0,352,278,0,0,0,620,recovery,123
12.592123577209959,369,0,353,278,0,0,0,621,infection,125
12.592566748952986,368,0,354,278,0,0,0,622,infection,256
12.594352345707394,367,0,355,278,0,0,0,623,infection,84
12.59530350728412,366,0,356,278,0,0,0,624,infection,575
12.59843151441478,365,0,357,278,0,0,0,625,infection,338
12.60689813978223,364,0,358,278,0,0,0,626,infection,826
12.60978934302197,363,0,359,278,0,0,0,627,infection,56
12.622331440276948,363,0,358,279,0,0,0,627,recovery,472
12.624594812388162,362,0,359,279,0,0,0,628,infection,887
12.631433867090184,362,0,358,280,0,0,0,628,recovery,817
12.63344651022074,361,0,359,280,0,0,0,629,infection,91
12.633912844892441,360,0,360,280,0,0,0,630,infection,493
12.639853476118322,359,0,361,280,0,0,0,631,infection,308
12.655027321473703,358,0,362,280,0,0,0,632,infection,724
12.658630182923895,357,0,363,280,0,0,0,633,infection,341
12.672058498916899,357,0,362,281,0,0,0,633,recovery,574
12.672257289904232,356,0,363,281,0,0,0,634,infection,358
12.674200382429996,356,0,362,282,0,0,0,634,recovery,682
12.677062482613737,356,0,361,283,0,0,0,634,recovery,426
12.691948470845569,355,0,362,283,0,0,0,635,infection,356
12.694982959263752,354,0,363,283,0,0,0,636,infection,989
12.695064590989814,354,0,362,284,0,0,0,636,recovery,84
12.695709638693186,354,0,361,285,0,0,0,636,recovery,719
12.703019844643634,353,0,362,285,0,0,0,637,infection,478
12.704403316062251,352,0,363,285,0,0,0,638,infection,407
12.7124221844544,351,0,364,285,0,0,0,639,infection,300
12.715479228107746,351,0,363,286,0,0,0,639,recovery,671
12.717500604148087,350,0,364,286,0,0,0,640,infection,874
12.735427843166393,349,0,365,286,0,0,0,641,infection,5
12.743333058300342,349,0,364,287,0,0,0,641,recovery,465
12.75159267810023,348,0,365,287,0,0,0,642,infection,581
12.764613974730146,348,0,364,288,0,0,0,642,recovery,912
12.777598596339379,348,0,363,289,0,0,0,642,recovery,91
12.781884306518993,347,0,364,289,0,0,0,643,infection,985
12.798637843789118,346,0,365,289,0,0,0,644,infection,114
12.802816259802352,345,0,366,289,0,0,0,645,infection,329
12.811124413453868,344,0,367,289,0,0,0,646,infection,525
12.813971265190862,343,0,368,289,0,0,0,647,infection,745
12.828285917909884,343,0,367,290,0,0,0,647,recovery,921
12.830115225101807,343,0,366,291,0,0,0,647,recovery,842
12.835297498308323,343,0,365,292,0,0,0,647,recovery,514
12.84142405887268,343,0,364,293,0,0,0,647,recovery,924
12.86806821297355,342,0,365,293,0,0,0,648,infection,22
12.8982343781166,341,0,366,293,0,0,0,649,infection,923
12.909804595923216,340,0,367,293,0,0,0,650,infection,863
12.910122412392267,340,0,366,294,0,0,0,650,recovery,496
12.928223446005083,340,0,365,295,0,0,0,650,recovery,874
12.941050195030975,339,0,366,295,0,0,0,651,infection,332
12.953343156618237,338,0,367,295,0,0,0,652,infection,112
12.978717293693231,337,0,368,295,0,0,0,653,infection,261
12.99318571999845,336,0,369,295,0,0,0,654,infection,666
12.99955246056487,335,0,370,295,0,0,0,655,infection,270
13.005243612504788,335,0,369,296,0,0,0,655,recovery,825
13.036116766497582,335,0,368,297,0,0,0,655,recovery,859
13.037033074147306,334,0,369,297,0,0,0,656,infection,136
13.040716430583196,334,0,368,298,0,0,0,656,recovery,484
13.044533123108897,333,0,369,298,0,0,0,657,infection,206
13.04928017789499,332,0,370,298,0,0,0,658,infection,306
13.053470055527663,331,0,371,298,0,0,0,659,infection,449
13.059780220202247,330,0,372,298,0,0,0,660,infection,273
13.072361460961114,329,0,373,298,0,0,0,661,infection,707
13.08331080141782,329,0,372,299,0,0,0,661,recovery,200
13.086912138251506,329,0,371,300,0,0,0,661,recovery,805
13.08995878554093,328,0,372,300,0,0,0,662,infection,793
13.095165113923773,328,0,371,301,0,0,0,662,recovery,877
13.111903511102835,327,0,372,301,0,0,0,663,infection,870
13.11810206833489,326,0,373,301,0,0,0,664,infection,327
13.123234885737375,326,0,372,302,0,0,0,664,recovery,576
13.172182807016394,326,0,371,303,0,0,0,664,recovery,741
13.18845418885721,326,0,370,304,0,0,0,664,recovery,335
13.191779432549815,326,0,369,305,0,0,0,664,recovery,386
13.193557727372351,325,0,370,305,0,0,0,665,infection,941
13.222604159686576,324,0,371,305,0,0,0,666,infection,277
13.223329151398652,324,0,370,306,0,0,0,666,recovery,964
13.223842738733925,323,0,371,306,0,0,0,667,infection,237
13.229524753172715,322,0,372,306,0,0,0,668,infection,8
13.230665492131498,321,0,373,306,0,0,0,669,infection,127
13.25753671475183,321,0,372,307,0,0,0,669,recovery,786
13.260787834938865,321,0,371,308,0,0,0,669,recovery,125
13.273723532070175,320,0,372,308,0,0,0,670,infection,763
13.284364840206885,319,0,373,308,0,0,0,671,infection,328
13.293094405825448,318,0,374,308,0,0,0,672,infection,157
13.3068833331867,317,0,375,308,0,0,0,673,infection,357
13.312491678253512,317,0,374,309,0,0,0,673,recovery,5
13.315554682953836,316,0,375,309,0,0,0,674,infection,402
13.328539517154324,316,0,374,310,0,0,0,674,recovery,247
13.33383096857528,316,0,373,311,0,0,0,674,recovery,300
13.333905734926027,315,0,374,311,0,0,0,675,infection,299
13.351298914508307,315,0,373,312,0,0,0,675,recovery,564
13.357366914801617,314,0,374,312,0,0,0,676,infection,800
13.363966279367212,313,0,375,312,0,0,0,677,infection,814
13.376268529146762,312,0,376,312,0,0,0,678,infection,823
13.376721840518343,312,0,375,313,0,0,0,678,recovery,90
13.377455263502972,312,0,374,314,0,0,0,678,recovery,144
13.388946838238118,311,0,375,314,0,0,0,679,infection,679
13.389590159512922,310,0,376,314,0,0,0,680,infection,784
13.39860792522461,310,0,375,315,0,0,0,680,recovery,371
13.403797788716437,309,0,376,315,0,0,0,681,infection,164
13.405371756553663,309,0,375,316,0,0,0,681,recovery,495
13.412820328316982,309,0,374,317,0,0,0,681,recovery,739
13.419388133095609,309,0,373,318,0,0,0,681,recovery,745
13.427325893624648,308,0,374,318,0,0,0,682,infection,653
13.427575055112154,308,0,373,319,0,0,0,682,recovery,270
13.42971658858116,308,0,372,320,0,0,0,682,recovery,770
13.432552797232276,307,0,373,320,0,0,0,683,infection,734
13.435098979289014,306,0,374,320,0,0,0,684,infection,483
13.436389769239536,305,0,375,320,0,0,0,685,infection,303
13.447648307543899,304,0,376,320,0,0,0,686,infection,380
13.469521744332924,304,0,375,321,0,0,0,686,recovery,493
13.471747368419718,304,0,374,322,0,0,0,686,recovery,811
13.471959041852786,303,0,375,322,0,0,0,687,infection,555
13.47963829406909,303,0,374,323,0,0,0,687,recovery,899
13.480464260977284,302,0,375,323,0,0,0,688,infection,250
13.492175526271376,301,0,376,323,0,0,0,689,infection,686
13.495435914910809,301,0,375,324,0,0,0,689,recovery,395
13.495640370368223,300,0,376,324,0,0,0,690,infection,621
13.498169986493243,299,0,377,324,0,0,0,691,infection,236
13.498226693167101,299,0,376,325,0,0,0,691,recovery,895
13.502828302948842,298,0,377,325,0,0,0,692,infection,297
13.52022498132152,297,0,378,325,0,0,0,693,infection,204
13.527985185607125,297,0,377,326,0,0,0,693,recovery,892
13.528869918958474,297,0,376,327,0,0,0,693,recovery,351
13.529696261923396,297,0,375,328,0,0,0,693,recovery,261
13.550344950253804,297,0,374,329,0,0,0,693,recovery,929
13.563817150686551,297,0,373,330,0,0,0,693,recovery,135
13.57130180525369,296,0,374,330,0,0,0,694,infection,42
13.579808220651204,295,0,375,330,0,0,0,695,infection,794
13.588728438530511,294,0,376,330,0,0,0,696,infection,545
13.652064120245145,294,0,375,331,0,0,0,696,recovery,107
13.653460821294502,294,0,374,332,0,0,0,696,recovery,286
13.65517831056842,294,0,373,333,0,0,0,696,recovery,538
13.665663160402689,294,0,372,334,0,0,0,696,recovery,319
13.68904861430286,293,0,373,334,0,0,0,697,infection,782
13.689258290857088,292,0,374,334,0,0,0,698,infection,217
13.692268802579976,291,0,375,334,0,0,0,699,infection,317
13.699704932024328,290,0,376,334,0,0,0,700,infection,697
13.711686095914237,290,0,375,335,0,0,0,700,recovery,500
13.7130336618182,290,0,374,336,0,0,0,700,recovery,385
13.724698490923195,290,0,373,337,0,0,0,700,recovery,299
13.729140223242373,290,0,372,338,0,0,0,700,recovery,64
13.73207879034234,290,0,371,339,0,0,0,700,recovery,241
13.742266156823174,290,0,370,340,0,0,0,700,recovery,99
13.753430814908198,290,0,369,341,0,0,0,700,recovery,814
13.754185343193225,289,0,370,341,0,0,0,701,infection,688
13.757069242991559,288,0,371,341,0,0,0,702,infection,958
13.763618209775506,288,0,370,342,0,0,0,702,recovery,655
13.76978792279777,287,0,371,342,0,0,0,703,infection,214
13.79044168510317,286,0,372,342,0,0,0,704,infection,471
13.796340653246714,285,0,373,342,0,0,0,705,infection,586
13.805672983537026,284,0,374,342,0,0,0,706,infection,20
13.807740790267495,284,0,373,343,0,0,0,706,recovery,776
13.810606724746531,284,0,372,344,0,0,0,706,recovery,715
13.820949292887907,284,0,371,345,0,0,0,706,recovery,57
13.82968986689827,284,0,370,346,0,0,0,706,recovery,340
13.830965578504031,283,0,371,346,0,0,0,707,infection,762
13.862015908278588,282,0,372,346,0,0,0,708,infection,504
13.863538756880317,281,0,373,346,0,0,0,709,infection,360
13.876916083787506,280,0,374,346,0,0,0,710,infection,690
13.9081844439993,279,0,375,346,0,0,0,711,infection,39
13.918557350726443,278,0,376,346,0,0,0,712,infection,914
13.927517432115284,277,0,377,346,0,0,0,713,infection,616
13.938367640388064,277,0,376,347,0,0,0,713,recovery,616
13.955853828087417,277,0,375,348,0,0,0,713,recovery,731
13.970857095985624,276,0,376,348,0,0,0,714,infection,598
13.992385288928832,275,0,377,348,0,0,0,715,infection,163
13.998135784903706,275,0,376,349,0,0,0,715,recovery,308
13.99971169802015,275,0,375,350,0,0,0,715,recovery,419
14.01812653286526,275,0,374,351,0,0,0,715,recovery,793
14.041508606281978,274,0,375,351,0,0,0,716,infection,836
14.043791732844333,273,0,376,351,0,0,0,717,infection,594
14.070128080207056,273,0,375,352,0,0,0,717,recovery,497
14.079755993987064,273,0,374,353,0,0,0,717,recovery,969
14.096297884613321,273,0,373,354,0,0,0,717,recovery,629
14.107245630818603,273,0,372,355,0,0,0,717,recovery,962
14.11562609842691,273,0,371,356,0,0,0,717,recovery,476
14.122523879915919,273,0,370,357,0,0,0,717,recovery,927
14.125106374904275,272,0,371,357,0,0,0,718,infection,81
14.126408548902557,272,0,370,358,0,0,0,718,recovery,154
14.135465236952385,272,0,369,359,0,0,0,718,recovery,869
14.15241514466437,271,0,370,359,0,0,0,719,infection,597
14.159221331392494,270,0,371,359,0,0,0,720,infection,389
14.16664813635536,270,0,370,360,0,0,0,720,recovery,234
14.174693638132368,270,0,369,361,0,0,0,720,recovery,914
14.191611161978503,269,0,370,361,0,0,0,721,infection,981
14.194995524407668,268,0,371,361,0,0,0,722,infection,663
14.205373950349829,267,0,372,361,0,0,0,723,infection,955
14.207838192754194,267,0,371,362,0,0,0,723,recovery,210
14.210253782277013,266,0,372,362,0,0,0,724,infection,488
14.21761090950682,266,0,371,363,0,0,0,724,recovery,662
14.2409436701672,265,0,372,363,0,0,0,725,infection,888
14.248056612683719,265,0,371,364,0,0,0,725,recovery,871
14.251570965580623,264,0,372,364,0,0,0,726,infection,197
14.254802943007082,263,0,373,364,0,0,0,727,infection,182
14.258019759499863,263,0,372,365,0,0,0,727,recovery,788
14.287892858675411,263,0,371,366,0,0,0,727,recovery,114
14.288920702143658,262,0,372,366,0,0,0,728,infection,208
14.300911950944627,261,0,373,366,0,0,0,729,infection,375
14.307109294130928,261,0,372,367,0,0,0,729,recovery,272
14.352028666868758,260,0,373,367,0,0,0,730,infection,693
14.360211629342945,259,0,374,367,0,0,0,731,infection,68
14.360872166506702,259,0,373,368,0,0,0,731,recovery,622
14.374973196669933,258,0,374,368,0,0,0,732,infection,925
14.37825927014553,257,0,375,368,0,0,0,733,infection,938
14.38241631958646,257,0,374,369,0,0,0,733,recovery,106
14.395948245437248,257,0,373,370,0,0,0,733,recovery,908
14.40802211591011,257,0,372,371,0,0,0,733,recovery,268
14.409346534769764,257,0,371,372,0,0,0,733,recovery,615
14.466384918641989,256,0,372,372,0,0,0,734,infection,675
14.46920939022196,255,0,373,372,0,0,0,735,infection,713
14.476279323189573,254,0,374,372,0,0,0,736,infection,617
14.487645974884412,254,0,373,373,0,0,0,736,recovery,223
14.500977488416165,254,0,372,374,0,0,0,736,recovery,112
14.513241703971355,254,0,371,375,0,0,0,736,recovery,578
14.513460218780295,254,0,370,376,0,0,0,736,recovery,931
14.516193509041948,254,0,369,377,0,0,0,736,recovery,165
14.518125883009626,254,0,368,378,0,0,0,736,recovery,981
14.523357403679679,254,0,367,379,0,0,0,736,recovery,695
14.530502110363043,254,0,366,380,0,0,0,736,recovery,886
14.54602314137205,254,0,365,381,0,0,0,736,recovery,802
14.549105522814388,254,0,364,382,0,0,0,736,recovery,643
14.555942327691275,253,0,365,382,0,0,0,737,infection,539
14.56481653397395,253,0,364,383,0,0,0,737,recovery,181
14.62269662137377,253,0,363,384,0,0,0,737,recovery,70
14.627812809364027,252,0,364,384,0,0,0,738,infection,97
14.6373313345443,251,0,365,384,0,0,0,739,infection,934
14.65554072989359,250,0,366,384,0,0,0,740,infection,632
14.676032534952945,249,0,367,384,0,0,0,741,infection,822
14.695667516476183,249,0,366,385,0,0,0,741,recovery,332
14.705130882828847,249,0,365,386,0,0,0,741,recovery,801
14.720825644083588,249,0,364,387,0,0,0,741,recovery,271
14.726739982134497,249,0,363,388,0,0,0,741,recovery,709
14.752705866386517,249,0,362,389,0,0,0,741,recovery,542
14.75395728914089,249,0,361,390,0,0,0,741,recovery,8
14.77549652173771,248,0,362,390,0,0,0,742,infection,230
14.778376534106513,248,0,361,391,0,0,0,742,recovery,198
14.779181791069774,248,0,360,392,0,0,0,742,recovery,535
14.790018499724074,247,0,361,392,0,0,0,743,infection,758
14.79981030129781,247,0,360,393,0,0,0,743,recovery,752
14.809113590431416,246,0,361,393,0,0,0,744,infection,146
14.831064381181301,245,0,362,393,0,0,0,745,infection,557
14.84520346361287,244,0,363,393,0,0,0,746,infection,321
14.848405211751986,244,0,362,394,0,0,0,746,recovery,844
14.85576979397074,244,0,361,395,0,0,0,746,recovery,915
14.881368104620806,244,0,360,396,0,0,0,746,recovery,865
14.886834876969381,243,0,361,396,0,0,0,747,infection,138
14.897087321452574,243,0,360,397,0,0,0,747,recovery,790
14.897235343669045,243,0,359,398,0,0,0,747,recovery,115
14.903937077048395,243,0,358,399,0,0,0,747,recovery,151
14.90551097913661,243,0,357,400,0,0,0,747,recovery,29
14.908566187321451,243,0,356,401,0,0,0,747,recovery,569
14.91837561092899,243,0,355,402,0,0,0,747,recovery,15
14.919048716013368,242,0,356,402,0,0,0,748,infection,55
14.92607476108116,242,0,355,403,0,0,0,748,recovery,808
14.927154938359655,241,0,356,403,0,0,0,749,infection,922
14.93174833004653,240,0,357,403,0,0,0,750,infection,37
14.946794245335797,240,0,356,404,0,0,0,750,recovery,163
14.949414211973806,239,0,357,404,0,0,0,751,infection,19
14.951505296820484,239,0,356,405,0,0,0,751,recovery,873
14.966820678792057,239,0,355,406,0,0,0,751,recovery,218
14.974752090471348,239,0,354,407,0,0,0,751,recovery,843
14.98857062764055,238,0,355,407,0,0,0,752,infection,551
15.039031124333501,238,0,354,408,0,0,0,752,recovery,256
15.047235510033861,237,0,355,408,0,0,0,753,infection,506
15.048907501652295,237,0,354,409,0,0,0,753,recovery,527
15.055805145783733,237,0,353,410,0,0,0,753,recovery,203
15.059257295097787,237,0,352,411,0,0,0,753,recovery,190
15.081880125126885,236,0,353,411,0,0,0,754,infection,977
15.083978374199305,236,0,352,412,0,0,0,754,recovery,666
15.086329699225015,235,0,353,412,0,0,0,755,infection,543
15.090441265314249,234,0,354,412,0,0,0,756,infection,507
15.097657614026929,234,0,353,413,0,0,0,756,recovery,941
15.12111592351619,233,0,354,413,0,0,0,757,infection,634
15.138599420078172,232,0,355,413,0,0,0,758,infection,850
15.13866611611892,231,0,356,413,0,0,0,759,infection,298
15.141832479482847,230,0,357,413,0,0,0,760,infection,244
15.176817928604878,229,0,358,413,0,0,0,761,infection,505
15.191028436689763,229,0,357,414,0,0,0,761,recovery,206
15.220144430559747,228,0,358,414,0,0,0,762,infection,27
15.23634075319251,228,0,357,415,0,0,0,762,recovery,546
15.253869331561608,228,0,356,416,0,0,0,762,recovery,171
15.261229402093772,228,0,355,417,0,0,0,762,recovery,7
15.291112180829852,227,0,356,417,0,0,0,763,infection,768
15.296081720479906,227,0,355,418,0,0,0,763,recovery,13
15.297604296369748,227,0,354,419,0,0,0,763,recovery,358
15.307962074505328,226,0,355,419,0,0,0,764,infection,530
15.314591822443898,226,0,354,420,0,0,0,764,recovery,307
15.316211782818502,226,0,353,421,0,0,0,764,recovery,656
15.318950294204047,226,0,352,422,0,0,0,764,recovery,686
15.321479169734241,225,0,353,422,0,0,0,765,infection,85
15.338976961575531,224,0,354,422,0,0,0,766,infection,835
15.34575460596071,224,0,353,423,0,0,0,766,recovery,39
15.35869967300325,223,0,354,423,0,0,0,767,infection,265
15.377858922847262,223,0,353,424,0,0,0,767,recovery,41
15.394360521209194,222,0,354,424,0,0,0,768,infection,406
15.400992402756902,222,0,353,425,0,0,0,768,recovery,913
15.405106806678441,221,0,354,425,0,0,0,769,infection,704
15.411878700149963,221,0,353,426,0,0,0,769,recovery,40
15.433076556838001,221,0,352,427,0,0,0,769,recovery,55
15.434211698265988,221,0,351,428,0,0,0,769,recovery,303
15.441999727070463,220,0,352,428,0,0,0,770,infection,259
15.444199547488076,220,0,351,429,0,0,0,770,recovery,372
15.444766899339259,219,0,352,429,0,0,0,771,infection,167
15.466815931292718,219,0,351,430,0,0,0,771,recovery,262
15.473953506473535,219,0,350,431,0,0,0,771,recovery,604
15.477048233808796,218,0,351,431,0,0,0,772,infection,757
15.484193970298485,218,0,350,432,0,0,0,772,recovery,762
15.49177463145629,217,0,351,432,0,0,0,773,infection,89
15.50960238444532,217,0,350,433,0,0,0,773,recovery,139
15.51161217119341,217,0,349,434,0,0,0,773,recovery,696
15.533711884313307,217,0,348,435,0,0,0,773,recovery,331
15.535120928924655,217,0,347,436,0,0,0,773,recovery,85
15.542262264174468,216,0,348,436,0,0,0,774,infection,221
15.54459096951309,215,0,349,436,0,0,0,775,infection,866
15.549650156236716,215,0,348,437,0,0,0,775,recovery,541
15.550684087836878,214,0,349,437,0,0,0,776,infection,935
15.589830209356439,213,0,350,437,0,0,0,777,infection,264
15.594231231645306,213,0,349,438,0,0,0,777,recovery,706
15.597832828479055,213,0,348,439,0,0,0,777,recovery,910
15.606376870102514,213,0,347,440,0,0,0,777,recovery,100
15.610870933754315,212,0,348,440,0,0,0,778,infection,730
15.61285507932389,212,0,347,441,0,0,0,778,recovery,297
15.636777317158744,211,0,348,441,0,0,0,779,infection,128
15.643150773481093,210,0,349,441,0,0,0,780,infection,448
15.659318824541522,210,0,348,442,0,0,0,780,recovery,555
15.668041289401916,209,0,349,442,0,0,0,781,infection,657
15.68373183241693,209,0,348,443,0,0,0,781,recovery,505
15.68374606428407,209,0,347,444,0,0,0,781,recovery,744
15.686582188864909,208,0,348,444,0,0,0,782,infection,911
15.69559870768777,208,0,347,445,0,0,0,782,recovery,194
15.706509836334853,208,0,346,446,0,0,0,782,recovery,214
15.716223961311103,207,0,347,446,0,0,0,783,infection,684
15.726677676120538,207,0,346,447,0,0,0,783,recovery,10
15.767468901982781,207,0,345,448,0,0,0,783,recovery,791
15.769050705949969,207,0,344,449,0,0,0,783,recovery,215
15.79813947443188,207,0,343,450,0,0,0,783,recovery,449
15.808056433102514,206,0,344,450,0,0,0,784,infection,950
15.808612407235078,206,0,343,451,0,0,0,784,recovery,704
15.810153139188769,205,0,344,451,0,0,0,785,infection,890
15.81299658772927,205,0,343,452,0,0,0,785,recovery,240
15.824257720984205,204,0,344,452,0,0,0,786,infection,1
15.826211870153017,204,0,343,453,0,0,0,786,recovery,68
15.841277171509242,204,0,342,454,0,0,0,786,recovery,796
15.84179536148585,204,0,341,455,0,0,0,786,recovery,406
15.842106738443968,204,0,340,456,0,0,0,786,recovery,2
15.842696035062236,204,0,339,457,0,0,0,786,recovery,926
15.848702924651146,204,0,338,458,0,0,0,786,recovery,407
15.858266551335877,204,0,337,459,0,0,0,786,recovery,856
15.890911607317793,204,0,336,460,0,0,0,786,recovery,237
15.906717794032073,204,0,335,461,0,0,0,786,recovery,639
15.920871724461934,203,0,336,461,0,0,0,787,infection,131
15.925601957359198,203,0,335,462,0,0,0,787,recovery,26
15.934336455138329,202,0,336,462,0,0,0,788,infection,878
15.940715480467798,202,0,335,463,0,0,0,788,recovery,417
15.941407970722508,202,0,334,464,0,0,0,788,recovery,966
15.942239347314878,201,0,335,464,0,0,0,789,infection,798
15.949797315652738,201,0,334,465,0,0,0,789,recovery,887
15.983972619835566,200,0,335,465,0,0,0,790,infection,667
15.994556659212604,200,0,334,466,0,0,0,790,recovery,798
15.998664675488273,200,0,333,467,0,0,0,790,recovery,543
16.00876173585926,200,0,332,468,0,0,0,790,recovery,816
16.013111979754633,200,0,331,469,0,0,0,790,recovery,427
16.01651268521359,199,0,332,469,0,0,0,791,infection,502
16.01714299515414,199,0,331,470,0,0,0,791,recovery,934
16.0296051595661,198,0,332,470,0,0,0,792,infection,881
16.03045685498926,198,0,331,471,0,0,0,792,recovery,357
16.044088107168626,198,0,330,472,0,0,0,792,recovery,951
16.044814825459078,198,0,329,473,0,0,0,792,recovery,494
16.052501902702982,197,0,330,473,0,0,0,793,infection,785
16.052546507498466,197,0,329,474,0,0,0,793,recovery,172
16.086732154305516,197,0,328,475,0,0,0,793,recovery,868
16.131430312171375,197,0,327,476,0,0,0,793,recovery,945
16.139657206012508,197,0,326,477,0,0,0,793,recovery,188
16.15081083318813,197,0,325,478,0,0,0,793,recovery,142
16.16611154818847,197,0,324,479,0,0,0,793,recovery,116
16.2182490590314,197,0,323,480,0,0,0,793,recovery,56
16.222444052905352,197,0,322,481,0,0,0,793,recovery,935
16.229928450014373,197,0,321,482,0,0,0,793,recovery,153
16.238137025199727,197,0,320,483,0,0,0,793,recovery,821
16.246464847537407,197,0,319,484,0,0,0,793,recovery,611
16.25289104818003,196,0,320,484,0,0,0,794,infection,348
16.263542561807384,196,0,319,485,0,0,0,794,recovery,890
16.291094295175103,195,0,320,485,0,0,0,795,infection,658
16.294849841969924,194,0,321,485,0,0,0,796,infection,384
16.29837252421153,193,0,322,485,0,0,0,797,infection,599
16.2990916181637,192,0,323,485,0,0,0,798,infection,66
16.326682969536765,191,0,324,485,0,0,0,799,infection,189
16.326838877674916,191,0,323,486,0,0,0,799,recovery,119
16.35479657354575,191,0,322,487,0,0,0,799,recovery,738
16.359831673639203,190,0,323,487,0,0,0,800,infection,645
16.38227536909966,190,0,322,488,0,0,0,800,recovery,634
16.411209073252444,189,0,323,488,0,0,0,801,infection,475
16.430231923636377,188,0,324,488,0,0,0,802,infection,512
16.435456904939645,188,0,323,489,0,0,0,802,recovery,384
16.43944878554205,188,0,322,490,0,0,0,802,recovery,360
16.44123058642048,188,0,321,491,0,0,0,802,recovery,80
16.445463572905055,188,0,320,492,0,0,0,802,recovery,435
16.465967720022633,188,0,319,493,0,0,0,802,recovery,470
16.4669286740855,187,0,320,493,0,0,0,803,infection,396
16.46984773529907,186,0,321,493,0,0,0,804,infection,239
16.4929918688578,186,0,320,494,0,0,0,804,recovery,380
16.53748935600298,186,0,319,495,0,0,0,804,recovery,182
16.561038735492197,185,0,320,495,0,0,0,805,infection,50
16.57639395627298,185,0,319,496,0,0,0,805,recovery,285
16.583114503815064,184,0,320,496,0,0,0,806,infection,771
16.587888564286636,184,0,319,497,0,0,0,806,recovery,955
16.598972270212997,183,0,320,497,0,0,0,807,infection,287
16.606958616194483,183,0,319,498,0,0,0,807,recovery,266
16.62580779845898,183,0,318,499,0,0,0,807,recovery,875
16.65490145471006,183,0,317,500,0,0,0,807,recovery,680
16.670935739009245,183,0,316,501,0,0,0,807,recovery,295
16.678869944353487,183,0,315,502,0,0,0,807,recovery,121
16.680497189551502,182,0,316,502,0,0,0,808,infection,669
16.682718806078615,182,0,315,503,0,0,0,808,recovery,600
16.683115788734543,181,0,316,503,0,0,0,809,infection,973
16.70685617606589,181,0,315,504,0,0,0,809,recovery,249
16.70985718216455,181,0,314,505,0,0,0,809,recovery,66
16.73416638285972,181,0,313,506,0,0,0,809,recovery,316
16.745577217685423,181,0,312,507,0,0,0,809,recovery,623
16.785638166910918,181,0,311,508,0,0,0,809,recovery,238
16.793261535170412,180,0,312,508,0,0,0,810,infection,711
16.794411837334966,180,0,311,509,0,0,0,810,recovery,524
16.80525284641101,180,0,310,510,0,0,0,810,recovery,37
16.830833156128108,179,0,311,510,0,0,0,811,infection,191
16.8323589245856,178,0,312,510,0,0,0,812,infection,83
16.845918299184472,177,0,313,510,0,0,0,813,infection,168
16.864608352015665,177,0,312,511,0,0,0,813,recovery,288
16.897915114264148,176,0,313,511,0,0,0,814,infection,568
16.898897618928142,176,0,312,512,0,0,0,814,recovery,652
16.909954654425867,176,0,311,513,0,0,0,814,recovery,93
16.938942988664913,176,0,310,514,0,0,0,814,recovery,350
16.940164643565595,176,0,309,515,0,0,0,814,recovery,823
16.96049587221183,175,0,310,515,0,0,0,815,infection,343
16.96388858041817,175,0,309,516,0,0,0,815,recovery,328
16.970831173984312,175,0,308,517,0,0,0,815,recovery,613
16.97102451352493,175,0,307,518,0,0,0,815,recovery,583
16.976779834530305,175,0,306,519,0,0,0,815,recovery,727
16.995077229445727,175,0,305,520,0,0,0,815,recovery,653
16.995438888754578,174,0,306,520,0,0,0,816,infection,661
17.009268999046853,174,0,305,521,0,0,0,816,recovery,278
17.0175720788777,173,0,306,521,0,0,0,817,infection,820
17.02463541153778,173,0,305,522,0,0,0,817,recovery,820
17.04112520522127,173,0,304,523,0,0,0,817,recovery,707
17.07231827997651,173,0,303,524,0,0,0,817,recovery,282
17.073461214954495,172,0,304,524,0,0,0,818,infection,444
17.073780479088448,172,0,303,525,0,0,0,818,recovery,367
17.078003339575115,172,0,302,526,0,0,0,818,recovery,399
17.086110502929927,172,0,301,527,0,0,0,818,recovery,50
17.092134921693372,172,0,300,528,0,0,0,818,recovery,557
17.098494970647014,171,0,301,528,0,0,0,819,infection,883
17.101107285467258,171,0,300,529,0,0,0,819,recovery,348
17.10667277445773,170,0,301,529,0,0,0,820,infection,430
17.11566130392236,169,0,302,529,0,0,0,821,infection,459
17.121396560177242,169,0,301,530,0,0,0,821,recovery,636
17.12155482680298,169,0,300,531,0,0,0,821,recovery,758
17.14458259930886,168,0,301,531,0,0,0,822,infection,606
17.148674881258287,167,0,302,531,0,0,0,823,infection,660
17.165700099897588,167,0,301,532,0,0,0,823,recovery,826
17.174421494861203,167,0,300,533,0,0,0,823,recovery,721
17.207512252432323,167,0,299,534,0,0,0,823,recovery,592
17.215231537940983,167,0,298,535,0,0,0,823,recovery,128
17.225942819410626,167,0,297,536,0,0,0,823,recovery,984
17.232167388323965,167,0,296,537,0,0,0,823,recovery,306
17.2467828388155,167,0,295,538,0,0,0,823,recovery,676
17.26798462116058,167,0,294,539,0,0,0,823,recovery,785
17.281485718144136,166,0,295,539,0,0,0,824,infection,678
17.285133793789228,166,0,294,540,0,0,0,824,recovery,147
17.290985000190542,166,0,293,541,0,0,0,824,recovery,597
17.303743958523544,166,0,292,542,0,0,0,824,recovery,711
17.335778173399454,166,0,291,543,0,0,0,824,recovery,78
17.34003513568677,166,0,290,544,0,0,0,824,recovery,884
17.350916790169606,166,0,289,545,0,0,0,824,recovery,273
17.372761635515364,165,0,290,545,0,0,0,825,infection,438
17.396301833209744,164,0,291,545,0,0,0,826,infection,723
17.40518076588014,164,0,290,546,0,0,0,826,recovery,402
17.412239663984042,164,0,289,547,0,0,0,826,recovery,620
17.420299531232956,163,0,290,547,0,0,0,827,infection,186
17.432698301627152,163,0,289,548,0,0,0,827,recovery,577
17.444283951834763,162,0,290,548,0,0,0,828,infection,324
17.447890273308914,162,0,289,549,0,0,0,828,recovery,432
17.462403201433435,162,0,288,550,0,0,0,828,recovery,444
17.480565583319677,162,0,287,551,0,0,0,828,recovery,678
17.496951250908104,162,0,286,552,0,0,0,828,recovery,944
17.504879742931376,162,0,285,553,0,0,0,828,recovery,539
17.506800163299072,161,0,286,553,0,0,0,829,infection,431
17.529133528352784,160,0,287,553,0,0,0,830,infection,498
17.549914709538164,160,0,286,554,0,0,0,830,recovery,14
17.650998652468,160,0,285,555,0,0,0,830,recovery,471
17.694507843267118,159,0,286,555,0,0,0,831,infection,284
17.704746201729087,159,0,285,556,0,0,0,831,recovery,104
17.707661667503796,158,0,286,556,0,0,0,832,infection,315
17.774478447044473,158,0,285,557,0,0,0,832,recovery,593
17.789155587915776,158,0,284,558,0,0,0,832,recovery,105
17.79740094732228,158,0,283,559,0,0,0,832,recovery,204
17.824054879028274,158,0,282,560,0,0,0,832,recovery,164
17.879592303588698,158,0,281,561,0,0,0,832,recovery,691
17.884747218725416,158,0,280,562,0,0,0,832,recovery,212
17.91673613190824,157,0,281,562,0,0,0,833,infection,126
17.930489144125048,157,0,280,563,0,0,0,833,recovery,928
17.935060210249596,156,0,281,563,0,0,0,834,infection,733
17.9616829931705,155,0,282,563,0,0,0,835,infection,673
18.001637598358275,155,0,281,564,0,0,0,835,recovery,60
18.008352786416584,154,0,282,564,0,0,0,836,infection,211
18.015940957446507,153,0,283,564,0,0,0,837,infection,485
18.018983453195535,153,0,282,565,0,0,0,837,recovery,645
18.031196696194133,152,0,283,565,0,0,0,838,infection,797
18.04182906624459,151,0,284,565,0,0,0,839,infection,571
18.044969754190134,151,0,283,566,0,0,0,839,recovery,942
18.051798515905638,150,0,284,566,0,0,0,840,infection,558
18.054161432943527,150,0,283,567,0,0,0,840,recovery,239
18.060106591337483,150,0,282,568,0,0,0,840,recovery,880
18.07466564652942,150,0,281,569,0,0,0,840,recovery,754
18.09827255366569,150,0,280,570,0,0,0,840,recovery,242
18.10180949267275,150,0,279,571,0,0,0,840,recovery,675
18.129764600778113,150,0,278,572,0,0,0,840,recovery,483
18.140913383148487,150,0,277,573,0,0,0,840,recovery,681
18.145758727067687,149,0,278,573,0,0,0,841,infection,185
18.16277190465461,148,0,279,573,0,0,0,842,infection,610
18.164020214549762,148,0,278,574,0,0,0,842,recovery,376
18.164091108486517,148,0,277,575,0,0,0,842,recovery,579
18.16478897481241,148,0,276,576,0,0,0,842,recovery,544
18.17369690914293,148,0,275,577,0,0,0,842,recovery,292
18.200490114997418,147,0,276,577,0,0,0,843,infection,775
18.22170605932825,147,0,275,578,0,0,0,843,recovery,82
18.22668327182494,147,0,274,579,0,0,0,843,recovery,987
18.228549670393708,147,0,273,580,0,0,0,843,recovery,530
18.252556425124244,147,0,272,581,0,0,0,843,recovery,635
18.28023228459667,147,0,271,582,0,0,0,843,recovery,36
18.294285661712095,147,0,270,583,0,0,0,843,recovery,590
18.29964807557934,147,0,269,584,0,0,0,843,recovery,971
18.352752401722732,146,0,270,584,0,0,0,844,infection,804
18.364218114829374,146,0,269,585,0,0,0,844,recovery,599
18.39784377072544,146,0,268,586,0,0,0,844,recovery,866
18.40452684264558,145,0,269,586,0,0,0,845,infection,774
18.415094876831763,144,0,270,586,0,0,0,846,infection,113
18.429193338891906,144,0,269,587,0,0,0,846,recovery,113
18.430719627134188,144,0,268,588,0,0,0,846,recovery,664
18.453271263376966,143,0,269,588,0,0,0,847,infection,968
18.484138980293388,142,0,270,588,0,0,0,848,infection,903
18.509813396835614,142,0,269,589,0,0,0,848,recovery,284
18.521312151747434,142,0,268,590,0,0,0,848,recovery,923
18.547121371430414,142,0,267,591,0,0,0,848,recovery,347
18.551364006791346,142,0,266,592,0,0,0,848,recovery,482
18.560108130359268,141,0,267,592,0,0,0,849,infection,749
18.568759562085827,141,0,266,593,0,0,0,849,recovery,637
18.569457588875963,140,0,267,593,0,0,0,850,infection,853
18.57381626316881,140,0,266,594,0,0,0,850,recovery,771
18.611319056375738,140,0,265,595,0,0,0,850,recovery,354
18.630118981092284,139,0,266,595,0,0,0,851,infection,3
18.63192349984869,139,0,265,596,0,0,0,851,recovery,81
18.632834000327566,139,0,264,597,0,0,0,851,recovery,217
18.636178744481892,138,0,265,597,0,0,0,852,infection,421
18.640640522359003,138,0,264,598,0,0,0,852,recovery,507
18.655717175725012,138,0,263,599,0,0,0,852,recovery,124
18.659244930230756,137,0,264,599,0,0,0,853,infection,651
18.66719976335996,137,0,263,600,0,0,0,853,recovery,488
18.667378412833656,136,0,264,600,0,0,0,854,infection,809
18.74091849733317,136,0,263,601,0,0,0,854,recovery,329
18.74155595304489,136,0,262,602,0,0,0,854,recovery,502
18.753549158804482,136,0,261,603,0,0,0,854,recovery,389
18.767818901198417,136,0,260,604,0,0,0,854,recovery,518
18.773445245380177,135,0,261,604,0,0,0,855,infection,220
18.80189354803646,135,0,260,605,0,0,0,855,recovery,480
18.80486665061287,135,0,259,606,0,0,0,855,recovery,438
18.817217279040715,135,0,258,607,0,0,0,855,recovery,693
18.853225707090562,135,0,257,608,0,0,0,855,recovery,733
18.8570696804122,135,0,256,609,0,0,0,855,recovery,568
18.892438368947303,135,0,255,610,0,0,0,855,recovery,669
18.90825669537064,134,0,256,610,0,0,0,856,infection,728
18.921929500067804,134,0,255,611,0,0,0,856,recovery,167
18.9279449127914,134,0,254,612,0,0,0,856,recovery,768
18.930876819489207,133,0,255,612,0,0,0,857,infection,255
18.935175138009814,133,0,254,613,0,0,0,857,recovery,649
18.936166695901566,133,0,253,614,0,0,0,857,recovery,244
19.005010735100754,133,0,252,615,0,0,0,857,recovery,219
19.015946887339563,132,0,253,615,0,0,0,858,infection,631
19.021638184113247,131,0,254,615,0,0,0,859,infection,765
19.02242050426468,130,0,255,615,0,0,0,860,infection,248
19.02378605371522,129,0,256,615,0,0,0,861,infection,207
19.037922560861144,129,0,255,616,0,0,0,861,recovery,131
19.062879602893574,129,0,254,617,0,0,0,861,recovery,341
19.09784150475475,128,0,255,617,0,0,0,862,infection,756
19.1832917523448,128,0,254,618,0,0,0,862,recovery,903
19.19895995177429,128,0,253,619,0,0,0,862,recovery,369
19.234453540804804,128,0,252,620,0,0,0,862,recovery,231
19.25878327012026,128,0,251,621,0,0,0,862,recovery,922
19.281582222492197,128,0,250,622,0,0,0,862,recovery,252
19.31381442157436,127,0,251,622,0,0,0,863,infection,129
19.35558985101812,126,0,252,622,0,0,0,864,infection,722
19.36233300352863,125,0,253,622,0,0,0,865,infection,31
19.37577999447694,125,0,252,623,0,0,0,865,recovery,953
19.38240107096967,125,0,251,624,0,0,0,865,recovery,672
19.40370789580478,125,0,250,625,0,0,0,865,recovery,390
19.405075142218955,124,0,251,625,0,0,0,866,infection,640
19.40572237909803,124,0,250,626,0,0,0,866,recovery,415
19.44981414741825,124,0,249,627,0,0,0,866,recovery,977
19.462417784325073,123,0,250,627,0,0,0,867,infection,424
19.499681587921387,123,0,249,628,0,0,0,867,recovery,298
19.508702710712853,122,0,250,628,0,0,0,868,infection,687
19.50951696935146,122,0,249,629,0,0,0,868,recovery,958
19.51340751492796,122,0,248,630,0,0,0,868,recovery,545
19.548829986370933,122,0,247,631,0,0,0,868,recovery,337
19.55191016960359,122,0,246,632,0,0,0,868,recovery,728
19.586428714500236,122,0,245,633,0,0,0,868,recovery,450
19.61070567829936,122,0,244,634,0,0,0,868,recovery,632
19.652662169386588,122,0,243,635,0,0,0,868,recovery,759
19.700044938528826,122,0,242,636,0,0,0,868,recovery,638
19.705258141124208,121,0,243,636,0,0,0,869,infection,905
19.708919177100228,121,0,242,637,0,0,0,869,recovery,9
19.711548476378425,121,0,241,638,0,0,0,869,recovery,853
19.752021034062842,121,0,240,639,0,0,0,869,recovery,571
19.75871721908165,121,0,239,640,0,0,0,869,recovery,673
19.83562412943161,121,0,238,641,0,0,0,869,recovery,683
19.852840197704495,120,0,239,641,0,0,0,870,infection,95
19.925737624486782,120,0,238,642,0,0,0,870,recovery,919
19.925965645821027,119,0,239,642,0,0,0,871,infection,323
19.933087779238406,118,0,240,642,0,0,0,872,infection,77
19.934951118252922,117,0,241,642,0,0,0,873,infection,894
19.93839740605932,117,0,240,643,0,0,0,873,recovery,466
19.97942600908143,117,0,239,644,0,0,0,873,recovery,175
19.980891977887893,117,0,238,645,0,0,0,873,recovery,606
19.988322508997552,116,0,239,645,0,0,0,874,infection,947
20.00655641883575,115,0,240,645,0,0,0,875,infection,267
20.018327323107833,114,0,241,645,0,0,0,876,infection,333
20.045533144227083,113,0,242,645,0,0,0,877,infection,961
20.078765298548152,112,0,243,645,0,0,0,878,infection,162
20.12508536678067,112,0,242,646,0,0,0,878,recovery,248
20.131252569430924,111,0,243,646,0,0,0,879,infection,187
20.13452418550524,110,0,244,646,0,0,0,880,infection,833
20.21187963707138,109,0,245,646,0,0,0,881,infection,932
20.21218338377545,109,0,244,647,0,0,0,881,recovery,191
20.237476960613442,109,0,243,648,0,0,0,881,recovery,893
20.275553656088633,109,0,242,649,0,0,0,881,recovery,735
20.28223534146545,109,0,241,650,0,0,0,881,recovery,333
20.29131113738377,109,0,240,651,0,0,0,881,recovery,787
20.317133878926946,109,0,239,652,0,0,0,881,recovery,961
20.33096660550062,109,0,238,653,0,0,0,881,recovery,459
20.344996789948382,109,0,237,654,0,0,0,881,recovery,31
20.360510792796752,109,0,236,655,0,0,0,881,recovery,94
20.37288141862267,108,0,237,655,0,0,0,882,infection,276
20.38793625784529,108,0,236,656,0,0,0,882,recovery,663
20.39949559445362,107,0,237,656,0,0,0,883,infection,205
20.407699906059765,106,0,238,656,0,0,0,884,infection,101
20.42203079216124,106,0,237,657,0,0,0,884,recovery,657
20.50174511764662,106,0,236,658,0,0,0,884,recovery,224
20.50415264331397,105,0,237,658,0,0,0,885,infection,990
20.511147320074336,105,0,236,659,0,0,0,885,recovery,724
20.53080579518693,105,0,235,660,0,0,0,885,recovery,850
20.53815323395709,105,0,234,661,0,0,0,885,recovery,447
20.552815977018568,105,0,233,662,0,0,0,885,recovery,515
20.57557268156222,105,0,232,663,0,0,0,885,recovery,375
20.582932247854565,105,0,231,664,0,0,0,885,recovery,401
20.587070350691825,104,0,232,664,0,0,0,886,infection,440
20.593740104214007,104,0,231,665,0,0,0,886,recovery,885
20.600524959845316,104,0,230,666,0,0,0,886,recovery,679
20.6043471892196,104,0,229,667,0,0,0,886,recovery,197
20.61168890694616,103,0,230,667,0,0,0,887,infection,901
20.648812597324522,103,0,229,668,0,0,0,887,recovery,774
20.702817088054726,103,0,228,669,0,0,0,887,recovery,690
20.742271408785598,103,0,227,670,0,0,0,887,recovery,317
20.753390999933046,102,0,228,670,0,0,0,888,infection,132
20.76887340781266,102,0,227,671,0,0,0,888,recovery,67
20.80512748701024,101,0,228,671,0,0,0,889,infection,708
20.810669116796124,101,0,227,672,0,0,0,889,recovery,166
20.824812744144218,101,0,226,673,0,0,0,889,recovery,933
20.87859534627445,101,0,225,674,0,0,0,889,recovery,230
20.89205987948307,101,0,224,675,0,0,0,889,recovery,598
20.904241432356066,100,0,225,675,0,0,0,890,infection,184
20.928017766577593,99,0,226,675,0,0,0,891,infection,109
20.96296585267735,99,0,225,676,0,0,0,891,recovery,760
20.97924179025013,99,0,224,677,0,0,0,891,recovery,581
21.045750103164895,99,0,223,678,0,0,0,891,recovery,551
21.08083498539649,99,0,222,679,0,0,0,891,recovery,968
21.097125190497,98,0,223,679,0,0,0,892,infection,972
21.135890966782856,98,0,222,680,0,0,0,892,recovery,833
21.15088262266211,98,0,221,681,0,0,0,892,recovery,723
21.157292689098533,98,0,220,682,0,0,0,892,recovery,807
21.204647339833247,98,0,219,683,0,0,0,892,recovery,902
21.213612119919922,97,0,220,683,0,0,0,893,infection,898
21.242576513439843,97,0,219,684,0,0,0,893,recovery,749
21.258560946518944,97,0,218,685,0,0,0,893,recovery,42
21.274296680309348,97,0,217,686,0,0,0,893,recovery,400
21.28734810281485,97,0,216,687,0,0,0,893,recovery,129
21.2913407494678,97,0,215,688,0,0,0,893,recovery,95
21.328223514466316,97,0,214,689,0,0,0,893,recovery,617
21.34493305920175,97,0,213,690,0,0,0,893,recovery,589
21.364601960080815,96,0,214,690,0,0,0,894,infection,342
21.38146802750596,96,0,213,691,0,0,0,894,recovery,626
21.424517042150846,96,0,212,692,0,0,0,894,recovery,836
21.504310750690806,96,0,211,693,0,0,0,894,recovery,146
21.525285715633164,96,0,210,694,0,0,0,894,recovery,343
21.54716487878885,96,0,209,695,0,0,0,894,recovery,97
21.59396178953117,96,0,208,696,0,0,0,894,recovery,881
21.608839729169052,96,0,207,697,0,0,0,894,recovery,722
21.665319567921014,96,0,206,698,0,0,0,894,recovery,77
21.673016875202684,95,0,207,698,0,0,0,895,infection,819
21.67490500050372,95,0,206,699,0,0,0,895,recovery,421
21.690527753805238,95,0,205,700,0,0,0,895,recovery,621
21.71353503106863,94,0,206,700,0,0,0,896,infection,86
21.785333556807934,94,0,205,701,0,0,0,896,recovery,905
21.8268340732092,94,0,204,702,0,0,0,896,recovery,410
21.87261423432153,94,0,203,703,0,0,0,896,recovery,550
21.87662182221825,94,0,202,704,0,0,0,896,recovery,162
21.90955366871981,94,0,201,705,0,0,0,896,recovery,989
21.91792288981854,93,0,202,705,0,0,0,897,infection,627
21.93896450315853,93,0,201,706,0,0,0,897,recovery,302
21.96828362960914,93,0,200,707,0,0,0,897,recovery,625
22.012173595760984,93,0,199,708,0,0,0,897,recovery,24
22.022279039437155,93,0,198,709,0,0,0,897,recovery,809
22.026060245151015,92,0,199,709,0,0,0,898,infection,986
22.034906231507684,91,0,200,709,0,0,0,899,infection,251
22.079522304417434,91,0,199,710,0,0,0,899,recovery,990
22.112551595302218,91,0,198,711,0,0,0,899,recovery,701
22.12018465577504,90,0,199,711,0,0,0,900,infection,628
22.144880450000787,90,0,198,712,0,0,0,900,recovery,405
22.165594153710742,90,0,197,713,0,0,0,900,recovery,1
22.23523609083349,90,0,196,714,0,0,0,900,recovery,208
22.2571703747981,90,0,195,715,0,0,0,900,recovery,840
22.27905846934409,90,0,194,716,0,0,0,900,recovery,250
22.297170503454712,89,0,195,716,0,0,0,901,infection,537
22.317896574822292,89,0,194,717,0,0,0,901,recovery,461
22.34091976167994,89,0,193,718,0,0,0,901,recovery,185
22.393676319007326,89,0,192,719,0,0,0,901,recovery,126
22.416666167489154,89,0,191,720,0,0,0,901,recovery,424
22.474955267095325,88,0,192,720,0,0,0,902,infection,700
22.47654040726814,88,0,191,721,0,0,0,902,recovery,558
22.489531019860934,88,0,190,722,0,0,0,902,recovery,847
22.567714418121678,88,0,189,723,0,0,0,902,recovery,973
22.57758144058202,88,0,188,724,0,0,0,902,recovery,138
22.643508643943335,88,0,187,725,0,0,0,902,recovery,460
22.663334598997398,88,0,186,726,0,0,0,902,recovery,660
22.67255523795908,88,0,185,727,0,0,0,902,recovery,710
22.700344554445575,88,0,184,728,0,0,0,902,recovery,516
22.746364444837248,88,0,183,729,0,0,0,902,recovery,364
22.787532311650757,88,0,182,730,0,0,0,902,recovery,184
22.795459076138787,88,0,181,731,0,0,0,902,recovery,440
22.84303120101182,88,0,180,732,0,0,0,902,recovery,783
22.88142347334673,88,0,179,733,0,0,0,902,recovery,277
22.95117281071206,87,0,180,733,0,0,0,903,infection,366
22.966574190433096,86,0,181,733,0,0,0,904,infection,110
23.014551917374874,86,0,180,734,0,0,0,904,recovery,763
23.026624295418646,86,0,179,735,0,0,0,904,recovery,485
23.032441185943014,85,0,180,735,0,0,0,905,infection,339
23.114295190068965,85,0,179,736,0,0,0,905,recovery,697
23.183407443567397,85,0,178,737,0,0,0,905,recovery,688
23.24263989350402,85,0,177,738,0,0,0,905,recovery,819
23.330319555359814,85,0,176,739,0,0,0,905,recovery,287
23.342831436459086,85,0,175,740,0,0,0,905,recovery,640
23.351790841551882,84,0,176,740,0,0,0,906,infection,235
23.41809411719859,84,0,175,741,0,0,0,906,recovery,567
23.503442588564187,84,0,174,742,0,0,0,906,recovery,235
23.548667272764273,84,0,173,743,0,0,0,906,recovery,430
23.555162122494288,84,0,172,744,0,0,0,906,recovery,416
23.57946349989728,84,0,171,745,0,0,0,906,recovery,925
23.677164603443966,84,0,170,746,0,0,0,906,recovery,327
23.688944090033203,84,0,169,747,0,0,0,906,recovery,943
23.696250943150922,84,0,168,748,0,0,0,906,recovery,824
23.70328370180696,84,0,167,749,0,0,0,906,recovery,523
23.75876788219897,84,0,166,750,0,0,0,906,recovery,74
23.810099086670924,84,0,165,751,0,0,0,906,recovery,734
23.83275393601091,83,0,166,751,0,0,0,907,infection,746
23.88320621052952,83,0,165,752,0,0,0,907,recovery,503
23.89133407580979,83,0,164,753,0,0,0,907,recovery,897
23.922147914354973,82,0,165,753,0,0,0,908,infection,30
23.952493880975585,82,0,164,754,0,0,0,908,recovery,342
23.985274324930177,82,0,163,755,0,0,0,908,recovery,289
24.02011369478959,81,0,164,755,0,0,0,909,infection,548
24.02217173473969,80,0,165,755,0,0,0,910,infection,246
24.04081568306276,80,0,164,756,0,0,0,910,recovery,986
24.06896787392357,80,0,163,757,0,0,0,910,recovery,431
24.123994722857827,79,0,164,757,0,0,0,911,infection,213
24.194688567873044,78,0,165,757,0,0,0,912,infection,917
24.196138053986154,78,0,164,758,0,0,0,912,recovery,246
24.22616335423796,78,0,163,759,0,0,0,912,recovery,778
24.248179708215563,78,0,162,760,0,0,0,912,recovery,236
24.255773554029048,77,0,163,760,0,0,0,913,infection,388
24.294238615350842,76,0,164,760,0,0,0,914,infection,58
24.30508442953765,76,0,163,761,0,0,0,914,recovery,883
24.32953819109525,75,0,164,761,0,0,0,915,infection,53
24.355925456515628,75,0,163,762,0,0,0,915,recovery,127
24.4032006157969,75,0,162,763,0,0,0,915,recovery,687
24.45454829221825,75,0,161,764,0,0,0,915,recovery,665
24.564517397355413,75,0,160,765,0,0,0,915,recovery,595
24.621598804299214,75,0,159,766,0,0,0,915,recovery,985
24.625369979538085,75,0,158,767,0,0,0,915,recovery,20
24.627851577107787,74,0,159,767,0,0,0,916,infection,481
24.630627071294068,74,0,158,768,0,0,0,916,recovery,211
24.6352021761287,74,0,157,769,0,0,0,916,recovery,878
24.65605508380344,73,0,158,769,0,0,0,917,infection,729
24.66869307845129,72,0,159,769,0,0,0,918,infection,674
24.697407367944514,72,0,158,770,0,0,0,918,recovery,519
24.829869656643176,72,0,157,771,0,0,0,918,recovery,667
24.85878510761229,72,0,156,772,0,0,0,918,recovery,321
24.93321773781347,72,0,155,773,0,0,0,918,recovery,455
25.043651315606965,71,0,156,773,0,0,0,919,infection,736
25.102617425878115,71,0,155,774,0,0,0,919,recovery,607
25.136283599475583,71,0,154,775,0,0,0,919,recovery,757
25.164323392357336,70,0,155,775,0,0,0,920,infection,670
25.254820145787455,70,0,154,776,0,0,0,920,recovery,109
25.297170146409034,70,0,153,777,0,0,0,920,recovery,110
25.29965925460106,69,0,154,777,0,0,0,921,infection,443
25.302821811458934,69,0,153,778,0,0,0,921,recovery,647
25.336287684273984,69,0,152,779,0,0,0,921,recovery,86
25.379296464880632,69,0,151,780,0,0,0,921,recovery,764
25.389633521874103,69,0,150,781,0,0,0,921,recovery,804
25.39585170783264,69,0,149,782,0,0,0,921,recovery,475
25.48312201150806,69,0,148,783,0,0,0,921,recovery,220
25.512198781745873,69,0,147,784,0,0,0,921,recovery,797
25.561696104940413,68,0,148,784,0,0,0,922,infection,145
25.5725466234458,68,0,147,785,0,0,0,922,recovery,756
25.589352643751997,68,0,146,786,0,0,0,922,recovery,533
25.653129780043248,68,0,145,787,0,0,0,922,recovery,920
25.66170944472517,68,0,144,788,0,0,0,922,recovery,736
25.68063523570003,68,0,143,789,0,0,0,922,recovery,89
25.71166383177109,68,0,142,790,0,0,0,922,recovery,831
25.737585719921917,68,0,141,791,0,0,0,922,recovery,186
25.761272190841506,68,0,140,792,0,0,0,922,recovery,775
25.761897397484415,67,0,141,792,0,0,0,923,infection,63
25.769655381102247,67,0,140,793,0,0,0,923,recovery,324
25.774611142111546,67,0,139,794,0,0,0,923,recovery,608
25.77541748646408,67,0,138,795,0,0,0,923,recovery,414
25.78935342553708,67,0,137,796,0,0,0,923,recovery,62
25.819129938453468,66,0,138,796,0,0,0,924,infection,313
25.82532083740048,66,0,137,797,0,0,0,924,recovery,23
25.847665374694422,66,0,136,798,0,0,0,924,recovery,136
25.892117786719993,66,0,135,799,0,0,0,924,recovery,339
25.92139883703028,65,0,136,799,0,0,0,925,infection,509
25.927550737773487,65,0,135,800,0,0,0,925,recovery,627
25.964983455889023,64,0,136,800,0,0,0,926,infection,393
25.974138291629302,64,0,135,801,0,0,0,926,recovery,396
25.97667491222085,64,0,134,802,0,0,0,926,recovery,21
26.012018327689436,64,0,133,803,0,0,0,926,recovery,888
26.083048750126892,64,0,132,804,0,0,0,926,recovery,932
26.16331398652991,64,0,131,805,0,0,0,926,recovery,547
26.18854212378388,64,0,130,806,0,0,0,926,recovery,76
26.278037283951832,64,0,129,807,0,0,0,926,recovery,391
26.31912248376672,64,0,128,808,0,0,0,926,recovery,794
26.389432740979743,64,0,127,809,0,0,0,926,recovery,822
26.394522366922725,63,0,128,809,0,0,0,927,infection,841
26.44040116659616,63,0,127,810,0,0,0,927,recovery,87
26.484575309528374,63,0,126,811,0,0,0,927,recovery,216
26.59175828081566,63,0,125,812,0,0,0,927,recovery,265
26.6241914872516,63,0,124,813,0,0,0,927,recovery,879
26.643971970559114,63,0,123,814,0,0,0,927,recovery,782
26.667098234998356,63,0,122,815,0,0,0,927,recovery,651
26.667633513673415,63,0,121,816,0,0,0,927,recovery,612
26.826441010896083,63,0,120,817,0,0,0,927,recovery,950
26.90945892422272,63,0,119,818,0,0,0,927,recovery,294
26.96031202991419,62,0,120,818,0,0,0,928,infection,694
27.022614302458937,62,0,119,819,0,0,0,928,recovery,301
27.044236493039488,62,0,118,820,0,0,0,928,recovery,58
27.1691288008596,61,0,119,820,0,0,0,929,infection,830
27.188430576694316,61,0,118,821,0,0,0,929,recovery,145
27.282585241076777,61,0,117,822,0,0,0,929,recovery,53
27.32714739738754,61,0,116,823,0,0,0,929,recovery,501
27.387040269357264,61,0,115,824,0,0,0,929,recovery,130
27.387419016242042,61,0,114,825,0,0,0,929,recovery,315
27.43715660443706,61,0,113,826,0,0,0,929,recovery,863
27.462713850752536,61,0,112,827,0,0,0,929,recovery,443
27.47049621030015,60,0,113,827,0,0,0,930,infection,810
27.610855420424166,60,0,112,828,0,0,0,930,recovery,356
27.648476583121838,59,0,113,828,0,0,0,931,infection,751
27.822299516408442,58,0,114,828,0,0,0,932,infection,141
27.88205608795394,58,0,113,829,0,0,0,932,recovery,586
27.90124527963264,58,0,112,830,0,0,0,932,recovery,323
27.932416335207055,58,0,111,831,0,0,0,932,recovery,291
27.98632126527717,57,0,112,831,0,0,0,933,infection,325
28.054239243345982,57,0,111,832,0,0,0,933,recovery,694
28.06305593707856,57,0,110,833,0,0,0,933,recovery,894
28.085153593882474,57,0,109,834,0,0,0,933,recovery,972
28.128897779370533,57,0,108,835,0,0,0,933,recovery,370
28.13816091449594,57,0,107,836,0,0,0,933,recovery,388
28.14339809404889,57,0,106,837,0,0,0,933,recovery,659
28.17153899470506,57,0,105,838,0,0,0,933,recovery,624
28.177040346780704,57,0,104,839,0,0,0,933,recovery,448
28.20323323507997,57,0,103,840,0,0,0,933,recovery,506
28.211581437823458,57,0,102,841,0,0,0,933,recovery,504
28.33696641756405,57,0,101,842,0,0,0,933,recovery,594
28.36638070895485,57,0,100,843,0,0,0,933,recovery,22
28.396208883487752,57,0,99,844,0,0,0,933,recovery,716
28.417247049580272,56,0,100,844,0,0,0,934,infection,605
28.531666154432468,56,0,99,845,0,0,0,934,recovery,325
28.579022206077443,55,0,100,845,0,0,0,935,infection,772
28.614168895608685,55,0,99,846,0,0,0,935,recovery,963
28.796127933691178,55,0,98,847,0,0,0,935,recovery,338
28.810782231292734,55,0,97,848,0,0,0,935,recovery,901
28.83638530513833,55,0,96,849,0,0,0,935,recovery,674
29.009845519830137,54,0,97,849,0,0,0,936,infection,469
29.064999237825496,54,0,96,850,0,0,0,936,recovery,835
29.191691418454322,54,0,95,851,0,0,0,936,recovery,478
29.30301395663544,54,0,94,852,0,0,0,936,recovery,469
29.31719726950071,54,0,93,853,0,0,0,936,recovery,508
29.35459373434967,54,0,92,854,0,0,0,936,recovery,259
29.385355581418978,54,0,91,855,0,0,0,936,recovery,32
29.415793298781573,54,0,90,856,0,0,0,936,recovery,684
29.46732882639347,54,0,89,857,0,0,0,936,recovery,938
29.559432221464803,54,0,88,858,0,0,0,936,recovery,481
29.64100207940994,53,0,89,858,0,0,0,937,infection,846
29.662955029234368,53,0,88,859,0,0,0,937,recovery,949
29.767568798122554,53,0,87,860,0,0,0,937,recovery,207
29.93320150112507,52,0,88,860,0,0,0,938,infection,183
30.01051483498575,52,0,87,861,0,0,0,938,recovery,157
30.280677066213006,52,0,86,862,0,0,0,938,recovery,141
30.323296115538337,51,0,87,862,0,0,0,939,infection,799
30.33254190123035,51,0,86,863,0,0,0,939,recovery,83
30.454382275754156,51,0,85,864,0,0,0,939,recovery,610
30.53203158196266,50,0,86,864,0,0,0,940,infection,601
30.573700737839893,50,0,85,865,0,0,0,940,recovery,661
30.63853079152358,50,0,84,866,0,0,0,940,recovery,168
30.861286854891226,50,0,83,867,0,0,0,940,recovery,573
30.920455076002522,50,0,82,868,0,0,0,940,recovery,101
30.98000869866688,50,0,81,869,0,0,0,940,recovery,313
30.99409820311628,50,0,80,870,0,0,0,940,recovery,189
31.034947568487276,50,0,79,871,0,0,0,940,recovery,765
31.150013835260804,50,0,78,872,0,0,0,940,recovery,846
31.172115539573745,50,0,77,873,0,0,0,940,recovery,748
31.208148564272804,50,0,76,874,0,0,0,940,recovery,628
31.482720127828056,50,0,75,875,0,0,0,940,recovery,795
31.666465159961614,50,0,74,876,0,0,0,940,recovery,264
31.920308325175803,50,0,73,877,0,0,0,940,recovery,63
31.935141037803138,50,0,72,878,0,0,0,940,recovery,668
31.935477968365856,50,0,71,879,0,0,0,940,recovery,213
31.96053559659775,50,0,70,880,0,0,0,940,recovery,588
32.11647822421941,50,0,69,881,0,0,0,940,recovery,290
32.1427333331128,50,0,68,882,0,0,0,940,recovery,267
32.187080212433685,50,0,67,883,0,0,0,940,recovery,378
32.18917613310565,50,0,66,884,0,0,0,940,recovery,631
32.23642924449514,50,0,65,885,0,0,0,940,recovery,393
32.28301271650892,50,0,64,886,0,0,0,940,recovery,713
32.284905668111044,50,0,63,887,0,0,0,940,recovery,255
32.40333266871883,50,0,62,888,0,0,0,940,recovery,221
32.41508328126627,50,0,61,889,0,0,0,940,recovery,870
32.475813256717665,50,0,60,890,0,0,0,940,recovery,601
32.72451690895307,50,0,59,891,0,0,0,940,recovery,730
32.77284742892902,50,0,58,892,0,0,0,940,recovery,548
32.90536582286346,49,0,59,892,0,0,0,941,infection,978
33.05779555882699,49,0,58,893,0,0,0,941,recovery,830
33.23701827548602,49,0,57,894,0,0,0,941,recovery,276
33.27344047201535,49,0,56,895,0,0,0,941,recovery,587
33.305599723145406,49,0,55,896,0,0,0,941,recovery,43
33.43838585715264,49,0,54,897,0,0,0,941,recovery,352
33.44735996325139,49,0,53,898,0,0,0,941,recovery,911
33.52276003555171,49,0,52,899,0,0,0,941,recovery,534
33.575892693753644,49,0,51,900,0,0,0,941,recovery,434
33.61582384263657,49,0,50,901,0,0,0,941,recovery,199
33.644281415321245,49,0,49,902,0,0,0,941,recovery,700
33.76965456172406,49,0,48,903,0,0,0,941,recovery,772
33.947421017977284,48,0,49,903,0,0,0,942,infection,35
34.031305977446586,47,0,50,903,0,0,0,943,infection,379
34.08548038560009,47,0,49,904,0,0,0,943,recovery,251
34.12663335590136,47,0,48,905,0,0,0,943,recovery,708
34.199569701527,47,0,47,906,0,0,0,943,recovery,766
34.40633058803759,47,0,46,907,0,0,0,943,recovery,725
34.43367920748818,46,0,47,907,0,0,0,944,infection,398
34.584615271627804,46,0,46,908,0,0,0,944,recovery,205
34.6001613273886,46,0,45,909,0,0,0,944,recovery,398
34.89838600881124,46,0,44,910,0,0,0,944,recovery,512
34.94845244106506,46,0,43,911,0,0,0,944,recovery,27
34.98329175437457,46,0,42,912,0,0,0,944,recovery,183
35.12293722467072,46,0,41,913,0,0,0,944,recovery,19
35.139455335636924,46,0,40,914,0,0,0,944,recovery,3
35.657678227297794,46,0,39,915,0,0,0,944,recovery,670
35.84312893384639,46,0,38,916,0,0,0,944,recovery,28
35.99967589025639,46,0,37,917,0,0,0,944,recovery,898
36.26171887498879,46,0,36,918,0,0,0,944,recovery,132
36.27438581889203,46,0,35,919,0,0,0,944,recovery,784
36.65101137660298,45,0,36,919,0,0,0,945,infection,936
36.87242419240465,45,0,35,920,0,0,0,945,recovery,936
37.13348503250066,45,0,34,921,0,0,0,945,recovery,187
37.142008012177754,45,0,33,922,0,0,0,945,recovery,947
37.190419233287834,45,0,32,923,0,0,0,945,recovery,30
37.31618702696384,45,0,31,924,0,0,0,945,recovery,379
37.42349552025112,45,0,30,925,0,0,0,945,recovery,174
37.529117194611715,44,0,31,925,0,0,0,946,infection,275
37.63988185757019,44,0,30,926,0,0,0,946,recovery,275
37.74003146600761,44,0,29,927,0,0,0,946,recovery,751
38.33596740194514,44,0,28,928,0,0,0,946,recovery,366
38.353004974360765,43,0,29,928,0,0,0,947,infection,137
38.43933584846515,43,0,28,929,0,0,0,947,recovery,509
38.7743589455948,43,0,27,930,0,0,0,947,recovery,525
39.25679398036981,43,0,26,931,0,0,0,947,recovery,35
40.0,43,0,26,931,0,0,0,947,horizon,0
