t,S,E,I,R,births,deaths,vaccinated,infections,event,person
0.0,990,0,10,0,0,0,0,0,initial,0
0.09860385999345399,989,0,11,0,0,0,0,1,infection,254
0.16285203166688098,988,0,12,0,0,0,0,2,infection,387
0.22264601712682067,987,0,13,0,0,0,0,3,infection,78
0.34225009200692985,986,0,14,0,0,0,0,4,infection,301
0.40818156090712593,985,0,15,0,0,0,0,5,infection,196
0.4540077432479584,984,0,16,0,0,0,0,6,infection,6
0.4708951429329157,983,0,17,0,0,0,0,7,infection,712
0.6585657422100195,982,0,18,0,0,0,0,8,infection,714
0.6829809225245189,981,0,19,0,0,0,0,9,infection,33
0.7191418274456765,980,0,20,0,0,0,0,10,infection,565
0.7510827633321225,979,0,21,0,0,0,0,11,infection,646
0.7814094608765337,979,0,20,1,0,0,0,11,recovery,33
0.8151671000565179,978,0,21,1,0,0,0,12,infection,48
0.81736079257496,977,0,22,1,0,0,0,13,infection,554
0.8933125632112104,976,0,23,1,0,0,0,14,infection,466
0.9317462752928294,975,0,24,1,0,0,0,15,infection,890
0.9571779697057183,974,0,25,1,0,0,0,16,infection,66
1.0462573720334754,973,0,26,1,0,0,0,17,infection,753
1.0723064495467935,972,0,27,1,0,0,0,18,infection,773
1.121517037299322,972,0,26,2,0,0,0,18,recovery,646
1.2226306073403448,971,0,27,2,0,0,0,19,infection,626
1.2915952017789594,971,0,26,3,0,0,0,19,recovery,466
1.3526657593066398,970,0,27,3,0,0,0,20,infection,438
1.4698752633693897,969,0,28,3,0,0,0,21,infection,678
1.4893732725555946,968,0,29,3,0,0,0,22,infection,43
1.4999924006923262,967,0,30,3,0,0,0,23,infection,771
1.506608851593968,966,0,31,3,0,0,0,24,infection,210
1.5418949181058297,965,0,32,3,0,0,0,25,infection,330
1.5589161351069338,964,0,33,3,0,0,0,26,infection,52
1.6192687735031404,963,0,34,3,0,0,0,27,infection,877
1.630796654784983,962,0,35,3,0,0,0,28,infection,65
1.702873701503478,961,0,36,3,0,0,0,29,infection,919
1.7339207088321766,960,0,37,3,0,0,0,30,infection,908
1.8337321102617448,959,0,38,3,0,0,0,31,infection,668
1.8699097179585198,958,0,39,3,0,0,0,32,infection,29
1.8713282252125383,957,0,40,3,0,0,0,33,infection,35
1.899539582325814,956,0,41,3,0,0,0,34,infection,28
1.9287089194118225,955,0,42,3,0,0,0,35,infection,234
1.9317540533799795,954,0,43,3,0,0,0,36,infection,476
1.9414607766062755,953,0,44,3,0,0,0,37,infection,964
1.9487591923279677,952,0,45,3,0,0,0,38,infection,306
1.9593827666446764,951,0,46,3,0,0,0,39,infection,486
2.006657243973796,950,0,47,3,0,0,0,40,infection,762
2.022982537951936,949,0,48,3,0,0,0,41,infection,782
2.027032476063135,948,0,49,3,0,0,0,42,infection,636
2.0498329359641656,947,0,50,3,0,0,0,43,infection,870
2.086275480245583,946,0,51,3,0,0,0,44,infection,807
2.094068512530371,945,0,52,3,0,0,0,45,infection,576
2.0970068461660465,944,0,53,3,0,0,0,46,infection,744
2.120694599151387,944,0,52,4,0,0,0,46,recovery,919
2.228037139937043,943,0,53,4,0,0,0,47,infection,556
2.2896880798379176,943,0,52,5,0,0,0,47,recovery,306
2.325111623835813,942,0,53,5,0,0,0,48,infection,287
2.3443609852324108,941,0,54,5,0,0,0,49,infection,961
2.3471479438170832,940,0,55,5,0,0,0,50,infection,461
2.420526378896006,939,0,56,5,0,0,0,51,infection,661
2.4230123328485877,938,0,57,5,0,0,0,52,infection,667
2.4265467977297654,937,0,58,5,0,0,0,53,infection,799
2.4730971555501053,936,0,59,5,0,0,0,54,infection,745
2.4794460973289625,936,0,58,6,0,0,0,54,recovery,1000
2.498312738585394,936,0,57,7,0,0,0,54,recovery,234
2.502300124682392,935,0,58,7,0,0,0,55,infection,365
2.5169099849082923,934,0,59,7,0,0,0,56,infection,816
2.5333604058990833,933,0,60,7,0,0,0,57,infection,518
2.5370302451012945,933,0,59,8,0,0,0,57,recovery,35
2.5387755980310294,932,0,60,8,0,0,0,58,infection,374
2.551768941509435,931,0,61,8,0,0,0,59,infection,847
2.5621320238644625,931,0,60,9,0,0,0,59,recovery,997
2.5725789604188027,931,0,59,10,0,0,0,59,recovery,476
2.5736120256467125,931,0,58,11,0,0,0,59,recovery,992
2.610119447806318,930,0,59,11,0,0,0,60,infection,834
2.6117960601755534,929,0,60,11,0,0,0,61,infection,563
2.6143444564846723,928,0,61,11,0,0,0,62,infection,123
2.62076588692783,927,0,62,11,0,0,0,63,infection,235
2.6730154111128743,927,0,61,12,0,0,0,63,recovery,374
2.681767979722399,926,0,62,12,0,0,0,64,infection,682
2.7094993833242396,925,0,63,12,0,0,0,65,infection,974
2.714230671077736,924,0,64,12,0,0,0,66,infection,515
2.720858910753316,923,0,65,12,0,0,0,67,infection,186
2.7784258482226085,922,0,66,12,0,0,0,68,infection,902
2.8003090513994118,922,0,65,13,0,0,0,68,recovery,196
2.8023777410023434,921,0,66,13,0,0,0,69,infection,217
2.8162762136644472,920,0,67,13,0,0,0,70,infection,253
2.838374384379925,920,0,66,14,0,0,0,70,recovery,28
2.8412405062303248,919,0,67,14,0,0,0,71,infection,349
2.9183584011993235,918,0,68,14,0,0,0,72,infection,818
2.9543802232408525,917,0,69,14,0,0,0,73,infection,345
2.978857402175965,916,0,70,14,0,0,0,74,infection,657
2.978910837484412,915,0,71,14,0,0,0,75,infection,68
2.9833618736603356,914,0,72,14,0,0,0,76,infection,460
2.9956831850567065,913,0,73,14,0,0,0,77,infection,355
2.996521956226263,912,0,74,14,0,0,0,78,infection,104
3.0198551193792658,911,0,75,14,0,0,0,79,infection,173
3.0363173455826877,911,0,74,15,0,0,0,79,recovery,68
3.0490949980474533,910,0,75,15,0,0,0,80,infection,62
3.055372104894436,909,0,76,15,0,0,0,81,infection,552
3.0736424971972793,908,0,77,15,0,0,0,82,infection,727
3.0880094051497307,907,0,78,15,0,0,0,83,infection,967
3.0920168846386527,906,0,79,15,0,0,0,84,infection,764
3.113333471341819,905,0,80,15,0,0,0,85,infection,138
3.1458804361735453,904,0,81,15,0,0,0,86,infection,469
3.153055303817981,903,0,82,15,0,0,0,87,infection,445
3.1628285431880965,902,0,83,15,0,0,0,88,infection,128
3.163871029403542,901,0,84,15,0,0,0,89,infection,485
3.192146958637606,900,0,85,15,0,0,0,90,infection,888
3.1923392494284197,899,0,86,15,0,0,0,91,infection,652
3.2071081994342943,899,0,85,16,0,0,0,91,recovery,834
3.2194878051416294,898,0,86,16,0,0,0,92,infection,501
3.2505082539306516,897,0,87,16,0,0,0,93,infection,860
3.254609210905043,897,0,86,17,0,0,0,93,recovery,799
3.3198176124166845,896,0,87,17,0,0,0,94,infection,884
3.3281581257024433,895,0,88,17,0,0,0,95,infection,42
3.33422405077568,894,0,89,17,0,0,0,96,infection,534
3.345843303965205,894,0,88,18,0,0,0,96,recovery,128
3.3540093593974896,893,0,89,18,0,0,0,97,infection,505
3.3886589719137166,892,0,90,18,0,0,0,98,infection,837
3.402528133602862,891,0,91,18,0,0,0,99,infection,242
3.418182791361496,890,0,92,18,0,0,0,100,infection,327
3.4223090811732124,889,0,93,18,0,0,0,101,infection,540
3.4375498103936484,888,0,94,18,0,0,0,102,infection,846
3.443346443540225,887,0,95,18,0,0,0,103,infection,336
3.4436497467197364,886,0,96,18,0,0,0,104,infection,587
3.4510314550389896,885,0,97,18,0,0,0,105,infection,394
3.4542112928220465,885,0,96,19,0,0,0,105,recovery,485
3.5157927815388277,884,0,97,19,0,0,0,106,infection,638
3.5375625747181374,883,0,98,19,0,0,0,107,infection,972
3.5418965458914613,882,0,99,19,0,0,0,108,infection,853
3.549106729484919,881,0,100,19,0,0,0,109,infection,628
3.5524994209086866,881,0,99,20,0,0,0,109,recovery,460
3.556317143704348,880,0,100,20,0,0,0,110,infection,168
3.5578280534202027,879,0,101,20,0,0,0,111,infection,663
3.563680049172418,879,0,100,21,0,0,0,111,recovery,186
3.5983390910788713,878,0,101,21,0,0,0,112,infection,633
3.5994617982599304,877,0,102,21,0,0,0,113,infection,987
3.6087036091839866,876,0,103,21,0,0,0,114,infection,651
3.6157832335236506,875,0,104,21,0,0,0,115,infection,826
3.6421034082893504,874,0,105,21,0,0,0,116,infection,428
3.648334377091934,873,0,106,21,0,0,0,117,infection,9
3.6486769669637305,872,0,107,21,0,0,0,118,infection,233
3.669610756929953,871,0,108,21,0,0,0,119,infection,227
3.680434769345451,870,0,109,21,0,0,0,120,infection,758
3.6843256178768984,869,0,110,21,0,0,0,121,infection,676
3.6990990984464296,868,0,111,21,0,0,0,122,infection,446
3.7356937209530305,867,0,112,21,0,0,0,123,infection,424
3.736124896493382,866,0,113,21,0,0,0,124,infection,599
3.736821191299337,865,0,114,21,0,0,0,125,infection,960
3.759407829557849,864,0,115,21,0,0,0,126,infection,756
3.7684513881677955,863,0,116,21,0,0,0,127,infection,688
3.7800613898108653,863,0,115,22,0,0,0,127,recovery,461
3.790190940552921,862,0,116,22,0,0,0,128,infection,842
3.8103616181481974,862,0,115,23,0,0,0,128,recovery,657
3.811241785119576,861,0,116,23,0,0,0,129,infection,426
3.8354865069143718,860,0,117,23,0,0,0,130,infection,925
3.842905561054974,859,0,118,23,0,0,0,131,infection,940
3.845080836743699,859,0,117,24,0,0,0,131,recovery,173
3.8589161040769078,858,0,118,24,0,0,0,132,infection,451
3.871114528333804,857,0,119,24,0,0,0,133,infection,590
3.873686222010833,856,0,120,24,0,0,0,134,infection,962
3.893854495577963,855,0,121,24,0,0,0,135,infection,373
3.907419984373206,855,0,120,25,0,0,0,135,recovery,762
3.912918991428739,854,0,121,25,0,0,0,136,infection,298
3.9230997444266738,853,0,122,25,0,0,0,137,infection,489
3.9585256294903814,852,0,123,25,0,0,0,138,infection,127
3.9608559054305665,851,0,124,25,0,0,0,139,infection,165
3.972137279538683,850,0,125,25,0,0,0,140,infection,674
3.9756180736294704,850,0,124,26,0,0,0,140,recovery,967
4.0482844784398235,849,0,125,26,0,0,0,141,infection,769
4.051078580894885,848,0,126,26,0,0,0,142,infection,658
4.05389883687509,847,0,127,26,0,0,0,143,infection,845
4.0546701337178845,846,0,128,26,0,0,0,144,infection,283
4.054771214285591,845,0,129,26,0,0,0,145,infection,795
4.065124185648056,845,0,128,27,0,0,0,145,recovery,590
4.083613130914905,845,0,127,28,0,0,0,145,recovery,974
4.110163618684365,845,0,126,29,0,0,0,145,recovery,66
4.120350637856315,844,0,127,29,0,0,0,146,infection,229
4.120369255039822,844,0,126,30,0,0,0,146,recovery,626
4.128040312195088,843,0,127,30,0,0,0,147,infection,572
4.138015246137668,843,0,126,31,0,0,0,147,recovery,818
4.143723609110674,842,0,127,31,0,0,0,148,infection,166
4.148673891498983,841,0,128,31,0,0,0,149,infection,400
4.160545999946405,840,0,129,31,0,0,0,150,infection,699
4.184326612689538,839,0,130,31,0,0,0,151,infection,98
4.2074231664607185,838,0,131,31,0,0,0,152,infection,122
4.215505928187677,838,0,130,32,0,0,0,152,recovery,764
4.2334073623971955,837,0,131,32,0,0,0,153,infection,222
4.233762557580081,837,0,130,33,0,0,0,153,recovery,678
4.239638730907084,836,0,131,33,0,0,0,154,infection,248
4.245221512943733,835,0,132,33,0,0,0,155,infection,434
4.25288763483839,834,0,133,33,0,0,0,156,infection,32
4.257252968043635,833,0,134,33,0,0,0,157,infection,422
4.263880368644198,832,0,135,33,0,0,0,158,infection,720
4.278885832815738,831,0,136,33,0,0,0,159,infection,759
4.279656096820794,830,0,137,33,0,0,0,160,infection,864
4.303151005044695,830,0,136,34,0,0,0,160,recovery,298
4.30387592192165,829,0,137,34,0,0,0,161,infection,985
4.308022218965279,828,0,138,34,0,0,0,162,infection,416
4.309338209743003,827,0,139,34,0,0,0,163,infection,562
4.319357032383652,826,0,140,34,0,0,0,164,infection,352
4.34078226272942,825,0,141,34,0,0,0,165,infection,144
4.343334011846734,824,0,142,34,0,0,0,166,infection,904
4.346135261010365,823,0,143,34,0,0,0,167,infection,111
4.346406852216257,823,0,142,35,0,0,0,167,recovery,961
4.39067362831444,823,0,141,36,0,0,0,167,recovery,166
4.394727080640944,822,0,142,36,0,0,0,168,infection,362
4.4023492155831585,821,0,143,36,0,0,0,169,infection,268
4.409788095771629,820,0,144,36,0,0,0,170,infection,965
4.410780048748388,819,0,145,36,0,0,0,171,infection,571
4.421907253639968,819,0,144,37,0,0,0,171,recovery,860
4.4258093972946275,819,0,143,38,0,0,0,171,recovery,658
4.481857351822608,819,0,142,39,0,0,0,171,recovery,556
4.488629828323208,819,0,141,40,0,0,0,171,recovery,434
4.492468157492252,818,0,142,40,0,0,0,172,infection,867
4.4927609052469295,817,0,143,40,0,0,0,173,infection,830
4.529233611588499,816,0,144,40,0,0,0,174,infection,635
4.529279021466448,816,0,143,41,0,0,0,174,recovery,242
4.544136493549199,815,0,144,41,0,0,0,175,infection,232
4.545636761596271,814,0,145,41,0,0,0,176,infection,680
4.551748986178632,813,0,146,41,0,0,0,177,infection,500
4.5605901761447605,812,0,147,41,0,0,0,178,infection,946
4.562964898281916,811,0,148,41,0,0,0,179,infection,281
4.56616790513695,811,0,147,42,0,0,0,179,recovery,688
4.566322544730708,810,0,148,42,0,0,0,180,infection,851
4.578550798415639,809,0,149,42,0,0,0,181,infection,198
4.59226801087281,809,0,148,43,0,0,0,181,recovery,387
4.595658114415228,808,0,149,43,0,0,0,182,infection,597
4.604048106463406,807,0,150,43,0,0,0,183,infection,237
4.610186471827525,807,0,149,44,0,0,0,183,recovery,965
4.617878090257936,806,0,150,44,0,0,0,184,infection,575
4.629227404369588,806,0,149,45,0,0,0,184,recovery,424
4.637169998594615,805,0,150,45,0,0,0,185,infection,787
4.640670920893269,804,0,151,45,0,0,0,186,infection,801
4.643978630133953,803,0,152,45,0,0,0,187,infection,214
4.6495169998867425,802,0,153,45,0,0,0,188,infection,894
4.68848614709964,801,0,154,45,0,0,0,189,infection,26
4.690446553646295,800,0,155,45,0,0,0,190,infection,627
4.698848927842535,799,0,156,45,0,0,0,191,infection,380
4.700858238580105,798,0,157,45,0,0,0,192,infection,115
4.7101891779261775,797,0,158,45,0,0,0,193,infection,125
4.710454318088268,796,0,159,45,0,0,0,194,infection,525
4.720173269423209,796,0,158,46,0,0,0,194,recovery,253
4.721604939796958,795,0,159,46,0,0,0,195,infection,738
4.741038437393215,794,0,160,46,0,0,0,196,infection,585
4.744177277245533,794,0,159,47,0,0,0,196,recovery,712
4.747459154450004,793,0,160,47,0,0,0,197,infection,898
4.750187755934681,792,0,161,47,0,0,0,198,infection,151
4.75044083307319,791,0,162,47,0,0,0,199,infection,314
4.76148956269834,790,0,163,47,0,0,0,200,infection,723
4.770320690885152,789,0,164,47,0,0,0,201,infection,226
4.772052021263608,788,0,165,47,0,0,0,202,infection,448
4.807505413215452,787,0,166,47,0,0,0,203,infection,957
4.824441960530729,787,0,165,48,0,0,0,203,recovery,445
4.825934086154529,787,0,164,49,0,0,0,203,recovery,98
4.8283851929587716,786,0,165,49,0,0,0,204,infection,176
4.836537647961617,786,0,164,50,0,0,0,204,recovery,525
4.85189405475621,785,0,165,50,0,0,0,205,infection,208
4.866443226500535,784,0,166,50,0,0,0,206,infection,202
4.870532218727826,783,0,167,50,0,0,0,207,infection,479
4.89855197514784,782,0,168,50,0,0,0,208,infection,926
4.921035165925375,781,0,169,50,0,0,0,209,infection,178
4.927424846742902,780,0,170,50,0,0,0,210,infection,139
4.930505601489461,779,0,171,50,0,0,0,211,infection,135
4.939540229552514,779,0,170,51,0,0,0,211,recovery,327
4.939820585375636,778,0,171,51,0,0,0,212,infection,825
4.946478758268284,777,0,172,51,0,0,0,213,infection,63
4.94992538718627,776,0,173,51,0,0,0,214,infection,607
4.954371417378346,775,0,174,51,0,0,0,215,infection,360
4.962095813289995,774,0,175,51,0,0,0,216,infection,58
4.995275112489135,773,0,176,51,0,0,0,217,infection,442
5.002334457316841,772,0,177,51,0,0,0,218,infection,856
5.0307752454522365,772,0,176,52,0,0,0,218,recovery,355
5.032081003900141,771,0,177,52,0,0,0,219,infection,338
5.043975608510229,770,0,178,52,0,0,0,220,infection,707
5.053560205613344,769,0,179,52,0,0,0,221,infection,427
5.0574376954383515,769,0,178,53,0,0,0,221,recovery,562
5.06136870927479,768,0,179,53,0,0,0,222,infection,356
5.064547708421634,767,0,180,53,0,0,0,223,infection,155
5.065752035034183,766,0,181,53,0,0,0,224,infection,194
5.0678177803117626,765,0,182,53,0,0,0,225,infection,412
5.068531185248095,764,0,183,53,0,0,0,226,infection,947
5.0719986937567825,763,0,184,53,0,0,0,227,infection,601
5.072937243300995,762,0,185,53,0,0,0,228,infection,36
5.086302401089192,761,0,186,53,0,0,0,229,infection,955
5.086533687725332,760,0,187,53,0,0,0,230,infection,142
5.095181532429175,759,0,188,53,0,0,0,231,infection,269
5.0991535138298945,758,0,189,53,0,0,0,232,infection,350
5.106911943926833,757,0,190,53,0,0,0,233,infection,455
5.129852777309376,756,0,191,53,0,0,0,234,infection,181
5.1326538330220455,756,0,190,54,0,0,0,234,recovery,208
5.136196897886978,755,0,191,54,0,0,0,235,infection,930
5.138146225822323,755,0,190,55,0,0,0,235,recovery,999
5.142061339875771,754,0,191,55,0,0,0,236,infection,31
5.143533723191368,754,0,190,56,0,0,0,236,recovery,867
5.147962359833786,753,0,191,56,0,0,0,237,infection,369
5.1537700468512595,752,0,192,56,0,0,0,238,infection,724
5.158142604144028,752,0,191,57,0,0,0,238,recovery,571
5.159262653440254,751,0,192,57,0,0,0,239,infection,549
5.160646562579941,750,0,193,57,0,0,0,240,infection,203
5.162940077758297,749,0,194,57,0,0,0,241,infection,279
5.164415938558812,748,0,195,57,0,0,0,242,infection,149
5.203214634926929,747,0,196,57,0,0,0,243,infection,948
5.203903554047801,746,0,197,57,0,0,0,244,infection,462
5.226448828961292,746,0,196,58,0,0,0,244,recovery,714
5.2270723349076835,745,0,197,58,0,0,0,245,infection,833
5.233356980931918,744,0,198,58,0,0,0,246,infection,510
5.236319946877763,743,0,199,58,0,0,0,247,infection,441
5.244506337063363,743,0,198,59,0,0,0,247,recovery,254
5.2457670123262385,742,0,199,59,0,0,0,248,infection,671
5.275007433898535,742,0,198,60,0,0,0,248,recovery,627
5.28142166875065,741,0,199,60,0,0,0,249,infection,905
5.281918133761198,740,0,200,60,0,0,0,250,infection,70
5.290344280759069,740,0,199,61,0,0,0,250,recovery,771
5.298781378498758,740,0,198,62,0,0,0,250,recovery,864
5.302295886390679,740,0,197,63,0,0,0,250,recovery,123
5.3169338034029145,739,0,198,63,0,0,0,251,infection,20
5.326361410138333,739,0,197,64,0,0,0,251,recovery,426
5.3286827177970535,738,0,198,64,0,0,0,252,infection,858
5.329181490767155,737,0,199,64,0,0,0,253,infection,865
5.33245337638844,736,0,200,64,0,0,0,254,infection,650
5.333250070559465,736,0,199,65,0,0,0,254,recovery,462
5.341623984666617,735,0,200,65,0,0,0,255,infection,700
5.357929460339628,734,0,201,65,0,0,0,256,infection,880
5.361047811735004,733,0,202,65,0,0,0,257,infection,113
5.362489889704734,732,0,203,65,0,0,0,258,infection,153
5.363510950243533,731,0,204,65,0,0,0,259,infection,54
5.36622009670802,730,0,205,65,0,0,0,260,infection,521
5.3663374891213875,729,0,206,65,0,0,0,261,infection,811
5.3688221262758375,728,0,207,65,0,0,0,262,infection,465
5.375081460754417,727,0,208,65,0,0,0,263,infection,435
5.37541164440945,726,0,209,65,0,0,0,264,infection,725
5.380692053862534,725,0,210,65,0,0,0,265,infection,432
5.385748885099472,724,0,211,65,0,0,0,266,infection,404
5.3905145333923326,723,0,212,65,0,0,0,267,infection,4
5.393682674157557,723,0,211,66,0,0,0,267,recovery,283
5.398913037613539,722,0,212,66,0,0,0,268,infection,395
5.399958499862062,721,0,213,66,0,0,0,269,infection,936
5.420551656362672,720,0,214,66,0,0,0,270,infection,183
5.428374823604578,719,0,215,66,0,0,0,271,infection,939
5.438221460806131,719,0,214,67,0,0,0,271,recovery,139
5.447852255732838,718,0,215,67,0,0,0,272,infection,788
5.449715604453722,717,0,216,67,0,0,0,273,infection,885
5.46275305222272,716,0,217,67,0,0,0,274,infection,538
5.467859223797317,716,0,216,68,0,0,0,274,recovery,268
5.470024897245435,715,0,217,68,0,0,0,275,infection,785
5.477346167785528,714,0,218,68,0,0,0,276,infection,544
5.5078826465241955,713,0,219,68,0,0,0,277,infection,433
5.5244065935914595,712,0,220,68,0,0,0,278,infection,602
5.528555172552836,711,0,221,68,0,0,0,279,infection,873
5.529997204769046,710,0,222,68,0,0,0,280,infection,630
5.530694966810785,709,0,223,68,0,0,0,281,infection,160
5.536891174578283,708,0,224,68,0,0,0,282,infection,609
5.537089164720929,707,0,225,68,0,0,0,283,infection,420
5.540665666420597,707,0,224,69,0,0,0,283,recovery,998
5.541205995478818,706,0,225,69,0,0,0,284,infection,975
5.563117339605515,705,0,226,69,0,0,0,285,infection,372
5.565921385208059,704,0,227,69,0,0,0,286,infection,924
5.572794169973562,703,0,228,69,0,0,0,287,infection,625
5.574770750374931,702,0,229,69,0,0,0,288,infection,163
5.57636309057014,701,0,230,69,0,0,0,289,infection,550
5.588410502722226,700,0,231,69,0,0,0,290,infection,27
5.589848639863399,699,0,232,69,0,0,0,291,infection,963
5.590544602315845,698,0,233,69,0,0,0,292,infection,732
5.594205930864828,697,0,234,69,0,0,0,293,infection,897
5.602797317091348,697,0,233,70,0,0,0,293,recovery,27
5.602941998042381,697,0,232,71,0,0,0,293,recovery,9
5.615014085804159,696,0,233,71,0,0,0,294,infection,378
5.620055261154401,695,0,234,71,0,0,0,295,infection,786
5.646032106891676,695,0,233,72,0,0,0,295,recovery,365
5.6560206475061525,694,0,234,72,0,0,0,296,infection,79
5.656717712494816,693,0,235,72,0,0,0,297,infection,75
5.663390537403335,692,0,236,72,0,0,0,298,infection,594
5.671786108883618,691,0,237,72,0,0,0,299,infection,508
5.673597595799429,691,0,236,73,0,0,0,299,recovery,178
5.697825327096997,690,0,237,73,0,0,0,300,infection,50
5.727232763171177,689,0,238,73,0,0,0,301,infection,776
5.736421993258777,689,0,237,74,0,0,0,301,recovery,127
5.736690335894799,688,0,238,74,0,0,0,302,infection,260
5.745193814206895,688,0,237,75,0,0,0,302,recovery,155
5.760118142378148,687,0,238,75,0,0,0,303,infection,529
5.760669445963634,686,0,239,75,0,0,0,304,infection,697
5.76376101320007,685,0,240,75,0,0,0,305,infection,30
5.766492466353769,684,0,241,75,0,0,0,306,infection,498
5.76817941088283,683,0,242,75,0,0,0,307,infection,868
5.7826676449202585,682,0,243,75,0,0,0,308,infection,17
5.782944505120381,681,0,244,75,0,0,0,309,infection,76
5.7947920959463435,681,0,243,76,0,0,0,309,recovery,336
5.7961064709243235,680,0,244,76,0,0,0,310,infection,746
5.801079413489424,679,0,245,76,0,0,0,311,infection,513
5.805609051391384,678,0,246,76,0,0,0,312,infection,60
5.818838952090347,677,0,247,76,0,0,0,313,infection,88
5.82484533432107,676,0,248,76,0,0,0,314,infection,361
5.82856623561087,675,0,249,76,0,0,0,315,infection,916
5.830189325804082,674,0,250,76,0,0,0,316,infection,421
5.831058350320221,674,0,249,77,0,0,0,316,recovery,801
5.841290691910317,673,0,250,77,0,0,0,317,infection,105
5.844252449107191,672,0,251,77,0,0,0,318,infection,92
5.857185793713229,672,0,250,78,0,0,0,318,recovery,105
5.867445721255103,671,0,251,78,0,0,0,319,infection,157
5.876921038704174,670,0,252,78,0,0,0,320,infection,794
5.878505782612361,669,0,253,78,0,0,0,321,infection,386
5.886064132242132,668,0,254,78,0,0,0,322,infection,757
5.887727621120659,668,0,253,79,0,0,0,322,recovery,416
5.887919546050346,668,0,252,80,0,0,0,322,recovery,628
5.889472961022441,667,0,253,80,0,0,0,323,infection,520
5.907606165312371,666,0,254,80,0,0,0,324,infection,413
5.9097338830119295,666,0,253,81,0,0,0,324,recovery,773
5.9141001082812785,665,0,254,81,0,0,0,325,infection,96
5.914878018224793,664,0,255,81,0,0,0,326,infection,221
5.918109757356071,663,0,256,81,0,0,0,327,infection,164
5.920318634718492,662,0,257,81,0,0,0,328,infection,747
5.927789030927221,661,0,258,81,0,0,0,329,infection,108
5.933401197387636,660,0,259,81,0,0,0,330,infection,335
5.935308806135361,659,0,260,81,0,0,0,331,infection,907
5.940538041822512,658,0,261,81,0,0,0,332,infection,391
5.952154763530793,657,0,262,81,0,0,0,333,infection,357
5.954151085133124,656,0,263,81,0,0,0,334,infection,584
5.9614298705216076,655,0,264,81,0,0,0,335,infection,273
5.963472572911223,654,0,265,81,0,0,0,336,infection,73
5.968309920420423,653,0,266,81,0,0,0,337,infection,239
5.975212680157504,652,0,267,81,0,0,0,338,infection,22
5.980580693338422,651,0,268,81,0,0,0,339,infection,86
5.980898714108782,650,0,269,81,0,0,0,340,infection,199
5.9824178731827855,650,0,268,82,0,0,0,340,recovery,720
5.984887142632017,649,0,269,82,0,0,0,341,infection,3
5.987153446475344,648,0,270,82,0,0,0,342,infection,331
5.990117368757378,648,0,269,83,0,0,0,342,recovery,237
6.004537214003849,647,0,270,83,0,0,0,343,infection,490
6.005022542747194,646,0,271,83,0,0,0,344,infection,284
6.012847003131894,645,0,272,83,0,0,0,345,infection,189
6.015631560715167,644,0,273,83,0,0,0,346,infection,377
6.024158344710011,643,0,274,83,0,0,0,347,infection,509
6.028456697239145,642,0,275,83,0,0,0,348,infection,718
6.032560787438744,641,0,276,83,0,0,0,349,infection,861
6.0391729007496435,641,0,275,84,0,0,0,349,recovery,584
6.040938881043018,640,0,276,84,0,0,0,350,infection,282
6.042044526438267,639,0,277,84,0,0,0,351,infection,353
6.0490198416341014,638,0,278,84,0,0,0,352,infection,715
6.059122688862283,638,0,277,85,0,0,0,352,recovery,744
6.062651333851886,637,0,278,85,0,0,0,353,infection,582
6.07082454483288,636,0,279,85,0,0,0,354,infection,141
6.074345374338813,636,0,278,86,0,0,0,354,recovery,707
6.075697016179265,635,0,279,86,0,0,0,355,infection,204
6.0804717421141214,634,0,280,86,0,0,0,356,infection,577
6.081500396224762,633,0,281,86,0,0,0,357,infection,304
6.0906975525612195,632,0,282,86,0,0,0,358,infection,271
6.094563782341964,632,0,281,87,0,0,0,358,recovery,42
6.096105599883145,631,0,282,87,0,0,0,359,infection,581
6.098543039386364,630,0,283,87,0,0,0,360,infection,358
6.100317570989045,629,0,284,87,0,0,0,361,infection,334
6.101294767793681,628,0,285,87,0,0,0,362,infection,881
6.106892728158112,627,0,286,87,0,0,0,363,infection,343
6.116942748141011,626,0,287,87,0,0,0,364,infection,736
6.117327922852046,625,0,288,87,0,0,0,365,infection,615
6.133987862831614,625,0,287,88,0,0,0,365,recovery,581
6.1405625985038546,624,0,288,88,0,0,0,366,infection,821
6.142268307530787,623,0,289,88,0,0,0,367,infection,443
6.152507700662724,623,0,288,89,0,0,0,367,recovery,758
6.156721185800509,622,0,289,89,0,0,0,368,infection,313
6.16447260286692,621,0,290,89,0,0,0,369,infection,662
6.170796936044878,620,0,291,89,0,0,0,370,infection,649
6.170979657024816,619,0,292,89,0,0,0,371,infection,209
6.174402438424389,619,0,291,90,0,0,0,371,recovery,314
6.174760271666598,618,0,292,90,0,0,0,372,infection,316
6.176740771024643,617,0,293,90,0,0,0,373,infection,632
6.183729681027111,616,0,294,90,0,0,0,374,infection,548
6.188430156480405,615,0,295,90,0,0,0,375,infection,813
6.199732730011379,614,0,296,90,0,0,0,376,infection,621
6.203860324281253,614,0,295,91,0,0,0,376,recovery,916
6.207081501919948,614,0,294,92,0,0,0,376,recovery,373
6.20830710072167,614,0,293,93,0,0,0,376,recovery,963
6.22498048951476,613,0,294,93,0,0,0,377,infection,450
6.232134071931535,612,0,295,93,0,0,0,378,infection,261
6.234064720478138,611,0,296,93,0,0,0,379,infection,191
6.236089759050927,611,0,295,94,0,0,0,379,recovery,811
6.2370581908155005,610,0,296,94,0,0,0,380,infection,875
6.239265087724337,610,0,295,95,0,0,0,380,recovery,157
6.249970350954279,609,0,296,95,0,0,0,381,infection,102
6.259403455571273,608,0,297,95,0,0,0,382,infection,288
6.260843560229931,607,0,298,95,0,0,0,383,infection,89
6.2938395232187,606,0,299,95,0,0,0,384,infection,547
6.300703931283274,605,0,300,95,0,0,0,385,infection,536
6.301338009437418,604,0,301,95,0,0,0,386,infection,673
6.311202847653103,604,0,300,96,0,0,0,386,recovery,380
6.3128240777685205,603,0,301,96,0,0,0,387,infection,267
6.314099597166745,602,0,302,96,0,0,0,388,infection,124
6.315877227540643,602,0,301,97,0,0,0,388,recovery,661
6.321433176422162,601,0,302,97,0,0,0,389,infection,146
6.324072492261247,600,0,303,97,0,0,0,390,infection,110
6.324977784468272,599,0,304,97,0,0,0,391,infection,179
6.325736768558576,599,0,303,98,0,0,0,391,recovery,888
6.332588795934927,598,0,304,98,0,0,0,392,infection,918
6.334331004196853,597,0,305,98,0,0,0,393,infection,399
6.3515105958312486,596,0,306,98,0,0,0,394,infection,539
6.353433711468671,595,0,307,98,0,0,0,395,infection,44
6.355828127115968,594,0,308,98,0,0,0,396,infection,523
6.3633485404545045,593,0,309,98,0,0,0,397,infection,696
6.365270148275953,592,0,310,98,0,0,0,398,infection,118
6.370720860480678,592,0,309,99,0,0,0,398,recovery,79
6.370794979150045,592,0,308,100,0,0,0,398,recovery,413
6.371408693982681,592,0,307,101,0,0,0,398,recovery,663
6.372843081939135,591,0,308,101,0,0,0,399,infection,5
6.373986695099802,590,0,309,101,0,0,0,400,infection,704
6.3757098586323275,590,0,308,102,0,0,0,400,recovery,651
6.386573765539409,589,0,309,102,0,0,0,401,infection,573
6.392346258304204,588,0,310,102,0,0,0,402,infection,913
6.43024111759963,587,0,311,102,0,0,0,403,infection,471
6.430997074973051,586,0,312,102,0,0,0,404,infection,53
6.43832779356738,585,0,313,102,0,0,0,405,infection,710
6.446995114273699,584,0,314,102,0,0,0,406,infection,384
6.447847032227643,584,0,313,103,0,0,0,406,recovery,856
6.450923739363891,583,0,314,103,0,0,0,407,infection,403
6.460337401494985,582,0,315,103,0,0,0,408,infection,109
6.470845083994548,581,0,316,103,0,0,0,409,infection,796
6.487768158478614,581,0,315,104,0,0,0,409,recovery,144
6.496691860304394,580,0,316,104,0,0,0,410,infection,931
6.498140720780954,579,0,317,104,0,0,0,411,infection,170
6.501992842327389,579,0,316,105,0,0,0,411,recovery,554
6.502572428566421,579,0,315,106,0,0,0,411,recovery,36
6.505759743445964,579,0,314,107,0,0,0,411,recovery,260
6.51329875459617,578,0,315,107,0,0,0,412,infection,802
6.519369467679673,577,0,316,107,0,0,0,413,infection,392
6.522758984280482,576,0,317,107,0,0,0,414,infection,224
6.528191991691196,575,0,318,107,0,0,0,415,infection,683
6.52876455765082,575,0,317,108,0,0,0,415,recovery,273
6.548857947317973,574,0,318,108,0,0,0,416,infection,532
6.555388850746101,574,0,317,109,0,0,0,416,recovery,204
6.562653426708761,573,0,318,109,0,0,0,417,infection,231
6.568976558035632,572,0,319,109,0,0,0,418,infection,768
6.576451460508683,571,0,320,109,0,0,0,419,infection,879
6.5871236432584395,570,0,321,109,0,0,0,420,infection,488
6.589607380781452,569,0,322,109,0,0,0,421,infection,613
6.598871175986329,568,0,323,109,0,0,0,422,infection,666
6.601706702696766,567,0,324,109,0,0,0,423,infection,645
6.604597770002616,567,0,323,110,0,0,0,423,recovery,529
6.605923999402603,566,0,324,110,0,0,0,424,infection,405
6.618459371404741,565,0,325,110,0,0,0,425,infection,347
6.625901664969708,564,0,326,110,0,0,0,426,infection,681
6.626421831802295,563,0,327,110,0,0,0,427,infection,619
6.626440643057139,562,0,328,110,0,0,0,428,infection,882
6.639282466765533,562,0,327,111,0,0,0,428,recovery,538
6.642218946533962,561,0,328,111,0,0,0,429,infection,440
6.643105289185736,560,0,329,111,0,0,0,430,infection,39
6.6494590611654845,559,0,330,111,0,0,0,431,infection,49
6.65151613216074,558,0,331,111,0,0,0,432,infection,472
6.657530055194532,557,0,332,111,0,0,0,433,infection,148
6.67029941113011,557,0,331,112,0,0,0,433,recovery,884
6.672960239514806,556,0,332,112,0,0,0,434,infection,117
6.700876316811579,555,0,333,112,0,0,0,435,infection,968
6.703309806253992,554,0,334,112,0,0,0,436,infection,366
6.710121321148479,553,0,335,112,0,0,0,437,infection,401
6.712429981010928,553,0,334,113,0,0,0,437,recovery,248
6.716909729295894,553,0,333,114,0,0,0,437,recovery,146
6.71876321995663,553,0,332,115,0,0,0,437,recovery,548
6.718768507065791,552,0,333,115,0,0,0,438,infection,64
6.720473849081235,551,0,334,115,0,0,0,439,infection,909
6.730732341649238,550,0,335,115,0,0,0,440,infection,503
6.743110394116689,549,0,336,115,0,0,0,441,infection,11
6.756446702471878,548,0,337,115,0,0,0,442,infection,944
6.759411225005775,547,0,338,115,0,0,0,443,infection,140
6.763698991584526,546,0,339,115,0,0,0,444,infection,47
6.77897206571003,545,0,340,115,0,0,0,445,infection,772
6.783945010084936,544,0,341,115,0,0,0,446,infection,827
6.7872607771312925,543,0,342,115,0,0,0,447,infection,672
6.791510062682214,542,0,343,115,0,0,0,448,infection,491
6.795048959127435,541,0,344,115,0,0,0,449,infection,385
6.804210846326241,541,0,343,116,0,0,0,449,recovery,680
6.812432861119584,541,0,342,117,0,0,0,449,recovery,662
6.813935538443262,540,0,343,117,0,0,0,450,infection,932
6.855203554257256,540,0,342,118,0,0,0,450,recovery,334
6.86066082023123,539,0,343,118,0,0,0,451,infection,383
6.862907081982969,538,0,344,118,0,0,0,452,infection,810
6.86381865853784,537,0,345,118,0,0,0,453,infection,38
6.864109472325348,536,0,346,118,0,0,0,454,infection,216
6.880455130587244,535,0,347,118,0,0,0,455,infection,71
6.88801303007731,534,0,348,118,0,0,0,456,infection,468
6.900189996849078,533,0,349,118,0,0,0,457,infection,429
6.908076814086252,532,0,350,118,0,0,0,458,infection,252
6.926312841923559,532,0,349,119,0,0,0,458,recovery,718
6.927331814820279,531,0,350,119,0,0,0,459,infection,841
6.956584488778948,530,0,351,119,0,0,0,460,infection,698
6.957537298711227,529,0,352,119,0,0,0,461,infection,91
6.965260808933664,528,0,353,119,0,0,0,462,infection,543
6.971277263948002,527,0,354,119,0,0,0,463,infection,677
6.9756375257700896,527,0,353,120,0,0,0,463,recovery,229
6.979739384606857,526,0,354,120,0,0,0,464,infection,752
6.999809793617541,526,0,353,121,0,0,0,464,recovery,821
7.000318010517634,525,0,354,121,0,0,0,465,infection,99
7.003552858698975,524,0,355,121,0,0,0,466,infection,161
7.004321614171635,524,0,354,122,0,0,0,466,recovery,91
7.015199815355147,523,0,355,122,0,0,0,467,infection,533
7.019390864530549,523,0,354,123,0,0,0,467,recovery,674
7.02670221907888,522,0,355,123,0,0,0,468,infection,871
7.035793205300152,522,0,354,124,0,0,0,468,recovery,420
7.039706815555289,521,0,355,124,0,0,0,469,infection,675
7.043819060986574,520,0,356,124,0,0,0,470,infection,850
7.049285390866382,520,0,355,125,0,0,0,470,recovery,469
7.053188318211485,519,0,356,125,0,0,0,471,infection,382
7.079834055851557,518,0,357,125,0,0,0,472,infection,706
7.094846293497204,518,0,356,126,0,0,0,472,recovery,515
7.100210123689792,518,0,355,127,0,0,0,472,recovery,441
7.101437036678104,517,0,356,127,0,0,0,473,infection,598
7.1340740742867235,516,0,357,127,0,0,0,474,infection,333
7.135374572275044,515,0,358,127,0,0,0,475,infection,828
7.135745731288786,514,0,359,127,0,0,0,476,infection,866
7.138162017815036,514,0,358,128,0,0,0,476,recovery,391
7.1388803954458755,514,0,357,129,0,0,0,476,recovery,875
7.139185993564299,514,0,356,130,0,0,0,476,recovery,70
7.140701316668181,513,0,357,130,0,0,0,477,infection,702
7.1409060292104005,512,0,358,130,0,0,0,478,infection,838
7.147263973660136,511,0,359,130,0,0,0,479,infection,640
7.150879600044434,510,0,360,130,0,0,0,480,infection,812
7.155403621979114,510,0,359,131,0,0,0,480,recovery,994
7.164948850342978,510,0,358,132,0,0,0,480,recovery,281
7.17187899399697,509,0,359,132,0,0,0,481,infection,878
7.182790664745402,508,0,360,132,0,0,0,482,infection,147
7.186938556260334,507,0,361,132,0,0,0,483,infection,376
7.189057530420287,506,0,362,132,0,0,0,484,infection,578
7.192578183231075,505,0,363,132,0,0,0,485,infection,473
7.199095174907204,505,0,362,133,0,0,0,485,recovery,209
7.204304975733203,504,0,363,133,0,0,0,486,infection,187
7.211481878695486,503,0,364,133,0,0,0,487,infection,436
7.217880239403438,502,0,365,133,0,0,0,488,infection,80
7.218037525555311,501,0,366,133,0,0,0,489,infection,765
7.230243788469081,500,0,367,133,0,0,0,490,infection,258
7.233318345199258,499,0,368,133,0,0,0,491,infection,844
7.235467834229084,498,0,369,133,0,0,0,492,infection,12
7.235978960829327,497,0,370,133,0,0,0,493,infection,637
7.236569708359186,496,0,371,133,0,0,0,494,infection,275
7.236640817300495,495,0,372,133,0,0,0,495,infection,911
7.239285680040603,494,0,373,133,0,0,0,496,infection,121
7.243461277663224,494,0,372,134,0,0,0,496,recovery,633
7.245286342468883,493,0,373,134,0,0,0,497,infection,154
7.251649678914056,492,0,374,134,0,0,0,498,infection,206
7.2532506351085075,492,0,373,135,0,0,0,498,recovery,32
7.261115841326183,491,0,374,135,0,0,0,499,infection,241
7.269148566438073,490,0,375,135,0,0,0,500,infection,648
7.269481292446905,489,0,376,135,0,0,0,501,infection,928
7.282704925080427,488,0,377,135,0,0,0,502,infection,56
7.283320328973888,487,0,378,135,0,0,0,503,infection,809
7.290781040842803,486,0,379,135,0,0,0,504,infection,116
7.292701996606484,485,0,380,135,0,0,0,505,infection,915
7.302535757374844,484,0,381,135,0,0,0,506,infection,852
7.304059613957288,483,0,382,135,0,0,0,507,infection,849
7.315337431969437,482,0,383,135,0,0,0,508,infection,629
7.315879108454075,481,0,384,135,0,0,0,509,infection,23
7.323862513920411,480,0,385,135,0,0,0,510,infection,193
7.332599303972917,479,0,386,135,0,0,0,511,infection,654
7.334120137203106,479,0,385,136,0,0,0,511,recovery,227
7.344551930799521,478,0,386,136,0,0,0,512,infection,431
7.348077495312548,478,0,385,137,0,0,0,512,recovery,700
7.34982091065323,477,0,386,137,0,0,0,513,infection,917
7.351013425149264,477,0,385,138,0,0,0,513,recovery,122
7.356945199537094,476,0,386,138,0,0,0,514,infection,579
7.359247834538703,475,0,387,138,0,0,0,515,infection,832
7.359628393989342,474,0,388,138,0,0,0,516,infection,337
7.3620756038778605,473,0,389,138,0,0,0,517,infection,324
7.362174125329196,472,0,390,138,0,0,0,518,infection,481
7.363724186683824,471,0,391,138,0,0,0,519,infection,292
7.377296725952246,470,0,392,138,0,0,0,520,infection,112
7.388216213327949,469,0,393,138,0,0,0,521,infection,150
7.38929561146164,468,0,394,138,0,0,0,522,infection,569
7.389576878625816,467,0,395,138,0,0,0,523,infection,527
7.391529285255715,467,0,394,139,0,0,0,523,recovery,427
7.392943768884594,467,0,393,140,0,0,0,523,recovery,43
7.393085727051354,467,0,392,141,0,0,0,523,recovery,810
7.395896074599066,466,0,393,141,0,0,0,524,infection,354
7.43150301724854,466,0,392,142,0,0,0,524,recovery,503
7.4354804967073385,466,0,391,143,0,0,0,524,recovery,48
7.436742465168258,465,0,392,143,0,0,0,525,infection,685
7.437222075784438,465,0,391,144,0,0,0,525,recovery,746
7.4447478369598,465,0,390,145,0,0,0,525,recovery,147
7.448560033870031,464,0,391,145,0,0,0,526,infection,806
7.450596908614996,464,0,390,146,0,0,0,526,recovery,12
7.452157391178905,464,0,389,147,0,0,0,526,recovery,187
7.45286755620478,464,0,388,148,0,0,0,526,recovery,697
7.4575396986968645,463,0,389,148,0,0,0,527,infection,101
7.459844674955797,462,0,390,148,0,0,0,528,infection,901
7.460554043849527,461,0,391,148,0,0,0,529,infection,737
7.460618767514746,460,0,392,148,0,0,0,530,infection,557
7.4787388455558075,459,0,393,148,0,0,0,531,infection,603
7.479760725573917,458,0,394,148,0,0,0,532,infection,789
7.480299105632413,457,0,395,148,0,0,0,533,infection,670
7.483650258160886,456,0,396,148,0,0,0,534,infection,475
7.484512641731348,456,0,395,149,0,0,0,534,recovery,671
7.486614934463283,456,0,394,150,0,0,0,534,recovery,214
7.493365164924736,456,0,393,151,0,0,0,534,recovery,599
7.494021492240295,455,0,394,151,0,0,0,535,infection,120
7.495817630764693,455,0,393,152,0,0,0,535,recovery,206
7.4974690152497345,454,0,394,152,0,0,0,536,infection,493
7.497476456994099,453,0,395,152,0,0,0,537,infection,886
7.505756898422459,452,0,396,152,0,0,0,538,infection,820
7.50935804151514,451,0,397,152,0,0,0,539,infection,567
7.511940548690785,451,0,396,153,0,0,0,539,recovery,666
7.512945286295534,450,0,397,153,0,0,0,540,infection,743
7.52092900563135,450,0,396,154,0,0,0,540,recovery,63
7.527239765763522,449,0,397,154,0,0,0,541,infection,126
7.531806835360665,448,0,398,154,0,0,0,542,infection,419
7.532644423590488,447,0,399,154,0,0,0,543,infection,805
7.5362552006929535,446,0,400,154,0,0,0,544,infection,660
7.546217871344226,446,0,399,155,0,0,0,544,recovery,432
7.546517232147175,445,0,400,155,0,0,0,545,infection,855
7.551433679023134,444,0,401,155,0,0,0,546,infection,302
7.563006033018169,443,0,402,155,0,0,0,547,infection,583
7.5728637970266055,442,0,403,155,0,0,0,548,infection,439
7.576532277484976,442,0,402,156,0,0,0,548,recovery,565
7.595394389628093,441,0,403,156,0,0,0,549,infection,966
7.609273583008342,440,0,404,156,0,0,0,550,infection,84
7.61308801509422,439,0,405,156,0,0,0,551,infection,184
7.613386471495611,438,0,406,156,0,0,0,552,infection,528
7.616272097037129,438,0,405,157,0,0,0,552,recovery,117
7.6316305424686,437,0,406,157,0,0,0,553,infection,207
7.6365454427951835,436,0,407,157,0,0,0,554,infection,45
7.680722437097471,435,0,408,157,0,0,0,555,infection,389
7.681147536266325,435,0,407,158,0,0,0,555,recovery,125
7.707074289590907,435,0,406,159,0,0,0,555,recovery,866
7.731464011313613,434,0,407,159,0,0,0,556,infection,892
7.740796111639179,434,0,406,160,0,0,0,556,recovery,165
7.741772404157968,433,0,407,160,0,0,0,557,infection,595
7.754775232378153,433,0,406,161,0,0,0,557,recovery,702
7.7643610229845175,432,0,407,161,0,0,0,558,infection,836
7.775942269404085,432,0,406,162,0,0,0,558,recovery,985
7.77956989750977,432,0,405,163,0,0,0,558,recovery,384
7.788868678686179,431,0,406,163,0,0,0,559,infection,285
7.800874650671114,430,0,407,163,0,0,0,560,infection,379
7.811713798735418,429,0,408,163,0,0,0,561,infection,447
7.818800625662278,428,0,409,163,0,0,0,562,infection,215
7.819117069805273,427,0,410,163,0,0,0,563,infection,883
7.823222902459948,426,0,411,163,0,0,0,564,infection,7
7.824142339697609,425,0,412,163,0,0,0,565,infection,546
7.8371517046243575,424,0,413,163,0,0,0,566,infection,512
7.84787554819289,424,0,412,164,0,0,0,566,recovery,337
7.848740759173566,424,0,411,165,0,0,0,566,recovery,569
7.849510172131698,423,0,412,165,0,0,0,567,infection,889
7.8530464566956555,422,0,413,165,0,0,0,568,infection,318
7.855196030094842,422,0,412,166,0,0,0,568,recovery,926
7.873562444866723,422,0,411,167,0,0,0,568,recovery,756
7.8884248057468875,421,0,412,167,0,0,0,569,infection,107
7.904821925065264,421,0,411,168,0,0,0,569,recovery,285
7.922458284173902,420,0,412,168,0,0,0,570,infection,402
7.922618202669589,419,0,413,168,0,0,0,571,infection,18
7.923827946661126,418,0,414,168,0,0,0,572,infection,606
7.9285002039315,417,0,415,168,0,0,0,573,infection,748
7.929873315810949,417,0,414,169,0,0,0,573,recovery,696
7.940783885249781,417,0,413,170,0,0,0,573,recovery,39
7.962759521596794,417,0,412,171,0,0,0,573,recovery,378
7.963536838525754,416,0,413,171,0,0,0,574,infection,457
7.965668013868276,416,0,412,172,0,0,0,574,recovery,964
7.971799891452859,416,0,411,173,0,0,0,574,recovery,96
7.986913481147193,415,0,412,173,0,0,0,575,infection,835
7.989229238950701,414,0,413,173,0,0,0,576,infection,133
7.9923062044398705,413,0,414,173,0,0,0,577,infection,566
8.009329701089253,412,0,415,173,0,0,0,578,infection,411
8.01802879167382,412,0,414,174,0,0,0,578,recovery,855
8.022831066342444,411,0,415,174,0,0,0,579,infection,616
8.026160629559394,410,0,416,174,0,0,0,580,infection,320
8.027245228206281,410,0,415,175,0,0,0,580,recovery,699
8.032253585841179,409,0,416,175,0,0,0,581,infection,137
8.032906539899814,408,0,417,175,0,0,0,582,infection,770
8.053099389854072,408,0,416,176,0,0,0,582,recovery,84
8.063277775174463,408,0,415,177,0,0,0,582,recovery,412
8.066081832049774,407,0,416,177,0,0,0,583,infection,819
8.066610411131919,407,0,415,178,0,0,0,583,recovery,239
8.069826786121716,407,0,414,179,0,0,0,583,recovery,868
8.071318106465739,406,0,415,179,0,0,0,584,infection,340
8.08355467126707,405,0,416,179,0,0,0,585,infection,653
8.084388715361811,404,0,417,179,0,0,0,586,infection,951
8.09786568048439,403,0,418,179,0,0,0,587,infection,783
8.103759916718719,402,0,419,179,0,0,0,588,infection,643
8.105705882424726,401,0,420,179,0,0,0,589,infection,200
8.110786582492231,401,0,419,180,0,0,0,589,recovery,512
8.112091706133244,400,0,420,180,0,0,0,590,infection,524
8.116056443458628,400,0,419,181,0,0,0,590,recovery,288
8.11861646523247,399,0,420,181,0,0,0,591,infection,943
8.142954799266713,399,0,419,182,0,0,0,591,recovery,524
8.146463483144487,398,0,420,182,0,0,0,592,infection,41
8.150966719231302,397,0,421,182,0,0,0,593,infection,339
8.15628102483177,397,0,420,183,0,0,0,593,recovery,112
8.161187609994649,396,0,421,183,0,0,0,594,infection,188
8.164324515758446,395,0,422,183,0,0,0,595,infection,978
8.175315628488702,394,0,423,183,0,0,0,596,infection,647
8.178625012926386,394,0,422,184,0,0,0,596,recovery,509
8.190351280655412,393,0,423,184,0,0,0,597,infection,591
8.20354792509632,392,0,424,184,0,0,0,598,infection,453
8.211518294695967,391,0,425,184,0,0,0,599,infection,467
8.217485454163237,390,0,426,184,0,0,0,600,infection,484
8.22018693716972,390,0,425,185,0,0,0,600,recovery,882
8.220595579049125,390,0,424,186,0,0,0,600,recovery,357
8.223119818721079,389,0,425,186,0,0,0,601,infection,558
8.237893692803654,388,0,426,186,0,0,0,602,infection,981
8.240607459439694,387,0,427,186,0,0,0,603,infection,751
8.242397355348134,387,0,426,187,0,0,0,603,recovery,11
8.245025878138197,387,0,425,188,0,0,0,603,recovery,913
8.253193675069056,386,0,426,188,0,0,0,604,infection,119
8.25416290397531,385,0,427,188,0,0,0,605,infection,686
8.255688322519076,385,0,426,189,0,0,0,605,recovery,60
8.269563596908965,384,0,427,189,0,0,0,606,infection,77
8.272447111708193,383,0,428,189,0,0,0,607,infection,97
8.28718042467002,382,0,429,189,0,0,0,608,infection,286
8.288717856283359,382,0,428,190,0,0,0,608,recovery,528
8.288867316469707,382,0,427,191,0,0,0,608,recovery,878
8.293853218687962,382,0,426,192,0,0,0,608,recovery,352
8.294037511007398,381,0,427,192,0,0,0,609,infection,589
8.294101814154274,381,0,426,193,0,0,0,609,recovery,978
8.297320723762418,380,0,427,193,0,0,0,610,infection,238
8.301883431338743,380,0,426,194,0,0,0,610,recovery,828
8.32673070775016,379,0,427,194,0,0,0,611,infection,711
8.332711163116372,378,0,428,194,0,0,0,612,infection,259
8.339842632591296,377,0,429,194,0,0,0,613,infection,171
8.355598879501086,377,0,428,195,0,0,0,613,recovery,637
8.356226009264057,376,0,429,195,0,0,0,614,infection,437
8.364374738095917,375,0,430,195,0,0,0,615,infection,8
8.368730615096988,375,0,429,196,0,0,0,615,recovery,844
8.381980118851276,374,0,430,196,0,0,0,616,infection,814
8.382520221422789,373,0,431,196,0,0,0,617,infection,46
8.393608733288245,373,0,430,197,0,0,0,617,recovery,71
8.413576382902857,373,0,429,198,0,0,0,617,recovery,743
8.415136998645877,372,0,430,198,0,0,0,618,infection,37
8.422077077104378,372,0,429,199,0,0,0,618,recovery,216
8.426646409444302,372,0,428,200,0,0,0,618,recovery,736
8.436410882400898,371,0,429,200,0,0,0,619,infection,669
8.455713181204967,370,0,430,200,0,0,0,620,infection,158
8.455778895773026,370,0,429,201,0,0,0,620,recovery,500
8.457795205598714,370,0,428,202,0,0,0,620,recovery,725
8.471979537295649,369,0,429,202,0,0,0,621,infection,793
8.4878374034367,368,0,430,202,0,0,0,622,infection,454
8.489532412912784,368,0,429,203,0,0,0,622,recovery,6
8.50242608701958,367,0,430,203,0,0,0,623,infection,891
8.506242372864271,366,0,431,203,0,0,0,624,infection,767
8.510413776803146,365,0,432,203,0,0,0,625,infection,863
8.51566651412526,365,0,431,204,0,0,0,625,recovery,573
8.516151865588379,364,0,432,204,0,0,0,626,infection,716
8.518960669890873,364,0,431,205,0,0,0,626,recovery,199
8.530238682551184,364,0,430,206,0,0,0,626,recovery,544
8.548457193789542,364,0,429,207,0,0,0,626,recovery,345
8.549094949766019,364,0,428,208,0,0,0,626,recovery,909
8.553439853596743,364,0,427,209,0,0,0,626,recovery,598
8.554989826477614,363,0,428,209,0,0,0,627,infection,535
8.556438665729063,362,0,429,209,0,0,0,628,infection,906
8.566545980126644,362,0,428,210,0,0,0,628,recovery,966
8.576870865790623,361,0,429,210,0,0,0,629,infection,701
8.580742766259979,361,0,428,211,0,0,0,629,recovery,158
8.584473718067807,360,0,429,211,0,0,0,630,infection,729
8.58672942835505,360,0,428,212,0,0,0,630,recovery,751
8.587718883183403,360,0,427,213,0,0,0,630,recovery,613
8.606595210357343,359,0,428,213,0,0,0,631,infection,848
8.607640654154595,358,0,429,213,0,0,0,632,infection,742
8.608787708378644,357,0,430,213,0,0,0,633,infection,927
8.617061453217373,357,0,429,214,0,0,0,633,recovery,252
8.619582865322068,357,0,428,215,0,0,0,633,recovery,316
8.622228377772917,357,0,427,216,0,0,0,633,recovery,667
8.622564728817245,357,0,426,217,0,0,0,633,recovery,318
8.638487329307095,357,0,425,218,0,0,0,633,recovery,382
8.641845791305162,357,0,424,219,0,0,0,633,recovery,113
8.657099461279072,356,0,425,219,0,0,0,634,infection,656
8.660361169866013,356,0,424,220,0,0,0,634,recovery,698
8.669081573082698,355,0,425,220,0,0,0,635,infection,559
8.670457880338983,354,0,426,220,0,0,0,636,infection,15
8.67725020224333,353,0,427,220,0,0,0,637,infection,980
8.681813821794561,352,0,428,220,0,0,0,638,infection,180
8.688609554103785,352,0,427,221,0,0,0,638,recovery,335
8.689555653966979,351,0,428,221,0,0,0,639,infection,59
8.69158336684713,350,0,429,221,0,0,0,640,infection,504
8.69824635368375,349,0,430,221,0,0,0,641,infection,24
8.701429321936068,348,0,431,221,0,0,0,642,infection,687
8.707965011276372,347,0,432,221,0,0,0,643,infection,781
8.710619380442536,346,0,433,221,0,0,0,644,infection,90
8.717527485308874,346,0,432,222,0,0,0,644,recovery,597
8.71772851091514,345,0,433,222,0,0,0,645,infection,244
8.723771099864855,344,0,434,222,0,0,0,646,infection,293
8.727443102026939,343,0,435,222,0,0,0,647,infection,478
8.728606235050066,342,0,436,222,0,0,0,648,infection,363
8.731137099484533,341,0,437,222,0,0,0,649,infection,190
8.731187535714394,340,0,438,222,0,0,0,650,infection,95
8.74043355521747,339,0,439,222,0,0,0,651,infection,912
8.742819518289847,339,0,438,223,0,0,0,651,recovery,615
8.746091934697091,338,0,439,223,0,0,0,652,infection,763
8.758391077396134,337,0,440,223,0,0,0,653,infection,175
8.758526214835081,336,0,441,223,0,0,0,654,infection,332
8.759762556358002,336,0,440,224,0,0,0,654,recovery,453
8.77237991626203,335,0,441,224,0,0,0,655,infection,496
8.789293532326116,334,0,442,224,0,0,0,656,infection,755
8.795099964012293,333,0,443,224,0,0,0,657,infection,371
8.796107012731763,333,0,442,225,0,0,0,657,recovery,493
8.802926742130166,332,0,443,225,0,0,0,658,infection,941
8.804853115957467,331,0,444,225,0,0,0,659,infection,749
8.805180623453236,330,0,445,225,0,0,0,660,infection,945
8.805412580144502,330,0,444,226,0,0,0,660,recovery,448
8.822858767479268,330,0,443,227,0,0,0,660,recovery,912
8.835110826900326,330,0,442,228,0,0,0,660,recovery,184
8.836456649332618,330,0,441,229,0,0,0,660,recovery,238
8.838687867970517,330,0,440,230,0,0,0,660,recovery,389
8.849173441996978,330,0,439,231,0,0,0,660,recovery,806
8.849522720294466,329,0,440,231,0,0,0,661,infection,511
8.84957368582057,329,0,439,232,0,0,0,661,recovery,399
8.853543574559549,328,0,440,232,0,0,0,662,infection,553
8.857526528292752,328,0,439,233,0,0,0,662,recovery,24
8.858791369190445,327,0,440,233,0,0,0,663,infection,219
8.859662700992267,327,0,439,234,0,0,0,663,recovery,635
8.868974334025541,326,0,440,234,0,0,0,664,infection,225
8.870757705894409,325,0,441,234,0,0,0,665,infection,954
8.872605278346441,324,0,442,234,0,0,0,666,infection,341
8.88173684266263,324,0,441,235,0,0,0,666,recovery,918
8.883864146758881,323,0,442,235,0,0,0,667,infection,721
8.883927845063326,323,0,441,236,0,0,0,667,recovery,168
8.888077706659953,322,0,442,236,0,0,0,668,infection,561
8.890108164734006,321,0,443,236,0,0,0,669,infection,325
8.898940145973096,320,0,444,236,0,0,0,670,infection,929
8.902619500454364,320,0,443,237,0,0,0,670,recovery,960
8.903350970510807,319,0,444,237,0,0,0,671,infection,243
8.90505169204607,318,0,445,237,0,0,0,672,infection,869
8.909170707675981,317,0,446,237,0,0,0,673,infection,425
8.909757629600087,317,0,445,238,0,0,0,673,recovery,163
8.912724697052514,316,0,446,238,0,0,0,674,infection,971
8.916811346600186,315,0,447,238,0,0,0,675,infection,684
8.927964969025819,315,0,446,239,0,0,0,675,recovery,853
8.93135778233557,315,0,445,240,0,0,0,675,recovery,29
8.933083746230553,314,0,446,240,0,0,0,676,infection,739
8.936645276564892,313,0,447,240,0,0,0,677,infection,741
8.936744762296115,312,0,448,240,0,0,0,678,infection,574
8.941309698086334,311,0,449,240,0,0,0,679,infection,815
8.943797190753903,311,0,448,241,0,0,0,679,recovery,879
8.948197544525607,310,0,449,241,0,0,0,680,infection,778
8.948430923646665,310,0,448,242,0,0,0,680,recovery,755
8.952192535558593,309,0,449,242,0,0,0,681,infection,705
8.957262795587651,308,0,450,242,0,0,0,682,infection,614
8.971034119628559,307,0,451,242,0,0,0,683,infection,223
8.973781835490092,306,0,452,242,0,0,0,684,infection,396
8.981076354073377,305,0,453,242,0,0,0,685,infection,390
8.983851372842624,305,0,452,243,0,0,0,685,recovery,467
9.001844665507926,304,0,453,243,0,0,0,686,infection,1
9.015614416101986,304,0,452,244,0,0,0,686,recovery,190
9.025849624576532,304,0,451,245,0,0,0,686,recovery,995
9.031643150340154,303,0,452,245,0,0,0,687,infection,297
9.038588823469519,303,0,451,246,0,0,0,687,recovery,606
9.039759476072415,303,0,450,247,0,0,0,687,recovery,1
9.040307618767493,302,0,451,247,0,0,0,688,infection,641
9.042897011697828,302,0,450,248,0,0,0,688,recovery,356
9.052436607555684,301,0,451,248,0,0,0,689,infection,409
9.059848637133753,300,0,452,248,0,0,0,690,infection,397
9.088866130520593,299,0,453,248,0,0,0,691,infection,430
9.110271390650773,299,0,452,249,0,0,0,691,recovery,350
9.111529426796345,299,0,451,250,0,0,0,691,recovery,518
9.111827225303037,298,0,452,250,0,0,0,692,infection,212
9.120453108068507,297,0,453,250,0,0,0,693,infection,507
9.130433611133686,297,0,452,251,0,0,0,693,recovery,732
9.137602208199667,297,0,451,252,0,0,0,693,recovery,796
9.143245796633341,296,0,452,252,0,0,0,694,infection,249
9.148936508246843,295,0,453,252,0,0,0,695,infection,423
9.153886584487939,294,0,454,252,0,0,0,696,infection,537
9.15901094166759,293,0,455,252,0,0,0,697,infection,480
9.165031815103431,292,0,456,252,0,0,0,698,infection,914
9.185338037037063,292,0,455,253,0,0,0,698,recovery,575
9.193111085901771,292,0,454,254,0,0,0,698,recovery,886
9.214358952744211,291,0,455,254,0,0,0,699,infection,348
9.220071160102696,290,0,456,254,0,0,0,700,infection,470
9.230847076296916,289,0,457,254,0,0,0,701,infection,735
9.261135161563004,288,0,458,254,0,0,0,702,infection,103
9.262348731677033,287,0,459,254,0,0,0,703,infection,169
9.263965015660961,286,0,460,254,0,0,0,704,infection,659
9.268391223276643,285,0,461,254,0,0,0,705,infection,531
9.270656616545597,284,0,462,254,0,0,0,706,infection,709
9.284934466611729,283,0,463,254,0,0,0,707,infection,840
9.289713400846285,282,0,464,254,0,0,0,708,infection,514
9.298793817489402,282,0,463,255,0,0,0,708,recovery,685
9.305042373083882,282,0,462,256,0,0,0,708,recovery,383
9.325392446505386,282,0,461,257,0,0,0,708,recovery,279
9.336779175880725,282,0,460,258,0,0,0,708,recovery,26
9.338285371817145,282,0,459,259,0,0,0,708,recovery,946
9.339389068692498,282,0,458,260,0,0,0,708,recovery,243
9.358872498181402,281,0,459,260,0,0,0,709,infection,580
9.36311942227953,281,0,458,261,0,0,0,709,recovery,77
9.365820560734937,280,0,459,261,0,0,0,710,infection,703
9.377976265798214,279,0,460,261,0,0,0,711,infection,375
9.384247093807845,278,0,461,261,0,0,0,712,infection,351
9.391491558107692,277,0,462,261,0,0,0,713,infection,456
9.398310186927903,277,0,461,262,0,0,0,713,recovery,881
9.402011028259468,277,0,460,263,0,0,0,713,recovery,379
9.410753575130673,276,0,461,263,0,0,0,714,infection,596
9.422440026568488,276,0,460,264,0,0,0,714,recovery,202
9.428701510628041,276,0,459,265,0,0,0,714,recovery,15
9.429159744661256,275,0,460,265,0,0,0,715,infection,94
9.434719479400789,274,0,461,265,0,0,0,716,infection,642
9.4407214467798,274,0,460,266,0,0,0,716,recovery,686
9.4429683825149,273,0,461,266,0,0,0,717,infection,695
9.45088036562801,272,0,462,266,0,0,0,718,infection,474
9.454437708963487,271,0,463,266,0,0,0,719,infection,213
9.456392282111361,270,0,464,266,0,0,0,720,infection,174
9.457261063711663,270,0,463,267,0,0,0,720,recovery,870
9.462733220799333,269,0,464,267,0,0,0,721,infection,280
9.48821718392178,269,0,463,268,0,0,0,721,recovery,392
9.494586694500097,269,0,462,269,0,0,0,721,recovery,126
9.501213558644265,268,0,463,269,0,0,0,722,infection,620
9.506926589114565,268,0,462,270,0,0,0,722,recovery,723
9.521172133886573,267,0,463,270,0,0,0,723,infection,973
9.525301575299043,267,0,462,271,0,0,0,723,recovery,648
9.550633624607272,267,0,461,272,0,0,0,723,recovery,405
9.55228386677314,267,0,460,273,0,0,0,723,recovery,501
9.560312048168047,266,0,461,273,0,0,0,724,infection,726
9.56485572544489,266,0,460,274,0,0,0,724,recovery,443
9.565304790415269,265,0,461,274,0,0,0,725,infection,131
9.572564550959807,264,0,462,274,0,0,0,726,infection,247
9.575072884672638,263,0,463,274,0,0,0,727,infection,766
9.580542039444897,262,0,464,274,0,0,0,728,infection,551
9.595582783165106,262,0,463,275,0,0,0,728,recovery,931
9.602756251846863,262,0,462,276,0,0,0,728,recovery,683
9.618111225148562,261,0,463,276,0,0,0,729,infection,322
9.624852250074879,261,0,462,277,0,0,0,729,recovery,770
9.633075232403609,261,0,461,278,0,0,0,729,recovery,527
9.634981046054785,261,0,460,279,0,0,0,729,recovery,534
9.63653382498096,261,0,459,280,0,0,0,729,recovery,97
9.642979777212533,261,0,458,281,0,0,0,729,recovery,991
9.643820473505967,261,0,457,282,0,0,0,729,recovery,768
9.649081826171221,261,0,456,283,0,0,0,729,recovery,511
9.651029488311606,261,0,455,284,0,0,0,729,recovery,436
9.656888441629118,260,0,456,284,0,0,0,730,infection,740
9.665349853219897,259,0,457,284,0,0,0,731,infection,934
9.671665229980858,258,0,458,284,0,0,0,732,infection,664
9.682455289446,257,0,459,284,0,0,0,733,infection,655
9.682464990921643,257,0,458,285,0,0,0,733,recovery,3
9.694005299257862,257,0,457,286,0,0,0,733,recovery,739
9.694865460828526,256,0,458,286,0,0,0,734,infection,791
9.695324083924426,256,0,457,287,0,0,0,734,recovery,972
9.69656267852908,255,0,458,287,0,0,0,735,infection,289
9.702488820890814,255,0,457,288,0,0,0,735,recovery,473
9.70924805081251,255,0,456,289,0,0,0,735,recovery,763
9.73075753850499,255,0,455,290,0,0,0,735,recovery,284
9.739956627427297,255,0,454,291,0,0,0,735,recovery,489
9.740959706633953,255,0,453,292,0,0,0,735,recovery,574
9.745402356473164,255,0,452,293,0,0,0,735,recovery,681
9.7519881000704,254,0,453,293,0,0,0,736,infection,497
9.752351397433689,253,0,454,293,0,0,0,737,infection,205
9.763748007628708,253,0,453,294,0,0,0,737,recovery,711
9.775102736183507,252,0,454,294,0,0,0,738,infection,319
9.776554278795375,251,0,455,294,0,0,0,739,infection,734
9.776613362136658,251,0,454,295,0,0,0,739,recovery,376
9.781535012822062,250,0,455,295,0,0,0,740,infection,100
9.785853471414764,249,0,456,295,0,0,0,741,infection,555
9.812270761782232,248,0,457,295,0,0,0,742,infection,689
9.814282987871273,248,0,456,296,0,0,0,742,recovery,8
9.821539025246071,248,0,455,297,0,0,0,742,recovery,848
9.824508114060604,247,0,456,297,0,0,0,743,infection,618
9.825803761494278,247,0,455,298,0,0,0,743,recovery,160
9.828902678010675,247,0,454,299,0,0,0,743,recovery,772
9.84962471960548,247,0,453,300,0,0,0,743,recovery,497
9.864188507925217,247,0,452,301,0,0,0,743,recovery,749
9.866353449956227,246,0,453,301,0,0,0,744,infection,51
9.879861528791684,246,0,452,302,0,0,0,744,recovery,402
9.880538693133573,245,0,453,302,0,0,0,745,infection,197
9.880583357075897,245,0,452,303,0,0,0,745,recovery,44
9.8821028733439,245,0,451,304,0,0,0,745,recovery,338
9.896927949893165,245,0,450,305,0,0,0,745,recovery,616
9.898121743673517,245,0,449,306,0,0,0,745,recovery,996
9.910405974069384,244,0,450,306,0,0,0,746,infection,57
9.913684354390483,243,0,451,306,0,0,0,747,infection,452
9.917008825922183,242,0,452,306,0,0,0,748,infection,408
9.920743206345941,241,0,453,306,0,0,0,749,infection,309
9.93161948037769,240,0,454,306,0,0,0,750,infection,612
9.949854776836979,239,0,455,306,0,0,0,751,infection,303
9.951784534920694,238,0,456,306,0,0,0,752,infection,132
9.962029278954338,237,0,457,306,0,0,0,753,infection,829
9.963106355891451,236,0,458,306,0,0,0,754,infection,959
9.96441364358842,236,0,457,307,0,0,0,754,recovery,86
9.967346468453746,235,0,458,307,0,0,0,755,infection,263
9.982692288940596,234,0,459,307,0,0,0,756,infection,274
9.985775864138434,233,0,460,307,0,0,0,757,infection,410
9.993851888523933,232,0,461,307,0,0,0,758,infection,21
10.004068442830862,231,0,462,307,0,0,0,759,infection,359
10.015523700508314,230,0,463,307,0,0,0,760,infection,250
10.018247575830554,230,0,462,308,0,0,0,760,recovery,759
10.019587167649586,229,0,463,308,0,0,0,761,infection,542
10.020451123487886,228,0,464,308,0,0,0,762,infection,731
10.020534737591133,227,0,465,308,0,0,0,763,infection,407
10.021708480074981,227,0,464,309,0,0,0,763,recovery,789
10.045214066207578,226,0,465,309,0,0,0,764,infection,201
10.051011624246893,226,0,464,310,0,0,0,764,recovery,58
10.056379169703753,225,0,465,310,0,0,0,765,infection,988
10.064479318546317,224,0,466,310,0,0,0,766,infection,266
10.069936762050352,224,0,465,311,0,0,0,766,recovery,543
10.095035515099502,224,0,464,312,0,0,0,766,recovery,753
10.101946551221229,223,0,465,312,0,0,0,767,infection,817
10.122429244998772,222,0,466,312,0,0,0,768,infection,182
10.123921125011801,221,0,467,312,0,0,0,769,infection,264
10.130958840068157,221,0,466,313,0,0,0,769,recovery,614
10.138638587294444,220,0,467,313,0,0,0,770,infection,494
10.14225367402384,219,0,468,313,0,0,0,771,infection,477
10.149963901244803,218,0,469,313,0,0,0,772,infection,114
10.151091946172182,218,0,468,314,0,0,0,772,recovery,397
10.162583709791337,218,0,467,315,0,0,0,772,recovery,5
10.164212604142437,217,0,468,315,0,0,0,773,infection,935
10.166235887002363,217,0,467,316,0,0,0,773,recovery,119
10.175229147142126,216,0,468,316,0,0,0,774,infection,623
10.21740737313869,215,0,469,316,0,0,0,775,infection,862
10.221647175508215,214,0,470,316,0,0,0,776,infection,605
10.22415626136737,213,0,471,316,0,0,0,777,infection,61
10.224942130143802,213,0,470,317,0,0,0,777,recovery,331
10.234358702544252,213,0,469,318,0,0,0,777,recovery,203
10.237058120694341,212,0,470,318,0,0,0,778,infection,639
10.239421151595206,212,0,469,319,0,0,0,778,recovery,151
10.250760570100566,211,0,470,319,0,0,0,779,infection,167
10.252671392909386,211,0,469,320,0,0,0,779,recovery,198
10.279814328325745,210,0,470,320,0,0,0,780,infection,315
10.281798124843917,209,0,471,320,0,0,0,781,infection,74
10.282146081420375,209,0,470,321,0,0,0,781,recovery,194
10.285098158716934,209,0,469,322,0,0,0,781,recovery,531
10.289989725044526,208,0,470,322,0,0,0,782,infection,760
10.299597267812377,208,0,469,323,0,0,0,782,recovery,906
10.307722420071935,207,0,470,323,0,0,0,783,infection,545
10.318935692608104,207,0,469,324,0,0,0,783,recovery,435
10.319444388048403,207,0,468,325,0,0,0,783,recovery,520
10.322547576804272,206,0,469,325,0,0,0,784,infection,67
10.324547049858612,205,0,470,325,0,0,0,785,infection,262
10.331932513386962,204,0,471,325,0,0,0,786,infection,220
10.33535929478542,204,0,470,326,0,0,0,786,recovery,537
10.344297058964509,204,0,469,327,0,0,0,786,recovery,672
10.353168113765566,204,0,468,328,0,0,0,786,recovery,110
10.355606151613049,203,0,469,328,0,0,0,787,infection,329
10.355860399473729,202,0,470,328,0,0,0,788,infection,970
10.35666369345881,202,0,469,329,0,0,0,788,recovery,67
10.362003019312713,201,0,470,329,0,0,0,789,infection,600
10.362849833840087,201,0,469,330,0,0,0,789,recovery,701
10.382078023037842,201,0,468,331,0,0,0,789,recovery,109
10.382672113129132,200,0,469,331,0,0,0,790,infection,449
10.388414871722397,200,0,468,332,0,0,0,790,recovery,189
10.393024908599859,200,0,467,333,0,0,0,790,recovery,124
10.395407490470175,200,0,466,334,0,0,0,790,recovery,149
10.408008740683659,199,0,467,334,0,0,0,791,infection,34
10.40855776464075,198,0,468,334,0,0,0,792,infection,82
10.411223982009787,198,0,467,335,0,0,0,792,recovery,603
10.42257499916532,197,0,468,335,0,0,0,793,infection,326
10.424147376291874,196,0,469,335,0,0,0,794,infection,458
10.432122463964784,196,0,468,336,0,0,0,794,recovery,372
10.436046924373116,195,0,469,336,0,0,0,795,infection,134
10.443770483011145,195,0,468,337,0,0,0,795,recovery,566
10.445076439175102,194,0,469,337,0,0,0,796,infection,822
10.465057378788496,193,0,470,337,0,0,0,797,infection,622
10.471206297150662,193,0,469,338,0,0,0,797,recovery,339
10.483636511229944,193,0,468,339,0,0,0,797,recovery,934
10.504597921993604,192,0,469,339,0,0,0,798,infection,364
10.51676956193487,192,0,468,340,0,0,0,798,recovery,64
10.519210594506903,192,0,467,341,0,0,0,798,recovery,647
10.529577516728247,192,0,466,342,0,0,0,798,recovery,988
10.530914030865517,192,0,465,343,0,0,0,798,recovery,715
10.535096516077353,191,0,466,343,0,0,0,799,infection,145
10.542955078636805,190,0,467,343,0,0,0,800,infection,381
10.557555660887555,189,0,468,343,0,0,0,801,infection,14
10.583360548480803,189,0,467,344,0,0,0,801,recovery,114
10.584938091562625,189,0,466,345,0,0,0,801,recovery,954
10.621172493893763,189,0,465,346,0,0,0,801,recovery,567
10.632606350642185,188,0,466,346,0,0,0,802,infection,692
10.634109420908834,187,0,467,346,0,0,0,803,infection,990
10.641489748642584,186,0,468,346,0,0,0,804,infection,328
10.643524044209226,186,0,467,347,0,0,0,804,recovery,17
10.664980800626745,186,0,466,348,0,0,0,804,recovery,258
10.673821462025076,185,0,467,348,0,0,0,805,infection,604
10.676431015488447,185,0,466,349,0,0,0,805,recovery,726
10.69009174938595,185,0,465,350,0,0,0,805,recovery,164
10.703881805505166,184,0,466,350,0,0,0,806,infection,665
10.72191971499117,183,0,467,350,0,0,0,807,infection,502
10.724083687930325,183,0,466,351,0,0,0,807,recovery,706
10.729675830978046,183,0,465,352,0,0,0,807,recovery,636
10.73225107528326,183,0,464,353,0,0,0,807,recovery,224
10.735815491656401,182,0,465,353,0,0,0,808,infection,824
10.747424952143055,182,0,464,354,0,0,0,808,recovery,513
10.753986943709867,181,0,465,354,0,0,0,809,infection,953
10.759273261642766,181,0,464,355,0,0,0,809,recovery,259
10.759843062303919,181,0,463,356,0,0,0,809,recovery,980
10.764425081366932,180,0,464,356,0,0,0,810,infection,526
10.77440013131135,179,0,465,356,0,0,0,811,infection,761
10.79515151526402,178,0,466,356,0,0,0,812,infection,310
10.797775470586656,177,0,467,356,0,0,0,813,infection,797
10.81051273143127,177,0,466,357,0,0,0,813,recovery,233
10.81377271106432,177,0,465,358,0,0,0,813,recovery,535
10.826396721673746,176,0,466,358,0,0,0,814,infection,257
10.832910431557856,176,0,465,359,0,0,0,814,recovery,481
10.835518994628867,176,0,464,360,0,0,0,814,recovery,786
10.836770996463018,175,0,465,360,0,0,0,815,infection,308
10.842685302987107,174,0,466,360,0,0,0,816,infection,130
10.843861055943602,174,0,465,361,0,0,0,816,recovery,940
10.848440111786143,174,0,464,362,0,0,0,816,recovery,369
10.84988579103573,173,0,465,362,0,0,0,817,infection,857
10.855985971468987,173,0,464,363,0,0,0,817,recovery,170
10.863353224423935,173,0,463,364,0,0,0,817,recovery,578
10.867585261306582,172,0,464,364,0,0,0,818,infection,19
10.87029510029454,172,0,463,365,0,0,0,818,recovery,475
10.8752812507415,172,0,462,366,0,0,0,818,recovery,776
10.886242153933306,172,0,461,367,0,0,0,818,recovery,292
10.897709716387814,171,0,462,367,0,0,0,819,infection,323
10.898976791324904,170,0,463,367,0,0,0,820,infection,854
10.904310235039073,170,0,462,368,0,0,0,820,recovery,320
10.90488433200691,170,0,461,369,0,0,0,820,recovery,205
10.910942951798086,170,0,460,370,0,0,0,820,recovery,477
10.912694586841983,170,0,459,371,0,0,0,820,recovery,266
10.920943435231461,170,0,458,372,0,0,0,820,recovery,559
10.922225704979013,169,0,459,372,0,0,0,821,infection,831
10.926733139132384,169,0,458,373,0,0,0,821,recovery,470
10.92957085040357,169,0,457,374,0,0,0,821,recovery,669
10.938190228217703,168,0,458,374,0,0,0,822,infection,804
10.942591298630784,167,0,459,374,0,0,0,823,infection,874
10.950717698304922,166,0,460,374,0,0,0,824,infection,910
10.975414604654926,166,0,459,375,0,0,0,824,recovery,82
10.986107148912335,165,0,460,375,0,0,0,825,infection,495
11.051670768591189,164,0,461,375,0,0,0,826,infection,25
11.05562670136703,163,0,462,375,0,0,0,827,infection,307
11.067671298089955,163,0,461,376,0,0,0,827,recovery,490
11.067807430899611,163,0,460,377,0,0,0,827,recovery,639
11.06874878790035,162,0,461,377,0,0,0,828,infection,218
11.086321105927839,161,0,462,377,0,0,0,829,infection,367
11.095340139189922,161,0,461,378,0,0,0,829,recovery,831
11.101955570139921,161,0,460,379,0,0,0,829,recovery,386
11.105737672441279,161,0,459,380,0,0,0,829,recovery,585
11.105783006811034,161,0,458,381,0,0,0,829,recovery,108
11.123012981606763,161,0,457,382,0,0,0,829,recovery,502
11.14197726920924,161,0,456,383,0,0,0,829,recovery,904
11.144663992746446,161,0,455,384,0,0,0,829,recovery,745
11.148194648514732,160,0,456,384,0,0,0,830,infection,722
11.150425135988884,159,0,457,384,0,0,0,831,infection,255
11.150457952384228,158,0,458,384,0,0,0,832,infection,317
11.152202995876314,158,0,457,385,0,0,0,832,recovery,873
11.176835445256692,158,0,456,386,0,0,0,832,recovery,400
11.1787811100178,157,0,457,386,0,0,0,833,infection,560
11.185340622123242,157,0,456,387,0,0,0,833,recovery,579
11.189474227420302,157,0,455,388,0,0,0,833,recovery,549
11.191731987894043,157,0,454,389,0,0,0,833,recovery,641
11.197391685609182,157,0,453,390,0,0,0,833,recovery,572
11.217097070961518,157,0,452,391,0,0,0,833,recovery,809
11.218485024333148,157,0,451,392,0,0,0,833,recovery,430
11.229773542956334,157,0,450,393,0,0,0,833,recovery,247
11.231094499377985,157,0,449,394,0,0,0,833,recovery,970
11.241189911653905,157,0,448,395,0,0,0,833,recovery,721
11.242569416450122,157,0,447,396,0,0,0,833,recovery,309
11.252405937756432,157,0,446,397,0,0,0,833,recovery,505
11.258002452429366,157,0,445,398,0,0,0,833,recovery,558
11.283103210898279,156,0,446,398,0,0,0,834,infection,952
11.288438380105013,156,0,445,399,0,0,0,834,recovery,640
11.290896664440302,155,0,446,399,0,0,0,835,infection,185
11.29140661975831,154,0,447,399,0,0,0,836,infection,272
11.300086109753343,154,0,446,400,0,0,0,836,recovery,907
11.324444106682051,154,0,445,401,0,0,0,836,recovery,359
11.329113981204753,154,0,444,402,0,0,0,836,recovery,134
11.334382731783014,154,0,443,403,0,0,0,836,recovery,46
11.34916724509971,154,0,442,404,0,0,0,836,recovery,877
11.34948780340202,154,0,441,405,0,0,0,836,recovery,546
11.349557012209846,153,0,442,405,0,0,0,837,infection,982
11.369068573522286,153,0,441,406,0,0,0,837,recovery,80
11.370126781628844,152,0,442,406,0,0,0,838,infection,777
11.378228107090077,151,0,443,406,0,0,0,839,infection,228
11.3881371755077,150,0,444,406,0,0,0,840,infection,920
11.390466637553816,150,0,443,407,0,0,0,840,recovery,197
11.395017145443362,149,0,444,407,0,0,0,841,infection,152
11.402521575029239,148,0,445,407,0,0,0,842,infection,300
11.414779570332575,147,0,446,407,0,0,0,843,infection,81
11.416791925202979,146,0,447,407,0,0,0,844,infection,483
11.418940291335598,146,0,446,408,0,0,0,844,recovery,582
11.422290977255331,146,0,445,409,0,0,0,844,recovery,807
11.426192704976614,146,0,444,410,0,0,0,844,recovery,580
11.437907978352223,146,0,443,411,0,0,0,844,recovery,591
11.455134155318232,145,0,444,411,0,0,0,845,infection,624
11.476159500162662,145,0,443,412,0,0,0,845,recovery,973
11.484728565311123,145,0,442,413,0,0,0,845,recovery,73
11.496704405362129,144,0,443,413,0,0,0,846,infection,13
11.504719807085305,143,0,444,413,0,0,0,847,infection,593
11.510100397110794,142,0,445,413,0,0,0,848,infection,986
11.516915787978268,141,0,446,413,0,0,0,849,infection,784
11.542373349642059,141,0,445,414,0,0,0,849,recovery,100
11.546021133127269,140,0,446,414,0,0,0,850,infection,733
11.556740816307324,139,0,447,414,0,0,0,851,infection,482
11.56504797867128,138,0,448,414,0,0,0,852,infection,463
11.579107343223136,138,0,447,415,0,0,0,852,recovery,130
11.58288857122132,137,0,448,415,0,0,0,853,infection,923
11.585926558730614,136,0,449,415,0,0,0,854,infection,876
11.599801914634345,135,0,450,415,0,0,0,855,infection,611
11.601313577239683,135,0,449,416,0,0,0,855,recovery,447
11.601466618135241,134,0,450,416,0,0,0,856,infection,40
11.602005305908461,134,0,449,417,0,0,0,856,recovery,480
11.606362254080413,134,0,448,418,0,0,0,856,recovery,645
11.621424939168257,134,0,447,419,0,0,0,856,recovery,605
11.624352393222635,134,0,446,420,0,0,0,856,recovery,452
11.636432686655699,133,0,447,420,0,0,0,857,infection,172
11.647674479223458,132,0,448,420,0,0,0,858,infection,159
11.66703473576567,131,0,449,420,0,0,0,859,infection,803
11.673817264509513,130,0,450,420,0,0,0,860,infection,530
11.677193981083686,130,0,449,421,0,0,0,860,recovery,917
11.681264095316,130,0,448,422,0,0,0,860,recovery,310
11.692187247814596,129,0,449,422,0,0,0,861,infection,388
11.700332432022172,129,0,448,423,0,0,0,861,recovery,49
11.707180007522188,128,0,449,423,0,0,0,862,infection,522
11.708395157698106,127,0,450,423,0,0,0,863,infection,305
11.71533657153131,126,0,451,423,0,0,0,864,infection,887
11.719083885987152,125,0,452,423,0,0,0,865,infection,937
11.719672193549233,125,0,451,424,0,0,0,865,recovery,898
11.721218729178709,125,0,450,425,0,0,0,865,recovery,504
11.7230021221393,125,0,449,426,0,0,0,865,recovery,769
11.729370408460186,125,0,448,427,0,0,0,865,recovery,925
11.73299342239694,124,0,449,427,0,0,0,866,infection,459
11.75580218391704,124,0,448,428,0,0,0,866,recovery,601
11.765023547155607,124,0,447,429,0,0,0,866,recovery,255
11.766089014021496,123,0,448,429,0,0,0,867,infection,492
11.791596986413028,123,0,447,430,0,0,0,867,recovery,624
11.792579433780709,122,0,448,430,0,0,0,868,infection,278
11.823829512239588,121,0,449,430,0,0,0,869,infection,893
11.871780813678736,120,0,450,430,0,0,0,870,infection,291
11.882432637123966,120,0,449,431,0,0,0,870,recovery,40
11.89637405947223,120,0,448,432,0,0,0,870,recovery,150
11.90918364926475,120,0,447,433,0,0,0,870,recovery,366
11.909384172067963,119,0,448,433,0,0,0,871,infection,240
11.916127841592818,118,0,449,433,0,0,0,872,infection,631
11.91882241714836,117,0,450,433,0,0,0,873,infection,839
11.937955289289592,117,0,449,434,0,0,0,873,recovery,231
11.946572295540689,117,0,448,435,0,0,0,873,recovery,781
11.968000894262051,117,0,447,436,0,0,0,873,recovery,340
11.974050964766514,117,0,446,437,0,0,0,873,recovery,225
11.989602725064891,117,0,445,438,0,0,0,873,recovery,655
12.000027320076228,116,0,446,438,0,0,0,874,infection,245
12.001876912316646,115,0,447,438,0,0,0,875,infection,949
12.023264841156927,115,0,446,439,0,0,0,875,recovery,797
12.061242421526202,114,0,447,439,0,0,0,876,infection,296
12.071326327364469,114,0,446,440,0,0,0,876,recovery,219
12.072676973806887,114,0,445,441,0,0,0,876,recovery,924
12.077746857851944,113,0,446,441,0,0,0,877,infection,156
12.082955016840353,113,0,445,442,0,0,0,877,recovery,757
12.089438330703304,112,0,446,442,0,0,0,878,infection,143
12.101152098712209,112,0,445,443,0,0,0,878,recovery,271
12.148836551563669,111,0,446,443,0,0,0,879,infection,177
12.149470817065112,110,0,447,443,0,0,0,880,infection,950
12.151631483895287,110,0,446,444,0,0,0,880,recovery,450
12.152562400316615,110,0,445,445,0,0,0,880,recovery,737
12.154206711782042,110,0,444,446,0,0,0,880,recovery,852
12.160860645346297,110,0,443,447,0,0,0,880,recovery,54
12.166096295739104,110,0,442,448,0,0,0,880,recovery,950
12.180674483513794,110,0,441,449,0,0,0,880,recovery,102
12.182800347430463,109,0,442,449,0,0,0,881,infection,270
12.191958961865058,109,0,441,450,0,0,0,881,recovery,115
12.216050294389138,109,0,440,451,0,0,0,881,recovery,222
12.222521416871993,109,0,439,452,0,0,0,881,recovery,174
12.245796222025202,109,0,438,453,0,0,0,881,recovery,180
12.248958946720416,109,0,437,454,0,0,0,881,recovery,220
12.259882253754176,108,0,438,454,0,0,0,882,infection,900
12.281792238377427,108,0,437,455,0,0,0,882,recovery,104
12.284762814024537,107,0,438,455,0,0,0,883,infection,464
12.288652014734451,107,0,437,456,0,0,0,883,recovery,993
12.289818113536498,106,0,438,456,0,0,0,884,infection,564
12.292603520860485,106,0,437,457,0,0,0,884,recovery,632
12.315129654151574,106,0,436,458,0,0,0,884,recovery,296
12.31626925438911,106,0,435,459,0,0,0,884,recovery,141
12.3216072712327,106,0,434,460,0,0,0,884,recovery,423
12.329693257103777,105,0,435,460,0,0,0,885,infection,690
12.332509012323342,105,0,434,461,0,0,0,885,recovery,692
12.354098078479353,105,0,433,462,0,0,0,885,recovery,705
12.354723526489977,105,0,432,463,0,0,0,885,recovery,929
12.366060877726975,104,0,433,463,0,0,0,886,infection,230
12.408163827183072,104,0,432,464,0,0,0,886,recovery,887
12.42486813868921,104,0,431,465,0,0,0,886,recovery,137
12.428907551216442,103,0,432,465,0,0,0,887,infection,610
12.42905430245737,103,0,431,466,0,0,0,887,recovery,154
12.449028400152207,102,0,432,466,0,0,0,888,infection,519
12.499591512832325,101,0,433,466,0,0,0,889,infection,708
12.504799927824013,101,0,432,467,0,0,0,889,recovery,619
12.505071874547543,101,0,431,468,0,0,0,889,recovery,611
12.529420529749176,101,0,430,469,0,0,0,889,recovery,642
12.53029565507362,101,0,429,470,0,0,0,889,recovery,464
12.531476054695698,101,0,428,471,0,0,0,889,recovery,959
12.545938501169198,100,0,429,471,0,0,0,890,infection,608
12.553430936482716,100,0,428,472,0,0,0,890,recovery,419
12.579658624452449,99,0,429,472,0,0,0,891,infection,694
12.586033498226229,98,0,430,472,0,0,0,892,infection,586
12.626047595275804,98,0,429,473,0,0,0,892,recovery,734
12.691553317185623,98,0,428,474,0,0,0,892,recovery,133
12.704436250778938,97,0,429,474,0,0,0,893,infection,321
12.714068329435692,97,0,428,475,0,0,0,893,recovery,777
12.725920113352279,97,0,427,476,0,0,0,893,recovery,577
12.72834262464287,96,0,428,476,0,0,0,894,infection,719
12.744031467569231,95,0,429,476,0,0,0,895,infection,195
12.75372932323118,94,0,430,476,0,0,0,896,infection,779
12.75543838104618,94,0,429,477,0,0,0,896,recovery,850
12.781712164161307,94,0,428,478,0,0,0,896,recovery,594
12.786858394172995,93,0,429,478,0,0,0,897,infection,344
12.791846979506715,93,0,428,479,0,0,0,897,recovery,293
12.794377136733063,93,0,427,480,0,0,0,897,recovery,990
12.797539399171612,93,0,426,481,0,0,0,897,recovery,787
12.797847554596345,93,0,425,482,0,0,0,897,recovery,738
12.80063562125017,92,0,426,482,0,0,0,898,infection,414
12.802413832999768,91,0,427,482,0,0,0,899,infection,162
12.822323754778026,91,0,426,483,0,0,0,899,recovery,835
12.828306039516018,91,0,425,484,0,0,0,899,recovery,890
12.837893720042015,91,0,424,485,0,0,0,899,recovery,403
12.851605440745312,90,0,425,485,0,0,0,900,infection,265
12.856043763070346,90,0,424,486,0,0,0,900,recovery,968
12.866595160680507,90,0,423,487,0,0,0,900,recovery,360
12.867160312139967,90,0,422,488,0,0,0,900,recovery,752
12.868044192138903,90,0,421,489,0,0,0,900,recovery,885
12.86887943969076,90,0,420,490,0,0,0,900,recovery,748
12.875384780662124,90,0,419,491,0,0,0,900,recovery,638
12.89447270732854,90,0,418,492,0,0,0,900,recovery,297
12.937658284564973,90,0,417,493,0,0,0,900,recovery,514
12.957854940060624,90,0,416,494,0,0,0,900,recovery,458
12.95831892660936,89,0,417,494,0,0,0,901,infection,969
12.968524135632087,88,0,418,494,0,0,0,902,infection,368
12.980919660251574,88,0,417,495,0,0,0,902,recovery,939
12.981800221916025,88,0,416,496,0,0,0,902,recovery,269
12.986723308262032,87,0,417,496,0,0,0,903,infection,938
13.03065752659569,86,0,418,496,0,0,0,904,infection,398
13.037870019714553,86,0,417,497,0,0,0,904,recovery,446
13.046715661411296,85,0,418,497,0,0,0,905,infection,750
13.065163619672793,85,0,417,498,0,0,0,905,recovery,353
13.089733328956292,84,0,418,498,0,0,0,906,infection,393
13.095729044493496,83,0,419,498,0,0,0,907,infection,728
13.096377532706022,83,0,418,499,0,0,0,907,recovery,212
13.10751890437481,83,0,417,500,0,0,0,907,recovery,394
13.110760097179345,83,0,416,501,0,0,0,907,recovery,411
13.114544151609055,83,0,415,502,0,0,0,907,recovery,393
13.147650200183602,83,0,414,503,0,0,0,907,recovery,368
13.14925047421584,83,0,413,504,0,0,0,907,recovery,930
13.14987484527988,83,0,412,505,0,0,0,907,recovery,321
13.15073965894597,83,0,411,506,0,0,0,907,recovery,131
13.17062477713592,82,0,412,506,0,0,0,908,infection,72
13.183887446176243,82,0,411,507,0,0,0,908,recovery,471
13.187947988161188,82,0,410,508,0,0,0,908,recovery,30
13.198981336586774,82,0,409,509,0,0,0,908,recovery,716
13.199205253717428,82,0,408,510,0,0,0,908,recovery,785
13.203302569296348,81,0,409,510,0,0,0,909,infection,790
13.242830692927917,80,0,410,510,0,0,0,910,infection,236
13.283279531890603,80,0,409,511,0,0,0,910,recovery,148
13.312258766231736,80,0,408,512,0,0,0,910,recovery,484
13.313211950106655,80,0,407,513,0,0,0,910,recovery,819
13.357199901895761,80,0,406,514,0,0,0,910,recovery,652
13.37357645002276,79,0,407,514,0,0,0,911,infection,256
13.384743440969178,79,0,406,515,0,0,0,911,recovery,324
13.393244618597286,79,0,405,516,0,0,0,911,recovery,19
13.398709555284395,78,0,406,516,0,0,0,912,infection,83
13.401490067292361,78,0,405,517,0,0,0,912,recovery,824
13.41001970968184,78,0,404,518,0,0,0,912,recovery,920
13.416745266843167,77,0,405,518,0,0,0,913,infection,69
13.432675671190037,76,0,406,518,0,0,0,914,infection,251
13.455859522412013,76,0,405,519,0,0,0,914,recovery,213
13.466124206621107,76,0,404,520,0,0,0,914,recovery,116
13.4767129750397,75,0,405,520,0,0,0,915,infection,859
13.483502194222904,75,0,404,521,0,0,0,915,recovery,561
13.501075281204196,74,0,405,521,0,0,0,916,infection,775
13.536834199900577,74,0,404,522,0,0,0,916,recovery,957
13.548999485373203,73,0,405,522,0,0,0,917,infection,896
13.5739108568514,72,0,406,522,0,0,0,918,infection,417
13.57552572849125,71,0,407,522,0,0,0,919,infection,942
13.595478909574936,71,0,406,523,0,0,0,919,recovery,479
13.598745567446478,71,0,405,524,0,0,0,919,recovery,344
13.669062498338928,70,0,406,524,0,0,0,920,infection,983
13.677520125151998,70,0,405,525,0,0,0,920,recovery,61
13.699837100628189,69,0,406,525,0,0,0,921,infection,691
13.704309952259933,69,0,405,526,0,0,0,921,recovery,709
13.71759971477799,69,0,404,527,0,0,0,921,recovery,69
13.718392352897467,69,0,403,528,0,0,0,921,recovery,836
13.723139159475648,68,0,404,528,0,0,0,922,infection,903
13.725425930572001,68,0,403,529,0,0,0,922,recovery,595
13.754482094618504,68,0,402,530,0,0,0,922,recovery,741
13.760700841452138,68,0,401,531,0,0,0,922,recovery,121
13.76909689688328,67,0,402,531,0,0,0,923,infection,294
13.771841630148675,66,0,403,531,0,0,0,924,infection,977
13.773739212215325,66,0,402,532,0,0,0,924,recovery,274
13.78096718836181,66,0,401,533,0,0,0,924,recovery,390
13.789732281369039,65,0,402,533,0,0,0,925,infection,342
13.805331663373394,65,0,401,534,0,0,0,925,recovery,923
13.818064095622091,65,0,400,535,0,0,0,925,recovery,660
13.820273336460238,65,0,399,536,0,0,0,925,recovery,691
13.834529628703725,65,0,398,537,0,0,0,925,recovery,414
13.836400225105958,65,0,397,538,0,0,0,925,recovery,727
13.84663219212933,65,0,396,539,0,0,0,925,recovery,342
13.86440122304236,65,0,395,540,0,0,0,925,recovery,341
13.877439220428347,65,0,394,541,0,0,0,925,recovery,313
13.895973328466367,65,0,393,542,0,0,0,925,recovery,564
13.924252279875557,64,0,394,542,0,0,0,926,infection,16
13.92512833983994,64,0,393,543,0,0,0,926,recovery,793
13.943456782010426,64,0,392,544,0,0,0,926,recovery,794
13.957000980049663,63,0,393,544,0,0,0,927,infection,979
13.964341759727997,63,0,392,545,0,0,0,927,recovery,587
13.973160922671015,63,0,391,546,0,0,0,927,recovery,893
13.995160879355122,63,0,390,547,0,0,0,927,recovery,851
13.995783127840575,63,0,389,548,0,0,0,927,recovery,905
14.000593728340862,63,0,388,549,0,0,0,927,recovery,510
14.010361539085313,63,0,387,550,0,0,0,927,recovery,832
14.01531043887791,63,0,386,551,0,0,0,927,recovery,865
14.016658275986192,63,0,385,552,0,0,0,927,recovery,363
14.04658118516061,63,0,384,553,0,0,0,927,recovery,977
14.095426385152496,63,0,383,554,0,0,0,927,recovery,221
14.100749439824146,63,0,382,555,0,0,0,927,recovery,962
14.106731070493579,62,0,383,555,0,0,0,928,infection,277
14.152596348909821,62,0,382,556,0,0,0,928,recovery,245
14.161265260136862,62,0,381,557,0,0,0,928,recovery,533
14.180443945070925,62,0,380,558,0,0,0,928,recovery,863
14.201588984477024,61,0,381,558,0,0,0,929,infection,499
14.240820108810057,61,0,380,559,0,0,0,929,recovery,143
14.27071377765561,61,0,379,560,0,0,0,929,recovery,521
14.272664884265055,61,0,378,561,0,0,0,929,recovery,829
14.283319213089053,60,0,379,561,0,0,0,930,infection,693
14.295779931312723,60,0,378,562,0,0,0,930,recovery,47
14.301143682551647,60,0,377,563,0,0,0,930,recovery,969
14.305619801077025,60,0,376,564,0,0,0,930,recovery,404
14.306327670077907,60,0,375,565,0,0,0,930,recovery,417
14.309754460539255,60,0,374,566,0,0,0,930,recovery,987
14.319102081060093,60,0,373,567,0,0,0,930,recovery,88
14.324460196734634,60,0,372,568,0,0,0,930,recovery,217
14.34055538078806,60,0,371,569,0,0,0,930,recovery,264
14.382388044072583,60,0,370,570,0,0,0,930,recovery,272
14.393322706409347,60,0,369,571,0,0,0,930,recovery,630
14.407187351441388,60,0,368,572,0,0,0,930,recovery,135
14.413349518592746,60,0,367,573,0,0,0,930,recovery,328
14.421270784390845,60,0,366,574,0,0,0,930,recovery,728
14.434954956343574,59,0,367,574,0,0,0,931,infection,516
14.43947849181914,59,0,366,575,0,0,0,931,recovery,385
14.453151683705602,59,0,365,576,0,0,0,931,recovery,522
14.459727444280809,58,0,366,576,0,0,0,932,infection,290
14.461451202752105,58,0,365,577,0,0,0,932,recovery,766
14.46609386046233,58,0,364,578,0,0,0,932,recovery,95
14.469002817663327,58,0,363,579,0,0,0,932,recovery,348
14.47859852830749,58,0,362,580,0,0,0,932,recovery,138
14.493841060659046,58,0,361,581,0,0,0,932,recovery,37
14.496530289390181,58,0,360,582,0,0,0,932,recovery,351
14.498610815418813,58,0,359,583,0,0,0,932,recovery,650
14.52164183705341,58,0,358,584,0,0,0,932,recovery,20
14.525093398978271,58,0,357,585,0,0,0,932,recovery,767
14.54473744394571,58,0,356,586,0,0,0,932,recovery,740
14.554663089181453,58,0,355,587,0,0,0,932,recovery,332
14.558638234817025,58,0,354,588,0,0,0,932,recovery,491
14.563247447160798,58,0,353,589,0,0,0,932,recovery,840
14.599029291368826,58,0,352,590,0,0,0,932,recovery,207
14.601017137148606,58,0,351,591,0,0,0,932,recovery,364
14.6050211447799,57,0,352,591,0,0,0,933,infection,956
14.611503463294701,57,0,351,592,0,0,0,933,recovery,230
14.62170723666107,57,0,350,593,0,0,0,933,recovery,602
14.628153878631736,57,0,349,594,0,0,0,933,recovery,495
14.644062044571584,57,0,348,595,0,0,0,933,recovery,156
14.645273886233685,57,0,347,596,0,0,0,933,recovery,425
14.657217412800517,57,0,346,597,0,0,0,933,recovery,857
14.657286625524424,57,0,345,598,0,0,0,933,recovery,409
14.66690149182352,57,0,344,599,0,0,0,933,recovery,103
14.668530815268662,56,0,345,599,0,0,0,934,infection,93
14.672917068905917,56,0,344,600,0,0,0,934,recovery,621
14.697981513667086,55,0,345,600,0,0,0,935,infection,370
14.718036724588494,55,0,344,601,0,0,0,935,recovery,474
14.721173368247516,55,0,343,602,0,0,0,935,recovery,182
14.721663514383799,55,0,342,603,0,0,0,935,recovery,278
14.724034262925453,55,0,341,604,0,0,0,935,recovery,287
14.727961195486504,55,0,340,605,0,0,0,935,recovery,682
14.73586485968367,55,0,339,606,0,0,0,935,recovery,897
14.755851061824808,54,0,340,606,0,0,0,936,infection,922
14.788566869591849,54,0,339,607,0,0,0,936,recovery,708
14.798184256404474,54,0,338,608,0,0,0,936,recovery,983
14.808522405508336,54,0,337,609,0,0,0,936,recovery,955
14.810399487287814,54,0,336,610,0,0,0,936,recovery,858
14.825923943106133,54,0,335,611,0,0,0,936,recovery,665
14.83679652249639,54,0,334,612,0,0,0,936,recovery,609
14.838318309703448,53,0,335,612,0,0,0,937,infection,617
14.853249122029526,53,0,334,613,0,0,0,937,recovery,675
14.860116990660341,53,0,333,614,0,0,0,937,recovery,937
14.87626401681673,53,0,332,615,0,0,0,937,recovery,695
14.880592088542329,53,0,331,616,0,0,0,937,recovery,92
14.90296863477165,53,0,330,617,0,0,0,937,recovery,817
14.9288994935655,53,0,329,618,0,0,0,937,recovery,303
14.931810915852449,53,0,328,619,0,0,0,937,recovery,670
14.981660918677788,53,0,327,620,0,0,0,937,recovery,210
15.003145261437739,52,0,328,620,0,0,0,938,infection,989
15.003392615385168,52,0,327,621,0,0,0,938,recovery,161
15.008270430970155,52,0,326,622,0,0,0,938,recovery,228
15.03733466800108,51,0,327,622,0,0,0,939,infection,754
15.054178625702823,51,0,326,623,0,0,0,939,recovery,240
15.056767040100796,51,0,325,624,0,0,0,939,recovery,16
15.10855422114258,51,0,324,625,0,0,0,939,recovery,948
15.12117334235553,51,0,323,626,0,0,0,939,recovery,750
15.12501569382462,51,0,322,627,0,0,0,939,recovery,593
15.13049645928892,51,0,321,628,0,0,0,939,recovery,232
15.13582266904751,51,0,320,629,0,0,0,939,recovery,333
15.156982758744926,51,0,319,630,0,0,0,939,recovery,183
15.162073914051259,51,0,318,631,0,0,0,939,recovery,761
15.217964195045896,51,0,317,632,0,0,0,939,recovery,162
15.22390979103626,51,0,316,633,0,0,0,939,recovery,494
15.233957453256966,51,0,315,634,0,0,0,939,recovery,827
15.239778035798363,51,0,314,635,0,0,0,939,recovery,354
15.240844902164557,51,0,313,636,0,0,0,939,recovery,442
15.273374917524318,50,0,314,636,0,0,0,940,infection,10
15.299336064476046,50,0,313,637,0,0,0,940,recovery,710
15.315880659608158,50,0,312,638,0,0,0,940,recovery,530
15.320280581382725,50,0,311,639,0,0,0,940,recovery,377
15.338099246418007,49,0,312,639,0,0,0,941,infection,679
15.338268665951214,48,0,313,639,0,0,0,942,infection,800
15.346919988189821,48,0,312,640,0,0,0,942,recovery,704
15.451760837042045,48,0,311,641,0,0,0,942,recovery,733
15.47460698427133,48,0,310,642,0,0,0,942,recovery,395
15.50948286826679,48,0,309,643,0,0,0,942,recovery,883
15.510600896505002,48,0,308,644,0,0,0,942,recovery,83
15.512833731084282,47,0,309,644,0,0,0,943,infection,295
15.514645806966177,47,0,308,645,0,0,0,943,recovery,370
15.53339061570344,47,0,307,646,0,0,0,943,recovery,171
15.538751863042975,47,0,306,647,0,0,0,943,recovery,820
15.580797975366053,47,0,305,648,0,0,0,943,recovery,325
15.597768554706036,47,0,304,649,0,0,0,943,recovery,289
15.637036575996813,47,0,303,650,0,0,0,943,recovery,896
15.645249897089084,47,0,302,651,0,0,0,943,recovery,555
15.650602988342058,47,0,301,652,0,0,0,943,recovery,265
15.654522424653761,47,0,300,653,0,0,0,943,recovery,407
15.655084412569382,46,0,301,653,0,0,0,944,infection,418
15.671415953718963,46,0,300,654,0,0,0,944,recovery,89
15.69772089618454,46,0,299,655,0,0,0,944,recovery,861
15.732736824578943,46,0,298,656,0,0,0,944,recovery,34
15.737325262316181,46,0,297,657,0,0,0,944,recovery,107
15.742085059538864,46,0,296,658,0,0,0,944,recovery,643
15.74700179412151,46,0,295,659,0,0,0,944,recovery,478
15.771488535253226,46,0,294,660,0,0,0,944,recovery,375
15.77870963567721,46,0,293,661,0,0,0,944,recovery,18
15.799949367284478,45,0,294,661,0,0,0,945,infection,299
15.821241690699056,45,0,293,662,0,0,0,945,recovery,631
15.890614393767667,45,0,292,663,0,0,0,945,recovery,649
15.890657241024735,45,0,291,664,0,0,0,945,recovery,942
15.893626068543545,45,0,290,665,0,0,0,945,recovery,317
15.896798874973172,45,0,289,666,0,0,0,945,recovery,526
15.93769468557843,44,0,290,666,0,0,0,946,infection,444
15.937700902169555,44,0,289,667,0,0,0,946,recovery,754
15.945544047269383,44,0,288,668,0,0,0,946,recovery,401
15.973326062697002,44,0,287,669,0,0,0,946,recovery,664
16.002127406935593,43,0,288,669,0,0,0,947,infection,933
16.005736677020547,43,0,287,670,0,0,0,947,recovery,673
16.008968711481472,43,0,286,671,0,0,0,947,recovery,936
16.039617522400857,43,0,285,672,0,0,0,947,recovery,938
16.05287090134755,43,0,284,673,0,0,0,947,recovery,876
16.061004445843324,42,0,285,673,0,0,0,948,infection,717
16.0738069183707,42,0,284,674,0,0,0,948,recovery,14
16.095920480212893,42,0,283,675,0,0,0,948,recovery,782
16.096965120998927,42,0,282,676,0,0,0,948,recovery,244
16.097540961692456,41,0,283,676,0,0,0,949,infection,592
16.141598578786287,41,0,282,677,0,0,0,949,recovery,935
16.18357064455183,41,0,281,678,0,0,0,949,recovery,684
16.191954662920068,41,0,280,679,0,0,0,949,recovery,120
16.258017440724345,41,0,279,680,0,0,0,949,recovery,94
16.261024383096824,41,0,278,681,0,0,0,949,recovery,319
16.264258014842756,41,0,277,682,0,0,0,949,recovery,790
16.31845918546546,41,0,276,683,0,0,0,949,recovery,813
16.326102048403893,41,0,275,684,0,0,0,949,recovery,439
16.331233123608033,41,0,274,685,0,0,0,949,recovery,956
16.35060054979437,40,0,275,685,0,0,0,950,infection,517
16.354987768607717,40,0,274,686,0,0,0,950,recovery,290
16.372182881617434,39,0,275,686,0,0,0,951,infection,129
16.377320262612013,39,0,274,687,0,0,0,951,recovery,822
16.378965431011316,39,0,273,688,0,0,0,951,recovery,483
16.492351929650646,39,0,272,689,0,0,0,951,recovery,841
16.51467138790663,39,0,271,690,0,0,0,951,recovery,323
16.55316002552068,38,0,272,690,0,0,0,952,infection,192
16.559973079171755,38,0,271,691,0,0,0,952,recovery,218
16.570130848305524,38,0,270,692,0,0,0,952,recovery,22
16.592665389956494,37,0,271,692,0,0,0,953,infection,774
16.625377415440102,37,0,270,693,0,0,0,953,recovery,596
16.63842638517015,37,0,269,694,0,0,0,953,recovery,687
16.657800914090668,37,0,268,695,0,0,0,953,recovery,454
16.676361987180947,37,0,267,696,0,0,0,953,recovery,201
16.68803904112101,37,0,266,697,0,0,0,953,recovery,600
16.75388870191057,37,0,265,698,0,0,0,953,recovery,608
16.796300378202158,37,0,264,699,0,0,0,953,recovery,735
16.797367617064758,37,0,263,700,0,0,0,953,recovery,75
16.797808065278865,37,0,262,701,0,0,0,953,recovery,944
16.803391412785448,37,0,261,702,0,0,0,953,recovery,892
16.83472998404571,37,0,260,703,0,0,0,953,recovery,200
16.842691566872787,37,0,259,704,0,0,0,953,recovery,951
16.848318868604185,37,0,258,705,0,0,0,953,recovery,622
16.871604330638764,36,0,259,705,0,0,0,954,infection,792
16.89123587310242,36,0,258,706,0,0,0,954,recovery,690
16.915387699494126,36,0,257,707,0,0,0,954,recovery,429
16.918843524009255,36,0,256,708,0,0,0,954,recovery,459
16.944978893437614,36,0,255,709,0,0,0,954,recovery,703
17.00793808999789,36,0,254,710,0,0,0,954,recovery,25
17.011203128208102,36,0,253,711,0,0,0,954,recovery,396
17.048724020319806,36,0,252,712,0,0,0,954,recovery,604
17.05569713196446,35,0,253,712,0,0,0,955,infection,246
17.075779681859807,35,0,252,713,0,0,0,955,recovery,152
17.09722170098739,35,0,251,714,0,0,0,955,recovery,428
17.101260037956983,35,0,250,715,0,0,0,955,recovery,847
17.105421444042207,35,0,249,716,0,0,0,955,recovery,805
17.10964439168423,35,0,248,717,0,0,0,955,recovery,971
17.15403848959833,35,0,247,718,0,0,0,955,recovery,192
17.194176088057148,35,0,246,719,0,0,0,955,recovery,795
17.239100745749973,35,0,245,720,0,0,0,955,recovery,845
17.24890769426213,35,0,244,721,0,0,0,955,recovery,118
17.260348722685706,35,0,243,722,0,0,0,955,recovery,72
17.324713379231724,35,0,242,723,0,0,0,955,recovery,839
17.334858143307116,35,0,241,724,0,0,0,955,recovery,928
17.335778173399454,35,0,240,725,0,0,0,955,recovery,78
17.349531316380677,35,0,239,726,0,0,0,955,recovery,7
17.36243216182939,35,0,238,727,0,0,0,955,recovery,304
17.380117392772803,35,0,237,728,0,0,0,955,recovery,908
17.391415623426514,34,0,238,728,0,0,0,956,infection,588
17.483105369170616,34,0,237,729,0,0,0,956,recovery,418
17.494252333591625,33,0,238,729,0,0,0,957,infection,85
17.51294573477491,33,0,237,730,0,0,0,957,recovery,223
17.55185832307884,33,0,236,731,0,0,0,957,recovery,249
17.556362192512395,33,0,235,732,0,0,0,957,recovery,191
17.567543064149366,32,0,236,732,0,0,0,958,infection,895
17.617384093848024,32,0,235,733,0,0,0,958,recovery,814
17.623410522230486,32,0,234,734,0,0,0,958,recovery,516
17.640471690179588,32,0,233,735,0,0,0,958,recovery,742
17.656115858418687,32,0,232,736,0,0,0,958,recovery,299
17.728260918592103,32,0,231,737,0,0,0,958,recovery,153
17.746557166929822,32,0,230,738,0,0,0,958,recovery,854
17.76143995212695,31,0,231,738,0,0,0,959,infection,899
17.774065166102353,31,0,230,739,0,0,0,959,recovery,277
17.782555813483814,31,0,229,740,0,0,0,959,recovery,195
17.788872130599326,31,0,228,741,0,0,0,959,recovery,932
17.789871539388898,31,0,227,742,0,0,0,959,recovery,270
17.85700005807226,31,0,226,743,0,0,0,959,recovery,911
17.90900105522732,30,0,227,743,0,0,0,960,infection,808
17.923961375301666,30,0,226,744,0,0,0,960,recovery,620
17.954665843622333,30,0,225,745,0,0,0,960,recovery,760
17.988092806203575,30,0,224,746,0,0,0,960,recovery,85
17.99131764043767,30,0,223,747,0,0,0,960,recovery,188
17.992571979662625,30,0,222,748,0,0,0,960,recovery,523
18.001924705142137,30,0,221,749,0,0,0,960,recovery,53
18.03767762078067,30,0,220,750,0,0,0,960,recovery,536
18.061519522033773,30,0,219,751,0,0,0,960,recovery,499
18.07477203927133,30,0,218,752,0,0,0,960,recovery,724
18.13463540167266,30,0,217,753,0,0,0,960,recovery,38
18.197195439914303,30,0,216,754,0,0,0,960,recovery,654
18.197851255522817,30,0,215,755,0,0,0,960,recovery,261
18.211002882018185,30,0,214,756,0,0,0,960,recovery,449
18.212104218911772,29,0,215,756,0,0,0,961,infection,823
18.220610742421247,28,0,216,756,0,0,0,962,infection,106
18.247748694750918,28,0,215,757,0,0,0,962,recovery,41
18.248007610223485,28,0,214,758,0,0,0,962,recovery,52
18.278662158276706,27,0,215,758,0,0,0,963,infection,541
18.39031933364397,27,0,214,759,0,0,0,963,recovery,933
18.390763344247475,27,0,213,760,0,0,0,963,recovery,659
18.398883596335303,27,0,212,761,0,0,0,963,recovery,142
18.436853432871892,27,0,211,762,0,0,0,963,recovery,226
18.469910282074522,27,0,210,763,0,0,0,963,recovery,901
18.50596943483242,27,0,209,764,0,0,0,963,recovery,438
18.525126538793227,27,0,208,765,0,0,0,963,recovery,607
18.555933672650173,27,0,207,766,0,0,0,963,recovery,4
18.573839510097564,27,0,206,767,0,0,0,963,recovery,563
18.677607612379376,27,0,205,768,0,0,0,963,recovery,889
18.733787656820926,27,0,204,769,0,0,0,963,recovery,653
18.766755257958284,27,0,203,770,0,0,0,963,recovery,586
18.809152020161115,27,0,202,771,0,0,0,963,recovery,275
18.81344915543373,27,0,201,772,0,0,0,963,recovery,914
18.909571272906124,27,0,200,773,0,0,0,963,recovery,215
18.910211453453122,27,0,199,774,0,0,0,963,recovery,388
18.947143699258618,27,0,198,775,0,0,0,963,recovery,185
18.96015895470094,27,0,197,776,0,0,0,963,recovery,282
19.002613934828638,27,0,196,777,0,0,0,963,recovery,343
19.047175169791124,27,0,195,778,0,0,0,963,recovery,175
19.050589491065196,27,0,194,779,0,0,0,963,recovery,894
19.08080670440844,27,0,193,780,0,0,0,963,recovery,111
19.10779295654875,27,0,192,781,0,0,0,963,recovery,945
19.11551473913248,27,0,191,782,0,0,0,963,recovery,815
19.1278748635146,27,0,190,783,0,0,0,963,recovery,833
19.133293447337085,27,0,189,784,0,0,0,963,recovery,903
19.158821348191225,27,0,188,785,0,0,0,963,recovery,482
19.16050254394772,26,0,189,785,0,0,0,964,infection,568
19.237177389722873,25,0,190,785,0,0,0,965,infection,984
19.240313533436098,25,0,189,786,0,0,0,965,recovery,922
19.261446902924277,25,0,188,787,0,0,0,965,recovery,326
19.336567830361272,24,0,189,787,0,0,0,966,infection,312
19.373340153740223,24,0,188,788,0,0,0,966,recovery,431
19.410365108455892,24,0,187,789,0,0,0,966,recovery,169
19.415849713245446,24,0,186,790,0,0,0,966,recovery,550
19.442248289934525,24,0,185,791,0,0,0,966,recovery,774
19.460811186286993,24,0,184,792,0,0,0,966,recovery,788
19.534625994460253,24,0,183,793,0,0,0,966,recovery,31
19.545614965770866,24,0,182,794,0,0,0,966,recovery,557
19.55496389413343,24,0,181,795,0,0,0,966,recovery,915
19.574977845394443,24,0,180,796,0,0,0,966,recovery,93
19.596274574905554,24,0,179,797,0,0,0,966,recovery,986
19.618649912604717,24,0,178,798,0,0,0,966,recovery,947
19.62842827084641,24,0,177,799,0,0,0,966,recovery,862
19.633080951163567,24,0,176,800,0,0,0,966,recovery,816
19.649067878045773,23,0,177,800,0,0,0,967,infection,780
19.655892265355078,23,0,176,801,0,0,0,967,recovery,291
19.712069794968848,23,0,175,802,0,0,0,967,recovery,545
19.716857958028342,22,0,176,802,0,0,0,968,infection,798
19.831600918466396,22,0,175,803,0,0,0,968,recovery,984
19.878713478082442,22,0,174,804,0,0,0,968,recovery,444
19.940506974332752,22,0,173,805,0,0,0,968,recovery,463
19.955959101539612,22,0,172,806,0,0,0,968,recovery,330
20.057370656328104,22,0,171,807,0,0,0,968,recovery,492
20.10547614147175,22,0,170,808,0,0,0,968,recovery,517
20.105831340171996,22,0,169,809,0,0,0,968,recovery,952
20.13781561093267,22,0,168,810,0,0,0,968,recovery,838
20.13937178663687,22,0,167,811,0,0,0,968,recovery,250
20.158131726586316,22,0,166,812,0,0,0,968,recovery,307
20.23463110645635,22,0,165,813,0,0,0,968,recovery,159
20.27807708193732,22,0,164,814,0,0,0,968,recovery,455
20.30199879207845,22,0,163,815,0,0,0,968,recovery,953
20.305305240041726,22,0,162,816,0,0,0,968,recovery,507
20.321076278845588,22,0,161,817,0,0,0,968,recovery,472
20.38931483241629,22,0,160,818,0,0,0,968,recovery,371
20.446121404305572,22,0,159,819,0,0,0,968,recovery,668
20.531886649938215,22,0,158,820,0,0,0,968,recovery,989
20.570191301746252,21,0,159,820,0,0,0,969,infection,958
20.66492572016918,21,0,158,821,0,0,0,969,recovery,381
20.685892616045095,21,0,157,822,0,0,0,969,recovery,496
20.748868473685867,21,0,156,823,0,0,0,969,recovery,823
20.75043451159535,21,0,155,824,0,0,0,969,recovery,871
20.81212733361733,21,0,154,825,0,0,0,969,recovery,322
20.8526703988488,20,0,155,825,0,0,0,970,infection,136
20.87259597417115,20,0,154,826,0,0,0,970,recovery,362
20.955741499261798,20,0,153,827,0,0,0,970,recovery,498
21.032594176252346,20,0,152,828,0,0,0,970,recovery,300
21.075408287983173,20,0,151,829,0,0,0,970,recovery,59
21.127863921443485,20,0,150,830,0,0,0,970,recovery,81
21.166841929331525,20,0,149,831,0,0,0,970,recovery,900
21.228979488360864,20,0,148,832,0,0,0,970,recovery,826
21.248998977244117,20,0,147,833,0,0,0,970,recovery,280
21.265256689912235,20,0,146,834,0,0,0,970,recovery,784
21.298382858375298,20,0,145,835,0,0,0,970,recovery,263
21.327150752437035,20,0,144,836,0,0,0,970,recovery,859
21.591766361039905,20,0,143,837,0,0,0,970,recovery,422
21.842530897179934,20,0,142,838,0,0,0,970,recovery,982
21.909474472455173,20,0,141,839,0,0,0,970,recovery,656
21.916749804370465,20,0,140,840,0,0,0,970,recovery,568
22.291767390397766,20,0,139,841,0,0,0,970,recovery,719
22.307236131007187,19,0,140,841,0,0,0,971,infection,346
22.314151962388117,18,0,141,841,0,0,0,972,infection,87
22.41386521890267,18,0,140,842,0,0,0,972,recovery,618
22.48264996056059,18,0,139,843,0,0,0,972,recovery,552
22.508743087162795,18,0,138,844,0,0,0,972,recovery,791
22.54790125216578,18,0,137,845,0,0,0,972,recovery,398
22.665636883431848,18,0,136,846,0,0,0,972,recovery,329
22.721979527654625,18,0,135,847,0,0,0,972,recovery,849
22.78543761735913,18,0,134,848,0,0,0,972,recovery,347
22.88304853291806,18,0,133,849,0,0,0,972,recovery,451
22.909370895039565,18,0,132,850,0,0,0,972,recovery,51
22.93298055841979,18,0,131,851,0,0,0,972,recovery,262
22.987156251168482,18,0,130,852,0,0,0,972,recovery,10
23.021389197030366,18,0,129,853,0,0,0,972,recovery,136
23.06428700645958,18,0,128,854,0,0,0,972,recovery,488
23.193096653229095,18,0,127,855,0,0,0,972,recovery,623
23.204271578559105,18,0,126,856,0,0,0,972,recovery,132
23.240322474446252,18,0,125,857,0,0,0,972,recovery,468
23.253285072754476,18,0,124,858,0,0,0,972,recovery,346
23.261361258605593,18,0,123,859,0,0,0,972,recovery,592
23.2802069300183,18,0,122,860,0,0,0,972,recovery,433
23.299172655491645,18,0,121,861,0,0,0,972,recovery,13
23.316294861657127,18,0,120,862,0,0,0,972,recovery,553
23.379992056702243,18,0,119,863,0,0,0,972,recovery,747
23.436300067048887,18,0,118,864,0,0,0,972,recovery,140
23.445044253913593,17,0,119,864,0,0,0,973,infection,644
23.489158812275612,17,0,118,865,0,0,0,973,recovery,421
23.50325813663242,17,0,117,866,0,0,0,973,recovery,941
23.519268476832597,17,0,116,867,0,0,0,973,recovery,76
23.52722832077778,17,0,115,868,0,0,0,973,recovery,800
23.638233498885796,17,0,114,869,0,0,0,973,recovery,617
23.642724522147304,17,0,113,870,0,0,0,973,recovery,895
23.679407395727786,17,0,112,871,0,0,0,973,recovery,539
23.718776813483007,17,0,111,872,0,0,0,973,recovery,625
23.814434257240535,17,0,110,873,0,0,0,973,recovery,286
23.847481296910207,17,0,109,874,0,0,0,973,recovery,408
23.86281762049403,17,0,108,875,0,0,0,973,recovery,802
23.99747827819649,17,0,107,876,0,0,0,973,recovery,45
24.03327695100323,17,0,106,877,0,0,0,973,recovery,812
24.155133119712758,17,0,105,878,0,0,0,973,recovery,251
24.157131333389373,17,0,104,879,0,0,0,973,recovery,689
24.19548909366706,17,0,103,880,0,0,0,973,recovery,50
24.21907143143222,17,0,102,881,0,0,0,973,recovery,367
24.239685572805634,17,0,101,882,0,0,0,973,recovery,842
24.244814785295432,17,0,100,883,0,0,0,973,recovery,560
24.313666827905415,17,0,99,884,0,0,0,973,recovery,979
24.31699866632676,17,0,98,885,0,0,0,973,recovery,23
24.358629685534112,17,0,97,886,0,0,0,973,recovery,176
24.437839397434466,17,0,96,887,0,0,0,973,recovery,891
24.536438425961094,16,0,97,887,0,0,0,974,infection,2
24.56612169745712,16,0,96,888,0,0,0,974,recovery,181
24.575170796827624,16,0,95,889,0,0,0,974,recovery,312
24.635423297736793,16,0,94,890,0,0,0,974,recovery,717
24.643689533990276,16,0,93,891,0,0,0,974,recovery,361
24.650114806162136,16,0,92,892,0,0,0,974,recovery,305
24.652772778883136,16,0,91,893,0,0,0,974,recovery,90
24.71300447038129,16,0,90,894,0,0,0,974,recovery,145
24.77779172838486,16,0,89,895,0,0,0,974,recovery,541
25.074397466021743,16,0,88,896,0,0,0,974,recovery,804
25.084887705693976,16,0,87,897,0,0,0,974,recovery,783
25.246721232156496,16,0,86,898,0,0,0,974,recovery,256
25.302502267461584,16,0,85,899,0,0,0,974,recovery,56
25.409163594941184,16,0,84,900,0,0,0,974,recovery,693
25.423946068059514,16,0,83,901,0,0,0,974,recovery,792
25.499101331544182,16,0,82,902,0,0,0,974,recovery,677
25.508279523692988,16,0,81,903,0,0,0,974,recovery,519
25.512999138941016,16,0,80,904,0,0,0,974,recovery,837
25.624436494305122,16,0,79,905,0,0,0,974,recovery,257
25.639026959051655,16,0,78,906,0,0,0,974,recovery,775
25.9102926815866,16,0,77,907,0,0,0,974,recovery,172
25.964733151348963,16,0,76,908,0,0,0,974,recovery,644
26.147923599103006,15,0,77,908,0,0,0,975,infection,406
26.20303374175327,15,0,76,909,0,0,0,975,recovery,958
26.306558188475975,15,0,75,910,0,0,0,975,recovery,437
26.414098281382085,15,0,74,911,0,0,0,975,recovery,62
26.46760650903273,14,0,75,911,0,0,0,976,infection,872
26.59082973151473,14,0,74,912,0,0,0,976,recovery,869
26.60342287043981,14,0,73,913,0,0,0,976,recovery,542
26.68495337542314,13,0,74,913,0,0,0,977,infection,921
26.923669698989976,13,0,73,914,0,0,0,977,recovery,410
26.9362450112694,13,0,72,915,0,0,0,977,recovery,167
26.95387663789578,12,0,73,915,0,0,0,978,infection,843
27.00456149060426,12,0,72,916,0,0,0,978,recovery,295
27.022614302458937,12,0,71,917,0,0,0,978,recovery,301
27.18028284181551,12,0,70,918,0,0,0,978,recovery,57
27.212516887294452,12,0,69,919,0,0,0,978,recovery,899
27.3514439386882,12,0,68,920,0,0,0,978,recovery,440
27.474827327638266,12,0,67,921,0,0,0,978,recovery,676
27.583732751565243,12,0,66,922,0,0,0,978,recovery,589
27.661677344501197,12,0,65,923,0,0,0,978,recovery,302
27.791000685555087,12,0,64,924,0,0,0,978,recovery,99
27.943784883643964,12,0,63,925,0,0,0,978,recovery,583
28.060448286097643,11,0,64,925,0,0,0,979,infection,506
28.188518900398577,11,0,63,926,0,0,0,979,recovery,179
28.243921020648237,11,0,62,927,0,0,0,979,recovery,465
28.28062773085064,11,0,61,928,0,0,0,979,recovery,846
28.28662391713636,11,0,60,929,0,0,0,979,recovery,235
28.42038752735541,11,0,59,930,0,0,0,979,recovery,779
28.45021728229997,11,0,58,931,0,0,0,979,recovery,975
28.65191750764048,11,0,57,932,0,0,0,979,recovery,349
28.847234615814003,10,0,58,932,0,0,0,980,infection,713
28.993336176523467,10,0,57,933,0,0,0,980,recovery,486
29.142365616249737,10,0,56,934,0,0,0,980,recovery,949
29.455450473223454,9,0,57,934,0,0,0,981,infection,311
29.65234825866298,9,0,56,935,0,0,0,981,recovery,177
29.872931309579023,9,0,55,936,0,0,0,981,recovery,612
30.043700705196624,9,0,54,937,0,0,0,981,recovery,65
30.07867808148096,9,0,53,938,0,0,0,981,recovery,21
30.17024732366079,9,0,52,939,0,0,0,981,recovery,780
30.37923250113778,9,0,51,940,0,0,0,981,recovery,236
30.402946729440313,9,0,50,941,0,0,0,981,recovery,74
30.43046030426046,9,0,49,942,0,0,0,981,recovery,902
30.44157565531174,9,0,48,943,0,0,0,981,recovery,241
30.678182034193295,9,0,47,944,0,0,0,981,recovery,576
30.722161873058297,9,0,46,945,0,0,0,981,recovery,551
30.795770388312626,9,0,45,946,0,0,0,981,recovery,311
30.9892009297597,9,0,44,947,0,0,0,981,recovery,2
31.377840394346997,9,0,43,948,0,0,0,981,recovery,910
31.531484426573293,9,0,42,949,0,0,0,981,recovery,825
31.63912225025802,9,0,41,950,0,0,0,981,recovery,246
32.06901845217968,9,0,40,951,0,0,0,981,recovery,880
32.52237731795231,9,0,39,952,0,0,0,981,recovery,267
32.597280119379896,9,0,38,953,0,0,0,981,recovery,87
32.86046732482413,9,0,37,954,0,0,0,981,recovery,129
33.36309420657737,9,0,36,955,0,0,0,981,recovery,808
33.37070305090406,9,0,35,956,0,0,0,981,recovery,532
33.52807431960021,9,0,34,957,0,0,0,981,recovery,729
33.766946648722936,9,0,33,958,0,0,0,981,recovery,694
33.869224484223516,9,0,32,959,0,0,0,981,recovery,547
34.347760237223,9,0,31,960,0,0,0,981,recovery,358
34.42881081681714,9,0,30,961,0,0,0,981,recovery,981
34.67653712173036,9,0,29,962,0,0,0,981,recovery,294
34.87582328644895,9,0,28,963,0,0,0,981,recovery,798
34.99111329198123,9,0,27,964,0,0,0,981,recovery,765
35.429011669757024,9,0,26,965,0,0,0,981,recovery,610
35.54714655170996,9,0,25,966,0,0,0,981,recovery,713
35.96424876753548,9,0,24,967,0,0,0,981,recovery,406
36.23403996080187,9,0,23,968,0,0,0,981,recovery,193
36.4901481168325,9,0,22,969,0,0,0,981,recovery,874
37.25804411346146,9,0,21,970,0,0,0,981,recovery,731
37.26487609931941,9,0,20,971,0,0,0,981,recovery,722
38.00665176858068,9,0,19,972,0,0,0,981,recovery,778
38.06460720174154,9,0,18,973,0,0,0,981,recovery,457
38.13041297079867,9,0,17,974,0,0,0,981,recovery,315
38.734597616040276,9,0,16,975,0,0,0,981,recovery,308
39.157768202016456,9,0,15,976,0,0,0,981,recovery,872
39.78076207774913,9,0,14,977,0,0,0,981,recovery,921
40.0,9,0,14,977,0,0,0,981,horizon,0
