t,S,E,I,R,births,deaths,vaccinated,infections,event,person
0.0,990,0,10,0,0,0,0,0,initial,0
0.02438749703634791,989,0,11,0,0,0,0,1,infection,518
0.025942563478191825,988,0,12,0,0,0,0,2,infection,3
0.08724639748541235,987,0,13,0,0,0,0,3,infection,150
0.14150792991978453,986,0,14,0,0,0,0,4,infection,229
0.16061707916178863,985,0,15,0,0,0,0,5,infection,393
0.16720962332230532,985,0,14,1,0,0,0,5,recovery,991
0.3345360975436016,984,0,15,1,0,0,0,6,infection,731
0.3473599993293059,983,0,16,1,0,0,0,7,infection,913
0.39504061889437514,982,0,17,1,0,0,0,8,infection,688
0.43421077900341387,981,0,18,1,0,0,0,9,infection,622
0.6015662490264807,980,0,19,1,0,0,0,10,infection,818
0.6091346773264161,979,0,20,1,0,0,0,11,infection,175
0.6602816925003229,978,0,21,1,0,0,0,12,infection,450
0.6806371777627713,977,0,22,1,0,0,0,13,infection,672
0.7165485953959085,976,0,23,1,0,0,0,14,infection,533
0.7314864466954367,975,0,24,1,0,0,0,15,infection,828
0.7463698554675289,974,0,25,1,0,0,0,16,infection,310
0.7477520545688658,973,0,26,1,0,0,0,17,infection,759
0.7515427188891737,973,0,25,2,0,0,0,17,recovery,393
0.7552530617418288,972,0,26,2,0,0,0,18,infection,61
0.756469598442248,971,0,27,2,0,0,0,19,infection,571
0.768003046853259,970,0,28,2,0,0,0,20,infection,852
0.7724220672358338,970,0,27,3,0,0,0,20,recovery,731
0.7902200653088335,969,0,28,3,0,0,0,21,infection,156
0.8228621663411638,968,0,29,3,0,0,0,22,infection,259
0.8687800511714252,968,0,28,4,0,0,0,22,recovery,998
0.9269876009326068,967,0,29,4,0,0,0,23,infection,91
0.958052067949229,966,0,30,4,0,0,0,24,infection,583
1.164847405240346,965,0,31,4,0,0,0,25,infection,254
1.1704138069229235,964,0,32,4,0,0,0,26,infection,137
1.192483134308729,963,0,33,4,0,0,0,27,infection,295
1.2132830032506083,962,0,34,4,0,0,0,28,infection,780
1.2330292072206384,961,0,35,4,0,0,0,29,infection,153
1.264338694291262,960,0,36,4,0,0,0,30,infection,197
1.3060254593462697,959,0,37,4,0,0,0,31,infection,845
1.3322211114814735,958,0,38,4,0,0,0,32,infection,205
1.3430712964017077,957,0,39,4,0,0,0,33,infection,9
1.3550977556367167,956,0,40,4,0,0,0,34,infection,377
1.3578252521616523,955,0,41,4,0,0,0,35,infection,554
1.3911196588524237,954,0,42,4,0,0,0,36,infection,361
1.392629583414274,953,0,43,4,0,0,0,37,infection,19
1.399827280644257,952,0,44,4,0,0,0,38,infection,321
1.425078965901854,951,0,45,4,0,0,0,39,infection,850
1.4258735681961845,950,0,46,4,0,0,0,40,infection,127
1.4296813066513754,950,0,45,5,0,0,0,40,recovery,197
1.4319285459694908,949,0,46,5,0,0,0,41,infection,969
1.4449160823587992,949,0,45,6,0,0,0,41,recovery,688
1.4819447330409832,948,0,46,6,0,0,0,42,infection,550
1.4999006718062728,947,0,47,6,0,0,0,43,infection,236
1.5036706032433405,946,0,48,6,0,0,0,44,infection,983
1.5129490761086437,945,0,49,6,0,0,0,45,infection,808
1.5726111218663215,944,0,50,6,0,0,0,46,infection,962
1.596719407627507,943,0,51,6,0,0,0,47,infection,921
1.6496801492433515,942,0,52,6,0,0,0,48,infection,575
1.660178995285228,941,0,53,6,0,0,0,49,infection,698
1.6716226713992748,941,0,52,7,0,0,0,49,recovery,994
1.6786409878747024,941,0,51,8,0,0,0,49,recovery,575
1.684824034155242,940,0,52,8,0,0,0,50,infection,922
1.6921326058426855,939,0,53,8,0,0,0,51,infection,674
1.6998867797358341,938,0,54,8,0,0,0,52,infection,54
1.7007393820209924,937,0,55,8,0,0,0,53,infection,190
1.7071144953827864,937,0,54,9,0,0,0,53,recovery,993
1.7092095409540293,937,0,53,10,0,0,0,53,recovery,19
1.7220669144228773,937,0,52,11,0,0,0,53,recovery,295
1.7364668722473635,936,0,53,11,0,0,0,54,infection,133
1.7416269308660164,935,0,54,11,0,0,0,55,infection,911
1.7558440948797025,934,0,55,11,0,0,0,56,infection,404
1.7609419865204203,933,0,56,11,0,0,0,57,infection,268
1.773624858763383,932,0,57,11,0,0,0,58,infection,516
1.7803681548259365,931,0,58,11,0,0,0,59,infection,865
1.795606043473262,931,0,57,12,0,0,0,59,recovery,133
1.8088270904153945,931,0,56,13,0,0,0,59,recovery,554
1.842032840330119,930,0,57,13,0,0,0,60,infection,38
1.883216261209457,930,0,56,14,0,0,0,60,recovery,674
1.8909720163080734,929,0,57,14,0,0,0,61,infection,162
1.8950693965590357,928,0,58,14,0,0,0,62,infection,402
1.899085442884179,927,0,59,14,0,0,0,63,infection,762
1.9331841638731673,926,0,60,14,0,0,0,64,infection,497
1.949132427498844,925,0,61,14,0,0,0,65,infection,107
1.9688778872173573,924,0,62,14,0,0,0,66,infection,887
1.9699426045137431,924,0,61,15,0,0,0,66,recovery,852
1.9817587321807937,923,0,62,15,0,0,0,67,infection,899
1.9949348477126094,922,0,63,15,0,0,0,68,infection,269
1.999537599870175,921,0,64,15,0,0,0,69,infection,552
2.015102245739912,920,0,65,15,0,0,0,70,infection,339
2.0260748815978062,919,0,66,15,0,0,0,71,infection,905
2.031221537726594,918,0,67,15,0,0,0,72,infection,435
2.0357340688867573,917,0,68,15,0,0,0,73,infection,465
2.0547956337058984,916,0,69,15,0,0,0,74,infection,980
2.06299226514673,915,0,70,15,0,0,0,75,infection,501
2.0802423423145404,914,0,71,15,0,0,0,76,infection,381
2.127149562366368,913,0,72,15,0,0,0,77,infection,951
2.1296363073510074,912,0,73,15,0,0,0,78,infection,640
2.140720294101187,912,0,72,16,0,0,0,78,recovery,997
2.1650678159776446,912,0,71,17,0,0,0,78,recovery,899
2.167670656693088,911,0,72,17,0,0,0,79,infection,469
2.1705005806045152,910,0,73,17,0,0,0,80,infection,276
2.1729538697156254,909,0,74,17,0,0,0,81,infection,879
2.176103412372035,909,0,73,18,0,0,0,81,recovery,190
2.1777316984266446,908,0,74,18,0,0,0,82,infection,799
2.1877908172181395,907,0,75,18,0,0,0,83,infection,212
2.20058948660309,907,0,74,19,0,0,0,83,recovery,818
2.201737168943406,906,0,75,19,0,0,0,84,infection,201
2.2138170362046283,905,0,76,19,0,0,0,85,infection,78
2.2167799015456153,904,0,77,19,0,0,0,86,infection,586
2.255272350363718,903,0,78,19,0,0,0,87,infection,577
2.261255571602358,902,0,79,19,0,0,0,88,infection,399
2.2704363896648165,901,0,80,19,0,0,0,89,infection,909
2.271997727011465,900,0,81,19,0,0,0,90,infection,298
2.2721232624303607,899,0,82,19,0,0,0,91,infection,128
2.282072975487865,898,0,83,19,0,0,0,92,infection,719
2.2967099422719026,897,0,84,19,0,0,0,93,infection,173
2.299171533849471,896,0,85,19,0,0,0,94,infection,6
2.3019498455925085,895,0,86,19,0,0,0,95,infection,160
2.3059260126067684,894,0,87,19,0,0,0,96,infection,56
2.307935792831205,893,0,88,19,0,0,0,97,infection,910
2.317739359153391,892,0,89,19,0,0,0,98,infection,378
2.32849418433596,892,0,88,20,0,0,0,98,recovery,808
2.3299458271545417,891,0,89,20,0,0,0,99,infection,238
2.333205215594339,890,0,90,20,0,0,0,100,infection,286
2.346799324995203,889,0,91,20,0,0,0,101,infection,604
2.352803365077295,888,0,92,20,0,0,0,102,infection,45
2.353777312364131,887,0,93,20,0,0,0,103,infection,923
2.360868233196275,886,0,94,20,0,0,0,104,infection,601
2.383175572198247,885,0,95,20,0,0,0,105,infection,57
2.384856745549189,884,0,96,20,0,0,0,106,infection,86
2.387815975612595,883,0,97,20,0,0,0,107,infection,395
2.392882108596968,882,0,98,20,0,0,0,108,infection,929
2.406315670741235,881,0,99,20,0,0,0,109,infection,47
2.417276534804329,880,0,100,20,0,0,0,110,infection,790
2.4173325822372287,879,0,101,20,0,0,0,111,infection,958
2.4184814302066204,878,0,102,20,0,0,0,112,infection,483
2.4314329982908727,877,0,103,20,0,0,0,113,infection,968
2.4317914797129605,876,0,104,20,0,0,0,114,infection,165
2.433859616156182,876,0,103,21,0,0,0,114,recovery,339
2.4369176864641457,875,0,104,21,0,0,0,115,infection,862
2.447967704677739,874,0,105,21,0,0,0,116,infection,429
2.450043119874144,874,0,104,22,0,0,0,116,recovery,958
2.4592900706772576,873,0,105,22,0,0,0,117,infection,525
2.4715206517881185,873,0,104,23,0,0,0,117,recovery,996
2.4907765763538774,872,0,105,23,0,0,0,118,infection,825
2.4933506819168203,871,0,106,23,0,0,0,119,infection,251
2.516133840835079,871,0,105,24,0,0,0,119,recovery,909
2.5257974423521614,871,0,104,25,0,0,0,119,recovery,259
2.54175839786134,870,0,105,25,0,0,0,120,infection,353
2.5464500140535855,869,0,106,25,0,0,0,121,infection,288
2.5499212086970084,868,0,107,25,0,0,0,122,infection,449
2.5604713478011467,867,0,108,25,0,0,0,123,infection,868
2.5817499731685554,866,0,109,25,0,0,0,124,infection,931
2.6021078342106443,865,0,110,25,0,0,0,125,infection,348
2.6057317887428537,864,0,111,25,0,0,0,126,infection,94
2.6115674206159905,863,0,112,25,0,0,0,127,infection,117
2.6251987600747584,862,0,113,25,0,0,0,128,infection,681
2.6317705015746395,861,0,114,25,0,0,0,129,infection,234
2.6339655476906905,861,0,113,26,0,0,0,129,recovery,6
2.6344622500925636,860,0,114,26,0,0,0,130,infection,301
2.637610980524804,859,0,115,26,0,0,0,131,infection,833
2.640419119703818,858,0,116,26,0,0,0,132,infection,474
2.6407924288096467,857,0,117,26,0,0,0,133,infection,614
2.6415752569350213,856,0,118,26,0,0,0,134,infection,132
2.668630799472114,856,0,117,27,0,0,0,134,recovery,156
2.6688784094060267,855,0,118,27,0,0,0,135,infection,398
2.6756817889853717,854,0,119,27,0,0,0,136,infection,880
2.6789973096781106,853,0,120,27,0,0,0,137,infection,645
2.692344441570647,852,0,121,27,0,0,0,138,infection,848
2.6968550715664685,851,0,122,27,0,0,0,139,infection,63
2.6970078104426,850,0,123,27,0,0,0,140,infection,884
2.705669330818383,850,0,122,28,0,0,0,140,recovery,640
2.7075071941553586,850,0,121,29,0,0,0,140,recovery,516
2.7175465767080524,849,0,122,29,0,0,0,141,infection,59
2.7337345158022863,849,0,121,30,0,0,0,141,recovery,962
2.738115033430875,848,0,122,30,0,0,0,142,infection,589
2.739496428122554,848,0,121,31,0,0,0,142,recovery,995
2.740085175720706,847,0,122,31,0,0,0,143,infection,355
2.7422782905110674,847,0,121,32,0,0,0,143,recovery,348
2.7422836390255676,846,0,122,32,0,0,0,144,infection,553
2.7427480834452576,845,0,123,32,0,0,0,145,infection,513
2.7432107469366467,845,0,122,33,0,0,0,145,recovery,47
2.751189415689397,844,0,123,33,0,0,0,146,infection,368
2.7674338947734447,843,0,124,33,0,0,0,147,infection,522
2.774441058159224,842,0,125,33,0,0,0,148,infection,151
2.7873600033680823,841,0,126,33,0,0,0,149,infection,874
2.7881374039340767,840,0,127,33,0,0,0,150,infection,579
2.7958973492383246,840,0,126,34,0,0,0,150,recovery,301
2.8032679688613333,839,0,127,34,0,0,0,151,infection,838
2.810867807727956,838,0,128,34,0,0,0,152,infection,800
2.8124152108656784,837,0,129,34,0,0,0,153,infection,49
2.8166787932121573,836,0,130,34,0,0,0,154,infection,733
2.8189575279613206,835,0,131,34,0,0,0,155,infection,34
2.8231541296861433,834,0,132,34,0,0,0,156,infection,277
2.848598472474823,834,0,131,35,0,0,0,156,recovery,522
2.8709464213817784,833,0,132,35,0,0,0,157,infection,801
2.873919446559661,832,0,133,35,0,0,0,158,infection,475
2.875221318573547,831,0,134,35,0,0,0,159,infection,75
2.881752335722043,830,0,135,35,0,0,0,160,infection,966
2.888835845334857,829,0,136,35,0,0,0,161,infection,444
2.8928149696741805,828,0,137,35,0,0,0,162,infection,841
2.89310733907044,827,0,138,35,0,0,0,163,infection,129
2.8944467457095215,826,0,139,35,0,0,0,164,infection,386
2.898001445017481,825,0,140,35,0,0,0,165,infection,200
2.902223075781065,824,0,141,35,0,0,0,166,infection,366
2.924893087473397,823,0,142,35,0,0,0,167,infection,689
2.93583522410331,822,0,143,35,0,0,0,168,infection,437
2.9460305425463673,821,0,144,35,0,0,0,169,infection,488
2.9617244279730266,820,0,145,35,0,0,0,170,infection,621
2.9808216337997595,820,0,144,36,0,0,0,170,recovery,399
2.993061135876527,819,0,145,36,0,0,0,171,infection,272
2.995691883973601,818,0,146,36,0,0,0,172,infection,232
2.996221325338324,817,0,147,36,0,0,0,173,infection,948
3.000387073067741,816,0,148,36,0,0,0,174,infection,715
3.0045687919356148,815,0,149,36,0,0,0,175,infection,400
3.008370519901799,814,0,150,36,0,0,0,176,infection,476
3.012776216845227,814,0,149,37,0,0,0,176,recovery,762
3.0143843052113204,813,0,150,37,0,0,0,177,infection,441
3.0156775707302605,812,0,151,37,0,0,0,178,infection,581
3.023457594027503,812,0,150,38,0,0,0,178,recovery,475
3.0254810056290364,811,0,151,38,0,0,0,179,infection,739
3.0347668720492296,810,0,152,38,0,0,0,180,infection,407
3.041972471240314,809,0,153,38,0,0,0,181,infection,680
3.0431790598136366,808,0,154,38,0,0,0,182,infection,120
3.0556482846273743,808,0,153,39,0,0,0,182,recovery,879
3.0574512004147096,807,0,154,39,0,0,0,183,infection,247
3.064388270170331,806,0,155,39,0,0,0,184,infection,327
3.0671023491130365,806,0,154,40,0,0,0,184,recovery,780
3.0692601271084414,806,0,153,41,0,0,0,184,recovery,54
3.0774312861574886,805,0,154,41,0,0,0,185,infection,520
3.077725670664965,805,0,153,42,0,0,0,185,recovery,3
3.0841421609606328,804,0,154,42,0,0,0,186,infection,654
3.084641179348725,803,0,155,42,0,0,0,187,infection,678
3.1034042154698636,802,0,156,42,0,0,0,188,infection,214
3.1087362902663656,801,0,157,42,0,0,0,189,infection,43
3.115131573602522,800,0,158,42,0,0,0,190,infection,869
3.1282375437880554,799,0,159,42,0,0,0,191,infection,555
3.1404878925554547,798,0,160,42,0,0,0,192,infection,122
3.1423142418374304,797,0,161,42,0,0,0,193,infection,647
3.144018659057499,796,0,162,42,0,0,0,194,infection,882
3.1481138217375597,795,0,163,42,0,0,0,195,infection,344
3.155297870857213,794,0,164,42,0,0,0,196,infection,359
3.1579264390245014,794,0,163,43,0,0,0,196,recovery,381
3.165480071016776,794,0,162,44,0,0,0,196,recovery,469
3.183657224771854,793,0,163,44,0,0,0,197,infection,101
3.1884094095321904,792,0,164,44,0,0,0,198,infection,41
3.1942359678474728,791,0,165,44,0,0,0,199,infection,342
3.1962867253805647,790,0,166,44,0,0,0,200,infection,539
3.198871339169484,790,0,165,45,0,0,0,200,recovery,966
3.205072598603858,789,0,166,45,0,0,0,201,infection,773
3.21256109025528,788,0,167,45,0,0,0,202,infection,279
3.2210474503237574,787,0,168,45,0,0,0,203,infection,350
3.2297507709885416,786,0,169,45,0,0,0,204,infection,138
3.2370726683945126,785,0,170,45,0,0,0,205,infection,685
3.240138451878356,785,0,169,46,0,0,0,205,recovery,59
3.246042707430442,784,0,170,46,0,0,0,206,infection,867
3.254955735589884,783,0,171,46,0,0,0,207,infection,22
3.260841977477704,783,0,170,47,0,0,0,207,recovery,583
3.263035516148835,783,0,169,48,0,0,0,207,recovery,386
3.2635699018136837,782,0,170,48,0,0,0,208,infection,489
3.2642130042923103,781,0,171,48,0,0,0,209,infection,338
3.2780875042248203,780,0,172,48,0,0,0,210,infection,963
3.2790099642809865,779,0,173,48,0,0,0,211,infection,771
3.2810933153004735,779,0,172,49,0,0,0,211,recovery,321
3.2939642288946347,778,0,173,49,0,0,0,212,infection,113
3.3054419315224877,777,0,174,49,0,0,0,213,infection,839
3.3089580714378597,777,0,173,50,0,0,0,213,recovery,525
3.3179110740185456,777,0,172,51,0,0,0,213,recovery,368
3.3190968785167723,776,0,173,51,0,0,0,214,infection,743
3.3203064356733107,775,0,174,51,0,0,0,215,infection,375
3.32754646623883,775,0,173,52,0,0,0,215,recovery,577
3.3382647380643213,774,0,174,52,0,0,0,216,infection,345
3.3605282292396885,773,0,175,52,0,0,0,217,infection,391
3.361134246986056,772,0,176,52,0,0,0,218,infection,466
3.3628766643040313,771,0,177,52,0,0,0,219,infection,889
3.3648444257528207,770,0,178,52,0,0,0,220,infection,39
3.3673886740788386,769,0,179,52,0,0,0,221,infection,304
3.369914030106673,768,0,180,52,0,0,0,222,infection,83
3.3766245717569485,767,0,181,52,0,0,0,223,infection,82
3.3785023873769626,766,0,182,52,0,0,0,224,infection,515
3.382881266938996,765,0,183,52,0,0,0,225,infection,168
3.3874708912979314,764,0,184,52,0,0,0,226,infection,498
3.3881426089294004,764,0,183,53,0,0,0,226,recovery,441
3.3899934224017025,763,0,184,53,0,0,0,227,infection,477
3.396799593405562,762,0,185,53,0,0,0,228,infection,615
3.4134638654218312,761,0,186,53,0,0,0,229,infection,676
3.4135489259066767,760,0,187,53,0,0,0,230,infection,573
3.4154864050362344,759,0,188,53,0,0,0,231,infection,253
3.427951639758298,758,0,189,53,0,0,0,232,infection,693
3.43886353226307,757,0,190,53,0,0,0,233,infection,946
3.439683765730047,756,0,191,53,0,0,0,234,infection,944
3.4443636627123677,755,0,192,53,0,0,0,235,infection,177
3.445933169069304,754,0,193,53,0,0,0,236,infection,779
3.4461182242936053,754,0,192,54,0,0,0,236,recovery,838
3.452455618345457,753,0,193,54,0,0,0,237,infection,567
3.462089874590955,752,0,194,54,0,0,0,238,infection,873
3.469162984293807,751,0,195,54,0,0,0,239,infection,161
3.4728341084504706,750,0,196,54,0,0,0,240,infection,306
3.4730493822401347,749,0,197,54,0,0,0,241,infection,337
3.4782574297452147,748,0,198,54,0,0,0,242,infection,907
3.481751406393051,747,0,199,54,0,0,0,243,infection,840
3.4818244603068083,746,0,200,54,0,0,0,244,infection,837
3.4866944072443555,745,0,201,54,0,0,0,245,infection,428
3.487182390116564,745,0,200,55,0,0,0,245,recovery,992
3.497890698911307,744,0,201,55,0,0,0,246,infection,939
3.498935008103285,743,0,202,55,0,0,0,247,infection,222
3.500215299119733,743,0,201,56,0,0,0,247,recovery,867
3.5107205627095,742,0,202,56,0,0,0,248,infection,646
3.5143291408203345,741,0,203,56,0,0,0,249,infection,886
3.5261951507643223,740,0,204,56,0,0,0,250,infection,580
3.5387921031960605,739,0,205,56,0,0,0,251,infection,174
3.5430120205786486,738,0,206,56,0,0,0,252,infection,524
3.5475318573349757,737,0,207,56,0,0,0,253,infection,955
3.5514958247160644,736,0,208,56,0,0,0,254,infection,332
3.563030517313797,735,0,209,56,0,0,0,255,infection,724
3.571974324186148,734,0,210,56,0,0,0,256,infection,774
3.575557969014953,733,0,211,56,0,0,0,257,infection,687
3.5860124990179454,732,0,212,56,0,0,0,258,infection,46
3.586743127384099,732,0,211,57,0,0,0,258,recovery,39
3.5913189823505793,732,0,210,58,0,0,0,258,recovery,310
3.591481625577618,731,0,211,58,0,0,0,259,infection,638
3.5993465466747327,730,0,212,58,0,0,0,260,infection,240
3.6060645558976727,730,0,211,59,0,0,0,260,recovery,91
3.609351537255201,729,0,212,59,0,0,0,261,infection,10
3.6144381662087652,728,0,213,59,0,0,0,262,infection,625
3.6189710386039726,728,0,212,60,0,0,0,262,recovery,948
3.622949866655673,727,0,213,60,0,0,0,263,infection,448
3.6281037416980624,727,0,212,61,0,0,0,263,recovery,880
3.632790917248002,726,0,213,61,0,0,0,264,infection,13
3.6335654965079534,725,0,214,61,0,0,0,265,infection,764
3.639692331448546,724,0,215,61,0,0,0,266,infection,335
3.643148366919078,723,0,216,61,0,0,0,267,infection,805
3.6441777995854028,722,0,217,61,0,0,0,268,infection,55
3.647001440561629,721,0,218,61,0,0,0,269,infection,830
3.650606962997645,720,0,219,61,0,0,0,270,infection,824
3.6556751954811255,719,0,220,61,0,0,0,271,infection,769
3.6587615595382093,718,0,221,61,0,0,0,272,infection,637
3.6607825326006536,717,0,222,61,0,0,0,273,infection,870
3.6609581996572285,716,0,223,61,0,0,0,274,infection,787
3.6616020690024493,715,0,224,61,0,0,0,275,infection,163
3.661788606011978,714,0,225,61,0,0,0,276,infection,736
3.662669663930785,713,0,226,61,0,0,0,277,infection,576
3.669455178562342,712,0,227,61,0,0,0,278,infection,370
3.6714713360836777,712,0,226,62,0,0,0,278,recovery,254
3.675177784302112,712,0,225,63,0,0,0,278,recovery,884
3.6795030003094737,712,0,224,64,0,0,0,278,recovery,483
3.6963801893889867,711,0,225,64,0,0,0,279,infection,857
3.6995168960774745,710,0,226,64,0,0,0,280,infection,705
3.7024539170158315,709,0,227,64,0,0,0,281,infection,797
3.703237305213329,708,0,228,64,0,0,0,282,infection,4
3.711983271377533,707,0,229,64,0,0,0,283,infection,930
3.7127053238434793,706,0,230,64,0,0,0,284,infection,394
3.7161209170659024,705,0,231,64,0,0,0,285,infection,235
3.7193200281232217,704,0,232,64,0,0,0,286,infection,44
3.719624731166672,703,0,233,64,0,0,0,287,infection,412
3.7225572959561464,702,0,234,64,0,0,0,288,infection,639
3.7250449954558964,702,0,233,65,0,0,0,288,recovery,13
3.725416083919158,702,0,232,66,0,0,0,288,recovery,404
3.7289332300548867,701,0,233,66,0,0,0,289,infection,634
3.7315826262220826,700,0,234,66,0,0,0,290,infection,953
3.737889352981954,699,0,235,66,0,0,0,291,infection,806
3.7411833815087068,698,0,236,66,0,0,0,292,infection,320
3.7472500645775724,697,0,237,66,0,0,0,293,infection,508
3.7591058976703904,697,0,236,67,0,0,0,293,recovery,1000
3.7615922259749297,697,0,235,68,0,0,0,293,recovery,698
3.763252702464598,696,0,236,68,0,0,0,294,infection,832
3.766246704604365,696,0,235,69,0,0,0,294,recovery,882
3.766563391247502,695,0,236,69,0,0,0,295,infection,908
3.768583906829375,695,0,235,70,0,0,0,295,recovery,378
3.7691623990301553,694,0,236,70,0,0,0,296,infection,5
3.7708626170793895,693,0,237,70,0,0,0,297,infection,100
3.7760121959808877,692,0,238,70,0,0,0,298,infection,71
3.776213557599516,691,0,239,70,0,0,0,299,infection,902
3.7810934728236645,690,0,240,70,0,0,0,300,infection,665
3.7812670349117004,689,0,241,70,0,0,0,301,infection,537
3.7895607483897726,689,0,240,71,0,0,0,301,recovery,55
3.7936668680298316,688,0,241,71,0,0,0,302,infection,179
3.7964887481274308,687,0,242,71,0,0,0,303,infection,768
3.8030613610268804,686,0,243,71,0,0,0,304,infection,587
3.804323426656858,685,0,244,71,0,0,0,305,infection,373
3.8083900635452492,684,0,245,71,0,0,0,306,infection,136
3.809492453067498,683,0,246,71,0,0,0,307,infection,671
3.809730114803089,682,0,247,71,0,0,0,308,infection,747
3.8123471595529783,682,0,246,72,0,0,0,308,recovery,654
3.823427959539904,681,0,247,72,0,0,0,309,infection,472
3.8255136143128428,680,0,248,72,0,0,0,310,infection,408
3.8263622806183726,679,0,249,72,0,0,0,311,infection,278
3.8269142363290025,678,0,250,72,0,0,0,312,infection,519
3.831607378636015,677,0,251,72,0,0,0,313,infection,204
3.834604088185448,676,0,252,72,0,0,0,314,infection,97
3.841856560734545,675,0,253,72,0,0,0,315,infection,119
3.8433254741126692,674,0,254,72,0,0,0,316,infection,485
3.8447330208674857,674,0,253,73,0,0,0,316,recovery,466
3.8497807753580333,673,0,254,73,0,0,0,317,infection,803
3.851821615427677,672,0,255,73,0,0,0,318,infection,572
3.8519299871581056,671,0,256,73,0,0,0,319,infection,917
3.852374915370949,670,0,257,73,0,0,0,320,infection,442
3.8547685577274478,669,0,258,73,0,0,0,321,infection,93
3.854950748771751,669,0,257,74,0,0,0,321,recovery,34
3.8597850534158984,668,0,258,74,0,0,0,322,infection,62
3.862293615982304,667,0,259,74,0,0,0,323,infection,352
3.8675297895798697,666,0,260,74,0,0,0,324,infection,658
3.8751228379246014,665,0,261,74,0,0,0,325,infection,985
3.8790525527540667,664,0,262,74,0,0,0,326,infection,307
3.8801553488063143,663,0,263,74,0,0,0,327,infection,714
3.8842341362551625,663,0,262,75,0,0,0,327,recovery,889
3.88523544770045,663,0,261,76,0,0,0,327,recovery,665
3.893826940923036,662,0,262,76,0,0,0,328,infection,305
3.895633962243674,661,0,263,76,0,0,0,329,infection,433
3.8976787972548523,660,0,264,76,0,0,0,330,infection,384
3.8980900768660867,659,0,265,76,0,0,0,331,infection,608
3.90568926645419,659,0,264,77,0,0,0,331,recovery,277
3.9096376113643814,659,0,263,78,0,0,0,331,recovery,910
3.911582950971408,658,0,264,78,0,0,0,332,infection,362
3.9189916431681446,658,0,263,79,0,0,0,332,recovery,132
3.921917933819844,657,0,264,79,0,0,0,333,infection,835
3.926308965583422,656,0,265,79,0,0,0,334,infection,149
3.931485040104746,655,0,266,79,0,0,0,335,infection,410
3.937478331976655,654,0,267,79,0,0,0,336,infection,372
3.9438133021695627,653,0,268,79,0,0,0,337,infection,68
3.944566518922911,653,0,267,80,0,0,0,337,recovery,625
3.9458716671722667,652,0,268,80,0,0,0,338,infection,829
3.9458937788973225,651,0,269,80,0,0,0,339,infection,52
3.9521646789439333,650,0,270,80,0,0,0,340,infection,274
3.9546399063909248,649,0,271,80,0,0,0,341,infection,388
3.9594166495117924,648,0,272,80,0,0,0,342,infection,389
3.9696428911073327,647,0,273,80,0,0,0,343,infection,178
3.970787075446836,646,0,274,80,0,0,0,344,infection,123
3.9811162365653217,646,0,273,81,0,0,0,344,recovery,279
3.9812921159838415,645,0,274,81,0,0,0,345,infection,258
3.991981629091067,644,0,275,81,0,0,0,346,infection,292
3.992846067884361,643,0,276,81,0,0,0,347,infection,419
3.9933214776993493,642,0,277,81,0,0,0,348,infection,788
3.9965271708230605,641,0,278,81,0,0,0,349,infection,629
4.000506120529918,640,0,279,81,0,0,0,350,infection,369
4.000849619830958,639,0,280,81,0,0,0,351,infection,380
4.013045958426904,638,0,281,81,0,0,0,352,infection,155
4.021162074201071,638,0,280,82,0,0,0,352,recovery,614
4.02204456332119,638,0,279,83,0,0,0,352,recovery,128
4.023404421186835,638,0,278,84,0,0,0,352,recovery,43
4.028234552031497,637,0,279,84,0,0,0,353,infection,668
4.03158263828835,636,0,280,84,0,0,0,354,infection,593
4.033153183094488,636,0,279,85,0,0,0,354,recovery,212
4.0422465699608,636,0,278,86,0,0,0,354,recovery,579
4.04232674723389,635,0,279,86,0,0,0,355,infection,48
4.055450021350328,634,0,280,86,0,0,0,356,infection,237
4.058876109007608,633,0,281,86,0,0,0,357,infection,109
4.0624105470330205,632,0,282,86,0,0,0,358,infection,590
4.071481435913255,631,0,283,86,0,0,0,359,infection,186
4.0718119245823114,630,0,284,86,0,0,0,360,infection,978
4.078393169097216,630,0,283,87,0,0,0,360,recovery,978
4.079546499362533,629,0,284,87,0,0,0,361,infection,169
4.080089286799595,629,0,283,88,0,0,0,361,recovery,833
4.091373106523763,628,0,284,88,0,0,0,362,infection,964
4.092018865347325,628,0,283,89,0,0,0,362,recovery,337
4.094931984946818,627,0,284,89,0,0,0,363,infection,904
4.096350980689127,626,0,285,89,0,0,0,364,infection,990
4.110571799692854,626,0,284,90,0,0,0,364,recovery,902
4.119273997216907,625,0,285,90,0,0,0,365,infection,872
4.122749751347721,624,0,286,90,0,0,0,366,infection,401
4.125883923734003,624,0,285,91,0,0,0,366,recovery,799
4.1310694184123795,623,0,286,91,0,0,0,367,infection,415
4.132243864126496,622,0,287,91,0,0,0,368,infection,249
4.133450074581423,621,0,288,91,0,0,0,369,infection,618
4.1346676865802685,620,0,289,91,0,0,0,370,infection,30
4.14014536792058,619,0,290,91,0,0,0,371,infection,666
4.142863955962407,618,0,291,91,0,0,0,372,infection,986
4.143503611884111,618,0,290,92,0,0,0,372,recovery,94
4.151755933282834,617,0,291,92,0,0,0,373,infection,532
4.164362452398249,616,0,292,92,0,0,0,374,infection,809
4.16785686150438,615,0,293,92,0,0,0,375,infection,315
4.169209249655248,614,0,294,92,0,0,0,376,infection,971
4.170928213897476,614,0,293,93,0,0,0,376,recovery,724
4.183877035374512,613,0,294,93,0,0,0,377,infection,682
4.195157087597634,612,0,295,93,0,0,0,378,infection,382
4.19749426821378,611,0,296,93,0,0,0,379,infection,883
4.206744259926971,610,0,297,93,0,0,0,380,infection,918
4.207328147840629,610,0,296,94,0,0,0,380,recovery,415
4.209215278428804,609,0,297,94,0,0,0,381,infection,691
4.2156183521012665,608,0,298,94,0,0,0,382,infection,143
4.218284972859918,608,0,297,95,0,0,0,382,recovery,78
4.22279521372807,607,0,298,95,0,0,0,383,infection,531
4.2256959221616,607,0,297,96,0,0,0,383,recovery,572
4.235340122166653,606,0,298,96,0,0,0,384,infection,509
4.236497130927252,605,0,299,96,0,0,0,385,infection,514
4.238105936273411,605,0,298,97,0,0,0,385,recovery,82
4.239292663042858,605,0,297,98,0,0,0,385,recovery,288
4.241713249310663,605,0,296,99,0,0,0,385,recovery,448
4.2486694636687075,604,0,297,99,0,0,0,386,infection,443
4.261436383946703,603,0,298,99,0,0,0,387,infection,716
4.2697803922037725,602,0,299,99,0,0,0,388,infection,405
4.27140424148501,601,0,300,99,0,0,0,389,infection,256
4.2722793609610425,600,0,301,99,0,0,0,390,infection,297
4.273160672948756,599,0,302,99,0,0,0,391,infection,569
4.280446923782829,598,0,303,99,0,0,0,392,infection,67
4.288304741355399,597,0,304,99,0,0,0,393,infection,927
4.288546532469258,596,0,305,99,0,0,0,394,infection,703
4.290643908293275,595,0,306,99,0,0,0,395,infection,906
4.292078877037431,594,0,307,99,0,0,0,396,infection,786
4.295720358938655,593,0,308,99,0,0,0,397,infection,755
4.302226591334658,593,0,307,100,0,0,0,397,recovery,307
4.304193617141934,592,0,308,100,0,0,0,398,infection,376
4.307604931772156,592,0,307,101,0,0,0,398,recovery,629
4.308178896145117,591,0,308,101,0,0,0,399,infection,364
4.315897622164186,590,0,309,101,0,0,0,400,infection,748
4.315943628691995,589,0,310,101,0,0,0,401,infection,459
4.321587885484704,588,0,311,101,0,0,0,402,infection,354
4.323484675543537,587,0,312,101,0,0,0,403,infection,219
4.3260071335083765,586,0,313,101,0,0,0,404,infection,347
4.3432537648776375,585,0,314,101,0,0,0,405,infection,230
4.344225047414668,584,0,315,101,0,0,0,406,infection,414
4.344350305361013,583,0,316,101,0,0,0,407,infection,493
4.353859233936424,582,0,317,101,0,0,0,408,infection,597
4.356236630423057,581,0,318,101,0,0,0,409,infection,670
4.3605264518599185,580,0,319,101,0,0,0,410,infection,228
4.361467721079138,580,0,318,102,0,0,0,410,recovery,719
4.361769538100277,579,0,319,102,0,0,0,411,infection,118
4.364603882005088,578,0,320,102,0,0,0,412,infection,783
4.370777813630286,577,0,321,102,0,0,0,413,infection,699
4.372677864948304,576,0,322,102,0,0,0,414,infection,623
4.375847221890139,576,0,321,103,0,0,0,414,recovery,553
4.378442736471349,576,0,320,104,0,0,0,414,recovery,372
4.38056442641387,575,0,321,104,0,0,0,415,infection,717
4.385795684920101,574,0,322,104,0,0,0,416,infection,877
4.386696354852029,573,0,323,104,0,0,0,417,infection,207
4.390622108063737,572,0,324,104,0,0,0,418,infection,878
4.391147500954941,572,0,323,105,0,0,0,418,recovery,769
4.396308055189646,572,0,322,106,0,0,0,418,recovery,908
4.401044640866122,572,0,321,107,0,0,0,418,recovery,874
4.4010864974841,571,0,322,107,0,0,0,419,infection,198
4.402090178052858,570,0,323,107,0,0,0,420,infection,643
4.404919998786727,569,0,324,107,0,0,0,421,infection,558
4.406424492041175,568,0,325,107,0,0,0,422,infection,64
4.4125892679758305,567,0,326,107,0,0,0,423,infection,104
4.416170083086888,566,0,327,107,0,0,0,424,infection,503
4.418089701892852,566,0,326,108,0,0,0,424,recovery,615
4.424082973778052,566,0,325,109,0,0,0,424,recovery,256
4.430835548754724,566,0,324,110,0,0,0,424,recovery,433
4.431772933753825,565,0,325,110,0,0,0,425,infection,661
4.435183509933838,564,0,326,110,0,0,0,426,infection,280
4.441109611867162,564,0,325,111,0,0,0,426,recovery,234
4.443673976408916,563,0,326,111,0,0,0,427,infection,741
4.4483175382678315,562,0,327,111,0,0,0,428,infection,849
4.451003774328091,562,0,326,112,0,0,0,428,recovery,347
4.452748016672121,561,0,327,112,0,0,0,429,infection,976
4.457016683078926,560,0,328,112,0,0,0,430,infection,379
4.4582417198535875,559,0,329,112,0,0,0,431,infection,807
4.462099897968654,559,0,328,113,0,0,0,431,recovery,407
4.463408653156027,559,0,327,114,0,0,0,431,recovery,645
4.465855541399384,558,0,328,114,0,0,0,432,infection,311
4.472560278639459,557,0,329,114,0,0,0,433,infection,423
4.476971650546346,557,0,328,115,0,0,0,433,recovery,508
4.479223888021605,556,0,329,115,0,0,0,434,infection,928
4.4798989216823095,555,0,330,115,0,0,0,435,infection,812
4.48250550770736,554,0,331,115,0,0,0,436,infection,831
4.484731621638792,553,0,332,115,0,0,0,437,infection,440
4.4872671921296545,552,0,333,115,0,0,0,438,infection,223
4.4897464163615775,551,0,334,115,0,0,0,439,infection,60
4.493143785802532,550,0,335,115,0,0,0,440,infection,69
4.499475301896936,549,0,336,115,0,0,0,441,infection,710
4.5016769047979075,548,0,337,115,0,0,0,442,infection,727
4.503171234853682,547,0,338,115,0,0,0,443,infection,76
4.512736108684587,547,0,337,116,0,0,0,443,recovery,621
4.516997015412788,546,0,338,116,0,0,0,444,infection,924
4.52015517630011,545,0,339,116,0,0,0,445,infection,728
4.52106328913613,544,0,340,116,0,0,0,446,infection,445
4.52846102403215,543,0,341,116,0,0,0,447,infection,888
4.532471429059428,542,0,342,116,0,0,0,448,infection,181
4.533363507139406,541,0,343,116,0,0,0,449,infection,451
4.5389331347529875,540,0,344,116,0,0,0,450,infection,897
4.539584287334041,539,0,345,116,0,0,0,451,infection,312
4.546535611725295,538,0,346,116,0,0,0,452,infection,193
4.548341993847936,537,0,347,116,0,0,0,453,infection,582
4.554248661806438,537,0,346,117,0,0,0,453,recovery,57
4.5568569407100155,536,0,347,117,0,0,0,454,infection,751
4.5620059388501755,535,0,348,117,0,0,0,455,infection,700
4.563475825464047,535,0,347,118,0,0,0,455,recovery,9
4.573805025732668,534,0,348,118,0,0,0,456,infection,704
4.5770323371095305,533,0,349,118,0,0,0,457,infection,492
4.577955164053526,533,0,348,119,0,0,0,457,recovery,589
4.585594459927251,532,0,349,119,0,0,0,458,infection,325
4.5909248044790605,531,0,350,119,0,0,0,459,infection,770
4.596957616879614,531,0,349,120,0,0,0,459,recovery,63
4.598325271544086,530,0,350,120,0,0,0,460,infection,536
4.599402135466172,530,0,349,121,0,0,0,460,recovery,685
4.599833413334146,530,0,348,122,0,0,0,460,recovery,676
4.601742316039955,530,0,347,123,0,0,0,460,recovery,580
4.614251575865845,529,0,348,123,0,0,0,461,infection,424
4.6193271921714585,528,0,349,123,0,0,0,462,infection,851
4.619675395051367,527,0,350,123,0,0,0,463,infection,31
4.62322763425774,526,0,351,123,0,0,0,464,infection,152
4.624187136933613,526,0,350,124,0,0,0,464,recovery,999
4.625897789255134,525,0,351,124,0,0,0,465,infection,106
4.630120579979631,524,0,352,124,0,0,0,466,infection,390
4.634106477360581,523,0,353,124,0,0,0,467,infection,697
4.639360808843911,522,0,354,124,0,0,0,468,infection,760
4.64454338075946,521,0,355,124,0,0,0,469,infection,642
4.645192225903422,520,0,356,124,0,0,0,470,infection,544
4.646756873688667,519,0,357,124,0,0,0,471,infection,941
4.648535300161315,518,0,358,124,0,0,0,472,infection,822
4.651848462706751,517,0,359,124,0,0,0,473,infection,27
4.661838131635992,516,0,360,124,0,0,0,474,infection,817
4.670428237921001,516,0,359,125,0,0,0,474,recovery,101
4.6734498533410225,516,0,358,126,0,0,0,474,recovery,492
4.674776730207191,516,0,357,127,0,0,0,474,recovery,414
4.68005906232558,516,0,356,128,0,0,0,474,recovery,845
4.690568155323469,515,0,357,128,0,0,0,475,infection,233
4.696244960666025,515,0,356,129,0,0,0,475,recovery,832
4.700620374058563,514,0,357,129,0,0,0,476,infection,29
4.70092481281189,513,0,358,129,0,0,0,477,infection,649
4.701582497062588,512,0,359,129,0,0,0,478,infection,202
4.710223012456511,511,0,360,129,0,0,0,479,infection,318
4.710442818109157,510,0,361,129,0,0,0,480,infection,326
4.711468361395968,510,0,360,130,0,0,0,480,recovery,435
4.723682357547727,509,0,361,130,0,0,0,481,infection,635
4.724458384132742,508,0,362,130,0,0,0,482,infection,406
4.7315946694623925,508,0,361,131,0,0,0,482,recovery,49
4.7335190324065,507,0,362,131,0,0,0,483,infection,723
4.73610165569431,507,0,361,132,0,0,0,483,recovery,235
4.740885550332373,506,0,362,132,0,0,0,484,infection,932
4.747699098367593,505,0,363,132,0,0,0,485,infection,273
4.756089979472294,505,0,362,133,0,0,0,485,recovery,474
4.773107099210507,504,0,363,133,0,0,0,486,infection,462
4.783026815981549,503,0,364,133,0,0,0,487,infection,656
4.7859046411081625,502,0,365,133,0,0,0,488,infection,617
4.788660941418382,502,0,364,134,0,0,0,488,recovery,533
4.7887386816110595,501,0,365,134,0,0,0,489,infection,664
4.789339417066662,500,0,366,134,0,0,0,490,infection,765
4.790030033685424,499,0,367,134,0,0,0,491,infection,130
4.7967386736698465,498,0,368,134,0,0,0,492,infection,215
4.797174839055032,497,0,369,134,0,0,0,493,infection,692
4.7984563348774865,496,0,370,134,0,0,0,494,infection,35
4.800045517574817,495,0,371,134,0,0,0,495,infection,363
4.802236105649565,494,0,372,134,0,0,0,496,infection,631
4.805893813252353,493,0,373,134,0,0,0,497,infection,657
4.811160988203349,492,0,374,134,0,0,0,498,infection,157
4.812549511866845,491,0,375,134,0,0,0,499,infection,543
4.813658143736061,491,0,374,135,0,0,0,499,recovery,119
4.8143549778977235,490,0,375,135,0,0,0,500,infection,826
4.814769888069084,490,0,374,136,0,0,0,500,recovery,587
4.819696123705901,489,0,375,136,0,0,0,501,infection,785
4.833665799368256,488,0,376,136,0,0,0,502,infection,659
4.838211778806315,487,0,377,136,0,0,0,503,infection,507
4.839863100645701,486,0,378,136,0,0,0,504,infection,738
4.84901194544226,486,0,377,137,0,0,0,504,recovery,921
4.849581745760932,486,0,376,138,0,0,0,504,recovery,544
4.856077912460292,486,0,375,139,0,0,0,504,recovery,150
4.861728899626315,485,0,376,139,0,0,0,505,infection,538
4.862395732770182,485,0,375,140,0,0,0,505,recovery,803
4.870298795569521,484,0,376,140,0,0,0,506,infection,540
4.8725887335510984,484,0,375,141,0,0,0,506,recovery,163
4.880450755072041,483,0,376,141,0,0,0,507,infection,895
4.88526732773779,482,0,377,141,0,0,0,508,infection,263
4.886216738295326,481,0,378,141,0,0,0,509,infection,864
4.887063644060852,481,0,377,142,0,0,0,509,recovery,911
4.887304474994843,480,0,378,142,0,0,0,510,infection,317
4.89088128568704,479,0,379,142,0,0,0,511,infection,316
4.891187829847283,478,0,380,142,0,0,0,512,infection,73
4.894464240605476,478,0,379,143,0,0,0,512,recovery,408
4.90168583158866,478,0,378,144,0,0,0,512,recovery,520
4.91720779439084,477,0,379,144,0,0,0,513,infection,103
4.918941318327056,476,0,380,144,0,0,0,514,infection,982
4.9206264262702,476,0,379,145,0,0,0,514,recovery,862
4.921535424691263,475,0,380,145,0,0,0,515,infection,766
4.925436627809801,474,0,381,145,0,0,0,516,infection,683
4.926283153703717,474,0,380,146,0,0,0,516,recovery,664
4.928291289248906,473,0,381,146,0,0,0,517,infection,287
4.931167496676535,472,0,382,146,0,0,0,518,infection,145
4.932624083720326,472,0,381,147,0,0,0,518,recovery,659
4.952785019282883,472,0,380,148,0,0,0,518,recovery,971
4.956033033777434,471,0,381,148,0,0,0,519,infection,248
4.9564787957098835,470,0,382,148,0,0,0,520,infection,140
4.959828016781645,470,0,381,149,0,0,0,520,recovery,214
4.9613609302492065,469,0,382,149,0,0,0,521,infection,282
4.961451043573432,469,0,381,150,0,0,0,521,recovery,238
4.966351619231263,468,0,382,150,0,0,0,522,infection,574
4.978282332604004,468,0,381,151,0,0,0,522,recovery,155
4.981295577403884,468,0,380,152,0,0,0,522,recovery,41
4.984766231069262,467,0,381,152,0,0,0,523,infection,709
4.985043183914556,466,0,382,152,0,0,0,524,infection,37
4.993348831087539,466,0,381,153,0,0,0,524,recovery,445
4.994393179675608,465,0,382,153,0,0,0,525,infection,166
4.997219528961726,465,0,381,154,0,0,0,525,recovery,646
5.000506595578576,465,0,380,155,0,0,0,525,recovery,359
5.004945924158937,465,0,379,156,0,0,0,525,recovery,68
5.010749917185349,465,0,378,157,0,0,0,525,recovery,233
5.014892822597187,465,0,377,158,0,0,0,525,recovery,924
5.0214339529240695,465,0,376,159,0,0,0,525,recovery,248
5.026081136257565,465,0,375,160,0,0,0,525,recovery,604
5.0272899711371455,465,0,374,161,0,0,0,525,recovery,140
5.027719979535296,464,0,375,161,0,0,0,526,infection,21
5.032079443653507,463,0,376,161,0,0,0,527,infection,903
5.042558652449041,462,0,377,161,0,0,0,528,infection,648
5.044404815154461,461,0,378,161,0,0,0,529,infection,542
5.05008497928775,460,0,379,161,0,0,0,530,infection,578
5.056535397600087,460,0,378,162,0,0,0,530,recovery,990
5.06010814693744,459,0,379,162,0,0,0,531,infection,620
5.0776851789392445,459,0,378,163,0,0,0,531,recovery,465
5.083629362468783,458,0,379,163,0,0,0,532,infection,427
5.088141018838923,458,0,378,164,0,0,0,532,recovery,760
5.088711348469943,458,0,377,165,0,0,0,532,recovery,71
5.0912867791054595,458,0,376,166,0,0,0,532,recovery,519
5.10182738521123,458,0,375,167,0,0,0,532,recovery,391
5.102926840602907,457,0,376,167,0,0,0,533,infection,970
5.1099685403826935,457,0,375,168,0,0,0,533,recovery,179
5.111501844234519,456,0,376,168,0,0,0,534,infection,206
5.112102562405578,455,0,377,168,0,0,0,535,infection,275
5.1230078623251165,454,0,378,168,0,0,0,536,infection,187
5.124262204320438,453,0,379,168,0,0,0,537,infection,226
5.124596476210463,453,0,378,169,0,0,0,537,recovery,344
5.130985468707265,452,0,379,169,0,0,0,538,infection,988
5.132952305242126,452,0,378,170,0,0,0,538,recovery,395
5.138282747117819,451,0,379,170,0,0,0,539,infection,403
5.138537315462083,451,0,378,171,0,0,0,539,recovery,56
5.149443540590805,450,0,379,171,0,0,0,540,infection,329
5.150669272781825,449,0,380,171,0,0,0,541,infection,487
5.154617227420122,449,0,379,172,0,0,0,541,recovery,476
5.155289642292554,448,0,380,172,0,0,0,542,infection,650
5.156197334779897,448,0,379,173,0,0,0,542,recovery,631
5.175296052343557,447,0,380,173,0,0,0,543,infection,861
5.176709593490347,446,0,381,173,0,0,0,544,infection,356
5.181603776578488,445,0,382,173,0,0,0,545,infection,662
5.183569955162845,444,0,383,173,0,0,0,546,infection,813
5.186446460780121,443,0,384,173,0,0,0,547,infection,613
5.191501586335998,442,0,385,173,0,0,0,548,infection,655
5.198887581588126,442,0,384,174,0,0,0,548,recovery,923
5.200508207118535,441,0,385,174,0,0,0,549,infection,291
5.206351368768065,440,0,386,174,0,0,0,550,infection,244
5.207859835373029,440,0,385,175,0,0,0,550,recovery,405
5.215336363062112,439,0,386,175,0,0,0,551,infection,147
5.216637083000174,438,0,387,175,0,0,0,552,infection,981
5.218877380949846,437,0,388,175,0,0,0,553,infection,499
5.225519752149212,437,0,387,176,0,0,0,553,recovery,642
5.225576818067735,436,0,388,176,0,0,0,554,infection,336
5.227694121698034,435,0,389,176,0,0,0,555,infection,560
5.230415676524154,434,0,390,176,0,0,0,556,infection,331
5.232353145647502,434,0,389,177,0,0,0,556,recovery,423
5.23454757181727,433,0,390,177,0,0,0,557,infection,84
5.235488287495585,433,0,389,178,0,0,0,557,recovery,689
5.239476134131087,433,0,388,179,0,0,0,557,recovery,462
5.240180340909028,432,0,389,179,0,0,0,558,infection,358
5.244297015718928,431,0,390,179,0,0,0,559,infection,471
5.24821586232195,430,0,391,179,0,0,0,560,infection,26
5.249285071859832,429,0,392,179,0,0,0,561,infection,303
5.262368005736827,428,0,393,179,0,0,0,562,infection,199
5.265886552974123,427,0,394,179,0,0,0,563,infection,511
5.266503250337394,426,0,395,179,0,0,0,564,infection,915
5.272471260804983,426,0,394,180,0,0,0,564,recovery,917
5.274350062685631,425,0,395,180,0,0,0,565,infection,653
5.277968335966672,424,0,396,180,0,0,0,566,infection,434
5.278611216230819,423,0,397,180,0,0,0,567,infection,974
5.284459899054849,423,0,396,181,0,0,0,567,recovery,204
5.2850075783476065,423,0,395,182,0,0,0,567,recovery,83
5.286931483083457,422,0,396,182,0,0,0,568,infection,947
5.302672633032801,422,0,395,183,0,0,0,568,recovery,905
5.309408037827762,421,0,396,183,0,0,0,569,infection,954
5.31313794095822,420,0,397,183,0,0,0,570,infection,1
5.3145843400661175,420,0,396,184,0,0,0,570,recovery,728
5.315968823171067,420,0,395,185,0,0,0,570,recovery,123
5.317611229946023,419,0,396,185,0,0,0,571,infection,299
5.337545087983308,419,0,395,186,0,0,0,571,recovery,764
5.340348230296055,419,0,394,187,0,0,0,571,recovery,429
5.343340627311944,419,0,393,188,0,0,0,571,recovery,692
5.344939412169203,418,0,394,188,0,0,0,572,infection,920
5.347292266581793,418,0,393,189,0,0,0,572,recovery,373
5.351268869905118,417,0,394,189,0,0,0,573,infection,89
5.3582602599479765,417,0,393,190,0,0,0,573,recovery,336
5.363433720924385,417,0,392,191,0,0,0,573,recovery,582
5.36788564417725,417,0,391,192,0,0,0,573,recovery,716
5.372926471035369,416,0,392,192,0,0,0,574,infection,92
5.377074037860908,415,0,393,192,0,0,0,575,infection,294
5.384199122319352,414,0,394,192,0,0,0,576,infection,112
5.384856553735261,413,0,395,192,0,0,0,577,infection,761
5.38582809630392,412,0,396,192,0,0,0,578,infection,383
5.3877376119644165,412,0,395,193,0,0,0,578,recovery,903
5.388586853491032,411,0,396,193,0,0,0,579,infection,820
5.3894492342708125,411,0,395,194,0,0,0,579,recovery,620
5.398783091735109,410,0,396,194,0,0,0,580,infection,936
5.398838001366435,410,0,395,195,0,0,0,580,recovery,304
5.401844732617276,409,0,396,195,0,0,0,581,infection,421
5.4081161749706235,408,0,397,195,0,0,0,582,infection,734
5.4096979838200525,408,0,396,196,0,0,0,582,recovery,219
5.4106537030577355,407,0,397,196,0,0,0,583,infection,737
5.411425049075778,406,0,398,196,0,0,0,584,infection,725
5.41237080014342,406,0,397,197,0,0,0,584,recovery,981
5.420869771425621,405,0,398,197,0,0,0,585,infection,42
5.423914385357132,404,0,399,197,0,0,0,586,infection,603
5.435709889341699,403,0,400,197,0,0,0,587,infection,210
5.438044292863698,403,0,399,198,0,0,0,587,recovery,143
5.442822797781449,403,0,398,199,0,0,0,587,recovery,737
5.445522787043974,403,0,397,200,0,0,0,587,recovery,974
5.448856613608997,402,0,398,200,0,0,0,588,infection,885
5.450660475015132,401,0,399,200,0,0,0,589,infection,28
5.458509525355674,400,0,400,200,0,0,0,590,infection,374
5.459868118713351,399,0,401,200,0,0,0,591,infection,500
5.469265843447728,398,0,402,200,0,0,0,592,infection,309
5.471623594737154,397,0,403,200,0,0,0,593,infection,33
5.473546642388775,396,0,404,200,0,0,0,594,infection,261
5.473715396937957,396,0,403,201,0,0,0,594,recovery,539
5.47905631083324,395,0,404,201,0,0,0,595,infection,65
5.4833847254417085,394,0,405,201,0,0,0,596,infection,418
5.483898682541313,394,0,404,202,0,0,0,596,recovery,332
5.485154124376836,394,0,403,203,0,0,0,596,recovery,747
5.487192026775541,393,0,404,203,0,0,0,597,infection,125
5.490616311544954,393,0,403,204,0,0,0,597,recovery,743
5.494396026626152,392,0,404,204,0,0,0,598,infection,952
5.495304728688652,391,0,405,204,0,0,0,599,infection,346
5.4963986228600366,390,0,406,204,0,0,0,600,infection,914
5.50078350875637,389,0,407,204,0,0,0,601,infection,454
5.501844003672616,388,0,408,204,0,0,0,602,infection,987
5.507180153827547,388,0,407,205,0,0,0,602,recovery,963
5.507469367642528,387,0,408,205,0,0,0,603,infection,863
5.510129828941637,386,0,409,205,0,0,0,604,infection,266
5.511378469946925,385,0,410,205,0,0,0,605,infection,495
5.516737348892478,384,0,411,205,0,0,0,606,infection,289
5.520517923616134,384,0,410,206,0,0,0,606,recovery,65
5.521342383747547,384,0,409,207,0,0,0,606,recovery,499
5.534454253795318,384,0,408,208,0,0,0,606,recovery,317
5.5360180719776455,383,0,409,208,0,0,0,607,infection,821
5.546143351355335,382,0,410,208,0,0,0,608,infection,194
5.550607728706144,381,0,411,208,0,0,0,609,infection,79
5.552323851621464,381,0,410,209,0,0,0,609,recovery,249
5.553932646992468,381,0,409,210,0,0,0,609,recovery,493
5.562825506631033,380,0,410,210,0,0,0,610,infection,891
5.571570918009644,379,0,411,210,0,0,0,611,infection,641
5.57170403105022,379,0,410,211,0,0,0,611,recovery,668
5.572898909203458,378,0,411,211,0,0,0,612,infection,262
5.575398578749676,378,0,410,212,0,0,0,612,recovery,820
5.575838544345343,377,0,411,212,0,0,0,613,infection,270
5.582237628069227,376,0,412,212,0,0,0,614,infection,636
5.586983160058802,376,0,411,213,0,0,0,614,recovery,122
5.59064324501581,375,0,412,213,0,0,0,615,infection,213
5.621068589789589,374,0,413,213,0,0,0,616,infection,17
5.621514025050315,373,0,414,213,0,0,0,617,infection,397
5.624712026530331,373,0,413,214,0,0,0,617,recovery,944
5.628917475534371,373,0,412,215,0,0,0,617,recovery,145
5.634613481747124,372,0,413,215,0,0,0,618,infection,7
5.638642269456707,372,0,412,216,0,0,0,618,recovery,329
5.64262871228392,372,0,411,217,0,0,0,618,recovery,269
5.645197439057603,371,0,412,217,0,0,0,619,infection,591
5.647245863250038,371,0,411,218,0,0,0,619,recovery,681
5.648097176452996,370,0,412,218,0,0,0,620,infection,66
5.654879088360616,369,0,413,218,0,0,0,621,infection,702
5.6567149118304565,368,0,414,218,0,0,0,622,infection,176
5.65717660422079,367,0,415,218,0,0,0,623,infection,551
5.657392237530018,366,0,416,218,0,0,0,624,infection,530
5.659338611568909,366,0,415,219,0,0,0,624,recovery,370
5.659419636928047,365,0,416,219,0,0,0,625,infection,979
5.660452759455336,365,0,415,220,0,0,0,625,recovery,704
5.675726653570028,364,0,416,220,0,0,0,626,infection,959
5.680594304568741,363,0,417,220,0,0,0,627,infection,644
5.681851159228351,363,0,416,221,0,0,0,627,recovery,543
5.682366966228935,362,0,417,221,0,0,0,628,infection,167
5.687684641877492,361,0,418,221,0,0,0,629,infection,616
5.69227461495076,360,0,419,221,0,0,0,630,infection,956
5.703879505301809,359,0,420,221,0,0,0,631,infection,609
5.704016409176485,358,0,421,221,0,0,0,632,infection,70
5.705653836575833,357,0,422,221,0,0,0,633,infection,182
5.71284675256972,357,0,421,222,0,0,0,633,recovery,316
5.7187025181412645,356,0,422,222,0,0,0,634,infection,349
5.726286853175902,356,0,421,223,0,0,0,634,recovery,287
5.735363252380872,355,0,422,223,0,0,0,635,infection,926
5.739215112191174,355,0,421,224,0,0,0,635,recovery,389
5.741710355281535,354,0,422,224,0,0,0,636,infection,184
5.75353965772708,354,0,421,225,0,0,0,636,recovery,885
5.76622471169418,354,0,420,226,0,0,0,636,recovery,299
5.773637077235707,353,0,421,226,0,0,0,637,infection,610
5.779531054800908,352,0,422,226,0,0,0,638,infection,566
5.779627071471519,351,0,423,226,0,0,0,639,infection,527
5.780097791127192,350,0,424,226,0,0,0,640,infection,257
5.784756750694768,350,0,423,227,0,0,0,640,recovery,198
5.795839140205732,350,0,422,228,0,0,0,640,recovery,678
5.797874757368861,350,0,421,229,0,0,0,640,recovery,797
5.8002384174784005,350,0,420,230,0,0,0,640,recovery,130
5.8093779468312885,350,0,419,231,0,0,0,640,recovery,610
5.809665326319301,350,0,418,232,0,0,0,640,recovery,394
5.812581319985517,350,0,417,233,0,0,0,640,recovery,576
5.817432218988243,349,0,418,233,0,0,0,641,infection,694
5.820802859504609,349,0,417,234,0,0,0,641,recovery,800
5.831251507882934,348,0,418,234,0,0,0,642,infection,844
5.833786720796117,348,0,417,235,0,0,0,642,recovery,109
5.834162181186566,347,0,418,235,0,0,0,643,infection,135
5.834406264676041,346,0,419,235,0,0,0,644,infection,684
5.839305963226679,346,0,418,236,0,0,0,644,recovery,693
5.847640493866785,346,0,417,237,0,0,0,644,recovery,35
5.850056527137964,345,0,418,237,0,0,0,645,infection,726
5.852209303094362,345,0,417,238,0,0,0,645,recovery,410
5.852392229097264,345,0,416,239,0,0,0,645,recovery,258
5.854383782334775,344,0,417,239,0,0,0,646,infection,667
5.854718759997006,344,0,416,240,0,0,0,646,recovery,691
5.856493470814134,343,0,417,240,0,0,0,647,infection,858
5.861625597156093,343,0,416,241,0,0,0,647,recovery,459
5.864223112244599,342,0,417,241,0,0,0,648,infection,426
5.865328160781715,342,0,416,242,0,0,0,648,recovery,335
5.865562380658517,341,0,417,242,0,0,0,649,infection,281
5.868447578293514,341,0,416,243,0,0,0,649,recovery,821
5.874426057604873,340,0,417,243,0,0,0,650,infection,192
5.874849651709651,340,0,416,244,0,0,0,650,recovery,382
5.876070335570462,339,0,417,244,0,0,0,651,infection,95
5.880683366633713,339,0,416,245,0,0,0,651,recovery,454
5.883260648385723,339,0,415,246,0,0,0,651,recovery,400
5.883381790409798,338,0,416,246,0,0,0,652,infection,814
5.8897465377761895,338,0,415,247,0,0,0,652,recovery,118
5.8908072422665905,337,0,416,247,0,0,0,653,infection,260
5.891097531852749,336,0,417,247,0,0,0,654,infection,938
5.9039006023801806,336,0,416,248,0,0,0,654,recovery,206
5.906405577995726,335,0,417,248,0,0,0,655,infection,328
5.909403447503142,334,0,418,248,0,0,0,656,infection,696
5.915428004919448,333,0,419,248,0,0,0,657,infection,810
5.91676360733685,332,0,420,248,0,0,0,658,infection,834
5.917349973867773,331,0,421,248,0,0,0,659,infection,901
5.922333687341802,330,0,422,248,0,0,0,660,infection,195
5.923093248818446,330,0,421,249,0,0,0,660,recovery,683
5.943666907162254,330,0,420,250,0,0,0,660,recovery,976
5.955901419735186,329,0,421,250,0,0,0,661,infection,227
5.957409195587716,328,0,422,250,0,0,0,662,infection,557
5.961229654474484,328,0,421,251,0,0,0,662,recovery,168
5.9622960988524545,327,0,422,251,0,0,0,663,infection,935
5.981905154889462,326,0,423,251,0,0,0,664,infection,523
5.982810683107501,325,0,424,251,0,0,0,665,infection,220
5.992930884088583,324,0,425,251,0,0,0,666,infection,432
5.996199305960653,324,0,424,252,0,0,0,666,recovery,922
5.997251963462239,324,0,423,253,0,0,0,666,recovery,597
5.997668765703255,323,0,424,253,0,0,0,667,infection,453
6.002454827315407,322,0,425,253,0,0,0,668,infection,478
6.017151625130013,321,0,426,253,0,0,0,669,infection,718
6.017231699984382,320,0,427,253,0,0,0,670,infection,749
6.0280606120655245,320,0,426,254,0,0,0,670,recovery,655
6.044616626137163,320,0,425,255,0,0,0,670,recovery,500
6.050362885607642,319,0,426,255,0,0,0,671,infection,146
6.061122196590873,319,0,425,256,0,0,0,671,recovery,839
6.061664878071418,318,0,426,256,0,0,0,672,infection,746
6.063848895028918,317,0,427,256,0,0,0,673,infection,436
6.064349823839735,316,0,428,256,0,0,0,674,infection,767
6.065793801528404,315,0,429,256,0,0,0,675,infection,750
6.066142459195601,314,0,430,256,0,0,0,676,infection,285
6.0679843631355785,313,0,431,256,0,0,0,677,infection,171
6.076357487113896,312,0,432,256,0,0,0,678,infection,473
6.077382712599762,311,0,433,256,0,0,0,679,infection,836
6.07954946235851,310,0,434,256,0,0,0,680,infection,188
6.084387627639979,309,0,435,256,0,0,0,681,infection,706
6.0874197859749115,308,0,436,256,0,0,0,682,infection,549
6.090710880258533,307,0,437,256,0,0,0,683,infection,102
6.091237874894946,306,0,438,256,0,0,0,684,infection,585
6.092188760723028,306,0,437,257,0,0,0,684,recovery,616
6.096167543377535,306,0,436,258,0,0,0,684,recovery,436
6.097087438939102,305,0,437,258,0,0,0,685,infection,265
6.102961364306945,305,0,436,259,0,0,0,685,recovery,518
6.1036624889015805,304,0,437,259,0,0,0,686,infection,88
6.1038571238736745,303,0,438,259,0,0,0,687,infection,871
6.110354218504046,302,0,439,259,0,0,0,688,infection,468
6.113926362477586,301,0,440,259,0,0,0,689,infection,919
6.116581027467648,301,0,439,260,0,0,0,689,recovery,184
6.120409083905164,300,0,440,260,0,0,0,690,infection,791
6.123660920999206,299,0,441,260,0,0,0,691,infection,191
6.134725512462481,299,0,440,261,0,0,0,691,recovery,946
6.138817506884352,298,0,441,261,0,0,0,692,infection,757
6.141453290774882,297,0,442,261,0,0,0,693,infection,36
6.142981767308768,297,0,441,262,0,0,0,693,recovery,864
6.146101467815228,297,0,440,263,0,0,0,693,recovery,69
6.148522563177778,297,0,439,264,0,0,0,693,recovery,759
6.157260983332686,296,0,440,264,0,0,0,694,infection,730
6.158608708268436,295,0,441,264,0,0,0,695,infection,108
6.1602638488120895,295,0,440,265,0,0,0,695,recovery,968
6.164017022675753,294,0,441,265,0,0,0,696,infection,18
6.169590366436021,293,0,442,265,0,0,0,697,infection,967
6.177442636990381,292,0,443,265,0,0,0,698,infection,411
6.180722701584086,291,0,444,265,0,0,0,699,infection,965
6.1820645993014125,291,0,443,266,0,0,0,699,recovery,757
6.182073269688002,290,0,444,266,0,0,0,700,infection,343
6.182967933531683,289,0,445,266,0,0,0,701,infection,894
6.185842195516012,289,0,444,267,0,0,0,701,recovery,210
6.18879563013843,289,0,443,268,0,0,0,701,recovery,623
6.190180663641943,288,0,444,268,0,0,0,702,infection,225
6.205565926949878,288,0,443,269,0,0,0,702,recovery,64
6.2085490821876546,288,0,442,270,0,0,0,702,recovery,468
6.2119269809423185,287,0,443,270,0,0,0,703,infection,208
6.215375192060048,286,0,444,270,0,0,0,704,infection,677
6.220864810023709,286,0,443,271,0,0,0,704,recovery,27
6.2297634455442035,285,0,444,271,0,0,0,705,infection,925
6.231237454898861,284,0,445,271,0,0,0,706,infection,246
6.231685534479683,283,0,446,271,0,0,0,707,infection,526
6.232147512488061,282,0,447,271,0,0,0,708,infection,241
6.232808257417537,282,0,446,272,0,0,0,708,recovery,697
6.233054254585846,282,0,445,273,0,0,0,708,recovery,349
6.234604936847806,281,0,446,273,0,0,0,709,infection,252
6.235999642241454,281,0,445,274,0,0,0,709,recovery,861
6.243836256930912,280,0,446,274,0,0,0,710,infection,973
6.2444631284080145,279,0,447,274,0,0,0,711,infection,628
6.24528075119025,279,0,446,275,0,0,0,711,recovery,363
6.247785475565033,279,0,445,276,0,0,0,711,recovery,771
6.248970625519498,278,0,446,276,0,0,0,712,infection,984
6.254316706376976,277,0,447,276,0,0,0,713,infection,494
6.257545004078563,276,0,448,276,0,0,0,714,infection,293
6.264918395519115,276,0,447,277,0,0,0,714,recovery,649
6.273401472291397,276,0,446,278,0,0,0,714,recovery,5
6.274048267317495,275,0,447,278,0,0,0,715,infection,417
6.293985982640516,274,0,448,278,0,0,0,716,infection,90
6.29658339926259,273,0,449,278,0,0,0,717,infection,77
6.307984076031406,273,0,448,279,0,0,0,717,recovery,325
6.309326358344544,272,0,449,279,0,0,0,718,infection,452
6.30992839473614,271,0,450,279,0,0,0,719,infection,142
6.320518640984456,270,0,451,279,0,0,0,720,infection,517
6.321427854277237,270,0,450,280,0,0,0,720,recovery,653
6.3291168824765895,269,0,451,280,0,0,0,721,infection,732
6.3329373173937915,268,0,452,280,0,0,0,722,infection,216
6.334620457455514,268,0,451,281,0,0,0,722,recovery,42
6.336750620168948,268,0,450,282,0,0,0,722,recovery,125
6.338776733338375,268,0,449,283,0,0,0,722,recovery,345
6.3434509448672864,268,0,448,284,0,0,0,722,recovery,939
6.347166714949292,267,0,449,284,0,0,0,723,infection,296
6.349001814735035,267,0,448,285,0,0,0,723,recovery,814
6.351020636583295,266,0,449,285,0,0,0,724,infection,2
6.359105095731178,265,0,450,285,0,0,0,725,infection,81
6.362779447308944,265,0,449,286,0,0,0,725,recovery,252
6.36396267279471,265,0,448,287,0,0,0,725,recovery,702
6.3683729724764735,264,0,449,287,0,0,0,726,infection,148
6.371098632208487,263,0,450,287,0,0,0,727,infection,480
6.371534152762173,263,0,449,288,0,0,0,727,recovery,825
6.374229516955263,262,0,450,288,0,0,0,728,infection,804
6.375378839427076,261,0,451,288,0,0,0,729,infection,24
6.381508062266654,261,0,450,289,0,0,0,729,recovery,358
6.385692742576323,260,0,451,289,0,0,0,730,infection,823
6.3914825187028175,260,0,450,290,0,0,0,730,recovery,848
6.3958466644722085,259,0,451,290,0,0,0,731,infection,949
6.396045360255977,259,0,450,291,0,0,0,731,recovery,84
6.39922492682011,259,0,449,292,0,0,0,731,recovery,930
6.399868657825851,258,0,450,292,0,0,0,732,infection,413
6.408015858931373,258,0,449,293,0,0,0,732,recovery,835
6.412658579811212,257,0,450,293,0,0,0,733,infection,547
6.413863853561161,256,0,451,293,0,0,0,734,infection,782
6.416211001918526,255,0,452,293,0,0,0,735,infection,12
6.418567336982638,254,0,453,293,0,0,0,736,infection,916
6.423423627217392,254,0,452,294,0,0,0,736,recovery,786
6.424647335711384,254,0,451,295,0,0,0,736,recovery,824
6.431453574244111,253,0,452,295,0,0,0,737,infection,72
6.434003399482044,252,0,453,295,0,0,0,738,infection,619
6.435267409119795,252,0,452,296,0,0,0,738,recovery,24
6.449513254373485,252,0,451,297,0,0,0,738,recovery,806
6.450485967813708,252,0,450,298,0,0,0,738,recovery,485
6.454530404673784,251,0,451,298,0,0,0,739,infection,605
6.457367842715842,251,0,450,299,0,0,0,739,recovery,751
6.465073162454109,251,0,449,300,0,0,0,739,recovery,376
6.474447181511275,250,0,450,300,0,0,0,740,infection,592
6.476863602817417,249,0,451,300,0,0,0,741,infection,367
6.481163923860942,249,0,450,301,0,0,0,741,recovery,309
6.482828352683224,248,0,451,301,0,0,0,742,infection,330
6.484230577933527,248,0,450,302,0,0,0,742,recovery,272
6.484438953178407,247,0,451,302,0,0,0,743,infection,105
6.488195381381823,246,0,452,302,0,0,0,744,infection,758
6.494067746416942,245,0,453,302,0,0,0,745,infection,80
6.501759133874225,244,0,454,302,0,0,0,746,infection,600
6.509730931643095,244,0,453,303,0,0,0,746,recovery,199
6.512431285645603,244,0,452,304,0,0,0,746,recovery,45
6.521402543543041,243,0,453,304,0,0,0,747,infection,245
6.524120582466779,243,0,452,305,0,0,0,747,recovery,841
6.5243487884582105,243,0,451,306,0,0,0,747,recovery,661
6.532443593893568,242,0,452,306,0,0,0,748,infection,960
6.534239047682226,242,0,451,307,0,0,0,748,recovery,593
6.54135152284106,242,0,450,308,0,0,0,748,recovery,700
6.545486068153722,242,0,449,309,0,0,0,748,recovery,406
6.5607603264729315,241,0,450,309,0,0,0,749,infection,172
6.561238592867371,240,0,451,309,0,0,0,750,infection,196
6.579376665739198,239,0,452,309,0,0,0,751,infection,729
6.579510109013227,238,0,453,309,0,0,0,752,infection,534
6.580108106478441,238,0,452,310,0,0,0,752,recovery,687
6.583060539832497,237,0,453,310,0,0,0,753,infection,458
6.588701976212144,237,0,452,311,0,0,0,753,recovery,196
6.5904454319999966,237,0,451,312,0,0,0,753,recovery,718
6.595896301486248,237,0,450,313,0,0,0,753,recovery,72
6.601966283496842,236,0,451,313,0,0,0,754,infection,607
6.603533615649329,235,0,452,313,0,0,0,755,infection,798
6.604166229678421,235,0,451,314,0,0,0,755,recovery,149
6.605550157866299,235,0,450,315,0,0,0,755,recovery,785
6.61836262471015,234,0,451,315,0,0,0,756,infection,324
6.637855254881529,233,0,452,315,0,0,0,757,infection,482
6.6405820652597916,232,0,453,315,0,0,0,758,infection,856
6.645871894379317,231,0,454,315,0,0,0,759,infection,775
6.6488224720770335,231,0,453,316,0,0,0,759,recovery,552
6.656186879542792,231,0,452,317,0,0,0,759,recovery,31
6.658242372843311,231,0,451,318,0,0,0,759,recovery,374
6.660122011365212,230,0,452,318,0,0,0,760,infection,853
6.663751998378253,230,0,451,319,0,0,0,760,recovery,289
6.665886652880967,229,0,452,319,0,0,0,761,infection,431
6.674468602100689,229,0,451,320,0,0,0,761,recovery,229
6.687970521059296,228,0,452,320,0,0,0,762,infection,250
6.699674476927665,227,0,453,320,0,0,0,763,infection,763
6.704274917106232,226,0,454,320,0,0,0,764,infection,11
6.7088199186903035,225,0,455,320,0,0,0,765,infection,447
6.709327003511612,224,0,456,320,0,0,0,766,infection,446
6.716233532958686,224,0,455,321,0,0,0,766,recovery,736
6.732634172170187,223,0,456,321,0,0,0,767,infection,333
6.7557240154494504,222,0,457,321,0,0,0,768,infection,934
6.760589037577697,222,0,456,322,0,0,0,768,recovery,637
6.7699553732549855,221,0,457,322,0,0,0,769,infection,740
6.772885533268035,220,0,458,322,0,0,0,770,infection,322
6.794651155605159,220,0,457,323,0,0,0,770,recovery,137
6.796153316818113,219,0,458,323,0,0,0,771,infection,630
6.7995151087419385,218,0,459,323,0,0,0,772,infection,32
6.801955456389743,218,0,458,324,0,0,0,772,recovery,276
6.807735545281648,217,0,459,324,0,0,0,773,infection,742
6.810642223723997,217,0,458,325,0,0,0,773,recovery,356
6.816247673953132,216,0,459,325,0,0,0,774,infection,816
6.819286975353362,216,0,458,326,0,0,0,774,recovery,181
6.8195365385683315,215,0,459,326,0,0,0,775,infection,679
6.82293983236973,214,0,460,326,0,0,0,776,infection,546
6.823121304191839,214,0,459,327,0,0,0,776,recovery,95
6.828088076234775,213,0,460,327,0,0,0,777,infection,612
6.833376378319416,212,0,461,327,0,0,0,778,infection,686
6.834013302761867,211,0,462,327,0,0,0,779,infection,855
6.8353332880903315,211,0,461,328,0,0,0,779,recovery,694
6.835869612310161,211,0,460,329,0,0,0,779,recovery,765
6.8369481338674545,211,0,459,330,0,0,0,779,recovery,230
6.8390277144073055,211,0,458,331,0,0,0,779,recovery,558
6.843337493139263,211,0,457,332,0,0,0,779,recovery,215
6.846817632236123,211,0,456,333,0,0,0,779,recovery,560
6.8475679190013325,210,0,457,333,0,0,0,780,infection,669
6.8483645659193755,210,0,456,334,0,0,0,780,recovery,495
6.86510374713646,209,0,457,334,0,0,0,781,infection,126
6.8792768858583955,208,0,458,334,0,0,0,782,infection,396
6.883456912338046,207,0,459,334,0,0,0,783,infection,360
6.888842771866348,207,0,458,335,0,0,0,783,recovery,613
6.912294597096338,206,0,459,335,0,0,0,784,infection,323
6.913913408129974,206,0,458,336,0,0,0,784,recovery,515
6.927466523538062,205,0,459,336,0,0,0,785,infection,58
6.947468654254316,204,0,460,336,0,0,0,786,infection,15
6.9561948255989385,203,0,461,336,0,0,0,787,infection,387
6.957072652055304,203,0,460,337,0,0,0,787,recovery,503
6.976107259967053,203,0,459,338,0,0,0,787,recovery,952
6.977013828429332,203,0,458,339,0,0,0,787,recovery,232
6.97816995283768,203,0,457,340,0,0,0,787,recovery,311
6.979398785107347,202,0,458,340,0,0,0,788,infection,425
6.980317739687976,202,0,457,341,0,0,0,788,recovery,641
6.991731736311108,201,0,458,341,0,0,0,789,infection,912
6.993333244425962,201,0,457,342,0,0,0,789,recovery,531
6.994365752328006,200,0,458,342,0,0,0,790,infection,745
6.994745767027991,200,0,457,343,0,0,0,790,recovery,524
6.996917957551502,199,0,458,343,0,0,0,791,infection,8
6.9971879394094785,199,0,457,344,0,0,0,791,recovery,805
7.0010562917868215,198,0,458,344,0,0,0,792,infection,217
7.002977385453049,197,0,459,344,0,0,0,793,infection,221
7.008276813488474,196,0,460,344,0,0,0,794,infection,490
7.013795623093496,195,0,461,344,0,0,0,795,infection,795
7.014552628018131,194,0,462,344,0,0,0,796,infection,892
7.018196193363671,194,0,461,345,0,0,0,796,recovery,97
7.019272537940998,194,0,460,346,0,0,0,796,recovery,171
7.022072744958022,193,0,461,346,0,0,0,797,infection,898
7.023263885942574,193,0,460,347,0,0,0,797,recovery,70
7.023420306762553,193,0,459,348,0,0,0,797,recovery,472
7.026722724393665,193,0,458,349,0,0,0,797,recovery,22
7.030366469098407,192,0,459,349,0,0,0,798,infection,545
7.032641553756305,192,0,458,350,0,0,0,798,recovery,257
7.0342900324651945,192,0,457,351,0,0,0,798,recovery,618
7.038208712672126,191,0,458,351,0,0,0,799,infection,559
7.044262398470309,191,0,457,352,0,0,0,799,recovery,175
7.044780367350995,190,0,458,352,0,0,0,800,infection,626
7.0453170544951185,190,0,457,353,0,0,0,800,recovery,571
7.048847297933269,190,0,456,354,0,0,0,800,recovery,28
7.0541459896357575,190,0,455,355,0,0,0,800,recovery,870
7.054774803101222,189,0,456,355,0,0,0,801,infection,87
7.061109713622565,188,0,457,355,0,0,0,802,infection,231
7.063639951442643,188,0,456,356,0,0,0,802,recovery,650
7.064527116266451,188,0,455,357,0,0,0,802,recovery,984
7.066370009853678,187,0,456,357,0,0,0,803,infection,371
7.068053090307243,187,0,455,358,0,0,0,803,recovery,872
7.0681860981002345,187,0,454,359,0,0,0,803,recovery,857
7.071145072847113,187,0,453,360,0,0,0,803,recovery,573
7.072840302927134,187,0,452,361,0,0,0,803,recovery,449
7.073746605306626,187,0,451,362,0,0,0,803,recovery,366
7.078382311441496,187,0,450,363,0,0,0,803,recovery,507
7.0821433038174195,187,0,449,364,0,0,0,803,recovery,745
7.084158529247649,187,0,448,365,0,0,0,803,recovery,657
7.098441644343731,186,0,449,365,0,0,0,804,infection,701
7.105437686613242,185,0,450,365,0,0,0,805,infection,461
7.109735411444664,184,0,451,365,0,0,0,806,infection,300
7.109745318217293,184,0,450,366,0,0,0,806,recovery,292
7.112093360419788,184,0,449,367,0,0,0,806,recovery,225
7.117917582622561,184,0,448,368,0,0,0,806,recovery,894
7.119835400390364,183,0,449,368,0,0,0,807,infection,116
7.123964447180476,182,0,450,368,0,0,0,808,infection,224
7.124516416882134,182,0,449,369,0,0,0,808,recovery,826
7.135632730110975,182,0,448,370,0,0,0,808,recovery,679
7.136946328813415,182,0,447,371,0,0,0,808,recovery,804
7.144076609240283,182,0,446,372,0,0,0,808,recovery,369
7.145370660157974,182,0,445,373,0,0,0,808,recovery,555
7.1455436716374185,181,0,446,373,0,0,0,809,infection,341
7.149200117439143,180,0,447,373,0,0,0,810,infection,565
7.152800160772171,180,0,446,374,0,0,0,810,recovery,677
7.153177574200071,179,0,447,374,0,0,0,811,infection,695
7.158328067511112,179,0,446,375,0,0,0,811,recovery,413
7.161444033493394,178,0,447,375,0,0,0,812,infection,154
7.169326179602851,177,0,448,375,0,0,0,813,infection,752
7.170686577169558,177,0,447,376,0,0,0,813,recovery,498
7.171352779625328,176,0,448,376,0,0,0,814,infection,827
7.187104519923266,176,0,447,377,0,0,0,814,recovery,969
7.188280136253539,175,0,448,377,0,0,0,815,infection,463
7.1938534506134895,175,0,447,378,0,0,0,815,recovery,868
7.196777867323097,175,0,446,379,0,0,0,815,recovery,244
7.206642195833332,174,0,447,379,0,0,0,816,infection,159
7.211824513556378,174,0,446,380,0,0,0,816,recovery,129
7.212307453986556,174,0,445,381,0,0,0,816,recovery,534
7.224434814644036,174,0,444,382,0,0,0,816,recovery,775
7.235500390849036,174,0,443,383,0,0,0,816,recovery,710
7.242338519227232,174,0,442,384,0,0,0,816,recovery,733
7.243752317239632,174,0,441,385,0,0,0,816,recovery,397
7.250820306513931,173,0,442,385,0,0,0,817,infection,937
7.261425151867628,172,0,443,385,0,0,0,818,infection,416
7.264558048143804,172,0,442,386,0,0,0,818,recovery,398
7.273628338433988,172,0,441,387,0,0,0,818,recovery,581
7.28356618245319,172,0,440,388,0,0,0,818,recovery,227
7.283686435325203,172,0,439,389,0,0,0,818,recovery,416
7.2917406474831985,172,0,438,390,0,0,0,818,recovery,810
7.294974227833746,171,0,439,390,0,0,0,819,infection,846
7.299755036753796,171,0,438,391,0,0,0,819,recovery,318
7.3005178777256,171,0,437,392,0,0,0,819,recovery,931
7.3146956852156,170,0,438,392,0,0,0,820,infection,596
7.315855628858275,170,0,437,393,0,0,0,820,recovery,253
7.317007476035775,170,0,436,394,0,0,0,820,recovery,846
7.319864533669096,169,0,437,394,0,0,0,821,infection,860
7.320242768884561,168,0,438,394,0,0,0,822,infection,255
7.323463979899969,168,0,437,395,0,0,0,822,recovery,350
7.331210552062517,168,0,436,396,0,0,0,822,recovery,213
7.356064404967719,168,0,435,397,0,0,0,822,recovery,951
7.3590349131445585,168,0,434,398,0,0,0,822,recovery,371
7.360472266037942,167,0,435,398,0,0,0,823,infection,943
7.3652562197734515,166,0,436,398,0,0,0,824,infection,594
7.370012237059974,166,0,435,399,0,0,0,824,recovery,265
7.372901918113164,166,0,434,400,0,0,0,824,recovery,527
7.3806133747031595,166,0,433,401,0,0,0,824,recovery,281
7.3809010678029345,166,0,432,402,0,0,0,824,recovery,953
7.396962314145009,166,0,431,403,0,0,0,824,recovery,532
7.398768604946857,165,0,432,403,0,0,0,825,infection,264
7.399620726197347,164,0,433,403,0,0,0,826,infection,611
7.400548494929015,164,0,432,404,0,0,0,826,recovery,426
7.401020142288493,164,0,431,405,0,0,0,826,recovery,151
7.401686200453693,163,0,432,405,0,0,0,827,infection,313
7.403975150898098,163,0,431,406,0,0,0,827,recovery,807
7.405152583205138,163,0,430,407,0,0,0,827,recovery,855
7.40554552301701,163,0,429,408,0,0,0,827,recovery,7
7.4080868127517485,163,0,428,409,0,0,0,827,recovery,545
7.408338345221993,163,0,427,410,0,0,0,827,recovery,935
7.4112071915615285,163,0,426,411,0,0,0,827,recovery,113
7.416017247859548,162,0,427,411,0,0,0,828,infection,972
7.416192648329845,161,0,428,411,0,0,0,829,infection,334
7.418567558240584,160,0,429,411,0,0,0,830,infection,134
7.422094809964093,160,0,428,412,0,0,0,830,recovery,154
7.422216229126034,160,0,427,413,0,0,0,830,recovery,76
7.423183918519939,160,0,426,414,0,0,0,830,recovery,927
7.424810539533084,160,0,425,415,0,0,0,830,recovery,375
7.441997365193785,160,0,424,416,0,0,0,830,recovery,178
7.455326354966555,160,0,423,417,0,0,0,830,recovery,740
7.46190055555489,159,0,424,417,0,0,0,831,infection,721
7.469940953727867,159,0,423,418,0,0,0,831,recovery,216
7.479553866624547,159,0,422,419,0,0,0,831,recovery,680
7.4825534420934945,159,0,421,420,0,0,0,831,recovery,334
7.490674160482472,159,0,420,421,0,0,0,831,recovery,959
7.49090656971434,159,0,419,422,0,0,0,831,recovery,741
7.494037062757675,158,0,420,422,0,0,0,832,infection,624
7.497230895859197,158,0,419,423,0,0,0,832,recovery,622
7.497267914069946,157,0,420,423,0,0,0,833,infection,859
7.500128417939872,156,0,421,423,0,0,0,834,infection,439
7.503885178765379,155,0,422,423,0,0,0,835,infection,556
7.516026920428759,155,0,421,424,0,0,0,835,recovery,261
7.5162651001421255,154,0,422,424,0,0,0,836,infection,876
7.521092196619096,154,0,421,425,0,0,0,836,recovery,326
7.525594193392016,154,0,420,426,0,0,0,836,recovery,774
7.528540533705316,154,0,419,427,0,0,0,836,recovery,858
7.5297833857285035,153,0,420,427,0,0,0,837,infection,409
7.532337775257988,153,0,419,428,0,0,0,837,recovery,162
7.5326169890341905,152,0,420,428,0,0,0,838,infection,796
7.53890362932128,151,0,421,428,0,0,0,839,infection,975
7.540876087305419,151,0,420,429,0,0,0,839,recovery,829
7.548069535489331,150,0,421,429,0,0,0,840,infection,521
7.556071581119788,150,0,420,430,0,0,0,840,recovery,343
7.557954287795399,150,0,419,431,0,0,0,840,recovery,779
7.579059291002864,149,0,420,431,0,0,0,841,infection,357
7.584419707023284,148,0,421,431,0,0,0,842,infection,50
7.5887534774191305,148,0,420,432,0,0,0,842,recovery,208
7.594354900334628,148,0,419,433,0,0,0,842,recovery,451
7.600130452599128,148,0,418,434,0,0,0,842,recovery,236
7.604637257762138,148,0,417,435,0,0,0,842,recovery,32
7.606230714487957,147,0,418,435,0,0,0,843,infection,776
7.606547136690485,147,0,417,436,0,0,0,843,recovery,964
7.612064040851616,146,0,418,436,0,0,0,844,infection,302
7.613745302232911,146,0,417,437,0,0,0,844,recovery,360
7.615051582281979,146,0,416,438,0,0,0,844,recovery,860
7.618665716403788,146,0,415,439,0,0,0,844,recovery,412
7.6198908849928255,146,0,414,440,0,0,0,844,recovery,773
7.6317185958236475,145,0,415,440,0,0,0,845,infection,957
7.656982861517145,145,0,414,441,0,0,0,845,recovery,972
7.6588014468160495,144,0,415,441,0,0,0,846,infection,505
7.6632904984476085,144,0,414,442,0,0,0,846,recovery,837
7.6739135425792595,144,0,413,443,0,0,0,846,recovery,567
7.682559693717861,144,0,412,444,0,0,0,846,recovery,795
7.68344030960594,144,0,411,445,0,0,0,846,recovery,798
7.68442313479056,144,0,410,446,0,0,0,846,recovery,148
7.689699945483287,143,0,411,446,0,0,0,847,infection,23
7.692464175133068,143,0,410,447,0,0,0,847,recovery,294
7.712272701318876,143,0,409,448,0,0,0,847,recovery,195
7.716955266917313,142,0,410,448,0,0,0,848,infection,111
7.729665184909058,142,0,409,449,0,0,0,848,recovery,630
7.733422993885777,141,0,410,449,0,0,0,849,infection,14
7.733556202874695,141,0,409,450,0,0,0,849,recovery,521
7.734860201513739,140,0,410,450,0,0,0,850,infection,53
7.736087252225732,139,0,411,450,0,0,0,851,infection,124
7.7363426079161,139,0,410,451,0,0,0,851,recovery,538
7.73650250468638,139,0,409,452,0,0,0,851,recovery,33
7.748589144809657,139,0,408,453,0,0,0,851,recovery,482
7.7509981688635055,139,0,407,454,0,0,0,851,recovery,988
7.756451194983023,138,0,408,454,0,0,0,852,infection,588
7.758231692961741,137,0,409,454,0,0,0,853,infection,568
7.76394055024568,137,0,408,455,0,0,0,853,recovery,434
7.764504775569144,137,0,407,456,0,0,0,853,recovery,892
7.771231896656922,137,0,406,457,0,0,0,853,recovery,850
7.774856361433423,137,0,405,458,0,0,0,853,recovery,263
7.798513143877582,137,0,404,459,0,0,0,853,recovery,79
7.798826667870077,136,0,405,459,0,0,0,854,infection,420
7.799342901072631,135,0,406,459,0,0,0,855,infection,712
7.8219914632433625,134,0,407,459,0,0,0,856,infection,900
7.827868465278989,134,0,406,460,0,0,0,856,recovery,856
7.831112437762847,133,0,407,460,0,0,0,857,infection,802
7.834189415132354,133,0,406,461,0,0,0,857,recovery,274
7.837349078285174,133,0,405,462,0,0,0,857,recovery,21
7.843477085303904,133,0,404,463,0,0,0,857,recovery,159
7.851534558115489,132,0,405,463,0,0,0,858,infection,933
7.8536694867261385,132,0,404,464,0,0,0,858,recovery,723
7.861495477786176,132,0,403,465,0,0,0,858,recovery,313
7.864853653341493,131,0,404,465,0,0,0,859,infection,457
7.868857781202072,130,0,405,465,0,0,0,860,infection,584
7.877499656719415,130,0,404,466,0,0,0,860,recovery,901
7.881025482860528,129,0,405,466,0,0,0,861,infection,847
7.88305795763255,129,0,404,467,0,0,0,861,recovery,205
7.890636248564291,129,0,403,468,0,0,0,861,recovery,104
7.905160668031506,128,0,404,468,0,0,0,862,infection,430
7.906183156813863,128,0,403,469,0,0,0,862,recovery,50
7.920123437480981,128,0,402,470,0,0,0,862,recovery,80
7.920235050534674,127,0,403,470,0,0,0,863,infection,506
7.9256103686477,127,0,402,471,0,0,0,863,recovery,709
7.934067356508399,127,0,401,472,0,0,0,863,recovery,897
7.939028701056466,127,0,400,473,0,0,0,863,recovery,783
7.939194890515762,126,0,401,473,0,0,0,864,infection,843
7.950436502568645,126,0,400,474,0,0,0,864,recovery,732
7.9528351286096886,126,0,399,475,0,0,0,864,recovery,828
7.953432297176839,125,0,400,475,0,0,0,865,infection,784
7.954519191398863,125,0,399,476,0,0,0,865,recovery,559
7.958044751302504,125,0,398,477,0,0,0,865,recovery,90
7.9708043044964025,125,0,397,478,0,0,0,865,recovery,4
7.97405802683194,124,0,398,478,0,0,0,866,infection,961
7.987717495509964,124,0,397,479,0,0,0,866,recovery,588
7.9889645041902915,123,0,398,479,0,0,0,867,infection,794
8.009914872863712,123,0,397,480,0,0,0,867,recovery,643
8.012868582386435,123,0,396,481,0,0,0,867,recovery,102
8.016967031274044,123,0,395,482,0,0,0,867,recovery,384
8.044608898121592,123,0,394,483,0,0,0,867,recovery,584
8.048496254654745,122,0,395,483,0,0,0,868,infection,815
8.050585936073684,122,0,394,484,0,0,0,868,recovery,920
8.052706042955657,121,0,395,484,0,0,0,869,infection,74
8.06163274530417,121,0,394,485,0,0,0,869,recovery,975
8.073878563967982,121,0,393,486,0,0,0,869,recovery,869
8.084748843785276,120,0,394,486,0,0,0,870,infection,854
8.097616465264013,120,0,393,487,0,0,0,870,recovery,26
8.10217764268343,120,0,392,488,0,0,0,870,recovery,300
8.107174931768206,120,0,391,489,0,0,0,870,recovery,530
8.118587664750846,120,0,390,490,0,0,0,870,recovery,111
8.134982181399312,120,0,389,491,0,0,0,870,recovery,932
8.135977139873647,120,0,388,492,0,0,0,870,recovery,247
8.138304886126242,119,0,389,492,0,0,0,871,infection,385
8.138416998558514,119,0,388,493,0,0,0,871,recovery,834
8.138796681147968,118,0,389,493,0,0,0,872,infection,598
8.145717277896066,118,0,388,494,0,0,0,872,recovery,550
8.14619699121348,117,0,389,494,0,0,0,873,infection,778
8.163513948376819,117,0,388,495,0,0,0,873,recovery,556
8.181815823310185,117,0,387,496,0,0,0,873,recovery,87
8.183074457261752,117,0,386,497,0,0,0,873,recovery,699
8.188535802050254,117,0,385,498,0,0,0,873,recovery,273
8.190742540795037,117,0,384,499,0,0,0,873,recovery,656
8.199604225568109,116,0,385,499,0,0,0,874,infection,308
8.201788914801503,116,0,384,500,0,0,0,874,recovery,127
8.202465241548744,116,0,383,501,0,0,0,874,recovery,173
8.205415771116295,115,0,384,501,0,0,0,875,infection,512
8.210456286156777,114,0,385,501,0,0,0,876,infection,40
8.213340917527447,113,0,386,501,0,0,0,877,infection,819
8.219846500596052,113,0,385,502,0,0,0,877,recovery,863
8.236123216781952,112,0,386,502,0,0,0,878,infection,942
8.255994006347155,112,0,385,503,0,0,0,878,recovery,662
8.271655500435257,112,0,384,504,0,0,0,878,recovery,639
8.277585748649312,112,0,383,505,0,0,0,878,recovery,871
8.282761194774908,112,0,382,506,0,0,0,878,recovery,648
8.283014401620829,112,0,381,507,0,0,0,878,recovery,29
8.287733944831528,111,0,382,507,0,0,0,879,infection,209
8.289737729889293,111,0,381,508,0,0,0,879,recovery,338
8.29382176862272,111,0,380,509,0,0,0,879,recovery,980
8.298055358978049,111,0,379,510,0,0,0,879,recovery,15
8.30175772732437,111,0,378,511,0,0,0,879,recovery,791
8.311492111497603,110,0,379,511,0,0,0,880,infection,365
8.315247845031374,110,0,378,512,0,0,0,880,recovery,421
8.327863479185217,110,0,377,513,0,0,0,880,recovery,355
8.335408782021911,110,0,376,514,0,0,0,880,recovery,925
8.347450106098643,110,0,375,515,0,0,0,880,recovery,302
8.356949278248452,109,0,376,515,0,0,0,881,infection,486
8.3570858383597,109,0,375,516,0,0,0,881,recovery,346
8.362091644458056,109,0,374,517,0,0,0,881,recovery,537
8.370724919303386,109,0,373,518,0,0,0,881,recovery,594
8.379660355484955,109,0,372,519,0,0,0,881,recovery,511
8.385864980102236,108,0,373,519,0,0,0,882,infection,99
8.39555674500873,107,0,374,519,0,0,0,883,infection,772
8.405232106281172,107,0,373,520,0,0,0,883,recovery,954
8.405905758614045,107,0,372,521,0,0,0,883,recovery,843
8.411422523775043,107,0,371,522,0,0,0,883,recovery,497
8.419041607016647,107,0,370,523,0,0,0,883,recovery,887
8.434069546110617,107,0,369,524,0,0,0,883,recovery,601
8.436435114989534,106,0,370,524,0,0,0,884,infection,541
8.444275318574979,105,0,371,524,0,0,0,885,infection,675
8.444556271664085,104,0,372,524,0,0,0,886,infection,713
8.45762017048465,104,0,371,525,0,0,0,886,recovery,428
8.464458607605248,103,0,372,525,0,0,0,887,infection,20
8.468160102185314,102,0,373,525,0,0,0,888,infection,351
8.470464741549637,102,0,372,526,0,0,0,888,recovery,592
8.471837446021135,101,0,373,526,0,0,0,889,infection,599
8.480231374897379,100,0,374,526,0,0,0,890,infection,242
8.484650486646663,100,0,373,527,0,0,0,890,recovery,452
8.490184849154183,100,0,372,528,0,0,0,890,recovery,331
8.495216322449753,99,0,373,528,0,0,0,891,infection,606
8.504173478935659,99,0,372,529,0,0,0,891,recovery,194
8.50959827375839,98,0,373,529,0,0,0,892,infection,319
8.527384815300465,98,0,372,530,0,0,0,892,recovery,750
8.530296912500024,98,0,371,531,0,0,0,892,recovery,73
8.545547270449772,98,0,370,532,0,0,0,892,recovery,898
8.552280023241018,98,0,369,533,0,0,0,892,recovery,730
8.55254950282239,98,0,368,534,0,0,0,892,recovery,193
8.5717954000915,97,0,369,534,0,0,0,893,infection,792
8.57869196308924,97,0,368,535,0,0,0,893,recovery,14
8.579035077614297,97,0,367,536,0,0,0,893,recovery,817
8.584681448926608,97,0,366,537,0,0,0,893,recovery,943
8.589080278911922,96,0,367,537,0,0,0,894,infection,756
8.5961644007016,96,0,366,538,0,0,0,894,recovery,23
8.59624172601263,96,0,365,539,0,0,0,894,recovery,328
8.609436707727763,96,0,364,540,0,0,0,894,recovery,245
8.632554240764186,96,0,363,541,0,0,0,894,recovery,501
8.636459668970339,96,0,362,542,0,0,0,894,recovery,77
8.648076293028426,95,0,363,542,0,0,0,895,infection,940
8.650232198781755,95,0,362,543,0,0,0,895,recovery,607
8.660069060637076,94,0,363,543,0,0,0,896,infection,673
8.66320839911513,93,0,364,543,0,0,0,897,infection,564
8.668570432226131,93,0,363,544,0,0,0,897,recovery,10
8.670206167908844,93,0,362,545,0,0,0,897,recovery,320
8.671529014323646,93,0,361,546,0,0,0,897,recovery,471
8.672124470897323,93,0,360,547,0,0,0,897,recovery,812
8.675163049862352,93,0,359,548,0,0,0,897,recovery,305
8.686946390135017,93,0,358,549,0,0,0,897,recovery,752
8.70856425851269,93,0,357,550,0,0,0,897,recovery,478
8.733300466145824,93,0,356,551,0,0,0,897,recovery,600
8.752727143478694,93,0,355,552,0,0,0,897,recovery,353
8.757077250413992,92,0,356,552,0,0,0,898,infection,893
8.764104154291505,92,0,355,553,0,0,0,898,recovery,904
8.782985897232802,92,0,354,554,0,0,0,898,recovery,303
8.787834203883927,92,0,353,555,0,0,0,898,recovery,886
8.796615587312084,92,0,352,556,0,0,0,898,recovery,979
8.804058685361555,92,0,351,557,0,0,0,898,recovery,973
8.810775027636593,91,0,352,557,0,0,0,899,infection,470
8.846121588426367,91,0,351,558,0,0,0,899,recovery,742
8.8491060412977,90,0,352,558,0,0,0,900,infection,284
8.849843914602564,90,0,351,559,0,0,0,900,recovery,327
8.859338275446891,90,0,350,560,0,0,0,900,recovery,251
8.859427057684272,90,0,349,561,0,0,0,900,recovery,763
8.859661686853583,89,0,350,561,0,0,0,901,infection,110
8.87039646112553,89,0,349,562,0,0,0,901,recovery,961
8.875699235351249,89,0,348,563,0,0,0,901,recovery,437
8.88256921152165,88,0,349,563,0,0,0,902,infection,479
8.886545104073747,88,0,348,564,0,0,0,902,recovery,81
8.890905767908306,88,0,347,565,0,0,0,902,recovery,286
8.904793738104871,88,0,346,566,0,0,0,902,recovery,364
8.929855674294675,87,0,347,566,0,0,0,903,infection,290
8.937418613109855,87,0,346,567,0,0,0,903,recovery,729
8.949256129282379,87,0,345,568,0,0,0,903,recovery,715
8.950343368866669,86,0,346,568,0,0,0,904,infection,340
8.96989918345681,86,0,345,569,0,0,0,904,recovery,526
8.972716622660265,86,0,344,570,0,0,0,904,recovery,928
8.97624700539548,86,0,343,571,0,0,0,904,recovery,224
8.976739537708827,86,0,342,572,0,0,0,904,recovery,696
8.992445258695655,85,0,343,572,0,0,0,905,infection,467
9.004993040765243,85,0,342,573,0,0,0,905,recovery,480
9.011898076725652,85,0,341,574,0,0,0,905,recovery,986
9.016597329150857,85,0,340,575,0,0,0,905,recovery,816
9.02376008999561,85,0,339,576,0,0,0,905,recovery,221
9.02662177754347,85,0,338,577,0,0,0,905,recovery,772
9.031003529734217,85,0,337,578,0,0,0,905,recovery,739
9.031134093797931,85,0,336,579,0,0,0,905,recovery,809
9.036637394202064,85,0,335,580,0,0,0,905,recovery,536
9.045757198020505,84,0,336,580,0,0,0,906,infection,16
9.05109041526456,84,0,335,581,0,0,0,906,recovery,46
9.054722160198827,83,0,336,581,0,0,0,907,infection,203
9.063512110159461,83,0,335,582,0,0,0,907,recovery,851
9.064522780564529,83,0,334,583,0,0,0,907,recovery,551
9.064632093613167,83,0,333,584,0,0,0,907,recovery,926
9.069379483996197,83,0,332,585,0,0,0,907,recovery,322
9.073006445086381,83,0,331,586,0,0,0,907,recovery,425
9.081484116686624,82,0,332,586,0,0,0,908,infection,460
9.081964880857925,81,0,333,586,0,0,0,909,infection,690
9.089445080997523,80,0,334,586,0,0,0,910,infection,977
9.09017405408094,80,0,333,587,0,0,0,910,recovery,549
9.09585064339408,80,0,332,588,0,0,0,910,recovery,138
9.097634906613731,80,0,331,589,0,0,0,910,recovery,788
9.10357644892317,80,0,330,590,0,0,0,910,recovery,62
9.11942064478564,80,0,329,591,0,0,0,910,recovery,285
9.120859161005457,80,0,328,592,0,0,0,910,recovery,142
9.123414796133197,80,0,327,593,0,0,0,910,recovery,242
9.136726342771826,80,0,326,594,0,0,0,910,recovery,161
9.13745225295505,80,0,325,595,0,0,0,910,recovery,146
9.15428787508275,80,0,324,596,0,0,0,910,recovery,417
9.180127035726311,80,0,323,597,0,0,0,910,recovery,578
9.197841049387678,80,0,322,598,0,0,0,910,recovery,713
9.20548256606082,80,0,321,599,0,0,0,910,recovery,152
9.21010784416294,80,0,320,600,0,0,0,910,recovery,240
9.210613544241262,80,0,319,601,0,0,0,910,recovery,105
9.232416375792749,80,0,318,602,0,0,0,910,recovery,725
9.234153197518385,80,0,317,603,0,0,0,910,recovery,52
9.237985906068332,80,0,316,604,0,0,0,910,recovery,419
9.3008711588317,79,0,317,604,0,0,0,911,infection,570
9.3048341045488,79,0,316,605,0,0,0,911,recovery,38
9.314653998544816,78,0,317,605,0,0,0,912,infection,502
9.332440135309762,78,0,316,606,0,0,0,912,recovery,611
9.33998824872181,78,0,315,607,0,0,0,912,recovery,836
9.340281951934882,77,0,316,607,0,0,0,913,infection,158
9.375612255677183,76,0,317,607,0,0,0,914,infection,510
9.385215497486536,76,0,316,608,0,0,0,914,recovery,706
9.39613319425791,76,0,315,609,0,0,0,914,recovery,48
9.406945744230072,75,0,316,609,0,0,0,915,infection,950
9.411937260883214,75,0,315,610,0,0,0,915,recovery,217
9.42508821706373,75,0,314,611,0,0,0,915,recovery,883
9.447432639797888,75,0,313,612,0,0,0,915,recovery,599
9.45345110400805,74,0,314,612,0,0,0,916,infection,239
9.459766695951716,74,0,313,613,0,0,0,916,recovery,75
9.461513113313414,74,0,312,614,0,0,0,916,recovery,40
9.494013178960428,73,0,313,614,0,0,0,917,infection,535
9.503513995644838,73,0,312,615,0,0,0,917,recovery,605
9.506612671347012,72,0,313,615,0,0,0,918,infection,561
9.50684792883127,72,0,312,616,0,0,0,918,recovery,226
9.512335310552661,71,0,313,616,0,0,0,919,infection,811
9.53811879057328,70,0,314,616,0,0,0,920,infection,633
9.544089961271307,70,0,313,617,0,0,0,920,recovery,53
9.544179120326335,70,0,312,618,0,0,0,920,recovery,929
9.554660116804857,70,0,311,619,0,0,0,920,recovery,255
9.5652008455256,70,0,310,620,0,0,0,920,recovery,673
9.567519079086209,70,0,309,621,0,0,0,920,recovery,598
9.575773857772178,70,0,308,622,0,0,0,920,recovery,635
9.578798078499718,69,0,309,622,0,0,0,921,infection,866
9.59495117896551,69,0,308,623,0,0,0,921,recovery,268
9.614723022660641,69,0,307,624,0,0,0,921,recovery,284
9.617995007957685,68,0,308,624,0,0,0,922,infection,314
9.640598150660793,67,0,309,624,0,0,0,923,infection,25
9.64213100177488,67,0,308,625,0,0,0,923,recovery,60
9.64909389488337,67,0,307,626,0,0,0,923,recovery,586
9.650021863913716,66,0,308,626,0,0,0,924,infection,139
9.658372992052092,66,0,307,627,0,0,0,924,recovery,494
9.687930339743769,66,0,306,628,0,0,0,924,recovery,823
9.694402013689327,66,0,305,629,0,0,0,924,recovery,296
9.72746337793389,66,0,304,630,0,0,0,924,recovery,231
9.74653596230514,65,0,305,630,0,0,0,925,infection,85
9.761661005653114,65,0,304,631,0,0,0,925,recovery,314
9.786057017471444,65,0,303,632,0,0,0,925,recovery,900
9.788749297745461,65,0,302,633,0,0,0,925,recovery,782
9.8009412244829,65,0,301,634,0,0,0,925,recovery,12
9.8095625313156,65,0,300,635,0,0,0,925,recovery,936
9.819071648257749,65,0,299,636,0,0,0,925,recovery,158
9.819355543617197,65,0,298,637,0,0,0,925,recovery,619
9.821233096274371,64,0,299,637,0,0,0,926,infection,218
9.82652419617625,63,0,300,637,0,0,0,927,infection,735
9.834157070516156,63,0,299,638,0,0,0,927,recovery,402
9.844266432387975,63,0,298,639,0,0,0,927,recovery,44
9.846625096153726,63,0,297,640,0,0,0,927,recovery,919
9.852285304046973,63,0,296,641,0,0,0,927,recovery,92
9.869942303735415,63,0,295,642,0,0,0,927,recovery,293
9.873965079273624,63,0,294,643,0,0,0,927,recovery,172
9.87546414257618,63,0,293,644,0,0,0,927,recovery,201
9.89714372421032,63,0,292,645,0,0,0,927,recovery,987
9.917027541792375,63,0,291,646,0,0,0,927,recovery,341
9.928242752628815,63,0,290,647,0,0,0,927,recovery,379
9.92850630063743,62,0,291,647,0,0,0,928,infection,652
9.93039156037868,62,0,290,648,0,0,0,928,recovery,734
9.942196060600295,62,0,289,649,0,0,0,928,recovery,756
9.944680644242721,62,0,288,650,0,0,0,928,recovery,568
9.956288834116428,62,0,287,651,0,0,0,928,recovery,100
9.992579910320066,61,0,288,651,0,0,0,929,infection,632
10.014097566502098,61,0,287,652,0,0,0,929,recovery,106
10.02852252477905,60,0,288,652,0,0,0,930,infection,211
10.037536400614734,60,0,287,653,0,0,0,930,recovery,827
10.039112542668624,60,0,286,654,0,0,0,930,recovery,913
10.066953441412348,60,0,285,655,0,0,0,930,recovery,237
10.08167855466981,60,0,284,656,0,0,0,930,recovery,467
10.08834804781716,60,0,283,657,0,0,0,930,recovery,873
10.088622445611293,60,0,282,658,0,0,0,930,recovery,126
10.091481568502534,60,0,281,659,0,0,0,930,recovery,949
10.09178764644826,59,0,282,659,0,0,0,931,infection,711
10.122633577736941,59,0,281,660,0,0,0,931,recovery,934
10.131386336079437,59,0,280,661,0,0,0,931,recovery,686
10.142584871945067,59,0,279,662,0,0,0,931,recovery,420
10.157854107207866,58,0,280,662,0,0,0,932,infection,114
10.188633176462355,58,0,279,663,0,0,0,932,recovery,85
10.22399794277775,57,0,280,663,0,0,0,933,infection,98
10.226358714526606,57,0,279,664,0,0,0,933,recovery,792
10.233712745258508,57,0,278,665,0,0,0,933,recovery,427
10.236330895170335,57,0,277,666,0,0,0,933,recovery,147
10.25430899272755,57,0,276,667,0,0,0,933,recovery,955
10.257059155042395,57,0,275,668,0,0,0,933,recovery,746
10.268570884679807,57,0,274,669,0,0,0,933,recovery,859
10.28309027511277,57,0,273,670,0,0,0,933,recovery,735
10.298445225556447,56,0,274,670,0,0,0,934,infection,720
10.299125361469567,56,0,273,671,0,0,0,934,recovery,801
10.31384120532983,56,0,272,672,0,0,0,934,recovery,324
10.329806276788315,56,0,271,673,0,0,0,934,recovery,36
10.334313057928721,56,0,270,674,0,0,0,934,recovery,652
10.340804804535477,56,0,269,675,0,0,0,934,recovery,570
10.342670736952433,56,0,268,676,0,0,0,934,recovery,565
10.343696002434468,56,0,267,677,0,0,0,934,recovery,479
10.372657247075505,56,0,266,678,0,0,0,934,recovery,117
10.406986029337904,56,0,265,679,0,0,0,934,recovery,457
10.418998795457625,56,0,264,680,0,0,0,934,recovery,223
10.421934932510386,56,0,263,681,0,0,0,934,recovery,446
10.422081017675696,55,0,264,681,0,0,0,935,infection,781
10.429197760654766,55,0,263,682,0,0,0,935,recovery,88
10.448483725397043,55,0,262,683,0,0,0,935,recovery,761
10.45866868010105,55,0,261,684,0,0,0,935,recovery,220
10.46228778859862,54,0,262,684,0,0,0,936,infection,183
10.464852892275273,54,0,261,685,0,0,0,936,recovery,523
10.466910446188118,54,0,260,686,0,0,0,936,recovery,865
10.483171491001752,54,0,259,687,0,0,0,936,recovery,470
10.500667216846697,54,0,258,688,0,0,0,936,recovery,888
10.513081241968603,54,0,257,689,0,0,0,936,recovery,282
10.51339494415784,54,0,256,690,0,0,0,936,recovery,409
10.514547221116173,53,0,257,690,0,0,0,937,infection,602
10.528252857524134,53,0,256,691,0,0,0,937,recovery,108
10.531000707913865,53,0,255,692,0,0,0,937,recovery,390
10.54888486721593,52,0,256,692,0,0,0,938,infection,141
10.596357662322504,52,0,255,693,0,0,0,938,recovery,755
10.59999996656889,51,0,256,693,0,0,0,939,infection,491
10.668599345144434,51,0,255,694,0,0,0,939,recovery,260
10.694523537854652,51,0,254,695,0,0,0,939,recovery,183
10.699154680719136,51,0,253,696,0,0,0,939,recovery,506
10.709717007142698,51,0,252,697,0,0,0,939,recovery,634
10.726461323727882,51,0,251,698,0,0,0,939,recovery,330
10.738838536261111,50,0,252,698,0,0,0,940,infection,180
10.774234716707912,50,0,251,699,0,0,0,940,recovery,439
10.785641721141346,50,0,250,700,0,0,0,940,recovery,767
10.796612666757714,49,0,251,700,0,0,0,941,infection,881
10.826823749673892,49,0,250,701,0,0,0,941,recovery,669
10.875931374897085,49,0,249,702,0,0,0,941,recovery,453
10.880049011983292,49,0,248,703,0,0,0,941,recovery,766
10.88976438772199,48,0,249,703,0,0,0,942,infection,464
10.898478702247342,48,0,248,704,0,0,0,942,recovery,411
10.898999184044808,47,0,249,704,0,0,0,943,infection,422
10.939408575076381,47,0,248,705,0,0,0,943,recovery,705
10.959958302194286,46,0,249,705,0,0,0,944,infection,707
10.960871524967132,46,0,248,706,0,0,0,944,recovery,460
10.963221844899182,46,0,247,707,0,0,0,944,recovery,110
11.00556416188123,46,0,246,708,0,0,0,944,recovery,486
11.026080720558161,45,0,247,708,0,0,0,945,infection,170
11.093252493824334,45,0,246,709,0,0,0,945,recovery,473
11.093932367123845,45,0,245,710,0,0,0,945,recovery,182
11.107828081030041,45,0,244,711,0,0,0,945,recovery,590
11.113481029430751,45,0,243,712,0,0,0,945,recovery,86
11.115655897211358,45,0,242,713,0,0,0,945,recovery,542
11.120278826386913,44,0,243,713,0,0,0,946,infection,563
11.124013196637453,44,0,242,714,0,0,0,946,recovery,794
11.145248591705396,44,0,241,715,0,0,0,946,recovery,675
11.145395730813428,44,0,240,716,0,0,0,946,recovery,424
11.167413887323523,44,0,239,717,0,0,0,946,recovery,103
11.17690292185541,44,0,238,718,0,0,0,946,recovery,180
11.217812328710473,44,0,237,719,0,0,0,946,recovery,695
11.228959466255265,44,0,236,720,0,0,0,946,recovery,306
11.244986735441946,43,0,237,720,0,0,0,947,infection,708
11.247351375737384,42,0,238,720,0,0,0,948,infection,754
11.252153209121339,42,0,237,721,0,0,0,948,recovery,218
11.259176704258996,42,0,236,722,0,0,0,948,recovery,380
11.292327164446416,42,0,235,723,0,0,0,948,recovery,66
11.30589419554521,42,0,234,724,0,0,0,948,recovery,609
11.309058800342857,42,0,233,725,0,0,0,948,recovery,209
11.316641216036611,42,0,232,726,0,0,0,948,recovery,290
11.353449879308236,42,0,231,727,0,0,0,948,recovery,418
11.36710679872355,42,0,230,728,0,0,0,948,recovery,854
11.426400858835134,42,0,229,729,0,0,0,948,recovery,557
11.434367918052812,42,0,228,730,0,0,0,948,recovery,819
11.438061589164764,42,0,227,731,0,0,0,948,recovery,169
11.44589107826628,42,0,226,732,0,0,0,948,recovery,136
11.446770822383204,42,0,225,733,0,0,0,948,recovery,30
11.534481723935002,42,0,224,734,0,0,0,948,recovery,114
11.538843758621514,42,0,223,735,0,0,0,948,recovery,721
11.550560820092008,41,0,224,735,0,0,0,949,infection,455
11.562861603215719,41,0,223,736,0,0,0,949,recovery,881
11.563178016652842,41,0,222,737,0,0,0,949,recovery,822
11.573451773683466,41,0,221,738,0,0,0,949,recovery,396
11.57848014316179,41,0,220,739,0,0,0,949,recovery,608
11.598622079375897,41,0,219,740,0,0,0,949,recovery,192
11.618501796212755,41,0,218,741,0,0,0,949,recovery,67
11.640880139803649,41,0,217,742,0,0,0,949,recovery,547
11.666941710524224,41,0,216,743,0,0,0,949,recovery,670
11.689048175533037,40,0,217,743,0,0,0,950,infection,744
11.702692162792026,40,0,216,744,0,0,0,950,recovery,112
11.717695746162265,40,0,215,745,0,0,0,950,recovery,912
11.730698966379828,40,0,214,746,0,0,0,950,recovery,787
11.762776965299356,40,0,213,747,0,0,0,950,recovery,983
11.811870341153513,40,0,212,748,0,0,0,950,recovery,488
11.817010119965587,40,0,211,749,0,0,0,950,recovery,514
11.831835389118087,40,0,210,750,0,0,0,950,recovery,2
11.833050722898733,40,0,209,751,0,0,0,950,recovery,720
11.845863454548027,40,0,208,752,0,0,0,950,recovery,20
11.847898813417356,40,0,207,753,0,0,0,950,recovery,778
11.870052445642008,40,0,206,754,0,0,0,950,recovery,703
11.880315946971761,40,0,205,755,0,0,0,950,recovery,690
11.884147059345686,40,0,204,756,0,0,0,950,recovery,365
11.888717469969633,40,0,203,757,0,0,0,950,recovery,444
11.92303912302771,39,0,204,757,0,0,0,951,infection,989
11.94043031540361,39,0,203,758,0,0,0,951,recovery,989
11.954768401096475,38,0,204,758,0,0,0,952,infection,660
11.955388462165692,37,0,205,758,0,0,0,953,infection,243
11.977037875592096,37,0,204,759,0,0,0,953,recovery,633
12.041337048661685,37,0,203,760,0,0,0,953,recovery,802
12.049661525850517,37,0,202,761,0,0,0,953,recovery,708
12.050653777255594,37,0,201,762,0,0,0,953,recovery,517
12.073934508050735,36,0,202,762,0,0,0,954,infection,504
12.080037057270932,36,0,201,763,0,0,0,954,recovery,748
12.119913384632607,36,0,200,764,0,0,0,954,recovery,176
12.140028856806158,36,0,199,765,0,0,0,954,recovery,957
12.14687282100104,36,0,198,766,0,0,0,954,recovery,431
12.150007951654349,36,0,197,767,0,0,0,954,recovery,738
12.161384436267257,35,0,198,767,0,0,0,955,infection,283
12.178307169523652,34,0,199,767,0,0,0,956,infection,267
12.202663947169082,34,0,198,768,0,0,0,956,recovery,135
12.206166393752776,33,0,199,768,0,0,0,957,infection,753
12.217771011104642,32,0,200,768,0,0,0,958,infection,777
12.231569076408402,32,0,199,769,0,0,0,958,recovery,849
12.255078755890532,31,0,200,769,0,0,0,959,infection,945
12.26854068104064,31,0,199,770,0,0,0,959,recovery,847
12.26878507525756,31,0,198,771,0,0,0,959,recovery,941
12.298321464480722,31,0,197,772,0,0,0,959,recovery,684
12.310372563978202,31,0,196,773,0,0,0,959,recovery,357
12.313515345485133,31,0,195,774,0,0,0,959,recovery,291
12.32491451023008,31,0,194,775,0,0,0,959,recovery,893
12.4175352232256,31,0,193,776,0,0,0,959,recovery,985
12.430268889445356,31,0,192,777,0,0,0,959,recovery,906
12.436824293845042,31,0,191,778,0,0,0,959,recovery,58
12.465140642430939,31,0,190,779,0,0,0,959,recovery,938
12.470758631235151,31,0,189,780,0,0,0,959,recovery,361
12.474190984848125,31,0,188,781,0,0,0,959,recovery,853
12.503267054339762,31,0,187,782,0,0,0,959,recovery,297
12.50330144131171,31,0,186,783,0,0,0,959,recovery,278
12.517331785318916,31,0,185,784,0,0,0,959,recovery,74
12.534525853377955,30,0,186,784,0,0,0,960,infection,896
12.545805650876021,30,0,185,785,0,0,0,960,recovery,61
12.554775212522713,30,0,184,786,0,0,0,960,recovery,490
12.587340882259248,30,0,183,787,0,0,0,960,recovery,831
12.608668996666092,30,0,182,788,0,0,0,960,recovery,18
12.669802534393058,30,0,181,789,0,0,0,960,recovery,744
12.670793721618606,30,0,180,790,0,0,0,960,recovery,312
12.692516319879191,30,0,179,791,0,0,0,960,recovery,777
12.705482848114737,30,0,178,792,0,0,0,960,recovery,319
12.706052533797552,30,0,177,793,0,0,0,960,recovery,264
12.71276426373263,30,0,176,794,0,0,0,960,recovery,840
12.717510832050023,30,0,175,795,0,0,0,960,recovery,308
12.747610727578312,30,0,174,796,0,0,0,960,recovery,188
12.756373900200924,29,0,175,796,0,0,0,961,infection,595
12.762580213894328,29,0,174,797,0,0,0,961,recovery,187
12.76988641692559,29,0,173,798,0,0,0,961,recovery,262
12.81633521818306,28,0,174,798,0,0,0,962,infection,842
12.853400366189561,28,0,173,799,0,0,0,962,recovery,124
12.855468534992998,28,0,172,800,0,0,0,962,recovery,166
12.878646703590697,28,0,171,801,0,0,0,962,recovery,298
12.907651195384076,28,0,170,802,0,0,0,962,recovery,167
12.932014025988517,28,0,169,803,0,0,0,962,recovery,177
12.951859749732682,28,0,168,804,0,0,0,962,recovery,342
12.970600335688793,28,0,167,805,0,0,0,962,recovery,432
12.972010683111767,27,0,168,805,0,0,0,963,infection,496
12.979661885380686,27,0,167,806,0,0,0,963,recovery,107
12.999275475074388,27,0,166,807,0,0,0,963,recovery,170
13.000115823984393,27,0,165,808,0,0,0,963,recovery,711
13.049039660824244,27,0,164,809,0,0,0,963,recovery,626
13.076749932168145,27,0,163,810,0,0,0,963,recovery,672
13.08688701375935,27,0,162,811,0,0,0,963,recovery,564
13.104315796972244,27,0,161,812,0,0,0,963,recovery,915
13.112161278010973,27,0,160,813,0,0,0,963,recovery,667
13.130289177004292,27,0,159,814,0,0,0,963,recovery,714
13.152945011418456,27,0,158,815,0,0,0,963,recovery,509
13.187745076190316,27,0,157,816,0,0,0,963,recovery,546
13.209053366929385,27,0,156,817,0,0,0,963,recovery,222
13.223535639519852,27,0,155,818,0,0,0,963,recovery,754
13.252143310524758,27,0,154,819,0,0,0,963,recovery,916
13.261756402529926,27,0,153,820,0,0,0,963,recovery,647
13.282071756030572,27,0,152,821,0,0,0,963,recovery,455
13.285930805492843,27,0,151,822,0,0,0,963,recovery,628
13.393479474441914,27,0,150,823,0,0,0,963,recovery,442
13.397631063044873,27,0,149,824,0,0,0,963,recovery,960
13.424257071031978,27,0,148,825,0,0,0,963,recovery,450
13.438353816502797,27,0,147,826,0,0,0,963,recovery,535
13.456852951169285,27,0,146,827,0,0,0,963,recovery,202
13.493114324725632,27,0,145,828,0,0,0,963,recovery,283
13.502809092386858,27,0,144,829,0,0,0,963,recovery,796
13.503150359988467,27,0,143,830,0,0,0,963,recovery,487
13.506072205750854,27,0,142,831,0,0,0,963,recovery,891
13.54636039909423,27,0,141,832,0,0,0,963,recovery,945
13.564866514487429,26,0,142,832,0,0,0,964,infection,481
13.565661950478738,26,0,141,833,0,0,0,964,recovery,790
13.60081349146148,26,0,140,834,0,0,0,964,recovery,89
13.635947026725319,26,0,139,835,0,0,0,964,recovery,541
13.668503462087253,26,0,138,836,0,0,0,964,recovery,99
13.684768656418049,25,0,139,836,0,0,0,965,infection,562
13.688723888111411,25,0,138,837,0,0,0,965,recovery,574
13.705426342448805,25,0,137,838,0,0,0,965,recovery,842
13.724500705207271,25,0,136,839,0,0,0,965,recovery,377
13.737399673946214,25,0,135,840,0,0,0,965,recovery,561
13.764987760953343,25,0,134,841,0,0,0,965,recovery,776
13.785332848743336,25,0,133,842,0,0,0,965,recovery,352
13.785547957259745,25,0,132,843,0,0,0,965,recovery,362
13.91618911142319,25,0,131,844,0,0,0,965,recovery,876
13.916719989670554,24,0,132,844,0,0,0,966,infection,189
13.985488611675095,24,0,131,845,0,0,0,966,recovery,323
14.022141892712295,24,0,130,846,0,0,0,966,recovery,811
14.07929921208912,24,0,129,847,0,0,0,966,recovery,844
14.12332961921318,24,0,128,848,0,0,0,966,recovery,139
14.231513221005326,24,0,127,849,0,0,0,966,recovery,37
14.233235526879227,23,0,128,849,0,0,0,967,infection,789
14.238029737177698,23,0,127,850,0,0,0,967,recovery,496
14.32094924804042,23,0,126,851,0,0,0,967,recovery,896
14.532664773270925,23,0,125,852,0,0,0,967,recovery,388
14.536290453496827,23,0,124,853,0,0,0,967,recovery,950
14.552260122576914,23,0,123,854,0,0,0,967,recovery,813
14.565699547894658,23,0,122,855,0,0,0,967,recovery,464
14.604511634587812,23,0,121,856,0,0,0,967,recovery,403
14.605346392340858,23,0,120,857,0,0,0,967,recovery,116
14.631817068478583,23,0,119,858,0,0,0,967,recovery,266
14.64452744337586,23,0,118,859,0,0,0,967,recovery,1
14.67984518427938,23,0,117,860,0,0,0,967,recovery,246
14.680273413338263,23,0,116,861,0,0,0,967,recovery,16
14.684221390768315,23,0,115,862,0,0,0,967,recovery,671
14.72214248694252,23,0,114,863,0,0,0,967,recovery,933
14.755736385736462,23,0,113,864,0,0,0,967,recovery,644
14.884565591477262,23,0,112,865,0,0,0,967,recovery,942
14.926886493346371,23,0,111,866,0,0,0,967,recovery,602
14.945902986219174,22,0,112,866,0,0,0,968,infection,722
15.003932988881175,22,0,111,867,0,0,0,968,recovery,758
15.009277208397027,22,0,110,868,0,0,0,968,recovery,207
15.032522831114909,22,0,109,869,0,0,0,968,recovery,866
15.038607763132063,21,0,110,869,0,0,0,969,infection,51
15.062791471630717,21,0,109,870,0,0,0,969,recovery,351
15.089594455139927,21,0,108,871,0,0,0,969,recovery,477
15.110284260773096,21,0,107,872,0,0,0,969,recovery,430
15.148253001645706,21,0,106,873,0,0,0,969,recovery,461
15.152653588574836,20,0,107,873,0,0,0,970,infection,663
15.15548905619984,20,0,106,874,0,0,0,970,recovery,658
15.21782335579805,20,0,105,875,0,0,0,970,recovery,440
15.312086603372718,20,0,104,876,0,0,0,970,recovery,387
15.339776395985314,20,0,103,877,0,0,0,970,recovery,443
15.406002043129982,20,0,102,878,0,0,0,970,recovery,722
15.422057085974803,20,0,101,879,0,0,0,970,recovery,186
15.44226066983369,20,0,100,880,0,0,0,970,recovery,333
15.470090572288395,20,0,99,881,0,0,0,970,recovery,315
15.636959844701732,20,0,98,882,0,0,0,970,recovery,970
15.669209797330314,20,0,97,883,0,0,0,970,recovery,682
15.677593009741358,20,0,96,884,0,0,0,970,recovery,967
15.692975492475082,20,0,95,885,0,0,0,970,recovery,977
15.769053417158032,20,0,94,886,0,0,0,970,recovery,666
15.833907012128838,20,0,93,887,0,0,0,970,recovery,510
15.916925017339501,20,0,92,888,0,0,0,970,recovery,566
15.932243538891159,19,0,93,888,0,0,0,971,infection,484
16.04604337164039,19,0,92,889,0,0,0,971,recovery,612
16.075907043839102,19,0,91,890,0,0,0,971,recovery,712
16.084373247214472,19,0,90,891,0,0,0,971,recovery,701
16.143438731755108,19,0,89,892,0,0,0,971,recovery,153
16.19229706682582,19,0,88,893,0,0,0,971,recovery,585
16.235697815269116,19,0,87,894,0,0,0,971,recovery,354
16.257349110593577,18,0,88,894,0,0,0,972,infection,438
16.31083136371468,18,0,87,895,0,0,0,972,recovery,606
16.356125902873504,18,0,86,896,0,0,0,972,recovery,447
16.598397092117185,18,0,85,897,0,0,0,972,recovery,595
16.691786873067606,18,0,84,898,0,0,0,972,recovery,270
16.70001869837331,18,0,83,899,0,0,0,972,recovery,8
16.74475313302589,18,0,82,900,0,0,0,972,recovery,937
16.78347929391429,18,0,81,901,0,0,0,972,recovery,947
16.824784609489175,18,0,80,902,0,0,0,972,recovery,768
16.86047947903708,18,0,79,903,0,0,0,972,recovery,781
16.927008146622185,18,0,78,904,0,0,0,972,recovery,895
16.99917643294179,18,0,77,905,0,0,0,972,recovery,491
17.001303513013518,18,0,76,906,0,0,0,972,recovery,617
17.010071240022775,18,0,75,907,0,0,0,972,recovery,203
17.047178874371205,18,0,74,908,0,0,0,972,recovery,784
17.063089988614127,18,0,73,909,0,0,0,972,recovery,98
17.133093527753182,18,0,72,910,0,0,0,972,recovery,280
17.17329163239927,18,0,71,911,0,0,0,972,recovery,191
17.213684225524993,18,0,70,912,0,0,0,972,recovery,422
17.30606537577154,18,0,69,913,0,0,0,972,recovery,632
17.320075650020513,18,0,68,914,0,0,0,972,recovery,789
17.33815187454065,17,0,69,914,0,0,0,973,infection,651
17.577970137529583,17,0,68,915,0,0,0,973,recovery,502
17.600289808735024,17,0,67,916,0,0,0,973,recovery,243
17.622203592993877,17,0,66,917,0,0,0,973,recovery,25
17.6280731304926,17,0,65,918,0,0,0,973,recovery,484
17.63220903116767,17,0,64,919,0,0,0,973,recovery,228
17.652093044277276,17,0,63,920,0,0,0,973,recovery,157
17.73879442630321,16,0,64,920,0,0,0,974,infection,131
17.8677947674565,16,0,63,921,0,0,0,974,recovery,956
17.9728014894403,16,0,62,922,0,0,0,974,recovery,340
18.065613713699015,16,0,61,923,0,0,0,974,recovery,965
18.082842938794162,16,0,60,924,0,0,0,974,recovery,562
18.100671273727993,16,0,59,925,0,0,0,974,recovery,878
18.17214879289693,16,0,58,926,0,0,0,974,recovery,120
18.184443169011516,16,0,57,927,0,0,0,974,recovery,267
18.189314263087223,16,0,56,928,0,0,0,974,recovery,17
18.271579533254673,16,0,55,929,0,0,0,974,recovery,189
18.276394042922817,15,0,56,929,0,0,0,975,infection,793
18.318008375016866,15,0,55,930,0,0,0,975,recovery,505
18.38932237198683,15,0,54,931,0,0,0,975,recovery,830
18.47004470580921,15,0,53,932,0,0,0,975,recovery,93
18.555008113034262,15,0,52,933,0,0,0,975,recovery,726
18.567497505195497,14,0,53,933,0,0,0,976,infection,164
18.586928111806223,14,0,52,934,0,0,0,976,recovery,907
18.600111637421044,14,0,51,935,0,0,0,976,recovery,174
18.609115406766197,14,0,50,936,0,0,0,976,recovery,11
18.658530357007717,14,0,49,937,0,0,0,976,recovery,458
18.6591643423183,14,0,48,938,0,0,0,976,recovery,489
18.690919116436596,14,0,47,939,0,0,0,976,recovery,512
18.744077282989295,14,0,46,940,0,0,0,976,recovery,141
18.85181606433931,14,0,45,941,0,0,0,976,recovery,463
18.860424637503897,13,0,46,941,0,0,0,977,infection,529
19.096127138068752,13,0,45,942,0,0,0,977,recovery,596
19.13127888175335,13,0,44,943,0,0,0,977,recovery,241
19.18536982257286,13,0,43,944,0,0,0,977,recovery,982
19.207626475198325,13,0,42,945,0,0,0,977,recovery,160
19.2245016600505,13,0,41,946,0,0,0,977,recovery,660
19.496510144819105,13,0,40,947,0,0,0,977,recovery,727
19.61088990961158,13,0,39,948,0,0,0,977,recovery,250
19.61922512944375,13,0,38,949,0,0,0,977,recovery,918
19.724980889066934,13,0,37,950,0,0,0,977,recovery,624
19.88304757834852,13,0,36,951,0,0,0,977,recovery,438
20.315194542598793,12,0,37,951,0,0,0,978,infection,144
20.47517224881875,12,0,36,952,0,0,0,978,recovery,504
20.637948310885257,12,0,35,953,0,0,0,978,recovery,367
20.702092522581598,12,0,34,954,0,0,0,978,recovery,638
20.83083390035511,12,0,33,955,0,0,0,978,recovery,877
20.96827765607285,12,0,32,956,0,0,0,978,recovery,239
21.033106299645375,12,0,31,957,0,0,0,978,recovery,540
21.059506962701526,12,0,30,958,0,0,0,978,recovery,131
21.23783141369993,12,0,29,959,0,0,0,978,recovery,563
21.31995769898863,12,0,28,960,0,0,0,978,recovery,134
21.340234175106993,12,0,27,961,0,0,0,978,recovery,749
21.633738908649406,12,0,26,962,0,0,0,978,recovery,51
21.69353617147075,12,0,25,963,0,0,0,978,recovery,200
21.936092365603482,12,0,24,964,0,0,0,978,recovery,211
21.97391470159405,12,0,23,965,0,0,0,978,recovery,144
22.005485444633614,12,0,22,966,0,0,0,978,recovery,385
22.080634993590067,12,0,21,967,0,0,0,978,recovery,164
22.31275522255317,12,0,20,968,0,0,0,978,recovery,663
22.385689971940543,12,0,19,969,0,0,0,978,recovery,815
22.55528868374539,12,0,18,970,0,0,0,978,recovery,165
23.632308418993432,12,0,17,971,0,0,0,978,recovery,914
23.772401798072245,12,0,16,972,0,0,0,978,recovery,529
23.78829069959318,12,0,15,973,0,0,0,978,recovery,717
24.172212570086266,12,0,14,974,0,0,0,978,recovery,569
24.273837340563944,12,0,13,975,0,0,0,978,recovery,636
24.29585985375786,12,0,12,976,0,0,0,978,recovery,401
24.70816790495758,12,0,11,977,0,0,0,978,recovery,591
25.363406106792993,12,0,10,978,0,0,0,978,recovery,513
25.46578175868465,12,0,9,979,0,0,0,978,recovery,770
26.18450956941292,12,0,8,980,0,0,0,978,recovery,603
26.4674184755904,12,0,7,981,0,0,0,978,recovery,707
26.46779930581414,12,0,6,982,0,0,0,978,recovery,481
26.527407520911524,12,0,5,983,0,0,0,978,recovery,753
26.61156990147381,12,0,4,984,0,0,0,978,recovery,793
26.719583092074345,12,0,3,985,0,0,0,978,recovery,940
27.13365296883849,12,0,2,986,0,0,0,978,recovery,275
28.978883557881282,12,0,1,987,0,0,0,978,recovery,383
35.57158427045921,12,0,0,988,0,0,0,978,recovery,651
40.0,12,0,0,988,0,0,0,978,horizon,0
