t,S,E,I,R,births,deaths,vaccinated,infections,event,person
0.0,990,0,10,0,0,0,0,0,initial,0
0.0519710855629983,989,0,11,0,0,0,0,1,infection,329
0.10343214118268289,988,0,12,0,0,0,0,2,infection,676
0.13129002986469587,988,0,11,1,0,0,0,2,recovery,998
0.27018865897663685,987,0,12,1,0,0,0,3,infection,735
0.5954133466928464,986,0,13,1,0,0,0,4,infection,566
0.6374941584427366,986,0,12,2,0,0,0,4,recovery,329
0.754564671294475,986,0,11,3,0,0,0,4,recovery,992
0.7769930496252405,986,0,10,4,0,0,0,4,recovery,1000
0.8126446044431054,986,0,9,5,0,0,0,4,recovery,996
0.9087917166474275,985,0,10,5,0,0,0,5,infection,628
1.234934267661603,984,0,11,5,0,0,0,6,infection,485
1.3104540706002088,983,0,12,5,0,0,0,7,infection,802
1.3121675940699995,982,0,13,5,0,0,0,8,infection,160
1.318131924543062,982,0,12,6,0,0,0,8,recovery,735
1.3524254870034378,982,0,11,7,0,0,0,8,recovery,802
1.3961583180182962,981,0,12,7,0,0,0,9,infection,300
1.4505484436076612,980,0,13,7,0,0,0,10,infection,256
1.4935670560625187,979,0,14,7,0,0,0,11,infection,406
1.6399355036946737,978,0,15,7,0,0,0,12,infection,974
1.6972791171479,977,0,16,7,0,0,0,13,infection,218
1.8064379263110488,976,0,17,7,0,0,0,14,infection,28
1.8385516646815432,975,0,18,7,0,0,0,15,infection,539
1.8583253376125715,975,0,17,8,0,0,0,15,recovery,28
2.0905650342206035,974,0,18,8,0,0,0,16,infection,787
2.2711410363322155,973,0,19,8,0,0,0,17,infection,190
2.2957683735711107,972,0,20,8,0,0,0,18,infection,170
2.3914716626127723,972,0,19,9,0,0,0,18,recovery,997
2.418850590897132,971,0,20,9,0,0,0,19,infection,744
2.4277712312818855,970,0,21,9,0,0,0,20,infection,141
2.463645744356079,969,0,22,9,0,0,0,21,infection,374
2.4662074360038235,968,0,23,9,0,0,0,22,infection,455
2.476212708295213,967,0,24,9,0,0,0,23,infection,580
2.486388509736507,966,0,25,9,0,0,0,24,infection,938
2.5505449760333962,965,0,26,9,0,0,0,25,infection,352
2.6034980554839775,965,0,25,10,0,0,0,25,recovery,160
2.638487405639548,964,0,26,10,0,0,0,26,infection,77
2.677177698005142,963,0,27,10,0,0,0,27,infection,731
2.740590729647076,962,0,28,10,0,0,0,28,infection,755
2.7558130000558645,961,0,29,10,0,0,0,29,infection,674
2.7793271709959684,960,0,30,10,0,0,0,30,infection,456
2.8239226157807553,959,0,31,10,0,0,0,31,infection,749
2.8254551826227634,958,0,32,10,0,0,0,32,infection,157
2.849214329378138,957,0,33,10,0,0,0,33,infection,613
2.862755649822825,956,0,34,10,0,0,0,34,infection,187
2.9711006251495298,955,0,35,10,0,0,0,35,infection,829
3.021726951910569,954,0,36,10,0,0,0,36,infection,203
3.021937975950524,953,0,37,10,0,0,0,37,infection,200
3.025912294242908,952,0,38,10,0,0,0,38,infection,929
3.1468127720774905,952,0,37,11,0,0,0,38,recovery,580
3.2006512505241975,951,0,38,11,0,0,0,39,infection,231
3.232035129358979,950,0,39,11,0,0,0,40,infection,561
3.2623235821517906,949,0,40,11,0,0,0,41,infection,132
3.2787319631600553,948,0,41,11,0,0,0,42,infection,607
3.2845134239644116,947,0,42,11,0,0,0,43,infection,60
3.2904165482932113,946,0,43,11,0,0,0,44,infection,398
3.2951690306088186,945,0,44,11,0,0,0,45,infection,165
3.300806716291431,944,0,45,11,0,0,0,46,infection,491
3.309396575494175,944,0,44,12,0,0,0,46,recovery,561
3.3099049159079197,943,0,45,12,0,0,0,47,infection,504
3.3370789659006563,942,0,46,12,0,0,0,48,infection,555
3.3586787476680726,941,0,47,12,0,0,0,49,infection,497
3.376084531033646,940,0,48,12,0,0,0,50,infection,258
3.3811054417884536,939,0,49,12,0,0,0,51,infection,696
3.400917958894758,938,0,50,12,0,0,0,52,infection,730
3.4257986503798246,937,0,51,12,0,0,0,53,infection,914
3.4354785458303576,936,0,52,12,0,0,0,54,infection,91
3.4586384203952045,935,0,53,12,0,0,0,55,infection,610
3.4599752032549436,934,0,54,12,0,0,0,56,infection,32
3.464949389808814,933,0,55,12,0,0,0,57,infection,328
3.4987492966213543,933,0,54,13,0,0,0,57,recovery,749
3.5378792793830116,932,0,55,13,0,0,0,58,infection,769
3.568113299050957,931,0,56,13,0,0,0,59,infection,922
3.5863472043824096,930,0,57,13,0,0,0,60,infection,847
3.59228479991721,929,0,58,13,0,0,0,61,infection,41
3.62105877488,928,0,59,13,0,0,0,62,infection,411
3.633433180494792,927,0,60,13,0,0,0,63,infection,366
3.6342142972497067,926,0,61,13,0,0,0,64,infection,346
3.6420073792861594,925,0,62,13,0,0,0,65,infection,198
3.643500578170323,924,0,63,13,0,0,0,66,infection,189
3.6565239533192857,924,0,62,14,0,0,0,66,recovery,198
3.6567557052562947,923,0,63,14,0,0,0,67,infection,234
3.6595304218494373,923,0,62,15,0,0,0,67,recovery,456
3.698480254660711,922,0,63,15,0,0,0,68,infection,698
3.6996821932051533,921,0,64,15,0,0,0,69,infection,662
3.7083254012641267,920,0,65,15,0,0,0,70,infection,161
3.7306336368888537,919,0,66,15,0,0,0,71,infection,877
3.7410335098956473,918,0,67,15,0,0,0,72,infection,61
3.768339777662921,917,0,68,15,0,0,0,73,infection,207
3.7872864961084147,916,0,69,15,0,0,0,74,infection,460
3.7899144625209407,915,0,70,15,0,0,0,75,infection,476
3.796165107342441,914,0,71,15,0,0,0,76,infection,884
3.812002469299708,913,0,72,15,0,0,0,77,infection,393
3.813399520800068,912,0,73,15,0,0,0,78,infection,367
3.817727177601421,911,0,74,15,0,0,0,79,infection,759
3.8193843497872275,910,0,75,15,0,0,0,80,infection,581
3.8218100284204546,909,0,76,15,0,0,0,81,infection,417
3.823563301812001,908,0,77,15,0,0,0,82,infection,982
3.827364816088448,907,0,78,15,0,0,0,83,infection,206
3.827417223094615,906,0,79,15,0,0,0,84,infection,917
3.8346863463061576,905,0,80,15,0,0,0,85,infection,450
3.8473166657051237,904,0,81,15,0,0,0,86,infection,719
3.84779794249583,903,0,82,15,0,0,0,87,infection,784
3.8767199583275933,903,0,81,16,0,0,0,87,recovery,206
3.883626040922362,902,0,82,16,0,0,0,88,infection,267
3.88836400350648,901,0,83,16,0,0,0,89,infection,241
3.909567749593638,900,0,84,16,0,0,0,90,infection,757
3.9133749046379798,899,0,85,16,0,0,0,91,infection,138
3.913524430275252,898,0,86,16,0,0,0,92,infection,257
3.916510133059964,897,0,87,16,0,0,0,93,infection,955
3.928163465295551,896,0,88,16,0,0,0,94,infection,64
3.9313491227654915,895,0,89,16,0,0,0,95,infection,854
3.9315622436638265,894,0,90,16,0,0,0,96,infection,106
3.93527792306825,893,0,91,16,0,0,0,97,infection,888
3.9595783998354532,892,0,92,16,0,0,0,98,infection,872
3.9596893666079427,892,0,91,17,0,0,0,98,recovery,888
3.9637385259111535,891,0,92,17,0,0,0,99,infection,651
3.9741966007956133,891,0,91,18,0,0,0,99,recovery,77
3.9829652257006565,890,0,92,18,0,0,0,100,infection,766
3.9916467056827307,890,0,91,19,0,0,0,100,recovery,346
4.005569325758675,889,0,92,19,0,0,0,101,infection,59
4.00773171910801,888,0,93,19,0,0,0,102,infection,804
4.01344616781863,887,0,94,19,0,0,0,103,infection,372
4.019838922626653,886,0,95,19,0,0,0,104,infection,512
4.040132582352877,885,0,96,19,0,0,0,105,infection,493
4.042879834973269,884,0,97,19,0,0,0,106,infection,448
4.043400062371682,883,0,98,19,0,0,0,107,infection,146
4.053234951465451,883,0,97,20,0,0,0,107,recovery,829
4.053754328946728,882,0,98,20,0,0,0,108,infection,270
4.061681659472194,881,0,99,20,0,0,0,109,infection,896
4.080725735644419,880,0,100,20,0,0,0,110,infection,745
4.083597557240218,879,0,101,20,0,0,0,111,infection,633
4.085924971248766,879,0,100,21,0,0,0,111,recovery,189
4.086780016042455,878,0,101,21,0,0,0,112,infection,288
4.089618252950562,877,0,102,21,0,0,0,113,infection,583
4.097593813068941,877,0,101,22,0,0,0,113,recovery,393
4.09819084159879,876,0,102,22,0,0,0,114,infection,204
4.10911912509096,875,0,103,22,0,0,0,115,infection,236
4.119069348966378,875,0,102,23,0,0,0,115,recovery,607
4.131815795954786,874,0,103,23,0,0,0,116,infection,519
4.139069883848715,873,0,104,23,0,0,0,117,infection,168
4.151861819865623,872,0,105,23,0,0,0,118,infection,887
4.164900281479698,871,0,106,23,0,0,0,119,infection,166
4.188504639404028,871,0,105,24,0,0,0,119,recovery,994
4.189865334818113,870,0,106,24,0,0,0,120,infection,80
4.191647696098216,869,0,107,24,0,0,0,121,infection,830
4.207217806135463,868,0,108,24,0,0,0,122,infection,523
4.221468411954476,867,0,109,24,0,0,0,123,infection,111
4.283860756606971,866,0,110,24,0,0,0,124,infection,852
4.287781382906897,865,0,111,24,0,0,0,125,infection,26
4.304623385267588,864,0,112,24,0,0,0,126,infection,932
4.347344435016443,863,0,113,24,0,0,0,127,infection,347
4.347734751930798,862,0,114,24,0,0,0,128,infection,910
4.358548590225718,861,0,115,24,0,0,0,129,infection,601
4.365941520922911,860,0,116,24,0,0,0,130,infection,835
4.374999077830656,859,0,117,24,0,0,0,131,infection,180
4.395563100359432,858,0,118,24,0,0,0,132,infection,770
4.409583485786943,857,0,119,24,0,0,0,133,infection,944
4.4125156120152855,857,0,118,25,0,0,0,133,recovery,745
4.41869948337986,856,0,119,25,0,0,0,134,infection,874
4.425151903774643,856,0,118,26,0,0,0,134,recovery,80
4.429412390788471,855,0,119,26,0,0,0,135,infection,576
4.429666559030425,855,0,118,27,0,0,0,135,recovery,64
4.43121101972365,854,0,119,27,0,0,0,136,infection,608
4.438430272803158,853,0,120,27,0,0,0,137,infection,151
4.443987790640796,852,0,121,27,0,0,0,138,infection,289
4.453420049151113,851,0,122,27,0,0,0,139,infection,823
4.4710441746577265,850,0,123,27,0,0,0,140,infection,404
4.47330491857719,849,0,124,27,0,0,0,141,infection,291
4.507076347506394,848,0,125,27,0,0,0,142,infection,789
4.509546453086319,847,0,126,27,0,0,0,143,infection,981
4.511875455871813,847,0,125,28,0,0,0,143,recovery,789
4.515139811623867,846,0,126,28,0,0,0,144,infection,528
4.519241374280726,845,0,127,28,0,0,0,145,infection,801
4.527390823492629,844,0,128,28,0,0,0,146,infection,343
4.535149298905749,843,0,129,28,0,0,0,147,infection,248
4.5509291956889655,843,0,128,29,0,0,0,147,recovery,628
4.556442229995335,842,0,129,29,0,0,0,148,infection,552
4.559099383837606,841,0,130,29,0,0,0,149,infection,489
4.577025369324621,840,0,131,29,0,0,0,150,infection,262
4.587510671483498,839,0,132,29,0,0,0,151,infection,585
4.588134452686083,838,0,133,29,0,0,0,152,infection,957
4.598409615883607,837,0,134,29,0,0,0,153,infection,684
4.603191194453105,836,0,135,29,0,0,0,154,infection,52
4.613275432097339,835,0,136,29,0,0,0,155,infection,820
4.625344858620976,834,0,137,29,0,0,0,156,infection,934
4.638712916431629,833,0,138,29,0,0,0,157,infection,379
4.640693459886552,832,0,139,29,0,0,0,158,infection,486
4.643473109507111,831,0,140,29,0,0,0,159,infection,863
4.651196318432744,830,0,141,29,0,0,0,160,infection,284
4.6549105497366545,829,0,142,29,0,0,0,161,infection,95
4.671620034638292,828,0,143,29,0,0,0,162,infection,427
4.671980181636166,827,0,144,29,0,0,0,163,infection,516
4.676689604216939,827,0,143,30,0,0,0,163,recovery,917
4.679327509263345,826,0,144,30,0,0,0,164,infection,437
4.680578295860159,825,0,145,30,0,0,0,165,infection,286
4.6832546750298825,825,0,144,31,0,0,0,165,recovery,523
4.683436571254927,824,0,145,31,0,0,0,166,infection,55
4.687024152594213,823,0,146,31,0,0,0,167,infection,647
4.69914435005259,822,0,147,31,0,0,0,168,infection,527
4.70162592125315,821,0,148,31,0,0,0,169,infection,909
4.703081671935963,820,0,149,31,0,0,0,170,infection,958
4.706258527531918,819,0,150,31,0,0,0,171,infection,794
4.710722092937639,818,0,151,31,0,0,0,172,infection,314
4.7139549938694385,817,0,152,31,0,0,0,173,infection,152
4.7250738267785115,816,0,153,31,0,0,0,174,infection,308
4.729116061259542,815,0,154,31,0,0,0,175,infection,139
4.731924175515576,814,0,155,31,0,0,0,176,infection,582
4.7359301566182825,813,0,156,31,0,0,0,177,infection,83
4.736911167392603,812,0,157,31,0,0,0,178,infection,590
4.742880348199368,812,0,156,32,0,0,0,178,recovery,684
4.749198775107708,811,0,157,32,0,0,0,179,infection,963
4.74924431247767,810,0,158,32,0,0,0,180,infection,513
4.749625582099941,809,0,159,32,0,0,0,181,infection,338
4.766311305707775,808,0,160,32,0,0,0,182,infection,69
4.7684527437866056,807,0,161,32,0,0,0,183,infection,509
4.769648723533752,806,0,162,32,0,0,0,184,infection,421
4.775645563319167,806,0,161,33,0,0,0,184,recovery,801
4.7776383076245414,805,0,162,33,0,0,0,185,infection,445
4.787978536421587,804,0,163,33,0,0,0,186,infection,279
4.790104770740159,804,0,162,34,0,0,0,186,recovery,914
4.797910909500695,803,0,163,34,0,0,0,187,infection,976
4.804790464387132,802,0,164,34,0,0,0,188,infection,40
4.812721772810849,801,0,165,34,0,0,0,189,infection,210
4.822138836919674,800,0,166,34,0,0,0,190,infection,777
4.822862622890752,799,0,167,34,0,0,0,191,infection,763
4.8279587074441865,798,0,168,34,0,0,0,192,infection,850
4.848213650748427,797,0,169,34,0,0,0,193,infection,739
4.852227983772794,796,0,170,34,0,0,0,194,infection,670
4.878286139979728,795,0,171,34,0,0,0,195,infection,13
4.888179996985088,794,0,172,34,0,0,0,196,infection,740
4.889430632427583,793,0,173,34,0,0,0,197,infection,436
4.895329495044626,793,0,172,35,0,0,0,197,recovery,512
4.895400284499803,792,0,173,35,0,0,0,198,infection,444
4.9007147005935625,791,0,174,35,0,0,0,199,infection,487
4.9026068858418785,790,0,175,35,0,0,0,200,infection,832
4.910162178568682,789,0,176,35,0,0,0,201,infection,126
4.912355130196542,788,0,177,35,0,0,0,202,infection,556
4.918272378093164,787,0,178,35,0,0,0,203,infection,796
4.921928927039952,786,0,179,35,0,0,0,204,infection,214
4.926364747887346,785,0,180,35,0,0,0,205,infection,392
4.928381162802021,784,0,181,35,0,0,0,206,infection,927
4.930678195117076,784,0,180,36,0,0,0,206,recovery,934
4.942369577477315,784,0,179,37,0,0,0,206,recovery,491
4.942536901528768,783,0,180,37,0,0,0,207,infection,774
4.956720070628135,782,0,181,37,0,0,0,208,infection,420
4.984000050444945,782,0,180,38,0,0,0,208,recovery,236
4.9906533282088485,781,0,181,38,0,0,0,209,infection,800
5.001876345086705,780,0,182,38,0,0,0,210,infection,159
5.010080573744694,779,0,183,38,0,0,0,211,infection,557
5.032200477143366,778,0,184,38,0,0,0,212,infection,195
5.032409404828823,777,0,185,38,0,0,0,213,infection,196
5.033920991599162,776,0,186,38,0,0,0,214,infection,648
5.049774753014329,775,0,187,38,0,0,0,215,infection,315
5.060792176593281,774,0,188,38,0,0,0,216,infection,431
5.064369601985085,773,0,189,38,0,0,0,217,infection,586
5.068286099985572,772,0,190,38,0,0,0,218,infection,578
5.068843304852982,771,0,191,38,0,0,0,219,infection,865
5.073989398295571,770,0,192,38,0,0,0,220,infection,442
5.081411527576911,769,0,193,38,0,0,0,221,infection,349
5.082905928098404,768,0,194,38,0,0,0,222,infection,174
5.08398787059738,767,0,195,38,0,0,0,223,infection,751
5.084156883709361,766,0,196,38,0,0,0,224,infection,791
5.092755504208533,766,0,195,39,0,0,0,224,recovery,739
5.1013594164519205,765,0,196,39,0,0,0,225,infection,725
5.106534070341892,764,0,197,39,0,0,0,226,infection,502
5.111077649019022,763,0,198,39,0,0,0,227,infection,897
5.121216061035373,763,0,197,40,0,0,0,227,recovery,955
5.126475859764961,762,0,198,40,0,0,0,228,infection,10
5.13087757488624,761,0,199,40,0,0,0,229,infection,893
5.1328069671626535,761,0,198,41,0,0,0,229,recovery,527
5.134640601862568,760,0,199,41,0,0,0,230,infection,500
5.1432495739924216,759,0,200,41,0,0,0,231,infection,276
5.145129279293246,758,0,201,41,0,0,0,232,infection,937
5.150527101077763,758,0,200,42,0,0,0,232,recovery,284
5.150773883832722,757,0,201,42,0,0,0,233,infection,627
5.158031410781207,756,0,202,42,0,0,0,234,infection,928
5.158171410726544,755,0,203,42,0,0,0,235,infection,905
5.175623168339447,754,0,204,42,0,0,0,236,infection,574
5.176815690665087,754,0,203,43,0,0,0,236,recovery,897
5.180154111222446,753,0,204,43,0,0,0,237,infection,729
5.18256976006363,752,0,205,43,0,0,0,238,infection,947
5.185327263542452,751,0,206,43,0,0,0,239,infection,765
5.185468471158874,750,0,207,43,0,0,0,240,infection,663
5.18640327751192,749,0,208,43,0,0,0,241,infection,567
5.199078690083149,748,0,209,43,0,0,0,242,infection,644
5.205999895354315,747,0,210,43,0,0,0,243,infection,371
5.2133016713725855,746,0,211,43,0,0,0,244,infection,177
5.216953887628111,745,0,212,43,0,0,0,245,infection,798
5.218386962733644,744,0,213,43,0,0,0,246,infection,908
5.218635577550769,744,0,212,44,0,0,0,246,recovery,887
5.219211677968937,743,0,213,44,0,0,0,247,infection,473
5.22030486563413,743,0,212,45,0,0,0,247,recovery,794
5.222491937855827,742,0,213,45,0,0,0,248,infection,611
5.230530044396339,741,0,214,45,0,0,0,249,infection,761
5.240637040304556,740,0,215,45,0,0,0,250,infection,630
5.249472028062757,739,0,216,45,0,0,0,251,infection,858
5.25170946975127,738,0,217,45,0,0,0,252,infection,3
5.252642525255076,738,0,216,46,0,0,0,252,recovery,106
5.262858621678145,738,0,215,47,0,0,0,252,recovery,180
5.273472231493676,737,0,216,47,0,0,0,253,infection,978
5.2782485972750655,736,0,217,47,0,0,0,254,infection,173
5.282985930331918,735,0,218,47,0,0,0,255,infection,762
5.285117861360289,734,0,219,47,0,0,0,256,infection,408
5.285263406166099,733,0,220,47,0,0,0,257,infection,72
5.289897287565109,732,0,221,47,0,0,0,258,infection,879
5.299328157412768,731,0,222,47,0,0,0,259,infection,463
5.309933487112314,730,0,223,47,0,0,0,260,infection,221
5.311415726911132,730,0,222,48,0,0,0,260,recovery,865
5.312327288363508,729,0,223,48,0,0,0,261,infection,599
5.316857336574164,728,0,224,48,0,0,0,262,infection,563
5.331946288183668,727,0,225,48,0,0,0,263,infection,821
5.332389179715942,727,0,224,49,0,0,0,263,recovery,291
5.343430472980621,726,0,225,49,0,0,0,264,infection,54
5.344467692197172,725,0,226,49,0,0,0,265,infection,933
5.345138841022133,725,0,225,50,0,0,0,265,recovery,420
5.346142157867545,725,0,224,51,0,0,0,265,recovery,61
5.353460993846016,724,0,225,51,0,0,0,266,infection,935
5.3555957308088376,723,0,226,51,0,0,0,267,infection,488
5.36460972800772,723,0,225,52,0,0,0,267,recovery,755
5.368835176262382,723,0,224,53,0,0,0,267,recovery,315
5.370277076530461,723,0,223,54,0,0,0,267,recovery,804
5.373209805168519,722,0,224,54,0,0,0,268,infection,688
5.381892217731864,721,0,225,54,0,0,0,269,infection,123
5.389319245437905,720,0,226,54,0,0,0,270,infection,612
5.391106684499701,719,0,227,54,0,0,0,271,infection,625
5.391847827814687,718,0,228,54,0,0,0,272,infection,484
5.402516690885844,717,0,229,54,0,0,0,273,infection,511
5.406712096143246,716,0,230,54,0,0,0,274,infection,780
5.42360798552984,716,0,229,55,0,0,0,274,recovery,922
5.430315616912532,715,0,230,55,0,0,0,275,infection,881
5.434302267471696,714,0,231,55,0,0,0,276,infection,96
5.435222897799902,713,0,232,55,0,0,0,277,infection,494
5.440886598457872,713,0,231,56,0,0,0,277,recovery,696
5.441728029636189,712,0,232,56,0,0,0,278,infection,913
5.445832725414305,711,0,233,56,0,0,0,279,infection,410
5.4592364595774745,710,0,234,56,0,0,0,280,infection,287
5.460169775164801,709,0,235,56,0,0,0,281,infection,693
5.477845267071909,708,0,236,56,0,0,0,282,infection,618
5.48419225732758,707,0,237,56,0,0,0,283,infection,707
5.48537695465441,706,0,238,56,0,0,0,284,infection,178
5.491424403631109,705,0,239,56,0,0,0,285,infection,223
5.495616951809734,704,0,240,56,0,0,0,286,infection,220
5.507013021723101,703,0,241,56,0,0,0,287,infection,855
5.5138798395323665,702,0,242,56,0,0,0,288,infection,985
5.519875711184621,701,0,243,56,0,0,0,289,infection,98
5.524717932247698,700,0,244,56,0,0,0,290,infection,551
5.527963042189718,700,0,243,57,0,0,0,290,recovery,343
5.536099003875121,699,0,244,57,0,0,0,291,infection,260
5.544962133305328,698,0,245,57,0,0,0,292,infection,358
5.549175467052273,698,0,244,58,0,0,0,292,recovery,276
5.553470391277152,697,0,245,58,0,0,0,293,infection,327
5.562672092571338,696,0,246,58,0,0,0,294,infection,652
5.572872045690959,695,0,247,58,0,0,0,295,infection,271
5.572889220668317,694,0,248,58,0,0,0,296,infection,440
5.574246729880529,694,0,247,59,0,0,0,296,recovery,436
5.574746560090213,694,0,246,60,0,0,0,296,recovery,578
5.582528946577868,693,0,247,60,0,0,0,297,infection,225
5.585186460187869,692,0,248,60,0,0,0,298,infection,534
5.587951207240153,691,0,249,60,0,0,0,299,infection,564
5.593956296239028,690,0,250,60,0,0,0,300,infection,43
5.598626906706513,689,0,251,60,0,0,0,301,infection,792
5.599347573193509,688,0,252,60,0,0,0,302,infection,101
5.602019264653385,687,0,253,60,0,0,0,303,infection,842
5.603313493048055,686,0,254,60,0,0,0,304,infection,305
5.604596000728301,685,0,255,60,0,0,0,305,infection,304
5.619256827432494,685,0,254,61,0,0,0,305,recovery,410
5.619345366610998,684,0,255,61,0,0,0,306,infection,530
5.6349660705168745,683,0,256,61,0,0,0,307,infection,389
5.637542717026534,682,0,257,61,0,0,0,308,infection,172
5.637772375593885,681,0,258,61,0,0,0,309,infection,655
5.645609692384847,681,0,257,62,0,0,0,309,recovery,993
5.650151475122047,680,0,258,62,0,0,0,310,infection,786
5.65782404373023,679,0,259,62,0,0,0,311,infection,311
5.658350091262782,678,0,260,62,0,0,0,312,infection,560
5.673675800603657,677,0,261,62,0,0,0,313,infection,425
5.70603274577304,676,0,262,62,0,0,0,314,infection,30
5.7084571472974925,675,0,263,62,0,0,0,315,infection,840
5.7100198034290415,675,0,262,63,0,0,0,315,recovery,877
5.710590727800048,674,0,263,63,0,0,0,316,infection,844
5.712017086016962,674,0,262,64,0,0,0,316,recovery,944
5.722105100546336,674,0,261,65,0,0,0,316,recovery,207
5.7227518132911905,674,0,260,66,0,0,0,316,recovery,985
5.724816113163656,673,0,261,66,0,0,0,317,infection,401
5.724835477366883,673,0,260,67,0,0,0,317,recovery,26
5.72567000633827,672,0,261,67,0,0,0,318,infection,169
5.73142149808176,671,0,262,67,0,0,0,319,infection,191
5.736289415529441,670,0,263,67,0,0,0,320,infection,805
5.736533000580952,669,0,264,67,0,0,0,321,infection,919
5.7400349288675585,668,0,265,67,0,0,0,322,infection,422
5.742770161764193,667,0,266,67,0,0,0,323,infection,568
5.750240137735163,666,0,267,67,0,0,0,324,infection,592
5.752340643919428,665,0,268,67,0,0,0,325,infection,964
5.754761971420577,664,0,269,67,0,0,0,326,infection,758
5.759492252998385,663,0,270,67,0,0,0,327,infection,233
5.762702651065302,662,0,271,67,0,0,0,328,infection,961
5.764347984371894,661,0,272,67,0,0,0,329,infection,348
5.767991444724547,660,0,273,67,0,0,0,330,infection,924
5.7775592442555945,659,0,274,67,0,0,0,331,infection,546
5.781474493040182,658,0,275,67,0,0,0,332,infection,176
5.794335206596076,657,0,276,67,0,0,0,333,infection,380
5.796801915470697,656,0,277,67,0,0,0,334,infection,35
5.805688887763336,655,0,278,67,0,0,0,335,infection,37
5.806061682782951,654,0,279,67,0,0,0,336,infection,544
5.809111169176663,653,0,280,67,0,0,0,337,infection,135
5.813745515065932,652,0,281,67,0,0,0,338,infection,779
5.814591281526953,651,0,282,67,0,0,0,339,infection,296
5.815399734575486,651,0,281,68,0,0,0,339,recovery,314
5.827410017865427,650,0,282,68,0,0,0,340,infection,741
5.829188593767963,649,0,283,68,0,0,0,341,infection,714
5.833726896268256,648,0,284,68,0,0,0,342,infection,134
5.8516816607993265,647,0,285,68,0,0,0,343,infection,336
5.8551774817507525,646,0,286,68,0,0,0,344,infection,108
5.858538423449989,645,0,287,68,0,0,0,345,infection,419
5.860060003393991,645,0,286,69,0,0,0,345,recovery,910
5.861818870580782,645,0,285,70,0,0,0,345,recovery,832
5.875566864841832,644,0,286,70,0,0,0,346,infection,85
5.877058970973072,643,0,287,70,0,0,0,347,infection,903
5.883672284796531,642,0,288,70,0,0,0,348,infection,525
5.8883255199610325,641,0,289,70,0,0,0,349,infection,71
5.894281334782734,640,0,290,70,0,0,0,350,infection,175
5.895427838290027,639,0,291,70,0,0,0,351,infection,533
5.909185535520807,638,0,292,70,0,0,0,352,infection,252
5.9108060689319535,637,0,293,70,0,0,0,353,infection,237
5.914362719786297,637,0,292,71,0,0,0,353,recovery,662
5.917627519377352,636,0,293,71,0,0,0,354,infection,467
5.918284346750562,635,0,294,71,0,0,0,355,infection,878
5.922955822380491,635,0,293,72,0,0,0,355,recovery,176
5.927921686268314,634,0,294,72,0,0,0,356,infection,653
5.934134461422228,633,0,295,72,0,0,0,357,infection,334
5.9380922025182095,633,0,294,73,0,0,0,357,recovery,903
5.941086675132572,632,0,295,73,0,0,0,358,infection,926
5.943907152484313,632,0,294,74,0,0,0,358,recovery,592
5.9628378473867665,631,0,295,74,0,0,0,359,infection,605
5.965738175208559,630,0,296,74,0,0,0,360,infection,498
5.969025299536978,629,0,297,74,0,0,0,361,infection,182
5.9710633114749205,628,0,298,74,0,0,0,362,infection,602
5.9868352209894695,627,0,299,74,0,0,0,363,infection,122
5.9868666486338125,627,0,298,75,0,0,0,363,recovery,929
5.99189919976709,626,0,299,75,0,0,0,364,infection,375
5.995573195635789,625,0,300,75,0,0,0,365,infection,299
5.999059092222201,624,0,301,75,0,0,0,366,infection,339
6.000980815893917,623,0,302,75,0,0,0,367,infection,50
6.0137951144671025,622,0,303,75,0,0,0,368,infection,569
6.015499837111818,621,0,304,75,0,0,0,369,infection,923
6.015938863562406,620,0,305,75,0,0,0,370,infection,390
6.01714504325934,620,0,304,76,0,0,0,370,recovery,55
6.020800954596657,619,0,305,76,0,0,0,371,infection,244
6.033170416573545,618,0,306,76,0,0,0,372,infection,886
6.039672561109196,617,0,307,76,0,0,0,373,infection,826
6.039864423094241,616,0,308,76,0,0,0,374,infection,261
6.04031793528068,615,0,309,76,0,0,0,375,infection,253
6.047621642433736,614,0,310,76,0,0,0,376,infection,713
6.048169512716225,613,0,311,76,0,0,0,377,infection,93
6.052930833721513,612,0,312,76,0,0,0,378,infection,703
6.054084231518376,611,0,313,76,0,0,0,379,infection,73
6.054255701783509,611,0,312,77,0,0,0,379,recovery,731
6.054365479497205,610,0,313,77,0,0,0,380,infection,814
6.061368853067837,610,0,312,78,0,0,0,380,recovery,390
6.073480902962269,609,0,313,78,0,0,0,381,infection,639
6.074345693751529,608,0,314,78,0,0,0,382,infection,742
6.077852638761108,607,0,315,78,0,0,0,383,infection,870
6.085742819986589,606,0,316,78,0,0,0,384,infection,890
6.089682746582419,605,0,317,78,0,0,0,385,infection,230
6.091550675568968,604,0,318,78,0,0,0,386,infection,524
6.095014834501401,603,0,319,78,0,0,0,387,infection,194
6.100768943102387,602,0,320,78,0,0,0,388,infection,363
6.10144968292026,601,0,321,78,0,0,0,389,infection,747
6.101796484019364,601,0,320,79,0,0,0,389,recovery,288
6.103933246900266,600,0,321,79,0,0,0,390,infection,100
6.104765154340987,599,0,322,79,0,0,0,391,infection,272
6.105024357406357,598,0,323,79,0,0,0,392,infection,827
6.108892488975541,597,0,324,79,0,0,0,393,infection,20
6.109680882081352,597,0,323,80,0,0,0,393,recovery,225
6.113520614644197,596,0,324,80,0,0,0,394,infection,760
6.11435871359398,595,0,325,80,0,0,0,395,infection,405
6.11644495461159,595,0,324,81,0,0,0,395,recovery,72
6.126968515158768,594,0,325,81,0,0,0,396,infection,246
6.127054976985105,593,0,326,81,0,0,0,397,infection,526
6.13097634668765,592,0,327,81,0,0,0,398,infection,240
6.1330117696704445,591,0,328,81,0,0,0,399,infection,316
6.133354321797477,590,0,329,81,0,0,0,400,infection,537
6.134451958812125,589,0,330,81,0,0,0,401,infection,664
6.145226812221591,588,0,331,81,0,0,0,402,infection,75
6.159220280817997,587,0,332,81,0,0,0,403,infection,726
6.160803208301394,586,0,333,81,0,0,0,404,infection,501
6.163234729724046,586,0,332,82,0,0,0,404,recovery,182
6.170907109246755,585,0,333,82,0,0,0,405,infection,15
6.171120202125316,584,0,334,82,0,0,0,406,infection,466
6.178173026275036,584,0,333,83,0,0,0,406,recovery,305
6.178951686590535,584,0,332,84,0,0,0,406,recovery,246
6.18001527223132,584,0,331,85,0,0,0,406,recovery,287
6.185638486019958,583,0,332,85,0,0,0,407,infection,25
6.189558114246167,582,0,333,85,0,0,0,408,infection,480
6.201818476341515,582,0,332,86,0,0,0,408,recovery,267
6.209487713033021,581,0,333,86,0,0,0,409,infection,376
6.218152890509844,580,0,334,86,0,0,0,410,infection,588
6.2293696408938555,579,0,335,86,0,0,0,411,infection,255
6.22987263773664,578,0,336,86,0,0,0,412,infection,199
6.232996234539055,577,0,337,86,0,0,0,413,infection,403
6.241783340803178,576,0,338,86,0,0,0,414,infection,373
6.244968144102932,575,0,339,86,0,0,0,415,infection,99
6.246624849708647,574,0,340,86,0,0,0,416,infection,634
6.249272979409535,573,0,341,86,0,0,0,417,infection,202
6.249982056273508,572,0,342,86,0,0,0,418,infection,943
6.250148380789999,571,0,343,86,0,0,0,419,infection,657
6.259737261388555,570,0,344,86,0,0,0,420,infection,704
6.259933557961366,569,0,345,86,0,0,0,421,infection,103
6.273869540837881,569,0,344,87,0,0,0,421,recovery,375
6.280201744087183,568,0,345,87,0,0,0,422,infection,953
6.281483846922879,567,0,346,87,0,0,0,423,infection,251
6.282266821319088,567,0,345,88,0,0,0,423,recovery,820
6.283439581478016,566,0,346,88,0,0,0,424,infection,584
6.286324028485765,565,0,347,88,0,0,0,425,infection,74
6.293923824583724,564,0,348,88,0,0,0,426,infection,793
6.303908587888912,563,0,349,88,0,0,0,427,infection,828
6.307708903798101,562,0,350,88,0,0,0,428,infection,673
6.31215937547362,561,0,351,88,0,0,0,429,infection,407
6.317688095575056,560,0,352,88,0,0,0,430,infection,226
6.322637847666484,559,0,353,88,0,0,0,431,infection,293
6.332667664235833,558,0,354,88,0,0,0,432,infection,67
6.3352703286359455,557,0,355,88,0,0,0,433,infection,989
6.345886444336104,556,0,356,88,0,0,0,434,infection,362
6.352384001733573,555,0,357,88,0,0,0,435,infection,24
6.365084511544073,555,0,356,89,0,0,0,435,recovery,974
6.36782788025564,554,0,357,89,0,0,0,436,infection,606
6.371478312158442,553,0,358,89,0,0,0,437,infection,309
6.374082515918224,552,0,359,89,0,0,0,438,infection,940
6.377069404942848,552,0,358,90,0,0,0,438,recovery,847
6.3789029146869405,551,0,359,90,0,0,0,439,infection,185
6.384336951208677,550,0,360,90,0,0,0,440,infection,324
6.385914529845495,549,0,361,90,0,0,0,441,infection,772
6.390154187027805,548,0,362,90,0,0,0,442,infection,510
6.4029676012679255,547,0,363,90,0,0,0,443,infection,970
6.403892499550914,546,0,364,90,0,0,0,444,infection,711
6.406111403385561,545,0,365,90,0,0,0,445,infection,356
6.40829877771851,544,0,366,90,0,0,0,446,infection,350
6.408500260398836,543,0,367,90,0,0,0,447,infection,921
6.408601586085173,542,0,368,90,0,0,0,448,infection,181
6.4212267220989165,541,0,369,90,0,0,0,449,infection,867
6.424492799588183,540,0,370,90,0,0,0,450,infection,414
6.426890739515006,539,0,371,90,0,0,0,451,infection,387
6.427622495184797,539,0,370,91,0,0,0,451,recovery,651
6.429389028834014,538,0,371,91,0,0,0,452,infection,345
6.432976857452154,537,0,372,91,0,0,0,453,infection,623
6.434368942492805,536,0,373,91,0,0,0,454,infection,701
6.435796007861153,535,0,374,91,0,0,0,455,infection,179
6.452828393556789,534,0,375,91,0,0,0,456,infection,562
6.4581508619401,534,0,374,92,0,0,0,456,recovery,411
6.4617087091780165,533,0,375,92,0,0,0,457,infection,368
6.463956722555586,533,0,374,93,0,0,0,457,recovery,358
6.464326763030719,532,0,375,93,0,0,0,458,infection,705
6.464757316371153,531,0,376,93,0,0,0,459,infection,812
6.471053711456399,531,0,375,94,0,0,0,459,recovery,821
6.474901748249295,530,0,376,94,0,0,0,460,infection,518
6.476172270030299,529,0,377,94,0,0,0,461,infection,876
6.479192766437026,528,0,378,94,0,0,0,462,infection,681
6.480858465177235,527,0,379,94,0,0,0,463,infection,423
6.490018115491585,526,0,380,94,0,0,0,464,infection,86
6.496180578530256,525,0,381,94,0,0,0,465,infection,285
6.497267471371751,524,0,382,94,0,0,0,466,infection,303
6.501944583387869,523,0,383,94,0,0,0,467,infection,88
6.505351493761364,522,0,384,94,0,0,0,468,infection,536
6.511255055371786,521,0,385,94,0,0,0,469,infection,454
6.512578496365081,520,0,386,94,0,0,0,470,infection,522
6.51368399004918,519,0,387,94,0,0,0,471,infection,5
6.537035916100846,518,0,388,94,0,0,0,472,infection,797
6.539558319327751,518,0,387,95,0,0,0,472,recovery,223
6.543898330057472,517,0,388,95,0,0,0,473,infection,167
6.544200887430214,516,0,389,95,0,0,0,474,infection,667
6.544715200221844,515,0,390,95,0,0,0,475,infection,477
6.544965487771755,514,0,391,95,0,0,0,476,infection,78
6.5458019618612955,513,0,392,95,0,0,0,477,infection,492
6.5525923719284265,512,0,393,95,0,0,0,478,infection,542
6.55407625741502,511,0,394,95,0,0,0,479,infection,12
6.55634145212981,510,0,395,95,0,0,0,480,infection,620
6.559502371050988,509,0,396,95,0,0,0,481,infection,882
6.5626947261844215,508,0,397,95,0,0,0,482,infection,732
6.562915373901257,508,0,396,96,0,0,0,482,recovery,423
6.563392810874359,507,0,397,96,0,0,0,483,infection,249
6.56900462967005,506,0,398,96,0,0,0,484,infection,242
6.569126747920289,505,0,399,96,0,0,0,485,infection,706
6.570464387442011,504,0,400,96,0,0,0,486,infection,753
6.5728413345728445,503,0,401,96,0,0,0,487,infection,117
6.579580231333613,502,0,402,96,0,0,0,488,infection,514
6.582320117441062,501,0,403,96,0,0,0,489,infection,129
6.5834628702966,500,0,404,96,0,0,0,490,infection,785
6.59465117982713,499,0,405,96,0,0,0,491,infection,540
6.601259602379554,498,0,406,96,0,0,0,492,infection,382
6.602060317732587,497,0,407,96,0,0,0,493,infection,807
6.60509283527078,496,0,408,96,0,0,0,494,infection,217
6.610840445058882,495,0,409,96,0,0,0,495,infection,621
6.615804095899953,494,0,410,96,0,0,0,496,infection,736
6.618096129028338,493,0,411,96,0,0,0,497,infection,449
6.621605471814909,492,0,412,96,0,0,0,498,infection,290
6.622941634746209,491,0,413,96,0,0,0,499,infection,499
6.624572499627399,490,0,414,96,0,0,0,500,infection,357
6.627761469276139,489,0,415,96,0,0,0,501,infection,771
6.629008771732549,488,0,416,96,0,0,0,502,infection,201
6.634677772422441,488,0,415,97,0,0,0,502,recovery,514
6.637379076188303,487,0,416,97,0,0,0,503,infection,717
6.646398155593701,486,0,417,97,0,0,0,504,infection,754
6.649845642209743,485,0,418,97,0,0,0,505,infection,907
6.65512725833783,484,0,419,97,0,0,0,506,infection,250
6.66226481580778,483,0,420,97,0,0,0,507,infection,430
6.6692564573072675,482,0,421,97,0,0,0,508,infection,678
6.670178598210677,481,0,422,97,0,0,0,509,infection,975
6.670423779450432,480,0,423,97,0,0,0,510,infection,868
6.671122967211545,479,0,424,97,0,0,0,511,infection,694
6.672003858359611,478,0,425,97,0,0,0,512,infection,973
6.675013042920959,477,0,426,97,0,0,0,513,infection,952
6.675573362624059,476,0,427,97,0,0,0,514,infection,505
6.6765737255995194,475,0,428,97,0,0,0,515,infection,930
6.680942765229757,474,0,429,97,0,0,0,516,infection,734
6.684632794903026,473,0,430,97,0,0,0,517,infection,219
6.692121261661085,472,0,431,97,0,0,0,518,infection,604
6.692925431720197,471,0,432,97,0,0,0,519,infection,294
6.695404026381837,470,0,433,97,0,0,0,520,infection,687
6.701843281625919,470,0,432,98,0,0,0,520,recovery,299
6.703858924812588,469,0,433,98,0,0,0,521,infection,140
6.707604396084784,468,0,434,98,0,0,0,522,infection,426
6.708184577694707,467,0,435,98,0,0,0,523,infection,951
6.713570265254816,466,0,436,98,0,0,0,524,infection,622
6.718819612192127,465,0,437,98,0,0,0,525,infection,171
6.721045729227031,465,0,436,99,0,0,0,525,recovery,249
6.724111106356955,465,0,435,100,0,0,0,525,recovery,5
6.727446425559866,464,0,436,100,0,0,0,526,infection,131
6.728380673423594,464,0,435,101,0,0,0,526,recovery,168
6.728528131596361,464,0,434,102,0,0,0,526,recovery,221
6.72872895863696,464,0,433,103,0,0,0,526,recovery,32
6.731771565329557,463,0,434,103,0,0,0,527,infection,885
6.732649905610203,462,0,435,103,0,0,0,528,infection,689
6.733076467338686,462,0,434,104,0,0,0,528,recovery,324
6.736189616433007,462,0,433,105,0,0,0,528,recovery,85
6.738938928799389,461,0,434,105,0,0,0,529,infection,722
6.743811828911816,460,0,435,105,0,0,0,530,infection,776
6.744030224731431,459,0,436,105,0,0,0,531,infection,495
6.750769705767339,458,0,437,105,0,0,0,532,infection,428
6.762787148554994,457,0,438,105,0,0,0,533,infection,767
6.764371109085781,457,0,437,106,0,0,0,533,recovery,519
6.766366944151754,457,0,436,107,0,0,0,533,recovery,525
6.767618614124168,456,0,437,107,0,0,0,534,infection,113
6.76827485312807,455,0,438,107,0,0,0,535,infection,213
6.774359593840326,454,0,439,107,0,0,0,536,infection,764
6.775398415917029,453,0,440,107,0,0,0,537,infection,596
6.782130441567511,452,0,441,107,0,0,0,538,infection,19
6.782670181405893,451,0,442,107,0,0,0,539,infection,149
6.790153457157477,450,0,443,107,0,0,0,540,infection,891
6.793125016550961,450,0,442,108,0,0,0,540,recovery,711
6.793336969574362,450,0,441,109,0,0,0,540,recovery,93
6.795262096437723,449,0,442,109,0,0,0,541,infection,811
6.795642201435607,449,0,441,110,0,0,0,541,recovery,493
6.801533207450524,449,0,440,111,0,0,0,541,recovery,296
6.8031399685574145,448,0,441,111,0,0,0,542,infection,846
6.8125916472692865,447,0,442,111,0,0,0,543,infection,264
6.813123275991228,446,0,443,111,0,0,0,544,infection,675
6.817702184323299,445,0,444,111,0,0,0,545,infection,208
6.821179767021302,444,0,445,111,0,0,0,546,infection,8
6.821405871127908,443,0,446,111,0,0,0,547,infection,980
6.827859157514675,442,0,447,111,0,0,0,548,infection,62
6.829029216573141,441,0,448,111,0,0,0,549,infection,228
6.83029839404471,440,0,449,111,0,0,0,550,infection,238
6.834725292578811,439,0,450,111,0,0,0,551,infection,636
6.8404748307040215,439,0,449,112,0,0,0,551,recovery,271
6.845209442521682,438,0,450,112,0,0,0,552,infection,911
6.846149754717636,437,0,451,112,0,0,0,553,infection,984
6.848415950165119,436,0,452,112,0,0,0,554,infection,831
6.851487877560583,435,0,453,112,0,0,0,555,infection,340
6.85783620538495,435,0,452,113,0,0,0,555,recovery,357
6.87013095395209,435,0,451,114,0,0,0,555,recovery,476
6.8800334725920465,434,0,452,114,0,0,0,556,infection,306
6.880593100984981,434,0,451,115,0,0,0,556,recovery,620
6.881430405885088,433,0,452,115,0,0,0,557,infection,235
6.885163256515356,432,0,453,115,0,0,0,558,infection,342
6.89285748904636,431,0,454,115,0,0,0,559,infection,197
6.894293789203505,430,0,455,115,0,0,0,560,infection,660
6.89482400593311,429,0,456,115,0,0,0,561,infection,76
6.89599088057968,429,0,455,116,0,0,0,561,recovery,961
6.906870385114608,429,0,454,117,0,0,0,561,recovery,151
6.921360540809641,428,0,455,117,0,0,0,562,infection,990
6.922167920146001,427,0,456,117,0,0,0,563,infection,549
6.922866838856953,427,0,455,118,0,0,0,563,recovery,764
6.92580359858286,426,0,456,118,0,0,0,564,infection,547
6.928889727545687,425,0,457,118,0,0,0,565,infection,948
6.932862805963845,424,0,458,118,0,0,0,566,infection,302
6.93575577443369,424,0,457,119,0,0,0,566,recovery,886
6.946188208823677,423,0,458,119,0,0,0,567,infection,531
6.946295312237014,422,0,459,119,0,0,0,568,infection,66
6.95250683162523,421,0,460,119,0,0,0,569,infection,615
6.957287545829673,420,0,461,119,0,0,0,570,infection,699
6.960421796256828,419,0,462,119,0,0,0,571,infection,70
6.962624576622774,419,0,461,120,0,0,0,571,recovery,606
6.967522864510199,419,0,460,121,0,0,0,571,recovery,551
6.9702418313375025,418,0,461,121,0,0,0,572,infection,490
6.973060279874274,418,0,460,122,0,0,0,572,recovery,621
6.980678182931853,417,0,461,122,0,0,0,573,infection,150
6.981894283693202,417,0,460,123,0,0,0,573,recovery,588
6.983038618382704,416,0,461,123,0,0,0,574,infection,572
6.988993605392374,415,0,462,123,0,0,0,575,infection,816
6.991927794188172,414,0,463,123,0,0,0,576,infection,624
6.992401622989015,413,0,464,123,0,0,0,577,infection,9
6.993471656572674,413,0,463,124,0,0,0,577,recovery,264
6.998858856939862,412,0,464,124,0,0,0,578,infection,312
7.018292826827059,411,0,465,124,0,0,0,579,infection,429
7.022183594581302,410,0,466,124,0,0,0,580,infection,983
7.032180543347725,409,0,467,124,0,0,0,581,infection,468
7.033071985930821,409,0,466,125,0,0,0,581,recovery,530
7.0362392370053355,408,0,467,125,0,0,0,582,infection,120
7.042609545873051,407,0,468,125,0,0,0,583,infection,968
7.065013527581316,406,0,469,125,0,0,0,584,infection,708
7.066839372850425,405,0,470,125,0,0,0,585,infection,48
7.068292115391193,404,0,471,125,0,0,0,586,infection,841
7.073991996591993,404,0,470,126,0,0,0,586,recovery,196
7.074766916672997,403,0,471,126,0,0,0,587,infection,594
7.081692185938247,402,0,472,126,0,0,0,588,infection,839
7.0817590511650295,401,0,473,126,0,0,0,589,infection,424
7.084230309502447,400,0,474,126,0,0,0,590,infection,277
7.096477086922285,400,0,473,127,0,0,0,590,recovery,924
7.09776992411785,399,0,474,127,0,0,0,591,infection,247
7.099237513638669,398,0,475,127,0,0,0,592,infection,880
7.10355444466903,397,0,476,127,0,0,0,593,infection,635
7.113367640983251,396,0,477,127,0,0,0,594,infection,593
7.114758636449789,395,0,478,127,0,0,0,595,infection,331
7.114876747578035,394,0,479,127,0,0,0,596,infection,435
7.124612485174762,394,0,478,128,0,0,0,596,recovery,927
7.1256599315278235,393,0,479,128,0,0,0,597,infection,541
7.125864884407843,392,0,480,128,0,0,0,598,infection,133
7.130345197298598,391,0,481,128,0,0,0,599,infection,326
7.130498805722894,390,0,482,128,0,0,0,600,infection,478
7.136708026751683,389,0,483,128,0,0,0,601,infection,503
7.137602477145203,388,0,484,128,0,0,0,602,infection,142
7.141602783672298,388,0,483,129,0,0,0,602,recovery,999
7.145901928713879,388,0,482,130,0,0,0,602,recovery,880
7.149466943624398,387,0,483,130,0,0,0,603,infection,799
7.151978267168891,387,0,482,131,0,0,0,603,recovery,706
7.152370141149239,386,0,483,131,0,0,0,604,infection,750
7.16462910343976,385,0,484,131,0,0,0,605,infection,906
7.168952506159174,385,0,483,132,0,0,0,605,recovery,217
7.169498167835036,384,0,484,132,0,0,0,606,infection,396
7.176252409465684,383,0,485,132,0,0,0,607,infection,715
7.178014231918771,382,0,486,132,0,0,0,608,infection,94
7.180294619899931,382,0,485,133,0,0,0,608,recovery,648
7.1825969080713445,381,0,486,133,0,0,0,609,infection,979
7.182955075285032,380,0,487,133,0,0,0,610,infection,34
7.183245754926601,379,0,488,133,0,0,0,611,infection,301
7.18688231647879,378,0,489,133,0,0,0,612,infection,283
7.191502716827864,377,0,490,133,0,0,0,613,infection,936
7.192324654731147,377,0,489,134,0,0,0,613,recovery,763
7.192958507194152,376,0,490,134,0,0,0,614,infection,130
7.195894791323806,375,0,491,134,0,0,0,615,infection,413
7.196805645356951,375,0,490,135,0,0,0,615,recovery,673
7.200310880466245,375,0,489,136,0,0,0,615,recovery,913
7.203400533363449,374,0,490,136,0,0,0,616,infection,344
7.210331534937307,374,0,489,137,0,0,0,616,recovery,372
7.212703362892333,374,0,488,138,0,0,0,616,recovery,613
7.212975875325198,373,0,489,138,0,0,0,617,infection,671
7.220576254764745,372,0,490,138,0,0,0,618,infection,268
7.229674929446619,371,0,491,138,0,0,0,619,infection,418
7.231687423535406,371,0,490,139,0,0,0,619,recovery,492
7.245720914659589,370,0,491,139,0,0,0,620,infection,967
7.250564978775522,369,0,492,139,0,0,0,621,infection,22
7.250640309139668,368,0,493,139,0,0,0,622,infection,112
7.2525779030192625,367,0,494,139,0,0,0,623,infection,971
7.25597775856154,366,0,495,139,0,0,0,624,infection,432
7.2562740746236605,365,0,496,139,0,0,0,625,infection,125
7.261861238245152,364,0,497,139,0,0,0,626,infection,595
7.262936881233151,363,0,498,139,0,0,0,627,infection,341
7.263594807657864,363,0,497,140,0,0,0,627,recovery,257
7.264677225850985,362,0,498,140,0,0,0,628,infection,215
7.269176098416608,361,0,499,140,0,0,0,629,infection,781
7.270685736712833,361,0,498,141,0,0,0,629,recovery,488
7.273796534315197,360,0,499,141,0,0,0,630,infection,915
7.276249271275473,360,0,498,142,0,0,0,630,recovery,968
7.27968231458791,359,0,499,142,0,0,0,631,infection,232
7.280988816272604,358,0,500,142,0,0,0,632,infection,369
7.282686514195801,358,0,499,143,0,0,0,632,recovery,272
7.286494397339661,357,0,500,143,0,0,0,633,infection,773
7.289520383772432,356,0,501,143,0,0,0,634,infection,465
7.289623880792635,355,0,502,143,0,0,0,635,infection,565
7.290251248889669,354,0,503,143,0,0,0,636,infection,318
7.29212088920721,354,0,502,144,0,0,0,636,recovery,557
7.293099281786887,353,0,503,144,0,0,0,637,infection,145
7.304740698222329,353,0,502,145,0,0,0,637,recovery,326
7.311251107064323,352,0,503,145,0,0,0,638,infection,394
7.315567798128812,352,0,502,146,0,0,0,638,recovery,605
7.318247168519437,351,0,503,146,0,0,0,639,infection,116
7.320304462908786,350,0,504,146,0,0,0,640,infection,280
7.322722714469587,349,0,505,146,0,0,0,641,infection,58
7.323773554657735,348,0,506,146,0,0,0,642,infection,737
7.323881388519203,348,0,505,147,0,0,0,642,recovery,34
7.325518328129951,347,0,506,147,0,0,0,643,infection,295
7.330486568008381,346,0,507,147,0,0,0,644,infection,898
7.339515629110078,346,0,506,148,0,0,0,644,recovery,460
7.339812746200411,345,0,507,148,0,0,0,645,infection,307
7.344304465061248,344,0,508,148,0,0,0,646,infection,162
7.344684989112866,343,0,509,148,0,0,0,647,infection,107
7.346554247120936,342,0,510,148,0,0,0,648,infection,38
7.35138547564061,341,0,511,148,0,0,0,649,infection,124
7.352383779292115,340,0,512,148,0,0,0,650,infection,535
7.3555723841718095,340,0,511,149,0,0,0,650,recovery,478
7.356038841615752,339,0,512,149,0,0,0,651,infection,239
7.368790450816953,338,0,513,149,0,0,0,652,infection,209
7.369898405810626,337,0,514,149,0,0,0,653,infection,90
7.385763725264109,336,0,515,149,0,0,0,654,infection,458
7.392996801052502,335,0,516,149,0,0,0,655,infection,183
7.395341932629181,334,0,517,149,0,0,0,656,infection,746
7.412925055233733,333,0,518,149,0,0,0,657,infection,14
7.424889161689152,332,0,519,149,0,0,0,658,infection,415
7.431647669550511,331,0,520,149,0,0,0,659,infection,619
7.432012699170617,331,0,519,150,0,0,0,659,recovery,403
7.434997403592299,330,0,520,150,0,0,0,660,infection,155
7.445552400530932,329,0,521,150,0,0,0,661,infection,666
7.445732223265735,328,0,522,150,0,0,0,662,infection,439
7.459870544479792,327,0,523,150,0,0,0,663,infection,385
7.460610319062729,327,0,522,151,0,0,0,663,recovery,3
7.46157476577931,327,0,521,152,0,0,0,663,recovery,174
7.471271371444342,326,0,522,152,0,0,0,664,infection,783
7.481038202130662,326,0,521,153,0,0,0,664,recovery,69
7.487339809596184,325,0,522,153,0,0,0,665,infection,727
7.488849517489934,324,0,523,153,0,0,0,666,infection,507
7.493325016898606,324,0,522,154,0,0,0,666,recovery,8
7.497364068794731,324,0,521,155,0,0,0,666,recovery,953
7.499836801162662,323,0,522,155,0,0,0,667,infection,82
7.503526092300239,323,0,521,156,0,0,0,667,recovery,345
7.505293751353029,322,0,522,156,0,0,0,668,infection,471
7.507392351804869,321,0,523,156,0,0,0,669,infection,409
7.513023969807782,321,0,522,157,0,0,0,669,recovery,256
7.51468793910256,321,0,521,158,0,0,0,669,recovery,893
7.514934243088938,320,0,522,158,0,0,0,670,infection,515
7.516936274868041,319,0,523,158,0,0,0,671,infection,365
7.522935582043142,318,0,524,158,0,0,0,672,infection,397
7.523324370449064,317,0,525,158,0,0,0,673,infection,330
7.525189593047177,317,0,524,159,0,0,0,673,recovery,352
7.533146027284282,316,0,525,159,0,0,0,674,infection,364
7.536754803683595,315,0,526,159,0,0,0,675,infection,148
7.538589339241815,314,0,527,159,0,0,0,676,infection,637
7.546456065867906,313,0,528,159,0,0,0,677,infection,866
7.553601061775329,312,0,529,159,0,0,0,678,infection,956
7.554568851442458,312,0,528,160,0,0,0,678,recovery,374
7.556389221358062,311,0,529,160,0,0,0,679,infection,942
7.557695024757685,310,0,530,160,0,0,0,680,infection,266
7.560274070927687,310,0,529,161,0,0,0,680,recovery,142
7.566062564133361,309,0,530,161,0,0,0,681,infection,104
7.570550786822743,308,0,531,161,0,0,0,682,infection,575
7.576478847094928,307,0,532,161,0,0,0,683,infection,21
7.577314696434456,307,0,531,162,0,0,0,683,recovery,765
7.585120950878716,306,0,532,162,0,0,0,684,infection,902
7.58984243134682,306,0,531,163,0,0,0,684,recovery,95
7.589908301060465,305,0,532,163,0,0,0,685,infection,163
7.590880572942209,305,0,531,164,0,0,0,685,recovery,175
7.59525176673211,304,0,532,164,0,0,0,686,infection,109
7.595812983227869,303,0,533,164,0,0,0,687,infection,752
7.59827405364753,302,0,534,164,0,0,0,688,infection,836
7.611130184334928,302,0,533,165,0,0,0,688,recovery,76
7.611189691553525,301,0,534,165,0,0,0,689,infection,1
7.612792882528745,300,0,535,165,0,0,0,690,infection,650
7.628605817214664,299,0,536,165,0,0,0,691,infection,954
7.631210819233817,298,0,537,165,0,0,0,692,infection,685
7.635202476649111,297,0,538,165,0,0,0,693,infection,17
7.636876120403187,297,0,537,166,0,0,0,693,recovery,528
7.640381214657643,297,0,536,167,0,0,0,693,recovery,373
7.643546835811945,297,0,535,168,0,0,0,693,recovery,839
7.647020438569289,297,0,534,169,0,0,0,693,recovery,858
7.647917001140639,297,0,533,170,0,0,0,693,recovery,761
7.6490485507064285,296,0,534,170,0,0,0,694,infection,317
7.650638061676011,295,0,535,170,0,0,0,695,infection,47
7.665860317073174,294,0,536,170,0,0,0,696,infection,39
7.670077922738717,294,0,535,171,0,0,0,696,recovery,195
7.675884444932342,294,0,534,172,0,0,0,696,recovery,655
7.6760402225941675,294,0,533,173,0,0,0,696,recovery,844
7.687330925271056,293,0,534,173,0,0,0,697,infection,222
7.695568762150908,293,0,533,174,0,0,0,697,recovery,791
7.696049976890183,293,0,532,175,0,0,0,697,recovery,760
7.717341013804849,293,0,531,176,0,0,0,697,recovery,867
7.720647501745521,293,0,530,177,0,0,0,697,recovery,932
7.723401143232188,292,0,531,177,0,0,0,698,infection,446
7.735227789568005,291,0,532,177,0,0,0,699,infection,292
7.736830709530417,290,0,533,177,0,0,0,700,infection,278
7.737194043843044,289,0,534,177,0,0,0,701,infection,87
7.73900668473118,289,0,533,178,0,0,0,701,recovery,940
7.7419329135304285,288,0,534,178,0,0,0,702,infection,143
7.742664964253273,287,0,535,178,0,0,0,703,infection,668
7.742712475400188,286,0,536,178,0,0,0,704,infection,274
7.748395922267978,286,0,535,179,0,0,0,704,recovery,752
7.752018931077692,285,0,536,179,0,0,0,705,infection,691
7.752025921173057,284,0,537,179,0,0,0,706,infection,859
7.760582459046544,283,0,538,179,0,0,0,707,infection,46
7.761961266644396,282,0,539,179,0,0,0,708,infection,810
7.766471988013425,281,0,540,179,0,0,0,709,infection,690
7.766546178815431,280,0,541,179,0,0,0,710,infection,388
7.773034839454554,279,0,542,179,0,0,0,711,infection,638
7.7755571043806615,278,0,543,179,0,0,0,712,infection,186
7.77887140461139,278,0,542,180,0,0,0,712,recovery,425
7.78157083414007,277,0,543,180,0,0,0,713,infection,901
7.782751753390645,277,0,542,181,0,0,0,713,recovery,406
7.791032397372106,276,0,543,181,0,0,0,714,infection,738
7.792596106144839,275,0,544,181,0,0,0,715,infection,912
7.796633874084967,275,0,543,182,0,0,0,715,recovery,404
7.797753546390586,275,0,542,183,0,0,0,715,recovery,260
7.8044326510514335,274,0,543,183,0,0,0,716,infection,645
7.805166334292432,273,0,544,183,0,0,0,717,infection,6
7.808775880180189,273,0,543,184,0,0,0,717,recovery,536
7.809971485025921,273,0,542,185,0,0,0,717,recovery,339
7.8136438634349075,273,0,541,186,0,0,0,717,recovery,250
7.817985251377012,273,0,540,187,0,0,0,717,recovery,173
7.8236226905931145,273,0,539,188,0,0,0,717,recovery,722
7.8267141901680395,272,0,540,188,0,0,0,718,infection,649
7.829012094874115,271,0,541,188,0,0,0,719,infection,353
7.834311825356602,270,0,542,188,0,0,0,720,infection,508
7.83985003970998,269,0,543,188,0,0,0,721,infection,632
7.843851657389761,268,0,544,188,0,0,0,722,infection,679
7.843883248204918,268,0,543,189,0,0,0,722,recovery,769
7.8440417439042,267,0,544,189,0,0,0,723,infection,658
7.853362164808654,266,0,545,189,0,0,0,724,infection,899
7.8583738347075665,265,0,546,189,0,0,0,725,infection,614
7.863673336153521,264,0,547,189,0,0,0,726,infection,864
7.863926694482645,263,0,548,189,0,0,0,727,infection,818
7.869213233031652,263,0,547,190,0,0,0,727,recovery,899
7.872791006951381,263,0,546,191,0,0,0,727,recovery,604
7.877300768958462,262,0,547,191,0,0,0,728,infection,920
7.882830436715009,262,0,546,192,0,0,0,728,recovery,308
7.8869023572192205,262,0,545,193,0,0,0,728,recovery,348
7.893264420127093,261,0,546,193,0,0,0,729,infection,553
7.900331232251065,260,0,547,193,0,0,0,730,infection,579
7.904001395601923,259,0,548,193,0,0,0,731,infection,65
7.904380426859968,259,0,547,194,0,0,0,731,recovery,714
7.913875346475368,258,0,548,194,0,0,0,732,infection,712
7.919449691640249,257,0,549,194,0,0,0,733,infection,402
7.9202895540620215,256,0,550,194,0,0,0,734,infection,825
7.922199876881827,255,0,551,194,0,0,0,735,infection,626
7.9314198852372115,254,0,552,194,0,0,0,736,infection,853
7.933693937469467,254,0,551,195,0,0,0,736,recovery,783
7.939409818047194,253,0,552,195,0,0,0,737,infection,416
7.9419826735699734,253,0,551,196,0,0,0,737,recovery,307
7.943333572357832,252,0,552,196,0,0,0,738,infection,857
7.944718371496215,251,0,553,196,0,0,0,739,infection,360
7.944724763717586,250,0,554,196,0,0,0,740,infection,137
7.946620642226959,249,0,555,196,0,0,0,741,infection,834
7.948068889925758,249,0,554,197,0,0,0,741,recovery,312
7.95287894091244,249,0,553,198,0,0,0,741,recovery,911
7.975120047982275,248,0,554,198,0,0,0,742,infection,434
7.9839877369781265,248,0,553,199,0,0,0,742,recovery,66
7.985590027113636,248,0,552,200,0,0,0,742,recovery,766
7.986828751331125,247,0,553,200,0,0,0,743,infection,333
7.993070713518075,246,0,554,200,0,0,0,744,infection,683
7.9959621899255975,245,0,555,200,0,0,0,745,infection,724
8.004369948806866,245,0,554,201,0,0,0,745,recovery,537
8.006028920588179,245,0,553,202,0,0,0,745,recovery,800
8.012457105231588,244,0,554,202,0,0,0,746,infection,259
8.012502335523868,243,0,555,202,0,0,0,747,infection,977
8.017836926508107,243,0,554,203,0,0,0,747,recovery,663
8.02805894744165,243,0,553,204,0,0,0,747,recovery,20
8.032879767126419,243,0,552,205,0,0,0,747,recovery,678
8.032902968941217,242,0,553,205,0,0,0,748,infection,33
8.041470848689261,242,0,552,206,0,0,0,748,recovery,593
8.046645901886901,242,0,551,207,0,0,0,748,recovery,60
8.046700768476729,241,0,552,207,0,0,0,749,infection,298
8.051694641440232,241,0,551,208,0,0,0,749,recovery,623
8.058841348746467,241,0,550,209,0,0,0,749,recovery,52
8.060430542079025,240,0,551,209,0,0,0,750,infection,384
8.06118911765541,240,0,550,210,0,0,0,750,recovery,317
8.0627903541719,239,0,551,210,0,0,0,751,infection,11
8.064684251904966,239,0,550,211,0,0,0,751,recovery,674
8.06897502443626,239,0,549,212,0,0,0,751,recovery,555
8.072366879243948,239,0,548,213,0,0,0,751,recovery,785
8.07415380549096,238,0,549,213,0,0,0,752,infection,856
8.077362725136775,238,0,548,214,0,0,0,752,recovery,262
8.078985383234667,238,0,547,215,0,0,0,752,recovery,12
8.079644303039265,238,0,546,216,0,0,0,752,recovery,675
8.08389947375217,238,0,545,217,0,0,0,752,recovery,432
8.086079056655825,237,0,546,217,0,0,0,753,infection,775
8.086843053861912,237,0,545,218,0,0,0,753,recovery,334
8.102533219104233,236,0,546,218,0,0,0,754,infection,193
8.10340717765454,236,0,545,219,0,0,0,754,recovery,39
8.103424875726983,236,0,544,220,0,0,0,754,recovery,935
8.103893932703956,236,0,543,221,0,0,0,754,recovery,37
8.115341445993487,236,0,542,222,0,0,0,754,recovery,653
8.125462154421287,235,0,543,222,0,0,0,755,infection,451
8.131851062587273,234,0,544,222,0,0,0,756,infection,381
8.132154187633349,233,0,545,222,0,0,0,757,infection,51
8.144371196720202,232,0,546,222,0,0,0,758,infection,790
8.156191809152867,231,0,547,222,0,0,0,759,infection,677
8.161735089795496,231,0,546,223,0,0,0,759,recovery,627
8.16189294546422,230,0,547,223,0,0,0,760,infection,925
8.162247609301247,230,0,546,224,0,0,0,760,recovery,742
8.163757194343244,229,0,547,224,0,0,0,761,infection,554
8.175944064778816,229,0,546,225,0,0,0,761,recovery,451
8.177530664747222,228,0,547,225,0,0,0,762,infection,642
8.179240171126057,227,0,548,225,0,0,0,763,infection,119
8.190676030240468,227,0,547,226,0,0,0,763,recovery,599
8.20803373437567,226,0,548,226,0,0,0,764,infection,224
8.212443116882985,226,0,547,227,0,0,0,764,recovery,632
8.213579963616741,225,0,548,227,0,0,0,765,infection,273
8.218007548931798,224,0,549,227,0,0,0,766,infection,861
8.218493617365839,223,0,550,227,0,0,0,767,infection,875
8.224816689400207,223,0,549,228,0,0,0,767,recovery,618
8.22616567737177,222,0,550,228,0,0,0,768,infection,609
8.22812379440655,221,0,551,228,0,0,0,769,infection,659
8.230662702029484,221,0,550,229,0,0,0,769,recovery,920
8.231324208131964,220,0,551,229,0,0,0,770,infection,616
8.238193206192314,219,0,552,229,0,0,0,771,infection,438
8.243025577116684,218,0,553,229,0,0,0,772,infection,297
8.244460199107433,217,0,554,229,0,0,0,773,infection,464
8.250118962306669,216,0,555,229,0,0,0,774,infection,822
8.254442947782048,215,0,556,229,0,0,0,775,infection,391
8.25528266586822,214,0,557,229,0,0,0,776,infection,265
8.259947244957853,214,0,556,230,0,0,0,776,recovery,499
8.26481950508292,214,0,555,231,0,0,0,776,recovery,70
8.268207946340958,214,0,554,232,0,0,0,776,recovery,15
8.268662894816321,214,0,553,233,0,0,0,776,recovery,344
8.270894167918975,213,0,554,233,0,0,0,777,infection,412
8.280372754383418,212,0,555,233,0,0,0,778,infection,892
8.283619055697637,212,0,554,234,0,0,0,778,recovery,333
8.291041067442162,211,0,555,234,0,0,0,779,infection,7
8.306188849617907,210,0,556,234,0,0,0,780,infection,105
8.318164108148276,209,0,557,234,0,0,0,781,infection,720
8.321237220441777,208,0,558,234,0,0,0,782,infection,472
8.32541052333256,207,0,559,234,0,0,0,783,infection,282
8.332325429622166,207,0,558,235,0,0,0,783,recovery,825
8.337126363355734,207,0,557,236,0,0,0,783,recovery,270
8.337465164715145,207,0,556,237,0,0,0,783,recovery,75
8.341219380475875,206,0,557,237,0,0,0,784,infection,63
8.342606304337126,205,0,558,237,0,0,0,785,infection,216
8.342888641478199,204,0,559,237,0,0,0,786,infection,631
8.345156620683854,204,0,558,238,0,0,0,786,recovery,574
8.345606645718378,204,0,557,239,0,0,0,786,recovery,980
8.355062425329953,204,0,556,240,0,0,0,786,recovery,368
8.362738894114354,203,0,557,240,0,0,0,787,infection,860
8.36649206045541,202,0,558,240,0,0,0,788,infection,441
8.36717609414161,201,0,559,240,0,0,0,789,infection,756
8.371216827717847,201,0,558,241,0,0,0,789,recovery,713
8.37198748956763,201,0,557,242,0,0,0,789,recovery,94
8.379885989773364,201,0,556,243,0,0,0,789,recovery,394
8.405261710922819,201,0,555,244,0,0,0,789,recovery,190
8.41547306568564,200,0,556,244,0,0,0,790,infection,496
8.419800726490642,200,0,555,245,0,0,0,790,recovery,47
8.422204603428268,200,0,554,246,0,0,0,790,recovery,770
8.426374212636015,199,0,555,246,0,0,0,791,infection,386
8.426993651268347,198,0,556,246,0,0,0,792,infection,643
8.43475377972775,197,0,557,246,0,0,0,793,infection,36
8.436788261325946,197,0,556,247,0,0,0,793,recovery,472
8.44052181610988,197,0,555,248,0,0,0,793,recovery,210
8.45621430494209,196,0,556,248,0,0,0,794,infection,538
8.462533590097467,195,0,557,248,0,0,0,795,infection,355
8.466609060172795,194,0,558,248,0,0,0,796,infection,640
8.471971010484125,194,0,557,249,0,0,0,796,recovery,125
8.476722923675016,194,0,556,250,0,0,0,796,recovery,401
8.483191068851863,193,0,557,250,0,0,0,797,infection,115
8.485191068600889,192,0,558,250,0,0,0,798,infection,243
8.4866035036142,191,0,559,250,0,0,0,799,infection,837
8.49126127389647,191,0,558,251,0,0,0,799,recovery,734
8.491419404084645,190,0,559,251,0,0,0,800,infection,559
8.494647840560782,189,0,560,251,0,0,0,801,infection,229
8.495684990001758,189,0,559,252,0,0,0,801,recovery,240
8.500089068327817,188,0,560,252,0,0,0,802,infection,665
8.501662647006501,187,0,561,252,0,0,0,803,infection,164
8.505622306774152,187,0,560,253,0,0,0,803,recovery,611
8.507834219130492,186,0,561,253,0,0,0,804,infection,646
8.508465478188024,186,0,560,254,0,0,0,804,recovery,691
8.50847395975945,185,0,561,254,0,0,0,805,infection,378
8.508947041451089,185,0,560,255,0,0,0,805,recovery,418
8.509202810048702,185,0,559,256,0,0,0,805,recovery,202
8.517326051928356,185,0,558,257,0,0,0,805,recovery,161
8.52071365621591,185,0,557,258,0,0,0,805,recovery,442
8.525375555793723,185,0,556,259,0,0,0,805,recovery,35
8.525743605585697,184,0,557,259,0,0,0,806,infection,49
8.52837324029608,184,0,556,260,0,0,0,806,recovery,515
8.529907465632402,184,0,555,261,0,0,0,806,recovery,498
8.533219055723489,184,0,554,262,0,0,0,806,recovery,14
8.53329493125613,183,0,555,262,0,0,0,807,infection,44
8.53444694934388,182,0,556,262,0,0,0,808,infection,894
8.534842571726038,181,0,557,262,0,0,0,809,infection,748
8.535291225533893,181,0,556,263,0,0,0,809,recovery,258
8.53837559279293,180,0,557,263,0,0,0,810,infection,254
8.5422632572949,179,0,558,263,0,0,0,811,infection,459
8.543218845194293,178,0,559,263,0,0,0,812,infection,377
8.54622024048062,177,0,560,263,0,0,0,813,infection,23
8.550078379356702,176,0,561,263,0,0,0,814,infection,45
8.56496200027203,176,0,560,264,0,0,0,814,recovery,167
8.567697410056608,175,0,561,264,0,0,0,815,infection,845
8.569740640937708,174,0,562,264,0,0,0,816,infection,697
8.570124638687538,174,0,561,265,0,0,0,816,recovery,531
8.572616345110395,173,0,562,265,0,0,0,817,infection,629
8.577990136174442,173,0,561,266,0,0,0,817,recovery,583
8.578686298393807,173,0,560,267,0,0,0,817,recovery,948
8.57998044501186,173,0,559,268,0,0,0,817,recovery,590
8.582190990650883,172,0,560,268,0,0,0,818,infection,269
8.585751972975286,171,0,561,268,0,0,0,819,infection,617
8.586857470655213,170,0,562,268,0,0,0,820,infection,598
8.58785335770531,169,0,563,268,0,0,0,821,infection,889
8.590865896826628,169,0,562,269,0,0,0,821,recovery,624
8.595210047968894,169,0,561,270,0,0,0,821,recovery,879
8.604264712647803,169,0,560,271,0,0,0,821,recovery,9
8.605706857127815,169,0,559,272,0,0,0,821,recovery,274
8.608629728395064,168,0,560,272,0,0,0,822,infection,862
8.608907459114679,167,0,561,272,0,0,0,823,infection,733
8.609831374126358,166,0,562,272,0,0,0,824,infection,205
8.611339662322917,165,0,563,272,0,0,0,825,infection,520
8.614946564605136,165,0,562,273,0,0,0,825,recovery,415
8.616241760487561,164,0,563,273,0,0,0,826,infection,42
8.62586621128957,164,0,562,274,0,0,0,826,recovery,124
8.632068381099684,164,0,561,275,0,0,0,826,recovery,112
8.644091372549704,163,0,562,275,0,0,0,827,infection,156
8.653625661651771,162,0,563,275,0,0,0,828,infection,945
8.66035388529539,162,0,562,276,0,0,0,828,recovery,381
8.666890174285065,161,0,563,276,0,0,0,829,infection,686
8.670344689953954,161,0,562,277,0,0,0,829,recovery,776
8.676694430224263,161,0,561,278,0,0,0,829,recovery,896
8.676724549695,160,0,562,278,0,0,0,830,infection,545
8.677855569790035,159,0,563,278,0,0,0,831,infection,319
8.683154394279166,158,0,564,278,0,0,0,832,infection,833
8.685658522757707,157,0,565,278,0,0,0,833,infection,558
8.699658031833897,156,0,566,278,0,0,0,834,infection,56
8.715545766537364,156,0,565,279,0,0,0,834,recovery,208
8.718873540299818,155,0,566,279,0,0,0,835,infection,768
8.727689033993688,155,0,565,280,0,0,0,835,recovery,331
8.728860873930579,154,0,566,280,0,0,0,836,infection,532
8.732616920281876,153,0,567,280,0,0,0,837,infection,904
8.740611482268605,153,0,566,281,0,0,0,837,recovery,976
8.743664759900566,153,0,565,282,0,0,0,837,recovery,467
8.745238245617859,152,0,566,282,0,0,0,838,infection,335
8.747622865391442,151,0,567,282,0,0,0,839,infection,809
8.747625046814425,151,0,566,283,0,0,0,839,recovery,268
8.756344867331686,151,0,565,284,0,0,0,839,recovery,385
8.759802117729752,150,0,566,284,0,0,0,840,infection,972
8.76297090384526,150,0,565,285,0,0,0,840,recovery,746
8.765161606042495,150,0,564,286,0,0,0,840,recovery,186
8.771009079530032,149,0,565,286,0,0,0,841,infection,656
8.771667193614526,148,0,566,286,0,0,0,842,infection,92
8.785794287158593,147,0,567,286,0,0,0,843,infection,571
8.78761490020507,146,0,568,286,0,0,0,844,infection,517
8.79218871710033,146,0,567,287,0,0,0,844,recovery,230
8.792793298727947,146,0,566,288,0,0,0,844,recovery,933
8.793857939938835,145,0,567,288,0,0,0,845,infection,682
8.810571421788007,145,0,566,289,0,0,0,845,recovery,757
8.811139577863482,144,0,567,289,0,0,0,846,infection,470
8.822908649765084,143,0,568,289,0,0,0,847,infection,848
8.825391006946353,142,0,569,289,0,0,0,848,infection,325
8.83394999551429,141,0,570,289,0,0,0,849,infection,153
8.844655628698327,141,0,569,290,0,0,0,849,recovery,293
8.847822383354574,140,0,570,290,0,0,0,850,infection,121
8.851249061284138,139,0,571,290,0,0,0,851,infection,337
8.869458846413586,138,0,572,290,0,0,0,852,infection,102
8.87139474003096,138,0,571,291,0,0,0,852,recovery,387
8.877430492053573,137,0,572,291,0,0,0,853,infection,819
8.878215515497219,136,0,573,291,0,0,0,854,infection,370
8.878869802398134,136,0,572,292,0,0,0,854,recovery,33
8.89014675819469,135,0,573,292,0,0,0,855,infection,433
8.91302114964874,135,0,572,293,0,0,0,855,recovery,945
8.919557938846086,135,0,571,294,0,0,0,855,recovery,544
8.932786007471334,135,0,570,295,0,0,0,855,recovery,619
8.934759701753586,135,0,569,296,0,0,0,855,recovery,857
8.964199384939542,135,0,568,297,0,0,0,855,recovery,122
8.966564620612877,135,0,567,298,0,0,0,855,recovery,335
8.9798058015533,134,0,568,298,0,0,0,856,infection,211
8.981831813008816,133,0,569,298,0,0,0,857,infection,310
8.992393408812237,133,0,568,299,0,0,0,857,recovery,237
8.995533513806985,132,0,569,299,0,0,0,858,infection,591
8.998878054380567,132,0,568,300,0,0,0,858,recovery,366
9.01212511406302,132,0,567,301,0,0,0,858,recovery,205
9.015168876852215,132,0,566,302,0,0,0,858,recovery,22
9.027979140578143,131,0,567,302,0,0,0,859,infection,158
9.035390908769394,130,0,568,302,0,0,0,860,infection,2
9.036174911399502,130,0,567,303,0,0,0,860,recovery,471
9.053657987946304,129,0,568,303,0,0,0,861,infection,281
9.061327829022716,129,0,567,304,0,0,0,861,recovery,553
9.065479185896631,128,0,568,304,0,0,0,862,infection,931
9.066877643404545,128,0,567,305,0,0,0,862,recovery,99
9.067811441232585,128,0,566,306,0,0,0,862,recovery,30
9.093850124725986,128,0,565,307,0,0,0,862,recovery,143
9.094519667949958,127,0,566,307,0,0,0,863,infection,29
9.106270889871512,126,0,567,307,0,0,0,864,infection,118
9.10719966187587,125,0,568,307,0,0,0,865,infection,4
9.108178253621578,125,0,567,308,0,0,0,865,recovery,50
9.111236071118872,125,0,566,309,0,0,0,865,recovery,129
9.114158170199092,125,0,565,310,0,0,0,865,recovery,255
9.117962728873287,124,0,566,310,0,0,0,866,infection,577
9.118188300820723,123,0,567,310,0,0,0,867,infection,916
9.124434830485717,122,0,568,310,0,0,0,868,infection,710
9.134884397772776,122,0,567,311,0,0,0,868,recovery,639
9.13679313022849,122,0,566,312,0,0,0,868,recovery,402
9.139112763134108,121,0,567,312,0,0,0,869,infection,89
9.141867536637003,121,0,566,313,0,0,0,869,recovery,123
9.155770060292685,121,0,565,314,0,0,0,869,recovery,341
9.165263828975519,120,0,566,314,0,0,0,870,infection,506
9.178533935100871,119,0,567,314,0,0,0,871,infection,803
9.184664348196426,118,0,568,314,0,0,0,872,infection,322
9.187397609043217,117,0,569,314,0,0,0,873,infection,361
9.202247747520246,116,0,570,314,0,0,0,874,infection,962
9.211655975315846,115,0,571,314,0,0,0,875,infection,79
9.212254271491181,114,0,572,314,0,0,0,876,infection,988
9.213329676561978,114,0,571,315,0,0,0,876,recovery,459
9.213400199754128,114,0,570,316,0,0,0,876,recovery,637
9.23760918526781,113,0,571,316,0,0,0,877,infection,144
9.241444472063497,112,0,572,316,0,0,0,878,infection,851
9.245105428663862,111,0,573,316,0,0,0,879,infection,883
9.246371390978476,110,0,574,316,0,0,0,880,infection,359
9.248770412805762,110,0,573,317,0,0,0,880,recovery,54
9.250077878798427,110,0,572,318,0,0,0,880,recovery,864
9.253768593708914,109,0,573,318,0,0,0,881,infection,474
9.257654587214002,109,0,572,319,0,0,0,881,recovery,496
9.271066185332092,109,0,571,320,0,0,0,881,recovery,408
9.27604828634367,109,0,570,321,0,0,0,881,recovery,386
9.27700617743505,108,0,571,321,0,0,0,882,infection,987
9.28037006657334,108,0,570,322,0,0,0,882,recovery,859
9.297726076707443,108,0,569,323,0,0,0,882,recovery,433
9.301250510970101,108,0,568,324,0,0,0,882,recovery,938
9.308072512902676,108,0,567,325,0,0,0,882,recovery,45
9.314182784200801,107,0,568,325,0,0,0,883,infection,521
9.322825654472487,107,0,567,326,0,0,0,883,recovery,984
9.32772463034297,106,0,568,326,0,0,0,884,infection,16
9.328800726557459,105,0,569,326,0,0,0,885,infection,400
9.332837787851261,104,0,570,326,0,0,0,886,infection,482
9.345697704047895,103,0,571,326,0,0,0,887,infection,817
9.346267165982438,102,0,572,326,0,0,0,888,infection,986
9.347479661567867,102,0,571,327,0,0,0,888,recovery,426
9.35885649763593,102,0,570,328,0,0,0,888,recovery,301
9.372572458460564,101,0,571,328,0,0,0,889,infection,716
9.373030922010837,101,0,570,329,0,0,0,889,recovery,148
9.375550109410783,101,0,569,330,0,0,0,889,recovery,392
9.41481803657265,100,0,570,330,0,0,0,890,infection,950
9.415885067641211,99,0,571,330,0,0,0,891,infection,479
9.417816546701363,99,0,570,331,0,0,0,891,recovery,511
9.427645318711807,98,0,571,331,0,0,0,892,infection,843
9.428471872258363,98,0,570,332,0,0,0,892,recovery,36
9.430133185487636,98,0,569,333,0,0,0,892,recovery,102
9.432089922142412,97,0,570,333,0,0,0,893,infection,275
9.439827481981157,97,0,569,334,0,0,0,893,recovery,431
9.447380228903034,96,0,570,334,0,0,0,894,infection,84
9.448409949094618,95,0,571,334,0,0,0,895,infection,383
9.457130386497992,95,0,570,335,0,0,0,895,recovery,616
9.472417539578714,95,0,569,336,0,0,0,895,recovery,947
9.474213472158858,94,0,570,336,0,0,0,896,infection,806
9.482164976941794,94,0,569,337,0,0,0,896,recovery,100
9.489056310996437,93,0,570,337,0,0,0,897,infection,18
9.491959673172449,93,0,569,338,0,0,0,897,recovery,559
9.51848680331795,93,0,568,339,0,0,0,897,recovery,17
9.535994531378423,93,0,567,340,0,0,0,897,recovery,378
9.537029844715088,93,0,566,341,0,0,0,897,recovery,437
9.547152657862332,93,0,565,342,0,0,0,897,recovery,87
9.553564673231271,93,0,564,343,0,0,0,897,recovery,234
9.567243296876674,93,0,563,344,0,0,0,897,recovery,701
9.600461407309421,93,0,562,345,0,0,0,897,recovery,309
9.600505708374879,92,0,563,345,0,0,0,898,infection,354
9.604030333696628,91,0,564,345,0,0,0,899,infection,941
9.608502274788318,91,0,563,346,0,0,0,899,recovery,500
9.609319299152714,90,0,564,346,0,0,0,900,infection,570
9.62396817127699,89,0,565,346,0,0,0,901,infection,965
9.629894007883934,88,0,566,346,0,0,0,902,infection,587
9.636974387164235,88,0,565,347,0,0,0,902,recovery,292
9.646826461136161,87,0,566,347,0,0,0,903,infection,702
9.650542034811258,87,0,565,348,0,0,0,903,recovery,816
9.654046202349088,87,0,564,349,0,0,0,903,recovery,4
9.657866426338558,86,0,565,349,0,0,0,904,infection,453
9.660403946151709,85,0,566,349,0,0,0,905,infection,949
9.661363431268347,84,0,567,349,0,0,0,906,infection,462
9.66704170614031,83,0,568,349,0,0,0,907,infection,895
9.679116065891778,83,0,567,350,0,0,0,907,recovery,542
9.680155883179927,82,0,568,350,0,0,0,908,infection,263
9.700726723236562,81,0,569,350,0,0,0,909,infection,529
9.705089395872806,81,0,568,351,0,0,0,909,recovery,209
9.708502927912834,81,0,567,352,0,0,0,909,recovery,79
9.719238098649326,80,0,568,352,0,0,0,910,infection,128
9.727352939093487,79,0,569,352,0,0,0,911,infection,743
9.733711714223219,78,0,570,352,0,0,0,912,infection,680
9.747189704381032,78,0,569,353,0,0,0,912,recovery,868
9.748551505918721,77,0,570,353,0,0,0,913,infection,871
9.759914779454151,77,0,569,354,0,0,0,913,recovery,775
9.765494346794823,77,0,568,355,0,0,0,913,recovery,988
9.766137326831092,76,0,569,355,0,0,0,914,infection,351
9.774653960844418,75,0,570,355,0,0,0,915,infection,589
9.78844128366987,74,0,571,355,0,0,0,916,infection,661
9.788591108227301,73,0,572,355,0,0,0,917,infection,573
9.79904548663713,73,0,571,356,0,0,0,917,recovery,304
9.81145685934117,73,0,570,357,0,0,0,917,recovery,215
9.815396811976976,73,0,569,358,0,0,0,917,recovery,902
9.81857969921056,73,0,568,359,0,0,0,917,recovery,289
9.820360534520976,73,0,567,360,0,0,0,917,recovery,660
9.822617015311133,73,0,566,361,0,0,0,917,recovery,179
9.830725552975974,73,0,565,362,0,0,0,917,recovery,435
9.83108799502879,72,0,566,362,0,0,0,918,infection,918
9.832168920751146,71,0,567,362,0,0,0,919,infection,603
9.836299473944921,71,0,566,363,0,0,0,919,recovery,65
9.838206529058906,71,0,565,364,0,0,0,919,recovery,688
9.840698532664483,71,0,564,365,0,0,0,919,recovery,485
9.842142485288116,70,0,565,365,0,0,0,920,infection,873
9.843043801201997,70,0,564,366,0,0,0,920,recovery,278
9.845771745528467,70,0,563,367,0,0,0,920,recovery,516
9.85818534192791,69,0,564,367,0,0,0,921,infection,641
9.871703685590623,68,0,565,367,0,0,0,922,infection,127
9.880301461517016,68,0,564,368,0,0,0,922,recovery,898
9.880772871114047,68,0,563,369,0,0,0,922,recovery,141
9.891616875491282,68,0,562,370,0,0,0,922,recovery,82
9.901637382145841,68,0,561,371,0,0,0,922,recovery,891
9.907052341095905,68,0,560,372,0,0,0,922,recovery,238
9.91423974252054,68,0,559,373,0,0,0,922,recovery,506
9.916784661514614,68,0,558,374,0,0,0,922,recovery,967
9.925119329175066,67,0,559,374,0,0,0,923,infection,395
9.929368973898116,66,0,560,374,0,0,0,924,infection,543
9.932876429397785,66,0,559,375,0,0,0,924,recovery,63
9.933220426663356,66,0,558,376,0,0,0,924,recovery,46
9.938560085593403,65,0,559,376,0,0,0,925,infection,136
9.946360822822253,64,0,560,376,0,0,0,926,infection,53
9.95862236164875,63,0,561,376,0,0,0,927,infection,900
9.967609946223332,63,0,560,377,0,0,0,927,recovery,846
9.986848681252406,62,0,561,377,0,0,0,928,infection,188
9.987894420139291,61,0,562,377,0,0,0,929,infection,849
10.018812748087138,60,0,563,377,0,0,0,930,infection,97
10.01973031889204,60,0,562,378,0,0,0,930,recovery,635
10.020021970454891,60,0,561,379,0,0,0,930,recovery,744
10.022410784881536,59,0,562,379,0,0,0,931,infection,68
10.048384740429203,58,0,563,379,0,0,0,932,infection,959
10.04995169265399,57,0,564,379,0,0,0,933,infection,212
10.052082163496438,56,0,565,379,0,0,0,934,infection,782
10.056728772834592,56,0,564,380,0,0,0,934,recovery,248
10.060061430893454,55,0,565,380,0,0,0,935,infection,483
10.062886777263055,54,0,566,380,0,0,0,936,infection,550
10.075653290891868,53,0,567,380,0,0,0,937,infection,672
10.090567015528324,53,0,566,381,0,0,0,937,recovery,434
10.1074763427958,53,0,565,382,0,0,0,937,recovery,930
10.114491546755835,53,0,564,383,0,0,0,937,recovery,417
10.122785327973869,53,0,563,384,0,0,0,937,recovery,105
10.131698839847076,53,0,562,385,0,0,0,937,recovery,44
10.135292604215124,53,0,561,386,0,0,0,937,recovery,281
10.142014037104751,53,0,560,387,0,0,0,937,recovery,716
10.14743671823294,53,0,559,388,0,0,0,937,recovery,549
10.15905681557108,53,0,558,389,0,0,0,937,recovery,546
10.171463357129266,52,0,559,389,0,0,0,938,infection,320
10.189289534602146,52,0,558,390,0,0,0,938,recovery,191
10.190623839906426,51,0,559,390,0,0,0,939,infection,969
10.20048581409118,51,0,558,391,0,0,0,939,recovery,644
10.208690448963143,51,0,557,392,0,0,0,939,recovery,247
10.213029508189729,50,0,558,392,0,0,0,940,infection,597
10.214063095973248,50,0,557,393,0,0,0,940,recovery,747
10.214478737174575,49,0,558,393,0,0,0,941,infection,313
10.221298785549411,49,0,557,394,0,0,0,941,recovery,854
10.236662079578817,49,0,556,395,0,0,0,941,recovery,427
10.237133681781467,49,0,555,396,0,0,0,941,recovery,429
10.241663708973112,48,0,556,396,0,0,0,942,infection,669
10.246616681045357,48,0,555,397,0,0,0,942,recovery,211
10.2674175888486,48,0,554,398,0,0,0,942,recovery,29
10.267997335483628,48,0,553,399,0,0,0,942,recovery,965
10.27369403933208,47,0,554,399,0,0,0,943,infection,778
10.284094385525515,46,0,555,399,0,0,0,944,infection,184
10.2932401494458,46,0,554,400,0,0,0,944,recovery,707
10.302701439348931,46,0,553,401,0,0,0,944,recovery,806
10.309935994906695,46,0,552,402,0,0,0,944,recovery,690
10.324675083733968,46,0,551,403,0,0,0,944,recovery,327
10.331506670668652,46,0,550,404,0,0,0,944,recovery,111
10.351357447819943,46,0,549,405,0,0,0,944,recovery,751
10.357252874690023,45,0,550,405,0,0,0,945,infection,469
10.362167575934349,44,0,551,405,0,0,0,946,infection,399
10.369633918445794,44,0,550,406,0,0,0,946,recovery,540
10.374452998603214,44,0,549,407,0,0,0,946,recovery,449
10.376131648286233,44,0,548,408,0,0,0,946,recovery,797
10.376848945403083,44,0,547,409,0,0,0,946,recovery,397
10.381275031566275,44,0,546,410,0,0,0,946,recovery,439
10.395055253405605,44,0,545,411,0,0,0,946,recovery,120
10.39639937925898,44,0,544,412,0,0,0,946,recovery,895
10.417741589010582,44,0,543,413,0,0,0,946,recovery,834
10.429955561866059,44,0,542,414,0,0,0,946,recovery,589
10.434261854369783,44,0,541,415,0,0,0,946,recovery,508
10.440416798389089,44,0,540,416,0,0,0,946,recovery,399
10.453615804907159,44,0,539,417,0,0,0,946,recovery,336
10.468746583957833,44,0,538,418,0,0,0,946,recovery,855
10.482056996188634,44,0,537,419,0,0,0,946,recovery,753
10.501340098412209,44,0,536,420,0,0,0,946,recovery,441
10.508323007242716,44,0,535,421,0,0,0,946,recovery,422
10.509592926302727,44,0,534,422,0,0,0,946,recovery,656
10.50961371540673,44,0,533,423,0,0,0,946,recovery,455
10.510068775283617,44,0,532,424,0,0,0,946,recovery,473
10.511552291455821,44,0,531,425,0,0,0,946,recovery,184
10.528971812542641,43,0,532,425,0,0,0,947,infection,31
10.540407270400676,42,0,533,425,0,0,0,948,infection,452
10.555750389982213,42,0,532,426,0,0,0,948,recovery,396
10.555812931116115,42,0,531,427,0,0,0,948,recovery,482
10.557311719004815,42,0,530,428,0,0,0,948,recovery,363
10.5826626554589,42,0,529,429,0,0,0,948,recovery,594
10.58489908283683,42,0,528,430,0,0,0,948,recovery,712
10.588271212359931,42,0,527,431,0,0,0,948,recovery,819
10.595740275986522,42,0,526,432,0,0,0,948,recovery,986
10.598546143847996,41,0,527,432,0,0,0,949,infection,838
10.602455829953406,41,0,526,433,0,0,0,949,recovery,562
10.608371067560581,41,0,525,434,0,0,0,949,recovery,92
10.613623291947006,41,0,524,435,0,0,0,949,recovery,919
10.613652522333028,40,0,525,435,0,0,0,950,infection,824
10.616742632764828,40,0,524,436,0,0,0,950,recovery,892
10.645886363572977,40,0,523,437,0,0,0,950,recovery,608
10.659706065022412,40,0,522,438,0,0,0,950,recovery,778
10.66636432625021,40,0,521,439,0,0,0,950,recovery,535
10.681973775383579,39,0,522,439,0,0,0,951,infection,728
10.699561705529542,39,0,521,440,0,0,0,951,recovery,362
10.700539051425226,39,0,520,441,0,0,0,951,recovery,668
10.70398293693179,39,0,519,442,0,0,0,951,recovery,873
10.708170609803034,39,0,518,443,0,0,0,951,recovery,905
10.708969726279403,38,0,519,443,0,0,0,952,infection,788
10.731656406668021,38,0,518,444,0,0,0,952,recovery,19
10.736196263044846,37,0,519,444,0,0,0,953,infection,966
10.781403573596414,37,0,518,445,0,0,0,953,recovery,878
10.795238417592724,37,0,517,446,0,0,0,953,recovery,850
10.808817653600583,36,0,518,446,0,0,0,954,infection,692
10.811250786709866,36,0,517,447,0,0,0,954,recovery,568
10.833564765088703,36,0,516,448,0,0,0,954,recovery,226
10.840421908667032,35,0,517,448,0,0,0,955,infection,654
10.84771430822121,35,0,516,449,0,0,0,955,recovery,872
10.852203283506949,35,0,515,450,0,0,0,955,recovery,130
10.869689470902152,35,0,514,451,0,0,0,955,recovery,355
10.869793631401716,35,0,513,452,0,0,0,955,recovery,845
10.910458371527824,34,0,514,452,0,0,0,956,infection,323
10.922326224611854,33,0,515,452,0,0,0,957,infection,245
10.96723259533193,33,0,514,453,0,0,0,957,recovery,316
10.973982926572818,33,0,513,454,0,0,0,957,recovery,152
10.976033367048352,33,0,512,455,0,0,0,957,recovery,640
10.993066643097068,32,0,513,455,0,0,0,958,infection,27
11.02670459042504,32,0,512,456,0,0,0,958,recovery,1
11.035400078397998,32,0,511,457,0,0,0,958,recovery,851
11.05466846185883,32,0,510,458,0,0,0,958,recovery,566
11.062595159312448,32,0,509,459,0,0,0,958,recovery,273
11.062747091374762,32,0,508,460,0,0,0,958,recovery,166
11.07039101093509,31,0,509,460,0,0,0,959,infection,721
11.071008296291527,31,0,508,461,0,0,0,959,recovery,926
11.075294061828949,30,0,509,461,0,0,0,960,infection,321
11.081304118022398,30,0,508,462,0,0,0,960,recovery,633
11.096575840678126,30,0,507,463,0,0,0,960,recovery,526
11.106444793237786,30,0,506,464,0,0,0,960,recovery,931
11.106645909076384,30,0,505,465,0,0,0,960,recovery,571
11.112213484919973,30,0,504,466,0,0,0,960,recovery,56
11.117312308943347,30,0,503,467,0,0,0,960,recovery,89
11.120326983242524,30,0,502,468,0,0,0,960,recovery,636
11.12041511972232,30,0,501,469,0,0,0,960,recovery,979
11.131385362937,30,0,500,470,0,0,0,960,recovery,330
11.136741395119996,29,0,501,470,0,0,0,961,infection,813
11.154538318292557,29,0,500,471,0,0,0,961,recovery,928
11.158809865381928,28,0,501,471,0,0,0,962,infection,110
11.165610980470552,28,0,500,472,0,0,0,962,recovery,659
11.18538274872514,28,0,499,473,0,0,0,962,recovery,277
11.192665917798092,28,0,498,474,0,0,0,962,recovery,573
11.202262200296579,28,0,497,475,0,0,0,962,recovery,321
11.215350213954176,28,0,496,476,0,0,0,962,recovery,779
11.220086550628924,28,0,495,477,0,0,0,962,recovery,74
11.222251593002104,27,0,496,477,0,0,0,963,infection,808
11.228664781680235,27,0,495,478,0,0,0,963,recovery,796
11.239438714045907,27,0,494,479,0,0,0,963,recovery,657
11.24396462556102,27,0,493,480,0,0,0,963,recovery,724
11.248573143566652,27,0,492,481,0,0,0,963,recovery,463
11.25413926731948,26,0,493,481,0,0,0,964,infection,960
11.359625409207299,26,0,492,482,0,0,0,964,recovery,119
11.367990127521287,25,0,493,482,0,0,0,965,infection,81
11.388993942711615,25,0,492,483,0,0,0,965,recovery,694
11.41167208182196,25,0,491,484,0,0,0,965,recovery,297
11.415251529085033,24,0,492,484,0,0,0,966,infection,154
11.415538239804695,24,0,491,485,0,0,0,966,recovery,416
11.43237109105609,24,0,490,486,0,0,0,966,recovery,591
11.43573999706927,24,0,489,487,0,0,0,966,recovery,369
11.470327953820496,23,0,490,487,0,0,0,967,infection,723
11.473769223342607,23,0,489,488,0,0,0,967,recovery,826
11.47453302320367,23,0,488,489,0,0,0,967,recovery,759
11.489652304899074,23,0,487,490,0,0,0,967,recovery,596
11.509100884016743,23,0,486,491,0,0,0,967,recovery,438
11.51322331161557,23,0,485,492,0,0,0,967,recovery,856
11.521656165963618,23,0,484,493,0,0,0,967,recovery,231
11.522427794021617,23,0,483,494,0,0,0,967,recovery,915
11.52463922121387,23,0,482,495,0,0,0,967,recovery,88
11.546920944403096,22,0,483,495,0,0,0,968,infection,57
11.552662208099981,22,0,482,496,0,0,0,968,recovery,664
11.554075002274462,22,0,481,497,0,0,0,968,recovery,720
11.560790622001463,22,0,480,498,0,0,0,968,recovery,413
11.560943484343003,22,0,479,499,0,0,0,968,recovery,286
11.572902561793894,22,0,478,500,0,0,0,968,recovery,154
11.573785788705006,22,0,477,501,0,0,0,968,recovery,354
11.606721697717099,22,0,476,502,0,0,0,968,recovery,135
11.611763418646651,22,0,475,503,0,0,0,968,recovery,981
11.621080757539469,22,0,474,504,0,0,0,968,recovery,622
11.632777681754337,22,0,473,505,0,0,0,968,recovery,661
11.634102527286029,22,0,472,506,0,0,0,968,recovery,989
11.656326433516444,21,0,473,506,0,0,0,969,infection,481
11.658777297600977,21,0,472,507,0,0,0,969,recovery,972
11.667768972443987,21,0,471,508,0,0,0,969,recovery,187
11.683662062154774,21,0,470,509,0,0,0,969,recovery,576
11.691354799815109,21,0,469,510,0,0,0,969,recovery,876
11.697021649611976,21,0,468,511,0,0,0,969,recovery,193
11.713882626196881,21,0,467,512,0,0,0,969,recovery,672
11.736882017133581,21,0,466,513,0,0,0,969,recovery,650
11.749147642997722,20,0,467,513,0,0,0,970,infection,475
11.761380798149947,20,0,466,514,0,0,0,970,recovery,638
11.768896208520927,20,0,465,515,0,0,0,970,recovery,564
11.772360784519742,20,0,464,516,0,0,0,970,recovery,474
11.77368837403111,20,0,463,517,0,0,0,970,recovery,58
11.804734583172388,20,0,462,518,0,0,0,970,recovery,579
11.807085562016013,20,0,461,519,0,0,0,970,recovery,586
11.84217812188174,20,0,460,520,0,0,0,970,recovery,552
11.85348680124394,20,0,459,521,0,0,0,970,recovery,837
11.911771944285713,20,0,458,522,0,0,0,970,recovery,862
11.925137205139716,20,0,457,523,0,0,0,970,recovery,654
11.930723301382699,20,0,456,524,0,0,0,970,recovery,351
11.932550504728866,20,0,455,525,0,0,0,970,recovery,110
11.936979203550807,20,0,454,526,0,0,0,970,recovery,104
11.941119929826446,20,0,453,527,0,0,0,970,recovery,458
11.950072091936313,20,0,452,528,0,0,0,970,recovery,681
12.009594889554208,19,0,453,528,0,0,0,971,infection,600
12.024209077934326,19,0,452,529,0,0,0,971,recovery,377
12.030938200816959,19,0,451,530,0,0,0,971,recovery,942
12.035447958896107,19,0,450,531,0,0,0,971,recovery,835
12.062684256658448,19,0,449,532,0,0,0,971,recovery,723
12.071830001452737,19,0,448,533,0,0,0,971,recovery,615
12.089822648690067,18,0,449,533,0,0,0,972,infection,443
12.093034555391592,18,0,448,534,0,0,0,972,recovery,900
12.0988584668955,18,0,447,535,0,0,0,972,recovery,964
12.105995684006901,18,0,446,536,0,0,0,972,recovery,969
12.119239178327819,18,0,445,537,0,0,0,972,recovery,162
12.131343087294777,18,0,444,538,0,0,0,972,recovery,918
12.137983850394448,18,0,443,539,0,0,0,972,recovery,842
12.145227396335988,18,0,442,540,0,0,0,972,recovery,263
12.150571719045493,18,0,441,541,0,0,0,972,recovery,97
12.169173049928169,18,0,440,542,0,0,0,972,recovery,389
12.201320236329499,18,0,439,543,0,0,0,972,recovery,165
12.221857893849668,18,0,438,544,0,0,0,972,recovery,145
12.237201196702749,18,0,437,545,0,0,0,972,recovery,479
12.24478978519458,17,0,438,545,0,0,0,973,infection,457
12.248803141914598,17,0,437,546,0,0,0,973,recovery,371
12.252796319125844,17,0,436,547,0,0,0,973,recovery,726
12.268910525430638,17,0,435,548,0,0,0,973,recovery,758
12.304314875612395,16,0,436,548,0,0,0,974,infection,709
12.318400805438415,16,0,435,549,0,0,0,974,recovery,214
12.328857086751594,15,0,436,549,0,0,0,975,infection,946
12.328919094147157,15,0,435,550,0,0,0,975,recovery,84
12.38729631741296,15,0,434,551,0,0,0,975,recovery,48
12.418577212133865,15,0,433,552,0,0,0,975,recovery,383
12.43942064628186,15,0,432,553,0,0,0,975,recovery,719
12.456306014106168,15,0,431,554,0,0,0,975,recovery,43
12.526626187682329,15,0,430,555,0,0,0,975,recovery,597
12.541821122233832,15,0,429,556,0,0,0,975,recovery,728
12.55347902531149,15,0,428,557,0,0,0,975,recovery,733
12.564593741403128,15,0,427,558,0,0,0,975,recovery,251
12.6016705008257,14,0,428,558,0,0,0,976,infection,114
12.616152098045713,14,0,427,559,0,0,0,976,recovery,213
12.625591464903648,14,0,426,560,0,0,0,976,recovery,108
12.629260085601983,13,0,427,560,0,0,0,977,infection,461
12.637089139999318,13,0,426,561,0,0,0,977,recovery,49
12.661033825760509,13,0,425,562,0,0,0,977,recovery,487
12.662095092735125,13,0,424,563,0,0,0,977,recovery,470
12.68926754144037,12,0,425,563,0,0,0,978,infection,795
12.700857496894516,11,0,426,563,0,0,0,979,infection,869
12.71108962882516,11,0,425,564,0,0,0,979,recovery,298
12.759893572983522,11,0,424,565,0,0,0,979,recovery,807
12.76170432603552,11,0,423,566,0,0,0,979,recovery,631
12.7891391179915,11,0,422,567,0,0,0,979,recovery,617
12.794486188736226,10,0,423,567,0,0,0,980,infection,939
12.812199350365205,10,0,422,568,0,0,0,980,recovery,601
12.814343799760081,10,0,421,569,0,0,0,980,recovery,625
12.826699867105518,10,0,420,570,0,0,0,980,recovery,860
12.835836363594483,10,0,419,571,0,0,0,980,recovery,788
12.850752601793115,10,0,418,572,0,0,0,980,recovery,137
12.853142081915902,10,0,417,573,0,0,0,980,recovery,169
12.858556807757735,10,0,416,574,0,0,0,980,recovery,721
12.866011503792341,10,0,415,575,0,0,0,980,recovery,863
12.873548337718184,10,0,414,576,0,0,0,980,recovery,128
12.889761758464648,10,0,413,577,0,0,0,980,recovery,353
12.927546296652245,10,0,412,578,0,0,0,980,recovery,550
12.93355814941181,10,0,411,579,0,0,0,980,recovery,754
12.934452125364395,10,0,410,580,0,0,0,980,recovery,235
12.942155202067362,10,0,409,581,0,0,0,980,recovery,361
12.955779769917278,10,0,408,582,0,0,0,980,recovery,178
12.956692486407215,10,0,407,583,0,0,0,980,recovery,244
12.958710933300067,10,0,406,584,0,0,0,980,recovery,158
12.964917854363208,10,0,405,585,0,0,0,980,recovery,430
12.97400064258348,10,0,404,586,0,0,0,980,recovery,818
12.97920382162819,10,0,403,587,0,0,0,980,recovery,448
12.98150669489177,10,0,402,588,0,0,0,980,recovery,275
12.986938741155948,10,0,401,589,0,0,0,980,recovery,360
13.015760719466115,10,0,400,590,0,0,0,980,recovery,532
13.027182183152688,10,0,399,591,0,0,0,980,recovery,871
13.039772252885495,10,0,398,592,0,0,0,980,recovery,704
13.04359549892077,10,0,397,593,0,0,0,980,recovery,889
13.05094367189508,10,0,396,594,0,0,0,980,recovery,359
13.066543328890877,10,0,395,595,0,0,0,980,recovery,513
13.06667358822865,10,0,394,596,0,0,0,980,recovery,164
13.072654549785575,10,0,393,597,0,0,0,980,recovery,450
13.133352528478083,9,0,394,597,0,0,0,981,infection,192
13.138438924574805,9,0,393,598,0,0,0,981,recovery,313
13.167305362168312,9,0,392,599,0,0,0,981,recovery,809
13.16769088881041,9,0,391,600,0,0,0,981,recovery,452
13.167810138603308,9,0,390,601,0,0,0,981,recovery,693
13.185128305418678,9,0,389,602,0,0,0,981,recovery,977
13.207207880279832,9,0,388,603,0,0,0,981,recovery,203
13.220378186987462,9,0,387,604,0,0,0,981,recovery,466
13.229880806914998,9,0,386,605,0,0,0,981,recovery,966
13.251909913623432,9,0,385,606,0,0,0,981,recovery,665
13.270934244378793,9,0,384,607,0,0,0,981,recovery,738
13.27773856582063,9,0,383,608,0,0,0,981,recovery,547
13.286264940369467,9,0,382,609,0,0,0,981,recovery,40
13.320677038466616,9,0,381,610,0,0,0,981,recovery,843
13.323740639247424,9,0,380,611,0,0,0,981,recovery,149
13.387539113156699,9,0,379,612,0,0,0,981,recovery,767
13.410090218198008,9,0,378,613,0,0,0,981,recovery,356
13.41423132317664,9,0,377,614,0,0,0,981,recovery,266
13.436396181148059,9,0,376,615,0,0,0,981,recovery,652
13.437618071685456,9,0,375,616,0,0,0,981,recovery,612
13.439215267799264,9,0,374,617,0,0,0,981,recovery,177
13.482361437650045,9,0,373,618,0,0,0,981,recovery,705
13.505456968847362,8,0,374,618,0,0,0,982,infection,227
13.524960549353942,8,0,373,619,0,0,0,982,recovery,518
13.562612699788472,8,0,372,620,0,0,0,982,recovery,642
13.594082765390143,8,0,371,621,0,0,0,982,recovery,881
13.607039746171038,8,0,370,622,0,0,0,982,recovery,311
13.62909562081138,8,0,369,623,0,0,0,982,recovery,67
13.658470857706881,8,0,368,624,0,0,0,982,recovery,626
13.663646060865329,8,0,367,625,0,0,0,982,recovery,445
13.669210589703567,8,0,366,626,0,0,0,982,recovery,146
13.67281498688127,8,0,365,627,0,0,0,982,recovery,139
13.701194021789487,8,0,364,628,0,0,0,982,recovery,677
13.70417198399494,8,0,363,629,0,0,0,982,recovery,11
13.731819497069917,8,0,362,630,0,0,0,982,recovery,803
13.742085692633154,8,0,361,631,0,0,0,982,recovery,866
13.742891389096826,8,0,360,632,0,0,0,982,recovery,109
13.776417155552133,8,0,359,633,0,0,0,982,recovery,575
13.791208641352938,8,0,358,634,0,0,0,982,recovery,318
13.795049330959356,8,0,357,635,0,0,0,982,recovery,875
13.80400397479061,8,0,356,636,0,0,0,982,recovery,419
13.832076558001217,8,0,355,637,0,0,0,982,recovery,134
13.856583929916324,8,0,354,638,0,0,0,982,recovery,828
13.893493987227657,8,0,353,639,0,0,0,982,recovery,290
13.958674367876146,8,0,352,640,0,0,0,982,recovery,805
13.96385461664093,8,0,351,641,0,0,0,982,recovery,710
13.979855626424778,8,0,350,642,0,0,0,982,recovery,565
14.003852360602744,7,0,351,642,0,0,0,983,infection,548
14.010281628039854,7,0,350,643,0,0,0,983,recovery,946
14.023310751958203,7,0,349,644,0,0,0,983,recovery,269
14.030958982453456,7,0,348,645,0,0,0,983,recovery,585
14.054630700435498,7,0,347,646,0,0,0,983,recovery,132
14.065124523187988,7,0,346,647,0,0,0,983,recovery,909
14.070172465734519,7,0,345,648,0,0,0,983,recovery,983
14.078773687802336,7,0,344,649,0,0,0,983,recovery,461
14.090229325217395,7,0,343,650,0,0,0,983,recovery,923
14.10232518210012,6,0,344,650,0,0,0,984,infection,447
14.131164722808203,6,0,343,651,0,0,0,984,recovery,951
14.145648824030626,6,0,342,652,0,0,0,984,recovery,59
14.1634026163093,6,0,341,653,0,0,0,984,recovery,181
14.177355500084747,6,0,340,654,0,0,0,984,recovery,337
14.18436393809062,6,0,339,655,0,0,0,984,recovery,849
14.204428287303926,6,0,338,656,0,0,0,984,recovery,874
14.20875972213838,6,0,337,657,0,0,0,984,recovery,890
14.218192376707705,6,0,336,658,0,0,0,984,recovery,285
14.223225613306774,6,0,335,659,0,0,0,984,recovery,376
14.315291208081305,6,0,334,660,0,0,0,984,recovery,484
14.346383617560281,6,0,333,661,0,0,0,984,recovery,824
14.364693734841213,6,0,332,662,0,0,0,984,recovery,784
14.386335117910267,6,0,331,663,0,0,0,984,recovery,957
14.463751312545789,6,0,330,664,0,0,0,984,recovery,245
14.46410075334782,5,0,331,664,0,0,0,985,infection,815
14.469654548253,5,0,330,665,0,0,0,985,recovery,21
14.514733644971344,5,0,329,666,0,0,0,985,recovery,81
14.546216596489508,5,0,328,667,0,0,0,985,recovery,322
14.547746333146453,5,0,327,668,0,0,0,985,recovery,569
14.628817759609133,5,0,326,669,0,0,0,985,recovery,870
14.654371711808354,5,0,325,670,0,0,0,985,recovery,2
14.666744958178853,5,0,324,671,0,0,0,985,recovery,338
14.690744398667029,5,0,323,672,0,0,0,985,recovery,41
14.721539020035372,5,0,322,673,0,0,0,985,recovery,62
14.745699489081868,5,0,321,674,0,0,0,985,recovery,811
14.75112741751079,5,0,320,675,0,0,0,985,recovery,572
14.868343892770298,5,0,319,676,0,0,0,985,recovery,428
14.916329492293084,5,0,318,677,0,0,0,985,recovery,505
14.934791439670892,5,0,317,678,0,0,0,985,recovery,683
14.945018571367354,5,0,316,679,0,0,0,985,recovery,118
14.945132788149879,5,0,315,680,0,0,0,985,recovery,741
14.969563674077701,5,0,314,681,0,0,0,985,recovery,647
14.970745705483296,5,0,313,682,0,0,0,985,recovery,885
14.980938203404882,5,0,312,683,0,0,0,985,recovery,204
14.987259297290548,5,0,311,684,0,0,0,985,recovery,750
15.033000265091381,5,0,310,685,0,0,0,985,recovery,709
15.043606938444954,5,0,309,686,0,0,0,985,recovery,227
15.098724389749655,5,0,308,687,0,0,0,985,recovery,242
15.128545179931995,5,0,307,688,0,0,0,985,recovery,529
15.180842470155502,5,0,306,689,0,0,0,985,recovery,170
15.323441976250857,5,0,305,690,0,0,0,985,recovery,502
15.35822558364326,5,0,304,691,0,0,0,985,recovery,232
15.394522342391458,5,0,303,692,0,0,0,985,recovery,958
15.406288676876258,5,0,302,693,0,0,0,985,recovery,494
15.412723698536594,5,0,301,694,0,0,0,985,recovery,884
15.425373231991584,5,0,300,695,0,0,0,985,recovery,443
15.42914639151971,5,0,299,696,0,0,0,985,recovery,943
15.431686973757987,5,0,298,697,0,0,0,985,recovery,116
15.448777603181888,5,0,297,698,0,0,0,985,recovery,53
15.458783533248063,5,0,296,699,0,0,0,985,recovery,464
15.489704288714305,5,0,295,700,0,0,0,985,recovery,350
15.521254682718236,5,0,294,701,0,0,0,985,recovery,153
15.557889425068554,5,0,293,702,0,0,0,985,recovery,121
15.59004548096667,5,0,292,703,0,0,0,985,recovery,743
15.613679102725358,5,0,291,704,0,0,0,985,recovery,822
15.617059893314378,5,0,290,705,0,0,0,985,recovery,127
15.654561932614026,5,0,289,706,0,0,0,985,recovery,194
15.656495742165148,5,0,288,707,0,0,0,985,recovery,222
15.69249264615124,5,0,287,708,0,0,0,985,recovery,534
15.715401269960418,5,0,286,709,0,0,0,985,recovery,520
15.723596563536793,5,0,285,710,0,0,0,985,recovery,409
15.730385317226038,5,0,284,711,0,0,0,985,recovery,666
15.751391257500062,5,0,283,712,0,0,0,985,recovery,941
15.832634280333945,5,0,282,713,0,0,0,985,recovery,609
15.84496707335876,5,0,281,714,0,0,0,985,recovery,489
15.856906174306863,5,0,280,715,0,0,0,985,recovery,83
15.876005470661411,5,0,279,716,0,0,0,985,recovery,833
15.93283816556319,5,0,278,717,0,0,0,985,recovery,197
15.973447018385563,5,0,277,718,0,0,0,985,recovery,171
16.005794216998876,5,0,276,719,0,0,0,985,recovery,991
16.046490550042957,5,0,275,720,0,0,0,985,recovery,831
16.077638240495872,5,0,274,721,0,0,0,985,recovery,283
16.09386640300629,5,0,273,722,0,0,0,985,recovery,241
16.128932824759115,5,0,272,723,0,0,0,985,recovery,740
16.140841814388097,5,0,271,724,0,0,0,985,recovery,347
16.157147364147377,5,0,270,725,0,0,0,985,recovery,541
16.157235854959257,5,0,269,726,0,0,0,985,recovery,300
16.181199870601624,5,0,268,727,0,0,0,985,recovery,68
16.184979954650593,5,0,267,728,0,0,0,985,recovery,717
16.203219414889546,5,0,266,729,0,0,0,985,recovery,254
16.22974742082874,5,0,265,730,0,0,0,985,recovery,595
16.26013928623182,5,0,264,731,0,0,0,985,recovery,676
16.266269026328214,5,0,263,732,0,0,0,985,recovery,869
16.349464924377077,5,0,262,733,0,0,0,985,recovery,545
16.415365951577595,5,0,261,734,0,0,0,985,recovery,697
16.458914809059713,5,0,260,735,0,0,0,985,recovery,323
16.46387409423027,5,0,259,736,0,0,0,985,recovery,853
16.473142542790406,5,0,258,737,0,0,0,985,recovery,117
16.477092996284508,5,0,257,738,0,0,0,985,recovery,978
16.502559823248472,5,0,256,739,0,0,0,985,recovery,600
16.504872016432607,5,0,255,740,0,0,0,985,recovery,364
16.51133302116277,5,0,254,741,0,0,0,985,recovery,925
16.52543647930962,5,0,253,742,0,0,0,985,recovery,560
16.547808308300116,4,0,254,742,0,0,0,986,infection,147
16.645041326070174,4,0,253,743,0,0,0,986,recovery,328
16.685704347928823,4,0,252,744,0,0,0,986,recovery,813
16.717709693784276,4,0,251,745,0,0,0,986,recovery,131
16.72549153387444,4,0,250,746,0,0,0,986,recovery,736
16.74237650129292,4,0,249,747,0,0,0,986,recovery,729
16.748262023680617,4,0,248,748,0,0,0,986,recovery,229
16.77825165559879,4,0,247,749,0,0,0,986,recovery,995
16.888190168428753,4,0,246,750,0,0,0,986,recovery,548
16.8938353327435,4,0,245,751,0,0,0,986,recovery,841
16.903272052334284,4,0,244,752,0,0,0,986,recovery,370
16.905194732072797,4,0,243,753,0,0,0,986,recovery,101
16.940270861414422,4,0,242,754,0,0,0,986,recovery,183
16.946422624627324,4,0,241,755,0,0,0,986,recovery,454
16.967439041901557,4,0,240,756,0,0,0,986,recovery,907
17.043892843989802,4,0,239,757,0,0,0,986,recovery,462
17.051024478880656,4,0,238,758,0,0,0,986,recovery,669
17.1130554755202,4,0,237,759,0,0,0,986,recovery,453
17.14929174855767,4,0,236,760,0,0,0,986,recovery,475
17.162901306837874,4,0,235,761,0,0,0,986,recovery,975
17.174036117375813,4,0,234,762,0,0,0,986,recovery,682
17.177239159567506,4,0,233,763,0,0,0,986,recovery,602
17.183078392633448,4,0,232,764,0,0,0,986,recovery,163
17.186084550311698,4,0,231,765,0,0,0,986,recovery,444
17.20069236974929,4,0,230,766,0,0,0,986,recovery,939
17.267808549879238,4,0,229,767,0,0,0,986,recovery,963
17.28072489554399,4,0,228,768,0,0,0,986,recovery,687
17.379396370801523,4,0,227,769,0,0,0,986,recovery,279
17.426234144765647,4,0,226,770,0,0,0,986,recovery,521
17.48433752579922,4,0,225,771,0,0,0,986,recovery,16
17.54213271381726,4,0,224,772,0,0,0,986,recovery,42
17.560273803115926,4,0,223,773,0,0,0,986,recovery,773
17.565004800297878,4,0,222,774,0,0,0,986,recovery,233
17.573614387304723,4,0,221,775,0,0,0,986,recovery,584
17.625917937291288,4,0,220,776,0,0,0,986,recovery,447
17.719443680897577,4,0,219,777,0,0,0,986,recovery,614
17.752712484940908,4,0,218,778,0,0,0,986,recovery,558
17.837212986571622,4,0,217,779,0,0,0,986,recovery,212
17.871843632792235,4,0,216,780,0,0,0,986,recovery,446
17.942709988454077,4,0,215,781,0,0,0,986,recovery,730
17.962367455530853,4,0,214,782,0,0,0,986,recovery,702
18.000633229443718,4,0,213,783,0,0,0,986,recovery,689
18.009772289673627,4,0,212,784,0,0,0,986,recovery,103
18.09763394379356,4,0,211,785,0,0,0,986,recovery,421
18.129132830564465,4,0,210,786,0,0,0,986,recovery,133
18.17248306097032,4,0,209,787,0,0,0,986,recovery,708
18.197226837932803,4,0,208,788,0,0,0,986,recovery,732
18.201692374446214,4,0,207,789,0,0,0,986,recovery,658
18.32401432763599,4,0,206,790,0,0,0,986,recovery,407
18.33335327404957,4,0,205,791,0,0,0,986,recovery,27
18.36567572959712,4,0,204,792,0,0,0,986,recovery,405
18.41528086122609,4,0,203,793,0,0,0,986,recovery,192
18.420743891511282,4,0,202,794,0,0,0,986,recovery,91
18.437144168424492,4,0,201,795,0,0,0,986,recovery,737
18.44957943705484,4,0,200,796,0,0,0,986,recovery,901
18.469060538370442,4,0,199,797,0,0,0,986,recovery,793
18.489672857044017,4,0,198,798,0,0,0,986,recovery,883
18.49968693104382,4,0,197,799,0,0,0,986,recovery,57
18.512129035735477,4,0,196,800,0,0,0,986,recovery,150
18.57765506117408,4,0,195,801,0,0,0,986,recovery,228
18.58682708564418,4,0,194,802,0,0,0,986,recovery,295
18.60219570196536,4,0,193,803,0,0,0,986,recovery,155
18.699768276140706,4,0,192,804,0,0,0,986,recovery,921
18.70604890341432,4,0,191,805,0,0,0,986,recovery,302
18.739177574605073,4,0,190,806,0,0,0,986,recovery,629
18.743170393396444,4,0,189,807,0,0,0,986,recovery,7
18.757346181487172,4,0,188,808,0,0,0,986,recovery,282
18.75979012721848,4,0,187,809,0,0,0,986,recovery,581
18.76698371653466,4,0,186,810,0,0,0,986,recovery,699
18.81794124676579,4,0,185,811,0,0,0,986,recovery,509
18.892097449413654,4,0,184,812,0,0,0,986,recovery,894
18.89978051013449,3,0,185,812,0,0,0,987,infection,700
18.925490259914646,3,0,184,813,0,0,0,987,recovery,587
18.969096403534625,3,0,183,814,0,0,0,987,recovery,96
19.02439386584163,3,0,182,815,0,0,0,987,recovery,692
19.086080731830545,3,0,181,816,0,0,0,987,recovery,144
19.126245355351056,3,0,180,817,0,0,0,987,recovery,533
19.136860533657348,3,0,179,818,0,0,0,987,recovery,86
19.20345896419509,3,0,178,819,0,0,0,987,recovery,634
19.28686536515856,3,0,177,820,0,0,0,987,recovery,6
19.31245650822562,3,0,176,821,0,0,0,987,recovery,480
19.395207006408246,3,0,175,822,0,0,0,987,recovery,781
19.40653592330751,3,0,174,823,0,0,0,987,recovery,798
19.42260041094041,3,0,173,824,0,0,0,987,recovery,424
19.44832208944904,3,0,172,825,0,0,0,987,recovery,398
19.48159477441985,3,0,171,826,0,0,0,987,recovery,216
19.497378173842996,3,0,170,827,0,0,0,987,recovery,259
19.537286787492025,3,0,169,828,0,0,0,987,recovery,349
19.586682551121953,3,0,168,829,0,0,0,987,recovery,23
19.603717352988802,3,0,167,830,0,0,0,987,recovery,679
19.642617283458552,3,0,166,831,0,0,0,987,recovery,786
19.716572611854033,3,0,165,832,0,0,0,987,recovery,253
19.76239145264735,3,0,164,833,0,0,0,987,recovery,771
19.80968231932845,3,0,163,834,0,0,0,987,recovery,486
19.822484115049498,3,0,162,835,0,0,0,987,recovery,340
19.82498625265411,3,0,161,836,0,0,0,987,recovery,799
19.9623198697238,3,0,160,837,0,0,0,987,recovery,31
19.966768613661145,3,0,159,838,0,0,0,987,recovery,395
19.976145168068904,3,0,158,839,0,0,0,987,recovery,539
20.142939614017905,3,0,157,840,0,0,0,987,recovery,156
20.200078684678495,3,0,156,841,0,0,0,987,recovery,725
20.313080544564983,3,0,155,842,0,0,0,987,recovery,543
20.34963869955892,3,0,154,843,0,0,0,987,recovery,954
20.3682399617781,3,0,153,844,0,0,0,987,recovery,823
20.446643275366693,3,0,152,845,0,0,0,987,recovery,908
20.469988305570897,3,0,151,846,0,0,0,987,recovery,510
20.50619363070869,3,0,150,847,0,0,0,987,recovery,671
20.519468752742267,3,0,149,848,0,0,0,987,recovery,570
20.522256700144833,3,0,148,849,0,0,0,987,recovery,836
20.525273781754798,3,0,147,850,0,0,0,987,recovery,810
20.597331444917607,3,0,146,851,0,0,0,987,recovery,538
20.600504466112707,3,0,145,852,0,0,0,987,recovery,495
20.618581194274512,3,0,144,853,0,0,0,987,recovery,598
20.674761036455944,3,0,143,854,0,0,0,987,recovery,477
20.69979334594094,3,0,142,855,0,0,0,987,recovery,645
20.771583193040264,3,0,141,856,0,0,0,987,recovery,973
20.80672268550697,3,0,140,857,0,0,0,987,recovery,391
20.918596117610214,3,0,139,858,0,0,0,987,recovery,703
20.93442511654549,3,0,138,859,0,0,0,987,recovery,912
21.052649768028527,3,0,137,860,0,0,0,987,recovery,199
21.07095171789777,3,0,136,861,0,0,0,987,recovery,157
21.085870763488106,3,0,135,862,0,0,0,987,recovery,465
21.129166282304453,3,0,134,863,0,0,0,987,recovery,950
21.17359573932589,3,0,133,864,0,0,0,987,recovery,840
21.285593626529128,3,0,132,865,0,0,0,987,recovery,252
21.328773830682255,3,0,131,866,0,0,0,987,recovery,959
21.383632182465146,3,0,130,867,0,0,0,987,recovery,507
21.43981713500638,3,0,129,868,0,0,0,987,recovery,25
21.45297643599428,3,0,128,869,0,0,0,987,recovery,603
21.515520876710518,3,0,127,870,0,0,0,987,recovery,830
21.529397238700312,3,0,126,871,0,0,0,987,recovery,787
21.575874819238674,3,0,125,872,0,0,0,987,recovery,388
21.655243725788612,3,0,124,873,0,0,0,987,recovery,384
21.729945424537675,3,0,123,874,0,0,0,987,recovery,497
21.736209975874257,3,0,122,875,0,0,0,987,recovery,320
21.780013479497125,3,0,121,876,0,0,0,987,recovery,185
21.863409905600186,3,0,120,877,0,0,0,987,recovery,814
21.86420883078522,3,0,119,878,0,0,0,987,recovery,294
21.98230929042859,3,0,118,879,0,0,0,987,recovery,188
22.042445435912427,3,0,117,880,0,0,0,987,recovery,567
22.167565103740333,3,0,116,881,0,0,0,987,recovery,762
22.181465027961444,3,0,115,882,0,0,0,987,recovery,414
22.189426260045146,3,0,114,883,0,0,0,987,recovery,126
22.235743547377027,3,0,113,884,0,0,0,987,recovery,916
22.24156792592374,3,0,112,885,0,0,0,987,recovery,201
22.31896080227693,3,0,111,886,0,0,0,987,recovery,630
22.54342609900463,3,0,110,887,0,0,0,987,recovery,556
22.704329027654644,3,0,109,888,0,0,0,987,recovery,400
22.75049195212999,3,0,108,889,0,0,0,987,recovery,577
22.826972769003252,3,0,107,890,0,0,0,987,recovery,838
22.924447402150168,3,0,106,891,0,0,0,987,recovery,325
22.94672600107305,3,0,105,892,0,0,0,987,recovery,641
23.036199422407776,3,0,104,893,0,0,0,987,recovery,768
23.076819646838253,3,0,103,894,0,0,0,987,recovery,990
23.112345317505085,3,0,102,895,0,0,0,987,recovery,24
23.506886238520305,3,0,101,896,0,0,0,987,recovery,649
23.63073018751976,3,0,100,897,0,0,0,987,recovery,261
23.680331881228817,3,0,99,898,0,0,0,987,recovery,795
23.7352460765984,3,0,98,899,0,0,0,987,recovery,646
23.785779888122594,3,0,97,900,0,0,0,987,recovery,239
23.817767294586048,3,0,96,901,0,0,0,987,recovery,756
23.89209169646942,3,0,95,902,0,0,0,987,recovery,18
23.89699155038321,3,0,94,903,0,0,0,987,recovery,952
23.955272622346655,3,0,93,904,0,0,0,987,recovery,10
24.074464092094868,3,0,92,905,0,0,0,987,recovery,610
24.10876218752371,3,0,91,906,0,0,0,987,recovery,243
24.115041097286507,3,0,90,907,0,0,0,987,recovery,220
24.163088860302334,3,0,89,908,0,0,0,987,recovery,774
24.164275982353324,3,0,88,909,0,0,0,987,recovery,265
24.165879795558027,3,0,87,910,0,0,0,987,recovery,815
24.445273808188286,3,0,86,911,0,0,0,987,recovery,138
24.599666687448455,3,0,85,912,0,0,0,987,recovery,882
24.620971873424025,3,0,84,913,0,0,0,987,recovery,501
24.813712342961406,3,0,83,914,0,0,0,987,recovery,98
24.8348051230357,3,0,82,915,0,0,0,987,recovery,670
24.861257191195232,2,0,83,915,0,0,0,988,infection,718
24.898344780121953,2,0,82,916,0,0,0,988,recovery,949
24.908941489748848,2,0,81,917,0,0,0,988,recovery,457
24.9105739454328,2,0,80,918,0,0,0,988,recovery,685
24.93059101082531,2,0,79,919,0,0,0,988,recovery,306
24.93391941295389,2,0,78,920,0,0,0,988,recovery,365
25.06210864312176,2,0,77,921,0,0,0,988,recovery,490
25.06263013629448,2,0,76,922,0,0,0,988,recovery,440
25.226757261472624,2,0,75,923,0,0,0,988,recovery,718
25.2414330153266,2,0,74,924,0,0,0,988,recovery,412
25.432490403953018,2,0,73,925,0,0,0,988,recovery,140
25.597642859159762,2,0,72,926,0,0,0,988,recovery,219
25.63070308744807,2,0,71,927,0,0,0,988,recovery,367
25.80914531373308,2,0,70,928,0,0,0,988,recovery,680
25.95234909529374,2,0,69,929,0,0,0,988,recovery,218
26.09952378021984,2,0,68,930,0,0,0,988,recovery,715
26.296693165462337,1,0,69,930,0,0,0,989,infection,695
26.340611167060914,1,0,68,931,0,0,0,989,recovery,468
26.353427987864777,1,0,67,932,0,0,0,989,recovery,303
26.585435911918893,1,0,66,933,0,0,0,989,recovery,848
27.08605945933738,1,0,65,934,0,0,0,989,recovery,970
27.270869848173525,1,0,64,935,0,0,0,989,recovery,971
27.287870807127646,1,0,63,936,0,0,0,989,recovery,852
27.378634845440523,1,0,62,937,0,0,0,989,recovery,700
27.384273262426216,1,0,61,938,0,0,0,989,recovery,936
27.390146323121744,1,0,60,939,0,0,0,989,recovery,780
27.484226022287665,1,0,59,940,0,0,0,989,recovery,987
27.524535540714908,1,0,58,941,0,0,0,989,recovery,962
27.536687637559872,1,0,57,942,0,0,0,989,recovery,686
27.88584046318499,1,0,56,943,0,0,0,989,recovery,695
27.889432995349352,1,0,55,944,0,0,0,989,recovery,51
27.922955179462036,1,0,54,945,0,0,0,989,recovery,114
28.282700254210198,1,0,53,946,0,0,0,989,recovery,517
28.507930281279005,1,0,52,947,0,0,0,989,recovery,280
28.677608608894985,1,0,51,948,0,0,0,989,recovery,310
28.948945513175822,1,0,50,949,0,0,0,989,recovery,782
29.222418280015308,1,0,49,950,0,0,0,989,recovery,748
29.41001864233229,1,0,48,951,0,0,0,989,recovery,503
29.470218846745595,1,0,47,952,0,0,0,989,recovery,790
29.707560755783526,1,0,46,953,0,0,0,989,recovery,380
29.780527245025976,1,0,45,954,0,0,0,989,recovery,172
30.216265801195107,1,0,44,955,0,0,0,989,recovery,73
30.330972568180467,1,0,43,956,0,0,0,989,recovery,342
30.63493193115488,1,0,42,957,0,0,0,989,recovery,812
30.736703257080237,1,0,41,958,0,0,0,989,recovery,13
31.306309835344102,1,0,40,959,0,0,0,989,recovery,136
31.64502567829767,1,0,39,960,0,0,0,989,recovery,906
31.746845986287504,1,0,38,961,0,0,0,989,recovery,808
31.91420834026976,1,0,37,962,0,0,0,989,recovery,224
31.92619743891887,1,0,36,963,0,0,0,989,recovery,777
32.0405617513522,1,0,35,964,0,0,0,989,recovery,90
32.1050381230892,1,0,34,965,0,0,0,989,recovery,727
32.505173025413846,1,0,33,966,0,0,0,989,recovery,483
32.777383301485365,1,0,32,967,0,0,0,989,recovery,667
32.83039206630878,1,0,31,968,0,0,0,989,recovery,382
33.002444883989455,1,0,30,969,0,0,0,989,recovery,481
33.05644431154132,1,0,29,970,0,0,0,989,recovery,937
33.59304923785602,1,0,28,971,0,0,0,989,recovery,38
33.60654260941982,1,0,27,972,0,0,0,989,recovery,115
33.692068357525145,1,0,26,973,0,0,0,989,recovery,159
33.85319995848428,1,0,25,974,0,0,0,989,recovery,643
34.12287452331846,1,0,24,975,0,0,0,989,recovery,107
34.27653107267884,1,0,23,976,0,0,0,989,recovery,960
34.889303300813275,1,0,22,977,0,0,0,989,recovery,319
35.82707896911894,1,0,21,978,0,0,0,989,recovery,827
35.85840894058706,1,0,20,979,0,0,0,989,recovery,792
35.88068723343988,1,0,19,980,0,0,0,989,recovery,982
36.8928412587338,1,0,18,981,0,0,0,989,recovery,113
37.083580303444414,1,0,17,982,0,0,0,989,recovery,861
37.746495046482,1,0,16,983,0,0,0,989,recovery,504
38.1862801671196,1,0,15,984,0,0,0,989,recovery,469
39.87027251447771,1,0,14,985,0,0,0,989,recovery,522
40.0,1,0,14,985,0,0,0,989,horizon,0
