t,S,E,I,R,births,deaths,vaccinated,infections,event,person
0.0,990,0,10,0,0,0,0,0,initial,0
0.0519710855629983,989,0,11,0,0,0,0,1,infection,329
0.07877401791881752,989,0,10,1,0,0,0,1,recovery,998
0.10343214118268289,988,0,11,1,0,0,0,2,infection,676
0.27018865897663685,987,0,12,1,0,0,0,3,infection,735
0.40328492929084125,987,0,11,2,0,0,0,3,recovery,329
0.452738802776685,987,0,10,3,0,0,0,3,recovery,992
0.4661958297751443,987,0,9,4,0,0,0,3,recovery,1000
0.4875867626658632,987,0,8,5,0,0,0,3,recovery,996
0.5958207861305753,986,0,9,5,0,0,0,4,infection,654
0.8989546183164918,986,0,8,6,0,0,0,4,recovery,735
0.910531481137999,985,0,9,6,0,0,0,5,infection,92
0.9438971832163795,984,0,10,6,0,0,0,6,infection,633
1.0896048592407999,983,0,11,6,0,0,0,7,infection,254
1.1048890810195704,982,0,12,6,0,0,0,8,infection,911
1.1154120002317562,981,0,13,6,0,0,0,9,infection,212
1.3087079197671807,980,0,14,6,0,0,0,10,infection,425
1.3290266404678603,979,0,15,6,0,0,0,11,infection,315
1.333890769609118,979,0,14,7,0,0,0,11,recovery,425
1.4303600758771076,978,0,15,7,0,0,0,12,infection,925
1.4348829975676634,978,0,14,8,0,0,0,12,recovery,997
1.4803490938308508,977,0,15,8,0,0,0,13,infection,931
1.4947797827589904,976,0,16,8,0,0,0,14,infection,371
1.5420353486848521,975,0,17,8,0,0,0,15,infection,797
1.604540221813572,974,0,18,8,0,0,0,16,infection,263
1.617256591526488,973,0,19,8,0,0,0,17,infection,741
1.6339231485879404,972,0,20,8,0,0,0,18,infection,575
1.6409306009766396,972,0,19,9,0,0,0,18,recovery,575
1.7010671044952719,972,0,18,10,0,0,0,18,recovery,315
1.7160012779412883,971,0,19,10,0,0,0,19,infection,656
1.7178710438142695,970,0,20,10,0,0,0,20,infection,74
1.724440063895297,969,0,21,10,0,0,0,21,infection,283
1.747912989392392,968,0,22,10,0,0,0,22,infection,805
1.7652173823753476,967,0,23,10,0,0,0,23,infection,672
1.778025402156701,967,0,22,11,0,0,0,23,recovery,74
1.87061019901702,966,0,23,11,0,0,0,24,infection,655
1.874289739090231,966,0,22,12,0,0,0,24,recovery,741
1.8924848070203535,965,0,23,12,0,0,0,25,infection,245
1.9054373096916664,964,0,24,12,0,0,0,26,infection,616
1.964025723899233,963,0,25,12,0,0,0,27,infection,530
1.9920071066538527,962,0,26,12,0,0,0,28,infection,150
2.090947917957625,961,0,27,12,0,0,0,29,infection,113
2.139195780807185,960,0,28,12,0,0,0,30,infection,670
2.2266419258972125,959,0,29,12,0,0,0,31,infection,183
2.255321845510239,958,0,30,12,0,0,0,32,infection,636
2.27698673971586,957,0,31,12,0,0,0,33,infection,334
2.3006672758133258,956,0,32,12,0,0,0,34,infection,135
2.325987364196679,955,0,33,12,0,0,0,35,infection,260
2.3578691218592915,954,0,34,12,0,0,0,36,infection,64
2.3619160874533565,953,0,35,12,0,0,0,37,infection,279
2.4041214894192198,952,0,36,12,0,0,0,38,infection,721
2.465030563816201,951,0,37,12,0,0,0,39,infection,111
2.468290292049276,950,0,38,12,0,0,0,40,infection,556
2.495082619224435,949,0,39,12,0,0,0,41,infection,567
2.5001329746081464,948,0,40,12,0,0,0,42,infection,625
2.5106040103958214,947,0,41,12,0,0,0,43,infection,104
2.513102783642417,947,0,40,13,0,0,0,43,recovery,994
2.543115866087341,946,0,41,13,0,0,0,44,infection,810
2.5675697784302223,945,0,42,13,0,0,0,45,infection,87
2.7073138709598163,944,0,43,13,0,0,0,46,infection,719
2.769791203127774,943,0,44,13,0,0,0,47,infection,297
2.795748077225041,943,0,43,14,0,0,0,47,recovery,625
2.8154409017833326,942,0,44,14,0,0,0,48,infection,587
2.832120237195785,941,0,45,14,0,0,0,49,infection,191
2.8363559034939128,940,0,46,14,0,0,0,50,infection,302
2.8888644456565005,939,0,47,14,0,0,0,51,infection,631
2.9013992167121265,939,0,46,15,0,0,0,51,recovery,797
2.979328898997443,938,0,47,15,0,0,0,52,infection,942
2.9937894412938086,937,0,48,15,0,0,0,53,infection,186
2.9991632733201588,936,0,49,15,0,0,0,54,infection,203
3.0032748841770496,935,0,50,15,0,0,0,55,infection,706
3.0242878873684402,935,0,49,16,0,0,0,55,recovery,64
3.033695544688771,934,0,50,16,0,0,0,56,infection,915
3.034367900735565,933,0,51,16,0,0,0,57,infection,301
3.0405525169809984,932,0,52,16,0,0,0,58,infection,114
3.0871069860001024,931,0,53,16,0,0,0,59,infection,562
3.0958139685629216,931,0,52,17,0,0,0,59,recovery,92
3.1005790605741677,930,0,53,17,0,0,0,60,infection,815
3.1239729269162284,929,0,54,17,0,0,0,61,infection,624
3.1376863429735025,929,0,53,18,0,0,0,61,recovery,616
3.173298345109331,928,0,54,18,0,0,0,62,infection,558
3.216307134770433,927,0,55,18,0,0,0,63,infection,600
3.2370162457001443,927,0,54,19,0,0,0,63,recovery,191
3.2408389147698196,926,0,55,19,0,0,0,64,infection,761
3.2613287784351406,925,0,56,19,0,0,0,65,infection,536
3.275202624074415,924,0,57,19,0,0,0,66,infection,26
3.3342131863986078,923,0,58,19,0,0,0,67,infection,392
3.3360961286078448,922,0,59,19,0,0,0,68,infection,430
3.3444088717973175,921,0,60,19,0,0,0,69,infection,818
3.3449271564594003,921,0,59,20,0,0,0,69,recovery,810
3.3515334244719397,920,0,60,20,0,0,0,70,infection,677
3.3606521191941763,920,0,59,21,0,0,0,70,recovery,26
3.373494266783346,919,0,60,21,0,0,0,71,infection,826
3.3873658154309076,919,0,59,22,0,0,0,71,recovery,993
3.399857392361928,919,0,58,23,0,0,0,71,recovery,113
3.4005511303614866,918,0,59,23,0,0,0,72,infection,56
3.425064408018502,918,0,58,24,0,0,0,72,recovery,915
3.439802652727207,917,0,59,24,0,0,0,73,infection,565
3.4541921605041557,916,0,60,24,0,0,0,74,infection,316
3.474240634151144,915,0,61,24,0,0,0,75,infection,921
3.485613176080205,914,0,62,24,0,0,0,76,infection,519
3.487656125249175,913,0,63,24,0,0,0,77,infection,527
3.4902014422168084,912,0,64,24,0,0,0,78,infection,746
3.4986049036142437,912,0,63,25,0,0,0,78,recovery,519
3.512972689486817,911,0,64,25,0,0,0,79,infection,524
3.529916533010722,910,0,65,25,0,0,0,80,infection,790
3.5428243595717768,909,0,66,25,0,0,0,81,infection,439
3.5636032840149228,908,0,67,25,0,0,0,82,infection,460
3.5682448869285994,907,0,68,25,0,0,0,83,infection,669
3.5710726734153315,907,0,67,26,0,0,0,83,recovery,624
3.5755111684171013,906,0,68,26,0,0,0,84,infection,945
3.5797556125507657,905,0,69,26,0,0,0,85,infection,597
3.584792448485912,905,0,68,27,0,0,0,85,recovery,316
3.5855523097097546,904,0,69,27,0,0,0,86,infection,603
3.590084257166551,903,0,70,27,0,0,0,87,infection,178
3.602479375985836,902,0,71,27,0,0,0,88,infection,707
3.614961622686623,902,0,70,28,0,0,0,88,recovery,636
3.628609494786996,902,0,69,29,0,0,0,88,recovery,942
3.647328756828424,901,0,70,29,0,0,0,89,infection,82
3.688587275442808,901,0,69,30,0,0,0,89,recovery,587
3.6891681874381423,900,0,70,30,0,0,0,90,infection,842
3.7154414994339136,900,0,69,31,0,0,0,90,recovery,460
3.7281293273697926,899,0,70,31,0,0,0,91,infection,320
3.7284257975130535,898,0,71,31,0,0,0,92,infection,31
3.7490372063522943,897,0,72,31,0,0,0,93,infection,928
3.7922569310602676,896,0,73,31,0,0,0,94,infection,34
3.808721543807428,895,0,74,31,0,0,0,95,infection,394
3.810679239492729,894,0,75,31,0,0,0,96,infection,893
3.812381609226552,893,0,76,31,0,0,0,97,infection,179
3.8226130212340927,892,0,77,31,0,0,0,98,infection,293
3.823454658481565,891,0,78,31,0,0,0,99,infection,913
3.8262445181959874,891,0,77,32,0,0,0,99,recovery,925
3.8393910491907377,890,0,78,32,0,0,0,100,infection,362
3.850030512922085,889,0,79,32,0,0,0,101,infection,223
3.8815557015930904,888,0,80,32,0,0,0,102,infection,662
3.9024927442481183,887,0,81,32,0,0,0,103,infection,449
3.9103962768699314,886,0,82,32,0,0,0,104,infection,868
3.912537257034306,886,0,81,33,0,0,0,104,recovery,263
3.9135837310129067,885,0,82,33,0,0,0,105,infection,659
3.9140037128363483,884,0,83,33,0,0,0,106,infection,304
3.977686160587371,883,0,84,33,0,0,0,107,infection,543
4.0566699346513175,882,0,85,33,0,0,0,108,infection,225
4.061393142364424,881,0,86,33,0,0,0,109,infection,110
4.061507713189329,880,0,87,33,0,0,0,110,infection,613
4.069682957579591,880,0,86,34,0,0,0,110,recovery,439
4.081091864982239,879,0,87,34,0,0,0,111,infection,201
4.097539511414951,878,0,88,34,0,0,0,112,infection,959
4.120222024532573,877,0,89,34,0,0,0,113,infection,228
4.120894359619873,876,0,90,34,0,0,0,114,infection,346
4.142312071531093,875,0,91,34,0,0,0,115,infection,327
4.151970390159514,875,0,90,35,0,0,0,115,recovery,110
4.153163805677449,874,0,91,35,0,0,0,116,infection,294
4.166528180241983,873,0,92,35,0,0,0,117,infection,20
4.170902110198424,872,0,93,35,0,0,0,118,infection,167
4.1745402617631475,871,0,94,35,0,0,0,119,infection,419
4.174655594617003,871,0,93,36,0,0,0,119,recovery,346
4.185405052530367,870,0,94,36,0,0,0,120,infection,318
4.187301430448881,869,0,95,36,0,0,0,121,infection,950
4.198147791647789,868,0,96,36,0,0,0,122,infection,623
4.211853166897793,867,0,97,36,0,0,0,123,infection,407
4.214110468051117,866,0,98,36,0,0,0,124,infection,451
4.2223240525313335,866,0,97,37,0,0,0,124,recovery,150
4.237256909339031,865,0,98,37,0,0,0,125,infection,507
4.241881246618438,864,0,99,37,0,0,0,126,infection,618
4.257535052903345,863,0,100,37,0,0,0,127,infection,200
4.260676282447612,862,0,101,37,0,0,0,128,infection,617
4.273095684217509,861,0,102,37,0,0,0,129,infection,725
4.284403593049594,860,0,103,37,0,0,0,130,infection,336
4.284961670203379,860,0,102,38,0,0,0,130,recovery,999
4.301869130997917,859,0,103,38,0,0,0,131,infection,799
4.3137485484804206,858,0,104,38,0,0,0,132,infection,511
4.329806785365435,857,0,105,38,0,0,0,133,infection,299
4.332741032492473,857,0,104,39,0,0,0,133,recovery,672
4.334689355139978,857,0,103,40,0,0,0,133,recovery,111
4.336607817760809,856,0,104,40,0,0,0,134,infection,920
4.337312621923925,856,0,103,41,0,0,0,134,recovery,279
4.355282409425035,856,0,102,42,0,0,0,134,recovery,451
4.358706465039619,855,0,103,42,0,0,0,135,infection,317
4.361052941638165,854,0,104,42,0,0,0,136,infection,202
4.36554677559206,853,0,105,42,0,0,0,137,infection,884
4.369215990607096,852,0,106,42,0,0,0,138,infection,207
4.371602467834,851,0,107,42,0,0,0,139,infection,954
4.390582353732398,850,0,108,42,0,0,0,140,infection,81
4.399203197089647,849,0,109,42,0,0,0,141,infection,658
4.4052962584416955,848,0,110,42,0,0,0,142,infection,843
4.421571056942296,847,0,111,42,0,0,0,143,infection,973
4.425744300519901,846,0,112,42,0,0,0,144,infection,278
4.429989039908209,845,0,113,42,0,0,0,145,infection,262
4.433144747967904,844,0,114,42,0,0,0,146,infection,863
4.436230283698509,843,0,115,42,0,0,0,147,infection,468
4.438076870403474,843,0,114,43,0,0,0,147,recovery,707
4.442384418254683,842,0,115,43,0,0,0,148,infection,300
4.453946164256713,841,0,116,43,0,0,0,149,infection,488
4.460671775947419,840,0,117,43,0,0,0,150,infection,427
4.466916724049836,839,0,118,43,0,0,0,151,infection,939
4.471593567596294,839,0,117,44,0,0,0,151,recovery,302
4.47789222818527,839,0,116,45,0,0,0,151,recovery,600
4.48213456827202,839,0,115,46,0,0,0,151,recovery,805
4.504623052305547,838,0,116,46,0,0,0,152,infection,751
4.526530837137084,837,0,117,46,0,0,0,153,infection,174
4.526973157983245,836,0,118,46,0,0,0,154,infection,184
4.546287059249641,836,0,117,47,0,0,0,154,recovery,56
4.549051979533637,835,0,118,47,0,0,0,155,infection,501
4.56086879001154,834,0,119,47,0,0,0,156,infection,866
4.5727249010798845,833,0,120,47,0,0,0,157,infection,550
4.583304609922959,832,0,121,47,0,0,0,158,infection,347
4.590169820226166,832,0,120,48,0,0,0,158,recovery,655
4.601873702544343,831,0,121,48,0,0,0,159,infection,651
4.611746355286838,830,0,122,48,0,0,0,160,infection,665
4.612001554144849,830,0,121,49,0,0,0,160,recovery,945
4.612101811518886,829,0,122,49,0,0,0,161,infection,839
4.617252744776776,828,0,123,49,0,0,0,162,infection,11
4.627852191808477,827,0,124,49,0,0,0,163,infection,411
4.6390376099915684,826,0,125,49,0,0,0,164,infection,270
4.642948521622439,825,0,126,49,0,0,0,165,infection,596
4.643804556572103,824,0,127,49,0,0,0,166,infection,353
4.646224811222122,823,0,128,49,0,0,0,167,infection,406
4.65355112292973,822,0,129,49,0,0,0,168,infection,280
4.655326113310291,821,0,130,49,0,0,0,169,infection,493
4.658288974196533,820,0,131,49,0,0,0,170,infection,804
4.6635742350544405,819,0,132,49,0,0,0,171,infection,816
4.675961240672486,819,0,131,50,0,0,0,171,recovery,81
4.691400285239363,819,0,130,51,0,0,0,171,recovery,318
4.694559832765312,818,0,131,51,0,0,0,172,infection,760
4.703148090636117,818,0,130,52,0,0,0,172,recovery,304
4.703870845646172,817,0,131,52,0,0,0,173,infection,497
4.7087075829692635,816,0,132,52,0,0,0,174,infection,213
4.719008278498308,815,0,133,52,0,0,0,175,infection,888
4.721571287027874,814,0,134,52,0,0,0,176,infection,204
4.737016053213197,813,0,135,52,0,0,0,177,infection,671
4.738738190624204,812,0,136,52,0,0,0,178,infection,399
4.7450791869651265,811,0,137,52,0,0,0,179,infection,147
4.757847625064798,810,0,138,52,0,0,0,180,infection,490
4.758977085904981,809,0,139,52,0,0,0,181,infection,1
4.76454737496355,808,0,140,52,0,0,0,182,infection,415
4.770095950518895,807,0,141,52,0,0,0,183,infection,222
4.793713767196194,807,0,140,53,0,0,0,183,recovery,297
4.805535444084354,806,0,141,53,0,0,0,184,infection,640
4.817361013476205,805,0,142,53,0,0,0,185,infection,75
4.821111788542515,804,0,143,53,0,0,0,186,infection,433
4.822020951228719,803,0,144,53,0,0,0,187,infection,981
4.826706900407373,802,0,145,53,0,0,0,188,infection,444
4.827464664831984,801,0,146,53,0,0,0,189,infection,418
4.829643794482458,800,0,147,53,0,0,0,190,infection,90
4.833714566569807,799,0,148,53,0,0,0,191,infection,373
4.839875901203441,799,0,147,54,0,0,0,191,recovery,507
4.841878170015462,798,0,148,54,0,0,0,192,infection,328
4.846536891040225,797,0,149,54,0,0,0,193,infection,513
4.86011372944342,796,0,150,54,0,0,0,194,infection,133
4.86358718297195,795,0,151,54,0,0,0,195,infection,163
4.8715100765717265,794,0,152,54,0,0,0,196,infection,975
4.87192397439904,794,0,151,55,0,0,0,196,recovery,543
4.874965921848941,793,0,152,55,0,0,0,197,infection,242
4.876916670313771,792,0,153,55,0,0,0,198,infection,557
4.888190412970293,791,0,154,55,0,0,0,199,infection,36
4.89564153029272,790,0,155,55,0,0,0,200,infection,239
4.899567797635607,789,0,156,55,0,0,0,201,infection,604
4.9036952450016855,788,0,157,55,0,0,0,202,infection,59
4.906480568026953,787,0,158,55,0,0,0,203,infection,897
4.908115544399914,786,0,159,55,0,0,0,204,infection,54
4.926120244385016,785,0,160,55,0,0,0,205,infection,397
4.933728347943489,784,0,161,55,0,0,0,206,infection,7
4.93432554263972,783,0,162,55,0,0,0,207,infection,276
4.936758015671866,782,0,163,55,0,0,0,208,infection,14
4.953015010737109,781,0,164,55,0,0,0,209,infection,583
4.956342291336217,780,0,165,55,0,0,0,210,infection,149
4.957729084441133,780,0,164,56,0,0,0,210,recovery,973
4.964587167084072,779,0,165,56,0,0,0,211,infection,958
4.972294994983797,779,0,164,57,0,0,0,211,recovery,419
4.9841453023398135,778,0,165,57,0,0,0,212,infection,503
4.99505708996159,777,0,166,57,0,0,0,213,infection,455
4.997141281858102,777,0,165,58,0,0,0,213,recovery,87
5.0018301404155325,777,0,164,59,0,0,0,213,recovery,280
5.0020026705917155,776,0,165,59,0,0,0,214,infection,870
5.005383718153022,775,0,166,59,0,0,0,215,infection,589
5.022842567983819,775,0,165,60,0,0,0,215,recovery,179
5.025546354017796,774,0,166,60,0,0,0,216,infection,768
5.0266111625498935,773,0,167,60,0,0,0,217,infection,484
5.032372577096711,772,0,168,60,0,0,0,218,infection,259
5.0344121083917805,771,0,169,60,0,0,0,219,infection,705
5.037763953952173,770,0,170,60,0,0,0,220,infection,476
5.045585823399956,769,0,171,60,0,0,0,221,infection,516
5.048302651573369,768,0,172,60,0,0,0,222,infection,593
5.056084797831006,768,0,171,61,0,0,0,222,recovery,183
5.061371996497524,767,0,172,61,0,0,0,223,infection,829
5.065154358761079,766,0,173,61,0,0,0,224,infection,601
5.0735279339397445,765,0,174,61,0,0,0,225,infection,814
5.076948417613718,765,0,173,62,0,0,0,225,recovery,283
5.105417343856376,764,0,174,62,0,0,0,226,infection,284
5.1185638967643365,763,0,175,62,0,0,0,227,infection,22
5.120022991422518,762,0,176,62,0,0,0,228,infection,426
5.122693378729126,761,0,177,62,0,0,0,229,infection,759
5.122756167943483,760,0,178,62,0,0,0,230,infection,61
5.13333449931133,759,0,179,62,0,0,0,231,infection,445
5.140399159125243,758,0,180,62,0,0,0,232,infection,783
5.141783133923713,758,0,179,63,0,0,0,232,recovery,20
5.142024383647467,757,0,180,63,0,0,0,233,infection,143
5.144500581207548,756,0,181,63,0,0,0,234,infection,16
5.145877593962466,756,0,180,64,0,0,0,234,recovery,536
5.165575951399026,756,0,179,65,0,0,0,234,recovery,260
5.169530086542948,756,0,178,66,0,0,0,234,recovery,751
5.174466038359044,755,0,179,66,0,0,0,235,infection,801
5.177467196121598,754,0,180,66,0,0,0,236,infection,835
5.1791073529213865,753,0,181,66,0,0,0,237,infection,68
5.184765532225093,753,0,180,67,0,0,0,237,recovery,814
5.189866517343623,752,0,181,67,0,0,0,238,infection,776
5.211644238017253,751,0,182,67,0,0,0,239,infection,393
5.212114952330088,750,0,183,67,0,0,0,240,infection,926
5.214921103653749,749,0,184,67,0,0,0,241,infection,626
5.216408536258162,748,0,185,67,0,0,0,242,infection,875
5.221021500688505,748,0,184,68,0,0,0,242,recovery,212
5.224527915237068,747,0,185,68,0,0,0,243,infection,831
5.22789481223279,746,0,186,68,0,0,0,244,infection,105
5.2330940392600835,745,0,187,68,0,0,0,245,infection,660
5.23572077725472,745,0,186,69,0,0,0,245,recovery,631
5.237307775160184,744,0,187,69,0,0,0,246,infection,772
5.241094156010671,743,0,188,69,0,0,0,247,infection,357
5.241959108884628,742,0,189,69,0,0,0,248,infection,598
5.253279589705111,742,0,188,70,0,0,0,248,recovery,826
5.26090591786517,741,0,189,70,0,0,0,249,infection,905
5.261554217518472,740,0,190,70,0,0,0,250,infection,249
5.262189810896687,739,0,191,70,0,0,0,251,infection,909
5.2648016565268065,738,0,192,70,0,0,0,252,infection,364
5.267515248312404,737,0,193,70,0,0,0,253,infection,858
5.2680907868436115,736,0,194,70,0,0,0,254,infection,385
5.268290601155866,736,0,193,71,0,0,0,254,recovery,371
5.2868180402669935,735,0,194,71,0,0,0,255,infection,24
5.28723303526184,734,0,195,71,0,0,0,256,infection,821
5.288001819058471,733,0,196,71,0,0,0,257,infection,579
5.29322598780195,732,0,197,71,0,0,0,258,infection,898
5.308663984622682,731,0,198,71,0,0,0,259,infection,412
5.328366823761324,730,0,199,71,0,0,0,260,infection,298
5.330547004862584,729,0,200,71,0,0,0,261,infection,126
5.334297673573073,728,0,201,71,0,0,0,262,infection,6
5.342695249534486,727,0,202,71,0,0,0,263,infection,901
5.343445449056744,726,0,203,71,0,0,0,264,infection,645
5.344486646835617,725,0,204,71,0,0,0,265,infection,173
5.3478849767372045,725,0,203,72,0,0,0,265,recovery,468
5.354976102989962,725,0,202,73,0,0,0,265,recovery,530
5.358049343236177,724,0,203,73,0,0,0,266,infection,763
5.358453807201372,724,0,202,74,0,0,0,266,recovery,490
5.359039452927467,724,0,201,75,0,0,0,266,recovery,589
5.35968930582636,723,0,202,75,0,0,0,267,infection,609
5.365690354028691,722,0,203,75,0,0,0,268,infection,221
5.366886661570268,721,0,204,75,0,0,0,269,infection,303
5.371575659623599,720,0,205,75,0,0,0,270,infection,743
5.3792726026916196,720,0,204,76,0,0,0,270,recovery,959
5.384640670638252,719,0,205,76,0,0,0,271,infection,883
5.385652658776786,719,0,204,77,0,0,0,271,recovery,816
5.402057978090527,718,0,205,77,0,0,0,272,infection,774
5.404073101328599,717,0,206,77,0,0,0,273,infection,932
5.411574126564144,717,0,205,78,0,0,0,273,recovery,835
5.418966565492003,716,0,206,78,0,0,0,274,infection,572
5.420641283567601,715,0,207,78,0,0,0,275,infection,431
5.423814041437408,714,0,208,78,0,0,0,276,infection,510
5.427311271536242,713,0,209,78,0,0,0,277,infection,361
5.427368958659775,713,0,208,79,0,0,0,277,recovery,799
5.43587632229422,712,0,209,79,0,0,0,278,infection,401
5.439766867313278,711,0,210,79,0,0,0,279,infection,197
5.440899578623438,710,0,211,79,0,0,0,280,infection,44
5.441208639145773,710,0,210,80,0,0,0,280,recovery,222
5.442230718923516,709,0,211,80,0,0,0,281,infection,215
5.444927409414196,708,0,212,80,0,0,0,282,infection,647
5.447313704535824,707,0,213,80,0,0,0,283,infection,48
5.459774873210771,706,0,214,80,0,0,0,284,infection,678
5.478225280430416,705,0,215,80,0,0,0,285,infection,289
5.480556306923875,704,0,216,80,0,0,0,286,infection,927
5.480985251576783,703,0,217,80,0,0,0,287,infection,642
5.4816881862093165,703,0,216,81,0,0,0,287,recovery,300
5.482814458909193,703,0,215,82,0,0,0,287,recovery,430
5.483640875247457,702,0,216,82,0,0,0,288,infection,854
5.492751500493042,702,0,215,83,0,0,0,288,recovery,61
5.503178610721382,701,0,216,83,0,0,0,289,infection,851
5.504528051346538,700,0,217,83,0,0,0,290,infection,251
5.506541364828114,699,0,218,83,0,0,0,291,infection,345
5.506839117513515,698,0,219,83,0,0,0,292,infection,532
5.5075518165074335,698,0,218,84,0,0,0,292,recovery,761
5.509852733483062,698,0,217,85,0,0,0,292,recovery,276
5.511495865164351,697,0,218,85,0,0,0,293,infection,330
5.521607985304367,696,0,219,85,0,0,0,294,infection,686
5.523539760925523,695,0,220,85,0,0,0,295,infection,49
5.526750114297837,695,0,219,86,0,0,0,295,recovery,225
5.528111219423613,694,0,220,86,0,0,0,296,infection,296
5.530689899968702,693,0,221,86,0,0,0,297,infection,787
5.538319076452306,693,0,220,87,0,0,0,297,recovery,476
5.540891915524792,693,0,219,88,0,0,0,297,recovery,926
5.5498005292361885,692,0,220,88,0,0,0,298,infection,584
5.5521719970294425,691,0,221,88,0,0,0,299,infection,266
5.553166743856057,691,0,220,89,0,0,0,299,recovery,920
5.559104341918814,690,0,221,89,0,0,0,300,infection,709
5.560507808147776,690,0,220,90,0,0,0,300,recovery,6
5.5654757289610854,689,0,221,90,0,0,0,301,infection,58
5.5689583121434385,688,0,222,90,0,0,0,302,infection,784
5.569907278880656,687,0,223,90,0,0,0,303,infection,171
5.570824717324854,686,0,224,90,0,0,0,304,infection,951
5.574090792600608,686,0,223,91,0,0,0,304,recovery,245
5.579048711840401,686,0,222,92,0,0,0,304,recovery,427
5.5799161089249205,685,0,223,92,0,0,0,305,infection,271
5.580456946927361,684,0,224,92,0,0,0,306,infection,240
5.584342264758398,683,0,225,92,0,0,0,307,infection,937
5.598600175427777,683,0,224,93,0,0,0,307,recovery,266
5.5986693527541505,682,0,225,93,0,0,0,308,infection,492
5.60239362165399,681,0,226,93,0,0,0,309,infection,151
5.611649274099094,680,0,227,93,0,0,0,310,infection,369
5.618278997958931,680,0,226,94,0,0,0,310,recovery,293
5.622152802037381,680,0,225,95,0,0,0,310,recovery,186
5.632063375629992,679,0,226,95,0,0,0,311,infection,102
5.637850564601488,678,0,227,95,0,0,0,312,infection,37
5.644774211546241,677,0,228,95,0,0,0,313,infection,428
5.649184144489618,676,0,229,95,0,0,0,314,infection,739
5.650851526178596,675,0,230,95,0,0,0,315,infection,129
5.655685836191174,674,0,231,95,0,0,0,316,infection,840
5.657391320728158,673,0,232,95,0,0,0,317,infection,756
5.6645738753822386,673,0,231,96,0,0,0,317,recovery,645
5.667263242132612,673,0,230,97,0,0,0,317,recovery,412
5.674394631357042,672,0,231,97,0,0,0,318,infection,319
5.679460305207109,671,0,232,97,0,0,0,319,infection,684
5.6816210210456,671,0,231,98,0,0,0,319,recovery,197
5.684449553486167,670,0,232,98,0,0,0,320,infection,786
5.697249003057468,670,0,231,99,0,0,0,320,recovery,31
5.702753926479194,669,0,232,99,0,0,0,321,infection,742
5.702769644290921,668,0,233,99,0,0,0,322,infection,485
5.7043057215105,667,0,234,99,0,0,0,323,infection,35
5.70596317532721,666,0,235,99,0,0,0,324,infection,504
5.714606769719059,665,0,236,99,0,0,0,325,infection,310
5.715503169805095,664,0,237,99,0,0,0,326,infection,564
5.716231422478679,663,0,238,99,0,0,0,327,infection,45
5.723862189047803,662,0,239,99,0,0,0,328,infection,196
5.7277985437936465,661,0,240,99,0,0,0,329,infection,94
5.72925122622103,660,0,241,99,0,0,0,330,infection,824
5.734669639603365,659,0,242,99,0,0,0,331,infection,701
5.747849153146083,658,0,243,99,0,0,0,332,infection,802
5.7488006513049035,657,0,244,99,0,0,0,333,infection,648
5.757530816699288,656,0,245,99,0,0,0,334,infection,553
5.76290148498248,655,0,246,99,0,0,0,335,infection,708
5.783836896378332,654,0,247,99,0,0,0,336,infection,980
5.783859120605067,654,0,246,100,0,0,0,336,recovery,488
5.794633054650914,653,0,247,100,0,0,0,337,infection,862
5.8020783804637945,652,0,248,100,0,0,0,338,infection,226
5.802186693908203,651,0,249,100,0,0,0,339,infection,700
5.803288106360623,650,0,250,100,0,0,0,340,infection,704
5.804432232273528,649,0,251,100,0,0,0,341,infection,569
5.806264891981738,648,0,252,100,0,0,0,342,infection,634
5.810447965314124,647,0,253,100,0,0,0,343,infection,152
5.812350515518075,646,0,254,100,0,0,0,344,infection,752
5.813425332882361,645,0,255,100,0,0,0,345,infection,12
5.815259510902025,645,0,254,101,0,0,0,345,recovery,415
5.816457523448319,644,0,255,101,0,0,0,346,infection,506
5.819567249905792,644,0,254,102,0,0,0,346,recovery,336
5.821964809942938,643,0,255,102,0,0,0,347,infection,889
5.827075752828619,643,0,254,103,0,0,0,347,recovery,298
5.828162631484966,642,0,255,103,0,0,0,348,infection,627
5.828919266337442,642,0,254,104,0,0,0,348,recovery,301
5.836111609894901,641,0,255,104,0,0,0,349,infection,595
5.837714287640077,640,0,256,104,0,0,0,350,infection,703
5.847365224927665,640,0,255,105,0,0,0,350,recovery,397
5.84912289416657,639,0,256,105,0,0,0,351,infection,57
5.854682056777037,638,0,257,105,0,0,0,352,infection,990
5.857422413855476,637,0,258,105,0,0,0,353,infection,363
5.859215973765108,636,0,259,105,0,0,0,354,infection,241
5.860181609837234,636,0,258,106,0,0,0,354,recovery,228
5.860774257480024,636,0,257,107,0,0,0,354,recovery,565
5.863947736672912,635,0,258,107,0,0,0,355,infection,717
5.87947555934438,634,0,259,107,0,0,0,356,infection,767
5.885675395790562,634,0,258,108,0,0,0,356,recovery,102
5.889252665693524,633,0,259,108,0,0,0,357,infection,747
5.898876173578907,633,0,258,109,0,0,0,357,recovery,618
5.911078446913343,632,0,259,109,0,0,0,358,infection,450
5.913767738561155,631,0,260,109,0,0,0,359,infection,491
5.916750429724927,630,0,261,109,0,0,0,360,infection,441
5.919488315210113,630,0,260,110,0,0,0,360,recovery,704
5.935199162206492,629,0,261,110,0,0,0,361,infection,844
5.936179634166315,628,0,262,110,0,0,0,362,infection,860
5.939008652420421,628,0,261,111,0,0,0,362,recovery,345
5.9437106411424345,627,0,262,111,0,0,0,363,infection,168
5.946677003162457,626,0,263,111,0,0,0,364,infection,599
5.953187861168776,625,0,264,111,0,0,0,365,infection,811
5.953515031470869,624,0,265,111,0,0,0,366,infection,39
5.954443270484558,623,0,266,111,0,0,0,367,infection,674
5.956462567820197,623,0,265,112,0,0,0,367,recovery,426
5.956696745168809,623,0,264,113,0,0,0,367,recovery,670
5.9574591444702225,623,0,263,114,0,0,0,367,recovery,334
5.958709778231733,622,0,264,114,0,0,0,368,infection,209
5.959902617139394,621,0,265,114,0,0,0,369,infection,323
5.960666128990244,620,0,266,114,0,0,0,370,infection,675
5.966563368280963,620,0,265,115,0,0,0,370,recovery,752
5.971980510987853,620,0,264,116,0,0,0,370,recovery,593
5.972799573093398,620,0,263,117,0,0,0,370,recovery,860
5.973909793382061,619,0,264,117,0,0,0,371,infection,969
5.97441597464011,618,0,265,117,0,0,0,372,infection,727
5.975589425538038,618,0,264,118,0,0,0,372,recovery,431
5.9875318462478155,617,0,265,118,0,0,0,373,infection,953
5.989353073182051,616,0,266,118,0,0,0,374,infection,903
5.994260321402782,616,0,265,119,0,0,0,374,recovery,700
5.999574522968492,615,0,266,119,0,0,0,375,infection,850
6.008153928546806,614,0,267,119,0,0,0,376,infection,692
6.0114057736844595,614,0,266,120,0,0,0,376,recovery,634
6.01644465993855,614,0,265,121,0,0,0,376,recovery,289
6.017676352456063,614,0,264,122,0,0,0,376,recovery,328
6.049415767687784,613,0,265,122,0,0,0,377,infection,544
6.050232979940785,613,0,264,123,0,0,0,377,recovery,642
6.053501007058402,613,0,263,124,0,0,0,377,recovery,215
6.057663769285963,612,0,264,124,0,0,0,378,infection,354
6.078417900900328,611,0,265,124,0,0,0,379,infection,555
6.080816691268163,611,0,264,125,0,0,0,379,recovery,362
6.081370597487927,610,0,265,125,0,0,0,380,infection,720
6.083690178428137,609,0,266,125,0,0,0,381,infection,943
6.087652687980031,608,0,267,125,0,0,0,382,infection,588
6.088317934583146,608,0,266,126,0,0,0,382,recovery,743
6.088484963114375,608,0,265,127,0,0,0,382,recovery,347
6.088846805083395,607,0,266,127,0,0,0,383,infection,967
6.089490761849474,607,0,265,128,0,0,0,383,recovery,369
6.090150953211421,606,0,266,128,0,0,0,384,infection,933
6.0909712895294605,605,0,267,128,0,0,0,385,infection,535
6.091023996010493,604,0,268,128,0,0,0,386,infection,253
6.094134689769102,603,0,269,128,0,0,0,387,infection,690
6.095836598871138,602,0,270,128,0,0,0,388,infection,792
6.102864109610584,601,0,271,128,0,0,0,389,infection,917
6.103052670363169,600,0,272,128,0,0,0,390,infection,487
6.103982644669592,599,0,273,128,0,0,0,391,infection,140
6.108628591191186,599,0,272,129,0,0,0,391,recovery,720
6.109596684107582,598,0,273,129,0,0,0,392,infection,367
6.112608112328123,597,0,274,129,0,0,0,393,infection,881
6.1145517885127205,597,0,273,130,0,0,0,393,recovery,367
6.11629972856948,597,0,272,131,0,0,0,393,recovery,662
6.117786947059326,597,0,271,132,0,0,0,393,recovery,433
6.119636844533502,596,0,272,132,0,0,0,394,infection,635
6.121175255246483,595,0,273,132,0,0,0,395,infection,169
6.127888947271534,594,0,274,132,0,0,0,396,infection,21
6.134919256195009,594,0,273,133,0,0,0,396,recovery,169
6.13691010311769,593,0,274,133,0,0,0,397,infection,472
6.138142489676651,592,0,275,133,0,0,0,398,infection,847
6.140399222352927,592,0,274,134,0,0,0,398,recovery,294
6.145627522737524,592,0,273,135,0,0,0,398,recovery,556
6.148754929284048,591,0,274,135,0,0,0,399,infection,498
6.152102540065697,591,0,273,136,0,0,0,399,recovery,555
6.154392412950917,590,0,274,136,0,0,0,400,infection,541
6.157075847342197,589,0,275,136,0,0,0,401,infection,537
6.15901022451515,588,0,276,136,0,0,0,402,infection,529
6.1666780931891845,587,0,277,136,0,0,0,403,infection,865
6.168722021675564,586,0,278,136,0,0,0,404,infection,408
6.170937582048693,586,0,277,137,0,0,0,404,recovery,913
6.171950940285629,586,0,276,138,0,0,0,404,recovery,756
6.175811256421538,585,0,277,138,0,0,0,405,infection,50
6.177251503292289,584,0,278,138,0,0,0,406,infection,667
6.181217425488613,583,0,279,138,0,0,0,407,infection,162
6.182366129229804,583,0,278,139,0,0,0,407,recovery,558
6.185191677295704,582,0,279,139,0,0,0,408,infection,970
6.189498128864508,582,0,278,140,0,0,0,408,recovery,843
6.189941130241714,581,0,279,140,0,0,0,409,infection,390
6.211042145148635,580,0,280,140,0,0,0,410,infection,2
6.222608400676453,580,0,279,141,0,0,0,410,recovery,623
6.228257526704898,580,0,278,142,0,0,0,410,recovery,633
6.2313534026036885,579,0,279,142,0,0,0,411,infection,568
6.242948750070957,578,0,280,142,0,0,0,412,infection,838
6.257138500937382,577,0,281,142,0,0,0,413,infection,145
6.257933025576409,576,0,282,142,0,0,0,414,infection,352
6.266800523560157,575,0,283,142,0,0,0,415,infection,907
6.267821330620494,574,0,284,142,0,0,0,416,infection,205
6.273871168385696,573,0,285,142,0,0,0,417,infection,25
6.2824183537981835,572,0,286,142,0,0,0,418,infection,864
6.285563464485735,571,0,287,142,0,0,0,419,infection,40
6.290228577203496,570,0,288,142,0,0,0,420,infection,580
6.301561931863831,569,0,289,142,0,0,0,421,infection,125
6.3047193318365276,569,0,288,143,0,0,0,421,recovery,658
6.31426024324567,569,0,287,144,0,0,0,421,recovery,815
6.316349063606497,569,0,286,145,0,0,0,421,recovery,240
6.317918417047867,569,0,285,146,0,0,0,421,recovery,90
6.3180246253769266,568,0,286,146,0,0,0,422,infection,482
6.322107532786049,567,0,287,146,0,0,0,423,infection,343
6.3264453967459575,566,0,288,146,0,0,0,424,infection,144
6.32892877018865,565,0,289,146,0,0,0,425,infection,523
6.329281236781652,564,0,290,146,0,0,0,426,infection,644
6.336217484246625,563,0,291,146,0,0,0,427,infection,615
6.33677574939051,562,0,292,146,0,0,0,428,infection,138
6.344254359811846,561,0,293,146,0,0,0,429,infection,229
6.34862381251164,560,0,294,146,0,0,0,430,infection,55
6.351487046911733,560,0,293,147,0,0,0,430,recovery,686
6.355397098114546,559,0,294,147,0,0,0,431,infection,548
6.356040215188435,558,0,295,147,0,0,0,432,infection,462
6.362901108636689,557,0,296,147,0,0,0,433,infection,960
6.3668905966187115,556,0,297,147,0,0,0,434,infection,432
6.367348643755525,556,0,296,148,0,0,0,434,recovery,445
6.371372588269405,555,0,297,148,0,0,0,435,infection,292
6.377338462284786,554,0,298,148,0,0,0,436,infection,86
6.390777691048717,553,0,299,148,0,0,0,437,infection,234
6.39421237456578,552,0,300,148,0,0,0,438,infection,698
6.396701604371825,551,0,301,148,0,0,0,439,infection,542
6.402202607620977,550,0,302,148,0,0,0,440,infection,679
6.404297458747593,549,0,303,148,0,0,0,441,infection,3
6.405978312243911,548,0,304,148,0,0,0,442,infection,127
6.4065778787503875,547,0,305,148,0,0,0,443,infection,687
6.407274826415753,547,0,304,149,0,0,0,443,recovery,705
6.425639099881495,546,0,305,149,0,0,0,444,infection,791
6.427032859439308,546,0,304,150,0,0,0,444,recovery,184
6.427425612000316,545,0,305,150,0,0,0,445,infection,745
6.448883208064902,545,0,304,151,0,0,0,445,recovery,824
6.450672881696169,544,0,305,151,0,0,0,446,infection,715
6.451572813161197,544,0,304,152,0,0,0,446,recovery,844
6.455107409218589,543,0,305,152,0,0,0,447,infection,924
6.4564252197677945,542,0,306,152,0,0,0,448,infection,386
6.464030021942785,541,0,307,152,0,0,0,449,infection,649
6.4646162844143245,540,0,308,152,0,0,0,450,infection,235
6.468661382095525,539,0,309,152,0,0,0,451,infection,531
6.473327436755568,539,0,308,153,0,0,0,451,recovery,168
6.474321884206583,538,0,309,153,0,0,0,452,infection,409
6.4868396460262785,537,0,310,153,0,0,0,453,infection,830
6.493554558825664,536,0,311,153,0,0,0,454,infection,19
6.496240618454275,535,0,312,153,0,0,0,455,infection,30
6.506382052752514,534,0,313,153,0,0,0,456,infection,778
6.507224777198418,533,0,314,153,0,0,0,457,infection,666
6.512677513594814,532,0,315,153,0,0,0,458,infection,119
6.5187888874026445,531,0,316,153,0,0,0,459,infection,904
6.519812760134876,530,0,317,153,0,0,0,460,infection,47
6.520678903380571,530,0,316,154,0,0,0,460,recovery,47
6.523522072868456,529,0,317,154,0,0,0,461,infection,351
6.528047560703082,529,0,316,155,0,0,0,461,recovery,57
6.536851412231738,529,0,315,156,0,0,0,461,recovery,441
6.54187789324687,528,0,316,156,0,0,0,462,infection,813
6.543207729839442,527,0,317,156,0,0,0,463,infection,499
6.543341437110251,526,0,318,156,0,0,0,464,infection,23
6.545379905038367,525,0,319,156,0,0,0,465,infection,70
6.554156983450338,525,0,318,157,0,0,0,465,recovery,840
6.5564260003481785,524,0,319,157,0,0,0,466,infection,159
6.564643013958884,523,0,320,157,0,0,0,467,infection,732
6.567694673443275,522,0,321,157,0,0,0,468,infection,621
6.571362400340985,522,0,320,158,0,0,0,468,recovery,270
6.576871925216053,521,0,321,158,0,0,0,469,infection,914
6.57821271434844,520,0,322,158,0,0,0,470,infection,955
6.582885712386227,519,0,323,158,0,0,0,471,infection,372
6.583999819964591,519,0,322,159,0,0,0,471,recovery,567
6.592838361359519,518,0,323,159,0,0,0,472,infection,100
6.594380995647049,517,0,324,159,0,0,0,473,infection,716
6.6039724844595495,516,0,325,159,0,0,0,474,infection,67
6.606815962077293,515,0,326,159,0,0,0,475,infection,454
6.609352692308101,514,0,327,159,0,0,0,476,infection,622
6.61088245570276,514,0,326,160,0,0,0,476,recovery,94
6.612508788682896,513,0,327,160,0,0,0,477,infection,366
6.612980629187941,513,0,326,161,0,0,0,477,recovery,698
6.617605602112878,512,0,327,161,0,0,0,478,infection,89
6.6225460291373865,511,0,328,161,0,0,0,479,infection,456
6.6233576239222405,510,0,329,161,0,0,0,480,infection,453
6.623764219869769,509,0,330,161,0,0,0,481,infection,78
6.628138901395107,508,0,331,161,0,0,0,482,infection,338
6.632089732418702,507,0,332,161,0,0,0,483,infection,66
6.63515106922513,506,0,333,161,0,0,0,484,infection,534
6.638530182903475,505,0,334,161,0,0,0,485,infection,134
6.640704304370538,504,0,335,161,0,0,0,486,infection,458
6.642354796407311,503,0,336,161,0,0,0,487,infection,109
6.64719736444652,502,0,337,161,0,0,0,488,infection,638
6.664171080560463,501,0,338,161,0,0,0,489,infection,547
6.6713605847376245,500,0,339,161,0,0,0,490,infection,404
6.6738599940923296,500,0,338,162,0,0,0,490,recovery,235
6.675295757269614,499,0,339,162,0,0,0,491,infection,434
6.685412590302778,498,0,340,162,0,0,0,492,infection,348
6.685715072597652,498,0,339,163,0,0,0,492,recovery,932
6.693012091791708,497,0,340,163,0,0,0,493,infection,563
6.693940621423019,497,0,339,164,0,0,0,493,recovery,584
6.697506332687411,496,0,340,164,0,0,0,494,infection,545
6.704625468232426,495,0,341,164,0,0,0,495,infection,288
6.705608066352325,495,0,340,165,0,0,0,495,recovery,23
6.706275656722071,494,0,341,165,0,0,0,496,infection,514
6.70721339437376,494,0,340,166,0,0,0,496,recovery,924
6.708543192874147,493,0,341,166,0,0,0,497,infection,10
6.713601351426302,493,0,340,167,0,0,0,497,recovery,204
6.714667876052092,493,0,339,168,0,0,0,497,recovery,70
6.716009597093854,492,0,340,168,0,0,0,498,infection,220
6.716669949399401,491,0,341,168,0,0,0,499,infection,282
6.721238990915292,490,0,342,168,0,0,0,500,infection,335
6.723819803887342,489,0,343,168,0,0,0,501,infection,869
6.725815003344087,488,0,344,168,0,0,0,502,infection,694
6.729587038499514,487,0,345,168,0,0,0,503,infection,146
6.731612874858141,486,0,346,168,0,0,0,504,infection,153
6.731755034105869,486,0,345,169,0,0,0,504,recovery,898
6.735123439611739,486,0,344,170,0,0,0,504,recovery,242
6.737732031007758,485,0,345,170,0,0,0,505,infection,712
6.739920528529534,485,0,344,171,0,0,0,505,recovery,229
6.741789115458124,485,0,343,172,0,0,0,505,recovery,638
6.745515457340682,484,0,344,172,0,0,0,506,infection,469
6.746512747275413,483,0,345,172,0,0,0,507,infection,793
6.750248869397235,483,0,344,173,0,0,0,507,recovery,609
6.7532268093225944,482,0,345,173,0,0,0,508,infection,422
6.755620737438016,481,0,346,173,0,0,0,509,infection,515
6.756403290353137,480,0,347,173,0,0,0,510,infection,979
6.762520822360895,479,0,348,173,0,0,0,511,infection,682
6.766510034485406,478,0,349,173,0,0,0,512,infection,803
6.766555532390797,477,0,350,173,0,0,0,513,infection,29
6.767747303651333,477,0,349,174,0,0,0,513,recovery,626
6.767973819952215,476,0,350,174,0,0,0,514,infection,880
6.768384052225793,476,0,349,175,0,0,0,514,recovery,484
6.771239345575511,475,0,350,175,0,0,0,515,infection,122
6.7712735965045185,474,0,351,175,0,0,0,516,infection,526
6.77581959835444,473,0,352,175,0,0,0,517,infection,807
6.776340565272658,472,0,353,175,0,0,0,518,infection,577
6.777160925481744,471,0,354,175,0,0,0,519,infection,359
6.778252440871951,471,0,353,176,0,0,0,519,recovery,299
6.779970831979564,471,0,352,177,0,0,0,519,recovery,838
6.782986021791303,470,0,353,177,0,0,0,520,infection,355
6.792059509509285,469,0,354,177,0,0,0,521,infection,365
6.796725779798294,468,0,355,177,0,0,0,522,infection,331
6.799122249257719,468,0,354,178,0,0,0,522,recovery,542
6.805151308079131,467,0,355,178,0,0,0,523,infection,663
6.81151285345899,466,0,356,178,0,0,0,524,infection,546
6.81816504071561,465,0,357,178,0,0,0,525,infection,257
6.8198810243581685,465,0,356,179,0,0,0,525,recovery,282
6.820129636656318,464,0,357,179,0,0,0,526,infection,912
6.82644297736851,463,0,358,179,0,0,0,527,infection,423
6.830141411964712,463,0,357,180,0,0,0,527,recovery,851
6.832498669570905,462,0,358,180,0,0,0,528,infection,853
6.833581466380332,461,0,359,180,0,0,0,529,infection,389
6.834196468099348,460,0,360,180,0,0,0,530,infection,76
6.83525529368364,460,0,359,181,0,0,0,530,recovery,458
6.835669560078491,459,0,360,181,0,0,0,531,infection,243
6.836301884767487,458,0,361,181,0,0,0,532,infection,834
6.84590574594021,457,0,362,181,0,0,0,533,infection,368
6.847583927135508,456,0,363,181,0,0,0,534,infection,590
6.857726628832216,455,0,364,181,0,0,0,535,infection,916
6.859924001337485,454,0,365,181,0,0,0,536,infection,922
6.863933802825153,453,0,366,181,0,0,0,537,infection,782
6.864705473036891,452,0,367,181,0,0,0,538,infection,265
6.867294669509661,452,0,366,182,0,0,0,538,recovery,389
6.870907038366498,451,0,367,182,0,0,0,539,infection,216
6.871373855230166,451,0,366,183,0,0,0,539,recovery,654
6.883941694651237,450,0,367,183,0,0,0,540,infection,886
6.8892076755467935,449,0,368,183,0,0,0,541,infection,963
6.899962743766177,448,0,369,183,0,0,0,542,infection,391
6.908983059088197,447,0,370,183,0,0,0,543,infection,121
6.912891462537774,446,0,371,183,0,0,0,544,infection,41
6.9157473182424045,446,0,370,184,0,0,0,544,recovery,196
6.916295469168276,446,0,369,185,0,0,0,544,recovery,125
6.924295699404103,445,0,370,185,0,0,0,545,infection,861
6.9261964156754665,445,0,369,186,0,0,0,545,recovery,401
6.933971330867477,444,0,370,186,0,0,0,546,infection,594
6.942163970793182,444,0,369,187,0,0,0,546,recovery,534
6.942171181858953,444,0,368,188,0,0,0,546,recovery,708
6.947493720077379,444,0,367,189,0,0,0,546,recovery,504
6.954161503762958,444,0,366,190,0,0,0,546,recovery,485
6.961290716269866,444,0,365,191,0,0,0,546,recovery,544
6.961388768960886,443,0,366,191,0,0,0,547,infection,103
6.9646420854237565,442,0,367,191,0,0,0,548,infection,63
6.970216910169073,441,0,368,191,0,0,0,549,infection,481
6.972402813380242,441,0,367,192,0,0,0,549,recovery,674
6.975947450377212,440,0,368,192,0,0,0,550,infection,769
6.976547798056982,439,0,369,192,0,0,0,551,infection,987
6.980513787914632,439,0,368,193,0,0,0,551,recovery,89
6.983014633548315,438,0,369,193,0,0,0,552,infection,295
6.984259907992522,438,0,368,194,0,0,0,552,recovery,385
6.989976775344813,437,0,369,194,0,0,0,553,infection,414
6.991656834643993,436,0,370,194,0,0,0,554,infection,919
6.9952705625825375,435,0,371,194,0,0,0,555,infection,480
7.007372204686832,435,0,370,195,0,0,0,555,recovery,456
7.007594337291186,434,0,371,195,0,0,0,556,infection,80
7.021419468119807,434,0,370,196,0,0,0,556,recovery,41
7.024667540600036,434,0,369,197,0,0,0,556,recovery,640
7.025912934292013,433,0,370,197,0,0,0,557,infection,908
7.032255427393014,433,0,369,198,0,0,0,557,recovery,901
7.0346394614326035,433,0,368,199,0,0,0,557,recovery,480
7.036520742499814,433,0,367,200,0,0,0,557,recovery,58
7.038080762435716,432,0,368,200,0,0,0,558,infection,128
7.042488665784981,431,0,369,200,0,0,0,559,infection,376
7.043268118346356,430,0,370,200,0,0,0,560,infection,475
7.0433311406637005,430,0,369,201,0,0,0,560,recovery,687
7.049435573807812,430,0,368,202,0,0,0,560,recovery,862
7.0643933350361365,430,0,367,203,0,0,0,560,recovery,432
7.064818652476535,430,0,366,204,0,0,0,560,recovery,1
7.074901227127657,429,0,367,204,0,0,0,561,infection,518
7.077639377811048,429,0,366,205,0,0,0,561,recovery,450
7.084160410815664,429,0,365,206,0,0,0,561,recovery,80
7.084333556691467,429,0,364,207,0,0,0,561,recovery,119
7.085930565928436,428,0,365,207,0,0,0,562,infection,610
7.0881391801395495,427,0,366,207,0,0,0,563,infection,806
7.088281807200555,426,0,367,207,0,0,0,564,infection,62
7.08907683669429,425,0,368,207,0,0,0,565,infection,28
7.0897002901191,424,0,369,207,0,0,0,566,infection,285
7.094526746370366,424,0,368,208,0,0,0,566,recovery,864
7.095901950510418,423,0,369,208,0,0,0,567,infection,261
7.099990695613667,422,0,370,208,0,0,0,568,infection,573
7.106182155682693,421,0,371,208,0,0,0,569,infection,938
7.106290054499983,420,0,372,208,0,0,0,570,infection,520
7.107737947965015,419,0,373,208,0,0,0,571,infection,812
7.111474218820187,418,0,374,208,0,0,0,572,infection,726
7.114786891251885,418,0,373,209,0,0,0,572,recovery,812
7.115404536935885,417,0,374,209,0,0,0,573,infection,986
7.116532692019161,416,0,375,209,0,0,0,574,infection,539
7.121864367868309,415,0,376,209,0,0,0,575,infection,374
7.127661032624009,414,0,377,209,0,0,0,576,infection,424
7.12883204647191,413,0,378,209,0,0,0,577,infection,333
7.135560228879739,412,0,379,209,0,0,0,578,infection,775
7.148835929685726,411,0,380,209,0,0,0,579,infection,471
7.151097090035605,410,0,381,209,0,0,0,580,infection,224
7.151911566623829,409,0,382,209,0,0,0,581,infection,749
7.161475621732976,409,0,381,210,0,0,0,581,recovery,615
7.167239704682889,409,0,380,211,0,0,0,581,recovery,338
7.173571906921356,408,0,381,211,0,0,0,582,infection,948
7.175135203944837,407,0,382,211,0,0,0,583,infection,15
7.179314213384547,406,0,383,211,0,0,0,584,infection,192
7.18285352621095,405,0,384,211,0,0,0,585,infection,740
7.183279348132046,404,0,385,211,0,0,0,586,infection,673
7.185718125662643,403,0,386,211,0,0,0,587,infection,52
7.188348641147348,403,0,385,212,0,0,0,587,recovery,510
7.19099003533001,402,0,386,212,0,0,0,588,infection,496
7.195621140953394,401,0,387,212,0,0,0,589,infection,808
7.195673967197329,401,0,386,213,0,0,0,589,recovery,361
7.19572744729397,401,0,385,214,0,0,0,589,recovery,712
7.198229658596876,401,0,384,215,0,0,0,589,recovery,472
7.203843580245969,401,0,383,216,0,0,0,589,recovery,114
7.2047091502875915,401,0,382,217,0,0,0,589,recovery,914
7.205961537694728,400,0,383,217,0,0,0,590,infection,98
7.211574128258978,399,0,384,217,0,0,0,591,infection,611
7.211594697036423,399,0,383,218,0,0,0,591,recovery,963
7.2119504676137165,398,0,384,218,0,0,0,592,infection,789
7.222077858943103,397,0,385,218,0,0,0,593,infection,941
7.222315222637399,397,0,384,219,0,0,0,593,recovery,372
7.225271501211272,396,0,385,219,0,0,0,594,infection,528
7.22782805464661,395,0,386,219,0,0,0,595,infection,206
7.235761061449101,394,0,387,219,0,0,0,596,infection,873
7.238139000729481,394,0,386,220,0,0,0,596,recovery,241
7.253495035634213,393,0,387,220,0,0,0,597,infection,882
7.266079334892033,392,0,388,220,0,0,0,598,infection,885
7.267854738430255,392,0,387,221,0,0,0,598,recovery,725
7.268297065262457,391,0,388,221,0,0,0,599,infection,879
7.269184129421325,391,0,387,222,0,0,0,599,recovery,49
7.2708196404366605,390,0,388,222,0,0,0,600,infection,256
7.272582535587272,390,0,387,223,0,0,0,600,recovery,284
7.280660000728909,389,0,388,223,0,0,0,601,infection,855
7.297675392426213,388,0,389,223,0,0,0,602,infection,281
7.3018049290171545,388,0,388,224,0,0,0,602,recovery,903
7.3031523823785855,388,0,387,225,0,0,0,602,recovery,760
7.306171542739064,387,0,388,225,0,0,0,603,infection,765
7.307013673597586,386,0,389,225,0,0,0,604,infection,231
7.307228357317796,385,0,390,225,0,0,0,605,infection,966
7.308299602224871,384,0,391,225,0,0,0,606,infection,182
7.311209030697635,383,0,392,225,0,0,0,607,infection,753
7.319063215806673,382,0,393,225,0,0,0,608,infection,867
7.319328148827855,382,0,392,226,0,0,0,608,recovery,953
7.31990895217314,382,0,391,227,0,0,0,608,recovery,886
7.325000492986838,381,0,392,227,0,0,0,609,infection,139
7.327206916481163,381,0,391,228,0,0,0,609,recovery,958
7.329086275923402,380,0,392,228,0,0,0,610,infection,142
7.333740260250454,379,0,393,228,0,0,0,611,infection,602
7.33464825172906,379,0,392,229,0,0,0,611,recovery,648
7.341620784821028,378,0,393,229,0,0,0,612,infection,714
7.344379316300436,378,0,392,230,0,0,0,612,recovery,2
7.345944899161186,377,0,393,230,0,0,0,613,infection,766
7.347964877524391,377,0,392,231,0,0,0,613,recovery,673
7.348179130570841,377,0,391,232,0,0,0,613,recovery,48
7.350134202789307,377,0,390,233,0,0,0,613,recovery,151
7.3547411433039604,377,0,389,234,0,0,0,613,recovery,34
7.3548366917613635,377,0,388,235,0,0,0,613,recovery,715
7.358644675969974,376,0,389,235,0,0,0,614,infection,699
7.361876124316705,375,0,390,235,0,0,0,615,infection,832
7.366780944856568,374,0,391,235,0,0,0,616,infection,795
7.3675394834099235,374,0,390,236,0,0,0,616,recovery,690
7.372373181365466,373,0,391,236,0,0,0,617,infection,685
7.374044648595326,372,0,392,236,0,0,0,618,infection,968
7.375189156601538,372,0,391,237,0,0,0,618,recovery,30
7.379497162917189,371,0,392,237,0,0,0,619,infection,900
7.381799480182946,371,0,391,238,0,0,0,619,recovery,351
7.3823367367636505,370,0,392,238,0,0,0,620,infection,83
7.3872045976757725,369,0,393,238,0,0,0,621,infection,308
7.390723405195651,368,0,394,238,0,0,0,622,infection,976
7.391848368867146,367,0,395,238,0,0,0,623,infection,702
7.395206571077068,366,0,396,238,0,0,0,624,infection,273
7.399154987774864,365,0,397,238,0,0,0,625,infection,643
7.399883635931637,365,0,396,239,0,0,0,625,recovery,355
7.400745187538314,364,0,397,239,0,0,0,626,infection,961
7.402544593632744,363,0,398,239,0,0,0,627,infection,195
7.403861916423433,362,0,399,239,0,0,0,628,infection,982
7.40572608217593,361,0,400,239,0,0,0,629,infection,71
7.410629447924258,360,0,401,239,0,0,0,630,infection,442
7.411157833863536,360,0,400,240,0,0,0,630,recovery,501
7.412986109286797,360,0,399,241,0,0,0,630,recovery,563
7.431609286951852,360,0,398,242,0,0,0,630,recovery,257
7.432912530177809,360,0,397,243,0,0,0,630,recovery,889
7.434206372504057,359,0,398,243,0,0,0,631,infection,689
7.438337194669942,358,0,399,243,0,0,0,632,infection,291
7.438954554344264,357,0,400,243,0,0,0,633,infection,697
7.440625420398929,357,0,399,244,0,0,0,633,recovery,469
7.440881895428905,357,0,398,245,0,0,0,633,recovery,320
7.441522911717457,357,0,397,246,0,0,0,633,recovery,303
7.4447175204828895,356,0,398,246,0,0,0,634,infection,161
7.461642051137489,355,0,399,246,0,0,0,635,infection,570
7.461716522987832,355,0,398,247,0,0,0,635,recovery,234
7.4691502939365195,354,0,399,247,0,0,0,636,infection,650
7.471583880180507,354,0,398,248,0,0,0,636,recovery,376
7.473505601994332,353,0,399,248,0,0,0,637,infection,429
7.485167863736397,352,0,400,248,0,0,0,638,infection,400
7.48934840775078,352,0,399,249,0,0,0,638,recovery,830
7.5008520078431165,351,0,400,249,0,0,0,639,infection,5
7.506765223498589,351,0,399,250,0,0,0,639,recovery,881
7.512275640999293,350,0,400,250,0,0,0,640,infection,166
7.513119874010116,349,0,401,250,0,0,0,641,infection,964
7.525342574042721,348,0,402,250,0,0,0,642,infection,734
7.530260203289301,347,0,403,250,0,0,0,643,infection,214
7.531606878319634,346,0,404,250,0,0,0,644,infection,668
7.533418568360142,346,0,403,251,0,0,0,644,recovery,545
7.538453036997879,345,0,404,251,0,0,0,645,infection,794
7.541357980126372,345,0,403,252,0,0,0,645,recovery,789
7.551313521426389,344,0,404,252,0,0,0,646,infection,248
7.552593825623609,344,0,403,253,0,0,0,646,recovery,909
7.5534756583952625,344,0,402,254,0,0,0,646,recovery,134
7.556040025786465,343,0,403,254,0,0,0,647,infection,164
7.560489905317714,343,0,402,255,0,0,0,647,recovery,7
7.561290018150486,342,0,403,255,0,0,0,648,infection,106
7.566177286233778,341,0,404,255,0,0,0,649,infection,952
7.566911494917268,341,0,403,256,0,0,0,649,recovery,793
7.57624006181474,340,0,404,256,0,0,0,650,infection,809
7.57788431100844,339,0,405,256,0,0,0,651,infection,852
7.595008145857357,338,0,406,256,0,0,0,652,infection,378
7.604213750971311,337,0,407,256,0,0,0,653,infection,500
7.60442261156078,337,0,406,257,0,0,0,653,recovery,546
7.606927568271992,337,0,405,258,0,0,0,653,recovery,44
7.611090833599381,336,0,406,258,0,0,0,654,infection,115
7.614793994714418,335,0,407,258,0,0,0,655,infection,929
7.623211938073543,334,0,408,258,0,0,0,656,infection,896
7.626988956163792,334,0,407,259,0,0,0,656,recovery,716
7.628492719591989,333,0,408,259,0,0,0,657,infection,978
7.640354150643397,332,0,409,259,0,0,0,658,infection,940
7.644586391713584,331,0,410,259,0,0,0,659,infection,396
7.654705473858761,331,0,409,260,0,0,0,659,recovery,692
7.654987031723998,331,0,408,261,0,0,0,659,recovery,278
7.655960831603881,331,0,407,262,0,0,0,659,recovery,604
7.657553395808686,331,0,406,263,0,0,0,659,recovery,391
7.658005435525687,331,0,405,264,0,0,0,659,recovery,424
7.659848144897889,330,0,406,264,0,0,0,660,infection,99
7.6677898900085655,329,0,407,264,0,0,0,661,infection,639
7.670221208345597,328,0,408,264,0,0,0,662,infection,891
7.676018188486298,328,0,407,265,0,0,0,662,recovery,769
7.6770502233040325,328,0,406,266,0,0,0,662,recovery,759
7.678065431169549,328,0,405,267,0,0,0,662,recovery,343
7.678314885753645,327,0,406,267,0,0,0,663,infection,738
7.679370951982836,326,0,407,267,0,0,0,664,infection,479
7.689165617828904,325,0,408,267,0,0,0,665,infection,744
7.6932045563904055,324,0,409,267,0,0,0,666,infection,377
7.7054897595993666,324,0,408,268,0,0,0,666,recovery,539
7.706393655294174,323,0,409,268,0,0,0,667,infection,773
7.706736447177267,323,0,408,269,0,0,0,667,recovery,979
7.717620846975222,323,0,407,270,0,0,0,667,recovery,149
7.718438441471043,322,0,408,270,0,0,0,668,infection,218
7.722232361590795,321,0,409,270,0,0,0,669,infection,833
7.728660338810495,320,0,410,270,0,0,0,670,infection,238
7.732769993983681,320,0,409,271,0,0,0,670,recovery,377
7.739284280194955,320,0,408,272,0,0,0,670,recovery,442
7.73939195730659,319,0,409,272,0,0,0,671,infection,46
7.743585628574151,319,0,408,273,0,0,0,671,recovery,492
7.746066030000432,318,0,409,273,0,0,0,672,infection,733
7.747741744018081,317,0,410,273,0,0,0,673,infection,175
7.748787891846504,316,0,411,273,0,0,0,674,infection,560
7.750659042918155,315,0,412,273,0,0,0,675,infection,845
7.752187672361854,315,0,411,274,0,0,0,675,recovery,671
7.7528104150988915,315,0,410,275,0,0,0,675,recovery,703
7.772533870716501,315,0,409,276,0,0,0,675,recovery,880
7.779932934452838,314,0,410,276,0,0,0,676,infection,522
7.783694938250124,313,0,411,276,0,0,0,677,infection,729
7.785262468776995,313,0,410,277,0,0,0,677,recovery,818
7.787688888800355,312,0,411,277,0,0,0,678,infection,947
7.796249227782651,312,0,410,278,0,0,0,678,recovery,359
7.798775563471215,311,0,411,278,0,0,0,679,infection,349
7.809988204895108,311,0,410,279,0,0,0,679,recovery,218
7.814525949421138,310,0,411,279,0,0,0,680,infection,137
7.815003928539673,309,0,412,279,0,0,0,681,infection,360
7.8231789430551855,309,0,411,280,0,0,0,681,recovery,811
7.823638354303157,308,0,412,280,0,0,0,682,infection,447
7.828003007884833,308,0,411,281,0,0,0,682,recovery,529
7.82878699304662,307,0,412,281,0,0,0,683,infection,576
7.829345006575374,306,0,413,281,0,0,0,684,infection,771
7.839382025708958,305,0,414,281,0,0,0,685,infection,437
7.842591425991493,305,0,413,282,0,0,0,685,recovery,792
7.845269728876859,304,0,414,282,0,0,0,686,infection,91
7.853291931573341,303,0,415,282,0,0,0,687,infection,324
7.860952755550875,302,0,416,282,0,0,0,688,infection,764
7.869411731386346,301,0,417,282,0,0,0,689,infection,876
7.869964051075487,300,0,418,282,0,0,0,690,infection,711
7.881468636577272,299,0,419,282,0,0,0,691,infection,521
7.884190697260783,299,0,418,283,0,0,0,691,recovery,226
7.887556644471854,298,0,419,283,0,0,0,692,infection,255
7.888972223417369,298,0,418,284,0,0,0,692,recovery,711
7.890704109270279,297,0,419,284,0,0,0,693,infection,395
7.893781981603825,297,0,418,285,0,0,0,693,recovery,845
7.897334598411787,297,0,417,286,0,0,0,693,recovery,333
7.900883763022856,296,0,418,286,0,0,0,694,infection,956
7.901868922185913,295,0,419,286,0,0,0,695,infection,379
7.912176125161303,294,0,420,286,0,0,0,696,infection,136
7.915956352164381,294,0,419,287,0,0,0,696,recovery,956
7.917120959176958,293,0,420,287,0,0,0,697,infection,436
7.917650594879034,293,0,419,288,0,0,0,697,recovery,161
7.9250649324654,292,0,420,288,0,0,0,698,infection,819
7.925384167076143,291,0,421,288,0,0,0,699,infection,890
7.92617730112258,291,0,420,289,0,0,0,699,recovery,327
7.931694283886894,290,0,421,289,0,0,0,700,infection,356
7.936721999852954,289,0,422,289,0,0,0,701,infection,688
7.940529918401481,288,0,423,289,0,0,0,702,infection,902
7.944886447584721,288,0,422,290,0,0,0,702,recovery,912
7.946575093532593,287,0,423,290,0,0,0,703,infection,848
7.953515056513638,287,0,422,291,0,0,0,703,recovery,576
7.957638851949411,287,0,421,292,0,0,0,703,recovery,454
7.962331025780776,286,0,422,292,0,0,0,704,infection,274
7.96380661272833,285,0,423,292,0,0,0,705,infection,118
7.976990712094874,284,0,424,292,0,0,0,706,infection,899
7.98989092388085,283,0,425,292,0,0,0,707,infection,892
7.990185630102049,282,0,426,292,0,0,0,708,infection,606
7.99593368648916,281,0,427,292,0,0,0,709,infection,199
7.996427946870536,281,0,426,293,0,0,0,709,recovery,386
7.9964941049774545,281,0,425,294,0,0,0,709,recovery,547
7.9966122785925124,281,0,424,295,0,0,0,709,recovery,876
8.01649726982285,281,0,423,296,0,0,0,709,recovery,21
8.019954841149168,280,0,424,296,0,0,0,710,infection,211
8.02240753823199,279,0,425,296,0,0,0,711,infection,43
8.022413774200256,278,0,426,296,0,0,0,712,infection,340
8.024482747257851,277,0,427,296,0,0,0,713,infection,512
8.02974725211109,276,0,428,296,0,0,0,714,infection,754
8.029756624273189,275,0,429,296,0,0,0,715,infection,413
8.030928414258236,274,0,430,296,0,0,0,716,infection,321
8.033162324026096,274,0,429,297,0,0,0,716,recovery,19
8.041569541229478,274,0,428,298,0,0,0,716,recovery,36
8.044785000066014,273,0,429,298,0,0,0,717,infection,710
8.046452404859142,272,0,430,298,0,0,0,718,infection,728
8.052264876885134,271,0,431,298,0,0,0,719,infection,757
8.053322839607736,270,0,432,298,0,0,0,720,infection,632
8.059353557196742,270,0,431,299,0,0,0,720,recovery,573
8.065734003740978,270,0,430,300,0,0,0,720,recovery,330
8.073304795406681,270,0,429,301,0,0,0,720,recovery,684
8.080372694526782,269,0,430,301,0,0,0,721,infection,252
8.085152189403424,268,0,431,301,0,0,0,722,infection,619
8.08561618429596,268,0,430,302,0,0,0,722,recovery,622
8.090208226319227,268,0,429,303,0,0,0,722,recovery,599
8.091816136275206,268,0,428,304,0,0,0,722,recovery,891
8.093619050373858,268,0,427,305,0,0,0,722,recovery,776
8.101791342881745,268,0,426,306,0,0,0,722,recovery,685
8.102889310637853,268,0,425,307,0,0,0,722,recovery,765
8.108251365468794,268,0,424,308,0,0,0,722,recovery,103
8.113508166363868,268,0,423,309,0,0,0,722,recovery,766
8.12173052628434,268,0,422,310,0,0,0,722,recovery,256
8.122005899470576,267,0,423,310,0,0,0,723,infection,934
8.125573197932624,266,0,424,310,0,0,0,724,infection,612
8.126452983143889,265,0,425,310,0,0,0,725,infection,132
8.129116057733803,265,0,424,311,0,0,0,725,recovery,106
8.13023998025323,264,0,425,311,0,0,0,726,infection,375
8.13795836888527,263,0,426,311,0,0,0,727,infection,825
8.138128158554979,262,0,427,311,0,0,0,728,infection,384
8.14820172511303,261,0,428,311,0,0,0,729,infection,989
8.151399306822094,260,0,429,311,0,0,0,730,infection,79
8.152605944881238,259,0,430,311,0,0,0,731,infection,405
8.161894798214597,259,0,429,312,0,0,0,731,recovery,603
8.164992665827056,259,0,428,313,0,0,0,731,recovery,990
8.165697367041387,258,0,429,313,0,0,0,732,infection,872
8.170343259083147,258,0,428,314,0,0,0,732,recovery,865
8.1714064178371,258,0,427,315,0,0,0,732,recovery,62
8.177106457835048,258,0,426,316,0,0,0,732,recovery,384
8.18707359759679,258,0,425,317,0,0,0,732,recovery,557
8.1968210501666,257,0,426,317,0,0,0,733,infection,342
8.199833464018518,256,0,427,317,0,0,0,734,infection,84
8.202419870909122,255,0,428,317,0,0,0,735,infection,566
8.203068141869323,254,0,429,317,0,0,0,736,infection,502
8.204251547489163,254,0,428,318,0,0,0,736,recovery,175
8.214698970356952,253,0,429,318,0,0,0,737,infection,269
8.215538333936879,253,0,428,319,0,0,0,737,recovery,55
8.216967718788652,252,0,429,319,0,0,0,738,infection,416
8.221854589943733,251,0,430,319,0,0,0,739,infection,731
8.222989521972785,250,0,431,319,0,0,0,740,infection,435
8.233674520287504,250,0,430,320,0,0,0,740,recovery,745
8.249999725868687,249,0,431,320,0,0,0,741,infection,97
8.258107136249194,249,0,430,321,0,0,0,741,recovery,647
8.261436086995312,249,0,429,322,0,0,0,741,recovery,870
8.261703735328643,248,0,430,322,0,0,0,742,infection,652
8.273909158010024,247,0,431,322,0,0,0,743,infection,148
8.274283837521201,246,0,432,322,0,0,0,744,infection,210
8.28624312652145,245,0,433,322,0,0,0,745,infection,33
8.291137258966096,244,0,434,322,0,0,0,746,infection,170
8.294660322980233,243,0,435,322,0,0,0,747,infection,194
8.301540458892335,242,0,436,322,0,0,0,748,infection,117
8.308241371842836,242,0,435,323,0,0,0,748,recovery,861
8.313656132896595,241,0,436,323,0,0,0,749,infection,983
8.314072023649553,240,0,437,323,0,0,0,750,infection,571
8.314641795402835,240,0,436,324,0,0,0,750,recovery,831
8.316825032157876,239,0,437,324,0,0,0,751,infection,509
8.31857402247261,239,0,436,325,0,0,0,751,recovery,269
8.323055967478515,238,0,437,325,0,0,0,752,infection,822
8.32600951638592,238,0,436,326,0,0,0,752,recovery,950
8.32962089588938,237,0,437,326,0,0,0,753,infection,470
8.345375959668969,237,0,436,327,0,0,0,753,recovery,964
8.345712065987614,237,0,435,328,0,0,0,753,recovery,210
8.34986076732655,237,0,434,329,0,0,0,753,recovery,319
8.359035004934478,237,0,433,330,0,0,0,753,recovery,67
8.362978003392044,236,0,434,330,0,0,0,754,infection,313
8.380528787841326,236,0,433,331,0,0,0,754,recovery,148
8.38340219005996,235,0,434,331,0,0,0,755,infection,949
8.384123070080145,234,0,435,331,0,0,0,756,infection,486
8.388421949089476,233,0,436,331,0,0,0,757,infection,856
8.391719540033934,233,0,435,332,0,0,0,757,recovery,509
8.396891886751577,232,0,436,332,0,0,0,758,infection,944
8.398222325476596,231,0,437,332,0,0,0,759,infection,232
8.398513500032966,231,0,436,333,0,0,0,759,recovery,904
8.408831553794686,230,0,437,333,0,0,0,760,infection,538
8.416118635239634,230,0,436,334,0,0,0,760,recovery,787
8.420184648436917,229,0,437,334,0,0,0,761,infection,93
8.42535508173441,228,0,438,334,0,0,0,762,infection,219
8.43287333152952,228,0,437,335,0,0,0,762,recovery,22
8.435420176253979,228,0,436,336,0,0,0,762,recovery,905
8.438777447479675,228,0,435,337,0,0,0,762,recovery,768
8.445107813179936,227,0,436,337,0,0,0,763,infection,339
8.447474203360494,227,0,435,338,0,0,0,763,recovery,281
8.451996524178883,227,0,434,339,0,0,0,763,recovery,248
8.455710209433102,227,0,433,340,0,0,0,763,recovery,778
8.469055728250526,227,0,432,341,0,0,0,763,recovery,832
8.477596433402736,226,0,433,341,0,0,0,764,infection,382
8.478155721885859,225,0,434,341,0,0,0,765,infection,181
8.482257625936345,225,0,433,342,0,0,0,765,recovery,364
8.48491552294784,224,0,434,342,0,0,0,766,infection,930
8.490762121329496,224,0,433,343,0,0,0,766,recovery,919
8.492706437087703,224,0,432,344,0,0,0,766,recovery,16
8.503248282007181,223,0,433,344,0,0,0,767,infection,440
8.513673858399281,223,0,432,345,0,0,0,767,recovery,568
8.51430426393432,223,0,431,346,0,0,0,767,recovery,167
8.515169830375102,222,0,432,346,0,0,0,768,infection,244
8.515197070352908,222,0,431,347,0,0,0,768,recovery,900
8.515826190219139,221,0,432,347,0,0,0,769,infection,267
8.523016088120198,220,0,433,347,0,0,0,770,infection,275
8.530014056180926,220,0,432,348,0,0,0,770,recovery,731
8.532473832542246,219,0,433,348,0,0,0,771,infection,551
8.535446604976748,219,0,432,349,0,0,0,771,recovery,285
8.537420100842128,219,0,431,350,0,0,0,771,recovery,666
8.537429331391346,218,0,432,350,0,0,0,772,infection,264
8.547366874510518,217,0,433,350,0,0,0,773,infection,977
8.552170805111096,216,0,434,350,0,0,0,774,infection,620
8.560783136284497,215,0,435,350,0,0,0,775,infection,42
8.56629647943527,214,0,436,350,0,0,0,776,infection,946
8.569399071447643,214,0,435,351,0,0,0,776,recovery,665
8.570442618694322,214,0,434,352,0,0,0,776,recovery,313
8.570516066869729,214,0,433,353,0,0,0,776,recovery,213
8.573027607979359,214,0,432,354,0,0,0,776,recovery,243
8.574946160610036,213,0,433,354,0,0,0,777,infection,290
8.57816560322276,213,0,432,355,0,0,0,777,recovery,209
8.592680694977998,212,0,433,355,0,0,0,778,infection,388
8.598724303248362,211,0,434,355,0,0,0,779,infection,305
8.614625696862932,210,0,435,355,0,0,0,780,infection,72
8.624225869173783,209,0,436,355,0,0,0,781,infection,402
8.628113148609476,208,0,437,355,0,0,0,782,infection,629
8.631460507721041,208,0,436,356,0,0,0,782,recovery,251
8.631630189016317,207,0,437,356,0,0,0,783,infection,722
8.662848041217655,206,0,438,356,0,0,0,784,infection,464
8.664734661205276,206,0,437,357,0,0,0,784,recovery,99
8.665045415809601,206,0,436,358,0,0,0,784,recovery,249
8.66815856107232,205,0,437,358,0,0,0,785,infection,51
8.671387837435573,205,0,436,359,0,0,0,785,recovery,140
8.674089193733453,204,0,437,359,0,0,0,786,infection,478
8.681703753339544,204,0,436,360,0,0,0,786,recovery,139
8.682562821826709,204,0,435,361,0,0,0,786,recovery,366
8.682577990908879,203,0,436,361,0,0,0,787,infection,540
8.684518759734985,202,0,437,361,0,0,0,788,infection,592
8.692831008161749,202,0,436,362,0,0,0,788,recovery,261
8.702886393439828,201,0,437,362,0,0,0,789,infection,483
8.704118708560395,201,0,436,363,0,0,0,789,recovery,706
8.705619205148274,200,0,437,363,0,0,0,790,infection,463
8.707528620136781,199,0,438,363,0,0,0,791,infection,608
8.70941827117061,198,0,439,363,0,0,0,792,infection,309
8.711071668742758,198,0,438,364,0,0,0,792,recovery,652
8.716134117993038,197,0,439,364,0,0,0,793,infection,4
8.720846808424923,197,0,438,365,0,0,0,793,recovery,407
8.741774053113462,196,0,439,365,0,0,0,794,infection,188
8.742347257701944,195,0,440,365,0,0,0,795,infection,586
8.743247208998955,195,0,439,366,0,0,0,795,recovery,232
8.743328024554755,194,0,440,366,0,0,0,796,infection,383
8.748714313449161,193,0,441,366,0,0,0,797,infection,438
8.749764066192576,192,0,442,366,0,0,0,798,infection,680
8.752271509924743,192,0,441,367,0,0,0,798,recovery,455
8.754888810410796,192,0,440,368,0,0,0,798,recovery,512
8.756861154733926,192,0,439,369,0,0,0,798,recovery,772
8.75848663199072,192,0,438,370,0,0,0,798,recovery,553
8.772391917495463,191,0,439,370,0,0,0,799,infection,770
8.774244391915936,191,0,438,371,0,0,0,799,recovery,896
8.781504596044252,191,0,437,372,0,0,0,799,recovery,922
8.79165046018365,191,0,436,373,0,0,0,799,recovery,153
8.792044202794344,190,0,437,373,0,0,0,800,infection,448
8.792562963759032,190,0,436,374,0,0,0,800,recovery,5
8.796788338723015,190,0,435,375,0,0,0,800,recovery,428
8.82002014860629,189,0,436,375,0,0,0,801,infection,247
8.821180842443097,189,0,435,376,0,0,0,801,recovery,3
8.823930840367675,188,0,436,376,0,0,0,802,infection,398
8.826041063265448,188,0,435,377,0,0,0,802,recovery,211
8.830833495695492,188,0,434,378,0,0,0,802,recovery,790
8.836158221839638,188,0,433,379,0,0,0,802,recovery,980
8.840156052533166,188,0,432,380,0,0,0,802,recovery,592
8.848216377218016,187,0,433,380,0,0,0,803,infection,250
8.848639602946529,186,0,434,380,0,0,0,804,infection,800
8.858780780420476,185,0,435,380,0,0,0,805,infection,190
8.8611703174596,184,0,436,380,0,0,0,806,infection,208
8.866275201155567,184,0,435,381,0,0,0,806,recovery,726
8.87339173385597,184,0,434,382,0,0,0,806,recovery,72
8.882559891189587,184,0,433,383,0,0,0,806,recovery,680
8.88505333050362,184,0,432,384,0,0,0,806,recovery,613
8.886947230769909,184,0,431,385,0,0,0,806,recovery,400
8.891875422100437,183,0,432,385,0,0,0,807,infection,561
8.891878863604003,183,0,431,386,0,0,0,807,recovery,934
8.897758038462156,183,0,430,387,0,0,0,807,recovery,68
8.910074681706476,183,0,429,388,0,0,0,807,recovery,51
8.916130471663037,183,0,428,389,0,0,0,807,recovery,398
8.920712800292499,182,0,429,389,0,0,0,808,infection,116
8.939115746467513,181,0,430,389,0,0,0,809,infection,489
8.939322662294071,180,0,431,389,0,0,0,810,infection,246
8.940947088527174,180,0,430,390,0,0,0,810,recovery,629
8.943144644169905,180,0,429,391,0,0,0,810,recovery,323
8.948835648953281,180,0,428,392,0,0,0,810,recovery,479
8.95084755187061,180,0,427,393,0,0,0,810,recovery,669
8.953609307601608,180,0,426,394,0,0,0,810,recovery,643
8.97178338347691,180,0,425,395,0,0,0,810,recovery,941
8.977031502384607,180,0,424,396,0,0,0,810,recovery,699
8.985974086625175,179,0,425,396,0,0,0,811,infection,779
8.994491927233778,178,0,426,396,0,0,0,812,infection,65
8.998851820054117,177,0,427,396,0,0,0,813,infection,894
9.000667891134405,177,0,426,397,0,0,0,813,recovery,596
9.001018418849336,177,0,425,398,0,0,0,813,recovery,560
9.006548959900995,177,0,424,399,0,0,0,813,recovery,948
9.035590959551483,177,0,423,400,0,0,0,813,recovery,727
9.036412830077758,176,0,424,400,0,0,0,814,infection,971
9.043924606953363,175,0,425,400,0,0,0,815,infection,957
9.052279122194754,175,0,424,401,0,0,0,815,recovery,378
9.057219767124563,175,0,423,402,0,0,0,815,recovery,438
9.058432547594556,174,0,424,402,0,0,0,816,infection,18
9.062471371683902,174,0,423,403,0,0,0,816,recovery,579
9.06641168164954,174,0,422,404,0,0,0,816,recovery,929
9.070101124624651,174,0,421,405,0,0,0,816,recovery,583
9.071945102153531,174,0,420,406,0,0,0,816,recovery,15
9.082357347406237,173,0,421,406,0,0,0,817,infection,614
9.08674667818251,172,0,422,406,0,0,0,818,infection,233
9.08722500025456,171,0,423,406,0,0,0,819,infection,582
9.08914249949186,171,0,422,407,0,0,0,819,recovery,440
9.092418589924058,171,0,421,408,0,0,0,819,recovery,413
9.094131775999179,171,0,420,409,0,0,0,819,recovery,208
9.107461089561813,171,0,419,410,0,0,0,819,recovery,223
9.108997583879807,171,0,418,411,0,0,0,819,recovery,91
9.11115913615901,171,0,417,412,0,0,0,819,recovery,373
9.117012986470618,171,0,416,413,0,0,0,819,recovery,159
9.12037026863791,171,0,415,414,0,0,0,819,recovery,321
9.1246067685811,171,0,414,415,0,0,0,819,recovery,238
9.125665740074393,170,0,415,415,0,0,0,820,infection,189
9.1301915397559,170,0,414,416,0,0,0,820,recovery,569
9.132277843348245,169,0,415,416,0,0,0,821,infection,287
9.134805315393514,168,0,416,416,0,0,0,822,infection,828
9.13919706700198,167,0,417,416,0,0,0,823,infection,120
9.142783195568377,167,0,416,417,0,0,0,823,recovery,659
9.164846802971443,166,0,417,417,0,0,0,824,infection,452
9.164898626109622,166,0,416,418,0,0,0,824,recovery,120
9.17477011255248,166,0,415,419,0,0,0,824,recovery,989
9.175381305703327,166,0,414,420,0,0,0,824,recovery,502
9.17554087076049,166,0,413,421,0,0,0,824,recovery,194
9.175846158908548,165,0,414,421,0,0,0,825,infection,217
9.193007652188932,164,0,415,421,0,0,0,826,infection,154
9.203996219481223,164,0,414,422,0,0,0,826,recovery,852
9.204995248018708,163,0,415,422,0,0,0,827,infection,972
9.209039292754252,163,0,414,423,0,0,0,827,recovery,436
9.21021687073287,162,0,415,423,0,0,0,828,infection,193
9.210839511682336,161,0,416,423,0,0,0,829,infection,314
9.216402448649305,161,0,415,424,0,0,0,829,recovery,515
9.218106187326644,161,0,414,425,0,0,0,829,recovery,396
9.220510905957243,160,0,415,425,0,0,0,830,infection,817
9.224623037176059,160,0,414,426,0,0,0,830,recovery,850
9.230774348588929,159,0,415,426,0,0,0,831,infection,653
9.236311702397757,159,0,414,427,0,0,0,831,recovery,930
9.23805756021877,158,0,415,427,0,0,0,832,infection,857
9.239058581116328,158,0,414,428,0,0,0,832,recovery,795
9.244033182972672,157,0,415,428,0,0,0,833,infection,326
9.246584986325768,156,0,416,428,0,0,0,834,infection,578
9.253406485490064,156,0,415,429,0,0,0,834,recovery,200
9.260463312342454,155,0,416,429,0,0,0,835,infection,533
9.267146707204674,155,0,415,430,0,0,0,835,recovery,577
9.271160751884663,155,0,414,431,0,0,0,835,recovery,767
9.275698774321958,155,0,413,432,0,0,0,835,recovery,946
9.284398782274515,155,0,412,433,0,0,0,835,recovery,971
9.289988791190211,155,0,411,434,0,0,0,835,recovery,739
9.291766262338637,154,0,412,434,0,0,0,836,infection,859
9.29539744829201,154,0,411,435,0,0,0,836,recovery,582
9.298525196125954,153,0,412,435,0,0,0,837,infection,837
9.307639790337532,153,0,411,436,0,0,0,837,recovery,526
9.309870649480697,152,0,412,436,0,0,0,838,infection,681
9.31115786544338,152,0,411,437,0,0,0,838,recovery,224
9.312859129129581,151,0,412,437,0,0,0,839,infection,646
9.326904968503625,151,0,411,438,0,0,0,839,recovery,82
9.346974507204836,150,0,412,438,0,0,0,840,infection,230
9.354860192002135,149,0,413,438,0,0,0,841,infection,559
9.356683065543477,149,0,412,439,0,0,0,841,recovery,806
9.359445327981991,149,0,411,440,0,0,0,841,recovery,42
9.359632629316584,149,0,410,441,0,0,0,841,recovery,651
9.361637729364613,149,0,409,442,0,0,0,841,recovery,975
9.382893672113617,149,0,408,443,0,0,0,841,recovery,255
9.392591816974837,149,0,407,444,0,0,0,841,recovery,653
9.400715541542167,149,0,406,445,0,0,0,841,recovery,803
9.406912547776976,149,0,405,446,0,0,0,841,recovery,733
9.409620141301563,149,0,404,447,0,0,0,841,recovery,206
9.418473790076836,149,0,403,448,0,0,0,841,recovery,578
9.428213525996942,148,0,404,448,0,0,0,842,infection,628
9.429101170697095,148,0,403,449,0,0,0,842,recovery,291
9.434325820349397,147,0,404,449,0,0,0,843,infection,846
9.437982232473606,146,0,405,449,0,0,0,844,infection,549
9.445305687586634,146,0,404,450,0,0,0,844,recovery,65
9.453395291943707,146,0,403,451,0,0,0,844,recovery,274
9.458074966182064,145,0,404,451,0,0,0,845,infection,9
9.458377482876394,145,0,403,452,0,0,0,845,recovery,83
9.459390828369028,145,0,402,453,0,0,0,845,recovery,503
9.473360077073536,145,0,401,454,0,0,0,845,recovery,949
9.49198329156389,145,0,400,455,0,0,0,845,recovery,982
9.495663125206866,144,0,401,455,0,0,0,846,infection,272
9.495988518523179,143,0,402,455,0,0,0,847,infection,466
9.496692017260862,143,0,401,456,0,0,0,847,recovery,688
9.504782204724949,142,0,402,456,0,0,0,848,infection,370
9.514926690395669,142,0,401,457,0,0,0,848,recovery,246
9.527319615185286,142,0,400,458,0,0,0,848,recovery,181
9.534768619857651,141,0,401,458,0,0,0,849,infection,508
9.546956829843435,141,0,400,459,0,0,0,849,recovery,804
9.552664130398885,141,0,399,460,0,0,0,849,recovery,136
9.553651680437588,141,0,398,461,0,0,0,849,recovery,753
9.559538181902147,140,0,399,461,0,0,0,850,infection,443
9.566594765284684,140,0,398,462,0,0,0,850,recovery,272
9.569850064632163,140,0,397,463,0,0,0,850,recovery,63
9.569990447872824,139,0,398,463,0,0,0,851,infection,823
9.57338919279932,139,0,397,464,0,0,0,851,recovery,115
9.592899759097646,138,0,398,464,0,0,0,852,infection,461
9.595588861452352,137,0,399,464,0,0,0,853,infection,474
9.59675547300367,136,0,400,464,0,0,0,854,infection,177
9.603476530199325,136,0,399,465,0,0,0,854,recovery,991
9.604808564944683,136,0,398,466,0,0,0,854,recovery,869
9.606141681786353,136,0,397,467,0,0,0,854,recovery,872
9.608995638485961,136,0,396,468,0,0,0,854,recovery,550
9.611390455408412,136,0,395,469,0,0,0,854,recovery,511
9.616076302897442,135,0,396,469,0,0,0,855,infection,96
9.622746930012786,135,0,395,470,0,0,0,855,recovery,478
9.627591446122546,134,0,396,470,0,0,0,856,infection,798
9.634830003533773,134,0,395,471,0,0,0,856,recovery,259
9.637779601375838,133,0,396,471,0,0,0,857,infection,459
9.644909876232425,132,0,397,471,0,0,0,858,infection,176
9.647832589815408,132,0,396,472,0,0,0,858,recovery,894
9.65631260448701,132,0,395,473,0,0,0,858,recovery,808
9.656437366089191,131,0,396,473,0,0,0,859,infection,180
9.689327738244272,130,0,397,473,0,0,0,860,infection,755
9.702489283501071,130,0,396,474,0,0,0,860,recovery,121
9.703765675889192,129,0,397,474,0,0,0,861,infection,517
9.717223855767902,128,0,398,474,0,0,0,862,infection,878
9.743286682206415,128,0,397,475,0,0,0,862,recovery,868
9.771899912072394,128,0,396,476,0,0,0,862,recovery,656
9.77503271610533,128,0,395,477,0,0,0,862,recovery,660
9.787694662891994,127,0,396,477,0,0,0,863,infection,185
9.795617976439997,127,0,395,478,0,0,0,863,recovery,837
9.797456428212165,127,0,394,479,0,0,0,863,recovery,676
9.80108821478185,127,0,393,480,0,0,0,863,recovery,668
9.810671448730107,126,0,394,480,0,0,0,864,infection,630
9.81446167840034,125,0,395,480,0,0,0,865,infection,387
9.815102567372833,124,0,396,480,0,0,0,866,infection,17
9.816021099575401,124,0,395,481,0,0,0,866,recovery,434
9.817780148589863,124,0,394,482,0,0,0,866,recovery,162
9.818875387747376,124,0,393,483,0,0,0,866,recovery,586
9.820785918417439,124,0,392,484,0,0,0,866,recovery,983
9.824021857783162,123,0,393,484,0,0,0,867,infection,691
9.832664580643824,123,0,392,485,0,0,0,867,recovery,732
9.83815341987527,123,0,391,486,0,0,0,867,recovery,678
9.839483213226236,122,0,392,486,0,0,0,868,infection,236
9.860837682457259,122,0,391,487,0,0,0,868,recovery,138
9.866043075657238,121,0,392,487,0,0,0,869,infection,141
9.876235620486794,120,0,393,487,0,0,0,870,infection,473
9.87872460143485,120,0,392,488,0,0,0,870,recovery,588
9.883934046257718,120,0,391,489,0,0,0,870,recovery,522
9.913319329645342,119,0,392,489,0,0,0,871,infection,307
9.924129809639018,119,0,391,490,0,0,0,871,recovery,867
9.935509361250062,119,0,390,491,0,0,0,871,recovery,146
9.941460663701339,119,0,389,492,0,0,0,871,recovery,190
9.957602194891123,118,0,390,492,0,0,0,872,infection,421
9.960523377684787,118,0,389,493,0,0,0,872,recovery,314
9.963595143175962,118,0,388,494,0,0,0,872,recovery,548
9.985855349337394,118,0,387,495,0,0,0,872,recovery,393
10.00054637638352,118,0,386,496,0,0,0,872,recovery,170
10.007223830343296,117,0,387,496,0,0,0,873,infection,758
10.02673344636072,117,0,386,497,0,0,0,873,recovery,144
10.03090147753749,117,0,385,498,0,0,0,873,recovery,774
10.031263164654895,117,0,384,499,0,0,0,873,recovery,882
10.03171173376396,117,0,383,500,0,0,0,873,recovery,135
10.033405637035386,117,0,382,501,0,0,0,873,recovery,395
10.036948050954512,117,0,381,502,0,0,0,873,recovery,742
10.041864528081252,116,0,382,502,0,0,0,874,infection,77
10.066647685892303,116,0,381,503,0,0,0,874,recovery,392
10.066950993359274,116,0,380,504,0,0,0,874,recovery,995
10.102192232496503,116,0,379,505,0,0,0,874,recovery,383
10.105677389371634,115,0,380,505,0,0,0,875,infection,344
10.1090069764963,115,0,379,506,0,0,0,875,recovery,182
10.109533950081177,115,0,378,507,0,0,0,875,recovery,697
10.113168849921907,114,0,379,507,0,0,0,876,infection,131
10.12432648328222,114,0,378,508,0,0,0,876,recovery,535
10.129883419016652,114,0,377,509,0,0,0,876,recovery,986
10.131423335576617,114,0,376,510,0,0,0,876,recovery,532
10.133584392327732,113,0,377,510,0,0,0,877,infection,156
10.152254672086672,112,0,378,510,0,0,0,878,infection,723
10.171155469193657,111,0,379,510,0,0,0,879,infection,923
10.171893620388223,110,0,380,510,0,0,0,880,infection,605
10.172081396212665,109,0,381,510,0,0,0,881,infection,337
10.19294571612868,109,0,380,511,0,0,0,881,recovery,561
10.21678919771447,108,0,381,511,0,0,0,882,infection,713
10.22039109377011,108,0,380,512,0,0,0,882,recovery,18
10.228685593533386,108,0,379,513,0,0,0,882,recovery,987
10.230155091191758,107,0,380,513,0,0,0,883,infection,736
10.23801788934735,106,0,381,513,0,0,0,884,infection,112
10.243864896762908,106,0,380,514,0,0,0,884,recovery,317
10.274476211794507,106,0,379,515,0,0,0,884,recovery,521
10.285042526387686,106,0,378,516,0,0,0,884,recovery,116
10.289685782626764,106,0,377,517,0,0,0,884,recovery,878
10.30900608898887,106,0,376,518,0,0,0,884,recovery,173
10.31171560147937,106,0,375,519,0,0,0,884,recovery,744
10.314202535770384,106,0,374,520,0,0,0,884,recovery,12
10.315327719440823,105,0,375,520,0,0,0,885,infection,457
10.32660287909743,105,0,374,521,0,0,0,885,recovery,570
10.33843842322729,105,0,373,522,0,0,0,885,recovery,944
10.347227090467422,105,0,372,523,0,0,0,885,recovery,370
10.363150810105205,104,0,373,523,0,0,0,886,infection,311
10.371588380122068,104,0,372,524,0,0,0,886,recovery,192
10.372722739588617,104,0,371,525,0,0,0,886,recovery,601
10.373431819987477,104,0,370,526,0,0,0,886,recovery,265
10.37527375915435,103,0,371,526,0,0,0,887,infection,965
10.38376924343547,103,0,370,527,0,0,0,887,recovery,39
10.420757785150847,103,0,369,528,0,0,0,887,recovery,402
10.421329833118643,103,0,368,529,0,0,0,887,recovery,771
10.4228129673542,103,0,367,530,0,0,0,887,recovery,513
10.423812377144849,103,0,366,531,0,0,0,887,recovery,564
10.427318936496105,103,0,365,532,0,0,0,887,recovery,961
10.429559330559275,103,0,364,533,0,0,0,887,recovery,122
10.431879415806323,102,0,365,533,0,0,0,888,infection,85
10.448539540352279,101,0,366,533,0,0,0,889,infection,985
10.47311954722313,100,0,367,533,0,0,0,890,infection,505
10.475369168978036,100,0,366,534,0,0,0,890,recovery,244
10.479767224187677,99,0,367,534,0,0,0,891,infection,695
10.499216711005054,99,0,366,535,0,0,0,891,recovery,486
10.501898766019355,98,0,367,535,0,0,0,892,infection,306
10.509071478363285,97,0,368,535,0,0,0,893,infection,101
10.527670126676407,96,0,369,535,0,0,0,894,infection,777
10.53481863245585,96,0,368,536,0,0,0,894,recovery,422
10.545007322956433,95,0,369,536,0,0,0,895,infection,108
10.57255395634083,95,0,368,537,0,0,0,895,recovery,462
10.578646861987828,95,0,367,538,0,0,0,895,recovery,357
10.578766650720599,95,0,366,539,0,0,0,895,recovery,352
10.581320245942065,95,0,365,540,0,0,0,895,recovery,348
10.581994247999003,95,0,364,541,0,0,0,895,recovery,834
10.582504309368883,95,0,363,542,0,0,0,895,recovery,305
10.587101588931862,95,0,362,543,0,0,0,895,recovery,937
10.593086723205296,95,0,361,544,0,0,0,895,recovery,363
10.601767972613999,95,0,360,545,0,0,0,895,recovery,50
10.603491680076162,95,0,359,546,0,0,0,895,recovery,755
10.605627589392974,95,0,358,547,0,0,0,895,recovery,943
10.618453628756239,95,0,357,548,0,0,0,895,recovery,537
10.63747962084603,94,0,358,548,0,0,0,896,infection,420
10.637916382840405,94,0,357,549,0,0,0,896,recovery,471
10.652990200020316,94,0,356,550,0,0,0,896,recovery,207
10.65528183830906,93,0,357,550,0,0,0,897,infection,936
10.658398553110542,93,0,356,551,0,0,0,897,recovery,117
10.661900162413275,92,0,357,551,0,0,0,898,infection,962
10.673885450695066,92,0,356,552,0,0,0,898,recovery,508
10.688262462733302,92,0,355,553,0,0,0,898,recovery,747
10.699896753017669,92,0,354,554,0,0,0,898,recovery,839
10.716166585967917,92,0,353,555,0,0,0,898,recovery,794
10.723434600987753,91,0,354,555,0,0,0,899,infection,160
10.734370818694694,91,0,353,556,0,0,0,899,recovery,309
10.739944871776682,91,0,352,557,0,0,0,899,recovery,719
10.745639925135556,91,0,351,558,0,0,0,899,recovery,171
10.75585677382674,91,0,350,559,0,0,0,899,recovery,517
10.756983400542415,90,0,351,559,0,0,0,900,infection,417
10.783835086189239,90,0,350,560,0,0,0,900,recovery,127
10.787917679678662,90,0,349,561,0,0,0,900,recovery,9
10.793693119495831,90,0,348,562,0,0,0,900,recovery,713
10.794220355333383,89,0,349,562,0,0,0,901,infection,73
10.799655716365585,89,0,348,563,0,0,0,901,recovery,79
10.806575898478679,89,0,347,564,0,0,0,901,recovery,368
10.810598058100949,88,0,348,564,0,0,0,902,infection,696
10.814653387510894,87,0,349,564,0,0,0,903,infection,38
10.816962303839492,87,0,348,565,0,0,0,903,recovery,17
10.832577807593237,87,0,347,566,0,0,0,903,recovery,916
10.83281493167169,86,0,348,566,0,0,0,904,infection,906
10.839662794027998,86,0,347,567,0,0,0,904,recovery,253
10.852232721409559,86,0,346,568,0,0,0,904,recovery,203
10.856410803676475,86,0,345,569,0,0,0,904,recovery,141
10.859849967565227,85,0,346,569,0,0,0,905,infection,123
10.871256868044624,84,0,347,569,0,0,0,906,infection,286
10.872883845670945,83,0,348,569,0,0,0,907,infection,657
10.880198064827606,83,0,347,570,0,0,0,907,recovery,969
10.888666662089829,83,0,346,571,0,0,0,907,recovery,292
10.908943667501234,83,0,345,572,0,0,0,907,recovery,86
10.909367469369442,83,0,344,573,0,0,0,907,recovery,288
10.909616778245873,82,0,345,573,0,0,0,908,infection,403
10.91355175386611,81,0,346,573,0,0,0,909,infection,581
10.917025140367244,81,0,345,574,0,0,0,909,recovery,549
10.921887052247467,81,0,344,575,0,0,0,909,recovery,491
10.928873296462287,81,0,343,576,0,0,0,909,recovery,375
10.968144082041213,81,0,342,577,0,0,0,909,recovery,356
10.978393707899205,80,0,343,577,0,0,0,910,infection,849
11.012388317509194,80,0,342,578,0,0,0,910,recovery,819
11.013520397499818,80,0,341,579,0,0,0,910,recovery,73
11.028369686498708,79,0,342,579,0,0,0,911,infection,341
11.049675482858204,79,0,341,580,0,0,0,911,recovery,628
11.065351660357893,79,0,340,581,0,0,0,911,recovery,528
11.070117221861853,79,0,339,582,0,0,0,911,recovery,710
11.074853772627494,79,0,338,583,0,0,0,911,recovery,54
11.081685371154027,79,0,337,584,0,0,0,911,recovery,646
11.086559420483415,79,0,336,585,0,0,0,911,recovery,374
11.093806204649987,79,0,335,586,0,0,0,911,recovery,40
11.100575757776221,78,0,336,586,0,0,0,912,infection,258
11.110389630853273,77,0,337,586,0,0,0,913,infection,974
11.110971826513415,77,0,336,587,0,0,0,913,recovery,195
11.11328535167279,77,0,335,588,0,0,0,913,recovery,354
11.113872413589146,77,0,334,589,0,0,0,913,recovery,14
11.141314652024603,77,0,333,590,0,0,0,913,recovery,118
11.148334159759356,77,0,332,591,0,0,0,913,recovery,899
11.153662476026046,77,0,331,592,0,0,0,913,recovery,722
11.155274719552127,76,0,332,592,0,0,0,914,infection,918
11.165031430682623,75,0,333,592,0,0,0,915,infection,887
11.172239387860738,75,0,332,593,0,0,0,915,recovery,863
11.173139148472973,75,0,331,594,0,0,0,915,recovery,696
11.179354299041117,75,0,330,595,0,0,0,915,recovery,821
11.189810030389925,75,0,329,596,0,0,0,915,recovery,379
11.19223666480502,75,0,328,597,0,0,0,915,recovery,738
11.197254640068811,74,0,329,597,0,0,0,916,infection,988
11.198407183111676,74,0,328,598,0,0,0,916,recovery,38
11.199814385140456,74,0,327,599,0,0,0,916,recovery,448
11.203480300748797,74,0,326,600,0,0,0,916,recovery,717
11.21216603993545,74,0,325,601,0,0,0,916,recovery,43
11.22078550186032,73,0,326,601,0,0,0,917,infection,820
11.22830731710255,73,0,325,602,0,0,0,917,recovery,416
11.244367897420267,73,0,324,603,0,0,0,917,recovery,820
11.277541192727675,72,0,325,603,0,0,0,918,infection,172
11.288163397692742,71,0,326,603,0,0,0,919,infection,591
11.304896506829731,71,0,325,604,0,0,0,919,recovery,855
11.305115677047322,71,0,324,605,0,0,0,919,recovery,954
11.306300517653892,71,0,323,606,0,0,0,919,recovery,71
11.318298374761888,71,0,322,607,0,0,0,919,recovery,178
11.319284696738386,71,0,321,608,0,0,0,919,recovery,940
11.3288592315524,71,0,320,609,0,0,0,919,recovery,497
11.34496022551707,70,0,321,609,0,0,0,920,infection,277
11.36435355157167,70,0,320,610,0,0,0,920,recovery,775
11.364365734232294,70,0,319,611,0,0,0,920,recovery,258
11.385167666067714,70,0,318,612,0,0,0,920,recovery,639
11.389806481060921,70,0,317,613,0,0,0,920,recovery,250
11.403263312288466,70,0,316,614,0,0,0,920,recovery,620
11.420369690978422,70,0,315,615,0,0,0,920,recovery,890
11.421879751503553,69,0,316,615,0,0,0,921,infection,641
11.425464511011082,69,0,315,616,0,0,0,921,recovery,729
11.439115417880148,69,0,314,617,0,0,0,921,recovery,854
11.440060555562765,69,0,313,618,0,0,0,921,recovery,974
11.445216351384097,69,0,312,619,0,0,0,921,recovery,247
11.445546420127101,68,0,313,619,0,0,0,922,infection,788
11.462991392842595,67,0,314,619,0,0,0,923,infection,155
11.465896772503875,67,0,313,620,0,0,0,923,recovery,199
11.473137593813451,67,0,312,621,0,0,0,923,recovery,474
11.478902780307076,66,0,313,621,0,0,0,924,infection,495
11.479174974380491,66,0,312,622,0,0,0,924,recovery,960
11.490379725509928,66,0,311,623,0,0,0,924,recovery,777
11.4920609061397,65,0,312,623,0,0,0,925,infection,446
11.501823252606757,65,0,311,624,0,0,0,925,recovery,802
11.50187004762655,65,0,310,625,0,0,0,925,recovery,572
11.516723104099098,64,0,311,625,0,0,0,926,infection,781
11.526161648019823,64,0,310,626,0,0,0,926,recovery,677
11.548742947245639,64,0,309,627,0,0,0,926,recovery,770
11.551490629265688,64,0,308,628,0,0,0,926,recovery,597
11.56391804362862,64,0,307,629,0,0,0,926,recovery,610
11.574729074261816,64,0,306,630,0,0,0,926,recovery,473
11.581054100444277,64,0,305,631,0,0,0,926,recovery,978
11.59628234419534,64,0,304,632,0,0,0,926,recovery,533
11.606677517285187,63,0,305,632,0,0,0,927,infection,607
11.609771213442235,62,0,306,632,0,0,0,928,infection,935
11.613733622451756,62,0,305,633,0,0,0,928,recovery,52
11.617387721594072,62,0,304,634,0,0,0,928,recovery,177
11.63460857321028,62,0,303,635,0,0,0,928,recovery,446
11.644951707958345,62,0,302,636,0,0,0,928,recovery,884
11.657253184594559,61,0,303,636,0,0,0,929,infection,380
11.662449389782552,61,0,302,637,0,0,0,929,recovery,443
11.670179248379895,61,0,301,638,0,0,0,929,recovery,594
11.694463341549364,61,0,300,639,0,0,0,929,recovery,311
11.701150023348724,60,0,301,639,0,0,0,930,infection,8
11.703453291279741,59,0,302,639,0,0,0,931,infection,683
11.703791663345278,59,0,301,640,0,0,0,931,recovery,764
11.710056666406091,59,0,300,641,0,0,0,931,recovery,493
11.711009210192213,59,0,299,642,0,0,0,931,recovery,29
11.711221998203657,58,0,300,642,0,0,0,932,infection,661
11.715626406443707,57,0,301,642,0,0,0,933,infection,95
11.719172241701187,57,0,300,643,0,0,0,933,recovery,917
11.724211932234077,56,0,301,643,0,0,0,934,infection,877
11.752448935163445,56,0,300,644,0,0,0,934,recovery,342
11.785890003295274,56,0,299,645,0,0,0,934,recovery,887
11.786303310305282,56,0,298,646,0,0,0,934,recovery,906
11.814328684587664,56,0,297,647,0,0,0,934,recovery,614
11.83347476619106,56,0,296,648,0,0,0,934,recovery,927
11.883906759428417,56,0,295,649,0,0,0,934,recovery,763
11.924723530634346,56,0,294,650,0,0,0,934,recovery,966
11.927148253305903,56,0,293,651,0,0,0,934,recovery,505
11.94757647864649,56,0,292,652,0,0,0,934,recovery,957
11.969230558947242,56,0,291,653,0,0,0,934,recovery,879
11.99124595247885,56,0,290,654,0,0,0,934,recovery,339
12.024115084992967,56,0,289,655,0,0,0,934,recovery,277
12.033326081237986,55,0,290,655,0,0,0,935,infection,664
12.034423216720018,54,0,291,655,0,0,0,936,infection,322
12.073636761211306,53,0,292,655,0,0,0,937,infection,158
12.085225363719331,53,0,291,656,0,0,0,937,recovery,147
12.107888479345691,53,0,290,657,0,0,0,937,recovery,825
12.125669977572908,53,0,289,658,0,0,0,937,recovery,388
12.126554074864412,53,0,288,659,0,0,0,937,recovery,607
12.13395801366824,53,0,287,660,0,0,0,937,recovery,96
12.159981975334503,53,0,286,661,0,0,0,937,recovery,180
12.177748937765866,53,0,285,662,0,0,0,937,recovery,475
12.181320739858105,53,0,284,663,0,0,0,937,recovery,306
12.18459757622833,52,0,285,663,0,0,0,938,infection,325
12.18727986104064,52,0,284,664,0,0,0,938,recovery,911
12.196415274767762,52,0,283,665,0,0,0,938,recovery,435
12.20213496412136,52,0,282,666,0,0,0,938,recovery,602
12.23148544117267,52,0,281,667,0,0,0,938,recovery,736
12.23940534057746,51,0,282,667,0,0,0,939,infection,748
12.25542758116297,51,0,281,668,0,0,0,939,recovery,663
12.27630005047823,51,0,280,669,0,0,0,939,recovery,45
12.289554389431515,51,0,279,670,0,0,0,939,recovery,308
12.289854694821841,51,0,278,671,0,0,0,939,recovery,35
12.298321969294939,50,0,279,671,0,0,0,940,infection,780
12.302270255647187,50,0,278,672,0,0,0,940,recovery,689
12.30367802715836,50,0,277,673,0,0,0,940,recovery,233
12.33854118439991,50,0,276,674,0,0,0,940,recovery,156
12.35736256844855,50,0,275,675,0,0,0,940,recovery,779
12.386466868133034,50,0,274,676,0,0,0,940,recovery,649
12.386859796662467,49,0,275,676,0,0,0,941,infection,410
12.400958702048534,49,0,274,677,0,0,0,941,recovery,902
12.406259176977265,49,0,273,678,0,0,0,941,recovery,758
12.412931659158268,49,0,272,679,0,0,0,941,recovery,137
12.415314295940185,49,0,271,680,0,0,0,941,recovery,923
12.423100051000535,49,0,270,681,0,0,0,941,recovery,188
12.454375530421462,49,0,269,682,0,0,0,941,recovery,694
12.454574637101043,49,0,268,683,0,0,0,941,recovery,457
12.457382580132744,49,0,267,684,0,0,0,941,recovery,801
12.460103504755413,48,0,268,684,0,0,0,942,infection,88
12.505012383216128,48,0,267,685,0,0,0,942,recovery,154
12.505325072560659,48,0,266,686,0,0,0,942,recovery,842
12.514339649925002,47,0,267,686,0,0,0,943,infection,69
12.516797280976705,47,0,266,687,0,0,0,943,recovery,326
12.522736904265715,47,0,265,688,0,0,0,943,recovery,201
12.524721934752643,46,0,266,688,0,0,0,944,infection,198
12.524809818633607,46,0,265,689,0,0,0,944,recovery,875
12.53179622180744,45,0,266,689,0,0,0,945,infection,910
12.53707703625084,45,0,265,690,0,0,0,945,recovery,952
12.542312855190758,45,0,264,691,0,0,0,945,recovery,414
12.545046790008106,45,0,263,692,0,0,0,945,recovery,404
12.548924700207085,45,0,262,693,0,0,0,945,recovery,506
12.557659278104005,45,0,261,694,0,0,0,945,recovery,679
12.567874515693852,45,0,260,695,0,0,0,945,recovery,10
12.572444147309575,45,0,259,696,0,0,0,945,recovery,11
12.58027445360767,45,0,258,697,0,0,0,945,recovery,349
12.581621871076337,45,0,257,698,0,0,0,945,recovery,158
12.593098670364903,45,0,256,699,0,0,0,945,recovery,888
12.61805288828154,45,0,255,700,0,0,0,945,recovery,408
12.62862657628359,45,0,254,701,0,0,0,945,recovery,59
12.632087020878,45,0,253,702,0,0,0,945,recovery,632
12.641467228007835,45,0,252,703,0,0,0,945,recovery,231
12.641520699929483,44,0,253,703,0,0,0,946,infection,477
12.657204793771456,43,0,254,703,0,0,0,947,infection,724
12.688742375538556,43,0,253,704,0,0,0,947,recovery,131
12.695065263482068,43,0,252,705,0,0,0,947,recovery,859
12.728100490082976,42,0,253,705,0,0,0,948,infection,552
12.739358555753164,42,0,252,706,0,0,0,948,recovery,581
12.743915406760006,42,0,251,707,0,0,0,948,recovery,591
12.754153089509902,42,0,250,708,0,0,0,948,recovery,142
12.769704617686198,42,0,249,709,0,0,0,948,recovery,176
12.780339220318607,42,0,248,710,0,0,0,948,recovery,721
12.782763852288959,42,0,247,711,0,0,0,948,recovery,893
12.80022080610826,42,0,246,712,0,0,0,948,recovery,650
12.811980795525217,41,0,247,712,0,0,0,949,infection,124
12.816038126517885,41,0,246,713,0,0,0,949,recovery,531
12.816417034217888,41,0,245,714,0,0,0,949,recovery,230
12.817072060547485,41,0,244,715,0,0,0,949,recovery,202
12.851187668907427,41,0,243,716,0,0,0,949,recovery,380
12.894349827313427,41,0,242,717,0,0,0,949,recovery,461
12.894690487646965,41,0,241,718,0,0,0,949,recovery,499
12.904465996285742,41,0,240,719,0,0,0,949,recovery,409
12.928515820802117,41,0,239,720,0,0,0,949,recovery,749
12.953773158748435,41,0,238,721,0,0,0,949,recovery,344
12.960914632150729,41,0,237,722,0,0,0,949,recovery,78
13.018597039269174,41,0,236,723,0,0,0,949,recovery,483
13.018914042330568,40,0,237,723,0,0,0,950,infection,836
13.037723290303777,40,0,236,724,0,0,0,950,recovery,449
13.054192861872245,40,0,235,725,0,0,0,950,recovery,496
13.058154447537214,40,0,234,726,0,0,0,950,recovery,682
13.06139934726755,40,0,233,727,0,0,0,950,recovery,109
13.062720283517042,40,0,232,728,0,0,0,950,recovery,559
13.07312131401947,39,0,233,728,0,0,0,951,infection,53
13.102114842423374,39,0,232,729,0,0,0,951,recovery,780
13.112493516504749,39,0,231,730,0,0,0,951,recovery,866
13.142593328501574,38,0,232,730,0,0,0,952,infection,187
13.174691360269104,38,0,231,731,0,0,0,952,recovery,798
13.202783048918919,38,0,230,732,0,0,0,952,recovery,410
13.205405110276558,38,0,229,733,0,0,0,952,recovery,236
13.209850661836668,38,0,228,734,0,0,0,952,recovery,985
13.233218234690227,38,0,227,735,0,0,0,952,recovery,53
13.236818333303816,38,0,226,736,0,0,0,952,recovery,691
13.240640077216444,38,0,225,737,0,0,0,952,recovery,166
13.24651829416365,38,0,224,738,0,0,0,952,recovery,75
13.28903041206484,38,0,223,739,0,0,0,952,recovery,97
13.290465290741844,38,0,222,740,0,0,0,952,recovery,133
13.297909864199294,38,0,221,741,0,0,0,952,recovery,421
13.311511378530646,38,0,220,742,0,0,0,952,recovery,498
13.317109384628203,37,0,221,742,0,0,0,953,infection,525
13.31989101906685,36,0,222,742,0,0,0,954,infection,165
13.349327174409451,36,0,221,743,0,0,0,954,recovery,477
13.354224410818604,36,0,220,744,0,0,0,954,recovery,88
13.37931520929514,36,0,219,745,0,0,0,954,recovery,786
13.385757978941587,36,0,218,746,0,0,0,954,recovery,514
13.434973085554137,36,0,217,747,0,0,0,954,recovery,571
13.493439284548057,35,0,218,747,0,0,0,955,infection,157
13.499535384382417,35,0,217,748,0,0,0,955,recovery,977
13.533042522591806,35,0,216,749,0,0,0,955,recovery,740
13.535981886897588,35,0,215,750,0,0,0,955,recovery,970
13.546948659468097,35,0,214,751,0,0,0,955,recovery,267
13.549179365176258,35,0,213,752,0,0,0,955,recovery,605
13.587232971668618,35,0,212,753,0,0,0,955,recovery,423
13.60230909753081,35,0,211,754,0,0,0,955,recovery,598
13.648044612372058,34,0,212,754,0,0,0,956,infection,730
13.662620283905682,33,0,213,754,0,0,0,957,infection,13
13.683074726968936,33,0,212,755,0,0,0,957,recovery,606
13.684344848565708,33,0,211,756,0,0,0,957,recovery,935
13.725559777954182,33,0,210,757,0,0,0,957,recovery,523
13.7277383329549,33,0,209,758,0,0,0,957,recovery,590
13.728089511269944,33,0,208,759,0,0,0,957,recovery,77
13.734735723091067,33,0,207,760,0,0,0,957,recovery,286
13.741240958884488,33,0,206,761,0,0,0,957,recovery,883
13.74461062328035,33,0,205,762,0,0,0,957,recovery,608
13.760674206772604,32,0,206,762,0,0,0,958,infection,984
13.79197984317701,32,0,205,763,0,0,0,958,recovery,459
13.792923250624634,32,0,204,764,0,0,0,958,recovery,24
13.840456815938454,32,0,203,765,0,0,0,958,recovery,783
13.92510719278958,32,0,202,766,0,0,0,958,recovery,518
13.927204475874506,32,0,201,767,0,0,0,958,recovery,856
13.991945622527167,31,0,202,767,0,0,0,959,infection,693
13.994549934404732,31,0,201,768,0,0,0,959,recovery,939
14.007947348376463,31,0,200,769,0,0,0,959,recovery,28
14.014340499666464,31,0,199,770,0,0,0,959,recovery,405
14.022721704480016,31,0,198,771,0,0,0,959,recovery,37
14.037151593629966,31,0,197,772,0,0,0,959,recovery,928
14.039375699235187,31,0,196,773,0,0,0,959,recovery,683
14.082282349100407,31,0,195,774,0,0,0,959,recovery,566
14.083287926813345,31,0,194,775,0,0,0,959,recovery,527
14.090376222115962,31,0,193,776,0,0,0,959,recovery,219
14.094614504778505,31,0,192,777,0,0,0,959,recovery,165
14.101992420906,31,0,191,778,0,0,0,959,recovery,128
14.104676189867494,31,0,190,779,0,0,0,959,recovery,621
14.145851582458192,31,0,189,780,0,0,0,959,recovery,463
14.161165471857801,31,0,188,781,0,0,0,959,recovery,848
14.189668182240888,31,0,187,782,0,0,0,959,recovery,836
14.197322809831753,31,0,186,783,0,0,0,959,recovery,892
14.209143565655422,31,0,185,784,0,0,0,959,recovery,976
14.240072968986375,31,0,184,785,0,0,0,959,recovery,365
14.27745619375161,31,0,183,786,0,0,0,959,recovery,123
14.30233423192658,31,0,182,787,0,0,0,959,recovery,95
14.335852633277025,31,0,181,788,0,0,0,959,recovery,337
14.336918311538158,30,0,182,788,0,0,0,960,infection,637
14.346118560844495,30,0,181,789,0,0,0,960,recovery,221
14.350239010691695,30,0,180,790,0,0,0,960,recovery,873
14.371680048659965,30,0,179,791,0,0,0,960,recovery,46
14.374843885140248,30,0,178,792,0,0,0,960,recovery,84
14.392110832263715,30,0,177,793,0,0,0,960,recovery,489
14.396808147572226,30,0,176,794,0,0,0,960,recovery,967
14.418779705534652,30,0,175,795,0,0,0,960,recovery,800
14.42487868721349,30,0,174,796,0,0,0,960,recovery,627
14.456632128611016,30,0,173,797,0,0,0,960,recovery,254
14.46122171692448,29,0,174,797,0,0,0,961,infection,27
14.465146172328598,29,0,173,798,0,0,0,961,recovery,164
14.48003305406451,29,0,172,799,0,0,0,961,recovery,360
14.514906821312673,29,0,171,800,0,0,0,961,recovery,746
14.517767697116556,29,0,170,801,0,0,0,961,recovery,524
14.527459182493413,29,0,169,802,0,0,0,961,recovery,667
14.540213975610651,29,0,168,803,0,0,0,961,recovery,846
14.59678758711658,29,0,167,804,0,0,0,961,recovery,220
14.621500833993299,29,0,166,805,0,0,0,961,recovery,965
14.668306569418483,29,0,165,806,0,0,0,961,recovery,217
14.669441285580604,29,0,164,807,0,0,0,961,recovery,145
14.681545772421607,29,0,163,808,0,0,0,961,recovery,828
14.723842843971582,29,0,162,809,0,0,0,961,recovery,611
14.795733783949025,29,0,161,810,0,0,0,961,recovery,310
14.804257741623317,29,0,160,811,0,0,0,961,recovery,962
14.87139092030986,29,0,159,812,0,0,0,961,recovery,885
14.887162498812296,29,0,158,813,0,0,0,961,recovery,730
14.892687342688955,29,0,157,814,0,0,0,961,recovery,630
14.893568583522626,29,0,156,815,0,0,0,961,recovery,25
14.928891123299952,29,0,155,816,0,0,0,961,recovery,399
14.931573461597157,29,0,154,817,0,0,0,961,recovery,189
14.952805863452365,29,0,153,818,0,0,0,961,recovery,525
14.965460228322396,29,0,152,819,0,0,0,961,recovery,500
14.970244890821876,29,0,151,820,0,0,0,961,recovery,788
14.971749999457817,29,0,150,821,0,0,0,961,recovery,69
15.017898166806221,29,0,149,822,0,0,0,961,recovery,341
15.03367624442257,29,0,148,823,0,0,0,961,recovery,728
15.041360771285884,29,0,147,824,0,0,0,961,recovery,287
15.148125845482198,29,0,146,825,0,0,0,961,recovery,595
15.154197414411644,29,0,145,826,0,0,0,961,recovery,155
15.18251535038419,29,0,144,827,0,0,0,961,recovery,968
15.213107743506422,29,0,143,828,0,0,0,961,recovery,216
15.288290532933223,29,0,142,829,0,0,0,961,recovery,757
15.29846627741238,29,0,141,830,0,0,0,961,recovery,8
15.313019184905984,29,0,140,831,0,0,0,961,recovery,853
15.341520107273093,29,0,139,832,0,0,0,961,recovery,105
15.344157197536227,29,0,138,833,0,0,0,961,recovery,27
15.382723855644445,29,0,137,834,0,0,0,961,recovery,857
15.40102315709078,29,0,136,835,0,0,0,961,recovery,516
15.418732938660858,29,0,135,836,0,0,0,961,recovery,174
15.490572699519484,29,0,134,837,0,0,0,961,recovery,296
15.529179757541977,28,0,135,837,0,0,0,962,infection,750
15.55860138190231,28,0,134,838,0,0,0,962,recovery,981
15.559870211612292,28,0,133,839,0,0,0,962,recovery,437
15.606119398041244,28,0,132,840,0,0,0,962,recovery,163
15.608700589830308,28,0,131,841,0,0,0,962,recovery,394
15.614658965209134,28,0,130,842,0,0,0,962,recovery,275
15.656479695641169,28,0,129,843,0,0,0,962,recovery,657
15.681025719513435,28,0,128,844,0,0,0,962,recovery,781
15.692875667248185,27,0,129,844,0,0,0,963,infection,312
15.71887296622672,27,0,128,845,0,0,0,963,recovery,273
15.724792222029649,27,0,127,846,0,0,0,963,recovery,420
15.767783938924095,27,0,126,847,0,0,0,963,recovery,833
15.791964921894635,27,0,125,848,0,0,0,963,recovery,695
15.829320379979006,27,0,124,849,0,0,0,963,recovery,172
15.829942186324699,27,0,123,850,0,0,0,963,recovery,290
15.859843227408875,27,0,122,851,0,0,0,963,recovery,482
15.860988738524332,27,0,121,852,0,0,0,963,recovery,470
15.882302661863294,27,0,120,853,0,0,0,963,recovery,466
15.928209577175345,27,0,119,854,0,0,0,963,recovery,185
16.126867736368137,27,0,118,855,0,0,0,963,recovery,849
16.145429561026695,27,0,117,856,0,0,0,963,recovery,921
16.145536217748337,27,0,116,857,0,0,0,963,recovery,387
16.25995509963675,27,0,115,858,0,0,0,963,recovery,418
16.320659063311112,27,0,114,859,0,0,0,963,recovery,143
16.337797335752487,27,0,113,860,0,0,0,963,recovery,403
16.39790918985323,27,0,112,861,0,0,0,963,recovery,152
16.426342198495377,27,0,111,862,0,0,0,963,recovery,773
16.431239594461516,27,0,110,863,0,0,0,963,recovery,322
16.438804990501364,27,0,109,864,0,0,0,963,recovery,907
16.481615889344404,27,0,108,865,0,0,0,963,recovery,791
16.53021089597156,27,0,107,866,0,0,0,963,recovery,325
16.577583847981106,26,0,108,866,0,0,0,964,infection,107
16.583431314580938,26,0,107,867,0,0,0,964,recovery,85
16.59732772030552,26,0,106,868,0,0,0,964,recovery,104
16.622548586170186,25,0,107,868,0,0,0,965,infection,381
16.69970542613345,25,0,106,869,0,0,0,965,recovery,66
16.71918839790918,25,0,105,870,0,0,0,965,recovery,908
16.79022636255185,25,0,104,871,0,0,0,965,recovery,822
16.83969361833088,25,0,103,872,0,0,0,965,recovery,205
16.858688286116166,24,0,104,872,0,0,0,966,infection,227
16.858820880062126,24,0,103,873,0,0,0,966,recovery,331
16.869665782575563,24,0,102,874,0,0,0,966,recovery,972
16.9171947201704,24,0,101,875,0,0,0,966,recovery,661
17.048088430987235,24,0,100,876,0,0,0,966,recovery,847
17.14526029120951,24,0,99,877,0,0,0,966,recovery,784
17.175485512343975,24,0,98,878,0,0,0,966,recovery,858
17.22568947876728,24,0,97,879,0,0,0,966,recovery,132
17.253649115890372,23,0,98,879,0,0,0,967,infection,60
17.28052916418593,23,0,97,880,0,0,0,967,recovery,447
17.288636721605513,23,0,96,881,0,0,0,967,recovery,112
17.331350229898437,23,0,95,882,0,0,0,967,recovery,429
17.33368019335538,22,0,96,882,0,0,0,968,infection,785
17.34256747733987,22,0,95,883,0,0,0,968,recovery,520
17.355980142435556,22,0,94,884,0,0,0,968,recovery,754
17.415143711635448,22,0,93,885,0,0,0,968,recovery,693
17.484021700942908,22,0,92,886,0,0,0,968,recovery,988
17.484834872124914,22,0,91,887,0,0,0,968,recovery,637
17.501520760435426,22,0,90,888,0,0,0,968,recovery,714
17.509016352607883,22,0,89,889,0,0,0,968,recovery,541
17.510314255963824,22,0,88,890,0,0,0,968,recovery,580
17.594125030029137,22,0,87,891,0,0,0,968,recovery,227
17.650038785422698,21,0,88,891,0,0,0,969,infection,827
17.68935532009515,21,0,87,892,0,0,0,969,recovery,60
17.690151055049423,20,0,88,892,0,0,0,970,infection,465
17.697652253089714,20,0,87,893,0,0,0,970,recovery,829
17.81334915648827,20,0,86,894,0,0,0,970,recovery,295
17.890681680335266,20,0,85,895,0,0,0,970,recovery,335
17.91157200274504,20,0,84,896,0,0,0,970,recovery,264
17.951691880764486,20,0,83,897,0,0,0,970,recovery,681
18.028363071157166,20,0,82,898,0,0,0,970,recovery,910
18.123625636908482,20,0,81,899,0,0,0,970,recovery,807
18.147091015757276,20,0,80,900,0,0,0,970,recovery,938
18.168659651815684,20,0,79,901,0,0,0,970,recovery,709
18.178442017908953,20,0,78,902,0,0,0,970,recovery,239
18.28325658765023,20,0,77,903,0,0,0,970,recovery,664
18.330193997077217,20,0,76,904,0,0,0,970,recovery,98
18.354034609354265,20,0,75,905,0,0,0,970,recovery,813
18.390917513260717,20,0,74,906,0,0,0,970,recovery,4
18.465898438981476,20,0,73,907,0,0,0,970,recovery,984
18.491331892989173,20,0,72,908,0,0,0,970,recovery,823
18.491909024244254,20,0,71,909,0,0,0,970,recovery,955
18.53744968816365,20,0,70,910,0,0,0,970,recovery,918
18.690445021547127,20,0,69,911,0,0,0,970,recovery,540
18.78719607289212,20,0,68,912,0,0,0,970,recovery,390
18.83854784508032,20,0,67,913,0,0,0,970,recovery,124
18.920585651374402,20,0,66,914,0,0,0,970,recovery,644
18.934905816174236,20,0,65,915,0,0,0,970,recovery,417
18.967793273078737,19,0,66,915,0,0,0,971,infection,554
19.032850771375873,19,0,65,916,0,0,0,971,recovery,312
19.034992902953128,19,0,64,917,0,0,0,971,recovery,538
19.04502060396046,19,0,63,918,0,0,0,971,recovery,734
19.08669179573195,19,0,62,919,0,0,0,971,recovery,126
19.112269774340646,19,0,61,920,0,0,0,971,recovery,481
19.155791782761113,19,0,60,921,0,0,0,971,recovery,877
19.16214856932058,19,0,59,922,0,0,0,971,recovery,187
19.168309778466014,19,0,58,923,0,0,0,971,recovery,464
19.33030190778513,19,0,57,924,0,0,0,971,recovery,382
19.3351721342007,19,0,56,925,0,0,0,971,recovery,641
19.40512723596012,19,0,55,926,0,0,0,971,recovery,262
19.49301261520644,19,0,54,927,0,0,0,971,recovery,340
19.53931828154465,19,0,53,928,0,0,0,971,recovery,552
19.617272358084918,19,0,52,929,0,0,0,971,recovery,353
19.693190923188325,19,0,51,930,0,0,0,971,recovery,675
19.805920616067006,19,0,50,931,0,0,0,971,recovery,562
19.838447375066384,19,0,49,932,0,0,0,971,recovery,93
19.852771891569013,19,0,48,933,0,0,0,971,recovery,785
19.871051905553582,19,0,47,934,0,0,0,971,recovery,487
19.92571579813784,19,0,46,935,0,0,0,971,recovery,198
19.952751545572767,19,0,45,936,0,0,0,971,recovery,381
20.089178709883015,19,0,44,937,0,0,0,971,recovery,452
20.1134004224343,19,0,43,938,0,0,0,971,recovery,933
20.41016952586607,19,0,42,939,0,0,0,971,recovery,951
20.421530838287257,19,0,41,940,0,0,0,971,recovery,897
20.61694578633954,19,0,40,941,0,0,0,971,recovery,635
21.055003626856546,19,0,39,942,0,0,0,971,recovery,817
21.18075241582817,19,0,38,943,0,0,0,971,recovery,827
21.29929061722796,19,0,37,944,0,0,0,971,recovery,271
21.314222164430767,19,0,36,945,0,0,0,971,recovery,748
21.418262337089395,19,0,35,946,0,0,0,971,recovery,465
21.43322342120446,19,0,34,947,0,0,0,971,recovery,406
21.460898301352486,19,0,33,948,0,0,0,971,recovery,617
21.595198285339848,19,0,32,949,0,0,0,971,recovery,612
21.633658746486496,19,0,31,950,0,0,0,971,recovery,252
21.91006876495594,19,0,30,951,0,0,0,971,recovery,931
22.13178207710495,19,0,29,952,0,0,0,971,recovery,702
22.144924795764048,19,0,28,953,0,0,0,971,recovery,107
22.323905641104062,19,0,27,954,0,0,0,971,recovery,750
22.36326707235533,19,0,26,955,0,0,0,971,recovery,453
22.368806689369233,19,0,25,956,0,0,0,971,recovery,782
22.5099478900579,19,0,24,957,0,0,0,971,recovery,33
22.659249395484103,19,0,23,958,0,0,0,971,recovery,76
22.70157021692969,19,0,22,959,0,0,0,971,recovery,701
22.80501969243911,19,0,21,960,0,0,0,971,recovery,411
23.033797574056543,19,0,20,961,0,0,0,971,recovery,324
23.103521243995317,19,0,19,962,0,0,0,971,recovery,723
23.24264167585769,18,0,20,962,0,0,0,972,infection,237
23.551883800996993,18,0,19,963,0,0,0,972,recovery,101
23.568937086810365,18,0,18,964,0,0,0,972,recovery,307
23.60648475688302,18,0,17,965,0,0,0,972,recovery,551
23.806720746506922,18,0,16,966,0,0,0,972,recovery,129
24.14860898185105,18,0,15,967,0,0,0,972,recovery,724
24.31282921700225,18,0,14,968,0,0,0,972,recovery,13
24.671417169047263,17,0,15,968,0,0,0,973,infection,574
24.73518630487468,17,0,14,969,0,0,0,973,recovery,947
24.890296964106962,17,0,13,970,0,0,0,973,recovery,574
25.02321090074778,17,0,12,971,0,0,0,973,recovery,444
25.244529189948427,17,0,11,972,0,0,0,973,recovery,619
26.607454772227097,17,0,10,973,0,0,0,973,recovery,100
26.70183911072934,17,0,9,974,0,0,0,973,recovery,495
27.973443994503484,17,0,8,975,0,0,0,973,recovery,157
28.101144825832336,17,0,7,976,0,0,0,973,recovery,108
28.705152389742757,17,0,6,977,0,0,0,973,recovery,554
30.474109347570923,17,0,5,978,0,0,0,973,recovery,193
31.799792748717827,17,0,4,979,0,0,0,973,recovery,214
31.933854507863963,17,0,3,980,0,0,0,973,recovery,160
32.14586257290633,17,0,2,981,0,0,0,973,recovery,936
32.97889231313174,17,0,1,982,0,0,0,973,recovery,237
33.53526740687122,17,0,0,983,0,0,0,973,recovery,809
40.0,17,0,0,983,0,0,0,973,horizon,0
