t,S,E,I,R,births,deaths,vaccinated,infections,event,person
0.0,990,0,10,0,0,0,0,0,initial,0
0.37185653940779073,989,1,10,0,0,0,0,1,infection,468
0.40918925417491,989,1,9,1,0,0,0,1,recovery,995
0.6228276560091826,988,2,9,1,0,0,0,2,infection,420
0.9648671431313346,988,1,10,1,0,0,0,2,infectious,468
1.0310295646120884,988,0,11,1,0,0,0,2,infectious,420
1.2168480460934763,988,0,10,2,0,0,0,2,recovery,992
1.4079008271314613,988,0,9,3,0,0,0,2,recovery,998
1.5900410753454814,987,1,9,3,0,0,0,3,infection,446
1.674727100493868,987,0,10,3,0,0,0,3,infectious,446
1.6835705319273826,986,1,10,3,0,0,0,4,infection,540
1.7729221834933409,986,1,9,4,0,0,0,4,recovery,468
2.168535691436662,986,0,10,4,0,0,0,4,infectious,540
2.5058197190529277,986,0,9,5,0,0,0,4,recovery,999
2.5481134152913616,985,1,9,5,0,0,0,5,infection,703
2.8083085974034696,985,0,10,5,0,0,0,5,infectious,703
2.835947187322164,984,1,10,5,0,0,0,6,infection,87
2.852326151397055,984,0,11,5,0,0,0,6,infectious,87
2.956441022675458,983,1,11,5,0,0,0,7,infection,658
3.0518203068991907,982,2,11,5,0,0,0,8,infection,247
3.0951518786075867,982,1,12,5,0,0,0,8,infectious,247
3.2715161176544485,981,2,12,5,0,0,0,9,infection,921
3.3241341495421444,980,3,12,5,0,0,0,10,infection,360
3.3665677430643823,979,4,12,5,0,0,0,11,infection,538
3.3677525073851227,978,5,12,5,0,0,0,12,infection,278
3.722728971209159,978,4,13,5,0,0,0,12,infectious,538
3.7360002308529086,977,5,13,5,0,0,0,13,infection,670
3.9232619393702843,977,5,12,6,0,0,0,13,recovery,996
4.003609503123184,977,4,13,6,0,0,0,13,infectious,670
4.047267093641163,977,3,14,6,0,0,0,13,infectious,360
4.089674345493798,977,3,13,7,0,0,0,13,recovery,997
4.2208197829227325,976,4,13,7,0,0,0,14,infection,904
4.332178287473789,976,4,12,8,0,0,0,14,recovery,446
4.392970907809702,976,3,13,8,0,0,0,14,infectious,278
4.496048363995822,975,4,13,8,0,0,0,15,infection,928
4.507374993482154,974,5,13,8,0,0,0,16,infection,557
4.628215166256097,974,4,14,8,0,0,0,16,infectious,557
4.664778869799618,973,5,14,8,0,0,0,17,infection,919
4.693365729345453,973,5,13,9,0,0,0,17,recovery,994
4.720190482972073,973,4,14,9,0,0,0,17,infectious,904
4.7351192530086745,973,3,15,9,0,0,0,17,infectious,928
4.743867931501756,972,4,15,9,0,0,0,18,infection,217
4.883463736638821,972,3,16,9,0,0,0,18,infectious,217
4.961302200743819,972,2,17,9,0,0,0,18,infectious,919
4.966698384837663,972,2,16,10,0,0,0,18,recovery,540
5.065429465257052,971,3,16,10,0,0,0,19,infection,810
5.231078472662541,970,4,16,10,0,0,0,20,infection,55
5.269081359884947,970,4,15,11,0,0,0,20,recovery,703
5.2779127474386325,969,5,15,11,0,0,0,21,infection,28
5.367563343601379,969,4,16,11,0,0,0,21,infectious,55
5.404181225548963,968,5,16,11,0,0,0,22,infection,758
5.464404310389843,967,6,16,11,0,0,0,23,infection,164
5.477810662171628,967,5,17,11,0,0,0,23,infectious,28
5.510270913733582,967,4,18,11,0,0,0,23,infectious,810
5.6192596858188155,966,5,18,11,0,0,0,24,infection,848
5.631929870344312,966,4,19,11,0,0,0,24,infectious,164
5.679340496550532,966,3,20,11,0,0,0,24,infectious,921
5.721226214787896,965,4,20,11,0,0,0,25,infection,634
5.8509549379949854,964,5,20,11,0,0,0,26,infection,162
6.004918192742581,964,4,21,11,0,0,0,26,infectious,658
6.013940849333612,964,3,22,11,0,0,0,26,infectious,162
6.17413117014962,963,4,22,11,0,0,0,27,infection,564
6.1758526217635366,963,3,23,11,0,0,0,27,infectious,564
6.231967896431172,963,2,24,11,0,0,0,27,infectious,634
6.244271363409086,962,3,24,11,0,0,0,28,infection,583
6.253495875558901,961,4,24,11,0,0,0,29,infection,623
6.279240839734174,960,5,24,11,0,0,0,30,infection,266
6.292253603713435,960,5,23,12,0,0,0,30,recovery,564
6.3011835546461645,959,6,23,12,0,0,0,31,infection,980
6.3939967261352,959,5,24,12,0,0,0,31,infectious,980
6.420986605315856,959,4,25,12,0,0,0,31,infectious,266
6.455676721296424,959,3,26,12,0,0,0,31,infectious,623
6.533826780882712,958,4,26,12,0,0,0,32,infection,246
6.604613425947304,957,5,26,12,0,0,0,33,infection,414
6.673511337077191,957,4,27,12,0,0,0,33,infectious,246
6.705486240724314,956,5,27,12,0,0,0,34,infection,7
6.725986046234242,956,5,26,13,0,0,0,34,recovery,162
6.773863591538866,956,4,27,13,0,0,0,34,infectious,758
6.9082092900847245,955,5,27,13,0,0,0,35,infection,749
6.966806503163589,954,6,27,13,0,0,0,36,infection,960
6.9923175864258775,954,5,28,13,0,0,0,36,infectious,7
7.052091281626698,953,6,28,13,0,0,0,37,infection,139
7.072651476904972,952,7,28,13,0,0,0,38,infection,459
7.091331082849957,952,6,29,13,0,0,0,38,infectious,749
7.146171473609373,951,7,29,13,0,0,0,39,infection,26
7.173561394992681,950,8,29,13,0,0,0,40,infection,694
7.220000204523354,949,9,29,13,0,0,0,41,infection,846
7.25081437163541,949,9,28,14,0,0,0,41,recovery,991
7.26676603606512,948,10,28,14,0,0,0,42,infection,842
7.344202423278704,948,10,27,15,0,0,0,42,recovery,980
7.349211982669921,947,11,27,15,0,0,0,43,infection,405
7.366973119847796,946,12,27,15,0,0,0,44,infection,288
7.415568717350342,946,11,28,15,0,0,0,44,infectious,694
7.423219010483395,945,12,28,15,0,0,0,45,infection,793
7.4315936621436665,944,13,28,15,0,0,0,46,infection,591
7.4976878837809595,944,12,29,15,0,0,0,46,infectious,842
7.553082079287541,944,12,28,16,0,0,0,46,recovery,7
7.581056721279226,944,11,29,16,0,0,0,46,infectious,414
7.61009936269613,944,11,28,17,0,0,0,46,recovery,810
7.610239855267473,944,11,27,18,0,0,0,46,recovery,538
7.677935380307101,943,12,27,18,0,0,0,47,infection,800
7.6818666839282095,943,11,28,18,0,0,0,47,infectious,405
7.688277650036966,943,11,27,19,0,0,0,47,recovery,420
7.705185475054516,942,12,27,19,0,0,0,48,infection,836
7.705858447585822,941,13,27,19,0,0,0,49,infection,709
7.747682321297789,941,13,26,20,0,0,0,49,recovery,1000
7.862155032015613,940,14,26,20,0,0,0,50,infection,220
7.885529060116049,940,14,25,21,0,0,0,50,recovery,842
7.933297209436849,940,13,26,21,0,0,0,50,infectious,709
7.97177370734658,939,14,26,21,0,0,0,51,infection,200
7.989290655369349,939,13,27,21,0,0,0,51,infectious,459
8.100313510664185,938,14,27,21,0,0,0,52,infection,597
8.119842718532198,938,13,28,21,0,0,0,52,infectious,848
8.154587863756769,938,12,29,21,0,0,0,52,infectious,597
8.164018989486703,938,12,28,22,0,0,0,52,recovery,414
8.169088942158979,937,13,28,22,0,0,0,53,infection,75
8.221613271695395,937,12,29,22,0,0,0,53,infectious,583
8.240437488273416,937,11,30,22,0,0,0,53,infectious,960
8.326366240858587,937,10,31,22,0,0,0,53,infectious,75
8.398019337661319,936,11,31,22,0,0,0,54,infection,559
8.48061445831297,935,12,31,22,0,0,0,55,infection,978
8.495129296902599,934,13,31,22,0,0,0,56,infection,606
8.539048964530274,933,14,31,22,0,0,0,57,infection,44
8.549358357243715,933,13,32,22,0,0,0,57,infectious,26
8.579067158258686,933,12,33,22,0,0,0,57,infectious,846
8.59608546253917,932,13,33,22,0,0,0,58,infection,777
8.609831645939654,932,13,32,23,0,0,0,58,recovery,217
8.680960086754611,931,14,32,23,0,0,0,59,infection,290
8.762938148166748,931,14,31,24,0,0,0,59,recovery,405
8.803588485473666,930,15,31,24,0,0,0,60,infection,513
8.808082343912629,930,14,32,24,0,0,0,60,infectious,290
8.876956138594801,929,15,32,24,0,0,0,61,infection,595
8.91849039864686,929,14,33,24,0,0,0,61,infectious,200
8.939100293240102,928,15,33,24,0,0,0,62,infection,346
8.951388715739892,927,16,33,24,0,0,0,63,infection,208
8.992651362272625,926,17,33,24,0,0,0,64,infection,442
9.040805476108325,926,17,32,25,0,0,0,64,recovery,658
9.052507371326719,926,16,33,25,0,0,0,64,infectious,139
9.101126343148332,925,17,33,25,0,0,0,65,infection,423
9.115405212291007,925,16,34,25,0,0,0,65,infectious,595
9.122693098679122,924,17,34,25,0,0,0,66,infection,972
9.141567951527362,923,18,34,25,0,0,0,67,infection,563
9.170693889230247,923,17,35,25,0,0,0,67,infectious,208
9.172004266452296,923,16,36,25,0,0,0,67,infectious,777
9.187164394052859,923,15,37,25,0,0,0,67,infectious,288
9.195214958309748,922,16,37,25,0,0,0,68,infection,465
9.253751297970222,922,15,38,25,0,0,0,68,infectious,563
9.324933791478754,921,16,38,25,0,0,0,69,infection,422
9.333434923149511,921,15,39,25,0,0,0,69,infectious,836
9.401228514260795,920,16,39,25,0,0,0,70,infection,966
9.405785018645767,919,17,39,25,0,0,0,71,infection,421
9.45589008585183,919,16,40,25,0,0,0,71,infectious,591
9.477333938413294,919,15,41,25,0,0,0,71,infectious,800
9.482326564605232,919,14,42,25,0,0,0,71,infectious,421
9.514282739927749,919,13,43,25,0,0,0,71,infectious,346
9.520244590743541,918,14,43,25,0,0,0,72,infection,685
9.561207082331027,918,13,44,25,0,0,0,72,infectious,978
9.595860397018171,917,14,44,25,0,0,0,73,infection,826
9.602006668155475,916,15,44,25,0,0,0,74,infection,514
9.626123349738588,915,16,44,25,0,0,0,75,infection,52
9.628748712576769,915,15,45,25,0,0,0,75,infectious,422
9.63542732247637,914,16,45,25,0,0,0,76,infection,325
9.636907613762393,914,15,46,25,0,0,0,76,infectious,442
9.665013150740856,913,16,46,25,0,0,0,77,infection,56
9.674807778158698,912,17,46,25,0,0,0,78,infection,690
9.704457508464928,912,17,45,26,0,0,0,78,recovery,246
9.726737906221292,912,16,46,26,0,0,0,78,infectious,220
9.751076303217625,912,15,47,26,0,0,0,78,infectious,826
9.826710289958772,911,16,47,26,0,0,0,79,infection,207
9.869445735586451,910,17,47,26,0,0,0,80,infection,671
9.87623283718546,909,18,47,26,0,0,0,81,infection,137
9.876633291898475,909,17,48,26,0,0,0,81,infectious,671
9.907419779492443,909,17,47,27,0,0,0,81,recovery,623
9.952264974316574,908,18,47,27,0,0,0,82,infection,522
9.973209005722206,907,19,47,27,0,0,0,83,infection,549
9.975221554584358,907,18,48,27,0,0,0,83,infectious,690
9.97654696370262,906,19,48,27,0,0,0,84,infection,413
9.977070250645538,906,19,47,28,0,0,0,84,recovery,921
9.978702136420331,905,20,47,28,0,0,0,85,infection,684
9.983947368371462,905,19,48,28,0,0,0,85,infectious,793
10.05473649465984,904,20,48,28,0,0,0,86,infection,241
10.059964457669215,903,21,48,28,0,0,0,87,infection,98
10.070960217710283,903,20,49,28,0,0,0,87,infectious,413
10.072930559095242,903,20,48,29,0,0,0,87,recovery,978
10.087358890296773,902,21,48,29,0,0,0,88,infection,789
10.106188825881205,902,20,49,29,0,0,0,88,infectious,423
10.117446668411825,901,21,49,29,0,0,0,89,infection,747
10.119218097435656,900,22,49,29,0,0,0,90,infection,977
10.163700121316383,899,23,49,29,0,0,0,91,infection,536
10.18594173465038,899,22,50,29,0,0,0,91,infectious,966
10.210897901962802,898,23,50,29,0,0,0,92,infection,254
10.232437643390739,897,24,50,29,0,0,0,93,infection,40
10.233746383272761,897,23,51,29,0,0,0,93,infectious,465
10.254068849987991,897,22,52,29,0,0,0,93,infectious,559
10.266741795484283,896,23,52,29,0,0,0,94,infection,230
10.298500044660624,896,23,51,30,0,0,0,94,recovery,139
10.35872941468211,896,22,52,30,0,0,0,94,infectious,98
10.372090753935913,895,23,52,30,0,0,0,95,infection,295
10.388076329397414,894,24,52,30,0,0,0,96,infection,270
10.402667891271326,894,23,53,30,0,0,0,96,infectious,254
10.40540504181159,894,22,54,30,0,0,0,96,infectious,972
10.406232215954908,894,22,53,31,0,0,0,96,recovery,634
10.414160350117456,893,23,53,31,0,0,0,97,infection,866
10.419736925789808,893,22,54,31,0,0,0,97,infectious,207
10.420268541080896,893,21,55,31,0,0,0,97,infectious,325
10.444899205294616,893,21,54,32,0,0,0,97,recovery,422
10.477718010036616,892,22,54,32,0,0,0,98,infection,783
10.491812454688832,891,23,54,32,0,0,0,99,infection,382
10.519948350611998,891,22,55,32,0,0,0,99,infectious,789
10.521525044411405,891,22,54,33,0,0,0,99,recovery,966
10.548185578147898,891,22,53,34,0,0,0,99,recovery,208
10.554097839965527,890,23,53,34,0,0,0,100,infection,82
10.609385564961293,890,22,54,34,0,0,0,100,infectious,382
10.653701990375476,890,21,55,34,0,0,0,100,infectious,747
10.66536900941042,890,21,54,35,0,0,0,100,recovery,266
10.672443936081592,890,20,55,35,0,0,0,100,infectious,606
10.694703941881748,890,19,56,35,0,0,0,100,infectious,82
10.73920893544335,889,20,56,35,0,0,0,101,infection,458
10.741098027544773,888,21,56,35,0,0,0,102,infection,122
10.74931498222812,888,20,57,35,0,0,0,102,infectious,514
10.754004189089638,888,20,56,36,0,0,0,102,recovery,360
10.769600191971207,887,21,56,36,0,0,0,103,infection,692
10.77128942493286,887,21,55,37,0,0,0,103,recovery,421
10.785088609955931,887,21,54,38,0,0,0,103,recovery,928
10.786394377435348,886,22,54,38,0,0,0,104,infection,715
10.797395077175583,886,21,55,38,0,0,0,104,infectious,549
10.820974716238423,885,22,55,38,0,0,0,105,infection,796
10.834283257207428,885,22,54,39,0,0,0,105,recovery,247
10.854973022877887,885,22,53,40,0,0,0,105,recovery,514
10.870423976084787,884,23,53,40,0,0,0,106,infection,630
10.920781863470285,883,24,53,40,0,0,0,107,infection,845
10.933534813583268,882,25,53,40,0,0,0,108,infection,47
10.989585062821634,881,26,53,40,0,0,0,109,infection,317
10.997898156761416,881,26,52,41,0,0,0,109,recovery,747
11.007640510656957,881,25,53,41,0,0,0,109,infectious,684
11.015727836391154,881,24,54,41,0,0,0,109,infectious,47
11.023439195368946,881,24,53,42,0,0,0,109,recovery,82
11.048325148437225,880,25,53,42,0,0,0,110,infection,798
11.05280388764295,880,25,52,43,0,0,0,110,recovery,87
11.056760787148331,879,26,52,43,0,0,0,111,infection,584
11.092560147469031,879,26,51,44,0,0,0,111,recovery,254
11.097907498464723,879,26,50,45,0,0,0,111,recovery,848
11.099335182171448,878,27,50,45,0,0,0,112,infection,439
11.102108279336605,877,28,50,45,0,0,0,113,infection,415
11.10308745111459,877,28,49,46,0,0,0,113,recovery,290
11.119538702252639,877,27,50,46,0,0,0,113,infectious,122
11.120708913384052,877,26,51,46,0,0,0,113,infectious,295
11.126080012855718,877,26,50,47,0,0,0,113,recovery,789
11.127701421307098,876,27,50,47,0,0,0,114,infection,732
11.139370058493627,875,28,50,47,0,0,0,115,infection,740
11.142596686640788,875,28,49,48,0,0,0,115,recovery,758
11.154300484636288,874,29,49,48,0,0,0,116,infection,132
11.175321906930469,874,28,50,48,0,0,0,116,infectious,630
11.17995180383286,874,28,49,49,0,0,0,116,recovery,207
11.216842497411646,874,27,50,49,0,0,0,116,infectious,536
11.25801212895773,873,28,50,49,0,0,0,117,infection,754
11.27588961914484,872,29,50,49,0,0,0,118,infection,11
11.294577207654045,871,30,50,49,0,0,0,119,infection,756
11.302247995888552,871,29,51,49,0,0,0,119,infectious,732
11.30326187142109,871,28,52,49,0,0,0,119,infectious,439
11.328464250001456,870,29,52,49,0,0,0,120,infection,911
11.331225242222022,870,28,53,49,0,0,0,120,infectious,137
11.336312635820654,870,27,54,49,0,0,0,120,infectious,798
11.35582661758917,870,27,53,50,0,0,0,120,recovery,288
11.3859614009604,869,28,53,50,0,0,0,121,infection,144
11.413217050137687,869,27,54,50,0,0,0,121,infectious,40
11.441107545263138,869,27,53,51,0,0,0,121,recovery,684
11.45258320875671,869,26,54,51,0,0,0,121,infectious,132
11.491751952030036,868,27,54,51,0,0,0,122,infection,767
11.53014444789486,867,28,54,51,0,0,0,123,infection,762
11.531721721657323,867,28,53,52,0,0,0,123,recovery,557
11.569929204253448,866,29,53,52,0,0,0,124,infection,104
11.585859048667858,865,30,53,52,0,0,0,125,infection,865
11.600571627148671,865,29,54,52,0,0,0,125,infectious,144
11.605517689868053,865,29,53,53,0,0,0,125,recovery,295
11.623227634517644,865,28,54,53,0,0,0,125,infectious,977
11.623802334688536,864,29,54,53,0,0,0,126,infection,209
11.627823069103448,863,30,54,53,0,0,0,127,infection,221
11.629089383805947,863,29,55,53,0,0,0,127,infectious,458
11.645643035228924,862,30,55,53,0,0,0,128,infection,226
11.674171687789615,861,31,55,53,0,0,0,129,infection,710
11.691003035153965,860,32,55,53,0,0,0,130,infection,4
11.722595978056214,860,31,56,53,0,0,0,130,infectious,209
11.736058679056494,859,32,56,53,0,0,0,131,infection,461
11.770036439460311,858,33,56,53,0,0,0,132,infection,167
11.777827166774467,857,34,56,53,0,0,0,133,infection,668
11.786174643122536,857,33,57,53,0,0,0,133,infectious,415
11.798124177128857,856,34,57,53,0,0,0,134,infection,257
11.798155027494854,856,34,56,54,0,0,0,134,recovery,137
11.819136992714467,856,33,57,54,0,0,0,134,infectious,513
11.862150693983349,855,34,57,54,0,0,0,135,infection,987
11.898995019681948,855,33,58,54,0,0,0,135,infectious,167
11.928023974268633,855,32,59,54,0,0,0,135,infectious,710
11.935718470856125,854,33,59,54,0,0,0,136,infection,250
11.95669688740593,853,34,59,54,0,0,0,137,infection,819
11.964035161413673,852,35,59,54,0,0,0,138,infection,847
11.971083336091102,852,34,60,54,0,0,0,138,infectious,796
11.984473303339508,851,35,60,54,0,0,0,139,infection,757
11.999879322231468,851,35,59,55,0,0,0,139,recovery,960
12.005826467222803,851,34,60,55,0,0,0,139,infectious,762
12.012111123930724,851,33,61,55,0,0,0,139,infectious,230
12.028973001491664,851,32,62,55,0,0,0,139,infectious,257
12.035171185420621,851,32,61,56,0,0,0,139,recovery,694
12.065234379707102,851,32,60,57,0,0,0,139,recovery,972
12.070241764238984,850,33,60,57,0,0,0,140,infection,163
12.082102350816708,850,33,59,58,0,0,0,140,recovery,325
12.08961445137203,850,33,58,59,0,0,0,140,recovery,709
12.089718583777735,850,33,57,60,0,0,0,140,recovery,591
12.097244317759932,850,32,58,60,0,0,0,140,infectious,847
12.105010836162625,849,33,58,60,0,0,0,141,infection,260
12.11544920128626,848,34,58,60,0,0,0,142,infection,838
12.121008422572698,847,35,58,60,0,0,0,143,infection,926
12.13141704710144,846,36,58,60,0,0,0,144,infection,401
12.137705382214266,846,36,57,61,0,0,0,144,recovery,762
12.14010930950252,845,37,57,61,0,0,0,145,infection,804
12.14376506023263,844,38,57,61,0,0,0,146,infection,251
12.15685457970052,844,37,58,61,0,0,0,146,infectious,819
12.163892459392255,844,36,59,61,0,0,0,146,infectious,104
12.17499294926095,843,37,59,61,0,0,0,147,infection,596
12.221755696279516,843,37,58,62,0,0,0,147,recovery,993
12.22400756716651,842,38,58,62,0,0,0,148,infection,497
12.22711635019135,841,39,58,62,0,0,0,149,infection,988
12.237986809520882,841,39,57,63,0,0,0,149,recovery,749
12.253195855493326,841,39,56,64,0,0,0,149,recovery,847
12.261329515255307,841,39,55,65,0,0,0,149,recovery,122
12.269231664552636,841,38,56,65,0,0,0,149,infectious,250
12.271033088756436,841,37,57,65,0,0,0,149,infectious,251
12.271592316849196,841,37,56,66,0,0,0,149,recovery,710
12.298665011297878,841,36,57,66,0,0,0,149,infectious,845
12.3056980076235,841,35,58,66,0,0,0,149,infectious,401
12.317559007769,841,34,59,66,0,0,0,149,infectious,783
12.332021806639109,841,33,60,66,0,0,0,149,infectious,668
12.33952455656336,841,33,59,67,0,0,0,149,recovery,459
12.393667476520438,841,33,58,68,0,0,0,149,recovery,583
12.403575020657781,841,33,57,69,0,0,0,149,recovery,606
12.41065135373746,840,34,57,69,0,0,0,150,infection,476
12.49037778576705,839,35,57,69,0,0,0,151,infection,922
12.499996846919244,839,34,58,69,0,0,0,151,infectious,767
12.500551460375013,839,33,59,69,0,0,0,151,infectious,522
12.522176156602285,839,32,60,69,0,0,0,151,infectious,52
12.525143722463271,839,31,61,69,0,0,0,151,infectious,866
12.5359689464821,838,32,61,69,0,0,0,152,infection,929
12.539455342419526,838,31,62,69,0,0,0,152,infectious,221
12.541121548528304,838,31,61,70,0,0,0,152,recovery,671
12.567828838279489,837,32,61,70,0,0,0,153,infection,488
12.582706890514286,836,33,61,70,0,0,0,154,infection,566
12.637140835932467,836,32,62,70,0,0,0,154,infectious,715
12.673677551370016,836,31,63,70,0,0,0,154,infectious,838
12.67905074247997,836,31,62,71,0,0,0,154,recovery,522
12.679418814156703,835,32,62,71,0,0,0,155,infection,635
12.68281264081734,834,33,62,71,0,0,0,156,infection,770
12.701945802019535,833,34,62,71,0,0,0,157,infection,392
12.708389779275855,833,33,63,71,0,0,0,157,infectious,770
12.709397578519193,833,32,64,71,0,0,0,157,infectious,226
12.767133175519634,832,33,64,71,0,0,0,158,infection,364
12.77700428402281,832,32,65,71,0,0,0,158,infectious,364
12.804723150750252,832,31,66,71,0,0,0,158,infectious,584
12.842135244278246,831,32,66,71,0,0,0,159,infection,96
12.864967941031603,831,31,67,71,0,0,0,159,infectious,740
12.910362705534965,831,31,66,72,0,0,0,159,recovery,230
12.91443670191544,831,31,65,73,0,0,0,159,recovery,559
12.929183924175732,831,30,66,73,0,0,0,159,infectious,11
12.996327443142013,831,29,67,73,0,0,0,159,infectious,987
13.009126183003968,831,28,68,73,0,0,0,159,infectious,260
13.014704155171062,830,29,68,73,0,0,0,160,infection,968
13.038222465280699,830,29,67,74,0,0,0,160,recovery,584
13.039602768562203,830,28,68,74,0,0,0,160,infectious,566
13.049289613016406,830,27,69,74,0,0,0,160,infectious,804
13.063123884605123,830,27,68,75,0,0,0,160,recovery,793
13.07634065529743,830,27,67,76,0,0,0,160,recovery,845
13.093715652162894,829,28,67,76,0,0,0,161,infection,851
13.099314286427223,829,27,68,76,0,0,0,161,infectious,988
13.101266689807291,829,27,67,77,0,0,0,161,recovery,563
13.1228220928001,829,27,66,78,0,0,0,161,recovery,415
13.16275754519779,829,27,65,79,0,0,0,161,recovery,798
13.165423046543664,829,27,64,80,0,0,0,161,recovery,838
13.16836311880216,829,27,63,81,0,0,0,161,recovery,987
13.188934863062084,829,26,64,81,0,0,0,161,infectious,96
13.204765736137274,829,25,65,81,0,0,0,161,infectious,270
13.215857180767715,829,24,66,81,0,0,0,161,infectious,392
13.251384317114434,828,25,66,81,0,0,0,162,infection,265
13.27179330279533,828,25,65,82,0,0,0,162,recovery,96
13.27571845965715,828,25,64,83,0,0,0,162,recovery,866
13.275903425253448,827,26,64,83,0,0,0,163,infection,264
13.280472989654136,827,26,63,84,0,0,0,163,recovery,26
13.301194139345192,827,25,64,84,0,0,0,163,infectious,596
13.321675434342849,827,25,63,85,0,0,0,163,recovery,836
13.368399698452976,826,26,63,85,0,0,0,164,infection,652
13.38704664146345,825,27,63,85,0,0,0,165,infection,552
13.40537097245378,824,28,63,85,0,0,0,166,infection,746
13.417748538584075,824,27,64,85,0,0,0,166,infectious,757
13.440354238138864,824,26,65,85,0,0,0,166,infectious,488
13.463780568310852,823,27,65,85,0,0,0,167,infection,388
13.46859967603518,823,27,64,86,0,0,0,167,recovery,904
13.489683716841887,823,26,65,86,0,0,0,167,infectious,264
13.563181208991708,823,26,64,87,0,0,0,167,recovery,278
13.573398526594087,823,25,65,87,0,0,0,167,infectious,754
13.58996618507077,822,26,65,87,0,0,0,168,infection,186
13.608575066112758,821,27,65,87,0,0,0,169,infection,823
13.61216982323445,821,26,66,87,0,0,0,169,infectious,497
13.631537411741178,821,25,67,87,0,0,0,169,infectious,756
13.645025638071147,820,26,67,87,0,0,0,170,infection,140
13.647610906586149,819,27,67,87,0,0,0,171,infection,244
13.6518280866854,819,27,66,88,0,0,0,171,recovery,819
13.663309163347536,819,26,67,88,0,0,0,171,infectious,140
13.680311853305783,818,27,67,88,0,0,0,172,infection,662
13.732104443620061,817,28,67,88,0,0,0,173,infection,712
13.760988120830499,816,29,67,88,0,0,0,174,infection,705
13.767835869652911,816,29,66,89,0,0,0,174,recovery,465
13.782996473913405,816,29,65,90,0,0,0,174,recovery,826
13.786280810256972,816,29,64,91,0,0,0,174,recovery,221
13.797413844908462,815,30,64,91,0,0,0,175,infection,638
13.809817167680317,814,31,64,91,0,0,0,176,infection,974
13.824588105342315,814,30,65,91,0,0,0,176,infectious,388
13.826575494378543,813,31,65,91,0,0,0,177,infection,707
13.863758227517218,812,32,65,91,0,0,0,178,infection,89
13.893375812877077,811,33,65,91,0,0,0,179,infection,316
13.894219734542652,811,33,64,92,0,0,0,179,recovery,75
13.894322573400226,810,34,64,92,0,0,0,180,infection,550
13.895146826554049,810,33,65,92,0,0,0,180,infectious,685
13.89979992831486,810,33,64,93,0,0,0,180,recovery,497
13.921675429002656,810,32,65,93,0,0,0,180,infectious,638
13.927860501998037,809,33,65,93,0,0,0,181,infection,231
13.930400732106277,809,32,66,93,0,0,0,181,infectious,4
13.936219729846375,809,32,65,94,0,0,0,181,recovery,200
13.94632218161258,809,31,66,94,0,0,0,181,infectious,317
13.958333870944427,809,31,65,95,0,0,0,181,recovery,346
13.960994707668075,809,30,66,95,0,0,0,181,infectious,662
13.969954727688906,809,29,67,95,0,0,0,181,infectious,865
13.988619879280494,808,30,67,95,0,0,0,182,infection,655
14.001692494084917,808,30,66,96,0,0,0,182,recovery,668
14.006028949310574,808,29,67,96,0,0,0,182,infectious,655
14.043447649252938,808,28,68,96,0,0,0,182,infectious,922
14.098520626561585,807,29,68,96,0,0,0,183,infection,745
14.110618509284482,806,30,68,96,0,0,0,184,infection,768
14.113013437661705,805,31,68,96,0,0,0,185,infection,781
14.146849206253393,805,31,67,97,0,0,0,185,recovery,52
14.147384976654,805,30,68,97,0,0,0,185,infectious,461
14.147659034528662,804,31,68,97,0,0,0,186,infection,986
14.14971102179604,804,31,67,98,0,0,0,186,recovery,596
14.163897364411119,804,30,68,98,0,0,0,186,infectious,986
14.170000431334465,804,29,69,98,0,0,0,186,infectious,652
14.171093366285515,803,30,69,98,0,0,0,187,infection,959
14.179650350572526,803,30,68,99,0,0,0,187,recovery,630
14.190561263148512,803,30,67,100,0,0,0,187,recovery,164
14.199435317749987,803,29,68,100,0,0,0,187,infectious,712
14.21989935835986,803,28,69,100,0,0,0,187,infectious,244
14.220651933498527,802,29,69,100,0,0,0,188,infection,565
14.236670065408259,801,30,69,100,0,0,0,189,infection,794
14.277031692068102,800,31,69,100,0,0,0,190,infection,532
14.284176979105625,800,30,70,100,0,0,0,190,infectious,781
14.306065317885382,800,29,71,100,0,0,0,190,infectious,635
14.306381951708635,800,29,70,101,0,0,0,190,recovery,220
14.321371271858387,799,30,70,101,0,0,0,191,infection,915
14.32749444234334,798,31,70,101,0,0,0,192,infection,923
14.340935956606458,798,30,71,101,0,0,0,192,infectious,705
14.354027026437949,798,29,72,101,0,0,0,192,infectious,552
14.388821410249001,798,28,73,101,0,0,0,192,infectious,163
14.399212251416532,797,29,73,101,0,0,0,193,infection,286
14.401933269313067,796,30,73,101,0,0,0,194,infection,256
14.429536381263016,795,31,73,101,0,0,0,195,infection,187
14.438008617452196,795,31,72,102,0,0,0,195,recovery,317
14.44827750755455,794,32,72,102,0,0,0,196,infection,115
14.463708722050576,794,32,71,103,0,0,0,196,recovery,439
14.48485381746282,794,32,70,104,0,0,0,196,recovery,690
14.486034716832256,793,33,70,104,0,0,0,197,infection,141
14.531403001634715,792,34,70,104,0,0,0,198,infection,933
14.541075342153604,791,35,70,104,0,0,0,199,infection,39
14.546842268908186,791,34,71,104,0,0,0,199,infectious,745
14.557828989207076,791,33,72,104,0,0,0,199,infectious,926
14.562500675445138,791,32,73,104,0,0,0,199,infectious,241
14.571279249544487,790,33,73,104,0,0,0,200,infection,224
14.574180466247627,790,32,74,104,0,0,0,200,infectious,923
14.57539112611999,790,31,75,104,0,0,0,200,infectious,224
14.575868382188908,789,32,75,104,0,0,0,201,infection,963
14.605998418851755,788,33,75,104,0,0,0,202,infection,546
14.607032425825322,788,33,74,105,0,0,0,202,recovery,251
14.615387319340272,788,32,75,105,0,0,0,202,infectious,550
14.653387324477556,788,31,76,105,0,0,0,202,infectious,851
14.654517647809586,788,30,77,105,0,0,0,202,infectious,823
14.674058561450023,788,29,78,105,0,0,0,202,infectious,187
14.68169424591286,788,28,79,105,0,0,0,202,infectious,56
14.701865741757052,787,29,79,105,0,0,0,203,infection,886
14.721128775067783,786,30,79,105,0,0,0,204,infection,424
14.722495541601832,786,29,80,105,0,0,0,204,infectious,256
14.72614114600057,786,28,81,105,0,0,0,204,infectious,115
14.738080721169307,786,28,80,106,0,0,0,204,recovery,823
14.7403766307954,786,28,79,107,0,0,0,204,recovery,250
14.754957560057479,785,29,79,107,0,0,0,205,infection,957
14.757635602222598,785,29,78,108,0,0,0,205,recovery,55
14.763519018304438,785,29,77,109,0,0,0,205,recovery,986
14.799063166850843,785,29,76,110,0,0,0,205,recovery,652
14.805605896572198,784,30,76,110,0,0,0,206,infection,390
14.806315114302786,783,31,76,110,0,0,0,207,infection,327
14.820034944614406,783,30,77,110,0,0,0,207,infectious,968
14.827458643050019,783,30,76,111,0,0,0,207,recovery,388
14.838105938628296,783,30,75,112,0,0,0,207,recovery,549
14.855376982810606,782,31,75,112,0,0,0,208,infection,656
14.877370461796463,782,31,74,113,0,0,0,208,recovery,754
14.905181054458014,782,31,73,114,0,0,0,208,recovery,226
14.916842470166351,782,30,74,114,0,0,0,208,infectious,327
14.917961925035105,782,30,73,115,0,0,0,208,recovery,28
14.951229494893099,781,31,73,115,0,0,0,209,infection,46
14.963400960317209,780,32,73,115,0,0,0,210,infection,225
14.963881513546882,780,31,74,115,0,0,0,210,infectious,886
14.966416108554268,779,32,74,115,0,0,0,211,infection,261
14.970085499309201,779,31,75,115,0,0,0,211,infectious,39
14.980533166620614,778,32,75,115,0,0,0,212,infection,406
14.99177547217317,778,31,76,115,0,0,0,212,infectious,974
15.013057289118663,778,30,77,115,0,0,0,212,infectious,141
15.017875070047525,777,31,77,115,0,0,0,213,infection,42
15.055648750781526,777,31,76,116,0,0,0,213,recovery,977
15.06548368962646,776,32,76,116,0,0,0,214,infection,156
15.106436886019267,775,33,76,116,0,0,0,215,infection,617
15.112857844470057,774,34,76,116,0,0,0,216,infection,45
15.114275417928317,774,33,77,116,0,0,0,216,infectious,316
15.150614827643913,773,34,77,116,0,0,0,217,infection,269
15.184641373706649,773,34,76,117,0,0,0,217,recovery,382
15.209542255496586,772,35,76,117,0,0,0,218,infection,296
15.238365265285182,771,36,76,117,0,0,0,219,infection,849
15.260975109800421,771,36,75,118,0,0,0,219,recovery,886
15.282655639177822,770,37,75,118,0,0,0,220,infection,36
15.293563480590965,770,37,74,119,0,0,0,220,recovery,241
15.306573174862077,769,38,74,119,0,0,0,221,infection,587
15.313669867854014,769,37,75,119,0,0,0,221,infectious,929
15.314772614215133,768,38,75,119,0,0,0,222,infection,551
15.316405277399927,768,38,74,120,0,0,0,222,recovery,777
15.319366010091162,768,37,75,120,0,0,0,222,infectious,476
15.347694813123162,768,36,76,120,0,0,0,222,infectious,933
15.348332689228124,767,37,76,120,0,0,0,223,infection,717
15.35956713458657,767,37,75,121,0,0,0,223,recovery,597
15.363775006575366,767,36,76,121,0,0,0,223,infectious,44
15.369753802702848,766,37,76,121,0,0,0,224,infection,639
15.374006971404903,766,37,75,122,0,0,0,224,recovery,745
15.381391626185009,765,38,75,122,0,0,0,225,infection,215
15.467197249911463,764,39,75,122,0,0,0,226,infection,192
15.471108575629668,764,39,74,123,0,0,0,226,recovery,423
15.48016517639138,764,38,75,123,0,0,0,226,infectious,231
15.49139103970178,764,37,76,123,0,0,0,226,infectious,424
15.497170932669766,764,37,75,124,0,0,0,226,recovery,513
15.498746403620299,764,37,74,125,0,0,0,226,recovery,392
15.507603819785741,763,38,74,125,0,0,0,227,infection,43
15.522151041014022,762,39,74,125,0,0,0,228,infection,408
15.525056423652604,762,38,75,125,0,0,0,228,infectious,656
15.568069114289388,762,37,76,125,0,0,0,228,infectious,296
15.572426412135922,762,37,75,126,0,0,0,228,recovery,656
15.587981523542142,762,36,76,126,0,0,0,228,infectious,963
15.618884171822566,762,35,77,126,0,0,0,228,infectious,406
15.621586398836957,762,34,78,126,0,0,0,228,infectious,639
15.623937001779137,761,35,78,126,0,0,0,229,infection,149
15.644412062037347,761,35,77,127,0,0,0,229,recovery,458
15.671033931550923,761,34,78,127,0,0,0,229,infectious,707
15.685037875169467,761,33,79,127,0,0,0,229,infectious,192
15.688078931200627,760,34,79,127,0,0,0,230,infection,417
15.688549348025669,760,33,80,127,0,0,0,230,infectious,957
15.68938058654749,760,33,79,128,0,0,0,230,recovery,256
15.694607615800466,759,34,79,128,0,0,0,231,infection,255
15.715729047857256,759,34,78,129,0,0,0,231,recovery,442
15.751227355024612,759,33,79,129,0,0,0,231,infectious,417
15.769807509716042,758,34,79,129,0,0,0,232,infection,25
15.771097295728154,757,35,79,129,0,0,0,233,infection,453
15.771550145965087,757,35,78,130,0,0,0,233,recovery,712
15.774252638792769,757,34,79,130,0,0,0,233,infectious,911
15.784909897537327,756,35,79,130,0,0,0,234,infection,932
15.786113511140824,756,35,78,131,0,0,0,234,recovery,401
15.787941046206218,755,36,78,131,0,0,0,235,infection,665
15.814405570343935,754,37,78,131,0,0,0,236,infection,341
15.816032858946466,753,38,78,131,0,0,0,237,infection,975
15.816631244273335,753,37,79,131,0,0,0,237,infectious,390
15.827362125657876,752,38,79,131,0,0,0,238,infection,856
15.840983084534948,752,38,78,132,0,0,0,238,recovery,257
15.84602428374101,752,37,79,132,0,0,0,238,infectious,408
15.855787366504865,751,38,79,132,0,0,0,239,infection,472
15.856490207418236,750,39,79,132,0,0,0,240,infection,914
15.859381142647667,749,40,79,132,0,0,0,241,infection,598
15.86810286551634,748,41,79,132,0,0,0,242,infection,197
15.879404906664965,747,42,79,132,0,0,0,243,infection,841
15.879844567658779,746,43,79,132,0,0,0,244,infection,753
15.894279514453626,746,42,80,132,0,0,0,244,infectious,453
15.907020167496889,745,43,80,132,0,0,0,245,infection,918
15.917057188018326,745,42,81,132,0,0,0,245,infectious,25
15.931076107927183,744,43,81,132,0,0,0,246,infection,683
15.93166625705613,744,42,82,132,0,0,0,246,infectious,149
15.935819964414991,744,41,83,132,0,0,0,246,infectious,532
15.980810634768549,744,40,84,132,0,0,0,246,infectious,598
15.987448499581713,744,39,85,132,0,0,0,246,infectious,197
15.990220956859437,743,40,85,132,0,0,0,247,infection,108
16.01653815553685,742,41,85,132,0,0,0,248,infection,397
16.017746732405232,742,40,86,132,0,0,0,248,infectious,45
16.03919185422373,741,41,86,132,0,0,0,249,infection,383
16.061816911609714,741,41,85,133,0,0,0,249,recovery,25
16.07561241544765,741,40,86,133,0,0,0,249,infectious,768
16.088956103877386,741,39,87,133,0,0,0,249,infectious,959
16.12554133206396,741,38,88,133,0,0,0,249,infectious,255
16.13120344170023,740,39,88,133,0,0,0,250,infection,906
16.13924612820954,740,39,87,134,0,0,0,250,recovery,988
16.141945803110822,740,38,88,134,0,0,0,250,infectious,918
16.142410957291883,740,38,87,135,0,0,0,250,recovery,461
16.143506425812316,739,39,87,135,0,0,0,251,infection,404
16.148741798291898,738,40,87,135,0,0,0,252,infection,177
16.150383016396923,737,41,87,135,0,0,0,253,infection,12
16.150985128471127,737,41,86,136,0,0,0,253,recovery,655
16.154533741187297,737,40,87,136,0,0,0,253,infectious,841
16.170159154591772,736,41,87,136,0,0,0,254,infection,419
16.18203685860941,735,42,87,136,0,0,0,255,infection,426
16.182189945410528,735,41,88,136,0,0,0,255,infectious,753
16.18498170295771,734,42,88,136,0,0,0,256,infection,871
16.208195219373298,734,41,89,136,0,0,0,256,infectious,794
16.22045283156492,733,42,89,136,0,0,0,257,infection,788
16.2471787896672,733,42,88,137,0,0,0,257,recovery,756
16.248530360818062,733,42,87,138,0,0,0,257,recovery,224
16.250902585082827,732,43,87,138,0,0,0,258,infection,624
16.275919291503598,731,44,87,138,0,0,0,259,infection,719
16.286970526167245,731,43,88,138,0,0,0,259,infectious,565
16.301592721172625,730,44,88,138,0,0,0,260,infection,970
16.31240473621569,730,44,87,139,0,0,0,260,recovery,532
16.317378563449278,729,45,87,139,0,0,0,261,infection,315
16.31744766940834,728,46,87,139,0,0,0,262,infection,370
16.324698733598435,728,45,88,139,0,0,0,262,infectious,587
16.342972966667038,728,44,89,139,0,0,0,262,infectious,46
16.37353533745492,728,43,90,139,0,0,0,262,infectious,404
16.381460477510288,728,42,91,139,0,0,0,262,infectious,746
16.381485923647457,728,41,92,139,0,0,0,262,infectious,932
16.392520284279957,728,40,93,139,0,0,0,262,infectious,849
16.396292792700063,728,39,94,139,0,0,0,262,infectious,42
16.402756220053277,727,40,94,139,0,0,0,263,infection,60
16.403486135072086,727,39,95,139,0,0,0,263,infectious,383
16.405287952919245,727,39,94,140,0,0,0,263,recovery,929
16.412912872320838,727,38,95,140,0,0,0,263,infectious,472
16.423967646200072,727,37,96,140,0,0,0,263,infectious,419
16.43631539910949,726,38,96,140,0,0,0,264,infection,92
16.439532218045997,726,37,97,140,0,0,0,264,infectious,92
16.440167948587487,725,38,97,140,0,0,0,265,infection,245
16.445989728058276,724,39,97,140,0,0,0,266,infection,282
16.44890781834296,724,39,96,141,0,0,0,266,recovery,566
16.466344789368176,724,38,97,141,0,0,0,266,infectious,397
16.478565937965477,724,37,98,141,0,0,0,266,infectious,341
16.506760403409604,724,37,97,142,0,0,0,266,recovery,685
16.518377372142545,724,37,96,143,0,0,0,266,recovery,255
16.5201531933659,723,38,96,143,0,0,0,267,infection,378
16.522218476462008,723,38,95,144,0,0,0,267,recovery,794
16.526137633994,722,39,95,144,0,0,0,268,infection,345
16.53392979392399,722,38,96,144,0,0,0,268,infectious,624
16.535372801379044,721,39,96,144,0,0,0,269,infection,10
16.545927212996766,721,39,95,145,0,0,0,269,recovery,4
16.549535694110876,721,38,96,145,0,0,0,269,infectious,43
16.551769723935703,721,38,95,146,0,0,0,269,recovery,565
16.556516196898087,721,38,94,147,0,0,0,269,recovery,770
16.58871878579879,721,38,93,148,0,0,0,269,recovery,40
16.623655382553768,720,39,93,148,0,0,0,270,infection,852
16.63118028673098,720,38,94,148,0,0,0,270,infectious,282
16.632731430280955,719,39,94,148,0,0,0,271,infection,666
16.635254505390144,719,38,95,148,0,0,0,271,infectious,370
16.64155094891231,718,39,95,148,0,0,0,272,infection,428
16.64286145757492,717,40,95,148,0,0,0,273,infection,526
16.65308145816708,716,41,95,148,0,0,0,274,infection,258
16.667035005220203,715,42,95,148,0,0,0,275,infection,797
16.6698186210428,715,41,96,148,0,0,0,275,infectious,915
16.676189623506453,715,41,95,149,0,0,0,275,recovery,768
16.67943128703364,714,42,95,149,0,0,0,276,infection,206
16.684069099699382,714,41,96,149,0,0,0,276,infectious,970
16.685259830058243,714,41,95,150,0,0,0,276,recovery,915
16.70461113454383,713,42,95,150,0,0,0,277,infection,840
16.707764886361797,713,42,94,151,0,0,0,277,recovery,476
16.726557949509147,713,41,95,151,0,0,0,277,infectious,426
16.727196716155603,713,40,96,151,0,0,0,277,infectious,914
16.727525459001964,713,39,97,151,0,0,0,277,infectious,345
16.72844439592542,712,40,97,151,0,0,0,278,infection,771
16.742401816851856,712,39,98,151,0,0,0,278,infectious,177
16.754783849799797,711,40,98,151,0,0,0,279,infection,343
16.75977795973269,711,39,99,151,0,0,0,279,infectious,261
16.76217272849897,710,40,99,151,0,0,0,280,infection,792
16.781332774601854,710,39,100,151,0,0,0,280,infectious,265
16.79186671365975,709,40,100,151,0,0,0,281,infection,600
16.791903513862824,709,40,99,152,0,0,0,281,recovery,426
16.792641080868698,708,41,99,152,0,0,0,282,infection,185
16.792737500162584,708,41,98,153,0,0,0,282,recovery,918
16.831169447989264,708,40,99,153,0,0,0,282,infectious,975
16.83419240246548,708,40,98,154,0,0,0,282,recovery,404
16.84693684742551,708,39,99,154,0,0,0,282,infectious,12
16.85191323363641,707,40,99,154,0,0,0,283,infection,885
16.853386637262318,706,41,99,154,0,0,0,284,infection,727
16.86179311077054,705,42,99,154,0,0,0,285,infection,434
16.869815910712447,704,43,99,154,0,0,0,286,infection,262
16.871947149186248,703,44,99,154,0,0,0,287,infection,934
16.926944879437627,703,44,98,155,0,0,0,287,recovery,767
16.949019789794214,703,44,97,156,0,0,0,287,recovery,383
16.954521391117062,703,43,98,156,0,0,0,287,infectious,215
16.957812138068196,703,42,99,156,0,0,0,287,infectious,885
16.962495720362426,703,41,100,156,0,0,0,287,infectious,871
16.96336278561834,702,42,100,156,0,0,0,288,infection,447
16.96692085576306,701,43,100,156,0,0,0,289,infection,29
16.97743116231167,701,42,101,156,0,0,0,289,infectious,269
16.981138706780378,701,41,102,156,0,0,0,289,infectious,546
16.989163600602538,700,42,102,156,0,0,0,290,infection,527
16.991575549048648,700,41,103,156,0,0,0,290,infectious,797
16.99238013189197,700,40,104,156,0,0,0,290,infectious,666
17.006981328314144,700,39,105,156,0,0,0,290,infectious,717
17.009553008854404,700,39,104,157,0,0,0,290,recovery,970
17.0158004726033,700,39,103,158,0,0,0,290,recovery,598
17.022206181813296,700,39,102,159,0,0,0,290,recovery,919
17.022729922700037,699,40,102,159,0,0,0,291,infection,485
17.03324900266821,699,39,103,159,0,0,0,291,infectious,526
17.037580107570193,699,38,104,159,0,0,0,291,infectious,108
17.045458531084577,699,37,105,159,0,0,0,291,infectious,262
17.05132771868597,699,36,106,159,0,0,0,291,infectious,934
17.088519228465213,699,35,107,159,0,0,0,291,infectious,906
17.1001083856946,699,35,106,160,0,0,0,291,recovery,46
17.12487114355895,699,34,107,160,0,0,0,291,infectious,245
17.15414119448971,699,33,108,160,0,0,0,291,infectious,551
17.160805123201634,699,32,109,160,0,0,0,291,infectious,792
17.173435252854585,699,31,110,160,0,0,0,291,infectious,727
17.178998253774555,699,30,111,160,0,0,0,291,infectious,428
17.220551030368544,699,30,110,161,0,0,0,291,recovery,932
17.220866166104436,698,31,110,161,0,0,0,292,infection,545
17.224976305709692,697,32,110,161,0,0,0,293,infection,372
17.227368093365108,697,31,111,161,0,0,0,293,infectious,225
17.22806870843422,696,32,111,161,0,0,0,294,infection,452
17.241562436016693,696,32,110,162,0,0,0,294,recovery,265
17.272711591938485,695,33,110,162,0,0,0,295,infection,648
17.27732074123531,695,33,109,163,0,0,0,295,recovery,39
17.28654669848948,695,32,110,163,0,0,0,295,infectious,840
17.29824363961141,695,32,109,164,0,0,0,295,recovery,231
17.303343139418665,694,33,109,164,0,0,0,296,infection,146
17.30459730962165,693,34,109,164,0,0,0,297,infection,203
17.30969800800336,693,34,108,165,0,0,0,297,recovery,424
17.320452085234344,693,33,109,165,0,0,0,297,infectious,434
17.321992307484663,692,34,109,165,0,0,0,298,infection,249
17.35442769229167,692,33,110,165,0,0,0,298,infectious,788
17.37287045764411,692,33,109,166,0,0,0,298,recovery,47
17.407762849344703,691,34,109,166,0,0,0,299,infection,267
17.409455699703898,691,33,110,166,0,0,0,299,infectious,343
17.41309178373887,690,34,110,166,0,0,0,300,infection,764
17.43510071570703,689,35,110,166,0,0,0,301,infection,633
17.465904755325813,689,34,111,166,0,0,0,301,infectious,206
17.475554391573336,688,35,111,166,0,0,0,302,infection,892
17.48893306636452,688,35,110,167,0,0,0,302,recovery,546
17.500741746835544,688,35,109,168,0,0,0,302,recovery,635
17.523436612796928,688,35,108,169,0,0,0,302,recovery,11
17.524673263760953,688,34,109,169,0,0,0,302,infectious,633
17.529706847494904,688,34,108,170,0,0,0,302,recovery,926
17.564584533594093,688,33,109,170,0,0,0,302,infectious,249
17.56928287757699,688,33,108,171,0,0,0,302,recovery,841
17.609869868306287,688,32,109,171,0,0,0,302,infectious,852
17.61415074000238,687,33,109,171,0,0,0,303,infection,374
17.618699714774625,686,34,109,171,0,0,0,304,infection,864
17.625273664307873,685,35,109,171,0,0,0,305,infection,738
17.62637139917347,684,36,109,171,0,0,0,306,infection,714
17.638228028330087,684,36,108,172,0,0,0,306,recovery,472
17.6420932184958,683,37,108,172,0,0,0,307,infection,589
17.64503219988123,683,36,109,172,0,0,0,307,infectious,29
17.652328732127344,682,37,109,172,0,0,0,308,infection,176
17.65769412087639,681,38,109,172,0,0,0,309,infection,895
17.65830264577652,681,38,108,173,0,0,0,309,recovery,144
17.681050497035045,680,39,108,173,0,0,0,310,infection,184
17.68527976192948,680,38,109,173,0,0,0,310,infectious,665
17.6869710692255,680,37,110,173,0,0,0,310,infectious,545
17.6895385069683,680,37,109,174,0,0,0,310,recovery,343
17.69397254905151,679,38,109,174,0,0,0,311,infection,577
17.697032467417575,678,39,109,174,0,0,0,312,infection,433
17.698440515595856,678,38,110,174,0,0,0,312,infectious,60
17.71571103655348,678,37,111,174,0,0,0,312,infectious,156
17.724792923350638,678,36,112,174,0,0,0,312,infectious,315
17.725129213151046,677,37,112,174,0,0,0,313,infection,322
17.733539912957383,677,36,113,174,0,0,0,313,infectious,577
17.735152369060398,676,37,113,174,0,0,0,314,infection,106
17.741601739208914,675,38,113,174,0,0,0,315,infection,899
17.74973828136768,675,37,114,174,0,0,0,315,infectious,433
17.75288400661124,675,36,115,174,0,0,0,315,infectious,738
17.76354424150167,675,35,116,174,0,0,0,315,infectious,322
17.765180622110474,674,36,116,174,0,0,0,316,infection,214
17.76569787926738,674,35,117,174,0,0,0,316,infectious,286
17.774756789338326,674,35,116,175,0,0,0,316,recovery,60
17.78873510295598,673,36,116,175,0,0,0,317,infection,833
17.80270820706579,673,35,117,175,0,0,0,317,infectious,892
17.808189335219083,673,35,116,176,0,0,0,317,recovery,413
17.828654208333532,673,34,117,176,0,0,0,317,infectious,214
17.84009956892139,672,35,117,176,0,0,0,318,infection,734
17.844601652070416,672,35,116,177,0,0,0,318,recovery,545
17.870859697353836,672,35,115,178,0,0,0,318,recovery,892
17.908292939778036,672,34,116,178,0,0,0,318,infectious,452
17.911352280133382,672,34,115,179,0,0,0,318,recovery,341
17.914044112863166,672,33,116,179,0,0,0,318,infectious,714
17.9228355548925,672,32,117,179,0,0,0,318,infectious,833
17.93786365684035,672,31,118,179,0,0,0,318,infectious,186
17.939968202517072,672,30,119,179,0,0,0,318,infectious,89
17.947228801715557,672,29,120,179,0,0,0,318,infectious,10
17.951441297396403,672,29,119,180,0,0,0,318,recovery,833
17.95221298679619,672,29,118,181,0,0,0,318,recovery,846
17.998155974451088,672,29,117,182,0,0,0,318,recovery,840
18.033195033366454,671,30,117,182,0,0,0,319,infection,398
18.052860080944843,671,30,116,183,0,0,0,319,recovery,262
18.0620685154135,671,29,117,183,0,0,0,319,infectious,203
18.066123923932732,671,29,116,184,0,0,0,319,recovery,959
18.07068895032189,670,30,116,184,0,0,0,320,infection,179
18.093925419709098,670,29,117,184,0,0,0,320,infectious,447
18.10388272282583,669,30,117,184,0,0,0,321,infection,449
18.106288201430544,669,30,116,185,0,0,0,321,recovery,249
18.12322549317706,669,30,115,186,0,0,0,321,recovery,974
18.129519045016718,668,31,115,186,0,0,0,322,infection,369
18.134234699840384,668,30,116,186,0,0,0,322,infectious,374
18.136477160723786,668,30,115,187,0,0,0,322,recovery,140
18.140493185683177,668,30,114,188,0,0,0,322,recovery,746
18.162622703049188,668,29,115,188,0,0,0,322,infectious,36
18.16453133360152,667,30,115,188,0,0,0,323,infection,362
18.180289113268067,667,30,114,189,0,0,0,323,recovery,209
18.188818933114824,667,29,115,189,0,0,0,323,infectious,176
18.190669692675318,667,29,114,190,0,0,0,323,recovery,963
18.191414119839212,666,30,114,190,0,0,0,324,infection,896
18.20587766252756,665,31,114,190,0,0,0,325,infection,293
18.21192137861382,665,30,115,190,0,0,0,325,infectious,764
18.21711780757699,664,31,115,190,0,0,0,326,infection,506
18.22445220754525,663,32,115,190,0,0,0,327,infection,808
18.229235021588128,663,31,116,190,0,0,0,327,infectious,146
18.229862835684855,663,30,117,190,0,0,0,327,infectious,106
18.232951776935245,663,30,116,191,0,0,0,327,recovery,933
18.257111725737577,663,30,115,192,0,0,0,327,recovery,707
18.27796690243816,663,30,114,193,0,0,0,327,recovery,12
18.28875953378281,663,30,113,194,0,0,0,327,recovery,526
18.290001880131953,662,31,113,194,0,0,0,328,infection,561
18.29163990555986,662,30,114,194,0,0,0,328,infectious,896
18.292865502359554,662,30,113,195,0,0,0,328,recovery,797
18.29853406796164,661,31,113,195,0,0,0,329,infection,380
18.35485435247779,661,30,114,195,0,0,0,329,infectious,808
18.382584156930903,661,30,113,196,0,0,0,329,recovery,45
18.383896915893853,661,29,114,196,0,0,0,329,infectious,692
18.38494794327905,660,30,114,196,0,0,0,330,infection,268
18.387487158546374,659,31,114,196,0,0,0,331,infection,387
18.391472471705395,658,32,114,196,0,0,0,332,infection,839
18.41395896381485,657,33,114,196,0,0,0,333,infection,654
18.416116934568656,657,33,113,197,0,0,0,333,recovery,156
18.418883317289623,657,33,112,198,0,0,0,333,recovery,792
18.420218941067553,657,32,113,198,0,0,0,333,infectious,398
18.433939568183497,657,32,112,199,0,0,0,333,recovery,738
18.443220590527094,657,31,113,199,0,0,0,333,infectious,179
18.448568965037747,657,31,112,200,0,0,0,333,recovery,167
18.46070483192693,657,30,113,200,0,0,0,333,infectious,378
18.46943500473691,657,29,114,200,0,0,0,333,infectious,561
18.47761087808847,657,28,115,200,0,0,0,333,infectious,449
18.48080166753662,657,27,116,200,0,0,0,333,infectious,380
18.48284589006347,657,27,115,201,0,0,0,333,recovery,108
18.485879602882136,656,28,115,201,0,0,0,334,infection,396
18.487639715189292,655,29,115,201,0,0,0,335,infection,361
18.518739147873347,655,29,114,202,0,0,0,335,recovery,345
18.52196422842144,654,30,114,202,0,0,0,336,infection,18
18.524343523458356,653,31,114,202,0,0,0,337,infection,112
18.53968722243314,653,31,113,203,0,0,0,337,recovery,42
18.54392040464861,652,32,113,203,0,0,0,338,infection,437
18.5776200426001,652,32,112,204,0,0,0,338,recovery,434
18.594540528342733,652,31,113,204,0,0,0,338,infectious,362
18.60585492459822,652,31,112,205,0,0,0,338,recovery,638
18.632053722292163,652,31,111,206,0,0,0,338,recovery,433
18.637668903021474,652,30,112,206,0,0,0,338,infectious,361
18.64014509137676,652,29,113,206,0,0,0,338,infectious,18
18.661881425445447,652,29,112,207,0,0,0,338,recovery,800
18.691358211796043,652,29,111,208,0,0,0,338,recovery,692
18.69751496025569,652,29,110,209,0,0,0,338,recovery,18
18.707013285835007,651,30,110,209,0,0,0,339,infection,843
18.71938906392455,650,31,110,209,0,0,0,340,infection,54
18.727120394254552,649,32,110,209,0,0,0,341,infection,121
18.731006452821518,649,31,111,209,0,0,0,341,infectious,121
18.738910730765987,649,31,110,210,0,0,0,341,recovery,624
18.747960486411827,649,30,111,210,0,0,0,341,infectious,369
18.749315552098462,649,30,110,211,0,0,0,341,recovery,378
18.777448182085518,648,31,110,211,0,0,0,342,infection,314
18.788239048307403,647,32,110,211,0,0,0,343,infection,85
18.80122090360623,647,32,109,212,0,0,0,343,recovery,206
18.80463408299787,647,31,110,212,0,0,0,343,infectious,184
18.80641214411971,646,32,110,212,0,0,0,344,infection,474
18.80873722991168,646,31,111,212,0,0,0,344,infectious,600
18.811501052412698,646,31,110,213,0,0,0,344,recovery,146
18.829998630744747,645,32,110,213,0,0,0,345,infection,969
18.833885073910672,644,33,110,213,0,0,0,346,infection,239
18.838990252142292,644,32,111,213,0,0,0,346,infectious,506
18.857696611071574,643,33,111,213,0,0,0,347,infection,640
18.86150566933595,643,33,110,214,0,0,0,347,recovery,192
18.862260347230606,642,34,110,214,0,0,0,348,infection,516
18.876928598707437,641,35,110,214,0,0,0,349,infection,135
18.886266789461587,641,35,109,215,0,0,0,349,recovery,753
18.91561603185639,641,34,110,215,0,0,0,349,infectious,239
18.924022796884486,641,33,111,215,0,0,0,349,infectious,387
18.938701528690057,640,34,111,215,0,0,0,350,infection,555
18.94840613348419,639,35,111,215,0,0,0,351,infection,543
18.94933157549392,639,34,112,215,0,0,0,351,infectious,267
18.95030222274878,638,35,112,215,0,0,0,352,infection,726
18.953966861953155,638,34,113,215,0,0,0,352,infectious,555
18.98218695607742,638,34,112,216,0,0,0,352,recovery,715
19.03774630183163,637,35,112,216,0,0,0,353,infection,365
19.040963564599007,636,36,112,216,0,0,0,354,infection,77
19.04768916635392,635,37,112,216,0,0,0,355,infection,124
19.065828763734647,635,36,113,216,0,0,0,355,infectious,314
19.069654816651134,634,37,113,216,0,0,0,356,infection,939
19.090734884720227,634,36,114,216,0,0,0,356,infectious,719
19.096688347654663,634,35,115,216,0,0,0,356,infectious,124
19.10672635452238,634,35,114,217,0,0,0,356,recovery,447
19.112548505850658,634,34,115,217,0,0,0,356,infectious,899
19.12170501613654,634,34,114,218,0,0,0,356,recovery,56
19.127633490124282,634,33,115,218,0,0,0,356,infectious,864
19.12941692495685,633,34,115,218,0,0,0,357,infection,936
19.131512028880476,633,34,114,219,0,0,0,357,recovery,264
19.143370244492125,632,35,114,219,0,0,0,358,infection,696
19.150387201193034,632,34,115,219,0,0,0,358,infectious,843
19.167909910478006,632,34,114,220,0,0,0,358,recovery,851
19.191211449820983,632,33,115,220,0,0,0,358,infectious,648
19.191567333169605,632,33,114,221,0,0,0,358,recovery,561
19.202589619708444,632,33,113,222,0,0,0,358,recovery,370
19.206101585900573,632,33,112,223,0,0,0,358,recovery,506
19.243161814404203,632,32,113,223,0,0,0,358,infectious,54
19.252297668777874,632,31,114,223,0,0,0,358,infectious,527
19.2742627955832,632,31,113,224,0,0,0,358,recovery,849
19.274295343798272,631,32,113,224,0,0,0,359,infection,114
19.289408836292758,631,32,112,225,0,0,0,359,recovery,577
19.2942236630338,631,31,113,225,0,0,0,359,infectious,939
19.29801675434819,630,32,113,225,0,0,0,360,infection,984
19.32039061375716,630,32,112,226,0,0,0,360,recovery,141
19.331769731375637,629,33,112,226,0,0,0,361,infection,661
19.340438826121186,629,33,111,227,0,0,0,361,recovery,89
19.34542411348081,629,32,112,227,0,0,0,361,infectious,936
19.362792751139665,628,33,112,227,0,0,0,362,infection,855
19.367310266455487,628,32,113,227,0,0,0,362,infectious,185
19.374314806244655,628,32,112,228,0,0,0,362,recovery,633
19.379494110529095,628,31,113,228,0,0,0,362,infectious,839
19.383334355353263,628,30,114,228,0,0,0,362,infectious,734
19.390848977013334,627,31,114,228,0,0,0,363,infection,875
19.426735519011263,627,31,113,229,0,0,0,363,recovery,197
19.45040060977796,627,31,112,230,0,0,0,363,recovery,552
19.45349322441238,626,32,112,230,0,0,0,364,infection,131
19.458258336895327,626,31,113,230,0,0,0,364,infectious,485
19.465140730183553,625,32,113,230,0,0,0,365,infection,741
19.48033916479856,625,32,112,231,0,0,0,365,recovery,380
19.48495529113936,625,32,111,232,0,0,0,365,recovery,267
19.50416189205776,625,31,112,232,0,0,0,365,infectious,661
19.544116679706736,624,32,112,232,0,0,0,366,infection,354
19.545873123821178,624,32,111,233,0,0,0,366,recovery,906
19.55024006728258,623,33,111,233,0,0,0,367,infection,971
19.58019270604034,623,32,112,233,0,0,0,367,infectious,771
19.596845492874234,623,31,113,233,0,0,0,367,infectious,617
19.605836484093942,623,31,112,234,0,0,0,367,recovery,390
19.624617267701208,623,30,113,234,0,0,0,367,infectious,640
19.63431596649923,622,31,113,234,0,0,0,368,infection,385
19.63703173862398,622,31,112,235,0,0,0,368,recovery,453
19.65887220910833,621,32,112,235,0,0,0,369,infection,616
19.664370848986334,621,32,111,236,0,0,0,369,recovery,914
19.691274418705348,620,33,111,236,0,0,0,370,infection,953
19.695180343029037,619,34,111,236,0,0,0,371,infection,769
19.6994568995542,619,33,112,236,0,0,0,371,infectious,77
19.699478048150556,619,32,113,236,0,0,0,371,infectious,135
19.70265803518078,618,33,113,236,0,0,0,372,infection,336
19.709225284451332,617,34,113,236,0,0,0,373,infection,338
19.720589587072322,616,35,113,236,0,0,0,374,infection,558
19.72486888728011,615,36,113,236,0,0,0,375,infection,273
19.733450050752026,614,37,113,236,0,0,0,376,infection,562
19.73625371492925,614,37,112,237,0,0,0,376,recovery,968
19.737035985571353,613,38,112,237,0,0,0,377,infection,232
19.74099109289637,613,37,113,237,0,0,0,377,infectious,562
19.755845268310466,612,38,113,237,0,0,0,378,infection,123
19.77060978958233,612,37,114,237,0,0,0,378,infectious,437
19.773555631116157,612,37,113,238,0,0,0,378,recovery,10
19.779343015981045,612,36,114,238,0,0,0,378,infectious,336
19.784086545500216,612,35,115,238,0,0,0,378,infectious,268
19.791432389491693,611,36,115,238,0,0,0,379,infection,23
19.793998849697566,611,35,116,238,0,0,0,379,infectious,953
19.794160540937302,611,34,117,238,0,0,0,379,infectious,85
19.837086778360568,611,33,118,238,0,0,0,379,infectious,895
19.85240938599621,611,33,117,239,0,0,0,379,recovery,536
19.86559535262712,611,33,116,240,0,0,0,379,recovery,727
19.880291853282007,610,34,116,240,0,0,0,380,infection,615
19.889667682819564,610,33,117,240,0,0,0,380,infectious,543
19.890582754483162,609,34,117,240,0,0,0,381,infection,495
19.892463702278636,608,35,117,240,0,0,0,382,infection,567
19.893524275437514,608,34,118,240,0,0,0,382,infectious,654
19.896633094710833,607,35,118,240,0,0,0,383,infection,924
19.914013021976103,606,36,118,240,0,0,0,384,infection,524
19.928197189307685,606,36,117,241,0,0,0,384,recovery,374
19.936025361270058,606,35,118,241,0,0,0,384,infectious,741
19.947685650403507,605,36,118,241,0,0,0,385,infection,283
19.952434401996925,605,35,119,241,0,0,0,385,infectious,354
19.96810398883147,605,34,120,241,0,0,0,385,infectious,683
19.969343789480355,605,33,121,241,0,0,0,385,infectious,396
19.985589979570207,605,33,120,242,0,0,0,385,recovery,788
19.988157151090114,605,33,119,243,0,0,0,385,recovery,600
19.98915410248892,605,32,120,243,0,0,0,385,infectious,131
20.005306088088464,605,32,119,244,0,0,0,385,recovery,617
20.023056490429465,604,33,119,244,0,0,0,386,infection,728
20.03588012923991,603,34,119,244,0,0,0,387,infection,722
20.0441966402247,602,35,119,244,0,0,0,388,infection,243
20.046510796982343,602,35,118,245,0,0,0,388,recovery,437
20.04700695813586,601,36,118,245,0,0,0,389,infection,894
20.0573507265758,600,37,118,245,0,0,0,390,infection,201
20.07134371504156,599,38,118,245,0,0,0,391,infection,985
20.085079525732066,599,37,119,245,0,0,0,391,infectious,232
20.098680883078067,599,37,118,246,0,0,0,391,recovery,714
20.105737093438496,598,38,118,246,0,0,0,392,infection,276
20.124476601548615,598,38,117,247,0,0,0,392,recovery,261
20.148239333465757,598,37,118,247,0,0,0,392,infectious,524
20.160490791382145,598,37,117,248,0,0,0,392,recovery,485
20.166686993258132,597,38,117,248,0,0,0,393,infection,436
20.167368287328827,597,38,116,249,0,0,0,393,recovery,106
20.167417751028403,597,38,115,250,0,0,0,393,recovery,808
20.17077141765108,597,37,116,250,0,0,0,393,infectious,722
20.17932765533817,597,36,117,250,0,0,0,393,infectious,728
20.19462340768239,596,37,117,250,0,0,0,394,infection,444
20.22583155445108,596,37,116,251,0,0,0,394,recovery,314
20.228844999566146,595,38,116,251,0,0,0,395,infection,15
20.23022437466682,594,39,116,251,0,0,0,396,infection,294
20.233897141821842,594,38,117,251,0,0,0,396,infectious,696
20.252437449704065,594,38,116,252,0,0,0,396,recovery,953
20.269018414656692,593,39,116,252,0,0,0,397,infection,920
20.281004292340185,593,38,117,252,0,0,0,397,infectious,276
20.296158232881037,593,37,118,252,0,0,0,397,infectious,338
20.321033625975517,593,37,117,253,0,0,0,397,recovery,666
20.32721083187752,593,36,118,253,0,0,0,397,infectious,875
20.337976444176203,593,36,117,254,0,0,0,397,recovery,839
20.33820677172758,592,37,117,254,0,0,0,398,infection,965
20.339190808418437,591,38,117,254,0,0,0,399,infection,872
20.350967664799114,590,39,117,254,0,0,0,400,infection,127
20.371163623328922,590,39,116,255,0,0,0,400,recovery,369
20.407412803746315,590,38,117,255,0,0,0,400,infectious,444
20.43109655276996,590,37,118,255,0,0,0,400,infectious,23
20.432235142213898,590,37,117,256,0,0,0,400,recovery,417
20.4572342138307,590,37,116,257,0,0,0,400,recovery,92
20.478250435732644,590,36,117,257,0,0,0,400,infectious,924
20.48300186338524,590,35,118,257,0,0,0,400,infectious,127
20.494244099988492,590,34,119,257,0,0,0,400,infectious,856
20.542282534915774,590,34,118,258,0,0,0,400,recovery,804
20.564166244792876,589,35,118,258,0,0,0,401,infection,490
20.587535761176657,589,35,117,259,0,0,0,401,recovery,276
20.592050017008283,588,36,117,259,0,0,0,402,infection,812
20.62061457545674,588,36,116,260,0,0,0,402,recovery,215
20.635981965795068,588,35,117,260,0,0,0,402,infectious,984
20.639549127571645,588,35,116,261,0,0,0,402,recovery,783
20.64838821922623,587,36,116,261,0,0,0,403,infection,480
20.661678091914823,587,35,117,261,0,0,0,403,infectious,112
20.677623289890743,587,34,118,261,0,0,0,403,infectious,589
20.717673518876992,586,35,118,261,0,0,0,404,infection,830
20.726629686377642,585,36,118,261,0,0,0,405,infection,610
20.72949576795501,585,36,117,262,0,0,0,405,recovery,269
20.74004417067899,584,37,117,262,0,0,0,406,infection,832
20.740573343321902,584,36,118,262,0,0,0,406,infectious,495
20.780799792721773,584,35,119,262,0,0,0,406,infectious,365
20.802787064900013,584,35,118,263,0,0,0,406,recovery,203
20.83522903556112,584,35,117,264,0,0,0,406,recovery,934
20.836611967772097,584,34,118,264,0,0,0,406,infectious,616
20.840716337974158,584,33,119,264,0,0,0,406,infectious,243
20.866056968858327,584,33,118,265,0,0,0,406,recovery,408
20.8664136505879,583,34,118,265,0,0,0,407,infection,279
20.878249654695388,582,35,118,265,0,0,0,408,infection,586
20.911442510792288,582,34,119,265,0,0,0,408,infectious,201
20.912186032151453,582,33,120,265,0,0,0,408,infectious,385
20.93397494332301,582,33,119,266,0,0,0,408,recovery,589
20.97508585639915,582,33,118,267,0,0,0,408,recovery,135
20.97543194440393,581,34,118,267,0,0,0,409,infection,572
21.0051706674533,581,34,117,268,0,0,0,409,recovery,419
21.029517808685195,581,33,118,268,0,0,0,409,infectious,872
21.03842889877267,580,34,118,268,0,0,0,410,infection,172
21.044062933549707,580,34,117,269,0,0,0,410,recovery,268
21.044754230053236,580,33,118,269,0,0,0,410,infectious,558
21.05286150260052,580,32,119,269,0,0,0,410,infectious,480
21.05316452480351,580,31,120,269,0,0,0,410,infectious,123
21.06545685582492,579,32,120,269,0,0,0,411,infection,109
21.07821679936541,578,33,120,269,0,0,0,412,infection,731
21.082946353846992,578,33,119,270,0,0,0,412,recovery,406
21.084018826527373,578,32,120,270,0,0,0,412,infectious,572
21.08421284676091,578,32,119,271,0,0,0,412,recovery,562
21.08564022066258,578,32,118,272,0,0,0,412,recovery,385
21.086398157193415,577,33,118,272,0,0,0,413,infection,520
21.098490631988096,577,33,117,273,0,0,0,413,recovery,895
21.108713060910148,576,34,117,273,0,0,0,414,infection,218
21.11857757290243,576,34,116,274,0,0,0,414,recovery,670
21.11939136268787,576,33,117,274,0,0,0,414,infectious,516
21.12516116504562,576,32,118,274,0,0,0,414,infectious,474
21.12722890572041,576,31,119,274,0,0,0,414,infectious,731
21.130979546198855,576,30,120,274,0,0,0,414,infectious,830
21.142631548645888,576,30,119,275,0,0,0,414,recovery,474
21.150705276395897,575,31,119,275,0,0,0,415,infection,68
21.152776408754406,574,32,119,275,0,0,0,416,infection,763
21.171266183054755,574,31,120,275,0,0,0,416,infectious,920
21.175186070810653,574,31,119,276,0,0,0,416,recovery,177
21.184712860548913,573,32,119,276,0,0,0,417,infection,6
21.194988147919613,573,32,118,277,0,0,0,417,recovery,232
21.196401807307,573,31,119,277,0,0,0,417,infectious,971
21.225697775078583,573,31,118,278,0,0,0,417,recovery,722
21.23586867103629,572,32,118,278,0,0,0,418,infection,585
21.23964840159096,572,32,117,279,0,0,0,418,recovery,201
21.254244069565324,572,31,118,279,0,0,0,418,infectious,436
21.257367005781344,571,32,118,279,0,0,0,419,infection,784
21.268168133296715,571,31,119,279,0,0,0,419,infectious,109
21.277226404061132,570,32,119,279,0,0,0,420,infection,470
21.291593892587436,570,31,120,279,0,0,0,420,infectious,470
21.299165009248302,570,31,119,280,0,0,0,420,recovery,131
21.3018186404731,570,30,120,280,0,0,0,420,infectious,969
21.30323745241863,570,30,119,281,0,0,0,420,recovery,741
21.312716524492,570,30,118,282,0,0,0,420,recovery,179
21.313922094832687,570,29,119,282,0,0,0,420,infectious,258
21.318189791756666,570,29,118,283,0,0,0,420,recovery,969
21.338589028535857,570,29,117,284,0,0,0,420,recovery,665
21.38436767772276,569,30,117,284,0,0,0,421,infection,521
21.386097943644312,569,30,116,285,0,0,0,421,recovery,771
21.39692355028774,568,31,116,285,0,0,0,422,infection,280
21.404026304389497,567,32,116,285,0,0,0,423,infection,67
21.411706985559807,566,33,116,285,0,0,0,424,infection,678
21.413069168851425,566,33,115,286,0,0,0,424,recovery,112
21.415852287423014,565,34,115,286,0,0,0,425,infection,9
21.420620531564367,564,35,115,286,0,0,0,426,infection,97
21.420943013028477,564,34,116,286,0,0,0,426,infectious,218
21.43628096049423,563,35,116,286,0,0,0,427,infection,111
21.44837469866585,562,36,116,286,0,0,0,428,infection,811
21.46287333275226,562,35,117,286,0,0,0,428,infectious,832
21.470032887294526,561,36,117,286,0,0,0,429,infection,371
21.470322639434237,560,37,117,286,0,0,0,430,infection,821
21.485150934308272,559,38,117,286,0,0,0,431,infection,644
21.49377923073792,558,39,117,286,0,0,0,432,infection,59
21.50040553812118,558,38,118,286,0,0,0,432,infectious,6
21.505751639716735,558,37,119,286,0,0,0,432,infectious,585
21.525006758782666,557,38,119,286,0,0,0,433,infection,328
21.535084933179718,557,37,120,286,0,0,0,433,infectious,769
21.553453064865415,556,38,120,286,0,0,0,434,infection,412
21.574348748509507,556,38,119,287,0,0,0,434,recovery,315
21.57941807839565,556,38,118,288,0,0,0,434,recovery,54
21.588955644609367,556,37,119,288,0,0,0,434,infectious,172
21.5902699903532,556,37,118,289,0,0,0,434,recovery,527
21.615439352887446,555,38,118,289,0,0,0,435,infection,967
21.626367712522143,555,38,117,290,0,0,0,435,recovery,245
21.660875077114436,554,39,117,290,0,0,0,436,infection,542
21.66893678900137,554,38,118,290,0,0,0,436,infectious,372
21.669278917632813,553,39,118,290,0,0,0,437,infection,150
21.68055003432014,553,38,119,290,0,0,0,437,infectious,855
21.68862527341179,553,38,118,291,0,0,0,437,recovery,719
21.689896931621735,552,39,118,291,0,0,0,438,infection,503
21.691104733489876,552,39,117,292,0,0,0,438,recovery,270
21.712483739220637,552,39,116,293,0,0,0,438,recovery,214
21.717694009162102,552,39,115,294,0,0,0,438,recovery,225
21.718644241692974,552,39,114,295,0,0,0,438,recovery,327
21.723532291473582,552,38,115,295,0,0,0,438,infectious,490
21.72873753369408,552,38,114,296,0,0,0,438,recovery,757
21.7317802544995,551,39,114,296,0,0,0,439,infection,814
21.735551484397277,551,38,115,296,0,0,0,439,infectious,273
21.748458359911023,551,38,114,297,0,0,0,439,recovery,984
21.75050335142638,551,37,115,297,0,0,0,439,infectious,283
21.753500184516582,550,38,115,297,0,0,0,440,infection,870
21.757739907717713,550,38,114,298,0,0,0,440,recovery,639
21.75956361568221,550,38,113,299,0,0,0,440,recovery,452
21.769170810202084,549,39,113,299,0,0,0,441,infection,927
21.770046440137495,549,39,112,300,0,0,0,441,recovery,29
21.775956235519274,549,38,113,300,0,0,0,441,infectious,567
21.785435785836164,549,37,114,300,0,0,0,441,infectious,812
21.790085902235127,548,38,114,300,0,0,0,442,infection,313
21.797503156728006,548,38,113,301,0,0,0,442,recovery,282
21.797952179093993,548,37,114,301,0,0,0,442,infectious,59
21.828058035394154,548,37,113,302,0,0,0,442,recovery,734
21.836609120990317,548,37,112,303,0,0,0,442,recovery,316
21.858298830254785,548,36,113,303,0,0,0,442,infectious,67
21.86442791700924,548,35,114,303,0,0,0,442,infectious,279
21.883844172351935,548,34,115,303,0,0,0,442,infectious,965
21.904064542250026,548,33,116,303,0,0,0,442,infectious,586
21.923399216901927,548,33,115,304,0,0,0,442,recovery,516
21.928030560177824,547,34,115,304,0,0,0,443,infection,501
21.935568659292425,547,33,116,304,0,0,0,443,infectious,294
21.974810314424264,547,33,115,305,0,0,0,443,recovery,218
22.02486195987379,547,33,114,306,0,0,0,443,recovery,59
22.034070591037814,547,32,115,306,0,0,0,443,infectious,371
22.04340781760395,546,33,115,306,0,0,0,444,infection,320
22.057531393986093,546,32,116,306,0,0,0,444,infectious,15
22.067783341389305,545,33,116,306,0,0,0,445,infection,356
22.09185116181119,544,34,116,306,0,0,0,446,infection,533
22.112858648521694,543,35,116,306,0,0,0,447,infection,691
22.139982654466625,543,34,117,306,0,0,0,447,infectious,503
22.15457959172288,542,35,117,306,0,0,0,448,infection,53
22.164593032523825,542,35,116,307,0,0,0,448,recovery,354
22.184170304480475,542,35,115,308,0,0,0,448,recovery,524
22.18464547101936,541,36,115,308,0,0,0,449,infection,609
22.185870916683246,541,35,116,308,0,0,0,449,infectious,691
22.198837355328923,541,34,117,308,0,0,0,449,infectious,313
22.20183997428132,541,34,116,309,0,0,0,449,recovery,273
22.21582245254209,541,34,115,310,0,0,0,449,recovery,286
22.232508341514013,540,35,115,310,0,0,0,450,infection,205
22.25344635285713,539,36,115,310,0,0,0,451,infection,321
22.259134028057062,538,37,115,310,0,0,0,452,infection,878
22.263527867650208,537,38,115,310,0,0,0,453,infection,582
22.268856013024084,536,39,115,310,0,0,0,454,infection,679
22.287519459425088,536,38,116,310,0,0,0,454,infectious,615
22.295418035623637,536,37,117,310,0,0,0,454,infectious,328
22.300108429171512,536,36,118,310,0,0,0,454,infectious,763
22.313883118311516,535,37,118,310,0,0,0,455,infection,531
22.317730064186783,534,38,118,310,0,0,0,456,infection,263
22.318654630272817,534,38,117,311,0,0,0,456,recovery,294
22.343522211401233,534,37,118,311,0,0,0,456,infectious,111
22.347387400164216,534,37,117,312,0,0,0,456,recovery,111
22.353891883500552,534,37,116,313,0,0,0,456,recovery,885
22.355385364300368,534,36,117,313,0,0,0,456,infectious,609
22.358526558762925,533,37,117,313,0,0,0,457,infection,931
22.3651060900461,533,36,118,313,0,0,0,457,infectious,644
22.370974800231586,533,35,119,313,0,0,0,457,infectious,610
22.371954969136738,533,34,120,313,0,0,0,457,infectious,679
22.375388360677885,533,33,121,313,0,0,0,457,infectious,114
22.38511700898001,533,33,120,314,0,0,0,457,recovery,965
22.39638270259756,532,34,120,314,0,0,0,458,infection,33
22.420524684985462,532,34,119,315,0,0,0,458,recovery,258
22.451740209523624,532,33,120,315,0,0,0,458,infectious,356
22.456749433547394,532,33,119,316,0,0,0,458,recovery,691
22.477014788367512,531,34,119,316,0,0,0,459,infection,736
22.484444907570342,531,34,118,317,0,0,0,459,recovery,398
22.49525961783004,531,33,119,317,0,0,0,459,infectious,280
22.502562680548014,530,34,119,317,0,0,0,460,infection,189
22.51948787342586,530,34,118,318,0,0,0,460,recovery,187
22.530340140389846,530,34,117,319,0,0,0,460,recovery,436
22.53792517387953,529,35,117,319,0,0,0,461,infection,451
22.55429249701998,529,34,118,319,0,0,0,461,infectious,451
22.558297798552783,529,33,119,319,0,0,0,461,infectious,68
22.585773011192458,529,32,120,319,0,0,0,461,infectious,542
22.589196998903702,528,33,120,319,0,0,0,462,infection,809
22.593629737151808,527,34,120,319,0,0,0,463,infection,795
22.599113077649125,526,35,120,319,0,0,0,464,infection,651
22.602227272748674,525,36,120,319,0,0,0,465,infection,857
22.605063460818062,525,35,121,319,0,0,0,465,infectious,321
22.614871964976224,525,34,122,319,0,0,0,465,infectious,520
22.623668575519694,525,33,123,319,0,0,0,465,infectious,651
22.62458847556875,525,33,122,320,0,0,0,465,recovery,480
22.634600737364877,525,32,123,320,0,0,0,465,infectious,967
22.635904581232154,524,33,123,320,0,0,0,466,infection,868
22.64110349724188,524,33,122,321,0,0,0,466,recovery,781
22.647450561825234,524,32,123,321,0,0,0,466,infectious,878
22.667770471923134,524,32,122,322,0,0,0,466,recovery,109
22.673553355592603,524,31,123,322,0,0,0,466,infectious,894
22.676446289407274,524,30,124,322,0,0,0,466,infectious,320
22.681305214490497,524,30,123,323,0,0,0,466,recovery,239
22.703420716935817,524,30,122,324,0,0,0,466,recovery,338
22.734726069804232,524,29,123,324,0,0,0,466,infectious,533
22.739290981390532,524,28,124,324,0,0,0,466,infectious,811
22.754267237845475,524,27,125,324,0,0,0,466,infectious,97
22.757020821451707,524,26,126,324,0,0,0,466,infectious,795
22.77736364331588,524,25,127,324,0,0,0,466,infectious,736
22.782369707691988,524,25,126,325,0,0,0,466,recovery,542
22.785418643583338,523,26,126,325,0,0,0,467,infection,876
22.79786768006496,523,25,127,325,0,0,0,467,infectious,263
22.800071598796478,523,24,128,325,0,0,0,467,infectious,150
22.838391650712737,523,23,129,325,0,0,0,467,infectious,189
22.84543767223187,523,23,128,326,0,0,0,467,recovery,679
22.860324602677135,522,24,128,326,0,0,0,468,infection,482
22.860451479779627,521,25,128,326,0,0,0,469,infection,125
22.863922933279063,520,26,128,326,0,0,0,470,infection,2
22.880780290446936,520,26,127,327,0,0,0,470,recovery,495
22.889908146960416,520,25,128,327,0,0,0,470,infectious,870
22.89844249709897,520,25,127,328,0,0,0,470,recovery,661
22.901298974636685,520,25,126,329,0,0,0,470,recovery,150
22.929749688816823,520,25,125,330,0,0,0,470,recovery,585
22.941205769724053,520,24,126,330,0,0,0,470,infectious,726
22.94391234244864,519,25,126,330,0,0,0,471,infection,287
22.95318680205618,519,25,125,331,0,0,0,471,recovery,705
22.954033480187746,519,25,124,332,0,0,0,471,recovery,503
22.956976233730572,518,26,124,332,0,0,0,472,infection,539
22.958476093873855,517,27,124,332,0,0,0,473,infection,517
22.963860021605605,517,27,123,333,0,0,0,473,recovery,731
22.963951993199473,517,26,124,333,0,0,0,473,infectious,293
22.984409431489144,516,27,124,333,0,0,0,474,infection,418
22.98665267186628,515,28,124,333,0,0,0,475,infection,744
23.002315300217724,515,28,123,334,0,0,0,475,recovery,336
23.011965281264743,515,28,122,335,0,0,0,475,recovery,795
23.022364666497104,514,29,122,335,0,0,0,476,infection,377
23.025398194341324,514,29,121,336,0,0,0,476,recovery,662
23.025478223519553,513,30,121,336,0,0,0,477,infection,612
23.0453905044711,513,30,120,337,0,0,0,477,recovery,615
23.06567472363787,512,31,120,337,0,0,0,478,infection,890
23.125533500812455,511,32,120,337,0,0,0,479,infection,483
23.128255727526806,510,33,120,337,0,0,0,480,infection,786
23.134860076287342,509,34,120,337,0,0,0,481,infection,660
23.135199462459386,508,35,120,337,0,0,0,482,infection,636
23.14365041511602,507,36,120,337,0,0,0,483,infection,80
23.155831610210335,507,35,121,337,0,0,0,483,infectious,517
23.164772432828293,507,35,120,338,0,0,0,483,recovery,115
23.17029743039425,506,36,120,338,0,0,0,484,infection,831
23.21247964411249,505,37,120,338,0,0,0,485,infection,64
23.224597192878676,504,38,120,338,0,0,0,486,infection,357
23.237123878218245,503,39,120,338,0,0,0,487,infection,74
23.26115049446235,503,38,121,338,0,0,0,487,infectious,636
23.283035425564318,503,37,122,338,0,0,0,487,infectious,821
23.294082573276157,503,36,123,338,0,0,0,487,infectious,9
23.30505975032173,503,35,124,338,0,0,0,487,infectious,418
23.31124568466514,502,36,124,338,0,0,0,488,infection,706
23.31390266945324,501,37,124,338,0,0,0,489,infection,72
23.317849324468664,501,37,123,339,0,0,0,489,recovery,871
23.342889477775554,501,36,124,339,0,0,0,489,infectious,612
23.349866769726667,501,35,125,339,0,0,0,489,infectious,125
23.353420012188913,501,35,124,340,0,0,0,489,recovery,875
23.358564266039636,501,34,125,340,0,0,0,489,infectious,868
23.36301385148528,501,33,126,340,0,0,0,489,infectious,539
23.36467368400375,500,34,126,340,0,0,0,490,infection,605
23.366562618088714,500,33,127,340,0,0,0,490,infectious,357
23.379157826050957,499,34,127,340,0,0,0,491,infection,204
23.385324638527308,499,34,126,341,0,0,0,491,recovery,283
23.41846882569983,498,35,126,341,0,0,0,492,infection,944
23.41927498599457,497,36,126,341,0,0,0,493,infection,136
23.41987180376009,497,35,127,341,0,0,0,493,infectious,831
23.420980456526085,497,35,126,342,0,0,0,493,recovery,361
23.42735109196646,497,34,127,342,0,0,0,493,infectious,784
23.442582653634602,497,34,126,343,0,0,0,493,recovery,357
23.445407693587196,497,33,127,343,0,0,0,493,infectious,501
23.463849310448285,497,32,128,343,0,0,0,493,infectious,706
23.470640221109417,496,33,128,343,0,0,0,494,infection,469
23.480667653589222,496,32,129,343,0,0,0,494,infectious,136
23.489735307105487,496,31,130,343,0,0,0,494,infectious,678
23.503401806250576,495,32,130,343,0,0,0,495,infection,631
23.504716323825193,495,32,129,344,0,0,0,495,recovery,444
23.511305543847318,495,31,130,344,0,0,0,495,infectious,80
23.53481200708709,494,32,130,344,0,0,0,496,infection,71
23.546388094257363,494,31,131,344,0,0,0,496,infectious,927
23.555206938970677,493,32,131,344,0,0,0,497,infection,955
23.561732630470832,493,32,130,345,0,0,0,497,recovery,36
23.58467320616934,492,33,130,345,0,0,0,498,infection,976
23.58467387209405,492,33,129,346,0,0,0,498,recovery,763
23.593869262236797,492,32,130,346,0,0,0,498,infectious,483
23.597126630391184,492,31,131,346,0,0,0,498,infectious,944
23.61119571394121,491,32,131,346,0,0,0,499,infection,700
23.629114490968764,491,32,130,347,0,0,0,499,recovery,856
23.63143577433228,491,31,131,347,0,0,0,499,infectious,2
23.697812088341106,491,31,130,348,0,0,0,499,recovery,831
23.70181187712857,491,31,129,349,0,0,0,499,recovery,488
23.70497609930516,490,32,129,349,0,0,0,500,infection,152
23.739454546062404,489,33,129,349,0,0,0,501,infection,66
23.753978253448476,489,33,128,350,0,0,0,501,recovery,651
23.772553652595985,489,33,127,351,0,0,0,501,recovery,927
23.77452759017967,488,34,127,351,0,0,0,502,infection,815
23.803235575980953,488,33,128,351,0,0,0,502,infectious,377
23.823207110925228,488,33,127,352,0,0,0,502,recovery,924
23.826483765879672,488,32,128,352,0,0,0,502,infectious,64
23.83064434880254,488,32,127,353,0,0,0,502,recovery,77
23.83309902857642,488,31,128,353,0,0,0,502,infectious,955
23.86767752146888,487,32,128,353,0,0,0,503,infection,318
23.90659288689997,486,33,128,353,0,0,0,504,infection,351
23.91346694127383,485,34,128,353,0,0,0,505,infection,807
23.915418772345888,485,34,127,354,0,0,0,505,recovery,812
23.921322672661557,485,33,128,354,0,0,0,505,infectious,876
23.940034254875222,485,33,127,355,0,0,0,505,recovery,125
23.941178005546554,485,33,126,356,0,0,0,505,recovery,377
23.953432313321407,484,34,126,356,0,0,0,506,infection,324
23.975223501553458,484,34,125,357,0,0,0,506,recovery,80
23.993567973791915,484,34,124,358,0,0,0,506,recovery,736
24.020814448952713,484,34,123,359,0,0,0,506,recovery,830
24.05033621962567,484,34,122,360,0,0,0,506,recovery,501
24.051130977682433,484,33,123,360,0,0,0,506,infectious,74
24.064905955062965,484,32,124,360,0,0,0,506,infectious,324
24.081148082591017,484,31,125,360,0,0,0,506,infectious,72
24.09238875542018,484,31,124,361,0,0,0,506,recovery,740
24.137826370285662,483,32,124,361,0,0,0,507,infection,291
24.146939538956,483,32,123,362,0,0,0,507,recovery,260
24.15953411656931,482,33,123,362,0,0,0,508,infection,718
24.1749604015002,482,32,124,362,0,0,0,508,infectious,33
24.18594593362719,481,33,124,362,0,0,0,509,infection,319
24.226214056762586,481,33,123,363,0,0,0,509,recovery,876
24.227223294297655,481,33,122,364,0,0,0,509,recovery,98
24.230739072824186,480,34,122,364,0,0,0,510,infection,603
24.246174372247033,480,34,121,365,0,0,0,510,recovery,451
24.25088009218854,479,35,121,365,0,0,0,511,infection,903
24.270731003096113,478,36,121,365,0,0,0,512,infection,688
24.27344221814737,478,36,120,366,0,0,0,512,recovery,387
24.280116990187672,478,36,119,367,0,0,0,512,recovery,104
24.289077349289574,478,36,118,368,0,0,0,512,recovery,365
24.318195463239658,478,35,119,368,0,0,0,512,infectious,469
24.319018156453055,478,34,120,368,0,0,0,512,infectious,605
24.33532281233825,478,33,121,368,0,0,0,512,infectious,890
24.336182290346763,478,33,120,369,0,0,0,512,recovery,648
24.343920316970088,477,34,120,369,0,0,0,513,infection,547
24.345092378992696,477,33,121,369,0,0,0,513,infectious,814
24.369185569693144,477,33,120,370,0,0,0,513,recovery,97
24.372266203439953,476,34,120,370,0,0,0,514,infection,647
24.378571564015004,476,34,119,371,0,0,0,514,recovery,678
24.381813696489424,476,34,118,372,0,0,0,514,recovery,67
24.435627566460873,475,35,118,372,0,0,0,515,infection,947
24.450331348504445,474,36,118,372,0,0,0,516,infection,908
24.491131759827702,474,35,119,372,0,0,0,516,infectious,786
24.49588840409577,474,35,118,373,0,0,0,516,recovery,293
24.500553208817813,474,34,119,373,0,0,0,516,infectious,807
24.50324340475636,474,34,118,374,0,0,0,516,recovery,870
24.508705376942984,473,35,118,374,0,0,0,517,infection,643
24.520593063003,473,35,117,375,0,0,0,517,recovery,726
24.522960093678034,473,35,116,376,0,0,0,517,recovery,280
24.530953425805112,473,34,117,376,0,0,0,517,infectious,291
24.548793487026053,472,35,117,376,0,0,0,518,infection,306
24.549166054178176,471,36,117,376,0,0,0,519,infection,646
24.555316516915987,471,35,118,376,0,0,0,519,infectious,152
24.561038967539567,471,35,117,377,0,0,0,519,recovery,371
24.562003368189753,471,34,118,377,0,0,0,519,infectious,718
24.57194101589915,470,35,118,377,0,0,0,520,infection,523
24.582036936262387,470,34,119,377,0,0,0,520,infectious,531
24.594006551147906,470,34,118,378,0,0,0,520,recovery,683
24.60123336695421,469,35,118,378,0,0,0,521,infection,297
24.621551921721903,469,35,117,379,0,0,0,521,recovery,595
24.627708613116862,469,34,118,379,0,0,0,521,infectious,351
24.63686226050218,469,34,117,380,0,0,0,521,recovery,865
24.655591670431207,469,33,118,380,0,0,0,521,infectious,318
24.663361847089277,469,32,119,380,0,0,0,521,infectious,287
24.6651985327386,469,32,118,381,0,0,0,521,recovery,127
24.666098960820264,469,31,119,381,0,0,0,521,infectious,53
24.67706530634511,468,32,119,381,0,0,0,522,infection,541
24.67837491049459,468,31,120,381,0,0,0,522,infectious,319
24.688309254281357,468,31,119,382,0,0,0,522,recovery,244
24.69831511949745,467,32,119,382,0,0,0,523,infection,32
24.703384367762673,466,33,119,382,0,0,0,524,infection,981
24.716022912368583,466,32,120,382,0,0,0,524,infectious,541
24.716073607037046,466,31,121,382,0,0,0,524,infectious,688
24.72097678399041,466,31,120,383,0,0,0,524,recovery,185
24.75708637977356,466,30,121,383,0,0,0,524,infectious,976
24.77324085244145,466,29,122,383,0,0,0,524,infectious,903
24.776071252882275,466,29,121,384,0,0,0,524,recovery,543
24.818227914446094,466,28,122,384,0,0,0,524,infectious,205
24.8441623867481,465,29,122,384,0,0,0,525,infection,873
24.859336290831457,465,29,121,385,0,0,0,525,recovery,539
24.86217708087979,465,29,120,386,0,0,0,525,recovery,555
24.8655210702346,464,30,120,386,0,0,0,526,infection,460
24.88547307536445,463,31,120,386,0,0,0,527,infection,818
24.88874048077157,462,32,120,386,0,0,0,528,infection,529
24.908622461279393,462,31,121,386,0,0,0,528,infectious,700
24.917177949300218,461,32,121,386,0,0,0,529,infection,113
24.923006436990505,461,32,120,387,0,0,0,529,recovery,899
24.92779578765866,460,33,120,387,0,0,0,530,infection,191
24.94751360985081,459,34,120,387,0,0,0,531,infection,822
24.95676622364891,459,34,119,388,0,0,0,531,recovery,356
24.992152104802518,458,35,119,388,0,0,0,532,infection,816
24.99272986072518,458,34,120,388,0,0,0,532,infectious,191
25.01738671118511,457,35,120,388,0,0,0,533,infection,27
25.01741906442047,456,36,120,388,0,0,0,534,infection,462
25.035772032142475,455,37,120,388,0,0,0,535,infection,940
25.042805487050114,455,36,121,388,0,0,0,535,infectious,947
25.04902378957246,455,35,122,388,0,0,0,535,infectious,603
25.051541241042866,455,34,123,388,0,0,0,535,infectious,631
25.054245039162648,455,34,122,389,0,0,0,535,recovery,152
25.057032771979983,455,34,121,390,0,0,0,535,recovery,957
25.0585720348403,455,33,122,390,0,0,0,535,infectious,306
25.062213293213,454,34,122,390,0,0,0,536,infection,393
25.06603143183527,454,33,123,390,0,0,0,536,infectious,873
25.072665291009866,454,33,122,391,0,0,0,536,recovery,558
25.07277267234989,454,32,123,391,0,0,0,536,infectious,113
25.079061976295232,454,31,124,391,0,0,0,536,infectious,204
25.105147405137597,454,30,125,391,0,0,0,536,infectious,462
25.11347652021769,454,30,124,392,0,0,0,536,recovery,189
25.136546528553616,454,29,125,392,0,0,0,536,infectious,643
25.13813583779126,454,29,124,393,0,0,0,536,recovery,814
25.14268231468325,454,29,123,394,0,0,0,536,recovery,287
25.17277767537311,454,29,122,395,0,0,0,536,recovery,321
25.18772866698249,454,28,123,395,0,0,0,536,infectious,931
25.187760142663123,454,28,122,396,0,0,0,536,recovery,470
25.19155063655399,454,28,121,397,0,0,0,536,recovery,449
25.199046282319173,453,29,121,397,0,0,0,537,infection,399
25.20561257929417,452,30,121,397,0,0,0,538,infection,774
25.220688409383943,452,29,122,397,0,0,0,538,infectious,297
25.230325189688052,451,30,122,397,0,0,0,539,infection,228
25.232601294362706,451,29,123,397,0,0,0,539,infectious,71
25.2420398417855,450,30,123,397,0,0,0,540,infection,70
25.253501895226282,450,29,124,397,0,0,0,540,infectious,70
25.26944214410826,450,28,125,397,0,0,0,540,infectious,646
25.278197847771846,450,28,124,398,0,0,0,540,recovery,640
25.28172320022361,450,28,123,399,0,0,0,540,recovery,296
25.289180519841683,450,27,124,399,0,0,0,540,infectious,66
25.29061666200909,450,27,123,400,0,0,0,540,recovery,322
25.346279381153963,450,27,122,401,0,0,0,540,recovery,15
25.354160658570343,450,27,121,402,0,0,0,540,recovery,313
25.36145570741219,450,27,120,403,0,0,0,540,recovery,72
25.363793473117006,450,27,119,404,0,0,0,540,recovery,163
25.376484873856356,450,27,118,405,0,0,0,540,recovery,717
25.385986639285342,450,26,119,405,0,0,0,540,infectious,774
25.386741578343695,450,26,118,406,0,0,0,540,recovery,428
25.433038908389616,449,27,118,406,0,0,0,541,infection,884
25.465756319220766,449,27,117,407,0,0,0,541,recovery,176
25.48308212372807,449,27,116,408,0,0,0,541,recovery,587
25.490101650927254,449,26,117,408,0,0,0,541,infectious,908
25.491703037131334,449,26,116,409,0,0,0,541,recovery,947
25.49231077922349,448,27,116,409,0,0,0,542,infection,134
25.520151507472402,447,28,116,409,0,0,0,543,infection,627
25.525728000397287,447,28,115,410,0,0,0,543,recovery,732
25.528047538041083,446,29,115,410,0,0,0,544,infection,5
25.53651385815241,446,29,114,411,0,0,0,544,recovery,6
25.537211577326644,445,30,114,411,0,0,0,545,infection,813
25.538059498709245,445,30,113,412,0,0,0,545,recovery,191
25.540984259974273,444,31,113,412,0,0,0,546,infection,151
25.541528755681025,444,30,114,412,0,0,0,546,infectious,744
25.550099555980623,443,31,114,412,0,0,0,547,infection,334
25.554991700233373,442,32,114,412,0,0,0,548,infection,949
25.555263429333532,442,31,115,412,0,0,0,548,infectious,228
25.572883118772683,442,31,114,413,0,0,0,548,recovery,786
25.593235404525057,441,32,114,413,0,0,0,549,infection,454
25.599577184971793,441,31,115,413,0,0,0,549,infectious,454
25.62395434562611,441,31,114,414,0,0,0,549,recovery,541
25.645609800287684,440,32,114,414,0,0,0,550,infection,475
25.671350280238855,439,33,114,414,0,0,0,551,infection,663
25.68037169472485,439,32,115,414,0,0,0,551,infectious,399
25.696134720186233,439,32,114,415,0,0,0,551,recovery,718
25.719984224102685,439,31,115,415,0,0,0,551,infectious,32
25.74017518904348,439,31,114,416,0,0,0,551,recovery,114
25.76439764848879,439,31,113,417,0,0,0,551,recovery,123
25.788286997972175,438,32,113,417,0,0,0,552,infection,285
25.78943679766982,438,31,114,417,0,0,0,552,infectious,940
25.82576764660821,438,30,115,417,0,0,0,552,infectious,884
25.860217727182352,437,31,115,417,0,0,0,553,infection,592
25.896225521326528,436,32,115,417,0,0,0,554,infection,518
25.915413720309726,436,32,114,418,0,0,0,554,recovery,184
25.91764041316395,436,31,115,418,0,0,0,554,infectious,663
25.92469588793243,435,32,115,418,0,0,0,555,infection,897
25.93478818973552,435,31,116,418,0,0,0,555,infectious,5
25.950768740069545,435,31,115,419,0,0,0,555,recovery,551
25.953549150206733,435,31,114,420,0,0,0,555,recovery,868
25.960905546715363,435,30,115,420,0,0,0,555,infectious,815
25.973082812129178,435,30,114,421,0,0,0,555,recovery,855
25.985490371747364,435,29,115,421,0,0,0,555,infectious,822
25.987442896122946,434,30,115,421,0,0,0,556,infection,780
25.99503864351918,433,31,115,421,0,0,0,557,infection,711
25.996529767532966,433,30,116,421,0,0,0,557,infectious,897
26.033080888678423,433,30,115,422,0,0,0,557,recovery,418
26.037153172963666,433,30,114,423,0,0,0,557,recovery,2
26.043145241750544,433,29,115,423,0,0,0,557,infectious,521
26.06491805859203,433,29,114,424,0,0,0,557,recovery,975
26.071504596639308,433,28,115,424,0,0,0,557,infectious,134
26.083021933318502,432,29,115,424,0,0,0,558,infection,30
26.08778364806258,432,29,114,425,0,0,0,558,recovery,85
26.09313588683182,432,29,113,426,0,0,0,558,recovery,186
26.096593008026588,432,29,112,427,0,0,0,558,recovery,132
26.132684448364273,432,29,111,428,0,0,0,558,recovery,531
26.157406359847446,431,30,111,428,0,0,0,559,infection,775
26.163010384159396,431,29,112,428,0,0,0,559,infectious,285
26.185127449575702,431,28,113,428,0,0,0,559,infectious,151
26.194464455396517,430,29,113,428,0,0,0,560,infection,298
26.242372973434634,430,29,112,429,0,0,0,560,recovery,663
26.254617018369224,430,28,113,429,0,0,0,560,infectious,460
26.28583213442825,430,28,112,430,0,0,0,560,recovery,149
26.292095756007555,429,29,112,430,0,0,0,561,infection,515
26.303542036944492,428,30,112,430,0,0,0,562,infection,409
26.31531904644697,428,30,111,431,0,0,0,562,recovery,113
26.326873426436492,428,29,112,431,0,0,0,562,infectious,582
26.375612845772956,428,29,111,432,0,0,0,562,recovery,610
26.381492918249865,428,29,110,433,0,0,0,562,recovery,696
26.382184200816567,428,29,109,434,0,0,0,562,recovery,852
26.383376557906725,428,29,108,435,0,0,0,562,recovery,940
26.3913128209496,427,30,108,435,0,0,0,563,infection,175
26.423430517010498,426,31,108,435,0,0,0,564,infection,861
26.42622056145976,426,30,109,435,0,0,0,564,infectious,861
26.427671399108952,426,29,110,435,0,0,0,564,infectious,813
26.444551309484567,426,28,111,435,0,0,0,564,infectious,412
26.452352974970324,426,28,110,436,0,0,0,564,recovery,774
26.462975301443382,425,29,110,436,0,0,0,565,infection,411
26.477942559162564,425,28,111,436,0,0,0,565,infectious,523
26.48383551006364,425,27,112,436,0,0,0,565,infectious,27
26.484934478508926,425,26,113,436,0,0,0,565,infectious,857
26.49181832267264,425,26,112,437,0,0,0,565,recovery,460
26.504168089393445,425,26,111,438,0,0,0,565,recovery,279
26.51840394347675,425,26,110,439,0,0,0,565,recovery,944
26.546477875296127,425,26,109,440,0,0,0,565,recovery,744
26.556806760361923,425,26,108,441,0,0,0,565,recovery,586
26.568092207870475,425,26,107,442,0,0,0,565,recovery,896
26.569086010190208,425,26,106,443,0,0,0,565,recovery,43
26.57932782897759,425,26,105,444,0,0,0,565,recovery,362
26.58120609120052,425,26,104,445,0,0,0,565,recovery,320
26.58387143762504,424,27,104,445,0,0,0,566,infection,676
26.61729235919171,424,27,103,446,0,0,0,566,recovery,285
26.622191925160045,424,26,104,446,0,0,0,566,infectious,949
26.625594593666282,424,25,105,446,0,0,0,566,infectious,711
26.62966203565407,423,26,105,446,0,0,0,567,infection,37
26.63718000414642,422,27,105,446,0,0,0,568,infection,626
26.640157901813012,422,26,106,446,0,0,0,568,infectious,298
26.64362816912963,421,27,106,446,0,0,0,569,infection,81
26.67632405468924,420,28,106,446,0,0,0,570,infection,962
26.677792219581708,420,27,107,446,0,0,0,570,infectious,626
26.715443132392238,420,27,106,447,0,0,0,570,recovery,291
26.724573034681004,420,27,105,448,0,0,0,570,recovery,861
26.732298961428757,419,28,105,448,0,0,0,571,infection,180
26.740694380859775,418,29,105,448,0,0,0,572,infection,63
26.741113898973378,418,28,106,448,0,0,0,572,infectious,393
26.76536448280622,418,27,107,448,0,0,0,572,infectious,81
26.769471183599403,418,26,108,448,0,0,0,572,infectious,334
26.780986603328554,418,26,107,449,0,0,0,572,recovery,967
26.797270232487897,418,26,106,450,0,0,0,572,recovery,23
26.833180344500853,418,26,105,451,0,0,0,572,recovery,572
26.841413825008413,418,26,104,452,0,0,0,572,recovery,711
26.85389163593171,417,27,104,452,0,0,0,573,infection,431
26.864897068111777,417,26,105,452,0,0,0,573,infectious,547
26.865047088424575,417,26,104,453,0,0,0,573,recovery,700
26.865624028153647,416,27,104,453,0,0,0,574,infection,787
26.869049171480835,416,27,103,454,0,0,0,574,recovery,454
26.88239947372525,416,27,102,455,0,0,0,574,recovery,631
26.889976013405946,416,26,103,455,0,0,0,574,infectious,787
26.904017968611132,415,27,103,455,0,0,0,575,infection,742
26.91180268941436,415,27,102,456,0,0,0,575,recovery,243
26.922266549506205,415,26,103,456,0,0,0,575,infectious,63
26.925791465673278,414,27,103,456,0,0,0,576,infection,289
26.976211976547877,413,28,103,456,0,0,0,577,infection,779
26.99774755977413,413,28,102,457,0,0,0,577,recovery,976
27.001562313840104,413,27,103,457,0,0,0,577,infectious,515
27.00755298268573,413,27,102,458,0,0,0,577,recovery,364
27.01220193088615,413,26,103,458,0,0,0,577,infectious,676
27.018717608156503,413,25,104,458,0,0,0,577,infectious,518
27.02490458295161,412,26,104,458,0,0,0,578,infection,335
27.031235125711746,411,27,104,458,0,0,0,579,infection,88
27.037217904973076,411,27,103,459,0,0,0,579,recovery,784
27.037405991292808,411,27,102,460,0,0,0,579,recovery,121
27.04153231424032,410,28,102,460,0,0,0,580,infection,902
27.050468883303285,410,28,101,461,0,0,0,580,recovery,706
27.07239955113901,410,27,102,461,0,0,0,580,infectious,88
27.076049705566305,410,27,101,462,0,0,0,580,recovery,813
27.11268184050046,410,26,102,462,0,0,0,580,infectious,647
27.130515354417412,410,26,101,463,0,0,0,580,recovery,136
27.140456911390427,409,27,101,463,0,0,0,581,infection,983
27.14593556035863,408,28,101,463,0,0,0,582,infection,489
27.150029433820492,407,29,101,463,0,0,0,583,infection,820
27.176695618789374,406,30,101,463,0,0,0,584,infection,91
27.182077150572898,406,29,102,463,0,0,0,584,infectious,962
27.186728640850134,406,28,103,463,0,0,0,584,infectious,780
27.189779550469616,405,29,103,463,0,0,0,585,infection,500
27.19830325271736,405,28,104,463,0,0,0,585,infectious,660
27.209746339758453,404,29,104,463,0,0,0,586,infection,724
27.214105429266485,404,29,103,464,0,0,0,586,recovery,63
27.234755005610822,403,30,103,464,0,0,0,587,infection,883
27.25513571643835,402,31,103,464,0,0,0,588,infection,166
27.266142332454613,402,30,104,464,0,0,0,588,infectious,775
27.27190009304346,401,31,104,464,0,0,0,589,infection,467
27.274871110564916,400,32,104,464,0,0,0,590,infection,118
27.278945369903465,400,31,105,464,0,0,0,590,infectious,91
27.292712796937806,399,32,105,464,0,0,0,591,infection,337
27.302935559868455,398,33,105,464,0,0,0,592,infection,721
27.33505710340358,397,34,105,464,0,0,0,593,infection,869
27.370667455921335,397,33,106,464,0,0,0,593,infectious,431
27.395879078176428,397,33,105,465,0,0,0,593,recovery,334
27.416701173015593,397,32,106,465,0,0,0,593,infectious,166
27.419498448946914,396,33,106,465,0,0,0,594,infection,48
27.424134913911228,396,33,105,466,0,0,0,594,recovery,27
27.428010531643235,396,33,104,467,0,0,0,594,recovery,297
27.43054912264877,396,33,103,468,0,0,0,594,recovery,33
27.437575010944393,396,32,104,468,0,0,0,594,infectious,816
27.469510340066577,396,32,103,469,0,0,0,594,recovery,44
27.475419293932593,396,32,102,470,0,0,0,594,recovery,816
27.479733153693836,396,31,103,470,0,0,0,594,infectious,337
27.503056957711912,396,31,102,471,0,0,0,594,recovery,922
27.503905636594272,396,30,103,471,0,0,0,594,infectious,500
27.511401223375138,396,30,102,472,0,0,0,594,recovery,9
27.51782526040821,395,31,102,472,0,0,0,595,infection,379
27.53955501058177,395,31,101,473,0,0,0,595,recovery,832
27.5820052647326,395,30,102,473,0,0,0,595,infectious,489
27.594230463048017,394,31,102,473,0,0,0,596,infection,349
27.596075785798405,394,31,101,474,0,0,0,596,recovery,500
27.602131750410848,393,32,101,474,0,0,0,597,infection,629
27.602440796446388,393,31,102,474,0,0,0,597,infectious,349
27.622262987201935,393,30,103,474,0,0,0,597,infectious,869
27.6317212146659,393,30,102,475,0,0,0,597,recovery,811
27.632763636692214,392,31,102,475,0,0,0,598,infection,242
27.63548167553283,392,31,101,476,0,0,0,598,recovery,351
27.641653550018006,392,30,102,476,0,0,0,598,infectious,118
27.65232774939252,391,31,102,476,0,0,0,599,infection,329
27.671870970267967,390,32,102,476,0,0,0,600,infection,776
27.679310515210098,389,33,102,476,0,0,0,601,infection,133
27.679515612041826,389,32,103,476,0,0,0,601,infectious,133
27.692556494640687,388,33,103,476,0,0,0,602,infection,299
27.704443466464348,387,34,103,476,0,0,0,603,infection,212
27.74379108019636,386,35,103,476,0,0,0,604,infection,49
27.74524902946193,386,35,102,477,0,0,0,604,recovery,971
27.75719442162552,386,34,103,477,0,0,0,604,infectious,627
27.79689149503061,386,33,104,477,0,0,0,604,infectious,983
27.826764492430392,385,34,104,477,0,0,0,605,infection,323
27.82704010468224,385,33,105,477,0,0,0,605,infectious,242
27.82791644701808,385,33,104,478,0,0,0,605,recovery,775
27.8305856144507,385,33,103,479,0,0,0,605,recovery,908
27.83355238173264,384,34,103,479,0,0,0,606,infection,674
27.842549359047414,384,34,102,480,0,0,0,606,recovery,521
27.860691774543785,384,33,103,480,0,0,0,606,infectious,529
27.876926199160472,384,33,102,481,0,0,0,606,recovery,205
27.891558326365335,384,33,101,482,0,0,0,606,recovery,5
27.92859796617758,384,32,102,482,0,0,0,606,infectious,820
27.959755035478096,384,32,101,483,0,0,0,606,recovery,764
27.97398738313604,384,32,100,484,0,0,0,606,recovery,769
27.979326875935527,384,32,99,485,0,0,0,606,recovery,372
27.981724098541374,384,31,100,485,0,0,0,606,infectious,883
27.996855232753543,384,31,99,486,0,0,0,606,recovery,533
28.032328412336483,384,30,100,486,0,0,0,606,infectious,985
28.060634343805315,384,30,99,487,0,0,0,606,recovery,66
28.09023401186525,384,29,100,487,0,0,0,606,infectious,592
28.093536468777852,383,30,100,487,0,0,0,607,infection,570
28.102405218060756,383,30,99,488,0,0,0,607,recovery,172
28.104759039050542,383,30,98,489,0,0,0,607,recovery,567
28.1266776510112,382,31,98,489,0,0,0,608,infection,778
28.14289354330589,381,32,98,489,0,0,0,609,infection,216
28.145233163023928,380,33,98,489,0,0,0,610,infection,693
28.146324238692635,380,33,97,490,0,0,0,610,recovery,884
28.155599265565645,379,34,97,490,0,0,0,611,infection,752
28.155868149375873,379,34,96,491,0,0,0,611,recovery,592
28.167606178726157,379,34,95,492,0,0,0,611,recovery,890
28.18338414729991,379,34,94,493,0,0,0,611,recovery,985
28.21901420435754,378,35,94,493,0,0,0,612,infection,632
28.238992343349572,378,35,93,494,0,0,0,612,recovery,124
28.240692290152005,378,34,94,494,0,0,0,612,infectious,180
28.25064205471914,378,33,95,494,0,0,0,612,infectious,30
28.25066553973685,378,32,96,494,0,0,0,612,infectious,632
28.270451771164446,378,31,97,494,0,0,0,612,infectious,323
28.273917470974812,378,31,96,495,0,0,0,612,recovery,30
28.312666458778345,378,31,95,496,0,0,0,612,recovery,605
28.330154959828267,378,31,94,497,0,0,0,612,recovery,323
28.334522173154625,378,30,95,497,0,0,0,612,infectious,175
28.361109879702273,377,31,95,497,0,0,0,613,infection,925
28.37706750544685,377,30,96,497,0,0,0,613,infectious,299
28.386096902528873,377,29,97,497,0,0,0,613,infectious,752
28.38748615476749,377,29,96,498,0,0,0,613,recovery,815
28.395371530385496,377,29,95,499,0,0,0,613,recovery,936
28.416445149715972,377,28,96,499,0,0,0,613,infectious,329
28.41819647948576,377,27,97,499,0,0,0,613,infectious,818
28.433495250238874,376,28,97,499,0,0,0,614,infection,174
28.464930781976232,375,29,97,499,0,0,0,615,infection,907
28.49743558926566,375,29,96,500,0,0,0,615,recovery,780
28.520108065283697,374,30,96,500,0,0,0,616,infection,519
28.522349135762063,374,30,95,501,0,0,0,616,recovery,807
28.547409535200398,374,29,96,501,0,0,0,616,infectious,778
28.551917932040887,374,28,97,501,0,0,0,616,infectious,216
28.55387875054839,373,29,97,501,0,0,0,617,infection,238
28.561939564467853,373,28,98,501,0,0,0,617,infectious,289
28.56795160744434,373,27,99,501,0,0,0,617,infectious,776
28.579307242674847,373,26,100,501,0,0,0,617,infectious,519
28.606227376140897,373,26,99,502,0,0,0,617,recovery,489
28.610027366818386,373,25,100,502,0,0,0,617,infectious,925
28.615171035654196,372,26,100,502,0,0,0,618,infection,430
28.629967844437946,371,27,100,502,0,0,0,619,infection,368
28.63281775009578,370,28,100,502,0,0,0,620,infection,973
28.647693255297426,369,29,100,502,0,0,0,621,infection,450
28.68464988016425,369,28,101,502,0,0,0,621,infectious,779
28.704125482417904,369,27,102,502,0,0,0,621,infectious,49
28.715862102244813,369,26,103,502,0,0,0,621,infectious,907
28.73299699106606,369,26,102,503,0,0,0,621,recovery,612
28.735147081062813,369,26,101,504,0,0,0,621,recovery,71
28.744137645331804,369,25,102,504,0,0,0,621,infectious,482
28.74438799229663,369,24,103,504,0,0,0,621,infectious,981
28.750269988698186,369,24,102,505,0,0,0,621,recovery,981
28.75413381821588,369,23,103,505,0,0,0,621,infectious,721
28.770822862007055,369,22,104,505,0,0,0,621,infectious,475
28.792128849772887,369,22,103,506,0,0,0,621,recovery,647
28.803137213522557,368,23,103,506,0,0,0,622,infection,84
28.850864103091347,367,24,103,506,0,0,0,623,infection,301
28.854375170764992,367,24,102,507,0,0,0,623,recovery,74
28.85439385982333,366,25,102,507,0,0,0,624,infection,743
28.880212097535505,366,25,101,508,0,0,0,624,recovery,907
28.88272307722226,366,24,102,508,0,0,0,624,infectious,973
28.89126109533875,366,24,101,509,0,0,0,624,recovery,949
28.91695630667092,366,23,102,509,0,0,0,624,infectious,450
28.93085108116984,366,22,103,509,0,0,0,624,infectious,809
28.96005243288404,366,22,102,510,0,0,0,624,recovery,329
28.963235800909633,366,22,101,511,0,0,0,624,recovery,897
28.965653622013555,365,23,101,511,0,0,0,625,infection,525
28.978788284233325,365,22,102,511,0,0,0,625,infectious,409
28.981175379264904,365,22,101,512,0,0,0,625,recovery,431
28.984726308854025,365,21,102,512,0,0,0,625,infectious,301
28.985877422722766,365,20,103,512,0,0,0,625,infectious,742
29.00997046677431,364,21,103,512,0,0,0,626,infection,645
29.025790829438066,364,21,102,513,0,0,0,626,recovery,462
29.03867595046837,363,22,102,513,0,0,0,627,infection,94
29.04907210256097,363,22,101,514,0,0,0,627,recovery,923
29.067337677898394,363,21,102,514,0,0,0,627,infectious,570
29.067853614151044,362,22,102,514,0,0,0,628,infection,438
29.087097574683995,362,22,101,515,0,0,0,628,recovery,242
29.109998904780547,362,22,100,516,0,0,0,628,recovery,779
29.135221385133917,362,21,101,516,0,0,0,628,infectious,368
29.137236190321154,361,22,101,516,0,0,0,629,infection,942
29.148831637702322,361,21,102,516,0,0,0,629,infectious,174
29.163373794830544,361,20,103,516,0,0,0,629,infectious,693
29.170727535907414,361,19,104,516,0,0,0,629,infectious,238
29.227552900924398,361,19,103,517,0,0,0,629,recovery,299
29.230925941773076,360,20,103,517,0,0,0,630,infection,486
29.235153031817624,360,19,104,517,0,0,0,630,infectious,724
29.254737200253366,359,20,104,517,0,0,0,631,infection,19
29.28175755849106,359,20,103,518,0,0,0,631,recovery,68
29.283921056165806,359,19,104,518,0,0,0,631,infectious,467
29.288743315608258,359,19,103,519,0,0,0,631,recovery,450
29.30686596604991,359,18,104,519,0,0,0,631,infectious,19
29.31570112072668,359,18,103,520,0,0,0,631,recovery,118
29.338765774004045,359,17,104,520,0,0,0,631,infectious,674
29.478833680518644,358,18,104,520,0,0,0,632,infection,271
29.513109914394704,357,19,104,520,0,0,0,633,infection,493
29.528017636223787,357,18,105,520,0,0,0,633,infectious,48
29.56804172200684,357,18,104,521,0,0,0,633,recovery,328
29.594831789823306,357,18,103,522,0,0,0,633,recovery,368
29.65814010925204,357,18,102,523,0,0,0,633,recovery,911
29.66356672941037,357,18,101,524,0,0,0,633,recovery,263
29.71083372611447,357,18,100,525,0,0,0,633,recovery,752
29.741118270847046,357,17,101,525,0,0,0,633,infectious,411
29.746532158989254,356,18,101,525,0,0,0,634,infection,160
29.74825469465599,356,18,100,526,0,0,0,634,recovery,872
29.753534213234772,356,17,101,526,0,0,0,634,infectious,525
29.767712708788977,356,17,100,527,0,0,0,634,recovery,721
29.779104480636008,355,18,100,527,0,0,0,635,infection,893
29.78399829810625,355,18,99,528,0,0,0,635,recovery,809
29.785548984044475,354,19,99,528,0,0,0,636,infection,951
29.785753901586954,354,19,98,529,0,0,0,636,recovery,693
29.799298322110904,354,19,97,530,0,0,0,636,recovery,238
29.838031059924777,354,19,96,531,0,0,0,636,recovery,324
29.867031737221406,354,18,97,531,0,0,0,636,infectious,271
29.87072046940576,353,19,97,531,0,0,0,637,infection,35
29.8733493751114,353,18,98,531,0,0,0,637,infectious,94
29.88209577007604,353,17,99,531,0,0,0,637,infectious,37
29.915648758851514,353,16,100,531,0,0,0,637,infectious,438
29.921665696323206,353,16,99,532,0,0,0,637,recovery,204
29.926934980468875,353,16,98,533,0,0,0,637,recovery,626
29.941161232304516,353,16,97,534,0,0,0,637,recovery,520
29.967184760699418,353,16,96,535,0,0,0,637,recovery,180
30.003007829238783,352,17,96,535,0,0,0,638,infection,116
30.012498033613475,352,16,97,535,0,0,0,638,infectious,893
30.027116936286703,352,16,96,536,0,0,0,638,recovery,318
30.035523070543633,351,17,96,536,0,0,0,639,infection,339
30.041268453117553,351,17,95,537,0,0,0,639,recovery,517
30.08571118758943,351,16,96,537,0,0,0,639,infectious,743
30.092834243805545,351,16,95,538,0,0,0,639,recovery,931
30.158862866052544,351,15,96,538,0,0,0,639,infectious,160
30.1964288971484,351,14,97,538,0,0,0,639,infectious,84
30.206612361600484,350,15,97,538,0,0,0,640,infection,478
30.258317158698837,350,15,96,539,0,0,0,640,recovery,728
30.307927556710275,350,15,95,540,0,0,0,640,recovery,787
30.308690545662547,350,15,94,541,0,0,0,640,recovery,822
30.314540898841564,350,15,93,542,0,0,0,640,recovery,81
30.320674837795462,350,15,92,543,0,0,0,640,recovery,37
30.344994976955878,349,16,92,543,0,0,0,641,infection,494
30.34769329677582,348,17,92,543,0,0,0,642,infection,544
30.365963286941735,348,17,91,544,0,0,0,642,recovery,301
30.389283575292943,348,17,90,545,0,0,0,642,recovery,397
30.40922889431135,348,16,91,545,0,0,0,642,infectious,951
30.41978718386317,348,16,90,546,0,0,0,642,recovery,821
30.4204386718278,347,17,90,546,0,0,0,643,infection,827
30.428957742176795,347,17,89,547,0,0,0,643,recovery,951
30.45144603061547,347,17,88,548,0,0,0,643,recovery,778
30.458515100894417,347,16,89,548,0,0,0,643,infectious,478
30.510618979075016,346,17,89,548,0,0,0,644,infection,574
30.51234736571525,345,18,89,548,0,0,0,645,infection,863
30.51760827587858,345,18,88,549,0,0,0,645,recovery,166
30.517637607420188,345,17,89,549,0,0,0,645,infectious,493
30.51810777498588,345,16,90,549,0,0,0,645,infectious,629
30.520055365117994,344,17,90,549,0,0,0,646,infection,881
30.52623878335348,344,17,89,550,0,0,0,646,recovery,818
30.53894292509811,343,18,89,550,0,0,0,647,infection,277
30.56612805038423,343,17,90,550,0,0,0,647,infectious,35
30.577353766497254,342,18,90,550,0,0,0,648,infection,723
30.58807761708565,342,18,89,551,0,0,0,648,recovery,603
30.623709183783827,342,18,88,552,0,0,0,648,recovery,582
30.64851248561867,341,19,88,552,0,0,0,649,infection,641
30.65664624200611,340,20,88,552,0,0,0,650,infection,479
30.662265043785183,340,19,89,552,0,0,0,650,infectious,902
30.675442636277506,340,18,90,552,0,0,0,650,infectious,116
30.679845139244105,339,19,90,552,0,0,0,651,infection,473
30.687664316160372,338,20,90,552,0,0,0,652,infection,50
30.690354898851073,337,21,90,552,0,0,0,653,infection,573
30.69786454991533,337,21,89,553,0,0,0,653,recovery,91
30.732229573953575,337,20,90,553,0,0,0,653,infectious,339
30.74438955755975,337,19,91,553,0,0,0,653,infectious,942
30.74724459815823,337,19,90,554,0,0,0,653,recovery,337
30.776460411029934,337,19,89,555,0,0,0,653,recovery,643
30.783916276813528,337,19,88,556,0,0,0,653,recovery,674
30.78544490856337,337,18,89,556,0,0,0,653,infectious,573
30.793696408321484,337,17,90,556,0,0,0,653,infectious,494
30.794772503553254,337,16,91,556,0,0,0,653,infectious,379
30.823692629466933,337,15,92,556,0,0,0,653,infectious,881
30.84186977183845,337,15,91,557,0,0,0,653,recovery,216
30.860252929226494,336,16,91,557,0,0,0,654,infection,466
30.865602121692568,336,16,90,558,0,0,0,654,recovery,396
30.865616339804657,336,15,91,558,0,0,0,654,infectious,827
30.920788813988462,336,15,90,559,0,0,0,654,recovery,742
30.985338029364215,336,14,91,559,0,0,0,654,infectious,473
30.992076223051484,336,14,90,560,0,0,0,654,recovery,869
31.001260835983413,335,15,90,560,0,0,0,655,infection,202
31.02967848639765,335,15,89,561,0,0,0,655,recovery,676
31.120027045114497,335,15,88,562,0,0,0,655,recovery,393
31.12518183566607,334,16,88,562,0,0,0,656,infection,509
31.149716457532993,334,16,87,563,0,0,0,656,recovery,547
31.167145863463844,334,15,88,563,0,0,0,656,infectious,335
31.19540473580073,334,15,87,564,0,0,0,656,recovery,335
31.235969785534056,334,15,86,565,0,0,0,656,recovery,881
31.249931036701977,333,16,86,565,0,0,0,657,infection,147
31.259562208847115,333,16,85,566,0,0,0,657,recovery,688
31.286501211501943,332,17,85,566,0,0,0,658,infection,20
31.289688168279984,331,18,85,566,0,0,0,659,infection,699
31.299507226789675,330,19,85,566,0,0,0,660,infection,237
31.30148851018725,330,19,84,567,0,0,0,660,recovery,49
31.34162532297458,330,18,85,567,0,0,0,660,infectious,723
31.370532663840002,329,19,85,567,0,0,0,661,infection,400
31.37992324178885,329,18,86,567,0,0,0,661,infectious,20
31.43061803606746,329,18,85,568,0,0,0,661,recovery,298
31.433702100097054,329,18,84,569,0,0,0,661,recovery,32
31.447163468204277,328,19,84,569,0,0,0,662,infection,304
31.452608965754166,328,19,83,570,0,0,0,662,recovery,20
31.45265889826688,328,18,84,570,0,0,0,662,infectious,430
31.495976414152267,328,17,85,570,0,0,0,662,infectious,277
31.49677851351655,328,17,84,571,0,0,0,662,recovery,894
31.50682913618625,328,16,85,571,0,0,0,662,infectious,212
31.55490014681737,328,16,84,572,0,0,0,662,recovery,430
31.6058898702267,327,17,84,572,0,0,0,663,infection,73
31.658576852026552,327,16,85,572,0,0,0,663,infectious,466
31.661997946668542,327,15,86,572,0,0,0,663,infectious,147
31.712596822800244,327,15,85,573,0,0,0,663,recovery,519
31.712764564127557,326,16,85,573,0,0,0,664,infection,182
31.71754208950503,326,16,84,574,0,0,0,664,recovery,228
31.775863350240584,326,15,85,574,0,0,0,664,infectious,574
31.78064441854345,326,15,84,575,0,0,0,664,recovery,646
31.90247683638158,326,14,85,575,0,0,0,664,infectious,479
31.90695493461087,326,14,84,576,0,0,0,664,recovery,19
31.919532117429572,326,13,85,576,0,0,0,664,infectious,486
31.923699321165618,326,13,84,577,0,0,0,664,recovery,629
31.931525444479746,326,12,85,577,0,0,0,664,infectious,641
31.938839196512298,325,13,85,577,0,0,0,665,infection,333
31.97996621270104,325,13,84,578,0,0,0,665,recovery,893
31.996812588923614,325,13,83,579,0,0,0,665,recovery,133
32.0281508387644,325,12,84,579,0,0,0,665,infectious,182
32.0497056301688,324,13,84,579,0,0,0,666,infection,143
32.101869262596146,324,12,85,579,0,0,0,666,infectious,400
32.14178834653066,324,12,84,580,0,0,0,666,recovery,573
32.18813088613717,323,13,84,580,0,0,0,667,infection,34
32.206894377159564,323,12,85,580,0,0,0,667,infectious,544
32.24627516355035,323,12,84,581,0,0,0,667,recovery,939
32.30761828123908,322,13,84,581,0,0,0,668,infection,773
32.32513627985957,322,12,85,581,0,0,0,668,infectious,304
32.33192062848424,322,11,86,581,0,0,0,668,infectious,699
32.345002392181605,322,10,87,581,0,0,0,668,infectious,73
32.35369596018125,322,10,86,582,0,0,0,668,recovery,883
32.372889913850315,321,11,86,582,0,0,0,669,infection,95
32.37555013956632,320,12,86,582,0,0,0,670,infection,145
32.3757638274147,320,11,87,582,0,0,0,670,infectious,50
32.38707511764594,319,12,87,582,0,0,0,671,infection,78
32.412489892586464,319,12,86,583,0,0,0,671,recovery,636
32.48499682067397,319,11,87,583,0,0,0,671,infectious,95
32.552938970778,319,10,88,583,0,0,0,671,infectious,237
32.55578226174689,319,10,87,584,0,0,0,671,recovery,289
32.57234806136892,318,11,87,584,0,0,0,672,infection,1
32.6051053571338,318,10,88,584,0,0,0,672,infectious,34
32.61562234479069,318,10,87,585,0,0,0,672,recovery,182
32.64313825750989,318,10,86,586,0,0,0,672,recovery,151
32.71819048413763,318,10,85,587,0,0,0,672,recovery,609
32.749788404870834,317,11,85,587,0,0,0,673,infection,590
32.763888768786266,317,10,86,587,0,0,0,673,infectious,143
32.7995396117353,317,9,87,587,0,0,0,673,infectious,590
32.80869567043612,317,8,88,587,0,0,0,673,infectious,773
32.80991787449476,317,8,87,588,0,0,0,673,recovery,147
32.836630367373054,316,9,87,588,0,0,0,674,infection,463
32.859775975804396,315,10,87,588,0,0,0,675,infection,219
32.86124009655852,315,10,86,589,0,0,0,675,recovery,473
32.87897607157577,315,10,85,590,0,0,0,675,recovery,486
32.925484113929286,315,10,84,591,0,0,0,675,recovery,399
32.992167382224224,314,11,84,591,0,0,0,676,infection,102
33.00871305929804,314,11,83,592,0,0,0,676,recovery,773
33.04437123420627,314,10,84,592,0,0,0,676,infectious,863
33.05299373577381,314,10,83,593,0,0,0,676,recovery,632
33.06296414331638,314,10,82,594,0,0,0,676,recovery,942
33.08379975654834,314,10,81,595,0,0,0,676,recovery,479
33.152734935406485,314,9,82,595,0,0,0,676,infectious,102
33.20445311620472,314,9,81,596,0,0,0,676,recovery,277
33.22122413556083,314,8,82,596,0,0,0,676,infectious,1
33.25824780400946,314,8,81,597,0,0,0,676,recovery,306
33.27173476273695,314,7,82,597,0,0,0,676,infectious,333
33.276700043150754,313,8,82,597,0,0,0,677,infection,860
33.286804946702624,313,8,81,598,0,0,0,677,recovery,34
33.28805231900666,312,9,81,598,0,0,0,678,infection,669
33.29296144843518,312,9,80,599,0,0,0,678,recovery,490
33.29915162399802,312,9,79,600,0,0,0,678,recovery,654
33.32105401036729,312,8,80,600,0,0,0,678,infectious,145
33.33377626262707,312,8,79,601,0,0,0,678,recovery,644
33.36100746097528,311,9,79,601,0,0,0,679,infection,100
33.36218667173915,311,8,80,601,0,0,0,679,infectious,100
33.36322725370621,310,9,80,601,0,0,0,680,infection,687
33.43037972333927,310,8,81,601,0,0,0,680,infectious,202
33.435629377492766,309,9,81,601,0,0,0,681,infection,737
33.447471832445444,309,9,80,602,0,0,0,681,recovery,724
33.456724882869715,309,9,79,603,0,0,0,681,recovery,570
33.4862158135365,308,10,79,603,0,0,0,682,infection,425
33.494852029397,308,9,80,603,0,0,0,682,infectious,687
33.51258929745398,307,10,80,603,0,0,0,683,infection,211
33.515270760174054,307,10,79,604,0,0,0,683,recovery,467
33.524625532455296,307,10,78,605,0,0,0,683,recovery,35
33.53605480776042,307,10,77,606,0,0,0,683,recovery,379
33.60324282417553,307,10,76,607,0,0,0,683,recovery,53
33.606959490681206,307,9,77,607,0,0,0,683,infectious,425
33.61341082763222,307,9,76,608,0,0,0,683,recovery,73
33.65225588927826,306,10,76,608,0,0,0,684,infection,905
33.65881872280865,306,9,77,608,0,0,0,684,infectious,737
33.665956116677734,305,10,77,608,0,0,0,685,infection,941
33.6740461079956,305,10,76,609,0,0,0,685,recovery,878
33.713953124773695,305,9,77,609,0,0,0,685,infectious,941
33.7483303108668,305,8,78,609,0,0,0,685,infectious,219
33.76217848460828,304,9,78,609,0,0,0,686,infection,945
33.77119439067829,304,8,79,609,0,0,0,686,infectious,509
33.81179444210309,304,8,78,610,0,0,0,686,recovery,660
33.85087296692715,304,7,79,610,0,0,0,686,infectious,78
33.89894289978617,304,6,80,610,0,0,0,686,infectious,669
33.90313458858571,304,6,79,611,0,0,0,686,recovery,518
33.92017770006824,304,6,78,612,0,0,0,686,recovery,88
33.93311533321876,304,6,77,613,0,0,0,686,recovery,743
33.94732123493533,304,6,76,614,0,0,0,686,recovery,737
33.95739848008608,304,6,75,615,0,0,0,686,recovery,687
33.96769187370626,303,7,75,615,0,0,0,687,infection,611
33.98040409781418,303,7,74,616,0,0,0,687,recovery,590
33.98235514656825,302,8,74,616,0,0,0,688,infection,432
34.00030008138064,301,9,74,616,0,0,0,689,infection,416
34.01856575778765,301,8,75,616,0,0,0,689,infectious,211
34.020835624807866,301,8,74,617,0,0,0,689,recovery,962
34.02924465762008,300,9,74,617,0,0,0,690,infection,943
34.076597331737034,300,9,73,618,0,0,0,690,recovery,494
34.07923035805277,300,8,74,618,0,0,0,690,infectious,943
34.08925276926899,299,9,74,618,0,0,0,691,infection,680
34.118612794012456,299,9,73,619,0,0,0,691,recovery,160
34.13933541719195,299,9,72,620,0,0,0,691,recovery,412
34.14560301281316,299,8,73,620,0,0,0,691,infectious,416
34.223726072695946,298,9,73,620,0,0,0,692,infection,481
34.27912726322333,298,9,72,621,0,0,0,692,recovery,983
34.29317814465388,298,9,71,622,0,0,0,692,recovery,70
34.30080013499953,298,9,70,623,0,0,0,692,recovery,411
34.307364538542274,297,10,70,623,0,0,0,693,infection,61
34.339886262048616,297,10,69,624,0,0,0,693,recovery,78
34.381166720092885,296,11,69,624,0,0,0,694,infection,14
34.41641637137943,296,11,68,625,0,0,0,694,recovery,955
34.46605843208077,296,11,67,626,0,0,0,694,recovery,212
34.46869498477433,296,11,66,627,0,0,0,694,recovery,271
34.48292385722557,296,11,65,628,0,0,0,694,recovery,211
34.487056158913134,296,10,66,628,0,0,0,694,infectious,611
34.525332089128376,295,11,66,628,0,0,0,695,infection,110
34.591743880149956,295,11,65,629,0,0,0,695,recovery,509
34.60368196040058,294,12,65,629,0,0,0,696,infection,867
34.63686754041817,294,12,64,630,0,0,0,696,recovery,796
34.64150165815045,294,12,63,631,0,0,0,696,recovery,925
34.65473131288914,294,12,62,632,0,0,0,696,recovery,544
34.6781863460272,294,11,63,632,0,0,0,696,infectious,680
34.68531318567254,294,10,64,632,0,0,0,696,infectious,14
34.69199753752678,294,10,63,633,0,0,0,696,recovery,857
34.693004206702426,293,11,63,633,0,0,0,697,infection,157
34.750222540745916,293,11,62,634,0,0,0,697,recovery,145
34.78989074681708,293,11,61,635,0,0,0,697,recovery,202
34.8278567744318,293,11,60,636,0,0,0,697,recovery,482
34.84214449835191,293,11,59,637,0,0,0,697,recovery,525
34.88774699612442,293,11,58,638,0,0,0,697,recovery,820
34.903925319520575,293,11,57,639,0,0,0,697,recovery,333
34.918890392774045,292,12,57,639,0,0,0,698,infection,571
34.96872640901572,292,12,56,640,0,0,0,698,recovery,941
35.005183347124316,292,11,57,640,0,0,0,698,infectious,945
35.085088183260645,292,10,58,640,0,0,0,698,infectious,571
35.098801485627305,292,10,57,641,0,0,0,698,recovery,134
35.12534632804669,292,10,56,642,0,0,0,698,recovery,143
35.12629661562752,292,10,55,643,0,0,0,698,recovery,1
35.13418726849246,291,11,55,643,0,0,0,699,infection,93
35.17349758124006,291,11,54,644,0,0,0,699,recovery,175
35.186823509519456,291,11,53,645,0,0,0,699,recovery,409
35.19268361117693,291,11,52,646,0,0,0,699,recovery,100
35.24244579270269,290,12,52,646,0,0,0,700,infection,702
35.25096182387262,290,11,53,646,0,0,0,700,infectious,110
35.27727498645413,290,10,54,646,0,0,0,700,infectious,463
35.285336733081834,290,9,55,646,0,0,0,700,infectious,432
35.299999962020586,290,9,54,647,0,0,0,700,recovery,945
35.34259768482544,290,9,53,648,0,0,0,700,recovery,94
35.39050934106541,290,9,52,649,0,0,0,700,recovery,903
35.40006084953485,289,10,52,649,0,0,0,701,infection,650
35.412276144070916,288,11,52,649,0,0,0,702,infection,76
35.499420899878366,288,10,53,649,0,0,0,702,infectious,61
35.52429854141927,288,10,52,650,0,0,0,702,recovery,219
35.53543643899147,288,9,53,650,0,0,0,702,infectious,76
35.548761655840885,287,10,53,650,0,0,0,703,infection,103
35.56169761204954,287,10,52,651,0,0,0,703,recovery,776
35.62258923053184,287,9,53,651,0,0,0,703,infectious,157
35.6301107292548,287,8,54,651,0,0,0,703,infectious,702
35.650186372025686,287,7,55,651,0,0,0,703,infectious,650
35.687425677220006,287,6,56,651,0,0,0,703,infectious,481
35.68818157177701,286,7,56,651,0,0,0,704,infection,171
35.73481628829554,286,7,55,652,0,0,0,704,recovery,349
35.8011647782346,285,8,55,652,0,0,0,705,infection,681
35.80245373826518,285,8,54,653,0,0,0,705,recovery,843
35.804354876276136,284,9,54,653,0,0,0,706,infection,620
35.880643578572325,283,10,54,653,0,0,0,707,infection,394
35.884344846008204,282,11,54,653,0,0,0,708,infection,667
35.93046243093777,282,10,55,653,0,0,0,708,infectious,645
35.948616973213895,281,11,55,653,0,0,0,709,infection,148
35.959366153756754,281,11,54,654,0,0,0,709,recovery,110
35.98061435173,281,11,53,655,0,0,0,709,recovery,873
36.07853927601519,281,11,52,656,0,0,0,709,recovery,902
36.11974852472947,281,10,53,656,0,0,0,709,infectious,620
36.123341209463284,281,9,54,656,0,0,0,709,infectious,681
36.131808943026556,281,9,53,657,0,0,0,709,recovery,319
36.19487509345351,281,9,52,658,0,0,0,709,recovery,438
36.24186586585328,281,9,51,659,0,0,0,709,recovery,827
36.25204821461658,281,8,52,659,0,0,0,709,infectious,905
36.26857916838061,281,7,53,659,0,0,0,709,infectious,93
36.272538868396936,280,8,53,659,0,0,0,710,infection,791
36.28732105916288,279,9,53,659,0,0,0,711,infection,850
36.387778094232566,279,9,52,660,0,0,0,711,recovery,157
36.43944288808814,279,9,51,661,0,0,0,711,recovery,515
36.46446030048639,278,10,51,661,0,0,0,712,infection,782
36.48509826736491,277,11,51,661,0,0,0,713,infection,161
36.517305833825326,277,10,52,661,0,0,0,713,infectious,782
36.546783625813,277,9,53,661,0,0,0,713,infectious,850
36.55081977760429,277,9,52,662,0,0,0,713,recovery,478
36.55317639055053,277,9,51,663,0,0,0,713,recovery,95
36.56384530829068,277,8,52,663,0,0,0,713,infectious,860
36.577453061720504,277,8,51,664,0,0,0,713,recovery,50
36.66069831354294,277,8,50,665,0,0,0,713,recovery,611
36.72100762997365,277,7,51,665,0,0,0,713,infectious,791
36.73484973483034,277,7,50,666,0,0,0,713,recovery,400
36.80568623831316,277,7,49,667,0,0,0,713,recovery,174
36.846568489393384,276,8,49,667,0,0,0,714,infection,937
36.859338461900066,276,8,48,668,0,0,0,714,recovery,620
36.91972524040052,275,9,48,668,0,0,0,715,infection,512
36.997331454588014,275,9,47,669,0,0,0,715,recovery,463
37.03236557841973,274,10,47,669,0,0,0,716,infection,359
37.09525198153455,273,11,47,669,0,0,0,717,infection,621
37.13144781409658,273,10,48,669,0,0,0,717,infectious,937
37.14889138734926,273,9,49,669,0,0,0,717,infectious,359
37.168825857828914,273,8,50,669,0,0,0,717,infectious,394
37.177766790207514,273,8,49,670,0,0,0,717,recovery,699
37.20209393830942,273,8,48,671,0,0,0,717,recovery,669
37.31764237377674,273,7,49,671,0,0,0,717,infectious,621
37.436728820119995,272,8,49,671,0,0,0,718,infection,785
37.44737322057663,272,7,50,671,0,0,0,718,infectious,148
37.616148069816916,272,7,49,672,0,0,0,718,recovery,523
37.64757194265507,272,6,50,672,0,0,0,718,infectious,512
37.68420957033817,272,5,51,672,0,0,0,718,infectious,161
37.708262757775,271,6,51,672,0,0,0,719,infection,982
37.742543186318365,271,6,50,673,0,0,0,719,recovery,920
37.74802115784313,271,6,49,674,0,0,0,719,recovery,621
37.83390045705858,271,6,48,675,0,0,0,719,recovery,791
37.83667687253755,271,5,49,675,0,0,0,719,infectious,171
37.858656657325994,270,6,49,675,0,0,0,720,infection,165
37.98393053166565,270,6,48,676,0,0,0,720,recovery,469
38.05128791883688,270,6,47,677,0,0,0,720,recovery,481
38.10743483426248,270,5,48,677,0,0,0,720,infectious,103
38.1220894523984,270,4,49,677,0,0,0,720,infectious,867
38.13051647687213,270,4,48,678,0,0,0,720,recovery,529
38.162087168922966,270,4,47,679,0,0,0,720,recovery,574
38.18182772980112,269,5,47,679,0,0,0,721,infection,604
38.2228549731897,269,5,46,680,0,0,0,721,recovery,116
38.25790582730671,269,5,45,681,0,0,0,721,recovery,148
38.269235829133315,268,6,45,681,0,0,0,722,infection,835
38.270945710215784,268,5,46,681,0,0,0,722,infectious,165
38.2951390560029,268,5,45,682,0,0,0,722,recovery,493
38.381940067500345,268,5,44,683,0,0,0,722,recovery,850
38.41276862065256,268,5,43,684,0,0,0,722,recovery,93
38.48249448938606,268,5,42,685,0,0,0,722,recovery,76
38.48778365010718,268,5,41,686,0,0,0,722,recovery,550
38.502046612090574,267,6,41,686,0,0,0,723,infection,190
38.56094710285803,267,5,42,686,0,0,0,723,infectious,785
38.67155455663118,267,4,43,686,0,0,0,723,infectious,835
38.72380910685756,267,4,42,687,0,0,0,723,recovery,61
38.78001154436052,267,4,41,688,0,0,0,723,recovery,864
38.80854875004506,267,4,40,689,0,0,0,723,recovery,64
38.97270493268371,267,4,39,690,0,0,0,723,recovery,616
38.97466752371836,266,5,39,690,0,0,0,724,infection,575
38.996632546965614,266,4,40,690,0,0,0,724,infectious,667
39.15228934995158,266,4,39,691,0,0,0,724,recovery,14
39.196025864584584,266,3,40,691,0,0,0,724,infectious,575
39.22618546925783,266,3,39,692,0,0,0,724,recovery,425
39.329365003871985,265,4,39,692,0,0,0,725,infection,181
39.34677823828411,265,4,38,693,0,0,0,725,recovery,483
39.37540062662832,265,4,37,694,0,0,0,725,recovery,359
39.392780115322296,265,3,38,694,0,0,0,725,infectious,604
39.41985856203807,265,3,37,695,0,0,0,725,recovery,785
39.46534504800753,265,2,38,695,0,0,0,725,infectious,982
39.53105746168009,265,2,37,696,0,0,0,725,recovery,702
39.64419433606658,265,2,36,697,0,0,0,725,recovery,645
39.80730972256787,265,2,35,698,0,0,0,725,recovery,867
39.878230229968565,265,2,34,699,0,0,0,725,recovery,937
39.938295146831784,265,2,33,700,0,0,0,725,recovery,641
39.97777233247168,265,1,34,700,0,0,0,725,infectious,181
40.0,265,1,34,700,0,0,0,725,horizon,0
