t,S,E,I,R,births,deaths,vaccinated,infections,event,person
0.0,990,0,10,0,0,0,0,0,initial,0
0.016582745283836655,990,0,9,1,0,0,0,0,recovery,996
0.12130787462866666,989,1,9,1,0,0,0,1,infection,747
0.1602164958736658,989,1,8,2,0,0,0,1,recovery,995
0.1622929378847177,988,2,8,2,0,0,0,2,infection,302
0.19848954709911565,987,3,8,2,0,0,0,3,infection,838
0.5382311016737391,987,2,9,2,0,0,0,3,infectious,747
0.7157281679669886,987,2,8,3,0,0,0,3,recovery,997
0.8868594527924115,987,2,7,4,0,0,0,3,recovery,994
0.8980247227968743,987,1,8,4,0,0,0,3,infectious,838
0.9101015192148639,986,2,8,4,0,0,0,4,infection,630
1.0159610862375845,986,1,9,4,0,0,0,4,infectious,302
1.173080492122603,985,2,9,4,0,0,0,5,infection,966
1.1928984714373547,984,3,9,4,0,0,0,6,infection,869
1.2512159639723686,983,4,9,4,0,0,0,7,infection,376
1.3370452809422588,983,4,8,5,0,0,0,7,recovery,993
1.4596136227409255,983,3,9,5,0,0,0,7,infectious,630
1.6127694472060516,983,3,8,6,0,0,0,7,recovery,991
1.6827825127165807,982,4,8,6,0,0,0,8,infection,954
1.726443141170268,981,5,8,6,0,0,0,9,infection,3
1.7453876004139388,981,4,9,6,0,0,0,9,infectious,869
1.7691028007960066,980,5,9,6,0,0,0,10,infection,540
1.7757247224468953,980,5,8,7,0,0,0,10,recovery,838
1.9484270254622218,980,4,9,7,0,0,0,10,infectious,540
1.9765447622251429,979,5,9,7,0,0,0,11,infection,408
2.2220894223819982,978,6,9,7,0,0,0,12,infection,134
2.2256918398211196,978,5,10,7,0,0,0,12,infectious,134
2.2360591914781938,978,5,9,8,0,0,0,12,recovery,630
2.4090793722575583,978,4,10,8,0,0,0,12,infectious,376
2.519915622379794,978,3,11,8,0,0,0,12,infectious,954
2.6303783754255554,977,4,11,8,0,0,0,13,infection,946
2.728300429221195,976,5,11,8,0,0,0,14,infection,927
2.736494507390873,976,5,10,9,0,0,0,14,recovery,954
2.761681947142204,976,4,11,9,0,0,0,14,infectious,408
2.8604671594969027,976,3,12,9,0,0,0,14,infectious,946
2.8759345363939164,976,2,13,9,0,0,0,14,infectious,927
2.954346497866765,976,1,14,9,0,0,0,14,infectious,3
3.0003430414112255,975,2,14,9,0,0,0,15,infection,32
3.012176511518339,974,3,14,9,0,0,0,16,infection,506
3.041173039149617,974,3,13,10,0,0,0,16,recovery,1000
3.0436808716146664,973,4,13,10,0,0,0,17,infection,313
3.1321561064229275,973,4,12,11,0,0,0,17,recovery,3
3.155810596947059,973,3,13,11,0,0,0,17,infectious,966
3.1572564779384273,972,4,13,11,0,0,0,18,infection,862
3.182754864576395,972,3,14,11,0,0,0,18,infectious,313
3.1964119232291965,972,2,15,11,0,0,0,18,infectious,32
3.2118757644310576,972,2,14,12,0,0,0,18,recovery,869
3.2615543472714292,971,3,14,12,0,0,0,19,infection,682
3.396216411818946,970,4,14,12,0,0,0,20,infection,568
3.483236154731345,969,5,14,12,0,0,0,21,infection,168
3.5779093509443536,968,6,14,12,0,0,0,22,infection,404
3.695178573490665,968,6,13,13,0,0,0,22,recovery,966
3.7897593427795715,968,5,14,13,0,0,0,22,infectious,506
3.9121636757094755,968,4,15,13,0,0,0,22,infectious,168
3.9192425854210278,968,4,14,14,0,0,0,22,recovery,506
3.964829665867073,968,3,15,14,0,0,0,22,infectious,682
4.007596921397552,968,3,14,15,0,0,0,22,recovery,313
4.121521994529617,968,3,13,16,0,0,0,22,recovery,540
4.233275174377661,968,3,12,17,0,0,0,22,recovery,999
4.375905327832776,968,3,11,18,0,0,0,22,recovery,998
4.425465271187896,968,3,10,19,0,0,0,22,recovery,682
4.475865655121098,967,4,10,19,0,0,0,23,infection,223
4.490890886481225,967,3,11,19,0,0,0,23,infectious,568
4.5591630775210135,966,4,11,19,0,0,0,24,infection,509
4.60718995852922,965,5,11,19,0,0,0,25,infection,522
4.711973845304309,964,6,11,19,0,0,0,26,infection,173
4.856913329201682,964,5,12,19,0,0,0,26,infectious,862
4.904661054310024,963,6,12,19,0,0,0,27,infection,543
4.911564971679962,962,7,12,19,0,0,0,28,infection,729
4.936917341123253,962,7,11,20,0,0,0,28,recovery,376
4.98792869107877,961,8,11,20,0,0,0,29,infection,970
5.0736571468229705,960,9,11,20,0,0,0,30,infection,61
5.258116654799302,960,9,10,21,0,0,0,30,recovery,568
5.291753514138172,959,10,10,21,0,0,0,31,infection,93
5.416910450780772,958,11,10,21,0,0,0,32,infection,456
5.456683071829816,957,12,10,21,0,0,0,33,infection,833
5.510452197555248,957,11,11,21,0,0,0,33,infectious,970
5.571902907862013,957,10,12,21,0,0,0,33,infectious,173
5.677611818785052,957,9,13,21,0,0,0,33,infectious,543
5.73340061583543,957,9,12,22,0,0,0,33,recovery,134
5.763103722646191,957,8,13,22,0,0,0,33,infectious,456
5.792222788579802,957,7,14,22,0,0,0,33,infectious,833
5.851066810087947,956,8,14,22,0,0,0,34,infection,739
5.854306676629722,956,8,13,23,0,0,0,34,recovery,992
5.962255094166355,955,9,13,23,0,0,0,35,infection,575
5.986815720448906,954,10,13,23,0,0,0,36,infection,749
6.081077177285811,954,10,12,24,0,0,0,36,recovery,168
6.133772696298607,954,9,13,24,0,0,0,36,infectious,223
6.168425088275569,954,8,14,24,0,0,0,36,infectious,749
6.235235758365134,954,7,15,24,0,0,0,36,infectious,729
6.338919007098621,954,6,16,24,0,0,0,36,infectious,522
6.341471848713256,953,7,16,24,0,0,0,37,infection,184
6.378352110168039,952,8,16,24,0,0,0,38,infection,449
6.574395903159315,951,9,16,24,0,0,0,39,infection,987
6.6135333145451884,951,8,17,24,0,0,0,39,infectious,509
6.762245105354129,951,8,16,25,0,0,0,39,recovery,749
6.789216923890839,950,9,16,25,0,0,0,40,infection,741
6.873923466019821,949,10,16,25,0,0,0,41,infection,189
6.912114631418338,949,9,17,25,0,0,0,41,infectious,741
6.941395886935621,949,8,18,25,0,0,0,41,infectious,184
6.977211104176674,948,9,18,25,0,0,0,42,infection,842
7.036537306591394,948,9,17,26,0,0,0,42,recovery,509
7.15485855035791,947,10,17,26,0,0,0,43,infection,926
7.170552618040891,946,11,17,26,0,0,0,44,infection,706
7.204940776825285,946,11,16,27,0,0,0,44,recovery,32
7.22490654754127,946,11,15,28,0,0,0,44,recovery,729
7.319673067408038,946,10,16,28,0,0,0,44,infectious,739
7.369876726917129,946,10,15,29,0,0,0,44,recovery,970
7.378608030040537,946,9,16,29,0,0,0,44,infectious,61
7.480030357860953,945,10,16,29,0,0,0,45,infection,690
7.504153933042825,944,11,16,29,0,0,0,46,infection,341
7.510547749692194,944,10,17,29,0,0,0,46,infectious,189
7.535525233820158,944,10,16,30,0,0,0,46,recovery,739
7.570393336241876,943,11,16,30,0,0,0,47,infection,963
7.639526233574065,942,12,16,30,0,0,0,48,infection,67
7.640235066546927,942,11,17,30,0,0,0,48,infectious,926
7.69198010840026,942,10,18,30,0,0,0,48,infectious,842
7.716098050477876,941,11,18,30,0,0,0,49,infection,308
7.822613864389931,941,10,19,30,0,0,0,49,infectious,67
7.917066965595,941,10,18,31,0,0,0,49,recovery,223
7.92360245970557,941,9,19,31,0,0,0,49,infectious,449
7.9828308656647735,941,9,18,32,0,0,0,49,recovery,61
7.988218797517614,940,10,18,32,0,0,0,50,infection,587
7.991433096622788,940,10,17,33,0,0,0,50,recovery,926
8.008454211759156,940,9,18,33,0,0,0,50,infectious,341
8.149687161572382,940,8,19,33,0,0,0,50,infectious,706
8.159977220213408,939,9,19,33,0,0,0,51,infection,794
8.171838099120768,939,8,20,33,0,0,0,51,infectious,404
8.191655090051784,939,7,21,33,0,0,0,51,infectious,308
8.23458775018197,939,7,20,34,0,0,0,51,recovery,456
8.246289514585387,938,8,20,34,0,0,0,52,infection,738
8.328342471361717,938,7,21,34,0,0,0,52,infectious,987
8.511631230928751,938,7,20,35,0,0,0,52,recovery,543
8.516724582592412,938,7,19,36,0,0,0,52,recovery,987
8.580185962361055,938,7,18,37,0,0,0,52,recovery,341
8.700996127530965,937,8,18,37,0,0,0,53,infection,232
8.763217922634713,936,9,18,37,0,0,0,54,infection,617
8.830905248856636,936,8,19,37,0,0,0,54,infectious,587
8.866180168801653,936,8,18,38,0,0,0,54,recovery,946
8.874079796233186,936,7,19,38,0,0,0,54,infectious,575
8.910583876536199,935,8,19,38,0,0,0,55,infection,64
8.932642480222617,935,7,20,38,0,0,0,55,infectious,738
8.965094743240114,935,6,21,38,0,0,0,55,infectious,963
9.072494628887048,935,5,22,38,0,0,0,55,infectious,617
9.0857538231078,935,4,23,38,0,0,0,55,infectious,794
9.120222251286355,934,5,23,38,0,0,0,56,infection,69
9.148015973055463,934,4,24,38,0,0,0,56,infectious,232
9.154559846202247,934,4,23,39,0,0,0,56,recovery,833
9.350203507199492,934,3,24,39,0,0,0,56,infectious,64
9.351508411247138,933,4,24,39,0,0,0,57,infection,836
9.379397068458243,932,5,24,39,0,0,0,58,infection,88
9.38350127989188,931,6,24,39,0,0,0,59,infection,558
9.607953898013324,931,6,23,40,0,0,0,59,recovery,173
9.706336227693445,931,5,24,40,0,0,0,59,infectious,558
9.712526662126548,931,5,23,41,0,0,0,59,recovery,862
9.712638749692411,930,6,23,41,0,0,0,60,infection,654
9.735338809163819,929,7,23,41,0,0,0,61,infection,663
9.794142306921179,928,8,23,41,0,0,0,62,infection,330
9.9599632251875,927,9,23,41,0,0,0,63,infection,102
9.996769769574234,927,9,22,42,0,0,0,63,recovery,741
10.052525624903842,927,8,23,42,0,0,0,63,infectious,102
10.064747667569986,926,9,23,42,0,0,0,64,infection,425
10.091722462870024,925,10,23,42,0,0,0,65,infection,279
10.222139419444613,925,10,22,43,0,0,0,65,recovery,64
10.249526286769472,925,10,21,44,0,0,0,65,recovery,232
10.349264947465247,925,9,22,44,0,0,0,65,infectious,663
10.366657454968735,925,8,23,44,0,0,0,65,infectious,88
10.369105486195869,924,9,23,44,0,0,0,66,infection,649
10.413581366994439,923,10,23,44,0,0,0,67,infection,199
10.418480515677013,923,9,24,44,0,0,0,67,infectious,649
10.440479812476253,922,10,24,44,0,0,0,68,infection,215
10.461427740204954,922,9,25,44,0,0,0,68,infectious,330
10.46514464047755,921,10,25,44,0,0,0,69,infection,548
10.489215481179087,920,11,25,44,0,0,0,70,infection,677
10.544618466089918,919,12,25,44,0,0,0,71,infection,340
10.568372010741312,918,13,25,44,0,0,0,72,infection,974
10.618553718186924,918,12,26,44,0,0,0,72,infectious,93
10.622442575728604,917,13,26,44,0,0,0,73,infection,166
10.636538384760211,917,12,27,44,0,0,0,73,infectious,677
10.65567139025625,917,11,28,44,0,0,0,73,infectious,548
10.6742963701681,916,12,28,44,0,0,0,74,infection,751
10.696719125624773,916,11,29,44,0,0,0,74,infectious,69
10.697081472640969,916,10,30,44,0,0,0,74,infectious,340
10.719469689424995,916,9,31,44,0,0,0,74,infectious,654
10.806835403123785,916,8,32,44,0,0,0,74,infectious,166
10.816561692323212,915,9,32,44,0,0,0,75,infection,774
10.821837581477464,915,8,33,44,0,0,0,75,infectious,836
10.884356303407163,915,8,32,45,0,0,0,75,recovery,649
10.917372804093015,914,9,32,45,0,0,0,76,infection,937
10.957372207213224,913,10,32,45,0,0,0,77,infection,925
10.979041370018836,913,10,31,46,0,0,0,77,recovery,747
11.003299386124189,912,11,31,46,0,0,0,78,infection,964
11.034392957793807,912,11,30,47,0,0,0,78,recovery,93
11.043797244185003,912,10,31,47,0,0,0,78,infectious,199
11.053193695794402,911,11,31,47,0,0,0,79,infection,227
11.059618249401213,911,11,30,48,0,0,0,79,recovery,404
11.064820160504572,910,12,30,48,0,0,0,80,infection,721
11.151602802555383,910,11,31,48,0,0,0,80,infectious,721
11.17279742729271,910,10,32,48,0,0,0,80,infectious,937
11.17311233976591,909,11,32,48,0,0,0,81,infection,196
11.234986851455158,908,12,32,48,0,0,0,82,infection,671
11.343666455744959,907,13,32,48,0,0,0,83,infection,717
11.404878530859344,907,12,33,48,0,0,0,83,infectious,279
11.48607694000208,906,13,33,48,0,0,0,84,infection,953
11.489702697121748,906,12,34,48,0,0,0,84,infectious,964
11.524193964810333,906,11,35,48,0,0,0,84,infectious,690
11.566246261345192,906,10,36,48,0,0,0,84,infectious,215
11.612742029148306,906,9,37,48,0,0,0,84,infectious,974
11.663926671207157,905,10,37,48,0,0,0,85,infection,92
11.694690744775453,904,11,37,48,0,0,0,86,infection,496
11.699626822593984,904,10,38,48,0,0,0,86,infectious,953
11.726915287868668,904,10,37,49,0,0,0,86,recovery,522
11.761370984590672,904,9,38,49,0,0,0,86,infectious,751
11.790530346390687,903,10,38,49,0,0,0,87,infection,87
11.833957872322404,902,11,38,49,0,0,0,88,infection,145
11.879978059606778,902,10,39,49,0,0,0,88,infectious,87
11.886289758814629,901,11,39,49,0,0,0,89,infection,731
11.914552990629456,901,10,40,49,0,0,0,89,infectious,425
11.9150986367662,901,9,41,49,0,0,0,89,infectious,196
11.916425773091081,901,9,40,50,0,0,0,89,recovery,408
11.973718748738843,901,9,39,51,0,0,0,89,recovery,575
12.006861417839747,900,10,39,51,0,0,0,90,infection,821
12.044877059336981,899,11,39,51,0,0,0,91,infection,985
12.103930003654554,899,10,40,51,0,0,0,91,infectious,145
12.104358613717755,898,11,40,51,0,0,0,92,infection,530
12.130988305674073,898,10,41,51,0,0,0,92,infectious,530
12.176905396774531,898,10,40,52,0,0,0,92,recovery,530
12.209344029042684,897,11,40,52,0,0,0,93,infection,468
12.221455683916897,897,10,41,52,0,0,0,93,infectious,925
12.237280464328979,896,11,41,52,0,0,0,94,infection,521
12.238863548217692,896,10,42,52,0,0,0,94,infectious,227
12.267678188805775,896,10,41,53,0,0,0,94,recovery,690
12.359642942638088,896,9,42,53,0,0,0,94,infectious,731
12.371399306892016,896,9,41,54,0,0,0,94,recovery,925
12.384021590230915,895,10,41,54,0,0,0,95,infection,529
12.41409082965644,895,9,42,54,0,0,0,95,infectious,529
12.428032871842865,894,10,42,54,0,0,0,96,infection,873
12.430392843414248,894,10,41,55,0,0,0,96,recovery,215
12.431205853664448,893,11,41,55,0,0,0,97,infection,609
12.44040280806608,892,12,41,55,0,0,0,98,infection,867
12.446582337135789,891,13,41,55,0,0,0,99,infection,401
12.450761367091944,891,13,40,56,0,0,0,99,recovery,751
12.45328085695369,891,13,39,57,0,0,0,99,recovery,953
12.49344588909185,891,13,38,58,0,0,0,99,recovery,166
12.577931261792113,890,14,38,58,0,0,0,100,infection,583
12.637268338636963,890,13,39,58,0,0,0,100,infectious,609
12.640381650587106,890,13,38,59,0,0,0,100,recovery,67
12.687763932157694,890,13,37,60,0,0,0,100,recovery,449
12.74940343402977,890,12,38,60,0,0,0,100,infectious,774
12.750866534539249,890,11,39,60,0,0,0,100,infectious,468
12.77518941154445,889,12,39,60,0,0,0,101,infection,245
12.802175856714657,888,13,39,60,0,0,0,102,infection,268
12.83791488291069,887,14,39,60,0,0,0,103,infection,44
12.862405414970496,887,13,40,60,0,0,0,103,infectious,401
12.871776777818619,886,14,40,60,0,0,0,104,infection,760
12.874139540975843,885,15,40,60,0,0,0,105,infection,712
12.893089875325854,885,14,41,60,0,0,0,105,infectious,521
12.898963956714963,884,15,41,60,0,0,0,106,infection,783
12.95084110718579,883,16,41,60,0,0,0,107,infection,855
12.955816746231646,883,15,42,60,0,0,0,107,infectious,985
13.001227204409863,883,14,43,60,0,0,0,107,infectious,760
13.017541460999055,882,15,43,60,0,0,0,108,infection,122
13.0250686105186,882,14,44,60,0,0,0,108,infectious,821
13.087205288184398,882,14,43,61,0,0,0,108,recovery,529
13.10693869197123,881,15,43,61,0,0,0,109,infection,755
13.170007227983808,880,16,43,61,0,0,0,110,infection,800
13.182430361915738,880,15,44,61,0,0,0,110,infectious,717
13.184157436421017,880,15,43,62,0,0,0,110,recovery,145
13.188916120479185,880,14,44,62,0,0,0,110,infectious,800
13.215147622282144,880,14,43,63,0,0,0,110,recovery,227
13.263416948955197,879,15,43,63,0,0,0,111,infection,25
13.335272766610466,878,16,43,63,0,0,0,112,infection,693
13.339403260828593,878,15,44,63,0,0,0,112,infectious,245
13.343922386953603,878,15,43,64,0,0,0,112,recovery,69
13.34899055413779,878,15,42,65,0,0,0,112,recovery,663
13.350713481856484,878,15,41,66,0,0,0,112,recovery,245
13.415591691023703,877,16,41,66,0,0,0,113,infection,144
13.430563309072147,876,17,41,66,0,0,0,114,infection,448
13.434472284793657,876,16,42,66,0,0,0,114,infectious,25
13.468576625811414,876,15,43,66,0,0,0,114,infectious,144
13.475028116808655,875,16,43,66,0,0,0,115,infection,702
13.504817282258818,874,17,43,66,0,0,0,116,infection,894
13.50627021642273,873,18,43,66,0,0,0,117,infection,116
13.617252154539468,873,18,42,67,0,0,0,117,recovery,774
13.617403684629057,873,17,43,67,0,0,0,117,infectious,448
13.6222494448285,873,16,44,67,0,0,0,117,infectious,671
13.656945426676367,873,16,43,68,0,0,0,117,recovery,721
13.684953677819436,872,17,43,68,0,0,0,118,infection,932
13.691221266896836,871,18,43,68,0,0,0,119,infection,89
13.713677324587477,871,17,44,68,0,0,0,119,infectious,855
13.746816569041945,871,16,45,68,0,0,0,119,infectious,867
13.767399195289988,870,17,45,68,0,0,0,120,infection,872
13.79881606134176,870,17,44,69,0,0,0,120,recovery,609
13.811301532245063,870,16,45,69,0,0,0,120,infectious,872
13.871474822370013,870,15,46,69,0,0,0,120,infectious,755
13.900742286869315,869,16,46,69,0,0,0,121,infection,883
13.922680081640287,868,17,46,69,0,0,0,122,infection,656
13.926971143324119,868,16,47,69,0,0,0,122,infectious,783
13.941661291961582,868,15,48,69,0,0,0,122,infectious,92
13.94398845515693,868,14,49,69,0,0,0,122,infectious,702
13.994494732689606,868,13,50,69,0,0,0,122,infectious,894
14.088884582881922,867,14,50,69,0,0,0,123,infection,870
14.115954289971476,867,14,49,70,0,0,0,123,recovery,855
14.129194035517326,866,15,49,70,0,0,0,124,infection,283
14.130666209748945,866,15,48,71,0,0,0,124,recovery,755
14.136254845081897,865,16,48,71,0,0,0,125,infection,639
14.16616218730504,865,15,49,71,0,0,0,125,infectious,656
14.205569208719599,864,16,49,71,0,0,0,126,infection,657
14.207054407650665,864,16,48,72,0,0,0,126,recovery,937
14.20729443292932,864,15,49,72,0,0,0,126,infectious,932
14.242743011180337,864,15,48,73,0,0,0,126,recovery,196
14.244062116368085,864,14,49,73,0,0,0,126,infectious,870
14.261851460729963,863,15,49,73,0,0,0,127,infection,391
14.276501705495209,862,16,49,73,0,0,0,128,infection,569
14.284024964060935,861,17,49,73,0,0,0,129,infection,165
14.313595757876904,860,18,49,73,0,0,0,130,infection,596
14.354121599835311,860,17,50,73,0,0,0,130,infectious,873
14.372238025577994,860,16,51,73,0,0,0,130,infectious,283
14.37631568519015,859,17,51,73,0,0,0,131,infection,764
14.444643456328567,859,16,52,73,0,0,0,131,infectious,44
14.51313090463317,858,17,52,73,0,0,0,132,infection,567
14.522388194895463,858,17,51,74,0,0,0,132,recovery,189
14.545987999807313,858,16,52,74,0,0,0,132,infectious,712
14.562628638431224,857,17,52,74,0,0,0,133,infection,709
14.580016170020427,856,18,52,74,0,0,0,134,infection,479
14.592815445498074,856,18,51,75,0,0,0,134,recovery,821
14.594983276615201,855,19,51,75,0,0,0,135,infection,616
14.611603177134032,854,20,51,75,0,0,0,136,infection,2
14.620731127892252,854,20,50,76,0,0,0,136,recovery,836
14.635089862361362,854,19,51,76,0,0,0,136,infectious,583
14.636942251253867,853,20,51,76,0,0,0,137,infection,899
14.638730333219456,853,20,50,77,0,0,0,137,recovery,842
14.731329086536537,853,19,51,77,0,0,0,137,infectious,479
14.745589261719829,852,20,51,77,0,0,0,138,infection,732
14.748706005058468,851,21,51,77,0,0,0,139,infection,359
14.759244828428937,851,20,52,77,0,0,0,139,infectious,359
14.764076449806176,850,21,52,77,0,0,0,140,infection,554
14.770088850893794,849,22,52,77,0,0,0,141,infection,519
14.781748382512133,849,21,53,77,0,0,0,141,infectious,639
14.797758435156059,848,22,53,77,0,0,0,142,infection,882
14.842714938210037,847,23,53,77,0,0,0,143,infection,591
14.847429151964215,847,22,54,77,0,0,0,143,infectious,883
14.850121656909073,846,23,54,77,0,0,0,144,infection,893
14.874113991292715,845,24,54,77,0,0,0,145,infection,127
14.87790231531909,844,25,54,77,0,0,0,146,infection,446
14.885939416245693,844,24,55,77,0,0,0,146,infectious,764
14.909397568210197,844,23,56,77,0,0,0,146,infectious,569
14.912978284585227,844,23,55,78,0,0,0,146,recovery,521
14.923232466368917,844,22,56,78,0,0,0,146,infectious,882
14.93821560656453,844,21,57,78,0,0,0,146,infectious,496
14.93913103061632,844,21,56,79,0,0,0,146,recovery,569
14.942834383534716,843,22,56,79,0,0,0,147,infection,585
14.957673899083694,843,21,57,79,0,0,0,147,infectious,268
14.976328980240782,843,20,58,79,0,0,0,147,infectious,616
14.983971779586973,842,21,58,79,0,0,0,148,infection,161
15.004475408922517,841,22,58,79,0,0,0,149,infection,814
15.019951688039566,840,23,58,79,0,0,0,150,infection,779
15.028072056832828,840,22,59,79,0,0,0,150,infectious,585
15.032466642304033,840,21,60,79,0,0,0,150,infectious,519
15.040087059345398,839,22,60,79,0,0,0,151,infection,12
15.060151621454752,839,22,59,80,0,0,0,151,recovery,617
15.067199378960767,838,23,59,80,0,0,0,152,infection,274
15.072331959845377,838,22,60,80,0,0,0,152,infectious,899
15.084478245239982,838,22,59,81,0,0,0,152,recovery,102
15.085795750370007,838,21,60,81,0,0,0,152,infectious,567
15.088465436841727,838,21,59,82,0,0,0,152,recovery,583
15.102208307130303,837,22,59,82,0,0,0,153,infection,745
15.107924981265512,836,23,59,82,0,0,0,154,infection,455
15.115578192756413,835,24,59,82,0,0,0,155,infection,804
15.160321724296905,834,25,59,82,0,0,0,156,infection,900
15.179911771595519,834,24,60,82,0,0,0,156,infectious,446
15.184712643489332,834,23,61,82,0,0,0,156,infectious,2
15.18599675862482,834,23,60,83,0,0,0,156,recovery,870
15.19671357505086,834,22,61,83,0,0,0,156,infectious,554
15.203128178409482,834,21,62,83,0,0,0,156,infectious,391
15.235124884774534,834,21,61,84,0,0,0,156,recovery,468
15.255759358358015,834,20,62,84,0,0,0,156,infectious,745
15.2624083085471,833,21,62,84,0,0,0,157,infection,157
15.272975054808576,833,21,61,85,0,0,0,157,recovery,745
15.27678259566436,832,22,61,85,0,0,0,158,infection,579
15.298737470538596,832,22,60,86,0,0,0,158,recovery,554
15.333803133258673,831,23,60,86,0,0,0,159,infection,647
15.335817903159027,831,22,61,86,0,0,0,159,infectious,161
15.34516046862453,830,23,61,86,0,0,0,160,infection,595
15.377187609404427,829,24,61,86,0,0,0,161,infection,474
15.386265711116618,829,23,62,86,0,0,0,161,infectious,779
15.40482943186429,828,24,62,86,0,0,0,162,infection,714
15.41182429068661,827,25,62,86,0,0,0,163,infection,819
15.433082041314695,826,26,62,86,0,0,0,164,infection,263
15.462732431595752,826,25,63,86,0,0,0,164,infectious,127
15.472720224418227,826,25,62,87,0,0,0,164,recovery,567
15.477153820566238,825,26,62,87,0,0,0,165,infection,428
15.481025816024092,825,25,63,87,0,0,0,165,infectious,647
15.5184054579728,825,24,64,87,0,0,0,165,infectious,263
15.534592180067875,824,25,64,87,0,0,0,166,infection,615
15.598200301273579,823,26,64,87,0,0,0,167,infection,246
15.604196260038623,823,26,63,88,0,0,0,167,recovery,283
15.613874602072153,823,26,62,89,0,0,0,167,recovery,302
15.651807649411754,823,26,61,90,0,0,0,167,recovery,867
15.68243844839207,823,26,60,91,0,0,0,167,recovery,706
15.72374260502998,823,25,61,91,0,0,0,167,infectious,579
15.735092927777371,823,25,60,92,0,0,0,167,recovery,391
15.74532645221997,823,25,59,93,0,0,0,167,recovery,199
15.747113825016713,823,24,60,93,0,0,0,167,infectious,455
15.748701622210122,823,23,61,93,0,0,0,167,infectious,428
15.750260912493903,823,22,62,93,0,0,0,167,infectious,709
15.762864336287894,823,21,63,93,0,0,0,167,infectious,116
15.789793043589794,822,22,63,93,0,0,0,168,infection,179
15.797556678658548,822,22,62,94,0,0,0,168,recovery,279
15.814407256315956,822,21,63,94,0,0,0,168,infectious,595
15.852965601181323,822,20,64,94,0,0,0,168,infectious,89
15.855956566447212,821,21,64,94,0,0,0,169,infection,490
15.861880463654398,821,21,63,95,0,0,0,169,recovery,330
15.913601181258858,821,20,64,95,0,0,0,169,infectious,814
15.926413148085395,820,21,64,95,0,0,0,170,infection,878
15.955396488285944,819,22,64,95,0,0,0,171,infection,707
16.009859728206617,819,21,65,95,0,0,0,171,infectious,693
16.02368341486252,818,22,65,95,0,0,0,172,infection,939
16.031889137062556,817,23,65,95,0,0,0,173,infection,176
16.036658996837524,817,22,66,95,0,0,0,173,infectious,939
16.068600476443837,816,23,66,95,0,0,0,174,infection,824
16.081750461039537,815,24,66,95,0,0,0,175,infection,626
16.09820945879741,815,23,67,95,0,0,0,175,infectious,819
16.10099737346891,814,24,67,95,0,0,0,176,infection,718
16.114295481949373,813,25,67,95,0,0,0,177,infection,885
16.138501950104065,812,26,67,95,0,0,0,178,infection,840
16.165468516881237,812,26,66,96,0,0,0,178,recovery,585
16.202241684748174,812,25,67,96,0,0,0,178,infectious,12
16.225860089357017,811,26,67,96,0,0,0,179,infection,252
16.226903558230664,811,25,68,96,0,0,0,179,infectious,714
16.236260837287954,811,25,67,97,0,0,0,179,recovery,693
16.249331282062773,811,24,68,97,0,0,0,179,infectious,718
16.260070192799734,811,24,67,98,0,0,0,179,recovery,712
16.283712301322286,810,25,67,98,0,0,0,180,infection,45
16.295636246698297,809,26,67,98,0,0,0,181,infection,608
16.343119007808195,808,27,67,98,0,0,0,182,infection,787
16.358513672653434,807,28,67,98,0,0,0,183,infection,7
16.359357299215553,807,28,66,99,0,0,0,183,recovery,455
16.37016217053704,807,27,67,99,0,0,0,183,infectious,893
16.383190769823926,806,28,67,99,0,0,0,184,infection,961
16.436641000467397,806,27,68,99,0,0,0,184,infectious,179
16.441592457551245,806,27,67,100,0,0,0,184,recovery,2
16.450061780296963,806,27,66,101,0,0,0,184,recovery,519
16.453199867164116,806,26,67,101,0,0,0,184,infectious,840
16.469832119864677,805,27,67,101,0,0,0,185,infection,658
16.475942410684098,804,28,67,101,0,0,0,186,infection,834
16.476346892411687,804,27,68,101,0,0,0,186,infectious,246
16.485225840469525,803,28,68,101,0,0,0,187,infection,419
16.55240321289136,803,27,69,101,0,0,0,187,infectious,157
16.558305819445433,803,26,70,101,0,0,0,187,infectious,419
16.581913829165195,803,26,69,102,0,0,0,187,recovery,127
16.59976430316194,803,26,68,103,0,0,0,187,recovery,656
16.602336609164624,803,25,69,103,0,0,0,187,infectious,490
16.602962848073375,803,25,68,104,0,0,0,187,recovery,964
16.60485638067282,803,25,67,105,0,0,0,187,recovery,87
16.624398463566344,803,25,66,106,0,0,0,187,recovery,616
16.629806528095028,802,26,66,106,0,0,0,188,infection,733
16.64185482396505,802,25,67,106,0,0,0,188,infectious,733
16.702903017783264,802,24,68,106,0,0,0,188,infectious,596
16.708894634071687,802,23,69,106,0,0,0,188,infectious,961
16.726618509140586,802,22,70,106,0,0,0,188,infectious,45
16.744553113827735,802,21,71,106,0,0,0,188,infectious,732
16.745173273039264,802,20,72,106,0,0,0,188,infectious,608
16.749273135657422,802,20,71,107,0,0,0,188,recovery,883
16.767267197079363,801,21,71,107,0,0,0,189,infection,841
16.77392528955935,800,22,71,107,0,0,0,190,infection,80
16.7755135257926,799,23,71,107,0,0,0,191,infection,434
16.77716955309333,799,22,72,107,0,0,0,191,infectious,176
16.782375596045565,799,22,71,108,0,0,0,191,recovery,587
16.785876013867334,799,22,70,109,0,0,0,191,recovery,985
16.786460537746258,799,22,69,110,0,0,0,191,recovery,116
16.798364635898295,799,22,68,111,0,0,0,191,recovery,974
16.815870935137262,799,22,67,112,0,0,0,191,recovery,939
16.82841697192075,798,23,67,112,0,0,0,192,infection,770
16.829762611518134,798,23,66,113,0,0,0,192,recovery,579
16.854477390619646,797,24,66,113,0,0,0,193,infection,892
16.854830034644834,797,24,65,114,0,0,0,193,recovery,89
16.87473180667817,797,23,66,114,0,0,0,193,infectious,834
16.89925296066302,796,24,66,114,0,0,0,194,infection,79
16.901466731606334,796,23,67,114,0,0,0,194,infectious,7
16.936083033879246,795,24,67,114,0,0,0,195,infection,956
16.959404137876426,795,23,68,114,0,0,0,195,infectious,824
16.96937332167583,795,22,69,114,0,0,0,195,infectious,878
16.970059141300766,795,22,68,115,0,0,0,195,recovery,779
16.979801968336382,795,22,67,116,0,0,0,195,recovery,963
17.00014906062295,795,22,66,117,0,0,0,195,recovery,446
17.04838484580626,794,23,66,117,0,0,0,196,infection,641
17.085348232324957,793,24,66,117,0,0,0,197,infection,545
17.133987405329595,793,23,67,117,0,0,0,197,infectious,787
17.145628491632575,793,23,66,118,0,0,0,197,recovery,714
17.153688245660828,792,24,66,118,0,0,0,198,infection,77
17.17586366687122,791,25,66,118,0,0,0,199,infection,759
17.18019369257884,791,25,65,119,0,0,0,199,recovery,677
17.18381592653976,791,24,66,119,0,0,0,199,infectious,615
17.190017210949343,791,23,67,119,0,0,0,199,infectious,956
17.190705079577228,791,22,68,119,0,0,0,199,infectious,122
17.19476794032269,790,23,68,119,0,0,0,200,infection,552
17.20609528405335,790,22,69,119,0,0,0,200,infectious,274
17.210693610527958,790,22,68,120,0,0,0,200,recovery,340
17.21440591936981,790,21,69,120,0,0,0,200,infectious,80
17.2232248022565,790,20,70,120,0,0,0,200,infectious,545
17.223599555035364,790,19,71,120,0,0,0,200,infectious,552
17.235145570232323,790,19,70,121,0,0,0,200,recovery,893
17.246615295256692,790,18,71,121,0,0,0,200,infectious,591
17.247327240325117,790,18,70,122,0,0,0,200,recovery,956
17.255186340257836,790,17,71,122,0,0,0,200,infectious,804
17.27255944659599,790,17,70,123,0,0,0,200,recovery,92
17.277991614541666,790,16,71,123,0,0,0,200,infectious,885
17.283476943120682,789,17,71,123,0,0,0,201,infection,610
17.28961701987323,788,18,71,123,0,0,0,202,infection,135
17.293493873118972,787,19,71,123,0,0,0,203,infection,406
17.29697179877117,787,19,70,124,0,0,0,203,recovery,591
17.31596310570542,786,20,70,124,0,0,0,204,infection,544
17.316302963446155,786,19,71,124,0,0,0,204,infectious,841
17.318212790726474,786,18,72,124,0,0,0,204,infectious,474
17.32109723218498,786,17,73,124,0,0,0,204,infectious,707
17.33860170047373,786,17,72,125,0,0,0,204,recovery,12
17.343036877136427,786,17,71,126,0,0,0,204,recovery,545
17.37585402738067,786,17,70,127,0,0,0,204,recovery,596
17.414210978260467,786,16,71,127,0,0,0,204,infectious,641
17.41602134031847,785,17,71,127,0,0,0,205,infection,676
17.42278595376406,784,18,71,127,0,0,0,206,infection,97
17.43775716958647,783,19,71,127,0,0,0,207,infection,244
17.449662552833672,782,20,71,127,0,0,0,208,infection,320
17.453744525099996,782,19,72,127,0,0,0,208,infectious,79
17.473261529789706,781,20,72,127,0,0,0,209,infection,368
17.510035802036203,781,20,71,128,0,0,0,209,recovery,834
17.514482559076527,780,21,71,128,0,0,0,210,infection,216
17.53159080645865,780,20,72,128,0,0,0,210,infectious,892
17.542974806574637,779,21,72,128,0,0,0,211,infection,744
17.54446492987805,779,20,73,128,0,0,0,211,infectious,900
17.57001725518505,778,21,73,128,0,0,0,212,infection,562
17.594371870592415,778,21,72,129,0,0,0,212,recovery,496
17.603283085780003,778,20,73,129,0,0,0,212,infectious,562
17.6039228758787,778,20,72,130,0,0,0,212,recovery,425
17.61118224200477,777,21,72,130,0,0,0,213,infection,505
17.627625234056044,777,20,73,130,0,0,0,213,infectious,676
17.657124989372715,777,19,74,130,0,0,0,213,infectious,368
17.670605860219244,777,19,73,131,0,0,0,213,recovery,562
17.67209987339262,777,19,72,132,0,0,0,213,recovery,702
17.72611304329103,777,18,73,132,0,0,0,213,infectious,626
17.73354645260565,777,17,74,132,0,0,0,213,infectious,759
17.74354125634209,777,16,75,132,0,0,0,213,infectious,770
17.764935487849353,776,17,75,132,0,0,0,214,infection,395
17.773682685544838,775,18,75,132,0,0,0,215,infection,903
17.773824524036815,775,17,76,132,0,0,0,215,infectious,244
17.780897542697517,775,17,75,133,0,0,0,215,recovery,157
17.78819011494316,774,18,75,133,0,0,0,216,infection,362
17.789486535988033,774,17,76,133,0,0,0,216,infectious,77
17.794053966907676,774,17,75,134,0,0,0,216,recovery,246
17.843377732308763,774,17,74,135,0,0,0,216,recovery,841
17.87286834376098,773,18,74,135,0,0,0,217,infection,580
17.894759864653874,772,19,74,135,0,0,0,218,infection,225
17.904204278998687,771,20,74,135,0,0,0,219,infection,757
17.906623599356124,771,20,73,136,0,0,0,219,recovery,548
17.917949527182653,771,19,74,136,0,0,0,219,infectious,97
17.96078546563621,770,20,74,136,0,0,0,220,infection,723
17.99472343317849,770,20,73,137,0,0,0,220,recovery,626
18.00397057090481,770,20,72,138,0,0,0,220,recovery,79
18.023872510176137,770,19,73,138,0,0,0,220,infectious,757
18.034697125236786,770,18,74,138,0,0,0,220,infectious,657
18.075840820171596,770,18,73,139,0,0,0,220,recovery,787
18.083997007853917,769,19,73,139,0,0,0,221,infection,335
18.084245890742537,769,18,74,139,0,0,0,221,infectious,135
18.086959602315783,769,18,73,140,0,0,0,221,recovery,764
18.102560340902617,769,18,72,141,0,0,0,221,recovery,733
18.106546969927923,768,19,72,141,0,0,0,222,infection,597
18.124668470647165,767,20,72,141,0,0,0,223,infection,919
18.131790488155016,766,21,72,141,0,0,0,224,infection,886
18.15271888096814,765,22,72,141,0,0,0,225,infection,172
18.186332531814404,765,21,73,141,0,0,0,225,infectious,580
18.1898047083627,765,20,74,141,0,0,0,225,infectious,505
18.19995410282369,764,21,74,141,0,0,0,226,infection,957
18.212035299011973,763,22,74,141,0,0,0,227,infection,526
18.218767654476196,763,21,75,141,0,0,0,227,infectious,252
18.2238157041424,762,22,75,141,0,0,0,228,infection,444
18.245219085416903,762,21,76,141,0,0,0,228,infectious,406
18.253473164775098,761,22,76,141,0,0,0,229,infection,499
18.27070097121801,760,23,76,141,0,0,0,230,infection,312
18.294809322593142,760,22,77,141,0,0,0,230,infectious,903
18.303649484850702,760,21,78,141,0,0,0,230,infectious,320
18.332619542640956,759,22,78,141,0,0,0,231,infection,486
18.351337301080697,758,23,78,141,0,0,0,232,infection,648
18.355033970487444,757,24,78,141,0,0,0,233,infection,541
18.358838940445512,757,23,79,141,0,0,0,233,infectious,395
18.383783964806604,756,24,79,141,0,0,0,234,infection,536
18.406850511802688,756,23,80,141,0,0,0,234,infectious,312
18.418570475167186,755,24,80,141,0,0,0,235,infection,171
18.42003505874158,755,23,81,141,0,0,0,235,infectious,658
18.426239468941176,755,23,80,142,0,0,0,235,recovery,840
18.482621025254996,754,24,80,142,0,0,0,236,infection,584
18.501681237316237,754,24,79,143,0,0,0,236,recovery,657
18.50436668358817,754,23,80,143,0,0,0,236,infectious,541
18.52378898272798,754,23,79,144,0,0,0,236,recovery,676
18.53285263419473,753,24,79,144,0,0,0,237,infection,46
18.538273339970978,753,24,78,145,0,0,0,237,recovery,88
18.54150808222746,753,23,79,145,0,0,0,237,infectious,225
18.55199872068855,753,23,78,146,0,0,0,237,recovery,885
18.555961918619197,753,22,79,146,0,0,0,237,infectious,597
18.578798411008368,753,22,78,147,0,0,0,237,recovery,824
18.59678663606913,753,21,79,147,0,0,0,237,infectious,957
18.59833577564326,752,22,79,147,0,0,0,238,infection,796
18.614563905597784,751,23,79,147,0,0,0,239,infection,945
18.652465101398715,751,23,78,148,0,0,0,239,recovery,268
18.66085580881658,751,22,79,148,0,0,0,239,infectious,434
18.67407388907514,750,23,79,148,0,0,0,240,infection,351
18.676787169917443,750,23,78,149,0,0,0,240,recovery,7
18.67752182478033,750,23,77,150,0,0,0,240,recovery,401
18.69017670312474,750,22,78,150,0,0,0,240,infectious,744
18.690951581669236,749,23,78,150,0,0,0,241,infection,360
18.714305014696937,749,22,79,150,0,0,0,241,infectious,360
18.716108109990564,749,22,78,151,0,0,0,241,recovery,359
18.737174536526013,748,23,78,151,0,0,0,242,infection,118
18.762894326264906,747,24,78,151,0,0,0,243,infection,812
18.778546305825408,746,25,78,151,0,0,0,244,infection,317
18.785544600263947,746,24,79,151,0,0,0,244,infectious,945
18.804297607469685,745,25,79,151,0,0,0,245,infection,47
18.806546925790595,745,24,80,151,0,0,0,245,infectious,216
18.810299873305627,744,25,80,151,0,0,0,246,infection,322
18.811700584187758,744,24,81,151,0,0,0,246,infectious,322
18.81285924725144,743,25,81,151,0,0,0,247,infection,270
18.81740037624759,742,26,81,151,0,0,0,248,infection,300
18.86103173403526,742,25,82,151,0,0,0,248,infectious,118
18.867864922198912,742,24,83,151,0,0,0,248,infectious,300
18.88746685014089,741,25,83,151,0,0,0,249,infection,379
18.901995926248965,741,25,82,152,0,0,0,249,recovery,176
18.906997997606574,740,26,82,152,0,0,0,250,infection,938
18.92008180738935,739,27,82,152,0,0,0,251,infection,402
18.925672355764213,738,28,82,152,0,0,0,252,infection,236
18.952044794207588,737,29,82,152,0,0,0,253,infection,857
18.96121482165559,736,30,82,152,0,0,0,254,infection,412
18.9735883493883,735,31,82,152,0,0,0,255,infection,653
18.985025458534516,735,30,83,152,0,0,0,255,infectious,610
19.006456358321053,734,31,83,152,0,0,0,256,infection,750
19.00883818722304,733,32,83,152,0,0,0,257,infection,385
19.06365869076558,733,31,84,152,0,0,0,257,infectious,412
19.074961859367637,733,30,85,152,0,0,0,257,infectious,335
19.075668497710563,733,29,86,152,0,0,0,257,infectious,536
19.080629893259406,733,29,85,153,0,0,0,257,recovery,77
19.085754190201026,732,30,85,153,0,0,0,258,infection,691
19.08652993491996,731,31,85,153,0,0,0,259,infection,669
19.087467901763645,731,31,84,154,0,0,0,259,recovery,872
19.088289491465687,730,32,84,154,0,0,0,260,infection,911
19.088887857975696,729,33,84,154,0,0,0,261,infection,234
19.09371234754842,729,33,83,155,0,0,0,261,recovery,161
19.127041145855596,729,33,82,156,0,0,0,261,recovery,709
19.18923467480199,728,34,82,156,0,0,0,262,infection,409
19.18982136693197,728,33,83,156,0,0,0,262,infectious,669
19.21478711855089,727,34,83,156,0,0,0,263,infection,41
19.23048080518328,727,33,84,156,0,0,0,263,infectious,486
19.24661337340517,727,33,83,157,0,0,0,263,recovery,474
19.251499054594902,727,33,82,158,0,0,0,263,recovery,647
19.26157266498891,727,32,83,158,0,0,0,263,infectious,691
19.26209427880028,726,33,83,158,0,0,0,264,infection,830
19.26540162961507,726,32,84,158,0,0,0,264,infectious,351
19.279009106883976,726,31,85,158,0,0,0,264,infectious,444
19.31739677131503,726,30,86,158,0,0,0,264,infectious,317
19.34612237332477,725,31,86,158,0,0,0,265,infection,923
19.353679957383335,725,31,85,159,0,0,0,265,recovery,894
19.383498910908106,724,32,85,159,0,0,0,266,infection,13
19.385655099304607,723,33,85,159,0,0,0,267,infection,454
19.392707505681795,722,34,85,159,0,0,0,268,infection,370
19.39379540809263,721,35,85,159,0,0,0,269,infection,850
19.40515751592883,720,36,85,159,0,0,0,270,infection,250
19.413970006929862,719,37,85,159,0,0,0,271,infection,636
19.41835079964339,718,38,85,159,0,0,0,272,infection,290
19.427286817363903,717,39,85,159,0,0,0,273,infection,874
19.437206498283327,717,39,84,160,0,0,0,273,recovery,731
19.44358124335417,717,38,85,160,0,0,0,273,infectious,236
19.446114027525297,716,39,85,160,0,0,0,274,infection,788
19.47658865358179,716,38,86,160,0,0,0,274,infectious,938
19.482996750814337,716,37,87,160,0,0,0,274,infectious,850
19.488331289518847,716,36,88,160,0,0,0,274,infectious,830
19.49447986782244,716,35,89,160,0,0,0,274,infectious,723
19.509552775843993,716,35,88,161,0,0,0,274,recovery,961
19.5293887731482,716,34,89,161,0,0,0,274,infectious,812
19.536028362727873,715,35,89,161,0,0,0,275,infection,307
19.543482635853923,715,35,88,162,0,0,0,275,recovery,757
19.551591467696326,715,34,89,162,0,0,0,275,infectious,290
19.559811293786556,715,33,90,162,0,0,0,275,infectious,544
19.57218304452108,714,34,90,162,0,0,0,276,infection,18
19.580018159969505,714,33,91,162,0,0,0,276,infectious,270
19.6271779577007,714,32,92,162,0,0,0,276,infectious,636
19.627636741379092,713,33,92,162,0,0,0,277,infection,34
19.63005805895953,713,33,91,163,0,0,0,277,recovery,25
19.630740857259305,713,32,92,163,0,0,0,277,infectious,788
19.64538857368444,713,31,93,163,0,0,0,277,infectious,648
19.6558660092881,713,30,94,163,0,0,0,277,infectious,584
19.65773794063761,713,29,95,163,0,0,0,277,infectious,172
19.67178060946495,713,28,96,163,0,0,0,277,infectious,857
19.68007234246166,712,29,96,163,0,0,0,278,infection,652
19.687038653322812,712,28,97,163,0,0,0,278,infectious,385
19.695998220565272,711,29,97,163,0,0,0,279,infection,888
19.698848684513283,710,30,97,163,0,0,0,280,infection,265
19.728234879016707,710,30,96,164,0,0,0,280,recovery,636
19.73003049027747,710,30,95,165,0,0,0,280,recovery,317
19.73304570124435,709,31,95,165,0,0,0,281,infection,593
19.74810878971249,708,32,95,165,0,0,0,282,infection,235
19.75932473501976,708,32,94,166,0,0,0,282,recovery,322
19.759858334951776,708,31,95,166,0,0,0,282,infectious,370
19.762825356745598,707,32,95,166,0,0,0,283,infection,701
19.779141398730307,707,31,96,166,0,0,0,283,infectious,499
19.781322594068634,706,32,96,166,0,0,0,284,infection,356
19.786494574625635,706,32,95,167,0,0,0,284,recovery,172
19.791995735375522,705,33,95,167,0,0,0,285,infection,720
19.833950298976788,704,34,95,167,0,0,0,286,infection,810
19.84477070636501,703,35,95,167,0,0,0,287,infection,380
19.88139129440043,703,35,94,168,0,0,0,287,recovery,448
19.90501290662379,702,36,94,168,0,0,0,288,infection,719
19.917393081117062,702,36,93,169,0,0,0,288,recovery,479
19.923250588472342,702,36,92,170,0,0,0,288,recovery,118
19.932120277552457,701,37,92,170,0,0,0,289,infection,769
19.939066264642666,700,38,92,170,0,0,0,290,infection,633
19.992663803095375,700,37,93,170,0,0,0,290,infectious,652
19.994443461643392,699,38,93,170,0,0,0,291,infection,35
20.00480046150014,699,38,92,171,0,0,0,291,recovery,80
20.03078712842419,698,39,92,171,0,0,0,292,infection,48
20.030900565334296,697,40,92,171,0,0,0,293,infection,289
20.038210561923993,697,40,91,172,0,0,0,293,recovery,135
20.047263411922003,697,39,92,172,0,0,0,293,infectious,380
20.049283876317798,696,40,92,172,0,0,0,294,infection,90
20.054238243150238,696,39,93,172,0,0,0,294,infectious,526
20.056288323749104,695,40,93,172,0,0,0,295,infection,976
20.065238100363057,695,39,94,172,0,0,0,295,infectious,47
20.067074677677603,695,38,95,172,0,0,0,295,infectious,810
20.086050427721936,695,38,94,173,0,0,0,295,recovery,873
20.094032314134054,695,37,95,173,0,0,0,295,infectious,356
20.10266284465941,695,37,94,174,0,0,0,295,recovery,669
20.109181555745522,695,36,95,174,0,0,0,295,infectious,593
20.11069789022884,694,37,95,174,0,0,0,296,infection,802
20.120288742999662,694,36,96,174,0,0,0,296,infectious,34
20.13677734361702,694,35,97,174,0,0,0,296,infectious,796
20.138077812755885,694,35,96,175,0,0,0,296,recovery,536
20.152935559969333,694,34,97,175,0,0,0,296,infectious,90
20.16038392821178,693,35,97,175,0,0,0,297,infection,660
20.16971968113062,693,35,96,176,0,0,0,297,recovery,718
20.207447868015674,693,35,95,177,0,0,0,297,recovery,957
20.234094243492496,693,34,96,177,0,0,0,297,infectious,307
20.25627509716733,692,35,96,177,0,0,0,298,infection,153
20.261109453190418,692,35,95,178,0,0,0,298,recovery,34
20.269536075091825,692,35,94,179,0,0,0,298,recovery,412
20.284048614951743,692,34,95,179,0,0,0,298,infectious,250
20.30252291820039,692,33,96,179,0,0,0,298,infectious,165
20.327076487267863,692,32,97,179,0,0,0,298,infectious,874
20.333828332081772,691,33,97,179,0,0,0,299,infection,989
20.334919385828247,690,34,97,179,0,0,0,300,infection,325
20.335496282207355,690,34,96,180,0,0,0,300,recovery,252
20.348562731159262,690,34,95,181,0,0,0,300,recovery,356
20.34869589764367,690,33,96,181,0,0,0,300,infectious,923
20.359803964643522,690,32,97,181,0,0,0,300,infectious,41
20.36364978161542,690,32,96,182,0,0,0,300,recovery,610
20.369671951227982,690,31,97,182,0,0,0,300,infectious,802
20.370717125120766,689,32,97,182,0,0,0,301,infection,386
20.370870518953684,689,32,96,183,0,0,0,301,recovery,544
20.38092687021986,688,33,96,183,0,0,0,302,infection,710
20.397911849343252,688,32,97,183,0,0,0,302,infectious,710
20.405495176439004,687,33,97,183,0,0,0,303,infection,875
20.407311682881094,686,34,97,183,0,0,0,304,infection,17
20.421717921535226,686,33,98,183,0,0,0,304,infectious,409
20.42716691090043,685,34,98,183,0,0,0,305,infection,513
20.43220640540097,685,33,99,183,0,0,0,305,infectious,653
20.448344215214426,685,32,100,183,0,0,0,305,infectious,325
20.448415897690232,685,31,101,183,0,0,0,305,infectious,153
20.45268530487109,685,31,100,184,0,0,0,305,recovery,691
20.452898954992282,685,31,99,185,0,0,0,305,recovery,308
20.46880989932198,684,32,99,185,0,0,0,306,infection,620
20.484058064939585,684,32,98,186,0,0,0,306,recovery,760
20.48712295104413,683,33,98,186,0,0,0,307,infection,43
20.521250617504425,683,32,99,186,0,0,0,307,infectious,289
20.531004111361874,683,31,100,186,0,0,0,307,infectious,454
20.531768392953673,682,32,100,186,0,0,0,308,infection,137
20.535685833711078,681,33,100,186,0,0,0,309,infection,178
20.54136410494637,680,34,100,186,0,0,0,310,infection,201
20.547346562031827,680,34,99,187,0,0,0,310,recovery,654
20.560729320232298,679,35,99,187,0,0,0,311,infection,105
20.565935414015023,678,36,99,187,0,0,0,312,infection,447
20.56617824625707,678,35,100,187,0,0,0,312,infectious,234
20.595733306887993,678,35,99,188,0,0,0,312,recovery,938
20.603800612158686,678,34,100,188,0,0,0,312,infectious,235
20.605060359495006,678,33,101,188,0,0,0,312,infectious,402
20.61433496824115,678,32,102,188,0,0,0,312,infectious,13
20.62902636522096,678,31,103,188,0,0,0,312,infectious,886
20.64026088327871,678,30,104,188,0,0,0,312,infectious,178
20.645288665903152,678,30,103,189,0,0,0,312,recovery,250
20.648682869667617,677,31,103,189,0,0,0,313,infection,962
20.651717378305463,677,30,104,189,0,0,0,313,infectious,720
20.652248717400223,677,29,105,189,0,0,0,313,infectious,48
20.661673690743935,677,29,104,190,0,0,0,313,recovery,184
20.66435500826167,677,28,105,190,0,0,0,313,infectious,201
20.665613635538996,677,27,106,190,0,0,0,313,infectious,17
20.67870797009028,676,28,106,190,0,0,0,314,infection,204
20.680124655642988,675,29,106,190,0,0,0,315,infection,863
20.69018839635211,675,28,107,190,0,0,0,315,infectious,976
20.691217977966666,674,29,107,190,0,0,0,316,infection,99
20.701995766347423,674,29,106,191,0,0,0,316,recovery,244
20.717766603851768,674,28,107,191,0,0,0,316,infectious,888
20.720557009773874,674,27,108,191,0,0,0,316,infectious,989
20.721434189902478,673,28,108,191,0,0,0,317,infection,781
20.764839373942163,673,27,109,191,0,0,0,317,infectious,447
20.810453989124827,673,27,108,192,0,0,0,317,recovery,419
20.828071360585447,672,28,108,192,0,0,0,318,infection,670
20.84062508180668,671,29,108,192,0,0,0,319,infection,950
20.842476962993793,671,28,109,192,0,0,0,319,infectious,962
20.84511440606125,671,28,108,193,0,0,0,319,recovery,300
20.845589431982525,670,29,108,193,0,0,0,320,infection,844
20.84667837567653,670,28,109,193,0,0,0,320,infectious,769
20.863617209871776,670,28,108,194,0,0,0,320,recovery,406
20.866936395753612,669,29,108,194,0,0,0,321,infection,931
20.873304075366747,668,30,108,194,0,0,0,322,infection,829
20.889427815212645,668,30,107,195,0,0,0,322,recovery,580
20.898232763527275,668,29,108,195,0,0,0,322,infectious,35
20.899903013865263,668,28,109,195,0,0,0,322,infectious,829
20.91718791792342,668,28,108,196,0,0,0,322,recovery,652
20.94070106348399,668,27,109,196,0,0,0,322,infectious,105
20.941598325486492,667,28,109,196,0,0,0,323,infection,502
20.956237782603978,666,29,109,196,0,0,0,324,infection,56
20.956347588454104,666,29,108,197,0,0,0,324,recovery,608
20.967784455460247,666,29,107,198,0,0,0,324,recovery,932
20.969448777055497,666,29,106,199,0,0,0,324,recovery,769
20.97060260998585,666,28,107,199,0,0,0,324,infectious,46
21.034392418013866,666,28,106,200,0,0,0,324,recovery,593
21.046235939200024,666,27,107,200,0,0,0,324,infectious,171
21.050084778801956,665,28,107,200,0,0,0,325,infection,625
21.05733156937765,664,29,107,200,0,0,0,326,infection,958
21.062153038055147,663,30,107,200,0,0,0,327,infection,224
21.073148154656437,663,29,108,200,0,0,0,327,infectious,875
21.077292994460294,663,29,107,201,0,0,0,327,recovery,235
21.087369634407096,662,30,107,201,0,0,0,328,infection,195
21.09222453251619,662,29,108,201,0,0,0,328,infectious,701
21.101975327693435,661,30,108,201,0,0,0,329,infection,445
21.102018074751406,660,31,108,201,0,0,0,330,infection,748
21.108041309733387,660,31,107,202,0,0,0,330,recovery,701
21.117285766974177,659,32,107,202,0,0,0,331,infection,635
21.125601504030374,658,33,107,202,0,0,0,332,infection,437
21.154764609446666,658,32,108,202,0,0,0,332,infectious,863
21.17316187404717,658,32,107,203,0,0,0,332,recovery,409
21.202406014604797,657,33,107,203,0,0,0,333,infection,662
21.2093007757445,656,34,107,203,0,0,0,334,infection,771
21.240912623347494,656,33,108,203,0,0,0,334,infectious,958
21.288440771122858,655,34,108,203,0,0,0,335,infection,852
21.308743851686046,655,34,107,204,0,0,0,335,recovery,796
21.314432789964865,654,35,107,204,0,0,0,336,infection,918
21.32167082681762,653,36,107,204,0,0,0,337,infection,476
21.336667757747055,652,37,107,204,0,0,0,338,infection,511
21.34179283898677,651,38,107,204,0,0,0,339,infection,827
21.353805842333,651,37,108,204,0,0,0,339,infectious,750
21.364808805425596,650,38,108,204,0,0,0,340,infection,803
21.387120463764173,649,39,108,204,0,0,0,341,infection,125
21.400422184937227,649,39,107,205,0,0,0,341,recovery,720
21.405986795185747,649,38,108,205,0,0,0,341,infectious,950
21.419492045428225,648,39,108,205,0,0,0,342,infection,965
21.422219153294638,647,40,108,205,0,0,0,343,infection,535
21.428531942311906,646,41,108,205,0,0,0,344,infection,10
21.430260773201887,646,41,107,206,0,0,0,344,recovery,874
21.430967194446843,645,42,107,206,0,0,0,345,infection,668
21.44650778998815,645,41,108,206,0,0,0,345,infectious,437
21.450941089307324,644,42,108,206,0,0,0,346,infection,573
21.45097909158575,643,43,108,206,0,0,0,347,infection,398
21.462982536342196,643,43,107,207,0,0,0,347,recovery,360
21.470824960329992,643,43,106,208,0,0,0,347,recovery,541
21.48143581029266,643,42,107,208,0,0,0,347,infectious,10
21.490339424336472,643,41,108,208,0,0,0,347,infectious,362
21.491996090430774,643,41,107,209,0,0,0,347,recovery,615
21.507110114969425,643,41,106,210,0,0,0,347,recovery,927
21.517662732961295,643,41,105,211,0,0,0,347,recovery,958
21.555623949026337,643,41,104,212,0,0,0,347,recovery,658
21.559349220912885,643,40,105,212,0,0,0,347,infectious,625
21.566593647320527,643,39,106,212,0,0,0,347,infectious,535
21.571934652269828,642,40,106,212,0,0,0,348,infection,240
21.579794897302687,641,41,106,212,0,0,0,349,infection,4
21.617871979336684,640,42,106,212,0,0,0,350,infection,809
21.632443355437093,640,41,107,212,0,0,0,350,infectious,240
21.637995412079526,640,40,108,212,0,0,0,350,infectious,803
21.63866561555025,640,40,107,213,0,0,0,350,recovery,362
21.642781926980536,640,39,108,213,0,0,0,350,infectious,852
21.647276410909654,640,38,109,213,0,0,0,350,infectious,386
21.656408159724464,640,37,110,213,0,0,0,350,infectious,379
21.66425336149893,639,38,110,213,0,0,0,351,infection,758
21.67457172903174,639,37,111,213,0,0,0,351,infectious,965
21.702069892219004,638,38,111,213,0,0,0,352,infection,960
21.7039566252863,638,37,112,213,0,0,0,352,infectious,265
21.71616855347604,637,38,112,213,0,0,0,353,infection,549
21.71975556384172,637,37,113,213,0,0,0,353,infectious,844
21.752406490130184,637,37,112,214,0,0,0,353,recovery,171
21.786569589055205,636,38,112,214,0,0,0,354,infection,722
21.793482011925903,636,38,111,215,0,0,0,354,recovery,783
21.802422980907316,636,38,110,216,0,0,0,354,recovery,886
21.804050675631043,636,37,111,216,0,0,0,354,infectious,4
21.8213755008001,635,38,111,216,0,0,0,355,infection,785
21.832226755179814,634,39,111,216,0,0,0,356,infection,338
21.83801345402884,634,38,112,216,0,0,0,356,infectious,125
21.845568772587104,634,37,113,216,0,0,0,356,infectious,670
21.8662515489264,634,36,114,216,0,0,0,356,infectious,513
21.894733181415305,634,36,113,217,0,0,0,356,recovery,788
21.91395218900439,633,37,113,217,0,0,0,357,infection,463
21.923770423297462,633,36,114,217,0,0,0,357,infectious,635
21.92654968282535,632,37,114,217,0,0,0,358,infection,200
21.931639429601056,632,36,115,217,0,0,0,358,infectious,620
21.94482694064782,631,37,115,217,0,0,0,359,infection,765
21.95142134685042,630,38,115,217,0,0,0,360,infection,186
21.960817300390165,630,37,116,217,0,0,0,360,infectious,960
21.96319965516536,629,38,116,217,0,0,0,361,infection,108
21.969455540588093,629,37,117,217,0,0,0,361,infectious,99
21.975180552099374,628,38,117,217,0,0,0,362,infection,891
21.976485481101413,628,38,116,218,0,0,0,362,recovery,759
21.981873639332488,627,39,116,218,0,0,0,363,infection,799
22.00859515296714,626,40,116,218,0,0,0,364,infection,705
22.01150600427457,625,41,116,218,0,0,0,365,infection,735
22.024165779501384,624,42,116,218,0,0,0,366,infection,221
22.037821357120375,623,43,116,218,0,0,0,367,infection,675
22.05082126585941,623,43,115,219,0,0,0,367,recovery,625
22.079511744032732,623,42,116,219,0,0,0,367,infectious,204
22.0853624485406,622,43,116,219,0,0,0,368,infection,306
22.12642389296517,622,43,115,220,0,0,0,368,recovery,899
22.130374275424472,621,44,115,220,0,0,0,369,infection,259
22.162948270930002,621,44,114,221,0,0,0,369,recovery,620
22.173519165697268,621,43,115,221,0,0,0,369,infectious,722
22.17910792525326,621,43,114,222,0,0,0,369,recovery,265
22.18280983224668,621,43,113,223,0,0,0,369,recovery,989
22.190534557115452,621,42,114,223,0,0,0,369,infectious,918
22.21230289384579,620,43,114,223,0,0,0,370,infection,818
22.218331299792858,619,44,114,223,0,0,0,371,infection,266
22.242026283578454,619,44,113,224,0,0,0,371,recovery,368
22.245549209680835,619,44,112,225,0,0,0,371,recovery,41
22.247360675324128,619,43,113,225,0,0,0,371,infectious,668
22.254047898327016,619,42,114,225,0,0,0,371,infectious,809
22.261831662060843,618,43,114,225,0,0,0,372,infection,346
22.293047125660916,617,44,114,225,0,0,0,373,infection,327
22.29774142606691,617,43,115,225,0,0,0,373,infectious,660
22.31578646774011,617,42,116,225,0,0,0,373,infectious,398
22.360466597671834,617,41,117,225,0,0,0,373,infectious,306
22.40331770020723,616,42,117,225,0,0,0,374,infection,795
22.403385955507165,615,43,117,225,0,0,0,375,infection,272
22.40588487177582,615,42,118,225,0,0,0,375,infectious,891
22.41262246697412,614,43,118,225,0,0,0,376,infection,276
22.414698624576975,614,42,119,225,0,0,0,376,infectious,511
22.416242106370625,614,42,118,226,0,0,0,376,recovery,165
22.41706311710934,614,41,119,226,0,0,0,376,infectious,549
22.440321434537807,614,40,120,226,0,0,0,376,infectious,259
22.44921474168741,613,41,120,226,0,0,0,377,infection,303
22.45046011371593,613,40,121,226,0,0,0,377,infectious,735
22.464437289912237,613,40,120,227,0,0,0,377,recovery,505
22.46586806129509,612,41,120,227,0,0,0,378,infection,315
22.470172411205656,612,41,119,228,0,0,0,378,recovery,668
22.473464951582717,612,40,120,228,0,0,0,378,infectious,502
22.48174839180669,612,40,119,229,0,0,0,378,recovery,234
22.482502880244,611,41,119,229,0,0,0,379,infection,546
22.491679711121808,611,40,120,229,0,0,0,379,infectious,200
22.492820102656832,611,39,121,229,0,0,0,379,infectious,785
22.495472493182476,610,40,121,229,0,0,0,380,infection,538
22.497980047506495,609,41,121,229,0,0,0,381,infection,969
22.509833683632365,609,40,122,229,0,0,0,381,infectious,748
22.51169396277886,609,40,121,230,0,0,0,381,recovery,903
22.51712524281001,609,40,120,231,0,0,0,381,recovery,809
22.54187674374861,609,40,119,232,0,0,0,381,recovery,335
22.543992390024346,609,39,120,232,0,0,0,381,infectious,445
22.54448619331152,609,39,119,233,0,0,0,381,recovery,750
22.60496022512329,609,38,120,233,0,0,0,381,infectious,276
22.628888572942735,609,38,119,234,0,0,0,381,recovery,179
22.630289045730656,609,37,120,234,0,0,0,381,infectious,303
22.63598539072236,608,38,120,234,0,0,0,382,infection,256
22.647202486212507,608,37,121,234,0,0,0,382,infectious,771
22.66128368444561,608,37,120,235,0,0,0,382,recovery,276
22.66390893960317,607,38,120,235,0,0,0,383,infection,27
22.6866879542363,606,39,120,235,0,0,0,384,infection,110
22.687959320476754,605,40,120,235,0,0,0,385,infection,666
22.69922759069057,604,41,120,235,0,0,0,386,infection,248
22.714231812160325,603,42,120,235,0,0,0,387,infection,485
22.725203158292903,602,43,120,235,0,0,0,388,infection,452
22.72766703376987,601,44,120,235,0,0,0,389,infection,975
22.733986472932123,600,45,120,235,0,0,0,390,infection,537
22.734633443450246,599,46,120,235,0,0,0,391,infection,576
22.73488838106398,599,45,121,235,0,0,0,391,infectious,538
22.760054196271298,598,46,121,235,0,0,0,392,infection,876
22.768713560838723,597,47,121,235,0,0,0,393,infection,358
22.773024645239353,596,48,121,235,0,0,0,394,infection,310
22.77905524014338,596,48,120,236,0,0,0,394,recovery,794
22.790595633798674,595,49,120,236,0,0,0,395,infection,846
22.798625369520103,595,48,121,236,0,0,0,395,infectious,827
22.80701495161932,594,49,121,236,0,0,0,396,infection,420
22.807423682951214,594,48,122,236,0,0,0,396,infectious,799
22.813893223722985,594,48,121,237,0,0,0,396,recovery,490
22.82292440778408,594,48,120,238,0,0,0,396,recovery,97
22.825467900982623,594,47,121,238,0,0,0,396,infectious,266
22.83110903632916,594,47,120,239,0,0,0,396,recovery,402
22.832698440465677,594,46,121,239,0,0,0,396,infectious,675
22.834709118913256,594,46,120,240,0,0,0,396,recovery,44
22.851646807835404,593,47,120,240,0,0,0,397,infection,217
22.8679254769679,592,48,120,240,0,0,0,398,infection,948
22.871474532686328,592,48,119,241,0,0,0,398,recovery,263
22.875493233077677,591,49,119,241,0,0,0,399,infection,210
22.8766014249387,591,48,120,241,0,0,0,399,infectious,546
22.892226087760875,591,48,119,242,0,0,0,399,recovery,830
22.904055465266183,590,49,119,242,0,0,0,400,infection,230
22.91346849796185,589,50,119,242,0,0,0,401,infection,309
22.953408845369307,589,49,120,242,0,0,0,401,infectious,256
22.956309906699953,589,48,121,242,0,0,0,401,infectious,230
22.960583426613077,589,47,122,242,0,0,0,401,infectious,452
22.971939870667214,589,47,121,243,0,0,0,401,recovery,648
22.98142292378331,589,46,122,243,0,0,0,401,infectious,56
22.994572431654653,589,45,123,243,0,0,0,401,infectious,719
23.004128102870236,588,46,123,243,0,0,0,402,infection,604
23.009917175907365,587,47,123,243,0,0,0,403,infection,460
23.011209647264334,587,47,122,244,0,0,0,403,recovery,635
23.01176229810929,587,46,123,244,0,0,0,403,infectious,537
23.01819777128226,586,47,123,244,0,0,0,404,infection,859
23.025813777054765,586,46,124,244,0,0,0,404,infectious,420
23.033170116153013,585,47,124,244,0,0,0,405,infection,11
23.06408576414176,585,47,123,245,0,0,0,405,recovery,125
23.079992613931847,584,48,123,245,0,0,0,406,infection,158
23.089414759206107,583,49,123,245,0,0,0,407,infection,441
23.092746894471958,582,50,123,245,0,0,0,408,infection,295
23.1013618788975,582,50,122,246,0,0,0,408,recovery,178
23.10253057054483,582,50,121,247,0,0,0,408,recovery,380
23.102926783552903,582,49,122,247,0,0,0,408,infectious,186
23.118669346665577,582,49,121,248,0,0,0,408,recovery,240
23.12074557242422,582,49,120,249,0,0,0,408,recovery,445
23.12178894876461,581,50,120,249,0,0,0,409,infection,592
23.126928916359905,581,49,121,249,0,0,0,409,infectious,224
23.12996301742996,581,48,122,249,0,0,0,409,infectious,604
23.132946170487543,581,48,121,250,0,0,0,409,recovery,653
23.14603198439056,580,49,121,250,0,0,0,410,infection,515
23.16148678838517,580,49,120,251,0,0,0,410,recovery,882
23.16188938681961,580,49,119,252,0,0,0,410,recovery,671
23.16722319938875,579,50,119,252,0,0,0,411,infection,978
23.174712344765247,579,49,120,252,0,0,0,411,infectious,818
23.1809829985504,579,48,121,252,0,0,0,411,infectious,108
23.1836078800049,579,47,122,252,0,0,0,411,infectious,346
23.18422527270597,579,47,121,253,0,0,0,411,recovery,923
23.184252285564064,578,48,121,253,0,0,0,412,infection,835
23.18501970683406,578,48,120,254,0,0,0,412,recovery,827
23.190430959144884,577,49,120,254,0,0,0,413,infection,664
23.210960581872328,576,50,120,254,0,0,0,414,infection,582
23.219369273141186,575,51,120,254,0,0,0,415,infection,806
23.222818458727435,575,50,121,254,0,0,0,415,infectious,11
23.227964945986955,575,49,122,254,0,0,0,415,infectious,835
23.240478640580083,575,49,121,255,0,0,0,415,recovery,710
23.243388375250127,575,48,122,255,0,0,0,415,infectious,876
23.244512031056246,575,48,121,256,0,0,0,415,recovery,513
23.24773125484568,574,49,121,256,0,0,0,416,infection,971
23.25732863780364,573,50,121,256,0,0,0,417,infection,742
23.286643706442398,573,50,120,257,0,0,0,417,recovery,639
23.292426213970206,573,50,119,258,0,0,0,417,recovery,502
23.29936388962561,573,50,118,259,0,0,0,417,recovery,875
23.304222625958527,572,51,118,259,0,0,0,418,infection,746
23.31476900383413,572,50,119,259,0,0,0,418,infectious,463
23.316270840384323,572,49,120,259,0,0,0,418,infectious,195
23.32071159425468,571,50,120,259,0,0,0,419,infection,205
23.329293046615135,571,49,121,259,0,0,0,419,infectious,758
23.33583808777559,571,49,120,260,0,0,0,419,recovery,595
23.33782147531445,571,48,121,260,0,0,0,419,infectious,582
23.354556259734697,570,49,121,260,0,0,0,420,infection,175
23.371079904085562,569,50,121,260,0,0,0,421,infection,832
23.40613919275182,569,49,122,260,0,0,0,421,infectious,358
23.412227262109386,568,50,122,260,0,0,0,422,infection,183
23.41562621804871,568,49,123,260,0,0,0,422,infectious,110
23.43009269191737,567,50,123,260,0,0,0,423,infection,503
23.44165998729236,567,49,124,260,0,0,0,423,infectious,210
23.45137750063117,567,48,125,260,0,0,0,423,infectious,221
23.478234531778863,567,47,126,260,0,0,0,423,infectious,666
23.48233793980705,566,48,126,260,0,0,0,424,infection,555
23.48537889251455,566,47,127,260,0,0,0,424,infectious,309
23.494638047376757,566,46,128,260,0,0,0,424,infectious,573
23.49996349075365,566,46,127,261,0,0,0,424,recovery,303
23.52521691952906,566,45,128,261,0,0,0,424,infectious,248
23.538968362680563,566,44,129,261,0,0,0,424,infectious,515
23.54517809133415,566,43,130,261,0,0,0,424,infectious,27
23.55093908960814,565,44,130,261,0,0,0,425,infection,357
23.563256533293305,565,43,131,261,0,0,0,425,infectious,975
23.563499039412196,565,42,132,261,0,0,0,425,infectious,485
23.566010870161143,565,41,133,261,0,0,0,425,infectious,357
23.582071370965213,565,40,134,261,0,0,0,425,infectious,555
23.58311725128149,565,40,133,262,0,0,0,425,recovery,573
23.60052257666174,565,39,134,262,0,0,0,425,infectious,765
23.616943959384894,565,39,133,263,0,0,0,425,recovery,535
23.62472497616198,565,39,132,264,0,0,0,425,recovery,876
23.631307977331815,564,40,132,264,0,0,0,426,infection,393
23.632636781070445,564,39,133,264,0,0,0,426,infectious,931
23.633188850574264,564,38,134,264,0,0,0,426,infectious,919
23.654516435427176,563,39,134,264,0,0,0,427,infection,285
23.656235099713086,563,38,135,264,0,0,0,427,infectious,971
23.665660026727103,562,39,135,264,0,0,0,428,infection,665
23.666283375856185,561,40,135,264,0,0,0,429,infection,828
23.6828083369895,560,41,135,264,0,0,0,430,infection,763
23.68631281397253,559,42,135,264,0,0,0,431,infection,988
23.713977672355284,558,43,135,264,0,0,0,432,infection,527
23.722608506770467,558,42,136,264,0,0,0,432,infectious,527
23.728230743157322,558,42,135,265,0,0,0,432,recovery,799
23.728398946959665,558,42,134,266,0,0,0,432,recovery,420
23.744820166806324,558,42,133,267,0,0,0,432,recovery,386
23.74774504838755,557,43,133,267,0,0,0,433,infection,207
23.749271083029477,556,44,133,267,0,0,0,434,infection,331
23.757240624599902,556,43,134,267,0,0,0,434,infectious,183
23.771506975581225,555,44,134,267,0,0,0,435,infection,185
23.77901669916733,555,43,135,267,0,0,0,435,infectious,476
23.78405647916186,555,43,134,268,0,0,0,435,recovery,434
23.79194394510268,554,44,134,268,0,0,0,436,infection,249
23.79451123354287,554,43,135,268,0,0,0,436,infectious,137
23.79827345104264,554,43,134,269,0,0,0,436,recovery,210
23.80001248386226,554,42,135,269,0,0,0,436,infectious,315
23.80238795136205,553,43,135,269,0,0,0,437,infection,375
23.80559082169669,553,43,134,270,0,0,0,437,recovery,346
23.80942080770459,553,43,133,271,0,0,0,437,recovery,537
23.853443398363407,553,42,134,271,0,0,0,437,infectious,185
23.859442645637436,553,41,135,271,0,0,0,437,infectious,911
23.867222442775113,552,42,135,271,0,0,0,438,infection,403
23.87286091864047,552,41,136,271,0,0,0,438,infectious,310
23.89645963796391,552,41,135,272,0,0,0,438,recovery,48
23.89676009222417,552,41,134,273,0,0,0,438,recovery,274
23.899446884586645,552,40,135,273,0,0,0,438,infectious,375
23.915798485605812,551,41,135,273,0,0,0,439,infection,780
23.925626276147916,551,40,136,273,0,0,0,439,infectious,780
23.933194476101686,550,41,136,273,0,0,0,440,infection,37
23.938631699446592,550,41,135,274,0,0,0,440,recovery,735
23.941170756998545,550,41,134,275,0,0,0,440,recovery,225
23.942944264403703,550,40,135,275,0,0,0,440,infectious,859
23.972914167315178,549,41,135,275,0,0,0,441,infection,520
23.975120081726285,548,42,135,275,0,0,0,442,infection,58
23.988509186078403,548,41,136,275,0,0,0,442,infectious,705
23.98857293679601,548,41,135,276,0,0,0,442,recovery,256
23.992696592964776,547,42,135,276,0,0,0,443,infection,219
23.995699133071444,547,41,136,276,0,0,0,443,infectious,664
24.00679424074764,546,42,136,276,0,0,0,444,infection,124
24.00877418932383,546,42,135,277,0,0,0,444,recovery,976
24.01098638720303,546,42,134,278,0,0,0,444,recovery,11
24.041867173217206,545,43,134,278,0,0,0,445,infection,314
24.04830324184462,545,43,133,279,0,0,0,445,recovery,641
24.061749423822228,545,43,132,280,0,0,0,445,recovery,723
24.06189354979668,545,43,131,281,0,0,0,445,recovery,485
24.069813053139598,545,42,132,281,0,0,0,445,infectious,742
24.070220753977527,544,43,132,281,0,0,0,446,infection,247
24.106777901779836,544,42,133,281,0,0,0,446,infectious,403
24.13153290286652,543,43,133,281,0,0,0,447,infection,321
24.132185786959468,543,43,132,282,0,0,0,447,recovery,289
24.135001951345128,543,42,133,282,0,0,0,447,infectious,58
24.135306066893282,542,43,133,282,0,0,0,448,infection,443
24.142600956558557,542,43,132,283,0,0,0,448,recovery,892
24.151657629853464,542,43,131,284,0,0,0,448,recovery,248
24.163860325292077,542,43,130,285,0,0,0,448,recovery,960
24.214232283277678,542,42,131,285,0,0,0,448,infectious,592
24.22985454260906,542,41,132,285,0,0,0,448,infectious,285
24.237235032114256,541,42,132,285,0,0,0,449,infection,159
24.242695915227134,541,42,131,286,0,0,0,449,recovery,675
24.245757320335997,541,42,130,287,0,0,0,449,recovery,597
24.249604468809792,541,42,129,288,0,0,0,449,recovery,918
24.253919942595623,541,42,128,289,0,0,0,449,recovery,201
24.264124832301363,540,43,128,289,0,0,0,450,infection,532
24.264489028717527,540,43,127,290,0,0,0,450,recovery,403
24.265584628751554,540,42,128,290,0,0,0,450,infectious,443
24.272830553201988,540,41,129,290,0,0,0,450,infectious,795
24.278247076669622,540,41,128,291,0,0,0,450,recovery,552
24.282312411740094,540,40,129,291,0,0,0,450,infectious,321
24.295356125458568,539,41,129,291,0,0,0,451,infection,940
24.33497436246196,539,40,130,291,0,0,0,451,infectious,763
24.349533568952044,538,41,130,291,0,0,0,452,infection,612
24.362996477968192,537,42,130,291,0,0,0,453,infection,36
24.37185754801908,537,42,129,292,0,0,0,453,recovery,499
24.37504019163465,537,41,130,292,0,0,0,453,infectious,662
24.375473502466676,536,42,130,292,0,0,0,454,infection,902
24.385048021783795,536,41,131,292,0,0,0,454,infectious,37
24.38970914672916,536,40,132,292,0,0,0,454,infectious,948
24.393529874392595,536,39,133,292,0,0,0,454,infectious,327
24.41257149316015,536,38,134,292,0,0,0,454,infectious,988
24.41323645393907,536,38,133,293,0,0,0,454,recovery,312
24.415990199400298,536,37,134,293,0,0,0,454,infectious,978
24.42612511904896,536,37,133,294,0,0,0,454,recovery,558
24.442672244236554,536,37,132,295,0,0,0,454,recovery,398
24.447140541871917,535,38,132,295,0,0,0,455,infection,711
24.456678653651696,535,37,133,295,0,0,0,455,infectious,441
24.4678423305727,534,38,133,295,0,0,0,456,infection,188
24.4720459370247,534,38,132,296,0,0,0,456,recovery,200
24.481078215044946,534,37,133,296,0,0,0,456,infectious,806
24.503304745171555,533,38,133,296,0,0,0,457,infection,421
24.525204149351193,533,37,134,296,0,0,0,457,infectious,314
24.54421363883992,533,37,133,297,0,0,0,457,recovery,911
24.552537471016546,533,36,134,297,0,0,0,457,infectious,969
24.555326510803173,532,37,134,297,0,0,0,458,infection,38
24.563948540237597,532,36,135,297,0,0,0,458,infectious,612
24.56541215172159,532,36,134,298,0,0,0,458,recovery,259
24.573425072672816,532,36,133,299,0,0,0,458,recovery,122
24.585710919688946,532,36,132,300,0,0,0,458,recovery,46
24.601422371965636,532,36,131,301,0,0,0,458,recovery,325
24.612079394648845,532,36,130,302,0,0,0,458,recovery,722
24.612868890224508,532,35,131,302,0,0,0,458,infectious,940
24.618701046123693,532,35,130,303,0,0,0,458,recovery,919
24.641647023731313,531,36,130,303,0,0,0,459,infection,778
24.645067840515843,531,36,129,304,0,0,0,459,recovery,780
24.66756458898381,531,36,128,305,0,0,0,459,recovery,829
24.67398520213279,531,36,127,306,0,0,0,459,recovery,266
24.6853069112537,530,37,127,306,0,0,0,460,infection,566
24.6863906591211,529,38,127,306,0,0,0,461,infection,594
24.695670283172188,528,39,127,306,0,0,0,462,infection,50
24.69620131480263,527,40,127,306,0,0,0,463,infection,241
24.697367296171862,526,41,127,306,0,0,0,464,infection,113
24.703255681763736,525,42,127,306,0,0,0,465,infection,599
24.7159514154536,525,41,128,306,0,0,0,465,infectious,711
24.71985060762962,525,41,127,307,0,0,0,465,recovery,785
24.731222832445305,524,42,127,307,0,0,0,466,infection,141
24.759673288862285,523,43,127,307,0,0,0,467,infection,66
24.76746857258268,523,43,126,308,0,0,0,467,recovery,819
24.772611315745397,523,42,127,308,0,0,0,467,infectious,665
24.776904131383485,523,42,126,309,0,0,0,467,recovery,950
24.778153505257045,523,42,125,310,0,0,0,467,recovery,428
24.782331410486293,523,41,126,310,0,0,0,467,infectious,331
24.785536206537696,522,42,126,310,0,0,0,468,infection,793
24.824820469112808,522,41,127,310,0,0,0,468,infectious,207
24.82701262639954,522,41,126,311,0,0,0,468,recovery,315
24.847827944561082,522,40,127,311,0,0,0,468,infectious,175
24.88384708534328,521,41,127,311,0,0,0,469,infection,645
24.887635742729078,521,41,126,312,0,0,0,469,recovery,888
24.890603972001507,520,42,126,312,0,0,0,470,infection,500
24.928592150656158,520,42,125,313,0,0,0,470,recovery,802
24.93055484985873,520,42,124,314,0,0,0,470,recovery,748
24.957848146506482,520,41,125,314,0,0,0,470,infectious,746
24.959572453335028,520,41,124,315,0,0,0,470,recovery,660
24.961125015386056,520,40,125,315,0,0,0,470,infectious,421
24.962101886529435,520,39,126,315,0,0,0,470,infectious,460
24.97387516520233,520,38,127,315,0,0,0,470,infectious,781
24.974878292908222,520,37,128,315,0,0,0,470,infectious,599
25.001486565330442,520,36,129,315,0,0,0,470,infectious,66
25.01052482527102,520,35,130,315,0,0,0,470,infectious,124
25.024362389855373,520,34,131,315,0,0,0,470,infectious,645
25.026910879031796,520,33,132,315,0,0,0,470,infectious,38
25.03061281325212,519,34,132,315,0,0,0,471,infection,518
25.034396722723063,519,34,131,316,0,0,0,471,recovery,35
25.034863854247074,519,34,130,317,0,0,0,471,recovery,584
25.035076779028458,518,35,130,317,0,0,0,472,infection,129
25.053393182225108,518,34,131,317,0,0,0,472,infectious,518
25.055025094736177,517,35,131,317,0,0,0,473,infection,553
25.07276444448164,516,36,131,317,0,0,0,474,infection,685
25.075964032853427,516,36,130,318,0,0,0,474,recovery,441
25.088528713584804,516,35,131,318,0,0,0,474,infectious,129
25.093789168983196,516,34,132,318,0,0,0,474,infectious,832
25.111790169554432,516,33,133,318,0,0,0,474,infectious,113
25.117606636842787,516,33,132,319,0,0,0,474,recovery,948
25.13836856690577,515,34,132,319,0,0,0,475,infection,150
25.158618492528536,515,33,133,319,0,0,0,475,infectious,158
25.164918289609,514,34,133,319,0,0,0,476,infection,68
25.17952740187331,513,35,133,319,0,0,0,477,infection,254
25.186774406015317,513,34,134,319,0,0,0,477,infectious,217
25.18974708282759,513,34,133,320,0,0,0,477,recovery,645
25.201734232078806,513,34,132,321,0,0,0,477,recovery,144
25.204558413675294,512,35,132,321,0,0,0,478,infection,756
25.204942672129746,511,36,132,321,0,0,0,479,infection,255
25.211142341244084,511,36,131,322,0,0,0,479,recovery,375
25.219932420704623,510,37,131,322,0,0,0,480,infection,91
25.226923837211682,510,36,132,322,0,0,0,480,infectious,295
25.238763369145058,510,35,133,322,0,0,0,480,infectious,553
25.244141048371915,510,35,132,323,0,0,0,480,recovery,447
25.251838542964062,510,34,133,323,0,0,0,480,infectious,272
25.26151170335203,510,33,134,323,0,0,0,480,infectious,685
25.26435460718156,509,34,134,323,0,0,0,481,infection,483
25.28124891980156,508,35,134,323,0,0,0,482,infection,860
25.29367420071567,507,36,134,323,0,0,0,483,infection,211
25.296163332643776,507,35,135,323,0,0,0,483,infectious,141
25.30729609784374,507,35,134,324,0,0,0,483,recovery,236
25.34291995883574,506,36,134,324,0,0,0,484,infection,465
25.34422794010206,505,37,134,324,0,0,0,485,infection,815
25.346243000024135,505,36,135,324,0,0,0,485,infectious,211
25.383816635715057,504,37,135,324,0,0,0,486,infection,212
25.390961985320864,504,36,136,324,0,0,0,486,infectious,43
25.391019090489753,504,35,137,324,0,0,0,486,infectious,594
25.40035644643092,503,36,137,324,0,0,0,487,infection,423
25.401012577974395,503,35,138,324,0,0,0,487,infectious,255
25.42153433943742,502,36,138,324,0,0,0,488,infection,475
25.423247430744894,502,36,137,325,0,0,0,488,recovery,370
25.428329764672654,502,35,138,325,0,0,0,488,infectious,68
25.462109401988926,501,36,138,325,0,0,0,489,infection,220
25.46536644110644,500,37,138,325,0,0,0,490,infection,547
25.469159516103552,500,37,137,326,0,0,0,490,recovery,110
25.47136622850129,500,37,136,327,0,0,0,490,recovery,832
25.48026768080189,500,37,135,328,0,0,0,490,recovery,27
25.49313221275047,500,36,136,328,0,0,0,490,infectious,36
25.496607976897703,500,36,135,329,0,0,0,490,recovery,758
25.497937917296,500,36,134,330,0,0,0,490,recovery,962
25.518580485415644,500,36,133,331,0,0,0,490,recovery,763
25.523975368989927,500,36,132,332,0,0,0,490,recovery,460
25.526588164461547,499,37,132,332,0,0,0,491,infection,355
25.545064223527522,499,36,133,332,0,0,0,491,infectious,503
25.55076726844526,499,35,134,332,0,0,0,491,infectious,247
25.551941940969016,498,36,134,332,0,0,0,492,infection,332
25.554134846184322,498,36,133,333,0,0,0,492,recovery,599
25.55472929790069,498,35,134,333,0,0,0,492,infectious,212
25.562258542666513,498,35,133,334,0,0,0,492,recovery,211
25.566426163387916,498,34,134,334,0,0,0,492,infectious,188
25.583239895750857,498,33,135,334,0,0,0,492,infectious,846
25.58784271713413,497,34,135,334,0,0,0,493,infection,333
25.588784071373432,497,34,134,335,0,0,0,493,recovery,212
25.594606394670944,497,34,133,336,0,0,0,493,recovery,327
25.59545529425576,496,35,133,336,0,0,0,494,infection,944
25.603578996792443,495,36,133,336,0,0,0,495,infection,311
25.605831702583306,495,36,132,337,0,0,0,495,recovery,452
25.60671528890653,495,35,133,337,0,0,0,495,infectious,205
25.61546396701245,494,36,133,337,0,0,0,496,infection,433
25.617293747521696,494,36,132,338,0,0,0,496,recovery,665
25.627734985517666,494,36,131,339,0,0,0,496,recovery,818
25.636375715828667,494,36,130,340,0,0,0,496,recovery,68
25.643678453929024,494,35,131,340,0,0,0,496,infectious,520
25.655600462254448,493,36,131,340,0,0,0,497,infection,194
25.677638458016382,493,36,130,341,0,0,0,497,recovery,272
25.684286301178265,492,37,130,341,0,0,0,498,infection,880
25.6871573758066,492,37,129,342,0,0,0,498,recovery,205
25.707273053891317,492,37,128,343,0,0,0,498,recovery,803
25.710794209713107,492,36,129,343,0,0,0,498,infectious,944
25.711372659165253,491,37,129,343,0,0,0,499,infection,659
25.716978122799095,491,37,128,344,0,0,0,499,recovery,285
25.725177561281637,491,36,129,344,0,0,0,499,infectious,254
25.75179376719419,490,37,129,344,0,0,0,500,infection,298
25.76209187300538,489,38,129,344,0,0,0,501,infection,973
25.782035088113464,489,37,130,344,0,0,0,501,infectious,547
25.808310284870284,489,37,129,345,0,0,0,501,recovery,705
25.81029119200722,489,36,130,345,0,0,0,501,infectious,220
25.831742048725545,489,36,129,346,0,0,0,501,recovery,90
25.838012004091677,489,35,130,346,0,0,0,501,infectious,566
25.839512034397547,489,35,129,347,0,0,0,501,recovery,310
25.8548017647582,489,34,130,347,0,0,0,501,infectious,860
25.880751921396186,488,35,130,347,0,0,0,502,infection,704
25.88801381289968,488,34,131,347,0,0,0,502,infectious,298
25.899914491760136,487,35,131,347,0,0,0,503,infection,282
25.920292456640826,487,34,132,347,0,0,0,503,infectious,828
25.928816761914714,486,35,132,347,0,0,0,504,infection,163
25.94382521012195,485,36,132,347,0,0,0,505,infection,845
25.982622424114233,484,37,132,347,0,0,0,506,infection,762
25.986654912859027,484,37,131,348,0,0,0,506,recovery,306
26.010729179835558,484,37,130,349,0,0,0,506,recovery,454
26.016883912076118,483,38,130,349,0,0,0,507,infection,933
26.024474583067555,483,37,131,349,0,0,0,507,infectious,815
26.028207651832282,483,37,130,350,0,0,0,507,recovery,520
26.03426062088984,483,36,131,350,0,0,0,507,infectious,282
26.03981597948013,483,36,130,351,0,0,0,507,recovery,664
26.052940237281998,483,36,129,352,0,0,0,507,recovery,58
26.053051867640328,483,36,128,353,0,0,0,507,recovery,463
26.06555720529937,483,36,127,354,0,0,0,507,recovery,546
26.083472834784942,483,36,126,355,0,0,0,507,recovery,844
26.085677613354676,483,35,127,355,0,0,0,507,infectious,845
26.087434750491617,483,34,128,355,0,0,0,507,infectious,150
26.087964127731443,483,33,129,355,0,0,0,507,infectious,756
26.101019335316206,482,34,129,355,0,0,0,508,infection,631
26.111020966117476,482,33,130,355,0,0,0,508,infectious,194
26.125954628975457,482,32,131,355,0,0,0,508,infectious,500
26.126845412149894,481,33,131,355,0,0,0,509,infection,14
26.128912129976463,481,33,130,356,0,0,0,509,recovery,476
26.15433606296381,481,32,131,356,0,0,0,509,infectious,163
26.178172769657532,481,31,132,356,0,0,0,509,infectious,880
26.185159125273305,481,31,131,357,0,0,0,509,recovery,17
26.18539682793834,481,30,132,357,0,0,0,509,infectious,762
26.19435557426933,480,31,132,357,0,0,0,510,infection,458
26.19493884215864,480,31,131,358,0,0,0,510,recovery,771
26.199949168647436,479,32,131,358,0,0,0,511,infection,929
26.205212111904235,479,32,130,359,0,0,0,511,recovery,612
26.206340818708334,479,31,131,359,0,0,0,511,infectious,393
26.211104128819645,479,30,132,359,0,0,0,511,infectious,902
26.220185179209768,478,31,132,359,0,0,0,512,infection,782
26.226342259828755,477,32,132,359,0,0,0,513,infection,510
26.227508275566368,477,31,133,359,0,0,0,513,infectious,458
26.232316944133565,477,31,132,360,0,0,0,513,recovery,969
26.251233201350107,476,32,132,360,0,0,0,514,infection,149
26.254704137191318,476,31,133,360,0,0,0,514,infectious,311
26.259590687389405,476,30,134,360,0,0,0,514,infectious,249
26.272753579447745,476,30,133,361,0,0,0,514,recovery,195
26.31045621608396,476,29,134,361,0,0,0,514,infectious,576
26.314198808436334,476,29,133,362,0,0,0,514,recovery,113
26.318976232075844,476,28,134,362,0,0,0,514,infectious,219
26.34650696550344,476,28,133,363,0,0,0,514,recovery,150
26.348352862247175,476,27,134,363,0,0,0,514,infectious,704
26.37127539992219,476,27,133,364,0,0,0,514,recovery,307
26.38926307710494,476,26,134,364,0,0,0,514,infectious,778
26.398964250342434,475,27,134,364,0,0,0,515,infection,15
26.41433365837609,475,26,135,364,0,0,0,515,infectious,973
26.42293183287442,474,27,135,364,0,0,0,516,infection,481
26.445379598660356,474,26,136,364,0,0,0,516,infectious,483
26.445494116821028,474,25,137,364,0,0,0,516,infectious,50
26.448762117781833,474,24,138,364,0,0,0,516,infectious,15
26.46434825834909,473,25,138,364,0,0,0,517,infection,703
26.472747345384217,473,24,139,364,0,0,0,517,infectious,149
26.48213827114519,473,24,138,365,0,0,0,517,recovery,486
26.488343566285636,473,23,139,365,0,0,0,517,infectious,18
26.503837229340398,473,23,138,366,0,0,0,517,recovery,828
26.511532702497632,472,24,138,366,0,0,0,518,infection,907
26.512597897140925,471,25,138,366,0,0,0,519,infection,679
26.518058013181932,470,26,138,366,0,0,0,520,infection,435
26.52209316322908,470,26,137,367,0,0,0,520,recovery,270
26.524861524369964,469,27,137,367,0,0,0,521,infection,103
26.531658547356137,469,26,138,367,0,0,0,521,infectious,907
26.53339328368488,469,25,139,367,0,0,0,521,infectious,782
26.53500061715348,468,26,139,367,0,0,0,522,infection,126
26.53501253418101,468,25,140,367,0,0,0,522,infectious,423
26.54368242123909,467,26,140,367,0,0,0,523,infection,261
26.553593412834356,466,27,140,367,0,0,0,524,infection,242
26.568043082151014,465,28,140,367,0,0,0,525,infection,916
26.568834189057263,465,27,141,367,0,0,0,525,infectious,929
26.57692844359306,465,27,140,368,0,0,0,525,recovery,891
26.57891472756895,465,26,141,368,0,0,0,525,infectious,338
26.600248175467627,464,27,141,368,0,0,0,526,infection,775
26.609785998705096,464,26,142,368,0,0,0,526,infectious,793
26.62009318861743,463,27,142,368,0,0,0,527,infection,606
26.620873214748432,463,26,143,368,0,0,0,527,infectious,355
26.629961395214238,463,26,142,369,0,0,0,527,recovery,555
26.63442105894211,462,27,142,369,0,0,0,528,infection,24
26.64397706048426,462,26,143,369,0,0,0,528,infectious,481
26.649170162446868,461,27,143,369,0,0,0,529,infection,881
26.689298493118315,461,26,144,369,0,0,0,529,infectious,703
26.689733300492833,460,27,144,369,0,0,0,530,infection,936
26.693399440147843,460,26,145,369,0,0,0,530,infectious,433
26.696341095825726,459,27,145,369,0,0,0,531,infection,292
26.71022901202766,459,26,146,369,0,0,0,531,infectious,91
26.71610302080985,459,26,145,370,0,0,0,531,recovery,863
26.720298932928653,459,25,146,370,0,0,0,531,infectious,242
26.732012258222664,459,24,147,370,0,0,0,531,infectious,292
26.756358430399423,459,23,148,370,0,0,0,531,infectious,659
26.76139674614798,459,23,147,371,0,0,0,531,recovery,13
26.771744334293533,459,23,146,372,0,0,0,531,recovery,194
26.77982941528218,458,24,146,372,0,0,0,532,infection,451
26.79032654753855,457,25,146,372,0,0,0,533,infection,361
26.7934106932064,457,25,145,373,0,0,0,533,recovery,204
26.799911061316745,457,24,146,373,0,0,0,533,infectious,510
26.809263600878165,457,24,145,374,0,0,0,533,recovery,66
26.82258605521062,457,24,144,375,0,0,0,533,recovery,395
26.824370319840824,457,24,143,376,0,0,0,533,recovery,385
26.835052535968234,457,23,144,376,0,0,0,533,infectious,261
26.83524209536658,456,24,144,376,0,0,0,534,infection,820
26.845922569672343,456,23,145,376,0,0,0,534,infectious,14
26.857214553410632,456,22,146,376,0,0,0,534,infectious,532
26.863141876692325,456,21,147,376,0,0,0,534,infectious,332
26.903440597415685,455,22,147,376,0,0,0,535,infection,294
26.909820097269236,455,21,148,376,0,0,0,535,infectious,631
26.920554399017156,455,21,147,377,0,0,0,535,recovery,91
26.925296633412735,455,21,146,378,0,0,0,535,recovery,290
26.956568785933683,455,21,145,379,0,0,0,535,recovery,756
26.970939305126326,454,22,145,379,0,0,0,536,infection,28
26.97785956876822,454,21,146,379,0,0,0,536,infectious,916
26.978769129604668,454,21,145,380,0,0,0,536,recovery,631
26.992047991296893,453,22,145,380,0,0,0,537,infection,156
26.992111081485042,453,21,146,380,0,0,0,537,infectious,333
26.99804888943992,453,21,145,381,0,0,0,537,recovery,149
27.010491330186603,453,21,144,382,0,0,0,537,recovery,105
27.011371152229323,453,20,145,382,0,0,0,537,infectious,775
27.015422905248197,452,21,145,382,0,0,0,538,infection,462
27.046226350144007,452,20,146,382,0,0,0,538,infectious,361
27.047117091930737,451,21,146,382,0,0,0,539,infection,696
27.054979467293474,450,22,146,382,0,0,0,540,infection,687
27.05712855250173,450,21,147,382,0,0,0,540,infectious,159
27.0690953516121,450,20,148,382,0,0,0,540,infectious,24
27.072985847434662,449,21,148,382,0,0,0,541,infection,390
27.083230169542286,449,21,147,383,0,0,0,541,recovery,230
27.090199841670334,449,21,146,384,0,0,0,541,recovery,703
27.09951984545434,449,20,147,384,0,0,0,541,infectious,462
27.104776972628574,449,20,146,385,0,0,0,541,recovery,806
27.117636973638856,448,21,146,385,0,0,0,542,infection,789
27.119067303439984,448,20,147,385,0,0,0,542,infectious,28
27.123203334922643,448,19,148,385,0,0,0,542,infectious,881
27.131456480255885,448,18,149,385,0,0,0,542,infectious,475
27.13775009294894,448,18,148,386,0,0,0,542,recovery,800
27.13793414353668,448,18,147,387,0,0,0,542,recovery,159
27.160198157919876,448,18,146,388,0,0,0,542,recovery,553
27.170379364160027,448,18,145,389,0,0,0,542,recovery,742
27.176931693363372,448,18,144,390,0,0,0,542,recovery,38
27.182971523573407,447,19,144,390,0,0,0,543,infection,684
27.1836491120737,447,18,145,390,0,0,0,543,infectious,294
27.185898080263513,447,18,144,391,0,0,0,543,recovery,717
27.196595042527935,447,17,145,391,0,0,0,543,infectious,606
27.2033589014751,447,17,144,392,0,0,0,543,recovery,719
27.25332750290655,447,16,145,392,0,0,0,543,infectious,684
27.26977006244782,446,17,145,392,0,0,0,544,infection,432
27.29047760756048,446,16,146,392,0,0,0,544,infectious,241
27.295748012495654,445,17,146,392,0,0,0,545,infection,837
27.297576083882706,445,17,145,393,0,0,0,545,recovery,835
27.328906914362523,444,18,145,393,0,0,0,546,infection,264
27.402031824701737,444,17,146,393,0,0,0,546,infectious,432
27.41856120265821,444,17,145,394,0,0,0,546,recovery,606
27.43499873099187,444,16,146,394,0,0,0,546,infectious,933
27.444183886253004,444,16,145,395,0,0,0,546,recovery,670
27.449999369522615,444,15,146,395,0,0,0,546,infectious,679
27.452716644051534,444,15,145,396,0,0,0,546,recovery,810
27.48511137280555,443,16,145,396,0,0,0,547,infection,726
27.49046339544393,443,15,146,396,0,0,0,547,infectious,264
27.49964787577654,442,16,146,396,0,0,0,548,infection,807
27.502583810539463,441,17,146,396,0,0,0,549,infection,813
27.54985523308766,440,18,146,396,0,0,0,550,infection,197
27.55823390185485,440,17,147,396,0,0,0,550,infectious,936
27.561101381236657,439,18,147,396,0,0,0,551,infection,337
27.61670136006233,438,19,147,396,0,0,0,552,infection,84
27.655982072034874,438,18,148,396,0,0,0,552,infectious,103
27.664899700279783,437,19,148,396,0,0,0,553,infection,984
27.677790842316128,437,19,147,397,0,0,0,553,recovery,804
27.685034382693146,437,19,146,398,0,0,0,553,recovery,224
27.69115947035216,437,18,147,398,0,0,0,553,infectious,465
27.71378931302113,437,17,148,398,0,0,0,553,infectious,84
27.71985146322412,436,18,148,398,0,0,0,554,infection,407
27.729746373536365,435,19,148,398,0,0,0,555,infection,49
27.81064887805666,434,20,148,398,0,0,0,556,infection,371
27.81336705254845,433,21,148,398,0,0,0,557,infection,912
27.81604828181166,432,22,148,398,0,0,0,558,infection,968
27.830961489939483,431,23,148,398,0,0,0,559,infection,154
27.86831745407787,431,22,149,398,0,0,0,559,infectious,451
27.87469877788879,431,22,148,399,0,0,0,559,recovery,137
27.91533367874198,430,23,148,399,0,0,0,560,infection,767
27.917540564616214,429,24,148,399,0,0,0,561,infection,629
27.92887101229837,429,24,147,400,0,0,0,561,recovery,860
27.934058344214204,429,23,148,400,0,0,0,561,infectious,371
27.95249777789997,428,24,148,400,0,0,0,562,infection,949
28.000474983230088,428,23,149,400,0,0,0,562,infectious,789
28.014251763340862,428,22,150,400,0,0,0,562,infectious,837
28.033054301718742,428,22,149,401,0,0,0,562,recovery,916
28.035401247586382,428,21,150,401,0,0,0,562,infectious,767
28.038758453700645,427,22,150,401,0,0,0,563,infection,736
28.04129244448177,427,22,149,402,0,0,0,563,recovery,331
28.05014391876602,427,21,150,402,0,0,0,563,infectious,49
28.066396096880368,426,22,150,402,0,0,0,564,infection,305
28.071887418543326,425,23,150,402,0,0,0,565,infection,257
28.07703808410988,424,24,150,402,0,0,0,566,infection,65
28.08023455835711,424,24,149,403,0,0,0,566,recovery,594
28.080418878215184,424,24,148,404,0,0,0,566,recovery,880
28.123356012486788,424,24,147,405,0,0,0,566,recovery,423
28.124391115256064,423,25,147,405,0,0,0,567,infection,177
28.126090193687272,423,25,146,406,0,0,0,567,recovery,4
28.1268941982182,422,26,146,406,0,0,0,568,infection,849
28.128743312278996,421,27,146,406,0,0,0,569,infection,109
28.130847962066284,421,27,145,407,0,0,0,569,recovery,379
28.138497860400985,420,28,145,407,0,0,0,570,infection,941
28.14749092408995,420,27,146,407,0,0,0,570,infectious,949
28.16055603611138,419,28,146,407,0,0,0,571,infection,5
28.16487355310494,419,27,147,407,0,0,0,571,infectious,633
28.165292403476574,419,26,148,407,0,0,0,571,infectious,813
28.1959428981249,418,27,148,407,0,0,0,572,infection,708
28.204559232099705,417,28,148,407,0,0,0,573,infection,336
28.209645459528343,416,29,148,407,0,0,0,574,infection,618
28.21515607503004,415,30,148,407,0,0,0,575,infection,324
28.220982128729247,415,29,149,407,0,0,0,575,infectious,197
28.225331722657558,415,29,148,408,0,0,0,575,recovery,309
28.231882713453736,415,28,149,408,0,0,0,575,infectious,984
28.237141515970347,415,28,148,409,0,0,0,575,recovery,566
28.25499820173066,414,29,148,409,0,0,0,576,infection,277
28.25573011520629,414,28,149,409,0,0,0,576,infectious,435
28.261202834074478,413,29,149,409,0,0,0,577,infection,715
28.281768505504125,412,30,149,409,0,0,0,578,infection,459
28.284546020436547,412,29,150,409,0,0,0,578,infectious,687
28.29005221870432,412,29,149,410,0,0,0,578,recovery,183
28.290449405674572,412,29,148,411,0,0,0,578,recovery,662
28.292187986175737,412,29,147,412,0,0,0,578,recovery,684
28.30025113567141,412,29,146,413,0,0,0,578,recovery,451
28.341691968420356,412,29,145,414,0,0,0,578,recovery,433
28.348140373082114,412,28,146,414,0,0,0,578,infectious,126
28.348383226098903,412,27,147,414,0,0,0,578,infectious,912
28.35516748227467,411,28,147,414,0,0,0,579,infection,98
28.355794435283148,411,27,148,414,0,0,0,579,infectious,65
28.377119981268923,410,28,148,414,0,0,0,580,infection,811
28.389733936976246,410,27,149,414,0,0,0,580,infectious,968
28.391948785229058,410,26,150,414,0,0,0,580,infectious,337
28.404577752892052,410,26,149,415,0,0,0,580,recovery,351
28.410359336452455,409,27,149,415,0,0,0,581,infection,692
28.440932579057172,409,26,150,415,0,0,0,581,infectious,407
28.451785601499633,408,27,150,415,0,0,0,582,infection,805
28.482227337907815,408,26,151,415,0,0,0,582,infectious,736
28.487059280314785,408,25,152,415,0,0,0,582,infectious,390
28.500349710675525,408,24,153,415,0,0,0,582,infectious,156
28.500465529301643,408,24,152,416,0,0,0,582,recovery,859
28.513239964525855,407,25,152,416,0,0,0,583,infection,724
28.521135617891478,407,24,153,416,0,0,0,583,infectious,257
28.522459572030392,407,24,152,417,0,0,0,583,recovery,988
28.548932322313355,407,24,151,418,0,0,0,583,recovery,687
28.553043827498986,407,24,150,419,0,0,0,583,recovery,949
28.55418254969762,406,25,150,419,0,0,0,584,infection,193
28.55930556640583,406,24,151,419,0,0,0,584,infectious,708
28.565692698049574,406,24,150,420,0,0,0,584,recovery,814
28.57593020765856,406,23,151,420,0,0,0,584,infectious,324
28.590474306618095,405,24,151,420,0,0,0,585,infection,416
28.637675442307092,405,24,150,421,0,0,0,585,recovery,458
28.637933556781086,405,23,151,421,0,0,0,585,infectious,715
28.650391355968537,405,23,150,422,0,0,0,585,recovery,221
28.660871242569105,405,22,151,422,0,0,0,585,infectious,807
28.671184242405417,405,22,150,423,0,0,0,585,recovery,49
28.672952971638992,404,23,150,423,0,0,0,586,infection,909
28.696881037864877,403,24,150,423,0,0,0,587,infection,23
28.697605230952565,403,23,151,423,0,0,0,587,infectious,5
28.712510180495595,403,23,150,424,0,0,0,587,recovery,807
28.715682555979672,402,24,150,424,0,0,0,588,infection,258
28.7287256902875,402,23,151,424,0,0,0,588,infectious,23
28.740223304068977,402,23,150,425,0,0,0,588,recovery,782
28.744632220095337,402,22,151,425,0,0,0,588,infectious,724
28.74791576071572,401,23,151,425,0,0,0,589,infection,697
28.75815431044084,401,23,150,426,0,0,0,589,recovery,511
28.75975995427126,400,24,150,426,0,0,0,590,infection,19
28.79980881195405,399,25,150,426,0,0,0,591,infection,667
28.82855028653385,398,26,150,426,0,0,0,592,infection,603
28.838371774008106,397,27,150,426,0,0,0,593,infection,740
28.89600566906025,397,26,151,426,0,0,0,593,infectious,154
28.907283670408926,397,26,150,427,0,0,0,593,recovery,659
28.93282743559353,396,27,150,427,0,0,0,594,infection,561
28.948299331669773,395,28,150,427,0,0,0,595,infection,239
28.98232390153056,394,29,150,427,0,0,0,596,infection,952
29.000278120589435,394,29,149,428,0,0,0,596,recovery,56
29.033423277037375,393,30,149,428,0,0,0,597,infection,801
29.06141778003147,393,30,148,429,0,0,0,597,recovery,295
29.06529115376955,392,31,148,429,0,0,0,598,infection,642
29.07006378377516,392,31,147,430,0,0,0,598,recovery,679
29.071997258028105,392,30,148,430,0,0,0,598,infectious,941
29.07942395806858,392,30,147,431,0,0,0,598,recovery,846
29.08389026279737,392,30,146,432,0,0,0,598,recovery,443
29.090399942427787,392,29,147,432,0,0,0,598,infectious,561
29.105813401740246,392,29,146,433,0,0,0,598,recovery,503
29.118985226192684,392,28,147,433,0,0,0,598,infectious,98
29.141917234312405,391,29,147,433,0,0,0,599,infection,753
29.15986433776965,391,29,146,434,0,0,0,599,recovery,941
29.200132739114135,391,29,145,435,0,0,0,599,recovery,338
29.212916699430735,391,29,144,436,0,0,0,599,recovery,156
29.267342853004507,391,29,143,437,0,0,0,599,recovery,220
29.27510521838671,390,30,143,437,0,0,0,600,infection,119
29.2758402147824,390,29,144,437,0,0,0,600,infectious,692
29.29565434473788,389,30,144,437,0,0,0,601,infection,501
29.34280403595575,389,30,143,438,0,0,0,601,recovery,108
29.357102104415766,389,30,142,439,0,0,0,601,recovery,311
29.372394511290135,388,31,142,439,0,0,0,602,infection,672
29.373994063090386,388,31,141,440,0,0,0,602,recovery,549
29.394004298280166,388,30,142,440,0,0,0,602,infectious,740
29.397861233423043,388,30,141,441,0,0,0,602,recovery,141
29.399530106246022,388,30,140,442,0,0,0,602,recovery,126
29.40840267398197,388,30,139,443,0,0,0,602,recovery,812
29.441064265532283,387,31,139,443,0,0,0,603,infection,453
29.451838365968843,387,30,140,443,0,0,0,603,infectious,642
29.460356625674724,387,30,139,444,0,0,0,603,recovery,188
29.47284554702434,387,30,138,445,0,0,0,603,recovery,103
29.503012592342227,387,30,137,446,0,0,0,603,recovery,18
29.5052615611642,386,31,137,446,0,0,0,604,infection,396
29.51425688625417,386,30,138,446,0,0,0,604,infectious,849
29.517064006910033,386,29,139,446,0,0,0,604,infectious,305
29.538641160713738,386,28,140,446,0,0,0,604,infectious,726
29.570624830960522,385,29,140,446,0,0,0,605,infection,504
29.572648071971532,385,29,139,447,0,0,0,605,recovery,793
29.57425880704573,385,28,140,447,0,0,0,605,infectious,239
29.581971200692493,385,28,139,448,0,0,0,605,recovery,158
29.607630921515486,385,28,138,449,0,0,0,605,recovery,483
29.61129055990649,385,27,139,449,0,0,0,605,infectious,909
29.613437320852952,384,28,139,449,0,0,0,606,infection,621
29.6167603799161,384,28,138,450,0,0,0,606,recovery,320
29.63218701826307,384,28,137,451,0,0,0,606,recovery,357
29.657653927208315,384,27,138,451,0,0,0,606,infectious,618
29.659746660871342,384,27,137,452,0,0,0,606,recovery,795
29.66123390768815,384,26,138,452,0,0,0,606,infectious,109
29.661597507022346,384,26,137,453,0,0,0,606,recovery,532
29.696858195884165,383,27,137,453,0,0,0,607,infection,399
29.702842470475694,383,27,136,454,0,0,0,607,recovery,393
29.710309970091103,383,27,135,455,0,0,0,607,recovery,242
29.72034977929593,383,27,134,456,0,0,0,607,recovery,217
29.73913929374861,382,28,134,456,0,0,0,608,infection,301
29.74791143984799,382,28,133,457,0,0,0,608,recovery,715
29.759900665268056,382,28,132,458,0,0,0,608,recovery,197
29.7638471539653,382,28,131,459,0,0,0,608,recovery,931
29.775305497963583,382,28,130,460,0,0,0,608,recovery,254
29.776493354479747,382,28,129,461,0,0,0,608,recovery,84
29.78847728898207,382,27,130,461,0,0,0,608,infectious,672
29.789099147365395,381,28,130,461,0,0,0,609,infection,147
29.79987063341877,381,28,129,462,0,0,0,609,recovery,371
29.80461441856411,380,29,129,462,0,0,0,610,infection,480
29.827166801951094,380,28,130,462,0,0,0,610,infectious,396
29.827554493033233,380,27,131,462,0,0,0,610,infectious,177
29.839459495595786,380,26,132,462,0,0,0,610,infectious,696
29.853303013189734,380,25,133,462,0,0,0,610,infectious,952
29.85610201665052,380,24,134,462,0,0,0,610,infectious,459
29.856649975748535,380,24,133,463,0,0,0,610,recovery,305
29.8775770489536,380,23,134,463,0,0,0,610,infectious,801
29.88209177648666,380,22,135,463,0,0,0,610,infectious,453
29.88318683578414,379,23,135,463,0,0,0,611,infection,854
29.89097902014816,379,23,134,464,0,0,0,611,recovery,421
29.897092436176692,379,23,133,465,0,0,0,611,recovery,538
29.910811919994224,379,23,132,466,0,0,0,611,recovery,475
29.9178489194782,379,22,133,466,0,0,0,611,infectious,336
29.93071295167325,379,21,134,466,0,0,0,611,infectious,854
29.93671072349612,379,20,135,466,0,0,0,611,infectious,621
29.94088642907996,379,19,136,466,0,0,0,611,infectious,603
29.951555135530327,378,20,136,466,0,0,0,612,infection,943
29.953782259176265,378,20,135,467,0,0,0,612,recovery,109
29.95787979463295,378,20,134,468,0,0,0,612,recovery,975
29.96065492780811,377,21,134,468,0,0,0,613,infection,70
29.982615566811244,377,21,133,469,0,0,0,613,recovery,726
29.988747446671614,377,20,134,469,0,0,0,613,infectious,820
30.015496878571483,377,19,135,469,0,0,0,613,infectious,416
30.05052091644895,376,20,135,469,0,0,0,614,infection,169
30.052746867039133,376,20,134,470,0,0,0,614,recovery,261
30.05297068290281,376,20,133,471,0,0,0,614,recovery,642
30.08394155353429,375,21,133,471,0,0,0,615,infection,60
30.09518256804742,375,21,132,472,0,0,0,615,recovery,707
30.116036065572494,374,22,132,472,0,0,0,616,infection,982
30.17658813827955,374,22,131,473,0,0,0,616,recovery,10
30.177471938967187,374,22,130,474,0,0,0,616,recovery,724
30.190456752066826,374,22,129,475,0,0,0,616,recovery,23
30.19234427901403,373,23,129,475,0,0,0,617,infection,495
30.203466407781747,373,23,128,476,0,0,0,617,recovery,854
30.207281303256096,373,22,129,476,0,0,0,617,infectious,301
30.210301892326203,372,23,129,476,0,0,0,618,infection,637
30.239631787125116,371,24,129,476,0,0,0,619,infection,487
30.263003505260023,370,25,129,476,0,0,0,620,infection,191
30.274546966837505,370,25,128,477,0,0,0,620,recovery,333
30.31567471137819,370,25,127,478,0,0,0,620,recovery,416
30.352169024592733,370,25,126,479,0,0,0,620,recovery,216
30.364964750729488,370,24,127,479,0,0,0,620,infectious,169
30.383456164876684,370,24,126,480,0,0,0,620,recovery,37
30.40761109430755,369,25,126,480,0,0,0,621,infection,915
30.409394936507724,368,26,126,480,0,0,0,622,infection,280
30.417025382375012,368,26,125,481,0,0,0,622,recovery,881
30.44213833220676,368,26,124,482,0,0,0,622,recovery,282
30.4570418043536,368,26,123,483,0,0,0,622,recovery,592
30.47312673208046,367,27,123,483,0,0,0,623,infection,533
30.47332927502042,367,27,122,484,0,0,0,623,recovery,292
30.474250783138555,367,26,123,484,0,0,0,623,infectious,915
30.483293619667577,366,27,123,484,0,0,0,624,infection,297
30.488705705972848,366,27,122,485,0,0,0,624,recovery,852
30.490981449027366,366,27,121,486,0,0,0,624,recovery,298
30.49395965727223,366,27,120,487,0,0,0,624,recovery,332
30.498038349050717,366,27,119,488,0,0,0,624,recovery,185
30.498313900996525,366,27,118,489,0,0,0,624,recovery,912
30.541255600071047,366,27,117,490,0,0,0,624,recovery,36
30.543596152463408,366,26,118,490,0,0,0,624,infectious,399
30.565993266271995,365,27,118,490,0,0,0,625,infection,334
30.57753576944941,365,26,119,490,0,0,0,625,infectious,753
30.657998371331683,364,27,119,490,0,0,0,626,infection,291
30.707576442948262,363,28,119,490,0,0,0,627,infection,816
30.70880891853937,363,28,118,491,0,0,0,627,recovery,778
30.71505823220483,362,29,118,491,0,0,0,628,infection,59
30.737405791059835,362,28,119,491,0,0,0,628,infectious,811
30.764473676420515,362,28,118,492,0,0,0,628,recovery,98
30.798182875361466,362,27,119,492,0,0,0,628,infectious,495
30.81922248306088,362,27,118,493,0,0,0,628,recovery,207
30.829146429592836,362,26,119,493,0,0,0,628,infectious,60
30.85200559976525,361,27,119,493,0,0,0,629,infection,743
30.86785415103065,361,27,118,494,0,0,0,629,recovery,621
30.873447212436044,361,26,119,494,0,0,0,629,infectious,501
30.934062723863768,360,27,119,494,0,0,0,630,infection,622
30.936748092748182,360,26,120,494,0,0,0,630,infectious,193
30.937405088319117,359,27,120,494,0,0,0,631,infection,990
30.95094788813573,358,28,120,494,0,0,0,632,infection,9
30.955699316162796,357,29,120,494,0,0,0,633,infection,106
30.976223106283054,356,30,120,494,0,0,0,634,infection,104
31.007825885995622,356,30,119,495,0,0,0,634,recovery,604
31.01480694988431,355,31,119,495,0,0,0,635,infection,426
31.01640911231908,354,32,119,495,0,0,0,636,infection,389
31.060323212601247,354,32,118,496,0,0,0,636,recovery,933
31.06190121975372,354,32,117,497,0,0,0,636,recovery,973
31.063521342325473,354,32,116,498,0,0,0,636,recovery,978
31.074194271451525,354,32,115,499,0,0,0,636,recovery,845
31.08908378284963,354,31,116,499,0,0,0,636,infectious,480
31.0908077470515,353,32,116,499,0,0,0,637,infection,164
31.09398513297743,352,33,116,499,0,0,0,638,infection,450
31.098436206665927,351,34,116,499,0,0,0,639,infection,148
31.10459379366855,351,34,115,500,0,0,0,639,recovery,672
31.12539761280171,351,34,114,501,0,0,0,639,recovery,175
31.134782684777036,351,34,113,502,0,0,0,639,recovery,775
31.175097920621035,351,33,114,502,0,0,0,639,infectious,450
31.19892070649657,351,33,113,503,0,0,0,639,recovery,239
31.205897494817727,351,32,114,503,0,0,0,639,infectious,982
31.216883584904192,350,33,114,503,0,0,0,640,infection,413
31.217677668013778,350,32,115,503,0,0,0,640,infectious,106
31.23962264134176,349,33,115,503,0,0,0,641,infection,133
31.24401131802239,349,32,116,503,0,0,0,641,infectious,426
31.259599137811488,349,31,117,503,0,0,0,641,infectious,297
31.26950937050987,349,30,118,503,0,0,0,641,infectious,147
31.30402672991019,349,30,117,504,0,0,0,641,recovery,857
31.33236721510592,349,29,118,504,0,0,0,641,infectious,9
31.3477050819684,348,30,118,504,0,0,0,642,infection,673
31.35739159871009,348,30,117,505,0,0,0,642,recovery,219
31.361258150403525,348,30,116,506,0,0,0,642,recovery,257
31.368463525014587,348,30,115,507,0,0,0,642,recovery,909
31.372884719547088,348,30,114,508,0,0,0,642,recovery,500
31.387849956877012,348,30,113,509,0,0,0,642,recovery,526
31.39578860015298,347,31,113,509,0,0,0,643,infection,237
31.40108890009959,347,31,112,510,0,0,0,643,recovery,453
31.509678137841043,347,31,111,511,0,0,0,643,recovery,426
31.50995178157539,347,31,110,512,0,0,0,643,recovery,186
31.51173713941377,347,30,111,512,0,0,0,643,infectious,816
31.51567099678435,347,30,110,513,0,0,0,643,recovery,147
31.518693622808446,347,30,109,514,0,0,0,643,recovery,746
31.522087163637394,347,29,110,514,0,0,0,643,infectious,258
31.522714416311846,346,30,110,514,0,0,0,644,infection,372
31.539344268512938,346,29,111,514,0,0,0,644,infectious,372
31.5395608368419,346,29,110,515,0,0,0,644,recovery,518
31.554662352380262,346,28,111,515,0,0,0,644,infectious,59
31.560287682133012,346,28,110,516,0,0,0,644,recovery,770
31.572344973634685,345,29,110,516,0,0,0,645,infection,431
31.574549067340172,345,29,109,517,0,0,0,645,recovery,767
31.600858338716364,344,30,109,517,0,0,0,646,infection,689
31.601865610475645,343,31,109,517,0,0,0,647,infection,382
31.628635000709608,343,30,110,517,0,0,0,647,infectious,673
31.64863455381104,343,30,109,518,0,0,0,647,recovery,255
31.673606758102284,343,29,110,518,0,0,0,647,infectious,291
31.697700269392985,343,29,109,519,0,0,0,647,recovery,480
31.699138492218747,343,28,110,519,0,0,0,647,infectious,431
31.72219627026228,343,27,111,519,0,0,0,647,infectious,533
31.731332261131914,343,27,110,520,0,0,0,647,recovery,704
31.780853031849556,343,27,109,521,0,0,0,647,recovery,372
31.797217370632218,343,27,108,522,0,0,0,647,recovery,361
31.805262598402376,342,28,108,522,0,0,0,648,infection,570
31.81524428504031,341,29,108,522,0,0,0,649,infection,107
31.821116730119392,341,29,107,523,0,0,0,649,recovery,106
31.823099978656405,340,30,107,523,0,0,0,650,infection,206
31.829672447215284,340,29,108,523,0,0,0,650,infectious,104
31.85233493652604,340,28,109,523,0,0,0,650,infectious,133
31.860789159020822,339,29,109,523,0,0,0,651,infection,198
31.86096979656857,339,28,110,523,0,0,0,651,infectious,164
31.881240950780267,338,29,110,523,0,0,0,652,infection,613
31.885444402374723,338,29,109,524,0,0,0,652,recovery,314
31.902732091229662,338,29,108,525,0,0,0,652,recovery,465
31.907136739325207,337,30,108,525,0,0,0,653,infection,766
31.913912796172305,336,31,108,525,0,0,0,654,infection,808
31.923106476455576,336,31,107,526,0,0,0,654,recovery,965
31.947566772310953,335,32,107,526,0,0,0,655,infection,160
31.954164885364964,334,33,107,526,0,0,0,656,infection,424
31.961595309905626,334,33,106,527,0,0,0,656,recovery,28
31.986610696085858,333,34,106,527,0,0,0,657,infection,866
31.988781691466926,333,34,105,528,0,0,0,657,recovery,685
31.999940723919423,333,34,104,529,0,0,0,657,recovery,952
32.02034769806313,333,33,105,529,0,0,0,657,infectious,743
32.030374296674815,333,33,104,530,0,0,0,657,recovery,789
32.04411076914926,333,33,103,531,0,0,0,657,recovery,740
32.0519816602444,333,32,104,531,0,0,0,657,infectious,766
32.097121459757766,333,31,105,531,0,0,0,657,infectious,424
32.097871526469284,333,31,104,532,0,0,0,657,recovery,124
32.12040546203462,333,30,105,532,0,0,0,657,infectious,570
32.12530677810747,333,30,104,533,0,0,0,657,recovery,65
32.13679186654599,333,29,105,533,0,0,0,657,infectious,413
32.164806151494574,332,30,105,533,0,0,0,658,infection,525
32.172144753840975,331,31,105,533,0,0,0,659,infection,384
32.190419544532894,331,30,106,533,0,0,0,659,infectious,943
32.198348067543414,331,30,105,534,0,0,0,659,recovery,801
32.220910346629715,331,30,104,535,0,0,0,659,recovery,291
32.233187264826505,331,29,105,535,0,0,0,659,infectious,629
32.23444731773788,331,28,106,535,0,0,0,659,infectious,689
32.23492505658612,331,27,107,535,0,0,0,659,infectious,525
32.2409065929258,331,26,108,535,0,0,0,659,infectious,805
32.261667653158995,331,26,107,536,0,0,0,659,recovery,301
32.283097975724445,330,27,107,536,0,0,0,660,infection,784
32.34065967536055,329,28,107,536,0,0,0,661,infection,299
32.37704067109381,329,28,106,537,0,0,0,661,recovery,355
32.390438563920625,329,27,107,537,0,0,0,661,infectious,334
32.391420781155254,328,28,107,537,0,0,0,662,infection,825
32.398040465677276,328,27,108,537,0,0,0,662,infectious,277
32.40758196674695,328,27,107,538,0,0,0,662,recovery,15
32.411675529362775,327,28,107,538,0,0,0,663,infection,901
32.417475256014114,327,28,106,539,0,0,0,663,recovery,104
32.4208001869882,327,28,105,540,0,0,0,663,recovery,907
32.42438035334413,327,27,106,540,0,0,0,663,infectious,784
32.43129349195277,326,28,106,540,0,0,0,664,infection,366
32.43846182799752,326,27,107,540,0,0,0,664,infectious,504
32.444187550122386,325,28,107,540,0,0,0,665,infection,410
32.451877313680676,324,29,107,540,0,0,0,666,infection,418
32.46108609322361,324,28,108,540,0,0,0,666,infectious,19
32.51883598809455,323,29,108,540,0,0,0,667,infection,287
32.543750682448064,322,30,108,540,0,0,0,668,infection,363
32.567728655534545,322,29,109,540,0,0,0,668,infectious,622
32.57639119089325,322,28,110,540,0,0,0,668,infectious,148
32.576740117693724,322,27,111,540,0,0,0,668,infectious,901
32.58183875814823,322,26,112,540,0,0,0,668,infectious,206
32.59530777869983,322,25,113,540,0,0,0,668,infectious,287
32.59763582466675,322,25,112,541,0,0,0,668,recovery,24
32.59923259224021,322,24,113,541,0,0,0,668,infectious,119
32.6114530024733,322,24,112,542,0,0,0,668,recovery,815
32.6192732701085,322,24,111,543,0,0,0,668,recovery,504
32.63796631466275,322,24,110,544,0,0,0,668,recovery,743
32.65359310692365,322,24,109,545,0,0,0,668,recovery,396
32.67542365834104,322,24,108,546,0,0,0,668,recovery,781
32.70794905217945,322,24,107,547,0,0,0,668,recovery,321
32.715208867772176,321,25,107,547,0,0,0,669,infection,281
32.71613146320711,321,25,106,548,0,0,0,669,recovery,944
32.748263239371795,321,24,107,548,0,0,0,669,infectious,299
32.75096161335861,321,24,106,549,0,0,0,669,recovery,811
32.777354553255755,321,24,105,550,0,0,0,669,recovery,629
32.796576053614714,321,23,106,550,0,0,0,669,infectious,70
32.7973977221915,321,22,107,550,0,0,0,669,infectious,866
32.832218865809224,321,21,108,550,0,0,0,669,infectious,107
32.85249422494675,321,20,109,550,0,0,0,669,infectious,160
32.866585323922365,321,19,110,550,0,0,0,669,infectious,366
32.869274703866886,321,18,111,550,0,0,0,669,infectious,382
32.87782537552963,320,19,111,550,0,0,0,670,infection,955
32.881402182456,320,18,112,550,0,0,0,670,infectious,191
32.898816692308806,319,19,112,550,0,0,0,671,infection,96
32.89893031507409,319,18,113,550,0,0,0,671,infectious,825
32.899200538071575,319,18,112,551,0,0,0,671,recovery,673
32.924590040696444,319,17,113,551,0,0,0,671,infectious,667
32.92489523760683,318,18,113,551,0,0,0,672,infection,267
32.946887743429734,318,17,114,551,0,0,0,672,infectious,613
32.95092313943467,318,17,113,552,0,0,0,672,recovery,277
32.96417439141184,318,16,114,552,0,0,0,672,infectious,955
32.98922689943606,318,16,113,553,0,0,0,672,recovery,813
33.00626048208549,318,16,112,554,0,0,0,672,recovery,19
33.01641806187977,318,15,113,554,0,0,0,672,infectious,96
33.022764503549816,318,15,112,555,0,0,0,672,recovery,850
33.02440410939038,317,16,112,555,0,0,0,673,infection,981
33.05834329835305,317,16,111,556,0,0,0,673,recovery,43
33.070061291201405,317,15,112,556,0,0,0,673,infectious,198
33.08098455357825,317,15,111,557,0,0,0,673,recovery,968
33.081846485907995,316,16,111,557,0,0,0,674,infection,655
33.10568698840692,316,16,110,558,0,0,0,674,recovery,107
33.10988286341757,316,16,109,559,0,0,0,674,recovery,99
33.123825964330585,316,16,108,560,0,0,0,674,recovery,459
33.12609316207447,316,16,107,561,0,0,0,674,recovery,603
33.13150207154732,316,15,108,561,0,0,0,674,infectious,981
33.21333869069047,316,14,109,561,0,0,0,674,infectious,410
33.21338191590124,315,15,109,561,0,0,0,675,infection,484
33.2184040508112,315,14,110,561,0,0,0,675,infectious,418
33.268940683281095,314,15,110,561,0,0,0,676,infection,31
33.28335223997765,314,15,109,562,0,0,0,676,recovery,418
33.30556557776987,314,14,110,562,0,0,0,676,infectious,637
33.3501616322906,313,15,110,562,0,0,0,677,infection,132
33.363743405372084,312,16,110,562,0,0,0,678,infection,698
33.3919984609147,311,17,110,562,0,0,0,679,infection,551
33.42390388848568,311,17,109,563,0,0,0,679,recovery,765
33.43105692526126,311,17,108,564,0,0,0,679,recovery,294
33.44928878274172,311,17,107,565,0,0,0,679,recovery,943
33.450423024398305,311,16,108,565,0,0,0,679,infectious,267
33.49277097671788,311,16,107,566,0,0,0,679,recovery,820
33.49920206951647,311,15,108,566,0,0,0,679,infectious,384
33.542258706734636,311,15,107,567,0,0,0,679,recovery,622
33.54539744446038,311,14,108,567,0,0,0,679,infectious,990
33.54734670779219,311,13,109,567,0,0,0,679,infectious,484
33.559963247725705,311,12,110,567,0,0,0,679,infectious,697
33.561468186709824,310,13,110,567,0,0,0,680,infection,578
33.57783804761955,310,13,109,568,0,0,0,680,recovery,708
33.58155739287119,310,12,110,568,0,0,0,680,infectious,237
33.59509091526725,310,12,109,569,0,0,0,680,recovery,984
33.60068906938666,310,12,108,570,0,0,0,680,recovery,902
33.62371458296265,310,12,107,571,0,0,0,680,recovery,193
33.660363559982216,310,11,108,571,0,0,0,680,infectious,132
33.66202476818444,310,11,107,572,0,0,0,680,recovery,689
33.700615521058936,310,10,108,572,0,0,0,680,infectious,487
33.70252705585921,310,9,109,572,0,0,0,680,infectious,578
33.70542835616016,310,9,108,573,0,0,0,680,recovery,618
33.70810836583165,310,9,107,574,0,0,0,680,recovery,264
33.778690979129955,310,9,106,575,0,0,0,680,recovery,337
33.80355014612814,310,8,107,575,0,0,0,680,infectious,363
33.867051454044834,309,9,107,575,0,0,0,681,infection,680
33.922228551071214,309,8,108,575,0,0,0,681,infectious,389
33.94151890561457,309,8,107,576,0,0,0,681,recovery,164
33.944417357306676,309,8,106,577,0,0,0,681,recovery,481
33.96137887432367,309,8,105,578,0,0,0,681,recovery,736
33.961602863430606,309,8,104,579,0,0,0,681,recovery,766
33.993030974846015,308,9,104,579,0,0,0,682,infection,607
34.025515150049955,307,10,104,579,0,0,0,683,infection,187
34.072786162653564,307,9,105,579,0,0,0,683,infectious,655
34.077873180439745,307,9,104,580,0,0,0,683,recovery,247
34.084697500829755,306,10,104,580,0,0,0,684,infection,517
34.10837837906284,306,10,103,581,0,0,0,684,recovery,399
34.11704899262473,306,9,104,581,0,0,0,684,infectious,680
34.11731496615276,306,9,103,582,0,0,0,684,recovery,981
34.1221629683834,306,8,104,582,0,0,0,684,infectious,281
34.123405660838124,306,7,105,582,0,0,0,684,infectious,698
34.130019918380206,305,8,105,582,0,0,0,685,infection,369
34.14439447825027,305,8,104,583,0,0,0,685,recovery,249
34.19472128880517,305,7,105,583,0,0,0,685,infectious,31
34.207134209720024,304,8,105,583,0,0,0,686,infection,678
34.213413762249374,303,9,105,583,0,0,0,687,infection,967
34.26733944849518,303,9,104,584,0,0,0,687,recovery,738
34.28746888543204,303,9,103,585,0,0,0,687,recovery,241
34.28972718097249,303,9,102,586,0,0,0,687,recovery,613
34.29668927837086,303,8,103,586,0,0,0,687,infectious,187
34.310255371333845,302,9,103,586,0,0,0,688,infection,352
34.320152448553124,301,10,103,586,0,0,0,689,infection,350
34.32392551252311,300,11,103,586,0,0,0,690,infection,121
34.33352044503711,300,11,102,587,0,0,0,690,recovery,784
34.33673700852032,300,10,103,587,0,0,0,690,infectious,280
34.345566406787775,300,10,102,588,0,0,0,690,recovery,133
34.39443920716941,299,11,102,588,0,0,0,691,infection,889
34.39508751169121,299,11,101,589,0,0,0,691,recovery,424
34.420562674525975,299,11,100,590,0,0,0,691,recovery,900
34.426777215003064,299,10,101,590,0,0,0,691,infectious,808
34.430591451985926,298,11,101,590,0,0,0,692,infection,694
34.4406390963501,298,11,100,591,0,0,0,692,recovery,816
34.5204451801511,298,11,99,592,0,0,0,692,recovery,582
34.55383346866254,297,12,99,592,0,0,0,693,infection,231
34.555258120313624,297,11,100,592,0,0,0,693,infectious,889
34.58148098393458,296,12,100,592,0,0,0,694,infection,920
34.585800224661085,296,12,99,593,0,0,0,694,recovery,808
34.621260465409804,296,12,98,594,0,0,0,694,recovery,336
34.62587697816796,296,12,97,595,0,0,0,694,recovery,982
34.634681531558655,296,11,98,595,0,0,0,694,infectious,967
34.67001798558177,296,10,99,595,0,0,0,694,infectious,920
34.69355708688793,296,10,98,596,0,0,0,694,recovery,849
34.753910032636675,295,11,98,596,0,0,0,695,infection,727
34.75516842527951,294,12,98,596,0,0,0,696,infection,728
34.76042994354325,294,11,99,596,0,0,0,696,infectious,121
34.76398541148355,294,11,98,597,0,0,0,696,recovery,384
34.765340171002805,293,12,98,597,0,0,0,697,infection,488
34.774222480694114,293,12,97,598,0,0,0,697,recovery,971
34.81465693773345,293,11,98,598,0,0,0,697,infectious,369
34.832750428146085,292,12,98,598,0,0,0,698,infection,174
34.85331042531979,292,11,99,598,0,0,0,698,infectious,607
34.950522023996605,292,11,98,599,0,0,0,698,recovery,299
34.99079965720528,292,11,97,600,0,0,0,698,recovery,945
35.02493439825355,292,11,96,601,0,0,0,698,recovery,154
35.055913021521164,291,12,96,601,0,0,0,699,infection,162
35.074169432243295,290,13,96,601,0,0,0,700,infection,226
35.11209237670348,290,12,97,601,0,0,0,700,infectious,488
35.121489846578726,290,11,98,601,0,0,0,700,infectious,352
35.12218642997913,290,10,99,601,0,0,0,700,infectious,350
35.16405320115223,290,9,100,601,0,0,0,700,infectious,551
35.17275142311371,290,8,101,601,0,0,0,700,infectious,231
35.17695729136422,290,8,100,602,0,0,0,700,recovery,47
35.19624048925725,290,8,99,603,0,0,0,700,recovery,753
35.20118990275939,290,7,100,603,0,0,0,700,infectious,694
35.29446752968394,290,7,99,604,0,0,0,700,recovery,363
35.30190642549249,290,7,98,605,0,0,0,700,recovery,711
35.31440218608624,290,7,97,606,0,0,0,700,recovery,525
35.352100923823606,290,7,96,607,0,0,0,700,recovery,382
35.37861055615526,290,7,95,608,0,0,0,700,recovery,607
35.38496942012579,289,8,95,608,0,0,0,701,infection,497
35.42079237037434,289,8,94,609,0,0,0,701,recovery,920
35.44012956830523,288,9,94,609,0,0,0,702,infection,348
35.46550147835816,288,9,93,610,0,0,0,702,recovery,570
35.48223095667005,288,9,92,611,0,0,0,702,recovery,547
35.51828062103197,287,10,92,611,0,0,0,703,infection,853
35.52514429081888,286,11,92,611,0,0,0,704,infection,377
35.5253524240801,286,11,91,612,0,0,0,704,recovery,407
35.546239409258625,286,11,90,613,0,0,0,704,recovery,698
35.56410275240147,286,11,89,614,0,0,0,704,recovery,59
35.57500659284434,286,10,90,614,0,0,0,704,infectious,727
35.61124130410343,285,11,90,614,0,0,0,705,infection,797
35.615158404999505,285,11,89,615,0,0,0,705,recovery,432
35.639348789184766,284,12,89,615,0,0,0,706,infection,887
35.644520282682144,284,11,90,615,0,0,0,706,infectious,377
35.67795319130364,283,12,90,615,0,0,0,707,infection,921
35.68529719450019,283,12,89,616,0,0,0,707,recovery,163
35.7279125162845,283,11,90,616,0,0,0,707,infectious,678
35.74058057625736,282,12,90,616,0,0,0,708,infection,508
35.75445873824633,282,12,89,617,0,0,0,708,recovery,121
35.81777928188532,281,13,89,617,0,0,0,709,infection,865
35.9096933289531,281,13,88,618,0,0,0,709,recovery,940
35.911219905179145,281,13,87,619,0,0,0,709,recovery,484
35.91241658670344,280,14,87,619,0,0,0,710,infection,202
35.91417991847533,279,15,87,619,0,0,0,711,infection,777
35.938950090666346,279,15,86,620,0,0,0,711,recovery,901
35.95343993526803,278,16,86,620,0,0,0,712,infection,734
35.96026616409285,278,16,85,621,0,0,0,712,recovery,281
35.9823129840366,278,16,84,622,0,0,0,712,recovery,45
35.98451865605218,278,15,85,622,0,0,0,712,infectious,865
36.002811531517544,278,14,86,622,0,0,0,712,infectious,202
36.00562585060188,277,15,86,622,0,0,0,713,infection,209
36.01823988512566,277,15,85,623,0,0,0,713,recovery,352
36.07069392418919,277,15,84,624,0,0,0,713,recovery,694
36.09993501082904,277,14,85,624,0,0,0,713,infectious,797
36.126706046490376,277,14,84,625,0,0,0,713,recovery,487
36.16894681838095,277,14,83,626,0,0,0,713,recovery,866
36.18708355267929,277,13,84,626,0,0,0,713,infectious,174
36.27146238755854,277,13,83,627,0,0,0,713,recovery,666
36.29374584367171,277,12,84,627,0,0,0,713,infectious,226
36.34908525858365,276,13,84,627,0,0,0,714,infection,523
36.365450478701696,276,13,83,628,0,0,0,714,recovery,495
36.40125425586801,276,13,82,629,0,0,0,714,recovery,226
36.42045722590453,275,14,82,629,0,0,0,715,infection,464
36.4390391941815,275,14,81,630,0,0,0,715,recovery,237
36.44354936424338,274,15,81,630,0,0,0,716,infection,190
36.444553592394136,274,14,82,630,0,0,0,716,infectious,921
36.486784731098936,274,14,81,631,0,0,0,716,recovery,561
36.56254498812007,274,14,80,632,0,0,0,716,recovery,878
36.56829930714739,273,15,80,632,0,0,0,717,infection,438
36.57809217912836,273,14,81,632,0,0,0,717,infectious,734
36.600240816731954,272,15,81,632,0,0,0,718,infection,977
36.64129547269507,272,14,82,632,0,0,0,718,infectious,517
36.64916574097255,272,14,81,633,0,0,0,718,recovery,510
36.68269247997301,272,13,82,633,0,0,0,718,infectious,508
36.703294687852946,271,14,82,633,0,0,0,719,infection,864
36.713840746948186,271,14,81,634,0,0,0,719,recovery,967
36.72493702799579,271,14,80,635,0,0,0,719,recovery,369
36.74030446988702,270,15,80,635,0,0,0,720,infection,572
36.74218689172919,270,14,81,635,0,0,0,720,infectious,887
36.751262153543856,270,14,80,636,0,0,0,720,recovery,350
36.75687313286023,270,14,79,637,0,0,0,720,recovery,865
36.78356454840777,270,14,78,638,0,0,0,720,recovery,96
36.78384534480546,270,13,79,638,0,0,0,720,infectious,864
36.81631858905177,270,13,78,639,0,0,0,720,recovery,797
36.83219317923767,270,12,79,639,0,0,0,720,infectious,348
36.84511763457221,269,13,79,639,0,0,0,721,infection,792
36.865142234096325,269,12,80,639,0,0,0,721,infectious,464
36.923241870956254,269,11,81,639,0,0,0,721,infectious,497
36.93844954018142,269,11,80,640,0,0,0,721,recovery,5
36.98278947449342,268,12,80,640,0,0,0,722,infection,951
36.98668215855715,268,12,79,641,0,0,0,722,recovery,990
36.99145397811846,268,11,80,641,0,0,0,722,infectious,438
37.00170998598411,268,11,79,642,0,0,0,722,recovery,805
37.012548764215715,268,10,80,642,0,0,0,722,infectious,190
37.01372098399145,268,10,79,643,0,0,0,722,recovery,488
37.03863072722462,267,11,79,643,0,0,0,723,infection,328
37.04070911124089,267,10,80,643,0,0,0,723,infectious,951
37.051421202790735,266,11,80,643,0,0,0,724,infection,304
37.062719701865895,266,11,79,644,0,0,0,724,recovery,915
37.067091319934605,266,11,78,645,0,0,0,724,recovery,734
37.15764875048404,266,11,77,646,0,0,0,724,recovery,389
37.16794793511613,266,11,76,647,0,0,0,724,recovery,825
37.20783438451728,266,10,77,647,0,0,0,724,infectious,572
37.29845852838558,266,9,78,647,0,0,0,724,infectious,777
37.31053394345176,266,9,77,648,0,0,0,724,recovery,435
37.33375540122822,266,9,76,649,0,0,0,724,recovery,437
37.349341275178624,266,8,77,649,0,0,0,724,infectious,728
37.358564835740424,265,9,77,649,0,0,0,725,infection,531
37.36375072268227,265,8,78,649,0,0,0,725,infectious,328
37.36471924916216,265,7,79,649,0,0,0,725,infectious,523
37.42929999949902,265,7,78,650,0,0,0,725,recovery,119
37.472442732005376,265,7,77,651,0,0,0,725,recovery,578
37.50445582222927,265,7,76,652,0,0,0,725,recovery,267
37.50507628738369,265,7,75,653,0,0,0,725,recovery,501
37.51244458594143,264,8,75,653,0,0,0,726,infection,908
37.518503420968855,264,8,74,654,0,0,0,726,recovery,431
37.526768532694184,264,8,73,655,0,0,0,726,recovery,153
37.57339911702193,264,8,72,656,0,0,0,726,recovery,464
37.58840766061315,263,9,72,656,0,0,0,727,infection,318
37.60069270672307,263,9,71,657,0,0,0,727,recovery,60
37.61144044885558,263,9,70,658,0,0,0,727,recovery,517
37.62721202515958,263,9,69,659,0,0,0,727,recovery,744
37.656382551992266,263,8,70,659,0,0,0,727,infectious,209
37.66377804642091,263,8,69,660,0,0,0,727,recovery,413
37.669942720227574,263,8,68,661,0,0,0,727,recovery,209
37.68877246279759,263,8,67,662,0,0,0,727,recovery,231
37.697762113462446,263,7,68,662,0,0,0,727,infectious,853
37.717397335485025,263,7,67,663,0,0,0,727,recovery,497
37.72044108437276,262,8,67,663,0,0,0,728,infection,71
37.72893144312164,262,8,66,664,0,0,0,728,recovery,366
37.82724576606022,261,9,66,664,0,0,0,729,infection,94
37.82937570101878,260,10,66,664,0,0,0,730,infection,959
37.861258959543534,260,10,65,665,0,0,0,730,recovery,177
37.86717062367368,260,10,64,666,0,0,0,730,recovery,515
37.93644552945924,260,9,65,666,0,0,0,730,infectious,318
37.94421136918085,260,9,64,667,0,0,0,730,recovery,148
37.95489167397162,260,9,63,668,0,0,0,730,recovery,191
37.95826079215191,260,9,62,669,0,0,0,730,recovery,206
37.96657264710601,260,8,63,669,0,0,0,730,infectious,71
38.00692633912258,260,7,64,669,0,0,0,730,infectious,162
38.07691690232957,259,8,64,669,0,0,0,731,infection,288
38.15488186232437,259,7,65,669,0,0,0,731,infectious,531
38.255256614775945,259,7,64,670,0,0,0,731,recovery,187
38.345762323780114,259,7,63,671,0,0,0,731,recovery,889
38.35409319815916,259,7,62,672,0,0,0,731,recovery,921
38.37078731234782,258,8,62,672,0,0,0,732,infection,737
38.37917544104866,258,7,63,672,0,0,0,732,infectious,908
38.3824527145273,258,7,62,673,0,0,0,732,recovery,462
38.385140556954994,257,8,62,673,0,0,0,733,infection,905
38.509619415375944,257,7,63,673,0,0,0,733,infectious,737
38.553849002623515,257,7,62,674,0,0,0,733,recovery,328
38.56973361330373,256,8,62,674,0,0,0,734,infection,980
38.580957903107105,256,7,63,674,0,0,0,734,infectious,905
38.61088673038541,255,8,63,674,0,0,0,735,infection,152
38.628767276207064,255,7,64,674,0,0,0,735,infectious,304
38.6485667621714,255,7,63,675,0,0,0,735,recovery,908
38.64950091286284,255,7,62,676,0,0,0,735,recovery,324
38.66819517589103,255,7,61,677,0,0,0,735,recovery,576
38.67199934990097,255,6,62,677,0,0,0,735,infectious,288
38.67293025134181,255,5,63,677,0,0,0,735,infectious,792
38.75824801356314,255,5,62,678,0,0,0,735,recovery,280
38.774519421457896,254,6,62,678,0,0,0,736,infection,136
38.779048530717326,254,6,61,679,0,0,0,736,recovery,905
38.79050788050237,253,7,61,679,0,0,0,737,infection,203
38.82165569207374,253,6,62,679,0,0,0,737,infectious,203
38.882317785686155,253,6,61,680,0,0,0,737,recovery,762
38.88662964889914,252,7,61,680,0,0,0,738,infection,602
38.90047977103632,252,6,62,680,0,0,0,738,infectious,152
38.91076785962641,251,7,62,680,0,0,0,739,infection,605
38.945478833946964,251,6,63,680,0,0,0,739,infectious,136
38.954966467418394,250,7,63,680,0,0,0,740,infection,856
38.96625789111351,250,7,62,681,0,0,0,740,recovery,864
39.062758879637116,249,8,62,681,0,0,0,741,infection,345
39.071893008720714,248,9,62,681,0,0,0,742,infection,367
39.11055011316571,247,10,62,681,0,0,0,743,infection,213
39.11229293115137,247,10,61,682,0,0,0,743,recovery,696
39.11960600224522,246,11,61,682,0,0,0,744,infection,730
39.126799346389014,246,11,60,683,0,0,0,744,recovery,955
39.15706610576853,246,11,59,684,0,0,0,744,recovery,655
39.20791863324232,246,10,60,684,0,0,0,744,infectious,959
39.228681723819044,246,10,59,685,0,0,0,744,recovery,777
39.23288369013056,245,11,59,685,0,0,0,745,infection,469
39.34597721923688,245,11,58,686,0,0,0,745,recovery,198
39.44938928102506,244,12,58,686,0,0,0,746,infection,930
39.46381900560837,244,11,59,686,0,0,0,746,infectious,605
39.47498597229666,244,10,60,686,0,0,0,746,infectious,930
39.504188861443716,243,11,60,686,0,0,0,747,infection,461
39.52090335928529,243,11,59,687,0,0,0,747,recovery,551
39.52252916715225,243,11,58,688,0,0,0,747,recovery,533
39.555013987934025,242,12,58,688,0,0,0,748,infection,392
39.567708924066885,242,12,57,689,0,0,0,748,recovery,508
39.5686433145959,242,11,58,689,0,0,0,748,infectious,602
39.58369627930302,242,10,59,689,0,0,0,748,infectious,367
39.58611675205102,242,9,60,689,0,0,0,748,infectious,469
39.60305892885557,241,10,60,689,0,0,0,749,infection,101
39.63738861869877,241,10,59,690,0,0,0,749,recovery,31
39.65244286188281,241,10,58,691,0,0,0,749,recovery,469
39.66083631146783,241,10,57,692,0,0,0,749,recovery,531
39.70796828578019,241,10,56,693,0,0,0,749,recovery,50
39.71047447747582,241,10,55,694,0,0,0,749,recovery,605
39.714668299672276,240,11,55,694,0,0,0,750,infection,839
39.730158922736365,239,12,55,694,0,0,0,751,infection,275
39.73176255624488,238,13,55,694,0,0,0,752,infection,643
39.762116194752096,237,14,55,694,0,0,0,753,infection,634
39.78243261123711,236,15,55,694,0,0,0,754,infection,512
39.800925458598385,235,16,55,694,0,0,0,755,infection,218
39.862440219864325,235,16,54,695,0,0,0,755,recovery,680
39.863698804546225,234,17,54,695,0,0,0,756,infection,473
39.867421796292454,234,16,55,695,0,0,0,756,infectious,101
39.87628965464188,234,15,56,695,0,0,0,756,infectious,94
39.890701149983514,234,15,55,696,0,0,0,756,recovery,9
39.90444028031589,234,14,56,696,0,0,0,756,infectious,643
39.961071440542035,234,14,55,697,0,0,0,756,recovery,410
39.97794978701135,234,14,54,698,0,0,0,756,recovery,438
39.98764467701105,234,14,53,699,0,0,0,756,recovery,737
40.0,234,14,53,699,0,0,0,756,horizon,0
