t,S,E,I,R,births,deaths,vaccinated,infections,event,person
0.0,990,0,10,0,0,0,0,0,initial,0
0.036489497446506106,989,1,10,0,0,0,0,1,infection,356
0.06659806882745997,989,1,9,1,0,0,0,1,recovery,994
0.10402715216964008,989,0,10,1,0,0,0,1,infectious,356
0.1868786688170159,988,1,10,1,0,0,0,2,infection,735
0.2489564373930739,987,2,10,1,0,0,0,3,infection,353
0.33198952815828076,986,3,10,1,0,0,0,4,infection,545
0.3886001638295034,986,2,11,1,0,0,0,4,infectious,545
0.517668768516272,986,1,12,1,0,0,0,4,infectious,353
0.5250357822839078,985,2,12,1,0,0,0,5,infection,499
0.6209101263571762,985,1,13,1,0,0,0,5,infectious,499
0.793514466524802,984,2,13,1,0,0,0,6,infection,264
0.8836628590196144,983,3,13,1,0,0,0,7,infection,813
0.8880478412762003,983,3,12,2,0,0,0,7,recovery,998
0.9030805634476495,983,2,13,2,0,0,0,7,infectious,735
0.9397558068413696,983,1,14,2,0,0,0,7,infectious,813
1.0767030902560935,982,2,14,2,0,0,0,8,infection,820
1.0945402043201453,982,2,13,3,0,0,0,8,recovery,999
1.1811165433384478,982,2,12,4,0,0,0,8,recovery,1000
1.2057805231271055,981,3,12,4,0,0,0,9,infection,232
1.3215035528381427,980,4,12,4,0,0,0,10,infection,867
1.363362972785886,980,4,11,5,0,0,0,10,recovery,991
1.3837993163416198,979,5,11,5,0,0,0,11,infection,271
1.4180057259004448,979,5,10,6,0,0,0,11,recovery,993
1.4536706576794278,979,5,9,7,0,0,0,11,recovery,995
1.5098374743881344,978,6,9,7,0,0,0,12,infection,832
1.5459612511070102,978,5,10,7,0,0,0,12,infectious,867
1.5514359945850509,978,4,11,7,0,0,0,12,infectious,820
1.6539966745520682,977,5,11,7,0,0,0,13,infection,104
1.6794846414298241,977,5,10,8,0,0,0,13,recovery,545
1.7005006665724347,977,4,11,8,0,0,0,13,infectious,264
1.7555381004141113,977,4,10,9,0,0,0,13,recovery,820
1.8398924999409185,977,3,11,9,0,0,0,13,infectious,271
1.8596470240909426,977,3,10,10,0,0,0,13,recovery,353
1.9154308317408153,976,4,10,10,0,0,0,14,infection,762
1.9408678814091933,975,5,10,10,0,0,0,15,infection,190
2.066648259378156,975,4,11,10,0,0,0,15,infectious,190
2.2015028583399436,974,5,11,10,0,0,0,16,infection,299
2.324045071398755,974,4,12,10,0,0,0,16,infectious,299
2.3415812200336643,974,4,11,11,0,0,0,16,recovery,996
2.437063933500316,973,5,11,11,0,0,0,17,infection,837
2.5103569687193334,973,4,12,11,0,0,0,17,infectious,104
2.7552731788883063,973,3,13,11,0,0,0,17,infectious,837
2.9021087487852406,972,4,13,11,0,0,0,18,infection,355
2.9044423174388667,971,5,13,11,0,0,0,19,infection,380
2.930366644853801,970,6,13,11,0,0,0,20,infection,907
3.129732167909548,969,7,13,11,0,0,0,21,infection,715
3.1638366710138364,968,8,13,11,0,0,0,22,infection,281
3.201513202774517,968,8,12,12,0,0,0,22,recovery,992
3.238921636557392,967,9,12,12,0,0,0,23,infection,818
3.2464399376371897,966,10,12,12,0,0,0,24,infection,255
3.26114171594146,966,9,13,12,0,0,0,24,infectious,281
3.3059449482846084,966,9,12,13,0,0,0,24,recovery,190
3.3364902943544337,966,8,13,13,0,0,0,24,infectious,818
3.4273510076945937,966,7,14,13,0,0,0,24,infectious,832
3.4991387424383986,966,6,15,13,0,0,0,24,infectious,715
3.522266765687502,966,6,14,14,0,0,0,24,recovery,299
3.9128077831961146,965,7,14,14,0,0,0,25,infection,490
3.9224551694094654,964,8,14,14,0,0,0,26,infection,855
3.969829158632741,964,7,15,14,0,0,0,26,infectious,232
3.9956877750459956,964,6,16,14,0,0,0,26,infectious,907
4.060656730615584,963,7,16,14,0,0,0,27,infection,254
4.114312434311645,962,8,16,14,0,0,0,28,infection,242
4.163468942019198,962,8,15,15,0,0,0,28,recovery,735
4.174145335238633,962,7,16,15,0,0,0,28,infectious,855
4.218146377683819,961,8,16,15,0,0,0,29,infection,62
4.263161650006929,961,7,17,15,0,0,0,29,infectious,254
4.404977596578496,961,7,16,16,0,0,0,29,recovery,855
4.40527435408687,961,6,17,16,0,0,0,29,infectious,242
4.434922366230797,961,5,18,16,0,0,0,29,infectious,380
4.496907723278077,961,4,19,16,0,0,0,29,infectious,62
4.519782593458261,960,5,19,16,0,0,0,30,infection,205
4.528859738705397,959,6,19,16,0,0,0,31,infection,620
4.589855285159849,959,6,18,17,0,0,0,31,recovery,837
4.620154433188808,958,7,18,17,0,0,0,32,infection,354
4.9531075128115285,958,6,19,17,0,0,0,32,infectious,255
4.981556271742228,958,6,18,18,0,0,0,32,recovery,242
5.000138251541545,957,7,18,18,0,0,0,33,infection,177
5.0150215578865796,956,8,18,18,0,0,0,34,infection,623
5.059437156457801,956,8,17,19,0,0,0,34,recovery,271
5.081595091041347,955,9,17,19,0,0,0,35,infection,883
5.089724064983894,955,8,18,19,0,0,0,35,infectious,205
5.149308157377923,955,8,17,20,0,0,0,35,recovery,715
5.2175459065062295,955,7,18,20,0,0,0,35,infectious,177
5.262751390452233,954,8,18,20,0,0,0,36,infection,198
5.275946730697641,953,9,18,20,0,0,0,37,infection,831
5.2767794955729554,953,8,19,20,0,0,0,37,infectious,623
5.293418763991469,952,9,19,20,0,0,0,38,infection,39
5.306006258756079,952,9,18,21,0,0,0,38,recovery,813
5.349862990254769,952,9,17,22,0,0,0,38,recovery,867
5.422446922567072,951,10,17,22,0,0,0,39,infection,757
5.454167126035814,951,9,18,22,0,0,0,39,infectious,831
5.46068347274461,951,8,19,22,0,0,0,39,infectious,762
5.504363302607516,950,9,19,22,0,0,0,40,infection,758
5.5241888051202395,949,10,19,22,0,0,0,41,infection,691
5.609221094158151,948,11,19,22,0,0,0,42,infection,643
5.612729201112812,948,11,18,23,0,0,0,42,recovery,832
5.667894748585083,947,12,18,23,0,0,0,43,infection,933
5.675215107152592,947,11,19,23,0,0,0,43,infectious,620
5.754207216211763,947,11,18,24,0,0,0,43,recovery,232
5.77673477091667,946,12,18,24,0,0,0,44,infection,541
5.786659603049876,946,11,19,24,0,0,0,44,infectious,757
5.790646756982164,945,12,19,24,0,0,0,45,infection,582
5.81804522787991,945,11,20,24,0,0,0,45,infectious,355
5.82224812275719,945,10,21,24,0,0,0,45,infectious,198
5.934837101617873,944,11,21,24,0,0,0,46,infection,785
5.9550058938082735,944,11,20,25,0,0,0,46,recovery,623
6.016406975767519,944,10,21,25,0,0,0,46,infectious,39
6.1169941919899555,943,11,21,25,0,0,0,47,infection,966
6.149320243566487,942,12,21,25,0,0,0,48,infection,211
6.212138032647687,941,13,21,25,0,0,0,49,infection,632
6.33977209491902,941,13,20,26,0,0,0,49,recovery,281
6.341372990176233,941,12,21,26,0,0,0,49,infectious,691
6.342844214793042,940,13,21,26,0,0,0,50,infection,129
6.350292626500788,939,14,21,26,0,0,0,51,infection,695
6.406792884570688,939,14,20,27,0,0,0,51,recovery,818
6.450947716813379,939,14,19,28,0,0,0,51,recovery,356
6.484455844692056,938,15,19,28,0,0,0,52,infection,12
6.486240813687589,938,14,20,28,0,0,0,52,infectious,129
6.513236129615365,938,13,21,28,0,0,0,52,infectious,933
6.593999462121663,937,14,21,28,0,0,0,53,infection,477
6.627204345354989,937,14,20,29,0,0,0,53,recovery,39
6.6657675538816745,936,15,20,29,0,0,0,54,infection,366
6.679664522154364,936,15,19,30,0,0,0,54,recovery,831
6.713148642484711,936,15,18,31,0,0,0,54,recovery,198
6.747785115568165,936,14,19,31,0,0,0,54,infectious,490
6.776747317165154,935,15,19,31,0,0,0,55,infection,653
6.81909732111524,935,15,18,32,0,0,0,55,recovery,355
6.822682385570304,934,16,18,32,0,0,0,56,infection,291
6.865913643529596,934,15,19,32,0,0,0,56,infectious,291
6.90772298744172,934,14,20,32,0,0,0,56,infectious,541
6.930397816996647,934,14,19,33,0,0,0,56,recovery,104
6.941875896248488,934,13,20,33,0,0,0,56,infectious,366
6.9420082947991615,934,12,21,33,0,0,0,56,infectious,695
6.968592037298376,934,12,20,34,0,0,0,56,recovery,541
7.0069291871173585,933,13,20,34,0,0,0,57,infection,369
7.027718778653589,932,14,20,34,0,0,0,58,infection,972
7.0401949622671,932,14,19,35,0,0,0,58,recovery,933
7.04420715323115,932,13,20,35,0,0,0,58,infectious,653
7.046744273271987,932,13,19,36,0,0,0,58,recovery,380
7.132541761228002,931,14,19,36,0,0,0,59,infection,970
7.19434927582827,930,15,19,36,0,0,0,60,infection,502
7.24125738552977,930,15,18,37,0,0,0,60,recovery,366
7.251610900809496,930,14,19,37,0,0,0,60,infectious,477
7.255829120076491,930,13,20,37,0,0,0,60,infectious,12
7.264777509862098,930,12,21,37,0,0,0,60,infectious,972
7.312878282504128,930,12,20,38,0,0,0,60,recovery,255
7.320265454875638,930,11,21,38,0,0,0,60,infectious,582
7.326645838763809,930,11,20,39,0,0,0,60,recovery,490
7.3355436539788155,930,10,21,39,0,0,0,60,infectious,883
7.359100160848503,930,9,22,39,0,0,0,60,infectious,632
7.4245870975844195,929,10,22,39,0,0,0,61,infection,803
7.4416151783718245,928,11,22,39,0,0,0,62,infection,958
7.509323415043239,928,10,23,39,0,0,0,62,infectious,643
7.593605476277573,928,9,24,39,0,0,0,62,infectious,958
7.599934646495873,928,9,23,40,0,0,0,62,recovery,177
7.603153524042153,928,9,22,41,0,0,0,62,recovery,972
7.651126825157866,928,9,21,42,0,0,0,62,recovery,883
7.763595236728131,927,10,21,42,0,0,0,63,infection,844
7.772015234625794,926,11,21,42,0,0,0,64,infection,393
7.788364267884725,926,10,22,42,0,0,0,64,infectious,803
7.8483566386858605,926,9,23,42,0,0,0,64,infectious,393
7.874554536109267,925,10,23,42,0,0,0,65,infection,968
7.889731126546042,925,10,22,43,0,0,0,65,recovery,12
7.905491718570005,924,11,22,43,0,0,0,66,infection,26
7.959593995803131,923,12,22,43,0,0,0,67,infection,419
7.998279735797484,922,13,22,43,0,0,0,68,infection,376
7.998686107384992,922,13,21,44,0,0,0,68,recovery,803
8.023347108740026,921,14,21,44,0,0,0,69,infection,744
8.037555678939636,921,14,20,45,0,0,0,69,recovery,691
8.061213240892627,920,15,20,45,0,0,0,70,infection,46
8.076539776681848,920,15,19,46,0,0,0,70,recovery,762
8.083378612445077,920,14,20,46,0,0,0,70,infectious,419
8.125665140714428,920,13,21,46,0,0,0,70,infectious,785
8.1457935316084,919,14,21,46,0,0,0,71,infection,880
8.146145283922927,919,13,22,46,0,0,0,71,infectious,211
8.160658537065153,918,14,22,46,0,0,0,72,infection,801
8.181654477248339,917,15,22,46,0,0,0,73,infection,464
8.194724646218999,917,14,23,46,0,0,0,73,infectious,844
8.211281580821908,917,13,24,46,0,0,0,73,infectious,758
8.214750874867773,917,12,25,46,0,0,0,73,infectious,354
8.214764940588672,916,13,25,46,0,0,0,74,infection,341
8.22883412988055,915,14,25,46,0,0,0,75,infection,848
8.253072123053737,914,15,25,46,0,0,0,76,infection,185
8.34373640212829,914,14,26,46,0,0,0,76,infectious,464
8.37324177409464,914,14,25,47,0,0,0,76,recovery,958
8.438067098312713,913,15,25,47,0,0,0,77,infection,171
8.72194423746032,913,14,26,47,0,0,0,77,infectious,369
8.770869871726152,912,15,26,47,0,0,0,78,infection,522
8.771422906128095,911,16,26,47,0,0,0,79,infection,295
8.776824799889043,911,16,25,48,0,0,0,79,recovery,653
8.805185493959211,911,15,26,48,0,0,0,79,infectious,801
8.877951675781196,910,16,26,48,0,0,0,80,infection,505
8.88106918780282,910,15,27,48,0,0,0,80,infectious,185
8.898693377270922,909,16,27,48,0,0,0,81,infection,616
8.946644770774267,909,15,28,48,0,0,0,81,infectious,502
8.957633569990127,908,16,28,48,0,0,0,82,infection,555
9.005952765399558,908,15,29,48,0,0,0,82,infectious,880
9.037736445550932,908,14,30,48,0,0,0,82,infectious,848
9.10006483125549,907,15,30,48,0,0,0,83,infection,674
9.11735680432963,907,14,31,48,0,0,0,83,infectious,674
9.118268794286935,907,13,32,48,0,0,0,83,infectious,966
9.120663180795702,907,12,33,48,0,0,0,83,infectious,968
9.127092810493465,906,13,33,48,0,0,0,84,infection,518
9.149755143778082,905,14,33,48,0,0,0,85,infection,948
9.158714878897985,904,15,33,48,0,0,0,86,infection,310
9.174004378658468,903,16,33,48,0,0,0,87,infection,528
9.179494118745355,903,15,34,48,0,0,0,87,infectious,948
9.183985303334497,902,16,34,48,0,0,0,88,infection,436
9.18696740330039,902,15,35,48,0,0,0,88,infectious,341
9.24821577546004,901,16,35,48,0,0,0,89,infection,127
9.264876062686602,901,15,36,48,0,0,0,89,infectious,46
9.325157977484427,901,14,37,48,0,0,0,89,infectious,744
9.33706886068808,900,15,37,48,0,0,0,90,infection,162
9.35128558331065,899,16,37,48,0,0,0,91,infection,265
9.406373852116092,899,15,38,48,0,0,0,91,infectious,171
9.421369878352412,899,14,39,48,0,0,0,91,infectious,295
9.427985582484723,898,15,39,48,0,0,0,92,infection,827
9.4316525612038,898,15,38,49,0,0,0,92,recovery,968
9.43562560981579,897,16,38,49,0,0,0,93,infection,278
9.44700709272676,897,16,37,50,0,0,0,93,recovery,291
9.449101326237168,897,15,38,50,0,0,0,93,infectious,555
9.477933166994262,896,16,38,50,0,0,0,94,infection,98
9.478612587727742,896,15,39,50,0,0,0,94,infectious,98
9.485164035093328,896,14,40,50,0,0,0,94,infectious,436
9.530915815832588,895,15,40,50,0,0,0,95,infection,847
9.542261532337815,895,14,41,50,0,0,0,95,infectious,616
9.544176880253595,894,15,41,50,0,0,0,96,infection,4
9.554508689233076,894,14,42,50,0,0,0,96,infectious,847
9.563318604239628,893,15,42,50,0,0,0,97,infection,711
9.578481626137881,892,16,42,50,0,0,0,98,infection,484
9.627095056566167,892,16,41,51,0,0,0,98,recovery,848
9.668384957588332,891,17,41,51,0,0,0,99,infection,949
9.709806124395724,890,18,41,51,0,0,0,100,infection,324
9.74498281256457,890,18,40,52,0,0,0,100,recovery,632
9.796896140151395,889,19,40,52,0,0,0,101,infection,636
9.82387395292575,888,20,40,52,0,0,0,102,infection,85
9.835131474739441,888,19,41,52,0,0,0,102,infectious,711
9.836221825168161,888,19,40,53,0,0,0,102,recovery,98
9.897822254952608,888,18,41,53,0,0,0,102,infectious,518
9.907360710967582,888,18,40,54,0,0,0,102,recovery,354
9.946154277970322,888,17,41,54,0,0,0,102,infectious,827
9.950480216143049,888,17,40,55,0,0,0,102,recovery,758
9.967810188711363,888,17,39,56,0,0,0,102,recovery,129
10.019884128613125,888,17,38,57,0,0,0,102,recovery,997
10.032184566249015,888,16,39,57,0,0,0,102,infectious,265
10.086941316870808,887,17,39,57,0,0,0,103,infection,316
10.09082406800248,886,18,39,57,0,0,0,104,infection,892
10.119033298728114,885,19,39,57,0,0,0,105,infection,409
10.132536481779848,884,20,39,57,0,0,0,106,infection,420
10.133485599911651,884,19,40,57,0,0,0,106,infectious,310
10.253195461269502,884,18,41,57,0,0,0,106,infectious,278
10.296891223148592,883,19,41,57,0,0,0,107,infection,799
10.410534224147193,882,20,41,57,0,0,0,108,infection,836
10.442352797103199,882,20,40,58,0,0,0,108,recovery,499
10.459728495369845,882,20,39,59,0,0,0,108,recovery,643
10.468678728010582,881,21,39,59,0,0,0,109,infection,174
10.470964623205315,881,20,40,59,0,0,0,109,infectious,949
10.480684809082899,881,20,39,60,0,0,0,109,recovery,785
10.501785667496797,881,19,40,60,0,0,0,109,infectious,420
10.52283891665025,881,18,41,60,0,0,0,109,infectious,970
10.559666131488148,880,19,41,60,0,0,0,110,infection,546
10.580223352287405,879,20,41,60,0,0,0,111,infection,314
10.580315293043666,879,19,42,60,0,0,0,111,infectious,174
10.580774222124347,879,18,43,60,0,0,0,111,infectious,85
10.591610692030821,878,19,43,60,0,0,0,112,infection,590
10.608273807231779,877,20,43,60,0,0,0,113,infection,652
10.62582628358617,877,20,42,61,0,0,0,113,recovery,265
10.630212569840971,876,21,42,61,0,0,0,114,infection,392
10.6359888948097,876,20,43,61,0,0,0,114,infectious,505
10.648565273298543,875,21,43,61,0,0,0,115,infection,193
10.713252526557238,875,20,44,61,0,0,0,115,infectious,484
10.717126977049341,875,19,45,61,0,0,0,115,infectious,590
10.748666395425746,874,20,45,61,0,0,0,116,infection,753
10.750693738882982,874,19,46,61,0,0,0,116,infectious,4
10.769683633150734,873,20,46,61,0,0,0,117,infection,89
10.78199832747861,873,19,47,61,0,0,0,117,infectious,376
10.78931084032733,873,19,46,62,0,0,0,117,recovery,436
10.80437667465891,873,19,45,63,0,0,0,117,recovery,295
10.8076771099208,872,20,45,63,0,0,0,118,infection,767
10.844185630250301,871,21,45,63,0,0,0,119,infection,164
10.887512942768087,871,21,44,64,0,0,0,119,recovery,844
10.915591761082656,870,22,44,64,0,0,0,120,infection,123
10.932348639575133,870,21,45,64,0,0,0,120,infectious,324
10.937165057252674,870,20,46,64,0,0,0,120,infectious,392
10.947248092826966,870,19,47,64,0,0,0,120,infectious,26
10.948483580836427,869,20,47,64,0,0,0,121,infection,216
10.960411221653409,868,21,47,64,0,0,0,122,infection,267
10.962834653318733,868,20,48,64,0,0,0,122,infectious,193
10.997353325542202,868,19,49,64,0,0,0,122,infectious,522
11.008839714129381,868,18,50,64,0,0,0,122,infectious,836
11.021274651155919,868,18,49,65,0,0,0,122,recovery,85
11.02893813068613,868,17,50,65,0,0,0,122,infectious,164
11.032632691080622,868,16,51,65,0,0,0,122,infectious,123
11.041380095562781,868,15,52,65,0,0,0,122,infectious,316
11.042695509410487,868,15,51,66,0,0,0,122,recovery,970
11.067113925451936,868,14,52,66,0,0,0,122,infectious,652
11.072508021654828,867,15,52,66,0,0,0,123,infection,77
11.075820624330488,867,14,53,66,0,0,0,123,infectious,216
11.102548681003118,867,13,54,66,0,0,0,123,infectious,753
11.10725973709331,867,13,53,67,0,0,0,123,recovery,193
11.173756542247162,866,14,53,67,0,0,0,124,infection,951
11.258915739672023,865,15,53,67,0,0,0,125,infection,884
11.268740776482304,864,16,53,67,0,0,0,126,infection,910
11.269931161084115,864,15,54,67,0,0,0,126,infectious,910
11.312105182920266,864,14,55,67,0,0,0,126,infectious,951
11.315433085829552,864,14,54,68,0,0,0,126,recovery,26
11.319437745668308,864,13,55,68,0,0,0,126,infectious,409
11.320033994349899,864,13,54,69,0,0,0,126,recovery,907
11.323633432268174,864,13,53,70,0,0,0,126,recovery,46
11.339159256537405,863,14,53,70,0,0,0,127,infection,841
11.342616972847694,863,14,52,71,0,0,0,127,recovery,620
11.344715552316481,863,14,51,72,0,0,0,127,recovery,910
11.345998545454675,862,15,51,72,0,0,0,128,infection,798
11.406732719199757,861,16,51,72,0,0,0,129,infection,879
11.410454128876768,861,16,50,73,0,0,0,129,recovery,409
11.424454818758141,860,17,50,73,0,0,0,130,infection,414
11.431307127900023,860,17,49,74,0,0,0,130,recovery,62
11.45178395829725,859,18,49,74,0,0,0,131,infection,591
11.468902274945533,859,18,48,75,0,0,0,131,recovery,827
11.473175802553916,859,17,49,75,0,0,0,131,infectious,884
11.58108860434314,859,17,48,76,0,0,0,131,recovery,477
11.587159566754602,858,18,48,76,0,0,0,132,infection,489
11.594559219832274,858,17,49,76,0,0,0,132,infectious,489
11.60834019346687,857,18,49,76,0,0,0,133,infection,148
11.608448687021065,856,19,49,76,0,0,0,134,infection,246
11.64317313141525,856,19,48,77,0,0,0,134,recovery,278
11.658191189451852,856,18,49,77,0,0,0,134,infectious,879
11.664430261604164,856,18,48,78,0,0,0,134,recovery,502
11.669731844609835,855,19,48,78,0,0,0,135,infection,87
11.681160491471973,855,19,47,79,0,0,0,135,recovery,185
11.683258842047078,854,20,47,79,0,0,0,136,infection,273
11.707759774482978,854,20,46,80,0,0,0,136,recovery,420
11.710305228741767,854,20,45,81,0,0,0,136,recovery,757
11.71526125220269,853,21,45,81,0,0,0,137,infection,962
11.71854289904115,853,20,46,81,0,0,0,137,infectious,314
11.726420633044219,853,19,47,81,0,0,0,137,infectious,636
11.74102730548445,853,18,48,81,0,0,0,137,infectious,162
11.741838013029556,853,17,49,81,0,0,0,137,infectious,799
11.756808222543679,853,16,50,81,0,0,0,137,infectious,528
11.770148738759495,852,17,50,81,0,0,0,138,infection,351
11.81433770739852,852,17,49,82,0,0,0,138,recovery,847
11.816879154016313,852,17,48,83,0,0,0,138,recovery,948
11.825544591350457,851,18,48,83,0,0,0,139,infection,160
11.853326160976092,850,19,48,83,0,0,0,140,infection,724
11.883386704744177,849,20,48,83,0,0,0,141,infection,116
11.891904938795037,849,19,49,83,0,0,0,141,infectious,160
11.963089240487845,849,18,50,83,0,0,0,141,infectious,892
11.985156449396612,848,19,50,83,0,0,0,142,infection,146
12.009413092793281,848,18,51,83,0,0,0,142,infectious,273
12.023013322412098,848,18,50,84,0,0,0,142,recovery,419
12.04656122878801,848,17,51,84,0,0,0,142,infectious,962
12.05146958130468,848,16,52,84,0,0,0,142,infectious,591
12.05891661732766,848,16,51,85,0,0,0,142,recovery,636
12.093725528339293,848,15,52,85,0,0,0,142,infectious,127
12.099694789768254,848,14,53,85,0,0,0,142,infectious,267
12.112933011197892,847,15,53,85,0,0,0,143,infection,671
12.136338849265591,846,16,53,85,0,0,0,144,infection,854
12.190901769232383,845,17,53,85,0,0,0,145,infection,752
12.214182480591237,845,16,54,85,0,0,0,145,infectious,148
12.237017326190939,844,17,54,85,0,0,0,146,infection,253
12.264298928858064,843,18,54,85,0,0,0,147,infection,47
12.295127091309604,842,19,54,85,0,0,0,148,infection,770
12.29843871155014,842,18,55,85,0,0,0,148,infectious,841
12.31138362127387,842,17,56,85,0,0,0,148,infectious,87
12.32247358901624,842,16,57,85,0,0,0,148,infectious,798
12.329083532472195,841,17,57,85,0,0,0,149,infection,714
12.391904676960523,841,16,58,85,0,0,0,149,infectious,724
12.406348002828327,840,17,58,85,0,0,0,150,infection,440
12.414315844606758,839,18,58,85,0,0,0,151,infection,619
12.432404116810188,839,18,57,86,0,0,0,151,recovery,464
12.43484185320158,838,19,57,86,0,0,0,152,infection,853
12.452923649464168,838,18,58,86,0,0,0,152,infectious,116
12.517386910415912,837,19,58,86,0,0,0,153,infection,654
12.572260000400645,837,19,57,87,0,0,0,153,recovery,310
12.628431888287874,836,20,57,87,0,0,0,154,infection,150
12.63255671232728,836,20,56,88,0,0,0,154,recovery,205
12.650441316174193,836,19,57,88,0,0,0,154,infectious,47
12.713449838388312,835,20,57,88,0,0,0,155,infection,60
12.71403064164141,834,21,57,88,0,0,0,156,infection,513
12.741167730358008,834,20,58,88,0,0,0,156,infectious,853
12.760267329676099,833,21,58,88,0,0,0,157,infection,259
12.78520503851785,833,20,59,88,0,0,0,157,infectious,767
12.787452101620048,832,21,59,88,0,0,0,158,infection,226
12.792998439169315,831,22,59,88,0,0,0,159,infection,917
12.811568004484377,830,23,59,88,0,0,0,160,infection,791
12.816553322489353,829,24,59,88,0,0,0,161,infection,56
12.856201886969627,829,23,60,88,0,0,0,161,infectious,253
12.89318643562654,828,24,60,88,0,0,0,162,infection,845
12.896863753569846,828,23,61,88,0,0,0,162,infectious,440
12.904274603027917,827,24,61,88,0,0,0,163,infection,411
12.957434010876112,827,23,62,88,0,0,0,163,infectious,845
12.963879845195272,826,24,62,88,0,0,0,164,infection,443
12.976238926059553,825,25,62,88,0,0,0,165,infection,465
12.982788357574162,825,24,63,88,0,0,0,165,infectious,714
12.985738065711661,825,24,62,89,0,0,0,165,recovery,836
13.010047175599937,824,25,62,89,0,0,0,166,infection,210
13.011986494220597,824,25,61,90,0,0,0,166,recovery,799
13.018041020745386,823,26,61,90,0,0,0,167,infection,746
13.019304873348664,822,27,61,90,0,0,0,168,infection,857
13.06590215432195,821,28,61,90,0,0,0,169,infection,707
13.074919892722606,821,28,60,91,0,0,0,169,recovery,392
13.08462409216907,821,27,61,91,0,0,0,169,infectious,56
13.100769659588913,821,26,62,91,0,0,0,169,infectious,546
13.104500635160598,820,27,62,91,0,0,0,170,infection,605
13.133924309754903,819,28,62,91,0,0,0,171,infection,91
13.13471576317375,819,28,61,92,0,0,0,171,recovery,4
13.136104991453486,819,28,60,93,0,0,0,171,recovery,546
13.13689060621442,819,28,59,94,0,0,0,171,recovery,376
13.137618843113673,819,27,60,94,0,0,0,171,infectious,246
13.147929073465175,819,26,61,94,0,0,0,171,infectious,770
13.152222282035547,818,27,61,94,0,0,0,172,infection,131
13.167549392891399,818,27,60,95,0,0,0,172,recovery,652
13.17480383909346,818,26,61,95,0,0,0,172,infectious,91
13.200365635851616,817,27,61,95,0,0,0,173,infection,53
13.20346864079354,817,26,62,95,0,0,0,173,infectious,411
13.20383641661577,816,27,62,95,0,0,0,174,infection,179
13.22072761547645,816,26,63,95,0,0,0,174,infectious,60
13.286164827216586,816,25,64,95,0,0,0,174,infectious,857
13.312153111790469,815,26,64,95,0,0,0,175,infection,181
13.314460028231117,815,26,63,96,0,0,0,175,recovery,369
13.31757928907989,815,25,64,96,0,0,0,175,infectious,146
13.319318025761621,815,24,65,96,0,0,0,175,infectious,654
13.320629518030072,814,25,65,96,0,0,0,176,infection,5
13.324188519532184,814,25,64,97,0,0,0,176,recovery,264
13.336041807594276,814,24,65,97,0,0,0,176,infectious,917
13.38189462287153,814,23,66,97,0,0,0,176,infectious,465
13.400377338815932,814,22,67,97,0,0,0,176,infectious,671
13.431377890824615,814,21,68,97,0,0,0,176,infectious,53
13.453121888360997,813,22,68,97,0,0,0,177,infection,681
13.45528455649435,813,21,69,97,0,0,0,177,infectious,150
13.480976045762656,813,20,70,97,0,0,0,177,infectious,681
13.486459878191798,813,19,71,97,0,0,0,177,infectious,414
13.509277323610107,812,20,71,97,0,0,0,178,infection,209
13.516056786078682,811,21,71,97,0,0,0,179,infection,852
13.527948049471517,810,22,71,97,0,0,0,180,infection,983
13.533410124499802,810,21,72,97,0,0,0,180,infectious,513
13.553369614579204,810,21,71,98,0,0,0,180,recovery,47
13.556102137137673,810,21,70,99,0,0,0,180,recovery,857
13.557635400101992,810,20,71,99,0,0,0,180,infectious,752
13.6439219665526,810,19,72,99,0,0,0,180,infectious,5
13.657990845129472,810,19,71,100,0,0,0,180,recovery,917
13.661994989831264,810,19,70,101,0,0,0,180,recovery,146
13.680835172661205,809,20,70,101,0,0,0,181,infection,462
13.687568746899382,809,19,71,101,0,0,0,181,infectious,181
13.7428706395793,808,20,71,101,0,0,0,182,infection,677
13.74389722568829,808,19,72,101,0,0,0,182,infectious,77
13.7630191056023,808,19,71,102,0,0,0,182,recovery,60
13.770395108154942,807,20,71,102,0,0,0,183,infection,252
13.78744747475449,807,19,72,102,0,0,0,183,infectious,351
13.790301766355894,807,18,73,102,0,0,0,183,infectious,619
13.792443272728969,807,17,74,102,0,0,0,183,infectious,252
13.820009423309344,807,17,73,103,0,0,0,183,recovery,880
13.83271967074455,806,18,73,103,0,0,0,184,infection,580
13.841855399626034,805,19,73,103,0,0,0,185,infection,155
13.868891017822296,805,19,72,104,0,0,0,185,recovery,949
13.875279115669157,804,20,72,104,0,0,0,186,infection,568
13.907351042710005,803,21,72,104,0,0,0,187,infection,213
13.910177158988068,803,20,73,104,0,0,0,187,infectious,580
13.923675931921945,803,20,72,105,0,0,0,187,recovery,841
13.952183516272301,803,20,71,106,0,0,0,187,recovery,753
13.971753385679037,803,20,70,107,0,0,0,187,recovery,267
13.978216504750263,803,19,71,107,0,0,0,187,infectious,852
13.998766560921586,803,18,72,107,0,0,0,187,infectious,226
13.998963929909417,803,17,73,107,0,0,0,187,infectious,983
14.029271089690873,802,18,73,107,0,0,0,188,infection,180
14.038094310097856,802,18,72,108,0,0,0,188,recovery,489
14.071640285774716,801,19,72,108,0,0,0,189,infection,260
14.076200592868519,800,20,72,108,0,0,0,190,infection,118
14.09597778298496,800,20,71,109,0,0,0,190,recovery,411
14.126764822924617,800,20,70,110,0,0,0,190,recovery,983
14.19215978638386,800,19,71,110,0,0,0,190,infectious,260
14.19433549877642,799,20,71,110,0,0,0,191,infection,283
14.202667378030917,799,19,72,110,0,0,0,191,infectious,443
14.207914650798012,798,20,72,110,0,0,0,192,infection,676
14.230117232396099,797,21,72,110,0,0,0,193,infection,789
14.234177408217171,797,20,73,110,0,0,0,193,infectious,791
14.24934135385318,796,21,73,110,0,0,0,194,infection,589
14.249954807840348,795,22,73,110,0,0,0,195,infection,811
14.284047425123527,795,22,72,111,0,0,0,195,recovery,591
14.28703174068677,794,23,72,111,0,0,0,196,infection,236
14.28884337472391,793,24,72,111,0,0,0,197,infection,304
14.290185178643215,792,25,72,111,0,0,0,198,infection,38
14.326945429035684,792,25,71,112,0,0,0,198,recovery,681
14.333660115420832,791,26,71,112,0,0,0,199,infection,918
14.335536717194747,791,26,70,113,0,0,0,199,recovery,53
14.347290929438715,790,27,70,113,0,0,0,200,infection,860
14.368588248037929,790,27,69,114,0,0,0,200,recovery,211
14.394095647923539,790,26,70,114,0,0,0,200,infectious,605
14.397037530049465,790,25,71,114,0,0,0,200,infectious,854
14.40828149170579,790,24,72,114,0,0,0,200,infectious,860
14.449309902099147,789,25,72,114,0,0,0,201,infection,530
14.452936553687426,789,24,73,114,0,0,0,201,infectious,918
14.456949431771488,789,23,74,114,0,0,0,201,infectious,89
14.463270607316256,788,24,74,114,0,0,0,202,infection,400
14.481880767514436,788,24,73,115,0,0,0,202,recovery,116
14.490559649660561,787,25,73,115,0,0,0,203,infection,637
14.549632866248444,786,26,73,115,0,0,0,204,infection,286
14.561026015713395,785,27,73,115,0,0,0,205,infection,987
14.57382704368649,784,28,73,115,0,0,0,206,infection,783
14.584008752720187,783,29,73,115,0,0,0,207,infection,974
14.616191664423676,783,29,72,116,0,0,0,207,recovery,162
14.626313501696844,783,28,73,116,0,0,0,207,infectious,462
14.666117321005498,783,28,72,117,0,0,0,207,recovery,174
14.694210145762915,783,27,73,117,0,0,0,207,infectious,677
14.697537557349868,783,27,72,118,0,0,0,207,recovery,555
14.70847758620841,783,26,73,118,0,0,0,207,infectious,283
14.715370687958027,782,27,73,118,0,0,0,208,infection,241
14.726613714131167,782,26,74,118,0,0,0,208,infectious,789
14.735446560669935,782,25,75,118,0,0,0,208,infectious,236
14.740035943842159,781,26,75,118,0,0,0,209,infection,596
14.744403103208642,781,26,74,119,0,0,0,209,recovery,671
14.745521107033088,781,26,73,120,0,0,0,209,recovery,677
14.748507573339861,780,27,73,120,0,0,0,210,infection,500
14.756239396848793,779,28,73,120,0,0,0,211,infection,289
14.76249791880242,778,29,73,120,0,0,0,212,infection,692
14.762665762798415,778,28,74,120,0,0,0,212,infectious,746
14.767813814202484,778,27,75,120,0,0,0,212,infectious,707
14.770493333378363,778,27,74,121,0,0,0,212,recovery,801
14.780293660641984,777,28,74,121,0,0,0,213,infection,781
14.785088882127626,777,27,75,121,0,0,0,213,infectious,530
14.797780329456515,777,27,74,122,0,0,0,213,recovery,341
14.808545210192857,777,26,75,122,0,0,0,213,infectious,180
14.843033113510089,777,25,76,122,0,0,0,213,infectious,692
14.84908160831229,777,25,75,123,0,0,0,213,recovery,77
14.87407948974934,777,25,74,124,0,0,0,213,recovery,91
14.895587931309962,777,25,73,125,0,0,0,213,recovery,465
14.897625561550278,777,24,74,125,0,0,0,213,infectious,209
14.899188051122024,776,25,74,125,0,0,0,214,infection,504
14.901918889708035,776,24,75,125,0,0,0,214,infectious,596
14.90605482118586,776,24,74,126,0,0,0,214,recovery,260
14.921400749738087,775,25,74,126,0,0,0,215,infection,650
14.935255305424281,774,26,74,126,0,0,0,216,infection,18
14.961985456995599,774,26,73,127,0,0,0,216,recovery,89
14.983762840968117,774,25,74,127,0,0,0,216,infectious,781
14.992452042073618,774,24,75,127,0,0,0,216,infectious,210
14.992874920711474,774,23,76,127,0,0,0,216,infectious,213
14.996171813047859,773,24,76,127,0,0,0,217,infection,869
15.016531593241762,772,25,76,127,0,0,0,218,infection,199
15.040513884782495,772,25,75,128,0,0,0,218,recovery,966
15.07241440864852,772,24,76,128,0,0,0,218,infectious,504
15.082949282753788,772,23,77,128,0,0,0,218,infectious,259
15.088911210349014,772,23,76,129,0,0,0,218,recovery,616
15.09564561567328,771,24,76,129,0,0,0,219,infection,202
15.097488825350608,771,24,75,130,0,0,0,219,recovery,789
15.127154477704607,770,25,75,130,0,0,0,220,infection,225
15.151402880588263,769,26,75,130,0,0,0,221,infection,293
15.153098294612795,768,27,75,130,0,0,0,222,infection,624
15.171789514111156,768,26,76,130,0,0,0,222,infectious,783
15.210118245018267,767,27,76,130,0,0,0,223,infection,496
15.211892836710078,766,28,76,130,0,0,0,224,infection,10
15.214816085267545,765,29,76,130,0,0,0,225,infection,229
15.223274897468391,765,28,77,130,0,0,0,225,infectious,289
15.233655007347199,765,27,78,130,0,0,0,225,infectious,38
15.241531098595416,765,26,79,130,0,0,0,225,infectious,241
15.256156586757758,765,26,78,131,0,0,0,225,recovery,951
15.264746106642548,764,27,78,131,0,0,0,226,infection,239
15.264958833065807,764,26,79,131,0,0,0,226,infectious,496
15.271819583052832,764,26,78,132,0,0,0,226,recovery,259
15.30681013338371,764,25,79,132,0,0,0,226,infectious,624
15.344364496551355,763,26,79,132,0,0,0,227,infection,564
15.345540558597861,762,27,79,132,0,0,0,228,infection,742
15.348745753069554,761,28,79,132,0,0,0,229,infection,908
15.35162030918707,760,29,79,132,0,0,0,230,infection,729
15.354867163761112,760,29,78,133,0,0,0,230,recovery,852
15.35644351807432,760,28,79,133,0,0,0,230,infectious,239
15.357356562324242,760,27,80,133,0,0,0,230,infectious,974
15.382053355923064,760,26,81,133,0,0,0,230,infectious,18
15.399568208747626,760,26,80,134,0,0,0,230,recovery,283
15.404886227623663,760,26,79,135,0,0,0,230,recovery,484
15.415310547564008,760,26,78,136,0,0,0,230,recovery,798
15.422940772316062,760,25,79,136,0,0,0,230,infectious,229
15.449525839089457,759,26,79,136,0,0,0,231,infection,145
15.459489908277984,759,25,80,136,0,0,0,231,infectious,131
15.460493437005915,759,24,81,136,0,0,0,231,infectious,500
15.461442274088006,759,24,80,137,0,0,0,231,recovery,707
15.519190875783051,758,25,80,137,0,0,0,232,infection,973
15.540090166767214,757,26,80,137,0,0,0,233,infection,204
15.540677402260828,757,26,79,138,0,0,0,233,recovery,580
15.555544601496093,757,26,78,139,0,0,0,233,recovery,440
15.594879336678787,757,26,77,140,0,0,0,233,recovery,18
15.594887638172155,757,25,78,140,0,0,0,233,infectious,204
15.60549903307203,757,24,79,140,0,0,0,233,infectious,10
15.61964452690098,757,23,80,140,0,0,0,233,infectious,400
15.64942179149592,757,23,79,141,0,0,0,233,recovery,974
15.683966417082342,756,24,79,141,0,0,0,234,infection,864
15.685860320670658,756,23,80,141,0,0,0,234,infectious,145
15.704100892676697,756,22,81,141,0,0,0,234,infectious,568
15.722312265253658,755,23,81,141,0,0,0,235,infection,172
15.722328052231576,755,23,80,142,0,0,0,235,recovery,150
15.737905375769,754,24,80,142,0,0,0,236,infection,829
15.744424289405949,754,24,79,143,0,0,0,236,recovery,783
15.747765075756414,753,25,79,143,0,0,0,237,infection,227
15.754817896494695,753,24,80,143,0,0,0,237,infectious,729
15.76005806616236,752,25,80,143,0,0,0,238,infection,796
15.77736412389614,751,26,80,143,0,0,0,239,infection,151
15.78339104924256,751,25,81,143,0,0,0,239,infectious,227
15.80016157071604,750,26,81,143,0,0,0,240,infection,572
15.813350458019283,749,27,81,143,0,0,0,241,infection,748
15.816771822951997,749,26,82,143,0,0,0,241,infectious,179
15.827003030718405,749,25,83,143,0,0,0,241,infectious,987
15.83947231496848,748,26,83,143,0,0,0,242,infection,24
15.842922653642836,747,27,83,143,0,0,0,243,infection,889
15.857271298490733,747,26,84,143,0,0,0,243,infectious,304
15.860574541174305,746,27,84,143,0,0,0,244,infection,498
15.863791052369463,746,27,83,144,0,0,0,244,recovery,236
15.870289893145436,745,28,83,144,0,0,0,245,infection,795
15.87266284732513,745,28,82,145,0,0,0,245,recovery,148
15.873774940236805,745,27,83,145,0,0,0,245,infectious,864
15.87901460314169,744,28,83,145,0,0,0,246,infection,780
15.882889736185295,743,29,83,145,0,0,0,247,infection,446
15.90175595462562,742,30,83,145,0,0,0,248,infection,689
15.921708054766306,742,29,84,145,0,0,0,248,infectious,293
15.928466481423163,742,28,85,145,0,0,0,248,infectious,564
15.93281643109952,741,29,85,145,0,0,0,249,infection,802
15.933626072527622,741,29,84,146,0,0,0,249,recovery,845
15.951888215567532,740,30,84,146,0,0,0,250,infection,531
15.962269435001552,739,31,84,146,0,0,0,251,infection,201
15.97094787619127,738,32,84,146,0,0,0,252,infection,687
15.983235338036442,738,31,85,146,0,0,0,252,infectious,869
15.990658939900772,737,32,85,146,0,0,0,253,infection,103
15.995069824940616,737,31,86,146,0,0,0,253,infectious,748
16.043702406910896,737,30,87,146,0,0,0,253,infectious,650
16.069618296744622,737,30,86,147,0,0,0,253,recovery,164
16.081225216015298,736,31,86,147,0,0,0,254,infection,782
16.08732820667997,735,32,86,147,0,0,0,255,infection,475
16.09745533900777,734,33,86,147,0,0,0,256,infection,720
16.11650754171983,734,32,87,147,0,0,0,256,infectious,155
16.120762786292154,734,32,86,148,0,0,0,256,recovery,227
16.13111216230543,734,31,87,148,0,0,0,256,infectious,589
16.133555309180363,734,30,88,148,0,0,0,256,infectious,687
16.140076719666638,734,30,87,149,0,0,0,256,recovery,180
16.158275658064547,733,31,87,149,0,0,0,257,infection,323
16.172286434620798,733,31,86,150,0,0,0,257,recovery,724
16.17325546434532,733,31,85,151,0,0,0,257,recovery,854
16.185019971731027,733,31,84,152,0,0,0,257,recovery,160
16.196201410761695,733,30,85,152,0,0,0,257,infectious,782
16.258714365796468,733,29,86,152,0,0,0,257,infectious,780
16.271974102083277,732,30,86,152,0,0,0,258,infection,275
16.274247431510005,731,31,86,152,0,0,0,259,infection,439
16.281374061945954,731,31,85,153,0,0,0,259,recovery,654
16.29671436700001,731,30,86,153,0,0,0,259,infectious,24
16.296914736269056,730,31,86,153,0,0,0,260,infection,891
16.305097174693493,730,30,87,153,0,0,0,260,infectious,151
16.308642597445335,730,29,88,153,0,0,0,260,infectious,796
16.322782336858207,730,29,87,154,0,0,0,260,recovery,155
16.34099445258936,730,28,88,154,0,0,0,260,infectious,103
16.35178272981281,729,29,88,154,0,0,0,261,infection,331
16.358041642455103,728,30,88,154,0,0,0,262,infection,772
16.3594479228637,728,30,87,155,0,0,0,262,recovery,518
16.368744728949487,727,31,87,155,0,0,0,263,infection,520
16.369792181383083,726,32,87,155,0,0,0,264,infection,143
16.389869375947764,726,32,86,156,0,0,0,264,recovery,254
16.400472346725945,725,33,86,156,0,0,0,265,infection,59
16.40967952583982,724,34,86,156,0,0,0,266,infection,230
16.425358652246615,724,33,87,156,0,0,0,266,infectious,199
16.439447362432745,723,34,87,156,0,0,0,267,infection,51
16.453682662157785,723,33,88,156,0,0,0,267,infectious,572
16.47454315530104,723,33,87,157,0,0,0,267,recovery,314
16.47952928739622,722,34,87,157,0,0,0,268,infection,556
16.490109484116417,722,33,88,157,0,0,0,268,infectious,275
16.49256307126523,721,34,88,157,0,0,0,269,infection,601
16.494630413076127,720,35,88,157,0,0,0,270,infection,154
16.49718278318451,720,34,89,157,0,0,0,270,infectious,742
16.508406424246576,719,35,89,157,0,0,0,271,infection,537
16.510105032920073,718,36,89,157,0,0,0,272,infection,167
16.523767736337533,717,37,89,157,0,0,0,273,infection,382
16.55373088619077,716,38,89,157,0,0,0,274,infection,824
16.55551438825706,716,37,90,157,0,0,0,274,infectious,531
16.567517337927598,715,38,90,157,0,0,0,275,infection,905
16.578328483084785,714,39,90,157,0,0,0,276,infection,902
16.582153891519575,714,38,91,157,0,0,0,276,infectious,772
16.607504796434206,713,39,91,157,0,0,0,277,infection,183
16.611420395421078,712,40,91,157,0,0,0,278,infection,665
16.630365344152345,712,40,90,158,0,0,0,278,recovery,531
16.63740066602244,712,40,89,159,0,0,0,278,recovery,414
16.684436515494674,712,39,90,159,0,0,0,278,infectious,824
16.686335040963844,712,39,89,160,0,0,0,278,recovery,582
16.70386532625612,712,38,90,160,0,0,0,278,infectious,720
16.716997657245102,711,39,90,160,0,0,0,279,infection,276
16.719810005096267,711,38,91,160,0,0,0,279,infectious,446
16.75500659860559,711,38,90,161,0,0,0,279,recovery,744
16.755036109414277,711,37,91,161,0,0,0,279,infectious,811
16.761906323533236,711,36,92,161,0,0,0,279,infectious,973
16.773186388201065,710,37,92,161,0,0,0,280,infection,736
16.784421968550475,709,38,92,161,0,0,0,281,infection,881
16.787827094263058,708,39,92,161,0,0,0,282,infection,435
16.809072847723932,707,40,92,161,0,0,0,283,infection,189
16.820168091965183,707,40,91,162,0,0,0,283,recovery,199
16.84168560848086,707,40,90,163,0,0,0,283,recovery,500
16.848729642211627,707,40,89,164,0,0,0,283,recovery,324
16.863725690479182,706,41,89,164,0,0,0,284,infection,270
16.878826530782238,706,40,90,164,0,0,0,284,infectious,183
16.885677307737375,706,39,91,164,0,0,0,284,infectious,202
16.891667373249867,706,39,90,165,0,0,0,284,recovery,226
16.893216518053762,706,39,89,166,0,0,0,284,recovery,564
16.89516649463026,706,38,90,166,0,0,0,284,infectious,435
16.895747753080656,706,37,91,166,0,0,0,284,infectious,902
16.90464770759378,705,38,91,166,0,0,0,285,infection,507
16.926434403221837,705,38,90,167,0,0,0,285,recovery,811
16.97527427158398,705,38,89,168,0,0,0,285,recovery,781
16.98917155443384,704,39,89,168,0,0,0,286,infection,936
17.00468404664574,704,38,90,168,0,0,0,286,infectious,507
17.005920348817895,704,38,89,169,0,0,0,286,recovery,103
17.008189491708468,704,38,88,170,0,0,0,286,recovery,589
17.011027607125165,704,37,89,170,0,0,0,286,infectious,439
17.018838494302514,704,37,88,171,0,0,0,286,recovery,884
17.02655296181796,703,38,88,171,0,0,0,287,infection,954
17.051029346149797,703,38,87,172,0,0,0,287,recovery,860
17.05228815149721,703,37,88,172,0,0,0,287,infectious,323
17.054166705361578,702,38,88,172,0,0,0,288,infection,453
17.055007326562162,702,37,89,172,0,0,0,288,infectious,889
17.061505313216305,701,38,89,172,0,0,0,289,infection,924
17.06989655126995,700,39,89,172,0,0,0,290,infection,716
17.091707871412474,700,38,90,172,0,0,0,290,infectious,881
17.120711063391816,700,38,89,173,0,0,0,290,recovery,619
17.126454014312515,699,39,89,173,0,0,0,291,infection,859
17.14479851767635,699,38,90,173,0,0,0,291,infectious,736
17.149621706845256,699,37,91,173,0,0,0,291,infectious,286
17.180772817128076,698,38,91,173,0,0,0,292,infection,362
17.196877370971524,697,39,91,173,0,0,0,293,infection,415
17.20292465357761,697,38,92,173,0,0,0,293,infectious,225
17.20533216819439,697,38,91,174,0,0,0,293,recovery,695
17.206637836699898,697,37,92,174,0,0,0,293,infectious,362
17.210666579255623,697,36,93,174,0,0,0,293,infectious,924
17.213272690037567,697,35,94,174,0,0,0,293,infectious,637
17.21990813156777,697,34,95,174,0,0,0,293,infectious,276
17.229375665337347,697,34,94,175,0,0,0,293,recovery,513
17.24107454941742,697,34,93,176,0,0,0,293,recovery,253
17.242379151226412,696,35,93,176,0,0,0,294,infection,663
17.255318820525943,696,34,94,176,0,0,0,294,infectious,891
17.261902719538746,696,34,93,177,0,0,0,294,recovery,504
17.268508558437528,695,35,93,177,0,0,0,295,infection,224
17.270566741952276,695,34,94,177,0,0,0,295,infectious,676
17.29893930660633,694,35,94,177,0,0,0,296,infection,374
17.32113156827907,693,36,94,177,0,0,0,297,infection,649
17.32336992027311,692,37,94,177,0,0,0,298,infection,562
17.341157840235834,692,37,93,178,0,0,0,298,recovery,881
17.363510274577514,692,36,94,178,0,0,0,298,infectious,859
17.39133887376174,692,35,95,178,0,0,0,298,infectious,230
17.395566011390912,692,34,96,178,0,0,0,298,infectious,224
17.42436908322334,691,35,96,178,0,0,0,299,infection,1
17.433509713373365,690,36,96,178,0,0,0,300,infection,878
17.45849303023596,690,35,97,178,0,0,0,300,infectious,382
17.46769544933943,690,35,96,179,0,0,0,300,recovery,293
17.477933976789195,690,35,95,180,0,0,0,300,recovery,674
17.4788457852108,690,35,94,181,0,0,0,300,recovery,767
17.48793594085536,690,35,93,182,0,0,0,300,recovery,323
17.53095166884369,689,36,93,182,0,0,0,301,infection,401
17.532190720088643,689,35,94,182,0,0,0,301,infectious,498
17.532215593326598,689,34,95,182,0,0,0,301,infectious,795
17.57026913837803,689,33,96,182,0,0,0,301,infectious,51
17.574151200414963,688,34,96,182,0,0,0,302,infection,221
17.580364627459687,688,33,97,182,0,0,0,302,infectious,143
17.651938114498225,688,33,96,183,0,0,0,302,recovery,145
17.66675964670237,688,32,97,183,0,0,0,302,infectious,415
17.684778302313347,687,33,97,183,0,0,0,303,infection,976
17.70748306951612,686,34,97,183,0,0,0,304,infection,99
17.712166736530605,686,33,98,183,0,0,0,304,infectious,908
17.726647706700756,685,34,98,183,0,0,0,305,infection,76
17.731766280397082,684,35,98,183,0,0,0,306,infection,75
17.736108555943602,684,35,97,184,0,0,0,306,recovery,10
17.749205027314645,683,36,97,184,0,0,0,307,infection,488
17.770360396669886,683,36,96,185,0,0,0,307,recovery,246
17.7713206796029,683,35,97,185,0,0,0,307,infectious,905
17.792704210544304,683,34,98,185,0,0,0,307,infectious,649
17.84351338220391,683,33,99,185,0,0,0,307,infectious,374
17.86393631617862,683,32,100,185,0,0,0,307,infectious,59
17.867754265587482,683,31,101,185,0,0,0,307,infectious,270
17.888132132526945,682,32,101,185,0,0,0,308,infection,169
17.890832553429103,682,31,102,185,0,0,0,308,infectious,201
17.898362991264055,682,31,101,186,0,0,0,308,recovery,229
17.93444525852453,682,30,102,186,0,0,0,308,infectious,716
17.940865744221394,682,29,103,186,0,0,0,308,infectious,562
17.97049239087349,681,30,103,186,0,0,0,309,infection,166
17.99990496203652,681,29,104,186,0,0,0,309,infectious,520
18.017513962717302,681,29,103,187,0,0,0,309,recovery,400
18.037394807904196,681,28,104,187,0,0,0,309,infectious,936
18.05843448665883,680,29,104,187,0,0,0,310,infection,74
18.083311060145924,680,28,105,187,0,0,0,310,infectious,221
18.104671980976665,679,29,105,187,0,0,0,311,infection,317
18.110292448800127,678,30,105,187,0,0,0,312,infection,931
18.134181754677094,678,30,104,188,0,0,0,312,recovery,962
18.13544344580995,678,29,105,188,0,0,0,312,infectious,317
18.147669315165555,678,28,106,188,0,0,0,312,infectious,878
18.169105609651016,677,29,106,188,0,0,0,313,infection,178
18.175228441013466,676,30,106,188,0,0,0,314,infection,626
18.180184413641573,675,31,106,188,0,0,0,315,infection,570
18.181755877220102,675,30,107,188,0,0,0,315,infectious,167
18.183394301843848,674,31,107,188,0,0,0,316,infection,235
18.201392209169427,673,32,107,188,0,0,0,317,infection,696
18.234904993776333,673,31,108,188,0,0,0,317,infectious,166
18.249648557095004,672,32,108,188,0,0,0,318,infection,751
18.254167937292195,672,31,109,188,0,0,0,318,infectious,76
18.26151291814868,671,32,109,188,0,0,0,319,infection,561
18.29554299136211,671,31,110,188,0,0,0,319,infectious,1
18.302140780643413,671,31,109,189,0,0,0,319,recovery,572
18.333676281798994,671,30,110,189,0,0,0,319,infectious,75
18.339028964710476,670,31,110,189,0,0,0,320,infection,388
18.35043468941271,670,31,109,190,0,0,0,320,recovery,289
18.35285701476088,670,30,110,190,0,0,0,320,infectious,829
18.367345689515812,670,29,111,190,0,0,0,320,infectious,556
18.370772073248727,669,30,111,190,0,0,0,321,infection,890
18.399826412637772,668,31,111,190,0,0,0,322,infection,110
18.40152593209826,668,30,112,190,0,0,0,322,infectious,570
18.405196944762075,667,31,112,190,0,0,0,323,infection,337
18.41633565942973,666,32,112,190,0,0,0,324,infection,593
18.437226138584382,666,31,113,190,0,0,0,324,infectious,169
18.44212526510264,666,30,114,190,0,0,0,324,infectious,99
18.45697206725715,666,30,113,191,0,0,0,324,recovery,317
18.458182461909164,666,30,112,192,0,0,0,324,recovery,770
18.47425318996427,665,31,112,192,0,0,0,325,infection,668
18.477776662916177,665,31,111,193,0,0,0,325,recovery,879
18.497597536380766,665,30,112,193,0,0,0,325,infectious,337
18.504074143231588,664,31,112,193,0,0,0,326,infection,228
18.507337426338903,664,30,113,193,0,0,0,326,infectious,665
18.50932676050388,664,29,114,193,0,0,0,326,infectious,110
18.51578491514679,664,29,113,194,0,0,0,326,recovery,864
18.529703038780706,664,29,112,195,0,0,0,326,recovery,210
18.53695050613262,664,29,111,196,0,0,0,326,recovery,166
18.538210861032915,663,30,111,196,0,0,0,327,infection,109
18.542711428106063,662,31,111,196,0,0,0,328,infection,321
18.543493280738947,662,31,110,197,0,0,0,328,recovery,87
18.54392198938815,661,32,110,197,0,0,0,329,infection,870
18.547606040495726,660,33,110,197,0,0,0,330,infection,640
18.55368049569862,660,33,109,198,0,0,0,330,recovery,605
18.57106992014402,659,34,109,198,0,0,0,331,infection,102
18.58578251325406,658,35,109,198,0,0,0,332,infection,927
18.596709438610315,658,35,108,199,0,0,0,332,recovery,374
18.603910457798303,658,34,109,199,0,0,0,332,infectious,696
18.606236382015084,658,33,110,199,0,0,0,332,infectious,689
18.608575905647708,658,33,109,200,0,0,0,332,recovery,362
18.619664170544592,658,32,110,200,0,0,0,332,infectious,189
18.640000754884564,658,31,111,200,0,0,0,332,infectious,154
18.687579612821757,658,30,112,200,0,0,0,332,infectious,561
18.727329695935392,658,29,113,200,0,0,0,332,infectious,74
18.73316284985871,657,30,113,200,0,0,0,333,infection,900
18.747017516299305,656,31,113,200,0,0,0,334,infection,220
18.751933236481708,656,30,114,200,0,0,0,334,infectious,220
18.752278061135375,656,29,115,200,0,0,0,334,infectious,976
18.770851913766002,655,30,115,200,0,0,0,335,infection,378
18.780749507324323,655,29,116,200,0,0,0,335,infectious,751
18.811121912739665,655,29,115,201,0,0,0,335,recovery,714
18.817610132842482,655,29,114,202,0,0,0,335,recovery,729
18.81962283145004,655,29,113,203,0,0,0,335,recovery,110
18.841850601661402,654,30,113,203,0,0,0,336,infection,688
18.855394771423885,654,30,112,204,0,0,0,336,recovery,976
18.86074885658302,654,30,111,205,0,0,0,336,recovery,752
18.867216520191512,654,30,110,206,0,0,0,336,recovery,891
18.873198251710733,654,29,111,206,0,0,0,336,infectious,228
18.88201152515911,654,28,112,206,0,0,0,336,infectious,900
18.89280069689871,654,27,113,206,0,0,0,336,infectious,378
18.909710023332444,653,28,113,206,0,0,0,337,infection,106
18.917612802134066,652,29,113,206,0,0,0,338,infection,279
18.918407584827534,652,28,114,206,0,0,0,338,infectious,321
18.920312194700795,651,29,114,206,0,0,0,339,infection,693
18.932357102380656,651,29,113,207,0,0,0,339,recovery,528
18.94766063582077,650,30,113,207,0,0,0,340,infection,794
18.95158694471532,650,29,114,207,0,0,0,340,infectious,388
18.97763583649673,650,29,113,208,0,0,0,340,recovery,224
18.987669411037253,650,28,114,208,0,0,0,340,infectious,663
18.999849650306807,650,27,115,208,0,0,0,340,infectious,693
19.00136520537322,650,27,114,209,0,0,0,340,recovery,127
19.00888172449788,649,28,114,209,0,0,0,341,infection,13
19.024381556552992,648,29,114,209,0,0,0,342,infection,320
19.03506386145876,647,30,114,209,0,0,0,343,infection,809
19.04315497424536,647,29,115,209,0,0,0,343,infectious,109
19.046432316408424,647,28,116,209,0,0,0,343,infectious,172
19.050172593909988,646,29,116,209,0,0,0,344,infection,16
19.055237925470024,645,30,116,209,0,0,0,345,infection,774
19.063110938113624,645,30,115,210,0,0,0,345,recovery,167
19.064712773148628,645,30,114,211,0,0,0,345,recovery,99
19.071556246853465,645,29,115,211,0,0,0,345,infectious,954
19.095315421926475,645,28,116,211,0,0,0,345,infectious,931
19.10030608239398,645,27,117,211,0,0,0,345,infectious,927
19.10495281486503,644,28,117,211,0,0,0,346,infection,296
19.126515950114396,644,28,116,212,0,0,0,346,recovery,321
19.12707059026895,643,29,116,212,0,0,0,347,infection,234
19.14093224862091,643,29,115,213,0,0,0,347,recovery,908
19.143366177005067,642,30,115,213,0,0,0,348,infection,95
19.14442269387079,641,31,115,213,0,0,0,349,infection,838
19.155107790418594,640,32,115,213,0,0,0,350,infection,423
19.159688665356036,639,33,115,213,0,0,0,351,infection,629
19.228713846275582,638,34,115,213,0,0,0,352,infection,955
19.231728416455667,638,34,114,214,0,0,0,352,recovery,154
19.23683655768201,638,33,115,214,0,0,0,352,infectious,629
19.24540566379799,637,34,115,214,0,0,0,353,infection,501
19.254950091738138,636,35,115,214,0,0,0,354,infection,814
19.26261686286221,635,36,115,214,0,0,0,355,infection,540
19.265409972701267,635,36,114,215,0,0,0,355,recovery,556
19.26932617699601,635,35,115,215,0,0,0,355,infectious,235
19.27073111454494,634,36,115,215,0,0,0,356,infection,574
19.298381512846536,634,35,116,215,0,0,0,356,infectious,16
19.312831597270417,634,34,117,215,0,0,0,356,infectious,794
19.31856636180083,633,35,117,215,0,0,0,357,infection,764
19.328050778608336,632,36,117,215,0,0,0,358,infection,851
19.358523910716535,631,37,117,215,0,0,0,359,infection,84
19.381987763742025,631,37,116,216,0,0,0,359,recovery,772
19.39630477822892,631,37,115,217,0,0,0,359,recovery,51
19.40299952272838,631,37,114,218,0,0,0,359,recovery,973
19.408077087991835,630,38,114,218,0,0,0,360,infection,700
19.41266109119467,630,37,115,218,0,0,0,360,infectious,574
19.41287840079565,629,38,115,218,0,0,0,361,infection,888
19.418862388006687,629,37,116,218,0,0,0,361,infectious,764
19.42031297181864,629,36,117,218,0,0,0,361,infectious,851
19.42588272864523,629,35,118,218,0,0,0,361,infectious,95
19.42852364318906,629,34,119,218,0,0,0,361,infectious,488
19.429086448388905,628,35,119,218,0,0,0,362,infection,622
19.429938892564223,628,35,118,219,0,0,0,362,recovery,181
19.446707539750765,628,34,119,219,0,0,0,362,infectious,279
19.44771634891099,628,34,118,220,0,0,0,362,recovery,663
19.449682772919527,628,33,119,220,0,0,0,362,infectious,102
19.458101723879288,628,33,118,221,0,0,0,362,recovery,102
19.458213689405497,628,32,119,221,0,0,0,362,infectious,700
19.46766636724778,628,31,120,221,0,0,0,362,infectious,178
19.48970120798497,627,32,120,221,0,0,0,363,infection,136
19.490163147367152,627,31,121,221,0,0,0,363,infectious,601
19.523467635843637,627,30,122,221,0,0,0,363,infectious,401
19.548753434192065,627,29,123,221,0,0,0,363,infectious,809
19.553039671139313,627,29,122,222,0,0,0,363,recovery,179
19.564780472850245,627,28,123,222,0,0,0,363,infectious,688
19.58608382053478,627,27,124,222,0,0,0,363,infectious,870
19.605821833210033,627,26,125,222,0,0,0,363,infectious,537
19.610955776189293,626,27,125,222,0,0,0,364,infection,342
19.616465877601524,625,28,125,222,0,0,0,365,infection,812
19.623417590506154,625,28,124,223,0,0,0,365,recovery,927
19.629345143850134,624,29,124,223,0,0,0,366,infection,776
19.64216546165753,624,29,123,224,0,0,0,366,recovery,954
19.648521713470892,624,29,122,225,0,0,0,366,recovery,692
19.651434190221778,624,29,121,226,0,0,0,366,recovery,601
19.656610513479002,624,29,120,227,0,0,0,366,recovery,209
19.672565414596725,624,29,119,228,0,0,0,366,recovery,936
19.679595499202026,624,28,120,228,0,0,0,366,infectious,668
19.682010256598748,623,29,120,228,0,0,0,367,infection,909
19.686123044902786,623,28,121,228,0,0,0,367,infectious,909
19.689085940331484,623,27,122,228,0,0,0,367,infectious,296
19.69180536452805,623,27,121,229,0,0,0,367,recovery,624
19.69381297791637,622,28,121,229,0,0,0,368,infection,725
19.705987242176224,622,27,122,229,0,0,0,368,infectious,774
19.729396633153527,622,27,121,230,0,0,0,368,recovery,522
19.731423471747984,622,27,120,231,0,0,0,368,recovery,746
19.759986476581144,621,28,120,231,0,0,0,369,infection,651
19.763444011472746,621,27,121,231,0,0,0,369,infectious,453
19.767982246200468,621,26,122,231,0,0,0,369,infectious,593
19.76804589238525,620,27,122,231,0,0,0,370,infection,768
19.795795707602046,619,28,122,231,0,0,0,371,infection,763
19.807890675622364,619,28,121,232,0,0,0,371,recovery,668
19.817056399782757,619,28,120,233,0,0,0,371,recovery,220
19.81980268084857,618,29,120,233,0,0,0,372,infection,370
19.834141751843156,617,30,120,233,0,0,0,373,infection,985
19.83828696410868,617,29,121,233,0,0,0,373,infectious,501
19.838567776775808,617,29,120,234,0,0,0,373,recovery,562
19.84673529820233,617,29,119,235,0,0,0,373,recovery,151
19.84787349676643,617,28,120,235,0,0,0,373,infectious,626
19.848399649242094,617,28,119,236,0,0,0,373,recovery,650
19.850139183987675,616,29,119,236,0,0,0,374,infection,730
19.85802125369441,616,28,120,236,0,0,0,374,infectious,106
19.865804941040814,616,28,119,237,0,0,0,374,recovery,171
19.868369333567074,615,29,119,237,0,0,0,375,infection,444
19.868874829457255,614,30,119,237,0,0,0,376,infection,550
19.891376635789502,614,29,120,237,0,0,0,376,infectious,651
19.89287349609683,614,29,119,238,0,0,0,376,recovery,316
19.905152302880676,613,30,119,238,0,0,0,377,infection,648
19.927694790276064,613,29,120,238,0,0,0,377,infectious,370
19.93965415777465,612,30,120,238,0,0,0,378,infection,494
19.943519194491827,611,31,120,238,0,0,0,379,infection,379
19.966535888681864,611,31,119,239,0,0,0,379,recovery,909
19.97882040131389,610,32,119,239,0,0,0,380,infection,934
19.982729965211902,610,31,120,239,0,0,0,380,infectious,540
20.021691841657393,609,32,120,239,0,0,0,381,infection,132
20.02551753447696,608,33,120,239,0,0,0,382,infection,566
20.034701802615338,608,32,121,239,0,0,0,382,infectious,118
20.043880539104602,607,33,121,239,0,0,0,383,infection,433
20.053181754906436,607,32,122,239,0,0,0,383,infectious,132
20.058473907587707,606,33,122,239,0,0,0,384,infection,699
20.0690191221244,606,33,121,240,0,0,0,384,recovery,751
20.08236346605242,606,33,120,241,0,0,0,384,recovery,252
20.092270955136968,605,34,120,241,0,0,0,385,infection,548
20.092744193867148,605,34,119,242,0,0,0,385,recovery,637
20.096886161255892,605,33,120,242,0,0,0,385,infectious,423
20.09726223224429,605,32,121,242,0,0,0,385,infectious,234
20.102239821271056,605,31,122,242,0,0,0,385,infectious,725
20.114641032478925,604,32,122,242,0,0,0,386,infection,288
20.114645718375623,604,32,121,243,0,0,0,386,recovery,725
20.115894213644644,603,33,121,243,0,0,0,387,infection,364
20.125983648664935,602,34,121,243,0,0,0,388,infection,149
20.12918146412472,602,34,120,244,0,0,0,388,recovery,435
20.12954701977332,602,33,121,244,0,0,0,388,infectious,776
20.135087181604437,602,33,120,245,0,0,0,388,recovery,131
20.137247014800884,602,33,119,246,0,0,0,388,recovery,106
20.13735941416835,601,34,119,246,0,0,0,389,infection,206
20.138545863684403,601,34,118,247,0,0,0,389,recovery,388
20.14447419017007,600,35,118,247,0,0,0,390,infection,410
20.144531539073853,600,34,119,247,0,0,0,390,infectious,548
20.14464447044371,600,34,118,248,0,0,0,390,recovery,520
20.168703321395544,600,34,117,249,0,0,0,390,recovery,782
20.18851113277141,600,34,116,250,0,0,0,390,recovery,202
20.192634935682513,600,34,115,251,0,0,0,390,recovery,123
20.19297070026238,600,34,114,252,0,0,0,390,recovery,869
20.195205159521258,600,33,115,252,0,0,0,390,infectious,444
20.204384555767884,600,32,116,252,0,0,0,390,infectious,149
20.209622273033407,599,33,116,252,0,0,0,391,infection,312
20.211451236406297,598,34,116,252,0,0,0,392,infection,942
20.218443563513212,598,34,115,253,0,0,0,392,recovery,824
20.235197382691346,598,33,116,253,0,0,0,392,infectious,433
20.24777112110336,598,32,117,253,0,0,0,392,infectious,955
20.25097780916175,598,32,116,254,0,0,0,392,recovery,149
20.256710660063447,598,32,115,255,0,0,0,392,recovery,878
20.264533878193493,597,33,115,255,0,0,0,393,infection,921
20.266214179307656,596,34,115,255,0,0,0,394,infection,97
20.268972235369937,595,35,115,255,0,0,0,395,infection,269
20.271967113324717,595,34,116,255,0,0,0,395,infectious,288
20.289523212788943,595,34,115,256,0,0,0,395,recovery,676
20.295763973845222,595,33,116,256,0,0,0,395,infectious,934
20.301285409247487,595,33,115,257,0,0,0,395,recovery,902
20.306952787405656,595,32,116,257,0,0,0,395,infectious,890
20.316667197141314,595,32,115,258,0,0,0,395,recovery,688
20.32571223218365,595,32,114,259,0,0,0,395,recovery,239
20.32765855931256,594,33,114,259,0,0,0,396,infection,73
20.342198977473938,594,33,113,260,0,0,0,396,recovery,443
20.344765655166032,594,33,112,261,0,0,0,396,recovery,225
20.364218123551648,594,32,113,261,0,0,0,396,infectious,312
20.371158927295898,594,32,112,262,0,0,0,396,recovery,889
20.37443040334446,594,32,111,263,0,0,0,396,recovery,393
20.40278747049808,594,31,112,263,0,0,0,396,infectious,269
20.405038622657514,594,30,113,263,0,0,0,396,infectious,566
20.42116336921121,593,31,113,263,0,0,0,397,infection,583
20.425127118823166,593,31,112,264,0,0,0,397,recovery,275
20.451016238158623,592,32,112,264,0,0,0,398,infection,105
20.454413692838642,592,32,111,265,0,0,0,398,recovery,462
20.46234081409471,591,33,111,265,0,0,0,399,infection,137
20.474562251547372,590,34,111,265,0,0,0,400,infection,672
20.49457820767163,589,35,111,265,0,0,0,401,infection,463
20.502263754374013,589,35,110,266,0,0,0,401,recovery,59
20.502463265018818,589,34,111,266,0,0,0,401,infectious,838
20.508634668220786,589,34,110,267,0,0,0,401,recovery,838
20.509657480771402,589,34,109,268,0,0,0,401,recovery,570
20.534805972672224,589,33,110,268,0,0,0,401,infectious,888
20.54937461660139,589,32,111,268,0,0,0,401,infectious,97
20.55225634458108,589,32,110,269,0,0,0,401,recovery,74
20.582633012377865,588,33,110,269,0,0,0,402,infection,325
20.59162812957169,588,32,111,269,0,0,0,402,infectious,206
20.619967160270352,588,32,110,270,0,0,0,402,recovery,378
20.62091798976086,588,32,109,271,0,0,0,402,recovery,213
20.650007503549407,588,31,110,271,0,0,0,402,infectious,814
20.66820748196766,587,32,110,271,0,0,0,403,infection,737
20.669637520747667,586,33,110,271,0,0,0,404,infection,960
20.674044548117966,585,34,110,271,0,0,0,405,infection,57
20.678179028461834,585,33,111,271,0,0,0,405,infectious,812
20.679004601271895,584,34,111,271,0,0,0,406,infection,195
20.700738978876682,584,34,110,272,0,0,0,406,recovery,109
20.704123195686257,584,34,109,273,0,0,0,406,recovery,304
20.707838701805194,584,34,108,274,0,0,0,406,recovery,95
20.727758077445706,583,35,108,274,0,0,0,407,infection,821
20.728830618112813,582,36,108,274,0,0,0,408,infection,945
20.7294390566697,582,35,109,274,0,0,0,408,infectious,136
20.740232514886483,582,35,108,275,0,0,0,408,recovery,488
20.761811631492275,582,35,107,276,0,0,0,408,recovery,748
20.771697037891194,581,36,107,276,0,0,0,409,infection,173
20.772288118974828,581,36,106,277,0,0,0,409,recovery,235
20.786424358942643,580,37,106,277,0,0,0,410,infection,63
20.787152720478765,579,38,106,277,0,0,0,411,infection,165
20.799083979141205,578,39,106,277,0,0,0,412,infection,58
20.801716044843936,578,39,105,278,0,0,0,412,recovery,270
20.80832265375911,577,40,105,278,0,0,0,413,infection,694
20.8192390854951,577,39,106,278,0,0,0,413,infectious,165
20.863220823494075,577,38,107,278,0,0,0,413,infectious,622
20.870682554362503,577,38,106,279,0,0,0,413,recovery,791
20.881992318026455,577,38,105,280,0,0,0,413,recovery,892
20.88903573095931,577,38,104,281,0,0,0,413,recovery,453
20.90156147771704,577,38,103,282,0,0,0,413,recovery,423
20.912027325041763,576,39,103,282,0,0,0,414,infection,638
20.929591816395078,575,40,103,282,0,0,0,415,infection,427
20.947958108262554,575,40,102,283,0,0,0,415,recovery,796
20.94947633567563,574,41,102,283,0,0,0,416,infection,472
20.96601446640784,574,40,103,283,0,0,0,416,infectious,342
20.970753820215307,574,40,102,284,0,0,0,416,recovery,859
20.974709794804948,574,39,103,284,0,0,0,416,infectious,57
20.98328773920359,574,39,102,285,0,0,0,416,recovery,172
20.99027772037606,573,40,102,285,0,0,0,417,infection,871
21.00120357191607,573,39,103,285,0,0,0,417,infectious,763
21.00518172909737,573,38,104,285,0,0,0,417,infectious,699
21.01215925844782,573,38,103,286,0,0,0,417,recovery,136
21.048513691913545,573,37,104,286,0,0,0,417,infectious,871
21.056555319337992,573,36,105,286,0,0,0,417,infectious,58
21.0773349540044,573,36,104,287,0,0,0,417,recovery,143
21.128832928418294,572,37,104,287,0,0,0,418,infection,731
21.133928377133703,572,37,103,288,0,0,0,418,recovery,228
21.137328418853993,571,38,103,288,0,0,0,419,infection,184
21.143058542018455,571,37,104,288,0,0,0,419,infectious,427
21.16280710650721,570,38,104,288,0,0,0,420,infection,479
21.171094173349186,570,38,103,289,0,0,0,420,recovery,693
21.177465559706025,570,38,102,290,0,0,0,420,recovery,206
21.191802263805503,569,39,102,290,0,0,0,421,infection,810
21.195623366837328,569,38,103,290,0,0,0,421,infectious,550
21.228033949221683,569,37,104,290,0,0,0,421,infectious,583
21.237752429861427,569,36,105,290,0,0,0,421,infectious,364
21.242264181462247,568,37,105,290,0,0,0,422,infection,787
21.24594321759542,567,38,105,290,0,0,0,423,infection,875
21.251001544139577,567,38,104,291,0,0,0,423,recovery,809
21.26309310181933,567,38,103,292,0,0,0,423,recovery,351
21.263859817793005,567,37,104,292,0,0,0,423,infectious,475
21.280850367137507,567,36,105,292,0,0,0,423,infectious,184
21.300890460110317,567,36,104,293,0,0,0,423,recovery,795
21.319465486187777,567,36,103,294,0,0,0,423,recovery,888
21.32740758581988,567,35,104,294,0,0,0,423,infectious,137
21.3431382516286,567,35,103,295,0,0,0,423,recovery,622
21.35762566162806,566,36,103,295,0,0,0,424,infection,9
21.360357546444632,566,35,104,295,0,0,0,424,infectious,105
21.364230977680098,565,36,104,295,0,0,0,425,infection,807
21.364978300290986,565,36,103,296,0,0,0,425,recovery,574
21.366923110799117,564,37,103,296,0,0,0,426,infection,769
21.37053907833296,563,38,103,296,0,0,0,427,infection,277
21.37287861731271,563,38,102,297,0,0,0,427,recovery,475
21.378998040015198,562,39,102,297,0,0,0,428,infection,156
21.38484017909049,562,39,101,298,0,0,0,428,recovery,132
21.392608703041734,562,38,102,298,0,0,0,428,infectious,277
21.404791119568483,562,37,103,298,0,0,0,428,infectious,463
21.416434314186205,562,37,102,299,0,0,0,428,recovery,230
21.42886503034025,562,36,103,299,0,0,0,428,infectious,945
21.43843338265593,562,35,104,299,0,0,0,428,infectious,942
21.44066563410442,561,36,104,299,0,0,0,429,infection,111
21.442339802212626,561,35,105,299,0,0,0,429,infectious,769
21.448942095452395,561,35,104,300,0,0,0,429,recovery,780
21.4497165526418,561,35,103,301,0,0,0,429,recovery,446
21.45382991229162,561,34,104,301,0,0,0,429,infectious,921
21.460694564176258,560,35,104,301,0,0,0,430,infection,71
21.496166616275875,559,36,104,301,0,0,0,431,infection,86
21.49780433009035,559,36,103,302,0,0,0,431,recovery,276
21.513460473726077,558,37,103,302,0,0,0,432,infection,117
21.513639009481174,558,36,104,302,0,0,0,432,infectious,9
21.518360878112844,558,35,105,302,0,0,0,432,infectious,73
21.53390248895673,558,35,104,303,0,0,0,432,recovery,900
21.536818917731214,558,35,103,304,0,0,0,432,recovery,56
21.556060984193554,558,34,104,304,0,0,0,432,infectious,494
21.57516503497185,558,33,105,304,0,0,0,432,infectious,156
21.576331032224754,557,34,105,304,0,0,0,433,infection,305
21.582084625712596,557,33,106,304,0,0,0,433,infectious,63
21.58772089793982,556,34,106,304,0,0,0,434,infection,491
21.599815429121577,556,33,107,304,0,0,0,434,infectious,325
21.60601017972366,555,34,107,304,0,0,0,435,infection,360
21.629664376568034,555,33,108,304,0,0,0,435,infectious,730
21.63022603601942,555,33,107,305,0,0,0,435,recovery,75
21.632424198623433,555,33,106,306,0,0,0,435,recovery,325
21.64841297820618,555,32,107,306,0,0,0,435,infectious,672
21.65350799823742,554,33,107,306,0,0,0,436,infection,248
21.68952338440577,553,34,107,306,0,0,0,437,infection,644
21.712561094732603,553,33,108,306,0,0,0,437,infectious,379
21.720475053947847,552,34,108,306,0,0,0,438,infection,23
21.72576826475297,552,34,107,307,0,0,0,438,recovery,629
21.755614516281238,552,33,108,307,0,0,0,438,infectious,173
21.776038126504012,552,32,109,307,0,0,0,438,infectious,320
21.79040731283812,552,32,108,308,0,0,0,438,recovery,871
21.800273574598634,551,33,108,308,0,0,0,439,infection,527
21.821636381636804,551,33,107,309,0,0,0,439,recovery,63
21.840941418264435,551,32,108,309,0,0,0,439,infectious,985
21.843781749363107,551,32,107,310,0,0,0,439,recovery,312
21.844680725705178,551,32,106,311,0,0,0,439,recovery,496
21.874807214831016,551,32,105,312,0,0,0,439,recovery,342
21.880929695284305,551,31,106,312,0,0,0,439,infectious,875
21.881525640967975,550,32,106,312,0,0,0,440,infection,285
21.900416726302435,549,33,106,312,0,0,0,441,infection,830
21.902094311035476,548,34,106,312,0,0,0,442,infection,120
21.91474523506612,548,33,107,312,0,0,0,442,infectious,737
21.929754584962048,548,33,106,313,0,0,0,442,recovery,444
21.931503109030373,548,32,107,313,0,0,0,442,infectious,23
21.942318967463933,548,31,108,313,0,0,0,442,infectious,648
21.956824497563236,548,30,109,313,0,0,0,442,infectious,491
21.95995142682523,547,31,109,313,0,0,0,443,infection,363
21.974967601669434,547,31,108,314,0,0,0,443,recovery,812
21.980545589339613,546,32,108,314,0,0,0,444,infection,233
21.987647076992655,546,32,107,315,0,0,0,444,recovery,942
21.99593089296877,546,31,108,315,0,0,0,444,infectious,787
22.0150581499282,545,32,108,315,0,0,0,445,infection,759
22.015364093778338,545,32,107,316,0,0,0,445,recovery,507
22.07485027720879,545,32,106,317,0,0,0,445,recovery,169
22.078401035753718,545,31,107,317,0,0,0,445,infectious,248
22.0824459845008,544,32,107,317,0,0,0,446,infection,470
22.096056348758836,543,33,107,317,0,0,0,447,infection,340
22.141122837447572,542,34,107,317,0,0,0,448,infection,345
22.145896840915892,541,35,107,317,0,0,0,449,infection,922
22.163211498221077,540,36,107,317,0,0,0,450,infection,956
22.16469327269391,539,37,107,317,0,0,0,451,infection,20
22.182148001650535,539,36,108,317,0,0,0,451,infectious,410
22.1837699989718,539,35,109,317,0,0,0,451,infectious,956
22.20879515608297,539,34,110,317,0,0,0,451,infectious,233
22.22098773498851,538,35,110,317,0,0,0,452,infection,27
22.248198987279405,537,36,110,317,0,0,0,453,infection,332
22.251562927008276,537,35,111,317,0,0,0,453,infectious,363
22.28223768441418,537,34,112,317,0,0,0,453,infectious,807
22.318742270923835,537,34,111,318,0,0,0,453,recovery,288
22.320859782357616,537,33,112,318,0,0,0,453,infectious,638
22.328596658000503,536,34,112,318,0,0,0,454,infection,114
22.332413867696037,536,33,113,318,0,0,0,454,infectious,640
22.33524584731715,536,32,114,318,0,0,0,454,infectious,71
22.357121978387024,536,31,115,318,0,0,0,454,infectious,731
22.3818408613164,536,31,114,319,0,0,0,454,recovery,638
22.39453699650001,535,32,114,319,0,0,0,455,infection,658
22.396214448223628,534,33,114,319,0,0,0,456,infection,977
22.40124126214574,534,32,115,319,0,0,0,456,infectious,117
22.40162329813691,533,33,115,319,0,0,0,457,infection,460
22.413846007769905,533,33,114,320,0,0,0,457,recovery,870
22.420301139935134,532,34,114,320,0,0,0,458,infection,828
22.44060798416319,531,35,114,320,0,0,0,459,infection,469
22.446013118332214,530,36,114,320,0,0,0,460,infection,476
22.451582350845097,530,35,115,320,0,0,0,460,infectious,802
22.45609726122741,530,34,116,320,0,0,0,460,infectious,20
22.46315779028896,530,34,115,321,0,0,0,460,recovery,178
22.464904287569787,530,33,116,321,0,0,0,460,infectious,830
22.47896700613116,530,32,117,321,0,0,0,460,infectious,479
22.49102725234254,530,32,116,322,0,0,0,460,recovery,829
22.49377706198989,530,31,117,322,0,0,0,460,infectious,331
22.496210557094898,530,31,116,323,0,0,0,460,recovery,890
22.517852461158906,530,30,117,323,0,0,0,460,infectious,977
22.525326018265012,530,29,118,323,0,0,0,460,infectious,27
22.525817128275275,530,29,117,324,0,0,0,460,recovery,851
22.526861503377766,529,30,117,324,0,0,0,461,infection,96
22.54041888404851,529,30,116,325,0,0,0,461,recovery,491
22.543851101856983,528,31,116,325,0,0,0,462,infection,911
22.561491142083288,528,31,115,326,0,0,0,462,recovery,716
22.569638265550648,528,31,114,327,0,0,0,462,recovery,363
22.574748790533462,527,32,114,327,0,0,0,463,infection,61
22.57934073118706,527,32,113,328,0,0,0,463,recovery,364
22.58776451721648,526,33,113,328,0,0,0,464,infection,326
22.593702271323316,526,33,112,329,0,0,0,464,recovery,568
22.610933401704163,526,32,113,329,0,0,0,464,infectious,332
22.61997399746921,526,32,112,330,0,0,0,464,recovery,498
22.66281827093472,526,31,113,330,0,0,0,464,infectious,768
22.66555023925678,525,32,113,330,0,0,0,465,infection,33
22.67429260883416,525,32,112,331,0,0,0,465,recovery,537
22.702046984188662,524,33,112,331,0,0,0,466,infection,79
22.710772789793996,524,32,113,331,0,0,0,466,infectious,13
22.72358894315317,524,32,112,332,0,0,0,466,recovery,401
22.726524003992754,523,33,112,332,0,0,0,467,infection,551
22.73219757565257,522,34,112,332,0,0,0,468,infection,383
22.794510200190786,522,33,113,332,0,0,0,468,infectious,86
22.79511722958602,522,32,114,332,0,0,0,468,infectious,120
22.819099151583337,521,33,114,332,0,0,0,469,infection,36
22.846011078774016,520,34,114,332,0,0,0,470,infection,885
22.863436826929213,520,33,115,332,0,0,0,470,infectious,658
22.867113058010947,519,34,115,332,0,0,0,471,infection,515
22.904480483170847,519,33,116,332,0,0,0,471,infectious,114
22.914588341702803,519,33,115,333,0,0,0,471,recovery,234
22.922202315468606,518,34,115,333,0,0,0,472,infection,94
22.931513957456726,518,34,114,334,0,0,0,472,recovery,27
22.943939583058278,517,35,114,334,0,0,0,473,infection,237
22.9560843423079,517,34,115,334,0,0,0,473,infectious,94
22.993161501447588,517,33,116,334,0,0,0,473,infectious,885
22.994411086546634,517,32,117,334,0,0,0,473,infectious,911
22.996935315104263,517,31,118,334,0,0,0,473,infectious,345
23.00678521382484,516,32,118,334,0,0,0,474,infection,121
23.01604079627302,515,33,118,334,0,0,0,475,infection,72
23.01813657796836,515,33,117,335,0,0,0,475,recovery,286
23.027376162384492,515,33,116,336,0,0,0,475,recovery,156
23.037591569005897,515,32,117,336,0,0,0,475,infectious,383
23.041751244414723,515,31,118,336,0,0,0,475,infectious,340
23.058936429956038,514,32,118,336,0,0,0,476,infection,334
23.073158265845354,514,32,117,337,0,0,0,476,recovery,742
23.083911807020524,514,31,118,337,0,0,0,476,infectious,334
23.088595104805478,514,31,117,338,0,0,0,476,recovery,331
23.092627338129958,514,31,116,339,0,0,0,476,recovery,427
23.09971319703237,513,32,116,339,0,0,0,477,infection,975
23.10234238369992,513,32,115,340,0,0,0,477,recovery,561
23.10235389888138,513,31,116,340,0,0,0,477,infectious,84
23.119113079133722,512,32,116,340,0,0,0,478,infection,984
23.124389574344022,511,33,116,340,0,0,0,479,infection,916
23.133547318102668,511,33,115,341,0,0,0,479,recovery,736
23.137921764283615,511,32,116,341,0,0,0,479,infectious,984
23.152418122114902,511,31,117,341,0,0,0,479,infectious,460
23.16558016446254,511,31,116,342,0,0,0,479,recovery,345
23.1906100202782,511,31,115,343,0,0,0,479,recovery,439
23.191551246239317,510,32,115,343,0,0,0,480,infection,519
23.200173670066796,510,32,114,344,0,0,0,480,recovery,137
23.22912127358624,510,32,113,345,0,0,0,480,recovery,273
23.23434749070641,509,33,113,345,0,0,0,481,infection,760
23.251530621570097,509,33,112,346,0,0,0,481,recovery,776
23.26933798494305,509,32,113,346,0,0,0,481,infectious,922
23.275533234690716,509,31,114,346,0,0,0,481,infectious,828
23.29502885562617,509,31,113,347,0,0,0,481,recovery,5
23.299163179592256,509,31,112,348,0,0,0,481,recovery,183
23.301075073095767,509,31,111,349,0,0,0,481,recovery,853
23.303155364149536,509,30,112,349,0,0,0,481,infectious,527
23.3136564697273,509,30,111,350,0,0,0,481,recovery,415
23.321280291980827,509,29,112,350,0,0,0,481,infectious,61
23.348421375154516,509,29,111,351,0,0,0,481,recovery,433
23.355721609835008,509,29,110,352,0,0,0,481,recovery,550
23.40128087794224,509,29,109,353,0,0,0,481,recovery,16
23.429171409208756,508,30,109,353,0,0,0,482,infection,893
23.481717025574895,508,30,108,354,0,0,0,482,recovery,527
23.48531560581035,508,30,107,355,0,0,0,482,recovery,189
23.485618467687413,508,30,106,356,0,0,0,482,recovery,984
23.49224488356202,508,29,107,356,0,0,0,482,infectious,551
23.49475313097266,508,28,108,356,0,0,0,482,infectious,821
23.52211352777531,508,28,107,357,0,0,0,482,recovery,905
23.522341395074328,507,29,107,357,0,0,0,483,infection,850
23.537952319637327,507,28,108,357,0,0,0,483,infectious,360
23.548053033310392,506,29,108,357,0,0,0,484,infection,192
23.560039880906082,505,30,108,357,0,0,0,485,infection,552
23.574121119257963,504,31,108,357,0,0,0,486,infection,486
23.580011885895654,504,31,107,358,0,0,0,486,recovery,117
23.580433188354466,504,31,106,359,0,0,0,486,recovery,201
23.581747752595003,504,31,105,360,0,0,0,486,recovery,814
23.602610032118474,503,32,105,360,0,0,0,487,infection,732
23.612562233487008,503,32,104,361,0,0,0,487,recovery,73
23.616105128205177,503,31,105,361,0,0,0,487,infectious,470
23.622049601290644,503,31,104,362,0,0,0,487,recovery,987
23.629633092393735,503,31,103,363,0,0,0,487,recovery,277
23.63223918635491,503,30,104,363,0,0,0,487,infectious,916
23.643583162811847,503,29,105,363,0,0,0,487,infectious,326
23.644421800405546,502,30,105,363,0,0,0,488,infection,292
23.6458507933921,501,31,105,363,0,0,0,489,infection,6
23.652204713147132,501,30,106,363,0,0,0,489,infectious,960
23.660917407741422,501,30,105,364,0,0,0,489,recovery,279
23.666559358042402,501,30,104,365,0,0,0,489,recovery,340
23.667583592583345,500,31,104,365,0,0,0,490,infection,792
23.712411654670372,499,32,104,365,0,0,0,491,infection,666
23.71290835320079,498,33,104,365,0,0,0,492,infection,950
23.715744242243037,498,32,105,365,0,0,0,492,infectious,195
23.719121038899047,498,31,106,365,0,0,0,492,infectious,759
23.726580436830314,497,32,106,365,0,0,0,493,infection,212
23.74800493849558,496,33,106,365,0,0,0,494,infection,426
23.766081994255853,495,34,106,365,0,0,0,495,infection,333
23.76727752444756,495,33,107,365,0,0,0,495,infectious,79
23.771697102590146,495,33,106,366,0,0,0,495,recovery,382
23.78389060415315,495,32,107,366,0,0,0,495,infectious,305
23.784726451031585,495,32,106,367,0,0,0,495,recovery,84
23.801518921456253,495,31,107,367,0,0,0,495,infectious,950
23.80162822314904,495,30,108,367,0,0,0,495,infectious,732
23.82255238709308,495,30,107,368,0,0,0,495,recovery,885
23.832442941270557,495,30,106,369,0,0,0,495,recovery,23
23.84085975837503,495,30,105,370,0,0,0,495,recovery,689
23.851275715315104,495,30,104,371,0,0,0,495,recovery,195
23.85837950078488,494,31,104,371,0,0,0,496,infection,458
23.92763060383499,493,32,104,371,0,0,0,497,infection,298
23.93543751938957,493,32,103,372,0,0,0,497,recovery,787
23.94946309914717,493,32,102,373,0,0,0,497,recovery,501
23.96081494918012,492,33,102,373,0,0,0,498,infection,251
23.98037429606651,492,32,103,373,0,0,0,498,infectious,472
23.98257459263693,491,33,103,373,0,0,0,499,infection,65
24.001205033440616,491,32,104,373,0,0,0,499,infectious,6
24.00306355678579,491,31,105,373,0,0,0,499,infectious,111
24.024467904139495,491,30,106,373,0,0,0,499,infectious,192
24.029361374998068,491,30,105,374,0,0,0,499,recovery,463
24.031884124262398,490,31,105,374,0,0,0,500,infection,35
24.034774721522496,490,30,106,374,0,0,0,500,infectious,121
24.039276345378013,490,30,105,375,0,0,0,500,recovery,699
24.039388053553314,489,31,105,375,0,0,0,501,infection,585
24.07761091314151,489,31,104,376,0,0,0,501,recovery,57
24.09389341143682,489,31,103,377,0,0,0,501,recovery,830
24.119016770060373,488,32,103,377,0,0,0,502,infection,425
24.12735543896862,488,32,102,378,0,0,0,502,recovery,768
24.13835103404302,488,31,103,378,0,0,0,502,infectious,760
24.174718560893623,488,30,104,378,0,0,0,502,infectious,850
24.182502077525847,488,30,103,379,0,0,0,502,recovery,931
24.18651445080134,488,30,102,380,0,0,0,502,recovery,241
24.23675467206655,488,29,103,380,0,0,0,502,infectious,792
24.23766072354353,488,28,104,380,0,0,0,502,infectious,694
24.257088797255626,488,28,103,381,0,0,0,502,recovery,921
24.262507365520765,488,27,104,381,0,0,0,502,infectious,469
24.28013724354887,488,26,105,381,0,0,0,502,infectious,585
24.301568255043023,488,26,104,382,0,0,0,502,recovery,794
24.339780307600535,488,25,105,382,0,0,0,502,infectious,666
24.342111391967126,488,24,106,382,0,0,0,502,infectious,426
24.352232909683007,488,24,105,383,0,0,0,502,recovery,114
24.373075175718974,487,25,105,383,0,0,0,503,infection,257
24.382010245285556,487,25,104,384,0,0,0,503,recovery,551
24.395005304020522,487,25,103,385,0,0,0,503,recovery,590
24.39934882465477,486,26,103,385,0,0,0,504,infection,307
24.405980492402556,486,25,104,385,0,0,0,504,infectious,486
24.408980594437754,486,24,105,385,0,0,0,504,infectious,307
24.423863839731744,486,24,104,386,0,0,0,504,recovery,956
24.426945435908745,485,25,104,386,0,0,0,505,infection,186
24.47857513790277,485,24,105,386,0,0,0,505,infectious,458
24.49239018302328,485,23,106,386,0,0,0,505,infectious,333
24.495973373835202,485,23,105,387,0,0,0,505,recovery,305
24.501886945576615,485,23,104,388,0,0,0,505,recovery,9
24.51270926262079,485,22,105,388,0,0,0,505,infectious,292
24.524585977584344,485,21,106,388,0,0,0,505,infectious,285
24.53924336453655,485,21,105,389,0,0,0,505,recovery,711
24.554091460973147,485,21,104,390,0,0,0,505,recovery,700
24.561201730471254,484,22,104,390,0,0,0,506,infection,381
24.577599317171142,484,21,105,390,0,0,0,506,infectious,35
24.590875374723662,483,22,105,390,0,0,0,507,infection,207
24.594928742686903,483,21,106,390,0,0,0,507,infectious,65
24.62954325028265,483,20,107,390,0,0,0,507,infectious,476
24.664593623975573,483,20,106,391,0,0,0,507,recovery,540
24.70123525884763,483,20,105,392,0,0,0,507,recovery,479
24.77472447556741,482,21,105,392,0,0,0,508,infection,361
24.776503910671167,482,20,106,392,0,0,0,508,infectious,96
24.778210453302616,481,21,106,392,0,0,0,509,infection,319
24.782390323962744,480,22,106,392,0,0,0,510,infection,625
24.788495506380556,480,22,105,393,0,0,0,510,recovery,105
24.823775521472047,479,23,105,393,0,0,0,511,infection,373
24.827999680351937,479,23,104,394,0,0,0,511,recovery,333
24.84444866915741,478,24,104,394,0,0,0,512,infection,865
24.8542333639434,478,24,103,395,0,0,0,512,recovery,731
24.866482161621963,477,25,103,395,0,0,0,513,infection,133
24.876363859997458,476,26,103,395,0,0,0,514,infection,350
24.936942269117047,476,25,104,395,0,0,0,514,infectious,893
24.94693849618023,476,25,103,396,0,0,0,514,recovery,505
24.950381027263788,476,25,102,397,0,0,0,514,recovery,65
24.954366419762053,475,26,102,397,0,0,0,515,infection,357
24.983220947500975,475,25,103,397,0,0,0,515,infectious,350
24.984530159865557,474,26,103,397,0,0,0,516,infection,639
24.98737961229475,474,25,104,397,0,0,0,516,infectious,133
24.990000501512114,474,24,105,397,0,0,0,516,infectious,357
24.99670085824219,474,24,104,398,0,0,0,516,recovery,184
25.008795524727674,474,23,105,398,0,0,0,516,infectious,519
25.047226749150308,473,24,105,398,0,0,0,517,infection,43
25.05134221712066,473,24,104,399,0,0,0,517,recovery,20
25.05621994643453,472,25,104,399,0,0,0,518,infection,581
25.060183021839,472,24,105,399,0,0,0,518,infectious,72
25.063658092950185,471,25,105,399,0,0,0,519,infection,200
25.065334411845114,471,25,104,400,0,0,0,519,recovery,486
25.07976741215342,471,25,103,401,0,0,0,519,recovery,730
25.10000996424617,470,26,103,401,0,0,0,520,infection,912
25.11610744463718,469,27,103,401,0,0,0,521,infection,405
25.11685044498172,468,28,103,401,0,0,0,522,infection,903
25.12467758079103,468,28,102,402,0,0,0,522,recovery,648
25.127021079307536,468,27,103,402,0,0,0,522,infectious,975
25.127428970779484,467,28,103,402,0,0,0,523,infection,28
25.172509918777564,467,27,104,402,0,0,0,523,infectious,644
25.175369884750275,467,27,103,403,0,0,0,523,recovery,292
25.187653866143624,467,26,104,403,0,0,0,523,infectious,515
25.197232262221366,466,27,104,403,0,0,0,524,infection,437
25.198519747781216,466,26,105,403,0,0,0,524,infectious,361
25.21327867628606,465,27,105,403,0,0,0,525,infection,565
25.226758621493815,464,28,105,403,0,0,0,526,infection,682
25.259460371481914,464,28,104,404,0,0,0,526,recovery,383
25.269508770317547,463,29,104,404,0,0,0,527,infection,406
25.27979854495101,462,30,104,404,0,0,0,528,infection,895
25.30127725316706,461,31,104,404,0,0,0,529,infection,728
25.339356892150455,460,32,104,404,0,0,0,530,infection,22
25.351696454188648,460,31,105,404,0,0,0,530,infectious,865
25.355182430782392,460,30,106,404,0,0,0,530,infectious,406
25.366233198722604,460,29,107,404,0,0,0,530,infectious,257
25.371858979428755,460,28,108,404,0,0,0,530,infectious,298
25.382683948309793,460,27,109,404,0,0,0,530,infectious,565
25.409048753891103,460,26,110,404,0,0,0,530,infectious,903
25.424795460368745,460,26,109,405,0,0,0,530,recovery,649
25.439104859972176,460,26,108,406,0,0,0,530,recovery,173
25.45478867828251,460,26,107,407,0,0,0,530,recovery,596
25.472760855254798,460,26,106,408,0,0,0,530,recovery,97
25.480618524980024,460,26,105,409,0,0,0,530,recovery,406
25.491946391984765,460,26,104,410,0,0,0,530,recovery,71
25.497018464002714,460,25,105,410,0,0,0,530,infectious,552
25.555464951898013,460,24,106,410,0,0,0,530,infectious,381
25.56849199456565,460,24,105,411,0,0,0,530,recovery,985
25.581651482250106,459,25,105,411,0,0,0,531,infection,263
25.58880960037008,459,25,104,412,0,0,0,531,recovery,924
25.59238512158836,459,24,105,412,0,0,0,531,infectious,43
25.598111242786725,458,25,105,412,0,0,0,532,infection,34
25.638473446327648,458,25,104,413,0,0,0,532,recovery,759
25.658784356782228,458,25,103,414,0,0,0,532,recovery,334
25.658910764226636,458,24,104,414,0,0,0,532,infectious,625
25.684436578275655,458,23,105,414,0,0,0,532,infectious,263
25.698021533783773,457,24,105,414,0,0,0,533,infection,863
25.7001007660527,457,23,106,414,0,0,0,533,infectious,207
25.704622078757556,457,22,107,414,0,0,0,533,infectious,581
25.705410844097752,457,22,106,415,0,0,0,533,recovery,307
25.719823593313873,457,21,107,415,0,0,0,533,infectious,895
25.72659596175137,457,21,106,416,0,0,0,533,recovery,337
25.741611541542856,457,21,105,417,0,0,0,533,recovery,357
25.747208100358716,457,21,104,418,0,0,0,533,recovery,476
25.751436337236612,457,21,103,419,0,0,0,533,recovery,96
25.75231076793717,457,21,102,420,0,0,0,533,recovery,361
25.75749068386986,457,20,103,420,0,0,0,533,infectious,237
25.766964429353045,456,21,103,420,0,0,0,534,infection,408
25.774749854151874,455,22,103,420,0,0,0,535,infection,618
25.8264905126429,455,22,102,421,0,0,0,535,recovery,732
25.84756541677784,454,23,102,421,0,0,0,536,infection,778
25.849808922811366,454,22,103,421,0,0,0,536,infectious,728
25.86308218358745,453,23,103,421,0,0,0,537,infection,938
25.879492290820817,452,24,103,421,0,0,0,538,infection,904
25.898407196487746,452,24,102,422,0,0,0,538,recovery,764
25.908215704469097,452,23,103,422,0,0,0,538,infectious,186
25.927976041117937,452,22,104,422,0,0,0,538,infectious,618
25.95141979776806,452,21,105,422,0,0,0,538,infectious,938
25.960974999733594,452,20,106,422,0,0,0,538,infectious,34
25.97257753137419,451,21,106,422,0,0,0,539,infection,203
26.003615068742235,451,21,105,423,0,0,0,539,recovery,552
26.00404889106848,451,21,104,424,0,0,0,539,recovery,918
26.006668704708662,451,20,105,424,0,0,0,539,infectious,28
26.030538902599186,451,20,104,425,0,0,0,539,recovery,548
26.042828483574088,451,19,105,425,0,0,0,539,infectious,437
26.052697440378747,450,20,105,425,0,0,0,540,infection,42
26.06534228431941,450,19,106,425,0,0,0,540,infectious,810
26.077222846828818,450,18,107,425,0,0,0,540,infectious,863
26.085035208715883,450,17,108,425,0,0,0,540,infectious,33
26.08542488789555,450,17,107,426,0,0,0,540,recovery,94
26.08597622225167,450,17,106,427,0,0,0,540,recovery,34
26.096937093467755,449,18,106,427,0,0,0,541,infection,402
26.14774327919383,448,19,106,427,0,0,0,542,infection,965
26.154047414919738,447,20,106,427,0,0,0,543,infection,231
26.165448610468513,446,21,106,427,0,0,0,544,infection,600
26.16959286835173,446,20,107,427,0,0,0,544,infectious,373
26.177874725086784,446,19,108,427,0,0,0,544,infectious,231
26.212592078975668,445,20,108,427,0,0,0,545,infection,980
26.24613648910733,445,20,107,428,0,0,0,545,recovery,410
26.256360744144764,445,19,108,428,0,0,0,545,infectious,319
26.258018471020407,445,19,107,429,0,0,0,545,recovery,893
26.283592434855837,445,18,108,429,0,0,0,545,infectious,408
26.292055014285665,445,18,107,430,0,0,0,545,recovery,1
26.29646700185087,445,18,106,431,0,0,0,545,recovery,760
26.322742530999705,444,19,106,431,0,0,0,546,infection,718
26.34623331216524,443,20,106,431,0,0,0,547,infection,784
26.37255335004036,442,21,106,431,0,0,0,548,infection,336
26.38798013206375,442,21,105,432,0,0,0,548,recovery,960
26.40076064213182,441,22,105,432,0,0,0,549,infection,775
26.408684176830004,441,21,106,432,0,0,0,549,infectious,904
26.409134649791145,440,22,106,432,0,0,0,550,infection,606
26.411092350421267,440,21,107,432,0,0,0,550,infectious,718
26.42651526236693,440,20,108,432,0,0,0,550,infectious,425
26.443505674621843,440,19,109,432,0,0,0,550,infectious,775
26.45282093951549,440,19,108,433,0,0,0,550,recovery,651
26.459264012547234,439,20,108,433,0,0,0,551,infection,747
26.480562922683824,439,20,107,434,0,0,0,551,recovery,945
26.506847449909213,438,21,107,434,0,0,0,552,infection,473
26.507267098645478,438,21,106,435,0,0,0,552,recovery,955
26.522114624817323,437,22,106,435,0,0,0,553,infection,523
26.524976892266164,437,22,105,436,0,0,0,553,recovery,644
26.543398769143085,437,21,106,436,0,0,0,553,infectious,200
26.546748802871264,436,22,106,436,0,0,0,554,infection,961
26.562835519585803,436,22,105,437,0,0,0,554,recovery,370
26.575035677035856,435,23,105,437,0,0,0,555,infection,297
26.605370387792988,435,23,104,438,0,0,0,555,recovery,76
26.606669325614973,434,24,104,438,0,0,0,556,infection,940
26.633277878138394,434,24,103,439,0,0,0,556,recovery,38
26.634467321320404,433,25,103,439,0,0,0,557,infection,963
26.680873623642075,432,26,103,439,0,0,0,558,infection,719
26.685367385909377,432,26,102,440,0,0,0,558,recovery,24
26.728395274572506,431,27,102,440,0,0,0,559,infection,280
26.737993704377384,431,27,101,441,0,0,0,559,recovery,640
26.75656375708169,431,26,102,441,0,0,0,559,infectious,778
26.782631370369582,431,25,103,441,0,0,0,559,infectious,42
26.804740637748488,431,24,104,441,0,0,0,559,infectious,402
26.818301761804413,431,24,103,442,0,0,0,559,recovery,922
26.82615996999222,431,24,102,443,0,0,0,559,recovery,326
26.848694565866655,431,23,103,443,0,0,0,559,infectious,719
26.86360439175438,431,23,102,444,0,0,0,559,recovery,133
26.875231909852936,430,24,102,444,0,0,0,560,infection,240
26.87735981043141,430,24,101,445,0,0,0,560,recovery,821
26.879351818163887,430,23,102,445,0,0,0,560,infectious,405
26.884623700028587,430,23,101,446,0,0,0,560,recovery,626
26.888544939602376,430,23,100,447,0,0,0,560,recovery,769
26.896665737725275,429,24,100,447,0,0,0,561,infection,294
26.911927397746037,429,23,101,447,0,0,0,561,infectious,963
26.916490849375638,428,24,101,447,0,0,0,562,infection,417
26.9239778581283,428,23,102,447,0,0,0,562,infectious,36
26.95487079324231,428,22,103,447,0,0,0,562,infectious,212
26.96267685549708,428,22,102,448,0,0,0,562,recovery,216
26.97908520477136,428,21,103,448,0,0,0,562,infectious,417
26.982285522689963,427,22,103,448,0,0,0,563,infection,988
26.991549480757875,426,23,103,448,0,0,0,564,infection,660
27.010019985759747,426,23,102,449,0,0,0,564,recovery,903
27.019612924135643,426,22,103,449,0,0,0,564,infectious,203
27.02374904051444,426,22,102,450,0,0,0,564,recovery,296
27.023820459272518,426,21,103,450,0,0,0,564,infectious,639
27.028442986312655,426,20,104,450,0,0,0,564,infectious,965
27.034398866252303,426,19,105,450,0,0,0,564,infectious,600
27.036601302639234,426,19,104,451,0,0,0,564,recovery,519
27.04062920519502,425,20,104,451,0,0,0,565,infection,197
27.04375066306843,425,20,103,452,0,0,0,565,recovery,625
27.049725751227637,425,19,104,452,0,0,0,565,infectious,22
27.083326877089064,424,20,104,452,0,0,0,566,infection,272
27.132408675819274,424,20,103,453,0,0,0,566,recovery,381
27.141902462962694,424,19,104,453,0,0,0,566,infectious,251
27.158751600770202,424,19,103,454,0,0,0,566,recovery,965
27.164877297116874,424,18,104,454,0,0,0,566,infectious,940
27.1720247299538,424,18,103,455,0,0,0,566,recovery,728
27.175208949218614,423,19,103,455,0,0,0,567,infection,662
27.184121182417787,422,20,103,455,0,0,0,568,infection,797
27.19165304356003,422,20,102,456,0,0,0,568,recovery,35
27.1918600822776,421,21,102,456,0,0,0,569,infection,842
27.229183642423575,420,22,102,456,0,0,0,570,infection,81
27.231432493003783,420,22,101,457,0,0,0,570,recovery,118
27.262971180337722,419,23,101,457,0,0,0,571,infection,170
27.269364466103145,419,23,100,458,0,0,0,571,recovery,42
27.273649052878937,419,22,101,458,0,0,0,571,infectious,294
27.273693475805583,418,23,101,458,0,0,0,572,infection,365
27.27471210338477,418,22,102,458,0,0,0,572,infectious,365
27.290458750121005,418,21,103,458,0,0,0,572,infectious,336
27.311009644404454,418,21,102,459,0,0,0,572,recovery,320
27.32430463417487,418,21,101,460,0,0,0,572,recovery,79
27.325595800063628,417,22,101,460,0,0,0,573,infection,480
27.337196665120782,416,23,101,460,0,0,0,574,infection,578
27.33968743775594,415,24,101,460,0,0,0,575,infection,346
27.34067424488182,414,25,101,460,0,0,0,576,infection,833
27.34697646763969,414,24,102,460,0,0,0,576,infectious,833
27.355596957592525,414,23,103,460,0,0,0,576,infectious,988
27.37090900172204,414,22,104,460,0,0,0,576,infectious,578
27.388130580619226,414,22,103,461,0,0,0,576,recovery,593
27.394114491786333,414,21,104,461,0,0,0,576,infectious,912
27.41067546809622,413,22,104,461,0,0,0,577,infection,107
27.412048525019458,413,21,105,461,0,0,0,577,infectious,297
27.41960713017183,413,20,106,461,0,0,0,577,infectious,662
27.445186443772467,413,19,107,461,0,0,0,577,infectious,197
27.45466882342667,413,18,108,461,0,0,0,577,infectious,170
27.45738425593777,412,19,108,461,0,0,0,578,infection,549
27.47228385657512,412,19,107,462,0,0,0,578,recovery,578
27.50155000220157,412,19,106,463,0,0,0,578,recovery,285
27.516390140868985,412,19,105,464,0,0,0,578,recovery,977
27.520911050962294,412,18,106,464,0,0,0,578,infectious,272
27.541585747724376,412,18,105,465,0,0,0,578,recovery,204
27.54571056537517,412,18,104,466,0,0,0,578,recovery,197
27.564528929515145,411,19,104,466,0,0,0,579,infection,421
27.571863189638464,411,18,105,466,0,0,0,579,infectious,523
27.57766219378482,411,18,104,467,0,0,0,579,recovery,863
27.58718250912394,411,17,105,467,0,0,0,579,infectious,280
27.596259461635356,411,17,104,468,0,0,0,579,recovery,33
27.61636866623187,411,17,103,469,0,0,0,579,recovery,336
27.639880030881194,411,17,102,470,0,0,0,579,recovery,469
27.682466474855246,411,16,103,470,0,0,0,579,infectious,107
27.710256153074265,410,17,103,470,0,0,0,580,infection,88
27.730275875092282,410,17,102,471,0,0,0,580,recovery,963
27.750592068799914,410,17,101,472,0,0,0,580,recovery,417
27.758390735940864,410,17,100,473,0,0,0,580,recovery,810
27.773646044171958,410,17,99,474,0,0,0,580,recovery,263
27.777699314808743,410,16,100,474,0,0,0,580,infectious,421
27.783053509632378,410,16,99,475,0,0,0,580,recovery,425
27.86672698213223,409,17,99,475,0,0,0,581,infection,667
27.869013132990265,409,17,98,476,0,0,0,581,recovery,421
27.875704732309522,409,17,97,477,0,0,0,581,recovery,72
27.914764803380585,409,17,96,478,0,0,0,581,recovery,237
27.92514404283091,408,18,96,478,0,0,0,582,infection,124
27.92623246680792,408,17,97,478,0,0,0,582,infectious,124
27.926421655181553,408,17,96,479,0,0,0,582,recovery,58
27.937855216845183,408,17,95,480,0,0,0,582,recovery,719
27.94205992313341,408,17,94,481,0,0,0,582,recovery,470
27.94260217482731,407,18,94,481,0,0,0,583,infection,957
27.98587202388847,407,17,95,481,0,0,0,583,infectious,784
27.995207995230082,406,18,95,481,0,0,0,584,infection,390
28.03359659651587,405,19,95,481,0,0,0,585,infection,343
28.05455974038072,405,19,94,482,0,0,0,585,recovery,332
28.05886306954917,405,18,95,482,0,0,0,585,infectious,606
28.058991301738956,404,19,95,482,0,0,0,586,infection,894
28.063857226843503,404,18,96,482,0,0,0,586,infectious,842
28.066056323019207,404,17,97,482,0,0,0,586,infectious,390
28.068345208803997,404,16,98,482,0,0,0,586,infectious,797
28.117865486017813,403,17,98,482,0,0,0,587,infection,705
28.125008090889313,403,16,99,482,0,0,0,587,infectious,480
28.137283814522117,403,15,100,482,0,0,0,587,infectious,705
28.16881001557469,403,14,101,482,0,0,0,587,infectious,957
28.179530057024902,402,15,101,482,0,0,0,588,infection,642
28.185784338282733,401,16,101,482,0,0,0,589,infection,701
28.20609598301931,401,16,100,483,0,0,0,589,recovery,687
28.21688151482894,401,15,101,483,0,0,0,589,infectious,549
28.2266139195787,401,14,102,483,0,0,0,589,infectious,961
28.24254762125741,401,14,101,484,0,0,0,589,recovery,192
28.312249633364928,400,15,101,484,0,0,0,590,infection,575
28.327383788225234,400,15,100,485,0,0,0,590,recovery,583
28.401148248115813,400,15,99,486,0,0,0,590,recovery,600
28.404144143335188,399,16,99,486,0,0,0,591,infection,7
28.41396204383191,399,16,98,487,0,0,0,591,recovery,618
28.418791461719813,399,16,97,488,0,0,0,591,recovery,36
28.442565871694978,399,15,98,488,0,0,0,591,infectious,7
28.4439678343535,398,16,98,488,0,0,0,592,infection,761
28.468675540556625,398,16,97,489,0,0,0,592,recovery,186
28.49448152514033,397,17,97,489,0,0,0,593,infection,15
28.500824654929517,397,16,98,489,0,0,0,593,infectious,980
28.52118623919894,396,17,98,489,0,0,0,594,infection,49
28.52489695098618,396,16,99,489,0,0,0,594,infectious,575
28.53369774983369,396,15,100,489,0,0,0,594,infectious,88
28.568032954137564,396,15,99,490,0,0,0,594,recovery,233
28.56879687603769,396,15,98,491,0,0,0,594,recovery,705
28.576321855209606,396,15,97,492,0,0,0,594,recovery,460
28.580843694437522,396,14,98,492,0,0,0,594,infectious,894
28.584811217031216,396,14,97,493,0,0,0,594,recovery,28
28.590435278595574,395,15,97,493,0,0,0,595,infection,800
28.62304533875568,395,15,96,494,0,0,0,595,recovery,405
28.627172136436577,395,15,95,495,0,0,0,595,recovery,988
28.649264970539484,394,16,95,495,0,0,0,596,infection,256
28.67256604372045,394,16,94,496,0,0,0,596,recovery,43
28.69173854583601,394,16,93,497,0,0,0,596,recovery,515
28.701296908965027,394,16,92,498,0,0,0,596,recovery,666
28.71671956500037,394,16,91,499,0,0,0,596,recovery,458
28.763235169305553,394,15,92,499,0,0,0,596,infectious,346
28.765656409176568,393,16,92,499,0,0,0,597,infection,495
28.780438188252198,393,15,93,499,0,0,0,597,infectious,682
28.79028867416426,392,16,93,499,0,0,0,598,infection,628
28.795263725019034,391,17,93,499,0,0,0,599,infection,937
28.81438809012064,391,16,94,499,0,0,0,599,infectious,495
28.81905731204867,391,15,95,499,0,0,0,599,infectious,81
28.82260570248238,391,14,96,499,0,0,0,599,infectious,473
28.829498179649697,390,15,96,499,0,0,0,600,infection,558
28.862818657059655,390,15,95,500,0,0,0,600,recovery,494
28.86691013652111,389,16,95,500,0,0,0,601,infection,982
28.88788267032867,389,16,94,501,0,0,0,601,recovery,280
28.896480508537074,388,17,94,501,0,0,0,602,infection,45
28.8987800887289,388,17,93,502,0,0,0,602,recovery,865
28.899952710021832,388,17,92,503,0,0,0,602,recovery,581
28.904789490833902,388,17,91,504,0,0,0,602,recovery,842
28.906195662791724,388,16,92,504,0,0,0,602,infectious,747
28.930199204606794,387,17,92,504,0,0,0,603,infection,196
28.930213661449777,387,17,91,505,0,0,0,603,recovery,373
28.944511415367984,387,17,90,506,0,0,0,603,recovery,124
28.988352461513312,387,16,91,506,0,0,0,603,infectious,937
29.006073673887464,387,16,90,507,0,0,0,603,recovery,665
29.009844896422873,387,15,91,507,0,0,0,603,infectious,660
29.013979779819746,386,16,91,507,0,0,0,604,infection,493
29.024995071985813,386,16,90,508,0,0,0,604,recovery,940
29.03032196478109,386,16,89,509,0,0,0,604,recovery,231
29.074774056400035,386,16,88,510,0,0,0,604,recovery,165
29.107973938133192,385,17,88,510,0,0,0,605,infection,615
29.137737180933684,385,16,89,510,0,0,0,605,infectious,240
29.142376975418063,385,15,90,510,0,0,0,605,infectious,667
29.14450025627175,385,15,89,511,0,0,0,605,recovery,7
29.15173107154374,385,15,88,512,0,0,0,605,recovery,200
29.1599113772653,385,14,89,512,0,0,0,605,infectious,15
29.18193185787994,384,15,89,512,0,0,0,606,infection,44
29.19186543719075,384,14,90,512,0,0,0,606,infectious,800
29.191982493180582,384,14,89,513,0,0,0,606,recovery,828
29.192877320885568,384,13,90,513,0,0,0,606,infectious,343
29.20282346204879,384,13,89,514,0,0,0,606,recovery,718
29.205468541733925,384,13,88,515,0,0,0,606,recovery,950
29.2129242681063,384,13,87,516,0,0,0,606,recovery,694
29.24239378830213,384,13,86,517,0,0,0,606,recovery,833
29.259569441482867,384,12,87,517,0,0,0,606,infectious,493
29.27107286726559,384,12,86,518,0,0,0,606,recovery,800
29.281198171842313,383,13,86,518,0,0,0,607,infection,70
29.28554870917622,383,13,85,519,0,0,0,607,recovery,272
29.29100469909987,383,13,84,520,0,0,0,607,recovery,912
29.3087511025751,383,12,85,520,0,0,0,607,infectious,49
29.336739565311426,383,12,84,521,0,0,0,607,recovery,774
29.35393515100616,382,13,84,521,0,0,0,608,infection,673
29.391061425960846,382,13,83,522,0,0,0,608,recovery,240
29.42945398986433,382,12,84,522,0,0,0,608,infectious,642
29.442057318241563,382,11,85,522,0,0,0,608,infectious,44
29.505619308049766,382,11,84,523,0,0,0,608,recovery,49
29.533116284722386,382,11,83,524,0,0,0,608,recovery,426
29.54148364049112,381,12,83,524,0,0,0,609,infection,217
29.54534184377475,381,12,82,525,0,0,0,609,recovery,938
29.602786516879743,381,12,81,526,0,0,0,609,recovery,13
29.606797205024023,381,12,80,527,0,0,0,609,recovery,86
29.623755673553738,380,13,80,527,0,0,0,610,infection,599
29.65311823990777,380,12,81,527,0,0,0,610,infectious,673
29.66469886743039,380,12,80,528,0,0,0,610,recovery,472
29.68453849732998,380,12,79,529,0,0,0,610,recovery,294
29.732288429335735,380,11,80,529,0,0,0,610,infectious,982
29.733034280250543,380,10,81,529,0,0,0,610,infectious,558
29.7549094086844,379,11,81,529,0,0,0,611,infection,703
29.798867585117936,379,10,82,529,0,0,0,611,infectious,703
29.827431421958494,379,9,83,529,0,0,0,611,infectious,196
29.843396156856095,379,9,82,530,0,0,0,611,recovery,916
29.853178324069198,379,9,81,531,0,0,0,611,recovery,549
29.85384325932448,379,8,82,531,0,0,0,611,infectious,628
29.854568709863184,379,8,81,532,0,0,0,611,recovery,566
29.872518902749434,378,9,81,532,0,0,0,612,infection,981
29.892317654644497,378,9,80,533,0,0,0,612,recovery,937
29.90443320326191,377,10,80,533,0,0,0,613,infection,868
29.90565783575732,377,9,81,533,0,0,0,613,infectious,599
29.93936082930775,377,8,82,533,0,0,0,613,infectious,761
29.95066094514773,377,8,81,534,0,0,0,613,recovery,523
29.95134723757111,377,8,80,535,0,0,0,613,recovery,792
29.951734638760726,376,9,80,535,0,0,0,614,infection,876
29.999789505161782,375,10,80,535,0,0,0,615,infection,412
30.020253135699697,375,10,79,536,0,0,0,615,recovery,558
30.048804346969263,375,9,80,536,0,0,0,615,infectious,217
30.073012894295747,375,9,79,537,0,0,0,615,recovery,737
30.087219008596424,374,10,79,537,0,0,0,616,infection,779
30.113760530719745,374,10,78,538,0,0,0,616,recovery,696
30.15959360923556,374,9,79,538,0,0,0,616,infectious,256
30.16046689435079,374,8,80,538,0,0,0,616,infectious,45
30.165575764846132,374,8,79,539,0,0,0,616,recovery,662
30.181957387060994,374,7,80,539,0,0,0,616,infectious,981
30.192955400230108,374,7,79,540,0,0,0,616,recovery,107
30.28967529034437,374,6,80,540,0,0,0,616,infectious,701
30.295607983201382,374,6,79,541,0,0,0,616,recovery,343
30.33506345389026,373,7,79,541,0,0,0,617,infection,569
30.366378672027125,373,7,78,542,0,0,0,617,recovery,575
30.371524386854546,373,6,79,542,0,0,0,617,infectious,779
30.379494099095155,373,5,80,542,0,0,0,617,infectious,70
30.380532990748844,373,5,79,543,0,0,0,617,recovery,319
30.428911980992215,372,6,79,543,0,0,0,618,infection,375
30.443122654458026,371,7,79,543,0,0,0,619,infection,40
30.47529684347268,370,8,79,543,0,0,0,620,infection,113
30.482843614859593,369,9,79,543,0,0,0,621,infection,734
30.48408866574959,369,9,78,544,0,0,0,621,recovery,203
30.493869908313407,369,9,77,545,0,0,0,621,recovery,81
30.505717692605405,368,10,77,545,0,0,0,622,infection,309
30.517541793432123,367,11,77,545,0,0,0,623,infection,108
30.547760286805858,367,10,78,545,0,0,0,623,infectious,615
30.55344764891671,367,10,77,546,0,0,0,623,recovery,257
30.61872791307323,367,9,78,546,0,0,0,623,infectious,868
30.65511475052748,367,9,77,547,0,0,0,623,recovery,763
30.67278042930931,366,10,77,547,0,0,0,624,infection,367
30.673988489164454,366,10,76,548,0,0,0,624,recovery,390
30.676495839252272,366,10,75,549,0,0,0,624,recovery,778
30.721980377138973,365,11,75,549,0,0,0,625,infection,407
30.74814056379654,364,12,75,549,0,0,0,626,infection,301
30.768676890620892,364,11,76,549,0,0,0,626,infectious,876
30.825683299145567,363,12,76,549,0,0,0,627,infection,587
30.833783733187342,363,12,75,550,0,0,0,627,recovery,703
30.85707375285168,363,12,74,551,0,0,0,627,recovery,565
30.864972532577696,363,12,73,552,0,0,0,627,recovery,256
30.869295764161173,362,13,73,552,0,0,0,628,infection,429
30.893285454245433,361,14,73,552,0,0,0,629,infection,706
30.90097455363174,361,13,74,552,0,0,0,629,infectious,40
30.907416354728845,360,14,74,552,0,0,0,630,infection,680
30.943603428515758,359,15,74,552,0,0,0,631,infection,93
30.949061054456372,359,15,73,553,0,0,0,631,recovery,615
30.949934682325306,358,16,73,553,0,0,0,632,infection,399
30.952269468009565,358,16,72,554,0,0,0,632,recovery,660
30.96346142605128,358,15,73,554,0,0,0,632,infectious,93
30.972229094250622,358,15,72,555,0,0,0,632,recovery,495
30.987388801867574,358,15,71,556,0,0,0,632,recovery,599
30.991401730510425,358,14,72,556,0,0,0,632,infectious,429
30.993862389209852,357,15,72,556,0,0,0,633,infection,274
31.00137522314714,357,14,73,556,0,0,0,633,infectious,113
31.020864458028043,356,15,73,556,0,0,0,634,infection,394
31.02606594104306,355,16,73,556,0,0,0,635,infection,182
31.04218486199496,355,16,72,557,0,0,0,635,recovery,904
31.050967798575478,355,15,73,557,0,0,0,635,infectious,309
31.05322177786635,355,15,72,558,0,0,0,635,recovery,61
31.072884598515312,354,16,72,558,0,0,0,636,infection,710
31.106179542158095,353,17,72,558,0,0,0,637,infection,140
31.12692821808495,352,18,72,558,0,0,0,638,infection,946
31.156020131138046,352,17,73,558,0,0,0,638,infectious,140
31.16039667187021,352,17,72,559,0,0,0,638,recovery,961
31.164479394966857,352,17,71,560,0,0,0,638,recovery,365
31.18074086086682,352,16,72,560,0,0,0,638,infectious,412
31.182047251751413,351,17,72,560,0,0,0,639,infection,329
31.21297588424132,351,17,71,561,0,0,0,639,recovery,911
31.23421286793182,351,17,70,562,0,0,0,639,recovery,982
31.245653084498105,351,16,71,562,0,0,0,639,infectious,569
31.251462063379382,351,15,72,562,0,0,0,639,infectious,680
31.259771316538014,351,14,73,562,0,0,0,639,infectious,587
31.269320251859,351,13,74,562,0,0,0,639,infectious,274
31.282129699470023,351,13,73,563,0,0,0,639,recovery,346
31.285538710694393,350,14,73,563,0,0,0,640,infection,266
31.286655911342123,349,15,73,563,0,0,0,641,infection,929
31.288453021141162,348,16,73,563,0,0,0,642,infection,655
31.30545199896867,348,16,72,564,0,0,0,642,recovery,850
31.38026581649811,347,17,72,564,0,0,0,643,infection,559
31.409122999126676,347,17,71,565,0,0,0,643,recovery,93
31.42703958607545,347,16,72,565,0,0,0,643,infectious,946
31.439787032666334,347,15,73,565,0,0,0,643,infectious,734
31.469593266233897,347,14,74,565,0,0,0,643,infectious,394
31.506081146408736,347,14,73,566,0,0,0,643,recovery,402
31.51810939854719,346,15,73,566,0,0,0,644,infection,48
31.526465078848037,345,16,73,566,0,0,0,645,infection,92
31.576328238545827,345,16,72,567,0,0,0,645,recovery,408
31.615654482438146,345,16,71,568,0,0,0,645,recovery,802
31.639701444958703,344,17,71,568,0,0,0,646,infection,858
31.64136335614141,344,17,70,569,0,0,0,646,recovery,379
31.681729514392277,344,16,71,569,0,0,0,646,infectious,655
31.699042862016526,343,17,71,569,0,0,0,647,infection,790
31.72470995035735,343,17,70,570,0,0,0,647,recovery,894
31.729621951546385,343,16,71,570,0,0,0,647,infectious,929
31.731379078560277,343,16,70,571,0,0,0,647,recovery,207
31.744472535750635,343,15,71,571,0,0,0,647,infectious,858
31.751369273303517,343,15,70,572,0,0,0,647,recovery,120
31.766880076172445,343,15,69,573,0,0,0,647,recovery,779
31.766885129907564,343,15,68,574,0,0,0,647,recovery,44
31.782360770375323,342,16,68,574,0,0,0,648,infection,339
31.789852954137235,342,15,69,574,0,0,0,648,infectious,375
31.800003539952648,341,16,69,574,0,0,0,649,infection,971
31.80868175038175,341,16,68,575,0,0,0,649,recovery,639
31.818051422484366,341,16,67,576,0,0,0,649,recovery,667
31.834163762591224,341,16,66,577,0,0,0,649,recovery,140
31.851294343314486,341,15,67,577,0,0,0,649,infectious,367
31.873514538721885,341,15,66,578,0,0,0,649,recovery,297
31.878414279229993,340,16,66,578,0,0,0,650,infection,712
31.94939751039324,339,17,66,578,0,0,0,651,infection,344
31.977199881710007,339,17,65,579,0,0,0,651,recovery,682
31.99419837434073,339,16,66,579,0,0,0,651,infectious,712
32.01858083349758,339,16,65,580,0,0,0,651,recovery,895
32.051900625813566,339,16,64,581,0,0,0,651,recovery,274
32.06806614139046,339,15,65,581,0,0,0,651,infectious,790
32.15926228508445,339,15,64,582,0,0,0,651,recovery,217
32.182372751913626,339,14,65,582,0,0,0,651,infectious,48
32.20506042559104,338,15,65,582,0,0,0,652,infection,897
32.21922911279718,338,15,64,583,0,0,0,652,recovery,875
32.27179101560953,337,16,64,583,0,0,0,653,infection,158
32.27790452600457,337,15,65,583,0,0,0,653,infectious,971
32.36026804057691,336,16,65,583,0,0,0,654,infection,595
32.37123421373539,336,15,66,583,0,0,0,654,infectious,559
32.38315970344876,336,15,65,584,0,0,0,654,recovery,40
32.392934315987056,336,14,66,584,0,0,0,654,infectious,339
32.410237352041136,336,13,67,584,0,0,0,654,infectious,399
32.41747516722758,336,12,68,584,0,0,0,654,infectious,344
32.47557785399044,336,12,67,585,0,0,0,654,recovery,559
32.53817352851237,336,12,66,586,0,0,0,654,recovery,934
32.60136412792763,335,13,66,586,0,0,0,655,infection,244
32.62741386500401,334,14,66,586,0,0,0,656,infection,90
32.65803672504304,334,13,67,586,0,0,0,656,infectious,706
32.69575543501752,334,13,66,587,0,0,0,656,recovery,196
32.72606551258542,333,14,66,587,0,0,0,657,infection,657
32.746607603598456,333,14,65,588,0,0,0,657,recovery,642
32.78640282257536,333,14,64,589,0,0,0,657,recovery,734
32.8057248548333,333,14,63,590,0,0,0,657,recovery,437
32.824248930983536,332,15,63,590,0,0,0,658,infection,617
32.84562850640144,332,15,62,591,0,0,0,658,recovery,946
32.874153845166134,332,15,61,592,0,0,0,658,recovery,350
32.88219680884086,331,16,61,592,0,0,0,659,infection,679
32.882416658378006,331,15,62,592,0,0,0,659,infectious,595
32.90080334697045,331,14,63,592,0,0,0,659,infectious,617
32.91334004126304,330,15,63,592,0,0,0,660,infection,52
32.924673145651965,330,14,64,592,0,0,0,660,infectious,679
32.93778039982642,330,14,63,593,0,0,0,660,recovery,111
32.962731996046045,330,14,62,594,0,0,0,660,recovery,344
33.001347080389124,330,13,63,594,0,0,0,660,infectious,90
33.005914552190404,329,14,63,594,0,0,0,661,infection,610
33.028842511927564,329,13,64,594,0,0,0,661,infectious,182
33.10448694867204,329,13,63,595,0,0,0,661,recovery,113
33.10945888792182,328,14,63,595,0,0,0,662,infection,243
33.15340819516406,328,14,62,596,0,0,0,662,recovery,70
33.18668134142045,328,13,63,596,0,0,0,662,infectious,108
33.194609625599355,328,12,64,596,0,0,0,662,infectious,657
33.19945459245235,328,12,63,597,0,0,0,662,recovery,672
33.220157036007016,328,11,64,597,0,0,0,662,infectious,897
33.27235721101626,328,11,63,598,0,0,0,662,recovery,680
33.283305054177255,328,10,64,598,0,0,0,662,infectious,407
33.33957033512589,328,9,65,598,0,0,0,662,infectious,243
33.45399574371158,328,8,66,598,0,0,0,662,infectious,301
33.45873132983279,328,8,65,599,0,0,0,662,recovery,48
33.473640933767584,327,9,65,599,0,0,0,663,infection,598
33.51585498903939,326,10,65,599,0,0,0,664,infection,611
33.55513005053568,325,11,65,599,0,0,0,665,infection,765
33.622329221893075,325,11,64,600,0,0,0,665,recovery,399
33.63569878797041,325,11,63,601,0,0,0,665,recovery,775
33.648155400692374,324,12,63,601,0,0,0,666,infection,450
33.714187409625325,324,12,62,602,0,0,0,666,recovery,981
33.727018893363535,323,13,62,602,0,0,0,667,infection,428
33.77081961766899,323,13,61,603,0,0,0,667,recovery,971
33.792734551563214,323,13,60,604,0,0,0,667,recovery,657
33.81052445222174,323,13,59,605,0,0,0,667,recovery,712
33.836842225193415,322,14,59,605,0,0,0,668,infection,404
33.85531039649658,322,13,60,605,0,0,0,668,infectious,710
33.86698429260412,322,13,59,606,0,0,0,668,recovery,412
33.89975367656897,322,13,58,607,0,0,0,668,recovery,45
33.98997521851179,322,12,59,607,0,0,0,668,infectious,610
34.00633052917593,321,13,59,607,0,0,0,669,infection,576
34.02634690465197,321,13,58,608,0,0,0,669,recovery,876
34.04563979782658,321,13,57,609,0,0,0,669,recovery,360
34.0517918650689,321,13,56,610,0,0,0,669,recovery,309
34.059059933862294,321,13,55,611,0,0,0,669,recovery,269
34.085915154043484,320,14,55,611,0,0,0,670,infection,214
34.11547918688946,320,13,56,611,0,0,0,670,infectious,329
34.122679891445166,320,13,55,612,0,0,0,670,recovery,706
34.210322082029336,320,13,54,613,0,0,0,670,recovery,617
34.21961172656882,320,12,55,613,0,0,0,670,infectious,765
34.382169398715504,320,12,54,614,0,0,0,670,recovery,765
34.394586202515626,319,13,54,614,0,0,0,671,infection,723
34.405368136063025,319,13,53,615,0,0,0,671,recovery,90
34.49482678497956,318,14,53,615,0,0,0,672,infection,704
34.4971218620319,318,13,54,615,0,0,0,672,infectious,576
34.50397328248327,318,13,53,616,0,0,0,672,recovery,679
34.54925497036083,318,13,52,617,0,0,0,672,recovery,761
34.57057239904716,318,13,51,618,0,0,0,672,recovery,407
34.575148584795066,318,13,50,619,0,0,0,672,recovery,628
34.575232675811996,318,13,49,620,0,0,0,672,recovery,929
34.57644959444485,318,12,50,620,0,0,0,672,infectious,450
34.5911794534441,318,11,51,620,0,0,0,672,infectious,52
34.62352585621265,317,12,51,620,0,0,0,673,infection,726
34.646256970536996,317,11,52,620,0,0,0,673,infectious,723
34.714093081089246,316,12,52,620,0,0,0,674,infection,445
34.72713856322097,316,12,51,621,0,0,0,674,recovery,980
34.731106035262016,316,12,50,622,0,0,0,674,recovery,587
34.80976570766842,316,12,49,623,0,0,0,674,recovery,606
34.82096885238511,316,12,48,624,0,0,0,674,recovery,301
34.93638213954676,316,11,49,624,0,0,0,674,infectious,726
34.94278999835753,315,12,49,624,0,0,0,675,infection,817
34.9628004121301,315,12,48,625,0,0,0,675,recovery,15
34.969862115557284,315,11,49,625,0,0,0,675,infectious,214
35.02910572246536,315,10,50,625,0,0,0,675,infectious,244
35.102797455484506,315,9,51,625,0,0,0,675,infectious,266
35.10923183524909,314,10,51,625,0,0,0,676,infection,685
35.12809339925085,314,10,50,626,0,0,0,676,recovery,248
35.192424698585995,314,10,49,627,0,0,0,676,recovery,807
35.19661499294723,314,10,48,628,0,0,0,676,recovery,473
35.26334117285498,314,10,47,629,0,0,0,676,recovery,868
35.27178109254024,313,11,47,629,0,0,0,677,infection,608
35.27710761682297,313,10,48,629,0,0,0,677,infectious,158
35.30489409704233,313,10,47,630,0,0,0,677,recovery,493
35.309675994239974,313,9,48,630,0,0,0,677,infectious,704
35.39302725979779,313,9,47,631,0,0,0,677,recovery,214
35.40202460809089,313,8,48,631,0,0,0,677,infectious,611
35.41256535190008,313,8,47,632,0,0,0,677,recovery,726
35.41446769837599,312,9,47,632,0,0,0,678,infection,967
35.418619100289725,311,10,47,632,0,0,0,679,infection,300
35.42176974324106,311,9,48,632,0,0,0,679,infectious,445
35.44991111101442,310,10,48,632,0,0,0,680,infection,478
35.568126929373165,310,9,49,632,0,0,0,680,infectious,92
35.581645895633955,310,8,50,632,0,0,0,680,infectious,598
35.60798494841471,310,8,49,633,0,0,0,680,recovery,610
35.639773695272154,309,9,49,633,0,0,0,681,infection,466
35.660862136813186,309,9,48,634,0,0,0,681,recovery,445
35.71410767300018,309,9,47,635,0,0,0,681,recovery,784
35.75398182375293,309,9,46,636,0,0,0,681,recovery,595
35.793450618712036,309,9,45,637,0,0,0,681,recovery,394
35.84565415774634,309,9,44,638,0,0,0,681,recovery,858
35.85381336760118,308,10,44,638,0,0,0,682,infection,223
35.88917943840268,307,11,44,638,0,0,0,683,infection,664
35.890920407077935,307,11,43,639,0,0,0,683,recovery,52
35.96748847026548,307,10,44,639,0,0,0,683,infectious,466
36.09221926831921,307,10,43,640,0,0,0,683,recovery,450
36.171335470260196,307,10,42,641,0,0,0,683,recovery,598
36.26586904829492,306,11,42,641,0,0,0,684,infection,125
36.30787530584215,306,11,41,642,0,0,0,684,recovery,585
36.30927901329224,306,11,40,643,0,0,0,684,recovery,480
36.319035070194566,306,11,39,644,0,0,0,684,recovery,611
36.32176480905561,306,11,38,645,0,0,0,684,recovery,710
36.32732518485402,306,11,37,646,0,0,0,684,recovery,88
36.35807686171018,306,10,38,646,0,0,0,684,infectious,967
36.35821149153371,306,10,37,647,0,0,0,684,recovery,704
36.40872406115624,306,10,36,648,0,0,0,684,recovery,6
36.525771102774385,305,11,36,648,0,0,0,685,infection,645
36.74653844692431,304,12,36,648,0,0,0,686,infection,819
36.79328493558841,304,11,37,648,0,0,0,686,infectious,223
36.80808147936481,304,11,36,649,0,0,0,686,recovery,466
36.83966465627787,303,12,36,649,0,0,0,687,infection,806
36.85943800205601,303,11,37,649,0,0,0,687,infectious,608
36.86836604970571,303,10,38,649,0,0,0,687,infectious,817
36.90401573345651,303,10,37,650,0,0,0,687,recovery,701
36.98929942240777,303,10,36,651,0,0,0,687,recovery,658
36.99335665267734,303,10,35,652,0,0,0,687,recovery,367
37.060006996757856,302,11,35,652,0,0,0,688,infection,588
37.06354941656173,301,12,35,652,0,0,0,689,infection,604
37.161867555599514,301,12,34,653,0,0,0,689,recovery,158
37.24517109554671,301,11,35,653,0,0,0,689,infectious,819
37.24662404170233,301,11,34,654,0,0,0,689,recovery,720
37.25869663279226,301,11,33,655,0,0,0,689,recovery,298
37.29717606011241,301,10,34,655,0,0,0,689,infectious,645
37.3584436590882,301,9,35,655,0,0,0,689,infectious,478
37.36154981171972,301,8,36,655,0,0,0,689,infectious,604
37.424434611278286,301,7,37,655,0,0,0,689,infectious,300
37.47659909910031,301,7,36,656,0,0,0,689,recovery,645
37.49908668731803,301,7,35,657,0,0,0,689,recovery,339
37.523926360711044,301,7,34,658,0,0,0,689,recovery,22
37.63381872755372,301,6,35,658,0,0,0,689,infectious,404
37.65634546214064,301,6,34,659,0,0,0,689,recovery,221
37.67575479552513,301,6,33,660,0,0,0,689,recovery,329
37.738538026553144,301,5,34,660,0,0,0,689,infectious,588
38.02071853666069,301,4,35,660,0,0,0,689,infectious,664
38.07946881672569,301,4,34,661,0,0,0,689,recovery,266
38.176142730211986,300,5,34,661,0,0,0,690,infection,920
38.19750114087264,300,5,33,662,0,0,0,690,recovery,897
38.22981404919983,300,5,32,663,0,0,0,690,recovery,975
38.294621220106464,300,4,33,663,0,0,0,690,infectious,685
38.31331326886426,299,5,33,663,0,0,0,691,infection,930
38.326337681719686,299,5,32,664,0,0,0,691,recovery,576
38.41179625446948,299,4,33,664,0,0,0,691,infectious,920
38.66164519329972,299,4,32,665,0,0,0,691,recovery,300
38.70594098614514,299,3,33,665,0,0,0,691,infectious,428
38.82386452167313,298,4,33,665,0,0,0,692,infection,387
38.93162235682455,297,5,33,665,0,0,0,693,infection,952
38.93792677886147,296,6,33,665,0,0,0,694,infection,554
38.97157813420414,296,6,32,666,0,0,0,694,recovery,375
38.99709857915952,296,5,33,666,0,0,0,694,infectious,952
39.09838683919946,295,6,33,666,0,0,0,695,infection,100
39.16251278651746,295,5,34,666,0,0,0,695,infectious,806
39.226521590092254,294,6,34,666,0,0,0,696,infection,512
39.24492096448991,293,7,34,666,0,0,0,697,infection,187
39.291670462560816,292,8,34,666,0,0,0,698,infection,119
39.29412745530229,292,7,35,666,0,0,0,698,infectious,187
39.33847059449483,292,7,34,667,0,0,0,698,recovery,212
39.359599346202366,291,8,34,667,0,0,0,699,infection,449
39.365044172532016,291,8,33,668,0,0,0,699,recovery,243
39.57039516523479,291,7,34,668,0,0,0,699,infectious,554
39.57047405320549,291,6,35,668,0,0,0,699,infectious,100
39.58201136888127,291,6,34,669,0,0,0,699,recovery,673
39.68741398848462,290,7,34,669,0,0,0,700,infection,923
39.707574571305706,290,7,33,670,0,0,0,700,recovery,428
39.71834483825679,289,8,33,670,0,0,0,701,infection,614
39.75697676137397,288,9,33,670,0,0,0,702,infection,78
39.768346574453105,288,8,34,670,0,0,0,702,infectious,125
39.771682826673874,288,7,35,670,0,0,0,702,infectious,512
39.77664593501599,288,6,36,670,0,0,0,702,infectious,614
39.818586592860086,288,5,37,670,0,0,0,702,infectious,923
39.85620257883479,288,4,38,670,0,0,0,702,infectious,449
39.87492745128212,288,4,37,671,0,0,0,702,recovery,223
40.0,288,4,37,671,0,0,0,702,horizon,0
