t,S,E,I,R,births,deaths,vaccinated,infections,event,person
0.0,990,0,10,0,0,0,0,0,initial,0
0.07629380761696276,989,1,10,0,0,0,0,1,infection,872
0.16783792841882436,988,2,10,0,0,0,0,2,infection,26
0.2790497356177344,987,3,10,0,0,0,0,3,infection,445
0.3467752762183462,986,4,10,0,0,0,0,4,infection,60
0.49934275356886515,985,5,10,0,0,0,0,5,infection,253
0.5686784363600402,984,6,10,0,0,0,0,6,infection,53
0.6007448169254392,983,7,10,0,0,0,0,7,infection,573
0.6100921852526088,982,8,10,0,0,0,0,8,infection,323
0.6281332008080117,982,7,11,0,0,0,0,8,infectious,26
0.750986723048957,981,8,11,0,0,0,0,9,infection,450
0.8188441773488916,980,9,11,0,0,0,0,10,infection,304
0.8799011162320478,980,8,12,0,0,0,0,10,infectious,573
0.961360255611666,979,9,12,0,0,0,0,11,infection,191
1.0352370462495717,979,9,11,1,0,0,0,11,recovery,997
1.3806131635176715,978,10,11,1,0,0,0,12,infection,894
1.5495459144011607,978,10,10,2,0,0,0,12,recovery,999
1.675377484320515,977,11,10,2,0,0,0,13,infection,272
1.7044186503092487,976,12,10,2,0,0,0,14,infection,912
1.8416811595803375,976,12,9,3,0,0,0,14,recovery,993
1.945630282523064,976,11,10,3,0,0,0,14,infectious,272
1.9474137857924154,975,12,10,3,0,0,0,15,infection,729
2.0072876907732042,975,12,9,4,0,0,0,15,recovery,998
2.084525222194461,975,12,8,5,0,0,0,15,recovery,26
2.2406319400356987,975,12,7,6,0,0,0,15,recovery,994
2.2673749689942366,975,11,8,6,0,0,0,15,infectious,53
2.782010410479069,974,12,8,6,0,0,0,16,infection,218
2.881950575388784,973,13,8,6,0,0,0,17,infection,286
2.9082347309073335,973,13,7,7,0,0,0,17,recovery,996
3.219038382276135,973,12,8,7,0,0,0,17,infectious,894
3.2479954507721667,972,13,8,7,0,0,0,18,infection,525
3.3946614651326743,971,14,8,7,0,0,0,19,infection,712
3.4025999358102013,970,15,8,7,0,0,0,20,infection,633
3.4932610017368138,970,15,7,8,0,0,0,20,recovery,991
3.6245902198125317,970,14,8,8,0,0,0,20,infectious,712
3.6466021435021023,970,13,9,8,0,0,0,20,infectious,729
3.833524732574579,970,12,10,8,0,0,0,20,infectious,191
3.836715452245889,969,13,10,8,0,0,0,21,infection,55
3.910526259045182,968,14,10,8,0,0,0,22,infection,799
4.237898237051725,968,13,11,8,0,0,0,22,infectious,60
4.295399549450477,967,14,11,8,0,0,0,23,infection,31
4.3322108725521185,967,14,10,9,0,0,0,23,recovery,894
4.49409566996715,967,14,9,10,0,0,0,23,recovery,53
4.561467670093213,966,15,9,10,0,0,0,24,infection,415
4.64517031410242,965,16,9,10,0,0,0,25,infection,723
4.692199249429297,964,17,9,10,0,0,0,26,infection,510
4.73498870899745,964,17,8,11,0,0,0,26,recovery,1000
5.062819530229332,963,18,8,11,0,0,0,27,infection,990
5.1815723432009015,963,17,9,11,0,0,0,27,infectious,415
5.19748357233644,963,16,10,11,0,0,0,27,infectious,323
5.219794517998844,963,15,11,11,0,0,0,27,infectious,633
5.335270939081539,963,14,12,11,0,0,0,27,infectious,510
5.427344264383825,962,15,12,11,0,0,0,28,infection,167
5.498066878992871,961,16,12,11,0,0,0,29,infection,76
5.719470067083799,961,15,13,11,0,0,0,29,infectious,872
5.721018821609371,960,16,13,11,0,0,0,30,infection,376
5.736421199178591,960,16,12,12,0,0,0,30,recovery,510
6.111298154676085,960,15,13,12,0,0,0,30,infectious,253
6.143861105107208,959,16,13,12,0,0,0,31,infection,621
6.1723525458721085,958,17,13,12,0,0,0,32,infection,801
6.194832297103363,957,18,13,12,0,0,0,33,infection,612
6.205917643211787,957,17,14,12,0,0,0,33,infectious,286
6.227741488317212,957,17,13,13,0,0,0,33,recovery,272
6.306960174208892,956,18,13,13,0,0,0,34,infection,349
6.312568951603435,956,17,14,13,0,0,0,34,infectious,723
6.470022793047611,956,16,15,13,0,0,0,34,infectious,31
6.506612011240899,955,17,15,13,0,0,0,35,infection,680
6.537411638300714,955,16,16,13,0,0,0,35,infectious,55
6.558483971846112,954,17,16,13,0,0,0,36,infection,927
6.597520935549673,954,17,15,14,0,0,0,36,recovery,723
6.621643978029265,954,17,14,15,0,0,0,36,recovery,573
6.724287333767662,953,18,14,15,0,0,0,37,infection,192
6.738993278401177,952,19,14,15,0,0,0,38,infection,79
6.818474757751129,951,20,14,15,0,0,0,39,infection,289
6.840636962335803,951,20,13,16,0,0,0,39,recovery,323
6.840950965452913,950,21,13,16,0,0,0,40,infection,472
6.842321287021187,949,22,13,16,0,0,0,41,infection,279
6.914095567597499,948,23,13,16,0,0,0,42,infection,176
7.028852123176328,947,24,13,16,0,0,0,43,infection,628
7.071250554145136,947,24,12,17,0,0,0,43,recovery,55
7.087470597282767,946,25,12,17,0,0,0,44,infection,233
7.110962877254588,946,24,13,17,0,0,0,44,infectious,176
7.124525471816014,946,23,14,17,0,0,0,44,infectious,990
7.194794642857033,945,24,14,17,0,0,0,45,infection,962
7.210693747385288,944,25,14,17,0,0,0,46,infection,353
7.255761706018109,943,26,14,17,0,0,0,47,infection,299
7.273702964932421,942,27,14,17,0,0,0,48,infection,610
7.274007464873651,942,26,15,17,0,0,0,48,infectious,233
7.297753959591535,942,25,16,17,0,0,0,48,infectious,680
7.37430343542411,942,25,15,18,0,0,0,48,recovery,60
7.458432925786797,941,26,15,18,0,0,0,49,infection,690
7.496152154341974,941,25,16,18,0,0,0,49,infectious,801
7.498230776064858,940,26,16,18,0,0,0,50,infection,636
7.523464146818654,940,25,17,18,0,0,0,50,infectious,79
7.535779967825935,939,26,17,18,0,0,0,51,infection,158
7.541239900733941,939,25,18,18,0,0,0,51,infectious,472
7.679937251814359,938,26,18,18,0,0,0,52,infection,127
7.682860191203689,937,27,18,18,0,0,0,53,infection,863
7.685276740315828,936,28,18,18,0,0,0,54,infection,632
7.696731612209897,936,28,17,19,0,0,0,54,recovery,712
7.700370317538843,936,27,18,19,0,0,0,54,infectious,218
7.938448206497638,936,26,19,19,0,0,0,54,infectious,445
7.938606271887003,936,25,20,19,0,0,0,54,infectious,76
7.949375966636265,935,26,20,19,0,0,0,55,infection,92
7.9542773985183945,935,26,19,20,0,0,0,55,recovery,801
7.985742795904553,935,25,20,20,0,0,0,55,infectious,863
8.105816894732689,935,25,19,21,0,0,0,55,recovery,633
8.218351658681243,935,24,20,21,0,0,0,55,infectious,912
8.241539681029868,934,25,20,21,0,0,0,56,infection,959
8.248042242670717,934,24,21,21,0,0,0,56,infectious,690
8.263934863651201,933,25,21,21,0,0,0,57,infection,300
8.286280802775503,933,24,22,21,0,0,0,57,infectious,610
8.36172453555205,933,23,23,21,0,0,0,57,infectious,127
8.388122253426923,932,24,23,21,0,0,0,58,infection,422
8.40656540210267,931,25,23,21,0,0,0,59,infection,28
8.453720808634234,931,24,24,21,0,0,0,59,infectious,304
8.462105963205587,930,25,24,21,0,0,0,60,infection,545
8.479711038055555,929,26,24,21,0,0,0,61,infection,134
8.500181918267115,928,27,24,21,0,0,0,62,infection,793
8.516657296282897,927,28,24,21,0,0,0,63,infection,110
8.659404217626788,926,29,24,21,0,0,0,64,infection,960
8.689259807779617,926,28,25,21,0,0,0,64,infectious,158
8.698704104628781,926,28,24,22,0,0,0,64,recovery,233
8.733817508344844,925,29,24,22,0,0,0,65,infection,241
8.75390181425117,924,30,24,22,0,0,0,66,infection,101
8.80918962440712,923,31,24,22,0,0,0,67,infection,358
8.811438972545076,923,30,25,22,0,0,0,67,infectious,376
8.818542956242725,923,29,26,22,0,0,0,67,infectious,545
8.825158207477767,922,30,26,22,0,0,0,68,infection,361
8.889407119262328,921,31,26,22,0,0,0,69,infection,592
8.897628090664508,920,32,26,22,0,0,0,70,infection,404
9.082194766549634,919,33,26,22,0,0,0,71,infection,260
9.204604167866274,918,34,26,22,0,0,0,72,infection,248
9.263206479418901,918,33,27,22,0,0,0,72,infectious,404
9.454667757961358,918,33,26,23,0,0,0,72,recovery,286
9.457603041407044,917,34,26,23,0,0,0,73,infection,150
9.527617576495853,916,35,26,23,0,0,0,74,infection,817
9.620200730273098,916,35,25,24,0,0,0,74,recovery,415
9.66375029613722,916,35,24,25,0,0,0,74,recovery,995
9.734070949185334,915,36,24,25,0,0,0,75,infection,237
9.749662056576824,915,35,25,25,0,0,0,75,infectious,799
9.767459706609184,914,36,25,25,0,0,0,76,infection,66
9.78005916821166,914,36,24,26,0,0,0,76,recovery,990
9.832086864782228,913,37,24,26,0,0,0,77,infection,485
9.905685333576285,913,37,23,27,0,0,0,77,recovery,176
9.908922017740496,913,36,24,27,0,0,0,77,infectious,422
9.969615945343964,913,35,25,27,0,0,0,77,infectious,289
9.979385612906961,913,35,24,28,0,0,0,77,recovery,31
10.0378555767776,913,35,23,29,0,0,0,77,recovery,191
10.096150346637117,912,36,23,29,0,0,0,78,infection,451
10.107533124182595,912,36,22,30,0,0,0,78,recovery,912
10.137448022114285,911,37,22,30,0,0,0,79,infection,196
10.19739156997018,910,38,22,30,0,0,0,80,infection,347
10.32651544976672,910,37,23,30,0,0,0,80,infectious,353
10.368916258805267,910,36,24,30,0,0,0,80,infectious,101
10.432321283875096,910,35,25,30,0,0,0,80,infectious,962
10.440076061497583,909,36,25,30,0,0,0,81,infection,703
10.510626755768667,909,35,26,30,0,0,0,81,infectious,485
10.551918325481825,909,34,27,30,0,0,0,81,infectious,300
10.599240745309174,908,35,27,30,0,0,0,82,infection,907
10.615744567277009,908,34,28,30,0,0,0,82,infectious,959
10.61808062363824,908,34,27,31,0,0,0,82,recovery,304
10.658625763340254,907,35,27,31,0,0,0,83,infection,901
10.695768171669213,907,35,26,32,0,0,0,83,recovery,289
10.700162109163305,906,36,26,32,0,0,0,84,infection,853
10.750279134554477,905,37,26,32,0,0,0,85,infection,913
10.834940315019727,905,37,25,33,0,0,0,85,recovery,610
10.847783721009034,904,38,25,33,0,0,0,86,infection,702
10.872131710590155,903,39,25,33,0,0,0,87,infection,911
10.952765008470706,903,39,24,34,0,0,0,87,recovery,404
10.95574273991862,902,40,24,34,0,0,0,88,infection,367
11.010182256424766,902,40,23,35,0,0,0,88,recovery,353
11.054872137808253,902,40,22,36,0,0,0,88,recovery,158
11.06195514698437,902,39,23,36,0,0,0,88,infectious,621
11.073670664275458,901,40,23,36,0,0,0,89,infection,199
11.142838522702379,900,41,23,36,0,0,0,90,infection,979
11.211884507399411,900,41,22,37,0,0,0,90,recovery,992
11.25765073540841,900,40,23,37,0,0,0,90,infectious,150
11.305603211889611,900,39,24,37,0,0,0,90,infectious,279
11.350058078654373,899,40,24,37,0,0,0,91,infection,758
11.352355870759823,899,40,23,38,0,0,0,91,recovery,253
11.382053489526465,899,39,24,38,0,0,0,91,infectious,758
11.401569085750413,898,40,24,38,0,0,0,92,infection,313
11.426684891848083,898,39,25,38,0,0,0,92,infectious,612
11.44397824759508,898,39,24,39,0,0,0,92,recovery,863
11.535596347365201,897,40,24,39,0,0,0,93,infection,987
11.576773986717907,897,40,23,40,0,0,0,93,recovery,422
11.578951929826761,896,41,23,40,0,0,0,94,infection,232
11.63003837557971,896,40,24,40,0,0,0,94,infectious,167
11.630127678581154,895,41,24,40,0,0,0,95,infection,493
11.63885702107153,894,42,24,40,0,0,0,96,infection,477
11.69531557983822,893,43,24,40,0,0,0,97,infection,670
11.772321806497043,893,42,25,40,0,0,0,97,infectious,241
11.786158626031977,893,42,24,41,0,0,0,97,recovery,79
11.800591706413169,893,41,25,41,0,0,0,97,infectious,853
11.846449890233032,893,41,24,42,0,0,0,97,recovery,872
11.875875957357342,893,40,25,42,0,0,0,97,infectious,28
11.887504026216057,892,41,25,42,0,0,0,98,infection,648
11.901198014230241,891,42,25,42,0,0,0,99,infection,98
11.9118273367696,890,43,25,42,0,0,0,100,infection,958
11.91314029699427,889,44,25,42,0,0,0,101,infection,620
12.066616876165225,888,45,25,42,0,0,0,102,infection,470
12.121620659999973,888,45,24,43,0,0,0,102,recovery,218
12.167110445032318,888,45,23,44,0,0,0,102,recovery,758
12.16720438043134,888,44,24,44,0,0,0,102,infectious,470
12.192607973236393,887,45,24,44,0,0,0,103,infection,548
12.19744641040309,887,45,23,45,0,0,0,103,recovery,485
12.230002736912427,886,46,23,45,0,0,0,104,infection,594
12.246089738430499,886,45,24,45,0,0,0,104,infectious,702
12.25940269734937,885,46,24,45,0,0,0,105,infection,439
12.305924093545967,884,47,24,45,0,0,0,106,infection,971
12.314478074767276,883,48,24,45,0,0,0,107,infection,556
12.316795998667876,882,49,24,45,0,0,0,108,infection,945
12.317643686893952,881,50,24,45,0,0,0,109,infection,25
12.455027704485019,881,49,25,45,0,0,0,109,infectious,196
12.515414652690986,881,49,24,46,0,0,0,109,recovery,690
12.542431964064775,881,49,23,47,0,0,0,109,recovery,101
12.559285641914734,881,49,22,48,0,0,0,109,recovery,150
12.564282409362978,880,50,22,48,0,0,0,110,infection,784
12.58190710102423,879,51,22,48,0,0,0,111,infection,867
12.617862454244483,879,50,23,48,0,0,0,111,infectious,901
12.672507332719668,878,51,23,48,0,0,0,112,infection,144
12.68646144662036,878,51,22,49,0,0,0,112,recovery,472
12.695675669065906,878,50,23,49,0,0,0,112,infectious,260
12.720384458343027,878,49,24,49,0,0,0,112,infectious,784
12.767063940778531,878,49,23,50,0,0,0,112,recovery,241
12.792096347702746,878,49,22,51,0,0,0,112,recovery,376
12.888056944891044,878,48,23,51,0,0,0,112,infectious,361
12.959864862907738,878,47,24,51,0,0,0,112,infectious,66
12.96742905616481,877,48,24,51,0,0,0,113,infection,904
13.00419059429737,876,49,24,51,0,0,0,114,infection,267
13.155471370996686,876,48,25,51,0,0,0,114,infectious,299
13.15979785817163,876,48,24,52,0,0,0,114,recovery,470
13.246166616556582,876,47,25,52,0,0,0,114,infectious,134
13.24674832301104,875,48,25,52,0,0,0,115,infection,498
13.28072736707227,875,47,26,52,0,0,0,115,infectious,927
13.307109669003836,875,47,25,53,0,0,0,115,recovery,545
13.310648488835188,875,46,26,53,0,0,0,115,infectious,367
13.34763046927031,874,47,26,53,0,0,0,116,infection,658
13.404532701766595,873,48,26,53,0,0,0,117,infection,506
13.456941580917196,873,47,27,53,0,0,0,117,infectious,867
13.493436908043268,873,46,28,53,0,0,0,117,infectious,979
13.52719832009851,873,45,29,53,0,0,0,117,infectious,648
13.537541097075948,873,44,30,53,0,0,0,117,infectious,556
13.557049149383976,873,43,31,53,0,0,0,117,infectious,493
13.59013015187358,872,44,31,53,0,0,0,118,infection,550
13.64001233568543,872,44,30,54,0,0,0,118,recovery,260
13.725993629146604,871,45,30,54,0,0,0,119,infection,91
13.765827494917788,871,44,31,54,0,0,0,119,infectious,958
13.801056731178775,870,45,31,54,0,0,0,120,infection,514
13.822036868327057,869,46,31,54,0,0,0,121,infection,216
13.833789667727697,869,45,32,54,0,0,0,121,infectious,703
13.854338463787302,868,46,32,54,0,0,0,122,infection,552
13.878403991704038,868,46,31,55,0,0,0,122,recovery,556
13.916159782740518,868,45,32,55,0,0,0,122,infectious,945
13.919955625149743,868,44,33,55,0,0,0,122,infectious,25
13.92746227888879,868,43,34,55,0,0,0,122,infectious,91
13.99556121489389,867,44,34,55,0,0,0,123,infection,609
14.006585603342296,867,44,33,56,0,0,0,123,recovery,299
14.02817680436795,866,45,33,56,0,0,0,124,infection,725
14.04357070455222,866,44,34,56,0,0,0,124,infectious,192
14.043987393617233,866,43,35,56,0,0,0,124,infectious,92
14.086621252783743,866,42,36,56,0,0,0,124,infectious,913
14.090937418360987,866,42,35,57,0,0,0,124,recovery,979
14.105301327970304,865,43,35,57,0,0,0,125,infection,792
14.119383295821425,864,44,35,57,0,0,0,126,infection,456
14.136442167708603,864,43,36,57,0,0,0,126,infectious,450
14.14571745154623,864,42,37,57,0,0,0,126,infectious,670
14.182585314638468,863,43,37,57,0,0,0,127,infection,17
14.202514876834865,862,44,37,57,0,0,0,128,infection,900
14.211542242840963,861,45,37,57,0,0,0,129,infection,924
14.262999216832183,860,46,37,57,0,0,0,130,infection,660
14.263165605810892,859,47,37,57,0,0,0,131,infection,93
14.314214710908232,859,46,38,57,0,0,0,131,infectious,110
14.344398771888729,859,46,37,58,0,0,0,131,recovery,670
14.353761059305246,858,47,37,58,0,0,0,132,infection,36
14.35786126997837,857,48,37,58,0,0,0,133,infection,160
14.388017517050315,856,49,37,58,0,0,0,134,infection,761
14.395914536942676,855,50,37,58,0,0,0,135,infection,681
14.420149573455282,854,51,37,58,0,0,0,136,infection,783
14.441905110711597,853,52,37,58,0,0,0,137,infection,810
14.448535888939528,852,53,37,58,0,0,0,138,infection,111
14.458805390227592,851,54,37,58,0,0,0,139,infection,561
14.475679291227838,851,53,38,58,0,0,0,139,infectious,987
14.47952631514163,850,54,38,58,0,0,0,140,infection,56
14.54761025445423,849,55,38,58,0,0,0,141,infection,231
14.548032246872886,849,55,37,59,0,0,0,141,recovery,958
14.548675925929304,848,56,37,59,0,0,0,142,infection,497
14.550050964204416,848,55,38,59,0,0,0,142,infectious,552
14.5627784906342,848,54,39,59,0,0,0,142,infectious,216
14.58417982062936,848,53,40,59,0,0,0,142,infectious,609
14.619566298594386,847,54,40,59,0,0,0,143,infection,213
14.66320371464219,847,53,41,59,0,0,0,143,infectious,971
14.6832402690911,847,53,40,60,0,0,0,143,recovery,216
14.71199940835611,847,53,39,61,0,0,0,143,recovery,127
14.731446144139246,846,54,39,61,0,0,0,144,infection,771
14.734592602128357,846,54,38,62,0,0,0,144,recovery,927
14.738778450729141,846,54,37,63,0,0,0,144,recovery,367
14.755731331802693,846,53,38,63,0,0,0,144,infectious,111
14.79390815617223,846,53,37,64,0,0,0,144,recovery,91
14.840779805773378,845,54,37,64,0,0,0,145,infection,683
14.9279011976728,845,54,36,65,0,0,0,145,recovery,702
14.949452704555304,844,55,36,65,0,0,0,146,infection,601
14.964683213584387,843,56,36,65,0,0,0,147,infection,635
15.063939411294644,843,55,37,65,0,0,0,147,infectious,683
15.102218013044617,843,55,36,66,0,0,0,147,recovery,612
15.121403060455265,842,56,36,66,0,0,0,148,infection,280
15.13512911109775,841,57,36,66,0,0,0,149,infection,3
15.139116001281103,840,58,36,66,0,0,0,150,infection,776
15.142897395307555,840,57,37,66,0,0,0,150,infectious,783
15.143597012312274,839,58,37,66,0,0,0,151,infection,919
15.16194308850055,838,59,37,66,0,0,0,152,infection,657
15.192125078438291,837,60,37,66,0,0,0,153,infection,257
15.201296372253928,836,61,37,66,0,0,0,154,infection,877
15.206603462873476,835,62,37,66,0,0,0,155,infection,619
15.209225301888896,835,61,38,66,0,0,0,155,infectious,514
15.245431612688987,834,62,38,66,0,0,0,156,infection,674
15.247896394632491,834,62,37,67,0,0,0,156,recovery,110
15.259279806452708,833,63,37,67,0,0,0,157,infection,852
15.294384028392738,833,62,38,67,0,0,0,157,infectious,817
15.384429762572271,833,61,39,67,0,0,0,157,infectious,280
15.395368378034343,832,62,39,67,0,0,0,158,infection,43
15.55520813446496,831,63,39,67,0,0,0,159,infection,711
15.634795209691115,831,62,40,67,0,0,0,159,infectious,451
15.648994503993332,831,62,39,68,0,0,0,159,recovery,514
15.652118921955932,830,63,39,68,0,0,0,160,infection,631
15.652376553020893,829,64,39,68,0,0,0,161,infection,432
15.6623653610615,829,64,38,69,0,0,0,161,recovery,361
15.713446666129324,828,65,38,69,0,0,0,162,infection,152
15.747217930671384,828,64,39,69,0,0,0,162,infectious,231
15.778057462731786,828,63,40,69,0,0,0,162,infectious,98
15.787045409892771,828,63,39,70,0,0,0,162,recovery,451
15.788708499637542,828,62,40,70,0,0,0,162,infectious,620
15.794435161131021,827,63,40,70,0,0,0,163,infection,309
15.799205238308208,827,62,41,70,0,0,0,163,infectious,152
15.826245246747055,826,63,41,70,0,0,0,164,infection,303
15.830788827469727,826,62,42,70,0,0,0,164,infectious,632
15.854757138071104,826,62,41,71,0,0,0,164,recovery,552
15.88875986029278,826,62,40,72,0,0,0,164,recovery,280
15.890434148382184,826,61,41,72,0,0,0,164,infectious,594
15.904638559210667,825,62,41,72,0,0,0,165,infection,604
16.008303189762916,824,63,41,72,0,0,0,166,infection,618
16.012082161092362,823,64,41,72,0,0,0,167,infection,249
16.031623055873553,823,63,42,72,0,0,0,167,infectious,550
16.042007042276676,823,62,43,72,0,0,0,167,infectious,776
16.044076297713044,823,61,44,72,0,0,0,167,infectious,3
16.04947505027919,822,62,44,72,0,0,0,168,infection,542
16.062963322731967,821,63,44,72,0,0,0,169,infection,557
16.114499604047566,820,64,44,72,0,0,0,170,infection,310
16.127958831552935,820,63,45,72,0,0,0,170,infectious,347
16.171120833710656,819,64,45,72,0,0,0,171,infection,650
16.21693474510825,819,64,44,73,0,0,0,171,recovery,632
16.218798420507316,819,64,43,74,0,0,0,171,recovery,594
16.256291498679527,818,65,43,74,0,0,0,172,infection,441
16.2662319518468,818,65,42,75,0,0,0,172,recovery,76
16.29037677340318,818,65,41,76,0,0,0,172,recovery,962
16.319010279430522,818,65,40,77,0,0,0,172,recovery,66
16.327016551438803,817,66,40,77,0,0,0,173,infection,128
16.361907638630218,816,67,40,77,0,0,0,174,infection,662
16.368748237525836,815,68,40,77,0,0,0,175,infection,97
16.40846640419219,815,68,39,78,0,0,0,175,recovery,192
16.41008255907792,815,68,38,79,0,0,0,175,recovery,231
16.417982747409138,814,69,38,79,0,0,0,176,infection,765
16.41832524084897,814,68,39,79,0,0,0,176,infectious,771
16.475267217895702,813,69,39,79,0,0,0,177,infection,923
16.50679603733373,812,70,39,79,0,0,0,178,infection,27
16.56638062927235,812,69,40,79,0,0,0,178,infectious,900
16.62048086005544,811,70,40,79,0,0,0,179,infection,208
16.620543812319372,810,71,40,79,0,0,0,180,infection,274
16.643062427757453,809,72,40,79,0,0,0,181,infection,587
16.710976961740105,809,71,41,79,0,0,0,181,infectious,56
16.71232123728586,808,72,41,79,0,0,0,182,infection,202
16.725591940003476,808,72,40,80,0,0,0,182,recovery,799
16.745722176491615,807,73,40,80,0,0,0,183,infection,563
16.749082941952125,806,74,40,80,0,0,0,184,infection,930
16.749164040502247,806,74,39,81,0,0,0,184,recovery,776
16.809563847703608,805,75,39,81,0,0,0,185,infection,517
16.84073983085889,804,76,39,81,0,0,0,186,infection,733
16.86669924594521,804,75,40,81,0,0,0,186,infectious,681
16.87151158458265,804,74,41,81,0,0,0,186,infectious,232
16.87661336964768,804,74,40,82,0,0,0,186,recovery,445
16.903363108426618,803,75,40,82,0,0,0,187,infection,639
16.92202070306697,802,76,40,82,0,0,0,188,infection,296
16.929953053116453,802,76,39,83,0,0,0,188,recovery,134
16.930269936227084,801,77,39,83,0,0,0,189,infection,379
16.93403093491702,800,78,39,83,0,0,0,190,infection,238
16.97206273293238,800,77,40,83,0,0,0,190,infectious,97
16.98337290013459,800,76,41,83,0,0,0,190,infectious,310
16.997876623161755,800,75,42,83,0,0,0,190,infectious,631
17.048614543195022,800,75,41,84,0,0,0,190,recovery,493
17.115513159855368,800,74,42,84,0,0,0,190,infectious,249
17.160257666450384,799,75,42,84,0,0,0,191,infection,790
17.164285755266782,799,74,43,84,0,0,0,191,infectious,199
17.178388312448263,799,73,44,84,0,0,0,191,infectious,477
17.183156748855257,799,73,43,85,0,0,0,191,recovery,901
17.19218129119428,798,74,43,85,0,0,0,192,infection,544
17.275800134611014,797,75,43,85,0,0,0,193,infection,623
17.286660631694335,796,76,43,85,0,0,0,194,infection,133
17.329845882521152,796,75,44,85,0,0,0,194,infectious,349
17.342639866649755,796,75,43,86,0,0,0,194,recovery,771
17.379807037970377,796,74,44,86,0,0,0,194,infectious,379
17.41236737303993,795,75,44,86,0,0,0,195,infection,385
17.427102003117312,795,75,43,87,0,0,0,195,recovery,98
17.50064180743536,794,76,43,87,0,0,0,196,infection,396
17.503006535751574,794,76,42,88,0,0,0,196,recovery,648
17.506031445604187,794,75,43,88,0,0,0,196,infectious,237
17.5415479869269,793,76,43,88,0,0,0,197,infection,898
17.545748158343635,793,76,42,89,0,0,0,197,recovery,111
17.557054820047128,792,77,42,89,0,0,0,198,infection,252
17.603897331887346,792,76,43,89,0,0,0,198,infectious,711
17.608896673565766,791,77,43,89,0,0,0,199,infection,5
17.627997521194008,790,78,43,89,0,0,0,200,infection,586
17.64620703535933,790,77,44,89,0,0,0,200,infectious,202
17.656764388070993,790,76,45,89,0,0,0,200,infectious,898
17.6608789570833,790,76,44,90,0,0,0,200,recovery,681
17.675684203221905,789,77,44,90,0,0,0,201,infection,193
17.68775507151722,789,76,45,90,0,0,0,201,infectious,213
17.697175154345135,788,77,45,90,0,0,0,202,infection,50
17.7041493001101,787,78,45,90,0,0,0,203,infection,305
17.745630282533146,786,79,45,90,0,0,0,204,infection,838
17.74756787929621,786,79,44,91,0,0,0,204,recovery,900
17.762333343278858,786,78,45,91,0,0,0,204,infectious,792
17.80098373878253,785,79,45,91,0,0,0,205,infection,351
17.822835715950987,785,78,46,91,0,0,0,205,infectious,144
17.832948199480196,785,78,45,92,0,0,0,205,recovery,92
17.886012696158303,785,78,44,93,0,0,0,205,recovery,550
17.908983758407857,785,78,43,94,0,0,0,205,recovery,729
17.910267908151376,784,79,43,94,0,0,0,206,infection,9
17.931288368660624,784,79,42,95,0,0,0,206,recovery,349
17.936515221620702,784,78,43,95,0,0,0,206,infectious,635
17.95526589267636,784,77,44,95,0,0,0,206,infectious,636
17.963783273186987,783,78,44,95,0,0,0,207,infection,718
18.054685491503694,783,78,43,96,0,0,0,207,recovery,300
18.070950337196905,782,79,43,96,0,0,0,208,infection,551
18.088811368765118,782,79,42,97,0,0,0,208,recovery,28
18.092308045070194,782,78,43,97,0,0,0,208,infectious,252
18.136270449751553,781,79,43,97,0,0,0,209,infection,709
18.140494654534443,781,78,44,97,0,0,0,209,infectious,810
18.144475183898084,780,79,44,97,0,0,0,210,infection,148
18.167705356003125,780,79,43,98,0,0,0,210,recovery,913
18.17402086422694,780,79,42,99,0,0,0,210,recovery,784
18.202453320119687,780,79,41,100,0,0,0,210,recovery,196
18.221326842790138,780,79,40,101,0,0,0,210,recovery,783
18.22353517206681,780,78,41,101,0,0,0,210,infectious,9
18.224554541170274,780,77,42,101,0,0,0,210,infectious,456
18.271641340263272,780,76,43,101,0,0,0,210,infectious,385
18.278359296535413,779,77,43,101,0,0,0,211,infection,677
18.356299171356202,779,77,42,102,0,0,0,211,recovery,279
18.362372155649993,779,76,43,102,0,0,0,211,infectious,498
18.371164708093737,779,76,42,103,0,0,0,211,recovery,817
18.377033794704708,779,76,41,104,0,0,0,211,recovery,252
18.419268435446675,778,77,41,104,0,0,0,212,infection,876
18.43610316802131,778,77,40,105,0,0,0,212,recovery,683
18.439706571633206,777,78,40,105,0,0,0,213,infection,420
18.45156631463005,777,77,41,105,0,0,0,213,infectious,248
18.5307273321991,776,78,41,105,0,0,0,214,infection,651
18.55709935675568,776,77,42,105,0,0,0,214,infectious,877
18.576513449924445,776,76,43,105,0,0,0,214,infectious,592
18.599881402857704,776,75,44,105,0,0,0,214,infectious,17
18.601177463138743,775,76,44,105,0,0,0,215,infection,687
18.652004286393883,775,76,43,106,0,0,0,215,recovery,867
18.660111485223,775,75,44,106,0,0,0,215,infectious,709
18.727667928793966,775,75,43,107,0,0,0,215,recovery,248
18.740286651777204,774,76,43,107,0,0,0,216,infection,744
18.75612566771798,774,76,42,108,0,0,0,216,recovery,609
18.758240205796504,774,75,43,108,0,0,0,216,infectious,744
18.76766763018561,773,76,43,108,0,0,0,217,infection,278
18.78522273157081,772,77,43,108,0,0,0,218,infection,492
18.813902652263767,771,78,43,108,0,0,0,219,infection,496
18.834711822911835,771,77,44,108,0,0,0,219,infectious,587
18.85275394267369,771,77,43,109,0,0,0,219,recovery,945
18.867276443559735,771,76,44,109,0,0,0,219,infectious,238
18.867738354918412,770,77,44,109,0,0,0,220,infection,751
18.889542230222013,769,78,44,109,0,0,0,221,infection,598
18.91562256004295,768,79,44,109,0,0,0,222,infection,366
18.92774451473534,767,80,44,109,0,0,0,223,infection,772
18.941776856710376,766,81,44,109,0,0,0,224,infection,766
18.946966069752115,766,80,45,109,0,0,0,224,infectious,148
18.99600288874917,766,80,44,110,0,0,0,224,recovery,477
18.99830227856897,766,79,45,110,0,0,0,224,infectious,658
19.00484921262276,766,78,46,110,0,0,0,224,infectious,305
19.045388686610977,765,79,46,110,0,0,0,225,infection,974
19.061642809112623,764,80,46,110,0,0,0,226,infection,265
19.069629837918214,763,81,46,110,0,0,0,227,infection,488
19.07842952098872,763,80,47,110,0,0,0,227,infectious,133
19.085707927762446,763,80,46,111,0,0,0,227,recovery,25
19.12187077412616,763,79,47,111,0,0,0,227,infectious,687
19.136226684663775,763,78,48,111,0,0,0,227,infectious,420
19.142069927374234,763,77,49,111,0,0,0,227,infectious,919
19.1433460756255,763,76,50,111,0,0,0,227,infectious,309
19.180516094547308,763,75,51,111,0,0,0,227,infectious,904
19.201289226083368,762,76,51,111,0,0,0,228,infection,753
19.21877905169785,762,76,50,112,0,0,0,228,recovery,711
19.242058149530994,762,76,49,113,0,0,0,228,recovery,636
19.261439548417016,762,76,48,114,0,0,0,228,recovery,309
19.27101041245672,761,77,48,114,0,0,0,229,infection,664
19.27531025898757,760,78,48,114,0,0,0,230,infection,980
19.27604743270742,760,77,49,114,0,0,0,230,infectious,980
19.317162067065563,759,78,49,114,0,0,0,231,infection,155
19.337881648610384,759,77,50,114,0,0,0,231,infectious,618
19.34209111819146,759,77,49,115,0,0,0,231,recovery,133
19.34254703993702,759,76,50,115,0,0,0,231,infectious,563
19.37536798021686,759,75,51,115,0,0,0,231,infectious,548
19.394145233471292,758,76,51,115,0,0,0,232,infection,392
19.418857518439818,757,77,51,115,0,0,0,233,infection,983
19.434317682291667,757,76,52,115,0,0,0,233,infectious,27
19.435640878735043,757,75,53,115,0,0,0,233,infectious,5
19.462478947503023,757,74,54,115,0,0,0,233,infectious,441
19.495486980568145,757,73,55,115,0,0,0,233,infectious,50
19.513901275976522,756,74,55,115,0,0,0,234,infection,824
19.52112003087653,756,74,54,116,0,0,0,234,recovery,50
19.630300256223258,756,74,53,117,0,0,0,234,recovery,563
19.644444478839237,756,73,54,117,0,0,0,234,infectious,439
19.644733115633304,755,74,54,117,0,0,0,235,infection,449
19.65584961012486,755,74,53,118,0,0,0,235,recovery,621
19.70310812618304,755,74,52,119,0,0,0,235,recovery,152
19.704575387140395,754,75,52,119,0,0,0,236,infection,986
19.711951161325523,754,74,53,119,0,0,0,236,infectious,725
19.73254287192867,753,75,53,119,0,0,0,237,infection,123
19.740440180286647,752,76,53,119,0,0,0,238,infection,63
19.774501113737415,752,75,54,119,0,0,0,238,infectious,63
19.78049329406365,751,76,54,119,0,0,0,239,infection,363
19.787402319752786,751,76,53,120,0,0,0,239,recovery,898
19.804772352010403,751,75,54,120,0,0,0,239,infectious,392
19.820707246906455,751,74,55,120,0,0,0,239,infectious,598
19.820898095122686,751,73,56,120,0,0,0,239,infectious,396
19.827187133580296,751,73,55,121,0,0,0,239,recovery,548
19.842216098531125,751,73,54,122,0,0,0,239,recovery,17
19.8675579278667,750,74,54,122,0,0,0,240,infection,892
19.873053461403014,750,74,53,123,0,0,0,240,recovery,498
19.88366410377868,750,73,54,123,0,0,0,240,infectious,974
19.89004513583214,750,72,55,123,0,0,0,240,infectious,313
19.97954634763185,750,72,54,124,0,0,0,240,recovery,703
19.998364958365052,749,73,54,124,0,0,0,241,infection,716
19.998681234567066,748,74,54,124,0,0,0,242,infection,298
20.009012684057925,747,75,54,124,0,0,0,243,infection,859
20.043003878668998,746,76,54,124,0,0,0,244,infection,437
20.05120586046587,745,77,54,124,0,0,0,245,infection,798
20.064312829498554,744,78,54,124,0,0,0,246,infection,521
20.064885607881212,743,79,54,124,0,0,0,247,infection,668
20.10776346831567,743,78,55,124,0,0,0,247,infectious,639
20.178087598812493,743,78,54,125,0,0,0,247,recovery,167
20.188627392388298,743,78,53,126,0,0,0,247,recovery,63
20.2103071176262,743,78,52,127,0,0,0,247,recovery,639
20.236917406360583,743,78,51,128,0,0,0,247,recovery,919
20.241116461614403,743,77,52,128,0,0,0,247,infectious,278
20.247965129305182,743,77,51,129,0,0,0,247,recovery,904
20.260384586418542,742,78,51,129,0,0,0,248,infection,843
20.293439644787092,742,77,52,129,0,0,0,248,infectious,208
20.307271995277006,742,76,53,129,0,0,0,248,infectious,160
20.30883070788784,742,75,54,129,0,0,0,248,infectious,628
20.326442487007245,742,75,53,130,0,0,0,248,recovery,97
20.358659210440187,742,74,54,130,0,0,0,248,infectious,876
20.376242787769673,741,75,54,130,0,0,0,249,infection,720
20.3771878598007,740,76,54,130,0,0,0,250,infection,699
20.396230164268463,739,77,54,130,0,0,0,251,infection,83
20.397047815462177,738,78,54,130,0,0,0,252,infection,226
20.412824973223394,738,77,55,130,0,0,0,252,infectious,358
20.423784891422105,737,78,55,130,0,0,0,253,infection,981
20.480130843669603,736,79,55,130,0,0,0,254,infection,560
20.524732763323254,735,80,55,130,0,0,0,255,infection,341
20.525502493471855,735,79,56,130,0,0,0,255,infectious,677
20.537948569535853,735,78,57,130,0,0,0,255,infectious,852
20.55327842703871,734,79,57,130,0,0,0,256,infection,246
20.56063540798365,734,78,58,130,0,0,0,256,infectious,824
20.567875946427055,734,77,59,130,0,0,0,256,infectious,838
20.641866825141,734,76,60,130,0,0,0,256,infectious,246
20.647854695360063,733,77,60,130,0,0,0,257,infection,858
20.65012220489734,733,76,61,130,0,0,0,257,infectious,664
20.659617667224275,732,77,61,130,0,0,0,258,infection,789
20.668618456983022,732,77,60,131,0,0,0,258,recovery,396
20.675273106709742,732,76,61,131,0,0,0,258,infectious,668
20.713201696014547,731,77,61,131,0,0,0,259,infection,936
20.733838587475713,731,77,60,132,0,0,0,259,recovery,980
20.737536405076355,731,76,61,132,0,0,0,259,infectious,790
20.80679617256174,731,76,60,133,0,0,0,259,recovery,385
20.814489448688335,731,75,61,133,0,0,0,259,infectious,619
20.818373435590267,731,75,60,134,0,0,0,259,recovery,790
20.818880853896218,731,75,59,135,0,0,0,259,recovery,658
20.8261636215629,730,76,59,135,0,0,0,260,infection,459
20.853929247678483,730,75,60,135,0,0,0,260,infectious,858
20.859294338489054,730,75,59,136,0,0,0,260,recovery,680
20.86381142866925,729,76,59,136,0,0,0,261,infection,377
20.87904742230063,728,77,59,136,0,0,0,262,infection,186
20.886770969332332,728,76,60,136,0,0,0,262,infectious,128
20.900323465314152,728,76,59,137,0,0,0,262,recovery,213
20.93812689332047,727,77,59,137,0,0,0,263,infection,256
20.938838639243023,727,76,60,137,0,0,0,263,infectious,674
20.95789291549493,727,75,61,137,0,0,0,263,infectious,798
20.971328678986154,726,76,61,137,0,0,0,264,infection,826
21.012057285297676,725,77,61,137,0,0,0,265,infection,395
21.042194803488172,724,78,61,137,0,0,0,266,infection,460
21.043764520301046,724,77,62,137,0,0,0,266,infectious,986
21.047186253935717,723,78,62,137,0,0,0,267,infection,580
21.047306368962094,723,78,61,138,0,0,0,267,recovery,148
21.06317287880651,723,78,60,139,0,0,0,267,recovery,628
21.09234104685558,722,79,60,139,0,0,0,268,infection,203
21.096082586221605,722,78,61,139,0,0,0,268,infectious,303
21.114868328979423,722,77,62,139,0,0,0,268,infectious,525
21.123366514444214,722,76,63,139,0,0,0,268,infectious,560
21.124630802664704,722,76,62,140,0,0,0,268,recovery,208
21.12861181942181,721,77,62,140,0,0,0,269,infection,925
21.13275834411167,720,78,62,140,0,0,0,270,infection,486
21.147485370903798,719,79,62,140,0,0,0,271,infection,757
21.151405024072233,718,80,62,140,0,0,0,272,infection,22
21.197868317778887,718,80,61,141,0,0,0,272,recovery,525
21.231579190224156,718,79,62,141,0,0,0,272,infectious,437
21.243734605076348,718,79,61,142,0,0,0,272,recovery,677
21.24648435429182,718,79,60,143,0,0,0,272,recovery,199
21.262226287833677,717,80,60,143,0,0,0,273,infection,578
21.281240274984835,716,81,60,143,0,0,0,274,infection,319
21.307045098901998,716,80,61,143,0,0,0,274,infectious,662
21.33168452137166,716,80,60,144,0,0,0,274,recovery,232
21.332677421960113,716,80,59,145,0,0,0,274,recovery,744
21.33608309113965,716,79,60,145,0,0,0,274,infectious,506
21.341828001380083,716,79,59,146,0,0,0,274,recovery,358
21.357281897492413,715,80,59,146,0,0,0,275,infection,846
21.365290260221197,714,81,59,146,0,0,0,276,infection,671
21.367942494739847,713,82,59,146,0,0,0,277,infection,132
21.405047395088936,712,83,59,146,0,0,0,278,infection,508
21.410776333677376,712,83,58,147,0,0,0,278,recovery,56
21.419869822813048,712,82,59,147,0,0,0,278,infectious,459
21.435824138474427,712,81,60,147,0,0,0,278,infectious,492
21.45695524756075,712,81,59,148,0,0,0,278,recovery,810
21.46518754244955,711,82,59,148,0,0,0,279,infection,814
21.467447570409504,711,82,58,149,0,0,0,279,recovery,27
21.470059923399717,711,82,57,150,0,0,0,279,recovery,986
21.492031458463174,710,83,57,150,0,0,0,280,infection,638
21.538335712725864,710,82,58,150,0,0,0,280,infectious,601
21.550544147986546,710,81,59,150,0,0,0,280,infectious,22
21.552416824478527,709,82,59,150,0,0,0,281,infection,136
21.575204892951636,709,81,60,150,0,0,0,281,infectious,257
21.57905308339018,709,80,61,150,0,0,0,281,infectious,186
21.585772677328265,709,80,60,151,0,0,0,281,recovery,9
21.59065906203829,708,81,60,151,0,0,0,282,infection,206
21.593200250259358,708,80,61,151,0,0,0,282,infectious,765
21.603470936389648,708,79,62,151,0,0,0,282,infectious,265
21.62479850286925,708,79,61,152,0,0,0,282,recovery,592
21.633831172142738,707,80,61,152,0,0,0,283,infection,779
21.634633565013747,707,79,62,152,0,0,0,283,infectious,716
21.645768035100655,707,78,63,152,0,0,0,283,infectious,486
21.675819159643332,706,79,63,152,0,0,0,284,infection,749
21.67766345093598,705,80,63,152,0,0,0,285,infection,844
21.6940826842148,704,81,63,152,0,0,0,286,infection,860
21.737995932038075,703,82,63,152,0,0,0,287,infection,301
21.741028835023126,703,81,64,152,0,0,0,287,infectious,779
21.742822796987525,702,82,64,152,0,0,0,288,infection,77
21.78549596460448,701,83,64,152,0,0,0,289,infection,588
21.79620465753182,701,82,65,152,0,0,0,289,infectious,588
21.798249006452508,701,81,66,152,0,0,0,289,infectious,377
21.816916726962436,700,82,66,152,0,0,0,290,infection,378
21.831020839038906,700,81,67,152,0,0,0,290,infectious,256
21.838600972664302,700,80,68,152,0,0,0,290,infectious,960
21.857589364894686,700,79,69,152,0,0,0,290,infectious,761
21.877084747869716,699,80,69,152,0,0,0,291,infection,880
21.892053092791727,699,79,70,152,0,0,0,291,infectious,521
21.908380443726138,699,78,71,152,0,0,0,291,infectious,766
21.923263674693242,699,78,70,153,0,0,0,291,recovery,441
21.928842210530718,699,78,69,154,0,0,0,291,recovery,631
21.954646845940484,698,79,69,154,0,0,0,292,infection,802
21.96460361068438,698,79,68,155,0,0,0,292,recovery,560
21.96631115994115,698,78,69,155,0,0,0,292,infectious,907
21.989554920292672,697,79,69,155,0,0,0,293,infection,73
22.006458051647506,696,80,69,155,0,0,0,294,infection,67
22.02548212947643,695,81,69,155,0,0,0,295,infection,251
22.04818937957375,695,81,68,156,0,0,0,295,recovery,144
22.092831561568197,695,81,67,157,0,0,0,295,recovery,588
22.147018858126547,694,82,67,157,0,0,0,296,infection,164
22.15009916717954,693,83,67,157,0,0,0,297,infection,634
22.15070837975913,693,82,68,157,0,0,0,297,infectious,772
22.182200423668544,693,82,67,158,0,0,0,297,recovery,766
22.186460597550372,692,83,67,158,0,0,0,298,infection,245
22.19202789767408,692,82,68,158,0,0,0,298,infectious,155
22.19524163651576,691,83,68,158,0,0,0,299,infection,368
22.2006718956627,690,84,68,158,0,0,0,300,infection,340
22.200907589222354,690,83,69,158,0,0,0,300,infectious,497
22.20719304020419,690,83,68,159,0,0,0,300,recovery,313
22.246070693779465,689,84,68,159,0,0,0,301,infection,665
22.247291061331616,688,85,68,159,0,0,0,302,infection,686
22.260448980908272,688,85,67,160,0,0,0,302,recovery,619
22.26451507146379,687,86,67,160,0,0,0,303,infection,893
22.274212335160176,687,86,66,161,0,0,0,303,recovery,379
22.311261231701266,686,87,66,161,0,0,0,304,infection,567
22.34309272178676,685,88,66,161,0,0,0,305,infection,172
22.343862671669186,685,87,67,161,0,0,0,305,infectious,749
22.348612132691866,685,86,68,161,0,0,0,305,infectious,578
22.3545115806336,684,87,68,161,0,0,0,306,infection,533
22.356275579985972,684,86,69,161,0,0,0,306,infectious,432
22.36500447908849,684,85,70,161,0,0,0,306,infectious,267
22.409264252872433,684,84,71,161,0,0,0,306,infectious,638
22.427146141093445,684,84,70,162,0,0,0,306,recovery,310
22.434201655369076,683,85,70,162,0,0,0,307,infection,861
22.447544128406914,682,86,70,162,0,0,0,308,infection,520
22.485726158433394,682,85,71,162,0,0,0,308,infectious,733
22.514227844514153,681,86,71,162,0,0,0,309,infection,816
22.52515722139647,681,85,72,162,0,0,0,309,infectious,671
22.534452560643288,681,85,71,163,0,0,0,309,recovery,22
22.55194194432819,681,85,70,164,0,0,0,309,recovery,765
22.570233695148346,680,86,70,164,0,0,0,310,infection,113
22.58523988566252,680,85,71,164,0,0,0,310,infectious,789
22.58864748064122,679,86,71,164,0,0,0,311,infection,781
22.590092752024177,678,87,71,164,0,0,0,312,infection,483
22.608051730736015,677,88,71,164,0,0,0,313,infection,540
22.613585032333717,677,88,70,165,0,0,0,313,recovery,305
22.616896302746618,676,89,70,165,0,0,0,314,infection,559
22.622931014772508,676,88,71,165,0,0,0,314,infectious,793
22.632130467230517,676,88,70,166,0,0,0,314,recovery,459
22.63455306676135,675,89,70,166,0,0,0,315,infection,359
22.634754015181382,675,88,71,166,0,0,0,315,infectious,567
22.64752739865291,674,89,71,166,0,0,0,316,infection,140
22.665965901344094,674,88,72,166,0,0,0,316,infectious,488
22.66783696486128,673,89,72,166,0,0,0,317,infection,562
22.67100920102973,673,89,71,167,0,0,0,317,recovery,601
22.698956452276995,673,89,70,168,0,0,0,317,recovery,792
22.769428526084926,672,90,70,168,0,0,0,318,infection,409
22.780547897531488,671,91,70,168,0,0,0,319,infection,471
22.79015082842772,670,92,70,168,0,0,0,320,infection,431
22.791974786573217,670,91,71,168,0,0,0,320,infectious,843
22.819558386655512,670,90,72,168,0,0,0,320,infectious,83
22.820268614813408,669,91,72,168,0,0,0,321,infection,217
22.821814630986335,668,92,72,168,0,0,0,322,infection,258
22.825600106965837,668,91,73,168,0,0,0,322,infectious,258
22.829487614003774,668,90,74,168,0,0,0,322,infectious,274
22.84785251064933,668,90,73,169,0,0,0,322,recovery,437
22.848318697890313,668,89,74,169,0,0,0,322,infectious,378
22.86127249696489,668,88,75,169,0,0,0,322,infectious,923
22.883310922291912,668,88,74,170,0,0,0,322,recovery,618
22.9020218628224,667,89,74,170,0,0,0,323,infection,837
22.904710720705967,666,90,74,170,0,0,0,324,infection,130
22.90679929902867,665,91,74,170,0,0,0,325,infection,8
22.919781153615666,664,92,74,170,0,0,0,326,infection,963
22.93769726608248,664,91,75,170,0,0,0,326,infectious,136
22.9660738810857,664,91,74,171,0,0,0,326,recovery,378
22.98848453707876,664,90,75,171,0,0,0,326,infectious,557
23.032963438998124,664,89,76,171,0,0,0,326,infectious,981
23.043315441958946,663,90,76,171,0,0,0,327,infection,606
23.049439883713877,662,91,76,171,0,0,0,328,infection,684
23.0545277236264,662,91,75,172,0,0,0,328,recovery,858
23.06787279887607,661,92,75,172,0,0,0,329,infection,727
23.07388721879846,661,91,76,172,0,0,0,329,infectious,846
23.074011558679846,661,91,75,173,0,0,0,329,recovery,258
23.086504846365376,660,92,75,173,0,0,0,330,infection,764
23.10304567352407,660,92,74,174,0,0,0,330,recovery,278
23.141290568109856,660,91,75,174,0,0,0,330,infectious,880
23.167619271459447,659,92,75,174,0,0,0,331,infection,357
23.176414716711193,658,93,75,174,0,0,0,332,infection,884
23.19641873495951,658,92,76,174,0,0,0,332,infectious,562
23.220093313896076,658,92,75,175,0,0,0,332,recovery,347
23.22242759959434,658,91,76,175,0,0,0,332,infectious,911
23.232433792126454,658,90,77,175,0,0,0,332,infectious,586
23.241448894415218,658,89,78,175,0,0,0,332,infectious,203
23.27882525939575,658,88,79,175,0,0,0,332,infectious,251
23.30401215708298,658,88,78,176,0,0,0,332,recovery,456
23.328617912971726,658,88,77,177,0,0,0,332,recovery,716
23.33757545662985,658,88,76,178,0,0,0,332,recovery,202
23.342651497620434,658,87,77,178,0,0,0,332,infectious,206
23.349303193371394,658,87,76,179,0,0,0,332,recovery,136
23.364966960758828,658,87,75,180,0,0,0,332,recovery,981
23.366489946875916,657,88,75,180,0,0,0,333,infection,141
23.37344232568423,657,88,74,181,0,0,0,333,recovery,876
23.39856923639227,657,87,75,181,0,0,0,333,infectious,471
23.406455828290575,656,88,75,181,0,0,0,334,infection,762
23.414914876438694,656,88,74,182,0,0,0,334,recovery,237
23.42280211331896,656,88,73,183,0,0,0,334,recovery,83
23.443806512506505,655,89,73,183,0,0,0,335,infection,864
23.456918165870306,654,90,73,183,0,0,0,336,infection,339
23.46614744228233,654,89,74,183,0,0,0,336,infectious,561
23.479108015263144,653,90,74,183,0,0,0,337,infection,38
23.51916978996907,652,91,74,183,0,0,0,338,infection,461
23.530697054877365,651,92,74,183,0,0,0,339,infection,964
23.540036494470918,650,93,74,183,0,0,0,340,infection,820
23.554369872535514,650,92,75,183,0,0,0,340,infectious,73
23.57408280781158,650,91,76,183,0,0,0,340,infectious,660
23.597157991088658,649,92,76,183,0,0,0,341,infection,1
23.601111473672397,648,93,76,183,0,0,0,342,infection,48
23.63276465792465,647,94,76,183,0,0,0,343,infection,117
23.643615834488926,647,93,77,183,0,0,0,343,infectious,366
23.683645393312936,647,93,76,184,0,0,0,343,recovery,497
23.685146518802494,646,94,76,184,0,0,0,344,infection,984
23.693663298411465,646,93,77,184,0,0,0,344,infectious,964
23.70604796591245,645,94,77,184,0,0,0,345,infection,15
23.717103774871283,645,94,76,185,0,0,0,345,recovery,880
23.73099243588825,645,93,77,185,0,0,0,345,infectious,686
23.761183662679645,644,94,77,185,0,0,0,346,infection,416
23.768401130599994,644,93,78,185,0,0,0,346,infectious,820
23.773356287788108,644,93,77,186,0,0,0,346,recovery,256
23.77408727358337,643,94,77,186,0,0,0,347,infection,122
23.78415497548257,643,93,78,186,0,0,0,347,infectious,359
23.84368043433967,643,92,79,186,0,0,0,347,infectious,130
23.865333615215803,643,91,80,186,0,0,0,347,infectious,1
23.905694827575708,643,91,79,187,0,0,0,347,recovery,974
23.912674001536065,643,90,80,187,0,0,0,347,infectious,368
23.997711106121717,643,89,81,187,0,0,0,347,infectious,38
24.01986863880704,642,90,81,187,0,0,0,348,infection,785
24.02161172653022,642,90,80,188,0,0,0,348,recovery,674
24.03748171712418,641,91,80,188,0,0,0,349,infection,11
24.040623180970982,641,90,81,188,0,0,0,349,infectious,757
24.043110006298893,641,90,80,189,0,0,0,349,recovery,662
24.0452977718894,641,90,79,190,0,0,0,349,recovery,203
24.082947890899746,641,89,80,190,0,0,0,349,infectious,785
24.095966475287337,640,90,80,190,0,0,0,350,infection,325
24.138320760528803,640,90,79,191,0,0,0,350,recovery,251
24.138454952716693,640,89,80,191,0,0,0,350,infectious,984
24.144244094223634,640,88,81,191,0,0,0,350,infectious,936
24.150044624226066,640,88,80,192,0,0,0,350,recovery,578
24.150266660309875,640,87,81,192,0,0,0,350,infectious,449
24.156951206549287,640,86,82,192,0,0,0,350,infectious,924
24.185730639571904,639,87,82,192,0,0,0,351,infection,390
24.196327180734738,638,88,82,192,0,0,0,352,infection,797
24.20457370258602,637,89,82,192,0,0,0,353,infection,953
24.232752649915614,637,88,83,192,0,0,0,353,infectious,844
24.235218210272187,636,89,83,192,0,0,0,354,infection,939
24.24355045186713,636,88,84,192,0,0,0,354,infectious,325
24.244486640044023,635,89,84,192,0,0,0,355,infection,572
24.270743049742833,635,88,85,192,0,0,0,355,infectious,540
24.291374231494487,634,89,85,192,0,0,0,356,infection,64
24.31440182984258,634,89,84,193,0,0,0,356,recovery,471
24.314698282084095,633,90,84,193,0,0,0,357,infection,750
24.317613974132275,633,90,83,194,0,0,0,357,recovery,820
24.331974327575644,633,90,82,195,0,0,0,357,recovery,439
24.337203176839076,632,91,82,195,0,0,0,358,infection,330
24.337299963441346,632,91,81,196,0,0,0,358,recovery,562
24.37084647914485,632,90,82,196,0,0,0,358,infectious,245
24.415251016289062,631,91,82,196,0,0,0,359,infection,645
24.42231670686996,630,92,82,196,0,0,0,360,infection,370
24.426184635300523,630,91,83,196,0,0,0,360,infectious,123
24.440731579439447,629,92,83,196,0,0,0,361,infection,401
24.441136193455794,628,93,83,196,0,0,0,362,infection,264
24.443701035595936,628,93,82,197,0,0,0,362,recovery,492
24.47486683404332,628,92,83,197,0,0,0,362,infectious,390
24.487331103377837,627,93,83,197,0,0,0,363,infection,736
24.496875857470847,626,94,83,197,0,0,0,364,infection,522
24.50578724040727,626,93,84,197,0,0,0,364,infectious,657
24.523558037957034,626,92,85,197,0,0,0,364,infectious,816
24.56837247785271,625,93,85,197,0,0,0,365,infection,949
24.594491826193924,625,92,86,197,0,0,0,365,infectious,930
24.605908902362103,624,93,86,197,0,0,0,366,infection,926
24.629841317609372,624,93,85,198,0,0,0,366,recovery,987
24.67238104181591,624,92,86,198,0,0,0,366,infectious,341
24.672421090798853,623,93,86,198,0,0,0,367,infection,39
24.673257302255525,622,94,86,198,0,0,0,368,infection,428
24.680787892814678,622,93,87,198,0,0,0,368,infectious,517
24.69147361460855,622,93,86,199,0,0,0,368,recovery,186
24.716721192405142,622,93,85,200,0,0,0,368,recovery,392
24.7551704957319,621,94,85,200,0,0,0,369,infection,527
24.769039650700204,621,94,84,201,0,0,0,369,recovery,772
24.786098900146104,621,94,83,202,0,0,0,369,recovery,368
24.78635347281157,621,94,82,203,0,0,0,369,recovery,130
24.797860228611835,620,95,82,203,0,0,0,370,infection,644
24.803307905862837,620,94,83,203,0,0,0,370,infectious,416
24.80983451629275,619,95,83,203,0,0,0,371,infection,547
24.829526897315585,618,96,83,203,0,0,0,372,infection,476
24.846054865432123,617,97,83,203,0,0,0,373,infection,715
24.882677414305697,617,96,84,203,0,0,0,373,infectious,140
24.895820137435845,617,96,83,204,0,0,0,373,recovery,733
24.91000020791747,617,96,82,205,0,0,0,373,recovery,416
24.965502669964017,617,95,83,205,0,0,0,373,infectious,963
24.967933379472584,617,95,82,206,0,0,0,373,recovery,245
25.00255236513383,617,95,81,207,0,0,0,373,recovery,789
25.005508017593414,616,96,81,207,0,0,0,374,infection,825
25.010541895185934,616,96,80,208,0,0,0,374,recovery,660
25.02043806372372,616,95,81,208,0,0,0,374,infectious,762
25.02075310713433,616,95,80,209,0,0,0,374,recovery,449
25.021978228637312,616,95,79,210,0,0,0,374,recovery,959
25.06983147615862,616,94,80,210,0,0,0,374,infectious,36
25.083586505409652,615,95,80,210,0,0,0,375,infection,266
25.085216757874925,614,96,80,210,0,0,0,376,infection,678
25.088856001158128,614,96,79,211,0,0,0,376,recovery,325
25.090587188880534,614,96,78,212,0,0,0,376,recovery,757
25.108797691081755,614,96,77,213,0,0,0,376,recovery,450
25.111672735130554,614,95,78,213,0,0,0,376,infectious,547
25.11598320396004,614,94,79,213,0,0,0,376,infectious,665
25.118293190194862,614,94,78,214,0,0,0,376,recovery,816
25.14576533612242,614,94,77,215,0,0,0,376,recovery,238
25.154312966701845,613,95,77,215,0,0,0,377,infection,42
25.169992646895274,612,96,77,215,0,0,0,378,infection,276
25.19832800916852,611,97,77,215,0,0,0,379,infection,629
25.217738334732523,611,97,76,216,0,0,0,379,recovery,506
25.23737141651145,611,96,77,216,0,0,0,379,infectious,132
25.28204131567836,611,95,78,216,0,0,0,379,infectious,893
25.317805192966418,611,94,79,216,0,0,0,379,infectious,684
25.329658950231178,611,93,80,216,0,0,0,379,infectious,67
25.340713045259164,611,92,81,216,0,0,0,379,infectious,483
25.352941665027227,611,91,82,216,0,0,0,379,infectious,634
25.35308465944738,611,91,81,217,0,0,0,379,recovery,911
25.366888647867906,611,90,82,217,0,0,0,379,infectious,42
25.382240913639702,611,89,83,217,0,0,0,379,infectious,802
25.391711439741538,611,89,82,218,0,0,0,379,recovery,265
25.46209973647283,610,90,82,218,0,0,0,380,infection,262
25.46318660336191,610,89,83,218,0,0,0,380,infectious,461
25.492750559258507,610,88,84,218,0,0,0,380,infectious,860
25.49504460385172,609,89,84,218,0,0,0,381,infection,89
25.51740022731929,609,89,83,219,0,0,0,381,recovery,132
25.547559243098252,609,89,82,220,0,0,0,381,recovery,779
25.55349097183824,609,88,83,220,0,0,0,381,infectious,736
25.5633181714096,609,87,84,220,0,0,0,381,infectious,476
25.574553313571553,608,88,84,220,0,0,0,382,infection,579
25.5815289130929,608,87,85,220,0,0,0,382,infectious,861
25.583961194925397,608,86,86,220,0,0,0,382,infectious,89
25.6128034644945,608,85,87,220,0,0,0,382,infectious,48
25.628699739737108,607,86,87,220,0,0,0,383,infection,823
25.63855994373705,607,86,86,221,0,0,0,383,recovery,638
25.643894292631053,607,85,87,221,0,0,0,383,infectious,64
25.650018676162,606,86,87,221,0,0,0,384,infection,502
25.67425612905277,606,85,88,221,0,0,0,384,infectious,301
25.678600291637355,606,84,89,221,0,0,0,384,infectious,409
25.684504579499418,605,85,89,221,0,0,0,385,infection,293
25.694728867314694,605,85,88,222,0,0,0,385,recovery,984
25.69565909155929,605,84,89,222,0,0,0,385,infectious,431
25.700940231376833,604,85,89,222,0,0,0,386,infection,342
25.70425314604787,604,85,88,223,0,0,0,386,recovery,123
25.71854095458813,603,86,88,223,0,0,0,387,infection,969
25.72369368933115,602,87,88,223,0,0,0,388,infection,888
25.763890570335317,602,86,89,223,0,0,0,388,infectious,983
25.802696606363288,601,87,89,223,0,0,0,389,infection,69
25.815564790530264,600,88,89,223,0,0,0,390,infection,672
25.81701274589135,599,89,89,223,0,0,0,391,infection,12
25.821634261036074,598,90,89,223,0,0,0,392,infection,815
25.826204815656002,597,91,89,223,0,0,0,393,infection,546
25.841360900293388,597,91,88,224,0,0,0,393,recovery,461
25.845166231494034,597,91,87,225,0,0,0,393,recovery,687
25.84521637395381,597,91,86,226,0,0,0,393,recovery,257
25.885819685633948,596,92,86,226,0,0,0,394,infection,605
25.8922973043384,596,91,87,226,0,0,0,394,infectious,715
25.89433588605628,595,92,87,226,0,0,0,395,infection,142
25.901805215302076,595,91,88,226,0,0,0,395,infectious,837
25.90806046454575,595,91,87,227,0,0,0,395,recovery,620
25.918569211446396,595,91,86,228,0,0,0,395,recovery,547
25.918764150468668,594,92,86,228,0,0,0,396,infection,312
25.93556675699409,594,91,87,228,0,0,0,396,infectious,298
25.948472754279702,594,90,88,228,0,0,0,396,infectious,814
25.953586336650073,594,89,89,228,0,0,0,396,infectious,319
25.960760002625417,593,90,89,228,0,0,0,397,infection,661
25.96673653582354,593,89,90,228,0,0,0,397,infectious,650
25.97551368263104,593,89,89,229,0,0,0,397,recovery,377
25.976336194227216,593,89,88,230,0,0,0,397,recovery,38
26.033917487947726,593,89,87,231,0,0,0,397,recovery,923
26.040565959013254,593,89,86,232,0,0,0,397,recovery,73
26.05234911506424,593,88,87,232,0,0,0,397,infectious,542
26.053784478356498,593,87,88,232,0,0,0,397,infectious,117
26.062321170951577,592,88,88,232,0,0,0,398,infection,291
26.06414466616009,592,88,87,233,0,0,0,398,recovery,420
26.064708035459912,591,89,87,233,0,0,0,399,infection,74
26.122988962576716,591,88,88,233,0,0,0,399,infectious,11
26.129082121576353,590,89,88,233,0,0,0,400,infection,689
26.14829340239996,590,89,87,234,0,0,0,400,recovery,668
26.154028146707617,590,88,88,234,0,0,0,400,infectious,39
26.160420383889885,590,87,89,234,0,0,0,400,infectious,689
26.172140260623404,589,88,89,234,0,0,0,401,infection,854
26.172191925196525,589,88,88,235,0,0,0,401,recovery,319
26.193822693953337,588,89,88,235,0,0,0,402,infection,281
26.209099762358846,588,89,87,236,0,0,0,402,recovery,341
26.209165573887514,588,88,88,236,0,0,0,402,infectious,925
26.220462482821908,587,89,88,236,0,0,0,403,infection,568
26.221579174447324,586,90,88,236,0,0,0,404,infection,902
26.245058089370037,585,91,88,236,0,0,0,405,infection,221
26.25678804174886,584,92,88,236,0,0,0,406,infection,569
26.26746734275356,583,93,88,236,0,0,0,407,infection,666
26.268953954171355,583,93,87,237,0,0,0,407,recovery,567
26.272349952206326,583,93,86,238,0,0,0,407,recovery,160
26.273767340125694,583,92,87,238,0,0,0,407,infectious,888
26.296971945386513,582,93,87,238,0,0,0,408,infection,778
26.321103688592927,582,92,88,238,0,0,0,408,infectious,815
26.323186544341556,582,91,89,238,0,0,0,408,infectious,884
26.332411724249656,582,90,90,238,0,0,0,408,infectious,113
26.356898226248305,582,90,89,239,0,0,0,408,recovery,206
26.360223042748455,581,91,89,239,0,0,0,409,infection,399
26.385411322534175,580,92,89,239,0,0,0,410,infection,679
26.386811202063427,579,93,89,239,0,0,0,411,infection,641
26.393826028771176,579,93,88,240,0,0,0,411,recovery,924
26.395386083215907,578,94,88,240,0,0,0,412,infection,261
26.41838984564883,578,94,87,241,0,0,0,412,recovery,963
26.421950328715983,577,95,87,241,0,0,0,413,infection,696
26.427278912718858,577,95,86,242,0,0,0,413,recovery,709
26.43298784894938,576,96,86,242,0,0,0,414,infection,976
26.45464418020306,576,95,87,242,0,0,0,414,infectious,949
26.461507020151856,576,95,86,243,0,0,0,414,recovery,930
26.469678385652774,576,94,87,243,0,0,0,414,infectious,312
26.48994645276425,576,93,88,243,0,0,0,414,infectious,778
26.505373054511605,575,94,88,243,0,0,0,415,infection,434
26.51484123202067,574,95,88,243,0,0,0,416,infection,350
26.528725965527318,574,94,89,243,0,0,0,416,infectious,751
26.550115375536514,574,94,88,244,0,0,0,416,recovery,814
26.631456076858342,574,94,87,245,0,0,0,416,recovery,542
26.64172764264677,573,95,87,245,0,0,0,417,infection,989
26.689478830892654,573,95,86,246,0,0,0,417,recovery,39
26.693195828516803,572,96,86,246,0,0,0,418,infection,47
26.71476373218282,572,96,85,247,0,0,0,418,recovery,409
26.762656418205303,571,97,85,247,0,0,0,419,infection,599
26.829117698275283,571,96,86,247,0,0,0,419,infectious,678
26.836344910346533,571,96,85,248,0,0,0,419,recovery,359
26.876487943534897,571,96,84,249,0,0,0,419,recovery,749
26.88801839352668,571,96,83,250,0,0,0,419,recovery,113
26.89844508498016,571,95,84,250,0,0,0,419,infectious,395
26.910860691446285,570,96,84,250,0,0,0,420,infection,615
26.927777180248366,570,95,85,250,0,0,0,420,infectious,172
26.930948789170174,570,95,84,251,0,0,0,420,recovery,907
26.93519173683136,570,94,85,251,0,0,0,420,infectious,645
26.948637910754584,570,93,86,251,0,0,0,420,infectious,976
26.960723317468382,570,93,85,252,0,0,0,420,recovery,431
26.979031405141228,570,93,84,253,0,0,0,420,recovery,586
26.983855534313744,570,92,85,253,0,0,0,420,infectious,276
26.990639688673912,570,92,84,254,0,0,0,420,recovery,884
26.9999042247075,570,91,85,254,0,0,0,420,infectious,370
27.00824361249414,570,91,84,255,0,0,0,420,recovery,635
27.00864057867444,570,90,85,255,0,0,0,420,infectious,47
27.02636802739118,570,89,86,255,0,0,0,420,infectious,699
27.027943892496562,569,90,86,255,0,0,0,421,infection,362
27.03717212919976,569,90,85,256,0,0,0,421,recovery,925
27.03840208501262,568,91,85,256,0,0,0,422,infection,704
27.05556403098669,568,90,86,256,0,0,0,422,infectious,164
27.062366041137874,568,89,87,256,0,0,0,422,infectious,533
27.06417479318291,568,88,88,256,0,0,0,422,infectious,606
27.082260670086487,568,88,87,257,0,0,0,422,recovery,276
27.10990223944063,567,89,87,257,0,0,0,423,infection,215
27.111854301209625,567,88,88,257,0,0,0,423,infectious,569
27.140591834270598,567,87,89,257,0,0,0,423,infectious,750
27.148815203002602,567,87,88,258,0,0,0,423,recovery,312
27.14967928690459,567,87,87,259,0,0,0,423,recovery,678
27.16266622476679,567,86,88,259,0,0,0,423,infectious,727
27.162984597730276,566,87,88,259,0,0,0,424,infection,468
27.169081555697957,566,87,87,260,0,0,0,424,recovery,3
27.177718390930938,566,86,88,260,0,0,0,424,infectious,141
27.183219496376747,565,87,88,260,0,0,0,425,infection,33
27.18736403914342,564,88,88,260,0,0,0,426,infection,878
27.196916416844186,564,87,89,260,0,0,0,426,infectious,122
27.210387310537897,563,88,89,260,0,0,0,427,infection,895
27.214912059212022,562,89,89,260,0,0,0,428,infection,857
27.29431031803617,561,90,89,260,0,0,0,429,infection,955
27.313526747889117,561,90,88,261,0,0,0,429,recovery,298
27.31364744531435,561,89,89,261,0,0,0,429,infectious,764
27.3515488453684,561,89,88,262,0,0,0,429,recovery,751
27.365521207928218,561,89,87,263,0,0,0,429,recovery,47
27.385584732520215,561,89,86,264,0,0,0,429,recovery,650
27.3885160315436,560,90,86,264,0,0,0,430,infection,873
27.39230643079464,560,89,87,264,0,0,0,430,infectious,496
27.39952455908363,560,88,88,264,0,0,0,430,infectious,989
27.401592942510916,560,88,87,265,0,0,0,430,recovery,42
27.424039461587803,560,87,88,265,0,0,0,430,infectious,644
27.444820690827672,560,87,87,266,0,0,0,430,recovery,964
27.461075341931075,560,86,88,266,0,0,0,430,infectious,12
27.46552302032715,560,86,87,267,0,0,0,430,recovery,949
27.483068263459923,560,86,86,268,0,0,0,430,recovery,540
27.49930568963083,560,86,85,269,0,0,0,430,recovery,798
27.522344381003304,559,87,85,269,0,0,0,431,infection,106
27.524978486769395,559,86,86,269,0,0,0,431,infectious,579
27.593405755426357,559,85,87,269,0,0,0,431,infectious,93
27.664010216042687,559,84,88,269,0,0,0,431,infectious,401
27.674247999601032,558,85,88,269,0,0,0,432,infection,886
27.677020079436588,558,85,87,270,0,0,0,432,recovery,877
27.716930246761383,557,86,87,270,0,0,0,433,infection,694
27.78967286756818,557,85,88,270,0,0,0,433,infectious,261
27.79283829719587,557,85,87,271,0,0,0,433,recovery,843
27.83313738556305,556,86,87,271,0,0,0,434,infection,360
27.8487247381772,556,86,86,272,0,0,0,434,recovery,496
27.871741127885336,556,85,87,272,0,0,0,434,infectious,718
27.876407519680136,555,86,87,272,0,0,0,435,infection,566
27.89592595880168,555,85,88,272,0,0,0,435,infectious,580
27.92265126365635,555,84,89,272,0,0,0,435,infectious,15
27.937190674396316,555,84,88,273,0,0,0,435,recovery,802
27.943532574760138,554,85,88,273,0,0,0,436,infection,978
27.945683520227252,553,86,88,273,0,0,0,437,infection,382
27.969519812421876,553,86,87,274,0,0,0,437,recovery,517
27.98101474906059,553,85,88,274,0,0,0,437,infectious,281
27.98798561063609,552,86,88,274,0,0,0,438,infection,841
27.99540141199918,551,87,88,274,0,0,0,439,infection,263
28.003814974296024,550,88,88,274,0,0,0,440,infection,105
28.021926194212476,550,88,87,275,0,0,0,440,recovery,837
28.027139072131604,550,88,86,276,0,0,0,440,recovery,888
28.044614059155744,549,89,86,276,0,0,0,441,infection,710
28.046613091243714,549,89,85,277,0,0,0,441,recovery,1
28.05738675456393,548,90,85,277,0,0,0,442,infection,457
28.057828067367858,547,91,85,277,0,0,0,443,infection,490
28.062899486845442,547,90,86,277,0,0,0,443,infectious,382
28.064292271539106,547,89,87,277,0,0,0,443,infectious,33
28.08492327647759,547,88,88,277,0,0,0,443,infectious,339
28.092191194184988,547,87,89,277,0,0,0,443,infectious,825
28.118523858433505,547,86,90,277,0,0,0,443,infectious,892
28.119466150841408,546,87,90,277,0,0,0,444,infection,324
28.12004258117635,545,88,90,277,0,0,0,445,infection,54
28.121473978725916,545,87,91,277,0,0,0,445,infectious,704
28.15935023716712,545,86,92,277,0,0,0,445,infectious,324
28.180680748743384,545,85,93,277,0,0,0,445,infectious,296
28.19682357278397,545,85,92,278,0,0,0,445,recovery,718
28.223095094807015,545,84,93,278,0,0,0,445,infectious,363
28.25157926898599,545,84,92,279,0,0,0,445,recovery,11
28.259511179498695,545,84,91,280,0,0,0,445,recovery,5
28.276162695606814,545,83,92,280,0,0,0,445,infectious,54
28.279910206231957,545,83,91,281,0,0,0,445,recovery,164
28.31140040411047,545,83,90,282,0,0,0,445,recovery,296
28.318790982222673,544,84,90,282,0,0,0,446,infection,738
28.32166909855447,544,83,91,282,0,0,0,446,infectious,226
28.3221176112059,544,83,90,283,0,0,0,446,recovery,579
28.33551098642712,543,84,90,283,0,0,0,447,infection,84
28.340114435834224,543,84,89,284,0,0,0,447,recovery,569
28.361199598262623,543,83,90,284,0,0,0,447,infectious,193
28.37198942791874,542,84,90,284,0,0,0,448,infection,985
28.384416084735417,542,83,91,284,0,0,0,448,infectious,434
28.414549399183045,542,82,92,284,0,0,0,448,infectious,330
28.42612916042876,542,81,93,284,0,0,0,448,infectious,955
28.436124774793047,542,81,92,285,0,0,0,448,recovery,644
28.473970082207252,542,81,91,286,0,0,0,448,recovery,64
28.514367489718424,541,82,91,286,0,0,0,449,infection,153
28.539937411300528,541,81,92,286,0,0,0,449,infectious,84
28.55195926987275,541,80,93,286,0,0,0,449,infectious,599
28.558670538448084,540,81,93,286,0,0,0,450,infection,387
28.571058140782913,540,81,92,287,0,0,0,450,recovery,860
28.574956928343568,540,80,93,287,0,0,0,450,infectious,651
28.593989996606375,540,80,92,288,0,0,0,450,recovery,955
28.602209055416985,540,79,93,288,0,0,0,450,infectious,217
28.605929897464062,539,80,93,288,0,0,0,451,infection,297
28.644038790323037,538,81,93,288,0,0,0,452,infection,881
28.64924607891564,537,82,93,288,0,0,0,453,infection,914
28.661793149826757,536,83,93,288,0,0,0,454,infection,903
28.66253892352246,536,82,94,288,0,0,0,454,infectious,221
28.67222117595338,536,81,95,288,0,0,0,454,infectious,297
28.685555779356854,536,81,94,289,0,0,0,454,recovery,844
28.699401909927012,535,82,94,289,0,0,0,455,infection,96
28.71708058770912,534,83,94,289,0,0,0,456,infection,230
28.719237328269298,533,84,94,289,0,0,0,457,infection,454
28.747842035282392,532,85,94,289,0,0,0,458,infection,18
28.753002088413854,531,86,94,289,0,0,0,459,infection,871
28.75586040327231,530,87,94,289,0,0,0,460,infection,469
28.77983475707834,530,86,95,289,0,0,0,460,infectious,357
28.80111497814915,530,86,94,290,0,0,0,460,recovery,976
28.81060005303166,529,87,94,290,0,0,0,461,infection,24
28.828300968825808,529,86,95,290,0,0,0,461,infectious,266
28.89644982563976,529,85,96,290,0,0,0,461,infectious,350
28.897555341183015,529,85,95,291,0,0,0,461,recovery,155
28.89779102941837,529,85,94,292,0,0,0,461,recovery,764
28.90280642240472,528,86,94,292,0,0,0,462,infection,271
28.90552885619414,527,87,94,292,0,0,0,463,infection,625
28.922215902280175,526,88,94,292,0,0,0,464,infection,225
28.925617732260463,526,88,93,293,0,0,0,464,recovery,193
28.957684361952825,525,89,93,293,0,0,0,465,infection,283
29.00144453626753,524,90,93,293,0,0,0,466,infection,977
29.01613027305069,523,91,93,293,0,0,0,467,infection,500
29.01744707223307,522,92,93,293,0,0,0,468,infection,29
29.04570730599106,521,93,93,293,0,0,0,469,infection,57
29.07468593304727,521,93,92,294,0,0,0,469,recovery,983
29.079509598392463,521,92,93,294,0,0,0,469,infectious,566
29.0852264919949,521,91,94,294,0,0,0,469,infectious,77
29.10144515570128,521,90,95,294,0,0,0,469,infectious,527
29.11955997293903,521,89,96,294,0,0,0,469,infectious,262
29.148701187884452,520,90,96,294,0,0,0,470,infection,440
29.149435151931502,520,89,97,294,0,0,0,470,infectious,215
29.16585263525091,519,90,97,294,0,0,0,471,infection,728
29.189625189339257,518,91,97,294,0,0,0,472,infection,174
29.193936371981682,518,90,98,294,0,0,0,472,infectious,625
29.20717862344815,517,91,98,294,0,0,0,473,infection,188
29.22974447941937,517,90,99,294,0,0,0,473,infectious,886
29.234989881129643,517,89,100,294,0,0,0,473,infectious,878
29.2522327951516,517,89,99,295,0,0,0,473,recovery,761
29.270112979811323,517,89,98,296,0,0,0,473,recovery,715
29.274074118353624,516,90,98,296,0,0,0,474,infection,59
29.28313990349446,516,89,99,296,0,0,0,474,infectious,29
29.29099433455876,516,88,100,296,0,0,0,474,infectious,460
29.306252589138584,515,89,100,296,0,0,0,475,infection,37
29.307337973379255,514,90,100,296,0,0,0,476,infection,835
29.310113618214853,514,89,101,296,0,0,0,476,infectious,468
29.31981039961213,514,88,102,296,0,0,0,476,infectious,24
29.34170897566349,514,88,101,297,0,0,0,476,recovery,141
29.352622748167285,514,87,102,297,0,0,0,476,infectious,914
29.360507256682276,513,88,102,297,0,0,0,477,infection,487
29.365736424722428,513,87,103,297,0,0,0,477,infectious,362
29.380120300555564,513,86,104,297,0,0,0,477,infectious,37
29.444861212373922,513,85,105,297,0,0,0,477,infectious,546
29.450821773746057,513,84,106,297,0,0,0,477,infectious,826
29.45397251462466,513,83,107,297,0,0,0,477,infectious,623
29.472872881486403,513,82,108,297,0,0,0,477,infectious,18
29.47633822901374,513,82,107,298,0,0,0,477,recovery,699
29.48794636104926,513,81,108,298,0,0,0,477,infectious,902
29.490050981479538,512,82,108,298,0,0,0,478,infection,135
29.49224152120099,511,83,108,298,0,0,0,479,infection,412
29.492591055078133,511,82,109,298,0,0,0,479,infectious,360
29.501694439289366,510,83,109,298,0,0,0,480,infection,931
29.50282435315056,510,83,108,299,0,0,0,480,recovery,362
29.518029020917965,510,82,109,299,0,0,0,480,infectious,738
29.529571963668406,509,83,109,299,0,0,0,481,infection,593
29.543021906784432,509,83,108,300,0,0,0,481,recovery,140
29.55912844701258,509,83,107,301,0,0,0,481,recovery,960
29.559244546962955,509,83,106,302,0,0,0,481,recovery,84
29.581733002837364,509,82,107,302,0,0,0,481,infectious,895
29.623098718264536,509,82,106,303,0,0,0,481,recovery,736
29.62362022554168,509,82,105,304,0,0,0,481,recovery,357
29.62967968060489,509,82,104,305,0,0,0,481,recovery,645
29.656980608547993,509,81,105,305,0,0,0,481,infectious,903
29.674810040619203,509,81,104,306,0,0,0,481,recovery,657
29.68554235861486,509,81,103,307,0,0,0,481,recovery,301
29.68778993149564,509,81,102,308,0,0,0,481,recovery,566
29.69606705845581,508,82,102,308,0,0,0,482,infection,822
29.699299405698103,508,82,101,309,0,0,0,482,recovery,18
29.711784696395576,508,81,102,309,0,0,0,482,infectious,551
29.729572230652018,508,81,101,310,0,0,0,482,recovery,598
29.732269021222372,508,80,102,310,0,0,0,482,infectious,454
29.73544347269903,508,80,101,311,0,0,0,482,recovery,36
29.74845683688634,508,79,102,311,0,0,0,482,infectious,679
29.753533927621913,507,80,102,311,0,0,0,483,infection,116
29.769385988117136,507,80,101,312,0,0,0,483,recovery,623
29.805386279220237,507,79,102,312,0,0,0,483,infectious,440
29.812865694770203,506,80,102,312,0,0,0,484,infection,754
29.879699115641486,505,81,102,312,0,0,0,485,infection,524
29.880999314600437,505,81,101,313,0,0,0,485,recovery,664
29.886556666064084,504,82,101,313,0,0,0,486,infection,507
29.897988009551316,503,83,101,313,0,0,0,487,infection,405
29.908604013713084,503,82,102,313,0,0,0,487,infectious,720
29.94697384847495,502,83,102,313,0,0,0,488,infection,222
29.967198111821876,501,84,102,313,0,0,0,489,infection,307
29.98819288374258,500,85,102,313,0,0,0,490,infection,23
29.991480424682862,499,86,102,313,0,0,0,491,infection,972
30.00517736763932,498,87,102,313,0,0,0,492,infection,714
30.00646409572761,497,88,102,313,0,0,0,493,infection,954
30.013840604223816,497,88,101,314,0,0,0,493,recovery,704
30.01505823035135,497,88,100,315,0,0,0,493,recovery,363
30.03196629784888,497,87,101,315,0,0,0,493,infectious,59
30.033673787880684,497,86,102,315,0,0,0,493,infectious,873
30.04006144978933,497,86,101,316,0,0,0,493,recovery,33
30.041121082809894,497,85,102,316,0,0,0,493,infectious,797
30.056162883994467,497,85,101,317,0,0,0,493,recovery,533
30.086334949078633,497,85,100,318,0,0,0,493,recovery,274
30.086635059963275,497,85,99,319,0,0,0,493,recovery,432
30.104452553393106,497,85,98,320,0,0,0,493,recovery,551
30.125646018812596,497,85,97,321,0,0,0,493,recovery,824
30.13831173173507,497,85,96,322,0,0,0,493,recovery,785
30.15356853261312,497,84,97,322,0,0,0,493,infectious,694
30.178110966698036,496,85,97,322,0,0,0,494,infection,244
30.207436478872197,496,85,96,323,0,0,0,494,recovery,172
30.209244889902163,495,86,96,323,0,0,0,495,infection,646
30.21825904129275,495,86,95,324,0,0,0,495,recovery,440
30.23784872366815,495,85,96,324,0,0,0,495,infectious,43
30.245361829662333,495,84,97,324,0,0,0,495,infectious,283
30.266199037734953,494,85,97,324,0,0,0,496,infection,947
30.291340818996712,493,86,97,324,0,0,0,497,infection,46
30.299440633062126,493,86,96,325,0,0,0,497,recovery,587
30.30801457617552,492,87,96,325,0,0,0,498,infection,408
30.32962208635136,491,88,96,325,0,0,0,499,infection,464
30.336795357121176,490,89,96,325,0,0,0,500,infection,534
30.34763329910623,490,88,97,325,0,0,0,500,infectious,593
30.349326337822845,490,88,96,326,0,0,0,500,recovery,401
30.349771074371944,490,87,97,326,0,0,0,500,infectious,931
30.358287125295494,489,88,97,326,0,0,0,501,infection,151
30.38406365006488,489,88,96,327,0,0,0,501,recovery,679
30.4462945922889,489,87,97,327,0,0,0,501,infectious,835
30.453062668404574,489,87,96,328,0,0,0,501,recovery,902
30.48107549369562,489,86,97,328,0,0,0,501,infectious,69
30.49353359915743,489,86,96,329,0,0,0,501,recovery,366
30.49577959253482,489,85,97,329,0,0,0,501,infectious,507
30.50850459060903,489,84,98,329,0,0,0,501,infectious,264
30.51779480224656,489,83,99,329,0,0,0,501,infectious,408
30.51909250765024,489,82,100,329,0,0,0,501,infectious,572
30.526156656544902,489,81,101,329,0,0,0,501,infectious,969
30.52847903136063,488,82,101,329,0,0,0,502,infection,938
30.538288928771305,488,82,100,330,0,0,0,502,recovery,825
30.53946505327527,488,82,99,331,0,0,0,502,recovery,12
30.55207615297511,488,82,98,332,0,0,0,502,recovery,246
30.552462714723386,488,81,99,332,0,0,0,502,infectious,938
30.554087984648195,488,81,98,333,0,0,0,502,recovery,77
30.563083371333484,487,82,98,333,0,0,0,503,infection,374
30.57035096944898,487,82,97,334,0,0,0,503,recovery,521
30.573997822994706,487,81,98,334,0,0,0,503,infectious,500
30.58424770385373,487,81,97,335,0,0,0,503,recovery,853
30.608579244081366,487,81,96,336,0,0,0,503,recovery,339
30.62636891128922,487,81,95,337,0,0,0,503,recovery,778
30.641018188032213,487,81,94,338,0,0,0,503,recovery,797
30.651386332530613,487,80,95,338,0,0,0,503,infectious,823
30.655093609210766,487,80,94,339,0,0,0,503,recovery,281
30.674908860466235,486,81,94,339,0,0,0,504,infection,107
30.67704510084673,486,80,95,339,0,0,0,504,infectious,604
30.695889655628733,486,79,96,339,0,0,0,504,infectious,629
30.74612326265094,486,78,97,339,0,0,0,504,infectious,646
30.764160678421888,486,78,96,340,0,0,0,504,recovery,634
30.76797167007274,486,78,95,341,0,0,0,504,recovery,969
30.774796106409678,486,78,94,342,0,0,0,504,recovery,671
30.77557642658606,486,78,93,343,0,0,0,504,recovery,122
30.77613358176849,485,79,93,343,0,0,0,505,infection,444
30.79438293490784,484,80,93,343,0,0,0,506,infection,344
30.799732591885846,483,81,93,343,0,0,0,507,infection,335
30.82420994475354,483,80,94,343,0,0,0,507,infectious,457
30.836543020793712,483,80,93,344,0,0,0,507,recovery,738
30.846201687629513,482,81,93,344,0,0,0,508,infection,970
30.86886340895497,481,82,93,344,0,0,0,509,infection,328
30.874267351251437,481,82,92,345,0,0,0,509,recovery,89
30.882511611094156,481,81,93,345,0,0,0,509,infectious,615
30.89494564888944,481,81,92,346,0,0,0,509,recovery,793
30.91179149763727,481,80,93,346,0,0,0,509,infectious,23
30.912619049201385,481,80,92,347,0,0,0,509,recovery,43
30.937417639825025,480,81,92,347,0,0,0,510,infection,951
30.940912151506755,480,80,93,347,0,0,0,510,infectious,57
30.941930371133612,480,79,94,347,0,0,0,510,infectious,666
30.952918776799468,480,79,93,348,0,0,0,510,recovery,914
30.98108559525822,479,80,93,348,0,0,0,511,infection,942
30.98865441552594,479,79,94,348,0,0,0,511,infectious,116
31.002018946358824,479,78,95,348,0,0,0,511,infectious,568
31.006464904474466,479,78,94,349,0,0,0,511,recovery,382
31.02562541545379,478,79,94,349,0,0,0,512,infection,306
31.07035294340642,478,79,93,350,0,0,0,512,recovery,572
31.094146830062442,477,80,93,350,0,0,0,513,infection,288
31.1002986257799,477,80,92,351,0,0,0,513,recovery,878
31.131275471242162,476,81,92,351,0,0,0,514,infection,371
31.134477534097883,476,80,93,351,0,0,0,514,infectious,559
31.16698661266096,476,80,92,352,0,0,0,514,recovery,750
31.183721814794257,476,79,93,352,0,0,0,514,infectious,977
31.208367028327253,476,78,94,352,0,0,0,514,infectious,696
31.22376387899142,475,79,94,352,0,0,0,515,infection,512
31.250631067188884,474,80,94,352,0,0,0,516,infection,115
31.269041121277073,473,81,94,352,0,0,0,517,infection,315
31.28826254410754,473,80,95,352,0,0,0,517,infectious,412
31.288461020198568,472,81,95,352,0,0,0,518,infection,574
31.29255896300524,471,82,95,352,0,0,0,519,infection,337
31.40952390203421,470,83,95,352,0,0,0,520,infection,897
31.41862447824043,469,84,95,352,0,0,0,521,infection,946
31.42139381468954,469,83,96,352,0,0,0,521,infectious,153
31.483804974325235,468,84,96,352,0,0,0,522,infection,443
31.488298879363633,468,84,95,353,0,0,0,522,recovery,689
31.490179587872174,468,83,96,353,0,0,0,522,infectious,490
31.517895727088742,467,84,96,353,0,0,0,523,infection,731
31.542197897340024,467,84,95,354,0,0,0,523,recovery,390
31.57061156492952,467,84,94,355,0,0,0,523,recovery,24
31.57119343931254,467,84,93,356,0,0,0,523,recovery,727
31.583632523885463,467,83,94,356,0,0,0,523,infectious,897
31.613315886729463,466,84,94,356,0,0,0,524,infection,51
31.61925946693291,466,83,95,356,0,0,0,524,infectious,754
31.636826159972774,466,83,94,357,0,0,0,524,recovery,754
31.63947172751275,466,82,95,357,0,0,0,524,infectious,428
31.664470454989434,466,81,96,357,0,0,0,524,infectious,714
31.746394189874863,465,82,96,357,0,0,0,525,infection,44
31.773748402426143,465,82,95,358,0,0,0,525,recovery,264
31.780492614436348,465,81,96,358,0,0,0,525,infectious,96
31.837387688518465,465,81,95,359,0,0,0,525,recovery,580
31.849601512939866,465,80,96,359,0,0,0,525,infectious,222
31.869162625372308,464,81,96,359,0,0,0,526,infection,239
31.89342005229619,464,81,95,360,0,0,0,526,recovery,153
31.898398590912656,464,81,94,361,0,0,0,526,recovery,507
31.89893760725744,464,80,95,361,0,0,0,526,infectious,881
31.90503599531516,463,81,95,361,0,0,0,527,infection,207
31.908248735897235,463,81,94,362,0,0,0,527,recovery,629
31.92124197335959,463,81,93,363,0,0,0,527,recovery,989
31.934064902643065,462,82,93,363,0,0,0,528,infection,819
32.00279315937316,462,82,92,364,0,0,0,528,recovery,892
32.007674988510374,462,82,91,365,0,0,0,528,recovery,412
32.023744535860104,462,82,90,366,0,0,0,528,recovery,267
32.046374641993,462,82,89,367,0,0,0,528,recovery,59
32.070294463580986,461,83,89,367,0,0,0,529,infection,499
32.08679106511209,461,83,88,368,0,0,0,529,recovery,54
32.094538269922644,460,84,88,368,0,0,0,530,infection,676
32.11364747380375,460,83,89,368,0,0,0,530,infectious,487
32.13293054525473,460,82,90,368,0,0,0,530,infectious,244
32.159272938613185,460,82,89,369,0,0,0,530,recovery,303
32.162643097286036,460,82,88,370,0,0,0,530,recovery,244
32.19984836113403,459,83,88,370,0,0,0,531,infection,724
32.20903125748426,458,84,88,370,0,0,0,532,infection,165
32.24675663742242,457,85,88,370,0,0,0,533,infection,179
32.26624899203151,457,84,89,370,0,0,0,533,infectious,315
32.282768410665035,456,85,89,370,0,0,0,534,infection,570
32.29071438047766,456,84,90,370,0,0,0,534,infectious,822
32.36995106785242,456,84,89,371,0,0,0,534,recovery,476
32.3805092309245,455,85,89,371,0,0,0,535,infection,692
32.39044239261785,454,86,89,371,0,0,0,536,infection,882
32.39473134266826,454,86,88,372,0,0,0,536,recovery,666
32.433251636850564,454,86,87,373,0,0,0,536,recovery,599
32.443531719319985,454,85,88,373,0,0,0,536,infectious,939
32.443930821060505,453,86,88,373,0,0,0,537,infection,41
32.444962276875984,453,85,89,373,0,0,0,537,infectious,951
32.447194101408684,452,86,89,373,0,0,0,538,infection,161
32.471194923886024,452,85,90,373,0,0,0,538,infectious,692
32.485373236434704,452,85,89,374,0,0,0,538,recovery,360
32.49163331100921,451,86,89,374,0,0,0,539,infection,530
32.51122998170252,451,85,90,374,0,0,0,539,infectious,207
32.5471295142424,450,86,90,374,0,0,0,540,infection,805
32.557087352558995,450,85,91,374,0,0,0,540,infectious,857
32.589498196556114,450,84,92,374,0,0,0,540,infectious,942
32.60560080777498,450,84,91,375,0,0,0,540,recovery,714
32.60883479746142,450,83,92,375,0,0,0,540,infectious,335
32.61533331888475,450,82,93,375,0,0,0,540,infectious,672
32.67666041236023,450,82,92,376,0,0,0,540,recovery,625
32.69170782347459,450,82,91,377,0,0,0,540,recovery,434
32.7744215155382,450,81,92,377,0,0,0,540,infectious,710
32.78715313047053,450,81,91,378,0,0,0,540,recovery,221
32.80209184686326,450,80,92,378,0,0,0,540,infectious,841
32.82099540204345,449,81,92,378,0,0,0,541,infection,834
32.83770120176936,448,82,92,378,0,0,0,542,infection,915
32.841029105826635,448,81,93,378,0,0,0,542,infectious,387
32.84373785622627,448,81,92,379,0,0,0,542,recovery,460
32.85048404287182,448,80,93,379,0,0,0,542,infectious,524
32.85495510297226,448,79,94,379,0,0,0,542,infectious,522
32.85988564063655,448,79,93,380,0,0,0,542,recovery,939
32.90139158397058,448,78,94,380,0,0,0,542,infectious,230
32.902156453208306,448,78,93,381,0,0,0,542,recovery,557
32.90782471670897,448,77,94,381,0,0,0,542,infectious,781
32.934556843993576,448,76,95,381,0,0,0,542,infectious,544
32.95634863934236,448,76,94,382,0,0,0,542,recovery,486
32.99562935767846,447,77,94,382,0,0,0,543,infection,833
32.9982128288889,447,77,93,383,0,0,0,543,recovery,48
33.00240700566666,447,76,94,383,0,0,0,543,infectious,534
33.016672289500136,447,75,95,383,0,0,0,543,infectious,106
33.0351302042428,446,76,95,383,0,0,0,544,infection,210
33.044247972725316,445,77,95,383,0,0,0,545,infection,602
33.04565540272551,445,76,96,383,0,0,0,545,infectious,946
33.07469316249186,445,75,97,383,0,0,0,545,infectious,293
33.080572154040304,445,75,96,384,0,0,0,545,recovery,534
33.0879223274897,445,75,95,385,0,0,0,545,recovery,283
33.145734229093804,445,74,96,385,0,0,0,545,infectious,864
33.15307395624855,444,75,96,385,0,0,0,546,infection,735
33.15638672307428,444,74,97,385,0,0,0,546,infectious,107
33.17108505358746,444,74,96,386,0,0,0,546,recovery,324
33.17398148460389,444,74,95,387,0,0,0,546,recovery,559
33.18750362277841,444,73,96,387,0,0,0,546,infectious,165
33.21311140769101,443,74,96,387,0,0,0,547,infection,365
33.22355277406084,443,74,95,388,0,0,0,547,recovery,116
33.23122240244558,443,73,96,388,0,0,0,547,infectious,530
33.28934375733728,443,73,95,389,0,0,0,547,recovery,527
33.32399745322446,443,73,94,390,0,0,0,547,recovery,226
33.350580834917466,443,73,93,391,0,0,0,547,recovery,936
33.36428872962601,443,72,94,391,0,0,0,547,infectious,337
33.40196470863209,442,73,94,391,0,0,0,548,infection,448
33.402041762130025,442,73,93,392,0,0,0,548,recovery,846
33.402937770094965,442,72,94,392,0,0,0,548,infectious,985
33.42813591345704,442,71,95,392,0,0,0,548,infectious,444
33.42942029543895,441,72,95,392,0,0,0,549,infection,243
33.44550514409806,440,73,95,392,0,0,0,550,infection,62
33.44857898909686,439,74,95,392,0,0,0,551,infection,414
33.46712311493884,439,73,96,392,0,0,0,551,infectious,731
33.50920555598743,439,73,95,393,0,0,0,551,recovery,604
33.50942252730335,439,73,94,394,0,0,0,551,recovery,457
33.520321186684086,438,74,94,394,0,0,0,552,infection,489
33.56023184543493,437,75,94,394,0,0,0,553,infection,691
33.62447021212138,437,74,95,394,0,0,0,553,infectious,834
33.62903829227543,436,75,95,394,0,0,0,554,infection,511
33.67672704073085,435,76,95,394,0,0,0,555,infection,103
33.68541889943529,435,75,96,394,0,0,0,555,infectious,174
33.70118270428583,435,75,95,395,0,0,0,555,recovery,530
33.71515992423839,435,75,94,396,0,0,0,555,recovery,165
33.739163042798985,435,75,93,397,0,0,0,555,recovery,646
33.73985780372557,434,76,93,397,0,0,0,556,infection,356
33.759726637519115,433,77,93,397,0,0,0,557,infection,743
33.78190977674836,433,77,92,398,0,0,0,557,recovery,444
33.78403890442145,433,77,91,399,0,0,0,557,recovery,222
33.79269026675362,433,76,92,399,0,0,0,557,infectious,371
33.79541953401635,432,77,92,399,0,0,0,558,infection,828
33.80776008048858,432,76,93,399,0,0,0,558,infectious,443
33.839253773141365,432,76,92,400,0,0,0,558,recovery,826
33.8419541581705,431,77,92,400,0,0,0,559,infection,61
33.85582483580611,431,77,91,401,0,0,0,559,recovery,942
33.86400772498423,431,76,92,401,0,0,0,559,infectious,489
33.867578578703046,430,77,92,401,0,0,0,560,infection,595
33.869889494669515,430,76,93,401,0,0,0,560,infectious,512
33.93019734475986,430,76,92,402,0,0,0,560,recovery,29
33.9329639566598,430,76,91,403,0,0,0,560,recovery,725
33.96558633523974,429,77,91,403,0,0,0,561,infection,71
33.97527802923024,429,76,92,403,0,0,0,561,infectious,8
33.97950177039481,428,77,92,403,0,0,0,562,infection,170
33.98984814039227,428,77,91,404,0,0,0,562,recovery,881
33.99760022236022,427,78,91,404,0,0,0,563,infection,14
34.00192809596095,427,78,90,405,0,0,0,563,recovery,266
34.00250467447033,427,78,89,406,0,0,0,563,recovery,330
34.02502287115856,426,79,89,406,0,0,0,564,infection,748
34.029608697163894,426,78,90,406,0,0,0,564,infectious,307
34.042358860653735,426,77,91,406,0,0,0,564,infectious,915
34.04663131874184,426,76,92,406,0,0,0,564,infectious,753
34.05184357565363,426,75,93,406,0,0,0,564,infectious,151
34.057165465799216,426,74,94,406,0,0,0,564,infectious,71
34.07797566446751,426,74,93,407,0,0,0,564,recovery,852
34.07859375692944,425,75,93,407,0,0,0,565,infection,581
34.08240977918038,425,75,92,408,0,0,0,565,recovery,337
34.08882917733375,425,75,91,409,0,0,0,565,recovery,893
34.092386436855854,424,76,91,409,0,0,0,566,infection,515
34.11831484871762,424,75,92,409,0,0,0,566,infectious,14
34.121691732343024,424,75,91,410,0,0,0,566,recovery,522
34.12208187586644,424,75,90,411,0,0,0,566,recovery,781
34.1246422166538,424,75,89,412,0,0,0,566,recovery,720
34.16389352135889,424,74,90,412,0,0,0,566,infectious,508
34.173041762313055,424,73,91,412,0,0,0,566,infectious,356
34.19330679205438,423,74,91,412,0,0,0,567,infection,528
34.213161081191835,423,73,92,412,0,0,0,567,infectious,581
34.21356329693003,422,74,92,412,0,0,0,568,infection,169
34.22792135563989,421,75,92,412,0,0,0,569,infection,769
34.22898150721432,420,76,92,412,0,0,0,570,infection,763
34.24344575263734,419,77,92,412,0,0,0,571,infection,282
34.24679329561827,418,78,92,412,0,0,0,572,infection,906
34.24887965440171,418,78,91,413,0,0,0,572,recovery,834
34.25270868403061,418,78,90,414,0,0,0,572,recovery,508
34.283621176735224,418,78,89,415,0,0,0,572,recovery,971
34.299087950419214,418,78,88,416,0,0,0,572,recovery,841
34.33527240774883,418,78,87,417,0,0,0,572,recovery,428
34.35474753335933,418,77,88,417,0,0,0,572,infectious,769
34.35581691722318,418,76,89,417,0,0,0,572,infectious,926
34.368056338140086,417,77,89,417,0,0,0,573,infection,149
34.3986265287166,416,78,89,417,0,0,0,574,infection,388
34.40068314349984,415,79,89,417,0,0,0,575,infection,211
34.425783141894115,414,80,89,417,0,0,0,576,infection,156
34.486604703583524,414,79,90,417,0,0,0,576,infectious,399
34.514863439084735,414,78,91,417,0,0,0,576,infectious,291
34.52282590278657,414,77,92,417,0,0,0,576,infectious,271
34.53609106272514,413,78,92,417,0,0,0,577,infection,429
34.55919499071662,413,78,91,418,0,0,0,577,recovery,581
34.57653109172704,413,77,92,418,0,0,0,577,infectious,728
34.6268277345212,413,76,93,418,0,0,0,577,infectious,179
34.631561741342274,413,75,94,418,0,0,0,577,infectious,429
34.63470627007588,413,74,95,418,0,0,0,577,infectious,805
34.659670557305255,413,74,94,419,0,0,0,577,recovery,823
34.68106006941069,413,74,93,420,0,0,0,577,recovery,753
34.695765302448535,413,73,94,420,0,0,0,577,infectious,448
34.70851549451851,413,73,93,421,0,0,0,577,recovery,694
34.71818715071805,413,72,94,421,0,0,0,577,infectious,906
34.74708048348625,413,71,95,421,0,0,0,577,infectious,41
34.84709227022808,413,71,94,422,0,0,0,577,recovery,271
34.86412501372351,413,70,95,422,0,0,0,577,infectious,763
34.86592214697977,412,71,95,422,0,0,0,578,infection,584
34.86889620259907,412,71,94,423,0,0,0,578,recovery,454
34.878201349510455,411,72,94,423,0,0,0,579,infection,70
34.89794960613385,410,73,94,423,0,0,0,580,infection,973
34.90661634951386,410,72,95,423,0,0,0,580,infectious,641
34.925151929639654,410,72,94,424,0,0,0,580,recovery,906
34.93170939235513,409,73,94,424,0,0,0,581,infection,421
34.93804369197108,409,72,95,424,0,0,0,581,infectious,854
34.99869228474434,409,71,96,424,0,0,0,581,infectious,570
35.003409556607735,408,72,96,424,0,0,0,582,infection,968
35.04557586424678,408,72,95,425,0,0,0,582,recovery,179
35.05517623142601,408,71,96,425,0,0,0,582,infectious,871
35.080541267167874,408,71,95,426,0,0,0,582,recovery,931
35.105674007741726,407,72,95,426,0,0,0,583,infection,4
35.119268760289565,406,73,95,426,0,0,0,584,infection,311
35.1312505567305,406,73,94,427,0,0,0,584,recovery,293
35.14662384467903,405,74,94,427,0,0,0,585,infection,591
35.16442603133459,404,75,94,427,0,0,0,586,infection,455
35.1904331823602,404,74,95,427,0,0,0,586,infectious,340
35.19093020579908,404,73,96,427,0,0,0,586,infectious,342
35.20591062875901,404,73,95,428,0,0,0,586,recovery,408
35.22100562843516,404,73,94,429,0,0,0,586,recovery,468
35.2360470296175,404,72,95,429,0,0,0,586,infectious,142
35.23795932058806,403,73,95,429,0,0,0,587,infection,929
35.25079026280256,402,74,95,429,0,0,0,588,infection,131
35.25675716259484,402,73,96,429,0,0,0,588,infectious,464
35.28513486968911,401,74,96,429,0,0,0,589,infection,480
35.30834168221143,401,73,97,429,0,0,0,589,infectious,51
35.337669809092326,401,72,98,429,0,0,0,589,infectious,499
35.36399922337885,401,72,97,430,0,0,0,589,recovery,117
35.36958257316711,400,73,97,430,0,0,0,590,infection,329
35.385988112480135,400,73,96,431,0,0,0,590,recovery,696
35.39500836120495,400,73,95,432,0,0,0,590,recovery,340
35.39839472066541,400,73,94,433,0,0,0,590,recovery,315
35.41053770178496,400,73,93,434,0,0,0,590,recovery,262
35.42269757856618,400,72,94,434,0,0,0,590,infectious,929
35.42518226413537,400,71,95,434,0,0,0,590,infectious,748
35.461873456573805,400,70,96,434,0,0,0,590,infectious,968
35.480889687227496,400,70,95,435,0,0,0,590,recovery,387
35.496509939662054,399,71,95,435,0,0,0,591,infection,229
35.50287651313452,398,72,95,435,0,0,0,592,infection,940
35.50527445370862,397,73,95,435,0,0,0,593,infection,741
35.50722559219444,396,74,95,435,0,0,0,594,infection,104
35.51305617215464,395,75,95,435,0,0,0,595,infection,32
35.51633960933506,395,75,94,436,0,0,0,595,recovery,106
35.525734461438745,395,75,93,437,0,0,0,595,recovery,489
35.52623616116219,394,76,93,437,0,0,0,596,infection,482
35.54589045306543,393,77,93,437,0,0,0,597,infection,576
35.547958591368364,392,78,93,437,0,0,0,598,infection,425
35.552453304730165,392,77,94,437,0,0,0,598,infectious,311
35.56375356595258,392,77,93,438,0,0,0,598,recovery,464
35.57685167852273,392,76,94,438,0,0,0,598,infectious,44
35.6033332888084,391,77,94,438,0,0,0,599,infection,652
35.60394444315316,390,78,94,438,0,0,0,600,infection,603
35.62462417425099,389,79,94,438,0,0,0,601,infection,166
35.6250801558834,388,80,94,438,0,0,0,602,infection,120
35.64231065199171,388,79,95,438,0,0,0,602,infectious,365
35.68943474502299,388,78,96,438,0,0,0,602,infectious,652
35.70695423006143,388,78,95,439,0,0,0,602,recovery,926
35.72528032064137,387,79,95,439,0,0,0,603,infection,519
35.73644591368181,386,80,95,439,0,0,0,604,infection,773
35.74288125820773,386,80,94,440,0,0,0,604,recovery,370
35.74345111404916,385,81,94,440,0,0,0,605,infection,697
35.74670495855989,385,81,93,441,0,0,0,605,recovery,356
35.74805557898897,385,80,94,441,0,0,0,605,infectious,328
35.75122799054682,385,79,95,441,0,0,0,605,infectious,482
35.78618345229244,385,79,94,442,0,0,0,605,recovery,57
35.79260043633766,385,78,95,442,0,0,0,605,infectious,605
35.79955478250861,385,78,94,443,0,0,0,605,recovery,350
35.81605072158553,385,77,95,443,0,0,0,605,infectious,455
35.8187066008401,384,78,95,443,0,0,0,606,infection,391
35.84237178701548,384,78,94,444,0,0,0,606,recovery,684
35.85426934709944,384,77,95,444,0,0,0,606,infectious,574
35.86055982163549,384,76,96,444,0,0,0,606,infectious,388
35.86149480135818,384,75,97,444,0,0,0,606,infectious,344
35.88038452868843,384,75,96,445,0,0,0,606,recovery,482
35.88765035653404,384,75,95,446,0,0,0,606,recovery,769
35.90254031324725,384,74,96,446,0,0,0,606,infectious,131
35.91943813682676,384,74,95,447,0,0,0,606,recovery,131
35.92499471325884,384,73,96,447,0,0,0,606,infectious,70
35.933902834624334,384,72,97,447,0,0,0,606,infectious,329
35.93805335703288,384,72,96,448,0,0,0,606,recovery,985
35.96096901229935,383,73,96,448,0,0,0,607,infection,389
35.99721059236017,382,74,96,448,0,0,0,608,infection,734
36.00774048755915,382,74,95,449,0,0,0,608,recovery,605
36.02365081496859,382,73,96,449,0,0,0,608,infectious,519
36.03633593579371,382,73,95,450,0,0,0,608,recovery,487
36.04804045718306,381,74,95,450,0,0,0,609,infection,596
36.06073806250055,380,75,95,450,0,0,0,610,infection,698
36.0881887158744,379,76,95,450,0,0,0,611,infection,950
36.098392959835195,379,75,96,450,0,0,0,611,infectious,520
36.117847284839385,378,76,96,450,0,0,0,612,infection,45
36.12517934380291,378,75,97,450,0,0,0,612,infectious,4
36.13552218737726,378,74,98,450,0,0,0,612,infectious,954
36.13807482732931,377,75,98,450,0,0,0,613,infection,259
36.146632224900095,376,76,98,450,0,0,0,614,infection,99
36.15235130205907,375,77,98,450,0,0,0,615,infection,184
36.180994981277635,375,77,97,451,0,0,0,615,recovery,519
36.1818420248173,374,78,97,451,0,0,0,616,infection,701
36.18678021066379,373,79,97,451,0,0,0,617,infection,75
36.20480695143147,373,79,96,452,0,0,0,617,recovery,69
36.256041581204144,373,79,95,453,0,0,0,617,recovery,835
36.265434576599894,373,78,96,453,0,0,0,617,infectious,972
36.26585693704512,373,77,97,453,0,0,0,617,infectious,502
36.26928270979339,372,78,97,453,0,0,0,618,infection,831
36.3163910168929,372,78,96,454,0,0,0,618,recovery,903
36.335387717596454,372,78,95,455,0,0,0,618,recovery,692
36.38790847506215,372,78,94,456,0,0,0,618,recovery,307
36.40034454384198,372,77,95,456,0,0,0,618,infectious,405
36.40269781700111,372,76,96,456,0,0,0,618,infectious,602
36.40607430462001,371,77,96,456,0,0,0,619,infection,531
36.416594692814314,371,76,97,456,0,0,0,619,infectious,515
36.43785790112776,371,76,96,457,0,0,0,619,recovery,515
36.445055745208364,371,75,97,457,0,0,0,619,infectious,103
36.46579327834899,370,76,97,457,0,0,0,620,infection,58
36.471018363652405,370,75,98,457,0,0,0,620,infectious,833
36.485393276722775,370,74,99,457,0,0,0,620,infectious,391
36.49048946582301,370,73,100,457,0,0,0,620,infectious,595
36.499877260301936,370,72,101,457,0,0,0,620,infectious,58
36.53709327825526,370,71,102,457,0,0,0,620,infectious,135
36.550372518668574,369,72,102,457,0,0,0,621,infection,611
36.5529284623505,368,73,102,457,0,0,0,622,infection,791
36.55883341943571,368,72,103,457,0,0,0,622,infectious,374
36.56654235508652,368,71,104,457,0,0,0,622,infectious,421
36.578358804635144,368,71,103,458,0,0,0,622,recovery,328
36.623775240238004,368,71,102,459,0,0,0,622,recovery,652
36.66577683739731,368,70,103,459,0,0,0,622,infectious,161
36.702892420609416,368,70,102,460,0,0,0,622,recovery,574
36.732697567547525,368,70,101,461,0,0,0,622,recovery,44
36.734767309369026,367,71,101,461,0,0,0,623,infection,737
36.789920867156624,367,71,100,462,0,0,0,623,recovery,665
36.826354962177945,367,70,101,462,0,0,0,623,infectious,940
36.82862961409839,367,69,102,462,0,0,0,623,infectious,149
36.83036268180308,367,68,103,462,0,0,0,623,infectious,75
36.87097242526169,367,67,104,462,0,0,0,623,infectious,243
36.89203539997962,367,67,103,463,0,0,0,623,recovery,951
36.894456123205806,367,66,104,463,0,0,0,623,infectious,169
36.92691636700692,367,66,103,464,0,0,0,623,recovery,70
36.93108575352583,367,66,102,465,0,0,0,623,recovery,297
36.97787328530832,366,67,102,465,0,0,0,624,infection,327
37.001399017096446,365,68,102,465,0,0,0,625,infection,287
37.00379415553379,365,67,103,465,0,0,0,625,infectious,45
37.01014906568085,365,67,102,466,0,0,0,625,recovery,520
37.037783944908696,365,67,101,467,0,0,0,625,recovery,606
37.05122719931387,365,66,102,467,0,0,0,625,infectious,282
37.06207154977059,364,67,102,467,0,0,0,626,infection,891
37.08976958342651,364,67,101,468,0,0,0,626,recovery,857
37.09558521244212,364,67,100,469,0,0,0,626,recovery,93
37.111284680184454,364,67,99,470,0,0,0,626,recovery,261
37.13835755875843,363,68,99,470,0,0,0,627,infection,338
37.14772980637067,363,67,100,470,0,0,0,627,infectious,188
37.155277128473394,362,68,100,470,0,0,0,628,infection,617
37.16629075605586,361,69,100,470,0,0,0,629,infection,250
37.201241167534434,361,69,99,471,0,0,0,629,recovery,344
37.2221602520503,360,70,99,471,0,0,0,630,infection,478
37.251610002976754,359,71,99,471,0,0,0,631,infection,654
37.28915909022036,359,71,98,472,0,0,0,631,recovery,763
37.306764595606325,358,72,98,472,0,0,0,632,infection,16
37.324590362642375,358,72,97,473,0,0,0,632,recovery,499
37.32460519712503,358,72,96,474,0,0,0,632,recovery,41
37.32601916517236,358,72,95,475,0,0,0,632,recovery,365
37.33341221288523,357,73,95,475,0,0,0,633,infection,82
37.34954247867902,357,73,94,476,0,0,0,633,recovery,71
37.350928275864916,357,73,93,477,0,0,0,633,recovery,443
37.35720193877056,357,72,94,477,0,0,0,633,infectious,469
37.357924126335796,357,72,93,478,0,0,0,633,recovery,342
37.36661183662305,356,73,93,478,0,0,0,634,infection,95
37.383239488687344,356,73,92,479,0,0,0,634,recovery,169
37.398662805275876,356,72,93,479,0,0,0,634,infectious,184
37.43432485599986,356,71,94,479,0,0,0,634,infectious,953
37.44250567097415,355,72,94,479,0,0,0,635,infection,322
37.46945316100266,354,73,94,479,0,0,0,636,infection,869
37.52739528675309,354,72,95,479,0,0,0,636,infectious,661
37.54436284939662,353,73,95,479,0,0,0,637,infection,205
37.54654534994865,353,73,94,480,0,0,0,637,recovery,972
37.55513697696769,353,72,95,480,0,0,0,637,infectious,973
37.57835931677697,352,73,95,480,0,0,0,638,infection,669
37.59134981706218,352,73,94,481,0,0,0,638,recovery,15
37.62319297656072,352,73,93,482,0,0,0,638,recovery,96
37.638178248122294,351,74,93,482,0,0,0,639,infection,386
37.64222787991778,351,73,94,482,0,0,0,639,infectious,205
37.681474036420816,351,73,93,483,0,0,0,639,recovery,335
37.722000728707194,351,72,94,483,0,0,0,639,infectious,882
37.74470998710072,351,72,93,484,0,0,0,639,recovery,45
37.778118117049225,350,73,93,484,0,0,0,640,infection,348
37.795260140003634,349,74,93,484,0,0,0,641,infection,30
37.819684111279656,348,75,93,484,0,0,0,642,infection,868
37.839136630066434,348,75,92,485,0,0,0,642,recovery,973
37.87319885683169,348,74,93,485,0,0,0,642,infectious,389
37.8898787769053,348,73,94,485,0,0,0,642,infectious,734
37.9572494450183,348,72,95,485,0,0,0,642,infectious,115
37.96613834348849,348,72,94,486,0,0,0,642,recovery,75
37.97142112913042,348,72,93,487,0,0,0,642,recovery,524
37.973459913294676,347,73,93,487,0,0,0,643,infection,851
37.974610127429585,346,74,93,487,0,0,0,644,infection,693
38.07752588273625,346,74,92,488,0,0,0,644,recovery,107
38.10888029161012,346,74,91,489,0,0,0,644,recovery,142
38.120554579606505,346,74,90,490,0,0,0,644,recovery,838
38.12381098139592,346,73,91,490,0,0,0,644,infectious,156
38.12839824404918,345,74,91,490,0,0,0,645,infection,675
38.13848155688125,344,75,91,490,0,0,0,646,infection,896
38.15062906602233,344,74,92,490,0,0,0,646,infectious,61
38.15483849548588,343,75,92,490,0,0,0,647,infection,40
38.15528226936913,342,76,92,490,0,0,0,648,infection,806
38.1878931942783,342,76,91,491,0,0,0,648,recovery,61
38.23294536909519,342,75,92,491,0,0,0,648,infectious,675
38.25987623984143,342,75,91,492,0,0,0,648,recovery,651
38.2793703213078,341,76,91,492,0,0,0,649,infection,168
38.290331243713815,340,77,91,492,0,0,0,650,infection,197
38.2935912970569,339,78,91,492,0,0,0,651,infection,294
38.295366116342734,339,78,90,493,0,0,0,651,recovery,448
38.31221767362264,339,77,91,493,0,0,0,651,infectious,239
38.33117376436372,339,76,92,493,0,0,0,651,infectious,62
38.37247370791014,339,75,93,493,0,0,0,651,infectious,701
38.392012260794736,339,75,92,494,0,0,0,651,recovery,156
38.397492553341976,339,74,93,494,0,0,0,651,infectious,896
38.41333201315064,339,74,92,495,0,0,0,651,recovery,854
38.417756400649125,339,74,91,496,0,0,0,651,recovery,62
38.4378476708019,339,74,90,497,0,0,0,651,recovery,728
38.44115157262508,338,75,90,497,0,0,0,652,infection,302
38.446370569389835,337,76,90,497,0,0,0,653,infection,887
38.513126119963715,337,76,89,498,0,0,0,653,recovery,897
38.516839020440756,337,76,88,499,0,0,0,653,recovery,762
38.53213092837493,337,75,89,499,0,0,0,653,infectious,95
38.53275737412304,337,75,88,500,0,0,0,653,recovery,149
38.59445233278194,337,75,87,501,0,0,0,653,recovery,873
38.61869725644241,336,76,87,501,0,0,0,654,infection,147
38.619958914825226,335,77,87,501,0,0,0,655,infection,656
38.6500988880342,334,78,87,501,0,0,0,656,infection,653
38.66150000207421,333,79,87,501,0,0,0,657,infection,194
38.66996927406307,333,78,88,501,0,0,0,657,infectious,611
38.748307355236165,333,78,87,502,0,0,0,657,recovery,374
38.76781103451146,332,79,87,502,0,0,0,658,infection,807
38.78155360760123,331,80,87,502,0,0,0,659,infection,109
38.853105451673144,330,81,87,502,0,0,0,660,infection,118
38.86424574235292,330,80,88,502,0,0,0,660,infectious,653
38.8770596157987,330,80,87,503,0,0,0,660,recovery,805
38.93583155421688,329,81,87,503,0,0,0,661,infection,403
38.96933997030191,328,82,87,503,0,0,0,662,infection,212
38.97876213052136,327,83,87,503,0,0,0,663,infection,767
38.99297485078547,326,84,87,503,0,0,0,664,infection,948
38.99351220323788,325,85,87,503,0,0,0,665,infection,539
38.99849048299622,325,85,86,504,0,0,0,665,recovery,483
39.00662075092495,325,85,85,505,0,0,0,665,recovery,249
39.03942379457649,324,86,85,505,0,0,0,666,infection,504
39.06340305568903,324,86,84,506,0,0,0,666,recovery,929
39.06440083095843,324,85,85,506,0,0,0,666,infectious,120
39.077254112634115,323,86,85,506,0,0,0,667,infection,81
39.106859794538416,323,85,86,506,0,0,0,667,infectious,263
39.17550522036673,323,85,85,507,0,0,0,667,recovery,215
39.22379485614755,322,86,85,507,0,0,0,668,infection,479
39.28862952655809,322,86,84,508,0,0,0,668,recovery,748
39.28965141037304,322,86,83,509,0,0,0,668,recovery,968
39.292146396919904,322,85,84,509,0,0,0,668,infectious,511
39.30556591789899,322,84,85,509,0,0,0,668,infectious,74
39.40687593979756,321,85,85,509,0,0,0,669,infection,832
39.42668044417682,321,85,84,510,0,0,0,669,recovery,151
39.43300357058624,321,84,85,510,0,0,0,669,infectious,425
39.43682178667765,321,84,84,511,0,0,0,669,recovery,371
39.47023977479381,321,84,83,512,0,0,0,669,recovery,570
39.52915684835813,321,83,84,512,0,0,0,669,infectious,250
39.53655615607963,320,84,84,512,0,0,0,670,infection,829
39.55079442406584,320,83,85,512,0,0,0,670,infectious,480
39.60534987828011,320,83,84,513,0,0,0,670,recovery,488
39.6167680064312,320,83,83,514,0,0,0,670,recovery,815
39.66043580780046,319,84,83,514,0,0,0,671,infection,119
39.70814569090151,319,84,82,515,0,0,0,671,recovery,74
39.71262838990905,319,84,81,516,0,0,0,671,recovery,389
39.75691882999555,319,83,82,516,0,0,0,671,infectious,832
39.767582619914606,318,84,82,516,0,0,0,672,infection,86
39.80483244506406,318,84,81,517,0,0,0,672,recovery,217
39.81725020291482,318,83,82,517,0,0,0,672,infectious,414
39.87821530377564,318,82,83,517,0,0,0,672,infectious,950
39.90207780881872,317,83,83,517,0,0,0,673,infection,920
39.92035356886668,317,83,82,518,0,0,0,673,recovery,120
39.92610168012048,317,83,81,519,0,0,0,673,recovery,595
39.93591806697639,316,84,81,519,0,0,0,674,infection,663
39.94034311822461,316,84,80,520,0,0,0,674,recovery,421
39.99639488147977,316,83,81,520,0,0,0,674,infectious,105
40.0,316,83,81,520,0,0,0,674,horizon,0
