t,S,E,I,R,births,deaths,vaccinated,infections,event,person
0.0,990,0,10,0,0,0,0,0,initial,0
0.024848517910692612,989,1,10,0,0,0,0,1,infection,844
0.04995804590766921,988,2,10,0,0,0,0,2,infection,679
0.11517481696036477,988,2,9,1,0,0,0,2,recovery,991
0.2232842347846216,988,2,8,2,0,0,0,2,recovery,1000
0.4462770636816439,988,2,7,3,0,0,0,2,recovery,999
0.9191583224093691,987,3,7,3,0,0,0,3,infection,586
0.9214604130062176,986,4,7,3,0,0,0,4,infection,77
0.9326966079186146,986,3,8,3,0,0,0,4,infectious,844
0.97056003497922,985,4,8,3,0,0,0,5,infection,439
1.1135474280060824,984,5,8,3,0,0,0,6,infection,459
1.1419831341861884,983,6,8,3,0,0,0,7,infection,729
1.185273648225459,983,5,9,3,0,0,0,7,infectious,459
1.1978947865852978,983,4,10,3,0,0,0,7,infectious,729
1.226107352057395,983,4,9,4,0,0,0,7,recovery,995
1.4069131975810216,983,3,10,4,0,0,0,7,infectious,439
1.7898385466022946,982,4,10,4,0,0,0,8,infection,6
1.853206222771983,982,3,11,4,0,0,0,8,infectious,6
1.9015114436137912,982,3,10,5,0,0,0,8,recovery,729
2.030024249591068,981,4,10,5,0,0,0,9,infection,758
2.06541522420924,981,4,9,6,0,0,0,9,recovery,993
2.0890314052249925,981,3,10,6,0,0,0,9,infectious,77
2.3417856971954585,981,2,11,6,0,0,0,9,infectious,758
2.3716991380149763,980,3,11,6,0,0,0,10,infection,578
2.6537869948716475,980,2,12,6,0,0,0,10,infectious,679
2.8599212153517444,980,2,11,7,0,0,0,10,recovery,997
2.916221199809488,979,3,11,7,0,0,0,11,infection,489
2.9715913884944984,979,2,12,7,0,0,0,11,infectious,489
2.9887173471615043,979,2,11,8,0,0,0,11,recovery,77
3.0415092507268304,979,2,10,9,0,0,0,11,recovery,489
3.1564881649478274,978,3,10,9,0,0,0,12,infection,371
3.9102931330601454,977,4,10,9,0,0,0,13,infection,637
4.3217102891362,977,4,9,10,0,0,0,13,recovery,459
4.337806414774706,977,4,8,11,0,0,0,13,recovery,998
4.665505091562486,976,5,8,11,0,0,0,14,infection,105
4.764197961949986,976,4,9,11,0,0,0,14,infectious,578
4.8677214261107284,975,5,9,11,0,0,0,15,infection,44
4.993137796338942,975,5,8,12,0,0,0,15,recovery,992
5.142132617564467,975,4,9,12,0,0,0,15,infectious,105
5.248207752343745,974,5,9,12,0,0,0,16,infection,390
5.460258295278495,974,4,10,12,0,0,0,16,infectious,371
5.464405644217818,974,3,11,12,0,0,0,16,infectious,44
5.491543508921184,974,3,10,13,0,0,0,16,recovery,996
5.708873074214592,974,3,9,14,0,0,0,16,recovery,44
5.800093034181711,974,2,10,14,0,0,0,16,infectious,390
5.821188251676914,973,3,10,14,0,0,0,17,infection,238
5.868209912159254,972,4,10,14,0,0,0,18,infection,653
5.955338885344141,972,3,11,14,0,0,0,18,infectious,653
6.054090393102056,972,3,10,15,0,0,0,18,recovery,844
6.061200732055424,972,3,9,16,0,0,0,18,recovery,679
6.089955025479994,971,4,9,16,0,0,0,19,infection,938
6.15558448415529,970,5,9,16,0,0,0,20,infection,877
6.260310067147446,969,6,9,16,0,0,0,21,infection,490
6.351992093591495,968,7,9,16,0,0,0,22,infection,471
6.373866856615399,967,8,9,16,0,0,0,23,infection,299
6.382527060560095,966,9,9,16,0,0,0,24,infection,663
6.405663446816768,966,8,10,16,0,0,0,24,infectious,663
6.50513537435479,966,8,9,17,0,0,0,24,recovery,371
6.533915060154701,966,7,10,17,0,0,0,24,infectious,586
6.664709457938238,966,6,11,17,0,0,0,24,infectious,471
6.831297764834243,965,7,11,17,0,0,0,25,infection,197
6.887565463631032,964,8,11,17,0,0,0,26,infection,338
6.916530131479759,964,7,12,17,0,0,0,26,infectious,877
6.958098762901899,963,8,12,17,0,0,0,27,infection,804
7.015442046922064,962,9,12,17,0,0,0,28,infection,675
7.101088685053231,962,8,13,17,0,0,0,28,infectious,637
7.156802540308815,962,7,14,17,0,0,0,28,infectious,675
7.39155349177279,962,6,15,17,0,0,0,28,infectious,938
7.397766945266707,961,7,15,17,0,0,0,29,infection,268
7.4287612759224455,960,8,15,17,0,0,0,30,infection,448
7.458286014490983,960,8,14,18,0,0,0,30,recovery,663
7.487417265815655,960,7,15,18,0,0,0,30,infectious,338
7.495468179657787,959,8,15,18,0,0,0,31,infection,667
7.504473758017715,959,8,14,19,0,0,0,31,recovery,439
7.55586042375958,959,7,15,19,0,0,0,31,infectious,490
7.634699373095291,958,8,15,19,0,0,0,32,infection,763
7.64445910983565,957,9,15,19,0,0,0,33,infection,203
7.661370780962223,956,10,15,19,0,0,0,34,infection,890
7.668147089664971,956,9,16,19,0,0,0,34,infectious,448
7.675743009745059,956,8,17,19,0,0,0,34,infectious,299
7.882200223191377,956,8,16,20,0,0,0,34,recovery,637
7.954391188452322,955,9,16,20,0,0,0,35,infection,601
7.959334099019865,955,8,17,20,0,0,0,35,infectious,268
7.9652783228762685,955,8,16,21,0,0,0,35,recovery,299
7.9952814168010935,955,7,17,21,0,0,0,35,infectious,667
8.008122928520175,954,8,17,21,0,0,0,36,infection,987
8.04904198140869,953,9,17,21,0,0,0,37,infection,983
8.197658913187517,953,8,18,21,0,0,0,37,infectious,238
8.261055649612436,953,7,19,21,0,0,0,37,infectious,983
8.271805898737671,953,7,18,22,0,0,0,37,recovery,490
8.295553012512672,953,6,19,22,0,0,0,37,infectious,804
8.314137628609455,952,7,19,22,0,0,0,38,infection,20
8.45890285122282,952,7,18,23,0,0,0,38,recovery,238
8.694668082495522,952,7,17,24,0,0,0,38,recovery,994
8.718784191067815,951,8,17,24,0,0,0,39,infection,464
8.773209129084796,951,7,18,24,0,0,0,39,infectious,987
8.81924512452812,951,6,19,24,0,0,0,39,infectious,464
8.909192588231994,951,6,18,25,0,0,0,39,recovery,105
8.99061932065877,951,5,19,25,0,0,0,39,infectious,601
9.078255746886837,951,5,18,26,0,0,0,39,recovery,758
9.14284719655589,951,5,17,27,0,0,0,39,recovery,804
9.206767052581643,951,4,18,27,0,0,0,39,infectious,890
9.387392224512265,951,3,19,27,0,0,0,39,infectious,203
9.453674055886376,950,4,19,27,0,0,0,40,infection,905
9.609780785340043,949,5,19,27,0,0,0,41,infection,121
9.621653919552141,949,5,18,28,0,0,0,41,recovery,987
9.644996859381514,948,6,18,28,0,0,0,42,infection,559
9.67015401219952,947,7,18,28,0,0,0,43,infection,738
9.713895353109628,947,6,19,28,0,0,0,43,infectious,121
9.720976328504953,947,5,20,28,0,0,0,43,infectious,905
9.81593802876945,947,4,21,28,0,0,0,43,infectious,20
9.817388071844228,946,5,21,28,0,0,0,44,infection,210
9.817508184572734,945,6,21,28,0,0,0,45,infection,544
9.820814769823237,944,7,21,28,0,0,0,46,infection,200
10.013340653239839,944,7,20,29,0,0,0,46,recovery,471
10.071501421103877,943,8,20,29,0,0,0,47,infection,684
10.107776701386829,943,7,21,29,0,0,0,47,infectious,210
10.145915553422626,943,6,22,29,0,0,0,47,infectious,559
10.25577895084881,942,7,22,29,0,0,0,48,infection,449
10.271467727772201,942,7,21,30,0,0,0,48,recovery,653
10.300373449297602,941,8,21,30,0,0,0,49,infection,796
10.304112950831703,940,9,21,30,0,0,0,50,infection,442
10.356630432538974,940,8,22,30,0,0,0,50,infectious,684
10.386115917272608,939,9,22,30,0,0,0,51,infection,71
10.41469940380364,938,10,22,30,0,0,0,52,infection,207
10.444374867404939,938,9,23,30,0,0,0,52,infectious,796
10.502144347956824,937,10,23,30,0,0,0,53,infection,945
10.509900841622045,937,10,22,31,0,0,0,53,recovery,684
10.521570621318768,937,9,23,31,0,0,0,53,infectious,197
10.533945778779053,937,9,22,32,0,0,0,53,recovery,905
10.551686623037654,937,8,23,32,0,0,0,53,infectious,763
10.574328319988219,936,9,23,32,0,0,0,54,infection,416
10.610084418552884,936,9,22,33,0,0,0,54,recovery,448
10.624119102980151,936,8,23,33,0,0,0,54,infectious,200
10.634366848480756,935,9,23,33,0,0,0,55,infection,590
10.6450086431093,935,9,22,34,0,0,0,55,recovery,390
10.680705767920628,934,10,22,34,0,0,0,56,infection,305
10.731323170283178,934,10,21,35,0,0,0,56,recovery,586
10.749770190676468,934,9,22,35,0,0,0,56,infectious,305
10.766100814076008,934,8,23,35,0,0,0,56,infectious,738
10.794012500092906,934,7,24,35,0,0,0,56,infectious,945
10.79602656947798,933,8,24,35,0,0,0,57,infection,662
10.79643572829327,932,9,24,35,0,0,0,58,infection,539
10.834482392074085,932,8,25,35,0,0,0,58,infectious,539
10.930338616759114,932,7,26,35,0,0,0,58,infectious,544
10.9349464716648,931,8,26,35,0,0,0,59,infection,128
10.976065035635575,931,8,25,36,0,0,0,59,recovery,890
11.002644323774238,931,8,24,37,0,0,0,59,recovery,738
11.015110182961031,930,9,24,37,0,0,0,60,infection,928
11.065460202339905,930,8,25,37,0,0,0,60,infectious,928
11.140685608578947,930,7,26,37,0,0,0,60,infectious,590
11.148666246627256,929,8,26,37,0,0,0,61,infection,914
11.163450878678141,929,8,25,38,0,0,0,61,recovery,210
11.183030338151514,928,9,25,38,0,0,0,62,infection,156
11.222398055671022,927,10,25,38,0,0,0,63,infection,676
11.236972260881581,927,9,26,38,0,0,0,63,infectious,914
11.261892743438205,927,8,27,38,0,0,0,63,infectious,442
11.389980848113023,927,7,28,38,0,0,0,63,infectious,676
11.396989154668356,926,8,28,38,0,0,0,64,infection,343
11.444389758909882,926,7,29,38,0,0,0,64,infectious,207
11.524053133114446,926,7,28,39,0,0,0,64,recovery,544
11.527410235241152,926,7,27,40,0,0,0,64,recovery,203
11.575657944912127,925,8,27,40,0,0,0,65,infection,811
11.625918147849664,924,9,27,40,0,0,0,66,infection,659
11.638522395296006,923,10,27,40,0,0,0,67,infection,504
11.713708061999373,923,10,26,41,0,0,0,67,recovery,675
11.745124848854951,923,9,27,41,0,0,0,67,infectious,156
11.767786644928572,923,8,28,41,0,0,0,67,infectious,449
11.809425585976582,922,9,28,41,0,0,0,68,infection,546
11.812808984882917,921,10,28,41,0,0,0,69,infection,529
11.88121346103412,921,9,29,41,0,0,0,69,infectious,662
11.933882323369767,921,8,30,41,0,0,0,69,infectious,659
11.961444553265727,920,9,30,41,0,0,0,70,infection,246
11.971080074941453,920,8,31,41,0,0,0,70,infectious,343
12.009057155351982,920,8,30,42,0,0,0,70,recovery,121
12.032801044830249,920,8,29,43,0,0,0,70,recovery,590
12.037454156037525,919,9,29,43,0,0,0,71,infection,37
12.053535195106388,918,10,29,43,0,0,0,72,infection,500
12.094820630956761,918,9,30,43,0,0,0,72,infectious,71
12.25027099732191,918,8,31,43,0,0,0,72,infectious,500
12.29750084130586,918,7,32,43,0,0,0,72,infectious,504
12.29870543590632,918,7,31,44,0,0,0,72,recovery,6
12.340083122106195,917,8,31,44,0,0,0,73,infection,606
12.352747372584641,917,8,30,45,0,0,0,73,recovery,156
12.358597970580357,916,9,30,45,0,0,0,74,infection,452
12.3659617140328,915,10,30,45,0,0,0,75,infection,581
12.37339978694315,914,11,30,45,0,0,0,76,infection,432
12.373516378658715,914,10,31,45,0,0,0,76,infectious,128
12.382157034319698,913,11,31,45,0,0,0,77,infection,579
12.396630890009124,913,10,32,45,0,0,0,77,infectious,37
12.396759798156458,912,11,32,45,0,0,0,78,infection,693
12.445594222880723,911,12,32,45,0,0,0,79,infection,558
12.506614125149175,911,11,33,45,0,0,0,79,infectious,579
12.550333110495002,910,12,33,45,0,0,0,80,infection,321
12.575002312361107,909,13,33,45,0,0,0,81,infection,989
12.59652753117309,908,14,33,45,0,0,0,82,infection,40
12.610993757490577,907,15,33,45,0,0,0,83,infection,503
12.634746488899157,907,14,34,45,0,0,0,83,infectious,416
12.648952502885178,906,15,34,45,0,0,0,84,infection,885
12.654555703801538,906,14,35,45,0,0,0,84,infectious,503
12.692508776944162,905,15,35,45,0,0,0,85,infection,10
12.781233624456148,905,14,36,45,0,0,0,85,infectious,811
12.80526623644684,904,15,36,45,0,0,0,86,infection,194
12.815428778652278,903,16,36,45,0,0,0,87,infection,127
12.854600717760333,902,17,36,45,0,0,0,88,infection,550
12.94150948894203,902,16,37,45,0,0,0,88,infectious,432
12.97616536194296,901,17,37,45,0,0,0,89,infection,316
12.985248229450736,901,17,36,46,0,0,0,89,recovery,338
12.98595896104057,900,18,36,46,0,0,0,90,infection,947
13.013205463556858,900,17,37,46,0,0,0,90,infectious,246
13.04473027100937,899,18,37,46,0,0,0,91,infection,283
13.065726141770389,898,19,37,46,0,0,0,92,infection,900
13.067582457617299,897,20,37,46,0,0,0,93,infection,324
13.067981494449135,897,20,36,47,0,0,0,93,recovery,938
13.17270954147122,896,21,36,47,0,0,0,94,infection,165
13.186025963898123,896,20,37,47,0,0,0,94,infectious,546
13.191179720886026,896,20,36,48,0,0,0,94,recovery,983
13.202719291011057,896,19,37,48,0,0,0,94,infectious,10
13.30365239232971,896,19,36,49,0,0,0,94,recovery,500
13.370581099532993,895,20,36,49,0,0,0,95,infection,183
13.383265591558265,894,21,36,49,0,0,0,96,infection,719
13.387093888583722,893,22,36,49,0,0,0,97,infection,310
13.444288728267667,893,21,37,49,0,0,0,97,infectious,989
13.469761230381309,893,20,38,49,0,0,0,97,infectious,310
13.491066639688917,892,21,38,49,0,0,0,98,infection,404
13.531389374553033,891,22,38,49,0,0,0,99,infection,703
13.540574921526817,891,22,37,50,0,0,0,99,recovery,197
13.587839620091923,890,23,37,50,0,0,0,100,infection,573
13.611623890282123,890,22,38,50,0,0,0,100,infectious,573
13.615239858055046,889,23,38,50,0,0,0,101,infection,360
13.616815966205355,889,23,37,51,0,0,0,101,recovery,207
13.618571085486886,888,24,37,51,0,0,0,102,infection,708
13.622309508721887,888,23,38,51,0,0,0,102,infectious,452
13.651287117933633,887,24,38,51,0,0,0,103,infection,555
13.658397218419644,887,23,39,51,0,0,0,103,infectious,165
13.685323447638819,887,22,40,51,0,0,0,103,infectious,703
13.726224106462322,886,23,40,51,0,0,0,104,infection,158
13.746154955075022,886,23,39,52,0,0,0,104,recovery,464
13.763403092454151,886,22,40,52,0,0,0,104,infectious,558
13.7797660669556,886,22,39,53,0,0,0,104,recovery,676
13.79914300854402,886,21,40,53,0,0,0,104,infectious,127
13.813238213908107,886,21,39,54,0,0,0,104,recovery,416
13.815849162843206,885,22,39,54,0,0,0,105,infection,638
13.822186749917998,885,21,40,54,0,0,0,105,infectious,40
13.824414250379654,884,22,40,54,0,0,0,106,infection,735
13.839983915486208,884,21,41,54,0,0,0,106,infectious,158
13.868559658769883,883,22,41,54,0,0,0,107,infection,287
13.872856738796981,882,23,41,54,0,0,0,108,infection,749
13.90754832365828,881,24,41,54,0,0,0,109,infection,807
13.915173861370649,881,24,40,55,0,0,0,109,recovery,127
13.927973647333323,881,23,41,55,0,0,0,109,infectious,183
13.938217662042625,881,22,42,55,0,0,0,109,infectious,735
13.94763684076761,880,23,42,55,0,0,0,110,infection,192
13.950925568958155,879,24,42,55,0,0,0,111,infection,422
13.953416973323064,879,23,43,55,0,0,0,111,infectious,581
13.958329041101297,879,22,44,55,0,0,0,111,infectious,885
13.963682967752204,879,22,43,56,0,0,0,111,recovery,449
13.969229114720946,878,23,43,56,0,0,0,112,infection,119
13.970358061015267,878,23,42,57,0,0,0,112,recovery,183
13.98624631677005,877,24,42,57,0,0,0,113,infection,325
13.996834475282116,877,23,43,57,0,0,0,113,infectious,807
14.006026028928424,877,22,44,57,0,0,0,113,infectious,693
14.01776638126656,877,21,45,57,0,0,0,113,infectious,638
14.018659317464607,877,20,46,57,0,0,0,113,infectious,529
14.021800218482824,877,19,47,57,0,0,0,113,infectious,719
14.028899411830213,876,20,47,57,0,0,0,114,infection,570
14.050553846222128,875,21,47,57,0,0,0,115,infection,38
14.11931082291997,874,22,47,57,0,0,0,116,infection,712
14.124531875546454,873,23,47,57,0,0,0,117,infection,739
14.153399421910425,873,23,46,58,0,0,0,117,recovery,703
14.161346495996892,873,22,47,58,0,0,0,117,infectious,570
14.16745709212425,873,21,48,58,0,0,0,117,infectious,360
14.172237309591548,872,22,48,58,0,0,0,118,infection,956
14.177559920483567,872,22,47,59,0,0,0,118,recovery,573
14.18269213932513,872,22,46,60,0,0,0,118,recovery,246
14.186004563055205,871,23,46,60,0,0,0,119,infection,260
14.198037415357785,870,24,46,60,0,0,0,120,infection,568
14.204627894726816,870,23,47,60,0,0,0,120,infectious,606
14.206554134382761,870,22,48,60,0,0,0,120,infectious,404
14.347266527198105,870,21,49,60,0,0,0,120,infectious,260
14.395172007663671,870,20,50,60,0,0,0,120,infectious,287
14.400866423366448,869,21,50,60,0,0,0,121,infection,949
14.419622736732805,868,22,50,60,0,0,0,122,infection,144
14.433850145231805,868,22,49,61,0,0,0,122,recovery,928
14.44069667997416,868,21,50,61,0,0,0,122,infectious,956
14.447214511981908,868,20,51,61,0,0,0,122,infectious,739
14.464540646659303,867,21,51,61,0,0,0,123,infection,761
14.467956752512647,867,21,50,62,0,0,0,123,recovery,811
14.479711962286792,867,20,51,62,0,0,0,123,infectious,194
14.486453465027926,867,19,52,62,0,0,0,123,infectious,283
14.487484767508844,866,20,52,62,0,0,0,124,infection,233
14.498241274331157,866,20,51,63,0,0,0,124,recovery,268
14.501231957552474,866,20,50,64,0,0,0,124,recovery,601
14.501905974232205,866,19,51,64,0,0,0,124,infectious,325
14.55003236818568,866,18,52,64,0,0,0,124,infectious,119
14.57630495341258,865,19,52,64,0,0,0,125,infection,701
14.585752272023786,865,18,53,64,0,0,0,125,infectious,321
14.597987250715487,865,18,52,65,0,0,0,125,recovery,343
14.640267132160348,865,17,53,65,0,0,0,125,infectious,749
14.640837095981954,865,17,52,66,0,0,0,125,recovery,360
14.64274460227879,865,16,53,66,0,0,0,125,infectious,324
14.652631326229159,865,16,52,67,0,0,0,125,recovery,956
14.660882587509676,865,16,51,68,0,0,0,125,recovery,71
14.666614345297644,865,15,52,68,0,0,0,125,infectious,422
14.6674024288257,865,14,53,68,0,0,0,125,infectious,761
14.670509636626045,865,13,54,68,0,0,0,125,infectious,568
14.674209872905458,865,12,55,68,0,0,0,125,infectious,949
14.677910527471534,864,13,55,68,0,0,0,126,infection,222
14.688888854969317,864,12,56,68,0,0,0,126,infectious,192
14.692542008509058,863,13,56,68,0,0,0,127,infection,627
14.708464608481012,863,13,55,69,0,0,0,127,recovery,667
14.733576351854072,863,13,54,70,0,0,0,127,recovery,321
14.738258027665724,863,12,55,70,0,0,0,127,infectious,316
14.745836327736853,863,11,56,70,0,0,0,127,infectious,555
14.763946547903117,862,12,56,70,0,0,0,128,infection,302
14.809918389901851,862,11,57,70,0,0,0,128,infectious,38
14.814372634241893,861,12,57,70,0,0,0,129,infection,951
14.81748499395515,860,13,57,70,0,0,0,130,infection,446
14.8334485322054,860,12,58,70,0,0,0,130,infectious,951
14.85294144486052,860,12,57,71,0,0,0,130,recovery,662
14.875541886775771,860,12,56,72,0,0,0,130,recovery,305
14.883800276085978,859,13,56,72,0,0,0,131,infection,814
14.90254593451379,858,14,56,72,0,0,0,132,infection,917
14.92191734780309,857,15,56,72,0,0,0,133,infection,941
14.945581097573697,856,16,56,72,0,0,0,134,infection,331
14.962974862116702,855,17,56,72,0,0,0,135,infection,111
14.987814069942837,855,16,57,72,0,0,0,135,infectious,302
14.989042929639995,855,16,56,73,0,0,0,135,recovery,807
15.0042383899749,854,17,56,73,0,0,0,136,infection,916
15.028060199288117,854,17,55,74,0,0,0,136,recovery,659
15.054213894426432,854,16,56,74,0,0,0,136,infectious,701
15.056171582523389,854,15,57,74,0,0,0,136,infectious,550
15.127392199056503,854,14,58,74,0,0,0,136,infectious,712
15.148796332839751,854,14,57,75,0,0,0,136,recovery,324
15.160022853032462,853,15,57,75,0,0,0,137,infection,514
15.188722442891004,852,16,57,75,0,0,0,138,infection,362
15.1946924138928,851,17,57,75,0,0,0,139,infection,284
15.25727810600255,851,16,58,75,0,0,0,139,infectious,144
15.261464159744556,851,16,57,76,0,0,0,139,recovery,701
15.274779510743295,850,17,57,76,0,0,0,140,infection,657
15.303624368077227,849,18,57,76,0,0,0,141,infection,72
15.335755214311458,849,18,56,77,0,0,0,141,recovery,283
15.378039844621842,849,18,55,78,0,0,0,141,recovery,796
15.396104959493782,849,17,56,78,0,0,0,141,infectious,627
15.406840286605213,849,16,57,78,0,0,0,141,infectious,916
15.413051611593776,849,16,56,79,0,0,0,141,recovery,949
15.455732987327675,848,17,56,79,0,0,0,142,infection,692
15.482491547635053,847,18,56,79,0,0,0,143,infection,704
15.489420519473905,847,18,55,80,0,0,0,143,recovery,20
15.492306727740232,846,19,55,80,0,0,0,144,infection,527
15.531721217794857,845,20,55,80,0,0,0,145,infection,378
15.540263671525087,845,19,56,80,0,0,0,145,infectious,941
15.5561737382893,845,19,55,81,0,0,0,145,recovery,951
15.58252315420377,845,18,56,81,0,0,0,145,infectious,692
15.595958574770968,845,17,57,81,0,0,0,145,infectious,233
15.627675739696762,845,17,56,82,0,0,0,145,recovery,539
15.628697057245187,845,17,55,83,0,0,0,145,recovery,550
15.641666905318552,845,16,56,83,0,0,0,145,infectious,527
15.648573709494626,845,15,57,83,0,0,0,145,infectious,900
15.679437643011095,844,16,57,83,0,0,0,146,infection,882
15.72969888019247,844,16,56,84,0,0,0,146,recovery,302
15.737875546708246,844,15,57,84,0,0,0,146,infectious,882
15.766539071727625,844,14,58,84,0,0,0,146,infectious,378
15.794951401913611,844,13,59,84,0,0,0,146,infectious,814
15.804934204765827,843,14,59,84,0,0,0,147,infection,554
15.815394072549607,842,15,59,84,0,0,0,148,infection,117
15.830697370182822,842,14,60,84,0,0,0,148,infectious,704
15.833594317332063,841,15,60,84,0,0,0,149,infection,645
15.844851721511576,841,15,59,85,0,0,0,149,recovery,704
15.852644533926464,841,14,60,85,0,0,0,149,infectious,284
15.861183466373866,840,15,60,85,0,0,0,150,infection,258
15.887465853955499,840,14,61,85,0,0,0,150,infectious,362
15.908873314415661,839,15,61,85,0,0,0,151,infection,820
15.919667690477066,839,14,62,85,0,0,0,151,infectious,72
15.922098475565443,838,15,62,85,0,0,0,152,infection,123
15.926393312689786,838,14,63,85,0,0,0,152,infectious,820
15.926495488052645,838,14,62,86,0,0,0,152,recovery,627
15.929555385807323,837,15,62,86,0,0,0,153,infection,242
15.944922203268105,836,16,62,86,0,0,0,154,infection,631
15.94711267311397,835,17,62,86,0,0,0,155,infection,936
15.953853585881223,835,16,63,86,0,0,0,155,infectious,446
15.965173373341537,835,15,64,86,0,0,0,155,infectious,258
16.021731995320238,834,16,64,86,0,0,0,156,infection,787
16.025524854603002,833,17,64,86,0,0,0,157,infection,510
16.027897283940977,832,18,64,86,0,0,0,158,infection,629
16.093499253926485,831,19,64,86,0,0,0,159,infection,756
16.104486748225867,830,20,64,86,0,0,0,160,infection,969
16.108966043967115,829,21,64,86,0,0,0,161,infection,235
16.11024698706513,828,22,64,86,0,0,0,162,infection,980
16.133164668697415,828,22,63,87,0,0,0,162,recovery,941
16.15318230498366,828,22,62,88,0,0,0,162,recovery,503
16.199180252989407,828,21,63,88,0,0,0,162,infectious,936
16.201959132881818,827,22,63,88,0,0,0,163,infection,52
16.216531610973224,826,23,63,88,0,0,0,164,infection,563
16.22740099502769,826,23,62,89,0,0,0,164,recovery,378
16.25677080474317,825,24,62,89,0,0,0,165,infection,911
16.27345551202344,825,23,63,89,0,0,0,165,infectious,631
16.285792817362797,825,22,64,89,0,0,0,165,infectious,510
16.294204378226535,825,22,63,90,0,0,0,165,recovery,452
16.308187059460636,825,21,64,90,0,0,0,165,infectious,235
16.329915330528372,825,21,63,91,0,0,0,165,recovery,504
16.341056543700297,824,22,63,91,0,0,0,166,infection,17
16.365750453016236,823,23,63,91,0,0,0,167,infection,710
16.380139875011725,823,23,62,92,0,0,0,167,recovery,693
16.380790674025206,823,23,61,93,0,0,0,167,recovery,735
16.388997462365058,822,24,61,93,0,0,0,168,infection,743
16.3992351136915,821,25,61,93,0,0,0,169,infection,925
16.399527996749477,821,25,60,94,0,0,0,169,recovery,761
16.409272149313654,821,24,61,94,0,0,0,169,infectious,554
16.414885476771268,821,23,62,94,0,0,0,169,infectious,787
16.420874067203634,820,24,62,94,0,0,0,170,infection,33
16.445374794290323,820,24,61,95,0,0,0,170,recovery,559
16.450290895813524,820,24,60,96,0,0,0,170,recovery,914
16.4567571150911,820,24,59,97,0,0,0,170,recovery,422
16.466622693915447,820,23,60,97,0,0,0,170,infectious,947
16.472831544051175,820,22,61,97,0,0,0,170,infectious,514
16.50382634772568,820,22,60,98,0,0,0,170,recovery,446
16.51428875027596,819,23,60,98,0,0,0,171,infection,751
16.520352036256124,818,24,60,98,0,0,0,172,infection,841
16.55470445825203,817,25,60,98,0,0,0,173,infection,625
16.562917582715794,817,25,59,99,0,0,0,173,recovery,692
16.599237271406267,817,25,58,100,0,0,0,173,recovery,638
16.644650293834736,817,24,59,100,0,0,0,173,infectious,629
16.64665067484874,817,24,58,101,0,0,0,173,recovery,144
16.656812756310558,817,23,59,101,0,0,0,173,infectious,625
16.672557700958798,817,23,58,102,0,0,0,173,recovery,820
16.679898452584666,816,24,58,102,0,0,0,174,infection,585
16.682076483966515,816,23,59,102,0,0,0,174,infectious,980
16.69547472698211,816,22,60,102,0,0,0,174,infectious,911
16.700675474390824,816,22,59,103,0,0,0,174,recovery,900
16.71937874720693,815,23,59,103,0,0,0,175,infection,169
16.73926895249983,814,24,59,103,0,0,0,176,infection,970
16.778716124382782,814,23,60,103,0,0,0,176,infectious,708
16.815071872572513,814,22,61,103,0,0,0,176,infectious,117
16.819039089011124,814,21,62,103,0,0,0,176,infectious,585
16.832548618488357,814,21,61,104,0,0,0,176,recovery,578
16.84224792110283,814,20,62,104,0,0,0,176,infectious,331
16.909425616162338,813,21,62,104,0,0,0,177,infection,790
16.919795911894607,812,22,62,104,0,0,0,178,infection,21
16.963115085880904,811,23,62,104,0,0,0,179,infection,332
16.978234621187262,811,23,61,105,0,0,0,179,recovery,558
16.992988294226283,811,22,62,105,0,0,0,179,infectious,751
17.027550612540693,811,21,63,105,0,0,0,179,infectious,332
17.033775442613763,810,22,63,105,0,0,0,180,infection,920
17.04210924190472,809,23,63,105,0,0,0,181,infection,175
17.057707272477245,809,22,64,105,0,0,0,181,infectious,33
17.06758410018083,808,23,64,105,0,0,0,182,infection,564
17.068297083249984,808,22,65,105,0,0,0,182,infectious,52
17.073234478298797,808,22,64,106,0,0,0,182,recovery,945
17.09275784694847,807,23,64,106,0,0,0,183,infection,419
17.093372911336772,807,22,65,106,0,0,0,183,infectious,790
17.093949675702095,806,23,65,106,0,0,0,184,infection,465
17.113266149050688,805,24,65,106,0,0,0,185,infection,25
17.12596069711438,804,25,65,106,0,0,0,186,infection,340
17.140636394846794,804,24,66,106,0,0,0,186,infectious,25
17.156677788070173,803,25,66,106,0,0,0,187,infection,542
17.156739588235432,803,24,67,106,0,0,0,187,infectious,920
17.158075188360034,802,25,67,106,0,0,0,188,infection,145
17.17082431010669,802,24,68,106,0,0,0,188,infectious,841
17.17877037312833,801,25,68,106,0,0,0,189,infection,247
17.20885413642774,801,25,67,107,0,0,0,189,recovery,258
17.21698249757452,801,25,66,108,0,0,0,189,recovery,980
17.22368648306846,800,26,66,108,0,0,0,190,infection,789
17.22466011805187,800,26,65,109,0,0,0,190,recovery,72
17.22756177028566,799,27,65,109,0,0,0,191,infection,83
17.227871023184854,799,26,66,109,0,0,0,191,infectious,169
17.235954010089873,799,25,67,109,0,0,0,191,infectious,175
17.239777108020718,799,24,68,109,0,0,0,191,infectious,743
17.246751684221525,799,23,69,109,0,0,0,191,infectious,710
17.26765079349553,798,24,69,109,0,0,0,192,infection,27
17.27657793749815,798,24,68,110,0,0,0,192,recovery,287
17.315898700719888,797,25,68,110,0,0,0,193,infection,873
17.33039830558257,796,26,68,110,0,0,0,194,infection,535
17.343746205046667,795,27,68,110,0,0,0,195,infection,315
17.35022301585918,795,26,69,110,0,0,0,195,infectious,465
17.351108780185232,795,25,70,110,0,0,0,195,infectious,970
17.362503923033092,794,26,70,110,0,0,0,196,infection,818
17.381532397260305,793,27,70,110,0,0,0,197,infection,94
17.386704274886526,792,28,70,110,0,0,0,198,infection,28
17.38940379666941,791,29,70,110,0,0,0,199,infection,294
17.3936261306265,791,28,71,110,0,0,0,199,infectious,925
17.39601643539723,790,29,71,110,0,0,0,200,infection,470
17.403686800005044,790,28,72,110,0,0,0,200,infectious,535
17.444774656710003,789,29,72,110,0,0,0,201,infection,569
17.449956258846953,788,30,72,110,0,0,0,202,infection,399
17.45310837798187,787,31,72,110,0,0,0,203,infection,685
17.462780621376467,787,30,73,110,0,0,0,203,infectious,564
17.482883788666808,786,31,73,110,0,0,0,204,infection,323
17.493323648790582,785,32,73,110,0,0,0,205,infection,496
17.50106588975893,785,31,74,110,0,0,0,205,infectious,756
17.533563069995896,785,30,75,110,0,0,0,205,infectious,21
17.537979000448654,784,31,75,110,0,0,0,206,infection,957
17.592698768019417,783,32,75,110,0,0,0,207,infection,628
17.614757786548616,783,31,76,110,0,0,0,207,infectious,247
17.618911172917834,783,30,77,110,0,0,0,207,infectious,542
17.63645663725401,783,30,76,111,0,0,0,207,recovery,585
17.6511337012711,783,29,77,111,0,0,0,207,infectious,111
17.667448301588472,783,28,78,111,0,0,0,207,infectious,419
17.67644111551315,782,29,78,111,0,0,0,208,infection,114
17.67664081308361,781,30,78,111,0,0,0,209,infection,874
17.67914822495381,781,29,79,111,0,0,0,209,infectious,628
17.68678336558099,780,30,79,111,0,0,0,210,infection,750
17.713115240161407,780,30,78,112,0,0,0,210,recovery,751
17.723152994912713,779,31,78,112,0,0,0,211,infection,216
17.724617392044294,779,30,79,112,0,0,0,211,infectious,957
17.74669770162375,779,30,78,113,0,0,0,211,recovery,25
17.753349911138784,779,30,77,114,0,0,0,211,recovery,882
17.7749800882985,779,29,78,114,0,0,0,211,infectious,399
17.775574162341123,779,29,77,115,0,0,0,211,recovery,877
17.816051184597168,779,28,78,115,0,0,0,211,infectious,818
17.82243488831256,779,28,77,116,0,0,0,211,recovery,916
17.824313690937537,779,28,76,117,0,0,0,211,recovery,529
17.82852593540403,779,28,75,118,0,0,0,211,recovery,581
17.84011065413454,778,29,75,118,0,0,0,212,infection,384
17.8510564731458,777,30,75,118,0,0,0,213,infection,478
17.88277799340038,776,31,75,118,0,0,0,214,infection,847
17.8946370552895,775,32,75,118,0,0,0,215,infection,878
17.897477199243,774,33,75,118,0,0,0,216,infection,953
17.900880290619234,774,32,76,118,0,0,0,216,infectious,969
17.914133555865973,773,33,76,118,0,0,0,217,infection,349
17.92384444673233,773,32,77,118,0,0,0,217,infectious,953
17.932516319543613,773,32,76,119,0,0,0,217,recovery,527
17.94859522902282,772,33,76,119,0,0,0,218,infection,19
18.004102095439862,771,34,76,119,0,0,0,219,infection,375
18.009332523222472,771,33,77,119,0,0,0,219,infectious,349
18.01102678618996,770,34,77,119,0,0,0,220,infection,610
18.022460884500592,770,33,78,119,0,0,0,220,infectious,242
18.03282215978855,770,32,79,119,0,0,0,220,infectious,789
18.03420151907592,769,33,79,119,0,0,0,221,infection,802
18.038747508148692,769,32,80,119,0,0,0,221,infectious,657
18.045079639765234,769,32,79,120,0,0,0,221,recovery,52
18.061776132525253,768,33,79,120,0,0,0,222,infection,218
18.11365517358621,767,34,79,120,0,0,0,223,infection,256
18.12501897945548,767,34,78,121,0,0,0,223,recovery,535
18.136133084732215,767,33,79,121,0,0,0,223,infectious,384
18.136914136120023,766,34,79,121,0,0,0,224,infection,476
18.15175980978683,765,35,79,121,0,0,0,225,infection,522
18.158797949809454,765,34,80,121,0,0,0,225,infectious,522
18.160117974362272,764,35,80,121,0,0,0,226,infection,363
18.18249054018122,764,34,81,121,0,0,0,226,infectious,873
18.18288674901253,764,34,80,122,0,0,0,226,recovery,606
18.196314621725605,763,35,80,122,0,0,0,227,infection,327
18.19951863379218,763,34,81,122,0,0,0,227,infectious,340
18.2002027682947,763,34,80,123,0,0,0,227,recovery,465
18.203841379643833,763,33,81,123,0,0,0,227,infectious,476
18.21553851115181,763,33,80,124,0,0,0,227,recovery,841
18.21621777527673,763,32,81,124,0,0,0,227,infectious,750
18.220731157685425,763,31,82,124,0,0,0,227,infectious,114
18.221143581088654,763,30,83,124,0,0,0,227,infectious,496
18.2275191539916,762,31,83,124,0,0,0,228,infection,571
18.25230195025573,762,31,82,125,0,0,0,228,recovery,546
18.25843518924402,762,30,83,125,0,0,0,228,infectious,327
18.264261754593083,761,31,83,125,0,0,0,229,infection,950
18.273043899911517,761,30,84,125,0,0,0,229,infectious,83
18.277835526950327,761,29,85,125,0,0,0,229,infectious,685
18.293017231776545,761,29,84,126,0,0,0,229,recovery,936
18.327464547278034,761,29,83,127,0,0,0,229,recovery,169
18.33045885231021,760,30,83,127,0,0,0,230,infection,817
18.38688240254154,759,31,83,127,0,0,0,231,infection,981
18.393876186723396,759,30,84,127,0,0,0,231,infectious,222
18.410420619768654,759,29,85,127,0,0,0,231,infectious,645
18.42911368173221,759,29,84,128,0,0,0,231,recovery,332
18.446763424924473,759,29,83,129,0,0,0,231,recovery,192
18.460923947867904,759,29,82,130,0,0,0,231,recovery,625
18.47669020509132,759,28,83,130,0,0,0,231,infectious,478
18.492295035543282,759,28,82,131,0,0,0,231,recovery,645
18.532065158427418,758,29,82,131,0,0,0,232,infection,49
18.55442188363716,758,28,83,131,0,0,0,232,infectious,123
18.55998405674241,758,28,82,132,0,0,0,232,recovery,175
18.583631167137934,757,29,82,132,0,0,0,233,infection,273
18.6049175374227,756,30,82,132,0,0,0,234,infection,426
18.621952873789752,755,31,82,132,0,0,0,235,infection,397
18.630605095680256,755,31,81,133,0,0,0,235,recovery,570
18.630719590692696,755,31,80,134,0,0,0,235,recovery,579
18.63271107984386,755,30,81,134,0,0,0,235,infectious,49
18.636410428329377,755,29,82,134,0,0,0,235,infectious,323
18.642119449123264,755,28,83,134,0,0,0,235,infectious,363
18.64347895476407,755,28,82,135,0,0,0,235,recovery,514
18.64495044640369,754,29,82,135,0,0,0,236,infection,53
18.6576108792918,753,30,82,135,0,0,0,237,infection,115
18.660164597600755,753,30,81,136,0,0,0,237,recovery,419
18.67446605293681,752,31,81,136,0,0,0,238,infection,407
18.675984711803412,752,31,80,137,0,0,0,238,recovery,194
18.68804963520029,751,32,80,137,0,0,0,239,infection,89
18.69421750226507,751,32,79,138,0,0,0,239,recovery,510
18.7246662394649,751,31,80,138,0,0,0,239,infectious,563
18.72640627628978,751,30,81,138,0,0,0,239,infectious,569
18.734700424315896,751,29,82,138,0,0,0,239,infectious,256
18.73995872833509,751,28,83,138,0,0,0,239,infectious,19
18.760676546627266,750,29,83,138,0,0,0,240,infection,170
18.768189087938186,749,30,83,138,0,0,0,241,infection,607
18.775387414091472,749,29,84,138,0,0,0,241,infectious,817
18.793756352165616,749,29,83,139,0,0,0,241,recovery,247
18.796971374988313,749,28,84,139,0,0,0,241,infectious,874
18.84600704895672,749,28,83,140,0,0,0,241,recovery,789
18.855575626939114,749,28,82,141,0,0,0,241,recovery,969
18.864760182630746,749,28,81,142,0,0,0,241,recovery,756
18.88344206650863,749,27,82,142,0,0,0,241,infectious,847
18.891960876700022,749,27,81,143,0,0,0,241,recovery,818
18.9015710051776,749,26,82,143,0,0,0,241,infectious,407
18.90190214397912,748,27,82,143,0,0,0,242,infection,135
18.9059315066906,747,28,82,143,0,0,0,243,infection,690
18.914215641918112,747,27,83,143,0,0,0,243,infectious,53
18.91895201582588,747,27,82,144,0,0,0,243,recovery,442
18.95311259861047,746,28,82,144,0,0,0,244,infection,196
18.95853423057412,746,28,81,145,0,0,0,244,recovery,750
19.036816106345547,746,28,80,146,0,0,0,244,recovery,53
19.04210024312203,745,29,80,146,0,0,0,245,infection,975
19.047870091437243,745,28,81,146,0,0,0,245,infectious,690
19.057165386117266,744,29,81,146,0,0,0,246,infection,409
19.06610270006857,744,29,80,147,0,0,0,246,recovery,331
19.0689529610389,743,30,80,147,0,0,0,247,infection,43
19.07977219663435,743,29,81,147,0,0,0,247,infectious,610
19.08909959448763,742,30,81,147,0,0,0,248,infection,984
19.11248763122882,742,29,82,147,0,0,0,248,infectious,375
19.113418530045738,741,30,82,147,0,0,0,249,infection,927
19.128870263451216,741,29,83,147,0,0,0,249,infectious,950
19.12920879760377,740,30,83,147,0,0,0,250,infection,843
19.13550830405665,739,31,83,147,0,0,0,251,infection,12
19.14150014147801,739,30,84,147,0,0,0,251,infectious,975
19.146272189936585,738,31,84,147,0,0,0,252,infection,441
19.163616704383788,737,32,84,147,0,0,0,253,infection,482
19.17022256100254,737,31,85,147,0,0,0,253,infectious,135
19.195428061173956,737,31,84,148,0,0,0,253,recovery,743
19.201425739641625,737,30,85,148,0,0,0,253,infectious,441
19.22447799038108,737,29,86,148,0,0,0,253,infectious,294
19.229055279874768,736,30,86,148,0,0,0,254,infection,636
19.24124361624428,736,30,85,149,0,0,0,254,recovery,260
19.298018286746455,736,30,84,150,0,0,0,254,recovery,117
19.3003563498298,735,31,84,150,0,0,0,255,infection,861
19.301488159958787,735,31,83,151,0,0,0,255,recovery,847
19.310243498020323,734,32,83,151,0,0,0,256,infection,7
19.311848651592666,734,31,84,151,0,0,0,256,infectious,89
19.318650290629893,734,31,83,152,0,0,0,256,recovery,657
19.321173690486717,733,32,83,152,0,0,0,257,infection,5
19.322442245571462,732,33,83,152,0,0,0,258,infection,91
19.331264153474613,732,33,82,153,0,0,0,258,recovery,21
19.33366386049798,731,34,82,153,0,0,0,259,infection,429
19.344203108792694,731,33,83,153,0,0,0,259,infectious,12
19.379509933564254,731,32,84,153,0,0,0,259,infectious,170
19.392173357155684,731,31,85,153,0,0,0,259,infectious,981
19.425262949618496,730,32,85,153,0,0,0,260,infection,613
19.446709544394608,729,33,85,153,0,0,0,261,infection,171
19.47491810371722,729,33,84,154,0,0,0,261,recovery,158
19.48064757378676,728,34,84,154,0,0,0,262,infection,282
19.491139345014897,728,33,85,154,0,0,0,262,infectious,426
19.504996085129335,728,33,84,155,0,0,0,262,recovery,325
19.512469891004685,728,32,85,155,0,0,0,262,infectious,216
19.520197457350324,727,33,85,155,0,0,0,263,infection,896
19.52578758986215,726,34,85,155,0,0,0,264,infection,620
19.546675656032036,725,35,85,155,0,0,0,265,infection,932
19.54673778360902,725,34,86,155,0,0,0,265,infectious,636
19.549537481908885,725,33,87,155,0,0,0,265,infectious,917
19.55702005430054,725,32,88,155,0,0,0,265,infectious,145
19.585743065059066,724,33,88,155,0,0,0,266,infection,619
19.613249635762926,724,32,89,155,0,0,0,266,infectious,470
19.67074599112279,723,33,89,155,0,0,0,267,infection,370
19.69434206095734,723,32,90,155,0,0,0,267,infectious,571
19.70344323651929,722,33,90,155,0,0,0,268,infection,366
19.70749636438817,722,33,89,156,0,0,0,268,recovery,874
19.718044768988314,721,34,89,156,0,0,0,269,infection,595
19.72140817429817,720,35,89,156,0,0,0,270,infection,815
19.74063494222328,720,34,90,156,0,0,0,270,infectious,815
19.751933828013627,720,33,91,156,0,0,0,270,infectious,273
19.762858929625857,720,33,90,157,0,0,0,270,recovery,749
19.788329289822975,719,34,90,157,0,0,0,271,infection,651
19.79183381263287,719,33,91,157,0,0,0,271,infectious,843
19.792367998196223,719,32,92,157,0,0,0,271,infectious,196
19.79965257670462,718,33,92,157,0,0,0,272,infection,933
19.806153599593348,717,34,92,157,0,0,0,273,infection,718
19.816136447872363,717,34,91,158,0,0,0,273,recovery,712
19.840604675201245,717,33,92,158,0,0,0,273,infectious,619
19.841654876402476,717,32,93,158,0,0,0,273,infectious,28
19.84520995537891,716,33,93,158,0,0,0,274,infection,530
19.865228244168602,716,32,94,158,0,0,0,274,infectious,933
19.88202015130066,716,31,95,158,0,0,0,274,infectious,932
19.89996025245151,715,32,95,158,0,0,0,275,infection,881
19.96664739737455,715,32,94,159,0,0,0,275,recovery,323
19.971879468617207,714,33,94,159,0,0,0,276,infection,536
20.012813756670507,714,32,95,159,0,0,0,276,infectious,218
20.01451882797388,713,33,95,159,0,0,0,277,infection,335
20.01458284240833,712,34,95,159,0,0,0,278,infection,79
20.048743462155734,711,35,95,159,0,0,0,279,infection,364
20.05112052132077,711,34,96,159,0,0,0,279,infectious,607
20.05827982403609,711,34,95,160,0,0,0,279,recovery,981
20.068093591104034,711,34,94,161,0,0,0,279,recovery,28
20.06864589185836,711,33,95,161,0,0,0,279,infectious,94
20.075092832195953,710,34,95,161,0,0,0,280,infection,755
20.0943742248831,710,34,94,162,0,0,0,280,recovery,222
20.108132309650053,710,33,95,162,0,0,0,280,infectious,43
20.11470900245753,710,32,96,162,0,0,0,280,infectious,927
20.121516906059664,710,31,97,162,0,0,0,280,infectious,315
20.122304734711246,710,31,96,163,0,0,0,280,recovery,911
20.125417001200162,710,30,97,163,0,0,0,280,infectious,881
20.133978264453702,710,30,96,164,0,0,0,280,recovery,790
20.152857668331986,710,30,95,165,0,0,0,280,recovery,815
20.15585551994988,709,31,95,165,0,0,0,281,infection,453
20.18068077987853,709,31,94,166,0,0,0,281,recovery,478
20.181433577596245,709,31,93,167,0,0,0,281,recovery,165
20.20354634289169,708,32,93,167,0,0,0,282,infection,253
20.206160573657744,707,33,93,167,0,0,0,283,infection,153
20.214733251826914,707,33,92,168,0,0,0,283,recovery,719
20.247850324507805,706,34,92,168,0,0,0,284,infection,346
20.251638580258273,706,34,91,169,0,0,0,284,recovery,522
20.265189112401366,706,34,90,170,0,0,0,284,recovery,12
20.27860530758699,705,35,90,170,0,0,0,285,infection,775
20.280490721340026,705,34,91,170,0,0,0,285,infectious,370
20.285208527054802,704,35,91,170,0,0,0,286,infection,656
20.304293664640145,703,36,91,170,0,0,0,287,infection,902
20.340561531997757,703,35,92,170,0,0,0,287,infectious,620
20.34980989115083,703,35,91,171,0,0,0,287,recovery,925
20.372275702306368,702,36,91,171,0,0,0,288,infection,3
20.382467110771497,701,37,91,171,0,0,0,289,infection,801
20.39145150351641,700,38,91,171,0,0,0,290,infection,842
20.400413962064384,700,37,92,171,0,0,0,290,infectious,79
20.415973435097122,700,37,91,172,0,0,0,290,recovery,375
20.429052413988273,699,38,91,172,0,0,0,291,infection,9
20.430561611498465,698,39,91,172,0,0,0,292,infection,457
20.443086951998588,698,39,90,173,0,0,0,292,recovery,607
20.45199257197585,698,38,91,173,0,0,0,292,infectious,861
20.46108558139346,697,39,91,173,0,0,0,293,infection,22
20.46994951282191,697,39,90,174,0,0,0,293,recovery,233
20.49011016060158,697,38,91,174,0,0,0,293,infectious,7
20.490162032496446,697,37,92,174,0,0,0,293,infectious,536
20.495810572977422,696,38,92,174,0,0,0,294,infection,883
20.496838496409357,696,37,93,174,0,0,0,294,infectious,282
20.49823444641584,696,36,94,174,0,0,0,294,infectious,335
20.503308957805437,695,37,94,174,0,0,0,295,infection,962
20.50401114073394,695,36,95,174,0,0,0,295,infectious,962
20.521370328117353,695,35,96,174,0,0,0,295,infectious,755
20.528401077153237,695,35,95,175,0,0,0,295,recovery,817
20.53603367990433,695,35,94,176,0,0,0,295,recovery,536
20.549845648126546,694,36,94,176,0,0,0,296,infection,741
20.55715754837854,694,36,93,177,0,0,0,296,recovery,933
20.565949452535286,694,36,92,178,0,0,0,296,recovery,563
20.59455399783744,694,35,93,178,0,0,0,296,infectious,409
20.595487914177294,694,34,94,178,0,0,0,296,infectious,984
20.595895055459707,693,35,94,178,0,0,0,297,infection,830
20.609422924609483,693,35,93,179,0,0,0,297,recovery,542
20.61601510152608,693,34,94,179,0,0,0,297,infectious,22
20.62314451485311,692,35,94,179,0,0,0,298,infection,319
20.62853839819472,692,35,93,180,0,0,0,298,recovery,932
20.628714367438246,691,36,93,180,0,0,0,299,infection,388
20.654857715845946,691,35,94,180,0,0,0,299,infectious,482
20.66250746499035,691,35,93,181,0,0,0,299,recovery,216
20.662959491224267,691,35,92,182,0,0,0,299,recovery,962
20.683630742268242,691,34,93,182,0,0,0,299,infectious,718
20.6860184849609,691,33,94,182,0,0,0,299,infectious,883
20.697516943162405,690,34,94,182,0,0,0,300,infection,691
20.713760429370314,690,34,93,183,0,0,0,300,recovery,79
20.72378730863216,690,34,92,184,0,0,0,300,recovery,111
20.778954062722985,690,34,91,185,0,0,0,300,recovery,43
20.791171047627795,690,34,90,186,0,0,0,300,recovery,284
20.797273688409398,690,34,89,187,0,0,0,300,recovery,950
20.802335234023104,690,33,90,187,0,0,0,300,infectious,878
20.80402071111154,690,32,91,187,0,0,0,300,infectious,3
20.8058879499491,689,33,91,187,0,0,0,301,infection,615
20.809533354842003,688,34,91,187,0,0,0,302,infection,445
20.812942568179658,687,35,91,187,0,0,0,303,infection,810
20.813660337506843,686,36,91,187,0,0,0,304,infection,589
20.821900891343763,686,35,92,187,0,0,0,304,infectious,5
20.82572555197693,686,35,91,188,0,0,0,304,recovery,873
20.841243475950506,685,36,91,188,0,0,0,305,infection,110
20.843545390083843,685,35,92,188,0,0,0,305,infectious,801
20.856034097131047,685,35,91,189,0,0,0,305,recovery,426
20.88152641789448,684,36,91,189,0,0,0,306,infection,968
20.88566296701689,684,36,90,190,0,0,0,306,recovery,441
20.907044076744242,684,35,91,190,0,0,0,306,infectious,457
20.911574747119477,683,36,91,190,0,0,0,307,infection,575
20.955605382544068,683,35,92,190,0,0,0,307,infectious,115
20.9649282587396,683,35,91,191,0,0,0,307,recovery,7
20.994228035568707,683,34,92,191,0,0,0,307,infectious,453
21.02867796778274,683,33,93,191,0,0,0,307,infectious,575
21.041060929638537,682,34,93,191,0,0,0,308,infection,351
21.049612674752485,681,35,93,191,0,0,0,309,infection,279
21.052966715065843,680,36,93,191,0,0,0,310,infection,958
21.066335882635098,680,35,94,191,0,0,0,310,infectious,958
21.067414634236872,680,34,95,191,0,0,0,310,infectious,896
21.09135086501309,679,35,95,191,0,0,0,311,infection,189
21.09859508380516,679,35,94,192,0,0,0,311,recovery,947
21.11597611069751,679,34,95,192,0,0,0,311,infectious,279
21.14843189558916,679,33,96,192,0,0,0,311,infectious,153
21.15652866233002,679,33,95,193,0,0,0,311,recovery,718
21.184011448587484,678,34,95,193,0,0,0,312,infection,66
21.223147117117474,677,35,95,193,0,0,0,313,infection,821
21.223651752652604,677,34,96,193,0,0,0,313,infectious,189
21.224479920651966,677,33,97,193,0,0,0,313,infectious,968
21.227890388640247,676,34,97,193,0,0,0,314,infection,96
21.247932981987066,675,35,97,193,0,0,0,315,infection,134
21.248638105684194,675,35,96,194,0,0,0,315,recovery,404
21.256604563338477,675,35,95,195,0,0,0,315,recovery,628
21.264340944236242,674,36,95,195,0,0,0,316,infection,560
21.273747072971425,674,35,96,195,0,0,0,316,infectious,445
21.28298793107304,674,34,97,195,0,0,0,316,infectious,560
21.28625405830634,674,34,96,196,0,0,0,316,recovery,457
21.28796901271504,674,33,97,196,0,0,0,316,infectious,319
21.29506420410515,673,34,97,196,0,0,0,317,infection,435
21.30796035174432,672,35,97,196,0,0,0,318,infection,398
21.309309775143053,672,35,96,197,0,0,0,318,recovery,878
21.31956282023484,672,34,97,197,0,0,0,318,infectious,613
21.321235781258494,671,35,97,197,0,0,0,319,infection,8
21.323774926300178,670,36,97,197,0,0,0,320,infection,184
21.326997541280118,669,37,97,197,0,0,0,321,infection,334
21.33571345996243,669,36,98,197,0,0,0,321,infectious,398
21.34412567432291,669,35,99,197,0,0,0,321,infectious,110
21.35905796571959,669,34,100,197,0,0,0,321,infectious,184
21.370728065330038,669,33,101,197,0,0,0,321,infectious,388
21.3717381003338,669,33,100,198,0,0,0,321,recovery,496
21.390868459076188,669,32,101,198,0,0,0,321,infectious,366
21.416597069249896,669,32,100,199,0,0,0,321,recovery,555
21.427222238103642,669,32,99,200,0,0,0,321,recovery,135
21.4351301492332,668,33,99,200,0,0,0,322,infection,148
21.45533755105746,668,33,98,201,0,0,0,322,recovery,49
21.47145849911979,667,34,98,201,0,0,0,323,infection,720
21.477264616637914,667,34,97,202,0,0,0,323,recovery,968
21.483411069855787,667,34,96,203,0,0,0,323,recovery,256
21.49321251476649,667,33,97,203,0,0,0,323,infectious,66
21.49619550567681,666,34,97,203,0,0,0,324,infection,241
21.497052251801442,666,33,98,203,0,0,0,324,infectious,27
21.50909216579837,666,32,99,203,0,0,0,324,infectious,91
21.537950761826867,666,31,100,203,0,0,0,324,infectious,651
21.571181028105737,666,31,99,204,0,0,0,324,recovery,94
21.577461472587576,665,32,99,204,0,0,0,325,infection,907
21.584954178072838,664,33,99,204,0,0,0,326,infection,82
21.585760399508388,664,33,98,205,0,0,0,326,recovery,568
21.592197462727675,664,32,99,205,0,0,0,326,infectious,134
21.599909452546864,663,33,99,205,0,0,0,327,infection,224
21.609719518513344,663,32,100,205,0,0,0,327,infectious,429
21.613312378200277,663,31,101,205,0,0,0,327,infectious,821
21.61672435892035,663,30,102,205,0,0,0,327,infectious,810
21.62161209399746,663,29,103,205,0,0,0,327,infectious,595
21.625865811468515,663,28,104,205,0,0,0,327,infectious,17
21.653146524922413,662,29,104,205,0,0,0,328,infection,245
21.697200585785012,662,28,105,205,0,0,0,328,infectious,691
21.73470923462226,662,28,104,206,0,0,0,328,recovery,33
21.738087963476595,662,28,103,207,0,0,0,328,recovery,5
21.747810782589934,662,28,102,208,0,0,0,328,recovery,218
21.75195791351086,662,27,103,208,0,0,0,328,infectious,530
21.75545444157525,662,26,104,208,0,0,0,328,infectious,435
21.75573869560376,662,25,105,208,0,0,0,328,infectious,241
21.757547255508406,662,24,106,208,0,0,0,328,infectious,8
21.79607655121159,661,25,106,208,0,0,0,329,infection,652
21.812437005112958,661,24,107,208,0,0,0,329,infectious,615
21.819016542305302,661,24,106,209,0,0,0,329,recovery,560
21.822362918226357,661,24,105,210,0,0,0,329,recovery,114
21.828183131313594,661,23,106,210,0,0,0,329,infectious,775
21.830487254920147,660,24,106,210,0,0,0,330,infection,225
21.84860711625481,659,25,106,210,0,0,0,331,infection,622
21.851173285771985,658,26,106,210,0,0,0,332,infection,239
21.888926119692748,658,25,107,210,0,0,0,332,infectious,225
21.89389180188631,658,24,108,210,0,0,0,332,infectious,720
21.909390090806312,658,23,109,210,0,0,0,332,infectious,148
21.914745967470616,657,24,109,210,0,0,0,333,infection,733
21.940692170118844,657,24,108,211,0,0,0,333,recovery,134
21.959619877486706,657,24,107,212,0,0,0,333,recovery,554
21.962733514632646,657,24,106,213,0,0,0,333,recovery,10
21.969974426508244,657,24,105,214,0,0,0,333,recovery,91
21.980858796178328,657,23,106,214,0,0,0,333,infectious,733
21.999477684881366,656,24,106,214,0,0,0,334,infection,822
22.00454640185776,656,24,105,215,0,0,0,334,recovery,739
22.006557372854047,655,25,105,215,0,0,0,335,infection,961
22.01294143276463,655,25,104,216,0,0,0,335,recovery,453
22.01565448873725,654,26,104,216,0,0,0,336,infection,572
22.035411466722504,653,27,104,216,0,0,0,337,infection,250
22.054271956093118,653,26,105,216,0,0,0,337,infectious,652
22.066226212666972,652,27,105,216,0,0,0,338,infection,829
22.07084738833156,652,26,106,216,0,0,0,338,infectious,239
22.08013225009409,651,27,106,216,0,0,0,339,infection,647
22.087830718585337,651,27,105,217,0,0,0,339,recovery,613
22.09487785433135,651,26,106,217,0,0,0,339,infectious,250
22.110026064954642,650,27,106,217,0,0,0,340,infection,511
22.12685960704861,649,28,106,217,0,0,0,341,infection,68
22.132916886133973,649,27,107,217,0,0,0,341,infectious,961
22.13620369277073,649,26,108,217,0,0,0,341,infectious,351
22.14150439516131,649,25,109,217,0,0,0,341,infectious,397
22.141854028730876,648,26,109,217,0,0,0,342,infection,301
22.14717293396036,647,27,109,217,0,0,0,343,infection,443
22.176037486466388,647,27,108,218,0,0,0,343,recovery,636
22.18759195664424,647,26,109,218,0,0,0,343,infectious,82
22.189412023284838,647,25,110,218,0,0,0,343,infectious,224
22.192166337362067,647,24,111,218,0,0,0,343,infectious,334
22.19972436264993,646,25,111,218,0,0,0,344,infection,257
22.204383532174926,645,26,111,218,0,0,0,345,infection,711
22.21345482408708,644,27,111,218,0,0,0,346,infection,584
22.238911312520383,644,26,112,218,0,0,0,346,infectious,301
22.24823643403285,644,26,111,219,0,0,0,346,recovery,652
22.260060141391534,644,25,112,219,0,0,0,346,infectious,9
22.26187079859991,644,25,111,220,0,0,0,346,recovery,896
22.265583073568205,643,26,111,220,0,0,0,347,infection,30
22.27012261062059,643,26,110,221,0,0,0,347,recovery,564
22.27414432269289,642,27,110,221,0,0,0,348,infection,469
22.2814676420978,642,27,109,222,0,0,0,348,recovery,200
22.3237606665563,641,28,109,222,0,0,0,349,infection,879
22.336653266066982,641,28,108,223,0,0,0,349,recovery,38
22.355242267739175,640,29,108,223,0,0,0,350,infection,632
22.355372991765968,639,30,108,223,0,0,0,351,infection,778
22.36657153565163,639,29,109,223,0,0,0,351,infectious,656
22.37594687754374,639,28,110,223,0,0,0,351,infectious,711
22.37602786218441,639,28,109,224,0,0,0,351,recovery,148
22.394612455009508,639,28,108,225,0,0,0,351,recovery,3
22.40351699607033,638,29,108,225,0,0,0,352,infection,624
22.404153672808192,638,28,109,225,0,0,0,352,infectious,902
22.405666389504837,638,27,110,225,0,0,0,352,infectious,879
22.474988583296263,638,27,109,226,0,0,0,352,recovery,397
22.4755935243159,637,28,109,226,0,0,0,353,infection,759
22.484759163301398,637,27,110,226,0,0,0,353,infectious,346
22.49774088718698,636,28,110,226,0,0,0,354,infection,481
22.52711459934288,635,29,110,226,0,0,0,355,infection,98
22.563089208234608,635,29,109,227,0,0,0,355,recovery,881
22.583277705007557,635,28,110,227,0,0,0,355,infectious,257
22.603770221702558,635,28,109,228,0,0,0,355,recovery,27
22.604914295326278,634,29,109,228,0,0,0,356,infection,292
22.610941271547556,633,30,109,228,0,0,0,357,infection,557
22.635793023375342,633,30,108,229,0,0,0,357,recovery,384
22.636825539834255,633,30,107,230,0,0,0,357,recovery,917
22.642328552852053,633,29,108,230,0,0,0,357,infectious,469
22.65571500965456,633,29,107,231,0,0,0,357,recovery,279
22.662250610808087,633,28,108,231,0,0,0,357,infectious,907
22.66530052909314,633,28,107,232,0,0,0,357,recovery,656
22.668026152911754,633,28,106,233,0,0,0,357,recovery,610
22.68106333017588,633,27,107,233,0,0,0,357,infectious,647
22.68939908711929,633,27,106,234,0,0,0,357,recovery,153
22.6971680414014,632,28,106,234,0,0,0,358,infection,64
22.721166454735855,632,28,105,235,0,0,0,358,recovery,239
22.768444731491666,631,29,105,235,0,0,0,359,infection,634
22.78442868160724,631,28,106,235,0,0,0,359,infectious,30
22.79357162043427,631,28,105,236,0,0,0,359,recovery,115
22.81923471277662,630,29,105,236,0,0,0,360,infection,767
22.83466673106021,630,29,104,237,0,0,0,360,recovery,861
22.85523275696725,630,28,105,237,0,0,0,360,infectious,622
22.86521596831136,630,28,104,238,0,0,0,360,recovery,958
22.869256131402746,629,29,104,238,0,0,0,361,infection,14
22.881715639855294,629,29,103,239,0,0,0,361,recovery,110
22.88368664409441,629,28,104,239,0,0,0,361,infectious,511
22.887275264552326,629,27,105,239,0,0,0,361,infectious,634
22.888153225278465,628,28,105,239,0,0,0,362,infection,278
22.909528536550923,628,27,106,239,0,0,0,362,infectious,822
22.91316852525908,628,27,105,240,0,0,0,362,recovery,953
22.915617685639273,628,26,106,240,0,0,0,362,infectious,14
22.920753346676232,628,26,105,241,0,0,0,362,recovery,984
22.926093593581754,628,25,106,241,0,0,0,362,infectious,632
22.939615280999483,628,24,107,241,0,0,0,362,infectious,584
22.946480433277078,627,25,107,241,0,0,0,363,infection,816
22.947462000178582,627,24,108,241,0,0,0,363,infectious,292
22.96447301201006,627,23,109,241,0,0,0,363,infectious,245
22.965898566413067,627,22,110,241,0,0,0,363,infectious,171
22.968822839839667,627,22,109,242,0,0,0,363,recovery,316
22.971747980958504,627,21,110,242,0,0,0,363,infectious,253
22.98040415579651,626,22,110,242,0,0,0,364,infection,813
22.99668372673781,626,22,109,243,0,0,0,364,recovery,432
23.02458219943074,625,23,109,243,0,0,0,365,infection,974
23.033472428801133,625,23,108,244,0,0,0,365,recovery,629
23.04204957586779,625,22,109,244,0,0,0,365,infectious,813
23.069283402680107,625,22,108,245,0,0,0,365,recovery,470
23.07936052858293,625,21,109,245,0,0,0,365,infectious,364
23.10975756950792,625,21,108,246,0,0,0,365,recovery,902
23.124237043621783,625,21,107,247,0,0,0,365,recovery,651
23.127636099267974,624,22,107,247,0,0,0,366,infection,484
23.148264371769958,623,23,107,247,0,0,0,367,infection,271
23.17494799392453,623,23,106,248,0,0,0,367,recovery,119
23.17888566490659,622,24,106,248,0,0,0,368,infection,140
23.208340957308973,622,24,105,249,0,0,0,368,recovery,989
23.230621684498374,622,23,106,249,0,0,0,368,infectious,484
23.252631868675326,622,22,107,249,0,0,0,368,infectious,572
23.26520809093002,622,22,106,250,0,0,0,368,recovery,584
23.29384710830474,622,22,105,251,0,0,0,368,recovery,615
23.296943248395607,622,22,104,252,0,0,0,368,recovery,407
23.298732630852438,622,22,103,253,0,0,0,368,recovery,885
23.303095699020194,621,23,103,253,0,0,0,369,infection,261
23.32712529911387,621,23,102,254,0,0,0,369,recovery,363
23.345936804649615,620,24,102,254,0,0,0,370,infection,267
23.346808882992207,619,25,102,254,0,0,0,371,infection,919
23.3510365923045,619,24,103,254,0,0,0,371,infectious,267
23.361486730751682,619,24,102,255,0,0,0,371,recovery,961
23.395443424772672,619,24,101,256,0,0,0,371,recovery,763
23.40465525995413,618,25,101,256,0,0,0,372,infection,965
23.411578888876342,617,26,101,256,0,0,0,373,infection,312
23.421026134897474,616,27,101,256,0,0,0,374,infection,805
23.469226115559223,616,26,102,256,0,0,0,374,infectious,557
23.505920590903578,615,27,102,256,0,0,0,375,infection,661
23.524681654560194,615,27,101,257,0,0,0,375,recovery,975
23.53004051748208,615,26,102,257,0,0,0,375,infectious,802
23.537106983148387,615,26,101,258,0,0,0,375,recovery,883
23.542261177994362,615,25,102,258,0,0,0,375,infectious,778
23.544514162732284,615,25,101,259,0,0,0,375,recovery,89
23.548979029770525,614,26,101,259,0,0,0,376,infection,644
23.54956611746806,613,27,101,259,0,0,0,377,infection,872
23.55033210521222,613,27,100,260,0,0,0,377,recovery,733
23.554853503122366,612,28,100,260,0,0,0,378,infection,744
23.555846313876764,611,29,100,260,0,0,0,379,infection,296
23.56186931299783,610,30,100,260,0,0,0,380,infection,561
23.56779242209312,610,30,99,261,0,0,0,380,recovery,171
23.57172920078175,610,30,98,262,0,0,0,380,recovery,82
23.589993728436795,610,29,99,262,0,0,0,380,infectious,816
23.610872870268732,609,30,99,262,0,0,0,381,infection,204
23.616758606767956,609,29,100,262,0,0,0,381,infectious,624
23.62173177353683,608,30,100,262,0,0,0,382,infection,280
23.628451124917078,607,31,100,262,0,0,0,383,infection,406
23.629079764251625,606,32,100,262,0,0,0,384,infection,609
23.655061709372596,606,31,101,262,0,0,0,384,infectious,64
23.675788518825243,605,32,101,262,0,0,0,385,infection,208
23.683696359062356,605,31,102,262,0,0,0,385,infectious,481
23.70143517835053,605,31,101,263,0,0,0,385,recovery,620
23.72184305031826,605,31,100,264,0,0,0,385,recovery,879
23.76425234288222,604,32,100,264,0,0,0,386,infection,436
23.7868972583637,603,33,100,264,0,0,0,387,infection,526
23.794058970347564,602,34,100,264,0,0,0,388,infection,74
23.80131031854282,601,35,100,264,0,0,0,389,infection,298
23.837706866125085,600,36,100,264,0,0,0,390,infection,47
23.839303967066712,599,37,100,264,0,0,0,391,infection,150
23.860466803833845,598,38,100,264,0,0,0,392,infection,147
23.860827558984514,597,39,100,264,0,0,0,393,infection,84
23.86527070186719,597,38,101,264,0,0,0,393,infectious,919
23.874875000569293,597,37,102,264,0,0,0,393,infectious,644
23.877063954790554,596,38,102,264,0,0,0,394,infection,541
23.880932496773294,596,37,103,264,0,0,0,394,infectious,589
23.898392000802247,595,38,103,264,0,0,0,395,infection,428
23.898393317691642,595,37,104,264,0,0,0,395,infectious,204
23.8989561474166,594,38,104,264,0,0,0,396,infection,897
23.906846447411294,594,38,103,265,0,0,0,396,recovery,189
23.910780001463284,594,37,104,265,0,0,0,396,infectious,261
23.91985058367032,593,38,104,265,0,0,0,397,infection,835
23.94659729312883,593,37,105,265,0,0,0,397,infectious,68
23.952058885461977,592,38,105,265,0,0,0,398,infection,944
23.9806347493203,591,39,105,265,0,0,0,399,infection,138
23.984378949161307,591,39,104,266,0,0,0,399,recovery,571
23.98842160578889,591,38,105,266,0,0,0,399,infectious,436
23.98866992452983,591,38,104,267,0,0,0,399,recovery,631
23.98966630767236,591,38,103,268,0,0,0,399,recovery,843
24.02753348073749,590,39,103,268,0,0,0,400,infection,681
24.027832060609462,590,38,104,268,0,0,0,400,infectious,741
24.05988716293922,589,39,104,268,0,0,0,401,infection,858
24.064761720116966,588,40,104,268,0,0,0,402,infection,795
24.076759018562697,588,39,105,268,0,0,0,402,infectious,872
24.077840384392683,588,38,106,268,0,0,0,402,infectious,138
24.079448746905005,588,38,105,269,0,0,0,402,recovery,810
24.088473423837794,588,38,104,270,0,0,0,402,recovery,647
24.101545199744375,588,37,105,270,0,0,0,402,infectious,609
24.107859730432104,588,36,106,270,0,0,0,402,infectious,681
24.12499284653095,588,36,105,271,0,0,0,402,recovery,609
24.130370718138224,588,36,104,272,0,0,0,402,recovery,196
24.130521485819486,588,35,105,272,0,0,0,402,infectious,541
24.134047834709488,588,34,106,272,0,0,0,402,infectious,661
24.14057889053519,588,34,105,273,0,0,0,402,recovery,273
24.1695654164085,587,35,105,273,0,0,0,403,infection,977
24.172424926093363,587,34,106,273,0,0,0,403,infectious,835
24.17890610039939,587,33,107,273,0,0,0,403,infectious,298
24.184903176644013,587,33,106,274,0,0,0,403,recovery,927
24.18840410807367,586,34,106,274,0,0,0,404,infection,172
24.19160386357455,586,34,105,275,0,0,0,404,recovery,575
24.220681025810823,586,33,106,275,0,0,0,404,infectious,47
24.238662887359162,586,32,107,275,0,0,0,404,infectious,140
24.25130118694068,586,32,106,276,0,0,0,404,recovery,435
24.256918479078664,586,31,107,276,0,0,0,404,infectious,150
24.271158667319963,586,31,106,277,0,0,0,404,recovery,292
24.28232184346497,586,31,105,278,0,0,0,404,recovery,920
24.286921976581933,586,31,104,279,0,0,0,404,recovery,813
24.297423376068355,586,31,103,280,0,0,0,404,recovery,821
24.318187348883622,586,31,102,281,0,0,0,404,recovery,335
24.34026549129586,586,31,101,282,0,0,0,404,recovery,19
24.35314825384413,585,32,101,282,0,0,0,405,infection,431
24.368527584851247,584,33,101,282,0,0,0,406,infection,942
24.372684331732465,584,33,100,283,0,0,0,406,recovery,22
24.378646615868828,584,32,101,283,0,0,0,406,infectious,428
24.380476758588475,583,33,101,283,0,0,0,407,infection,129
24.381940963889853,583,32,102,283,0,0,0,407,infectious,172
24.402590020119685,583,31,103,283,0,0,0,407,infectious,977
24.404413907441427,583,30,104,283,0,0,0,407,infectious,129
24.420046992386435,583,29,105,283,0,0,0,407,infectious,830
24.442608183459143,583,29,104,284,0,0,0,407,recovery,235
24.48061732959467,582,30,104,284,0,0,0,408,infection,649
24.4813232790287,582,29,105,284,0,0,0,408,infectious,858
24.483334645747394,581,30,105,284,0,0,0,409,infection,81
24.538441635233784,580,31,105,284,0,0,0,410,infection,909
24.542681341872306,580,31,104,285,0,0,0,410,recovery,710
24.553673756527814,580,30,105,285,0,0,0,410,infectious,98
24.558806153227216,579,31,105,285,0,0,0,411,infection,209
24.56270814339151,579,31,104,286,0,0,0,411,recovery,872
24.57270595476508,578,32,104,286,0,0,0,412,infection,369
24.581140127862692,578,32,103,287,0,0,0,412,recovery,37
24.603746207808506,578,31,104,287,0,0,0,412,infectious,795
24.604706340170292,577,32,104,287,0,0,0,413,infection,565
24.607075348445548,577,32,103,288,0,0,0,413,recovery,334
24.617395203788856,577,31,104,288,0,0,0,413,infectious,842
24.62306310321935,577,31,103,289,0,0,0,413,recovery,370
24.626139415733864,577,31,102,290,0,0,0,413,recovery,150
24.665308328074126,576,32,102,290,0,0,0,414,infection,721
24.672733276058256,576,31,103,290,0,0,0,414,infectious,74
24.67327107745774,576,30,104,290,0,0,0,414,infectious,759
24.684405473810624,576,30,103,291,0,0,0,414,recovery,172
24.698108716994955,576,29,104,291,0,0,0,414,infectious,744
24.70874158020236,576,28,105,291,0,0,0,414,infectious,81
24.740296287966945,576,27,106,291,0,0,0,414,infectious,431
24.74744564256504,575,28,106,291,0,0,0,415,infection,16
24.748011058806313,575,28,105,292,0,0,0,415,recovery,511
24.752993103963334,575,27,106,292,0,0,0,415,infectious,944
24.76639049535075,575,26,107,292,0,0,0,415,infectious,278
24.77027300091386,575,26,106,293,0,0,0,415,recovery,429
24.782857382421764,575,26,105,294,0,0,0,415,recovery,795
24.783203693800868,575,26,104,295,0,0,0,415,recovery,530
24.788374626115314,575,25,105,295,0,0,0,415,infectious,147
24.793251834285254,575,25,104,296,0,0,0,415,recovery,138
24.89561278357424,575,24,105,296,0,0,0,415,infectious,209
24.896889569126955,574,25,105,296,0,0,0,416,infection,988
24.90213802199014,574,24,106,296,0,0,0,416,infectious,721
24.920041883332853,573,25,106,296,0,0,0,417,infection,785
24.958817096945324,573,25,105,297,0,0,0,417,recovery,9
24.96932463537137,573,25,104,298,0,0,0,417,recovery,81
24.970530965285835,572,26,104,298,0,0,0,418,infection,849
25.003538640059915,572,26,103,299,0,0,0,418,recovery,595
25.005346055233126,571,27,103,299,0,0,0,419,infection,566
25.00662933857083,570,28,103,299,0,0,0,420,infection,345
25.02769095562855,570,28,102,300,0,0,0,420,recovery,294
25.032796294945463,570,28,101,301,0,0,0,420,recovery,557
25.055897070190408,570,28,100,302,0,0,0,420,recovery,17
25.099449195628313,570,28,99,303,0,0,0,420,recovery,66
25.099496281697856,570,28,98,304,0,0,0,420,recovery,241
25.10686473321841,569,29,98,304,0,0,0,421,infection,295
25.109268551120092,569,28,99,304,0,0,0,421,infectious,767
25.109487298901563,569,27,100,304,0,0,0,421,infectious,296
25.122523988254425,569,26,101,304,0,0,0,421,infectious,974
25.12370878453107,569,25,102,304,0,0,0,421,infectious,280
25.137153058028275,569,24,103,304,0,0,0,421,infectious,566
25.172207494545194,569,23,104,304,0,0,0,421,infectious,84
25.17400467572103,569,22,105,304,0,0,0,421,infectious,345
25.214124281675826,568,23,105,304,0,0,0,422,infection,520
25.24447019335837,567,24,105,304,0,0,0,423,infection,286
25.252741021685388,567,24,104,305,0,0,0,423,recovery,907
25.26894262790324,566,25,104,305,0,0,0,424,infection,444
25.28379489702633,566,24,105,305,0,0,0,424,infectious,369
25.30564351286018,565,25,105,305,0,0,0,425,infection,159
25.308938607402048,564,26,105,305,0,0,0,426,infection,777
25.314738903652263,563,27,105,305,0,0,0,427,infection,762
25.31696771398967,563,27,104,306,0,0,0,427,recovery,691
25.319477691785043,562,28,104,306,0,0,0,428,infection,95
25.325387701229207,561,29,104,306,0,0,0,429,infection,386
25.356406497316705,561,29,103,307,0,0,0,429,recovery,572
25.360324400251137,560,30,103,307,0,0,0,430,infection,782
25.361685368455007,560,29,104,307,0,0,0,430,infectious,386
25.37909920095431,559,30,104,307,0,0,0,431,infection,517
25.38045454775108,559,30,103,308,0,0,0,431,recovery,147
25.384796261678762,559,29,104,308,0,0,0,431,infectious,443
25.385377516447228,558,30,104,308,0,0,0,432,infection,745
25.392116634510803,557,31,104,308,0,0,0,433,infection,116
25.39691117494502,557,31,103,309,0,0,0,433,recovery,145
25.426336573174066,557,31,102,310,0,0,0,433,recovery,47
25.43039491168113,557,30,103,310,0,0,0,433,infectious,444
25.45993333100396,557,30,102,311,0,0,0,433,recovery,759
25.481157415766894,556,31,102,311,0,0,0,434,infection,354
25.483889717382084,556,31,101,312,0,0,0,434,recovery,685
25.488138793641884,556,31,100,313,0,0,0,434,recovery,253
25.515194442490394,555,32,100,313,0,0,0,435,infection,173
25.567207372967577,555,31,101,313,0,0,0,435,infectious,526
25.578788878701147,554,32,101,313,0,0,0,436,infection,752
25.595596252503718,553,33,101,313,0,0,0,437,infection,212
25.609605561737194,552,34,101,313,0,0,0,438,infection,851
25.64215926133786,551,35,101,313,0,0,0,439,infection,523
25.642170230804275,550,36,101,313,0,0,0,440,infection,76
25.64540325856845,550,35,102,313,0,0,0,440,infectious,312
25.657877039308744,549,36,102,313,0,0,0,441,infection,940
25.6581645903057,549,35,103,313,0,0,0,441,infectious,523
25.67544112042642,548,36,103,313,0,0,0,442,infection,862
25.692782531462903,547,37,103,313,0,0,0,443,infection,839
25.715831861134763,547,36,104,313,0,0,0,443,infectious,897
25.715970854606187,546,37,104,313,0,0,0,444,infection,834
25.725936802099696,546,37,103,314,0,0,0,444,recovery,445
25.74239517832267,546,37,102,315,0,0,0,444,recovery,523
25.745896189122153,545,38,102,315,0,0,0,445,infection,39
25.749243829697026,545,37,103,315,0,0,0,445,infectious,76
25.750764178907346,545,37,102,316,0,0,0,445,recovery,345
25.75204900352492,545,37,101,317,0,0,0,445,recovery,140
25.765041571436143,544,38,101,317,0,0,0,446,infection,891
25.778215580027535,543,39,101,317,0,0,0,447,infection,788
25.778508432193167,543,38,102,317,0,0,0,447,infectious,116
25.798094888868757,543,37,103,317,0,0,0,447,infectious,16
25.80461950948673,543,37,102,318,0,0,0,447,recovery,388
25.812407305758423,543,36,103,318,0,0,0,447,infectious,96
25.817604760073763,542,37,103,318,0,0,0,448,infection,538
25.832936138065964,541,38,103,318,0,0,0,449,infection,556
25.84382204410654,541,38,102,319,0,0,0,449,recovery,484
25.864404081681958,541,37,103,319,0,0,0,449,infectious,208
25.87941317312564,541,36,104,319,0,0,0,449,infectious,851
25.895097344740453,541,35,105,319,0,0,0,449,infectious,295
25.910219093846703,540,36,105,319,0,0,0,450,infection,468
25.916254640586562,539,37,105,319,0,0,0,451,infection,766
25.956705724929797,539,36,106,319,0,0,0,451,infectious,406
25.980458015624496,538,37,106,319,0,0,0,452,infection,414
25.99905978962862,538,36,107,319,0,0,0,452,infectious,988
26.005059168051424,537,37,107,319,0,0,0,453,infection,252
26.016659319150897,537,37,106,320,0,0,0,453,recovery,814
26.01803965822849,537,37,105,321,0,0,0,453,recovery,632
26.027416643817464,536,38,105,321,0,0,0,454,infection,528
26.039512790623025,536,37,106,321,0,0,0,454,infectious,173
26.06508918011794,536,37,105,322,0,0,0,454,recovery,988
26.069511495206232,536,36,106,322,0,0,0,454,infectious,762
26.098497264598116,536,35,107,322,0,0,0,454,infectious,891
26.11613717832211,536,35,106,323,0,0,0,454,recovery,977
26.133030232617728,536,35,105,324,0,0,0,454,recovery,842
26.142117488655774,536,35,104,325,0,0,0,454,recovery,469
26.155665660539235,536,34,105,325,0,0,0,454,infectious,252
26.174033794513637,536,33,106,325,0,0,0,454,infectious,829
26.191478394975174,535,34,106,325,0,0,0,455,infection,330
26.19939282932255,535,33,107,325,0,0,0,455,infectious,940
26.213664372334303,535,32,108,325,0,0,0,455,infectious,212
26.234260821536314,534,33,108,325,0,0,0,456,infection,328
26.251511453891855,533,34,108,325,0,0,0,457,infection,266
26.277784254040547,532,35,108,325,0,0,0,458,infection,717
26.291406897099712,532,35,107,326,0,0,0,458,recovery,267
26.31995027183959,532,34,108,326,0,0,0,458,infectious,777
26.34719821625413,531,35,108,326,0,0,0,459,infection,423
26.354161890563883,531,34,109,326,0,0,0,459,infectious,788
26.357786688608734,531,33,110,326,0,0,0,459,infectious,330
26.358789028556874,530,34,110,326,0,0,0,460,infection,485
26.359988440402926,529,35,110,326,0,0,0,461,infection,682
26.376395423390683,529,34,111,326,0,0,0,461,infectious,328
26.382660683043653,529,33,112,326,0,0,0,461,infectious,942
26.38631354558479,529,33,111,327,0,0,0,461,recovery,280
26.392045498425176,529,32,112,327,0,0,0,461,infectious,520
26.393448547614508,528,33,112,327,0,0,0,462,infection,666
26.394087856420843,528,32,113,327,0,0,0,462,infectious,517
26.42618142451881,528,31,114,327,0,0,0,462,infectious,414
26.42745753362686,528,31,113,328,0,0,0,462,recovery,295
26.43583762851415,527,32,113,328,0,0,0,463,infection,32
26.473958855758433,527,31,114,328,0,0,0,463,infectious,834
26.480521765894537,527,30,115,328,0,0,0,463,infectious,538
26.4937104302037,526,31,115,328,0,0,0,464,infection,219
26.497387768117733,526,31,114,329,0,0,0,464,recovery,777
26.50980314621772,525,32,114,329,0,0,0,465,infection,155
26.51793052806295,525,32,113,330,0,0,0,465,recovery,619
26.524464060286324,525,32,112,331,0,0,0,465,recovery,778
26.5381833119006,524,33,112,331,0,0,0,466,infection,65
26.55382780716578,524,32,113,331,0,0,0,466,infectious,766
26.56131171532295,523,33,113,331,0,0,0,467,infection,594
26.572217364857334,522,34,113,331,0,0,0,468,infection,765
26.5872230668465,521,35,113,331,0,0,0,469,infection,597
26.58768237662756,521,35,112,332,0,0,0,469,recovery,204
26.602255952460276,521,35,111,333,0,0,0,469,recovery,436
26.610731055092863,521,34,112,333,0,0,0,469,infectious,597
26.63808908171401,521,34,111,334,0,0,0,469,recovery,517
26.639412160926828,521,33,112,334,0,0,0,469,infectious,565
26.66103193162467,520,34,112,334,0,0,0,470,infection,272
26.66499346277083,519,35,112,334,0,0,0,471,infection,537
26.66906697539162,519,34,113,334,0,0,0,471,infectious,782
26.69144721150494,519,34,112,335,0,0,0,471,recovery,782
26.719446250434366,519,34,111,336,0,0,0,471,recovery,681
26.725393081401574,519,34,110,337,0,0,0,471,recovery,565
26.73931571953707,519,33,111,337,0,0,0,471,infectious,594
26.7404562857982,519,32,112,337,0,0,0,471,infectious,485
26.756176683290818,519,31,113,337,0,0,0,471,infectious,95
26.761443659162694,519,31,112,338,0,0,0,471,recovery,942
26.76395004696185,518,32,112,338,0,0,0,472,infection,164
26.78059399907754,518,32,111,339,0,0,0,472,recovery,661
26.781408696337124,518,32,110,340,0,0,0,472,recovery,340
26.781915005063734,518,32,109,341,0,0,0,472,recovery,720
26.788731115673478,517,33,109,341,0,0,0,473,infection,543
26.815249032503218,517,32,110,341,0,0,0,473,infectious,286
26.819157147226036,517,32,109,342,0,0,0,473,recovery,482
26.829173473259743,517,31,110,342,0,0,0,473,infectious,468
26.829620714193982,517,30,111,342,0,0,0,473,infectious,528
26.835355547991224,516,31,111,342,0,0,0,474,infection,163
26.841053018509733,516,31,110,343,0,0,0,474,recovery,76
26.88013702731312,516,30,111,343,0,0,0,474,infectious,849
26.88382140629392,516,30,110,344,0,0,0,474,recovery,298
26.906846305455822,515,31,110,344,0,0,0,475,infection,314
26.907325089750124,515,30,111,344,0,0,0,475,infectious,219
26.917889167685615,515,29,112,344,0,0,0,475,infectious,266
26.93084483281341,514,30,112,344,0,0,0,476,infection,515
26.976791286038342,514,29,113,344,0,0,0,476,infectious,862
26.985476823562514,514,29,112,345,0,0,0,476,recovery,520
26.993429870612054,513,30,112,345,0,0,0,477,infection,440
26.994613756293518,512,31,112,345,0,0,0,478,infection,608
27.001964725655256,512,31,111,346,0,0,0,478,recovery,250
27.011001368674254,512,31,110,347,0,0,0,478,recovery,624
27.051133965507518,512,30,111,347,0,0,0,478,infectious,745
27.053147206832854,511,31,111,347,0,0,0,479,infection,350
27.056208083975818,511,31,110,348,0,0,0,479,recovery,919
27.083001220168732,511,30,111,348,0,0,0,479,infectious,271
27.083112983344027,510,31,111,348,0,0,0,480,infection,912
27.104203851685266,510,30,112,348,0,0,0,480,infectious,666
27.107994859034825,509,31,112,348,0,0,0,481,infection,467
27.110268335874174,509,30,113,348,0,0,0,481,infectious,765
27.11371924460651,508,31,113,348,0,0,0,482,infection,724
27.115096914946324,508,30,114,348,0,0,0,482,infectious,65
27.15314489370062,508,30,113,349,0,0,0,482,recovery,835
27.1575141409672,508,30,112,350,0,0,0,482,recovery,744
27.159068393224548,508,29,113,350,0,0,0,482,infectious,717
27.176946182839774,508,28,114,350,0,0,0,482,infectious,163
27.17808600473709,507,29,114,350,0,0,0,483,infection,23
27.18230909607471,506,30,114,350,0,0,0,484,infection,56
27.183792218347754,505,31,114,350,0,0,0,485,infection,845
27.223861087587146,505,31,113,351,0,0,0,485,recovery,68
27.2657216186789,504,32,113,351,0,0,0,486,infection,880
27.278951655729326,504,32,112,352,0,0,0,486,recovery,286
27.28806355738916,504,31,113,352,0,0,0,486,infectious,561
27.29210499652825,504,30,114,352,0,0,0,486,infectious,467
27.30359452842063,504,30,113,353,0,0,0,486,recovery,261
27.31058519637761,504,30,112,354,0,0,0,486,recovery,634
27.31320869017399,504,30,111,355,0,0,0,486,recovery,310
27.314513512289853,504,29,112,355,0,0,0,486,infectious,155
27.31958038776015,504,28,113,355,0,0,0,486,infectious,724
27.32013707094279,504,27,114,355,0,0,0,486,infectious,880
27.365411945929726,504,27,113,356,0,0,0,486,recovery,409
27.36771193780142,504,26,114,356,0,0,0,486,infectious,556
27.38260884750659,504,26,113,357,0,0,0,486,recovery,851
27.404219477852873,504,26,112,358,0,0,0,486,recovery,566
27.404450255361645,504,25,113,358,0,0,0,486,infectious,912
27.408930623726643,504,25,112,359,0,0,0,486,recovery,891
27.411530360644893,503,26,112,359,0,0,0,487,infection,220
27.415618911492817,503,25,113,359,0,0,0,487,infectious,845
27.42426941584631,503,24,114,359,0,0,0,487,infectious,965
27.429228100613827,502,25,114,359,0,0,0,488,infection,293
27.446957108354727,501,26,114,359,0,0,0,489,infection,903
27.450933338587443,501,26,113,360,0,0,0,489,recovery,965
27.47885655437321,501,26,112,361,0,0,0,489,recovery,444
27.488241276184418,501,26,111,362,0,0,0,489,recovery,123
27.514605185901242,501,26,110,363,0,0,0,489,recovery,65
27.53989784601185,501,25,111,363,0,0,0,489,infectious,909
27.571569344278785,501,24,112,363,0,0,0,489,infectious,649
27.58810317959128,500,25,112,363,0,0,0,490,infection,160
27.596701602156287,499,26,112,363,0,0,0,491,infection,191
27.60624055115001,498,27,112,363,0,0,0,492,infection,893
27.608376489287156,498,26,113,363,0,0,0,492,infectious,23
27.60870801153796,498,25,114,363,0,0,0,492,infectious,903
27.634482765117916,498,24,115,363,0,0,0,492,infectious,785
27.654191151846383,498,23,116,363,0,0,0,492,infectious,32
27.65435498141728,497,24,116,363,0,0,0,493,infection,640
27.67132336396444,496,25,116,363,0,0,0,494,infection,826
27.68193579748056,496,25,115,364,0,0,0,494,recovery,880
27.68503513955353,495,26,115,364,0,0,0,495,infection,154
27.688337880557405,495,25,116,364,0,0,0,495,infectious,314
27.725306733525056,495,25,115,365,0,0,0,495,recovery,96
27.72689235422223,495,25,114,366,0,0,0,495,recovery,327
27.737206186447242,495,24,115,366,0,0,0,495,infectious,154
27.737249499563482,494,25,115,366,0,0,0,496,infection,964
27.747754116648473,494,25,114,367,0,0,0,496,recovery,95
27.7532073843855,494,25,113,368,0,0,0,496,recovery,903
27.758616388462762,494,24,114,368,0,0,0,496,infectious,293
27.764987159355393,494,24,113,369,0,0,0,496,recovery,741
27.79784695592247,494,23,114,369,0,0,0,496,infectious,160
27.8278110540323,494,22,115,369,0,0,0,496,infectious,39
27.837844979195985,493,23,115,369,0,0,0,497,infection,492
27.846159931124532,492,24,115,369,0,0,0,498,infection,913
27.85836408393731,492,24,114,370,0,0,0,498,recovery,765
27.869610186455002,492,23,115,370,0,0,0,498,infectious,492
27.879140408868945,491,24,115,370,0,0,0,499,infection,188
27.904684529592373,490,25,115,370,0,0,0,500,infection,892
27.925301324399992,490,24,116,370,0,0,0,500,infectious,826
27.939556856589228,489,25,116,370,0,0,0,501,infection,124
27.96012333034439,488,26,116,370,0,0,0,502,infection,167
27.96167453400283,488,26,115,371,0,0,0,502,recovery,252
27.966515939528612,487,27,115,371,0,0,0,503,infection,532
27.972227787588306,486,28,115,371,0,0,0,504,infection,205
27.985718523391007,486,28,114,372,0,0,0,504,recovery,293
27.990630672998403,486,28,113,373,0,0,0,504,recovery,64
28.002123442596012,485,29,113,373,0,0,0,505,infection,736
28.01666108341311,484,30,113,373,0,0,0,506,infection,742
28.02516144983518,483,31,113,373,0,0,0,507,infection,771
28.052757456545244,483,30,114,373,0,0,0,507,infectious,354
28.06819705455927,483,29,115,373,0,0,0,507,infectious,537
28.080322040429618,483,28,116,373,0,0,0,507,infectious,350
28.094690727990706,483,27,117,373,0,0,0,507,infectious,124
28.100312074085597,482,28,117,373,0,0,0,508,infection,35
28.12262961269392,481,29,117,373,0,0,0,509,infection,99
28.125033418938543,481,28,118,373,0,0,0,509,infectious,913
28.131609659848205,481,28,117,374,0,0,0,509,recovery,755
28.13822226900336,481,28,116,375,0,0,0,509,recovery,98
28.13976253468753,480,29,116,375,0,0,0,510,infection,50
28.14237075273546,480,28,117,375,0,0,0,510,infectious,839
28.1495115637085,480,28,116,376,0,0,0,510,recovery,839
28.162320482578274,480,27,117,376,0,0,0,510,infectious,99
28.167501146904538,480,27,116,377,0,0,0,510,recovery,84
28.172970415773268,479,28,116,377,0,0,0,511,infection,304
28.20522053351992,478,29,116,377,0,0,0,512,infection,382
28.218898848151646,478,28,117,377,0,0,0,512,infectious,682
28.235897514660497,477,29,117,377,0,0,0,513,infection,672
28.246886168781423,477,29,116,378,0,0,0,513,recovery,775
28.290990442728763,476,30,116,378,0,0,0,514,infection,380
28.29212036045429,475,31,116,378,0,0,0,515,infection,385
28.29898981530052,475,30,117,378,0,0,0,515,infectious,736
28.31807590435991,475,30,116,379,0,0,0,515,recovery,16
28.32721862677753,474,31,116,379,0,0,0,516,infection,450
28.33693899662238,474,30,117,379,0,0,0,516,infectious,672
28.340887024245024,474,30,116,380,0,0,0,516,recovery,802
28.3520822021063,474,30,115,381,0,0,0,516,recovery,160
28.370596799155727,474,29,116,381,0,0,0,516,infectious,450
28.378601367111024,474,29,115,382,0,0,0,516,recovery,481
28.38152607526261,474,28,116,382,0,0,0,516,infectious,382
28.390266608392274,474,28,115,383,0,0,0,516,recovery,450
28.41414021090367,474,28,114,384,0,0,0,516,recovery,649
28.415334457342308,473,29,114,384,0,0,0,517,infection,901
28.41930958521068,472,30,114,384,0,0,0,518,infection,972
28.423795993425465,472,29,115,384,0,0,0,518,infectious,892
28.426802338593944,472,29,114,385,0,0,0,518,recovery,862
28.442265929527665,472,29,113,386,0,0,0,518,recovery,845
28.46757097227081,472,28,114,386,0,0,0,518,infectious,742
28.472516318196586,472,28,113,387,0,0,0,518,recovery,834
28.478902613788218,472,28,112,388,0,0,0,518,recovery,173
28.482166707535526,471,29,112,388,0,0,0,519,infection,177
28.486846304107523,470,30,112,388,0,0,0,520,infection,776
28.53589437641201,469,31,112,388,0,0,0,521,infection,519
28.556839251750173,468,32,112,388,0,0,0,522,infection,104
28.55796718486333,468,32,111,389,0,0,0,522,recovery,315
28.574777134641238,467,33,111,389,0,0,0,523,infection,748
28.58482006050723,467,32,112,389,0,0,0,523,infectious,380
28.58766653171335,467,31,113,389,0,0,0,523,infectious,515
28.59825779080184,467,30,114,389,0,0,0,523,infectious,608
28.612380516589713,467,29,115,389,0,0,0,523,infectious,440
28.614112088221134,467,29,114,390,0,0,0,523,recovery,224
28.631723443094465,467,29,113,391,0,0,0,523,recovery,816
28.64533171130625,467,29,112,392,0,0,0,523,recovery,745
28.657267577229383,467,28,113,392,0,0,0,523,infectious,972
28.658099472971223,467,27,114,392,0,0,0,523,infectious,159
28.661093868127615,466,28,114,392,0,0,0,524,infection,420
28.682020821354342,466,28,113,393,0,0,0,524,recovery,476
28.684721582189063,466,27,114,393,0,0,0,524,infectious,423
28.724886601098895,465,28,114,393,0,0,0,525,infection,577
28.773960027967945,464,29,114,393,0,0,0,526,infection,937
28.80045732498336,463,30,114,393,0,0,0,527,infection,415
28.841500917064337,463,29,115,393,0,0,0,527,infectious,104
28.859474520750005,463,28,116,393,0,0,0,527,infectious,304
28.863770154245643,463,27,117,393,0,0,0,527,infectious,50
28.86796407088219,463,27,116,394,0,0,0,527,recovery,515
28.868774825491634,462,28,116,394,0,0,0,528,infection,886
28.877900554491735,461,29,116,394,0,0,0,529,infection,48
28.890343799500013,461,29,115,395,0,0,0,529,recovery,822
28.896895996354246,461,29,114,396,0,0,0,529,recovery,467
28.913819266989144,460,30,114,396,0,0,0,530,infection,895
28.922173521687053,460,29,115,396,0,0,0,530,infectious,805
28.92939036907456,460,29,114,397,0,0,0,530,recovery,350
28.93624875242289,460,28,115,397,0,0,0,530,infectious,188
28.945394723683993,460,28,114,398,0,0,0,530,recovery,304
28.976113214253484,460,28,113,399,0,0,0,530,recovery,301
28.99328775844199,460,27,114,399,0,0,0,530,infectious,35
28.997001983709914,459,28,114,399,0,0,0,531,infection,906
29.003365611937713,459,28,113,400,0,0,0,531,recovery,492
29.01806499582213,459,27,114,400,0,0,0,531,infectious,177
29.031872472544354,458,28,114,400,0,0,0,532,infection,383
29.058639043941053,458,27,115,400,0,0,0,532,infectious,752
29.07371202430718,457,28,115,400,0,0,0,533,infection,929
29.087515526705268,457,28,114,401,0,0,0,533,recovery,406
29.12245785851302,456,29,114,401,0,0,0,534,infection,846
29.13363882924975,456,28,115,401,0,0,0,534,infectious,220
29.13793998700308,456,28,114,402,0,0,0,534,recovery,830
29.141845375749945,455,29,114,402,0,0,0,535,infection,231
29.144859871546114,455,29,113,403,0,0,0,535,recovery,354
29.165937369544423,455,28,114,403,0,0,0,535,infectious,771
29.173341898317847,454,29,114,403,0,0,0,536,infection,59
29.186335593967865,454,28,115,403,0,0,0,536,infectious,385
29.187641304232525,453,29,115,403,0,0,0,537,infection,88
29.18958158445358,452,30,115,403,0,0,0,538,infection,403
29.205941997714568,452,30,114,404,0,0,0,538,recovery,708
29.2484497810572,451,31,114,404,0,0,0,539,infection,306
29.269177143970964,451,30,115,404,0,0,0,539,infectious,937
29.312460207682932,451,29,116,404,0,0,0,539,infectious,167
29.324425107052974,450,30,116,404,0,0,0,540,infection,408
29.348389317239555,450,29,117,404,0,0,0,540,infectious,231
29.349609087395493,450,29,116,405,0,0,0,540,recovery,826
29.357559714884147,450,28,117,405,0,0,0,540,infectious,306
29.363042761998283,450,27,118,405,0,0,0,540,infectious,48
29.38861672623906,449,28,118,405,0,0,0,541,infection,781
29.397922227589852,449,27,119,405,0,0,0,541,infectious,929
29.410668873863603,449,27,118,406,0,0,0,541,recovery,541
29.413104497497876,448,28,118,406,0,0,0,542,infection,229
29.417457680233834,448,28,117,407,0,0,0,542,recovery,440
29.417673499939525,448,28,116,408,0,0,0,542,recovery,858
29.42686389935827,448,28,115,409,0,0,0,542,recovery,328
29.437781878297063,448,27,116,409,0,0,0,542,infectious,532
29.43830361467247,448,26,117,409,0,0,0,542,infectious,964
29.450440661976206,448,25,118,409,0,0,0,542,infectious,383
29.454121191934867,448,24,119,409,0,0,0,542,infectious,781
29.457304998614095,447,25,119,409,0,0,0,543,infection,633
29.457341685340687,447,25,118,410,0,0,0,543,recovery,428
29.45828466065055,447,24,119,410,0,0,0,543,infectious,748
29.47274669062541,447,24,118,411,0,0,0,543,recovery,556
29.47282488367268,446,25,118,411,0,0,0,544,infection,855
29.485250794779184,446,25,117,412,0,0,0,544,recovery,306
29.489998639781312,445,26,117,412,0,0,0,545,infection,281
29.507638801517878,445,26,116,413,0,0,0,545,recovery,163
29.540599384024013,445,25,117,413,0,0,0,545,infectious,403
29.547048813639062,445,24,118,413,0,0,0,545,infectious,229
29.57054981700786,444,25,118,413,0,0,0,546,infection,864
29.57391602669292,444,25,117,414,0,0,0,546,recovery,940
29.576077354105127,444,25,116,415,0,0,0,546,recovery,622
29.600246898014124,443,26,116,415,0,0,0,547,infection,780
29.601226810764835,443,26,115,416,0,0,0,547,recovery,319
29.60628706162084,442,27,115,416,0,0,0,548,infection,678
29.628072959325472,442,27,114,417,0,0,0,548,recovery,159
29.652237023761682,442,26,115,417,0,0,0,548,infectious,906
29.652306701917247,442,25,116,417,0,0,0,548,infectious,191
29.691771415802936,442,25,115,418,0,0,0,548,recovery,278
29.699221498737963,442,24,116,418,0,0,0,548,infectious,59
29.700615011778524,442,24,115,419,0,0,0,548,recovery,23
29.72436277800677,441,25,115,419,0,0,0,549,infection,707
29.73186692979701,441,25,114,420,0,0,0,549,recovery,155
29.733290397973676,441,25,113,421,0,0,0,549,recovery,271
29.75196197363514,441,25,112,422,0,0,0,549,recovery,929
29.752245668750774,441,24,113,422,0,0,0,549,infectious,895
29.761814326697817,441,23,114,422,0,0,0,549,infectious,415
29.77484249642819,441,22,115,422,0,0,0,549,infectious,901
29.77735134515375,440,23,115,422,0,0,0,550,infection,809
29.780950219669265,440,23,114,423,0,0,0,550,recovery,362
29.781308570117556,440,23,113,424,0,0,0,550,recovery,913
29.841819879767723,439,24,113,424,0,0,0,551,infection,15
29.84705343460476,439,24,112,425,0,0,0,551,recovery,231
29.86968243760496,439,23,113,425,0,0,0,551,infectious,640
29.869894555828143,438,24,113,425,0,0,0,552,infection,90
29.872003478012672,438,24,112,426,0,0,0,552,recovery,897
29.88391391822042,438,24,111,427,0,0,0,552,recovery,644
29.91833682693266,437,25,111,427,0,0,0,553,infection,648
29.920068652613548,437,24,112,427,0,0,0,553,infectious,90
29.939365182548013,436,25,112,427,0,0,0,554,infection,93
29.958803334852043,435,26,112,427,0,0,0,555,infection,1
29.969659822260674,435,26,111,428,0,0,0,555,recovery,380
29.9753480449142,435,25,112,428,0,0,0,555,infectious,420
30.00531477237196,435,25,111,429,0,0,0,555,recovery,385
30.005778051199684,435,25,110,430,0,0,0,555,recovery,640
30.016119907682597,435,25,109,431,0,0,0,555,recovery,781
30.047217301588503,435,25,108,432,0,0,0,555,recovery,128
30.05810718562549,434,26,108,432,0,0,0,556,infection,326
30.07484252448712,434,25,109,432,0,0,0,556,infectious,809
30.078567043527116,434,25,108,433,0,0,0,556,recovery,184
30.093931213248762,433,26,108,433,0,0,0,557,infection,361
30.098438226934533,433,26,107,434,0,0,0,557,recovery,767
30.106061326359427,433,26,106,435,0,0,0,557,recovery,742
30.10656847552061,432,27,106,435,0,0,0,558,infection,270
30.11653307234235,432,27,105,436,0,0,0,558,recovery,116
30.124378210163222,432,26,106,436,0,0,0,558,infectious,93
30.140932197848496,431,27,106,436,0,0,0,559,infection,727
30.16599244343449,431,26,107,436,0,0,0,559,infectious,776
30.172763833809256,431,25,108,436,0,0,0,559,infectious,886
30.19077587931697,431,25,107,437,0,0,0,559,recovery,569
30.195459338559193,431,25,106,438,0,0,0,559,recovery,369
30.200272995178928,430,26,106,438,0,0,0,560,infection,311
30.236667039382652,429,27,106,438,0,0,0,561,infection,80
30.243647671462142,429,27,105,439,0,0,0,561,recovery,538
30.24573412211533,429,27,104,440,0,0,0,561,recovery,748
30.247414030513898,428,28,104,440,0,0,0,562,infection,611
30.26617010159933,428,28,103,441,0,0,0,562,recovery,30
30.278068077174353,428,27,104,441,0,0,0,562,infectious,893
30.27916325981389,428,27,103,442,0,0,0,562,recovery,682
30.28677655496341,428,26,104,442,0,0,0,562,infectious,272
30.289567890989137,428,26,103,443,0,0,0,562,recovery,99
30.292708585728057,428,25,104,443,0,0,0,562,infectious,56
30.320238594798123,427,26,104,443,0,0,0,563,infection,836
30.322389294380503,427,25,105,443,0,0,0,563,infectious,361
30.36032103971313,427,25,104,444,0,0,0,563,recovery,90
30.36706276186412,426,26,104,444,0,0,0,564,infection,687
30.370021747395832,426,26,103,445,0,0,0,564,recovery,771
30.394525126451203,426,25,104,445,0,0,0,564,infectious,633
30.401755884419543,426,24,105,445,0,0,0,564,infectious,687
30.43704285073455,425,25,105,445,0,0,0,565,infection,255
30.43898533771024,425,24,106,445,0,0,0,565,infectious,836
30.456086840804257,425,23,107,445,0,0,0,565,infectious,408
30.48117974100058,424,24,107,445,0,0,0,566,infection,355
30.498180614251748,424,24,106,446,0,0,0,566,recovery,382
30.499464393853497,424,24,105,447,0,0,0,566,recovery,104
30.505791573231466,423,25,105,447,0,0,0,567,infection,746
30.508130855806073,423,25,104,448,0,0,0,567,recovery,330
30.530076090340856,423,25,103,449,0,0,0,567,recovery,809
30.546701754960687,423,25,102,450,0,0,0,567,recovery,225
30.57165211170089,423,24,103,450,0,0,0,567,infectious,355
30.594312709945214,423,24,102,451,0,0,0,567,recovery,56
30.620052772568748,422,25,102,451,0,0,0,568,infection,982
30.640336925427306,422,25,101,452,0,0,0,568,recovery,355
30.713735510339944,422,24,102,452,0,0,0,568,infectious,80
30.722797354162,421,25,102,452,0,0,0,569,infection,799
30.735896009346643,420,26,102,452,0,0,0,570,infection,725
30.740476837430474,419,27,102,452,0,0,0,571,infection,753
30.751108350163058,419,26,103,452,0,0,0,571,infectious,846
30.75213674142106,419,25,104,452,0,0,0,571,infectious,15
30.76836238080555,418,26,104,452,0,0,0,572,infection,915
30.772106703006273,418,26,103,453,0,0,0,572,recovery,220
30.77532446997344,417,27,103,453,0,0,0,573,infection,677
30.78586203968701,417,27,102,454,0,0,0,573,recovery,836
30.799920860787783,417,26,103,454,0,0,0,573,infectious,326
30.800995787918644,417,25,104,454,0,0,0,573,infectious,677
30.804022288624342,417,25,103,455,0,0,0,573,recovery,909
30.81981960128067,416,26,103,455,0,0,0,574,infection,773
30.834030270145202,415,27,103,455,0,0,0,575,infection,705
30.83514012463894,414,28,103,455,0,0,0,576,infection,819
30.83519364135017,413,29,103,455,0,0,0,577,infection,702
30.855411384829683,412,30,103,455,0,0,0,578,infection,774
30.865448442893534,412,29,104,455,0,0,0,578,infectious,270
30.895713132126748,412,28,105,455,0,0,0,578,infectious,164
30.89939406282918,411,29,105,455,0,0,0,579,infection,918
30.90348474975032,411,29,104,456,0,0,0,579,recovery,594
30.907627641826878,411,28,105,456,0,0,0,579,infectious,773
30.916491985861633,411,27,106,456,0,0,0,579,infectious,746
30.92002013212727,410,28,106,456,0,0,0,580,infection,604
30.93581844278059,410,27,107,456,0,0,0,580,infectious,604
30.93700174892172,409,28,107,456,0,0,0,581,infection,221
30.951970581511063,409,28,106,457,0,0,0,581,recovery,801
30.957078975362485,409,27,107,457,0,0,0,581,infectious,918
30.961904569121014,408,28,107,457,0,0,0,582,infection,151
30.965904654667,407,29,107,457,0,0,0,583,infection,791
30.968057649058366,407,28,108,457,0,0,0,583,infectious,702
31.01582167756727,407,27,109,457,0,0,0,583,infectious,577
31.04232799602677,407,27,108,458,0,0,0,583,recovery,39
31.043892945079428,406,28,108,458,0,0,0,584,infection,168
31.05121552431333,406,27,109,458,0,0,0,584,infectious,819
31.095036273093534,406,27,108,459,0,0,0,584,recovery,386
31.137805662561448,406,26,109,459,0,0,0,584,infectious,799
31.160103844854117,405,27,109,459,0,0,0,585,infection,770
31.16724833462332,404,28,109,459,0,0,0,586,infection,265
31.1691819106795,403,29,109,459,0,0,0,587,infection,923
31.17581887889555,402,30,109,459,0,0,0,588,infection,990
31.177105916929143,402,29,110,459,0,0,0,588,infectious,311
31.186808646396436,402,29,109,460,0,0,0,588,recovery,970
31.19932973792569,402,28,110,460,0,0,0,588,infectious,855
31.200586270029024,402,27,111,460,0,0,0,588,infectious,265
31.201398785170486,402,26,112,460,0,0,0,588,infectious,151
31.231072512398203,402,26,111,461,0,0,0,588,recovery,666
31.245656900718895,402,26,110,462,0,0,0,588,recovery,48
31.26110582147304,402,26,109,463,0,0,0,588,recovery,901
31.27652235854779,401,27,109,463,0,0,0,589,infection,199
31.28401735595215,401,26,110,463,0,0,0,589,infectious,990
31.294248290216533,401,25,111,463,0,0,0,589,infectious,255
31.33195574745083,401,24,112,463,0,0,0,589,infectious,648
31.38752873472567,401,23,113,463,0,0,0,589,infectious,780
31.390318759758326,400,24,113,463,0,0,0,590,infection,248
31.402376696166048,400,23,114,463,0,0,0,590,infectious,168
31.42656168272305,400,23,113,464,0,0,0,590,recovery,164
31.459308996371995,399,24,113,464,0,0,0,591,infection,297
31.462659838719862,398,25,113,464,0,0,0,592,infection,372
31.464629040360194,398,25,112,465,0,0,0,592,recovery,972
31.47136711564763,397,26,112,465,0,0,0,593,infection,356
31.474610703753147,396,27,112,465,0,0,0,594,infection,41
31.474734147524927,396,26,113,465,0,0,0,594,infectious,1
31.487185203754848,396,25,114,465,0,0,0,594,infectious,705
31.507307524580256,396,24,115,465,0,0,0,594,infectious,205
31.510474541236448,396,24,114,466,0,0,0,594,recovery,944
31.544619462948752,396,24,113,467,0,0,0,594,recovery,311
31.547189046735742,396,24,112,468,0,0,0,594,recovery,35
31.557422635600126,396,23,113,468,0,0,0,594,infectious,199
31.591016589407207,395,24,113,468,0,0,0,595,infection,405
31.611584190709024,394,25,113,468,0,0,0,596,infection,939
31.62836080101136,394,24,114,468,0,0,0,596,infectious,791
31.63372307573138,394,24,113,469,0,0,0,596,recovery,468
31.645022144109753,394,24,112,470,0,0,0,596,recovery,154
31.666800231457824,393,25,112,470,0,0,0,597,infection,859
31.67045226093024,392,26,112,470,0,0,0,598,infection,870
31.70396569679288,391,27,112,470,0,0,0,599,infection,101
31.705846794468403,390,28,112,470,0,0,0,600,infection,254
31.727611663811278,390,27,113,470,0,0,0,600,infectious,939
31.729111581473283,389,28,113,470,0,0,0,601,infection,592
31.731012580025375,389,28,112,471,0,0,0,601,recovery,361
31.731069467027023,389,27,113,471,0,0,0,601,infectious,753
31.741128053458894,389,26,114,471,0,0,0,601,infectious,101
31.762802482140444,389,26,113,472,0,0,0,601,recovery,270
31.77101573974002,389,25,114,472,0,0,0,601,infectious,221
31.790349533586213,389,24,115,472,0,0,0,601,infectious,254
31.797156276656175,389,23,116,472,0,0,0,601,infectious,915
31.817808152090734,388,24,116,472,0,0,0,602,infection,97
31.820519763321027,387,25,116,472,0,0,0,603,infection,837
31.822340420437513,387,25,115,473,0,0,0,603,recovery,974
31.826127309323283,386,26,115,473,0,0,0,604,infection,211
31.850848831243233,386,25,116,473,0,0,0,604,infectious,678
31.871854098279,385,26,116,473,0,0,0,605,infection,680
31.897651746834356,385,25,117,473,0,0,0,605,infectious,725
31.913796257186785,385,25,116,474,0,0,0,605,recovery,219
31.930924780797948,384,26,116,474,0,0,0,606,infection,583
31.940474345010312,383,27,116,474,0,0,0,607,infection,357
31.944461550381906,382,28,116,474,0,0,0,608,infection,149
31.96073535109528,382,27,117,474,0,0,0,608,infectious,707
31.983640912946097,381,28,117,474,0,0,0,609,infection,377
31.997138090491276,380,29,117,474,0,0,0,610,infection,240
31.999278324460022,380,29,116,475,0,0,0,610,recovery,229
32.04441729329379,379,30,116,475,0,0,0,611,infection,513
32.051348750382616,379,29,117,475,0,0,0,611,infectious,211
32.0747396724438,379,29,116,476,0,0,0,611,recovery,608
32.07971513034855,379,28,117,476,0,0,0,611,infectious,281
32.08469164991034,379,28,116,477,0,0,0,611,recovery,791
32.08502606158852,379,28,115,478,0,0,0,611,recovery,746
32.09270982195607,379,28,114,479,0,0,0,611,recovery,526
32.10178389539425,379,28,113,480,0,0,0,611,recovery,604
32.11885135923745,379,28,112,481,0,0,0,611,recovery,314
32.13898099297159,379,28,111,482,0,0,0,611,recovery,415
32.15106149028832,379,28,110,483,0,0,0,611,recovery,597
32.1587869659017,379,27,111,483,0,0,0,611,infectious,837
32.161139891958804,379,27,110,484,0,0,0,611,recovery,265
32.163494301095795,379,27,109,485,0,0,0,611,recovery,383
32.172448459678556,378,28,109,485,0,0,0,612,infection,58
32.17287887087421,378,28,108,486,0,0,0,612,recovery,678
32.18311385728724,378,28,107,487,0,0,0,612,recovery,266
32.221577894420804,377,29,107,487,0,0,0,613,infection,182
32.24249436149377,377,28,108,487,0,0,0,613,infectious,982
32.2557209063193,376,29,108,487,0,0,0,614,infection,454
32.26528552181182,376,29,107,488,0,0,0,614,recovery,242
32.27454627734899,376,28,108,488,0,0,0,614,infectious,680
32.27470539418068,376,28,107,489,0,0,0,614,recovery,937
32.28346814486053,376,28,106,490,0,0,0,614,recovery,788
32.287897125895185,375,29,106,490,0,0,0,615,infection,60
32.323074261185894,375,29,105,491,0,0,0,615,recovery,805
32.347220948775586,375,28,106,491,0,0,0,615,infectious,583
32.35454707656929,374,29,106,491,0,0,0,616,infection,499
32.37845062486943,374,29,105,492,0,0,0,616,recovery,170
32.37923490716367,374,29,104,493,0,0,0,616,recovery,724
32.384330682001824,374,28,105,493,0,0,0,616,infectious,88
32.403837310187406,373,29,105,493,0,0,0,617,infection,487
32.410359830351766,373,29,104,494,0,0,0,617,recovery,753
32.43185177637275,373,29,103,495,0,0,0,617,recovery,414
32.43909864160192,372,30,103,495,0,0,0,618,infection,806
32.46521193556945,372,30,102,496,0,0,0,618,recovery,915
32.46689296935892,371,31,102,496,0,0,0,619,infection,768
32.46949941437538,371,30,103,496,0,0,0,619,infectious,372
32.47513083239164,371,29,104,496,0,0,0,619,infectious,859
32.518597905081414,371,29,103,497,0,0,0,619,recovery,93
32.51933820723015,370,30,103,497,0,0,0,620,infection,122
32.52160451233689,370,29,104,497,0,0,0,620,infectious,41
32.57002954443533,369,30,104,497,0,0,0,621,infection,904
32.58275743261905,369,30,103,498,0,0,0,621,recovery,583
32.59711859249601,369,29,104,498,0,0,0,621,infectious,768
32.60568643209317,368,30,104,498,0,0,0,622,infection,269
32.63540676774768,367,31,104,498,0,0,0,623,infection,521
32.6392858069868,367,31,103,499,0,0,0,623,recovery,151
32.642044259895016,367,30,104,499,0,0,0,623,infectious,357
32.683456081113505,367,29,105,499,0,0,0,623,infectious,499
32.72491762122465,367,29,104,500,0,0,0,623,recovery,101
32.7375193969243,367,28,105,500,0,0,0,623,infectious,377
32.74296859626807,366,29,105,500,0,0,0,624,infection,251
32.762532344146315,366,28,106,500,0,0,0,624,infectious,248
32.77846815958214,366,27,107,500,0,0,0,624,infectious,521
32.79005547679977,366,26,108,500,0,0,0,624,infectious,519
32.79067917964132,366,26,107,501,0,0,0,624,recovery,312
32.79797577239151,366,26,106,502,0,0,0,624,recovery,711
32.82104615673298,365,27,106,502,0,0,0,625,infection,368
32.83673831508734,365,26,107,502,0,0,0,625,infectious,774
32.87628426348367,364,27,107,502,0,0,0,626,infection,195
32.88275127588441,363,28,107,502,0,0,0,627,infection,381
32.909404258376966,363,28,106,503,0,0,0,627,recovery,221
32.910192230570246,363,27,107,503,0,0,0,627,infectious,770
32.92543024880863,363,27,106,504,0,0,0,627,recovery,282
32.930282978813544,363,27,105,505,0,0,0,627,recovery,521
32.96336493946717,363,27,104,506,0,0,0,627,recovery,420
32.963671753709185,362,28,104,506,0,0,0,628,infection,935
32.9779174731739,362,27,105,506,0,0,0,628,infectious,611
32.990396279938224,362,27,104,507,0,0,0,628,recovery,281
32.999801567398656,361,28,104,507,0,0,0,629,infection,178
33.00124141447477,361,28,103,508,0,0,0,629,recovery,74
33.04394898893772,361,27,104,508,0,0,0,629,infectious,182
33.091823359378374,361,26,105,508,0,0,0,629,infectious,806
33.098738577624616,361,26,104,509,0,0,0,629,recovery,349
33.110234944983745,360,27,104,509,0,0,0,630,infection,889
33.11243996098151,360,26,105,509,0,0,0,630,infectious,122
33.140538797005235,360,26,104,510,0,0,0,630,recovery,366
33.162058853913564,360,26,103,511,0,0,0,630,recovery,191
33.1680712037086,360,25,104,511,0,0,0,630,infectious,870
33.172181478182154,359,26,104,511,0,0,0,631,infection,460
33.18365090396719,359,26,103,512,0,0,0,631,recovery,211
33.189706509130694,359,25,104,512,0,0,0,631,infectious,195
33.22618144566539,359,25,103,513,0,0,0,631,recovery,633
33.27222569630606,358,26,103,513,0,0,0,632,infection,838
33.27619483914701,357,27,103,513,0,0,0,633,infection,952
33.312882840937625,357,27,102,514,0,0,0,633,recovery,15
33.32770464202461,356,28,102,514,0,0,0,634,infection,930
33.33831791939119,355,29,102,514,0,0,0,635,infection,946
33.34451297586766,355,29,101,515,0,0,0,635,recovery,364
33.36259791571551,355,29,100,516,0,0,0,635,recovery,14
33.36323735657408,355,28,101,516,0,0,0,635,infectious,935
33.36357023129966,355,27,102,516,0,0,0,635,infectious,904
33.38651510013758,355,26,103,516,0,0,0,635,infectious,946
33.38747828945125,355,26,102,517,0,0,0,635,recovery,403
33.39788152584884,355,25,103,517,0,0,0,635,infectious,864
33.40699546400405,355,24,104,517,0,0,0,635,infectious,889
33.46408754047537,355,23,105,517,0,0,0,635,infectious,543
33.46660664085968,354,24,105,517,0,0,0,636,infection,757
33.498200443089665,353,25,105,517,0,0,0,637,infection,922
33.504049001416455,352,26,105,517,0,0,0,638,infection,824
33.509013125224826,351,27,105,517,0,0,0,639,infection,978
33.54431917416841,351,27,104,518,0,0,0,639,recovery,398
33.55903998599239,351,27,103,519,0,0,0,639,recovery,205
33.563737792895814,350,28,103,519,0,0,0,640,infection,277
33.57145229687874,349,29,103,519,0,0,0,641,infection,641
33.57333868601776,349,29,102,520,0,0,0,641,recovery,849
33.58691270579812,349,29,101,521,0,0,0,641,recovery,182
33.59044323476745,348,30,101,521,0,0,0,642,infection,671
33.59758297330639,348,29,102,521,0,0,0,642,infectious,824
33.607901315142804,347,30,102,521,0,0,0,643,infection,665
33.609132064902255,346,31,102,521,0,0,0,644,infection,540
33.614259162699874,346,30,103,521,0,0,0,644,infectious,381
33.619181251910334,346,29,104,521,0,0,0,644,infectious,540
33.62851573484722,346,29,103,522,0,0,0,644,recovery,32
33.63444446568713,346,28,104,522,0,0,0,644,infectious,178
33.695050720205884,346,27,105,522,0,0,0,644,infectious,454
33.69943367610217,346,26,106,522,0,0,0,644,infectious,97
33.73822823054689,346,26,105,523,0,0,0,644,recovery,935
33.74083164450334,346,26,104,524,0,0,0,644,recovery,122
33.74378744718187,345,27,104,524,0,0,0,645,infection,62
33.803003675802124,345,26,105,524,0,0,0,645,infectious,665
33.839740687487925,345,26,104,525,0,0,0,645,recovery,351
33.870454317898286,344,27,104,525,0,0,0,646,infection,706
33.887777745885515,344,26,105,525,0,0,0,646,infectious,838
33.903556116073815,344,26,104,526,0,0,0,646,recovery,705
33.9196967272755,343,27,104,526,0,0,0,647,infection,876
33.94489723102806,343,27,103,527,0,0,0,647,recovery,399
33.96133337298879,343,26,104,527,0,0,0,647,infectious,368
33.96152018811225,342,27,104,527,0,0,0,648,infection,713
33.96408060423458,342,27,103,528,0,0,0,648,recovery,88
33.974529331951075,342,27,102,529,0,0,0,648,recovery,188
33.98377447968612,341,28,102,529,0,0,0,649,infection,668
34.00246186295381,341,28,101,530,0,0,0,649,recovery,838
34.02107593108454,341,27,102,530,0,0,0,649,infectious,277
34.02407862529197,340,28,102,530,0,0,0,650,infection,412
34.04095582838068,339,29,102,530,0,0,0,651,infection,234
34.085265524717286,339,28,103,530,0,0,0,651,infectious,930
34.093350181111944,339,28,102,531,0,0,0,651,recovery,346
34.11854946675887,338,29,102,531,0,0,0,652,infection,125
34.118606978199914,338,28,103,531,0,0,0,652,infectious,876
34.12855479787292,338,27,104,531,0,0,0,652,infectious,713
34.14065374364451,338,27,103,532,0,0,0,652,recovery,859
34.178268529074366,338,27,102,533,0,0,0,652,recovery,648
34.17956680051614,338,26,103,533,0,0,0,652,infectious,251
34.18424505990146,337,27,103,533,0,0,0,653,infection,853
34.27369061845083,337,26,104,533,0,0,0,653,infectious,234
34.27543644687243,336,27,104,533,0,0,0,654,infection,232
34.28992937781748,336,26,105,533,0,0,0,654,infectious,487
34.318230417007754,336,25,106,533,0,0,0,654,infectious,58
34.32255088035211,335,26,106,533,0,0,0,655,infection,926
34.329273351522815,334,27,106,533,0,0,0,656,infection,495
34.34196787674353,333,28,106,533,0,0,0,657,infection,934
34.346120685912126,333,27,107,533,0,0,0,657,infectious,356
34.36924460685579,333,27,106,534,0,0,0,657,recovery,97
34.37357181779407,333,27,105,535,0,0,0,657,recovery,889
34.42654877195806,333,27,104,536,0,0,0,657,recovery,824
34.42993828136454,333,27,103,537,0,0,0,657,recovery,499
34.442713303761394,333,26,104,537,0,0,0,657,infectious,923
34.484238612072595,333,26,103,538,0,0,0,657,recovery,690
34.4922744739504,333,26,102,539,0,0,0,657,recovery,212
34.5031440776548,332,27,102,539,0,0,0,658,infection,598
34.53405159475022,332,26,103,539,0,0,0,658,infectious,978
34.59256679301213,332,26,102,540,0,0,0,658,recovery,8
34.62651608326496,332,26,101,541,0,0,0,658,recovery,1
34.66508564939929,332,26,100,542,0,0,0,658,recovery,577
34.66776131080196,331,27,100,542,0,0,0,659,infection,505
34.68502912805485,331,27,99,543,0,0,0,659,recovery,964
34.70047240746041,331,27,98,544,0,0,0,659,recovery,528
34.700842162805245,330,28,98,544,0,0,0,660,infection,126
34.71247982030337,329,29,98,544,0,0,0,661,infection,70
34.7332419451471,329,29,97,545,0,0,0,661,recovery,677
34.74949574676608,329,28,98,545,0,0,0,661,infectious,505
34.760114889056744,328,29,98,545,0,0,0,662,infection,313
34.7622480878619,328,28,99,545,0,0,0,662,infectious,922
34.76250808504602,327,29,99,545,0,0,0,663,infection,288
34.774753892153846,327,29,98,546,0,0,0,663,recovery,886
34.77544430659408,327,28,99,546,0,0,0,663,infectious,641
34.788437589788884,327,27,100,546,0,0,0,663,infectious,853
34.82946717391468,327,26,101,546,0,0,0,663,infectious,125
34.84334835483,327,25,102,546,0,0,0,663,infectious,149
34.85016906198935,327,24,103,546,0,0,0,663,infectious,495
34.85256943006877,326,25,103,546,0,0,0,664,infection,562
34.85511223291241,326,25,102,547,0,0,0,664,recovery,124
34.8839107344135,326,24,103,547,0,0,0,664,infectious,926
34.88749540521512,325,25,103,547,0,0,0,665,infection,477
34.902462407994655,325,24,104,547,0,0,0,665,infectious,757
34.92022015875484,324,25,104,547,0,0,0,666,infection,275
34.930689146966735,324,24,105,547,0,0,0,666,infectious,477
34.94964157088616,324,23,106,547,0,0,0,666,infectious,60
34.950142216376975,323,24,106,547,0,0,0,667,infection,501
34.97379924041689,323,23,107,547,0,0,0,667,infectious,275
34.97765430724152,322,24,107,547,0,0,0,668,infection,959
35.00330810299264,322,23,108,547,0,0,0,668,infectious,934
35.00375229826883,322,23,107,548,0,0,0,668,recovery,248
35.055983965600326,322,22,108,548,0,0,0,668,infectious,460
35.06686642975093,322,21,109,548,0,0,0,668,infectious,240
35.116187212743114,322,21,108,549,0,0,0,668,recovery,725
35.133201672612515,322,21,107,550,0,0,0,668,recovery,431
35.135649319324614,322,20,108,550,0,0,0,668,infectious,706
35.13891613756773,322,19,109,550,0,0,0,668,infectious,727
35.1440537199322,321,20,109,550,0,0,0,669,infection,699
35.17614690146745,321,19,110,550,0,0,0,669,infectious,297
35.17934999818551,320,20,110,550,0,0,0,670,infection,534
35.184145221136326,319,21,110,550,0,0,0,671,infection,85
35.216746672014544,318,22,110,550,0,0,0,672,infection,226
35.222686027111216,318,22,109,551,0,0,0,672,recovery,356
35.22507743438791,318,21,110,551,0,0,0,672,infectious,313
35.22606426030939,317,22,110,551,0,0,0,673,infection,174
35.22981816084045,317,22,109,552,0,0,0,673,recovery,717
35.23168051738871,317,22,108,553,0,0,0,673,recovery,930
35.25858763342989,317,21,109,553,0,0,0,673,infectious,412
35.274818037689336,316,22,109,553,0,0,0,674,infection,291
35.29277058693765,316,21,110,553,0,0,0,674,infectious,501
35.308128414483996,316,21,109,554,0,0,0,674,recovery,60
35.31096996802066,315,22,109,554,0,0,0,675,infection,249
35.325855204080746,314,23,109,554,0,0,0,676,infection,722
35.33457328905446,314,22,110,554,0,0,0,676,infectious,722
35.34609580095609,314,21,111,554,0,0,0,676,infectious,269
35.35527357554649,314,21,110,555,0,0,0,676,recovery,776
35.36880904742648,313,22,110,555,0,0,0,677,infection,731
35.387583381648305,313,22,109,556,0,0,0,677,recovery,58
35.40963074233455,312,23,109,556,0,0,0,678,infection,157
35.41862109693813,312,22,110,556,0,0,0,678,infectious,288
35.42427539162282,311,23,110,556,0,0,0,679,infection,506
35.425597931910566,310,24,110,556,0,0,0,680,infection,67
35.4470266781579,310,23,111,556,0,0,0,680,infectious,226
35.46454294909474,310,22,112,556,0,0,0,680,infectious,70
35.46572823816638,310,22,111,557,0,0,0,680,recovery,372
35.46969141864689,309,23,111,557,0,0,0,681,infection,518
35.48706943956023,309,23,110,558,0,0,0,681,recovery,178
35.488135887394165,309,22,111,558,0,0,0,681,infectious,731
35.49632143523858,309,22,110,559,0,0,0,681,recovery,757
35.49790965966162,308,23,110,559,0,0,0,682,infection,396
35.51680712991829,308,22,111,559,0,0,0,682,infectious,126
35.52487037884349,308,21,112,559,0,0,0,682,infectious,396
35.536456213651554,308,21,111,560,0,0,0,682,recovery,423
35.54391650495133,308,20,112,560,0,0,0,682,infectious,174
35.58005722370714,308,20,111,561,0,0,0,682,recovery,126
35.58214335310686,308,20,110,562,0,0,0,682,recovery,257
35.59300401036097,308,20,109,563,0,0,0,682,recovery,770
35.6004195082422,307,21,109,563,0,0,0,683,infection,856
35.62630892968047,307,21,108,564,0,0,0,683,recovery,680
35.64394358912625,307,20,109,564,0,0,0,683,infectious,534
35.66325655168183,307,19,110,564,0,0,0,683,infectious,513
35.699220281641686,307,19,109,565,0,0,0,683,recovery,895
35.72566693616692,306,20,109,565,0,0,0,684,infection,545
35.72589125947213,306,19,110,565,0,0,0,684,infectious,157
35.756636148101194,306,19,109,566,0,0,0,684,recovery,540
35.76404791775614,306,18,110,566,0,0,0,684,infectious,62
35.81204768691378,305,19,110,566,0,0,0,685,infection,213
35.814710150435,305,19,109,567,0,0,0,685,recovery,313
35.818103214737725,305,18,110,567,0,0,0,685,infectious,545
35.828273919073155,305,18,109,568,0,0,0,685,recovery,269
35.840756051556454,305,18,108,569,0,0,0,685,recovery,41
35.851002257616486,305,18,107,570,0,0,0,685,recovery,806
35.85170894527417,305,17,108,570,0,0,0,685,infectious,856
35.87424123955288,304,18,108,570,0,0,0,686,infection,438
35.89474657003766,304,18,107,571,0,0,0,686,recovery,534
35.910583661824944,303,19,107,571,0,0,0,687,infection,451
35.918173195229855,302,20,107,571,0,0,0,688,infection,832
35.92155698809179,302,20,106,572,0,0,0,688,recovery,837
35.957023440565145,301,21,106,572,0,0,0,689,infection,963
35.959636657696905,301,21,105,573,0,0,0,689,recovery,864
35.97145807555715,301,21,104,574,0,0,0,689,recovery,672
35.97609843117884,301,21,103,575,0,0,0,689,recovery,537
35.97620089010259,301,21,102,576,0,0,0,689,recovery,545
35.99754101843959,301,20,103,576,0,0,0,689,infectious,952
36.004660223223844,301,20,102,577,0,0,0,689,recovery,641
36.00876776283482,300,21,102,577,0,0,0,690,infection,605
36.027629923728085,300,21,101,578,0,0,0,690,recovery,856
36.02975518706738,300,21,100,579,0,0,0,690,recovery,762
36.04652406570957,300,21,99,580,0,0,0,690,recovery,722
36.05672464040109,300,20,100,580,0,0,0,690,infectious,213
36.11969761268659,299,21,100,580,0,0,0,691,infection,967
36.14306377245899,299,20,101,580,0,0,0,691,infectious,562
36.144080348240244,299,20,100,581,0,0,0,691,recovery,296
36.150288212232844,299,19,101,581,0,0,0,691,infectious,963
36.15262274403664,298,20,101,581,0,0,0,692,infection,650
36.16137981476514,298,19,102,581,0,0,0,692,infectious,959
36.16703549681674,298,19,101,582,0,0,0,692,recovery,167
36.187615583215326,298,19,100,583,0,0,0,692,recovery,906
36.2001506263467,297,20,100,583,0,0,0,693,infection,910
36.213592813065866,297,20,99,584,0,0,0,693,recovery,918
36.22289950971079,297,20,98,585,0,0,0,693,recovery,562
36.227008374128424,297,20,97,586,0,0,0,693,recovery,199
36.23115388834581,297,20,96,587,0,0,0,693,recovery,829
36.24860995824533,297,19,97,587,0,0,0,693,infectious,506
36.2533196001756,297,19,96,588,0,0,0,693,recovery,485
36.26056953277574,297,18,97,588,0,0,0,693,infectious,671
36.2653016949861,297,17,98,588,0,0,0,693,infectious,232
36.29819284934918,296,18,98,588,0,0,0,694,infection,217
36.301634049152284,296,18,97,589,0,0,0,694,recovery,846
36.310241567330635,296,18,96,590,0,0,0,694,recovery,245
36.32082304164655,295,19,96,590,0,0,0,695,infection,783
36.33611793022296,295,19,95,591,0,0,0,695,recovery,195
36.343862198194344,295,19,94,592,0,0,0,695,recovery,519
36.36539517775638,295,18,95,592,0,0,0,695,infectious,783
36.369846230698485,294,19,95,592,0,0,0,696,infection,686
36.395034933178074,293,20,95,592,0,0,0,697,infection,262
36.45283174694484,292,21,95,592,0,0,0,698,infection,474
36.45568163305165,292,21,94,593,0,0,0,698,recovery,532
36.47518603758629,292,21,93,594,0,0,0,698,recovery,168
36.4812949083175,292,21,92,595,0,0,0,698,recovery,665
36.501663960410596,291,22,92,595,0,0,0,699,infection,379
36.50444960028463,291,21,93,595,0,0,0,699,infectious,217
36.50911107446381,291,20,94,595,0,0,0,699,infectious,291
36.56393277688175,291,20,93,596,0,0,0,699,recovery,513
36.56393395802587,291,19,94,596,0,0,0,699,infectious,518
36.632554617680015,290,20,94,596,0,0,0,700,infection,794
36.652771435863826,290,19,95,596,0,0,0,700,infectious,474
36.680311292532146,290,19,94,597,0,0,0,700,recovery,855
36.71110820741714,290,18,95,597,0,0,0,700,infectious,967
36.730203546092184,289,19,95,597,0,0,0,701,infection,228
36.763240182515496,289,19,94,598,0,0,0,701,recovery,904
36.77750674456108,289,18,95,598,0,0,0,701,infectious,650
36.78175275440387,288,19,95,598,0,0,0,702,infection,303
36.788519276648785,288,18,96,598,0,0,0,702,infectious,794
36.816638345505794,288,17,97,598,0,0,0,702,infectious,249
36.817090156581315,288,17,96,599,0,0,0,702,recovery,368
36.81866978258009,287,18,96,599,0,0,0,703,infection,869
36.849581113883104,287,17,97,599,0,0,0,703,infectious,598
36.868349631220745,287,17,96,600,0,0,0,703,recovery,611
36.869588986089006,287,17,95,601,0,0,0,703,recovery,650
36.87526419922804,287,17,94,602,0,0,0,703,recovery,129
36.93610297238063,286,18,94,602,0,0,0,704,infection,497
36.970692404616734,286,18,93,603,0,0,0,704,recovery,381
36.990458389580986,286,17,94,603,0,0,0,704,infectious,699
37.00454454365245,286,17,93,604,0,0,0,704,recovery,939
37.083153640004,286,16,94,604,0,0,0,704,infectious,869
37.098353055164466,286,15,95,604,0,0,0,704,infectious,85
37.09883978446094,286,14,96,604,0,0,0,704,infectious,438
37.12672176420269,285,15,96,604,0,0,0,705,infection,654
37.136984968471104,285,14,97,604,0,0,0,705,infectious,451
37.174124216665504,285,14,96,605,0,0,0,705,recovery,787
37.24284304875374,285,14,95,606,0,0,0,705,recovery,561
37.26223968393989,284,15,95,606,0,0,0,706,infection,223
37.27788842690231,284,15,94,607,0,0,0,706,recovery,255
37.28790162083829,284,14,95,607,0,0,0,706,infectious,228
37.29272482628598,283,15,95,607,0,0,0,707,infection,728
37.29527808359904,282,16,95,607,0,0,0,708,infection,146
37.32181312217413,282,15,96,607,0,0,0,708,infectious,303
37.32670938843982,282,14,97,607,0,0,0,708,infectious,67
37.328969323492686,281,15,97,607,0,0,0,709,infection,180
37.34744138851472,281,14,98,607,0,0,0,709,infectious,654
37.36279756835554,281,14,97,608,0,0,0,709,recovery,952
37.42187477921301,280,15,97,608,0,0,0,710,infection,894
37.42759949223021,280,14,98,608,0,0,0,710,infectious,910
37.43198301208807,279,15,98,608,0,0,0,711,infection,921
37.452761763688784,279,14,99,608,0,0,0,711,infectious,894
37.475527831529796,278,15,99,608,0,0,0,712,infection,376
37.50307190952141,278,14,100,608,0,0,0,712,infectious,605
37.53695365930134,277,15,100,608,0,0,0,713,infection,69
37.54042050728147,277,14,101,608,0,0,0,713,infectious,728
37.55430836894626,277,13,102,608,0,0,0,713,infectious,668
37.572668482796594,277,12,103,608,0,0,0,713,infectious,497
37.57662743036162,277,12,102,609,0,0,0,713,recovery,783
37.5919269797544,277,12,101,610,0,0,0,713,recovery,799
37.637446304947396,276,13,101,610,0,0,0,714,infection,593
37.65302020456604,276,13,100,611,0,0,0,714,recovery,208
37.657596461942575,276,13,99,612,0,0,0,714,recovery,598
37.6658919501807,276,13,98,613,0,0,0,714,recovery,870
37.66601676169899,276,12,99,613,0,0,0,714,infectious,592
37.74647571426303,275,13,99,613,0,0,0,715,infection,664
37.775179531165286,275,12,100,613,0,0,0,715,infectious,379
37.826296480096325,275,12,99,614,0,0,0,715,recovery,396
37.83385904385123,275,11,100,614,0,0,0,715,infectious,69
37.87645945453625,275,11,99,615,0,0,0,715,recovery,707
37.88127311948219,274,12,99,615,0,0,0,716,infection,551
37.92812703570075,274,12,98,616,0,0,0,716,recovery,377
37.942736843147166,274,12,97,617,0,0,0,716,recovery,477
37.94909190446126,274,12,96,618,0,0,0,716,recovery,910
37.956254704031146,274,11,97,618,0,0,0,716,infectious,664
37.97130239479991,274,11,96,619,0,0,0,716,recovery,487
38.023152046409116,273,12,96,619,0,0,0,717,infection,344
38.02684997333293,273,12,95,620,0,0,0,717,recovery,254
38.04241940048399,273,12,94,621,0,0,0,717,recovery,80
38.06082154666312,273,11,95,621,0,0,0,717,infectious,376
38.08022198537842,273,11,94,622,0,0,0,717,recovery,592
38.10908041579323,273,11,93,623,0,0,0,717,recovery,780
38.13736730785522,273,11,92,624,0,0,0,717,recovery,876
38.140511059936266,273,10,93,624,0,0,0,717,infectious,593
38.149506483904894,273,10,92,625,0,0,0,717,recovery,505
38.222904158058995,273,10,91,626,0,0,0,717,recovery,438
38.22760676357335,273,10,90,627,0,0,0,717,recovery,713
38.24487676660405,273,10,89,628,0,0,0,717,recovery,752
38.245208158287824,273,10,88,629,0,0,0,717,recovery,213
38.317998541801465,273,9,89,629,0,0,0,717,infectious,180
38.32305840378351,273,9,88,630,0,0,0,717,recovery,50
38.33721463310281,273,9,87,631,0,0,0,717,recovery,232
38.347522428700714,272,10,87,631,0,0,0,718,infection,509
38.35772132557905,272,9,88,631,0,0,0,718,infectious,223
38.360343244912926,271,10,88,631,0,0,0,719,infection,808
38.3624295735821,271,10,87,632,0,0,0,719,recovery,67
38.43504835641936,270,11,87,632,0,0,0,720,infection,389
38.464533314412925,269,12,87,632,0,0,0,721,infection,433
38.529151766743716,269,12,86,633,0,0,0,721,recovery,982
38.53253104844946,269,11,87,633,0,0,0,721,infectious,433
38.539890840141545,268,12,87,633,0,0,0,722,infection,18
38.54310630130786,268,12,86,634,0,0,0,722,recovery,275
38.55606038482021,268,12,85,635,0,0,0,722,recovery,209
38.56366474261318,268,12,84,636,0,0,0,722,recovery,768
38.63188079561848,268,12,83,637,0,0,0,722,recovery,495
38.65642456383959,268,11,84,637,0,0,0,722,infectious,832
38.671396645283636,268,10,85,637,0,0,0,722,infectious,509
38.67560773659218,267,11,85,637,0,0,0,723,infection,986
38.691765217724324,267,11,84,638,0,0,0,723,recovery,83
38.73641671757221,266,12,84,638,0,0,0,724,infection,888
38.79643832527832,266,12,83,639,0,0,0,724,recovery,687
38.80125933687843,265,13,83,639,0,0,0,725,infection,475
38.81260819947049,265,13,82,640,0,0,0,725,recovery,922
38.88624551517547,265,13,81,641,0,0,0,725,recovery,497
38.88862829441451,265,12,82,641,0,0,0,725,infectious,808
38.8954357390333,264,13,82,641,0,0,0,726,infection,26
38.90013025596716,264,12,83,641,0,0,0,726,infectious,475
38.91414352113939,263,13,83,641,0,0,0,727,infection,674
38.92861997409827,263,13,82,642,0,0,0,727,recovery,40
38.98193366538214,263,13,81,643,0,0,0,727,recovery,234
38.994013005186105,263,13,80,644,0,0,0,727,recovery,518
38.998888295755215,263,13,79,645,0,0,0,727,recovery,605
39.04561297961696,263,12,80,645,0,0,0,727,infectious,405
39.0952282210216,263,11,81,645,0,0,0,727,infectious,18
39.12896221262198,262,12,81,645,0,0,0,728,infection,401
39.132828869363486,261,13,81,645,0,0,0,729,infection,871
39.133820965848514,260,14,81,645,0,0,0,730,infection,198
39.161564596283874,260,13,82,645,0,0,0,730,infectious,198
39.17061990304805,260,12,83,645,0,0,0,730,infectious,551
39.17566795140317,259,13,83,645,0,0,0,731,infection,259
39.217486580138335,258,14,83,645,0,0,0,732,infection,698
39.2285729594499,258,13,84,645,0,0,0,732,infectious,698
39.305524165704405,257,14,84,645,0,0,0,733,infection,833
39.33682652049445,257,14,83,646,0,0,0,733,recovery,959
39.35815844463387,257,13,84,646,0,0,0,733,infectious,833
39.36458081277931,257,13,83,647,0,0,0,733,recovery,892
39.39545336991489,256,14,83,647,0,0,0,734,infection,480
39.41654753228483,256,13,84,647,0,0,0,734,infectious,344
39.448087560323145,256,13,83,648,0,0,0,734,recovery,721
39.452551982764746,256,13,82,649,0,0,0,734,recovery,70
39.48046200726867,255,14,82,649,0,0,0,735,infection,723
39.48886854262271,255,14,81,650,0,0,0,735,recovery,344
39.535036022490026,255,14,80,651,0,0,0,735,recovery,728
39.597967897004374,254,15,80,651,0,0,0,736,infection,867
39.604559510877586,253,16,80,651,0,0,0,737,infection,498
39.618384132617095,253,16,79,652,0,0,0,737,recovery,59
39.63514159295222,253,15,80,652,0,0,0,737,infectious,921
39.663712666733524,253,14,81,652,0,0,0,737,infectious,259
39.676898532329915,253,13,82,652,0,0,0,737,infectious,389
39.68646048666912,252,14,82,652,0,0,0,738,infection,358
39.713189841171264,251,15,82,652,0,0,0,739,infection,966
39.72437813799344,250,16,82,652,0,0,0,740,infection,924
39.75615131819808,250,16,81,653,0,0,0,740,recovery,853
39.75764334613782,250,16,80,654,0,0,0,740,recovery,506
39.881294680613834,249,17,80,654,0,0,0,741,infection,863
39.92856961928908,249,17,79,655,0,0,0,741,recovery,668
39.95038331138408,249,16,80,655,0,0,0,741,infectious,674
39.952247225962594,249,16,79,656,0,0,0,741,recovery,259
39.95578852195568,248,17,79,656,0,0,0,742,infection,812
39.97448712760666,247,18,79,656,0,0,0,743,infection,237
39.989989812420745,247,17,80,656,0,0,0,743,infectious,863
40.0,247,17,80,656,0,0,0,743,horizon,0
