t,S,E,I,R,births,deaths,vaccinated,infections,event,person
0.0,990,0,10,0,0,0,0,0,initial,0
0.019643112270767583,989,1,10,0,0,0,0,1,infection,662
0.03677839125759265,989,1,9,1,0,0,0,1,recovery,997
0.08516932223940557,988,2,9,1,0,0,0,2,infection,333
0.17773938115942065,988,2,8,2,0,0,0,2,recovery,998
0.18281547935148715,987,3,8,2,0,0,0,3,infection,6
0.2399696119189762,986,4,8,2,0,0,0,4,infection,299
0.26152309764136084,985,5,8,2,0,0,0,5,infection,877
0.28453276629737145,984,6,8,2,0,0,0,6,infection,966
0.5834013243386929,983,7,8,2,0,0,0,7,infection,724
0.6335430119221446,983,6,9,2,0,0,0,7,infectious,724
0.7129225205391847,982,7,9,2,0,0,0,8,infection,26
0.8302438556476164,981,8,9,2,0,0,0,9,infection,846
0.9936407610009115,981,8,8,3,0,0,0,9,recovery,993
1.4136415544442222,981,7,9,3,0,0,0,9,infectious,6
1.4508057064104285,980,8,9,3,0,0,0,10,infection,521
1.9366434055094721,979,9,9,3,0,0,0,11,infection,451
2.0423206688371245,979,8,10,3,0,0,0,11,infectious,521
2.0584676877850927,978,9,10,3,0,0,0,12,infection,351
2.10861578764101,977,10,10,3,0,0,0,13,infection,50
2.166084306105868,976,11,10,3,0,0,0,14,infection,185
2.190531373547623,975,12,10,3,0,0,0,15,infection,487
2.3311437285894328,975,12,9,4,0,0,0,15,recovery,992
2.334851358567516,974,13,9,4,0,0,0,16,infection,277
2.376475279068977,973,14,9,4,0,0,0,17,infection,413
2.378314597543954,973,13,10,4,0,0,0,17,infectious,185
2.4269169449064556,973,13,9,5,0,0,0,17,recovery,1000
2.4291185267187516,973,13,8,6,0,0,0,17,recovery,999
2.6716630912523187,973,12,9,6,0,0,0,17,infectious,662
2.7459415581196893,973,11,10,6,0,0,0,17,infectious,846
2.7752845907245858,972,12,10,6,0,0,0,18,infection,236
2.887019909428319,972,11,11,6,0,0,0,18,infectious,277
2.996358966308812,972,11,10,7,0,0,0,18,recovery,991
3.003390992290206,971,12,10,7,0,0,0,19,infection,367
3.017216221460473,970,13,10,7,0,0,0,20,infection,280
3.1859538777218015,969,14,10,7,0,0,0,21,infection,159
3.212468378717952,968,15,10,7,0,0,0,22,infection,860
3.21474894535389,967,16,10,7,0,0,0,23,infection,233
3.2491563092805458,966,17,10,7,0,0,0,24,infection,119
3.2825930925776303,966,16,11,7,0,0,0,24,infectious,451
3.3957291099177085,966,15,12,7,0,0,0,24,infectious,966
3.405702024216205,965,16,12,7,0,0,0,25,infection,535
3.4562535826763656,964,17,12,7,0,0,0,26,infection,596
3.6939026713465535,964,16,13,7,0,0,0,26,infectious,860
3.77440064384132,963,17,13,7,0,0,0,27,infection,602
3.833243145202918,962,18,13,7,0,0,0,28,infection,411
3.989452368786293,962,17,14,7,0,0,0,28,infectious,877
4.0211064729665695,961,18,14,7,0,0,0,29,infection,452
4.028782230609127,961,17,15,7,0,0,0,29,infectious,233
4.078930211998747,960,18,15,7,0,0,0,30,infection,986
4.177002312681142,959,19,15,7,0,0,0,31,infection,546
4.215067841298336,958,20,15,7,0,0,0,32,infection,392
4.36869050985536,958,20,14,8,0,0,0,32,recovery,846
4.422532317160136,958,20,13,9,0,0,0,32,recovery,995
4.530246844471302,958,20,12,10,0,0,0,32,recovery,277
4.586257155349507,958,20,11,11,0,0,0,32,recovery,233
4.6762866288212726,958,19,12,11,0,0,0,32,infectious,986
4.754578737353058,958,18,13,11,0,0,0,32,infectious,333
4.77115942068908,957,19,13,11,0,0,0,33,infection,874
4.798151883986385,956,20,13,11,0,0,0,34,infection,626
4.799320441179708,956,19,14,11,0,0,0,34,infectious,546
5.0157839451899875,956,19,13,12,0,0,0,34,recovery,6
5.05933762630994,956,19,12,13,0,0,0,34,recovery,724
5.073178906730375,956,19,11,14,0,0,0,34,recovery,877
5.1375262449532135,956,18,12,14,0,0,0,34,infectious,299
5.234723212707584,955,19,12,14,0,0,0,35,infection,341
5.23643018934429,954,20,12,14,0,0,0,36,infection,636
5.2465758753961165,954,19,13,14,0,0,0,36,infectious,392
5.252165775561618,953,20,13,14,0,0,0,37,infection,219
5.274376591429417,952,21,13,14,0,0,0,38,infection,737
5.343861708217052,952,20,14,14,0,0,0,38,infectious,50
5.370360581428362,951,21,14,14,0,0,0,39,infection,686
5.376245141925152,951,20,15,14,0,0,0,39,infectious,219
5.4134930973013535,950,21,15,14,0,0,0,40,infection,472
5.436296208609118,950,20,16,14,0,0,0,40,infectious,119
5.522485530051862,950,19,17,14,0,0,0,40,infectious,26
5.709705971416482,949,20,17,14,0,0,0,41,infection,339
5.813317990732198,949,19,18,14,0,0,0,41,infectious,626
5.838796203036324,949,19,17,15,0,0,0,41,recovery,119
5.85666526946383,948,20,17,15,0,0,0,42,infection,7
5.863297143674449,947,21,17,15,0,0,0,43,infection,793
5.886738410282026,947,21,16,16,0,0,0,43,recovery,333
5.887276220353443,946,22,16,16,0,0,0,44,infection,565
5.898706753660329,946,21,17,16,0,0,0,44,infectious,472
5.914193526052553,945,22,17,16,0,0,0,45,infection,149
6.054608406037627,944,23,17,16,0,0,0,46,infection,291
6.1272182082023035,944,23,16,17,0,0,0,46,recovery,451
6.191944331319595,943,24,16,17,0,0,0,47,infection,511
6.206812029048823,942,25,16,17,0,0,0,48,infection,744
6.238757335566154,941,26,16,17,0,0,0,49,infection,284
6.2398468261965405,941,25,17,17,0,0,0,49,infectious,284
6.2842817397234665,941,24,18,17,0,0,0,49,infectious,159
6.309407436009158,940,25,18,17,0,0,0,50,infection,161
6.318949922737486,939,26,18,17,0,0,0,51,infection,476
6.4026956404573045,939,25,19,17,0,0,0,51,infectious,476
6.4088982246527575,938,26,19,17,0,0,0,52,infection,242
6.432473425046026,937,27,19,17,0,0,0,53,infection,405
6.470062585324039,937,26,20,17,0,0,0,53,infectious,341
6.543119129496736,936,27,20,17,0,0,0,54,infection,513
6.64459770206025,935,28,20,17,0,0,0,55,infection,465
6.687569159331601,935,28,19,18,0,0,0,55,recovery,472
6.710940333009326,934,29,19,18,0,0,0,56,infection,36
6.820682517170117,934,29,18,19,0,0,0,56,recovery,341
6.932381264298362,934,28,19,19,0,0,0,56,infectious,413
6.9729853229984915,933,29,19,19,0,0,0,57,infection,795
7.017886674130427,933,29,18,20,0,0,0,57,recovery,299
7.175292708000652,932,30,18,20,0,0,0,58,infection,969
7.257170856163324,932,29,19,20,0,0,0,58,infectious,465
7.365039406564951,931,30,19,20,0,0,0,59,infection,660
7.478088328745449,930,31,19,20,0,0,0,60,infection,866
7.5109372290598735,930,30,20,20,0,0,0,60,infectious,511
7.5286534848094115,929,31,20,20,0,0,0,61,infection,739
7.62251172592775,929,31,19,21,0,0,0,61,recovery,860
7.628159445001597,929,31,18,22,0,0,0,61,recovery,465
7.646856575040867,929,30,19,22,0,0,0,61,infectious,535
7.647682522141811,928,31,19,22,0,0,0,62,infection,717
7.704317627347471,928,31,18,23,0,0,0,62,recovery,511
7.724634783845895,927,32,18,23,0,0,0,63,infection,372
7.758249675492673,927,32,17,24,0,0,0,63,recovery,26
7.79696457458638,927,32,16,25,0,0,0,63,recovery,284
7.885585472856183,927,32,15,26,0,0,0,63,recovery,185
7.9223318144660535,927,32,14,27,0,0,0,63,recovery,476
8.099947594084805,927,31,15,27,0,0,0,63,infectious,351
8.153726397610297,927,30,16,27,0,0,0,63,infectious,36
8.154668161463439,927,30,15,28,0,0,0,63,recovery,219
8.186551201979116,926,31,15,28,0,0,0,64,infection,193
8.32432831568857,926,31,14,29,0,0,0,64,recovery,966
8.392747551228085,926,30,15,29,0,0,0,64,infectious,795
8.591544732247812,925,31,15,29,0,0,0,65,infection,214
8.658211838430294,924,32,15,29,0,0,0,66,infection,27
8.669230669180335,924,31,16,29,0,0,0,66,infectious,280
8.73838690081682,923,32,16,29,0,0,0,67,infection,547
8.760947909465031,923,31,17,29,0,0,0,67,infectious,866
8.803314831713916,922,32,17,29,0,0,0,68,infection,285
8.824480631759565,922,31,18,29,0,0,0,68,infectious,452
8.868379103637869,922,31,17,30,0,0,0,68,recovery,535
8.879313314596734,922,30,18,30,0,0,0,68,infectious,660
8.925513087812972,922,29,19,30,0,0,0,68,infectious,744
8.926636109090893,922,29,18,31,0,0,0,68,recovery,994
8.928522408837967,921,30,18,31,0,0,0,69,infection,843
8.9766469781952,921,29,19,31,0,0,0,69,infectious,7
8.98818447207715,920,30,19,31,0,0,0,70,infection,306
8.992218971125892,920,29,20,31,0,0,0,70,infectious,843
8.997699599655803,920,29,19,32,0,0,0,70,recovery,795
9.066758522963665,919,30,19,32,0,0,0,71,infection,232
9.120409180509913,919,30,18,33,0,0,0,71,recovery,662
9.205931633610463,918,31,18,33,0,0,0,72,infection,144
9.246510663102383,917,32,18,33,0,0,0,73,infection,951
9.252946518582558,917,31,19,33,0,0,0,73,infectious,232
9.30320313678886,917,30,20,33,0,0,0,73,infectious,367
9.342613619688326,917,30,19,34,0,0,0,73,recovery,351
9.345883620353447,917,30,18,35,0,0,0,73,recovery,546
9.482681998796712,917,30,17,36,0,0,0,73,recovery,744
9.521800855390493,917,29,18,36,0,0,0,73,infectious,874
9.54475796915495,917,28,19,36,0,0,0,73,infectious,285
9.567523077687316,916,29,19,36,0,0,0,74,infection,168
9.606703079021903,916,28,20,36,0,0,0,74,infectious,372
9.611928327060312,915,29,20,36,0,0,0,75,infection,197
9.635275278226807,915,28,21,36,0,0,0,75,infectious,339
9.792303366828783,915,27,22,36,0,0,0,75,infectious,793
9.811364439504846,914,28,22,36,0,0,0,76,infection,54
9.842959821585556,913,29,22,36,0,0,0,77,infection,585
9.970097403963708,913,29,21,37,0,0,0,77,recovery,232
10.037524457613609,912,30,21,37,0,0,0,78,infection,627
10.1128013996776,911,31,21,37,0,0,0,79,infection,267
10.298876522418237,911,30,22,37,0,0,0,79,infectious,291
10.473182774616301,911,29,23,37,0,0,0,79,infectious,236
10.508552333539365,910,30,23,37,0,0,0,80,infection,501
10.525184849563328,910,30,22,38,0,0,0,80,recovery,413
10.555508604885123,909,31,22,38,0,0,0,81,infection,813
10.593543965148756,908,32,22,38,0,0,0,82,infection,104
10.654983591339754,908,32,21,39,0,0,0,82,recovery,372
10.713710015280853,907,33,21,39,0,0,0,83,infection,766
10.715843046471424,906,34,21,39,0,0,0,84,infection,658
10.764806626741212,906,33,22,39,0,0,0,84,infectious,565
10.770237005615229,905,34,22,39,0,0,0,85,infection,246
10.773314617012188,904,35,22,39,0,0,0,86,infection,71
10.785960606875332,904,34,23,39,0,0,0,86,infectious,501
10.82183801525082,904,33,24,39,0,0,0,86,infectious,813
10.836923020531993,904,33,23,40,0,0,0,86,recovery,843
10.837234974478822,904,33,22,41,0,0,0,86,recovery,986
10.849429194094343,903,34,22,41,0,0,0,87,infection,380
10.87462908649799,903,33,23,41,0,0,0,87,infectious,596
10.92111239809795,903,33,22,42,0,0,0,87,recovery,452
10.990221383429034,902,34,22,42,0,0,0,88,infection,186
11.097506452313544,901,35,22,42,0,0,0,89,infection,103
11.10294701142444,900,36,22,42,0,0,0,90,infection,921
11.120998054911517,899,37,22,42,0,0,0,91,infection,187
11.131879740576833,899,37,21,43,0,0,0,91,recovery,660
11.233184653919126,898,38,21,43,0,0,0,92,infection,897
11.268043346812085,898,37,22,43,0,0,0,92,infectious,380
11.284502168814415,897,38,22,43,0,0,0,93,infection,939
11.301671478796528,897,37,23,43,0,0,0,93,infectious,969
11.359146450669646,897,36,24,43,0,0,0,93,infectious,658
11.389571521127253,896,37,24,43,0,0,0,94,infection,75
11.4352371298052,896,36,25,43,0,0,0,94,infectious,627
11.452758342921658,896,35,26,43,0,0,0,94,infectious,737
11.531830762345292,896,34,27,43,0,0,0,94,infectious,766
11.649135853527861,896,33,28,43,0,0,0,94,infectious,197
11.738135804134036,896,32,29,43,0,0,0,94,infectious,242
11.744886912995788,895,33,29,43,0,0,0,95,infection,520
11.749367352486699,894,34,29,43,0,0,0,96,infection,927
11.770852933497178,894,34,28,44,0,0,0,96,recovery,565
11.941079273069837,893,35,28,44,0,0,0,97,infection,418
11.945348331511264,892,36,28,44,0,0,0,98,infection,412
12.079005816432502,891,37,28,44,0,0,0,99,infection,788
12.0955897493393,891,37,27,45,0,0,0,99,recovery,392
12.143353659206756,891,37,26,46,0,0,0,99,recovery,793
12.198206227609962,891,37,25,47,0,0,0,99,recovery,737
12.263387034133816,890,38,25,47,0,0,0,100,infection,136
12.292545064978224,889,39,25,47,0,0,0,101,infection,841
12.316575831942743,889,38,26,47,0,0,0,101,infectious,104
12.335809421478412,889,38,25,48,0,0,0,101,recovery,339
12.365175493052355,889,37,26,48,0,0,0,101,infectious,27
12.411890818333514,888,38,26,48,0,0,0,102,infection,16
12.489002080457514,888,37,27,48,0,0,0,102,infectious,71
12.494518236579928,887,38,27,48,0,0,0,103,infection,408
12.596634235550683,887,37,28,48,0,0,0,103,infectious,408
12.677585307383636,887,36,29,48,0,0,0,103,infectious,246
12.741083061273544,886,37,29,48,0,0,0,104,infection,66
12.831255948835002,886,37,28,49,0,0,0,104,recovery,408
12.837568893185534,885,38,28,49,0,0,0,105,infection,426
12.958586755372727,885,37,29,49,0,0,0,105,infectious,193
12.97512468896801,885,36,30,49,0,0,0,105,infectious,405
12.985341552389057,884,37,30,49,0,0,0,106,infection,782
12.998091469162885,883,38,30,49,0,0,0,107,infection,269
13.02039246829774,883,37,31,49,0,0,0,107,infectious,520
13.071361357623976,883,37,30,50,0,0,0,107,recovery,193
13.078446541930713,883,36,31,50,0,0,0,107,infectious,269
13.08710299578325,882,37,31,50,0,0,0,108,infection,308
13.114295866464285,882,37,30,51,0,0,0,108,recovery,236
13.165726718125203,882,37,29,52,0,0,0,108,recovery,405
13.187586306602295,881,38,29,52,0,0,0,109,infection,538
13.193442508336386,880,39,29,52,0,0,0,110,infection,266
13.20728962473471,879,40,29,52,0,0,0,111,infection,760
13.247762710254241,878,41,29,52,0,0,0,112,infection,517
13.258109206601723,878,40,30,52,0,0,0,112,infectious,426
13.258963323105515,877,41,30,52,0,0,0,113,infection,146
13.302976690819046,876,42,30,52,0,0,0,114,infection,943
13.373364195512563,876,42,29,53,0,0,0,114,recovery,520
13.392861913947305,876,41,30,53,0,0,0,114,infectious,411
13.395376348076852,875,42,30,53,0,0,0,115,infection,22
13.537195216315514,875,41,31,53,0,0,0,115,infectious,266
13.543760595577817,875,40,32,53,0,0,0,115,infectious,487
13.549863476541303,874,41,32,53,0,0,0,116,infection,287
13.572258259842176,874,40,33,53,0,0,0,116,infectious,760
13.584086160625295,874,39,34,53,0,0,0,116,infectious,717
13.584413465873029,874,38,35,53,0,0,0,116,infectious,75
13.585166816270391,873,39,35,53,0,0,0,117,infection,101
13.60691984463335,872,40,35,53,0,0,0,118,infection,617
13.63401752637687,871,41,35,53,0,0,0,119,infection,361
13.696909566284546,870,42,35,53,0,0,0,120,infection,886
13.705322143722261,870,41,36,53,0,0,0,120,infectious,187
13.724997998245374,870,40,37,53,0,0,0,120,infectious,418
13.735348834921867,869,41,37,53,0,0,0,121,infection,429
13.750285100171489,868,42,37,53,0,0,0,122,infection,275
13.753137801464709,867,43,37,53,0,0,0,123,infection,778
13.82917194292315,867,42,38,53,0,0,0,123,infectious,841
13.833551612180164,867,41,39,53,0,0,0,123,infectious,168
13.840188551611769,867,40,40,53,0,0,0,123,infectious,513
13.889281257837181,866,41,40,53,0,0,0,124,infection,147
13.898070636304412,865,42,40,53,0,0,0,125,infection,181
13.911682513054373,865,41,41,53,0,0,0,125,infectious,54
13.935327967654421,864,42,41,53,0,0,0,126,infection,471
14.102084185512508,864,41,42,53,0,0,0,126,infectious,927
14.12562046393801,863,42,42,53,0,0,0,127,infection,212
14.141913794829783,863,41,43,53,0,0,0,127,infectious,287
14.163609338180839,862,42,43,53,0,0,0,128,infection,253
14.165013227135578,861,43,43,53,0,0,0,129,infection,560
14.166281464621136,860,44,43,53,0,0,0,130,infection,479
14.1778614325574,860,43,44,53,0,0,0,130,infectious,16
14.20643034859219,860,43,43,54,0,0,0,130,recovery,246
14.22641342522324,859,44,43,54,0,0,0,131,infection,28
14.235426244378584,859,44,42,55,0,0,0,131,recovery,426
14.25041093040187,859,44,41,56,0,0,0,131,recovery,285
14.301790178927869,858,45,41,56,0,0,0,132,infection,821
14.313301343094492,857,46,41,56,0,0,0,133,infection,733
14.409852402166383,857,45,42,56,0,0,0,133,infectious,103
14.424013101968347,856,46,42,56,0,0,0,134,infection,985
14.43330074856947,856,45,43,56,0,0,0,134,infectious,602
14.435698912780268,855,46,43,56,0,0,0,135,infection,316
14.449888004161187,854,47,43,56,0,0,0,136,infection,148
14.452191261124756,854,46,44,56,0,0,0,136,infectious,161
14.453180468634919,854,46,43,57,0,0,0,136,recovery,813
14.456712821271381,854,45,44,57,0,0,0,136,infectious,149
14.487375114095519,854,45,43,58,0,0,0,136,recovery,159
14.512820862465905,853,46,43,58,0,0,0,137,infection,668
14.547092657989504,853,45,44,58,0,0,0,137,infectious,429
14.61875244512305,853,45,43,59,0,0,0,137,recovery,418
14.661145284876127,852,46,43,59,0,0,0,138,infection,325
14.68808394315329,851,47,43,59,0,0,0,139,infection,245
14.768034476305102,851,46,44,59,0,0,0,139,infectious,253
14.777974264072835,850,47,44,59,0,0,0,140,infection,40
14.799641291234034,849,48,44,59,0,0,0,141,infection,918
14.80078527572169,848,49,44,59,0,0,0,142,infection,244
14.805961475234739,848,48,45,59,0,0,0,142,infectious,147
14.826374508418876,848,47,46,59,0,0,0,142,infectious,66
14.830313766899426,847,48,46,59,0,0,0,143,infection,173
14.941176616120924,847,48,45,60,0,0,0,143,recovery,380
14.943382846424196,846,49,45,60,0,0,0,144,infection,304
14.960787795948999,845,50,45,60,0,0,0,145,infection,819
14.973492957597196,844,51,45,60,0,0,0,146,infection,848
14.975582316152348,844,50,46,60,0,0,0,146,infectious,538
14.981465258067555,844,50,45,61,0,0,0,146,recovery,367
14.995553725603052,844,50,44,62,0,0,0,146,recovery,149
15.000738536898712,844,50,43,63,0,0,0,146,recovery,602
15.017791250338252,844,50,42,64,0,0,0,146,recovery,266
15.049887226598623,844,49,43,64,0,0,0,146,infectious,144
15.054237432349751,843,50,43,64,0,0,0,147,infection,209
15.084797580726443,842,51,43,64,0,0,0,148,infection,745
15.090221454355476,841,52,43,64,0,0,0,149,infection,478
15.097175619564474,840,53,43,64,0,0,0,150,infection,978
15.102266602996341,840,53,42,65,0,0,0,150,recovery,36
15.12676173498604,840,52,43,65,0,0,0,150,infectious,245
15.130866151526304,839,53,43,65,0,0,0,151,infection,871
15.13275596476911,839,53,42,66,0,0,0,151,recovery,513
15.138263763784398,839,52,43,66,0,0,0,151,infectious,951
15.185624692713269,838,53,43,66,0,0,0,152,infection,933
15.197202627845133,838,52,44,66,0,0,0,152,infectious,821
15.21349720515081,837,53,44,66,0,0,0,153,infection,779
15.226008527567272,836,54,44,66,0,0,0,154,infection,556
15.22666509590627,836,53,45,66,0,0,0,154,infectious,819
15.247028500050906,836,53,44,67,0,0,0,154,recovery,501
15.251960733504161,835,54,44,67,0,0,0,155,infection,393
15.277367083141728,834,55,44,67,0,0,0,156,infection,792
15.308821460555134,833,56,44,67,0,0,0,157,infection,509
15.326373349010261,833,56,43,68,0,0,0,157,recovery,658
15.35693047139893,833,55,44,68,0,0,0,157,infectious,517
15.372406054777326,833,55,43,69,0,0,0,157,recovery,538
15.376834107327669,832,56,43,69,0,0,0,158,infection,424
15.380878697473582,831,57,43,69,0,0,0,159,infection,599
15.40240774415359,830,58,43,69,0,0,0,160,infection,279
15.440253946748204,830,57,44,69,0,0,0,160,infectious,933
15.45189974035135,830,57,43,70,0,0,0,160,recovery,269
15.463957003856262,830,57,42,71,0,0,0,160,recovery,951
15.533304670501506,830,56,43,71,0,0,0,160,infectious,585
15.533528457293983,829,57,43,71,0,0,0,161,infection,587
15.533968982835763,828,58,43,71,0,0,0,162,infection,200
15.535689483915478,828,57,44,71,0,0,0,162,infectious,921
15.545173428022666,828,56,45,71,0,0,0,162,infectious,393
15.546740516896635,828,56,44,72,0,0,0,162,recovery,187
15.59901076161442,827,57,44,72,0,0,0,163,infection,387
15.616276237294556,826,58,44,72,0,0,0,164,infection,37
15.671805727893126,826,57,45,72,0,0,0,164,infectious,617
15.676494249252,826,57,44,73,0,0,0,164,recovery,27
15.753129922465709,825,58,44,73,0,0,0,165,infection,781
15.76272267763903,824,59,44,73,0,0,0,166,infection,926
15.823763677220102,824,58,45,73,0,0,0,166,infectious,509
15.846152091286003,824,58,44,74,0,0,0,166,recovery,760
15.851557704256443,824,57,45,74,0,0,0,166,infectious,279
15.878697438997309,824,57,44,75,0,0,0,166,recovery,197
15.902975876522747,823,58,44,75,0,0,0,167,infection,701
15.916501208032573,822,59,44,75,0,0,0,168,infection,835
15.922171694739092,822,58,45,75,0,0,0,168,infectious,308
16.036240665628892,822,58,44,76,0,0,0,168,recovery,291
16.0672837442158,821,59,44,76,0,0,0,169,infection,328
16.099730743702285,821,59,43,77,0,0,0,169,recovery,717
16.115298407754377,821,59,42,78,0,0,0,169,recovery,50
16.121672580051865,821,58,43,78,0,0,0,169,infectious,471
16.135812368198607,821,57,44,78,0,0,0,169,infectious,304
16.137172424335855,821,57,43,79,0,0,0,169,recovery,393
16.143497087398387,820,58,43,79,0,0,0,170,infection,399
16.155539367154606,819,59,43,79,0,0,0,171,infection,102
16.167355886978573,818,60,43,79,0,0,0,172,infection,972
16.211844251537418,817,61,43,79,0,0,0,173,infection,531
16.33644230089427,817,60,44,79,0,0,0,173,infectious,733
16.33821821720957,816,61,44,79,0,0,0,174,infection,895
16.342696985010832,816,60,45,79,0,0,0,174,infectious,275
16.34429778926133,816,59,46,79,0,0,0,174,infectious,782
16.35134415016017,815,60,46,79,0,0,0,175,infection,436
16.370959780738453,814,61,46,79,0,0,0,176,infection,73
16.391269604911646,814,60,47,79,0,0,0,176,infectious,739
16.412879310265797,814,59,48,79,0,0,0,176,infectious,848
16.424491357304486,814,58,49,79,0,0,0,176,infectious,181
16.428187094935048,813,59,49,79,0,0,0,177,infection,715
16.45156483201764,813,58,50,79,0,0,0,177,infectious,186
16.46109908355745,813,57,51,79,0,0,0,177,infectious,835
16.47367093494787,813,56,52,79,0,0,0,177,infectious,636
16.50976079728629,813,55,53,79,0,0,0,177,infectious,136
16.51603412941,813,55,52,80,0,0,0,177,recovery,819
16.550876600607594,812,56,52,80,0,0,0,178,infection,571
16.593093028913895,812,55,53,80,0,0,0,178,infectious,939
16.64617767661314,812,54,54,80,0,0,0,178,infectious,701
16.648631719804484,812,53,55,80,0,0,0,178,infectious,926
16.656109873642414,812,53,54,81,0,0,0,178,recovery,71
16.670554361147172,811,54,54,81,0,0,0,179,infection,515
16.72868683939611,811,53,55,81,0,0,0,179,infectious,515
16.73094078927321,811,53,54,82,0,0,0,179,recovery,411
16.798219531283877,811,53,53,83,0,0,0,179,recovery,275
16.81302507960907,810,54,53,83,0,0,0,180,infection,100
16.814283555324806,809,55,53,83,0,0,0,181,infection,923
16.846952103340662,809,54,54,83,0,0,0,181,infectious,715
16.848264559717016,809,54,53,84,0,0,0,181,recovery,521
16.862620941556102,808,55,53,84,0,0,0,182,infection,447
16.869081436395057,807,56,53,84,0,0,0,183,infection,673
16.890528631841477,807,56,52,85,0,0,0,183,recovery,487
16.913490745578898,806,57,52,85,0,0,0,184,infection,743
16.99518699639768,805,58,52,85,0,0,0,185,infection,674
16.99969116991859,805,58,51,86,0,0,0,185,recovery,245
17.001854285659306,804,59,51,86,0,0,0,186,infection,489
17.07852603191552,804,59,50,87,0,0,0,186,recovery,617
17.08131972052707,803,60,50,87,0,0,0,187,infection,310
17.194294165008863,802,61,50,87,0,0,0,188,infection,347
17.21256817259617,801,62,50,87,0,0,0,189,infection,625
17.215262446192124,801,61,51,87,0,0,0,189,infectious,625
17.221686896558428,800,62,51,87,0,0,0,190,infection,822
17.22662222221067,799,63,51,87,0,0,0,191,infection,916
17.25233739850423,798,64,51,87,0,0,0,192,infection,507
17.26495091287582,797,65,51,87,0,0,0,193,infection,935
17.295052784878386,796,66,51,87,0,0,0,194,infection,875
17.2982670101899,796,65,52,87,0,0,0,194,infectious,436
17.32723583076517,796,64,53,87,0,0,0,194,infectious,788
17.330672902997495,796,64,52,88,0,0,0,194,recovery,144
17.395450410748175,796,64,51,89,0,0,0,194,recovery,136
17.450438186812022,796,63,52,89,0,0,0,194,infectious,943
17.45270033736815,795,64,52,89,0,0,0,195,infection,458
17.46007956259316,794,65,52,89,0,0,0,196,infection,151
17.470914307117837,794,65,51,90,0,0,0,196,recovery,186
17.480128642741246,794,64,52,90,0,0,0,196,infectious,935
17.494744021495137,794,64,51,91,0,0,0,196,recovery,866
17.5196876961288,793,65,51,91,0,0,0,197,infection,772
17.52497647008921,792,66,51,91,0,0,0,198,infection,750
17.539111625765873,792,65,52,91,0,0,0,198,infectious,73
17.55014695382936,791,66,52,91,0,0,0,199,infection,126
17.552134870002384,790,67,52,91,0,0,0,200,infection,115
17.557553319024574,789,68,52,91,0,0,0,201,infection,905
17.557791169041444,789,67,53,91,0,0,0,201,infectious,985
17.589865543862487,789,66,54,91,0,0,0,201,infectious,478
17.5912596447242,788,67,54,91,0,0,0,202,infection,775
17.60057227251044,788,67,53,92,0,0,0,202,recovery,921
17.629691202377558,788,66,54,92,0,0,0,202,infectious,668
17.631432455722774,787,67,54,92,0,0,0,203,infection,797
17.678777710980494,787,66,55,92,0,0,0,203,infectious,387
17.689637277243946,786,67,55,92,0,0,0,204,infection,241
17.694246943348105,786,67,54,93,0,0,0,204,recovery,103
17.698103591268662,786,66,55,93,0,0,0,204,infectious,547
17.705764523421834,785,67,55,93,0,0,0,205,infection,533
17.707200940348876,784,68,55,93,0,0,0,206,infection,562
17.707804464886664,783,69,55,93,0,0,0,207,infection,888
17.709444735513962,783,69,54,94,0,0,0,207,recovery,585
17.709562552783407,782,70,54,94,0,0,0,208,infection,492
17.721523611829678,782,70,53,95,0,0,0,208,recovery,701
17.75024915194269,782,70,52,96,0,0,0,208,recovery,75
17.751088087606572,781,71,52,96,0,0,0,209,infection,964
17.75836751627028,780,72,52,96,0,0,0,210,infection,872
17.776384857672774,780,71,53,96,0,0,0,210,infectious,562
17.78277685143488,780,70,54,96,0,0,0,210,infectious,325
17.7848868833146,779,71,54,96,0,0,0,211,infection,894
17.797822352727504,779,71,53,97,0,0,0,211,recovery,242
17.801859069666833,778,72,53,97,0,0,0,212,infection,448
17.80187159401433,777,73,53,97,0,0,0,213,infection,855
17.807701279437,777,72,54,97,0,0,0,213,infectious,855
17.831164108034823,777,72,53,98,0,0,0,213,recovery,969
17.835129688170024,777,71,54,98,0,0,0,213,infectious,151
17.8376580794468,777,71,53,99,0,0,0,213,recovery,387
17.84181756920354,777,71,52,100,0,0,0,213,recovery,933
17.86613641842162,777,70,53,100,0,0,0,213,infectious,673
17.902779179421405,777,70,52,101,0,0,0,213,recovery,943
17.93613625118978,777,69,53,101,0,0,0,213,infectious,871
17.949542233927865,777,68,54,101,0,0,0,213,infectious,916
17.955874982593013,777,68,53,102,0,0,0,213,recovery,429
17.963327241090642,777,67,54,102,0,0,0,213,infectious,797
17.975898277738015,776,68,54,102,0,0,0,214,infection,716
17.99038346242918,775,69,54,102,0,0,0,215,infection,150
18.024815083328996,774,70,54,102,0,0,0,216,infection,99
18.02712956535476,774,69,55,102,0,0,0,216,infectious,972
18.036997137964804,774,68,56,102,0,0,0,216,infectious,560
18.086754295471852,774,68,55,103,0,0,0,216,recovery,739
18.10731920739379,773,69,55,103,0,0,0,217,infection,202
18.11398025829423,773,68,56,103,0,0,0,217,infectious,587
18.11727768129294,773,68,55,104,0,0,0,217,recovery,935
18.201409417542152,773,68,54,105,0,0,0,217,recovery,547
18.205401914943092,772,69,54,105,0,0,0,218,infection,622
18.222212353759975,772,68,55,105,0,0,0,218,infectious,214
18.23378352244065,772,67,56,105,0,0,0,218,infectious,115
18.27784730251538,771,68,56,105,0,0,0,219,infection,573
18.28455984437322,771,68,55,106,0,0,0,219,recovery,517
18.31895703485038,770,69,55,106,0,0,0,220,infection,108
18.334870670312608,769,70,55,106,0,0,0,221,infection,172
18.37540313877843,768,71,55,106,0,0,0,222,infection,184
18.39213735418029,768,71,54,107,0,0,0,222,recovery,916
18.395751408869366,768,70,55,107,0,0,0,222,infectious,306
18.412873951155465,768,69,56,107,0,0,0,222,infectious,412
18.416410248085388,768,68,57,107,0,0,0,222,infectious,267
18.431804833643124,767,69,57,107,0,0,0,223,infection,604
18.498436792080135,767,69,56,108,0,0,0,223,recovery,627
18.50398458294165,766,70,56,108,0,0,0,224,infection,276
18.504883692888484,765,71,56,108,0,0,0,225,infection,32
18.51143837866735,764,72,56,108,0,0,0,226,infection,330
18.520308045319382,764,71,57,108,0,0,0,226,infectious,923
18.522097037118428,763,72,57,108,0,0,0,227,infection,900
18.536273907117952,763,71,58,108,0,0,0,227,infectious,779
18.53660291434628,763,71,57,109,0,0,0,227,recovery,478
18.53758802627314,763,71,56,110,0,0,0,227,recovery,996
18.622157823346857,762,72,56,110,0,0,0,228,infection,401
18.638598114036093,761,73,56,110,0,0,0,229,infection,493
18.645030951146946,761,72,57,110,0,0,0,229,infectious,108
18.645920503866304,761,71,58,110,0,0,0,229,infectious,888
18.6495502427411,760,72,58,110,0,0,0,230,infection,657
18.65066481528945,759,73,58,110,0,0,0,231,infection,568
18.653577354610146,759,72,59,110,0,0,0,231,infectious,978
18.68633557140467,759,71,60,110,0,0,0,231,infectious,778
18.71233803795888,758,72,60,110,0,0,0,232,infection,914
18.715278787433753,757,73,60,110,0,0,0,233,infection,987
18.725884388639052,757,72,61,110,0,0,0,233,infectious,716
18.738398091556917,757,71,62,110,0,0,0,233,infectious,775
18.755517248978926,757,71,61,111,0,0,0,233,recovery,596
18.772661078562162,756,72,61,111,0,0,0,234,infection,961
18.79389909008202,756,71,62,111,0,0,0,234,infectious,918
18.80920750429765,756,70,63,111,0,0,0,234,infectious,401
18.825536549878965,756,70,62,112,0,0,0,234,recovery,926
18.886175791088327,756,70,61,113,0,0,0,234,recovery,168
18.937403332618363,755,71,61,113,0,0,0,235,infection,588
18.94223842537018,754,72,61,113,0,0,0,236,infection,659
18.980708330838183,753,73,61,113,0,0,0,237,infection,406
18.98622653011467,753,72,62,113,0,0,0,237,infectious,781
18.995519623917634,753,71,63,113,0,0,0,237,infectious,40
18.995577594367145,752,72,63,113,0,0,0,238,infection,776
19.02233486706302,752,72,62,114,0,0,0,238,recovery,54
19.05694817061105,752,71,63,114,0,0,0,238,infectious,568
19.05958824005213,752,70,64,114,0,0,0,238,infectious,212
19.073543475529647,752,69,65,114,0,0,0,238,infectious,588
19.102646413929957,751,70,65,114,0,0,0,239,infection,272
19.109542224467603,750,71,65,114,0,0,0,240,infection,975
19.167315923943853,750,70,66,114,0,0,0,240,infectious,150
19.196394271719704,750,70,65,115,0,0,0,240,recovery,515
19.21996827536308,750,69,66,115,0,0,0,240,infectious,276
19.254493519220446,749,70,66,115,0,0,0,241,infection,64
19.265521205253908,749,69,67,115,0,0,0,241,infectious,507
19.315227912536773,749,68,68,115,0,0,0,241,infectious,479
19.320012169911298,749,68,67,116,0,0,0,241,recovery,978
19.32021740109477,748,69,67,116,0,0,0,242,infection,572
19.324564892449004,748,69,66,117,0,0,0,242,recovery,7
19.34120062356722,747,70,66,117,0,0,0,243,infection,683
19.344457673484985,746,71,66,117,0,0,0,244,infection,503
19.363789485846024,745,72,66,117,0,0,0,245,infection,525
19.365373444805787,745,71,67,117,0,0,0,245,infectious,102
19.368613243046813,744,72,67,117,0,0,0,246,infection,665
19.380157728427424,744,71,68,117,0,0,0,246,infectious,492
19.38066656178595,743,72,68,117,0,0,0,247,infection,603
19.38353590164057,743,71,69,117,0,0,0,247,infectious,148
19.391548562385093,743,71,68,118,0,0,0,247,recovery,918
19.404900938586394,743,71,67,119,0,0,0,247,recovery,276
19.422058192370674,743,71,66,120,0,0,0,247,recovery,568
19.44514277841293,743,70,67,120,0,0,0,247,infectious,772
19.4591318950245,743,70,66,121,0,0,0,247,recovery,587
19.509985449449804,742,71,66,121,0,0,0,248,infection,648
19.51902236940317,742,71,65,122,0,0,0,248,recovery,625
19.536781363897145,742,71,64,123,0,0,0,248,recovery,150
19.566525742623522,741,72,64,123,0,0,0,249,infection,552
19.578648921023618,741,72,63,124,0,0,0,249,recovery,972
19.624312916021715,740,73,63,124,0,0,0,250,infection,420
19.643705836285356,740,72,64,124,0,0,0,250,infectious,745
19.676530893708616,740,71,65,124,0,0,0,250,infectious,424
19.6922916509954,739,72,65,124,0,0,0,251,infection,82
19.748457908379024,738,73,65,124,0,0,0,252,infection,123
19.769925872853882,737,74,65,124,0,0,0,253,infection,65
19.774119782960707,737,74,64,125,0,0,0,253,recovery,40
19.7754186829881,737,74,63,126,0,0,0,253,recovery,287
19.786500121002263,737,73,64,126,0,0,0,253,infectious,603
19.79215947052481,737,73,63,127,0,0,0,253,recovery,115
19.805226780296383,737,73,62,128,0,0,0,253,recovery,560
19.813039240797067,737,73,61,129,0,0,0,253,recovery,775
19.83162798571987,737,73,60,130,0,0,0,253,recovery,471
19.836679309734635,736,74,60,130,0,0,0,254,infection,963
19.8548541136935,735,75,60,130,0,0,0,255,infection,712
19.86880139823954,735,75,59,131,0,0,0,255,recovery,673
19.8799462289764,734,76,59,131,0,0,0,256,infection,371
19.897727002013525,733,77,59,131,0,0,0,257,infection,286
19.899613700979042,733,76,60,131,0,0,0,257,infectious,146
19.90217630559377,732,77,60,131,0,0,0,258,infection,783
19.907262488608218,732,76,61,131,0,0,0,258,infectious,712
19.934456572008376,732,75,62,131,0,0,0,258,infectious,531
19.97026887395472,731,76,62,131,0,0,0,259,infection,958
19.984065788792247,730,77,62,131,0,0,0,260,infection,164
19.992579031609942,730,77,61,132,0,0,0,260,recovery,715
20.045690654979932,730,77,60,133,0,0,0,260,recovery,636
20.04684021054563,730,76,61,133,0,0,0,260,infectious,447
20.054893895810803,729,77,61,133,0,0,0,261,infection,290
20.05816310157668,728,78,61,133,0,0,0,262,infection,321
20.06381648401334,727,79,61,133,0,0,0,263,infection,474
20.092245380215168,726,80,61,133,0,0,0,264,infection,929
20.103658813817677,725,81,61,133,0,0,0,265,infection,692
20.103891509914927,724,82,61,133,0,0,0,266,infection,248
20.110686590647806,723,83,61,133,0,0,0,267,infection,734
20.11338935566264,722,84,61,133,0,0,0,268,infection,394
20.116615629222224,722,83,62,133,0,0,0,268,infectious,489
20.120230711424696,722,83,61,134,0,0,0,268,recovery,181
20.12784631629819,722,82,62,134,0,0,0,268,infectious,875
20.136684506478588,722,81,63,134,0,0,0,268,infectious,792
20.146768064695706,722,81,62,135,0,0,0,268,recovery,888
20.159284902755243,722,80,63,135,0,0,0,268,infectious,290
20.184454447938283,721,81,63,135,0,0,0,269,infection,85
20.18572775458862,721,80,64,135,0,0,0,269,infectious,573
20.18672437364543,721,79,65,135,0,0,0,269,infectious,458
20.212865125398856,721,78,66,135,0,0,0,269,infectious,905
20.229142959518647,721,78,65,136,0,0,0,269,recovery,161
20.229247394105606,721,77,66,136,0,0,0,269,infectious,37
20.230511649848662,721,77,65,137,0,0,0,269,recovery,492
20.249197447121894,720,78,65,137,0,0,0,270,infection,930
20.253876793760664,720,77,66,137,0,0,0,270,infectious,184
20.25477201818199,719,78,66,137,0,0,0,271,infection,549
20.259051775993917,719,77,67,137,0,0,0,271,infectious,420
20.27482414645545,718,78,67,137,0,0,0,272,infection,440
20.27532639362667,718,78,66,138,0,0,0,272,recovery,733
20.276735093634063,717,79,66,138,0,0,0,273,infection,675
20.289895741398617,717,78,67,138,0,0,0,273,infectious,886
20.3080346256012,717,78,66,139,0,0,0,273,recovery,716
20.316776347049146,716,79,66,139,0,0,0,274,infection,645
20.321123597893198,715,80,66,139,0,0,0,275,infection,898
20.340914534016065,714,81,66,139,0,0,0,276,infection,629
20.351647532501012,713,82,66,139,0,0,0,277,infection,974
20.3611979265475,713,82,65,140,0,0,0,277,recovery,73
20.377495826226284,713,82,64,141,0,0,0,277,recovery,401
20.38793710563327,713,81,65,141,0,0,0,277,infectious,961
20.420695676252095,712,82,65,141,0,0,0,278,infection,892
20.43583966395168,712,82,64,142,0,0,0,278,recovery,855
20.449328431803004,712,82,63,143,0,0,0,278,recovery,148
20.453809332629007,712,82,62,144,0,0,0,278,recovery,267
20.460661512763373,712,82,61,145,0,0,0,278,recovery,325
20.470215562682707,711,83,61,145,0,0,0,279,infection,342
20.505372194078333,710,84,61,145,0,0,0,280,infection,369
20.513627723724355,710,84,60,146,0,0,0,280,recovery,821
20.528743022786127,710,83,61,146,0,0,0,280,infectious,552
20.550956620006577,710,83,60,147,0,0,0,280,recovery,588
20.57629825109753,709,84,60,147,0,0,0,281,infection,205
20.636541521395934,708,85,60,147,0,0,0,282,infection,506
20.661366453145376,708,85,59,148,0,0,0,282,recovery,420
20.68113516181515,707,86,59,148,0,0,0,283,infection,690
20.683547674259835,707,86,58,149,0,0,0,283,recovery,927
20.699481714062284,707,85,59,149,0,0,0,283,infectious,328
20.712973658991956,707,84,60,149,0,0,0,283,infectious,929
20.721908961861452,707,84,59,150,0,0,0,283,recovery,108
20.73747567705924,706,85,59,150,0,0,0,284,infection,633
20.737965482431015,705,86,59,150,0,0,0,285,infection,114
20.739691281312066,705,85,60,150,0,0,0,285,infectious,310
20.7426846726131,705,84,61,150,0,0,0,285,infectious,683
20.780940766796338,704,85,61,150,0,0,0,286,infection,486
20.813339653678636,704,84,62,150,0,0,0,286,infectious,172
20.834735279432312,704,84,61,151,0,0,0,286,recovery,797
20.86263155732842,704,83,62,151,0,0,0,286,infectious,64
20.895065680252642,704,83,61,152,0,0,0,286,recovery,766
20.900808588551588,704,83,60,153,0,0,0,286,recovery,146
20.906890030946947,703,84,60,153,0,0,0,287,infection,773
20.94104295643254,703,84,59,154,0,0,0,287,recovery,772
20.947034980237113,702,85,59,154,0,0,0,288,infection,858
20.953941613191066,702,84,60,154,0,0,0,288,infectious,773
20.960311334427086,702,83,61,154,0,0,0,288,infectious,987
20.979788277356974,702,82,62,154,0,0,0,288,infectious,209
20.985328031403398,701,83,62,154,0,0,0,289,infection,17
21.00255041106416,701,82,63,154,0,0,0,289,infectious,604
21.00577298237253,701,82,62,155,0,0,0,289,recovery,552
21.01828402074652,700,83,62,155,0,0,0,290,infection,913
21.041249674563492,700,83,61,156,0,0,0,290,recovery,304
21.05838748845052,700,82,62,156,0,0,0,290,infectious,665
21.075054664501064,700,81,63,156,0,0,0,290,infectious,622
21.112622314946034,700,81,62,157,0,0,0,290,recovery,412
21.12171093478588,700,80,63,157,0,0,0,290,infectious,659
21.127620663296053,700,80,62,158,0,0,0,290,recovery,424
21.136696810097742,700,80,61,159,0,0,0,290,recovery,308
21.144108270675726,699,81,61,159,0,0,0,291,infection,363
21.169296463376476,699,81,60,160,0,0,0,291,recovery,102
21.207057872409877,699,80,61,160,0,0,0,291,infectious,363
21.224984045760078,699,80,60,161,0,0,0,291,recovery,184
21.243784303198286,699,80,59,162,0,0,0,291,recovery,929
21.261959069968423,698,81,59,162,0,0,0,292,infection,470
21.27135756181625,697,82,59,162,0,0,0,293,infection,543
21.274154555892142,697,82,58,163,0,0,0,293,recovery,147
21.311902204862168,696,83,58,163,0,0,0,294,infection,748
21.357801653512038,696,82,59,163,0,0,0,294,infectious,690
21.39941790767212,696,81,60,163,0,0,0,294,infectious,342
21.401819783803518,696,81,59,164,0,0,0,294,recovery,489
21.416402448360216,695,82,59,164,0,0,0,295,infection,508
21.431135328530523,695,82,58,165,0,0,0,295,recovery,923
21.43997209353945,694,83,58,165,0,0,0,296,infection,454
21.50263977864444,693,84,58,165,0,0,0,297,infection,318
21.51569618101491,693,84,57,166,0,0,0,297,recovery,310
21.55737822092086,693,83,58,166,0,0,0,297,infectious,913
21.566375808351452,693,82,59,166,0,0,0,297,infectious,645
21.568734225584898,693,82,58,167,0,0,0,297,recovery,531
21.56982499630449,692,83,58,167,0,0,0,298,infection,234
21.595218236588597,692,82,59,167,0,0,0,298,infectious,22
21.607349036065894,692,82,58,168,0,0,0,298,recovery,835
21.642468304575907,692,82,57,169,0,0,0,298,recovery,604
21.646998727590496,691,83,57,169,0,0,0,299,infection,631
21.69613508891643,690,84,57,169,0,0,0,300,infection,177
21.756572966454094,689,85,57,169,0,0,0,301,infection,787
21.77791699146129,688,86,57,169,0,0,0,302,infection,477
21.798176107699646,688,86,56,170,0,0,0,302,recovery,668
21.881175118607295,688,85,57,170,0,0,0,302,infectious,674
21.88750479501427,688,84,58,170,0,0,0,302,infectious,572
21.959654511243194,688,83,59,170,0,0,0,302,infectious,571
21.975855767455762,688,82,60,170,0,0,0,302,infectious,173
21.975979208668075,688,82,59,171,0,0,0,302,recovery,290
22.008281531738163,688,81,60,171,0,0,0,302,infectious,503
22.067345580163234,687,82,60,171,0,0,0,303,infection,528
22.071394705079637,686,83,60,171,0,0,0,304,infection,139
22.07356318848995,685,84,60,171,0,0,0,305,infection,208
22.07896470554606,684,85,60,171,0,0,0,306,infection,557
22.11767579763824,684,84,61,171,0,0,0,306,infectious,748
22.133513206023764,684,83,62,171,0,0,0,306,infectious,85
22.134801714905144,684,83,61,172,0,0,0,306,recovery,683
22.1530042222003,684,82,62,172,0,0,0,306,infectious,100
22.17847342658136,683,83,62,172,0,0,0,307,infection,723
22.203211966258916,683,82,63,172,0,0,0,307,infectious,394
22.214664453012603,682,83,63,172,0,0,0,308,infection,38
22.2178527696707,682,82,64,172,0,0,0,308,infectious,361
22.225519680143574,681,83,64,172,0,0,0,309,infection,949
22.22924701962904,681,82,65,172,0,0,0,309,infectious,528
22.23065222032934,680,83,65,172,0,0,0,310,infection,206
22.239219753578297,680,83,64,173,0,0,0,310,recovery,788
22.279240309938046,679,84,64,173,0,0,0,311,infection,167
22.279694300894622,679,84,63,174,0,0,0,311,recovery,875
22.28672609465617,679,83,64,174,0,0,0,311,infectious,139
22.291006827805088,679,83,63,175,0,0,0,311,recovery,622
22.304579054372546,679,83,62,176,0,0,0,311,recovery,342
22.325851716839985,678,84,62,176,0,0,0,312,infection,839
22.345806904524085,677,85,62,176,0,0,0,313,infection,850
22.40226837763028,676,86,62,176,0,0,0,314,infection,259
22.43182719576366,675,87,62,176,0,0,0,315,infection,502
22.45848004673683,675,87,61,177,0,0,0,315,recovery,66
22.477193837082158,674,88,61,177,0,0,0,316,infection,989
22.493750807216642,674,88,60,178,0,0,0,316,recovery,436
22.514046952863993,674,87,61,178,0,0,0,316,infectious,549
22.545008963967852,674,87,60,179,0,0,0,316,recovery,139
22.54933990445298,673,88,60,179,0,0,0,317,infection,833
22.552813652763923,672,89,60,179,0,0,0,318,infection,158
22.554586583071888,672,89,59,180,0,0,0,318,recovery,562
22.62108825711325,672,88,60,180,0,0,0,318,infectious,872
22.657992154904246,671,89,60,180,0,0,0,319,infection,69
22.65851057559079,671,88,61,180,0,0,0,319,infectious,330
22.67452856755231,671,87,62,180,0,0,0,319,infectious,692
22.680599889228006,670,88,62,180,0,0,0,320,infection,567
22.729733832530478,670,87,63,180,0,0,0,320,infectious,474
22.75069147440352,670,86,64,180,0,0,0,320,infectious,858
22.75440041428958,670,85,65,180,0,0,0,320,infectious,657
22.754610604132797,670,84,66,180,0,0,0,320,infectious,648
22.75857312136648,670,83,67,180,0,0,0,320,infectious,477
22.79373083260857,669,84,67,180,0,0,0,321,infection,356
22.81855092269847,669,84,66,181,0,0,0,321,recovery,665
22.892703917804752,669,84,65,182,0,0,0,321,recovery,657
22.910387708524958,669,84,64,183,0,0,0,321,recovery,209
22.916775663589938,668,85,64,183,0,0,0,322,infection,903
22.937293538925424,668,84,65,183,0,0,0,322,infectious,533
22.94114360120836,668,83,66,183,0,0,0,322,infectious,493
23.014063455866836,667,84,66,183,0,0,0,323,infection,482
23.028528149347167,667,84,65,184,0,0,0,323,recovery,361
23.03362708616413,667,83,66,184,0,0,0,323,infectious,930
23.040477444103505,667,82,67,184,0,0,0,323,infectious,833
23.071354333931733,667,81,68,184,0,0,0,323,infectious,963
23.093164693106935,666,82,68,184,0,0,0,324,infection,488
23.102143508845288,666,82,67,185,0,0,0,324,recovery,37
23.133538123438854,666,82,66,186,0,0,0,324,recovery,659
23.156909489648083,666,81,67,186,0,0,0,324,infectious,158
23.16568245627237,666,80,68,186,0,0,0,324,infectious,234
23.170036135191264,666,80,67,187,0,0,0,324,recovery,573
23.22097404832827,666,80,66,188,0,0,0,324,recovery,503
23.227746394048246,666,80,65,189,0,0,0,324,recovery,674
23.23787570993623,665,81,65,189,0,0,0,325,infection,578
23.27099732687925,665,80,66,189,0,0,0,325,infectious,822
23.275639495806526,665,80,65,190,0,0,0,325,recovery,571
23.292097000305453,665,79,66,190,0,0,0,325,infectious,482
23.308499397903926,665,78,67,190,0,0,0,325,infectious,448
23.310761999314206,664,79,67,190,0,0,0,326,infection,849
23.326186792779264,664,78,68,190,0,0,0,326,infectious,631
23.326768345822238,663,79,68,190,0,0,0,327,infection,820
23.333882110115063,662,80,68,190,0,0,0,328,infection,700
23.345552427614336,661,81,68,190,0,0,0,329,infection,838
23.353140719808383,660,82,68,190,0,0,0,330,infection,166
23.362617020116506,660,81,69,190,0,0,0,330,infectious,206
23.367387413568295,659,82,69,190,0,0,0,331,infection,777
23.368522475087932,658,83,69,190,0,0,0,332,infection,398
23.3698468872491,658,82,70,190,0,0,0,332,infectious,205
23.370233622967127,657,83,70,190,0,0,0,333,infection,768
23.42837083264973,657,82,71,190,0,0,0,333,infectious,65
23.437094960459678,656,83,71,190,0,0,0,334,infection,514
23.439065945660655,656,82,72,190,0,0,0,334,infectious,82
23.453909590007527,656,81,73,190,0,0,0,334,infectious,900
23.46339911664052,655,82,73,190,0,0,0,335,infection,446
23.470820775129848,654,83,73,190,0,0,0,336,infection,188
23.48446984055025,654,82,74,190,0,0,0,336,infectious,99
23.49431657847728,654,81,75,190,0,0,0,336,infectious,123
23.524731445815764,654,80,76,190,0,0,0,336,infectious,454
23.54702590419973,653,81,76,190,0,0,0,337,infection,143
23.569715674705595,652,82,76,190,0,0,0,338,infection,31
23.586765778979135,652,81,77,190,0,0,0,338,infectious,543
23.625315867261673,652,80,78,190,0,0,0,338,infectious,200
23.63849355441369,651,81,78,190,0,0,0,339,infection,555
23.662944332956073,651,80,79,190,0,0,0,339,infectious,629
23.665578148999668,650,81,79,190,0,0,0,340,infection,20
23.67061483244595,650,80,80,190,0,0,0,340,infectious,28
23.671142461444415,649,81,80,190,0,0,0,341,infection,641
23.725179829855183,649,80,81,190,0,0,0,341,infectious,17
23.76781575845286,649,80,80,191,0,0,0,341,recovery,214
23.785667493611392,649,79,81,191,0,0,0,341,infectious,750
23.79024384118607,649,79,80,192,0,0,0,341,recovery,871
23.80075284111258,648,80,80,192,0,0,0,342,infection,882
23.84461224281458,647,81,80,192,0,0,0,343,infection,39
23.857956397912673,647,81,79,193,0,0,0,343,recovery,781
23.882608086791734,647,80,80,193,0,0,0,343,infectious,557
23.885904250750364,647,79,81,193,0,0,0,343,infectious,787
23.89527461501811,646,80,81,193,0,0,0,344,infection,425
23.90112834049725,646,79,82,193,0,0,0,344,infectious,488
23.9529186736736,646,79,81,194,0,0,0,344,recovery,306
23.991080600028354,646,78,82,194,0,0,0,344,infectious,440
23.995776195438168,646,78,81,195,0,0,0,344,recovery,100
24.074332249465996,646,77,82,195,0,0,0,344,infectious,567
24.083933445537767,646,77,81,196,0,0,0,344,recovery,479
24.084590712824898,646,76,82,196,0,0,0,344,infectious,470
24.09027324324141,646,75,83,196,0,0,0,344,infectious,425
24.101908927680075,645,76,83,196,0,0,0,345,infection,805
24.126260446699646,645,76,82,197,0,0,0,345,recovery,200
24.15250567653143,645,76,81,198,0,0,0,345,recovery,886
24.180918716698923,644,77,81,198,0,0,0,346,infection,438
24.19157756448143,644,76,82,198,0,0,0,346,infectious,892
24.19673786116983,644,75,83,198,0,0,0,346,infectious,318
24.20090285390738,643,76,83,198,0,0,0,347,infection,449
24.213698634288345,642,77,83,198,0,0,0,348,infection,165
24.23157280621883,642,77,82,199,0,0,0,348,recovery,833
24.253951930475292,641,78,82,199,0,0,0,349,infection,315
24.272990094646612,640,79,82,199,0,0,0,350,infection,697
24.27417488924685,640,78,83,199,0,0,0,350,infectious,777
24.277450817036595,640,77,84,199,0,0,0,350,infectious,903
24.278548729028838,639,78,84,199,0,0,0,351,infection,681
24.317095931171323,638,79,84,199,0,0,0,352,infection,225
24.324370338997838,637,80,84,199,0,0,0,353,infection,63
24.336880649506824,636,81,84,199,0,0,0,354,infection,218
24.339565264950696,635,82,84,199,0,0,0,355,infection,630
24.349968618737183,634,83,84,199,0,0,0,356,infection,970
24.397784771081447,634,83,83,200,0,0,0,356,recovery,470
24.421072842121223,634,82,84,200,0,0,0,356,infectious,697
24.424960634429716,634,82,83,201,0,0,0,356,recovery,985
24.441310229950798,634,82,82,202,0,0,0,356,recovery,482
24.457107828001654,634,81,83,202,0,0,0,356,infectious,964
24.46155130633082,634,80,84,202,0,0,0,356,infectious,850
24.46335721724696,634,79,85,202,0,0,0,356,infectious,776
24.463852195679088,634,79,84,203,0,0,0,356,recovery,648
24.503238874708575,634,79,83,204,0,0,0,356,recovery,697
24.534442024722356,633,80,83,204,0,0,0,357,infection,156
24.54135811855908,633,80,82,205,0,0,0,357,recovery,964
24.556190942758022,633,79,83,205,0,0,0,357,infectious,895
24.567700162231258,633,78,84,205,0,0,0,357,infectious,126
24.5817085854156,633,77,85,205,0,0,0,357,infectious,805
24.58880146514711,632,78,85,205,0,0,0,358,infection,450
24.596520123178635,632,77,86,205,0,0,0,358,infectious,143
24.629069096920063,632,77,85,206,0,0,0,358,recovery,447
24.63255877663015,631,78,85,206,0,0,0,359,infection,582
24.633781284443852,631,77,86,206,0,0,0,359,infectious,20
24.641650723876374,630,78,86,206,0,0,0,360,infection,431
24.669493494943065,630,78,85,207,0,0,0,360,recovery,173
24.69029019036772,629,79,85,207,0,0,0,361,infection,288
24.723600198947977,629,79,84,208,0,0,0,361,recovery,778
24.750324976244816,628,80,84,208,0,0,0,362,infection,141
24.75682199677325,627,81,84,208,0,0,0,363,infection,825
24.760323319910057,627,80,85,208,0,0,0,363,infectious,882
24.76131077861493,627,79,86,208,0,0,0,363,infectious,218
24.762353309871298,627,79,85,209,0,0,0,363,recovery,805
24.7757046406162,626,80,85,209,0,0,0,364,infection,23
24.77620392785612,625,81,85,209,0,0,0,365,infection,615
24.778030033820915,625,80,86,209,0,0,0,365,infectious,188
24.792295276086218,624,81,86,209,0,0,0,366,infection,806
24.798666348622334,624,80,87,209,0,0,0,366,infectious,101
24.80009821064536,624,79,88,209,0,0,0,366,infectious,114
24.80664794645053,623,80,88,209,0,0,0,367,infection,965
24.887727716240555,623,80,87,210,0,0,0,367,recovery,206
24.902242971630436,622,81,87,210,0,0,0,368,infection,638
24.91485689493059,622,80,88,210,0,0,0,368,infectious,700
24.927603228586644,622,79,89,210,0,0,0,368,infectious,69
24.92943448855924,621,80,89,210,0,0,0,369,infection,780
24.930368363356397,621,80,88,211,0,0,0,369,recovery,28
24.958558098818678,620,81,88,211,0,0,0,370,infection,516
24.960056094343535,620,80,89,211,0,0,0,370,infectious,321
24.9608197796823,620,80,88,212,0,0,0,370,recovery,65
24.968895489638346,620,80,87,213,0,0,0,370,recovery,477
25.006001568647306,620,79,88,213,0,0,0,370,infectious,820
25.040759012956528,620,78,89,213,0,0,0,370,infectious,399
25.0621611726236,619,79,89,213,0,0,0,371,infection,856
25.087896606987556,619,79,88,214,0,0,0,371,recovery,776
25.093012300673198,619,79,87,215,0,0,0,371,recovery,961
25.098103384633685,619,79,86,216,0,0,0,371,recovery,872
25.100886109862692,618,80,86,216,0,0,0,372,infection,84
25.116931594785225,617,81,86,216,0,0,0,373,infection,21
25.122007849480507,616,82,86,216,0,0,0,374,infection,107
25.14167806549362,615,83,86,216,0,0,0,375,infection,81
25.141691061386055,614,84,86,216,0,0,0,376,infection,229
25.14581539332512,614,84,85,217,0,0,0,376,recovery,692
25.156440953892243,613,85,85,217,0,0,0,377,infection,402
25.164495195439166,613,85,84,218,0,0,0,377,recovery,779
25.166664759091972,613,84,85,218,0,0,0,377,infectious,949
25.19720075126285,613,83,86,218,0,0,0,377,infectious,166
25.198685140655297,612,84,86,218,0,0,0,378,infection,671
25.20596535662201,612,83,87,218,0,0,0,378,infectious,502
25.226092868588424,611,84,87,218,0,0,0,379,infection,981
25.237509964833432,611,83,88,218,0,0,0,379,infectious,63
25.268345408691115,610,84,88,218,0,0,0,380,infection,810
25.27054842151619,610,83,89,218,0,0,0,380,infectious,743
25.297085869504127,610,83,88,219,0,0,0,380,recovery,700
25.304550494432757,609,84,88,219,0,0,0,381,infection,976
25.313235515162617,609,83,89,219,0,0,0,381,infectious,167
25.31617808160443,609,82,90,219,0,0,0,381,infectious,259
25.316927416816053,608,83,90,219,0,0,0,382,infection,945
25.32223029252615,608,82,91,219,0,0,0,382,infectious,671
25.327793095465104,608,81,92,219,0,0,0,382,infectious,970
25.345000903828375,607,82,92,219,0,0,0,383,infection,45
25.361566946443215,607,82,91,220,0,0,0,383,recovery,394
25.38160941682365,607,82,90,221,0,0,0,383,recovery,85
25.381965411304595,607,81,91,221,0,0,0,383,infectious,849
25.385233085495322,606,82,91,221,0,0,0,384,infection,534
25.414375385079666,606,81,92,221,0,0,0,384,infectious,686
25.420340252601655,606,81,91,222,0,0,0,384,recovery,321
25.449986907976687,606,80,92,222,0,0,0,384,infectious,974
25.454309499779793,605,81,92,222,0,0,0,385,infection,924
25.458168737378433,604,82,92,222,0,0,0,386,infection,840
25.48432637898693,603,83,92,222,0,0,0,387,infection,251
25.49737700674984,602,84,92,222,0,0,0,388,infection,854
25.50735577023144,602,83,93,222,0,0,0,388,infectious,556
25.510757422617772,601,84,93,222,0,0,0,389,infection,88
25.52495462011227,600,85,93,222,0,0,0,390,infection,796
25.60144208346933,600,84,94,222,0,0,0,390,infectious,164
25.60478946710042,600,83,95,222,0,0,0,390,infectious,369
25.621238128956325,599,84,95,222,0,0,0,391,infection,140
25.628839243685743,599,83,96,222,0,0,0,391,infectious,555
25.640521668961807,598,84,96,222,0,0,0,392,infection,791
25.668279788119143,598,84,95,223,0,0,0,392,recovery,205
25.682535939029375,597,85,95,223,0,0,0,393,infection,270
25.685630654783193,597,85,94,224,0,0,0,393,recovery,123
25.694267369604017,597,85,93,225,0,0,0,393,recovery,850
25.70944382313969,597,85,92,226,0,0,0,393,recovery,743
25.737694917018118,596,86,92,226,0,0,0,394,infection,959
25.737865059167095,595,87,92,226,0,0,0,395,infection,618
25.757410012269983,595,87,91,227,0,0,0,395,recovery,218
25.77667912779532,595,86,92,227,0,0,0,395,infectious,371
25.782700531709356,595,86,91,228,0,0,0,395,recovery,234
25.800626179303435,595,85,92,228,0,0,0,395,infectious,508
25.808701545427073,594,86,92,228,0,0,0,396,infection,980
25.83841783103539,593,87,92,228,0,0,0,397,infection,271
25.849893392056064,592,88,92,228,0,0,0,398,infection,428
25.854692830819875,592,88,91,229,0,0,0,398,recovery,671
25.86048776200889,592,87,92,229,0,0,0,398,infectious,229
25.862852857125127,592,86,93,229,0,0,0,398,infectious,177
25.87697019925596,591,87,93,229,0,0,0,399,infection,195
25.88783868619954,591,86,94,229,0,0,0,399,infectious,630
25.889277362976376,590,87,94,229,0,0,0,400,infection,138
25.889628357603883,590,86,95,229,0,0,0,400,infectious,356
25.924237122951606,590,86,94,230,0,0,0,400,recovery,974
25.93721189502346,589,87,94,230,0,0,0,401,infection,824
25.949773429701295,588,88,94,230,0,0,0,402,infection,890
25.95014812323137,588,87,95,230,0,0,0,402,infectious,315
25.963480979203506,587,88,95,230,0,0,0,403,infection,847
25.96949162996823,587,88,94,231,0,0,0,403,recovery,555
25.983417738321844,587,87,95,231,0,0,0,403,infectious,810
25.998084524320255,587,87,94,232,0,0,0,403,recovery,841
26.014258545870362,587,87,93,233,0,0,0,403,recovery,448
26.02070682687714,587,87,92,234,0,0,0,403,recovery,895
26.03673589225711,586,88,92,234,0,0,0,404,infection,302
26.055053559707773,586,87,93,234,0,0,0,404,infectious,856
26.056884542770554,585,88,93,234,0,0,0,405,infection,297
26.115612647845442,585,88,92,235,0,0,0,405,recovery,158
26.13885486130713,584,89,92,235,0,0,0,406,infection,453
26.149705153131205,584,89,91,236,0,0,0,406,recovery,528
26.15110894382866,584,88,92,236,0,0,0,406,infectious,347
26.163204560043354,584,88,91,237,0,0,0,406,recovery,773
26.180382581378193,583,89,91,237,0,0,0,407,infection,577
26.189087521399234,582,90,91,237,0,0,0,408,infection,765
26.191500995678588,582,89,92,237,0,0,0,408,infectious,945
26.20254277262424,582,88,93,237,0,0,0,408,infectious,202
26.20404111814997,582,88,92,238,0,0,0,408,recovery,22
26.21659677993872,581,89,92,238,0,0,0,409,infection,770
26.230929475633946,580,90,92,238,0,0,0,410,infection,437
26.23437133167872,579,91,92,238,0,0,0,411,infection,950
26.237718470555798,579,90,93,238,0,0,0,411,infectious,241
26.243173362208374,579,89,94,238,0,0,0,411,infectious,578
26.247247184090945,578,90,94,238,0,0,0,412,infection,844
26.262697289365775,577,91,94,238,0,0,0,413,infection,296
26.2966882735885,577,90,95,238,0,0,0,413,infectious,208
26.2985999584074,576,91,95,238,0,0,0,414,infection,337
26.322126144373897,575,92,95,238,0,0,0,415,infection,92
26.34000542689287,575,92,94,239,0,0,0,415,recovery,903
26.346938720342564,574,93,94,239,0,0,0,416,infection,354
26.371816265718323,573,94,94,239,0,0,0,417,infection,176
26.372768675670052,573,93,95,239,0,0,0,417,infectious,681
26.378966217680446,573,93,94,240,0,0,0,417,recovery,399
26.397410026865593,573,92,95,240,0,0,0,417,infectious,449
26.39935836816308,572,93,95,240,0,0,0,418,infection,53
26.39962662579124,571,94,95,240,0,0,0,419,infection,640
26.401007537118836,570,95,95,240,0,0,0,420,infection,373
26.409498016457444,570,95,94,241,0,0,0,420,recovery,882
26.433747247264495,570,94,95,241,0,0,0,420,infectious,791
26.43737739049299,569,95,95,241,0,0,0,421,infection,757
26.485147586179895,569,95,94,242,0,0,0,421,recovery,363
26.489563742677504,569,94,95,242,0,0,0,421,infectious,244
26.49541180333454,568,95,95,242,0,0,0,422,infection,912
26.49901049856769,568,94,96,242,0,0,0,422,infectious,897
26.53256516270988,567,95,96,242,0,0,0,423,infection,663
26.545984911652837,566,96,96,242,0,0,0,424,infection,853
26.554598538222706,566,96,95,243,0,0,0,424,recovery,631
26.566231541560267,566,95,96,243,0,0,0,424,infectious,734
26.580347191715063,566,95,95,244,0,0,0,424,recovery,930
26.6025304833704,565,96,95,244,0,0,0,425,infection,720
26.61128013383287,565,95,96,244,0,0,0,425,infectious,45
26.62158644889771,565,95,95,245,0,0,0,425,recovery,347
26.626565742713133,564,96,95,245,0,0,0,426,infection,183
26.630899762963278,563,97,95,245,0,0,0,427,infection,947
26.6356056869669,562,98,95,245,0,0,0,428,infection,182
26.670104436734256,562,98,94,246,0,0,0,428,recovery,686
26.687916234159946,562,98,93,247,0,0,0,428,recovery,690
26.689703822289694,561,99,93,247,0,0,0,429,infection,41
26.702302325991678,561,99,92,248,0,0,0,429,recovery,508
26.710540953110723,561,98,93,248,0,0,0,429,infectious,251
26.723822007435242,561,97,94,248,0,0,0,429,infectious,844
26.750779620707174,561,96,95,248,0,0,0,429,infectious,271
26.753750643215643,560,97,95,248,0,0,0,430,infection,691
26.754901721158255,559,98,95,248,0,0,0,431,infection,44
26.760335061913228,559,98,94,249,0,0,0,431,recovery,945
26.770835768097278,559,98,93,250,0,0,0,431,recovery,63
26.794775074297927,559,97,94,250,0,0,0,431,infectious,958
26.81006558552046,559,97,93,251,0,0,0,431,recovery,750
26.810690882106385,558,98,93,251,0,0,0,432,infection,699
26.81672808653473,558,98,92,252,0,0,0,432,recovery,208
26.819277443301726,558,97,93,252,0,0,0,432,infectious,780
26.82007953211445,557,98,93,252,0,0,0,433,infection,439
26.85510253960264,557,97,94,252,0,0,0,433,infectious,796
26.85561602143694,557,96,95,252,0,0,0,433,infectious,297
26.855642773249173,557,96,94,253,0,0,0,433,recovery,782
26.856124835155217,556,97,94,253,0,0,0,434,infection,942
26.878429704429575,555,98,94,253,0,0,0,435,infection,485
26.880451901050588,555,97,95,253,0,0,0,435,infectious,640
26.893740064276162,555,96,96,253,0,0,0,435,infectious,44
26.914179456721982,555,96,95,254,0,0,0,435,recovery,509
26.92584103630204,555,96,94,255,0,0,0,435,recovery,82
26.92763868296597,555,96,93,256,0,0,0,435,recovery,356
26.928603514244458,554,97,93,256,0,0,0,436,infection,735
26.94892699993269,553,98,93,256,0,0,0,437,infection,922
26.965094213276412,553,97,94,256,0,0,0,437,infectious,354
26.98635363761219,552,98,94,256,0,0,0,438,infection,709
26.9887849398121,552,98,93,257,0,0,0,438,recovery,874
27.00036240342309,552,98,92,258,0,0,0,438,recovery,900
27.010001826380034,552,98,91,259,0,0,0,438,recovery,151
27.016357240774806,552,98,90,260,0,0,0,438,recovery,64
27.018624404011952,552,97,91,260,0,0,0,438,infectious,195
27.067290653882395,551,98,91,260,0,0,0,439,infection,216
27.072034373600104,550,99,91,260,0,0,0,440,infection,378
27.088316627902245,550,99,90,261,0,0,0,440,recovery,792
27.11051054758365,550,98,91,261,0,0,0,440,infectious,81
27.11740208906634,550,98,90,262,0,0,0,440,recovery,99
27.130054684351414,550,97,91,262,0,0,0,440,infectious,156
27.13378742133161,550,97,90,263,0,0,0,440,recovery,279
27.139083118370777,550,96,91,263,0,0,0,440,infectious,922
27.14062168858255,550,96,90,264,0,0,0,440,recovery,328
27.1445511413989,549,97,90,264,0,0,0,441,infection,523
27.145660916459526,549,97,89,265,0,0,0,441,recovery,849
27.16284440256316,548,98,89,265,0,0,0,442,infection,96
27.170505075956854,548,98,88,266,0,0,0,442,recovery,745
27.21625398054303,547,99,88,266,0,0,0,443,infection,163
27.223495082920696,546,100,88,266,0,0,0,444,infection,677
27.226288814963628,546,99,89,266,0,0,0,444,infectious,638
27.252015780539665,546,98,90,266,0,0,0,444,infectious,84
27.255447204513864,546,98,89,267,0,0,0,444,recovery,844
27.273424682503016,545,99,89,267,0,0,0,445,infection,473
27.330754450625736,545,99,88,268,0,0,0,445,recovery,164
27.345470898839384,545,98,89,268,0,0,0,445,infectious,677
27.34836973665688,544,99,89,268,0,0,0,446,infection,422
27.381508365054373,543,100,89,268,0,0,0,447,infection,415
27.385207044238438,543,99,90,268,0,0,0,447,infectious,675
27.38600987827019,542,100,90,268,0,0,0,448,infection,336
27.401690878400576,542,99,91,268,0,0,0,448,infectious,183
27.406729308319093,542,99,90,269,0,0,0,448,recovery,488
27.413835751136855,542,98,91,269,0,0,0,448,infectious,976
27.437046079601004,542,98,90,270,0,0,0,448,recovery,354
27.440570634668642,542,97,91,270,0,0,0,448,infectious,288
27.44297558771689,541,98,91,270,0,0,0,449,infection,758
27.447057653092806,541,97,92,270,0,0,0,449,infectious,453
27.451205676654503,540,98,92,270,0,0,0,450,infection,816
27.477039595211362,540,98,91,271,0,0,0,450,recovery,172
27.503057449749832,539,99,91,271,0,0,0,451,infection,938
27.50579767003672,538,100,91,271,0,0,0,452,infection,419
27.51088232898706,538,99,92,271,0,0,0,452,infectious,248
27.515932737827466,537,100,92,271,0,0,0,453,infection,809
27.518721948569894,537,100,91,272,0,0,0,453,recovery,20
27.540328648263817,537,100,90,273,0,0,0,453,recovery,557
27.547382114884186,537,100,89,274,0,0,0,453,recovery,474
27.552936848105706,536,101,89,274,0,0,0,454,infection,390
27.565125478180455,536,100,90,274,0,0,0,454,infectious,633
27.577807611476977,536,100,89,275,0,0,0,454,recovery,791
27.583807312961234,536,99,90,275,0,0,0,454,infectious,316
27.613893752449822,536,99,89,276,0,0,0,454,recovery,734
27.626507191293033,536,99,88,277,0,0,0,454,recovery,712
27.63948425936865,536,98,89,277,0,0,0,454,infectious,709
27.67757740676774,536,98,88,278,0,0,0,454,recovery,905
27.691855948477738,536,98,87,279,0,0,0,454,recovery,681
27.705985282916803,535,99,87,279,0,0,0,455,infection,376
27.742844940543797,535,99,86,280,0,0,0,455,recovery,856
27.74289704317525,534,100,86,280,0,0,0,456,infection,204
27.74813801935348,533,101,86,280,0,0,0,457,infection,319
27.791169838717874,533,101,85,281,0,0,0,457,recovery,318
27.800144638218963,533,101,84,282,0,0,0,457,recovery,453
27.860313035458766,532,102,84,282,0,0,0,458,infection,798
27.864298459464028,532,102,83,283,0,0,0,458,recovery,458
27.877897637610168,531,103,83,283,0,0,0,459,infection,491
27.893300700981804,530,104,83,283,0,0,0,460,infection,112
27.904684761811858,530,104,82,284,0,0,0,460,recovery,626
27.922931400614253,530,104,81,285,0,0,0,460,recovery,645
27.930293164202546,530,104,80,286,0,0,0,460,recovery,16
27.930907638013995,530,103,81,286,0,0,0,460,infectious,938
27.961773469114803,530,102,82,286,0,0,0,460,infectious,816
27.980848646648205,530,101,83,286,0,0,0,460,infectious,32
28.01031455204021,530,101,82,287,0,0,0,460,recovery,987
28.046627553043145,530,101,81,288,0,0,0,460,recovery,369
28.062809383920424,530,100,82,288,0,0,0,460,infectious,894
28.07221596971283,530,99,83,288,0,0,0,460,infectious,663
28.077376455828873,530,99,82,289,0,0,0,460,recovery,271
28.078419700387037,530,99,81,290,0,0,0,460,recovery,629
28.079892152356003,530,98,82,290,0,0,0,460,infectious,31
28.086555121290147,529,99,82,290,0,0,0,461,infection,224
28.090227385945557,529,98,83,290,0,0,0,461,infectious,582
28.090416563681597,529,98,82,291,0,0,0,461,recovery,556
28.10183605384104,529,98,81,292,0,0,0,461,recovery,603
28.122564632352645,528,99,81,292,0,0,0,462,infection,247
28.13408037367908,528,98,82,292,0,0,0,462,infectious,853
28.140541786651568,528,97,83,292,0,0,0,462,infectious,757
28.153732289026625,528,96,84,292,0,0,0,462,infectious,615
28.178459359286393,528,96,83,293,0,0,0,462,recovery,507
28.18458341400038,528,95,84,293,0,0,0,462,infectious,446
28.19226389065291,528,95,83,294,0,0,0,462,recovery,44
28.21918845209454,528,94,84,294,0,0,0,462,infectious,165
28.24570590484873,528,94,83,295,0,0,0,462,recovery,578
28.25267287532861,528,94,82,296,0,0,0,462,recovery,454
28.259841438481647,528,94,81,297,0,0,0,462,recovery,446
28.26983557630596,527,95,81,297,0,0,0,463,infection,211
28.279238898593665,526,96,81,297,0,0,0,464,infection,34
28.280887849069295,526,96,80,298,0,0,0,464,recovery,787
28.315891247526302,526,95,81,298,0,0,0,464,infectious,924
28.319249797020262,525,96,81,298,0,0,0,465,infection,934
28.341861992781038,524,97,81,298,0,0,0,466,infection,352
28.344250551228022,524,97,80,299,0,0,0,466,recovery,126
28.34788252210524,524,96,81,299,0,0,0,466,infectious,138
28.359954605303255,523,97,81,299,0,0,0,467,infection,129
28.391504284634852,523,97,80,300,0,0,0,467,recovery,104
28.39337753911436,523,96,81,300,0,0,0,467,infectious,34
28.40562771334036,522,97,81,300,0,0,0,468,infection,235
28.455010909708633,521,98,81,300,0,0,0,469,infection,8
28.469205699948304,521,98,80,301,0,0,0,469,recovery,810
28.51833329572605,521,98,79,302,0,0,0,469,recovery,138
28.51896512692362,521,97,80,302,0,0,0,469,infectious,534
28.529353524325867,521,97,79,303,0,0,0,469,recovery,894
28.537601151414766,521,96,80,303,0,0,0,469,infectious,373
28.573726595581647,520,97,80,303,0,0,0,470,infection,968
28.574084023072867,519,98,80,303,0,0,0,471,infection,480
28.590541326793375,518,99,80,303,0,0,0,472,infection,231
28.59711418454232,517,100,80,303,0,0,0,473,infection,687
28.616448629571266,517,99,81,303,0,0,0,473,infectious,302
28.61995699922771,517,98,82,303,0,0,0,473,infectious,439
28.62952960413841,517,97,83,303,0,0,0,473,infectious,516
28.63955817872632,517,96,84,303,0,0,0,473,infectious,965
28.678257783528043,517,96,83,304,0,0,0,473,recovery,84
28.702785620980308,516,97,83,304,0,0,0,474,infection,305
28.737762546673107,516,97,82,305,0,0,0,474,recovery,45
28.74635033396823,516,97,81,306,0,0,0,474,recovery,572
28.77652520874949,516,96,82,306,0,0,0,474,infectious,770
28.83136462827526,516,96,81,307,0,0,0,474,recovery,939
28.86012822234955,515,97,81,307,0,0,0,475,infection,566
28.8745320256043,515,97,80,308,0,0,0,475,recovery,330
28.88885637515137,514,98,80,308,0,0,0,476,infection,414
28.903240243544246,514,97,81,308,0,0,0,476,infectious,838
28.92010075152361,513,98,81,308,0,0,0,477,infection,941
28.937348845765932,513,97,82,308,0,0,0,477,infectious,825
28.961852900289593,512,98,82,308,0,0,0,478,infection,494
29.005466926374783,512,98,81,309,0,0,0,478,recovery,288
29.009854817800676,512,98,80,310,0,0,0,478,recovery,259
29.033663870950917,511,99,80,310,0,0,0,479,infection,799
29.04752183792941,511,99,79,311,0,0,0,479,recovery,280
29.059352187507002,511,98,80,311,0,0,0,479,infectious,38
29.089649339575686,510,99,80,311,0,0,0,480,infection,727
29.107101089586788,510,99,79,312,0,0,0,480,recovery,677
29.128995092362356,509,100,79,312,0,0,0,481,infection,859
29.13343023668781,509,100,78,313,0,0,0,481,recovery,630
29.13883814009018,509,99,79,313,0,0,0,481,infectious,798
29.149476108915678,509,99,78,314,0,0,0,481,recovery,502
29.152569063022863,508,100,78,314,0,0,0,482,infection,335
29.163261839851362,508,99,79,314,0,0,0,482,infectious,182
29.1934861391207,508,98,80,314,0,0,0,482,infectious,352
29.24208538039604,508,98,79,315,0,0,0,482,recovery,543
29.265629773222038,508,97,80,315,0,0,0,482,infectious,428
29.265637772842638,508,96,81,315,0,0,0,482,infectious,305
29.28767222358667,508,95,82,315,0,0,0,482,infectious,566
29.30692992467181,508,94,83,315,0,0,0,482,infectious,824
29.306937996349113,508,94,82,316,0,0,0,482,recovery,838
29.312822536687875,508,94,81,317,0,0,0,482,recovery,549
29.32043474970663,508,94,80,318,0,0,0,482,recovery,748
29.327657613488253,507,95,80,318,0,0,0,483,infection,60
29.356068080940716,507,95,79,319,0,0,0,483,recovery,615
29.359728388970723,507,95,78,320,0,0,0,483,recovery,533
29.396053544046463,507,95,77,321,0,0,0,483,recovery,965
29.423258366715864,507,94,78,321,0,0,0,483,infectious,720
29.429602989526476,507,94,77,322,0,0,0,483,recovery,32
29.43367781583578,507,93,78,322,0,0,0,483,infectious,402
29.464398039078777,507,92,79,322,0,0,0,483,infectious,975
29.47639800123262,507,91,80,322,0,0,0,483,infectious,225
29.492619247356238,506,92,80,322,0,0,0,484,infection,749
29.499923906347718,506,91,81,322,0,0,0,484,infectious,337
29.509412332444555,506,91,80,323,0,0,0,484,recovery,848
29.524754134044592,506,91,79,324,0,0,0,484,recovery,188
29.52554726522205,506,90,80,324,0,0,0,484,infectious,60
29.544779806181506,505,91,80,324,0,0,0,485,infection,880
29.546909339135485,505,90,81,324,0,0,0,485,infectious,506
29.558987053681115,504,91,81,324,0,0,0,486,infection,616
29.58918189871849,503,92,81,324,0,0,0,487,infection,258
29.60348678035696,502,93,81,324,0,0,0,488,infection,49
29.615432794379412,502,93,80,325,0,0,0,488,recovery,640
29.616830614056017,502,93,79,326,0,0,0,488,recovery,958
29.619878565912913,502,93,78,327,0,0,0,488,recovery,780
29.64682587199099,502,92,79,327,0,0,0,488,infectious,980
29.656762043620304,502,91,80,327,0,0,0,488,infectious,947
29.691742238717453,502,90,81,327,0,0,0,488,infectious,406
29.694345434848238,502,90,80,328,0,0,0,488,recovery,166
29.731982275153065,501,91,80,328,0,0,0,489,infection,350
29.742255129026415,501,91,79,329,0,0,0,489,recovery,182
29.74801445994781,501,91,78,330,0,0,0,489,recovery,922
29.77372675552978,501,91,77,331,0,0,0,489,recovery,897
29.817178355911956,501,91,76,332,0,0,0,489,recovery,69
29.870608028315623,500,92,76,332,0,0,0,490,infection,87
29.87148183996904,499,93,76,332,0,0,0,491,infection,579
29.875322762201378,498,94,76,332,0,0,0,492,infection,530
29.908165485457733,497,95,76,332,0,0,0,493,infection,661
29.928811951401844,497,94,77,332,0,0,0,493,infectious,419
29.93501120308195,497,94,76,333,0,0,0,493,recovery,493
29.938190134124117,497,94,75,334,0,0,0,493,recovery,225
29.9391657784932,497,94,74,335,0,0,0,493,recovery,720
29.94491668010405,497,93,75,335,0,0,0,493,infectious,450
29.990407670538207,497,92,76,335,0,0,0,493,infectious,92
30.00244116780012,497,92,75,336,0,0,0,493,recovery,980
30.005885022121774,497,91,76,336,0,0,0,493,infectious,914
30.02506083159752,497,91,75,337,0,0,0,493,recovery,419
30.025233528489416,496,92,75,337,0,0,0,494,infection,345
30.047959576955044,496,91,76,337,0,0,0,494,infectious,727
30.084428260041946,495,92,76,337,0,0,0,495,infection,456
30.149865587033798,494,93,76,337,0,0,0,496,infection,349
30.175188748031665,494,93,75,338,0,0,0,496,recovery,425
30.180829378572767,493,94,75,338,0,0,0,497,infection,410
30.182911135137825,493,93,76,338,0,0,0,497,infectious,437
30.18344877206008,493,92,77,338,0,0,0,497,infectious,723
30.221998802257065,493,91,78,338,0,0,0,497,infectious,735
30.24552126438975,493,90,79,338,0,0,0,497,infectious,806
30.25553682447026,492,91,79,338,0,0,0,498,infection,499
30.285259692417796,491,92,79,338,0,0,0,499,infection,722
30.28773075838804,491,91,80,338,0,0,0,499,infectious,783
30.296924012903236,491,91,79,339,0,0,0,499,recovery,824
30.31671423855474,491,90,80,339,0,0,0,499,infectious,473
30.3255516053029,491,89,81,339,0,0,0,499,infectious,231
30.32805406231103,491,89,80,340,0,0,0,499,recovery,251
30.332844354649676,490,90,80,340,0,0,0,500,infection,116
30.3398235110548,489,91,80,340,0,0,0,501,infection,152
30.34834258569959,489,90,81,340,0,0,0,501,infectious,414
30.36761424151281,488,91,81,340,0,0,0,502,infection,179
30.38172455826472,488,91,80,341,0,0,0,502,recovery,81
30.382583930078173,487,92,80,341,0,0,0,503,infection,344
30.3878830340534,486,93,80,341,0,0,0,504,infection,457
30.39204046813993,486,93,79,342,0,0,0,504,recovery,820
30.420349968097216,486,92,80,342,0,0,0,504,infectious,319
30.424668958328454,485,93,80,342,0,0,0,505,infection,312
30.434296711347795,485,92,81,342,0,0,0,505,infectious,616
30.440135584567834,485,91,82,342,0,0,0,505,infectious,898
30.440743177593554,484,92,82,342,0,0,0,506,infection,954
30.452138623280554,484,92,81,343,0,0,0,506,recovery,297
30.490843071022486,484,91,82,343,0,0,0,506,infectious,163
30.520639233773476,484,91,81,344,0,0,0,506,recovery,806
30.54447144139712,484,91,80,345,0,0,0,506,recovery,31
30.554406251314028,483,92,80,345,0,0,0,507,infection,873
30.561608788902348,482,93,80,345,0,0,0,508,infection,522
30.59128719712275,481,94,80,345,0,0,0,509,infection,332
30.618522740751338,480,95,80,345,0,0,0,510,infection,718
30.63813072979285,480,95,79,346,0,0,0,510,recovery,371
30.702978640482677,480,94,80,346,0,0,0,510,infectious,350
30.70352732542064,479,95,80,346,0,0,0,511,infection,590
30.713367812150924,478,96,80,346,0,0,0,512,infection,355
30.72030294255049,478,95,81,346,0,0,0,512,infectious,224
30.72811727048498,478,94,82,346,0,0,0,512,infectious,107
30.75054698418831,478,93,83,346,0,0,0,512,infectious,522
30.763867744381617,477,94,83,346,0,0,0,513,infection,863
30.767467577385094,476,95,83,346,0,0,0,514,infection,865
30.796822494613508,476,95,82,347,0,0,0,514,recovery,253
30.809485484844743,476,95,81,348,0,0,0,514,recovery,516
30.837262128582616,476,95,80,349,0,0,0,514,recovery,796
30.860745882411724,476,95,79,350,0,0,0,514,recovery,337
30.860750248244415,476,94,80,350,0,0,0,514,infectious,152
30.86116550697178,476,93,81,350,0,0,0,514,infectious,912
30.864353140114847,476,92,82,350,0,0,0,514,infectious,718
30.869240207569554,475,93,82,350,0,0,0,515,infection,314
30.89246698958101,475,92,83,350,0,0,0,515,infectious,854
30.899821616368747,474,93,83,350,0,0,0,516,infection,774
30.90885421670815,474,93,82,351,0,0,0,516,recovery,582
30.921014956884857,473,94,82,351,0,0,0,517,infection,125
30.922558201663037,472,95,82,351,0,0,0,518,infection,804
30.934902705581525,472,95,81,352,0,0,0,518,recovery,202
30.95606877752984,472,95,80,353,0,0,0,518,recovery,248
30.956254482949465,472,95,79,354,0,0,0,518,recovery,757
30.99204416080962,471,96,79,354,0,0,0,519,infection,669
31.002014981237572,471,96,78,355,0,0,0,519,recovery,350
31.02518133120184,470,97,78,355,0,0,0,520,infection,430
31.028730181101878,470,96,79,355,0,0,0,520,infectious,480
31.073719634964657,470,96,78,356,0,0,0,520,recovery,675
31.121133012685895,470,95,79,356,0,0,0,520,infectious,49
31.135272665405026,470,94,80,356,0,0,0,520,infectious,494
31.135965687823333,470,93,81,356,0,0,0,520,infectious,398
31.154113129036755,469,94,81,356,0,0,0,521,infection,46
31.16642461689948,469,93,82,356,0,0,0,521,infectious,934
31.186745944186033,468,94,82,356,0,0,0,522,infection,203
31.187710366505918,468,94,81,357,0,0,0,522,recovery,428
31.204254675559095,468,94,80,358,0,0,0,522,recovery,224
31.224756665242218,468,94,79,359,0,0,0,522,recovery,663
31.230826399171118,467,95,79,359,0,0,0,523,infection,540
31.234480472330947,467,95,78,360,0,0,0,523,recovery,107
31.25049807261763,467,94,79,360,0,0,0,523,infectious,699
31.251909896716928,467,93,80,360,0,0,0,523,infectious,176
31.26463876014829,467,92,81,360,0,0,0,523,infectious,540
31.279675642610854,466,93,81,360,0,0,0,524,infection,169
31.280577280198056,466,92,82,360,0,0,0,524,infectious,873
31.289584791983437,465,93,82,360,0,0,0,525,infection,736
31.290080033584598,465,93,81,361,0,0,0,525,recovery,241
31.31456028841468,465,93,80,362,0,0,0,525,recovery,735
31.32063262209957,465,93,79,363,0,0,0,525,recovery,152
31.322859779152097,465,92,80,363,0,0,0,525,infectious,525
31.339212268667115,465,91,81,363,0,0,0,525,infectious,523
31.35295661569336,465,90,82,363,0,0,0,525,infectious,116
31.373654065443862,465,90,81,364,0,0,0,525,recovery,727
31.409033567407004,464,91,81,364,0,0,0,526,infection,907
31.434926301130204,464,91,80,365,0,0,0,526,recovery,229
31.44696743351154,464,90,81,365,0,0,0,526,infectious,344
31.45896386160533,464,90,80,366,0,0,0,526,recovery,402
31.501600337551455,464,90,79,367,0,0,0,526,recovery,344
31.508241132004,464,89,80,367,0,0,0,526,infectious,865
31.51070362856865,464,88,81,367,0,0,0,526,infectious,863
31.532104948143772,464,88,80,368,0,0,0,526,recovery,898
31.536447356838824,464,88,79,369,0,0,0,526,recovery,934
31.59486054069747,464,87,80,369,0,0,0,526,infectious,204
31.604399073233008,464,87,79,370,0,0,0,526,recovery,949
31.650630159165498,464,86,80,370,0,0,0,526,infectious,774
31.661066873922593,464,85,81,370,0,0,0,526,infectious,768
31.696488737765996,464,84,82,370,0,0,0,526,infectious,140
31.696973168009823,464,84,81,371,0,0,0,526,recovery,38
31.72045651457299,463,85,81,371,0,0,0,527,infection,518
31.737698598466398,462,86,81,371,0,0,0,528,infection,864
31.783516126229525,462,85,82,371,0,0,0,528,infectious,46
31.808647341125273,461,86,82,371,0,0,0,529,infection,868
31.837593638190803,461,86,81,372,0,0,0,529,recovery,854
31.84464348569373,461,85,82,372,0,0,0,529,infectious,959
31.849443395924133,461,84,83,372,0,0,0,529,infectious,96
31.87669016799767,461,83,84,372,0,0,0,529,infectious,499
31.877921900955997,460,84,84,372,0,0,0,530,infection,338
31.924802611426838,460,84,83,373,0,0,0,530,recovery,858
31.981372989949286,459,85,83,373,0,0,0,531,infection,794
31.983040640306704,458,86,83,373,0,0,0,532,infection,747
32.00910999886675,458,85,84,373,0,0,0,532,infectious,332
32.04841705508915,458,84,85,373,0,0,0,532,infectious,338
32.08456704172749,458,83,86,373,0,0,0,532,infectious,258
32.09249532356779,458,83,85,374,0,0,0,532,recovery,534
32.11687306466958,458,83,84,375,0,0,0,532,recovery,616
32.18848244769203,458,83,83,376,0,0,0,532,recovery,212
32.20265772260911,457,84,83,376,0,0,0,533,infection,384
32.23531010294337,457,83,84,376,0,0,0,533,infectious,747
32.24378876574649,457,83,83,377,0,0,0,533,recovery,777
32.25581396079728,456,84,83,377,0,0,0,534,infection,710
32.26508500005476,456,83,84,377,0,0,0,534,infectious,270
32.2671844538067,455,84,84,377,0,0,0,535,infection,726
32.26896748391476,455,83,85,377,0,0,0,535,infectious,799
32.31783909127172,455,83,84,378,0,0,0,535,recovery,963
32.33294674449425,455,83,83,379,0,0,0,535,recovery,352
32.33696073666703,455,82,84,379,0,0,0,535,infectious,169
32.3453743902624,455,81,85,379,0,0,0,535,infectious,530
32.3561467594897,455,81,84,380,0,0,0,535,recovery,863
32.37248712182595,454,82,84,380,0,0,0,536,infection,953
32.37280094614121,453,83,84,380,0,0,0,537,infection,707
32.37530330299067,453,83,83,381,0,0,0,537,recovery,439
32.39101680075098,452,84,83,381,0,0,0,538,infection,79
32.407394088738116,452,83,84,381,0,0,0,538,infectious,349
32.41677350838324,451,84,84,381,0,0,0,539,infection,407
32.4341783694069,451,83,85,381,0,0,0,539,infectious,722
32.435318221697926,450,84,85,381,0,0,0,540,infection,878
32.471776885678906,449,85,85,381,0,0,0,541,infection,362
32.48374341594131,449,85,84,382,0,0,0,541,recovery,722
32.48578041517063,449,84,85,382,0,0,0,541,infectious,203
32.50000861764358,449,83,86,382,0,0,0,541,infectious,335
32.50112896870479,448,84,86,382,0,0,0,542,infection,357
32.50118717716438,448,84,85,383,0,0,0,542,recovery,60
32.538386154985474,448,84,84,384,0,0,0,542,recovery,156
32.54245395708659,448,84,83,385,0,0,0,542,recovery,319
32.552194993388,448,83,84,385,0,0,0,542,infectious,87
32.557687825174426,448,83,83,386,0,0,0,542,recovery,938
32.55844207244851,447,84,83,386,0,0,0,543,infection,784
32.56920097801133,446,85,83,386,0,0,0,544,infection,837
32.57462803132468,445,86,83,386,0,0,0,545,infection,207
32.5800811472,445,85,84,386,0,0,0,545,infectious,710
32.59441993629471,445,85,83,387,0,0,0,545,recovery,335
32.59508884777622,445,84,84,387,0,0,0,545,infectious,758
32.60113691674445,445,83,85,387,0,0,0,545,infectious,784
32.60838435978002,445,83,84,388,0,0,0,545,recovery,46
32.630473541884946,445,82,85,388,0,0,0,545,infectious,141
32.66917590820819,445,82,84,389,0,0,0,545,recovery,34
32.67802166101571,445,82,83,390,0,0,0,545,recovery,163
32.67808220097146,445,82,82,391,0,0,0,545,recovery,530
32.68661337281625,445,82,81,392,0,0,0,545,recovery,799
32.693443969950316,444,83,81,392,0,0,0,546,infection,382
32.70871550385924,443,84,81,392,0,0,0,547,infection,862
32.733903434854206,442,85,81,392,0,0,0,548,infection,611
32.739183407164,442,85,80,393,0,0,0,548,recovery,525
32.75987121740927,442,84,81,393,0,0,0,548,infectious,431
32.77360661756523,441,85,81,393,0,0,0,549,infection,917
32.802830173037144,441,85,80,394,0,0,0,549,recovery,244
32.82078767761483,441,84,81,394,0,0,0,549,infectious,286
32.871865429866006,441,83,82,394,0,0,0,549,infectious,53
32.87922758469617,440,84,82,394,0,0,0,550,infection,672
32.89175777663213,440,84,81,395,0,0,0,550,recovery,783
32.90809466042251,439,85,81,395,0,0,0,551,infection,495
32.94180157819941,439,84,82,395,0,0,0,551,infectious,41
32.94464050029184,439,84,81,396,0,0,0,551,recovery,522
32.94831195517773,439,83,82,396,0,0,0,551,infectious,661
32.9575689247398,439,83,81,397,0,0,0,551,recovery,758
32.968774135789985,438,84,81,397,0,0,0,552,infection,607
32.979390063297025,438,83,82,397,0,0,0,552,infectious,868
32.99785897907698,437,84,82,397,0,0,0,553,infection,529
32.99959292164389,437,83,83,397,0,0,0,553,infectious,862
32.99985118295949,437,83,82,398,0,0,0,553,recovery,87
33.00514442591833,436,84,82,398,0,0,0,554,infection,313
33.00911837496966,436,83,83,398,0,0,0,554,infectious,355
33.03035474809788,435,84,83,398,0,0,0,555,infection,72
33.05102576522791,434,85,83,398,0,0,0,556,infection,769
33.059829681677364,434,85,82,399,0,0,0,556,recovery,784
33.06947522349152,434,84,83,399,0,0,0,556,infectious,669
33.0881108621165,434,84,82,400,0,0,0,556,recovery,816
33.10953777090701,434,84,81,401,0,0,0,556,recovery,822
33.1143295305673,434,84,80,402,0,0,0,556,recovery,710
33.11546475919615,433,85,80,402,0,0,0,557,infection,832
33.128169667432395,433,85,79,403,0,0,0,557,recovery,699
33.129722343489476,433,84,80,403,0,0,0,557,infectious,129
33.16282848504611,432,85,80,403,0,0,0,558,infection,434
33.18063678592399,432,84,81,403,0,0,0,558,infectious,23
33.19452849270093,431,85,81,403,0,0,0,559,infection,15
33.200987183770046,431,85,80,404,0,0,0,559,recovery,315
33.215882222293246,431,85,79,405,0,0,0,559,recovery,709
33.24120899475921,431,84,80,405,0,0,0,559,infectious,880
33.253062283160645,430,85,80,405,0,0,0,560,infection,238
33.27965301234302,429,86,80,405,0,0,0,561,infection,57
33.32698722403571,429,86,79,406,0,0,0,561,recovery,398
33.33967550421694,429,85,80,406,0,0,0,561,infectious,989
33.34624562161665,428,86,80,406,0,0,0,562,infection,274
33.35186193698446,428,85,81,406,0,0,0,562,infectious,211
33.360125327409335,427,86,81,406,0,0,0,563,infection,142
33.371469652457705,427,86,80,407,0,0,0,563,recovery,947
33.3983125232684,426,87,80,407,0,0,0,564,infection,731
33.453223810407216,425,88,80,407,0,0,0,565,infection,131
33.4744036528104,424,89,80,407,0,0,0,566,infection,689
33.48033160944713,424,89,79,408,0,0,0,566,recovery,774
33.487230290507206,424,89,78,409,0,0,0,566,recovery,101
33.52350353109463,424,89,77,410,0,0,0,566,recovery,480
33.524346260679486,424,88,78,410,0,0,0,566,infectious,57
33.52721413950877,423,89,78,410,0,0,0,567,infection,682
33.5360056065826,423,88,79,410,0,0,0,567,infectious,611
33.56122789653155,422,89,79,410,0,0,0,568,infection,261
33.59347843945254,422,88,80,410,0,0,0,568,infectious,687
33.62026215075237,421,89,80,410,0,0,0,569,infection,105
33.62654704797962,421,88,81,410,0,0,0,569,infectious,434
33.64545426651433,421,87,82,410,0,0,0,569,infectious,407
33.67791100121939,421,86,83,410,0,0,0,569,infectious,726
33.678465682173034,421,86,82,411,0,0,0,569,recovery,989
33.697357610856685,421,86,81,412,0,0,0,569,recovery,540
33.70338543675937,421,85,82,412,0,0,0,569,infectious,672
33.73587986596103,421,85,81,413,0,0,0,569,recovery,177
33.743272500667864,421,84,82,413,0,0,0,569,infectious,736
33.76791424508797,421,83,83,413,0,0,0,569,infectious,112
33.800510123489914,420,84,83,413,0,0,0,570,infection,764
33.80265652815556,420,83,84,413,0,0,0,570,infectious,941
33.817888224928915,419,84,84,413,0,0,0,571,infection,899
33.86548817556104,419,84,83,414,0,0,0,571,recovery,473
33.86635938935831,419,84,82,415,0,0,0,571,recovery,332
33.88019448026647,419,83,83,415,0,0,0,571,infectious,942
33.922547856431514,419,82,84,415,0,0,0,571,infectious,376
33.94354932012734,419,82,83,416,0,0,0,571,recovery,736
33.95527235710803,418,83,83,416,0,0,0,572,infection,544
33.95948235972146,418,83,82,417,0,0,0,572,recovery,770
33.97019158774193,418,82,83,417,0,0,0,572,infectious,907
33.97741942398951,417,83,83,417,0,0,0,573,infection,652
33.995842973592225,416,84,83,417,0,0,0,574,infection,729
34.015082264078615,415,85,83,417,0,0,0,575,infection,121
34.023329368386214,415,84,84,417,0,0,0,575,infectious,216
34.04186071479427,415,84,83,418,0,0,0,575,recovery,440
34.05514157380103,415,84,82,419,0,0,0,575,recovery,687
34.094479333924234,414,85,82,419,0,0,0,576,infection,194
34.10547809106958,414,85,81,420,0,0,0,576,recovery,959
34.11061038190301,414,85,80,421,0,0,0,576,recovery,669
34.11670489935553,414,85,79,422,0,0,0,576,recovery,23
34.12400220542113,413,86,79,422,0,0,0,577,infection,771
34.132484486067845,413,86,78,423,0,0,0,577,recovery,140
34.143353319233015,413,86,77,424,0,0,0,577,recovery,270
34.14510288823091,413,85,78,424,0,0,0,577,infectious,378
34.18058682388589,413,85,77,425,0,0,0,577,recovery,873
34.18712665967425,413,84,78,425,0,0,0,577,infectious,485
34.22186165235033,412,85,78,425,0,0,0,578,infection,883
34.26512948414602,412,84,79,425,0,0,0,578,infectious,314
34.272936576342836,412,83,80,425,0,0,0,578,infectious,457
34.293823287742114,412,83,79,426,0,0,0,578,recovery,431
34.326810693885754,412,82,80,426,0,0,0,578,infectious,950
34.346024811517836,411,83,80,426,0,0,0,579,infection,249
34.34975601843434,411,82,81,426,0,0,0,579,infectious,599
34.34978766125641,411,82,80,427,0,0,0,579,recovery,41
34.354591319304504,411,82,79,428,0,0,0,579,recovery,862
34.355582104894665,411,81,80,428,0,0,0,579,infectious,847
34.36633383569064,411,81,79,429,0,0,0,579,recovery,494
34.37949153421671,411,81,78,430,0,0,0,579,recovery,437
34.46175206783951,411,80,79,430,0,0,0,579,infectious,79
34.479033447688074,411,79,80,430,0,0,0,579,infectious,518
34.503176603140055,411,79,79,431,0,0,0,579,recovery,880
34.50828842817944,411,78,80,431,0,0,0,579,infectious,249
34.56057090343689,411,77,81,431,0,0,0,579,infectious,382
34.57753576403998,411,77,80,432,0,0,0,579,recovery,258
34.581371443912666,411,77,79,433,0,0,0,579,recovery,457
34.584062323174905,410,78,79,433,0,0,0,580,infection,802
34.61084169707027,410,78,78,434,0,0,0,580,recovery,942
34.64049066275025,410,78,77,435,0,0,0,580,recovery,203
34.656908116088246,409,79,77,435,0,0,0,581,infection,826
34.65937150622281,409,79,76,436,0,0,0,581,recovery,176
34.66040780158033,409,78,77,436,0,0,0,581,infectious,456
34.66076707234926,409,78,76,437,0,0,0,581,recovery,611
34.67399345966628,408,79,76,437,0,0,0,582,infection,632
34.67584440833934,408,78,77,437,0,0,0,582,infectious,652
34.694047933646694,408,78,76,438,0,0,0,582,recovery,378
34.73346125272178,408,78,75,439,0,0,0,582,recovery,638
34.749506058515436,408,78,74,440,0,0,0,582,recovery,167
34.77664733649348,408,77,75,440,0,0,0,582,infectious,954
34.783348725674934,408,77,74,441,0,0,0,582,recovery,652
34.783902052734504,408,77,73,442,0,0,0,582,recovery,449
34.81616427031542,408,76,74,442,0,0,0,582,infectious,804
34.81992802507553,407,77,74,442,0,0,0,583,infection,956
34.821705814343595,406,78,74,442,0,0,0,584,infection,621
34.830142528024126,406,77,75,442,0,0,0,584,infectious,357
34.85508039938974,405,78,75,442,0,0,0,585,infection,634
34.86964702101544,404,79,75,442,0,0,0,586,infection,624
34.87210060099564,404,79,74,443,0,0,0,586,recovery,49
34.922402235302584,404,78,75,443,0,0,0,586,infectious,415
34.95824810610723,404,77,76,443,0,0,0,586,infectious,261
34.96082698000431,404,77,75,444,0,0,0,586,recovery,195
34.972759862318945,404,76,76,444,0,0,0,586,infectious,529
34.98021766110052,404,76,75,445,0,0,0,586,recovery,633
34.98934890501543,404,75,76,445,0,0,0,586,infectious,72
35.00807568213103,403,76,76,445,0,0,0,587,infection,43
35.01438912180358,402,77,76,445,0,0,0,588,infection,215
35.016541819651465,402,77,75,446,0,0,0,588,recovery,450
35.052338022794906,401,78,75,446,0,0,0,589,infection,375
35.07056204844935,401,77,76,446,0,0,0,589,infectious,618
35.10014447772968,401,77,75,447,0,0,0,589,recovery,529
35.12008310286891,401,76,76,447,0,0,0,589,infectious,215
35.168476085260444,401,76,75,448,0,0,0,589,recovery,804
35.20472321800953,401,75,76,448,0,0,0,589,infectious,981
35.213551716860756,401,75,75,449,0,0,0,589,recovery,868
35.233603105491866,400,76,75,449,0,0,0,590,infection,979
35.24685622406158,400,75,76,449,0,0,0,590,infectious,956
35.258926100065814,400,74,77,449,0,0,0,590,infectious,121
35.266626383418064,400,73,78,449,0,0,0,590,infectious,238
35.325796784504455,399,74,78,449,0,0,0,591,infection,990
35.42800740459342,399,73,79,449,0,0,0,591,infectious,968
35.43422015315103,399,72,80,449,0,0,0,591,infectious,979
35.450912519037104,399,72,79,450,0,0,0,591,recovery,976
35.45223959946813,399,72,78,451,0,0,0,591,recovery,286
35.46823196525612,399,72,77,452,0,0,0,591,recovery,165
35.49612691242936,399,71,78,452,0,0,0,591,infectious,579
35.555777922488225,399,70,79,452,0,0,0,591,infectious,39
35.555828944868004,398,71,79,452,0,0,0,592,infection,713
35.5923625162968,398,71,78,453,0,0,0,592,recovery,506
35.61408853358188,398,70,79,453,0,0,0,592,infectious,384
35.644154546393366,397,71,79,453,0,0,0,593,infection,711
35.66214323078186,397,70,80,453,0,0,0,593,infectious,194
35.66606971599749,397,70,79,454,0,0,0,593,recovery,485
35.713779966093334,396,71,79,454,0,0,0,594,infection,348
35.73494956784903,395,72,79,454,0,0,0,595,infection,761
35.7472969226825,394,73,79,454,0,0,0,596,infection,264
35.77698180070408,394,72,80,454,0,0,0,596,infectious,272
35.79957343035337,394,71,81,454,0,0,0,596,infectious,312
35.82706290497396,394,70,82,454,0,0,0,596,infectious,264
35.87010218454486,394,70,81,455,0,0,0,596,recovery,112
35.907919788344216,394,69,82,455,0,0,0,596,infectious,105
35.911519143360984,394,68,83,455,0,0,0,596,infectious,621
35.91586629791957,394,68,82,456,0,0,0,596,recovery,143
35.9254417153519,393,69,82,456,0,0,0,597,infection,433
35.92937522432854,393,69,81,457,0,0,0,597,recovery,72
35.9583570924488,392,70,81,457,0,0,0,598,infection,459
35.96337508591018,392,70,80,458,0,0,0,598,recovery,105
35.978156698638855,392,69,81,458,0,0,0,598,infectious,390
35.98063353854972,392,69,80,459,0,0,0,598,recovery,215
35.984047156937834,392,69,79,460,0,0,0,598,recovery,913
35.99220455595336,391,70,79,460,0,0,0,599,infection,714
35.99549906715809,391,69,80,460,0,0,0,599,infectious,235
36.05569712408628,391,68,81,460,0,0,0,599,infectious,761
36.05679408066024,391,68,80,461,0,0,0,599,recovery,865
36.060872176329575,391,68,79,462,0,0,0,599,recovery,847
36.06466230520061,391,68,78,463,0,0,0,599,recovery,235
36.07782908676174,391,67,79,463,0,0,0,599,infectious,899
36.12026144782006,391,67,78,464,0,0,0,599,recovery,129
36.125899152894654,391,67,77,465,0,0,0,599,recovery,92
36.126681906188736,391,66,78,465,0,0,0,599,infectious,840
36.144316651558135,391,66,77,466,0,0,0,599,recovery,349
36.1455309993598,391,65,78,466,0,0,0,599,infectious,88
36.201163590030475,390,66,78,466,0,0,0,600,infection,93
36.25490685594395,389,67,78,466,0,0,0,601,infection,906
36.287877648015694,388,68,78,466,0,0,0,602,infection,4
36.293200020504095,387,69,78,466,0,0,0,603,infection,217
36.3003043827756,387,68,79,466,0,0,0,603,infectious,731
36.30913394853786,387,68,78,467,0,0,0,603,recovery,79
36.317574061691296,387,68,77,468,0,0,0,603,recovery,579
36.32392729335443,386,69,77,468,0,0,0,604,infection,353
36.35523939906202,385,70,77,468,0,0,0,605,infection,586
36.41752776219012,384,71,77,468,0,0,0,606,infection,256
36.44687165746833,383,72,77,468,0,0,0,607,infection,678
36.45805111832039,383,72,76,469,0,0,0,607,recovery,661
36.45807102274848,383,71,77,469,0,0,0,607,infectious,179
36.4611817702697,383,70,78,469,0,0,0,607,infectious,43
36.47091201477652,383,69,79,469,0,0,0,607,infectious,362
36.49689615056154,382,70,79,469,0,0,0,608,infection,10
36.52194155865082,382,70,78,470,0,0,0,608,recovery,114
36.52680233944969,381,71,78,470,0,0,0,609,infection,623
36.537641482308345,380,72,78,470,0,0,0,610,infection,122
36.547854962420686,379,73,78,470,0,0,0,611,infection,484
36.55181643959193,379,73,77,471,0,0,0,611,recovery,407
36.553627008657195,378,74,77,471,0,0,0,612,infection,851
36.56675986827977,378,74,76,472,0,0,0,612,recovery,261
36.56855806147372,378,73,77,472,0,0,0,612,infectious,459
36.5767301212921,378,73,76,473,0,0,0,612,recovery,406
36.57829161352612,378,73,75,474,0,0,0,612,recovery,216
36.603365094915496,378,73,74,475,0,0,0,612,recovery,373
36.61623134767779,378,72,75,475,0,0,0,612,infectious,839
36.63048509919714,378,72,74,476,0,0,0,612,recovery,456
36.64450219249467,378,72,73,477,0,0,0,612,recovery,312
36.6726871684121,378,71,74,477,0,0,0,612,infectious,714
36.68981318205947,378,70,75,477,0,0,0,612,infectious,514
36.69826445538399,377,71,75,477,0,0,0,613,infection,725
36.74872876286691,377,71,74,478,0,0,0,613,recovery,362
36.794151604896264,376,72,74,478,0,0,0,614,infection,3
36.80109963318674,376,71,75,478,0,0,0,614,infectious,590
36.825586195635815,376,70,76,478,0,0,0,614,infectious,765
36.846453074329034,376,69,77,478,0,0,0,614,infectious,713
36.85345365328454,376,68,78,478,0,0,0,614,infectious,883
36.872348319810236,376,67,79,478,0,0,0,614,infectious,623
36.910198357714194,376,66,80,478,0,0,0,614,infectious,544
36.91508778177714,376,66,79,479,0,0,0,614,recovery,853
36.926903052245926,376,66,78,480,0,0,0,614,recovery,57
36.93075606397039,376,66,77,481,0,0,0,614,recovery,415
36.932414338490666,376,65,78,481,0,0,0,614,infectious,682
36.985069232982816,376,65,77,482,0,0,0,614,recovery,825
37.00734808202464,376,64,78,482,0,0,0,614,infectious,906
37.0132534899711,376,64,77,483,0,0,0,614,recovery,231
37.03294135669221,375,65,77,483,0,0,0,615,infection,400
37.05123638476958,374,66,77,483,0,0,0,616,infection,263
37.051977624210416,374,65,78,483,0,0,0,616,infectious,749
37.052192396679516,374,65,77,484,0,0,0,616,recovery,518
37.075350291022886,373,66,77,484,0,0,0,617,infection,210
37.096933796335456,373,66,76,485,0,0,0,617,recovery,566
37.097703947247524,373,65,77,485,0,0,0,617,infectious,410
37.10955395341455,373,64,78,485,0,0,0,617,infectious,837
37.12472047904711,372,65,78,485,0,0,0,618,infection,157
37.12599849451061,371,66,78,485,0,0,0,619,infection,365
37.16631162213106,371,66,77,486,0,0,0,619,recovery,924
37.18007942942004,371,66,76,487,0,0,0,619,recovery,599
37.21677548505898,370,67,76,487,0,0,0,620,infection,608
37.22491205750733,370,66,77,487,0,0,0,620,infectious,157
37.22862838907594,370,65,78,487,0,0,0,620,infectious,207
37.230703779385,370,65,77,488,0,0,0,620,recovery,238
37.233409991325736,370,64,78,488,0,0,0,620,infectious,375
37.24163910227522,369,65,78,488,0,0,0,621,infection,598
37.25802184969171,368,66,78,488,0,0,0,622,infection,389
37.29400891873437,367,67,78,488,0,0,0,623,infection,243
37.32404737000365,367,67,77,489,0,0,0,623,recovery,390
37.36405426107322,367,66,78,489,0,0,0,623,infectious,10
37.389072925744166,367,66,77,490,0,0,0,623,recovery,892
37.463385508033795,366,67,77,490,0,0,0,624,infection,537
37.46346085478433,366,66,78,490,0,0,0,624,infectious,495
37.47699561752277,365,67,78,490,0,0,0,625,infection,620
37.47830450748547,365,67,77,491,0,0,0,625,recovery,956
37.48824817355364,364,68,77,491,0,0,0,626,infection,294
37.494197141232135,364,68,76,492,0,0,0,626,recovery,302
37.52563112188078,364,67,77,492,0,0,0,626,infectious,491
37.530751672176415,364,66,78,492,0,0,0,626,infectious,771
37.545951049564295,363,67,78,492,0,0,0,627,infection,11
37.57240041581312,363,67,77,493,0,0,0,627,recovery,567
37.600445162215024,363,66,78,493,0,0,0,627,infectious,711
37.61967671808197,363,66,77,494,0,0,0,627,recovery,384
37.62387397968846,363,65,78,494,0,0,0,627,infectious,608
37.63925833893312,363,64,79,494,0,0,0,627,infectious,607
37.66336706090878,363,63,80,494,0,0,0,627,infectious,93
37.67040449184561,362,64,80,494,0,0,0,628,infection,741
37.731217724317034,362,63,81,494,0,0,0,628,infectious,389
37.73703685184914,362,63,80,495,0,0,0,628,recovery,121
37.755935158248626,362,63,79,496,0,0,0,628,recovery,912
37.779577685007965,361,64,79,496,0,0,0,629,infection,154
37.782538644706705,361,63,80,496,0,0,0,629,infectious,365
37.78487462015767,361,62,81,496,0,0,0,629,infectious,741
37.79336078528194,360,63,81,496,0,0,0,630,infection,812
37.8556846597165,360,63,80,497,0,0,0,630,recovery,376
37.858086487556385,360,63,79,498,0,0,0,630,recovery,141
37.86447024664734,360,62,80,498,0,0,0,630,infectious,878
37.87356846014573,360,61,81,498,0,0,0,630,infectious,430
37.87427365550268,360,61,80,499,0,0,0,630,recovery,979
37.87547644020766,359,62,80,499,0,0,0,631,infection,254
37.89781021747673,359,61,81,499,0,0,0,631,infectious,577
37.97199875527108,359,61,80,500,0,0,0,631,recovery,88
37.994105214855644,359,61,79,501,0,0,0,631,recovery,116
38.031286604069244,359,60,80,501,0,0,0,631,infectious,15
38.036863214590454,359,60,79,502,0,0,0,631,recovery,975
38.07051321151482,359,60,78,503,0,0,0,631,recovery,623
38.073523611218015,358,61,78,503,0,0,0,632,infection,706
38.11093512626957,357,62,78,503,0,0,0,633,infection,762
38.11153608897796,357,62,77,504,0,0,0,633,recovery,607
38.120612057785344,357,62,76,505,0,0,0,633,recovery,765
38.14942972887215,357,62,75,506,0,0,0,633,recovery,621
38.154949602479725,356,63,75,506,0,0,0,634,infection,397
38.15896034694392,356,63,74,507,0,0,0,634,recovery,544
38.231272033407215,356,62,75,507,0,0,0,634,infectious,433
38.23959595563038,356,61,76,507,0,0,0,634,infectious,689
38.24145929555442,356,61,75,508,0,0,0,634,recovery,523
38.27089337266308,356,61,74,509,0,0,0,634,recovery,950
38.30497067432077,356,61,73,510,0,0,0,634,recovery,514
38.315410379537894,356,61,72,511,0,0,0,634,recovery,682
38.35889133593034,355,62,72,511,0,0,0,635,infection,893
38.3711837806255,354,63,72,511,0,0,0,636,infection,134
38.39564049440383,354,63,71,512,0,0,0,636,recovery,768
38.43787838823414,354,62,72,512,0,0,0,636,infectious,537
38.45049761814003,354,62,71,513,0,0,0,636,recovery,771
38.465469928207895,353,63,71,513,0,0,0,637,infection,301
38.46662759476256,353,62,72,513,0,0,0,637,infectious,634
38.474139380744774,352,63,72,513,0,0,0,638,infection,47
38.488163651144816,352,63,71,514,0,0,0,638,recovery,761
38.48915383773257,352,63,70,515,0,0,0,638,recovery,672
38.50603422809509,351,64,70,515,0,0,0,639,infection,542
38.574171625383514,351,63,71,515,0,0,0,639,infectious,764
38.57861272818021,350,64,71,515,0,0,0,640,infection,461
38.599525427281215,350,63,72,515,0,0,0,640,infectious,809
38.60096255939166,350,63,71,516,0,0,0,640,recovery,954
38.61071814561104,350,62,72,516,0,0,0,640,infectious,917
38.61532263340018,350,61,73,516,0,0,0,640,infectious,438
38.64627051511736,349,62,73,516,0,0,0,641,infection,78
38.65528393032029,349,61,74,516,0,0,0,641,infectious,678
38.66427873705531,349,60,75,516,0,0,0,641,infectious,142
38.68969344008518,349,60,74,517,0,0,0,641,recovery,316
38.69825976460484,349,60,73,518,0,0,0,641,recovery,249
38.7149352564067,349,59,74,518,0,0,0,641,infectious,3
38.79413697898243,349,59,73,519,0,0,0,641,recovery,183
38.81634060236843,349,59,72,520,0,0,0,641,recovery,608
38.847704641609624,349,59,71,521,0,0,0,641,recovery,798
38.84948644015814,349,59,70,522,0,0,0,641,recovery,17
38.852641497172996,348,60,70,522,0,0,0,642,infection,818
38.85581898878688,348,59,71,522,0,0,0,642,infectious,990
38.86746161091347,348,58,72,522,0,0,0,642,infectious,620
38.87897779280804,348,57,73,522,0,0,0,642,infectious,4
38.88580186192584,348,57,72,523,0,0,0,642,recovery,338
38.97594451334436,348,56,73,523,0,0,0,642,infectious,210
38.97811267055906,348,55,74,523,0,0,0,642,infectious,294
39.0061610150398,347,56,74,523,0,0,0,643,infection,160
39.02467408410855,346,57,74,523,0,0,0,644,infection,610
39.0497197702346,346,57,73,524,0,0,0,644,recovery,970
39.05191512908292,346,56,74,524,0,0,0,644,infectious,134
39.05334290343434,346,56,73,525,0,0,0,644,recovery,840
39.058847260599265,346,55,74,525,0,0,0,644,infectious,542
39.078570423500686,345,56,74,525,0,0,0,645,infection,442
39.081404761984274,345,55,75,525,0,0,0,645,infectious,812
39.08918136983737,345,55,74,526,0,0,0,645,recovery,169
39.136138505299044,344,56,74,526,0,0,0,646,infection,570
39.13698666601936,344,56,73,527,0,0,0,646,recovery,272
39.142764580341215,344,55,74,527,0,0,0,646,infectious,851
39.16744880289817,343,56,74,527,0,0,0,647,infection,98
39.19755770673567,343,56,73,528,0,0,0,647,recovery,495
39.210215818530614,343,56,72,529,0,0,0,647,recovery,878
39.21597900549678,342,57,72,529,0,0,0,648,infection,801
39.25521628254786,341,58,72,529,0,0,0,649,infection,331
39.27317603394787,341,57,73,529,0,0,0,649,infectious,154
39.30283820369029,341,57,72,530,0,0,0,649,recovery,4
39.316149442042004,341,56,73,530,0,0,0,649,infectious,890
39.361878839178175,340,57,73,530,0,0,0,650,infection,946
39.370072912167835,339,58,73,530,0,0,0,651,infection,68
39.39133634199333,339,57,74,530,0,0,0,651,infectious,217
39.42795567043199,339,57,73,531,0,0,0,651,recovery,764
39.43265296828036,339,56,74,531,0,0,0,651,infectious,864
39.450676724476864,339,56,73,532,0,0,0,651,recovery,15
39.459538719840765,339,56,72,533,0,0,0,651,recovery,864
39.46834293301872,339,56,71,534,0,0,0,651,recovery,217
39.474652852685914,338,57,71,534,0,0,0,652,infection,559
39.488660673462014,338,57,70,535,0,0,0,652,recovery,812
39.51543187349174,338,57,69,536,0,0,0,652,recovery,726
39.520062272568744,338,56,70,536,0,0,0,652,infectious,442
39.527729349728354,338,55,71,536,0,0,0,652,infectious,802
39.550200641525116,337,56,71,536,0,0,0,653,infection,95
39.61535213874634,337,56,70,537,0,0,0,653,recovery,723
39.65426495234003,337,56,69,538,0,0,0,653,recovery,414
39.659462011506335,336,57,69,538,0,0,0,654,infection,814
39.692943971309795,336,57,68,539,0,0,0,654,recovery,434
39.71350417962279,336,57,67,540,0,0,0,654,recovery,430
39.71876359988289,336,57,66,541,0,0,0,654,recovery,634
39.79216295438249,335,58,66,541,0,0,0,655,infection,326
39.80672569018701,335,58,65,542,0,0,0,655,recovery,389
39.82236896399449,335,57,66,542,0,0,0,655,infectious,47
39.83812159962096,335,57,65,543,0,0,0,655,recovery,410
39.91785470407109,335,56,66,543,0,0,0,655,infectious,348
39.92379137760835,335,56,65,544,0,0,0,655,recovery,294
39.959203683455954,335,55,66,544,0,0,0,655,infectious,21
39.97121853651698,335,55,65,545,0,0,0,655,recovery,747
40.0,335,55,65,545,0,0,0,655,horizon,0
