t,S,E,I,R,births,deaths,vaccinated,infections,event,person
0.0,990,0,10,0,0,0,0,0,initial,0
0.023744458226847655,990,0,9,1,0,0,0,0,recovery,994
0.045886221540686556,990,0,8,2,0,0,0,0,recovery,995
0.19606098509953407,989,1,8,2,0,0,0,1,infection,406
0.2700786899841113,988,2,8,2,0,0,0,2,infection,612
1.0983159786018615,987,3,8,2,0,0,0,3,infection,835
1.147045373498684,986,4,8,2,0,0,0,4,infection,219
1.2316657311014405,986,4,7,3,0,0,0,4,recovery,991
1.7051783489243426,985,5,7,3,0,0,0,5,infection,270
1.9412974591523477,984,6,7,3,0,0,0,6,infection,528
1.9685407687910126,983,7,7,3,0,0,0,7,infection,120
2.0122528163876185,982,8,7,3,0,0,0,8,infection,135
2.035331511231232,981,9,7,3,0,0,0,9,infection,664
2.114447247372273,981,8,8,3,0,0,0,9,infectious,664
2.2257495349273846,980,9,8,3,0,0,0,10,infection,63
2.2406154942216223,980,8,9,3,0,0,0,10,infectious,120
2.2703078387860827,979,9,9,3,0,0,0,11,infection,365
2.4011523444415213,978,10,9,3,0,0,0,12,infection,331
2.41790872696023,978,10,8,4,0,0,0,12,recovery,999
2.6174095651240057,978,9,9,4,0,0,0,12,infectious,63
2.6679005223006502,978,8,10,4,0,0,0,12,infectious,331
2.6886239550069435,977,9,10,4,0,0,0,13,infection,814
2.7567682896456587,977,8,11,4,0,0,0,13,infectious,135
2.8796489320628456,976,9,11,4,0,0,0,14,infection,419
2.8894719769291455,975,10,11,4,0,0,0,15,infection,700
2.9244741272138968,974,11,11,4,0,0,0,16,infection,723
2.980945292409284,974,10,12,4,0,0,0,16,infectious,270
3.093477570557907,974,9,13,4,0,0,0,16,infectious,419
3.1179781586828454,974,9,12,5,0,0,0,16,recovery,993
3.2078844422786688,974,8,13,5,0,0,0,16,infectious,219
3.331589098667274,973,9,13,5,0,0,0,17,infection,272
3.4028940156001513,972,10,13,5,0,0,0,18,infection,228
3.4222971023973936,972,10,12,6,0,0,0,18,recovery,219
3.6083157940560087,972,10,11,7,0,0,0,18,recovery,120
3.6967214027380404,972,10,10,8,0,0,0,18,recovery,270
3.825460466898554,971,11,10,8,0,0,0,19,infection,227
3.8874703116308433,971,11,9,9,0,0,0,19,recovery,997
3.8945656287953634,971,10,10,9,0,0,0,19,infectious,528
3.90162333631218,971,9,11,9,0,0,0,19,infectious,700
3.9498291882715995,971,8,12,9,0,0,0,19,infectious,272
4.0379568707773394,971,7,13,9,0,0,0,19,infectious,612
4.058829506658288,971,6,14,9,0,0,0,19,infectious,814
4.222658730056243,971,6,13,10,0,0,0,19,recovery,63
4.329277392650769,970,7,13,10,0,0,0,20,infection,75
4.346248319208211,969,8,13,10,0,0,0,21,infection,697
4.870647946719608,969,7,14,10,0,0,0,21,infectious,697
4.9512662838972545,969,7,13,11,0,0,0,21,recovery,697
5.053084023539478,969,6,14,11,0,0,0,21,infectious,406
5.353350370050132,969,6,13,12,0,0,0,21,recovery,700
5.376109498359843,969,6,12,13,0,0,0,21,recovery,996
5.458179505535413,968,7,12,13,0,0,0,22,infection,15
5.4672143391364845,967,8,12,13,0,0,0,23,infection,526
5.519609430781047,967,8,11,14,0,0,0,23,recovery,331
5.537680790903321,967,8,10,15,0,0,0,23,recovery,406
5.584644228558017,967,8,9,16,0,0,0,23,recovery,992
5.609976524432658,967,7,10,16,0,0,0,23,infectious,227
5.706717114958461,967,6,11,16,0,0,0,23,infectious,365
5.734318864736169,966,7,11,16,0,0,0,24,infection,422
6.134998524512596,966,6,12,16,0,0,0,24,infectious,835
6.194193847211229,965,7,12,16,0,0,0,25,infection,699
6.244314246708482,964,8,12,16,0,0,0,26,infection,874
6.436357561767775,963,9,12,16,0,0,0,27,infection,819
6.437455213634167,963,8,13,16,0,0,0,27,infectious,422
6.4742350665257336,962,9,13,16,0,0,0,28,infection,510
6.510623301595996,961,10,13,16,0,0,0,29,infection,678
6.592155235852559,960,11,13,16,0,0,0,30,infection,276
6.723756414695204,959,12,13,16,0,0,0,31,infection,265
6.7521965354732725,958,13,13,16,0,0,0,32,infection,416
6.829341777484143,958,12,14,16,0,0,0,32,infectious,416
6.838465027381063,957,13,14,16,0,0,0,33,infection,290
6.841865145793966,957,13,13,17,0,0,0,33,recovery,272
6.94878349477862,956,14,13,17,0,0,0,34,infection,235
6.983268325261444,955,15,13,17,0,0,0,35,infection,568
6.990297569262447,954,16,13,17,0,0,0,36,infection,83
7.008558571655764,954,15,14,17,0,0,0,36,infectious,15
7.068984352256203,954,14,15,17,0,0,0,36,infectious,526
7.075708041153074,954,13,16,17,0,0,0,36,infectious,276
7.08597248230242,954,12,17,17,0,0,0,36,infectious,265
7.099723668222018,954,11,18,17,0,0,0,36,infectious,819
7.124935895484206,954,11,17,18,0,0,0,36,recovery,526
7.12859538956616,954,10,18,18,0,0,0,36,infectious,228
7.191722424557411,954,10,17,19,0,0,0,36,recovery,15
7.592998085599099,953,11,17,19,0,0,0,37,infection,683
7.6260756901569895,953,10,18,19,0,0,0,37,infectious,510
7.6658897955249605,953,9,19,19,0,0,0,37,infectious,699
7.67164977959883,953,9,18,20,0,0,0,37,recovery,814
7.679753073251715,953,8,19,20,0,0,0,37,infectious,290
7.7503720959681015,953,7,20,20,0,0,0,37,infectious,75
7.836844913364663,953,6,21,20,0,0,0,37,infectious,235
7.878608563077448,953,6,20,21,0,0,0,37,recovery,416
8.042447786918505,952,7,20,21,0,0,0,38,infection,191
8.048091986021907,951,8,20,21,0,0,0,39,infection,753
8.049464274691184,951,8,19,22,0,0,0,39,recovery,276
8.129623431137281,951,8,18,23,0,0,0,39,recovery,227
8.140302864071746,951,7,19,23,0,0,0,39,infectious,191
8.143107738379975,951,6,20,23,0,0,0,39,infectious,83
8.186449341031922,950,7,20,23,0,0,0,40,infection,754
8.267786115906596,950,7,19,24,0,0,0,40,recovery,235
8.340525892514536,950,7,18,25,0,0,0,40,recovery,510
8.441092912819553,950,7,17,26,0,0,0,40,recovery,699
8.450337085987337,950,6,18,26,0,0,0,40,infectious,723
8.533714603666963,949,7,18,26,0,0,0,41,infection,977
8.580130682857506,949,7,17,27,0,0,0,41,recovery,365
8.771123791980799,948,8,17,27,0,0,0,42,infection,102
8.794777703841454,948,7,18,27,0,0,0,42,infectious,102
8.960581427343987,947,8,18,27,0,0,0,43,infection,917
8.967952569160332,947,8,17,28,0,0,0,43,recovery,419
9.00219572317458,946,9,17,28,0,0,0,44,infection,417
9.027888298527914,945,10,17,28,0,0,0,45,infection,534
9.066431263535655,945,10,16,29,0,0,0,45,recovery,664
9.124828072771765,945,9,17,29,0,0,0,45,infectious,683
9.161940322689844,945,8,18,29,0,0,0,45,infectious,874
9.166785210324285,944,9,18,29,0,0,0,46,infection,914
9.190234739304062,944,8,19,29,0,0,0,46,infectious,753
9.19944326692132,943,9,19,29,0,0,0,47,infection,547
9.251073744631693,943,9,18,30,0,0,0,47,recovery,528
9.38788392530514,943,8,19,30,0,0,0,47,infectious,417
9.524539509445848,943,7,20,30,0,0,0,47,infectious,754
9.607767531984294,942,8,20,30,0,0,0,48,infection,233
9.640354033004675,942,8,19,31,0,0,0,48,recovery,102
9.723246354338796,941,9,19,31,0,0,0,49,infection,777
9.735507369106024,941,8,20,31,0,0,0,49,infectious,678
9.76622878493701,941,7,21,31,0,0,0,49,infectious,233
9.801712138581868,941,7,20,32,0,0,0,49,recovery,233
9.87093758556634,941,7,19,33,0,0,0,49,recovery,678
9.944068304463944,940,8,19,33,0,0,0,50,infection,340
10.0064595386894,940,7,20,33,0,0,0,50,infectious,547
10.052293997395404,940,7,19,34,0,0,0,50,recovery,422
10.115425808778678,940,7,18,35,0,0,0,50,recovery,75
10.139588395811323,940,7,17,36,0,0,0,50,recovery,191
10.162668852247993,939,8,17,36,0,0,0,51,infection,620
10.321611511031845,939,8,16,37,0,0,0,51,recovery,753
10.37642542905932,938,9,16,37,0,0,0,52,infection,297
10.57007784897338,938,9,15,38,0,0,0,52,recovery,83
10.59850327702858,938,9,14,39,0,0,0,52,recovery,835
10.634607368588984,937,10,14,39,0,0,0,53,infection,413
10.666985960867727,936,11,14,39,0,0,0,54,infection,129
10.672296649338087,935,12,14,39,0,0,0,55,infection,216
10.779710196554849,934,13,14,39,0,0,0,56,infection,540
10.822150269767882,934,12,15,39,0,0,0,56,infectious,620
10.832365333227902,933,13,15,39,0,0,0,57,infection,104
10.847773178593313,933,13,14,40,0,0,0,57,recovery,290
10.87504036223521,933,12,15,40,0,0,0,57,infectious,216
10.92347022088345,933,11,16,40,0,0,0,57,infectious,104
10.9383781001342,932,12,16,40,0,0,0,58,infection,736
10.955240416530327,932,11,17,40,0,0,0,58,infectious,736
10.997640081965331,931,12,17,40,0,0,0,59,infection,281
11.048975516986081,930,13,17,40,0,0,0,60,infection,567
11.04955544082042,930,12,18,40,0,0,0,60,infectious,413
11.063792087275225,929,13,18,40,0,0,0,61,infection,679
11.102787871902503,928,14,18,40,0,0,0,62,infection,213
11.22972693156356,927,15,18,40,0,0,0,63,infection,990
11.272465555222189,926,16,18,40,0,0,0,64,infection,948
11.46255831817544,925,17,18,40,0,0,0,65,infection,698
11.481611013436261,924,18,18,40,0,0,0,66,infection,143
11.502938777570902,924,18,17,41,0,0,0,66,recovery,104
11.510230280559432,924,18,16,42,0,0,0,66,recovery,1000
11.54193957776506,924,17,17,42,0,0,0,66,infectious,917
11.733429013281105,923,18,17,42,0,0,0,67,infection,256
11.752180898167662,922,19,17,42,0,0,0,68,infection,593
11.788365911961451,922,19,16,43,0,0,0,68,recovery,228
11.835550178389486,921,20,16,43,0,0,0,69,infection,789
11.856069451427803,920,21,16,43,0,0,0,70,infection,268
11.906701246304895,919,22,16,43,0,0,0,71,infection,144
11.92056675551979,919,21,17,43,0,0,0,71,infectious,789
11.97204344161971,919,20,18,43,0,0,0,71,infectious,948
11.986566972287395,919,19,19,43,0,0,0,71,infectious,977
12.016894279586671,918,20,19,43,0,0,0,72,infection,397
12.024125518663766,918,19,20,43,0,0,0,72,infectious,297
12.03977697099693,918,18,21,43,0,0,0,72,infectious,593
12.105641450560052,918,18,20,44,0,0,0,72,recovery,593
12.239372582857873,918,18,19,45,0,0,0,72,recovery,620
12.326246168453753,918,17,20,45,0,0,0,72,infectious,914
12.330958753774896,918,16,21,45,0,0,0,72,infectious,281
12.38326325853785,918,16,20,46,0,0,0,72,recovery,736
12.451465926663976,917,17,20,46,0,0,0,73,infection,29
12.478042817359198,916,18,20,46,0,0,0,74,infection,597
12.510019004279323,915,19,20,46,0,0,0,75,infection,171
12.526131327463284,915,18,21,46,0,0,0,75,infectious,171
12.562137030169676,915,17,22,46,0,0,0,75,infectious,534
12.569198948330458,914,18,22,46,0,0,0,76,infection,218
12.575327773381131,914,18,21,47,0,0,0,76,recovery,917
12.592091660507528,914,18,20,48,0,0,0,76,recovery,683
12.622327549359632,914,18,19,49,0,0,0,76,recovery,977
12.936260866323959,913,19,19,49,0,0,0,77,infection,27
12.989012350010546,913,18,20,49,0,0,0,77,infectious,27
12.991146113472388,913,17,21,49,0,0,0,77,infectious,268
12.996588424457439,912,18,21,49,0,0,0,78,infection,649
13.021601901599322,912,18,20,50,0,0,0,78,recovery,171
13.048007014625453,912,18,19,51,0,0,0,78,recovery,297
13.056660275383159,912,18,18,52,0,0,0,78,recovery,534
13.151583291652734,911,19,18,52,0,0,0,79,infection,170
13.162858302483588,911,18,19,52,0,0,0,79,infectious,698
13.3221769228696,910,19,19,52,0,0,0,80,infection,515
13.405244909404567,910,18,20,52,0,0,0,80,infectious,218
13.408182295311759,910,18,19,53,0,0,0,80,recovery,914
13.455427283327257,910,17,20,53,0,0,0,80,infectious,567
13.484141947654347,909,18,20,53,0,0,0,81,infection,979
13.517555978617683,908,19,20,53,0,0,0,82,infection,358
13.530734093367832,907,20,20,53,0,0,0,83,infection,179
13.589536966657112,906,21,20,53,0,0,0,84,infection,182
13.58980462168253,906,20,21,53,0,0,0,84,infectious,182
13.750542572297759,906,20,20,54,0,0,0,84,recovery,567
13.875264711066512,905,21,20,54,0,0,0,85,infection,641
13.911055911289695,905,20,21,54,0,0,0,85,infectious,144
13.928719967266757,905,19,22,54,0,0,0,85,infectious,129
14.028463919492488,905,18,23,54,0,0,0,85,infectious,29
14.084834467948273,905,18,22,55,0,0,0,85,recovery,135
14.096413420002891,904,19,22,55,0,0,0,86,infection,675
14.160770492514711,903,20,22,55,0,0,0,87,infection,409
14.225965046159159,902,21,22,55,0,0,0,88,infection,145
14.291475536646695,902,21,21,56,0,0,0,88,recovery,27
14.32632821582889,902,21,20,57,0,0,0,88,recovery,218
14.437977679253088,901,22,20,57,0,0,0,89,infection,380
14.49414375273254,900,23,20,57,0,0,0,90,infection,659
14.50448709532581,899,24,20,57,0,0,0,91,infection,717
14.548430414925587,899,23,21,57,0,0,0,91,infectious,358
14.635453088612842,899,22,22,57,0,0,0,91,infectious,990
14.743720423963708,899,21,23,57,0,0,0,91,infectious,143
14.774411786956891,898,22,23,57,0,0,0,92,infection,92
14.788325462077392,897,23,23,57,0,0,0,93,infection,816
14.82800411020324,897,22,24,57,0,0,0,93,infectious,679
14.8553745248885,897,21,25,57,0,0,0,93,infectious,649
14.867155642864438,897,20,26,57,0,0,0,93,infectious,397
14.936134445622383,896,21,26,57,0,0,0,94,infection,295
14.940818970902573,896,20,27,57,0,0,0,94,infectious,568
14.98407779424064,896,20,26,58,0,0,0,94,recovery,547
15.000694240897632,896,20,25,59,0,0,0,94,recovery,612
15.011511692727073,895,21,25,59,0,0,0,95,infection,313
15.04220606211153,895,21,24,60,0,0,0,95,recovery,144
15.067455676966247,895,20,25,60,0,0,0,95,infectious,170
15.083832854767628,894,21,25,60,0,0,0,96,infection,382
15.124213864729356,893,22,25,60,0,0,0,97,infection,189
15.148952049665217,893,21,26,60,0,0,0,97,infectious,979
15.20299001969894,892,22,26,60,0,0,0,98,infection,810
15.258401109750453,892,21,27,60,0,0,0,98,infectious,340
15.26437748475715,891,22,27,60,0,0,0,99,infection,532
15.33622195965977,890,23,27,60,0,0,0,100,infection,499
15.389908728243718,889,24,27,60,0,0,0,101,infection,673
15.445628577416622,889,23,28,60,0,0,0,101,infectious,380
15.485824755830757,889,22,29,60,0,0,0,101,infectious,499
15.556864298949339,889,21,30,60,0,0,0,101,infectious,92
15.558916426335704,889,20,31,60,0,0,0,101,infectious,540
15.59030343902045,888,21,31,60,0,0,0,102,infection,841
15.61111398419801,887,22,31,60,0,0,0,103,infection,242
15.631383815317099,887,21,32,60,0,0,0,103,infectious,532
15.71908851741122,887,20,33,60,0,0,0,103,infectious,313
15.73108229476245,887,20,32,61,0,0,0,103,recovery,268
15.826538273486566,887,20,31,62,0,0,0,103,recovery,649
15.844904977782646,886,21,31,62,0,0,0,104,infection,133
15.853614568344897,886,21,30,63,0,0,0,104,recovery,789
15.910320291952432,885,22,30,63,0,0,0,105,infection,571
15.943043386662504,885,21,31,63,0,0,0,105,infectious,382
15.944604848840294,885,20,32,63,0,0,0,105,infectious,597
15.977118211308687,884,21,32,63,0,0,0,106,infection,407
15.99480138647017,884,21,31,64,0,0,0,106,recovery,129
16.007649129637727,884,20,32,64,0,0,0,106,infectious,571
16.060116328658754,883,21,32,64,0,0,0,107,infection,209
16.077941165446372,882,22,32,64,0,0,0,108,infection,503
16.12485608561462,881,23,32,64,0,0,0,109,infection,580
16.14880178392698,880,24,32,64,0,0,0,110,infection,69
16.164294951816824,880,23,33,64,0,0,0,110,infectious,242
16.174861939543817,879,24,33,64,0,0,0,111,infection,872
16.21714493363677,879,24,32,65,0,0,0,111,recovery,540
16.2835184395209,878,25,32,65,0,0,0,112,infection,205
16.2866533849456,877,26,32,65,0,0,0,113,infection,184
16.326060580102084,877,25,33,65,0,0,0,113,infectious,295
16.340423663260033,877,24,34,65,0,0,0,113,infectious,145
16.352862324911225,877,24,33,66,0,0,0,113,recovery,679
16.44856802574389,876,25,33,66,0,0,0,114,infection,349
16.471001814306852,875,26,33,66,0,0,0,115,infection,722
16.482931632012274,875,26,32,67,0,0,0,115,recovery,532
16.51709988732689,874,27,32,67,0,0,0,116,infection,855
16.538307712488486,874,27,31,68,0,0,0,116,recovery,143
16.598484224372942,874,26,32,68,0,0,0,116,infectious,409
16.662244980940166,874,26,31,69,0,0,0,116,recovery,417
16.702443706997478,873,27,31,69,0,0,0,117,infection,682
16.760980075318287,872,28,31,69,0,0,0,118,infection,66
16.78041065338246,872,28,30,70,0,0,0,118,recovery,754
16.785630411520255,871,29,30,70,0,0,0,119,infection,640
16.832751118943047,871,29,29,71,0,0,0,119,recovery,409
16.871148043826704,871,28,30,71,0,0,0,119,infectious,580
16.910387608279358,871,27,31,71,0,0,0,119,infectious,69
16.913559710289523,871,26,32,71,0,0,0,119,infectious,641
16.934096192775236,871,25,33,71,0,0,0,119,infectious,777
16.947949671675953,871,24,34,71,0,0,0,119,infectious,810
16.956234972946728,871,23,35,71,0,0,0,119,infectious,515
16.96969531548103,870,24,35,71,0,0,0,120,infection,949
16.982349640760585,869,25,35,71,0,0,0,121,infection,550
17.053023908351808,869,24,36,71,0,0,0,121,infectious,256
17.067069885743877,869,23,37,71,0,0,0,121,infectious,407
17.072527523528223,868,24,37,71,0,0,0,122,infection,430
17.082983412092926,868,24,36,72,0,0,0,122,recovery,990
17.084429269525316,867,25,36,72,0,0,0,123,infection,601
17.087518339505927,867,24,37,72,0,0,0,123,infectious,349
17.11324218456808,866,25,37,72,0,0,0,124,infection,35
17.120200617028175,866,24,38,72,0,0,0,124,infectious,503
17.15444521954297,865,25,38,72,0,0,0,125,infection,630
17.177629205124116,864,26,38,72,0,0,0,126,infection,377
17.18483910931417,864,26,37,73,0,0,0,126,recovery,698
17.197099671086363,863,27,37,73,0,0,0,127,infection,241
17.224993930662052,863,27,36,74,0,0,0,127,recovery,145
17.23153624565844,863,26,37,74,0,0,0,127,infectious,377
17.26786685138384,863,25,38,74,0,0,0,127,infectious,682
17.302816565438153,863,25,37,75,0,0,0,127,recovery,216
17.373144267184557,862,26,37,75,0,0,0,128,infection,555
17.404790103057426,862,25,38,75,0,0,0,128,infectious,66
17.41472191509921,862,25,37,76,0,0,0,128,recovery,407
17.437641156380213,861,26,37,76,0,0,0,129,infection,562
17.44239789460444,860,27,37,76,0,0,0,130,infection,214
17.452460917707644,860,26,38,76,0,0,0,130,infectious,209
17.499313089611213,859,27,38,76,0,0,0,131,infection,108
17.510629251165664,858,28,38,76,0,0,0,132,infection,947
17.524350750321737,858,27,39,76,0,0,0,132,infectious,816
17.563871168633767,858,26,40,76,0,0,0,132,infectious,189
17.59499695347856,858,25,41,76,0,0,0,132,infectious,630
17.60674269715145,857,26,41,76,0,0,0,133,infection,866
17.621755002237332,857,25,42,76,0,0,0,133,infectious,866
17.647110014386993,857,25,41,77,0,0,0,133,recovery,189
17.64896217907551,857,24,42,77,0,0,0,133,infectious,133
17.70205197142848,857,23,43,77,0,0,0,133,infectious,601
17.713477465921798,857,23,42,78,0,0,0,133,recovery,92
17.741024224219966,857,23,41,79,0,0,0,133,recovery,66
17.751127656472512,856,24,41,79,0,0,0,134,infection,827
17.79248997187634,856,23,42,79,0,0,0,134,infectious,241
17.79871655366241,856,23,41,80,0,0,0,134,recovery,182
17.806213819588645,855,24,41,80,0,0,0,135,infection,895
17.837352047310144,854,25,41,80,0,0,0,136,infection,161
17.84913043658843,853,26,41,80,0,0,0,137,infection,889
17.85943480264953,853,26,40,81,0,0,0,137,recovery,810
17.865845442636154,853,25,41,81,0,0,0,137,infectious,949
17.87626779778335,853,24,42,81,0,0,0,137,infectious,108
17.878371496886086,853,23,43,81,0,0,0,137,infectious,827
17.89687363424379,853,22,44,81,0,0,0,137,infectious,214
17.912456459216802,853,21,45,81,0,0,0,137,infectious,675
17.959357384536382,853,20,46,81,0,0,0,137,infectious,722
18.00818007003049,853,20,45,82,0,0,0,137,recovery,108
18.12050294237084,852,21,45,82,0,0,0,138,infection,428
18.18262642896774,851,22,45,82,0,0,0,139,infection,220
18.280579743660283,851,22,44,83,0,0,0,139,recovery,340
18.309360736187525,850,23,44,83,0,0,0,140,infection,106
18.392038421165477,849,24,44,83,0,0,0,141,infection,933
18.418522145816272,849,23,45,83,0,0,0,141,infectious,933
18.447323438406773,849,22,46,83,0,0,0,141,infectious,550
18.459588881968717,849,21,47,83,0,0,0,141,infectious,640
18.50724815881574,849,20,48,83,0,0,0,141,infectious,872
18.513501655287936,849,19,49,83,0,0,0,141,infectious,673
18.536236239042573,848,20,49,83,0,0,0,142,infection,610
18.657821761112384,848,19,50,83,0,0,0,142,infectious,841
18.665734863268575,847,20,50,83,0,0,0,143,infection,642
18.67749129766768,846,21,50,83,0,0,0,144,infection,110
18.69091345973312,846,20,51,83,0,0,0,144,infectious,110
18.713004737441736,846,20,50,84,0,0,0,144,recovery,499
18.725526717937477,846,20,49,85,0,0,0,144,recovery,241
18.747906919773833,845,21,49,85,0,0,0,145,infection,87
18.766979333738,845,21,48,86,0,0,0,145,recovery,998
18.77647372763466,844,22,48,86,0,0,0,146,infection,784
18.776561375609027,843,23,48,86,0,0,0,147,infection,654
18.810840033001423,842,24,48,86,0,0,0,148,infection,578
18.931509654161367,841,25,48,86,0,0,0,149,infection,797
18.953163576880154,840,26,48,86,0,0,0,150,infection,22
18.98934197688731,840,25,49,86,0,0,0,150,infectious,578
19.01184674120512,839,26,49,86,0,0,0,151,infection,652
19.021188595453214,838,27,49,86,0,0,0,152,infection,90
19.042691933157407,837,28,49,86,0,0,0,153,infection,794
19.069321035270004,837,28,48,87,0,0,0,153,recovery,601
19.08705700899587,837,28,47,88,0,0,0,153,recovery,256
19.088258762594457,836,29,47,88,0,0,0,154,infection,919
19.091298218203132,835,30,47,88,0,0,0,155,infection,431
19.091906699563385,834,31,47,88,0,0,0,156,infection,605
19.16453430094236,833,32,47,88,0,0,0,157,infection,238
19.168789036301316,832,33,47,88,0,0,0,158,infection,573
19.225046172283786,832,33,46,89,0,0,0,158,recovery,673
19.235301065633568,832,32,47,89,0,0,0,158,infectious,784
19.255405072995842,832,31,48,89,0,0,0,158,infectious,431
19.265660092342827,831,32,48,89,0,0,0,159,infection,604
19.276690347967005,831,32,47,90,0,0,0,159,recovery,295
19.281251015965832,831,31,48,90,0,0,0,159,infectious,87
19.30710976605618,831,31,47,91,0,0,0,159,recovery,641
19.311728916419494,831,30,48,91,0,0,0,159,infectious,428
19.347079764781785,831,30,47,92,0,0,0,159,recovery,675
19.38082232685392,831,29,48,92,0,0,0,159,infectious,889
19.388800917462998,831,28,49,92,0,0,0,159,infectious,238
19.392091583854405,831,27,50,92,0,0,0,159,infectious,90
19.421588926625564,831,26,51,92,0,0,0,159,infectious,659
19.48707780242545,831,25,52,92,0,0,0,159,infectious,161
19.537378379347324,830,26,52,92,0,0,0,160,infection,19
19.55399328577802,829,27,52,92,0,0,0,161,infection,581
19.55510676183852,829,26,53,92,0,0,0,161,infectious,717
19.582115334403436,828,27,53,92,0,0,0,162,infection,561
19.604762639118142,828,26,54,92,0,0,0,162,infectious,213
19.622570525699416,827,27,54,92,0,0,0,163,infection,41
19.64449852130381,826,28,54,92,0,0,0,164,infection,324
19.659173563906496,825,29,54,92,0,0,0,165,infection,364
19.65951705902552,825,28,55,92,0,0,0,165,infectious,324
19.702679855832464,824,29,55,92,0,0,0,166,infection,541
19.70324015631461,824,28,56,92,0,0,0,166,infectious,794
19.709803759410374,823,29,56,92,0,0,0,167,infection,124
19.742796314761303,823,28,57,92,0,0,0,167,infectious,124
19.746793326888007,822,29,57,92,0,0,0,168,infection,88
19.809695761623324,822,29,56,93,0,0,0,168,recovery,110
19.837005979044044,821,30,56,93,0,0,0,169,infection,481
19.85074534489476,821,30,55,94,0,0,0,169,recovery,515
19.882800405179104,820,31,55,94,0,0,0,170,infection,56
19.904903977263398,819,32,55,94,0,0,0,171,infection,666
19.917457574626226,819,31,56,94,0,0,0,171,infectious,19
19.9192868553168,819,31,55,95,0,0,0,171,recovery,571
19.933873622863228,818,32,55,95,0,0,0,172,infection,460
19.942741013233352,818,32,54,96,0,0,0,172,recovery,827
19.9490369037623,818,32,53,97,0,0,0,172,recovery,777
19.98151923283326,818,32,52,98,0,0,0,172,recovery,209
19.984390170631034,818,31,53,98,0,0,0,172,infectious,604
20.004857590606047,818,31,52,99,0,0,0,172,recovery,550
20.014892392324708,817,32,52,99,0,0,0,173,infection,45
20.028488024226593,816,33,52,99,0,0,0,174,infection,246
20.028517898484345,816,33,51,100,0,0,0,174,recovery,889
20.040320180066562,816,32,52,100,0,0,0,174,infectious,562
20.070865116498304,815,33,52,100,0,0,0,175,infection,596
20.079927877821135,815,33,51,101,0,0,0,175,recovery,349
20.090412937034213,815,32,52,101,0,0,0,175,infectious,35
20.108004569317348,815,31,53,101,0,0,0,175,infectious,947
20.129632168784607,814,32,53,101,0,0,0,176,infection,424
20.15128667990555,814,32,52,102,0,0,0,176,recovery,161
20.196672714755273,813,33,52,102,0,0,0,177,infection,716
20.216841013027942,812,34,52,102,0,0,0,178,infection,65
20.277840701391387,812,33,53,102,0,0,0,178,infectious,855
20.30271469229891,811,34,53,102,0,0,0,179,infection,584
20.307700790354513,811,33,54,102,0,0,0,179,infectious,364
20.317800130488124,811,33,53,103,0,0,0,179,recovery,682
20.342801330612524,811,33,52,104,0,0,0,179,recovery,87
20.367161294373116,811,32,53,104,0,0,0,179,infectious,561
20.374950223306318,811,31,54,104,0,0,0,179,infectious,919
20.39581687835265,811,30,55,104,0,0,0,179,infectious,642
20.406270651192028,810,31,55,104,0,0,0,180,infection,457
20.409612332948235,809,32,55,104,0,0,0,181,infection,587
20.43027630730932,808,33,55,104,0,0,0,182,infection,552
20.44760535789906,807,34,55,104,0,0,0,183,infection,273
20.510566999434744,807,33,56,104,0,0,0,183,infectious,246
20.609751836542767,806,34,56,104,0,0,0,184,infection,231
20.64071264553599,806,33,57,104,0,0,0,184,infectious,666
20.670792940091644,806,32,58,104,0,0,0,184,infectious,797
20.671422553645325,805,33,58,104,0,0,0,185,infection,292
20.67258466495471,805,32,59,104,0,0,0,185,infectious,88
20.74476510212208,805,31,60,104,0,0,0,185,infectious,45
20.755435695994485,805,30,61,104,0,0,0,185,infectious,292
20.77566934535841,804,31,61,104,0,0,0,186,infection,746
20.776900451829373,803,32,61,104,0,0,0,187,infection,738
20.78474543922483,803,31,62,104,0,0,0,187,infectious,457
20.8041190580124,803,30,63,104,0,0,0,187,infectious,273
20.830022972432303,803,30,62,105,0,0,0,187,recovery,723
20.854643102167977,803,30,61,106,0,0,0,187,recovery,170
20.86054099435712,802,31,61,106,0,0,0,188,infection,888
20.870680190732696,802,30,62,106,0,0,0,188,infectious,895
20.8773948090093,801,31,62,106,0,0,0,189,infection,695
20.901615164543013,801,31,61,107,0,0,0,189,recovery,324
20.909498378761583,800,32,61,107,0,0,0,190,infection,924
20.94834113043296,799,33,61,107,0,0,0,191,infection,957
20.95093526051597,799,33,60,108,0,0,0,191,recovery,933
21.047126313928956,799,32,61,108,0,0,0,191,infectious,924
21.073078058190493,798,33,61,108,0,0,0,192,infection,16
21.075031586981762,797,34,61,108,0,0,0,193,infection,670
21.089208540372095,796,35,61,108,0,0,0,194,infection,465
21.10421734210249,795,36,61,108,0,0,0,195,infection,572
21.11933643698822,795,35,62,108,0,0,0,195,infectious,746
21.126866912116,794,36,62,108,0,0,0,196,infection,755
21.141488957281958,794,35,63,108,0,0,0,196,infectious,465
21.1433087426466,793,36,63,108,0,0,0,197,infection,71
21.148163902464017,793,36,62,109,0,0,0,197,recovery,313
21.213151668618558,793,35,63,109,0,0,0,197,infectious,430
21.213853690080565,793,35,62,110,0,0,0,197,recovery,19
21.238609862900127,792,36,62,110,0,0,0,198,infection,951
21.23972539981624,791,37,62,110,0,0,0,199,infection,311
21.247020343170906,791,36,63,110,0,0,0,199,infectious,71
21.266085188206194,791,36,62,111,0,0,0,199,recovery,717
21.287762907805586,790,37,62,111,0,0,0,200,infection,125
21.319355401316738,789,38,62,111,0,0,0,201,infection,894
21.348463145385804,789,37,63,111,0,0,0,201,infectious,125
21.3630219922413,789,37,62,112,0,0,0,201,recovery,90
21.369285790624478,788,38,62,112,0,0,0,202,infection,787
21.37080934858367,788,37,63,112,0,0,0,202,infectious,738
21.409951778721805,788,37,62,113,0,0,0,202,recovery,380
21.464266894332116,788,36,63,113,0,0,0,202,infectious,552
21.483267698466882,788,35,64,113,0,0,0,202,infectious,41
21.48831798343105,787,36,64,113,0,0,0,203,infection,202
21.50336233163815,786,37,64,113,0,0,0,204,infection,121
21.521325581014807,786,37,63,114,0,0,0,204,recovery,124
21.526384891337074,785,38,63,114,0,0,0,205,infection,84
21.561164891934176,785,38,62,115,0,0,0,205,recovery,265
21.591501565752445,784,39,62,115,0,0,0,206,infection,398
21.62639859871293,784,39,61,116,0,0,0,206,recovery,214
21.631930886597864,783,40,61,116,0,0,0,207,infection,223
21.65595290209186,783,40,60,117,0,0,0,207,recovery,562
21.666999605513343,782,41,60,117,0,0,0,208,infection,373
21.700078164677503,782,41,59,118,0,0,0,208,recovery,659
21.7217332608955,782,40,60,118,0,0,0,208,infectious,481
21.727535821627633,782,39,61,118,0,0,0,208,infectious,179
21.731215955594507,782,39,60,119,0,0,0,208,recovery,874
21.73973328023695,781,40,60,119,0,0,0,209,infection,686
21.75370812493844,780,41,60,119,0,0,0,210,infection,873
21.783564795206722,780,40,61,119,0,0,0,210,infectious,670
21.78815449755139,779,41,61,119,0,0,0,211,infection,883
21.795485883365348,779,40,62,119,0,0,0,211,infectious,16
21.817176416555196,778,41,62,119,0,0,0,212,infection,307
21.864416364458137,778,41,61,120,0,0,0,212,recovery,670
21.867746608096994,778,40,62,120,0,0,0,212,infectious,555
21.916475707084654,778,40,61,121,0,0,0,212,recovery,35
21.9168160466529,778,40,60,122,0,0,0,212,recovery,738
21.922691679117104,777,41,60,122,0,0,0,213,infection,576
21.922995957854916,777,40,61,122,0,0,0,213,infectious,572
21.93101052443661,777,39,62,122,0,0,0,213,infectious,541
21.969661921595964,777,39,61,123,0,0,0,213,recovery,364
21.970892022581285,777,39,60,124,0,0,0,213,recovery,246
21.983929756367946,777,39,59,125,0,0,0,213,recovery,794
22.0027242432382,777,38,60,125,0,0,0,213,infectious,373
22.019882668669105,776,39,60,125,0,0,0,214,infection,155
22.062551159980046,776,38,61,125,0,0,0,214,infectious,695
22.067775453577724,776,37,62,125,0,0,0,214,infectious,584
22.113606923574523,776,37,61,126,0,0,0,214,recovery,397
22.117399696341423,776,36,62,126,0,0,0,214,infectious,231
22.141093564336895,776,36,61,127,0,0,0,214,recovery,561
22.17946154055591,776,35,62,127,0,0,0,214,infectious,56
22.207324398502994,775,36,62,127,0,0,0,215,infection,579
22.22258056542826,774,37,62,127,0,0,0,216,infection,634
22.23626535803514,774,36,63,127,0,0,0,216,infectious,652
22.249835521135104,774,36,62,128,0,0,0,216,recovery,428
22.257904206651926,773,37,62,128,0,0,0,217,infection,785
22.272536529545594,772,38,62,128,0,0,0,218,infection,518
22.289052098562642,772,37,63,128,0,0,0,218,infectious,605
22.315241244229473,772,36,64,128,0,0,0,218,infectious,155
22.3524055245818,772,35,65,128,0,0,0,218,infectious,220
22.36896918903782,772,34,66,128,0,0,0,218,infectious,202
22.392055249593195,771,35,66,128,0,0,0,219,infection,476
22.39210372755035,770,36,66,128,0,0,0,220,infection,643
22.401146222914566,769,37,66,128,0,0,0,221,infection,595
22.41550926445429,768,38,66,128,0,0,0,222,infection,140
22.421872353598655,767,39,66,128,0,0,0,223,infection,802
22.440720630310366,766,40,66,128,0,0,0,224,infection,776
22.459394707351933,766,40,65,129,0,0,0,224,recovery,919
22.46931162572012,766,39,66,129,0,0,0,224,infectious,755
22.469911594016114,766,39,65,130,0,0,0,224,recovery,866
22.48629882451036,765,40,65,130,0,0,0,225,infection,275
22.50321622535757,764,41,65,130,0,0,0,226,infection,651
22.519427336124128,763,42,65,130,0,0,0,227,infection,893
22.536653516153972,763,41,66,130,0,0,0,227,infectious,883
22.558344700146773,762,42,66,130,0,0,0,228,infection,972
22.566842784466235,762,42,65,131,0,0,0,228,recovery,642
22.570273309567938,761,43,65,131,0,0,0,229,infection,926
22.58031412696751,760,44,65,131,0,0,0,230,infection,611
22.58171310492898,759,45,65,131,0,0,0,231,infection,291
22.61130244433995,759,44,66,131,0,0,0,231,infectious,776
22.618824951066003,759,43,67,131,0,0,0,231,infectious,291
22.63032915296113,758,44,67,131,0,0,0,232,infection,52
22.66983972984207,757,45,67,131,0,0,0,233,infection,680
22.69510097572712,756,46,67,131,0,0,0,234,infection,934
22.70572562188624,756,45,68,131,0,0,0,234,infectious,576
22.70592700989464,755,46,68,131,0,0,0,235,infection,890
22.711705768224807,755,45,69,131,0,0,0,235,infectious,184
22.712972016588154,754,46,69,131,0,0,0,236,infection,225
22.722756415205247,754,45,70,131,0,0,0,236,infectious,890
22.72368239998464,754,44,71,131,0,0,0,236,infectious,424
22.72702753888926,754,44,70,132,0,0,0,236,recovery,605
22.732115215753552,754,43,71,132,0,0,0,236,infectious,634
22.74473136414157,754,43,70,133,0,0,0,236,recovery,755
22.75421566570068,753,44,70,133,0,0,0,237,infection,876
22.756005394611336,752,45,70,133,0,0,0,238,infection,921
22.786162952539634,752,45,69,134,0,0,0,238,recovery,431
22.832604919808198,752,45,68,135,0,0,0,238,recovery,580
22.87625233707289,751,46,68,135,0,0,0,239,infection,569
22.90714576976142,750,47,68,135,0,0,0,240,infection,533
22.90739537847837,749,48,68,135,0,0,0,241,infection,980
22.953569766729068,748,49,68,135,0,0,0,242,infection,33
22.962729190571125,747,50,68,135,0,0,0,243,infection,768
22.96484560370423,746,51,68,135,0,0,0,244,infection,405
22.987163579589033,746,51,67,136,0,0,0,244,recovery,179
22.999054106478685,746,50,68,136,0,0,0,244,infectious,579
23.004879713773693,746,49,69,136,0,0,0,244,infectious,275
23.00505410410353,745,50,69,136,0,0,0,245,infection,8
23.016228309176824,745,49,70,136,0,0,0,245,infectious,716
23.02172419243361,745,48,71,136,0,0,0,245,infectious,785
23.024691218820482,745,47,72,136,0,0,0,245,infectious,518
23.07283617654928,744,48,72,136,0,0,0,246,infection,524
23.095928751377166,744,47,73,136,0,0,0,246,infectious,596
23.098520212806296,744,47,72,137,0,0,0,246,recovery,465
23.102599627473214,744,46,73,137,0,0,0,246,infectious,686
23.130958996321585,744,46,72,138,0,0,0,246,recovery,579
23.13591414292656,744,46,71,139,0,0,0,246,recovery,568
23.14493770928022,744,46,70,140,0,0,0,246,recovery,584
23.145892446139477,744,45,71,140,0,0,0,246,infectious,524
23.152377246870174,743,46,71,140,0,0,0,247,infection,759
23.182343240633774,743,45,72,140,0,0,0,247,infectious,651
23.212916284346583,742,46,72,140,0,0,0,248,infection,390
23.213832657584774,741,47,72,140,0,0,0,249,infection,44
23.223716803323004,741,47,71,141,0,0,0,249,recovery,45
23.254786900632837,741,46,72,141,0,0,0,249,infectious,957
23.25934106596138,741,45,73,141,0,0,0,249,infectious,121
23.264282171650507,740,46,73,141,0,0,0,250,infection,451
23.264785660719586,740,45,74,141,0,0,0,250,infectious,888
23.276929980871373,740,45,73,142,0,0,0,250,recovery,555
23.285107743613306,740,44,74,142,0,0,0,250,infectious,307
23.30970442501705,739,45,74,142,0,0,0,251,infection,896
23.313460844480296,739,44,75,142,0,0,0,251,infectious,205
23.334671202457066,739,44,74,143,0,0,0,251,recovery,155
23.370551464272765,739,43,75,143,0,0,0,251,infectious,951
23.37669775457249,738,44,75,143,0,0,0,252,infection,168
23.443273020651784,738,43,76,143,0,0,0,252,infectious,972
23.446835402978188,738,43,75,144,0,0,0,252,recovery,597
23.44769593049096,737,44,75,144,0,0,0,253,infection,613
23.4542647142135,736,45,75,144,0,0,0,254,infection,733
23.468654533406514,736,45,74,145,0,0,0,254,recovery,604
23.489692184532636,735,46,74,145,0,0,0,255,infection,507
23.52498517457183,735,46,73,146,0,0,0,255,recovery,784
23.53864330686256,735,45,74,146,0,0,0,255,infectious,140
23.57922094577019,735,45,73,147,0,0,0,255,recovery,895
23.599422292122725,734,46,73,147,0,0,0,256,infection,618
23.601204813621305,734,46,72,148,0,0,0,256,recovery,518
23.61062419845567,734,45,73,148,0,0,0,256,infectious,595
23.628661567650912,734,45,72,149,0,0,0,256,recovery,121
23.650683078337533,734,45,71,150,0,0,0,256,recovery,972
23.65197116495399,733,46,71,150,0,0,0,257,infection,58
23.663235269842385,732,47,71,150,0,0,0,258,infection,765
23.664245384724808,731,48,71,150,0,0,0,259,infection,663
23.66634398643045,730,49,71,150,0,0,0,260,infection,590
23.66940673079281,729,50,71,150,0,0,0,261,infection,111
23.670005839065617,728,51,71,150,0,0,0,262,infection,332
23.68732737734873,728,51,70,151,0,0,0,262,recovery,979
23.690247271787534,728,50,71,151,0,0,0,262,infectious,873
23.768772309730867,728,49,72,151,0,0,0,262,infectious,44
23.77849596147848,727,50,72,151,0,0,0,263,infection,869
23.787198510972026,727,49,73,151,0,0,0,263,infectious,733
23.793408554404834,727,48,74,151,0,0,0,263,infectious,111
23.794059363886554,727,47,75,151,0,0,0,263,infectious,768
23.84122680963812,727,46,76,151,0,0,0,263,infectious,581
23.84443854307123,727,45,77,151,0,0,0,263,infectious,921
23.857664068107788,727,44,78,151,0,0,0,263,infectious,460
23.862827736116895,726,45,78,151,0,0,0,264,infection,863
23.87093247109799,725,46,78,151,0,0,0,265,infection,549
23.91070212553304,725,45,79,151,0,0,0,265,infectious,869
23.915364159217297,724,46,79,151,0,0,0,266,infection,304
23.922704431652868,724,45,80,151,0,0,0,266,infectious,980
23.92982222583583,723,46,80,151,0,0,0,267,infection,471
23.94960808997046,723,46,79,152,0,0,0,267,recovery,785
23.965310699142755,723,45,80,152,0,0,0,267,infectious,787
23.965328841932628,722,46,80,152,0,0,0,268,infection,38
23.969765953333322,722,45,81,152,0,0,0,268,infectious,894
23.9887928684422,721,46,81,152,0,0,0,269,infection,538
23.98885079145114,721,45,82,152,0,0,0,269,infectious,765
24.002801800857416,721,45,81,153,0,0,0,269,recovery,947
24.01802797499319,720,46,81,153,0,0,0,270,infection,867
24.02875799357174,719,47,81,153,0,0,0,271,infection,585
24.033783689484814,719,47,80,154,0,0,0,271,recovery,125
24.077849957259865,718,48,80,154,0,0,0,272,infection,404
24.07894582183876,718,47,81,154,0,0,0,272,infectious,311
24.091264384526113,718,47,80,155,0,0,0,272,recovery,41
24.094192002494342,718,46,81,155,0,0,0,272,infectious,84
24.111784608349613,717,47,81,155,0,0,0,273,infection,781
24.122182301818633,716,48,81,155,0,0,0,274,infection,551
24.145568655390342,716,47,82,155,0,0,0,274,infectious,896
24.168285819178497,716,47,81,156,0,0,0,274,recovery,242
24.169417932546107,716,47,80,157,0,0,0,274,recovery,231
24.189382512211058,716,46,81,157,0,0,0,274,infectious,106
24.198238298184688,715,47,81,157,0,0,0,275,infection,277
24.21388502009895,715,47,80,158,0,0,0,275,recovery,716
24.219229129634012,715,47,79,159,0,0,0,275,recovery,273
24.22054490562771,714,48,79,159,0,0,0,276,infection,791
24.23191011906316,713,49,79,159,0,0,0,277,infection,720
24.233980672021456,713,48,80,159,0,0,0,277,infectious,618
24.29156583655223,713,48,79,160,0,0,0,277,recovery,578
24.30027461349403,713,47,80,160,0,0,0,277,infectious,538
24.309001095295653,712,48,80,160,0,0,0,278,infection,537
24.31845225350142,712,48,79,161,0,0,0,278,recovery,84
24.332030238655413,712,48,78,162,0,0,0,278,recovery,424
24.334699382448267,712,47,79,162,0,0,0,278,infectious,8
24.336216603570627,711,48,79,162,0,0,0,279,infection,820
24.33915071223388,711,48,78,163,0,0,0,279,recovery,552
24.33964128228336,711,47,79,163,0,0,0,279,infectious,398
24.371824355407202,710,48,79,163,0,0,0,280,infection,808
24.387717906826243,710,48,78,164,0,0,0,280,recovery,630
24.41552876955773,709,49,78,164,0,0,0,281,infection,959
24.42775842139272,709,49,77,165,0,0,0,281,recovery,634
24.44024672958855,709,48,78,165,0,0,0,281,infectious,58
24.443473249433975,709,47,79,165,0,0,0,281,infectious,610
24.445310683325403,708,48,79,165,0,0,0,282,infection,504
24.449168008375818,708,47,80,165,0,0,0,282,infectious,802
24.45190965002675,708,47,79,166,0,0,0,282,recovery,816
24.465239204805354,707,48,79,166,0,0,0,283,infection,672
24.481627824940716,707,47,80,166,0,0,0,283,infectious,781
24.50766379885819,707,47,79,167,0,0,0,283,recovery,291
24.528658635124067,706,48,79,167,0,0,0,284,infection,847
24.53395215197086,706,47,80,167,0,0,0,284,infectious,791
24.54147540989286,705,48,80,167,0,0,0,285,infection,493
24.55924956063459,704,49,80,167,0,0,0,286,infection,598
24.563754697056687,704,49,79,168,0,0,0,286,recovery,140
24.572465300648684,704,48,80,168,0,0,0,286,infectious,507
24.572659312200116,703,49,80,168,0,0,0,287,infection,348
24.59150139407195,703,49,79,169,0,0,0,287,recovery,430
24.603368426746638,703,48,80,169,0,0,0,287,infectious,611
24.61843524935056,703,48,79,170,0,0,0,287,recovery,618
24.693051778134794,703,47,80,170,0,0,0,287,infectious,643
24.701443297649035,702,48,80,170,0,0,0,288,infection,260
24.705552483125107,702,47,81,170,0,0,0,288,infectious,551
24.72203828142462,701,48,81,170,0,0,0,289,infection,447
24.732989973901645,700,49,81,170,0,0,0,290,infection,188
24.741574459488533,699,50,81,170,0,0,0,291,infection,305
24.750963238199972,699,49,82,170,0,0,0,291,infectious,876
24.7521035733702,698,50,82,170,0,0,0,292,infection,306
24.77619255575746,698,50,81,171,0,0,0,292,recovery,551
24.799248191056222,697,51,81,171,0,0,0,293,infection,301
24.821400348752324,696,52,81,171,0,0,0,294,infection,742
24.824292289445218,696,52,80,172,0,0,0,294,recovery,413
24.825610274454053,696,52,79,173,0,0,0,294,recovery,791
24.826616393719284,695,53,79,173,0,0,0,295,infection,708
24.856006660531,695,53,78,174,0,0,0,295,recovery,949
24.858118158596113,694,54,78,174,0,0,0,296,infection,783
24.86608511378869,694,54,77,175,0,0,0,296,recovery,841
24.86835566865487,694,53,78,175,0,0,0,296,infectious,672
24.878354907124404,693,54,78,175,0,0,0,297,infection,262
24.882200995885835,693,53,79,175,0,0,0,297,infectious,820
24.920509664345726,692,54,79,175,0,0,0,298,infection,344
24.942248920991076,692,53,80,175,0,0,0,298,infectious,926
24.94625162523268,692,53,79,176,0,0,0,298,recovery,111
24.959376685089588,692,53,78,177,0,0,0,298,recovery,797
24.97233016203551,692,53,77,178,0,0,0,298,recovery,281
24.97444893946239,692,52,78,178,0,0,0,298,infectious,493
24.97989635811068,692,52,77,179,0,0,0,298,recovery,890
24.990413489905908,692,52,76,180,0,0,0,298,recovery,377
25.028593855081834,691,53,76,180,0,0,0,299,infection,73
25.043784721305354,690,54,76,180,0,0,0,300,infection,589
25.04536575664137,690,53,77,180,0,0,0,300,infectious,38
25.060726759600133,690,52,78,180,0,0,0,300,infectious,188
25.098808222208373,690,51,79,180,0,0,0,300,infectious,223
25.102127368384185,690,51,78,181,0,0,0,300,recovery,460
25.144404357327826,689,52,78,181,0,0,0,301,infection,359
25.146580982116603,689,51,79,181,0,0,0,301,infectious,225
25.170550868047783,688,52,79,181,0,0,0,302,infection,958
25.17358298240433,688,51,80,181,0,0,0,302,infectious,587
25.194536383148154,687,52,80,181,0,0,0,303,infection,152
25.197462142143618,686,53,80,181,0,0,0,304,infection,39
25.202678924334982,686,52,81,181,0,0,0,304,infectious,359
25.204411854250704,685,53,81,181,0,0,0,305,infection,316
25.210026980618093,685,52,82,181,0,0,0,305,infectious,305
25.23543251544209,685,51,83,181,0,0,0,305,infectious,447
25.23803828403154,684,52,83,181,0,0,0,306,infection,928
25.238132785148775,683,53,83,181,0,0,0,307,infection,955
25.242521662931242,683,53,82,182,0,0,0,307,recovery,481
25.242551461897175,682,54,82,182,0,0,0,308,infection,240
25.265245546832727,682,54,81,183,0,0,0,308,recovery,610
25.280465521667058,681,55,81,183,0,0,0,309,infection,437
25.28172264201465,681,54,82,183,0,0,0,309,infectious,589
25.291715245013478,680,55,82,183,0,0,0,310,infection,496
25.293160715170224,680,55,81,184,0,0,0,310,recovery,819
25.31491855018852,680,55,80,185,0,0,0,310,recovery,768
25.32279287503161,680,54,81,185,0,0,0,310,infectious,549
25.34752304299598,680,54,80,186,0,0,0,310,recovery,524
25.370454635595053,680,53,81,186,0,0,0,310,infectious,783
25.375053005088937,679,54,81,186,0,0,0,311,infection,48
25.397785666346085,679,54,80,187,0,0,0,311,recovery,883
25.426984524345855,678,55,80,187,0,0,0,312,infection,95
25.443086211508,677,56,80,187,0,0,0,313,infection,252
25.464113824102633,677,56,79,188,0,0,0,313,recovery,855
25.465748946041906,677,55,80,188,0,0,0,313,infectious,301
25.4703527648117,677,55,79,189,0,0,0,313,recovery,652
25.474289411015743,676,56,79,189,0,0,0,314,infection,410
25.491230228309625,676,56,78,190,0,0,0,314,recovery,948
25.49824508233589,676,55,79,190,0,0,0,314,infectious,22
25.54451920985042,676,55,78,191,0,0,0,314,recovery,358
25.556124080324096,676,55,77,192,0,0,0,314,recovery,541
25.6040642468569,676,54,78,192,0,0,0,314,infectious,168
25.647486309592257,676,53,79,192,0,0,0,314,infectious,663
25.660316166511397,676,52,80,192,0,0,0,314,infectious,598
25.66994919988904,676,52,79,193,0,0,0,314,recovery,581
25.759657721257433,676,52,78,194,0,0,0,314,recovery,398
25.775947119575164,676,52,77,195,0,0,0,314,recovery,292
25.797613462524033,676,51,78,195,0,0,0,314,infectious,260
25.81377263336312,675,52,78,195,0,0,0,315,infection,812
25.815657363867558,674,53,78,195,0,0,0,316,infection,701
25.829982857467893,673,54,78,195,0,0,0,317,infection,508
25.83830837375191,673,53,79,195,0,0,0,317,infectious,390
25.841157059279162,673,53,78,196,0,0,0,317,recovery,924
25.842183498691018,673,53,77,197,0,0,0,317,recovery,589
25.842838784194978,673,52,78,197,0,0,0,317,infectious,332
25.843266809879676,673,52,77,198,0,0,0,317,recovery,596
25.85095381864903,672,53,77,198,0,0,0,318,infection,970
25.85171001515605,672,52,78,198,0,0,0,318,infectious,680
25.91654855627085,671,53,78,198,0,0,0,319,infection,519
25.937169978435737,670,54,78,198,0,0,0,320,infection,4
25.937887732371696,669,55,78,198,0,0,0,321,infection,174
25.981458521725067,669,55,77,199,0,0,0,321,recovery,507
25.997144331604357,669,55,76,200,0,0,0,321,recovery,457
26.00132716274447,668,56,76,200,0,0,0,322,infection,439
26.01212228069896,667,57,76,200,0,0,0,323,infection,931
26.015950486316694,666,58,76,200,0,0,0,324,infection,918
26.01995637649911,665,59,76,200,0,0,0,325,infection,490
26.043318300246902,665,58,77,200,0,0,0,325,infectious,471
26.043664202598897,664,59,77,200,0,0,0,326,infection,543
26.044614171193565,664,58,78,200,0,0,0,326,infectious,348
26.063732189894168,664,58,77,201,0,0,0,326,recovery,225
26.08049346959956,664,58,76,202,0,0,0,326,recovery,29
26.080761118406734,664,57,77,202,0,0,0,326,infectious,73
26.089088390480534,664,56,78,202,0,0,0,326,infectious,262
26.090953566333738,663,57,78,202,0,0,0,327,infection,703
26.10596148917252,663,56,79,202,0,0,0,327,infectious,847
26.123411642798988,663,56,78,203,0,0,0,327,recovery,301
26.124871524273793,662,57,78,203,0,0,0,328,infection,705
26.15450981406288,662,56,79,203,0,0,0,328,infectious,812
26.161663028356482,661,57,79,203,0,0,0,329,infection,245
26.164664540616695,661,57,78,204,0,0,0,329,recovery,106
26.175198649888415,661,57,77,205,0,0,0,329,recovery,802
26.176919884115787,661,56,78,205,0,0,0,329,infectious,4
26.18860817949272,661,55,79,205,0,0,0,329,infectious,705
26.21214331550677,661,54,80,205,0,0,0,329,infectious,537
26.223318844030786,661,54,79,206,0,0,0,329,recovery,876
26.260142666183583,660,55,79,206,0,0,0,330,infection,627
26.28283208101895,660,55,78,207,0,0,0,330,recovery,8
26.288559646881104,660,54,79,207,0,0,0,330,infectious,252
26.289699453679507,659,55,79,207,0,0,0,331,infection,226
26.291285344020054,659,55,78,208,0,0,0,331,recovery,746
26.299504927379974,659,55,77,209,0,0,0,331,recovery,56
26.319760532633033,659,54,78,209,0,0,0,331,infectious,240
26.32291329508208,659,53,79,209,0,0,0,331,infectious,95
26.32428426766218,659,52,80,209,0,0,0,331,infectious,533
26.328259664541207,659,51,81,209,0,0,0,331,infectious,410
26.330781181674755,659,51,80,210,0,0,0,331,recovery,587
26.33635781663554,658,52,80,210,0,0,0,332,infection,338
26.34898565742819,657,53,80,210,0,0,0,333,infection,248
26.36152634232718,657,53,79,211,0,0,0,333,recovery,240
26.368745121926704,657,52,80,211,0,0,0,333,infectious,496
26.37815603315446,657,52,79,212,0,0,0,333,recovery,305
26.383738904290993,656,53,79,212,0,0,0,334,infection,758
26.414384638712903,656,53,78,213,0,0,0,334,recovery,168
26.43073997850097,655,54,78,213,0,0,0,335,infection,943
26.43377341444786,655,54,77,214,0,0,0,335,recovery,595
26.449231434359657,655,54,76,215,0,0,0,335,recovery,663
26.484597630193534,655,54,75,216,0,0,0,335,recovery,765
26.48932764762292,654,55,75,216,0,0,0,336,infection,599
26.497365625877176,653,56,75,216,0,0,0,337,infection,442
26.514361951569228,653,55,76,216,0,0,0,337,infectious,742
26.51516985115038,653,55,75,217,0,0,0,337,recovery,133
26.523353051077365,652,56,75,217,0,0,0,338,infection,441
26.524278066283372,652,55,76,217,0,0,0,338,infectious,759
26.541866800668213,652,54,77,217,0,0,0,338,infectious,277
26.54698444263399,651,55,77,217,0,0,0,339,infection,323
26.55128346173974,650,56,77,217,0,0,0,340,infection,834
26.555734054691634,650,55,78,217,0,0,0,340,infectious,703
26.57524842914877,650,54,79,217,0,0,0,340,infectious,174
26.578324995074524,650,53,80,217,0,0,0,340,infectious,934
26.58030260818575,650,53,79,218,0,0,0,340,recovery,776
26.61762520928494,650,52,80,218,0,0,0,340,infectious,959
26.619608053045297,650,51,81,218,0,0,0,340,infectious,654
26.622054445830155,650,50,82,218,0,0,0,340,infectious,52
26.628261186021692,649,51,82,218,0,0,0,341,infection,752
26.653019896278774,648,52,82,218,0,0,0,342,infection,913
26.658220310971483,647,53,82,218,0,0,0,343,infection,60
26.680434192435754,647,52,83,218,0,0,0,343,infectious,490
26.70117390623635,646,53,83,218,0,0,0,344,infection,284
26.70706838398958,646,52,84,218,0,0,0,344,infectious,913
26.711742109712393,646,51,85,218,0,0,0,344,infectious,569
26.73387335987906,645,52,85,218,0,0,0,345,infection,175
26.736900510301282,645,52,84,219,0,0,0,345,recovery,88
26.739222484751068,644,53,84,219,0,0,0,346,infection,212
26.740578585130283,643,54,84,219,0,0,0,347,infection,522
26.744127655394355,643,54,83,220,0,0,0,347,recovery,921
26.788882330636334,642,55,83,220,0,0,0,348,infection,372
26.800870716065972,641,56,83,220,0,0,0,349,infection,244
26.82502535847136,640,57,83,220,0,0,0,350,infection,247
26.82707065616978,640,56,84,220,0,0,0,350,infectious,758
26.83166663221894,640,55,85,220,0,0,0,350,infectious,244
26.865754940404642,640,54,86,220,0,0,0,350,infectious,39
26.86671155900959,640,53,87,220,0,0,0,350,infectious,519
26.888766983717886,639,54,87,220,0,0,0,351,infection,836
26.905067462441128,638,55,87,220,0,0,0,352,infection,870
26.930700951951202,638,55,86,221,0,0,0,352,recovery,471
26.93260510397716,638,54,87,221,0,0,0,352,infectious,867
26.9345565591627,638,53,88,221,0,0,0,352,infectious,573
26.95729350665861,638,53,87,222,0,0,0,352,recovery,549
26.972779812380825,638,52,88,222,0,0,0,352,infectious,627
26.98162885007865,637,53,88,222,0,0,0,353,infection,525
26.9966014500559,637,53,87,223,0,0,0,353,recovery,847
26.997745538935717,637,52,88,223,0,0,0,353,infectious,931
27.00269355336206,636,53,88,223,0,0,0,354,infection,929
27.019606804947543,636,53,87,224,0,0,0,354,recovery,184
27.023424772662686,635,54,87,224,0,0,0,355,infection,745
27.036101480123477,634,55,87,224,0,0,0,356,infection,176
27.038037421483935,634,54,88,224,0,0,0,356,infectious,442
27.044321546254423,633,55,88,224,0,0,0,357,infection,565
27.074922070179348,632,56,88,224,0,0,0,358,infection,900
27.07820732380638,631,57,88,224,0,0,0,359,infection,987
27.13065320746366,631,56,89,224,0,0,0,359,infectious,863
27.134713583443876,631,55,90,224,0,0,0,359,infectious,893
27.149718617838566,631,54,91,224,0,0,0,359,infectious,525
27.178173679946223,630,55,91,224,0,0,0,360,infection,322
27.186955545631324,630,55,90,225,0,0,0,360,recovery,213
27.19244799670352,630,54,91,225,0,0,0,360,infectious,808
27.204524670550157,629,55,91,225,0,0,0,361,infection,50
27.206642338573037,629,54,92,225,0,0,0,361,infectious,543
27.259604344024684,629,53,93,225,0,0,0,361,infectious,834
27.27423646766611,628,54,93,225,0,0,0,362,infection,621
27.286086114311427,627,55,93,225,0,0,0,363,infection,117
27.316102378644025,627,54,94,225,0,0,0,363,infectious,752
27.316131124311667,627,53,95,225,0,0,0,363,infectious,955
27.323893812219637,626,54,95,225,0,0,0,364,infection,554
27.324561201111567,626,53,96,225,0,0,0,364,infectious,900
27.335591900344635,626,52,97,225,0,0,0,364,infectious,554
27.349114007475155,625,53,97,225,0,0,0,365,infection,906
27.354576321947107,625,53,96,226,0,0,0,365,recovery,812
27.35793854178797,624,54,96,226,0,0,0,366,infection,677
27.372907886667114,624,54,95,227,0,0,0,366,recovery,238
27.403784135136284,624,54,94,228,0,0,0,366,recovery,447
27.406617985127777,623,55,94,228,0,0,0,367,infection,583
27.434956683995434,622,56,94,228,0,0,0,368,infection,207
27.442374245886125,622,55,95,228,0,0,0,368,infectious,522
27.44477388261501,622,54,96,228,0,0,0,368,infectious,65
27.504631921874456,622,53,97,228,0,0,0,368,infectious,247
27.511871772920525,622,53,96,229,0,0,0,368,recovery,931
27.52295744581015,621,54,96,229,0,0,0,369,infection,631
27.536892765114647,621,54,95,230,0,0,0,369,recovery,554
27.542045757588898,621,54,94,231,0,0,0,369,recovery,538
27.551555269565057,620,55,94,231,0,0,0,370,infection,575
27.55530187881049,620,54,95,231,0,0,0,370,infectious,404
27.60578573947378,619,55,95,231,0,0,0,371,infection,971
27.61230014980086,618,56,95,231,0,0,0,372,infection,132
27.63070976692053,618,56,94,232,0,0,0,372,recovery,205
27.657035806252605,618,55,95,232,0,0,0,372,infectious,50
27.674080587415617,618,54,96,232,0,0,0,372,infectious,175
27.679786684248796,617,55,96,232,0,0,0,373,infection,635
27.682745694791905,617,54,97,232,0,0,0,373,infectious,987
27.689824995110328,616,55,97,232,0,0,0,374,infection,846
27.710644209122893,615,56,97,232,0,0,0,375,infection,588
27.754874305949535,615,55,98,232,0,0,0,375,infectious,565
27.759721884175445,615,55,97,233,0,0,0,375,recovery,672
27.76792744647025,614,56,97,233,0,0,0,376,infection,902
27.79285225815883,613,57,97,233,0,0,0,377,infection,608
27.811688797030104,613,57,96,234,0,0,0,377,recovery,4
27.815440462359568,613,57,95,235,0,0,0,377,recovery,869
27.854500127092606,613,57,94,236,0,0,0,377,recovery,565
27.8911450769957,613,56,95,236,0,0,0,377,infectious,588
27.894432813830488,613,56,94,237,0,0,0,377,recovery,307
27.910507237525838,612,57,94,237,0,0,0,378,infection,719
27.913863526228603,612,56,95,237,0,0,0,378,infectious,405
27.921517836706556,612,56,94,238,0,0,0,378,recovery,348
27.925579326448478,611,57,94,238,0,0,0,379,infection,839
27.9377249950211,611,56,95,238,0,0,0,379,infectious,508
27.942900978428565,611,56,94,239,0,0,0,379,recovery,783
27.95168295967578,611,56,93,240,0,0,0,379,recovery,95
27.951934527050128,611,56,92,241,0,0,0,379,recovery,525
27.952432261230427,610,57,92,241,0,0,0,380,infection,983
27.953802370505752,610,57,91,242,0,0,0,380,recovery,65
27.97378995182835,610,56,92,242,0,0,0,380,infectious,701
27.97528948651749,610,56,91,243,0,0,0,380,recovery,16
27.97884485164615,610,56,90,244,0,0,0,380,recovery,503
27.9858225215609,609,57,90,244,0,0,0,381,infection,153
28.003343985235727,609,57,89,245,0,0,0,381,recovery,654
28.027000549232387,608,58,89,245,0,0,0,382,infection,278
28.085970290643925,608,57,90,245,0,0,0,382,infectious,719
28.098355068443514,608,57,89,246,0,0,0,382,recovery,781
28.104735102631693,608,56,90,246,0,0,0,382,infectious,306
28.114896408880075,608,56,89,247,0,0,0,382,recovery,332
28.120109346638955,608,55,90,247,0,0,0,382,infectious,451
28.13814437316929,608,54,91,247,0,0,0,382,infectious,316
28.149204995478026,607,55,91,247,0,0,0,383,infection,337
28.15376087228437,606,56,91,247,0,0,0,384,infection,352
28.156547117996897,606,55,92,247,0,0,0,384,infectious,352
28.17279756716715,606,54,93,247,0,0,0,384,infectious,906
28.17347169506418,606,54,92,248,0,0,0,384,recovery,643
28.190380872457897,606,53,93,248,0,0,0,384,infectious,608
28.19502895885625,606,52,94,248,0,0,0,384,infectious,226
28.19689390524519,606,51,95,248,0,0,0,384,infectious,278
28.247887725428548,606,50,96,248,0,0,0,384,infectious,207
28.272323375429643,606,49,97,248,0,0,0,384,infectious,372
28.27394234555398,606,48,98,248,0,0,0,384,infectious,439
28.289850059986236,606,48,97,249,0,0,0,384,recovery,955
28.293053060614707,605,49,97,249,0,0,0,385,infection,833
28.315013755713675,604,50,97,249,0,0,0,386,infection,969
28.320434122556595,603,51,97,249,0,0,0,387,infection,942
28.32361763705888,603,50,98,249,0,0,0,387,infectious,583
28.33480378708529,603,49,99,249,0,0,0,387,infectious,918
28.35216357277171,603,49,98,250,0,0,0,387,recovery,543
28.355645100357115,603,48,99,250,0,0,0,387,infectious,323
28.372106254046933,603,48,98,251,0,0,0,387,recovery,894
28.377203963410906,602,49,98,251,0,0,0,388,infection,126
28.379629243043418,602,49,97,252,0,0,0,388,recovery,247
28.410849711987414,602,48,98,252,0,0,0,388,infectious,504
28.41291013881195,602,48,97,253,0,0,0,388,recovery,508
28.44552015644506,601,49,97,253,0,0,0,389,infection,336
28.44912657140211,601,48,98,253,0,0,0,389,infectious,33
28.46156084429811,600,49,98,253,0,0,0,390,infection,14
28.48596861134519,600,49,97,254,0,0,0,390,recovery,71
28.547224512645666,600,49,96,255,0,0,0,390,recovery,957
28.55185902625138,600,48,97,255,0,0,0,390,infectious,631
28.562080795145317,600,48,96,256,0,0,0,390,recovery,73
28.564348875226393,599,49,96,256,0,0,0,391,infection,361
28.569957850873745,599,48,97,256,0,0,0,391,infectious,60
28.57506200560969,598,49,97,256,0,0,0,392,infection,495
28.586663347227223,598,49,96,257,0,0,0,392,recovery,906
28.59806566947167,598,49,95,258,0,0,0,392,recovery,808
28.61218872911886,597,50,95,258,0,0,0,393,infection,26
28.621146217588656,597,50,94,259,0,0,0,393,recovery,926
28.630331460402143,596,51,94,259,0,0,0,394,infection,852
28.651619004988024,595,52,94,259,0,0,0,395,infection,423
28.660262792387183,595,52,93,260,0,0,0,395,recovery,22
28.676641467089887,594,53,93,260,0,0,0,396,infection,665
28.70607608162676,593,54,93,260,0,0,0,397,infection,302
28.71907084729864,593,53,94,260,0,0,0,397,infectious,970
28.7380045783583,593,53,93,261,0,0,0,397,recovery,742
28.759681641859782,592,54,93,261,0,0,0,398,infection,469
28.78102521340456,591,55,93,261,0,0,0,399,infection,156
28.81521208093989,591,54,94,261,0,0,0,399,infectious,469
28.82098622374048,591,54,93,262,0,0,0,399,recovery,493
28.82220427014359,591,53,94,262,0,0,0,399,infectious,870
28.833479916650305,591,52,95,262,0,0,0,399,infectious,423
28.86450842605447,591,52,94,263,0,0,0,399,recovery,60
28.870123547639952,590,53,94,263,0,0,0,400,infection,702
28.891009180134493,589,54,94,263,0,0,0,401,infection,362
28.94074929364678,589,53,95,263,0,0,0,401,infectious,48
28.9636532123854,589,52,96,263,0,0,0,401,infectious,437
28.97924516748445,589,51,97,263,0,0,0,401,infectious,635
28.995360678729007,589,50,98,263,0,0,0,401,infectious,362
29.006469741068237,588,51,98,263,0,0,0,402,infection,433
29.029471965821266,588,50,99,263,0,0,0,402,infectious,248
29.032306771551795,587,51,99,263,0,0,0,403,infection,330
29.051001405885355,586,52,99,263,0,0,0,404,infection,796
29.059407278561416,586,52,98,264,0,0,0,404,recovery,686
29.08228286717096,585,53,98,264,0,0,0,405,infection,32
29.116115092837685,585,52,99,264,0,0,0,405,infectious,969
29.16029059820935,585,51,100,264,0,0,0,405,infectious,971
29.16338450922964,584,52,100,264,0,0,0,406,infection,509
29.173822004880442,584,52,99,265,0,0,0,406,recovery,583
29.173875668861527,584,51,100,265,0,0,0,406,infectious,152
29.17652166729278,584,50,101,265,0,0,0,406,infectious,599
29.182116417626744,584,50,100,266,0,0,0,406,recovery,893
29.185165709768828,583,51,100,266,0,0,0,407,infection,342
29.201571066790557,583,51,99,267,0,0,0,407,recovery,533
29.234467797019654,583,50,100,267,0,0,0,407,infectious,344
29.25443583258567,583,50,99,268,0,0,0,407,recovery,423
29.272752562424436,583,50,98,269,0,0,0,407,recovery,437
29.281821548136637,582,51,98,269,0,0,0,408,infection,183
29.30670014296179,581,52,98,269,0,0,0,409,infection,93
29.307422488079432,580,53,98,269,0,0,0,410,infection,400
29.309429615656963,580,52,99,269,0,0,0,410,infectious,983
29.312548676736455,579,53,99,269,0,0,0,411,infection,880
29.357625170315238,579,52,100,269,0,0,0,411,infectious,575
29.374401632166414,579,51,101,269,0,0,0,411,infectious,156
29.37997339506181,579,50,102,269,0,0,0,411,infectious,212
29.383012001145612,579,49,103,269,0,0,0,411,infectious,126
29.39134009179262,578,50,103,269,0,0,0,412,infection,937
29.40096447794136,578,50,102,270,0,0,0,412,recovery,410
29.40292336988913,578,50,101,271,0,0,0,412,recovery,188
29.4070993342934,577,51,101,271,0,0,0,413,infection,531
29.425861558209835,576,52,101,271,0,0,0,414,infection,325
29.428206750922833,576,52,100,272,0,0,0,414,recovery,820
29.444407871083392,575,53,100,272,0,0,0,415,infection,762
29.46264161609455,575,53,99,273,0,0,0,415,recovery,701
29.469216462749134,575,53,98,274,0,0,0,415,recovery,126
29.478021194964754,575,52,99,274,0,0,0,415,infectious,14
29.483323907510215,575,51,100,274,0,0,0,415,infectious,337
29.484741963348075,575,50,101,274,0,0,0,415,infectious,176
29.490922385245806,575,50,100,275,0,0,0,415,recovery,703
29.511316778791183,574,51,100,275,0,0,0,416,infection,178
29.515390125928487,573,52,100,275,0,0,0,417,infection,907
29.517836355121673,572,53,100,275,0,0,0,418,infection,485
29.519840295990903,572,53,99,276,0,0,0,418,recovery,372
29.524936127866784,572,53,98,277,0,0,0,418,recovery,39
29.532293455756466,572,52,99,277,0,0,0,418,infectious,476
29.550798167054115,571,53,99,277,0,0,0,419,infection,101
29.560339695538236,571,53,98,278,0,0,0,419,recovery,52
29.575673015212374,570,54,98,278,0,0,0,420,infection,468
29.577715964873786,570,53,99,278,0,0,0,420,infectious,708
29.5787073043356,570,53,98,279,0,0,0,420,recovery,33
29.590519329723154,570,52,99,279,0,0,0,420,infectious,907
29.611971350550334,569,53,99,279,0,0,0,421,infection,11
29.61746278985169,569,52,100,279,0,0,0,421,infectious,613
29.622420279203688,568,53,100,279,0,0,0,422,infection,622
29.636739968177515,568,52,101,279,0,0,0,422,infectious,117
29.639834450740466,567,53,101,279,0,0,0,423,infection,474
29.646370173101456,567,52,102,279,0,0,0,423,infectious,622
29.67355097813737,567,51,103,279,0,0,0,423,infectious,101
29.674163526080825,567,50,104,279,0,0,0,423,infectious,833
29.67731857905172,567,50,103,280,0,0,0,423,recovery,306
29.68087267249624,567,50,102,281,0,0,0,423,recovery,569
29.687911833687586,567,49,103,281,0,0,0,423,infectious,665
29.695029130324702,566,50,103,281,0,0,0,424,infection,884
29.69613639641824,565,51,103,281,0,0,0,425,infection,42
29.706682655081952,565,51,102,282,0,0,0,425,recovery,613
29.71155293433048,565,50,103,282,0,0,0,425,infectious,745
29.767040417046047,565,49,104,282,0,0,0,425,infectious,902
29.76975584919472,564,50,104,282,0,0,0,426,infection,960
29.76979561602822,564,49,105,282,0,0,0,426,infectious,929
29.784193907124177,563,50,105,282,0,0,0,427,infection,386
29.787805871425405,563,50,104,283,0,0,0,427,recovery,226
29.78922798222039,563,49,105,283,0,0,0,427,infectious,846
29.79724780475492,563,48,106,283,0,0,0,427,infectious,937
29.800790708505097,563,47,107,283,0,0,0,427,infectious,585
29.81161842118567,563,47,106,284,0,0,0,427,recovery,572
29.83324665625239,563,46,107,284,0,0,0,427,infectious,433
29.853722409204508,563,46,106,285,0,0,0,427,recovery,537
29.854336645430223,563,46,105,286,0,0,0,427,recovery,870
29.855255384681758,562,47,105,286,0,0,0,428,infection,453
29.85637106799954,561,48,105,286,0,0,0,429,infection,886
29.874660185777422,561,47,106,286,0,0,0,429,infectious,590
29.87507646246349,561,47,105,287,0,0,0,429,recovery,260
29.87891321722885,560,48,105,287,0,0,0,430,infection,594
29.880336919443533,560,48,104,288,0,0,0,430,recovery,983
29.884465161716655,560,47,105,288,0,0,0,430,infectious,884
29.885125183215692,560,46,106,288,0,0,0,430,infectious,485
29.890978714284042,560,46,105,289,0,0,0,430,recovery,680
29.895559387975442,559,47,105,289,0,0,0,431,infection,915
29.8993448297003,558,48,105,289,0,0,0,432,infection,363
29.92322155608182,558,48,104,290,0,0,0,432,recovery,599
29.931920844990245,558,47,105,290,0,0,0,432,infectious,400
29.94587382890327,557,48,105,290,0,0,0,433,infection,479
29.950301760499013,557,47,106,290,0,0,0,433,infectious,386
29.96193574907318,556,48,106,290,0,0,0,434,infection,731
29.98474378843391,556,47,107,290,0,0,0,434,infectious,943
29.989137506859194,556,46,108,290,0,0,0,434,infectious,702
29.989392283792817,555,47,108,290,0,0,0,435,infection,689
30.0063685524154,554,48,108,290,0,0,0,436,infection,566
30.014121506257503,554,47,109,290,0,0,0,436,infectious,153
30.015227768856352,554,47,108,291,0,0,0,436,recovery,695
30.048397151888278,554,46,109,291,0,0,0,436,infectious,928
30.06007565393013,553,47,109,291,0,0,0,437,infection,426
30.06055428654173,553,46,110,291,0,0,0,437,infectious,762
30.06340643249925,553,45,111,291,0,0,0,437,infectious,731
30.06434163685728,552,46,111,291,0,0,0,438,infection,763
30.066054425517446,552,46,110,292,0,0,0,438,recovery,362
30.070528624978603,552,45,111,292,0,0,0,438,infectious,479
30.082813705646856,552,44,112,292,0,0,0,438,infectious,325
30.087331306344808,552,43,113,292,0,0,0,438,infectious,474
30.09127361190921,551,44,113,292,0,0,0,439,infection,628
30.103744744460304,551,43,114,292,0,0,0,439,infectious,304
30.123243745336378,550,44,114,292,0,0,0,440,infection,988
30.138800546722482,550,43,115,292,0,0,0,440,infectious,11
30.14380268600402,549,44,115,292,0,0,0,441,infection,546
30.14614183201701,549,43,116,292,0,0,0,441,infectious,183
30.150068521723927,549,42,117,292,0,0,0,441,infectious,330
30.162368475540397,548,43,117,292,0,0,0,442,infection,139
30.168721277604053,547,44,117,292,0,0,0,443,infection,824
30.184716267227618,546,45,117,292,0,0,0,444,infection,739
30.18898829851841,546,44,118,292,0,0,0,444,infectious,566
30.206919657385296,545,45,118,292,0,0,0,445,infection,369
30.20905649200242,545,45,117,293,0,0,0,445,recovery,929
30.21027788842946,545,45,116,294,0,0,0,445,recovery,382
30.22037058391123,545,45,115,295,0,0,0,445,recovery,918
30.258937187471723,545,44,116,295,0,0,0,445,infectious,93
30.298092205477364,544,45,116,295,0,0,0,446,infection,300
30.302583613817923,543,46,116,295,0,0,0,447,infection,459
30.321679498357334,543,45,117,295,0,0,0,447,infectious,720
30.340581887065596,543,44,118,295,0,0,0,447,infectious,689
30.352257936085685,543,44,117,296,0,0,0,447,recovery,174
30.354266734105963,543,44,116,297,0,0,0,447,recovery,469
30.36504377494851,542,45,116,297,0,0,0,448,infection,146
30.366375197709296,541,46,116,297,0,0,0,449,infection,203
30.368086492976943,541,45,117,297,0,0,0,449,infectious,284
30.385397935983065,541,44,118,297,0,0,0,449,infectious,880
30.387304424610573,540,45,118,297,0,0,0,450,infection,421
30.38841532886513,539,46,118,297,0,0,0,451,infection,328
30.39844146782911,539,46,117,298,0,0,0,451,recovery,969
30.40886346407624,538,47,117,298,0,0,0,452,infection,378
30.417052180184385,538,47,116,299,0,0,0,452,recovery,585
30.424415532067997,538,47,115,300,0,0,0,452,recovery,689
30.441352808621556,538,46,116,300,0,0,0,452,infectious,245
30.443884651526773,538,46,115,301,0,0,0,452,recovery,913
30.44745269322865,538,46,114,302,0,0,0,452,recovery,474
30.45162743734848,538,45,115,302,0,0,0,452,infectious,361
30.47694326179009,538,44,116,302,0,0,0,452,infectious,495
30.49642231454099,538,44,115,303,0,0,0,452,recovery,980
30.51051748463349,538,43,116,303,0,0,0,452,infectious,836
30.51553008802947,537,44,116,303,0,0,0,453,infection,211
30.527407543436208,536,45,116,303,0,0,0,454,infection,266
30.531901195779533,535,46,116,303,0,0,0,455,infection,366
30.546680401109036,534,47,116,303,0,0,0,456,infection,162
30.578956200842356,533,48,116,303,0,0,0,457,infection,443
30.58618932810947,533,48,115,304,0,0,0,457,recovery,44
30.613750350063064,533,48,114,305,0,0,0,457,recovery,284
30.621338711206416,532,49,114,305,0,0,0,458,infection,539
30.643874169500926,532,49,113,306,0,0,0,458,recovery,451
30.661805968809073,531,50,113,306,0,0,0,459,infection,285
30.683752935963653,531,50,112,307,0,0,0,459,recovery,244
30.689835879438252,530,51,112,307,0,0,0,460,infection,875
30.69152692252422,530,50,113,307,0,0,0,460,infectious,546
30.697164042729163,529,51,113,307,0,0,0,461,infection,881
30.703623217222294,529,50,114,307,0,0,0,461,infectious,342
30.73608150526482,529,50,113,308,0,0,0,461,recovery,386
30.74412898757122,528,51,113,308,0,0,0,462,infection,740
30.752180478752045,527,52,113,308,0,0,0,463,infection,131
30.767869829251843,527,51,114,308,0,0,0,463,infectious,300
30.78501134809651,526,52,114,308,0,0,0,464,infection,61
30.79092669018113,526,52,113,309,0,0,0,464,recovery,220
30.81244819859123,525,53,113,309,0,0,0,465,infection,236
30.817390465165676,525,52,114,309,0,0,0,465,infectious,178
30.83632983027679,525,52,113,310,0,0,0,465,recovery,573
30.84297044801867,525,52,112,311,0,0,0,465,recovery,872
30.85478576155416,525,52,111,312,0,0,0,465,recovery,433
30.855344863367744,525,51,112,312,0,0,0,465,infectious,132
30.862767656956226,525,51,111,313,0,0,0,465,recovery,702
30.86810351432189,525,50,112,313,0,0,0,465,infectious,628
30.871471658461072,524,51,112,313,0,0,0,466,infection,530
30.872853265149963,524,51,111,314,0,0,0,466,recovery,719
30.87477827444211,524,51,110,315,0,0,0,466,recovery,731
30.884349984796795,524,51,109,316,0,0,0,466,recovery,476
30.902947331441737,524,50,110,316,0,0,0,466,infectious,740
30.911746670689308,523,51,110,316,0,0,0,467,infection,141
30.940769683306115,522,52,110,316,0,0,0,468,infection,674
30.947509454850387,522,52,109,317,0,0,0,468,recovery,275
30.99914439573079,521,53,109,317,0,0,0,469,infection,790
31.00086680720856,521,52,110,317,0,0,0,469,infectious,960
31.01628382882172,521,51,111,317,0,0,0,469,infectious,594
31.043653969734457,520,52,111,317,0,0,0,470,infection,37
31.058287251059642,519,53,111,317,0,0,0,471,infection,712
31.07564538728586,518,54,111,317,0,0,0,472,infection,830
31.081398014177417,518,54,110,318,0,0,0,472,recovery,304
31.101082923111974,517,55,110,318,0,0,0,473,infection,210
31.106390328778662,516,56,110,318,0,0,0,474,infection,351
31.123602562629973,516,55,111,318,0,0,0,474,infectious,322
31.165250561975537,516,55,110,319,0,0,0,474,recovery,651
31.179319536427172,516,54,111,319,0,0,0,474,infectious,266
31.214402522220368,516,54,110,320,0,0,0,474,recovery,720
31.220800820874047,516,54,109,321,0,0,0,474,recovery,787
31.23293579756289,516,53,110,321,0,0,0,474,infectious,146
31.233188159340823,516,53,109,322,0,0,0,474,recovery,245
31.279490691477292,516,53,108,323,0,0,0,474,recovery,153
31.29610490146162,516,53,107,324,0,0,0,474,recovery,390
31.298806524198284,516,53,106,325,0,0,0,474,recovery,58
31.311349222808808,515,54,106,325,0,0,0,475,infection,232
31.31400710393698,515,54,105,326,0,0,0,475,recovery,708
31.343063466999062,514,55,105,326,0,0,0,476,infection,721
31.343090902346606,513,56,105,326,0,0,0,477,infection,644
31.349765870398507,512,57,105,326,0,0,0,478,infection,96
31.355114081852246,512,57,104,327,0,0,0,478,recovery,485
31.364010341559368,511,58,104,327,0,0,0,479,infection,17
31.373323813050288,511,57,105,327,0,0,0,479,infectious,875
31.38503273976863,510,58,105,327,0,0,0,480,infection,467
31.406647684043005,510,58,104,328,0,0,0,480,recovery,608
31.408776016328137,510,57,105,328,0,0,0,480,infectious,824
31.422548459063666,510,56,106,328,0,0,0,480,infectious,796
31.43741534103745,510,56,105,329,0,0,0,480,recovery,867
31.439594074120173,509,57,105,329,0,0,0,481,infection,811
31.466678232139643,508,58,105,329,0,0,0,482,infection,243
31.479766682201756,508,58,104,330,0,0,0,482,recovery,38
31.498003782794257,507,59,104,330,0,0,0,483,infection,735
31.502844251777574,507,59,103,331,0,0,0,483,recovery,628
31.5183131637511,506,60,103,331,0,0,0,484,infection,367
31.523785053046982,505,61,103,331,0,0,0,485,infection,452
31.543299857508835,505,60,104,331,0,0,0,485,infectious,351
31.552370486449156,504,61,104,331,0,0,0,486,infection,472
31.587072461198332,503,62,104,331,0,0,0,487,infection,173
31.609658731947164,502,63,104,331,0,0,0,488,infection,559
31.61883508455576,502,63,103,332,0,0,0,488,recovery,934
31.620026360179587,502,63,102,333,0,0,0,488,recovery,627
31.636030946927008,502,62,103,333,0,0,0,488,infectious,539
31.64364468946172,501,63,103,333,0,0,0,489,infection,871
31.648350090200086,501,63,102,334,0,0,0,489,recovery,330
31.648573739879406,500,64,102,334,0,0,0,490,infection,387
31.650950404008572,500,64,101,335,0,0,0,490,recovery,359
31.658929846245677,500,63,102,335,0,0,0,490,infectious,441
31.681666208758237,500,62,103,335,0,0,0,490,infectious,61
31.68284072204636,500,61,104,335,0,0,0,490,infectious,530
31.718879396679757,499,62,104,335,0,0,0,491,infection,134
31.724579748881904,499,62,103,336,0,0,0,491,recovery,611
31.72498395031428,498,63,103,336,0,0,0,492,infection,215
31.73200089562843,497,64,103,336,0,0,0,493,infection,558
31.738674702141118,497,64,102,337,0,0,0,493,recovery,439
31.743309654805664,497,63,103,337,0,0,0,493,infectious,721
31.748981221527018,497,63,102,338,0,0,0,493,recovery,342
31.753162676921377,497,62,103,338,0,0,0,493,infectious,285
31.757620299994755,496,63,103,338,0,0,0,494,infection,99
31.78426587026685,496,62,104,338,0,0,0,494,infectious,387
31.79324174872986,495,63,104,338,0,0,0,495,infection,392
31.81865136604877,495,63,103,339,0,0,0,495,recovery,504
31.82910387483434,495,62,104,339,0,0,0,495,infectious,790
31.831060562479045,495,61,105,339,0,0,0,495,infectious,558
31.84901555864145,495,60,106,339,0,0,0,495,infectious,367
31.859922801784244,495,60,105,340,0,0,0,495,recovery,69
31.866753433126284,495,60,104,341,0,0,0,495,recovery,759
31.87794194528854,495,60,103,342,0,0,0,495,recovery,152
31.892775579100704,495,59,104,342,0,0,0,495,infectious,426
31.89377725065235,495,59,103,343,0,0,0,495,recovery,178
31.899554558894355,495,58,104,343,0,0,0,495,infectious,378
31.9124526553732,495,58,103,344,0,0,0,495,recovery,277
31.933148888873838,495,57,104,344,0,0,0,495,infectious,131
31.937599348852807,495,56,105,344,0,0,0,495,infectious,881
31.938337789256703,495,56,104,345,0,0,0,495,recovery,880
31.96178029369943,495,56,103,346,0,0,0,495,recovery,896
31.969030068798084,495,55,104,346,0,0,0,495,infectious,215
31.970088925636134,495,55,103,347,0,0,0,495,recovery,594
31.987418407547747,495,54,104,347,0,0,0,495,infectious,338
31.989375042079825,494,55,104,347,0,0,0,496,infection,973
32.01866313985536,494,55,103,348,0,0,0,496,recovery,666
32.02301443221868,493,56,103,348,0,0,0,497,infection,878
32.02872195558867,492,57,103,348,0,0,0,498,infection,420
32.029768759975,492,56,104,348,0,0,0,498,infectious,134
32.0310840586409,491,57,104,348,0,0,0,499,infection,923
32.038710115903044,490,58,104,348,0,0,0,500,infection,286
32.043917517360846,490,57,105,348,0,0,0,500,infectious,328
32.05828693387833,489,58,105,348,0,0,0,501,infection,803
32.099562887195695,488,59,105,348,0,0,0,502,infection,563
32.10698428970228,488,59,104,349,0,0,0,502,recovery,959
32.15749884624239,488,59,103,350,0,0,0,502,recovery,943
32.164551377464235,488,59,102,351,0,0,0,502,recovery,733
32.173364173989015,488,59,101,352,0,0,0,502,recovery,252
32.19952910960587,488,58,102,352,0,0,0,502,infectious,243
32.227150340579755,488,58,101,353,0,0,0,502,recovery,907
32.23286702201235,488,58,100,354,0,0,0,502,recovery,207
32.25819986015446,488,57,101,354,0,0,0,502,infectious,644
32.26088769559964,488,56,102,354,0,0,0,502,infectious,563
32.265149409114514,487,57,102,354,0,0,0,503,infection,920
32.265471056291695,486,58,102,354,0,0,0,504,infection,521
32.28041626174657,485,59,102,354,0,0,0,505,infection,774
32.281367612344134,484,60,102,354,0,0,0,506,infection,737
32.30295845686142,483,61,102,354,0,0,0,507,infection,771
32.31586108755644,482,62,102,354,0,0,0,508,infection,901
32.3258924353464,482,61,103,354,0,0,0,508,infectious,677
32.34689880723803,482,61,102,355,0,0,0,508,recovery,183
32.3530127117855,481,62,102,355,0,0,0,509,infection,157
32.37641174419191,481,61,103,355,0,0,0,509,infectious,157
32.389110571702,480,62,103,355,0,0,0,510,infection,51
32.408208730629205,480,62,102,356,0,0,0,510,recovery,576
32.419018735326425,480,62,101,357,0,0,0,510,recovery,635
32.41928120085297,480,61,102,357,0,0,0,510,infectious,712
32.4264686378198,480,60,103,357,0,0,0,510,infectious,803
32.428285591943066,480,60,102,358,0,0,0,510,recovery,644
32.4323699785897,479,61,102,358,0,0,0,511,infection,10
32.44977194293227,479,61,101,359,0,0,0,511,recovery,875
32.460586725880056,478,62,101,359,0,0,0,512,infection,818
32.467041360704044,477,63,101,359,0,0,0,513,infection,206
32.49705348362174,477,63,100,360,0,0,0,513,recovery,300
32.5020068716547,477,62,101,360,0,0,0,513,infectious,472
32.51544852673324,477,62,100,361,0,0,0,513,recovery,833
32.537994638409415,476,63,100,361,0,0,0,514,infection,964
32.53994738797826,476,63,99,362,0,0,0,514,recovery,338
32.54136087207561,475,64,99,362,0,0,0,515,infection,718
32.562995033210996,475,63,100,362,0,0,0,515,infectious,467
32.5753375898523,475,62,101,362,0,0,0,515,infectious,901
32.58597101050631,475,61,102,362,0,0,0,515,infectious,302
32.5964975584865,474,62,102,362,0,0,0,516,infection,516
32.62585647340103,473,63,102,362,0,0,0,517,infection,815
32.639405390759016,473,62,103,362,0,0,0,517,infectious,942
32.65939481061822,473,61,104,362,0,0,0,517,infectious,420
32.668744475407884,473,60,105,362,0,0,0,517,infectious,286
32.671213581294175,472,61,105,362,0,0,0,518,infection,435
32.67195227819806,471,62,105,362,0,0,0,519,infection,103
32.67223496112857,471,62,104,363,0,0,0,519,recovery,873
32.67534994942831,471,61,105,363,0,0,0,519,infectious,103
32.705767856576564,471,60,106,363,0,0,0,519,infectious,232
32.70671962730072,470,61,106,363,0,0,0,520,infection,370
32.713957587098086,470,60,107,363,0,0,0,520,infectious,51
32.71619089931102,469,61,107,363,0,0,0,521,infection,237
32.72762082534332,468,62,107,363,0,0,0,522,infection,709
32.74540675055875,468,62,106,364,0,0,0,522,recovery,900
32.76822205667839,468,62,105,365,0,0,0,522,recovery,519
32.770849811913294,468,61,106,365,0,0,0,522,infectious,818
32.775348407099614,468,60,107,365,0,0,0,522,infectious,17
32.78036876602453,467,61,107,365,0,0,0,523,infection,523
32.78707304237797,467,61,106,366,0,0,0,523,recovery,590
32.81156976849471,467,61,105,367,0,0,0,523,recovery,48
32.851701991921544,467,60,106,367,0,0,0,523,infectious,521
32.85234150870153,466,61,106,367,0,0,0,524,infection,548
32.85309483355108,466,61,105,368,0,0,0,524,recovery,566
32.864153203063026,465,62,105,368,0,0,0,525,infection,357
32.86753626888243,465,61,106,368,0,0,0,525,infectious,559
32.883917186511226,464,62,106,368,0,0,0,526,infection,379
32.891246371554814,464,61,107,368,0,0,0,526,infectious,915
32.89265384620778,464,60,108,368,0,0,0,526,infectious,26
32.92404329043208,464,60,107,369,0,0,0,526,recovery,50
32.92416521548985,463,61,107,369,0,0,0,527,infection,570
32.954392114213306,463,60,108,369,0,0,0,527,infectious,811
33.02509964917681,463,59,109,369,0,0,0,527,infectious,173
33.02520585287489,463,58,110,369,0,0,0,527,infectious,763
33.031639754702134,463,57,111,369,0,0,0,527,infectious,709
33.03751985445217,463,57,110,370,0,0,0,527,recovery,467
33.04887198290172,462,58,110,370,0,0,0,528,infection,825
33.061926813497266,462,58,109,371,0,0,0,528,recovery,420
33.06858143214011,462,58,108,372,0,0,0,528,recovery,248
33.06953524112063,462,58,107,373,0,0,0,528,recovery,262
33.07445335981113,462,58,106,374,0,0,0,528,recovery,156
33.08278772670967,462,57,107,374,0,0,0,528,infectious,523
33.083914922130845,461,58,107,374,0,0,0,529,infection,151
33.09121626088283,461,57,108,374,0,0,0,529,infectious,718
33.120409211359664,461,56,109,374,0,0,0,529,infectious,871
33.15158510828696,461,55,110,374,0,0,0,529,infectious,923
33.15686469299424,461,54,111,374,0,0,0,529,infectious,357
33.16265761587651,460,55,111,374,0,0,0,530,infection,425
33.18336296459758,460,54,112,374,0,0,0,530,infectious,210
33.18827577472222,460,54,111,375,0,0,0,530,recovery,622
33.212529885716314,459,55,111,375,0,0,0,531,infection,517
33.21456416019548,459,54,112,375,0,0,0,531,infectious,203
33.22313767138346,458,55,112,375,0,0,0,532,infection,826
33.22677116688322,458,55,111,376,0,0,0,532,recovery,762
33.23120400671407,457,56,111,376,0,0,0,533,infection,653
33.23661668181631,457,55,112,376,0,0,0,533,infectious,826
33.261765776473794,457,55,111,377,0,0,0,533,recovery,328
33.26847986714034,457,54,112,377,0,0,0,533,infectious,425
33.30330328877879,457,54,111,378,0,0,0,533,recovery,378
33.32069866943876,456,55,111,378,0,0,0,534,infection,809
33.32643238642984,456,55,110,379,0,0,0,534,recovery,101
33.33274344556978,455,56,110,379,0,0,0,535,infection,713
33.33981241055791,455,56,109,380,0,0,0,535,recovery,202
33.34561841028064,454,57,109,380,0,0,0,536,infection,908
33.35327602002024,454,57,108,381,0,0,0,536,recovery,752
33.356353110117595,454,56,109,381,0,0,0,536,infectious,32
33.379892624609894,453,57,109,381,0,0,0,537,infection,725
33.38708588539879,453,56,110,381,0,0,0,537,infectious,958
33.39165045541421,452,57,110,381,0,0,0,538,infection,411
33.44655804705538,452,56,111,381,0,0,0,538,infectious,774
33.455053884790736,451,57,111,381,0,0,0,539,infection,327
33.4613124884402,451,56,112,381,0,0,0,539,infectious,725
33.48078400746656,451,55,113,381,0,0,0,539,infectious,830
33.48359524505489,451,54,114,381,0,0,0,539,infectious,392
33.49230969084946,450,55,114,381,0,0,0,540,infection,617
33.495976442639325,450,55,113,382,0,0,0,540,recovery,677
33.499807224537996,449,56,113,382,0,0,0,541,infection,319
33.51036461929337,448,57,113,382,0,0,0,542,infection,761
33.53354751330386,447,58,113,382,0,0,0,543,infection,963
33.540188195925374,446,59,113,382,0,0,0,544,infection,859
33.55278699574906,446,58,114,382,0,0,0,544,infectious,621
33.57124925215161,446,57,115,382,0,0,0,544,infectious,886
33.59590620151802,445,58,115,382,0,0,0,545,infection,676
33.598846314265145,445,57,116,382,0,0,0,545,infectious,468
33.6066916691252,445,56,117,382,0,0,0,545,infectious,369
33.656786435460454,444,57,117,382,0,0,0,546,infection,512
33.66648509668269,444,56,118,382,0,0,0,546,infectious,452
33.72190481885063,444,55,119,382,0,0,0,546,infectious,327
33.726067113568554,443,56,119,382,0,0,0,547,infection,941
33.730497766168526,443,55,120,382,0,0,0,547,infectious,10
33.73399263568298,443,55,119,383,0,0,0,547,recovery,631
33.74061533950737,442,56,119,383,0,0,0,548,infection,903
33.74396201142638,442,55,120,383,0,0,0,548,infectious,42
33.74553181317239,441,56,120,383,0,0,0,549,infection,89
33.7489754884402,440,57,120,383,0,0,0,550,infection,892
33.75166273790009,440,56,121,383,0,0,0,550,infectious,739
33.76365525223986,440,55,122,383,0,0,0,550,infectious,411
33.7810739850848,439,56,122,383,0,0,0,551,infection,187
33.80648666036452,438,57,122,383,0,0,0,552,infection,714
33.83031051570685,438,56,123,383,0,0,0,552,infectious,964
33.842602067427926,438,55,124,383,0,0,0,552,infectious,920
33.84957855907041,437,56,124,383,0,0,0,553,infection,81
33.8617972918613,437,56,123,384,0,0,0,553,recovery,987
33.8619249442325,437,56,122,385,0,0,0,553,recovery,763
33.871388029792044,436,57,122,385,0,0,0,554,infection,577
33.89203640364317,436,57,121,386,0,0,0,554,recovery,367
33.89449321480627,436,57,120,387,0,0,0,554,recovery,970
33.89647894897092,435,58,120,387,0,0,0,555,infection,475
33.9233219611576,434,59,120,387,0,0,0,556,infection,922
33.93923431353908,433,60,120,387,0,0,0,557,infection,190
33.94054170988658,433,60,119,388,0,0,0,557,recovery,266
33.9406127931701,432,61,119,388,0,0,0,558,infection,845
33.942804684983834,431,62,119,388,0,0,0,559,infection,974
33.94505996367445,431,62,118,389,0,0,0,559,recovery,971
33.96237840592221,431,61,119,389,0,0,0,559,infectious,421
33.97424910302382,431,61,118,390,0,0,0,559,recovery,826
33.99209256522402,431,60,119,390,0,0,0,559,infectious,435
33.994978873855466,430,61,119,390,0,0,0,560,infection,25
33.99580975905802,429,62,119,390,0,0,0,561,infection,967
34.015806511485856,429,62,118,391,0,0,0,561,recovery,131
34.021537388332646,429,62,117,392,0,0,0,561,recovery,212
34.02717242809848,428,63,117,392,0,0,0,562,infection,381
34.02952051360907,428,62,118,392,0,0,0,562,infectious,761
34.038206036996485,428,61,119,392,0,0,0,562,infectious,319
34.0475631556571,428,60,120,392,0,0,0,562,infectious,236
34.06009563019191,428,60,119,393,0,0,0,562,recovery,558
34.07698531786566,428,60,118,394,0,0,0,562,recovery,705
34.079967164393025,428,59,119,394,0,0,0,562,infectious,676
34.09523144699101,428,58,120,394,0,0,0,562,infectious,139
34.115613244874865,428,58,119,395,0,0,0,562,recovery,718
34.1345583282799,428,57,120,395,0,0,0,562,infectious,162
34.168192850912796,427,58,120,395,0,0,0,563,infection,399
34.22904222590533,426,59,120,395,0,0,0,564,infection,288
34.23182807586054,426,59,119,396,0,0,0,564,recovery,392
34.23683471373718,426,59,118,397,0,0,0,564,recovery,928
34.242331399645614,426,58,119,397,0,0,0,564,infectious,815
34.25958747827689,426,58,118,398,0,0,0,564,recovery,881
34.26778667927502,425,59,118,398,0,0,0,565,infection,711
34.26891536453007,425,59,117,399,0,0,0,565,recovery,496
34.288296445193104,425,59,116,400,0,0,0,565,recovery,495
34.28974589036226,424,60,116,400,0,0,0,566,infection,448
34.297647603345695,423,61,116,400,0,0,0,567,infection,356
34.30382915497773,422,62,116,400,0,0,0,568,infection,483
34.324607307892535,422,62,115,401,0,0,0,568,recovery,327
34.32742332320729,421,63,115,401,0,0,0,569,infection,374
34.335402983899456,420,64,115,401,0,0,0,570,infection,853
34.343492871734185,420,63,116,401,0,0,0,570,infectious,443
34.35493800817255,420,62,117,401,0,0,0,570,infectious,356
34.376491275776544,419,63,117,401,0,0,0,571,infection,527
34.387003375074784,418,64,117,401,0,0,0,572,infection,685
34.38771400177838,418,64,116,402,0,0,0,572,recovery,871
34.42070545265476,418,64,115,403,0,0,0,572,recovery,472
34.42171751035917,418,64,114,404,0,0,0,572,recovery,223
34.42307774747201,418,63,115,404,0,0,0,572,infectious,379
34.428241733910674,418,62,116,404,0,0,0,572,infectious,453
34.43804561547026,418,62,115,405,0,0,0,572,recovery,559
34.44227431405224,418,62,114,406,0,0,0,572,recovery,373
34.44583753916008,418,62,113,407,0,0,0,572,recovery,404
34.527345748367026,417,63,113,407,0,0,0,573,infection,477
34.53406154500689,416,64,113,407,0,0,0,574,infection,828
34.537937524078515,416,63,114,407,0,0,0,574,infectious,771
34.59036215856456,416,63,113,408,0,0,0,574,recovery,774
34.59044720170353,416,62,114,408,0,0,0,574,infectious,512
34.605822634587106,415,63,114,408,0,0,0,575,infection,494
34.62594908696362,415,63,113,409,0,0,0,575,recovery,886
34.63470114645497,414,64,113,409,0,0,0,576,infection,553
34.647571731302044,414,63,114,409,0,0,0,576,infectious,206
34.658787738476796,413,64,114,409,0,0,0,577,infection,728
34.663512097730795,413,64,113,410,0,0,0,577,recovery,937
34.66484124314436,413,63,114,410,0,0,0,577,infectious,475
34.66516413990438,413,62,115,410,0,0,0,577,infectious,336
34.68002589682206,413,61,116,410,0,0,0,577,infectious,448
34.698253799298655,412,62,116,410,0,0,0,578,infection,264
34.709688789450524,412,62,115,411,0,0,0,578,recovery,442
34.72734927106863,412,62,114,412,0,0,0,578,recovery,93
34.73933308947428,412,61,115,412,0,0,0,578,infectious,288
34.744792361918776,412,60,116,412,0,0,0,578,infectious,366
34.74756665561834,412,60,115,413,0,0,0,578,recovery,232
34.76728989688103,412,60,114,414,0,0,0,578,recovery,206
34.77567160509484,412,60,113,415,0,0,0,578,recovery,425
34.789701486818096,412,59,114,415,0,0,0,578,infectious,988
34.797852717541936,411,60,114,415,0,0,0,579,infection,813
34.81364375843073,410,61,114,415,0,0,0,580,infection,257
34.818251508231235,410,61,113,416,0,0,0,580,recovery,621
34.82021958942666,410,60,114,416,0,0,0,580,infectious,363
34.833798089461716,410,59,115,416,0,0,0,580,infectious,477
34.90108289958965,409,60,115,416,0,0,0,581,infection,287
34.91707486876593,409,60,114,417,0,0,0,581,recovery,366
34.91727595926518,409,60,113,418,0,0,0,581,recovery,546
34.91831649923401,409,59,114,418,0,0,0,581,infectious,517
34.92461291436491,409,59,113,419,0,0,0,581,recovery,721
34.95163480455246,408,60,113,419,0,0,0,582,infection,851
34.97025824226988,407,61,113,419,0,0,0,583,infection,773
34.97578188566095,406,62,113,419,0,0,0,584,infection,491
34.9861893628564,406,61,114,419,0,0,0,584,infectious,570
34.99932442934748,406,61,113,420,0,0,0,584,recovery,920
35.02501139134813,405,62,113,420,0,0,0,585,infection,750
35.030979680819385,405,61,114,420,0,0,0,585,infectious,941
35.033974850054506,404,62,114,420,0,0,0,586,infection,7
35.034156288338764,404,62,113,421,0,0,0,586,recovery,400
35.03872005625886,403,63,113,421,0,0,0,587,infection,201
35.046624360314844,403,62,114,421,0,0,0,587,infectious,264
35.05177318381042,403,61,115,421,0,0,0,587,infectious,728
35.05264084030503,402,62,115,421,0,0,0,588,infection,109
35.061708820497266,402,62,114,422,0,0,0,588,recovery,117
35.081480326298504,402,61,115,422,0,0,0,588,infectious,737
35.08479182779691,402,61,114,423,0,0,0,588,recovery,17
35.08658344110246,401,62,114,423,0,0,0,589,infection,371
35.09515127770774,400,63,114,423,0,0,0,590,infection,347
35.10025010417152,400,63,113,424,0,0,0,590,recovery,888
35.1011813350163,400,63,112,425,0,0,0,590,recovery,539
35.142316673729866,399,64,112,425,0,0,0,591,infection,193
35.149530382062395,399,63,113,425,0,0,0,591,infectious,714
35.16546146852526,399,62,114,425,0,0,0,591,infectious,347
35.16911756087971,399,61,115,425,0,0,0,591,infectious,903
35.16934588611799,398,62,115,425,0,0,0,592,infection,64
35.16961188074937,398,61,116,425,0,0,0,592,infectious,974
35.18584567822855,397,62,116,425,0,0,0,593,infection,779
35.188178086965195,397,61,117,425,0,0,0,593,infectious,653
35.19825036647692,396,62,117,425,0,0,0,594,infection,782
35.21801351571201,395,63,117,425,0,0,0,595,infection,263
35.224004360534416,395,63,116,426,0,0,0,595,recovery,387
35.22851229456125,394,64,116,426,0,0,0,596,infection,801
35.24245749511439,394,63,117,426,0,0,0,596,infectious,64
35.2535859955702,394,62,118,426,0,0,0,596,infectious,187
35.26421053353823,394,61,119,426,0,0,0,596,infectious,531
35.27205761121147,394,60,120,426,0,0,0,596,infectious,201
35.27403131362493,393,61,120,426,0,0,0,597,infection,800
35.28668751271389,393,60,121,426,0,0,0,597,infectious,617
35.300781593206594,392,61,121,426,0,0,0,598,infection,294
35.30591850672229,392,61,120,427,0,0,0,598,recovery,201
35.336737575633634,391,62,120,427,0,0,0,599,infection,840
35.34270335904768,391,61,121,427,0,0,0,599,infectious,685
35.38056107262673,391,61,120,428,0,0,0,599,recovery,215
35.38523651201439,391,60,121,428,0,0,0,599,infectious,845
35.396405562105045,391,59,122,428,0,0,0,599,infectious,963
35.40776388084142,391,58,123,428,0,0,0,599,infectious,37
35.40850255020424,391,57,124,428,0,0,0,599,infectious,370
35.42070269927398,391,56,125,428,0,0,0,599,infectious,25
35.4236238294075,391,55,126,428,0,0,0,599,infectious,878
35.43140328399175,391,55,125,429,0,0,0,599,recovery,963
35.44266908582511,391,55,124,430,0,0,0,599,recovery,51
35.47263096146528,390,56,124,430,0,0,0,600,infection,849
35.483618743594114,390,55,125,430,0,0,0,600,infectious,908
35.48595443361889,390,54,126,430,0,0,0,600,infectious,96
35.499369930386486,390,54,125,431,0,0,0,600,recovery,14
35.52098073055455,390,54,124,432,0,0,0,600,recovery,344
35.522208416018174,390,53,125,432,0,0,0,600,infectious,813
35.57694804457561,390,53,124,433,0,0,0,600,recovery,448
35.58545617589987,390,53,123,434,0,0,0,600,recovery,426
35.58724337331764,390,52,124,434,0,0,0,600,infectious,779
35.59592730467343,389,53,124,434,0,0,0,601,infection,681
35.610066113063574,389,53,123,435,0,0,0,601,recovery,570
35.61151621574419,389,53,122,436,0,0,0,601,recovery,479
35.63329717837972,389,52,123,436,0,0,0,601,infectious,892
35.635194978033,388,53,123,436,0,0,0,602,infection,250
35.64803813921136,388,53,122,437,0,0,0,602,recovery,712
35.71256115671882,388,53,121,438,0,0,0,602,recovery,96
35.72640793606148,388,52,122,438,0,0,0,602,infectious,294
35.73337452380287,388,52,121,439,0,0,0,602,recovery,725
35.75852882886485,388,51,122,439,0,0,0,602,infectious,141
35.76385451344602,387,52,122,439,0,0,0,603,infection,956
35.77865047013735,387,51,123,439,0,0,0,603,infectious,494
35.78637596635148,386,52,123,439,0,0,0,604,infection,77
35.81377636677308,386,51,124,439,0,0,0,604,infectious,263
35.822064613554204,386,50,125,439,0,0,0,604,infectious,399
35.82230429986387,386,50,124,440,0,0,0,604,recovery,964
35.82343294654134,385,51,124,440,0,0,0,605,infection,458
35.849942107474085,384,52,124,440,0,0,0,606,infection,879
35.86837972732203,384,52,123,441,0,0,0,606,recovery,563
35.89586088487882,383,53,123,441,0,0,0,607,infection,282
35.89681094908179,383,53,122,442,0,0,0,607,recovery,323
35.932271938488675,383,52,123,442,0,0,0,607,infectious,801
35.94647211633297,382,53,123,442,0,0,0,608,infection,31
35.95459566958957,382,52,124,442,0,0,0,608,infectious,89
35.96877149259742,382,51,125,442,0,0,0,608,infectious,750
36.00363553137879,382,51,124,443,0,0,0,608,recovery,61
36.03047213574663,381,52,124,443,0,0,0,609,infection,136
36.0458951520908,380,53,124,443,0,0,0,610,infection,502
36.046229520797475,380,53,123,444,0,0,0,610,recovery,64
36.078117539303605,379,54,123,444,0,0,0,611,infection,181
36.079426114224155,379,54,122,445,0,0,0,611,recovery,435
36.112500893978556,378,55,122,445,0,0,0,612,infection,560
36.12874399767005,378,55,121,446,0,0,0,612,recovery,369
36.1290805875474,378,55,120,447,0,0,0,612,recovery,901
36.14590960812949,377,56,120,447,0,0,0,613,infection,164
36.155176351226636,376,57,120,447,0,0,0,614,infection,303
36.159450745543644,376,57,119,448,0,0,0,614,recovery,176
36.164600934754496,375,58,119,448,0,0,0,615,infection,498
36.188076272736815,375,57,120,448,0,0,0,615,infectious,853
36.22271805933782,374,58,120,448,0,0,0,616,infection,427
36.2465674093254,373,59,120,448,0,0,0,617,infection,339
36.250559102901775,373,58,121,448,0,0,0,617,infectious,553
36.259310251142146,373,57,122,448,0,0,0,617,infectious,839
36.29275537899227,372,58,122,448,0,0,0,618,infection,804
36.3216084851751,371,59,122,448,0,0,0,619,infection,658
36.322607940525636,371,59,121,449,0,0,0,619,recovery,522
36.34967296801545,371,59,120,450,0,0,0,619,recovery,325
36.35121494709977,371,58,121,450,0,0,0,619,infectious,809
36.351589931504776,371,58,120,451,0,0,0,619,recovery,361
36.35831812327275,371,57,121,451,0,0,0,619,infectious,800
36.367650462213824,371,57,120,452,0,0,0,619,recovery,453
36.37560658336277,370,58,120,452,0,0,0,620,infection,335
36.38127459520059,369,59,120,452,0,0,0,621,infection,638
36.38742709732454,368,60,120,452,0,0,0,622,infection,751
36.41491288729107,367,61,120,452,0,0,0,623,infection,591
36.4371620110434,367,60,121,452,0,0,0,623,infectious,381
36.45014486795144,367,60,120,453,0,0,0,623,recovery,11
36.452098691829654,366,61,120,453,0,0,0,624,infection,55
36.4606435324477,365,62,120,453,0,0,0,625,infection,690
36.46828902257361,364,63,120,453,0,0,0,626,infection,308
36.4944607108393,364,62,121,453,0,0,0,626,infectious,825
36.5053669175956,364,61,122,453,0,0,0,626,infectious,681
36.52013871800609,363,62,122,453,0,0,0,627,infection,625
36.52586350906857,363,62,121,454,0,0,0,627,recovery,771
36.526951366419304,362,63,121,454,0,0,0,628,infection,317
36.53053118431927,362,63,120,455,0,0,0,628,recovery,356
36.535288410120856,362,62,121,455,0,0,0,628,infectious,317
36.54335681940927,362,61,122,455,0,0,0,628,infectious,577
36.56014661132487,362,60,123,455,0,0,0,628,infectious,625
36.562518244951434,362,59,124,455,0,0,0,628,infectious,852
36.59070866347802,361,60,124,455,0,0,0,629,infection,137
36.623725205831036,361,59,125,455,0,0,0,629,infectious,308
36.626781606956804,361,58,126,455,0,0,0,629,infectious,427
36.63804973000898,361,58,125,456,0,0,0,629,recovery,685
36.64304813345443,360,59,125,456,0,0,0,630,infection,603
36.66948586121222,360,58,126,456,0,0,0,630,infectious,459
36.681308452043986,360,58,125,457,0,0,0,630,recovery,243
36.687849193001036,359,59,125,457,0,0,0,631,infection,418
36.722434299300694,358,60,125,457,0,0,0,632,infection,645
36.723508963263676,358,59,126,457,0,0,0,632,infectious,282
36.729422721924635,357,60,126,457,0,0,0,633,infection,764
36.74999452203537,357,60,125,458,0,0,0,633,recovery,175
36.76650827823308,356,61,125,458,0,0,0,634,infection,6
36.76725495492936,356,60,126,458,0,0,0,634,infectious,591
36.7719799498216,356,60,125,459,0,0,0,634,recovery,739
36.80438473134377,355,61,125,459,0,0,0,635,infection,904
36.836093423572805,355,60,126,459,0,0,0,635,infectious,879
36.83936277576392,355,59,127,459,0,0,0,635,infectious,55
36.8507160919275,355,59,126,460,0,0,0,635,recovery,591
36.852851827929406,355,58,127,460,0,0,0,635,infectious,849
36.856655482015434,355,57,128,460,0,0,0,635,infectious,31
36.86052117050275,355,57,127,461,0,0,0,635,recovery,818
36.87282323716141,355,57,126,462,0,0,0,635,recovery,32
36.87687566569949,355,57,125,463,0,0,0,635,recovery,737
36.88692337202398,354,58,125,463,0,0,0,636,infection,169
36.91203874034295,353,59,125,463,0,0,0,637,infection,438
36.92537902740746,353,59,124,464,0,0,0,637,recovery,399
36.93903980072781,352,60,124,464,0,0,0,638,infection,455
36.93924886368522,351,61,124,464,0,0,0,639,infection,542
36.9419587615889,351,61,123,465,0,0,0,639,recovery,282
36.94774311716783,351,61,122,466,0,0,0,639,recovery,863
36.95561653751619,351,60,123,466,0,0,0,639,infectious,527
36.973329454251015,351,59,124,466,0,0,0,639,infectious,151
36.99771913894375,351,59,123,467,0,0,0,639,recovery,625
37.005746025057455,351,59,122,468,0,0,0,639,recovery,803
37.06630829866735,351,59,121,469,0,0,0,639,recovery,849
37.06721014078978,351,58,122,469,0,0,0,639,infectious,169
37.08501849905712,351,58,121,470,0,0,0,639,recovery,577
37.08844398937988,351,57,122,470,0,0,0,639,infectious,713
37.109169774639426,351,57,121,471,0,0,0,639,recovery,830
37.11722382379884,351,56,122,471,0,0,0,639,infectious,6
37.136354023891656,351,55,123,471,0,0,0,639,infectious,782
37.151997305626274,351,54,124,471,0,0,0,639,infectious,751
37.158324379073846,351,54,123,472,0,0,0,639,recovery,640
37.163176833382046,351,54,122,473,0,0,0,639,recovery,6
37.17017687863993,351,53,123,473,0,0,0,639,infectious,193
37.21807807409628,351,53,122,474,0,0,0,639,recovery,141
37.22436300110284,350,54,122,474,0,0,0,640,infection,616
37.236832844695,349,55,122,474,0,0,0,641,infection,586
37.25357733029824,348,56,122,474,0,0,0,642,infection,760
37.25765996197188,348,55,123,474,0,0,0,642,infectious,483
37.266266167027574,348,55,122,475,0,0,0,642,recovery,553
37.269681870773674,348,54,123,475,0,0,0,642,infectious,516
37.29775550574928,348,53,124,475,0,0,0,642,infectious,967
37.29925410072256,348,52,125,475,0,0,0,642,infectious,804
37.3107668918998,348,51,126,475,0,0,0,642,infectious,164
37.31200013595026,347,52,126,475,0,0,0,643,infection,440
37.32008071021907,347,51,127,475,0,0,0,643,infectious,851
37.342840023449206,346,52,127,475,0,0,0,644,infection,535
37.34672224853047,346,52,126,476,0,0,0,644,recovery,475
37.36535789327085,346,51,127,476,0,0,0,644,infectious,99
37.36695887615446,346,51,126,477,0,0,0,644,recovery,99
37.397922151628364,346,50,127,477,0,0,0,644,infectious,542
37.41889387195157,346,49,128,477,0,0,0,644,infectious,603
37.430782201098936,346,49,127,478,0,0,0,644,recovery,26
37.43613278693006,346,48,128,478,0,0,0,644,infectious,438
37.449377468280524,345,49,128,478,0,0,0,645,infection,772
37.45196510529556,345,49,127,479,0,0,0,645,recovery,441
37.45245190957902,345,48,128,479,0,0,0,645,infectious,690
37.459693283801464,345,47,129,479,0,0,0,645,infectious,840
37.489387323652345,345,46,130,479,0,0,0,645,infectious,859
37.51350294554998,345,46,129,480,0,0,0,645,recovery,286
37.51469312331545,345,46,128,481,0,0,0,645,recovery,603
37.544296646486615,345,45,129,481,0,0,0,645,infectious,973
37.54801711737546,345,44,130,481,0,0,0,645,infectious,956
37.55641492545398,345,44,129,482,0,0,0,645,recovery,352
37.562000215263055,345,44,128,483,0,0,0,645,recovery,531
37.58221309719837,345,44,127,484,0,0,0,645,recovery,530
37.625394723316845,345,43,128,484,0,0,0,645,infectious,371
37.67562579894746,345,42,129,484,0,0,0,645,infectious,645
37.678039144561865,345,41,130,484,0,0,0,645,infectious,455
37.68876888956764,345,40,131,484,0,0,0,645,infectious,502
37.70381367097665,344,41,131,484,0,0,0,646,infection,62
37.74364009089812,343,42,131,484,0,0,0,647,infection,842
37.74866669924726,343,41,132,484,0,0,0,647,infectious,440
37.75127418941521,343,41,131,485,0,0,0,647,recovery,859
37.7592943171606,343,41,130,486,0,0,0,647,recovery,405
37.76908737143831,342,42,130,486,0,0,0,648,infection,388
37.77687870052037,342,42,129,487,0,0,0,648,recovery,263
37.7987895401715,342,42,128,488,0,0,0,648,recovery,846
37.81126958096189,342,41,129,488,0,0,0,648,infectious,136
37.832121256527245,342,41,128,489,0,0,0,648,recovery,811
37.85239451081975,342,41,127,490,0,0,0,648,recovery,839
37.853885803272334,341,42,127,490,0,0,0,649,infection,360
37.864715238013474,341,41,128,490,0,0,0,649,infectious,190
37.91100871768313,340,42,128,490,0,0,0,650,infection,224
37.929972398214986,340,42,127,491,0,0,0,650,recovery,974
37.936131116827525,339,43,127,491,0,0,0,651,infection,326
37.95836838117617,339,43,126,492,0,0,0,651,recovery,512
37.965053435542366,339,42,127,492,0,0,0,651,infectious,77
37.98464263276315,338,43,127,492,0,0,0,652,infection,691
38.04706654720498,338,43,126,493,0,0,0,652,recovery,923
38.062796270635666,338,42,127,493,0,0,0,652,infectious,586
38.06566361336058,338,42,126,494,0,0,0,652,recovery,89
38.07040683863116,338,41,127,494,0,0,0,652,infectious,711
38.07190695173397,337,42,127,494,0,0,0,653,infection,829
38.096175186713616,336,43,127,494,0,0,0,654,infection,329
38.0997917455155,336,43,126,495,0,0,0,654,recovery,440
38.111332024403396,335,44,126,495,0,0,0,655,infection,80
38.11682536602475,334,45,126,495,0,0,0,656,infection,86
38.126160989888525,333,46,126,495,0,0,0,657,infection,946
38.14027113279971,333,46,125,496,0,0,0,657,recovery,958
38.14038784703247,333,46,124,497,0,0,0,657,recovery,443
38.1600797424413,333,45,125,497,0,0,0,657,infectious,257
38.165999883154626,333,44,126,497,0,0,0,657,infectious,137
38.178137871255416,333,43,127,497,0,0,0,657,infectious,760
38.1928387151097,333,43,126,498,0,0,0,657,recovery,973
38.21186677084944,333,43,125,499,0,0,0,657,recovery,351
38.21353684505148,332,44,125,499,0,0,0,658,infection,449
38.21777407507889,332,43,126,499,0,0,0,658,infectious,509
38.218792711911604,331,44,126,499,0,0,0,659,infection,166
38.223627264230124,331,44,125,500,0,0,0,659,recovery,169
38.22926845812012,331,44,124,501,0,0,0,659,recovery,653
38.2381661854519,331,43,125,501,0,0,0,659,infectious,638
38.245613079181304,330,44,125,501,0,0,0,660,infection,756
38.25115872589351,330,44,124,502,0,0,0,660,recovery,302
38.26274888697057,330,44,123,503,0,0,0,660,recovery,278
38.26745427302718,330,44,122,504,0,0,0,660,recovery,190
38.27765418576098,330,44,121,505,0,0,0,660,recovery,967
38.29801150959597,330,43,122,505,0,0,0,660,infectious,904
38.302192493393,329,44,122,505,0,0,0,661,infection,927
38.328446389387985,329,44,121,506,0,0,0,661,recovery,638
38.362521093090315,329,44,120,507,0,0,0,661,recovery,452
38.36400198838473,328,45,120,507,0,0,0,662,infection,107
38.387726711103035,328,44,121,507,0,0,0,662,infectious,335
38.40530048536695,328,43,122,507,0,0,0,662,infectious,109
38.411620748699775,328,42,123,507,0,0,0,662,infectious,107
38.41306856528511,328,42,122,508,0,0,0,662,recovery,411
38.42031213253048,328,42,121,509,0,0,0,662,recovery,187
38.42194070201343,328,42,120,510,0,0,0,662,recovery,588
38.43790461240036,328,41,121,510,0,0,0,662,infectious,303
38.45980924486731,327,42,121,510,0,0,0,663,infection,487
38.46225378514858,326,43,121,510,0,0,0,664,infection,128
38.48583103653603,326,42,122,510,0,0,0,664,infectious,674
38.49601354149426,326,41,123,510,0,0,0,664,infectious,7
38.49625468077981,326,41,122,511,0,0,0,664,recovery,782
38.52535910002184,325,42,122,511,0,0,0,665,infection,488
38.535434010755345,325,41,123,511,0,0,0,665,infectious,927
38.54679812634437,325,40,124,511,0,0,0,665,infectious,374
38.54685162326939,325,39,125,511,0,0,0,665,infectious,658
38.54852645030188,325,39,124,512,0,0,0,665,recovery,421
38.56016534507679,325,39,123,513,0,0,0,665,recovery,681
38.57659697484731,325,39,122,514,0,0,0,665,recovery,308
38.594833797749175,324,40,122,514,0,0,0,666,infection,743
38.60452924880965,323,41,122,514,0,0,0,667,infection,222
38.61018415763117,322,42,122,514,0,0,0,668,infection,694
38.6736526207619,322,42,121,515,0,0,0,668,recovery,879
38.695113936976796,322,42,120,516,0,0,0,668,recovery,288
38.70309553272612,322,41,121,516,0,0,0,668,infectious,287
38.710403499719426,322,40,122,516,0,0,0,668,infectious,488
38.71559127782474,321,41,122,516,0,0,0,669,infection,724
38.71613077963528,321,41,121,517,0,0,0,669,recovery,713
38.74037609617406,321,40,122,517,0,0,0,669,infectious,691
38.75943149680189,321,40,121,518,0,0,0,669,recovery,37
38.788812861299455,321,39,122,518,0,0,0,669,infectious,211
38.804887598102205,321,39,121,519,0,0,0,669,recovery,617
38.81074807063503,321,39,120,520,0,0,0,669,recovery,760
38.817935647089385,321,38,121,520,0,0,0,669,infectious,86
38.849072822564295,320,39,121,520,0,0,0,670,infection,148
38.850824612601144,320,38,122,520,0,0,0,670,infectious,181
38.85258408110489,320,38,121,521,0,0,0,670,recovery,488
38.86151655319518,320,38,120,522,0,0,0,670,recovery,902
38.8650749605637,320,38,119,523,0,0,0,670,recovery,157
38.88845034697343,320,38,118,524,0,0,0,670,recovery,287
38.901153254047905,320,38,117,525,0,0,0,670,recovery,42
38.90125912314882,320,37,118,525,0,0,0,670,infectious,694
38.90879186165141,320,36,119,525,0,0,0,670,infectious,773
38.910134169163136,320,35,120,525,0,0,0,670,infectious,360
38.914316661055025,320,35,119,526,0,0,0,670,recovery,181
38.92391265944089,319,36,119,526,0,0,0,671,infection,945
38.927504771864626,319,35,120,526,0,0,0,671,infectious,224
38.98132856367359,318,36,120,526,0,0,0,672,infection,180
38.98213674140719,318,36,119,527,0,0,0,672,recovery,779
38.987495379497545,317,37,119,527,0,0,0,673,infection,786
39.012115781108996,317,37,118,528,0,0,0,673,recovery,941
39.034004874562505,317,36,119,528,0,0,0,673,infectious,329
39.050006170856854,317,35,120,528,0,0,0,673,infectious,326
39.07059174675329,317,35,119,529,0,0,0,673,recovery,927
39.070861851120036,317,35,118,530,0,0,0,673,recovery,374
39.08548371710288,316,36,118,530,0,0,0,674,infection,952
39.105663048893554,316,35,119,530,0,0,0,674,infectious,487
39.119750003813294,316,34,120,530,0,0,0,674,infectious,388
39.14057433519818,315,35,120,530,0,0,0,675,infection,650
39.152226901969925,315,35,119,531,0,0,0,675,recovery,336
39.15527471934548,315,34,120,531,0,0,0,675,infectious,237
39.17482824945895,315,34,119,532,0,0,0,675,recovery,136
39.178449024621976,315,33,120,532,0,0,0,675,infectious,842
39.223641851813724,315,32,121,532,0,0,0,675,infectious,80
39.298145222063695,315,31,122,532,0,0,0,675,infectious,535
39.31499661130224,315,31,121,533,0,0,0,675,recovery,317
39.32590172000625,314,32,121,533,0,0,0,676,infection,204
39.33443048401295,314,32,120,534,0,0,0,676,recovery,477
39.33706591964328,314,32,119,535,0,0,0,676,recovery,379
39.354301054671815,313,33,119,535,0,0,0,677,infection,766
39.36309493613952,313,33,118,536,0,0,0,677,recovery,86
39.3652347928095,313,33,117,537,0,0,0,677,recovery,842
39.38531487344139,312,34,117,537,0,0,0,678,infection,251
39.38629680348301,312,33,118,537,0,0,0,678,infectious,735
39.39816797282512,312,32,119,537,0,0,0,678,infectious,148
39.411182672802866,312,32,118,538,0,0,0,678,recovery,326
39.439590164839416,312,31,119,538,0,0,0,678,infectious,766
39.44843505887165,312,30,120,538,0,0,0,678,infectious,449
39.44849443148849,312,29,121,538,0,0,0,678,infectious,756
39.47513939069658,312,29,120,539,0,0,0,678,recovery,527
39.492220238554545,311,30,120,539,0,0,0,679,infection,898
39.49910998306583,311,30,119,540,0,0,0,679,recovery,665
39.536199498275934,311,29,120,540,0,0,0,679,infectious,180
39.537600165584564,310,30,120,540,0,0,0,680,infection,253
39.54277647814791,310,30,119,541,0,0,0,680,recovery,468
39.558724320577646,309,31,119,541,0,0,0,681,infection,464
39.58165036855124,309,31,118,542,0,0,0,681,recovery,107
39.612484291009665,309,31,117,543,0,0,0,681,recovery,337
39.61270456531065,308,32,117,543,0,0,0,682,infection,976
39.613238117202684,308,32,116,544,0,0,0,682,recovery,878
39.62907993392112,308,31,117,544,0,0,0,682,infectious,222
39.64186067551339,308,31,116,545,0,0,0,682,recovery,180
39.6446924471703,308,30,117,545,0,0,0,682,infectious,62
39.651014636499966,308,30,116,546,0,0,0,682,recovery,80
39.654228918486545,308,30,115,547,0,0,0,682,recovery,224
39.67879014428661,308,30,114,548,0,0,0,682,recovery,490
39.68358593955746,307,31,114,548,0,0,0,683,infection,9
39.69725985486279,307,30,115,548,0,0,0,683,infectious,743
39.71191969880487,307,29,116,548,0,0,0,683,infectious,724
39.71332834384957,306,30,116,548,0,0,0,684,infection,74
39.71379306346083,305,31,116,548,0,0,0,685,infection,49
39.744121853848064,305,31,115,549,0,0,0,685,recovery,751
39.75338566266603,305,30,116,549,0,0,0,685,infectious,250
39.770537101147795,304,31,116,549,0,0,0,686,infection,478
39.77358692712356,304,30,117,549,0,0,0,686,infectious,560
39.791404981016996,304,30,116,550,0,0,0,686,recovery,709
39.80860009652369,303,31,116,550,0,0,0,687,infection,199
39.82311314712961,303,31,115,551,0,0,0,687,recovery,455
39.8257535380159,303,30,116,551,0,0,0,687,infectious,548
39.83455451430873,303,29,117,551,0,0,0,687,infectious,339
39.849419565366084,303,29,116,552,0,0,0,687,recovery,438
39.85684979501973,303,29,115,553,0,0,0,687,recovery,801
39.8615675399366,302,30,115,553,0,0,0,688,infection,877
39.87060003616513,302,30,114,554,0,0,0,688,recovery,852
39.88773682084023,302,30,113,555,0,0,0,688,recovery,773
39.91738579290704,302,29,114,555,0,0,0,688,infectious,498
39.95291504331407,302,28,115,555,0,0,0,688,infectious,877
40.0,302,28,115,555,0,0,0,688,horizon,0
